system_id,auroc,bacc,is_homodimer
8iyi__A1_Q6CVU4--8iyi__B1_Q6CVU4,0.9728028489417706,0.5,True
1uus__A1_O00910--1uus__A2_O00910,0.9293649783472586,0.5,True
1zt2__A1_Q97Z83--1zt2__C1_Q9UWW1,0.9777825726319582,0.5,False
7uex__A1_Q9H999--7uex__A2_Q9H999,0.9686506957314671,0.5,True
6jqy__A1_P9WF13--6jqy__B1_P9WF13,0.9208697234352256,0.525,True
6l6w__A1_A0A3B6UEU3--6l6w__A2_A0A3B6UEU3,0.9967253978913659,0.5,True
8h56__A1_Q8BB16--8h56__B1_Q8BB16,0.9199031457366662,0.5,True
8grj__B1_Q8GQE7--8grj__A1_A0A0H3KLY3,0.9532888071253728,0.5,False
2j0n__B1_P18013--2j0n__A1_P18013,0.8131890859759733,0.5,True
3rq1__A1_D1BN29--3rq1__C1_D1BN29,0.9495705856869912,0.5,True
5djt__A1_O49004--5djt__B1_UNDEFINED,0.9469849311848737,0.5,False
5ae6__B1_Q92458--5ae6__A1_Q92458,0.9150954884595246,0.5,True
3v1e__A1_UNDEFINED--3v1e__B1_UNDEFINED,0.8353947368421053,0.5,True
7qi3__A1_W7NDP8--7qi3__C1_W7NDP8,0.950571851135323,0.5,True
2yve__A1_Q8NMG3--2yve__B1_Q8NMG3,0.9344467763769546,0.5,True
5ynx__A1_B2GM84--5ynx__B1_B2GM84,0.9446130486465508,0.5,True
2r6u__A1_Q0S814--2r6u__C1_Q0S814,0.8281214389985629,0.5,True
8b6m__A1_Q9H2K2--8b6m__B1_Q9H2K2,0.7653741899504135,0.5,True
3kc2__A1_P36151--3kc2__B1_P36151,0.984399487274766,0.5,True
3vp5__A1_Q9CHR1--3vp5__A2_Q9CHR1,0.9469523413616963,0.5,True
7pvh__A1_B2RLE7--7pvh__B1_B2RLE7,0.8590708160484417,0.5,True
4nqf__B2_Q7CW19--4nqf__A1_Q7CW19,0.9358794754808658,0.5,True
1vjh__A1_P0C0B0--1vjh__B1_P0C0B0,0.9004200511067393,0.5,True
5xw4__B1_Q00684--5xw4__A1_Q00684,0.8746431659837072,0.5,True
8aai__A1_O00560--8aai__C1_O00560,0.7518536920960097,0.5,True
4xdl__A1_P57789--4xdl__B1_P57789,0.8208635828145302,0.5,True
6ukl__A1_P0A901--6ukl__F1_P0A901,0.8178591489020248,0.5,True
5dot__A1_P31327--5dot__B1_P31327,0.8800780251320087,0.5,True
5by4__A1_P0ABV6--5by4__A2_P0ABV6,0.9694157526061898,0.5,True
7zxs__A1_Q86TI2--7zxs__C1_Q86TI2,0.9684159101965016,0.5,True
1v6u__A1_Q7SI98--1v6u__B1_Q7SI98,0.8610098347076172,0.5,True
6e27__A1_Q9H257--6e27__B1_Q9H257,0.7765275439540413,0.5,True
7szd__A1_Q96S44--7szd__B1_Q9Y3C4,0.9557328097517078,0.5,False
1h9r__A1_P0A9G8--1h9r__B1_P0A9G8,0.8705584904951504,0.5,True
3on6__A1_A7M0J6--3on6__B1_A7M0J6,0.9613100109750088,0.5,True
8fwy__A1_Q4DGA2--8fwy__B1_Q4DGA2,0.9298349438566185,0.5,True
1yu6__A1_P00780--1yu6__C1_P68390,0.9641080568252431,0.5,False
6ek1__A1_A0A452CST7--6ek1__A2_A0A452CST7,0.9764672948130952,0.5,True
6ckj__A1_P0A0Z8--6ckj__A2_P0A0Z8,0.9694463683035959,0.5,True
7yj0__B1_UNDEFINED--7yj0__A1_UNDEFINED,0.9473199857607255,0.5,True
1w33__A1_O50957--1w33__B1_O50957,0.9774781620235005,0.5,True
4usk__B1_H7C745--4usk__B2_H7C745,0.9324988377728762,0.5,True
6cmv__B1_Q4J9G1--6cmv__A1_Q4J9G1,0.9801294621543679,0.5,True
7y70__A1_F4KCC2--7y70__A2_F4KCC2,0.8586720005788743,0.5,True
3cwx__A1_P94837--3cwx__B1_P94837,0.969302247393561,0.5,True
3p1y__A1_O29362--3p1y__B1_O29362,0.9168794941619189,0.5,True
8a8i__A1_Q9R9V9--8a8i__B1_Q9R9V9,0.9903119970629307,0.5,True
5d1l__A1_P62837--5d1l__B1_Q96BH1,0.7755112062192449,0.5,False
8bcs__A1_UNDEFINED--8bcs__A2_UNDEFINED,0.9165266275766184,0.5,True
8og3__A1_P38489--8og3__B1_P38489,0.9522647799596601,0.5,True
3c07__A1_Q9KZ96--3c07__B1_Q9KZ96,0.9519487268933731,0.5,True
3iqy__A1_P28366--3iqy__A2_P28366,0.9580981179446537,0.5,True
4afi__A1_P70280--4afi__B1_P70280,0.9224626699775665,0.5,True
7e76__A1_A0A3B6LNA8--7e76__B1_A0A3B6LNA8,0.8822141839086994,0.5,True
3cqc__A1_P57740--3cqc__B1_Q8WUM0,0.9720238160132572,0.5,False
7x1k__A1_Q6DL91--7x1k__B1_Q6DL91,0.9150391563814919,0.5,True
6ydr__A1_A0A3S8UVN5--6ydr__A2_A0A3S8UVN5,0.8712265105268864,0.5,True
8egw__B1_Q6V0I7--8egw__A1_Q96JQ0,0.9027489709307892,0.5,False
8sgd__A1_P25342--8sgd__B1_P32457,0.8684545535959652,0.5,False
3ecf__A1_Q3M5E4--3ecf__B1_Q3M5E4,0.9362037526888363,0.5,True
6j94__A1_Q93VK5--6j94__B1_Q93VK5,0.9719501154689082,0.5,True
7xsh__A1_K1KV82--7xsh__B2_K1KV82,0.9783900563989152,0.5,True
7fct__B1_A0A4Y1LJC5--7fct__A1_A0A4Y1LJC5,0.9156326478923477,0.5,True
8v14__A1_G5EEF9--8v14__B1_G5EEF9,0.9287949236298294,0.5,True
6r76__A1_H3ZMH8--6r76__B1_H3ZMH8,0.9599218102697893,0.5,True
8ap0__A1_A0A5S9CYM0--8ap0__A2_A0A5S9CYM0,0.9858659237092835,0.5,True
5j10__A1_UNDEFINED--5j10__B1_UNDEFINED,0.9245502465090535,0.5,True
3qph__A1_Q9HGZ9--3qph__A2_Q9HGZ9,0.9055118959978584,0.5,True
3o6j__A1_O67987--3o6j__B1_O67987,0.9748548822455816,0.5,True
6o6z__A1_B6YWC3--6o6z__B1_B6YWC3,0.943887343397056,0.5,True
7edp__B1_Q5JT35--7edp__A1_Q8TEK3,0.8522478070175439,0.5,False
3fil__A1_P19909--3fil__B1_P19909,0.9791819492575822,0.5128205128205128,True
6do2__A1_P11021--6do2__B1_P11021,0.9986489295839645,0.5,True
7f4q__B1_Q22GC0--7f4q__A1_I7M8B9,0.8887178698396171,0.5,False
4hfg__A1_Q9NQG5--4hfg__B1_Q9NQG5,0.9327989229758541,0.5,True
7yh2__A1_A0A1Q9P883--7yh2__B1_A0A1Q9P883,0.9903921813703906,0.5,True
3axs__A1_O67010--3axs__A2_O67010,0.9549899000630095,0.5,True
3cqr__A1_Q39249--3cqr__B1_Q39249,0.9150913836554362,0.5,True
3s8k__A1_P80691--3s8k__B1_P80691,0.9473515321147391,0.5,True
4oun__A1_O31418--4oun__A2_O31418,0.9603140158740364,0.5,True
2iab__A1_Q825J7--2iab__B1_Q825J7,0.8988349054427373,0.5,True
3o3n__A1_Q5U924--3o3n__B1_Q5U923,0.9421622458037475,0.5,False
6f3z__A1_P0ADC3--6f3z__B1_P61316,0.969260628010932,0.5,False
1hr7__A1_P11914--1hr7__B1_P10507,0.955846911762239,0.5,False
8gko__B1_P28296--8gko__A1_P28296,0.9612275115584429,0.5,True
2gkv__A1_P00777--2gkv__B1_P68390,0.9541909220285879,0.5,False
8stx__A1_Q4E4E1--8stx__B1_Q4E4E1,0.9767119312216548,0.5,True
4m36__A1_Q582G4--4m36__A2_Q582G4,0.9501033635156799,0.5,True
5wpu__A1_A0A076NBW8--5wpu__A2_A0A076NBW8,0.8928496671684785,0.5,True
5yps__A1_A0A0W4ZF97--5yps__B1_A0A0W4ZF97,0.9433135046196685,0.5,True
5oge__E1_P40107--5oge__A1_P40107,0.9417762148012461,0.5,True
5fey__B1_Q13049--5fey__A1_Q13049,0.9026911716442403,0.5220588235294118,True
8hce__B1_Q91XB0--8hce__A1_Q91XB0,0.9282487326030748,0.5,True
1ggp__B1_Q7SIF1--1ggp__A1_Q7SIF0,0.9205797336320227,0.5,False
5z50__A1_O05926--5z50__B1_O05926,0.9439193378240909,0.5,True
6eyy__A1_A0A1S5PRR0--6eyy__B1_A0A1S5PRR0,0.8520146809656243,0.5,True
7t9u__A1_Q86WV6--7t9u__A2_Q86WV6,0.9681694163833763,0.5,True
6ey4__A1_Q5EGM3--6ey4__A2_Q5EGM3,0.9098564422202509,0.5,True
2hvg__A1_A5KBL5--2hvg__B1_A5KBL5,0.9231486599651784,0.5,True
6wp7__A1_Q82H41--6wp7__B1_Q82H41,0.9373568538539727,0.5,True
7dnu__A1_P32092--7dnu__A2_P32092,0.8003343702435577,0.5,True
3w8i__A1_Q9BUL8--3w8i__B1_Q9P289,0.9250110152507924,0.4999182739457339,False
4oky__A1_Q52612--4oky__A2_Q52612,0.9320465007813173,0.5,True
7t63__B1_UNDEFINED--7t63__A1_UNDEFINED,0.8786200077203794,0.5,True
7x20__A1_P54708--7x20__B1_P07340,0.9408772032426377,0.5,False
3hnw__A1_D0VWZ2--3hnw__B1_D0VWZ2,0.9350308081092472,0.5,True
8r37__A1_A0A086IRG1--8r37__B1_A0A086IRG1,0.8596558990392569,0.5,True
7zm5__A1_Q6WGM0--7zm5__B1_Q6WGM0,0.9739372711618705,0.5,True
2z7j__A1_P25220--2z7j__A2_P25220,0.5551487544079978,0.5,True
1rqg__A1_Q9V011--1rqg__A2_Q9V011,0.8578880530028812,0.5,True
8brl__A1_F7J213--8brl__A2_F7J213,0.9572777862052997,0.5,True
6noi__A1_UNDEFINED--6noi__B1_UNDEFINED,0.9175319330978383,0.5,True
7qiu__A1_P94538--7qiu__B1_P94538,0.9876398278045504,0.5,True
6sjs__A1_B8FUR2--6sjs__B1_B8FUR2,0.9865392886416455,0.5,True
8hlg__A1_Q9RR88--8hlg__B1_Q9RR88,0.871706837186424,0.5,True
6mpc__A1_B3DQP5--6mpc__B1_B3DQP5,0.9879473613228692,0.5,True
4uae__A1_O00629--4uae__B1_P31345,0.9056937021297983,0.5,False
7pcr__A1_P56185--7pcr__A2_P56185,0.9134701034737341,0.5,True
3bvq__B1_Q2I6W2--3bvq__A1_Q2I6W2,0.9692461091103297,0.5,True
7a67__B1_UNDEFINED--7a67__A1_Q9V1Z9,0.9199123716333045,0.5067740931638746,False
6bsu__A1_Q9LZJ3--6bsu__B1_Q9LZJ3,0.9246649230621927,0.5,True
4e5u__B1_Q9HZN8--4e5u__A1_Q9HZN8,0.9764743291175523,0.5,True
8a52__A1_P23222--8a52__B1_P23222,0.9379075157148896,0.5,True
1d0v__A1_Q05603--1d0v__A2_Q05603,0.9820509803762012,0.5,True
3gwq__A1_Q145Q0--3gwq__B1_Q145Q0,0.8735057660835824,0.5,True
1yhc__A1_O67648--1yhc__B1_O67648,0.9496018373573721,0.5,True
7lxs__A1_Q8ZMZ2--7lxs__C1_Q8ZMZ2,0.9573700206230327,0.5,True
6w08__B1_Q9KL63--6w08__A1_Q9KL63,0.948154536090035,0.5,True
7wrm__A1_D0IVL9--7wrm__B1_D0IVL9,0.9453985630761547,0.5,True
2yww__B1_Q58801--2yww__A1_Q58801,0.9846044462247147,0.5,True
3lm6__A1_P40869--3lm6__B1_P40869,0.9696601407232652,0.5,True
7trw__A1_A0A380PDL3--7trw__A2_A0A380PDL3,0.8678263492323604,0.5,True
8syc__A1_Q13370--8syc__B1_Q13370,0.8881722939044625,0.5,True
1gk6__A1_P03069--1gk6__B1_P03069,0.9245018528938127,0.5,True
1reo__A1_Q6STF1--1reo__A2_Q6STF1,0.9659902323539604,0.5,True
6s3b__A1_Q88JK6--6s3b__B1_Q88JK6,0.9646562250010526,0.5,True
7tl5__A1_A0A3F3B310--7tl5__B1_A0A3F3B310,0.9252918912221849,0.5,True
2asf__A1_P9WLL7--2asf__A2_P9WLL7,0.9270331050690871,0.5,True
8ilj__A1_A0A242MJ43--8ilj__B1_A0A242MJ43,0.981154552943413,0.5,True
8ezg__A1_P01116--8ezg__B1_UNDEFINED,0.932413066654983,0.5,False
7uh4__A1_UNDEFINED--7uh4__B1_UNDEFINED,0.9326815720426506,0.5,True
4usc__A1_A0A0A0Y4H8--4usc__B1_A0A0A0Y4H8,0.9834200936496205,0.5,True
5yp3__A1_Q6F3I7--5yp3__B1_Q6F3I7,0.9884439714362406,0.5,True
8aid__A1_Q9HWJ8--8aid__B1_Q9HWJ8,0.9703452210389747,0.5,True
7yp6__B1_E5L4T5--7yp6__A1_E5L4T5,0.8496309860589719,0.5,True
4aql__A1_Q9Y2T3--4aql__A2_Q9Y2T3,0.9794197630212921,0.5,True
3idf__A1_O34252--3idf__B1_O34252,0.9167156334231806,0.5,True
8fjr__A1_D1A807--8fjr__B1_D1A807,0.9022834077785562,0.5,True
7z56__B1_F0NGX6--7z56__A1_F0NGX6,0.9916453905072441,0.5,True
7olf__A1_A9CEY7--7olf__B1_A9CEY7,0.9455649587976737,0.5,True
6ikj__A1_Q9I4L6--6ikj__B1_Q9I4L6,0.704377421140011,0.5,True
8b2q__A1_D0EM77--8b2q__B1_G8UM88,0.9735173929648436,0.5,False
5x42__A1_Q5ZYB7--5x42__B1_Q5ZYC6,0.9551411456383376,0.5,False
1vkh__A1_Q04066--1vkh__B1_Q04066,0.9317215675731452,0.5,True
5omd__A1_Q04377--5omd__A2_Q04377,0.7579281183932346,0.5,True
2vsg__A1_P26329--2vsg__B1_P26329,0.9503952804568659,0.5,True
1jql__A1_P0A988--1jql__B1_P28630,0.9814610364233235,0.5,False
1w9c__A1_O14980--1w9c__B1_O14980,0.9944612832668447,0.5,True
7n35__A1_UNDEFINED--7n35__B2_UNDEFINED,0.9380153576582148,0.5,True
3upl__A1_Q2YIM3--3upl__B1_Q2YIM3,0.9744083419666871,0.5,True
3tm2__A1_Q83XN4--3tm2__B1_Q83XN4,0.9187886548020889,0.5,True
3kxa__A1_Q5F9C2--3kxa__B1_Q5F9C2,0.8601186303215252,0.5,True
7yls__B1_C5CSP6--7yls__A1_C5CSP7,0.9032158134093634,0.5,False
7psg__A1_Q6D515--7psg__B1_Q6D515,0.9715490812953662,0.5,True
8pte__A1_P00698--8pte__A2_P00698,0.8876924208091868,0.5,True
7ytu__B1_P68623--7ytu__A1_P68458,0.9011990463318,0.5,False
7ykc__A1_P14843--7ykc__B1_P14843,0.9438483385212972,0.5,True
3wxe__A1_E7FEV5--3wxe__B1_P0CG48,0.9169559198823978,0.5,False
7zr3__A1_A0A8E4HNI8--7zr3__B1_A0A8E4HNI8,0.9634499321299257,0.5,True
2vjf__A1_Q00987--2vjf__B1_O15151,0.8878979223284832,0.49987280590180616,False
7pvo__A1_P56137--7pvo__A2_P56137,0.9550341343272026,0.5,True
3kkd__A1_Q9HXU1--3kkd__A2_Q9HXU1,0.9311571951138359,0.5,True
3mph__A1_P19801--3mph__B1_P19801,0.902855612179835,0.5,True
6jc4__A1_A6TE44--6jc4__D1_A6TE44,0.8972046724734627,0.5,True
2rf4__A1_P46669--2rf4__B1_P50106,0.8776560323916512,0.5,False
4huz__A1_Q9ZBB0--4huz__A2_Q9ZBB0,0.8644339819998839,0.5,True
5gtj__B1_Q9BV47--5gtj__A1_Q9BV47,0.9734253255098368,0.5,True
2xw7__A1_A0QP85--2xw7__B1_A0QP85,0.9415363688161006,0.5,True
6l6h__A1_Q5ZZ22--6l6h__B1_Q5ZZ22,0.9488851776660071,0.5,True
8p7m__A1_P0A434--8p7m__A2_P0A434,0.9777133213345098,0.5,True
6dm9__A1_UNDEFINED--6dm9__B1_UNDEFINED,0.88534008471688,0.5,True
6gou__A2_P97275--6gou__C1_P97275,0.9376597083856674,0.5,True
2wwo__A1_Q66ED7--2wwo__B1_Q66ED7,0.9670298335452138,0.5,True
8i3n__A1_Q12178--8i3n__C1_Q12178,0.9645568060461677,0.5,True
1s7i__A1_Q9I3Z5--1s7i__A2_Q9I3Z5,0.8672221316021271,0.5,True
3szw__A1_B7JBP8--3szw__A2_B7JBP8,0.9943445872877158,0.5,True
5x7r__A1_A0A193PKW5--5x7r__B1_A0A193PKW5,0.8953523893770716,0.5,True
2nys__A1_Q8U561--2nys__B1_Q8U561,0.9568475310000734,0.5,True
3gr5__A1_O52135--3gr5__A2_O52135,0.8456700851770913,0.5,True
3ded__A1_Q7P1I2--3ded__B1_Q7P1I2,0.8184677140565267,0.5,True
5b5x__A1_Q75NZ1--5b5x__A2_Q75NZ1,0.8488578830228349,0.5,True
7qga__A1_P21589--7qga__A2_P21589,0.99065034295459,0.5,True
3sd2__A1_Q8A1T7--3sd2__A2_Q8A1T7,0.8707995578481944,0.5,True
8ow9__A1_G8UQH9--8ow9__B1_G8UQH9,0.960506771301445,0.5,True
3bcw__B1_A0A0H3LK92--3bcw__A1_A0A0H3LK92,0.937848406161646,0.5,True
6duy__A1_Q61301--6duy__B2_Q61301,0.9316638641203532,0.5,True
5zyf__A1_Q99ZW0--5zyf__B1_Q99ZW0,0.8681906784955641,0.5,True
1mml__A1_P03355--1mml__A2_P03355,0.9115477389408394,0.5,True
2b7o__A1_O53512--2b7o__B1_O53512,0.9168802549498237,0.5,True
1v57__A1_P77202--1v57__A2_P77202,0.9837324111400233,0.5,True
2hsa__B1_Q9FEW9--2hsa__A1_Q9FEW9,0.9857936014106297,0.5,True
4tsd__A1_O25673--4tsd__B1_O25673,0.9724280891468925,0.5,True
7qh0__B1_P48499--7qh0__A1_P48499,0.9684225896191858,0.5,True
1ayf__B1_P00257--1ayf__A1_P00257,0.9325292827726372,0.5,True
3neu__A1_Q92AT3--3neu__A2_Q92AT3,0.9344517884773573,0.5,True
8f9x__A1_Q5LVE1--8f9x__B1_Q5LVE1,0.9605773516241054,0.5,True
6ne2__A1_UNDEFINED--6ne2__B1_O75084,0.9443504381793517,0.5,False
2b4h__A1_P12473--2b4h__B1_P12473,0.8943717013959238,0.5,True
3pui__A1_Q9L9D7--3pui__A2_Q9L9D7,0.9516952194695447,0.5,True
1myl__A1_P03050--1myl__B1_P03050,0.8427662872107318,0.5,True
1rqi__A1_P22939--1rqi__B1_P22939,0.9861950358037728,0.5,True
3x1b__A1_UNDEFINED--3x1b__B1_UNDEFINED,0.9752693124742505,0.5,True
6pya__A1_P04278--6pya__A2_P04278,0.943296498418665,0.5,True
1r27__A1_P09152--1r27__B1_P11349,0.9191871725018067,0.5,False
7zuv__A1_A0A2K3DY10--7zuv__D2_A0A2K3DY10,0.873241899573368,0.5,True
2aho__A1_Q980A5--2aho__B1_Q97Z79,0.9311706068519812,0.5,False
6mni__A1_A0A2V0QX35--6mni__B1_A0A2V0QX35,0.983597239247455,0.5,True
4kif__B1_Q643C8--4kif__A1_Q643C8,0.9751728457302951,0.5,True
7vyu__A1_A0A022MLV4--7vyu__B1_A0A022MLV4,0.9233007953817952,0.5,True
7vmv__B1_Q5I3B6--7vmv__A1_Q58HT7,0.730237463540036,0.5,False
3g23__A1_Q2G8F3--3g23__B1_Q2G8F3,0.9725161469479994,0.5,True
3ui3__A1_O05728--3ui3__B1_O05728,0.9500601075794048,0.5,True
8ohy__A1_Q556V8--8ohy__A2_Q556V8,0.9734902094298528,0.5,True
5zgo__A1_Q5SHW6--5zgo__B1_Q5SHW6,0.9109821654439665,0.5,True
5uph__B1_Q14108--5uph__A1_Q14108,0.9746258647983115,0.5,True
6u3w__A1_P53622--6u3w__B1_P40509,0.9512080967907398,0.5,False
2gsv__B1_P71066--2gsv__A1_P71066,0.8247866610708915,0.5,True
7yh1__A1_A0A5B9DB95--7yh1__B1_A0A5B9DB95,0.953786251789698,0.49996254120467487,True
6c6r__A1_Q14534--6c6r__B1_Q14534,0.9972184709845876,0.5,True
6p4o__B1_Q970I1--6p4o__A1_Q970I2,0.9629538883685906,0.5,False
8i8y__B1_UNDEFINED--8i8y__A1_UNDEFINED,0.5902648012393592,0.5,True
2oys__A1_A0A0H2URW2--2oys__B1_A0A0H2URW2,0.9422148632626484,0.5,True
8i85__A1_D2B3F1--8i85__B1_D2B3F1,0.8455669562999726,0.5,True
2b0a__A1_Q58193--2b0a__A2_Q58193,0.9616000048760305,0.5,True
3ayh__B1_O94285--3ayh__A1_Q9C0Z9,0.8604664252858217,0.5,False
7yji__A1_UNDEFINED--7yji__A2_UNDEFINED,0.9932964597391805,0.5,True
2g38__B1_Q79FE1--2g38__A1_Q7D756,0.8835447245499554,0.5,False
2z6k__A1_P15927--2z6k__C1_P35244,0.8805617147080562,0.5,False
3p8b__B1_Q8TZK1--3p8b__A1_Q8U440,0.8767990327096857,0.5,False
6z68__A1_A0A1M6Y2K1--6z68__B1_A0A1M6Y2K1,0.8699704420423009,0.5,True
5yz5__A1_Q16555--5yz5__A2_Q16555,0.9492071379281638,0.5,True
6dk9__A1_A7A1Y4--6dk9__A2_A7A1Y4,0.9551628742286162,0.5,True
6fls__A1_UNDEFINED--6fls__B1_UNDEFINED,0.9837006209861379,0.5,True
2p19__A1_Q8NTZ4--2p19__C1_Q8NTZ4,0.9310478489858705,0.5,True
8ai1__B1_Q45595--8ai1__A1_Q45595,0.9630740396471592,0.5,True
7px0__B1_Q9VF53--7px0__A1_Q9VF53,0.9644679721651156,0.5,True
4cmz__B1_Q9BXM0--4cmz__A1_Q9BXM0,0.8383324085383611,0.5017301038062284,True
8gyz__B1_Q93ZE2--8gyz__A1_Q93ZE2,0.969634733989725,0.5,True
5j1l__B1_O26069--5j1l__A1_O26068,0.9576362880284786,0.5,False
7ubk__B1_P03047--7ubk__A1_P03047,0.8103791614877778,0.5,True
6j26__A1_Q5JIZ3--6j26__B1_Q5JIZ3,0.9459219652250144,0.5,True
8ic1__A1_UNDEFINED--8ic1__B1_UNDEFINED,0.8798459602218273,0.5,True
6jqv__A1_Q8LC68--6jqv__B1_Q8LC68,0.9584487615065191,0.5,True
2ns9__A1_Q9Y9R3--2ns9__B1_Q9Y9R3,0.9797057478216898,0.5,True
5l8s__A1_E1VFE0--5l8s__C1_E1VFE0,0.9719305617539234,0.5,True
6zrw__A1_B3VS76--6zrw__B1_B3VS76,0.9401952695269525,0.5,True
5fcn__B1_Q66GS9--5fcn__A1_Q66GS9,0.921423454768727,0.5,True
7vl1__A1_I0AIT9--7vl1__B1_I0AIT9,0.976566653324033,0.5,True
2rek__B2_Q9ADD9--2rek__A1_Q9ADD9,0.9840615001333155,0.5,True
2zrt__A1_O75340--2zrt__B1_O75340,0.942996872098243,0.5,True
8h3t__A1_UNDEFINED--8h3t__B1_UNDEFINED,0.9556758528606502,0.5,True
2f1m__A1_P0AE06--2f1m__B1_P0AE06,0.7645536171614415,0.5,True
3t5t__B1_Q15JG1--3t5t__A1_Q15JG1,0.945271345489183,0.5,True
4z9r__B1_Q8EGK4--4z9r__A1_Q8EGK4,0.9602152871735474,0.5,True
2oze__A1_Q57280--2oze__A2_Q57280,0.9760682461278791,0.5,True
1x6m__A1_Q51669--1x6m__D1_Q51669,0.8448795878059802,0.5,True
4pfc__A1_P14735--4pfc__B1_P14735,0.9542123717181774,0.5,True
6byi__A1_Q8PI23--6byi__B1_Q8PI23,0.9528771153762099,0.5,True
3aaa__A1_P13127--3aaa__B1_P14315,0.9607796497616325,0.5,False
1xgm__A1_P56218--1xgm__B1_P56218,0.9296116693793787,0.5,True
5mrv__A1_Q8IVL8--5mrv__C1_P86912,0.8838219678199047,0.5,False
5e4v__A1_Q89933--5e4v__A2_Q89933,0.9285100858647578,0.5,True
1vhq__A1_P0ABU5--1vhq__B1_P0ABU5,0.9779356671892291,0.5,True
2pqv__B1_A0A0H2UMZ7--2pqv__A1_A0A0H2UMZ7,0.9153645833333334,0.5,True
1zva__A1_P59594--1zva__A2_P59594,0.931845891730243,0.5,True
8pq4__A1_P69782--8pq4__A2_P69782,0.9126498784459428,0.5,True
8a14__A1_A0A0D1E4Q7--8a14__C2_A0A0D1E4Q7,0.9048693702331791,0.5,True
1dtd__A1_P48052--1dtd__B1_P81511,0.9433347807207989,0.5,False
3c6n__B1_Q570C0--3c6n__A1_Q39255,0.9167037722261246,0.5,False
3ctz__A1_Q9NQW7--3ctz__A2_Q9NQW7,0.9764781374771107,0.5,True
1wab__A1_Q29460--1wab__A2_Q29460,0.9443785481592337,0.5,True
1zl5__A1_Q00496--1zl5__B1_Q00496,0.8426739432523267,0.5,True
5dbj__A1_Q4KCZ0--5dbj__A2_Q4KCZ0,0.9818927407760826,0.5,True
7qsq__B1_Q9X053--7qsq__A1_Q9X053,0.9345447079355301,0.5,True
7duc__B1_Q2G2U4--7duc__A1_Q2G2U4,0.897912356321839,0.5,True
2cdu__A1_Q9F1X5--2cdu__B1_Q9F1X5,0.9736863953363936,0.5,True
8g0f__A1_Q6NK15--8g0f__B1_Q6NK15,0.9146593261593604,0.5,True
8a45__B1_B7V7R4--8a45__A1_B7V7R4,0.9441731597445234,0.5,True
6no3__A1_B3FHP0--6no3__B1_B3FHP0,0.8817225778643814,0.5,True
3g7p__A1_B7JA91--3g7p__A2_B7JA91,0.9514990122270275,0.5,True
8khq__A1_A0A1I5R890--8khq__C1_A0A1I5R890,0.9109149509974844,0.5,True
7owz__B1_Q9JMA2--7owz__A1_B8ZXI1,0.9345121996299494,0.5,False
7xbe__A1_UNDEFINED--7xbe__A2_UNDEFINED,0.9566027701822546,0.5,True
6dk7__D1_Q9HUV7--6dk7__A1_Q9HUV7,0.9777287802800861,0.5,True
4hsl__A1_Q1LCS4--4hsl__A2_Q1LCS4,0.9750460088441125,0.5,True
8b3s__A1_O31597--8b3s__B1_A0A164W157,0.9047156606652197,0.5,False
5euv__A1_D1LZK0--5euv__B1_D1LZK0,0.9305636633387079,0.5,True
8gz4__A1_A0A7H0DN78--8gz4__A2_A0A7H0DN78,0.9863145497072141,0.5,True
7tmg__A1_A0A0H3GLR2--7tmg__B1_A0A0H3GLR2,0.9581830186980401,0.5,True
4hsr__B1_UNDEFINED--4hsr__A1_UNDEFINED,0.9005452996403147,0.5,True
7tgn__B1_A0A1Q5L7T0--7tgn__A1_A0A1Q5L7T0,0.9802875327571301,0.5,True
4fz2__A1_C7DIA5--4fz2__B1_C7DIA5,0.942184094543071,0.5,True
6j2l__A1_P37793--6j2l__B1_P37793,0.9291179481077206,0.5,True
5grk__A1_Q89XR0--5grk__B1_Q89XR0,0.9447016660497092,0.5,True
3qxs__A1_O24872--3qxs__A2_O24872,0.9573661894252772,0.5,True
8q3y__A1_E8URK0--8q3y__B1_E8URK0,0.9737719058669593,0.5,True
1pyb__A1_O66738--1pyb__B1_O66738,0.9015214967630718,0.5,True
7yto__A1_Q9RHU9--7yto__B1_Q9RHU9,0.9506007881503873,0.5,True
5vae__A1_Q9AET9--5vae__B1_Q9AET7,0.8493668137361601,0.5,False
1zrs__A1_Q9HTZ1--1zrs__B1_Q9HTZ1,0.9767995934300143,0.5,True
2cg5__A1_Q9NRN7--2cg5__B1_P49327,0.9353169545926555,0.5,False
4yk8__B1_O36019--4yk8__A1_O13978,0.8795608062204547,0.5,False
2iml__A1_O28442--2iml__C1_O28442,0.8928793882481496,0.5,True
6iru__A1_Q9RVF9--6iru__A2_Q9RVF9,0.9789107121156885,0.5,True
4x36__A1_P06653--4x36__A2_P06653,0.9859124154683113,0.5,True
8iev__A1_Q0PAW2--8iev__B1_Q0PAW2,0.94879454058876,0.5,True
3cyg__A1_A7HM60--3cyg__B1_A7HM60,0.690487873167946,0.5,True
5kvr__A1_P0ACL9--5kvr__A2_P0ACL9,0.9031429342540114,0.5,True
1na8__A1_Q9UJY5--1na8__B1_Q9UJY5,0.9770928177894841,0.5,True
5fis__A1_H9IUR0--5fis__B1_H9IUR0,0.9317899127734811,0.5,True
5yo8__A1_A0A094YZ24--5yo8__B1_A0A094YZ24,0.9867800258150845,0.5,True
7z6m__A1_A0A0H3LM39--7z6m__A2_A0A0H3LM39,0.9433256390930218,0.5,True
7vua__A1_UNDEFINED--7vua__B1_UNDEFINED,0.9911298220076058,0.5,True
2yxd__A1_Q57836--2yxd__B1_Q57836,0.9286325799186956,0.5,True
1aua__A1_P24280--1aua__A2_P24280,0.9958205677705648,0.5,True
7zw3__A1_P27338--7zw3__B1_P27338,0.8657303701345189,0.5,True
5xjx__I1_C0LGW6--5xjx__A1_Q9SSD1,0.7809152465641356,0.5,False
7xca__A1_W5X1V8--7xca__B1_W5X1V8,0.9641025489027931,0.5,True
7xub__A1_Q96KQ7--7xub__B1_Q96KQ7,0.9279962831323902,0.5,True
5xlu__A1_Q65KZ6--5xlu__B1_A9YTT0,0.8711723817900826,0.5,False
8smq__A1_Q182N1--8smq__B1_Q182N1,0.8921121193403472,0.5086035654664783,True
8eni__A1_A0A0H3JRH8--8eni__A2_A0A0H3JRH8,0.8929458791075795,0.5,True
1q77__A1_O66565--1q77__B1_O66565,0.9373668801673398,0.5,True
5xor__A1_A9YPG7--5xor__E1_A9YPG7,0.8759100128095644,0.5,True
6nbp__A1_A0A4P1LYI6--6nbp__A2_A0A4P1LYI6,0.9918691881248369,0.5,True
4wu2__A1_Q7WUJ1--4wu2__B1_Q7WUJ1,0.9565287095753046,0.5,True
2nvn__A1_Q31MH7--2nvn__A2_Q31MH7,0.9195352924680577,0.5,True
3zyh__A1_Q05097--3zyh__B1_Q05097,0.9275217930040265,0.5,True
8a21__A1_A0QJI1--8a21__A2_A0QJI1,0.9772598651154342,0.5,True
8ho2__A1_A0A191T7N6--8ho2__B1_A0A191T7N6,0.9325198979513895,0.5,True
2j8q__A1_O43809--2j8q__B1_O43809,0.8618987255574704,0.5,True
1cx8__A1_P02786--1cx8__B1_P02786,0.9640733673995717,0.5,True
5zfk__A1_Q31LX1--5zfk__B1_Q31LX1,0.9800539888638917,0.5,True
2qti__A1_Q8EF26--2qti__A2_Q8EF26,0.8584217309217741,0.5039469211134351,True
5djo__B1_Q9EQW7--5djo__A1_Q9EQW7,0.9485499184747306,0.5,True
1kve__B1_P19972--1kve__A1_P19972,0.8123028460657328,0.5,True
4kjq__A1_P37019--4kjq__B1_P37019,0.9299230843950022,0.5,True
8qyw__A1_Q9NVS9--8qyw__A2_Q9NVS9,0.9063872234934379,0.5,True
4djb__A1_P04489--4djb__B1_P04489,0.9125692385707598,0.5,True
7t1e__A1_P78556--7t1e__B1_P78556,0.7084844751671115,0.5,True
2ev4__A1_P9WMU9--2ev4__B1_P9WMU9,0.95650143848736,0.5,True
4m1j__A1_Q9I194--4m1j__B1_Q9I194,0.9527318929329951,0.5,True
8bj3__A1_A0A072U7F9--8bj3__B1_A0A072U7F9,0.9648989849566769,0.5,True
5fcl__A1_Q6D0X0--5fcl__B1_Q6D0X0,0.9637426277062648,0.5,True
2evr__A1_B2J9B4--2evr__A2_B2J9B4,0.6358023298451472,0.5,True
4ftw__A1_Q3J2V1--4ftw__A2_Q3J2V1,0.8970390095201317,0.5,True
2q6q__B1_P36094--2q6q__A1_P36094,0.9184316990212373,0.5,True
8hx8__A1_Q6L8Q5--8hx8__B1_Q6L8Q5,0.938094959472119,0.5,True
7zgn__A1_U6RE59--7zgn__B1_U6RE59,0.950628435423693,0.5,True
7fiw__A1_B3CP63--7fiw__B1_Q73HD5,0.8951300816057746,0.5,False
4xd9__A1_C8VMF9--4xd9__B1_Q5B6T5,0.8772221748540455,0.5,False
3dme__A1_Q7VU70--3dme__B1_Q7VU70,0.9262432751957422,0.5,True
8d0m__A1_P28907--8d0m__A2_P28907,0.9555345590912215,0.5,True
2w6a__A1_Q9Z272--2w6a__B1_Q9Z272,0.9228332808068074,0.5,True
6oje__B1_Q5S007--6oje__A1_Q5S007,0.9415756458300659,0.5,True
7mu0__A1_P9WQK3--7mu0__B1_P9WQK3,0.8985511436839706,0.5,True
4az3__A1_P10619--4az3__B1_P10619,0.8542205148836949,0.5,True
7ug8__B1_Q0I6F8--7ug8__A1_Q0I6F8,0.9565541804027615,0.5,True
6mxv__B1_Q5NFU2--6mxv__A1_Q5NFU2,0.7200282840210884,0.5,True
8ug3__B1_P50053--8ug3__A1_P50053,0.9780907212310747,0.5,True
7veo__A1_UNDEFINED--7veo__B1_UNDEFINED,0.9485899655438159,0.5,True
4atm__A1_P49418--4atm__A2_P49418,0.9769060204024962,0.5,True
7x6f__B1_P0AD45--7x6f__A1_P0AD45,0.975764760576476,0.5,True
1nkn__B1_Q17042--1nkn__A1_Q17042,0.9092975317594607,0.5,True
7pjo__B1_UNDEFINED--7pjo__A1_UNDEFINED,0.9100114258141093,0.5,True
5n0s__B1_A0A2R2JFI5--5n0s__A1_A0A2R2JFI5,0.8458469172555877,0.5,True
6m9g__A1_Q5D6Y4--6m9g__B2_Q5D6Y4,0.9724364887197816,0.5,True
7zvz__A1_G1UBD5--7zvz__B1_G1UBD5,0.8659489194220538,0.5,True
3b5m__B1_Q7UTD8--3b5m__A1_Q7UTD8,0.9074525491723283,0.5,True
6v0a__B1_B3E641--6v0a__A1_B3E641,0.9578714088791227,0.5,True
3bpj__C1_O75822--3bpj__A1_O75822,0.7998131313131313,0.503125,True
8tn8__B1_A0A482N9T7--8tn8__A1_A0A482N9T7,0.9722500659162527,0.5,True
7y51__A1_Q8RBF4--7y51__A2_Q8RBF4,0.8582747521584484,0.5,True
6zef__A1_P62136--6zef__C1_Q9C0D0,0.8223005964514799,0.5,False
6u11__A1_A0A1L8HDP6--6u11__A2_A0A1L8HDP6,0.9841040206428273,0.5,True
8i5w__A1_Q8BZN6--8i5w__B1_P63000,0.9112806408730221,0.5,False
3rv1__B1_A7TR32--3rv1__A1_A7TR32,0.8642690959154804,0.5,True
8i59__A1_UNDEFINED--8i59__B1_UNDEFINED,0.953148694534186,0.5,True
8g1h__A1_UNDEFINED--8g1h__A2_UNDEFINED,0.949260737391058,0.5,True
7vwk__A1_L8PIV2--7vwk__B1_L8PIV2,0.9685071015787318,0.5,True
4k3z__A1_Q8YCV0--4k3z__A2_Q8YCV0,0.9072862752628025,0.5,True
5v5t__A1_Q830T5--5v5t__D1_Q830T5,0.8682722752914558,0.5,True
6fp5__B1_Q960Q9--6fp5__A1_Q960Q9,0.8135408762330765,0.5,True
2ikb__A1_Q7DDI9--2ikb__C1_Q7DDI9,0.9819783609899531,0.5,True
7zam__A1_Q07666--7zam__B1_Q07666,0.971192876037581,0.5,True
3o10__A1_Q9NZJ4--3o10__B1_Q9NZJ4,0.8495561718995481,0.5,True
3egv__A1_Q84BQ9--3egv__B1_Q5SLP6,0.8713742578998864,0.5,False
2g9w__A1_P9WMJ5--2g9w__B1_P9WMJ5,0.9316917687713512,0.5,True
2afv__A1_Q8EXP7--2afv__B1_Q8EXP7,0.9164668527494844,0.5,True
7w93__A1_A0A140N873--7w93__A2_A0A140N873,0.9767173240977807,0.5,True
1wl3__B1_Q9X1M1--1wl3__A1_Q9X1M1,0.9647017569163611,0.5,True
4kbx__A1_P45550--4kbx__A2_P45550,0.9019277350564034,0.5,True
8brn__C1_P80366--8brn__A1_P80366,0.9054686198522458,0.5,True
8h5a__A1_P67661--8h5a__B1_P67661,0.9000068626228819,0.5,True
8b4l__B1_D5SK09--8b4l__A1_D5SK09,0.8315003638661154,0.5,True
3r24__A1_P0C6X7--3r24__B1_P0C6U8,0.8986766883837799,0.5,False
1nrj__B1_P36057--1nrj__A1_P32916,0.9132485774825608,0.5,False
4rdw__A1_Q9HU77--4rdw__A2_Q9HU77,0.9665078286986746,0.5,True
7vpr__A1_Q6FX18--7vpr__B1_Q6FX18,0.9911046928784866,0.5,True
5a6k__A1_A0A0H2US73--5a6k__B1_A0A0H2US73,0.9795514794480754,0.5,True
7ucd__B1_P17535--7ucd__A1_P53539,0.9404628766697732,0.5,False
1qc9__A1_P00642--1qc9__A2_P00642,0.8421180089842668,0.5,True
3ooc__A1_P77239--3ooc__B1_P77239,0.9208373296805041,0.5,True
8pm1__A1_B8GAY9--8pm1__B1_B8GAY9,0.928524366471735,0.5,True
1vbg__A1_P11155--1vbg__A2_P11155,0.9845513124599505,0.5,True
4ovo__A1_P67954--4ovo__A2_P67954,0.9221025630854869,0.5,True
2qgs__A1_A0A0H2VIU2--2qgs__B1_A0A0H2VIU2,0.9547099840693636,0.5,True
8cnx__A1_Q68T42--8cnx__B1_Q68T42,0.9717858720299763,0.5,True
8bol__A1_Q04609--8bol__A2_Q04609,0.942335793789235,0.5,True
3mii__B1_Q08914--3mii__A1_Q08914,0.8567190600858791,0.5,True
3i23__A1_Q835X4--3i23__B1_Q835X4,0.8695357252318285,0.5,True
3itf__A1_P0AE85--3itf__B1_P0AE85,0.9030603067052422,0.5,True
8d05__A1_UNDEFINED--8d05__A2_UNDEFINED,0.9442566421481567,0.5278856476917612,True
6mw5__A1_K3WC47--6mw5__A2_K3WC47,0.9157176080122474,0.5,True
5vht__A1_P0A9J8--5vht__B1_P0A9J8,0.9054183883721095,0.5,True
6j6x__B1_P53611--6j6x__A1_Q7Z6K3,0.9368999611945187,0.5,False
4tvb__A1_O32323--4tvb__B1_O32323,0.9560940619535757,0.5,True
3nkh__B1_UNDEFINED--3nkh__A1_UNDEFINED,0.9546239376695941,0.5,True
3jyu__A1_P35123--3jyu__B1_P35123,0.952070157517998,0.5,True
8dtc__A1_L8GT25--8dtc__B1_L8GT25,0.9146250526642292,0.5,True
7n1j__A1_P22455--7n1j__B1_UNDEFINED,0.9706858736921619,0.5,False
8fny__A1_O00418--8fny__B1_P0DP23,0.8797057340497839,0.5,False
7v0b__A1_A0A1E7MYN1--7v0b__B1_A0A1E7MYN1,0.9401686777215599,0.5,True
2vvo__A1_P9WKD7--2vvo__B1_P9WKD7,0.8860994185640426,0.5,True
5yjh__A1_Q15063--5yjh__A2_Q15063,0.9317557183844695,0.5,True
2z5e__A1_Q9BT73--2z5e__B1_Q9BT73,0.9234164279066372,0.5,True
1a8l__A1_Q51760--1a8l__A2_Q51760,0.9862493395202274,0.5,True
8h0r__A1_Q9WVJ5--8h0r__B1_Q9WVJ5,0.9238338453457278,0.5,True
2j7j__A1_P03001--2j7j__A2_P03001,0.8065108027316693,0.5,True
8u1v__A1_K4L8Z7--8u1v__B1_K4L8Z7,0.8698871555247336,0.5,True
7zbg__A1_Q02880--7zbg__A2_Q02880,0.9575388633519384,0.5,True
1rku__A1_Q9I2Y2--1rku__B1_Q9I2Y2,0.9566248818034291,0.5,True
2wvl__A1_Q72K30--2wvl__B1_Q72K30,0.8435626670600112,0.5,True
6kfs__A1_B7FR28--6kfs__A2_B7FR28,0.8717343935050841,0.5,True
3shg__A1_E6Z0R3--3shg__B1_E6Z0R4,0.9368384173482447,0.5,False
7zal__A1_E3T5W0--7zal__E2_E3T5W0,0.974346124356855,0.5,True
4wjm__A1_Q2YNY7--4wjm__A2_Q2YNY7,0.9634185129739523,0.5,True
8hmo__A1_A0A0H4P0S7--8hmo__B1_A0A0H4P0S7,0.96275692927452,0.5,True
7f9g__B1_C0HM62--7f9g__A1_C0HM62,0.9419078567911655,0.5,True
8dfk__A1_P39694--8dfk__B1_P39694,0.7631078094302554,0.5,True
6n91__A1_Q9KNI7--6n91__B1_Q9KNI7,0.8729230073258706,0.5,True
4oyd__A1_P0C6Z1--4oyd__B1_UNDEFINED,0.9291270190092827,0.5,False
1dev__A1_Q15796--1dev__B1_O95405,0.7875314331435221,0.5,False
8c9j__B1_P15559--8c9j__A1_P15559,0.9517486040164046,0.5,True
3rd7__B1_A0A0H2ZY91--3rd7__A1_A0A0H2ZY91,0.9390174981490385,0.5,True
5x1j__A1_G2IQS7--5x1j__A2_G2IQS7,0.9390069923907394,0.5,True
3r2p__A1_P02647--3r2p__A2_P02647,0.9346071724709785,0.5,True
1pdk__A1_P15319--1pdk__B1_P62532,0.9413295733458668,0.5,False
7bjg__A1_Q8IGY1--7bjg__A2_Q8IGY1,0.7485550651534258,0.5,True
3kcp__A1_Q06851--3kcp__B1_A3DF10,0.9243768197146945,0.5,False
7bbq__A1_Q6I6B7--7bbq__A2_Q6I6B7,0.90720414603898,0.5,True
3dpj__E1_Q5LS67--3dpj__F1_Q5LS67,0.7977720627444009,0.5,True
6okh__A1_Q04QG8--6okh__B1_Q04QG8,0.9424867056758026,0.5,True
7tq1__A1_P0AC13--7tq1__A2_P0AC13,0.9755698100682498,0.5,True
7t5y__A1_P0A7E1--7t5y__B1_P0A7E1,0.9452491495744143,0.5,True
5o47__A1_J7HDY4--5o47__A2_J7HDY4,0.9942736161643058,0.5,True
1oo0__A1_P49028--1oo0__B1_Q9V535,0.9444980895265568,0.5,False
3edj__A1_Q8KKG0--3edj__B1_Q8KKG0,0.9282138119148594,0.5,True
5yr0__A1_O88597--5yr0__B1_Q8K245,0.8813293795109942,0.5,False
5c21__A1_P09986--5c21__B1_P09986,0.842786870496118,0.5,True
2gok__A1_Q8U8Z6--2gok__B1_Q8U8Z6,0.9922237338511882,0.5,True
1ww1__A1_Q9WZW8--1ww1__B1_Q9WZW8,0.9658739707433084,0.5,True
1fm0__B1_P30749--1fm0__A1_P30748,0.9104875551759973,0.5,False
4jgo__B1_O31671--4jgo__A1_O31671,0.968554026344467,0.5,True
3l2k__A1_Q8GPH0--3l2k__B1_Q8GPH0,0.8210412751759184,0.5,True
1yov__A1_Q13564--1yov__B1_Q8TBC4,0.9401115072214642,0.5,False
7zvd__A1_P11413--7zvd__A2_P11413,0.9693017741809897,0.5,True
2snw__A1_P03316--2snw__B1_P03316,0.9316055456093773,0.5,True
8grh__B1_P51553--8grh__A1_P50213,0.9609770011635089,0.5,False
1lxd__A1_Q03386--1lxd__B1_Q03386,0.8399479235770201,0.5,True
5m97__A1_Q10113--5m97__B1_Q10113,0.9264368905956163,0.5,True
7ax1__A1_Q9ULM6--7ax1__B1_Q9UIV1,0.979290923357256,0.5,False
8d4w__A1_A0A8B4R830--8d4w__A2_A0A8B4R830,0.882704374403659,0.5,True
7ynw__B2_Q57834--7ynw__A1_Q57834,0.9917760431763103,0.5,True
4rgp__A1_Q8DTU7--4rgp__B1_Q8DTU7,0.9208448672378329,0.5,True
8twd__C1_P0AEV1--8twd__A1_W8SRD3,0.938497866465427,0.5,False
3fb9__A1_A0A0H2US72--3fb9__B1_A0A0H2US72,0.8566054595005138,0.5,True
8a39__A1_A0A024L404--8a39__C2_A0A024L404,0.9834000012212187,0.5,True
3ps8__A1_P01034--3ps8__A2_P01034,0.8573039406944987,0.5,True
7vwp__A2_A0A136PK59--7vwp__B1_A0A136PK59,0.9983491167324384,0.5,True
3a7p__A1_Q03818--3a7p__B1_Q03818,0.9005168420237819,0.5,True
4ql6__A1_A0A0H3MDM0--4ql6__C1_A0A0H3MDM0,0.8730838917671806,0.5,True
5nck__A1_Q8RDN7--5nck__B1_Q8RDN7,0.9784811071030026,0.5,True
3qt7__A1_Q9FD73--3qt7__B1_Q9FD73,0.9760766904715948,0.5,True
4aye__D1_Q9JXV4--4aye__A1_P08603,0.933564019710741,0.5,False
7r3n__A1_P43432--7r3n__B1_P43432,0.9869604744794147,0.5,True
7a0x__B1_Q8ZRZ3--7a0x__A1_Q8ZRZ3,0.9728013190084105,0.5,True
7wjk__A1_P93836--7wjk__A2_P93836,0.8277424353316087,0.5,True
7g99__B1_Q92974--7g99__A1_P61586,0.9236971039296621,0.5,False
5x8z__A1_A3QAQ5--5x8z__B1_A3QAQ5,0.9612589646795114,0.5,True
6dt3__B1_A0A1W1Q5B1--6dt3__A1_A0A1W1Q5B1,0.9568728997964182,0.5,True
2if9__A1_Q98ZP7--2if9__B1_Q98ZP7,0.6371143916324639,0.5,True
7u0r__B1_M9SC49--7u0r__A1_M9SC49,0.9738458377719097,0.5,True
7wbt__A1_Q288C4--7wbt__B1_Q288C4,0.9467005037652031,0.5,True
7txe__A1_Q8I6T6--7txe__B1_Q8I6T6,0.8372061641533054,0.5,True
6pyp__A1_P21695--6pyp__B1_P21695,0.9711909504163025,0.5,True
8b2d__A1_F5SYD3--8b2d__B1_F5SYD3,0.9193805816086154,0.5,True
1vmg__A1_Q97U11--1vmg__A2_Q97U11,0.8713502123365655,0.5,True
6b8l__B1_P0DP23--6b8l__A1_P56696,0.8936959443434263,0.5,False
8sj5__A1_A0A2I4FN75--8sj5__C1_A0A2I4FN75,0.8474523488139516,0.5,True
3nr1__A1_Q8N4P3--3nr1__B1_Q8N4P3,0.9754797551213868,0.5,True
3h3l__A1_A6LFX0--3h3l__A2_A6LFX0,0.8474438732920346,0.5,True
7uav__A1_P0DW58--7uav__B1_P0DW58,0.8119678165464702,0.5,True
6jdh__A1_A0A2K0XYW4--6jdh__B1_A0A2K0XYW4,0.9567270753711431,0.5,True
3vjz__A1_Q9K0P4--3vjz__B1_Q9K0P4,0.9744819451929276,0.5,True
3et4__A1_Q4QMM5--3et4__A2_Q4QMM5,0.9465664134598025,0.5,True
5or3__A1_Q2UNF9--5or3__D1_Q2UNF9,0.926694597815416,0.5,True
3fh3__B1_A0A6L8PES2--3fh3__A1_A0A6L8PES2,0.9686764069510557,0.5,True
1go3__A1_Q57840--1go3__B1_Q60351,0.9193258546440534,0.5,False
8fin__A1_UNDEFINED--8fin__B1_UNDEFINED,0.8432189939843849,0.5,True
3zxq__B1_P9WGK1--3zxq__A1_P9WGK1,0.7907358808154362,0.5,True
1zlh__A1_P00730--1zlh__B1_Q5EPH2,0.9382535820492025,0.5,False
4h1h__A1_Q8Y6P6--4h1h__B1_Q8Y6P6,0.8804220044218458,0.5,True
2gh1__A1_Q81E32--2gh1__B1_Q81E32,0.7891984021013243,0.5,True
7dl7__F1_B0VJ11--7dl7__A1_B0VJ11,0.9808781573644199,0.5,True
7skp__B1_UNDEFINED--7skp__A1_UNDEFINED,0.9437033709384864,0.4999045983590918,True
7yu0__B1_Q79F77--7yu0__A1_Q79F77,0.9601368427504814,0.5,True
3cbu__B1_Q473P3--3cbu__A1_Q473P3,0.8525695290468501,0.5,True
8b1s__A1_B0LPL6--8b1s__A2_B0LPL6,0.974014074358728,0.5,True
3ihk__A1_Q8DVV9--3ihk__A2_Q8DVV9,0.9584101724081586,0.5,True
4y67__A1_Q8IKG4--4y67__B1_Q8IKG4,0.9553828799299444,0.5,True
6ejp__B1_P69986--6ejp__A1_P69986,0.8777797764358216,0.5,True
1poy__A1_P0AFK9--1poy__B1_P0AFK9,0.9695465814164489,0.5,True
3a7o__A1_Q03818--3a7o__B1_Q03818,0.8873638253058265,0.5,True
4a2l__A1_Q89YR8--4a2l__B1_Q89YR8,0.9588101797054175,0.5,True
5n47__B1_P02751--5n47__A1_P80188,0.8581399951284863,0.5,False
8ejm__A1_O43143--8ejm__B1_Q8IWZ8,0.8232070234265552,0.5,False
7jl6__A1_Q9L523--7jl6__B1_Q9L523,0.8823172043010752,0.5,True
1npd__B1_P0A6D5--1npd__A1_P0A6D5,0.9516545556908493,0.5,True
8h0h__A1_P9WLU7--8h0h__C1_P9WLU7,0.938792800181515,0.5,True
3t8l__A1_Q7CUX4--3t8l__B1_Q7CUX4,0.8938647150607483,0.5,True
7ol3__B1_Q8WXF7--7ol3__A1_Q8WXF7,0.861956182022517,0.5,True
8ewa__B1_Q9HW02--8ewa__A1_Q9HW02,0.9185750667761869,0.5,True
2ft0__A1_Q8FBQ3--2ft0__B1_Q8FBQ3,0.9088054324851639,0.5,True
2r01__A1_Q8KFI1--2r01__A2_Q8KFI1,0.9240124341248557,0.5,True
8hno__A1_B6YTS4--8hno__B1_B6YTS4,0.9741735127015861,0.5,True
6x88__A1_P52731--6x88__B1_P52731,0.9735762674078067,0.5,True
2x76__A1_Q939Q9--2x76__A2_Q939Q9,0.9954077836783909,0.5,True
7x2p__A1_Q5ZWH7--7x2p__B1_Q5ZWH7,0.7992840438253853,0.5,True
2aeu__A1_Q57622--2aeu__A2_Q57622,0.9750530038753725,0.5,True
5kbg__A1_Q43965--5kbg__B1_Q43965,0.9584872838214662,0.5,True
4p9g__A1_Q9REI7--4p9g__A2_Q9REI7,0.947022162724974,0.5,True
7tcv__A1_Q60932--7tcv__A2_Q60932,0.8425319394788985,0.5,True
7vkb__A1_Q5ZSZ6--7vkb__B1_Q5ZSZ7,0.8452267827706565,0.5,False
7r2p__A1_Q46877--7r2p__A2_Q46877,0.9373468851107907,0.5,True
6ggl__B1_C9K1X5--6ggl__A1_C9K1X5,0.9110579650572246,0.5,True
7yi7__A1_Q9Y251--7yi7__B1_Q9Y251,0.8572585696961238,0.5,True
7yka__B1_Q9Y3D6--7yka__A1_Q9Y3D6,0.9463329720497915,0.5,True
8jea__A1_K1QRB6--8jea__D1_K1QRB6,0.8853842270019185,0.5,True
8huc__C1_A0A0H2Z790--8huc__A1_A0A0H2Z790,0.9164507680231988,0.5,True
7unh__A1_UNDEFINED--7unh__B1_UNDEFINED,0.9695390992230297,0.5,True
5mpr__A1_O15382--5mpr__A2_O15382,0.9678099211899523,0.5,True
4ooj__B1_Q5ZSK6--4ooj__A1_Q5ZSK6,0.9468638307466326,0.5,True
8a5v__A1_Q9Y617--8a5v__C1_Q9Y617,0.9460943094256529,0.5,True
3lm2__A1_A9CH74--3lm2__B1_A9CH74,0.9529528987506621,0.5,True
7zwt__A1_P41182--7zwt__A2_P41182,0.9059782243279709,0.5,True
6ket__A1_A0A0A0WDC6--6ket__B1_A0A0A0WDC6,0.9589962550479639,0.5,True
5zwl__B1_Q8DLU1--5zwl__A1_Q8DLG7,0.934745715167326,0.5,False
6wmz__A1_P23246--6wmz__B1_Q15233,0.8491388744843349,0.5,False
1i4m__A1_P04156--1i4m__A2_P04156,0.7717680563058054,0.5,True
2gjg__A1_Q88EQ6--2gjg__A2_Q88EQ6,0.8802513850707405,0.5,True
6k62__B2_A0A0H2X6K9--6k62__A1_A0A0H2X6K9,0.8171327193114903,0.5,True
4ghm__A1_Q9KTK0--4ghm__B1_Q9KTK0,0.8501288027008062,0.5,True
1tve__A1_P31116--1tve__B1_P31116,0.976978263391287,0.5,True
6qj2__A1_G0S2G2--6qj2__B1_G0SBJ6,0.9776442141399467,0.5,False
3onx__A1_P41697--3onx__B1_P41697,0.8775040517111413,0.5,True
8cp4__A1_Q6LXV7--8cp4__A2_Q6LXV7,0.9307062541568869,0.5,True
1ob9__A1_Q97YX6--1ob9__A2_Q97YX6,0.9671374334266899,0.5,True
7zcc__B1_P46327--7zcc__A1_P46327,0.9646090422367144,0.5,True
4kwd__A1_Q9UR08--4kwd__B1_Q9UR08,0.975679346710066,0.5,True
7wuy__A1_A0A1R3S1W7--7wuy__B1_A0A1R3S1W7,0.9540883064651577,0.5,True
5gtw__A1_I3NX86--5gtw__D1_I3NX86,0.9425774737767709,0.5,True
7ekn__B1_Q5JT35--7ekn__A1_UNDEFINED,0.8744571504428136,0.5,False
8gja__B1_UNDEFINED--8gja__A1_UNDEFINED,0.9083027205559288,0.5,True
6loh__A1_O15033--6loh__A2_O15033,0.9580573913681056,0.5,True
3a9y__A1_Q68FT9--3a9y__B1_Q68FT9,0.9719896126050465,0.5,True
8ay6__B1_Q9CAJ0--8ay6__A1_A0A067E666,0.9552714582913898,0.5,False
8u5m__A1_Q8TF42--8u5m__F1_Q8TF42,0.9927114658572459,0.5,True
7twa__D1_F8JJ25--7twa__A1_F8JJ25,0.9939256979030067,0.5,True
8fju__B1_P34897--8fju__A1_P34897,0.9245310725124234,0.5,True
1fjj__A1_P12994--1fjj__A2_P12994,0.9449220172153743,0.5,True
7qlr__A1_A0A1J1J928--7qlr__D2_A0A1J1J928,0.9413327556891135,0.5,True
3vf0__B1_Q8IY67--3vf0__A2_P18206,0.9290756711601131,0.5,False
8ehe__A1_A0A0A7KVG3--8ehe__B1_A0A1D3UUC0,0.975201818133113,0.5,False
6hpc__A1_P67697--6hpc__B1_P67697,0.9502779810857487,0.5,True
2x3o__A1_Q9I585--2x3o__B1_Q9I585,0.8807450814517963,0.5,True
5y40__A1_P55892--5y40__B1_P55892,0.8269319165044343,0.5,True
1y42__A1_P12063--1y42__A2_P12063,0.9870791348277586,0.5,True
2e91__A1_Q12051--2e91__B1_Q12051,0.9403216089253823,0.5,True
8ja2__A1_A0A0A1E3Q0--8ja2__A2_A0A0A1E3Q0,0.9059483276904091,0.5,True
3iuw__B1_Q8KUB7--3iuw__A1_Q8KUB7,0.9336490967697052,0.5,True
8e7y__A1_Q9RFC8--8e7y__B1_Q9RFC8,0.8816063733890213,0.5,True
4kzn__A1_P15692--4kzn__A2_P15692,0.8286485530736135,0.5,True
7z7o__A1_A0A1S4NYF2--7z7o__C1_A0A1S4NYF2,0.9257142445601843,0.5,True
8brp__A1_D8G6F7--8brp__B1_D8G6F7,0.9601530894623073,0.5,True
3qir__A1_Q8TC59--3qir__A2_Q8TC59,0.9612298956088478,0.5,True
8bay__A1_O75874--8bay__B1_O75874,0.9482742748355049,0.5,True
6mhm__B1_Q13510--6mhm__A1_Q13510,0.897921076008609,0.5,True
8bj7__A1_P07598--8bj7__B1_P07603,0.8890736186791357,0.5,False
8b80__A1_W8QF82--8b80__B1_W8QF82,0.9765109143859713,0.5,True
5wxx__A1_Q9RNB4--5wxx__A2_Q9RNB4,0.9668940231358572,0.5,True
8f7l__A1_P43490--8f7l__B1_P43490,0.9224764671884335,0.5,True
3cz1__A1_Q9U9J6--3cz1__B1_Q9U9J6,0.9695542962262392,0.5,True
8a0c__A1_Q2ERG0--8a0c__B1_Q2ERG0,0.9566783765628656,0.5,True
5mpy__A1_Q9LPZ1--5mpy__B1_Q9LPZ1,0.9123103164630423,0.5,True
1anu__A1_Q06851--1anu__A2_Q06851,0.9812428229665071,0.5,True
3vs8__A1_C1DM33--3vs8__C1_C1DM33,0.9218350204675478,0.5,True
7zi8__A1_P27707--7zi8__A2_P27707,0.9705673530366381,0.5,True
1peu__A1_Q08698--1peu__A2_Q08698,0.9823415756819618,0.5,True
5uk5__B1_Q63722--5uk5__A1_Q07008,0.7351206689167372,0.5,False
7vg5__A1_Q49135--7vg5__B1_Q49135,0.9696250742592245,0.5,True
4jkz__A1_A0R6I8--4jkz__A2_A0R6I8,0.9519409726194048,0.5,True
4aa8__A1_P00794--4aa8__A2_P00794,0.8945110670155964,0.5,True
5yew__A1_Q8IWA4--5yew__B1_Q8IWA4,0.9232881021977286,0.5,True
1hf2__B1_Q9X0D7--1hf2__A1_Q9X0D7,0.9869379783163266,0.5,True
3au0__A1_Q7A382--3au0__A2_Q7A382,0.9215007325231319,0.5,True
3gif__A1_O34757--3gif__B1_O34757,0.9282824637806317,0.5,True
8c66__A1_UNDEFINED--8c66__D1_UNDEFINED,0.9231639506127552,0.5,True
7zcl__B1_UNDEFINED--7zcl__A1_UNDEFINED,0.9848917076318314,0.5,True
4axv__A1_A7N805--4axv__A2_A7N805,0.9085928371436078,0.5,True
5c6u__A1_O69689--5c6u__A2_O69689,0.934307708696069,0.5,True
4nv4__A1_A0A6L7HM74--4nv4__A2_A0A6L7HM74,0.9414967799244948,0.5,True
6axf__A1_Q7LDG7--6axf__B1_P61224,0.9467645207488767,0.5,False
5yf1__B1_Q8N4J0--5yf1__A1_Q8N4J0,0.8958117498878552,0.5,True
8j83__A1_C5ATT7--8j83__B1_C5ATT6,0.9533068616373197,0.5,False
3fjy__B1_A0ZZM4--3fjy__A1_A0ZZM4,0.9387939599538134,0.5,True
4rg1__A1_Q5T280--4rg1__B1_Q5T280,0.9640507621143859,0.5,True
1ux4__A1_P41832--1ux4__A2_P41832,0.9514696573554066,0.5,True
6rbm__A1_P0ACT4--6rbm__A2_P0ACT4,0.94049957835853,0.5,True
2cme__B1_P59636--2cme__A1_P59636,0.8644651316879245,0.5,True
7wis__A1_P46881--7wis__B1_P46881,0.9292223017043952,0.5,True
5a3l__A1_A0A1A9TAD0--5a3l__C1_A0A1A9TAD0,0.9537438564947933,0.5,True
3gzi__A1_A3QIY5--3gzi__A2_A3QIY5,0.962521146512684,0.5,True
8pr6__B1_A0A1Q6BKH4--8pr6__A1_A0A1Q6BKH4,0.9280531947124201,0.5,True
8j64__A1_Q967S9--8j64__B1_O00816,0.8896935639188993,0.5,False
8ohw__A1_Q63T97--8ohw__B1_Q63T97,0.8160450575989188,0.5,True
5y4r__A1_O87131--5y4r__B1_Q9HVI1,0.9092605961472046,0.5,False
3ddh__A1_Q8A5Q8--3ddh__B1_Q8A5Q8,0.9449138827640722,0.5,True
8d3t__B1_A0A2K2AMS7--8d3t__A1_A0A2K2AMS7,0.9774864244618269,0.5,True
1zk8__A1_Q815X4--1zk8__B1_Q815X4,0.9838566676955001,0.5,True
2w82__A1_Q47730--2w82__B1_Q47730,0.9759508551059876,0.5,True
6l08__A1_O65896--6l08__B1_O65896,0.9332591606833376,0.5,True
4p94__B1_Q4J9K8--4p94__A1_Q4J9K8,0.9715608377659575,0.5,True
4yii__A1_O00762--4yii__B1_Q9UJX6,0.9475979016377989,0.5,False
4rus__A1_P68512--4rus__B1_P68512,0.8943934312454984,0.5,True
2o48__A1_Q9TQS6--2o48__A2_Q9TQS6,0.9500030778308015,0.5,True
7pvw__B1_P00523--7pvw__A1_P00523,0.6935196327494763,0.5,True
2wcu__A1_Q8R2K1--2wcu__B1_Q8R2K1,0.9758791100278786,0.5,True
2p35__A1_Q8UH15--2p35__B1_Q8UH15,0.8645939163778658,0.5,True
6rfg__A1_Q49PR7--6rfg__D1_Q49PR7,0.9245499334115485,0.5,True
5jj8__A1_Q9HVB9--5jj8__A2_Q9HVB9,0.7926690275511562,0.5,True
6ije__A1_A0A083ZID3--6ije__B1_A0A083ZID3,0.9568443246766335,0.5,True
8avu__A1_Q8GPI4--8avu__A2_Q8GPI4,0.9588765144320699,0.5,True
7xdu__B1_A0A1I1Z0X1--7xdu__A1_A0A1I1Z0X1,0.9823734308797599,0.5,True
1xr4__A1_Q8ZRY1--1xr4__B1_Q8ZRY1,0.9351441710829272,0.5,True
2fuq__A1_C6XZB6--2fuq__B1_C6XZB6,0.9674380258031997,0.5,True
5xrw__A1_O25306--5xrw__C1_O25674,0.8200889895180871,0.49983257994307717,False
5l0o__A1_P46940--5l0o__B1_P46940,0.9935253979481671,0.5,True
8vsy__B1_UNDEFINED--8vsy__A1_UNDEFINED,0.8980540715375582,0.5,True
2zcx__A1_Q9FBX0--2zcx__A2_Q9FBX0,0.9643555670727249,0.5,True
5way__A1_Q97P44--5way__B1_Q97P44,0.9348792301125978,0.5,True
7xey__A1_Q9SU72--7xey__B1_Q9S745,0.9128982370645462,0.5,False
4xlo__C1_Q9KHK2--4xlo__A1_Q9KHK2,0.9603184839070517,0.5,True
6kd6__B1_Q9VAA9--6kd6__A1_Q9VAA9,0.8747468523483198,0.5,True
8k72__A1_Q9NWT6--8k72__A2_Q9NWT6,0.9519861053706408,0.5,True
8b5v__A1_Q4E4A3--8b5v__B1_Q4E4A3,0.9697782980817673,0.5,True
4yo3__A1_D3GUX1--4yo3__A2_D3GUX1,0.9177538632984177,0.5,True
8p8p__A1_P49773--8p8p__B1_P49773,0.9372521340652431,0.5,True
6hrx__A1_O53623--6hrx__B1_O53623,0.9796774971130022,0.5,True
3mdo__A1_A6LDR8--3mdo__B1_A6LDR8,0.9817007790291112,0.5,True
8iw0__A1_Q14678--8iw0__B1_Q14678,0.9116835382311751,0.5,True
2rb7__A1_Q313A9--2rb7__B1_Q313A9,0.9362381659039314,0.5,True
8h6s__A1_Q76KY5--8h6s__C1_Q76KY0,0.9544403511792047,0.5,False
3lsj__A1_Q9HUS3--3lsj__B1_Q9HUS3,0.9139393007850499,0.5,True
7pxq__A1_UNDEFINED--7pxq__A2_UNDEFINED,0.896297211802571,0.5,True
8g0q__A1_P40460--8g0q__B1_P33895,0.8842301560080239,0.5,False
6ms4__A1_Q9ULC4--6ms4__B1_O43583,0.8928641155798516,0.5,False
7y6b__A1_A0A411GZY8--7y6b__B1_A0A411H025,0.9040097956760501,0.5,False
7zyt__A1_P09622--7zyt__B1_P09622,0.9367251622022774,0.5,True
7lle__A1_Q6QVT7--7lle__B1_Q6QVT7,0.8994713759735475,0.5,True
4csw__A1_D0MK34--4csw__B1_D0MK34,0.9636608556658506,0.5,True
7tev__A1_P04181--7tev__A2_P04181,0.9257269215422511,0.5,True
3zta__A1_Q2RIF4--3zta__A2_Q2RIF4,0.9867559484038378,0.5,True
3abi__A1_O59312--3abi__B1_O59312,0.9947338601364479,0.5,True
5ab8__A1_P9WN25--5ab8__A2_P9WN25,0.9472503274763991,0.5,True
1guq__A1_P09148--1guq__B1_P09148,0.9446429981905208,0.5,True
6zdw__B1_A0A162MUP0--6zdw__A1_A0A162MUP0,0.87161009773563,0.5,True
8csd__A1_Q6U8B0--8csd__A2_Q6U8B0,0.9324401339857034,0.5,True
3na2__A1_UNDEFINED--3na2__B2_UNDEFINED,0.9554275814498148,0.5,True
8bfr__A1_P30177--8bfr__A2_P30177,0.9964206685161676,0.5,True
7yk3__A1_O53604--7yk3__B1_O53605,0.9376532854108126,0.5,False
6xiv__A1_P16114--6xiv__B2_P16114,0.9158955968240223,0.5,True
8ajx__A1_P17117--8ajx__A2_P17117,0.9133660287662965,0.5,True
8ayj__A1_D5EHC5--8ayj__B1_D5EHC5,0.9628010219079741,0.5,True
4tt0__B1_P10220--4tt0__A1_P10220,0.9072791745968145,0.5,True
8a6e__B2_P02699--8a6e__A1_P02699,0.952619454460325,0.5,True
4jb7__A1_Q9KTQ6--4jb7__A2_Q9KTQ6,0.9018698950603914,0.5,True
6h3f__A1_A0A0H3JT80--6h3f__A2_A0A0H3JT80,0.9883449610637433,0.5,True
6wxw__A1_F2NWD3--6wxw__B1_F2NWD3,0.9755545226044142,0.5,True
2zw2__A1_F9VNF4--2zw2__B1_F9VNF4,0.8438109215434476,0.5,True
2wo2__A1_P54764--2wo2__B1_P52799,0.9098066320754037,0.5,False
4u66__A1_A8MI53--4u66__A2_A8MI53,0.9605970957284975,0.5,True
1ord__A1_P43099--1ord__B1_P43099,0.939064564417488,0.5,True
7zcm__A1_P42196--7zcm__B1_P42259,0.8289292062865043,0.5,False
8aa9__A1_Q9V1Y9--8aa9__B1_Q9V1Y9,0.6638071378602048,0.5,True
4i6y__B1_P13702--4i6y__A1_P13702,0.9299737289572356,0.5,True
1vh4__B1_P77689--1vh4__A1_P77689,0.9400786645733876,0.5,True
3ocd__A1_D7A6E5--3ocd__B1_Q7BQR5,0.9388207189724357,0.5,False
8pq7__A1_M1C5B8--8pq7__B1_D0N0Z8,0.8438011642250564,0.5,False
8gic__A1_Q70AZ9--8gic__D1_Q70AZ5,0.7571061524255873,0.5,False
5abr__A1_P82802--5abr__B1_P82802,0.9817726735236246,0.5,True
2zmf__A1_Q9Y233--2zmf__B1_Q9Y233,0.9686988492908422,0.5,True
2vzk__B1_P0DJQ5--2vzk__A1_P0DJQ5,0.9412604108034948,0.5,True
7wm5__A1_A0A0C2W699--7wm5__A2_A0A0C2W699,0.9742032521830782,0.5,True
1zee__A1_Q8E972--1zee__B1_Q8E972,0.9099063793011443,0.5,True
1f3u__B1_P35269--1f3u__A1_P13984,0.9021486914910797,0.5,False
7tvh__B1_Q9I2Q1--7tvh__A1_Q9I2Q1,0.9825938719073005,0.5,True
5vgm__B1_Q9KL24--5vgm__A1_Q9KL24,0.989990190431621,0.5,True
2b5l__A1_Q16531--2b5l__C1_P11207,0.9616587746721706,0.5,False
4zzh__A1_Q96EB6--4zzh__A2_Q96EB6,0.8644972846201933,0.5,True
8in9__A1_E0D202--8in9__B1_E0D202,0.9645415481568917,0.5,True
6m4v__A1_P0AEX9--6m4v__B1_P62942,0.940796340223653,0.5,False
7y28__A1_P07814--7y28__B1_P07814,0.9564298562940841,0.5,True
2plg__A1_Q8DKM0--2plg__B1_Q8DKM0,0.873761583444026,0.5,True
7y7u__A1_A0A222F232--7y7u__B1_A0A222F232,0.964606072236289,0.5,True
3fgc__A1_P07740--3fgc__B1_P07739,0.9596198104575391,0.5,False
1rve__A1_P04390--1rve__B1_P04390,0.9719830673781916,0.5,True
7zy1__A1_Q9F8A8--7zy1__A2_Q9F8A8,0.9603210080529182,0.5,True
3jxo__B1_A0A0F6AN26--3jxo__A1_A0A0F6AN26,0.9533711048158641,0.5,True
8dqb__A1_A0A0H3FX83--8dqb__A2_A0A0H3FX83,0.9430084245602307,0.5,True
5l16__A1_Q4Q0M0--5l16__A2_Q4Q0M0,0.9747520508006783,0.5,True
2gz4__A1_Q7D028--2gz4__C1_Q7D028,0.8648009374945216,0.5,True
7xyv__A1_Q9C0D3--7xyv__B1_Q9C0D3,0.9691582837161992,0.5,True
2f9w__A1_Q9HWC1--2f9w__B1_Q9HWC1,0.948738961497704,0.5,True
2ox1__A1_O30011--2ox1__B1_O30011,0.9871427049074235,0.5,True
2guh__A1_Q0S8Y3--2guh__B1_Q0S8Y3,0.9338948447429183,0.5,True
7br1__A1_A0A7I6N400--7br1__B1_A0A7I6N400,0.9578537918443282,0.5,True
2p04__A1_D0VWX5--2p04__B1_D0VWX5,0.9739859996107357,0.5,True
4h5b__A1_Q9RUY5--4h5b__B1_Q9RUY5,0.8650819720842691,0.5,True
4e1o__A1_P19113--4e1o__B1_P19113,0.9323031291938273,0.5,True
7pu4__B1_Q9X053--7pu4__A1_Q9X053,0.95560860480542,0.5,True
3m1u__A1_Q72DN3--3m1u__B1_Q72DN3,0.9189554432603179,0.5,True
7qii__A1_P0C2N2--7qii__B1_P0C2N4,0.8512481372426448,0.5,False
4pww__A1_UNDEFINED--4pww__A2_UNDEFINED,0.8513104838709677,0.5,True
6ird__A1_Q91UZ1--6ird__B1_Q8NI35,0.703560497922495,0.5,False
6gg2__A1_Q4WD43--6gg2__A2_Q4WD43,0.9532981415145523,0.5,True
6oei__A1_Q8KG60--6oei__A2_Q8KG60,0.9634891072820819,0.5,True
8hyi__A1_P22223--8hyi__B1_P22223,0.9162536398243806,0.5,True
4b8v__A1_B3VBK9--4b8v__A2_B3VBK9,0.9806122807017544,0.5,True
4lqb__A1_D2Q399--4lqb__B1_D2Q399,0.9137371999351966,0.5,True
2vxb__A1_P87074--2vxb__B1_P87074,0.9520216916258382,0.5,True
1t72__A1_O67053--1t72__B1_O67053,0.9479674407469476,0.5,True
3soo__A1_Q5T7N2--3soo__A2_Q5T7N2,0.8348958800774139,0.5,True
5z1o__A1_D0VWU8--5z1o__B1_D0VWU8,0.8123626841637483,0.5,True
6h40__A1_K5B7F3--6h40__A2_K5B7F3,0.979695617187423,0.5,True
2etk__A1_Q13464--2etk__B1_Q13464,0.9504105144509709,0.5,True
2p69__A1_Q96GD0--2p69__A2_Q96GD0,0.9819540858581118,0.5,True
4doy__A1_Q6WNP1--4doy__C1_Q6WNP1,0.9607236054811861,0.5,True
6zxw__A1_O29011--6zxw__B1_A0A117KMN5,0.916015084327029,0.5,False
3lhk__A1_Q60329--3lhk__B1_Q60329,0.9656092249826784,0.5,True
1qpa__A1_P11542--1qpa__B1_P11542,0.9256277766208525,0.5,True
6e52__A1_P03069--6e52__B1_P03069,0.9215362454156584,0.5,True
2ijd__A1_Q1PHW8--2ijd__A2_Q1PHW8,0.895986597918123,0.5,True
1fwl__A1_Q58504--1fwl__B1_Q58504,0.9812069426148622,0.5,True
5nkk__A1_O62301--5nkk__B1_Q9XWJ1,0.9149764831281613,0.5,False
1ygt__A1_Q94524--1ygt__A2_Q94524,0.8852473990849377,0.4999532229394705,True
7zq1__B1_Q32ZE1--7zq1__A1_Q32ZE1,0.7719214526834646,0.5,True
6p40__A1_M1GSK9--6p40__B1_M1GSK9,0.9598096604856678,0.5,True
2wyn__B1_P13482--2wyn__D1_P13482,0.9376597848298311,0.5,True
7yui__A1_P0CG48--7yui__B1_Q9BYM8,0.8342890905938433,0.5,False
8dml__B1_Q87GI3--8dml__A1_Q87GI4,0.8477773879391001,0.5,False
2oi2__A1_A0A0H2UNK6--2oi2__A2_A0A0H2UNK6,0.9343380500096918,0.5,True
4wud__A1_P0AES6--4wud__A2_P0AES6,0.948465859071395,0.5,True
5yzj__A1_A8K0B5--5yzj__B1_A8K0B5,0.8569133304857508,0.5,True
8f61__A1_Q28943--8f61__B1_Q28943,0.8910050929738987,0.5,True
7udi__B1_Q9RYE6--7udi__A1_Q9RYE6,0.9191920803476866,0.5,True
5ho3__A1_W6KHH6--5ho3__B1_W6KHH6,0.8874104667095257,0.5,True
1u5i__A1_Q07009--1u5i__B1_Q64537,0.9664167884728333,0.5,False
1cmc__A1_P0A8U6--1cmc__B1_P0A8U6,0.9415267198241941,0.5,True
6oe2__A1_Q8A9F0--6oe2__A2_Q8A9F0,0.9895002390699936,0.5,True
3ent__A1_Q2YAE2--3ent__B1_Q2YAE2,0.9698091123066187,0.5,True
2y4g__A1_D3Y1I2--2y4g__B1_D3Y1I2,0.9500658115786815,0.5,True
7ec7__A1_A0A0H2XGN0--7ec7__A2_A0A0H2XGN0,0.976857564373942,0.5,True
2o11__A1_P9WPY1--2o11__A2_P9WPY1,0.8711753228307693,0.5,True
8abq__A1_Q13596--8abq__B1_Q9Y5X3,0.9540727372921763,0.5,False
6shw__A1_Q96724--6shw__A2_Q96724,0.7582922725633938,0.5047169811320755,True
7wn7__B1_Q99H25--7wn7__A1_Q99H25,0.8892598572769268,0.5,True
2sak__A1_P68802--2sak__A2_P68802,0.7273053523822545,0.5,True
8h5e__A1_Q5SMG8--8h5e__B1_Q5SMG8,0.8408725455390964,0.5,True
8bgm__B1_A0A5P3XKL3--8bgm__A1_A0A5P3XKM0,0.9117121162325162,0.5,False
8sua__A1_UNDEFINED--8sua__A2_UNDEFINED,0.9911673567010534,0.5,True
2ps8__A1_P13513--2ps8__B1_P13513,0.9743492621208731,0.5,True
6awl__A1_O75208--6awl__B1_O75208,0.9664160260675005,0.5,True
4qds__A1_O60462--4qds__B1_O60462,0.9671479385776083,0.5,True
6qky__B1_Q97P33--6qky__A1_Q97P33,0.8716000137856394,0.5,True
7nli__B1_P08405--7nli__A1_P08405,0.9400752136051004,0.5,True
8p3m__A1_W0DP94--8p3m__B1_W0DP94,0.9862209433061416,0.5,True
5v7y__A1_A0A4Y1WAP5--5v7y__B1_A0A4Y1WAP5,0.8874879653401798,0.5,True
4aps__A1_Q5M4H8--4aps__B1_Q5M4H8,0.9228182542917744,0.5,True
7ucn__A1_P50120--7ucn__B1_P50120,0.7495664074115957,0.5,True
1ni5__A1_P52097--1ni5__A2_P52097,0.9830522217188149,0.5,True
8d04__B1_UNDEFINED--8d04__A1_UNDEFINED,0.8573593617680723,0.5142352662675683,True
4a5o__B1_Q9I2U6--4a5o__A1_Q9I2U6,0.9713789687417842,0.5,True
8q5k__A1_A0A0H2Z7A6--8q5k__A2_A0A0H2Z7A6,0.8992503542337185,0.5,True
1ww5__A1_Q6WY08--1ww5__D1_Q6WY08,0.9811522811275545,0.5,True
7ww2__A1_A0A4Q9D6T1--7ww2__B1_A0A4Q9D6T1,0.9473313811799859,0.5,True
2pfk__A1_P0A796--2pfk__B1_P0A796,0.9170049284815892,0.5,True
1i2m__B1_P18754--1i2m__A1_P62826,0.908277881764093,0.5,False
8i2e__A1_O34841--8i2e__B1_P54421,0.9567083008790475,0.5,False
3pfl__A1_P09373--3pfl__B1_P09373,0.9846121185010059,0.5,True
6gho__B1_Q5L1S1--6gho__A1_O31602,0.8176969556123634,0.5,False
1glj__A1_P0A6F3--1glj__B1_P0A6F3,0.9900011404352885,0.5,True
4zq8__B1_A0A0M3KL36--4zq8__A1_A0A0M3KL36,0.9318479933537913,0.5,True
5h4h__B1_O58236--5h4h__A1_O58236,0.9640099575992472,0.5,True
4iv9__A1_P06617--4iv9__B1_P06617,0.9280089333952936,0.5,True
6sdk__A1_P26497--6sdk__B1_P26497,0.9326701431124326,0.5,True
2fq4__A1_Q81BJ4--2fq4__A2_Q81BJ4,0.9788876789926737,0.5,True
7zeq__B1_Q9WXT1--7zeq__A1_Q9WXT1,0.9567311840677611,0.5,True
5z5h__A1_Q2I2N4--5z5h__A2_Q2I2N4,0.982856796101807,0.5,True
2fe1__A1_Q8ZZP3--2fe1__A2_Q8ZZP3,0.972442086286306,0.5,True
7wik__B1_A0R1E6--7wik__A1_A0R1E6,0.9090662166825952,0.5,True
7t8o__B1_Q8Y8Y9--7t8o__A1_Q8Y8Y9,0.9384062244199061,0.5,True
7t91__A1_P08151--7t91__B1_P08151,0.8497817814708395,0.5,True
3lg6__A1_D2YW48--3lg6__B1_D2YW48,0.9776862254674547,0.5,True
2o9a__A1_P16528--2o9a__D1_P16528,0.9761003335911093,0.5,True
1zhq__A1_Q9RHG4--1zhq__B1_Q9RHG4,0.8549250006177873,0.5,True
2e0k__B1_Q8KFD9--2e0k__A1_Q8KFD9,0.9345153309269733,0.5,True
6izb__A1_P13693--6izb__A2_P13693,0.8789929728545648,0.5,True
3a2f__A1_P61875--3a2f__B1_O73947,0.9889101188223245,0.5,False
3isx__A1_Q9X0E0--3isx__A2_Q9X0E0,0.9270745385014548,0.5,True
2vkj__A1_Q9X1W9--2vkj__B1_Q9X1W9,0.9282378378916358,0.5,True
5csr__D1_Q9HLB6--5csr__A1_Q9HLB6,0.9788863832427769,0.5,True
1iq8__A1_O58843--1iq8__B1_O58843,0.8718513381509171,0.5,True
3tbm__A1_Q8XVB9--3tbm__B1_Q8XVB9,0.8960646259148907,0.5,True
7tur__B1_P00503--7tur__A1_P00503,0.9342051199810337,0.5,True
3vol__A1_Q9I6V6--3vol__A2_Q9I6V6,0.8960717568043434,0.5,True
3jqz__A1_P02768--3jqz__B1_P02768,0.9069793851486093,0.5,True
1vkd__A1_Q9X0V2--1vkd__B1_Q9X0V2,0.874601760898561,0.5,True
8b31__B1_A0A2W4LV58--8b31__A1_A0A2W4LV58,0.9602694535599561,0.5,True
7bzk__A1_Q9SJ89--7bzk__B1_Q6NPF9,0.960587527865775,0.5,False
3cgh__A1_Q8A0N7--3cgh__A2_Q8A0N7,0.9833077685125434,0.5,True
5vlb__A1_G7IKX3--5vlb__B1_G7IKX3,0.8662825942983409,0.5,True
2oer__B1_Q9I3U1--2oer__A1_Q9I3U1,0.9899840761391036,0.5,True
2ylz__A1_Q47PU3--2ylz__A2_Q47PU3,0.8896275034675712,0.5,True
8bjp__B1_A0A1W6VSR4--8bjp__A1_A0A1W6VSR4,0.8993382592682737,0.5,True
6kcx__A1_Q9WZL1--6kcx__A2_Q9WZL1,0.9791487606950167,0.5,True
4q69__A1_Q8A5I0--4q69__B1_Q8A5I0,0.9685273101634988,0.5,True
7xmj__C1_A9QSE8--7xmj__A1_A9QSE8,0.9301135319275445,0.5,True
1pix__A1_Q06700--1pix__B1_Q06700,0.9383242103600229,0.5,True
3l8i__B1_Q9BUL8--3l8i__A1_Q9BUL8,0.9481119943739945,0.5,True
6l2u__A1_Q27RN2--6l2u__B1_Q27RN2,0.8772244589153989,0.5,True
6sl2__A1_C4LWU6--6sl2__A2_C4LWU6,0.9195291150883389,0.5,True
1u6z__B1_P0AFL6--1u6z__A1_P0AFL6,0.9758527544657469,0.5,True
3pm9__A1_Q6NAV4--3pm9__B1_Q6NAV4,0.9051139468292766,0.5,True
3a5y__B1_P0A8N7--3a5y__A1_P0A8N7,0.937200112560291,0.5,True
7xgn__A1_UNDEFINED--7xgn__B1_UNDEFINED,0.930095155342111,0.5,True
6bn1__B1_Q9VCR6--6bn1__A1_Q8T0S6,0.6417650257492884,0.5,False
8ji6__A1_A0A861B387--8ji6__B1_A0A861B387,0.9756494525026971,0.5,True
2pjs__A1_A9CIG0--2pjs__B1_A9CIG0,0.9460322545780193,0.5,True
8ke8__A1_Q9HXS0--8ke8__B1_Q9HXS0,0.9348728260544263,0.5,True
3h7l__A1_Q87LX4--3h7l__A2_Q87LX4,0.9427696339313008,0.5,True
7zs8__A1_A0A1D3HIT0--7zs8__B1_A0A1D3HIT0,0.9611774852505094,0.5,True
2vc4__A1_P02879--2vc4__A2_P02879,0.8856983937486433,0.5,True
1xe8__B1_Q03629--1xe8__A1_Q03629,0.9767278786159954,0.5,True
7tn6__A1_Q84Y01--7tn6__A2_Q84Y01,0.9320224598930481,0.5,True
7yo6__A1_G8GLP2--7yo6__A2_G8GLP2,0.9598414597012418,0.5,True
8k76__A1_Q8R6D8--8k76__B1_Q8R6D8,0.9856060116622705,0.5,True
1vgx__B1_Q9RRU8--1vgx__A1_Q9RRU8,0.913375303350978,0.5,True
3cet__B1_Q6M145--3cet__A1_Q6M145,0.952150450216337,0.5,True
4zlh__B1_P0AB60--4zlh__A1_P0AB60,0.982314650769132,0.5,True
2y84__A1_Q7WT50--2y84__E1_Q7WT50,0.9540550543946242,0.5,True
4me9__A1_Q736B0--4me9__B1_Q736B0,0.9245376263448551,0.5,True
2z51__A1_Q93W20--2z51__A2_Q93W20,0.8571623377057435,0.5,True
8ajq__A1_Q9I0C0--8ajq__B1_Q9I0C0,0.8901466940437733,0.5,True
3gdm__A1_P03962--3gdm__B1_P03962,0.9826814627882285,0.5,True
5khn__A1_UNDEFINED--5khn__B1_UNDEFINED,0.9642111383177033,0.5,True
7yfj__A2_Q15007--7yfj__B1_Q15007,0.8768409519441472,0.5,True
2rkl__F1_Q06263--2rkl__E1_Q06263,0.9469790598402974,0.5,True
8cwp__A1_Q06282--8cwp__A2_Q06282,0.9704980042561121,0.5,True
4neh__A1_P20702--4neh__B1_P05107,0.919718527143208,0.5,False
2prv__A1_O34596--2prv__B1_O34596,0.9675279629450724,0.5,True
6kvn__A1_A0A1S4CVP6--6kvn__A2_A0A1S4CVP6,0.9316002245856697,0.5,True
5tgq__A1_A0A1S4NYF7--5tgq__A2_A0A1S4NYF7,0.9866967983472839,0.5,True
6b3i__A1_P27216--6b3i__B1_P27216,0.9550418217242922,0.5,True
1rqn__A1_O31156--1rqn__B1_O31156,0.9977715191950125,0.5,True
7tcr__A1_A0A2D2D5M1--7tcr__D1_A0A2D2CY73,0.9545124851297669,0.5,False
5l7z__A1_P28750--5l7z__A2_P28750,0.9307267498066512,0.5,True
7ljh__A1_Q769D3--7ljh__B2_Q769D3,0.9793851234086304,0.5,True
5frk__A1_D4I047--5frk__B1_D4I047,0.8241134113058901,0.5,True
7xmw__B1_U2Q5N5--7xmw__A1_U2Q5N5,0.7950065332972875,0.5,True
7w2o__A1_Q9HZP1--7w2o__B1_Q9HZP1,0.9870857145793273,0.5,True
7uay__A1_P08684--7uay__A2_P08684,0.9988892421068928,0.5,True
5czf__D1_A0A0H3JHG3--5czf__A1_Q8XAD5,0.7719915363464512,0.5,False
8p4l__A1_UNDEFINED--8p4l__B1_UNDEFINED,0.9791139393627748,0.5,True
2p6p__A1_Q9RPA7--2p6p__B1_Q9RPA7,0.9145972809400489,0.5,True
4u64__A1_Q5ZXA3--4u64__A2_Q5ZXA3,0.9526315391021274,0.5,True
7qbm__A1_P43235--7qbm__B1_P43235,0.8837542438125529,0.5,True
3nvm__A1_Q8U4M1--3nvm__B1_Q8U4M2,0.8746165299351023,0.5,False
7q86__A1_UNDEFINED--7q86__B1_UNDEFINED,0.9371663592506256,0.5,True
3wws__A1_Q13188--3wws__D1_Q13188,0.7390619136960601,0.5,True
4c87__A1_F9UMG7--4c87__B1_F9UMG7,0.9335599448108499,0.5,True
2d7e__A1_P17888--2d7e__B1_P17888,0.917260010591577,0.5084280343369036,True
7xro__A1_Q9RQ20--7xro__B1_Q9RQ20,0.8869642936248039,0.5,True
5yrj__A1_B6F0T7--5yrj__B1_A0A2Z5V8U8,0.9013024221799619,0.5,False
6yev__C1_P0A744--6yev__A1_P0AA25,0.8196412500387922,0.5,False
8glr__A1_Q8ZJX7--8glr__A2_Q8ZJX7,0.9258483455468839,0.5,True
5fwt__A1_Q96MU8--5fwt__A2_Q96MU8,0.9383713676446201,0.5,True
4e6s__A1_Q3URR7--4e6s__A2_Q3URR7,0.8981797316243803,0.5,True
8enb__B1_A7DT38--8enb__A1_A0T3A2,0.7727023127611008,0.5,False
8h4p__A1_I1S104--8h4p__B1_I1S104,0.9352993716781635,0.5,True
4cu5__A1_B6SBV8--4cu5__F1_B6SBV8,0.9879350874751928,0.5,True
7yo8__A1_P60520--7yo8__A2_P60520,0.7787090729140489,0.5,True
8elf__B1_Q6DYE4--8elf__A1_Q6DYE4,0.8997475738244365,0.5,True
1ax2__A1_P16404--1ax2__A2_P16404,0.9424459813713466,0.5,True
8i33__C1_A0A6Q8PFJ0--8i33__A1_A0A6Q8PFJ0,0.917942259252083,0.5,True
3q9l__A1_P0AEZ3--3q9l__B1_P0AEZ3,0.9340820183290385,0.5,True
8ak1__A1_UNDEFINED--8ak1__B1_O25273,0.9160028429146553,0.5,False
2yk4__A1_P72097--2yk4__A2_P72097,0.9218190311313128,0.5,True
7u5f__C1_Q9HTM2--7u5f__A1_Q9HTM2,0.9652782538567155,0.5,True
5xt3__B1_A0A0U1MUE2--5xt3__A1_A0A0U1MUE2,0.9663009611322348,0.5,True
5iws__A1_Q63GK8--5iws__A2_Q63GK8,0.9106976364288457,0.5,True
2owl__A1_P36767--2owl__B1_P36767,0.868003212418601,0.5,True
8bca__A1_O75643--8bca__B1_Q6P2Q9,0.793630137741776,0.5,False
4ml7__A1_P61626--4ml7__B1_UNDEFINED,0.8019518234589754,0.5,False
3mcb__B1_P20290--3mcb__A1_Q13765,0.8487345315546632,0.4995077125041024,False
8gy8__A1_Q8TZT0--8gy8__B1_Q8TZT0,0.9505810046587186,0.5,True
8dkd__A1_G7CIP4--8dkd__A2_G7CIP4,0.9518961706407048,0.5,True
7dus__A1_P08965--7dus__A2_P08965,0.915857171235598,0.5,True
8gb1__A1_Q9Y3Z3--8gb1__B1_Q9Y3Z3,0.9488808986990177,0.5,True
7cov__A1_Q06801--7cov__A2_Q06801,0.9360876033908622,0.5,True
6ign__A1_Q61768--6ign__A2_Q61768,0.811872492290483,0.5,True
1fzr__A1_P00641--1fzr__B1_P00641,0.9464836473900802,0.5,True
3be5__A1_Q8XBR1--3be5__B1_Q8XBR1,0.9352684184817813,0.5,True
2ecs__A1_P03040--2ecs__B1_P03040,0.9247372372372372,0.5,True
4hn3__B1_Q8Y6D1--4hn3__A1_Q8Y6D1,0.9256369808626873,0.5,True
4o8y__A1_Q08723--4o8y__B1_P43588,0.9207878483729759,0.5,False
7uoi__A1_A0A1S8KJG1--7uoi__A2_A0A1S8KJG1,0.957775362340028,0.5,True
7vma__A1_C5A758--7vma__A2_C5A758,0.9781386701007461,0.5,True
7d9m__A1_A0A4D6NYT7--7d9m__B2_A0A4D6NYT7,0.9417801871930314,0.5,True
2py8__C1_Q55670--2py8__B1_Q55670,0.864603394318729,0.5,True
7ytl__A1_E1BR24--7ytl__A2_E1BR24,0.9944697415480196,0.5,True
7vxt__A1_Q63W52--7vxt__B1_Q63W52,0.9088180652431754,0.5,True
5cv3__A1_E3M3V1--5cv3__A2_E3M3V1,0.9235011833793972,0.5,True
8c9v__A1_Q1JXV1--8c9v__A2_Q1JXV1,0.9808787305951767,0.5,True
3tsn__A1_Q9PN58--3tsn__B1_Q9PN58,0.9304697260744628,0.5,True
8j51__A1_A0A0E9MUN5--8j51__B1_A0A0E9MUN5,0.9488187329826019,0.5,True
6cz9__A1_Q7WTU0--6cz9__B1_Q7WTT9,0.9272814863292612,0.5,False
8pzo__A1_F9UT68--8pzo__A2_F9UT68,0.9664457289921973,0.5,True
3tqg__B1_Q83DG4--3tqg__A1_Q83DG4,0.9306241579224873,0.5,True
7czg__C1_Q8TDY2--7czg__A1_Q8TDY2,0.9362974404236539,0.5,True
7eev__B1_A0A3D9R4E8--7eev__A1_A0A3D9R4E8,0.9077754724506895,0.5,True
8ori__A1_Q2KB35--8ori__B1_Q2KB35,0.9327298523960827,0.5,True
7o6z__A1_A0A7R8L7W4--7o6z__B1_A0A7R8L7W4,0.9637118848858812,0.5,True
8pmr__A1_Q4WL81--8pmr__B1_Q4WL81,0.7520784828589017,0.5,True
7u34__A1_Q4X1J1--7u34__A2_Q4X1J1,0.9362842653918458,0.5,True
3fmy__A1_Q46864--3fmy__A2_Q46864,0.9690541132100885,0.5,True
7f0o__B1_A0A2I1C3W8--7f0o__A1_A0A2I1C3W8,0.9580070011908712,0.5,True
3ojm__B1_P21802--3ojm__A1_P05230,0.8034771137074059,0.5,False
6xgz__A1_P63386--6xgz__B1_P64602,0.9197319476721686,0.5,False
7x2y__A1_A0A076PYH9--7x2y__B1_A0A076PYH9,0.9722439446851423,0.5,True
8i34__A1_A0AA52HX42--8i34__B1_A0AA52HX50,0.9621689180327869,0.5,False
5i4h__B1_P07711--5i4h__A1_P07711,0.8464536334868837,0.5,True
4e6h__A1_Q6CII8--4e6h__A2_Q6CII8,0.9809238791028912,0.5,True
6x7p__A1_Q8GGP1--6x7p__A2_Q8GGP1,0.9770134242946131,0.5,True
3exq__A1_Q03S37--3exq__A2_Q03S37,0.8354192188329453,0.5,True
2qvc__A1_Q9WXW9--2qvc__B2_Q9WXW9,0.9852734946529614,0.5,True
6yoa__A1_O82015--6yoa__B1_O82015,0.9392914000486837,0.5,True
7qnm__A1_G0L7V6--7qnm__B1_G0L7V6,0.9835113245569047,0.5,True
3p8v__A1_Q9V228--3p8v__B1_Q9V228,0.9705804029715235,0.5,True
4re1__A1_P28347--4re1__D1_P46937,0.8929717527608307,0.5,False
8iw5__A1_Q8C8U0--8iw5__B1_Q8C8U0,0.8200580959416152,0.5168539325842697,True
7sq2__B1_Q01970--7sq2__A1_P21279,0.9374958491871594,0.5,False
4lqx__B1_Q97VD2--4lqx__A1_Q97VD2,0.9904303392766617,0.5,True
3owf__A1_P00644--3owf__A2_P00644,0.9311988746588107,0.5,True
2dpl__A1_O59072--2dpl__B1_O59072,0.964181817855843,0.5,True
4ap5__A1_Q9Y2G5--4ap5__B1_Q9Y2G5,0.9659958946382322,0.5,True
8evy__A1_Q9LCT6--8evy__A2_Q9LCT6,0.985646947861613,0.5,True
5npo__A1_P62593--5npo__B1_D3INY1,0.8718690022997027,0.5,False
5uhs__A1_B0SR19--5uhs__B1_B0SR19,0.7801321394848371,0.5,True
5t3v__B1_Q9Y2C4--5t3v__A1_Q9Y2C4,0.9199667204580255,0.5,True
8f2l__A1_P9WJY9--8f2l__B1_P9WJY9,0.9545177714139685,0.5,True
8h1l__B1_A0A7U4E834--8h1l__A1_A0A7U4E834,0.864388619568248,0.5,True
1nye__A1_P0C0L2--1nye__B1_P0C0L2,0.8441300935489812,0.5,True
2ou6__A1_Q9RVG4--2ou6__A2_Q9RVG4,0.9149963368829453,0.5,True
3k1i__D1_O25709--3k1i__A1_O25448,0.5753372984543046,0.5,False
1vbi__A1_Q53W84--1vbi__A2_Q53W84,0.9361276094591041,0.5,True
2oqb__A1_Q4AE70--2oqb__B1_Q4AE70,0.8665481910579087,0.5,True
8ajy__A1_A0AEF6--8ajy__B1_UNDEFINED,0.9118997949055957,0.5,False
6saz__B1_Q9UGM5--6saz__A1_P07584,0.9118609563832794,0.5,False
8gzy__A1_P0A9A6--8gzy__B1_UNDEFINED,0.894021983239865,0.5,False
6l9x__A1_F6VRB7--6l9x__A2_F6VRB7,0.8105524591766892,0.5,True
3ica__B1_Q7MXR4--3ica__A1_Q7MXR4,0.9045703768949114,0.5,True
6o15__A1_P39353--6o15__B1_P39353,0.9370406876994077,0.5,True
2ohc__A1_Q9HIY5--2ohc__B1_Q9HIY5,0.9514488788318639,0.5,True
8qfo__A1_A0A840P3H4--8qfo__B1_A0A840P3H4,0.9169782751304032,0.5,True
5zmy__A1_F1LJ99--5zmy__B1_F1LJ99,0.9420919028773479,0.5,True
6tx3__B1_Q9NWY4--6tx3__A1_Q9UGN5,0.9559007067973411,0.5,False
4tx5__A1_Q9NR28--4tx5__B1_Q9NR28,0.887161477896816,0.5,True
7wnk__B1_A0A1E5TT85--7wnk__A1_A0A1E5TT85,0.9827843236409609,0.5,True
2fn0__B1_Q9X9I8--2fn0__A1_Q9X9I8,0.9957140329930304,0.5,True
5x89__A1_Q8TGZ7--5x89__A2_Q8TGZ7,0.919000440819925,0.5,True
2j0t__A1_P03956--2j0t__D1_P01033,0.9269159879017589,0.5,False
2i9i__A1_O25234--2i9i__A2_O25234,0.9214261882763577,0.5,True
3rtr__G1_Q13616--3rtr__H1_P62877,0.9496463951884577,0.5,False
8bjd__A1_UNDEFINED--8bjd__A2_UNDEFINED,0.9645121669937928,0.5,True
7lq2__A1_A0A023X3Z4--7lq2__B1_A0A023X3Z4,0.8464636624203103,0.5,True
6aht__A1_A1BZ87--6aht__B1_A1BYM8,0.9145591102857922,0.5,False
8tto__A1_UNDEFINED--8tto__B1_UNDEFINED,0.8928800108220227,0.5220859448978672,True
8czp__A1_A0A0D5ZBI4--8czp__B1_A0A0D5ZBI4,0.94348865190876,0.5,True
4ro3__A1_M1RHE3--4ro3__B1_M1RHE3,0.9376580391221375,0.5,True
1c0n__A1_P77444--1c0n__A2_P77444,0.9074455815199876,0.5,True
7tq0__A1_P00459--7tq0__A2_P00459,0.9801886857104901,0.5,True
1o4w__A1_O29664--1o4w__A2_O29664,0.9890496453446379,0.5,True
4jzp__A1_P51572--4jzp__B1_P51572,0.9294665184773548,0.5,True
2or2__A1_P08954--2or2__B1_P08954,0.9863975362587631,0.5,True
5xdf__B1_Q5SL04--5xdf__A1_Q5SL04,0.9417565201943288,0.5,True
6kr4__A1_P10586--6kr4__E1_P60469,0.941671260038202,0.5,False
1itv__A1_P14780--1itv__B1_P14780,0.9292883411889653,0.5,True
8e51__A1_A0A5N5MKD0--8e51__B1_UNDEFINED,0.73006993006993,0.5,False
2qgi__A1_P05449--2qgi__B1_P05449,0.9381786817722146,0.5,True
1a19__A1_P11540--1a19__B1_P11540,0.8870308664829213,0.5,True
8a9x__A1_P15752--8a9x__C1_P15752,0.9631442070619317,0.5,True
3onm__A1_UNDEFINED--3onm__B1_UNDEFINED,0.900423529232046,0.5,True
7wrs__A1_Q5ZJ86--7wrs__B1_UNDEFINED,0.8796759993276771,0.5,False
8e9e__B1_Q02293--8e9e__A1_Q04631,0.8923182009550952,0.5,False
2h4c__A1_Q7T2R1--2h4c__B1_Q7T3T5,0.8734000310036847,0.5,False
2bdt__A1_Q9K6P2--2bdt__A2_Q9K6P2,0.9280157601758323,0.5,True
5vbn__A1_P56282--5vbn__B1_Q07864,0.9447794086763109,0.5,False
8gt0__A1_Q8I6U4--8gt0__B1_P01040,0.9624806657516939,0.5,False
5lrr__A1_P22262--5lrr__B1_P22262,0.9664276290642764,0.5,True
4y7i__A1_Q96EF0--4y7i__B1_Q96EF0,0.9868837554433643,0.5,True
1who__A1_P43214--1who__A2_P43214,0.8604541651425521,0.5,True
4g10__A1_Q9WXJ9--4g10__A2_Q9WXJ9,0.9489526985954061,0.5,True
8q4k__A1_O51180--8q4k__B1_O51180,0.9063035888381336,0.5,True
6hp3__A1_O31927--6hp3__B1_O31927,0.9106140712957755,0.5,True
8hs0__A1_Q9LIR4--8hs0__A2_Q9LIR4,0.9525975716310371,0.5,True
6gz1__A1_P10151--6gz1__A2_P10151,0.9438546977174165,0.5,True
8pbu__A1_P27708--8pbu__A2_P27708,0.9190453923132131,0.5,True
7zjc__A1_P0DV83--7zjc__A2_P0DV83,0.9327993195896638,0.5,True
6ecu__B1_Q8RJY3--6ecu__A1_Q8RJY3,0.9554041328228231,0.5,True
4x2d__A1_UNDEFINED--4x2d__C2_UNDEFINED,0.9787831830952751,0.5,True
7p0h__A1_O26008--7p0h__C1_O26008,0.9744908645876347,0.5,True
5b3g__B1_Q9SZF7--5b3g__A1_Q9M384,0.9594133344275764,0.5,False
7vzy__B1_Q84G19--7vzy__A1_Q84G19,0.9620174802334334,0.5,True
2q3t__A1_Q9LUJ3--2q3t__A2_Q9LUJ3,0.8919323563731208,0.5,True
8j3t__A1_A0A0G2TMR2--8j3t__B1_A0A0G2TMR2,0.985032879036485,0.5,True
7pt0__A1_Q9KYU4--7pt0__B1_Q9KYU4,0.9512630837359098,0.5,True
6m09__B1_Q8LDU1--6m09__A1_Q8LDU1,0.9583025499086368,0.5,True
7uxs__B1_J8G6Z1--7uxs__A1_J8G6Z1,0.9517580464263647,0.5,True
2q03__A1_Q12ML0--2q03__B1_Q12ML0,0.8972142613926564,0.5,True
6kcp__B1_Q9VAA9--6kcp__A1_Q9VAA9,0.8704235897924594,0.5,True
3zn4__A1_C8CHL4--3zn4__A2_C8CHL4,0.9419356597704589,0.5,True
6sj4__B1_A0A022MQ12--6sj4__A1_A0A022MQ12,0.9335990789318379,0.5,True
5cyy__A1_P9WG63--5cyy__B1_P9WG63,0.9412971349675335,0.5,True
3tj3__A1_P52294--3tj3__B1_Q9UKX7,0.8064285934989495,0.5,False
3i32__A1_Q72GF3--3i32__A2_Q72GF3,0.9724664939037991,0.5,True
1jk9__B1_P40202--1jk9__A1_P00445,0.9572563995337929,0.5,False
4z3u__B1_G3G955--4z3u__A1_G3G8X8,0.9128091482199908,0.5,False
4e4w__A1_P38920--4e4w__B1_P14242,0.9614319282892159,0.5,False
5yw5__A1_Q5NII9--5yw5__D1_Q5NII9,0.9034692256499431,0.5,True
3ab8__A1_Q5SLE3--3ab8__B1_Q5SLE3,0.8076348838771954,0.5,True
3mxt__A1_Q9PIK2--3mxt__A2_Q9PIK2,0.9159350305802121,0.5,True
1wr8__B1_O50129--1wr8__A1_O50129,0.981768863782428,0.5,True
7war__B1_A0A1B6PFV1--7war__A1_A0A1B6PFV1,0.9367330373084102,0.5,True
7fn1__B1_P32357--7fn1__A1_P33334,0.9391175436128307,0.5,False
7xl7__A1_A0A2J0R8J6--7xl7__B1_A0A2J0R8J6,0.7801290626238605,0.5,True
8vc5__A1_Q9XCL6--8vc5__B1_Q9XCL6,0.9748147466566365,0.5,True
5jfz__A1_P20605--5jfz__B1_P0ADX5,0.8478219140282893,0.5,False
1gkh__A1_P69543--1gkh__A2_P69543,0.9482529080334424,0.5,True
5g37__B1_P10565--5g37__A1_P06575,0.8624684441938331,0.5,False
2gjx__A1_P06865--2gjx__B1_P07686,0.9367250886663114,0.5,False
3aqb__B1_O66129--3aqb__A1_O66127,0.9086791946308724,0.5,False
8q1a__A1_Q16790--8q1a__C2_Q16790,0.8764894536114095,0.5,True
8ezt__D2_UNDEFINED--8ezt__A1_UNDEFINED,0.9183455820490153,0.5,True
5ez1__B1_P56112--5ez1__A1_P56112,0.9277314524726918,0.5,True
3lwd__A1_Q1QTX1--3lwd__A2_Q1QTX1,0.9742252198750596,0.5,True
4wic__A1_Q2FAE9--4wic__B1_Q2FAE9,0.8253354047757371,0.5,True
8dye__A1_P31040--8dye__B1_Q5VUM1,0.8535429332517621,0.5,False
6xnr__A1_UNDEFINED--6xnr__A2_UNDEFINED,0.9166786179975503,0.5,True
2ch6__A1_Q9UJ70--2ch6__D1_Q9UJ70,0.9639005030355103,0.5,True
3gpn__A1_P15873--3gpn__A2_P15873,0.9713835815752192,0.5,True
5y69__A1_A8ATW7--5y69__B1_A8ATW7,0.854633875739645,0.5,True
7th0__A1_P31667--7th0__A2_P31667,0.7509585473486219,0.5,True
2qh0__A1_Q97H22--2qh0__A2_Q97H22,0.9146727397453747,0.5,True
7uln__A1_P09514--7uln__B1_P09514,0.902149066757861,0.5,True
5ubb__A1_Q5VVY1--5ubb__A2_Q5VVY1,0.9949280856854525,0.5,True
5kvs__B1_O54512--5kvs__A1_O54512,0.9380637689815077,0.5,True
3frs__A1_P53990--3frs__A2_P53990,0.8900994446808279,0.5,True
3obv__A1_O08808--3obv__C1_O08808,0.9647346936473232,0.5,True
4wkz__A1_A0AEF5--4wkz__B1_W5IDC3,0.9162598552428227,0.5,False
3kt0__A1_Q12109--3kt0__A2_Q12109,0.9858205933703895,0.5,True
5i90__A1_G3XCY5--5i90__B1_G3XCY5,0.935447535653935,0.5,True
3bat__B1_P24733--3bat__A1_P24733,0.9009317784753489,0.5,True
2ps1__A1_P13298--2ps1__B1_P13298,0.9274724293297237,0.5,True
1fcd__A1_Q06530--1fcd__B1_Q06529,0.9712601004301165,0.5,False
8hy8__A1_A0A085BE66--8hy8__A2_A0A085BE66,0.9611510214183048,0.5,True
8har__A1_Q2L6E4--8har__B1_Q2L6E4,0.9804201050485989,0.5,True
8a60__A1_P06971--8a60__B1_Q38162,0.8538238096944382,0.5,False
4je4__A1_Q06124--4je4__B1_P02751,0.8146165665246774,0.5,False
2a6c__A1_Q82UW4--2a6c__A2_Q82UW4,0.875021999788802,0.5080991222484263,True
5k9l__B1_A8MW95--5k9l__A1_A8MW95,0.8924271229404309,0.5,True
5mzg__A1_P53368--5mzg__B1_P53368,0.912434794613917,0.5,True
6lfn__A1_UNDEFINED--6lfn__B1_UNDEFINED,0.7327179955667361,0.5,True
7ucc__B1_P17535--7ucc__A1_P53539,0.8975119519589552,0.5,False
8d0x__A1_Q9Y231--8d0x__A2_Q9Y231,0.8767445971310106,0.5,True
6ano__B1_Q9UKL3--6ano__A1_Q9UKL3,0.9231075450289387,0.5,True
6et2__A1_Q9I4X1--6et2__B1_Q9I4X2,0.9318253430785594,0.5,False
6d0a__A1_Q8N5Z0--6d0a__A2_Q8N5Z0,0.9458094311194345,0.5,True
2xga__B1_P35530--2xga__A1_P35530,0.9768092917077986,0.5,True
2i3o__A1_Q9HJH4--2i3o__B1_Q9HJH4,0.9267201491162209,0.5,True
1ijx__A1_P97401--1ijx__C1_P97401,0.9327162640901772,0.5,True
6h2u__A1_Q9NRN9--6h2u__B1_Q9UI30,0.8983934024989753,0.5,False
8h2v__A1_Q93HT8--8h2v__B1_Q93HT8,0.9614600818256037,0.5,True
1wat__B1_P02941--1wat__A1_P02941,0.9503991100275256,0.5,True
2nyh__A1_Q13JM0--2nyh__B1_Q13JM0,0.8224689988360486,0.5,True
7y9b__A1_A3EXD6--7y9b__B1_A3EXD6,0.8608765860586929,0.5,True
7yuj__B1_Q9BYM8--7yuj__A1_Q9BYM8,0.7062461778974802,0.5,True
8c5k__A1_P87252--8c5k__A2_P87252,0.8787196678303033,0.5,True
2spc__A1_P13395--2spc__B1_P13395,0.8401136817452636,0.5,True
6q2e__A1_A5UMY5--6q2e__B1_A5UMY5,0.8975720669730488,0.5,True
4p8i__A1_P40746--4p8i__B1_P40746,0.9074823823207445,0.5,True
8gp6__B1_P16710--8gp6__A1_P07611,0.8508809875508929,0.5,False
8a82__A1_K7WEY7--8a82__B1_K7XCU4,0.9347305651293835,0.5,False
3a4l__B1_Q58933--3a4l__A1_Q58933,0.9759605992610805,0.5,True
1z52__A1_P09167--1z52__B1_P09167,0.8775501972386588,0.5,True
6c0g__A1_A0A3F2YLX1--6c0g__B2_A0A3F2YLX1,0.8285688460109372,0.5,True
8owi__A1_Q02224--8owi__B1_Q02224,0.8573816925734025,0.5,True
1k3r__B1_O26109--1k3r__A1_O26109,0.9767743082601367,0.5,True
7fga__A1_Q8DIJ4--7fga__B2_Q8DIJ4,0.9691411564980292,0.5,True
5akq__A1_O52063--5akq__B1_O52063,0.9806379641270221,0.5,True
7y86__B1_A0A0K2E3A3--7y86__A1_A0A0K2E3A3,0.9468463048700678,0.5,True
8d1u__A1_P0A6R0--8d1u__A2_P0A6R0,0.9676672623223452,0.5,True
1vqw__A1_Q9HFE4--1vqw__B1_Q9HFE4,0.9072368045857859,0.5,True
7rzb__A1_A0A229LVN5--7rzb__A2_A0A229LVN5,0.9398789091291988,0.5,True
6qta__A1_G0SHE6--6qta__B1_G0SC29,0.8703364385249057,0.5,False
7toc__A1_A0A2H0ZMH9--7toc__B1_A0A2H0ZMH9,0.9098662655213293,0.5,True
7ula__B1_Q88ND0--7ula__A1_Q88NC7,0.9821304666831832,0.5,False
8bes__A1_A0A856TAI5--8bes__B1_A0A856TAI5,0.9109754342233188,0.5,True
7ztw__A1_Q66578--7ztw__B1_Q66578,0.9416986385398596,0.5,True
7wjt__B1_Q8BZB3--7wjt__A1_Q8BZB3,0.8440418150862045,0.5,True
6j9n__A1_X5EPV9--6j9n__B1_A0A425B395,0.7650032442582875,0.5,False
1kll__A1_O05205--1kll__A2_O05205,0.9589704178918294,0.49996770025839793,True
8uel__A1_UNDEFINED--8uel__B1_UNDEFINED,0.9752884494391822,0.5,True
7xky__A1_Q58690--7xky__B1_Q58034,0.9399271195383468,0.5,False
4p04__A1_A0A0D6H805--4p04__B1_A0A0D6H805,0.8549023567862973,0.5,True
1txz__A1_Q04299--1txz__A2_Q04299,0.9852704049488882,0.5,True
4af5__A1_Q8NQ97--4af5__A2_Q8NQ97,0.929325069327058,0.5,True
8af9__A1_Q2YPZ9--8af9__H1_Q2YPZ9,0.9817433820837013,0.5,True
8gm9__D1_P9WPD3--8gm9__A1_P9WPD3,0.9477618132757867,0.5,True
7wsx__A1_D9PYV4--7wsx__B1_D9PYV4,0.9874302612999258,0.5,True
4g86__A1_Q79PF6--4g86__B1_Q79PF6,0.8764304832835191,0.5,True
3bq3__A1_Q12395--3bq3__A2_Q12395,0.8667146422422356,0.5,True
7eva__A1_P31490--7eva__A2_P31490,0.9227253906257002,0.5,True
8r7d__B1_G5EI71--8r7d__A1_Q8LJL3,0.7787477579911601,0.5,False
7pwy__A1_Q8TDX5--7pwy__B1_Q8TDX5,0.9871647096843692,0.5,True
3ut4__A1_A3DJ21--3ut4__B1_A3DJ21,0.9614234173436811,0.5,True
8eei__B1_A0A807MR40--8eei__A1_A0A807MR40,0.9879434662378913,0.5,True
8bp5__B1_A0A369SI82--8bp5__A1_A0A369SI82,0.9318134695493187,0.5,True
3l34__B1_Q9HT87--3l34__A1_Q9HT87,0.9103488947732266,0.5034965034965035,True
8god__A1_Q9UM07--8god__A2_Q9UM07,0.9493119515556998,0.5,True
1h9g__A1_P0A8V6--1h9g__A2_P0A8V6,0.9698047213450605,0.5,True
7qg6__D1_Q9HAU5--7qg6__C1_Q9H1J1,0.8139429309835565,0.5,False
8sz3__B2_Q9NY97--8sz3__A1_Q9NY97,0.9180855919282948,0.5,True
5a10__A1_G1FNI6--5a10__A2_G1FNI6,0.922636692804864,0.5,True
7qoc__A1_Q8NQV9--7qoc__B1_Q8NQV9,0.9761438991570145,0.5,True
8a90__B1_A0A7S9SWM2--8a90__A1_A0A7S9SWM2,0.9309800174148749,0.5,True
3iaa__A1_Q8KNE0--3iaa__B1_Q8KNE0,0.9004369601471716,0.5,True
3n50__B1_Q9H4W6--3n50__A1_Q9H4W6,0.9535600255427842,0.5,True
2qg3__A1_O28220--2qg3__A2_O28220,0.8871361678867387,0.5,True
7ysk__A1_Q6D6Z8--7ysk__B1_Q6D6Z8,0.9552427559766522,0.5,True
7spz__A1_A8B3G9--7spz__A2_A8B3G9,0.9696581411685923,0.5,True
4q2e__B1_Q9X1B7--4q2e__A1_Q9X1B7,0.8695886236377437,0.5,True
8cff__A1_Q7SIF4--8cff__B1_Q7SIF3,0.9369606999630427,0.5,False
8bxl__A1_A0A075TRK9--8bxl__D1_A0A075TRK9,0.9806067351728416,0.5,True
7uqo__A1_UNDEFINED--7uqo__A2_UNDEFINED,0.766106783063521,0.5,True
5d4v__C1_Q57913--5d4v__A1_Q57913,0.9379399357194207,0.5,True
2p23__A1_O95750--2p23__B1_O95750,0.6976958026828213,0.5,True
7u55__A1_A0A151EDA9--7u55__A2_A0A151EDA9,0.8834978736799577,0.5,True
1rkw__A1_P0A0N4--1rkw__C1_P0A0N4,0.9716789260779388,0.5,True
1ps6__A1_P19624--1ps6__B1_P19624,0.9751327932770948,0.5,True
2y21__L1_O28769--2y21__K1_O28769,0.9619309262166404,0.5,True
2z5i__A1_P58772--2z5i__B1_P58772,0.8804804160106865,0.5,True
5l7u__B1_A6L2E5--5l7u__A1_A6L2E5,0.9755886011058353,0.5,True
3egq__A1_O28458--3egq__B1_O28458,0.9708936170212767,0.5,True
7r3a__A1_Q6LYR8--7r3a__E1_Q6LYR8,0.9603125397700161,0.5,True
7yq0__A1_A0A101DF63--7yq0__B1_A0A101DF63,0.9737456937282826,0.5,True
3wsc__A1_Q25C86--3wsc__B1_Q25C86,0.8045931268372588,0.5,True
4pib__B1_Q2SVW5--4pib__A1_Q2SVW5,0.9168665646926516,0.5,True
7vmx__B1_P9WNN1--7vmx__A1_P9WNM1,0.8682674981931706,0.5,False
1ykd__A1_P94182--1ykd__B1_P94182,0.950599654063379,0.5,True
4ux7__A1_Q183F3--4ux7__B1_Q183F3,0.9120232592684385,0.5,True
3k3d__A1_P9WLZ7--3k3d__A2_P9WLZ7,0.9490318724147,0.5,True
7q1d__D2_P29808--7q1d__A1_P29808,0.8486802439968233,0.5,True
1sj5__A1_Q9WY07--1sj5__B1_Q9WY07,0.9459926124201222,0.5,True
4c12__A1_Q2FZP6--4c12__A2_Q2FZP6,0.9280572664549251,0.5,True
3k9m__A1_P07858--3k9m__B1_P01040,0.9529079562442162,0.5,False
1ccd__A1_P17559--1ccd__A2_P17559,0.8824445230567408,0.521505376344086,True
8xiz__A1_T2B4K5--8xiz__B1_T2B4K5,0.9238689975218831,0.5,True
7wz6__A1_P15806--7wz6__B1_P10085,0.9390027910445307,0.5,False
2i00__A1_Q831Y9--2i00__B1_Q831Y9,0.9588367225351615,0.5,True
5ffi__A2_Q44501--5ffi__B1_Q44501,0.8974275339537223,0.5,True
3cnk__A1_P21333--3cnk__B1_P21333,0.953242989190036,0.5153846153846153,True
8gt9__A1_A8MW95--8gt9__B1_A8MW95,0.8890495881998167,0.5,True
4l2w__B1_Q13464--4l2w__A1_Q13464,0.9220184447265765,0.5,True
3d0j__A1_Q97DI0--3d0j__A2_Q97DI0,0.9203705920328404,0.5,True
7qaj__F1_UNDEFINED--7qaj__A1_Q8JIV8,0.9276244754035896,0.5,False
4ct0__A1_P97784--4ct0__B1_O54943,0.7555355754993208,0.5,False
3av0__A1_Q58719--3av0__B1_Q58718,0.9543484456785255,0.5,False
8bln__A1_C9QZ65--8bln__H1_C9QZ65,0.9460578742488711,0.5,True
2riq__A1_P09874--2riq__A2_P09874,0.8396896149379888,0.5,True
8hd5__A1_Q99U17--8hd5__B1_Q99U17,0.9156365330180227,0.503968253968254,True
6xrb__A1_A0A0H3NHS6--6xrb__B1_A0A0H3NHS6,0.9676678575406309,0.5,True
8a1g__A1_Q13596--8a1g__C1_Q9Y5X3,0.952795079008271,0.5,False
8tn3__A1_Q643B9--8tn3__B1_Q643B9,0.9697874398210703,0.5,True
5ghs__A1_Q5JGL0--5ghs__C1_Q5JF31,0.8341969684914068,0.5,False
5umw__A1_A0A125SA26--5umw__F1_A0A125SA26,0.9610494349579328,0.5,True
7x7j__A1_UNDEFINED--7x7j__B1_UNDEFINED,0.9587115003702696,0.5,True
7zcv__B1_A0A0E7KI02--7zcv__A1_A0A0E7KI02,0.8789473805839378,0.5,True
6scq__A1_Q8NNN6--6scq__A2_Q8NNN6,0.9607892676825203,0.5,True
4ml9__A1_D1AMR0--4ml9__B1_D1AMR0,0.9332547802884407,0.5,True
7yfu__A1_Q8CG73--7yfu__B1_Q8CG73,0.9573400850332012,0.5,True
2yn3__C1_Q8ZKG6--2yn3__A1_Q8ZKG6,0.683863540625526,0.5,True
3ix1__A1_Q9K9G5--3ix1__B1_Q9K9G5,0.9250355936317669,0.5,True
7khs__A1_Q2CEE3--7khs__B1_Q2CEE3,0.9808221280303018,0.5,True
8k5l__A1_A0A829KK40--8k5l__B1_A0A829KK40,0.9780366612384651,0.5,True
2g0t__B1_Q9WZQ3--2g0t__A1_Q9WZQ3,0.97454556090142,0.5,True
3lr3__A1_Q63T74--3lr3__A2_Q63T74,0.9588797291438542,0.5,True
4pxq__A1_F1QR43--4pxq__B1_F1QR43,0.9635216930620415,0.5,True
4z5y__A1_Q88QV5--4z5y__A2_Q88QV5,0.9757356662694217,0.5,True
7zhf__A1_A0A0U2WWJ1--7zhf__A2_A0A0U2WWJ1,0.9521070639506023,0.5,True
6h86__A1_B5KM66--6h86__B1_B5KM66,0.8036685628239569,0.5,True
7saf__B1_Q6TLP8--7saf__A1_Q6TLP8,0.9188861919288002,0.5,True
7zj1__B1_P55265--7zj1__A1_P55265,0.8544627924724374,0.5,True
4g9k__A1_P32340--4g9k__B1_P32340,0.9482784020596549,0.5,True
8b35__A1_Q96562--8b35__B1_Q96562,0.9598015263822008,0.5,True
2rdz__A1_P0ABK9--2rdz__B1_P0ABK9,0.9608117132306574,0.5,True
6bzf__B1_P53061--6bzf__A1_P17122,0.892714877031935,0.5,False
5ydd__B1_P9WME7--5ydd__A1_P9WME7,0.9160237646246279,0.5,True
4czd__B1_B8J3A4--4czd__A1_B8J364,0.9012889986992787,0.5,False
3ft7__B1_Q54323--3ft7__A1_Q54323,0.8182875405415883,0.5,True
4pz1__A1_Q99XU0--4pz1__A2_Q99XU0,0.8464616789578882,0.5,True
2w1t__A1_P37554--2w1t__B1_P37554,0.9827724679572881,0.5036764705882353,True
7qz5__A1_A2RI36--7qz5__B1_A2RI36,0.9189731887648158,0.5,True
5h31__A1_Q14790--5h31__B1_Q14790,0.9491544651615906,0.5,True
8p33__A1_O51254--8p33__A2_O51254,0.9657611856865514,0.5,True
8orv__A1_A0A7H0DNF0--8orv__A2_A0A7H0DNF0,0.904959315405777,0.5,True
8oru__A1_O93732--8oru__B1_O93732,0.9709640501215603,0.5,True
1u7i__A1_Q9I3Y6--1u7i__B1_Q9I3Y6,0.9202114965040564,0.5,True
8slg__B1_G7CIG9--8slg__A1_G7CIG9,0.8971738599853419,0.5,True
3l2e__B1_Q6AW42--3l2e__A1_Q6AW43,0.9248422442021635,0.5,False
3b0a__A1_P0CG48--3b0a__B1_Q9WUB0,0.7380911780335175,0.5,False
6etz__A1_A0A023UGN9--6etz__A2_A0A023UGN9,0.924765028869755,0.5,True
7sfz__B1_Q9NYP9--7sfz__A1_Q9NYP9,0.8648968386130275,0.5,True
7wwf__A1_A0R6Y0--7wwf__B1_A0R6Y0,0.9698477603666804,0.5,True
8vdw__B1_T0TAB9--8vdw__A1_T0TAB9,0.9718263788702697,0.5,True
8ri0__A1_E4THH1--8ri0__B1_E4THH1,0.9359873854802888,0.5,True
5z2i__B1_Q54LT0--5z2i__A1_Q54LT0,0.8146890141047266,0.5,True
4miv__A1_P51688--4miv__B1_P51688,0.9588165038236461,0.5,True
3vh1__A1_P38862--3vh1__A2_P38862,0.9675333050730988,0.5,True
7z98__A1_E6V140--7z98__A2_E6V140,0.9657626661637658,0.5,True
2ond__A1_Q99LI7--2ond__B1_Q99LI7,0.9440027321653411,0.5,True
7vt9__A1_P21517--7vt9__B1_P21517,0.9331062816911766,0.5,True
1gju__A1_O33838--1gju__A2_O33838,0.9407718868488296,0.5,True
6hta__A1_A0A3F2YM29--6hta__B1_A0A3F2YM29,0.8114316812859789,0.5,True
3h7h__A1_P63272--3h7h__B1_O00267,0.9138783265248441,0.5,False
1dek__A1_P04531--1dek__B1_P04531,0.9701083403247251,0.5,True
4z39__A1_A0A0S2E5N6--4z39__B1_A0A0S2E5N6,0.8843400284075599,0.5,True
5ca9__A1_Q9C0L9--5ca9__A2_Q9C0L9,0.9277270989559754,0.5,True
2zvx__A1_P00974--2zvx__B1_P00974,0.8051119597292137,0.5,True
6x0a__A1_F7Y4W0--6x0a__S1_F7YBW8,0.80112807368759,0.5,False
7spq__A1_C5AMM8--7spq__A2_C5AMM8,0.9687488195341598,0.5,True
7spn__A1_A0A7C2VFT1--7spn__B1_A0A7C2VFT1,0.9854684396333937,0.5,True
1tv8__A1_P65388--1tv8__B1_P65388,0.7875235855292089,0.5,True
3mkr__B1_Q27954--3mkr__A1_Q28104,0.9573614191622031,0.5,False
1dqn__A1_Q24973--1dqn__B1_Q24973,0.9539012589373528,0.5,True
7tdq__A1_Q2HR80--7tdq__B1_Q2HR80,0.848430268220599,0.5,True
7xoi__A1_A0A5N6DPG0--7xoi__B1_A0A5N6EXS6,0.9076224220637684,0.5,False
8h62__A1_P0DJM0--8h62__B1_P12830,0.9164500491525073,0.5,False
7dyc__A1_UNDEFINED--7dyc__A2_UNDEFINED,0.7872533654196189,0.5,True
8bbt__A1_A0A0B4VFQ3--8bbt__A2_A0A0B4VFQ3,0.9706636410905742,0.5,True
3t2l__A1_Q5LE95--3t2l__A2_Q5LE95,0.9779195673176766,0.5,True
3uet__A1_B7GNN8--3uet__B1_B7GNN8,0.9073997490719968,0.5,True
8fdb__B1_Q12KP2--8fdb__A1_Q12KP2,0.8908585038247052,0.5,True
6ok3__A1_C3X9N1--6ok3__B1_C3X9N1,0.7217683976949063,0.5,True
8hp3__A1_A0A2K0XCZ3--8hp3__B1_A0A2K0XCZ3,0.9272250553257,0.5,True
7xkg__A1_A7NHS9--7xkg__B1_A7NHS9,0.9084730039303299,0.5,True
1l7e__A1_Q2RSB2--1l7e__B1_Q2RSB2,0.9524202526848029,0.5,True
8hn2__A1_Q9F722--8hn2__B1_Q9F722,0.9056066796239737,0.5,True
8gst__A1_Q1NEI7--8gst__B1_Q1NEI7,0.9670200812009742,0.5,True
7cq3__A1_P38324--7cq3__B1_Q12098,0.9343981660451155,0.5,False
5htf__A1_Q8Y759--5htf__B1_Q8Y759,0.9760888682521474,0.5,True
6c90__A1_P42285--6c90__B1_Q6NZY4,0.9022637727661299,0.5,False
6e1j__A1_C5J4P1--6e1j__B1_C5J4P1,0.914201326787125,0.5,True
3ccd__A1_P0AA04--3ccd__B1_P0AA04,0.8422176022176022,0.5,True
3dzl__B1_Q396C9--3dzl__A1_Q396C9,0.8962367510274714,0.5,True
4ir7__A1_UNDEFINED--4ir7__A2_UNDEFINED,0.9752140431812287,0.5,True
7nlj__B1_UNDEFINED--7nlj__A1_K3YAU1,0.7708119552534621,0.5,False
2y1h__B1_Q17R31--2y1h__A1_Q17R31,0.9192790021753705,0.5,True
7unj__A1_UNDEFINED--7unj__B1_UNDEFINED,0.9742663363751208,0.5,True
7lfs__A1_P00533--7lfs__E1_O14944,0.8914011087125696,0.5,False
6jiw__A1_A0A0H3JU78--6jiw__A2_A0A0H3JU78,0.8631031935359754,0.5,True
8ees__A1_A0A0H3GMB7--8ees__B1_A0A0H3GMB7,0.9841329918235134,0.5,True
4a5b__B1_Q27895--4a5b__A1_Q27895,0.9375214875766192,0.5,True
3nb6__A1_O66874--3nb6__A2_O66874,0.9128185548935864,0.5,True
5f8c__A1_O53532--5f8c__A2_O53532,0.9510407017995424,0.5,True
5yet__A1_Q5UQV1--5yet__B1_Q5UQV1,0.9639002838859386,0.5,True
8jt3__A1_H8Y6N2--8jt3__C1_H8Y6N2,0.8983086297919735,0.5,True
1ije__A1_P02994--1ije__B1_P32471,0.9274828719331197,0.5,False
6on4__A1_P0A8W0--6on4__B1_P0A8W0,0.9164566695502091,0.5,True
4zvc__A1_P0AA89--4zvc__B1_P0AA89,0.9641912302397078,0.5084745762711864,True
4qoa__A1_A7VAB9--4qoa__A2_A7VAB9,0.954777865255893,0.5,True
6wmv__A1_U5WZP7--6wmv__B1_U5WZP7,0.9590036513171074,0.5,True
3e3c__A1_Q7DB61--3e3c__B1_Q7DB61,0.9463199463839412,0.5,True
7zc8__B1_UNDEFINED--7zc8__A1_UNDEFINED,0.9443722776217746,0.5,True
6ekk__A1_Q8TEH3--6ekk__C1_Q15286,0.9187244887285866,0.5,False
8a9w__A1_P15751--8a9w__A2_P15751,0.9920389251097913,0.5,True
2gj9__A1_P25522--2gj9__B1_P25522,0.9537826118455828,0.5,True
3cm7__C1_P98170--3cm7__D1_P98170,0.919587361219285,0.5,True
8f5v__A1_O53728--8f5v__B1_O53728,0.9727043083094264,0.5,True
1ecj__A1_P0AG16--1ecj__B1_P0AG16,0.8883771228648589,0.5,True
3s5r__A1_Q2LS68--3s5r__B1_Q2LS68,0.9604938211445502,0.5,True
3im3__A1_P00514--3im3__A2_P00514,0.8902748827514331,0.5259032482195588,True
4mcj__B1_A6L9R1--4mcj__A1_A6L9R1,0.9625513866506213,0.5,True
7vw1__B1_V5J1S8--7vw1__A1_V5J1S8,0.9198654073881524,0.5,True
3p12__A1_Q2G1A5--3p12__D1_Q2G1A5,0.906954682111108,0.5,True
8aq0__A1_Q6DTN4--8aq0__B1_Q6DTN4,0.9618037079394326,0.5,True
3wpm__A1_G2IKE5--3wpm__B1_G2IKE5,0.9033171953885559,0.5,True
7xof__B1_Q0DFB6--7xof__A1_Q0DFB6,0.9175826913960188,0.5,True
8a8f__A1_P32598--8a8f__B1_P42073,0.7946767044200533,0.5,False
5un7__A1_Q9NUX5--5un7__B1_Q96AP0,0.8870822599512144,0.5,False
8juk__A1_V5VGC6--8juk__B1_V5VGC6,0.9386610318022892,0.5,True
8snp__A1_O09118--8snp__A2_O09118,0.8151199917068367,0.5,True
8ic6__A1_UNDEFINED--8ic6__B1_UNDEFINED,0.931738998910539,0.5,True
6wjc__A1_P11229--6wjc__B1_Q8QGR0,0.9331157883287104,0.5,False
8ard__A1_Q64331--8ard__A2_Q64331,0.8700520975645301,0.5,True
3mqi__A1_Q9UH73--3mqi__B1_Q9UH73,0.8407749881512443,0.5,True
3q01__A1_P04637--3q01__B1_P04637,0.9830372174122175,0.5,True
7ylq__A1_Q93CA6--7ylq__B1_Q93CA6,0.8799192372437169,0.5,True
2yvo__A1_Q5SJY9--2yvo__A2_Q5SJY9,0.8817241843121206,0.5,True
5vpa__B1_P17535--5vpa__A1_P53539,0.920857413050331,0.5,False
3v78__B1_P95092--3v78__A1_P95092,0.9513195984538011,0.5,True
7pzh__A1_A0A174J845--7pzh__B1_A0A174J845,0.9121994732696226,0.5,True
3m0f__A1_Q4KDJ6--3m0f__B1_Q4KDJ6,0.9082194767994511,0.5,True
1y4h__A1_P0C1S6--1y4h__C1_Q9EYW6,0.9110526071896106,0.5,False
2o4c__A1_Q9I3W9--2o4c__B1_Q9I3W9,0.9808606154760001,0.5,True
1ynh__A1_P76216--1ynh__D1_P76216,0.9794101516856868,0.5,True
8ohx__A1_U4Q148--8ohx__B1_U4Q148,0.9265017222560846,0.5,True
3a6m__A1_Q56236--3a6m__B1_Q56236,0.9478349732898176,0.5,True
4bvp__A1_Q5ZUA2--4bvp__B1_Q5ZUA2,0.924651272232181,0.5,True
7oc6__A1_A0A2U8U2L5--7oc6__A2_A0A2U8U2L5,0.9604759263861742,0.5,True
6qpq__A1_G0SGH3--6qpq__B1_Q12158,0.9868587047939446,0.5,False
3ct6__A1_Q9CIV6--3ct6__B1_Q9CIV6,0.926880574717694,0.5,True
1qae__A1_P13717--1qae__B1_P13717,0.8705297009698276,0.5,True
3q5w__B1_P38937--3q5w__A1_P38937,0.9213146317206682,0.5,True
8gol__B1_G9I933--8gol__A1_G9I933,0.9287058396890218,0.5,True
7epj__A1_P62554--7epj__A2_P62554,0.934285149688766,0.5,True
1ag9__A1_P61949--1ag9__B1_P61949,0.9938939438498304,0.5,True
3gwh__B1_O31691--3gwh__A1_O31691,0.8840522633696741,0.5,True
5gw1__A1_P57768--5gw1__B1_P57768,0.9104004237321937,0.5,True
3l2o__B1_Q9UKT5--3l2o__A1_P63208,0.9136480767263997,0.5,False
7y3u__A1_A0A8B9XNB5--7y3u__B1_A0A8B9XNB5,0.9390301911453657,0.5,True
3wrf__A1_E8MGH8--3wrf__A2_E8MGH8,0.9665693118527615,0.5,True
7yyl__A1_Q3AET9--7yyl__B1_Q3AET9,0.8836151206587733,0.5,True
8syb__B1_Q72KY0--8syb__A1_Q72KY0,0.9873664851914704,0.5,True
8qc3__A1_A0A1C9WRL0--8qc3__B1_A0A1C9WRL0,0.9613168869733992,0.5,True
3wtf__B1_Q9BUH6--3wtf__A1_Q9BUH6,0.9727215246369911,0.5,True
2x0e__B1_Q7BG50--2x0e__A1_Q7BG50,0.9307777086784537,0.5,True
5hwt__A1_A5W4E3--5hwt__B1_A5W4E3,0.9774037292198412,0.5,True
1ojh__A1_Q8YNP7--1ojh__B1_Q8YNP7,0.7770093189964158,0.5,True
3eyy__A1_Q9K4F8--3eyy__B1_Q9K4F8,0.9754408272319217,0.5,True
8bwv__D2_A0A482M8M0--8bwv__A1_A0A482M8M0,0.8436716053831548,0.5,True
7cm9__A1_A0A7V8UZ53--7cm9__B1_A0A7V8UZ53,0.9192620958347314,0.5,True
4nc8__A1_P12464--4nc8__A2_P12464,0.9687280819714492,0.5,True
1zhh__A1_P54300--1zhh__B1_P54302,0.9129558291608153,0.5,False
8c0u__A1_Q9I5Q5--8c0u__B1_Q9I5Q5,0.9100822442093007,0.5,True
2fbq__A1_Q9HZJ9--2fbq__A2_Q9HZJ9,0.9508368894686803,0.5,True
7fch__A1_O95256--7fch__C2_O95256,0.966099485448861,0.5,True
8c7t__B1_A0A1B4XP18--8c7t__A1_A0A1B4XP18,0.9142151053891026,0.5,True
4iwn__A1_P76290--4iwn__B1_P76290,0.9801502607263745,0.5,True
1sc1__A1_P29466--1sc1__B1_P29466,0.8866868791757742,0.5,True
5amt__A1_A0Q7H2--5amt__A2_A0Q7H2,0.9346632796262413,0.5,True
4ueb__C1_P48598--4ueb__D1_UNDEFINED,0.8772087269113568,0.5,False
7qfz__B1_B7L3Y3--7qfz__A1_B7L3Y3,0.8904674468396491,0.5,True
3hml__A1_A6T9H1--3hml__B1_A6T9H1,0.949981623478721,0.5,True
1xk6__A1_P31572--1xk6__C1_P31572,0.9095206783827947,0.5,True
7r3s__A1_A0A4R2M5S2--7r3s__B1_A0A4R2M5S2,0.9430211344691122,0.5,True
2grx__A1_P06971--2grx__C1_P02929,0.8586451202609202,0.5,False
7vsf__A1_P25440--7vsf__B1_P25440,0.8365940709661916,0.5,True
3q34__A1_Q48EL2--3q34__C1_Q48EL2,0.8879327247172447,0.5,True
4r2k__A1_Q8ZP84--4r2k__A2_Q8ZP84,0.9544316121186637,0.5,True
3cgw__A1_Q8PVT6--3cgw__A2_Q8PVT6,0.9681512003327231,0.5,True
7r2f__A1_P21836--7r2f__B1_P21836,0.9938972150545218,0.5,True
4g19__A1_I6ZUH3--4g19__B1_I6ZUH3,0.9910140874818765,0.5,True
3dg8__C1_P13922--3dg8__A1_P13922,0.8110735589703689,0.5,True
6m10__A1_Q9HUW0--6m10__C1_Q9HUW0,0.8884850542072169,0.5,True
8tt2__B1_Q4K977--8tt2__A1_Q4K977,0.9533681456632277,0.5,True
1h31__A1_Q939U1--1h31__B1_Q939U4,0.9217903837479685,0.5,False
5iib__A1_P04552--5iib__B1_Q8WR62,0.9112853067964913,0.5,False
6a5g__A1_UNDEFINED--6a5g__C1_UNDEFINED,0.97365699734481,0.5,True
7p7i__B1_R8APY9--7p7i__A1_R8APY9,0.9783143144398967,0.5,True
3hzu__A1_P9WHF7--3hzu__A2_P9WHF7,0.9593670759767092,0.5,True
5dob__A1_P16794--5dob__B1_P16791,0.9355285731796161,0.5,False
7xgs__A1_Q9FVC1--7xgs__A2_Q9FVC1,0.8509941221252777,0.5,True
6iju__A1_Q9KJN4--6iju__A2_Q9KJN4,0.9665210633508415,0.5,True
4kqd__B1_P06626--4kqd__A1_P06626,0.898692931617624,0.5,True
2fu3__B1_Q03555--2fu3__A1_Q03555,0.8761526902789745,0.5,True
1jgt__B1_P0DJQ7--1jgt__A1_P0DJQ7,0.9285463120503425,0.5,True
6l4b__A1_Q9UGV2--6l4b__C2_Q9UGV2,0.94727684306484,0.5,True
3lzk__A1_Q92LT4--3lzk__B1_Q92LT4,0.9537523629553399,0.5,True
1ht8__A1_P05979--1ht8__B1_P05979,0.9283690481784185,0.5,True
1z8h__A1_Q8YWS4--1z8h__B1_Q8YWS4,0.9285385718904458,0.5,True
8gk6__A1_W6USS8--8gk6__E1_W6USS8,0.9624018599869147,0.5,True
4mjf__A1_A6L2I4--4mjf__A2_A6L2I4,0.9701350386340477,0.5,True
7m4s__A1_Q8YLC3--7m4s__D1_Q8YLC3,0.8904802764270693,0.5,True
6fju__A1_E6N8B9--6fju__B1_E6N8B9,0.9693694843256058,0.5,True
6lgq__A1_P21865--6lgq__B1_P21866,0.7644215906514705,0.5,False
2y27__B1_B4E7B5--2y27__A1_B4E7B5,0.9698625558375944,0.5,True
2tdx__A1_P0DJL7--2tdx__A2_P0DJL7,0.9863442514410344,0.5,True
8aim__C1_Q6GJ88--8aim__A1_A0A141HSF0,0.8040997154309225,0.5,False
8fj8__A1_P02638--8fj8__A2_P02638,0.9128187078224502,0.5,True
3uv0__B1_Q9W061--3uv0__A1_Q9W061,0.9600567186286375,0.5,True
8alo__B1_P24003--8alo__A1_P15795,0.9215963042453214,0.5,False
2zb6__A1_P08362--2zb6__A2_P08362,0.9496570893445682,0.5,True
6xa0__A1_D1A230--6xa0__B1_D1A230,0.9326263639183342,0.5,True
1zbo__B1_Q7WAM7--1zbo__A1_Q7WAM7,0.8678533881544707,0.5,True
6xb5__A1_A0A7E5VPD6--6xb5__B1_A0A7E5VPD6,0.9702123982679466,0.5,True
8duy__D1_A0A0H3GVN6--8duy__A1_A0A0H3GVN6,0.966974594525615,0.5,True
7th5__A1_Q5SLG6--7th5__B1_Q5SLG6,0.7844847090694719,0.5,True
3uws__B1_A7A9N3--3uws__A1_A7A9N3,0.9704089494140953,0.5,True
4u04__B1_Q9BVA6--4u04__A1_Q9BVA6,0.9378188994354175,0.5,True
2kin__A1_P56536--2kin__B1_Q6QLM7,0.9077475947934351,0.5020833333333333,False
3ulc__A1_Q08236--3ulc__A2_Q08236,0.9453194867886178,0.5,True
8b2a__A1_Q2YWJ9--8b2a__A2_Q2YWJ9,0.9910323408863078,0.5,True
8qff__A1_K9TLZ5--8qff__A2_K9TLZ5,0.9505698690591698,0.5,True
6w9q__A1_P0DTD1--6w9q__A2_P0DTD1,0.8847169824514785,0.5,True
8c8c__A1_P48426--8c8c__A2_P48426,0.9880908616424989,0.5,True
8iup__B1_A9A1Y1--8iup__A1_A9A1Y1,0.9614263751294093,0.5,True
3o7o__A1_Q9S5X8--3o7o__B1_Q9S5X8,0.8929514335699724,0.5,True
4bg8__A1_Q8TX37--4bg8__B1_Q8TX37,0.9892455652889462,0.5,True
7qxo__A1_G8UIQ1--7qxo__B1_G8UIQ1,0.9457073405886431,0.5,True
4xiz__A1_Q05776--4xiz__D1_O60200,0.8396920210790987,0.5,False
2x3l__B1_UNDEFINED--2x3l__A1_UNDEFINED,0.9414093721801777,0.5,True
7pwe__A1_Q6AL91--7pwe__B1_Q6AL91,0.8422716225703015,0.5,True
6uxu__A1_E2JB04--6uxu__B1_E2JB04,0.8475059545509427,0.5,True
3bid__A1_Q7DDI1--3bid__B1_Q7DDI1,0.8653278632132008,0.5,True
4f7w__A1_B5XYG3--4f7w__B1_B5XYG3,0.9322464397685382,0.5,True
2rae__A1_Q0S3N9--2rae__A2_Q0S3N9,0.9517718763431049,0.5,True
7ads__A1_A0A0R8HV90--7ads__A2_A0A0R8HV90,0.8048417557842595,0.5,True
7yn1__A1_E9JES9--7yn1__C1_E9JES9,0.9074814376594617,0.5,True
3t7y__A1_O84093--3t7y__B1_O84093,0.9519929500617902,0.5,True
8hhj__B1_UNDEFINED--8hhj__A1_A0A0Y5KAW3,0.7611381764778258,0.5,False
7u6p__A1_P11926--7u6p__B1_P11926,0.8634824104119433,0.5,True
4mis__A1_Q57ES7--4mis__B1_Q57ES7,0.9211405284466226,0.5,True
2blf__A1_Q9LA16--2blf__B1_Q9LA15,0.915802881778087,0.5,False
3ke3__A1_Q4FVA8--3ke3__A2_Q4FVA8,0.9700587554480973,0.5,True
7ywc__A1_Q9L0T8--7ywc__B1_Q9L0T8,0.9645378484661074,0.5,True
4wwr__B1_P46379--4wwr__A1_P11441,0.8402213051745762,0.5,False
7r0d__B1_Q9NV35--7r0d__A1_Q9NV35,0.9368554169697806,0.5,True
8w6x__A1_P21852--8w6x__B1_P21853,0.9026028188920306,0.5,False
8hdv__A1_UNDEFINED--8hdv__B1_UNDEFINED,0.7411552107165357,0.5,True
3fmf__A1_P9WPQ5--3fmf__B1_P9WPQ5,0.8955186506791109,0.5,True
2xrm__A1_D0AB41--2xrm__A2_D0AB41,0.9502150891245374,0.5,True
4xj7__A1_P66881--4xj7__B1_P66881,0.943554805722958,0.5,True
7yrt__E1_H9L4P6--7yrt__A1_H9L4P6,0.8161377571679495,0.5,True
7tye__A1_P0A7J0--7tye__A2_P0A7J0,0.9082527104113016,0.5,True
2zvd__B1_Q9RBY1--2zvd__A1_Q9RBY1,0.9986339590449901,0.5,True
3mtw__A1_Q9A4Z9--3mtw__A2_Q9A4Z9,0.9918553249006896,0.5,True
3n2o__A1_Q7MK24--3n2o__B1_Q7MK24,0.8275222220023878,0.5,True
7ywd__A1_Q8TB36--7ywd__A2_Q8TB36,0.9957445446259764,0.5,True
5upq__A1_A0A0A0V031--5upq__B1_A0A0A0V031,0.9086815195088496,0.5,True
1vgu__A1_Q46893--1vgu__B1_Q46893,0.9317893732116922,0.5,True
7pxo__A1_F4F7G1--7pxo__C1_F4F7G1,0.9215447339650146,0.5,True
2dp9__A1_Q5SM30--2dp9__A2_Q5SM30,0.9465060685247857,0.5,True
8a7l__A1_M1JS91--8a7l__A2_M1JS91,0.9720612461637523,0.5,True
7uqv__A1_A0A0L6JSP1--7uqv__B1_A0A0L6JSP1,0.9808882094423432,0.5,True
5d1r__A1_P9WMC9--5d1r__B1_P9WMC9,0.9280712638418867,0.5,True
3f6q__A1_Q13418--3f6q__B1_P48059,0.9090185056359537,0.5,False
7xyk__A1_Q77J90--7xyk__B1_Q77J90,0.9468101844675567,0.5,True
7xxk__A1_P0DTC9--7xxk__B1_P0DTC9,0.8863727725564656,0.5,True
3qta__A1_Q5V4K4--3qta__B1_Q5V4K4,0.9847226957315287,0.5,True
8oqj__B1_P06959--8oqj__A1_P06959,0.897972602739726,0.5,True
1tbp__A1_P13393--1tbp__B1_P13393,0.9331355285331988,0.5,True
7qfk__C1_Q5FLN0--7qfk__A1_Q5FLN0,0.935287545185672,0.5,True
7r3o__B1_Q460N3--7r3o__A1_Q460N3,0.9275987701429452,0.5,True
2z0l__A1_P03191--2z0l__B1_P03191,0.9232646126516988,0.5,True
1wli__A1_Q46604--1wli__B1_Q46604,0.9567664092664093,0.5,True
8b3e__A1_M4SY06--8b3e__A2_M4SY06,0.9069497535134277,0.5,True
1d8i__A1_O13297--1d8i__A2_O13297,0.9306144685256086,0.5,True
7vo4__B2_F1CLA7--7vo4__A1_F1CLA7,0.9755278845718288,0.5,True
8eh0__B1_P50909--8eh0__A1_P50909,0.95157266018147,0.5,True
7q39__A1_UNDEFINED--7q39__A2_UNDEFINED,0.9614562881088689,0.5,True
3seo__B1_Q87GE5--3seo__A1_Q87GE5,0.9744962039693927,0.5,True
3iey__B1_Q74MS9--3iey__A1_Q74MP4,0.976340706281129,0.5,False
4yto__B1_Q15431--4yto__A1_Q15431,0.7978384208871995,0.5,True
6csm__A1_L1J207--6csm__B1_L1J207,0.9464143366941931,0.5,True
4ndt__A1_A7UNK4--4ndt__A2_A7UNK4,0.7934554618530879,0.5,True
8j3p__A1_B9WHT3--8j3p__A2_B9WHT3,0.976193281696522,0.5,True
7pv7__B1_Q7MVV4--7pv7__A1_Q7MVV4,0.8901688641502834,0.5,True
7uj6__A1_Q8RMD9--7uj6__B1_Q8RMD9,0.9533997064689816,0.5,True
3k9i__A1_Q9KFK0--3k9i__A2_Q9KFK0,0.9025973666778682,0.5,True
7z1s__A1_A0A3Q7HTY9--7z1s__A2_A0A3Q7HTY9,0.9516554191404877,0.5,True
2e89__A1_O67728--2e89__B1_O67728,0.9797489547197269,0.5,True
2woz__A1_Q9ER30--2woz__A2_Q9ER30,0.8948507268150684,0.5,True
7xxs__A1_B2CKP3--7xxs__B1_B2CKP3,0.9260600452395641,0.5,True
8fir__A1_O83132--8fir__B1_O83132,0.9770591026048029,0.5,True
3i6s__A1_O82777--3i6s__B1_O82777,0.9754135349511311,0.5,True
7yhe__B1_A6YEH4--7yhe__A1_A6YEH4,0.8552415989384583,0.5,True
1ku2__A1_Q9EZJ8--1ku2__B1_Q9EZJ8,0.8311335118543597,0.5,True
6qwo__B1_Q9S5W7--6qwo__A1_Q9S5W7,0.9693052583754214,0.5,True
1mxi__A1_P44868--1mxi__A2_P44868,0.8994300669738621,0.5,True
8fuq__A1_P22363--8fuq__B1_P22363,0.9122618105040908,0.5,True
6hhk__B1_A8AST9--6hhk__A1_A8AST9,0.9659199143557886,0.5,True
2vhl__A1_O34450--2vhl__A2_O34450,0.9943939722306381,0.5,True
8h1i__A1_W6EBY7--8h1i__B1_P0A9Y6,0.9130357276955436,0.5,False
5wan__A1_P75898--5wan__A2_P75898,0.9785728912146907,0.5,True
4x7z__B1_Q49492--4x7z__A1_Q49492,0.9743249156714378,0.5,True
5c6k__B1_P36932--5c6k__A1_P36932,0.9445827709070568,0.5,True
6a1k__A1_P71018--6a1k__B1_P71018,0.9647515128086107,0.5,True
7pjh__A1_Q9Y312--7pjh__B1_Q6P2Q9,0.9483009746397143,0.5,False
4joi__A1_Q9H668--4joi__C1_Q86WV5,0.9065364915961843,0.5,False
8axz__A1_P31153--8axz__A2_P31153,0.96122984841057,0.5,True
8ogi__B1_P11678--8ogi__A1_P11678,0.8422697704347851,0.5,True
8cxl__A1_A7KH32--8cxl__B1_A7KH32,0.8913835001860266,0.5,True
7win__B1_Q9UIF8--7win__A1_Q9UIF8,0.7713025248382098,0.5,True
7b80__A1_G3I8R9--7b80__B1_Q9BVA6,0.8634647919664049,0.5,False
4bwv__A1_Q8L5D0--4bwv__B1_Q8L5D0,0.8751996021368993,0.5,True
7drj__A1_P63756--7drj__B1_P63756,0.9201272138205498,0.5,True
6t2b__A1_B2UQL7--6t2b__C1_B2UQL7,0.9757526350633743,0.5,True
8jh0__B1_S2D3K4--8jh0__A1_S2D3K4,0.8662808250661067,0.5,True
7t2s__A1_A0A494K842--7t2s__A2_A0A494K842,0.9316156504347146,0.5,True
3frw__B1_A5ZMD8--3frw__A1_A5ZMD8,0.8568577974473804,0.5,True
5ab5__A1_C9ZUV7--5ab5__B1_C9ZUV7,0.9763506605144378,0.5,True
8jqp__A2_UNDEFINED--8jqp__B1_UNDEFINED,0.9952373597895371,0.5,True
5myd__C2_A0A2D0TC86--5myd__A1_A0A2D0TC86,0.9595665272983521,0.5,True
5cde__A1_Q8P839--5cde__B1_Q8P839,0.9371279033343953,0.5,True
6pi4__A1_A0R1Z9--6pi4__A2_A0R1Z9,0.9840683653140401,0.5183110516934046,True
3ipf__A1_Q251Q8--3ipf__B1_Q251Q8,0.9266441318711259,0.5184166609903957,True
4c11__B1_Q6YMS4--4c11__A1_Q6YMS4,0.9459066506456847,0.5,True
2p3y__A1_Q87I71--2p3y__B1_Q87I71,0.9555963115937265,0.5,True
5jbr__A1_C5C6I1--5jbr__B1_C5C6I1,0.9194466319353299,0.5,True
8ttz__A1_G8E2R2--8ttz__B2_G8E2R2,0.982790381811054,0.5,True
3vba__A1_Q58673--3vba__B1_Q58673,0.9729820051144573,0.5,True
4o6y__B1_Q9SWS1--4o6y__A1_Q9SWS1,0.8876660165708828,0.5,True
4e5r__A1_Q6IRB5--4e5r__A2_Q6IRB5,0.7731623920140802,0.5,True
7ywv__A1_Q0SBK1--7ywv__C1_Q0SBK1,0.9763042703072468,0.5,True
8eer__A1_P01116--8eer__A2_P01116,0.9313221410418658,0.5,True
3f84__B1_E3PPC4--3f84__A1_E3PPC4,0.8339985347742558,0.5,True
5mu7__A1_G0S6G7--5mu7__B1_G0S6I4,0.888390666216448,0.5,False
8hfp__B1_Q96T68--8hfp__A1_Q8N8R7,0.7581350225418022,0.5,False
4rmn__B1_Q6NC13--4rmn__A2_Q6NC13,0.9265077954860188,0.5,True
3mx1__A1_Q46944--3mx1__A2_Q46944,0.9504597698728023,0.5,True
5gl5__A1_Q06321--5gl5__B1_Q06321,0.9707064675123608,0.5,True
8e77__A1_Q1QD54--8e77__A2_Q1QD54,0.9771457710136212,0.5,True
5gl4__A1_B6YTD8--5gl4__B1_B6YTD8,0.9914838727932576,0.5,True
7wf9__A1_Q3ZT31--7wf9__B1_Q3ZT31,0.8364215078604426,0.5,True
8fw0__B1_P39897--8fw0__A1_P39897,0.8891412979813011,0.5,True
8ou8__B1_P0A8M3--8ou8__A1_P0A8M3,0.9512218087134912,0.5,True
7acm__B1_P75811--7acm__A1_P75811,0.9023134255333028,0.5,True
4trb__A1_Q97W95--4trb__B1_Q97W95,0.9345709627792703,0.5,True
7y55__A1_A0A9E8RZN7--7y55__C2_A0A9E8RZN7,0.9680917947465677,0.5,True
2ia9__B1_P28015--2ia9__A1_P28015,0.8933319112364205,0.5,True
3sy6__A1_Q5LE92--3sy6__B1_Q5LE92,0.9700036491036328,0.5,True
6xz3__A1_Q9H1K6--6xz3__A2_Q9H1K6,0.9582858825013667,0.5,True
2h8e__A1_P0AG74--2h8e__A2_P0AG74,0.7993569751259645,0.5,True
3gyx__A1_T2G6Z9--3gyx__B1_T2G899,0.8192478223721207,0.5,False
4e0u__A1_D1D8L6--4e0u__A2_D1D8L6,0.9969248456309806,0.5,True
6teu__A1_O60568--6teu__A2_O60568,0.9619458519567227,0.5,True
6xt5__B1_P49046--6xt5__A1_P49046,0.9911845800131442,0.5,True
8g1t__A1_Q07812--8g1t__B1_Q07812,0.780976662929056,0.5,True
7xp7__B1_W9FXI8--7xp7__A1_W9FXI8,0.9529243849027438,0.5,True
8i55__A1_Q58380--8i55__B1_Q58380,0.95636288982955,0.5037593984962406,True
1h65__A1_Q41009--1h65__A2_Q41009,0.975929997403834,0.5,True
3ol4__A1_A0QRC4--3ol4__B1_A0QRC4,0.9750167978739408,0.5,True
8idq__A1_A0A0B8MZ29--8idq__C1_A0A0B8MZ29,0.9465325104508321,0.5,True
5hcb__A1_P83003--5hcb__B1_P83003,0.9538575114161574,0.5,True
3f6g__B1_Q8F3Q1--3f6g__A1_Q8F3Q1,0.9386778481599986,0.5,True
6akj__B1_G2TRN4--6akj__A1_G2TRN4,0.8746549997117491,0.5,True
8ju7__A1_Q9I2U4--8ju7__B1_Q9I2U4,0.9264879336491116,0.5,True
3nel__A1_Q52428--3nel__B1_Q52428,0.9556079950390379,0.5,True
2dc1__A1_O28440--2dc1__B1_O28440,0.9612560552344989,0.5,True
8fzk__B1_P52292--8fzk__A1_P52292,0.8614431649579495,0.5,True
3wnz__A1_P39641--3wnz__A2_P39641,0.9642602820776313,0.5,True
8e1u__A1_A0A160VN62--8e1u__F2_A0A160VN62,0.9615127852617774,0.5,True
1v7c__A1_P83823--1v7c__B1_P83823,0.9584231929793169,0.5,True
7skr__A1_Q0QDZ2--7skr__A2_Q0QDZ2,0.8559262824710154,0.5,True
3egg__A1_P62136--3egg__C1_O35274,0.9203579183688777,0.5,False
8imd__A1_UNDEFINED--8imd__B1_UNDEFINED,0.9768166181411307,0.5,True
4yke__B1_G0RYR3--4yke__A1_G0RYR3,0.9938542338728238,0.5,True
1tq9__A1_P00669--1tq9__B1_P00669,0.9249037200548945,0.5,True
4oh3__B1_Q05085--4oh3__A1_Q05085,0.92714099106883,0.5,True
4q62__A1_Q5ZUB7--4q62__A2_Q5ZUB7,0.8999633408393852,0.5,True
2we5__A1_P0A2X7--2we5__B1_P0A2X7,0.9603764083842135,0.5,True
5t51__A1_Q6CLK3--5t51__B1_Q6CPD1,0.9022143836958652,0.5,False
3i0z__A1_A0A0H2UN25--3i0z__B1_A0A0H2UN25,0.8995610387557195,0.5,True
3wof__A1_Q8RQE9--3wof__B1_A7XX65,0.7048694424841213,0.5,False
8p6k__A1_A0A0H2UWN1--8p6k__B1_A0A0H2UWN1,0.9199714266585173,0.5,True
7z9z__A1_P02754--7z9z__A2_P02754,0.9605302718557714,0.5,True
6d0i__A1_A0A0C5XL88--6d0i__B1_A0A0C5XKJ0,0.8312016651214399,0.5,False
3gs3__A1_Q8MSU4--3gs3__A2_Q8MSU4,0.9969427084755834,0.5,True
2f4m__A1_Q9JI78--2f4m__B1_P54728,0.9377793243676609,0.5,False
4yh8__A1_Q09176--4yh8__B1_P36629,0.8411517051945842,0.5,False
6ago__A1_Q9NR48--6ago__C1_Q9UBU8,0.914814952621918,0.5,False
7rmx__A1_UNDEFINED--7rmx__A2_UNDEFINED,0.9444583939454314,0.5,True
1e44__B1_P00646--1e44__A1_P02984,0.9064749570000713,0.5,False
2yri__A1_Q5SLX0--2yri__B1_Q5SLX0,0.9826890730059061,0.5,True
1gcj__A1_P70168--1gcj__B1_P70168,0.9799687069720866,0.5,True
7qbp__A1_A4F7B2--7qbp__A2_A4F7B2,0.9462087106879551,0.5,True
4hdd__A1_P09391--4hdd__A2_P09391,0.7527337790695017,0.5,True
3e4q__A1_P13633--3e4q__B1_P13633,0.9579219322131198,0.5,True
8ein__B1_Q6FCQ4--8ein__A1_Q6FCQ4,0.984230983612649,0.5,True
1zmb__A1_Q97LM8--1zmb__B1_Q97LM8,0.9456487868400855,0.5,True
6ygu__A1_G0RZ64--6ygu__B1_G0S1V1,0.8699365383857363,0.5,False
2yyh__A1_O67435--2yyh__B1_O67435,0.977023796588069,0.5,True
5wk0__A1_A0A2C9TMM3--5wk0__A2_A0A2C9TMM3,0.9658957798968941,0.5,True
8h4j__A1_W8UQZ7--8h4j__D1_W8UQZ7,0.874033361625679,0.5,True
1z83__A1_P00568--1z83__B1_P00568,0.9369089601207081,0.5,True
8h2c__A1_Q0P8U0--8h2c__B1_Q0P8U0,0.9306946741879054,0.5,True
2dkh__A1_Q6SSJ6--2dkh__A2_Q6SSJ6,0.873616057448875,0.5,True
7c7e__A1_A0A0H3MRW3--7c7e__A2_A0A0H3MRW3,0.9460119617224881,0.5,True
7px2__A1_UNDEFINED--7px2__B1_UNDEFINED,0.8209691252144082,0.5,True
3dpt__B1_Q8KC98--3dpt__A1_Q8KC98,0.9400901905478551,0.5,True
8u1j__A1_Q9RYE6--8u1j__A2_Q9RYE6,0.9009795972619127,0.5,True
3fgw__A1_Q3TCN2--3fgw__A2_Q3TCN2,0.9810070901813479,0.5,True
7wh0__A1_Q9U2E4--7wh0__B2_Q9U2E4,0.9980304427474764,0.5,True
8dq3__A1_A0A142G3G1--8dq3__B1_A0A142G3G1,0.9229042699038928,0.5,True
8hci__B1_A0A8T8BZJ9--8hci__A1_A0A8T8BZN3,0.8657008015320464,0.5,False
3qth__A1_Q47ZP9--3qth__B1_Q47ZP9,0.8839972023275081,0.5,True
8b28__A1_F6GSX7--8b28__A2_F6GSX7,0.9921436878973112,0.5,True
6scx__A1_Q9BQG2--6scx__B1_Q9BQG2,0.8899340181543227,0.5,True
8hpc__A1_P60327--8hpc__H1_P60327,0.9632852451194784,0.5,True
5n76__A1_P72320--5n76__B1_P72320,0.9584126675283402,0.5,True
8hpi__A1_A0A8D3X086--8hpi__B1_A0A8D3X086,0.9655822062425347,0.5,True
3cq3__A1_Q53W28--3cq3__A2_Q53W28,0.8523549157351974,0.5,True
3kbu__A1_P11277--3kbu__D1_P16157,0.8462388545739955,0.5,False
7pck__A1_P43235--7pck__C2_P43235,0.9879709442599963,0.5,True
5o4z__A1_Q9X1T1--5o4z__A2_Q9X1T1,0.9829386769638734,0.5,True
1vla__A1_Q9X021--1vla__B1_Q9X021,0.9338618028203344,0.5,True
5oed__A1_Q6EAT3--5oed__B1_Q13637,0.9317550518966564,0.5,False
8hyn__A1_UNDEFINED--8hyn__B1_UNDEFINED,0.9509845112574281,0.5,True
7yva__A1_Q9URB4--7yva__B1_Q9URB4,0.9690730489829691,0.5,True
7s6n__B1_Q5RGJ8--7s6n__A1_Q5RGJ8,0.8632463754455513,0.5,True
4cz8__A1_Q9UZ55--4cz8__B1_Q9UZ55,0.9499067508825849,0.5,True
6ebn__A1_A0A4P1LYB6--6ebn__B1_A0A4P1LYB6,0.9191088358077534,0.5,True
3lf4__B1_D1MPT3--3lf4__A1_D1MPT3,0.8736810132349544,0.5,True
3ffe__B1_Q93AT8--3ffe__A1_Q93AT8,0.9550134506170204,0.5,True
7zg6__A1_A0A2J0RDY6--7zg6__B1_A0A2J0RDY6,0.8787684739078286,0.5,True
1p65__A1_Q9YJI1--1p65__B1_Q9YJI1,0.8614549932479462,0.5,True
8f4q__A1_Q00972--8f4q__A2_Q00972,0.9148311409187708,0.5,True
4rz3__A1_A4IMB4--4rz3__B1_A4IMB4,0.9414492115339915,0.5,True
7tjl__A1_UNDEFINED--7tjl__A2_UNDEFINED,0.9701618590006396,0.5,True
8f8k__A1_O53507--8f8k__A2_O53507,0.959985922703446,0.5,True
3zw5__A1_A6NK44--3zw5__B1_A6NK44,0.8862493764030931,0.5,True
6l3q__B1_G0SEI5--6l3q__A1_G0SEI5,0.935860448271037,0.5,True
8ag8__A1_A0A1I5SVP7--8ag8__A2_A0A1I5SVP7,0.9113634333690603,0.5,True
2i2w__A1_P63224--2i2w__D1_P63224,0.9711844002729929,0.5,True
2f22__B1_Q9RC77--2f22__A1_Q9RC77,0.9425412870751695,0.5,True
6yex__A1_UNDEFINED--6yex__B1_UNDEFINED,0.8356880682858723,0.5,True
3tng__A1_Q8Y7B7--3tng__A2_Q8Y7B7,0.9445937766098838,0.5,True
8gr8__B1_P08679--8gr8__A1_P08679,0.9705487387897096,0.5,True
7ae8__A1_A0A0B0QJR1--7ae8__B1_A0A0B0QJR1,0.8980219108486291,0.5,True
2w54__B1_O54051--2w54__A1_O54050,0.925858660533459,0.5,False
4cuc__A1_A0A0H2UP19--4cuc__A2_A0A0H2UP19,0.918619532072234,0.5,True
4b0z__A1_P50524--4b0z__B1_P50524,0.9899396974857257,0.5,True
2re7__A1_Q4FV99--2re7__A2_Q4FV99,0.9434020881079704,0.5,True
8h0t__A1_O34614--8h0t__A2_O34614,0.9805228066257042,0.5,True
1te2__A1_P77247--1te2__B1_P77247,0.9740048540830931,0.5,True
7xt2__A1_Q6ZMU5--7xt2__B1_Q6ZMU5,0.8984034188590684,0.5,True
1ev7__A1_P50187--1ev7__B1_P50187,0.9352755341323605,0.5,True
1ogl__A1_O15923--1ogl__A2_O15923,0.9855007914053926,0.5,True
3lrt__B1_Q97CA5--3lrt__A1_Q97CA5,0.976020148507504,0.5,True
3rvb__A1_P26663--3rvb__A2_P26663,0.8303432666918144,0.5,True
3fou__A1_Q5SGZ9--3fou__B1_Q5SGZ9,0.9453459747857615,0.5,True
5jnq__A1_R0BTE9--5jnq__A2_R0BTE9,0.9386376059649707,0.5,True
4g12__A1_A5U5K3--4g12__B1_A5U5K3,0.9807549829070886,0.5,True
3evj__B1_P01008--3evj__A1_P01008,0.9928915487853175,0.5,True
2oq2__B1_P18408--2oq2__A1_P18408,0.9812222951369489,0.5,True
8he6__A1_Q8YSS0--8he6__B1_Q8YSS0,0.9683538788030579,0.5,True
2xij__A1_P22033--2xij__A2_P22033,0.9698323477012641,0.5,True
1nr5__A1_P07547--1nr5__A2_P07547,0.9595029285111196,0.5,True
1gmj__A1_P01096--1gmj__B1_P01096,0.9047122131720855,0.5,True
4yba__B1_Q93K36--4yba__A1_Q93K36,0.9889821367951082,0.5,True
8ok7__A1_M4T0B2--8ok7__D1_M4T0B2,0.9560433043776804,0.5,True
7f76__B1_A0A223KLJ1--7f76__A1_A0A223KLJ1,0.866703089090568,0.5,True
7vp6__A1_Q9C9L2--7vp6__B1_Q9C9L2,0.8177077434213009,0.5046296296296297,True
8jmq__A1_A9CQD5--8jmq__B1_A9CQD3,0.9162728776495043,0.5,False
7zgt__A1_W8R3D8--7zgt__B1_W8R3D8,0.9891608597708337,0.5,True
7xgt__B1_Q6H8B1--7xgt__A1_Q6H8B1,0.9851945089415923,0.5,True
3i2t__A1_P04412--3i2t__A2_P04412,0.9181153351444631,0.5,True
8tjk__A1_A0A0F7G196--8tjk__B1_A0A0F7G196,0.9666515611325651,0.5,True
7wt0__A1_Q04760--7wt0__B1_Q04760,0.8570205133784837,0.5,True
3if0__A1_Q74MS9--3if0__A2_Q74MS9,0.9880482232755963,0.5,True
3qrh__A1_Q8SSM8--3qrh__A2_Q8SSM8,0.9371026588368087,0.5,True
8q70__A1_Q8U2C1--8q70__A2_Q8U2C1,0.9494348507280332,0.5,True
7vso__A1_P02945--7vso__A2_P02945,0.8771628797369054,0.5,True
5f8b__A1_Q4WB03--5f8b__A2_Q4WB03,0.9582442830822587,0.5,True
8ax0__A1_A0A384E145--8ax0__B1_A0A384E145,0.9635332385147344,0.5,True
8ant__B1_A0A1P8CWW1--8ant__A1_A0A1P8CWW1,0.7251376321013661,0.5,True
7r5y__E2_R7PD89--7r5y__A1_R7PD89,0.9877983646074586,0.5,True
7qow__B1_Q93P54--7qow__A1_Q93P54,0.9652126361494363,0.5,True
5il7__A1_Q8KC98--5il7__B1_Q8KC98,0.8707896788666634,0.5,True
3ct9__B1_Q8A1V9--3ct9__A1_Q8A1V9,0.9703575414470761,0.5,True
8pvm__A1_P29166--8pvm__B1_P29166,0.9263070616282264,0.5,True
8ct0__F1_S4S3E3--8ct0__A1_S4S3E3,0.914036621698801,0.5,True
3q2j__B1_P0A3Y5--3q2j__A1_P0A3Y5,0.8697937612303341,0.5,True
7xzp__B1_A0A379CIH2--7xzp__A1_A0A379CIH2,0.9769316811252945,0.5,True
7tvm__A1_UNDEFINED--7tvm__B1_UNDEFINED,0.9714120234308885,0.5,True
3qvf__A1_Q56187--3qvf__A2_Q56187,0.9460984737323345,0.5,True
6gxs__A1_Q7NZ70--6gxs__D1_Q7NZ70,0.7241440350632566,0.5,True
2hr8__A1_O58456--2hr8__B1_O58456,0.8656005242259881,0.5,True
2zyf__A1_O87198--2zyf__A2_O87198,0.9089387229577758,0.5,True
7s3v__A1_Q16719--7s3v__A2_Q16719,0.9345119338248405,0.5,True
6a29__A1_O32504--6a29__B1_O32504,0.9802016152004511,0.5,True
4ml6__C1_A6GV51--4ml6__A1_A6GV51,0.9755071147005788,0.5,True
4cht__A1_Q13472--4cht__B1_Q9H9A7,0.8463611475370694,0.5,False
1n4p__B1_P53610--1n4p__A1_Q04631,0.9550389043580154,0.5,False
1tec__A1_P04072--1tec__B1_P01051,0.9775339961147297,0.5,False
8p1h__A1_E7EX29--8p1h__B2_E7EX29,0.8440446130119267,0.5,True
6b9t__A1_A9A1T2--6b9t__B1_A9A1T2,0.8731520973347835,0.5,True
3g0k__A1_Q2G4A7--3g0k__A2_Q2G4A7,0.9019149446333595,0.5,True
7zoo__B1_A0A979GQH9--7zoo__A1_A0A979GQH9,0.6729148769109972,0.5,True
8hy5__A1_P14920--8hy5__B1_P14920,0.8835320098460235,0.5,True
8fts__A1_R9UTR3--8fts__A2_R9UTR3,0.9637535674160664,0.5,True
1jrk__A1_Q8ZTD8--1jrk__B1_Q8ZTD8,0.9196460471035883,0.5,True
7y8v__A1_UNDEFINED--7y8v__B1_UNDEFINED,0.9358763935923291,0.5,True
2ejn__A1_P30440--2ejn__B1_P30440,0.9731074926073813,0.5,True
5hs5__A1_Q2G0D1--5hs5__B1_Q2G0D1,0.9610113455964813,0.5,True
3v89__A1_Q9K0U9--3v89__B1_P02787,0.8822855687482922,0.5,False
8e3g__B1_P43026--8e3g__A1_P12643,0.8015911574692236,0.5,False
2w8b__A1_P0A855--2w8b__H1_P0A912,0.860698748292324,0.5,False
5f7p__B1_Q8YAF1--5f7p__A1_Q8YAF1,0.9674652222060829,0.5,True
8f71__B1_Q6N5G3--8f71__A1_Q6N5G3,0.9733612610435296,0.5,True
8hwi__B1_A0A327WNX5--8hwi__A1_A0A327WNX5,0.9335426929959378,0.5,True
7r3i__B1_P54292--7r3i__A1_P54292,0.8963230883036379,0.5,True
8afj__A1_A0A179QS89--8afj__B1_A0A179QS89,0.9755879520804459,0.5,True
3pub__B1_E5EVW2--3pub__A1_E5EVW2,0.9543687588963251,0.5,True
8es5__A1_A0A0H2Z732--8es5__B1_A0A0H2Z732,0.9278423594906904,0.5,True
7txn__B1_Q8YVV6--7txn__A1_Q8YVV6,0.9864970555760029,0.5095693779904306,True
3py6__A1_Q2YQ74--3py6__A2_Q2YQ74,0.9493173995463822,0.5,True
1hjr__A1_P0A814--1hjr__C1_P0A814,0.9562691382327209,0.5,True
8k3b__A1_A0A071KWR3--8k3b__A2_A0A071KWR3,0.9597447660919759,0.5,True
3w2z__A1_Q8YXY7--3w2z__A2_Q8YXY7,0.956124320497176,0.5,True
8f78__A1_P55212--8f78__B1_P55212,0.7986793532694234,0.5,True
6wg4__A1_Q14683--6wg4__B1_Q9UQE7,0.7833287315064081,0.5,False
7zry__A1_O60341--7zry__B1_Q9UKL0,0.884417873397684,0.5,False
1uix__A1_Q28021--1uix__B1_Q28021,0.9062842963445373,0.5,True
7vrc__A1_P38956--7vrc__B1_P22082,0.9182562758048886,0.5,False
1oz0__A1_P31335--1oz0__B1_P31335,0.9582191428862549,0.5,True
7eft__B1_P16926--7eft__A1_P16926,0.8682488227169861,0.5,True
5jsn__A1_P10415--5jsn__B1_UNDEFINED,0.8997771765901313,0.5,False
8e2b__B1_Q2FYI5--8e2b__A1_Q2FYI5,0.893151024657234,0.5,True
7jw6__A1_Q9VIF1--7jw6__A2_Q9VIF1,0.971816246861268,0.5,True
1jkw__A1_P51946--1jkw__A2_P51946,0.9611003634870605,0.5,True
4pfp__B1_F1RQI7--4pfp__A1_F1RQI7,0.9788059778407627,0.5,True
8h1s__A1_Q9I5U2--8h1s__B1_Q9HX32,0.8075788260835709,0.5,False
7t0y__A1_P62136--7t0y__B1_Q14684,0.7555225898903051,0.5,False
1tz9__A1_Q82ZC9--1tz9__B1_Q82ZC9,0.9255509263119894,0.5,True
2wns__B1_P11172--2wns__A1_P11172,0.9542559115861573,0.5,True
6s8v__B1_P08195--6s8v__A1_P80188,0.8359567901444265,0.5,False
6hq6__A1_UNDEFINED--6hq6__B1_UNDEFINED,0.9554496297679049,0.5,True
2gt4__A1_P32056--2gt4__B1_P32056,0.9127272354546865,0.5,True
3bof__A1_Q9WYA5--3bof__B1_Q9WYA5,0.9946406141219221,0.5,True
6trj__A1_O75475--6trj__A2_O75475,0.9012126602789912,0.4999295476962097,True
8h4z__A1_A0A2X5A3P4--8h4z__B1_A0A2X5A3P4,0.9981881105440582,0.5,True
2hre__A1_P22830--2hre__B1_P22830,0.9397508568844087,0.5,True
5yjc__A1_Q5HK94--5yjc__B1_Q5HK94,0.8386288504927946,0.5,True
8d6k__A1_Q9L1K2--8d6k__B1_Q9L1K2,0.937790118648415,0.5,True
2zew__B1_Q9ZA17--2zew__A1_Q9ZA17,0.9737460927675781,0.5,True
5wpi__A1_Q58PW8--5wpi__B1_Q58PW8,0.953030102963881,0.5,True
8fk6__A1_A0A0C9S461--8fk6__B1_P80098,0.9154958370502528,0.5,False
7tm7__A1_A0A0H3GYH4--7tm7__B1_A0A0H3GYH4,0.9713069083541771,0.5,True
8gy0__A1_A0A8H4VHP2--8gy0__B1_A0A8H4VHP2,0.8774159469007851,0.5,True
7x4b__A1_A0A2D0TCG3--7x4b__B1_A0A2D0TCG3,0.887524819603855,0.5,True
4aqp__B1_P54253--4aqp__A1_P54253,0.897357969597866,0.5,True
3npi__A1_Q6NFU8--3npi__B1_Q6NFU8,0.9099051153397735,0.5,True
8cok__B1_Q9NXR8--8cok__A1_Q9NXR8,0.8864443247427735,0.5,True
1wz3__A1_Q9LVK3--1wz3__B1_Q9LVK3,0.7585763551302908,0.5,True
1nw1__A1_Q22942--1nw1__B1_Q22942,0.9322459551139477,0.5,True
1hrp__B1_P0DN86--1hrp__A1_P01215,0.7454010681923408,0.5,False
3qf4__B1_Q9WYC4--3qf4__A1_Q9WYC3,0.9296928373733041,0.5,False
7y4o__B1_A0A0G2JZC4--7y4o__A1_A0A0G2JZC4,0.9706503446450437,0.5,True
8hns__A1_A0A377JKY9--8hns__A2_A0A377JKY9,0.8444982679646337,0.5,True
3mpn__A1_O67854--3mpn__A2_O67854,0.9761276461139028,0.5,True
6vlg__A2_Q9WTS2--6vlg__C1_Q9WTS2,0.9645598513603805,0.5,True
1v71__A1_O59791--1v71__A2_O59791,0.9936578376352811,0.5,True
3fpk__A1_Q8ZKP5--3fpk__B1_Q8ZKP5,0.9123821116502803,0.5,True
8eb3__A1_K2K6A3--8eb3__B1_K2K6A3,0.9546812419810111,0.5,True
4z1i__C1_Q12931--4z1i__A1_Q12931,0.9565191875867334,0.5,True
8pz3__A1_D7SFB8--8pz3__B1_D7SFB8,0.9225921798768326,0.5,True
5vpb__B1_P17535--5vpb__A1_P53539,0.8859973590428916,0.5,False
8bt3__A1_Q6F0T5--8bt3__A2_Q6F0T5,0.9368817349120977,0.5,True
1r7h__A1_O69271--1r7h__B1_O69271,0.8477012761378969,0.49990613853951565,True
4oag__A1_Q8BGV8--4oag__B1_Q8BGV8,0.8383232936526908,0.5,True
5bo9__A1_O43173--5bo9__B1_O43173,0.8828763139014044,0.5,True
7kws__A1_Q0P8H3--7kws__B1_Q0P8H3,0.9868066351743842,0.5,True
4qa0__A1_Q9BY41--4qa0__B1_Q9BY41,0.9604361678399264,0.5,True
6epi__B1_D5K9G7--6epi__A1_D5K9E3,0.9227831308892697,0.5,False
7qgs__B1_Q09472--7qgs__A1_Q16665,0.7974856032748213,0.5,False
7tz7__A1_P42336--7tz7__B1_P27986,0.874145700963258,0.5,False
2zl1__A1_Q9UHA4--2zl1__B1_Q9JHS3,0.9453127071237307,0.5,False
4ija__A1_A0A0H3JS71--4ija__B1_A0A0H3JS71,0.9721322619575015,0.5,True
3ijt__B1_Q8DVN6--3ijt__A1_Q8DVN6,0.841458666615269,0.5,True
7qgt__A1_P35520--7qgt__B1_P35520,0.9301027506383106,0.5,True
8i4q__A1_Q8NQI2--8i4q__B1_Q8NQI2,0.9663486897306524,0.5,True
5lxv__A1_G9FCX2--5lxv__B1_A0A1L1QK37,0.9335385203833138,0.5,False
8h25__A1_A0A5R8LFD3--8h25__C1_A0A5R8LFD3,0.9510061457888555,0.5,True
6kjl__A1_Q9RC94--6kjl__B1_Q9RC94,0.863570331948506,0.5,True
5f3o__A1_C4LU64--5f3o__B1_C4LU64,0.9384084203049015,0.5,True
8arv__A1_Q9HW35--8arv__B1_Q9HW35,0.9817150742277978,0.5,True
2i1a__B1_P40087--2i1a__A1_P40087,0.9485127668666953,0.5,True
2y9x__A1_C7FF04--2y9x__E1_G1K3P4,0.9192211009493952,0.5,False
8waa__A1_P29401--8waa__B1_P29401,0.9628828686666329,0.5,True
6n2f__B1_Q94A94--6n2f__A1_Q94A94,0.9123883937106263,0.5,True
8b08__B1_P0A2K1--8b08__A1_P00929,0.9284289441221215,0.5,False
5ja2__A1_P11454--5ja2__B1_Q9I169,0.8684459004613359,0.5,False
4g3w__A1_O66591--4g3w__A2_O66591,0.9873151262747611,0.5,True
5cm2__A1_Q6C999--5cm2__B1_Q6C4P5,0.9076864909135457,0.5,False
6g70__B1_Q8K2Z2--6g70__A1_Q8K2Z2,0.9347891738001521,0.5,True
7xac__A1_P47929--7xac__B1_P47929,0.8582556714938604,0.5,True
4d4t__A1_P0DOE7--4d4t__A2_P0DOE7,0.9119633459667922,0.5,True
2zz8__A1_O34094--2zz8__B1_O34094,0.9560106067718126,0.5,True
8b8h__A1_P9WQA9--8b8h__B1_P9WQA9,0.8919825716549825,0.5,True
7u2s__A1_A0A2W1NDJ7--7u2s__B1_A0A2W1NDJ7,0.9316898616212903,0.5,True
1d2g__A1_P13255--1d2g__B1_P13255,0.9356749910175921,0.5,True
7uld__A1_O28028--7uld__A2_O28028,0.9462959965359696,0.5,True
4c0f__B1_Q9NZN8--4c0f__A1_Q9NZN8,0.9009604120567508,0.5,True
8co8__A1_Q9Q6P4--8co8__A2_Q9Q6P4,0.9489565940341097,0.5,True
3lcr__B1_A4KCE5--3lcr__A1_A4KCE5,0.9955549695264886,0.5,True
8b21__A1_Q9S5X0--8b21__B1_Q9S5X0,0.9735409740049077,0.5,True
3swk__A1_P08670--3swk__B1_P08670,0.8926931446703671,0.5,True
8txn__B1_P08120--8txn__A1_P08120,0.9352279793294743,0.5,True
8dak__A1_F2X702--8dak__B1_F2X702,0.9368279774375504,0.5,True
2rde__B1_A0A0H3ADR8--2rde__A1_A0A0H3ADR8,0.9110132801409028,0.5,True
6sek__A1_UNDEFINED--6sek__B1_UNDEFINED,0.9721587100772274,0.5,True
2pih__A1_O31779--2pih__B1_O31779,0.9385350343642417,0.5,True
6v7v__A1_A0SML3--6v7v__B1_A0SML3,0.947686933292235,0.5,True
7ykv__B1_Q58241--7ykv__A1_Q58241,0.9711832457597165,0.5,True
7y4g__A1_Q8A028--7y4g__A2_Q8A028,0.9740539572790877,0.5,True
8cci__A1_A0R7I9--8cci__A2_A0R7I9,0.9693760750726039,0.5,True
6p35__A1_P75913--6p35__A2_P75913,0.9722457063411563,0.5,True
6p3j__A1_Q0KJL4--6p3j__B1_Q0KJL4,0.962726579910214,0.5,True
4o6p__A1_Q8RDI4--4o6p__B1_Q8RDI4,0.8521588984938954,0.5,True
8ozv__A1_A0A179UH34--8ozv__A2_A0A179UH34,0.9480345867602356,0.5,True
2cim__A1_Q46AN5--2cim__B1_Q46AN5,0.9302586071431524,0.5,True
6tpo__A1_P24474--6tpo__A2_P24474,0.9756024426810985,0.5,True
7wwo__B1_Q5SH57--7wwo__A1_Q5SH57,0.8486820470369446,0.5,True
4pmv__A1_Q8PEU1--4pmv__B1_Q8PEU1,0.9242650411693213,0.5,True
7xge__A1_UNDEFINED--7xge__B1_Q07820,0.9229327404302425,0.5,False
6rmr__B1_P19926--6rmr__A1_P19926,0.9918701507489676,0.5,True
6hhb__A1_E0SCP7--6hhb__C1_E0SCP7,0.975619999398513,0.5,True
7e5c__A1_A0A1I7CHQ2--7e5c__B1_A0A1I7CHQ2,0.9821428760937306,0.5,True
2gn5__A1_P69542--2gn5__A2_P69542,0.9162206931702345,0.5,True
2wfh__A1_O94813--2wfh__B1_O94813,0.9348881757972667,0.5,True
3zco__A1_P06701--3zco__A2_P06701,0.874218928400905,0.5,True
2ghy__A1_P03051--2ghy__B1_P03051,0.9023315666644856,0.5,True
3htr__A1_Q6N0K4--3htr__B1_Q6N0K4,0.8470594916097461,0.5,True
8aeu__A1_Q00987--8aeu__A2_Q00987,0.90185927432891,0.5,True
1xuv__A1_Q8PZJ2--1xuv__C1_Q8PZJ2,0.9354918338234701,0.5,True
2o8p__A1_Q5CYG0--2o8p__A2_Q5CYG0,0.9686171905325958,0.5,True
4zmu__A1_Q9I072--4zmu__B1_Q9I072,0.9359823478871048,0.5,True
3dl3__G2_Q5E3X2--3dl3__C1_Q5E3X2,0.8140062705716787,0.5,True
7yvz__A1_A7LPG5--7yvz__A2_A7LPG5,0.8497779392764857,0.5,True
4ia6__A1_Q5FL96--4ia6__B1_Q5FL96,0.9787238314803546,0.5,True
8bou__A1_A0A7G5MNS2--8bou__B1_A0A7G5MNS2,0.9787730554562819,0.5,True
5gk1__A1_Q7N4Z6--5gk1__B1_Q7N4Z6,0.9661847074545349,0.5,True
5x03__B1_P94426--5x03__A1_P94426,0.9772456832693428,0.5,True
3gku__A1_D0VX24--3gku__B1_D0VX24,0.9772037478776066,0.5,True
1k3e__B1_P58233--1k3e__A1_P58233,0.8436203879235592,0.5,True
6u18__A1_Q9EVJ6--6u18__B1_Q9EVJ6,0.9534875256435708,0.5,True
6b9p__A1_C0HJB3--6b9p__B1_C0HJB3,0.9786677530483718,0.5,True
7wpy__A1_A0A097ZPD5--7wpy__C1_A0A097ZPD5,0.9632175088979232,0.5,True
7xn2__A1_Q8YR38--7xn2__A2_Q8YR38,0.9349909376948395,0.5,True
3qhy__B1_O87916--3qhy__A1_Q93T42,0.9657480726989394,0.5,False
4j5p__B1_P97612--4j5p__A1_P97612,0.969379007015104,0.5,True
4icq__A1_A0A0H2UN95--4icq__B1_A0A0H2UN95,0.9662232314057619,0.5,True
1klf__B1_P08191--1klf__A1_P31697,0.9180457001022047,0.5,False
6y4l__A1_Q15006--6y4l__B1_Q9Y3B6,0.8946450354119617,0.5,False
6dex__B1_Q74ZQ8--6dex__A1_Q75DL0,0.9325649016489015,0.5,False
2z02__A1_Q58987--2z02__B1_Q58987,0.977560006617328,0.5,True
4l7w__A1_Q7Z4H3--4l7w__A2_Q7Z4H3,0.9492344187548104,0.5,True
6tct__A1_Q9KL67--6tct__B1_Q9KL67,0.9014439442658092,0.5,True
6sul__A1_A8FAR5--6sul__B1_A8FAR5,0.9533455631705479,0.5,True
4qqv__A1_P26954--4qqv__B1_P26954,0.8667770032426033,0.5,True
3l8d__A1_A0RD96--3l8d__A2_A0RD96,0.9676147122854719,0.5,True
7yqa__B1_A0A1C9ZZ39--7yqa__A1_A0A1C9ZZ39,0.8157641278240205,0.5,True
1b8m__B1_P34130--1b8m__A1_P23560,0.874632494164229,0.5,False
1irq__B1_Q57468--1irq__A1_Q57468,0.8343565334530759,0.5,True
7xi6__A1_A5GXY1--7xi6__B1_A5GXY1,0.8024643619523137,0.5,True
6iik__A1_P54578--6iik__B1_P54578,0.9953533881819864,0.5,True
3nau__A1_Q9Y6X8--3nau__B1_Q9Y6X8,0.7503485614842105,0.5,True
3cis__B1_P9WFD7--3cis__A1_P9WFD7,0.966518578613917,0.5,True
4jzy__B1_O77059--4jzy__A1_O77059,0.924948316466018,0.5,True
8d03__A1_UNDEFINED--8d03__A2_UNDEFINED,0.9784949592683917,0.5106302735208132,True
7yxg__A1_Q9VU77--7yxg__B1_Q9VU77,0.9745855673907917,0.5,True
5cio__A1_A0A1A9TAI5--5cio__B1_A0A1A9TAI5,0.9663807809963006,0.5,True
8jwj__A1_Q9DAG9--8jwj__B1_P62837,0.8023911734285635,0.5,False
6ia6__A1_A0A1C7D1B7--6ia6__A2_A0A1C7D1B7,0.9899496070905063,0.5,True
8h1g__A1_O67518--8h1g__A2_O67518,0.974575927370096,0.5,True
6x61__A1_Q79V60--6x61__B1_Q8DMT2,0.855325558595228,0.5,False
7kqt__A1_UNDEFINED--7kqt__B1_UNDEFINED,0.9615870532584551,0.5,True
7x0d__A1_A5YW95--7x0d__B1_A5YW95,0.9660891081152321,0.5,True
1ghd__B1_O86089--1ghd__A1_O86089,0.9243534162728448,0.5,True
2x6f__A1_Q9W1M7--2x6f__B1_Q9W1M7,0.9379967896128506,0.5,True
8oik__A1_Q9UPU9--8oik__C1_Q9UPU9,0.8942863342302432,0.5,True
6nxl__A1_B4DV12--6nxl__E1_B4DV12,0.9381410554791932,0.49990895848506917,True
8wmy__A1_A0A4U7IGH6--8wmy__B2_A0A4U7IGH6,0.9528637131872831,0.5,True
3trf__A1_Q83AJ3--3trf__A2_Q83AJ3,0.8317851449111883,0.5,True
5h4s__A1_A0A090BWT0--5h4s__A2_A0A090BWT0,0.7119776452427192,0.5,True
2zvb__A1_Q53WA6--2zvb__A2_Q53WA6,0.9109446739680488,0.5,True
8wa7__A1_P27302--8wa7__B1_P27302,0.9719227851135929,0.5,True
3b0z__B1_P40727--3b0z__A1_P40727,0.9051287582303575,0.5,True
4usp__A1_B3GA02--4usp__B1_B3GA02,0.8051152151812945,0.5,True
7cms__A1_P00953--7cms__B1_P00953,0.9696909380160037,0.5,True
7t8q__A1_Q7S860--7t8q__D1_Q7S860,0.910882569895428,0.5,True
6j9k__A1_A0A425B3G2--6j9k__A2_A0A425B3G2,0.9502745475748691,0.5,True
7xp0__A1_Q9I5E1--7xp0__A2_Q9I5E1,0.9067763114264872,0.5,True
8ih4__A1_Q8WVV5--8ih4__B1_Q8WVV5,0.8815697951632178,0.5,True
7qej__A1_P0DV33--7qej__B1_P0DV33,0.9498825751156091,0.5,True
1tfe__A1_P43895--1tfe__A2_P43895,0.9642643523205856,0.5,True
2a8f__A1_P15569--2a8f__B1_P15569,0.9678191652836683,0.5,True
4iwq__A1_Q9UHD2--4iwq__A2_Q9UHD2,0.8645877397322734,0.5,True
