system_id,auroc,bacc,is_homodimer
3c07__A1_Q9KZ96--3c07__B1_Q9KZ96,0.9645699529991498,0.5,True
3iqy__A1_P28366--3iqy__A2_P28366,0.9472335305708091,0.5,True
7e76__A1_A0A3B6LNA8--7e76__B1_A0A3B6LNA8,0.7795166897714911,0.5,True
3cqc__A1_P57740--3cqc__B1_Q8WUM0,0.9662062958373276,0.5,False
7x1k__A1_Q6DL91--7x1k__B1_Q6DL91,0.8212465031077956,0.5,True
8sgd__A1_P25342--8sgd__B1_P32457,0.7513938316039641,0.5,False
3ecf__A1_Q3M5E4--3ecf__B1_Q3M5E4,0.8921022039515025,0.5,True
6j94__A1_Q93VK5--6j94__B1_Q93VK5,0.7722088605558164,0.5,True
7xsh__A1_K1KV82--7xsh__B2_K1KV82,0.9316673515264488,0.5,True
8v14__A1_G5EEF9--8v14__B1_G5EEF9,0.8602599102468211,0.5,True
6r76__A1_H3ZMH8--6r76__B1_H3ZMH8,0.9754326292413715,0.5,True
8ap0__A1_A0A5S9CYM0--8ap0__A2_A0A5S9CYM0,0.9756266248235744,0.5,True
3qph__A1_Q9HGZ9--3qph__A2_Q9HGZ9,0.8370091062287438,0.5,True
3o6j__A1_O67987--3o6j__B1_O67987,0.9808078002172621,0.5,True
6o6z__A1_B6YWC3--6o6z__B1_B6YWC3,0.95279964483,0.5,True
3fil__A1_P19909--3fil__B1_P19909,0.8146981759364798,0.5,True
6do2__A1_P11021--6do2__B1_P11021,0.7678509051884377,0.5,True
7f4q__B1_Q22GC0--7f4q__A1_I7M8B9,0.8158969313328797,0.5,False
4hfg__A1_Q9NQG5--4hfg__B1_Q9NQG5,0.3935599809670902,0.5,True
7yh2__A1_A0A1Q9P883--7yh2__B1_A0A1Q9P883,0.9872675593397641,0.5,True
3axs__A1_O67010--3axs__A2_O67010,0.9728362317611534,0.5,True
3cqr__A1_Q39249--3cqr__B1_Q39249,0.5139481928631466,0.5,True
3s8k__A1_P80691--3s8k__B1_P80691,0.9533057990844441,0.5,True
4oun__A1_O31418--4oun__A2_O31418,0.967746178970844,0.5,True
2iab__A1_Q825J7--2iab__B1_Q825J7,0.8522498987418324,0.5,True
3o3n__A1_Q5U924--3o3n__B1_Q5U923,0.9560320971761095,0.5,False
6f3z__A1_P0ADC3--6f3z__B1_P61316,0.959977504540793,0.5,False
1hr7__A1_P11914--1hr7__B1_P10507,0.913942921537025,0.5,False
8gko__B1_P28296--8gko__A1_P28296,0.956370271267582,0.5,True
2gkv__A1_P00777--2gkv__B1_P68390,0.9188656391170287,0.5,False
8stx__A1_Q4E4E1--8stx__B1_Q4E4E1,0.9827789189271285,0.5,True
4m36__A1_Q582G4--4m36__A2_Q582G4,0.9451188690874093,0.5,True
5wpu__A1_A0A076NBW8--5wpu__A2_A0A076NBW8,0.805560702480747,0.5,True
5yps__A1_A0A0W4ZF97--5yps__B1_A0A0W4ZF97,0.9146496358675713,0.5,True
5oge__E1_P40107--5oge__A1_P40107,0.938305503756841,0.5,True
5fey__B1_Q13049--5fey__A1_Q13049,0.8718085647266335,0.5,True
8hce__B1_Q91XB0--8hce__A1_Q91XB0,0.8758522660691936,0.5,True
1ggp__B1_Q7SIF1--1ggp__A1_Q7SIF0,0.8690414811510916,0.5,False
5z50__A1_O05926--5z50__B1_O05926,0.9420118580263426,0.5,True
7t9u__A1_Q86WV6--7t9u__A2_Q86WV6,0.9631867993852745,0.5,True
6ey4__A1_Q5EGM3--6ey4__A2_Q5EGM3,0.9131200274272318,0.5,True
2hvg__A1_A5KBL5--2hvg__B1_A5KBL5,0.9225221411942472,0.5,True
6wp7__A1_Q82H41--6wp7__B1_Q82H41,0.8857038830743269,0.5,True
6kfs__A1_B7FR28--6kfs__A2_B7FR28,0.7364288443402212,0.5,True
3shg__A1_E6Z0R3--3shg__B1_E6Z0R4,0.856388406962311,0.5,False
4wjm__A1_Q2YNY7--4wjm__A2_Q2YNY7,0.98074439977712,0.5,True
8hmo__A1_A0A0H4P0S7--8hmo__B1_A0A0H4P0S7,0.9748582422219242,0.5,True
8dfk__A1_P39694--8dfk__B1_P39694,0.7428503686420165,0.5,True
6n91__A1_Q9KNI7--6n91__B1_Q9KNI7,0.8955185832932913,0.5,True
1dev__A1_Q15796--1dev__B1_O95405,0.5568096533764977,0.5,False
8c9j__B1_P15559--8c9j__A1_P15559,0.95350482252078,0.5,True
3rd7__B1_A0A0H2ZY91--3rd7__A1_A0A0H2ZY91,0.9533485413888128,0.5,True
5x1j__A1_G2IQS7--5x1j__A2_G2IQS7,0.9178595683596514,0.5,True
3r2p__A1_P02647--3r2p__A2_P02647,0.8534765326277169,0.5,True
1pdk__A1_P15319--1pdk__B1_P62532,0.8621116401866955,0.5,False
7bjg__A1_Q8IGY1--7bjg__A2_Q8IGY1,0.9432646566948987,0.5,True
3kcp__A1_Q06851--3kcp__B1_A3DF10,0.9319977046272979,0.5,False
7bbq__A1_Q6I6B7--7bbq__A2_Q6I6B7,0.9544500825880567,0.5,True
3dpj__E1_Q5LS67--3dpj__F1_Q5LS67,0.81486160734735,0.5,True
6okh__A1_Q04QG8--6okh__B1_Q04QG8,0.9142564642121835,0.5,True
7tq1__A1_P0AC13--7tq1__A2_P0AC13,0.979611865056385,0.5,True
7t5y__A1_P0A7E1--7t5y__B1_P0A7E1,0.9372740760145541,0.5,True
5o47__A1_J7HDY4--5o47__A2_J7HDY4,0.975836393629216,0.5,True
1oo0__A1_P49028--1oo0__B1_Q9V535,0.8793493245106149,0.5,False
3edj__A1_Q8KKG0--3edj__B1_Q8KKG0,0.894431612194691,0.5,True
5yr0__A1_O88597--5yr0__B1_Q8K245,0.9854151461602646,0.5,False
5c21__A1_P09986--5c21__B1_P09986,0.8347691296645523,0.5,True
2gok__A1_Q8U8Z6--2gok__B1_Q8U8Z6,0.9919333863907919,0.5,True
1ww1__A1_Q9WZW8--1ww1__B1_Q9WZW8,0.9722704524563374,0.5,True
1fm0__B1_P30749--1fm0__A1_P30748,0.9462654702669017,0.5,False
4jgo__B1_O31671--4jgo__A1_O31671,0.9117740081110839,0.5,True
3l2k__A1_Q8GPH0--3l2k__B1_Q8GPH0,0.8105622165268136,0.5,True
1yov__A1_Q13564--1yov__B1_Q8TBC4,0.9358804731421994,0.5,False
7zvd__A1_P11413--7zvd__A2_P11413,0.9800707244686973,0.5,True
8grh__B1_P51553--8grh__A1_P50213,0.9252005283492797,0.5,False
1lxd__A1_Q03386--1lxd__B1_Q03386,0.4321872780099202,0.5,True
5m97__A1_Q10113--5m97__B1_Q10113,0.9768758650736962,0.5,True
7ax1__A1_Q9ULM6--7ax1__B1_Q9UIV1,0.9589274141523494,0.5,False
8d4w__A1_A0A8B4R830--8d4w__A2_A0A8B4R830,0.7839953785544864,0.5,True
7ynw__B2_Q57834--7ynw__A1_Q57834,0.9954965856855228,0.5,True
4rgp__A1_Q8DTU7--4rgp__B1_Q8DTU7,0.9319696832251324,0.5,True
8twd__C1_P0AEV1--8twd__A1_W8SRD3,0.8243661588072044,0.5,False
3fb9__A1_A0A0H2US72--3fb9__B1_A0A0H2US72,0.858239530771553,0.5,True
8a39__A1_A0A024L404--8a39__C2_A0A024L404,0.9768266442466199,0.5,True
3ps8__A1_P01034--3ps8__A2_P01034,0.4068607070741289,0.5,True
7vwp__A2_A0A136PK59--7vwp__B1_A0A136PK59,0.993543075024429,0.5,True
3a7p__A1_Q03818--3a7p__B1_Q03818,0.949659370847187,0.5,True
4ql6__A1_A0A0H3MDM0--4ql6__C1_A0A0H3MDM0,0.8467401345123182,0.5,True
5nck__A1_Q8RDN7--5nck__B1_Q8RDN7,0.9699481508518464,0.5,True
3w8i__A1_Q9BUL8--3w8i__B1_Q9P289,0.9795098208557469,0.5,False
4oky__A1_Q52612--4oky__A2_Q52612,0.9688006916962596,0.5,True
7x20__A1_P54708--7x20__B1_P07340,0.9625817247370712,0.5,False
3hnw__A1_D0VWZ2--3hnw__B1_D0VWZ2,0.9574505166617394,0.5,True
8r37__A1_A0A086IRG1--8r37__B1_A0A086IRG1,0.8951518106115146,0.5,True
1rqg__A1_Q9V011--1rqg__A2_Q9V011,0.8888002179814056,0.5,True
8brl__A1_F7J213--8brl__A2_F7J213,0.9103117225976906,0.5,True
7qiu__A1_P94538--7qiu__B1_P94538,0.988274666404704,0.5,True
6sjs__A1_B8FUR2--6sjs__B1_B8FUR2,0.9782043380724732,0.5,True
8hlg__A1_Q9RR88--8hlg__B1_Q9RR88,0.9553139807612427,0.5,True
6mpc__A1_B3DQP5--6mpc__B1_B3DQP5,0.9801452468583047,0.5,True
7pcr__A1_P56185--7pcr__A2_P56185,0.9093204706565696,0.5,True
3bvq__B1_Q2I6W2--3bvq__A1_Q2I6W2,0.9246107279439404,0.5,True
6bsu__A1_Q9LZJ3--6bsu__B1_Q9LZJ3,0.8633188533590094,0.5,True
4e5u__B1_Q9HZN8--4e5u__A1_Q9HZN8,0.9661434671997092,0.5,True
8a52__A1_P23222--8a52__B1_P23222,0.9234765095011641,0.5,True
1d0v__A1_Q05603--1d0v__A2_Q05603,0.976931868355226,0.5,True
3gwq__A1_Q145Q0--3gwq__B1_Q145Q0,0.9157954805588164,0.5,True
1yhc__A1_O67648--1yhc__B1_O67648,0.8688838016653668,0.5,True
7lxs__A1_Q8ZMZ2--7lxs__C1_Q8ZMZ2,0.8481393935189315,0.5,True
6w08__B1_Q9KL63--6w08__A1_Q9KL63,0.9178829475340926,0.5,True
7wrm__A1_D0IVL9--7wrm__B1_D0IVL9,0.8679453990626979,0.5,True
2yww__B1_Q58801--2yww__A1_Q58801,0.9933456728815855,0.5299774276556363,True
3lm6__A1_P40869--3lm6__B1_P40869,0.9565558646577,0.5,True
7trw__A1_A0A380PDL3--7trw__A2_A0A380PDL3,0.7414802074667524,0.5,True
8syc__A1_Q13370--8syc__B1_Q13370,0.452876613451087,0.5,True
1gk6__A1_P03069--1gk6__B1_P03069,0.9557625079604567,0.5,True
1reo__A1_Q6STF1--1reo__A2_Q6STF1,0.9722406155476085,0.5,True
6s3b__A1_Q88JK6--6s3b__B1_Q88JK6,0.9017133725008813,0.5,True
7tl5__A1_A0A3F3B310--7tl5__B1_A0A3F3B310,0.8908538695621253,0.5,True
2asf__A1_P9WLL7--2asf__A2_P9WLL7,0.9290782298445133,0.5,True
8ilj__A1_A0A242MJ43--8ilj__B1_A0A242MJ43,0.9802400264332334,0.5,True
4usc__A1_A0A0A0Y4H8--4usc__B1_A0A0A0Y4H8,0.935540711602801,0.5,True
5yp3__A1_Q6F3I7--5yp3__B1_Q6F3I7,0.9805788990298298,0.5,True
8aid__A1_Q9HWJ8--8aid__B1_Q9HWJ8,0.9615986151813779,0.5,True
7yp6__B1_E5L4T5--7yp6__A1_E5L4T5,0.912710561734519,0.5,True
4aql__A1_Q9Y2T3--4aql__A2_Q9Y2T3,0.9657350964439242,0.5,True
3idf__A1_O34252--3idf__B1_O34252,0.8179774836532376,0.5,True
8fjr__A1_D1A807--8fjr__B1_D1A807,0.8233897666069689,0.5,True
7z56__B1_F0NGX6--7z56__A1_F0NGX6,0.9881011173904686,0.5076923076923077,True
7olf__A1_A9CEY7--7olf__B1_A9CEY7,0.9493723005728851,0.5,True
3zta__A1_Q2RIF4--3zta__A2_Q2RIF4,0.9798475054412583,0.5,True
3abi__A1_O59312--3abi__B1_O59312,0.995994985017869,0.5,True
5ab8__A1_P9WN25--5ab8__A2_P9WN25,0.7386885806938978,0.5,True
1guq__A1_P09148--1guq__B1_P09148,0.9543953688559551,0.5,True
6zdw__B1_A0A162MUP0--6zdw__A1_A0A162MUP0,0.9098461903512562,0.5,True
8csd__A1_Q6U8B0--8csd__A2_Q6U8B0,0.9554437118126387,0.5,True
8bfr__A1_P30177--8bfr__A2_P30177,0.9964732143069979,0.5,True
7yk3__A1_O53604--7yk3__B1_O53605,0.9672447034200076,0.5,False
6xiv__A1_P16114--6xiv__B2_P16114,0.9307408081237619,0.5,True
8ajx__A1_P17117--8ajx__A2_P17117,0.9175354489811667,0.5,True
8ayj__A1_D5EHC5--8ayj__B1_D5EHC5,0.9744426145453214,0.5,True
8a6e__B2_P02699--8a6e__A1_P02699,0.9401461254097789,0.5,True
4jb7__A1_Q9KTQ6--4jb7__A2_Q9KTQ6,0.8953444050063626,0.5,True
6h3f__A1_A0A0H3JT80--6h3f__A2_A0A0H3JT80,0.9810644536415356,0.5,True
6wxw__A1_F2NWD3--6wxw__B1_F2NWD3,0.8690184661012451,0.5,True
2zw2__A1_F9VNF4--2zw2__B1_F9VNF4,0.8614755650614356,0.4999359467076608,True
2wo2__A1_P54764--2wo2__B1_P52799,0.8106584265141547,0.5,False
1ord__A1_P43099--1ord__B1_P43099,0.950601900475322,0.5,True
7zcm__A1_P42196--7zcm__B1_P42259,0.9355621338655381,0.5,False
8aa9__A1_Q9V1Y9--8aa9__B1_Q9V1Y9,0.6293950664352623,0.5,True
4i6y__B1_P13702--4i6y__A1_P13702,0.9005235788674233,0.5,True
1vh4__B1_P77689--1vh4__A1_P77689,0.9286449460965268,0.5,True
3ocd__A1_D7A6E5--3ocd__B1_Q7BQR5,0.868796787275901,0.5,False
8pq7__A1_M1C5B8--8pq7__B1_D0N0Z8,0.6662407703940931,0.5,False
5abr__A1_P82802--5abr__B1_P82802,0.9912627250050563,0.5,True
2zmf__A1_Q9Y233--2zmf__B1_Q9Y233,0.8422045950717959,0.5,True
2vzk__B1_P0DJQ5--2vzk__A1_P0DJQ5,0.32813462939560106,0.5,True
7wm5__A1_A0A0C2W699--7wm5__A2_A0A0C2W699,0.9314937059300649,0.5,True
1zee__A1_Q8E972--1zee__B1_Q8E972,0.9310014931510897,0.5,True
1f3u__B1_P35269--1f3u__A1_P13984,0.8618021708892907,0.5,False
7tvh__B1_Q9I2Q1--7tvh__A1_Q9I2Q1,0.957152073948949,0.5,True
5vgm__B1_Q9KL24--5vgm__A1_Q9KL24,0.9778995592722137,0.5,True
4zzh__A1_Q96EB6--4zzh__A2_Q96EB6,0.5411169153959398,0.5,True
6m4v__A1_P0AEX9--6m4v__B1_P62942,0.8530835421070765,0.5,False
7y28__A1_P07814--7y28__B1_P07814,0.9200614746818311,0.5,True
2plg__A1_Q8DKM0--2plg__B1_Q8DKM0,0.8575079507759138,0.5,True
7y7u__A1_A0A222F232--7y7u__B1_A0A222F232,0.8888322491812907,0.5,True
3fgc__A1_P07740--3fgc__B1_P07739,0.9542298173836621,0.5,False
1rve__A1_P04390--1rve__B1_P04390,0.9751329670229647,0.5,True
7zy1__A1_Q9F8A8--7zy1__A2_Q9F8A8,0.9576439746147324,0.5,True
3jxo__B1_A0A0F6AN26--3jxo__A1_A0A0F6AN26,0.9279256860720007,0.5,True
8dqb__A1_A0A0H3FX83--8dqb__A2_A0A0H3FX83,0.944358507734304,0.5,True
5l16__A1_Q4Q0M0--5l16__A2_Q4Q0M0,0.9651998373600464,0.5,True
3qt7__A1_Q9FD73--3qt7__B1_Q9FD73,0.9915887675565411,0.5,True
4aye__D1_Q9JXV4--4aye__A1_P08603,0.885378127099788,0.5,False
7r3n__A1_P43432--7r3n__B1_P43432,0.9930306136090192,0.5,True
7a0x__B1_Q8ZRZ3--7a0x__A1_Q8ZRZ3,0.9675917928000956,0.5,True
7wjk__A1_P93836--7wjk__A2_P93836,0.8077452544458448,0.5,True
7g99__B1_Q92974--7g99__A1_P61586,0.5385695714306198,0.5,False
5x8z__A1_A3QAQ5--5x8z__B1_A3QAQ5,0.9306637130194116,0.5,True
6dt3__B1_A0A1W1Q5B1--6dt3__A1_A0A1W1Q5B1,0.9775290270272368,0.5,True
7u0r__B1_M9SC49--7u0r__A1_M9SC49,0.9794528601314746,0.5,True
7wbt__A1_Q288C4--7wbt__B1_Q288C4,0.9323520081417558,0.5,True
7txe__A1_Q8I6T6--7txe__B1_Q8I6T6,0.3284642851270605,0.5,True
6pyp__A1_P21695--6pyp__B1_P21695,0.9761296193020048,0.5,True
8b2d__A1_F5SYD3--8b2d__B1_F5SYD3,0.8985249512813954,0.5,True
1vmg__A1_Q97U11--1vmg__A2_Q97U11,0.9004828668624166,0.5,True
6b8l__B1_P0DP23--6b8l__A1_P56696,0.8493412409312702,0.5,False
8sj5__A1_A0A2I4FN75--8sj5__C1_A0A2I4FN75,0.3487757488696741,0.5,True
3nr1__A1_Q8N4P3--3nr1__B1_Q8N4P3,0.9776033157092278,0.5,True
3h3l__A1_A6LFX0--3h3l__A2_A6LFX0,0.9248112308314078,0.5,True
6jdh__A1_A0A2K0XYW4--6jdh__B1_A0A2K0XYW4,0.94905139074275,0.5,True
3vjz__A1_Q9K0P4--3vjz__B1_Q9K0P4,0.4130313222044488,0.5,True
3et4__A1_Q4QMM5--3et4__A2_Q4QMM5,0.8875945992279545,0.5,True
5or3__A1_Q2UNF9--5or3__D1_Q2UNF9,0.8671149125208377,0.5,True
3fh3__B1_A0A6L8PES2--3fh3__A1_A0A6L8PES2,0.30174246907810803,0.5,True
1go3__A1_Q57840--1go3__B1_Q60351,0.8960986054880792,0.5,False
3zxq__B1_P9WGK1--3zxq__A1_P9WGK1,0.4454573055369322,0.5,True
1zlh__A1_P00730--1zlh__B1_Q5EPH2,0.6864815225698296,0.5,False
4h1h__A1_Q8Y6P6--4h1h__B1_Q8Y6P6,0.8885924155439793,0.5,True
2gh1__A1_Q81E32--2gh1__B1_Q81E32,0.8125936901271152,0.5,True
7dl7__F1_B0VJ11--7dl7__A1_B0VJ11,0.9814075294121751,0.5,True
7yu0__B1_Q79F77--7yu0__A1_Q79F77,0.9385775357856552,0.5,True
3cbu__B1_Q473P3--3cbu__A1_Q473P3,0.9276363288122039,0.5,True
3ihk__A1_Q8DVV9--3ihk__A2_Q8DVV9,0.9496750771400786,0.5,True
4y67__A1_Q8IKG4--4y67__B1_Q8IKG4,0.9365643855526264,0.5,True
6ejp__B1_P69986--6ejp__A1_P69986,0.2106087589532934,0.5,True
1poy__A1_P0AFK9--1poy__B1_P0AFK9,0.9488970869768576,0.5,True
3a7o__A1_Q03818--3a7o__B1_Q03818,0.9491309581266609,0.5,True
5n47__B1_P02751--5n47__A1_P80188,0.6658437956731587,0.5,False
8ejm__A1_O43143--8ejm__B1_Q8IWZ8,0.7497481195981415,0.5,False
7jl6__A1_Q9L523--7jl6__B1_Q9L523,0.8815533449666352,0.5,True
1npd__B1_P0A6D5--1npd__A1_P0A6D5,0.9832830129481471,0.5,True
8h0h__A1_P9WLU7--8h0h__C1_P9WLU7,0.4089791781595186,0.5,True
3t8l__A1_Q7CUX4--3t8l__B1_Q7CUX4,0.8529406641601466,0.5,True
7ol3__B1_Q8WXF7--7ol3__A1_Q8WXF7,0.8474915016773874,0.5,True
3ent__A1_Q2YAE2--3ent__B1_Q2YAE2,0.9288253878133854,0.5,True
2y4g__A1_D3Y1I2--2y4g__B1_D3Y1I2,0.9509741709937602,0.5,True
7ec7__A1_A0A0H2XGN0--7ec7__A2_A0A0H2XGN0,0.9563086539725653,0.5,True
2o11__A1_P9WPY1--2o11__A2_P9WPY1,0.8821975043922672,0.5,True
8abq__A1_Q13596--8abq__B1_Q9Y5X3,0.9841662365950885,0.5,False
2sak__A1_P68802--2sak__A2_P68802,0.6965363808663128,0.5,True
8h5e__A1_Q5SMG8--8h5e__B1_Q5SMG8,0.9181237570386185,0.5,True
8bgm__B1_A0A5P3XKL3--8bgm__A1_A0A5P3XKM0,0.8646195176855922,0.5,False
2ps8__A1_P13513--2ps8__B1_P13513,0.9687320170918148,0.5,True
6awl__A1_O75208--6awl__B1_O75208,0.918540894700867,0.5,True
4qds__A1_O60462--4qds__B1_O60462,0.3128653749486078,0.5,True
6qky__B1_Q97P33--6qky__A1_Q97P33,0.3998130079264603,0.5,True
7nli__B1_P08405--7nli__A1_P08405,0.9244899751676481,0.5,True
8p3m__A1_W0DP94--8p3m__B1_W0DP94,0.9618858449018387,0.5,True
5v7y__A1_A0A4Y1WAP5--5v7y__B1_A0A4Y1WAP5,0.8830321952895315,0.5,True
4aps__A1_Q5M4H8--4aps__B1_Q5M4H8,0.9177011921023176,0.5,True
7ucn__A1_P50120--7ucn__B1_P50120,0.41821441703545836,0.5,True
1ni5__A1_P52097--1ni5__A2_P52097,0.9581376601907721,0.5,True
4a5o__B1_Q9I2U6--4a5o__A1_Q9I2U6,0.9688749747657708,0.5,True
8q5k__A1_A0A0H2Z7A6--8q5k__A2_A0A0H2Z7A6,0.5617174867514092,0.5,True
1ww5__A1_Q6WY08--1ww5__D1_Q6WY08,0.9935304778728578,0.5,True
7ww2__A1_A0A4Q9D6T1--7ww2__B1_A0A4Q9D6T1,0.9309693939804328,0.5,True
2pfk__A1_P0A796--2pfk__B1_P0A796,0.9225990530549881,0.5,True
1i2m__B1_P18754--1i2m__A1_P62826,0.8473042176052799,0.5,False
8i2e__A1_O34841--8i2e__B1_P54421,0.9271447560208037,0.5,False
3pfl__A1_P09373--3pfl__B1_P09373,0.9855823571162516,0.5,True
6gho__B1_Q5L1S1--6gho__A1_O31602,0.7204449998711638,0.5,False
1glj__A1_P0A6F3--1glj__B1_P0A6F3,0.9874021323543741,0.5,True
4zq8__B1_A0A0M3KL36--4zq8__A1_A0A0M3KL36,0.9481579422644666,0.5,True
5h4h__B1_O58236--5h4h__A1_O58236,0.9614760630389533,0.5,True
4iv9__A1_P06617--4iv9__B1_P06617,0.9291444165834883,0.5,True
6sdk__A1_P26497--6sdk__B1_P26497,0.643357337579419,0.5,True
2fq4__A1_Q81BJ4--2fq4__A2_Q81BJ4,0.9820622853039088,0.5,True
7zeq__B1_Q9WXT1--7zeq__A1_Q9WXT1,0.956327477085218,0.5,True
5z5h__A1_Q2I2N4--5z5h__A2_Q2I2N4,0.9768443042653028,0.5,True
2fe1__A1_Q8ZZP3--2fe1__A2_Q8ZZP3,0.9827712806473611,0.5,True
7wik__B1_A0R1E6--7wik__A1_A0R1E6,0.8721686408508259,0.5,True
7t8o__B1_Q8Y8Y9--7t8o__A1_Q8Y8Y9,0.911895889363297,0.5,True
7t91__A1_P08151--7t91__B1_P08151,0.05984553687038717,0.5,True
3lg6__A1_D2YW48--3lg6__B1_D2YW48,0.9543147972450061,0.5,True
2o9a__A1_P16528--2o9a__D1_P16528,0.9643369102953949,0.5,True
1zhq__A1_Q9RHG4--1zhq__B1_Q9RHG4,0.7392548088195944,0.5,True
2e0k__B1_Q8KFD9--2e0k__A1_Q8KFD9,0.940737360027867,0.4999917163684559,True
6izb__A1_P13693--6izb__A2_P13693,0.8682774098805797,0.5,True
3a2f__A1_P61875--3a2f__B1_O73947,0.9651722817792516,0.5,False
3vf0__B1_Q8IY67--3vf0__A2_P18206,0.664633215633107,0.5,False
8ehe__A1_A0A0A7KVG3--8ehe__B1_A0A1D3UUC0,0.9450589678919448,0.5,False
6hpc__A1_P67697--6hpc__B1_P67697,0.9521779546667302,0.5,True
2x3o__A1_Q9I585--2x3o__B1_Q9I585,0.8432891149412458,0.5,True
5y40__A1_P55892--5y40__B1_P55892,0.738863017386349,0.5,True
1y42__A1_P12063--1y42__A2_P12063,0.9727276571954342,0.5,True
2e91__A1_Q12051--2e91__B1_Q12051,0.9658471739274668,0.5,True
3iuw__B1_Q8KUB7--3iuw__A1_Q8KUB7,0.9313707232792245,0.5,True
8e7y__A1_Q9RFC8--8e7y__B1_Q9RFC8,0.8339275675105066,0.5,True
4kzn__A1_P15692--4kzn__A2_P15692,0.8802013222301786,0.5,True
7z7o__A1_A0A1S4NYF2--7z7o__C1_A0A1S4NYF2,0.8026227229657619,0.5,True
8brp__A1_D8G6F7--8brp__B1_D8G6F7,0.9574427863671164,0.5,True
3qir__A1_Q8TC59--3qir__A2_Q8TC59,0.22698402860711742,0.5,True
8bay__A1_O75874--8bay__B1_O75874,0.9550316193065618,0.5,True
6mhm__B1_Q13510--6mhm__A1_Q13510,0.461252664894766,0.5,True
8bj7__A1_P07598--8bj7__B1_P07603,0.8782346698391706,0.5,False
8b80__A1_W8QF82--8b80__B1_W8QF82,0.9672309258258185,0.5,True
5wxx__A1_Q9RNB4--5wxx__A2_Q9RNB4,0.9414669399881674,0.5,True
8f7l__A1_P43490--8f7l__B1_P43490,0.906488087643861,0.5,True
3cz1__A1_Q9U9J6--3cz1__B1_Q9U9J6,0.6880635285415648,0.5,True
8a0c__A1_Q2ERG0--8a0c__B1_Q2ERG0,0.8952128409522891,0.5,True
5mpy__A1_Q9LPZ1--5mpy__B1_Q9LPZ1,0.7238854603919214,0.5,True
1anu__A1_Q06851--1anu__A2_Q06851,0.9222619565961325,0.5,True
3vs8__A1_C1DM33--3vs8__C1_C1DM33,0.897476628102537,0.5,True
7zi8__A1_P27707--7zi8__A2_P27707,0.959061648602227,0.5,True
1peu__A1_Q08698--1peu__A2_Q08698,0.9847779678655714,0.5,True
5uk5__B1_Q63722--5uk5__A1_Q07008,0.6443434576205809,0.5,False
7vg5__A1_Q49135--7vg5__B1_Q49135,0.9604160653457132,0.5,True
4jkz__A1_A0R6I8--4jkz__A2_A0R6I8,0.9521955010034974,0.5,True
4aa8__A1_P00794--4aa8__A2_P00794,0.9549544956631371,0.5,True
5yew__A1_Q8IWA4--5yew__B1_Q8IWA4,0.8298255249356855,0.5,True
1hf2__B1_Q9X0D7--1hf2__A1_Q9X0D7,0.9880030683602112,0.5,True
3au0__A1_Q7A382--3au0__A2_Q7A382,0.2207188157908402,0.5,True
3gif__A1_O34757--3gif__B1_O34757,0.9532115981797205,0.5,True
4axv__A1_A7N805--4axv__A2_A7N805,0.9469783565642085,0.5,True
5c6u__A1_O69689--5c6u__A2_O69689,0.912693368328527,0.5,True
4nv4__A1_A0A6L7HM74--4nv4__A2_A0A6L7HM74,0.381020836832874,0.5,True
6axf__A1_Q7LDG7--6axf__B1_P61224,0.632190816390338,0.5,False
5yf1__B1_Q8N4J0--5yf1__A1_Q8N4J0,0.9190898958466505,0.5,True
8j83__A1_C5ATT7--8j83__B1_C5ATT6,0.9130990904323932,0.5,False
3fjy__B1_A0ZZM4--3fjy__A1_A0ZZM4,0.9471441612864198,0.5,True
4rg1__A1_Q5T280--4rg1__B1_Q5T280,0.9027527963878922,0.5,True
1ux4__A1_P41832--1ux4__A2_P41832,0.6226708508298788,0.5,True
6rbm__A1_P0ACT4--6rbm__A2_P0ACT4,0.9334840561668096,0.5,True
7wis__A1_P46881--7wis__B1_P46881,0.9119339863380862,0.5,True
5a3l__A1_A0A1A9TAD0--5a3l__C1_A0A1A9TAD0,0.5267755015422315,0.5,True
2gz4__A1_Q7D028--2gz4__C1_Q7D028,0.8424029364561494,0.5,True
7xyv__A1_Q9C0D3--7xyv__B1_Q9C0D3,0.5726125102024044,0.5,True
2f9w__A1_Q9HWC1--2f9w__B1_Q9HWC1,0.9615449532071851,0.5,True
2ox1__A1_O30011--2ox1__B1_O30011,0.9933115721601509,0.5,True
2guh__A1_Q0S8Y3--2guh__B1_Q0S8Y3,0.960805915255482,0.5,True
7br1__A1_A0A7I6N400--7br1__B1_A0A7I6N400,0.9566154191771984,0.5,True
2p04__A1_D0VWX5--2p04__B1_D0VWX5,0.9587431460549923,0.49996565698193557,True
4h5b__A1_Q9RUY5--4h5b__B1_Q9RUY5,0.8301925062693614,0.5,True
4e1o__A1_P19113--4e1o__B1_P19113,0.7846606050049098,0.5,True
7pu4__B1_Q9X053--7pu4__A1_Q9X053,0.40021416669966003,0.5,True
3m1u__A1_Q72DN3--3m1u__B1_Q72DN3,0.890273617495245,0.5,True
7qii__A1_P0C2N2--7qii__B1_P0C2N4,0.8906332142201001,0.5,False
6ird__A1_Q91UZ1--6ird__B1_Q8NI35,0.5724543288375727,0.5,False
6gg2__A1_Q4WD43--6gg2__A2_Q4WD43,0.9720171146127806,0.5,True
6oei__A1_Q8KG60--6oei__A2_Q8KG60,0.939444355151441,0.5,True
8hyi__A1_P22223--8hyi__B1_P22223,0.6606055927713816,0.5,True
4b8v__A1_B3VBK9--4b8v__A2_B3VBK9,0.9330597472761846,0.5,True
4lqb__A1_D2Q399--4lqb__B1_D2Q399,0.8989506778881896,0.5,True
2vxb__A1_P87074--2vxb__B1_P87074,0.22373284123101295,0.5,True
1t72__A1_O67053--1t72__B1_O67053,0.9600278739931545,0.5,True
3soo__A1_Q5T7N2--3soo__A2_Q5T7N2,0.7664652466426339,0.5,True
5z1o__A1_D0VWU8--5z1o__B1_D0VWU8,0.835043428257871,0.5,True
6h40__A1_K5B7F3--6h40__A2_K5B7F3,0.9764280418961491,0.5,True
2etk__A1_Q13464--2etk__B1_Q13464,0.9081312491077157,0.5,True
2p69__A1_Q96GD0--2p69__A2_Q96GD0,0.9589747397613696,0.5,True
4doy__A1_Q6WNP1--4doy__C1_Q6WNP1,0.9676148074112774,0.5,True
6zxw__A1_O29011--6zxw__B1_A0A117KMN5,0.9016058810697469,0.5,False
3lhk__A1_Q60329--3lhk__B1_Q60329,0.941756168680554,0.5,True
1qpa__A1_P11542--1qpa__B1_P11542,0.8933753687255797,0.5,True
6e52__A1_P03069--6e52__B1_P03069,0.9276420643025934,0.5,True
1fwl__A1_Q58504--1fwl__B1_Q58504,0.9877692445888548,0.5,True
5nkk__A1_O62301--5nkk__B1_Q9XWJ1,0.8484387802793311,0.5,False
1ygt__A1_Q94524--1ygt__A2_Q94524,0.9209027545494816,0.5,True
6p40__A1_M1GSK9--6p40__B1_M1GSK9,0.9350367244681463,0.5,True
2wyn__B1_P13482--2wyn__D1_P13482,0.912548276273511,0.5,True
7yui__A1_P0CG48--7yui__B1_Q9BYM8,0.8040535577883542,0.5,False
8dml__B1_Q87GI3--8dml__A1_Q87GI4,0.83409619216294,0.5,False
2oi2__A1_A0A0H2UNK6--2oi2__A2_A0A0H2UNK6,0.9215501378962918,0.5,True
4wud__A1_P0AES6--4wud__A2_P0AES6,0.9199212445975701,0.5,True
5yzj__A1_A8K0B5--5yzj__B1_A8K0B5,0.4528673232028665,0.5,True
8f61__A1_Q28943--8f61__B1_Q28943,0.8766457908557904,0.5,True
5ho3__A1_W6KHH6--5ho3__B1_W6KHH6,0.8693519940168578,0.5,True
1u5i__A1_Q07009--1u5i__B1_Q64537,0.9313684226022092,0.5,False
1cmc__A1_P0A8U6--1cmc__B1_P0A8U6,0.9398728877121391,0.5,True
6oe2__A1_Q8A9F0--6oe2__A2_Q8A9F0,0.34454347844706246,0.5,True
3gzi__A1_A3QIY5--3gzi__A2_A3QIY5,0.9592454628997146,0.5,True
8pr6__B1_A0A1Q6BKH4--8pr6__A1_A0A1Q6BKH4,0.5236805577202708,0.5,True
8j64__A1_Q967S9--8j64__B1_O00816,0.4492179357146485,0.5,False
8ohw__A1_Q63T97--8ohw__B1_Q63T97,0.7561035272459156,0.5,True
5y4r__A1_O87131--5y4r__B1_Q9HVI1,0.7863764915879118,0.5,False
3ddh__A1_Q8A5Q8--3ddh__B1_Q8A5Q8,0.9638328232665552,0.5,True
8d3t__B1_A0A2K2AMS7--8d3t__A1_A0A2K2AMS7,0.5069702887877218,0.5,True
1zk8__A1_Q815X4--1zk8__B1_Q815X4,0.9780807001270392,0.5,True
2w82__A1_Q47730--2w82__B1_Q47730,0.9708832028581937,0.5,True
6l08__A1_O65896--6l08__B1_O65896,0.9658641061576054,0.5,True
4p94__B1_Q4J9K8--4p94__A1_Q4J9K8,0.9738159070598749,0.5,True
4yii__A1_O00762--4yii__B1_Q9UJX6,0.9750606359248551,0.5,False
4rus__A1_P68512--4rus__B1_P68512,0.9104394293770732,0.5,True
2o48__A1_Q9TQS6--2o48__A2_Q9TQS6,0.8581250105077164,0.5,True
7pvw__B1_P00523--7pvw__A1_P00523,0.45079422090290505,0.5,True
2wcu__A1_Q8R2K1--2wcu__B1_Q8R2K1,0.9728298188944943,0.5,True
2p35__A1_Q8UH15--2p35__B1_Q8UH15,0.8704909933532734,0.5,True
5jj8__A1_Q9HVB9--5jj8__A2_Q9HVB9,0.7555210325864675,0.5,True
6ije__A1_A0A083ZID3--6ije__B1_A0A083ZID3,0.9371520775770957,0.5,True
8avu__A1_Q8GPI4--8avu__A2_Q8GPI4,0.9649486316152983,0.5,True
7xdu__B1_A0A1I1Z0X1--7xdu__A1_A0A1I1Z0X1,0.9829183060559983,0.5,True
1xr4__A1_Q8ZRY1--1xr4__B1_Q8ZRY1,0.9208360536000042,0.5,True
2fuq__A1_C6XZB6--2fuq__B1_C6XZB6,0.9651262015576726,0.5,True
5xrw__A1_O25306--5xrw__C1_O25674,0.9557500653991883,0.5,False
5l0o__A1_P46940--5l0o__B1_P46940,0.30959863362335094,0.5,True
2zcx__A1_Q9FBX0--2zcx__A2_Q9FBX0,0.8999797342978886,0.5,True
5way__A1_Q97P44--5way__B1_Q97P44,0.969574711041757,0.5,True
7xey__A1_Q9SU72--7xey__B1_Q9S745,0.900831723098956,0.5,False
4xlo__C1_Q9KHK2--4xlo__A1_Q9KHK2,0.9496804299588735,0.5,True
6kd6__B1_Q9VAA9--6kd6__A1_Q9VAA9,0.3591312063864931,0.5,True
8k72__A1_Q9NWT6--8k72__A2_Q9NWT6,0.9221424475590612,0.5,True
8b5v__A1_Q4E4A3--8b5v__B1_Q4E4A3,0.9543957875245033,0.5,True
4yo3__A1_D3GUX1--4yo3__A2_D3GUX1,0.974827692046702,0.5,True
8p8p__A1_P49773--8p8p__B1_P49773,0.900627976773015,0.5,True
6hrx__A1_O53623--6hrx__B1_O53623,0.98103837155991,0.5,True
3mdo__A1_A6LDR8--3mdo__B1_A6LDR8,0.9504294366423053,0.5,True
8iw0__A1_Q14678--8iw0__B1_Q14678,0.7424180836861649,0.5,True
2rb7__A1_Q313A9--2rb7__B1_Q313A9,0.8680748267815559,0.5,True
3lsj__A1_Q9HUS3--3lsj__B1_Q9HUS3,0.8759624511858038,0.5,True
8g0q__A1_P40460--8g0q__B1_P33895,0.8058246991574742,0.5,False
6ms4__A1_Q9ULC4--6ms4__B1_O43583,0.914121981522641,0.5,False
7y6b__A1_A0A411GZY8--7y6b__B1_A0A411H025,0.9050735750538577,0.5,False
7zyt__A1_P09622--7zyt__B1_P09622,0.8990095853041389,0.5,True
7lle__A1_Q6QVT7--7lle__B1_Q6QVT7,0.9132332243381203,0.5,True
4csw__A1_D0MK34--4csw__B1_D0MK34,0.9522121294582333,0.5,True
7tev__A1_P04181--7tev__A2_P04181,0.9025618394519925,0.5,True
2hsa__B1_Q9FEW9--2hsa__A1_Q9FEW9,0.8785769411832697,0.5,True
4tsd__A1_O25673--4tsd__B1_O25673,0.9153373003312866,0.5,True
7qh0__B1_P48499--7qh0__A1_P48499,0.9701888014676283,0.5,True
1ayf__B1_P00257--1ayf__A1_P00257,0.6478917330644361,0.5,True
3neu__A1_Q92AT3--3neu__A2_Q92AT3,0.8938939832689833,0.5,True
8f9x__A1_Q5LVE1--8f9x__B1_Q5LVE1,0.9176134740446559,0.5,True
3pui__A1_Q9L9D7--3pui__A2_Q9L9D7,0.9673818232653992,0.5,True
1rqi__A1_P22939--1rqi__B1_P22939,0.9746905235963699,0.5,True
6pya__A1_P04278--6pya__A2_P04278,0.9715384567769558,0.5,True
1r27__A1_P09152--1r27__B1_P11349,0.9143975636551669,0.5,False
7zuv__A1_A0A2K3DY10--7zuv__D2_A0A2K3DY10,0.8313980403050938,0.5,True
2aho__A1_Q980A5--2aho__B1_Q97Z79,0.9189390822785792,0.5,False
6mni__A1_A0A2V0QX35--6mni__B1_A0A2V0QX35,0.9128179356822315,0.5,True
4kif__B1_Q643C8--4kif__A1_Q643C8,0.9722314672264782,0.5,True
7vyu__A1_A0A022MLV4--7vyu__B1_A0A022MLV4,0.8750336177708435,0.5,True
3g23__A1_Q2G8F3--3g23__B1_Q2G8F3,0.9733521368898919,0.5,True
3ui3__A1_O05728--3ui3__B1_O05728,0.9452379739959941,0.5,True
8ohy__A1_Q556V8--8ohy__A2_Q556V8,0.9788110380702973,0.5,True
5zgo__A1_Q5SHW6--5zgo__B1_Q5SHW6,0.9044981659499114,0.5,True
5uph__B1_Q14108--5uph__A1_Q14108,0.7338294423821115,0.5,True
6u3w__A1_P53622--6u3w__B1_P40509,0.8669141603596157,0.5,False
2gsv__B1_P71066--2gsv__A1_P71066,0.8449606526604577,0.5,True
7yh1__A1_A0A5B9DB95--7yh1__B1_A0A5B9DB95,0.9316980508754542,0.5,True
6c6r__A1_Q14534--6c6r__B1_Q14534,0.953172329671926,0.5,True
6p4o__B1_Q970I1--6p4o__A1_Q970I2,0.9592560185230204,0.5,False
2oys__A1_A0A0H2URW2--2oys__B1_A0A0H2URW2,0.9680005852659302,0.5,True
8i85__A1_D2B3F1--8i85__B1_D2B3F1,0.7618576329648117,0.5,True
2b0a__A1_Q58193--2b0a__A2_Q58193,0.9513961939713619,0.5,True
3ayh__B1_O94285--3ayh__A1_Q9C0Z9,0.893548304244914,0.5,False
2g38__B1_Q79FE1--2g38__A1_Q7D756,0.8824862493346451,0.5,False
2z6k__A1_P15927--2z6k__C1_P35244,0.8705600104697461,0.5,False
3p8b__B1_Q8TZK1--3p8b__A1_Q8U440,0.8642204554805296,0.5,False
6z68__A1_A0A1M6Y2K1--6z68__B1_A0A1M6Y2K1,0.8806227210357733,0.5,True
5yz5__A1_Q16555--5yz5__A2_Q16555,0.9040501168209466,0.5,True
6dk9__A1_A7A1Y4--6dk9__A2_A7A1Y4,0.9584769303201506,0.5,True
2p19__A1_Q8NTZ4--2p19__C1_Q8NTZ4,0.9768523878311266,0.4999921775997747,True
8ai1__B1_Q45595--8ai1__A1_Q45595,0.9399941605751078,0.5,True
7px0__B1_Q9VF53--7px0__A1_Q9VF53,0.9548009936022319,0.5,True
4cmz__B1_Q9BXM0--4cmz__A1_Q9BXM0,0.019864847763329523,0.5,True
8gyz__B1_Q93ZE2--8gyz__A1_Q93ZE2,0.9532897990675867,0.5,True
2ikb__A1_Q7DDI9--2ikb__C1_Q7DDI9,0.9830581231751412,0.5,True
7zam__A1_Q07666--7zam__B1_Q07666,0.5995513962300193,0.5,True
3egv__A1_Q84BQ9--3egv__B1_Q5SLP6,0.8867800896750256,0.5,False
2g9w__A1_P9WMJ5--2g9w__B1_P9WMJ5,0.9420964587909287,0.5,True
2afv__A1_Q8EXP7--2afv__B1_Q8EXP7,0.9266335783619896,0.5,True
7w93__A1_A0A140N873--7w93__A2_A0A140N873,0.9837959509039438,0.5,True
1wl3__B1_Q9X1M1--1wl3__A1_Q9X1M1,0.9722636268009838,0.5,True
4kbx__A1_P45550--4kbx__A2_P45550,0.9466661247238639,0.5,True
8brn__C1_P80366--8brn__A1_P80366,0.9054511111455786,0.5,True
8h5a__A1_P67661--8h5a__B1_P67661,0.8810203351487755,0.5,True
8b4l__B1_D5SK09--8b4l__A1_D5SK09,0.8820766128349142,0.5,True
1nrj__B1_P36057--1nrj__A1_P32916,0.9054424921920912,0.5,False
4rdw__A1_Q9HU77--4rdw__A2_Q9HU77,0.9300059733911542,0.5,True
7vpr__A1_Q6FX18--7vpr__B1_Q6FX18,0.798709217266971,0.5,True
5a6k__A1_A0A0H2US73--5a6k__B1_A0A0H2US73,0.9790078500093928,0.5,True
7ucd__B1_P17535--7ucd__A1_P53539,0.9535713067067032,0.5,False
1qc9__A1_P00642--1qc9__A2_P00642,0.8723067894102899,0.5,True
3ooc__A1_P77239--3ooc__B1_P77239,0.8672751823360898,0.5,True
8pm1__A1_B8GAY9--8pm1__B1_B8GAY9,0.9105734208013206,0.5,True
1vbg__A1_P11155--1vbg__A2_P11155,0.9731263190167143,0.5,True
4ovo__A1_P67954--4ovo__A2_P67954,0.8895103230796692,0.5,True
2qgs__A1_A0A0H2VIU2--2qgs__B1_A0A0H2VIU2,0.9447155717295538,0.5,True
8bol__A1_Q04609--8bol__A2_Q04609,0.9514838008039875,0.5,True
3mii__B1_Q08914--3mii__A1_Q08914,0.8684765755455541,0.5,True
3i23__A1_Q835X4--3i23__B1_Q835X4,0.8601016867173408,0.5,True
3itf__A1_P0AE85--3itf__B1_P0AE85,0.7971543897954493,0.5,True
6mw5__A1_K3WC47--6mw5__A2_K3WC47,0.9056192376074664,0.5,True
5vht__A1_P0A9J8--5vht__B1_P0A9J8,0.9817256871954868,0.5,True
6j6x__B1_P53611--6j6x__A1_Q7Z6K3,0.9221332849530497,0.5,False
4tvb__A1_O32323--4tvb__B1_O32323,0.9425050782390245,0.5,True
3jyu__A1_P35123--3jyu__B1_P35123,0.5600704629316974,0.5,True
8dtc__A1_L8GT25--8dtc__B1_L8GT25,0.789694241285787,0.5,True
8fny__A1_O00418--8fny__B1_P0DP23,0.7476424643372367,0.5,False
7v0b__A1_A0A1E7MYN1--7v0b__B1_A0A1E7MYN1,0.9683776843271107,0.5,True
2vvo__A1_P9WKD7--2vvo__B1_P9WKD7,0.8387231113360137,0.5,True
5yjh__A1_Q15063--5yjh__A2_Q15063,0.8192393525382975,0.5,True
2z5e__A1_Q9BT73--2z5e__B1_Q9BT73,0.9410820847856635,0.5,True
1a8l__A1_Q51760--1a8l__A2_Q51760,0.9922533168093304,0.5,True
8h0r__A1_Q9WVJ5--8h0r__B1_Q9WVJ5,0.27347879228329813,0.5,True
2j7j__A1_P03001--2j7j__A2_P03001,0.51050182595035,0.5,True
7zbg__A1_Q02880--7zbg__A2_Q02880,0.7470165910235385,0.5,True
1rku__A1_Q9I2Y2--1rku__B1_Q9I2Y2,0.9556008711848224,0.5,True
2wvl__A1_Q72K30--2wvl__B1_Q72K30,0.9031622824004943,0.5,True
8ewa__B1_Q9HW02--8ewa__A1_Q9HW02,0.972116974128376,0.5,True
2ft0__A1_Q8FBQ3--2ft0__B1_Q8FBQ3,0.9231101285531778,0.5,True
2r01__A1_Q8KFI1--2r01__A2_Q8KFI1,0.9138514557442177,0.5,True
8hno__A1_B6YTS4--8hno__B1_B6YTS4,0.9631495194981058,0.5,True
6x88__A1_P52731--6x88__B1_P52731,0.9804056969696107,0.5,True
2x76__A1_Q939Q9--2x76__A2_Q939Q9,0.9922405210166771,0.5,True
7x2p__A1_Q5ZWH7--7x2p__B1_Q5ZWH7,0.5763762752178616,0.5,True
2aeu__A1_Q57622--2aeu__A2_Q57622,0.9735381485994539,0.5,True
5kbg__A1_Q43965--5kbg__B1_Q43965,0.9448687792705022,0.5,True
4p9g__A1_Q9REI7--4p9g__A2_Q9REI7,0.9318267176066826,0.5055555555555555,True
7tcv__A1_Q60932--7tcv__A2_Q60932,0.8875589476327664,0.5,True
7vkb__A1_Q5ZSZ6--7vkb__B1_Q5ZSZ7,0.8479357569581456,0.5,False
7r2p__A1_Q46877--7r2p__A2_Q46877,0.8817381752446688,0.5,True
6ggl__B1_C9K1X5--6ggl__A1_C9K1X5,0.9179470810978207,0.5,True
7yi7__A1_Q9Y251--7yi7__B1_Q9Y251,0.35002935908042127,0.5,True
7yka__B1_Q9Y3D6--7yka__A1_Q9Y3D6,0.4593098526092152,0.5,True
8jea__A1_K1QRB6--8jea__D1_K1QRB6,0.9005719708124734,0.5,True
8huc__C1_A0A0H2Z790--8huc__A1_A0A0H2Z790,0.9541526367428506,0.5,True
5mpr__A1_O15382--5mpr__A2_O15382,0.9301622131600618,0.5,True
4ooj__B1_Q5ZSK6--4ooj__A1_Q5ZSK6,0.8415124057121749,0.5,True
8a5v__A1_Q9Y617--8a5v__C1_Q9Y617,0.9401558422562555,0.5,True
3lm2__A1_A9CH74--3lm2__B1_A9CH74,0.9029603474021479,0.5,True
7zwt__A1_P41182--7zwt__A2_P41182,0.5431299442114808,0.5,True
5zwl__B1_Q8DLU1--5zwl__A1_Q8DLG7,0.9117016341677789,0.5,False
6wmz__A1_P23246--6wmz__B1_Q15233,0.6179568996003977,0.5,False
1i4m__A1_P04156--1i4m__A2_P04156,0.27066461302105377,0.5,True
2gjg__A1_Q88EQ6--2gjg__A2_Q88EQ6,0.8702936903984916,0.5,True
4ghm__A1_Q9KTK0--4ghm__B1_Q9KTK0,0.8861722026042815,0.5,True
1tve__A1_P31116--1tve__B1_P31116,0.9771798027032877,0.5,True
3onx__A1_P41697--3onx__B1_P41697,0.8020977804177406,0.5,True
8cp4__A1_Q6LXV7--8cp4__A2_Q6LXV7,0.9686855168426874,0.5,True
1ob9__A1_Q97YX6--1ob9__A2_Q97YX6,0.9406574397692095,0.5,True
7zcc__B1_P46327--7zcc__A1_P46327,0.9710080331418485,0.5,True
4kwd__A1_Q9UR08--4kwd__B1_Q9UR08,0.9763179104004895,0.5,True
7wuy__A1_A0A1R3S1W7--7wuy__B1_A0A1R3S1W7,0.9547050204486567,0.5,True
5gtw__A1_I3NX86--5gtw__D1_I3NX86,0.9593397238409169,0.5,True
6loh__A1_O15033--6loh__A2_O15033,0.8768831665587874,0.5,True
3a9y__A1_Q68FT9--3a9y__B1_Q68FT9,0.9636670203999237,0.5,True
8ay6__B1_Q9CAJ0--8ay6__A1_A0A067E666,0.8764992619121228,0.5,False
8u5m__A1_Q8TF42--8u5m__F1_Q8TF42,0.9328127463232023,0.5,True
7twa__D1_F8JJ25--7twa__A1_F8JJ25,0.9923704354795799,0.5,True
8fju__B1_P34897--8fju__A1_P34897,0.8871258594402665,0.5,True
1fjj__A1_P12994--1fjj__A2_P12994,0.9555180388814781,0.5,True
8iyi__A1_Q6CVU4--8iyi__B1_Q6CVU4,0.9610331922627082,0.5,True
1uus__A1_O00910--1uus__A2_O00910,0.8721023965626653,0.5,True
1zt2__A1_Q97Z83--1zt2__C1_Q9UWW1,0.9806802617858088,0.5,False
7uex__A1_Q9H999--7uex__A2_Q9H999,0.9289633089287916,0.5,True
6jqy__A1_P9WF13--6jqy__B1_P9WF13,0.9686178783191545,0.5083333333333333,True
6l6w__A1_A0A3B6UEU3--6l6w__A2_A0A3B6UEU3,0.9829116461001665,0.5,True
8grj__B1_Q8GQE7--8grj__A1_A0A0H3KLY3,0.9076741191395534,0.5,False
2j0n__B1_P18013--2j0n__A1_P18013,0.5187004932139571,0.5,True
3rq1__A1_D1BN29--3rq1__C1_D1BN29,0.9554093704575621,0.5,True
5ae6__B1_Q92458--5ae6__A1_Q92458,0.884331350595597,0.5,True
7qi3__A1_W7NDP8--7qi3__C1_W7NDP8,0.9280006279646786,0.5,True
2yve__A1_Q8NMG3--2yve__B1_Q8NMG3,0.9310709438674182,0.5,True
5ynx__A1_B2GM84--5ynx__B1_B2GM84,0.9013158810639536,0.5,True
2r6u__A1_Q0S814--2r6u__C1_Q0S814,0.8310269393473897,0.5,True
8b6m__A1_Q9H2K2--8b6m__B1_Q9H2K2,0.363063969988069,0.5,True
3kc2__A1_P36151--3kc2__B1_P36151,0.970304488733062,0.5,True
3vp5__A1_Q9CHR1--3vp5__A2_Q9CHR1,0.9669698830409357,0.5,True
7pvh__A1_B2RLE7--7pvh__B1_B2RLE7,0.7537569891867586,0.5,True
4nqf__B2_Q7CW19--4nqf__A1_Q7CW19,0.9765990667388855,0.5,True
1vjh__A1_P0C0B0--1vjh__B1_P0C0B0,0.9479466242250653,0.5,True
5xw4__B1_Q00684--5xw4__A1_Q00684,0.8155445283929301,0.5,True
8aai__A1_O00560--8aai__C1_O00560,0.6475487889409854,0.5,True
4xdl__A1_P57789--4xdl__B1_P57789,0.8400865140212915,0.5,True
6ukl__A1_P0A901--6ukl__F1_P0A901,0.28966244967319066,0.5,True
5dot__A1_P31327--5dot__B1_P31327,0.8920778335593393,0.5,True
5by4__A1_P0ABV6--5by4__A2_P0ABV6,0.9496552417892391,0.5,True
7zxs__A1_Q86TI2--7zxs__C1_Q86TI2,0.9475194145773665,0.5,True
1v6u__A1_Q7SI98--1v6u__B1_Q7SI98,0.906731567639252,0.5,True
6e27__A1_Q9H257--6e27__B1_Q9H257,0.19343912882233627,0.5,True
7szd__A1_Q96S44--7szd__B1_Q9Y3C4,0.9491376449007323,0.5,False
1h9r__A1_P0A9G8--1h9r__B1_P0A9G8,0.837619400446237,0.5,True
3on6__A1_A7M0J6--3on6__B1_A7M0J6,0.9460776027468586,0.5,True
8fwy__A1_Q4DGA2--8fwy__B1_Q4DGA2,0.9217104815152255,0.5,True
1yu6__A1_P00780--1yu6__C1_P68390,0.9509202218691831,0.5,False
6ek1__A1_A0A452CST7--6ek1__A2_A0A452CST7,0.9571224729075292,0.5,True
6ckj__A1_P0A0Z8--6ckj__A2_P0A0Z8,0.9652618799861256,0.5,True
1w33__A1_O50957--1w33__B1_O50957,0.3462579674742644,0.5,True
4usk__B1_H7C745--4usk__B2_H7C745,0.90374558630534,0.5,True
6cmv__B1_Q4J9G1--6cmv__A1_Q4J9G1,0.9847781068132798,0.5,True
7y70__A1_F4KCC2--7y70__A2_F4KCC2,0.5889916230021897,0.5,True
3cwx__A1_P94837--3cwx__B1_P94837,0.9062484497260243,0.5,True
3p1y__A1_O29362--3p1y__B1_O29362,0.9213897305186389,0.5,True
8a8i__A1_Q9R9V9--8a8i__B1_Q9R9V9,0.9861563579754719,0.5,True
5d1l__A1_P62837--5d1l__B1_Q96BH1,0.8618808071686138,0.5,False
8og3__A1_P38489--8og3__B1_P38489,0.936072166013764,0.5,True
4neh__A1_P20702--4neh__B1_P05107,0.8920880762214995,0.5,False
2prv__A1_O34596--2prv__B1_O34596,0.9097406919266456,0.5,True
6kvn__A1_A0A1S4CVP6--6kvn__A2_A0A1S4CVP6,0.9375704963013094,0.5,True
5tgq__A1_A0A1S4NYF7--5tgq__A2_A0A1S4NYF7,0.9846600001939807,0.5,True
6b3i__A1_P27216--6b3i__B1_P27216,0.46959654292859704,0.5,True
1rqn__A1_O31156--1rqn__B1_O31156,0.9977873526492067,0.5,True
7tcr__A1_A0A2D2D5M1--7tcr__D1_A0A2D2CY73,0.9165904449365881,0.5,False
5l7z__A1_P28750--5l7z__A2_P28750,0.8374272643161725,0.5,True
7ljh__A1_Q769D3--7ljh__B2_Q769D3,0.9863143353666531,0.5,True
5frk__A1_D4I047--5frk__B1_D4I047,0.8366479485066534,0.5,True
7xmw__B1_U2Q5N5--7xmw__A1_U2Q5N5,0.42718167547370056,0.5,True
7w2o__A1_Q9HZP1--7w2o__B1_Q9HZP1,0.9818588000507493,0.5,True
7uay__A1_P08684--7uay__A2_P08684,0.9961886241441343,0.5,True
5czf__D1_A0A0H3JHG3--5czf__A1_Q8XAD5,0.7288840020732972,0.5,False
2p6p__A1_Q9RPA7--2p6p__B1_Q9RPA7,0.8706063917954265,0.5,True
4u64__A1_Q5ZXA3--4u64__A2_Q5ZXA3,0.9595588883707982,0.5,True
7qbm__A1_P43235--7qbm__B1_P43235,0.4060697803082827,0.5,True
3nvm__A1_Q8U4M1--3nvm__B1_Q8U4M2,0.8959303145366884,0.5,False
3wws__A1_Q13188--3wws__D1_Q13188,0.8511687701550614,0.5,True
4c87__A1_F9UMG7--4c87__B1_F9UMG7,0.8772223681905763,0.5,True
2d7e__A1_P17888--2d7e__B1_P17888,0.4190082538020259,0.5,True
7xro__A1_Q9RQ20--7xro__B1_Q9RQ20,0.7889987477037641,0.5,True
5yrj__A1_B6F0T7--5yrj__B1_A0A2Z5V8U8,0.9514750202851513,0.5,False
6yev__C1_P0A744--6yev__A1_P0AA25,0.8678508626130358,0.5,False
8glr__A1_Q8ZJX7--8glr__A2_Q8ZJX7,0.9156871543809861,0.5,True
5fwt__A1_Q96MU8--5fwt__A2_Q96MU8,0.7961023061789582,0.5,True
4e6s__A1_Q3URR7--4e6s__A2_Q3URR7,0.7172850883535378,0.5,True
8enb__B1_A7DT38--8enb__A1_A0T3A2,0.814581397143863,0.5,False
8h4p__A1_I1S104--8h4p__B1_I1S104,0.9368624794137381,0.5,True
7yo8__A1_P60520--7yo8__A2_P60520,0.6999769466944703,0.5,True
8elf__B1_Q6DYE4--8elf__A1_Q6DYE4,0.8172459068078816,0.5,True
1ax2__A1_P16404--1ax2__A2_P16404,0.9431929152347798,0.5,True
8i33__C1_A0A6Q8PFJ0--8i33__A1_A0A6Q8PFJ0,0.9491960438369285,0.5,True
3q9l__A1_P0AEZ3--3q9l__B1_P0AEZ3,0.9023172636179942,0.5,True
2yk4__A1_P72097--2yk4__A2_P72097,0.4419461228019286,0.5,True
7u5f__C1_Q9HTM2--7u5f__A1_Q9HTM2,0.980343138447564,0.5,True
5xt3__B1_A0A0U1MUE2--5xt3__A1_A0A0U1MUE2,0.9511112263683016,0.5,True
5iws__A1_Q63GK8--5iws__A2_Q63GK8,0.9536963960156711,0.5,True
2owl__A1_P36767--2owl__B1_P36767,0.9280784139473717,0.5,True
8bca__A1_O75643--8bca__B1_Q6P2Q9,0.757480944208074,0.5,False
3mcb__B1_P20290--3mcb__A1_Q13765,0.9418830715183936,0.5,False
8gy8__A1_Q8TZT0--8gy8__B1_Q8TZT0,0.9496001677326512,0.5,True
8dkd__A1_G7CIP4--8dkd__A2_G7CIP4,0.9545041225504645,0.5,True
7dus__A1_P08965--7dus__A2_P08965,0.11645232464407222,0.5,True
8gb1__A1_Q9Y3Z3--8gb1__B1_Q9Y3Z3,0.9071603544087954,0.5,True
6ikj__A1_Q9I4L6--6ikj__B1_Q9I4L6,0.8139891504751099,0.5,True
8b2q__A1_D0EM77--8b2q__B1_G8UM88,0.8248748485092522,0.5,False
5x42__A1_Q5ZYB7--5x42__B1_Q5ZYC6,0.9383902616713046,0.5,False
1vkh__A1_Q04066--1vkh__B1_Q04066,0.9316428491593352,0.5,True
5omd__A1_Q04377--5omd__A2_Q04377,0.9186974758310003,0.5,True
2vsg__A1_P26329--2vsg__B1_P26329,0.9304795304519359,0.5,True
1jql__A1_P0A988--1jql__B1_P28630,0.9757922956150278,0.5,False
1w9c__A1_O14980--1w9c__B1_O14980,0.35532904800032244,0.5,True
3upl__A1_Q2YIM3--3upl__B1_Q2YIM3,0.965123289226534,0.5,True
3tm2__A1_Q83XN4--3tm2__B1_Q83XN4,0.9176422055424298,0.5,True
3kxa__A1_Q5F9C2--3kxa__B1_Q5F9C2,0.8089474010225329,0.5,True
7yls__B1_C5CSP6--7yls__A1_C5CSP7,0.919185394692025,0.5,False
7psg__A1_Q6D515--7psg__B1_Q6D515,0.9297178793491588,0.5,True
8pte__A1_P00698--8pte__A2_P00698,0.8365033784653071,0.5,True
7ykc__A1_P14843--7ykc__B1_P14843,0.9490636722803096,0.5,True
3wxe__A1_E7FEV5--3wxe__B1_P0CG48,0.7710026794148156,0.5,False
2vjf__A1_Q00987--2vjf__B1_O15151,0.764644820831022,0.5,False
7pvo__A1_P56137--7pvo__A2_P56137,0.937850900782951,0.5,True
3kkd__A1_Q9HXU1--3kkd__A2_Q9HXU1,0.9402025484133585,0.5,True
3mph__A1_P19801--3mph__B1_P19801,0.8691550876099818,0.5,True
6jc4__A1_A6TE44--6jc4__D1_A6TE44,0.9382628529841821,0.5,True
2rf4__A1_P46669--2rf4__B1_P50106,0.8742165465957462,0.5,False
4huz__A1_Q9ZBB0--4huz__A2_Q9ZBB0,0.854329649537718,0.5,True
5gtj__B1_Q9BV47--5gtj__A1_Q9BV47,0.5076710354582821,0.5,True
2xw7__A1_A0QP85--2xw7__B1_A0QP85,0.9398653559841005,0.5,True
6l6h__A1_Q5ZZ22--6l6h__B1_Q5ZZ22,0.9574734255525593,0.5,True
8p7m__A1_P0A434--8p7m__A2_P0A434,0.967502149143449,0.5,True
6gou__A2_P97275--6gou__C1_P97275,0.8875579751906629,0.5,True
2wwo__A1_Q66ED7--2wwo__B1_Q66ED7,0.9702199354650748,0.5,True
8i3n__A1_Q12178--8i3n__C1_Q12178,0.9450093926791395,0.5,True
1s7i__A1_Q9I3Z5--1s7i__A2_Q9I3Z5,0.8757706981640622,0.5,True
3szw__A1_B7JBP8--3szw__A2_B7JBP8,0.9071495785048073,0.5,True
2nys__A1_Q8U561--2nys__B1_Q8U561,0.9583940881067077,0.5,True
3gr5__A1_O52135--3gr5__A2_O52135,0.7208296341802592,0.5,True
3ded__A1_Q7P1I2--3ded__B1_Q7P1I2,0.7305041225342405,0.5,True
5b5x__A1_Q75NZ1--5b5x__A2_Q75NZ1,0.5984726935994897,0.5,True
7qga__A1_P21589--7qga__A2_P21589,0.9822983116645686,0.5,True
3sd2__A1_Q8A1T7--3sd2__A2_Q8A1T7,0.5884058777691195,0.5,True
8ow9__A1_G8UQH9--8ow9__B1_G8UQH9,0.9343501772790672,0.5,True
3bcw__B1_A0A0H3LK92--3bcw__A1_A0A0H3LK92,0.9224627573362335,0.5,True
6duy__A1_Q61301--6duy__B2_Q61301,0.5630244198366892,0.5,True
5zyf__A1_Q99ZW0--5zyf__B1_Q99ZW0,0.820289090635472,0.5,True
2b7o__A1_O53512--2b7o__B1_O53512,0.9489114456317911,0.5,True
1v57__A1_P77202--1v57__A2_P77202,0.9367365722237706,0.5,True
7cov__A1_Q06801--7cov__A2_Q06801,0.9100351374508404,0.5,True
6ign__A1_Q61768--6ign__A2_Q61768,0.9192988827653699,0.5,True
3be5__A1_Q8XBR1--3be5__B1_Q8XBR1,0.9084953495934764,0.5,True
4hn3__B1_Q8Y6D1--4hn3__A1_Q8Y6D1,0.9314754534595207,0.5,True
4o8y__A1_Q08723--4o8y__B1_P43588,0.9224263888337911,0.5,False
7uoi__A1_A0A1S8KJG1--7uoi__A2_A0A1S8KJG1,0.9480952331186431,0.5,True
7vma__A1_C5A758--7vma__A2_C5A758,0.9849051725654063,0.5,True
7d9m__A1_A0A4D6NYT7--7d9m__B2_A0A4D6NYT7,0.8450351333949219,0.5,True
2py8__C1_Q55670--2py8__B1_Q55670,0.8803037956699843,0.5,True
7ytl__A1_E1BR24--7ytl__A2_E1BR24,0.7885308204260958,0.5,True
7vxt__A1_Q63W52--7vxt__B1_Q63W52,0.6198567251961907,0.5,True
5cv3__A1_E3M3V1--5cv3__A2_E3M3V1,0.7254586397268727,0.5,True
8c9v__A1_Q1JXV1--8c9v__A2_Q1JXV1,0.9684583522876912,0.5,True
3tsn__A1_Q9PN58--3tsn__B1_Q9PN58,0.9480577963080457,0.5,True
8j51__A1_A0A0E9MUN5--8j51__B1_A0A0E9MUN5,0.9116177290750508,0.5,True
6cz9__A1_Q7WTU0--6cz9__B1_Q7WTT9,0.9040560056313753,0.5,False
8pzo__A1_F9UT68--8pzo__A2_F9UT68,0.8828420345321218,0.5,True
3tqg__B1_Q83DG4--3tqg__A1_Q83DG4,0.9152312154603441,0.5,True
7czg__C1_Q8TDY2--7czg__A1_Q8TDY2,0.7061655408995484,0.5,True
7eev__B1_A0A3D9R4E8--7eev__A1_A0A3D9R4E8,0.8747811411582607,0.5,True
8ori__A1_Q2KB35--8ori__B1_Q2KB35,0.8946758820678034,0.5,True
7o6z__A1_A0A7R8L7W4--7o6z__B1_A0A7R8L7W4,0.9268525024802454,0.5,True
8pmr__A1_Q4WL81--8pmr__B1_Q4WL81,0.6784799404897977,0.5,True
7u34__A1_Q4X1J1--7u34__A2_Q4X1J1,0.9410298399137326,0.5,True
3fmy__A1_Q46864--3fmy__A2_Q46864,0.9356414012111663,0.5,True
7f0o__B1_A0A2I1C3W8--7f0o__A1_A0A2I1C3W8,0.9468018961923816,0.5,True
3ojm__B1_P21802--3ojm__A1_P05230,0.6183392631019515,0.5,False
6xgz__A1_P63386--6xgz__B1_P64602,0.9714221604094736,0.5,False
7x2y__A1_A0A076PYH9--7x2y__B1_A0A076PYH9,0.9735446770942628,0.5,True
5i4h__B1_P07711--5i4h__A1_P07711,0.28458954488250265,0.5,True
4e6h__A1_Q6CII8--4e6h__A2_Q6CII8,0.9284589430986678,0.5,True
6x7p__A1_Q8GGP1--6x7p__A2_Q8GGP1,0.956124769776818,0.5,True
3exq__A1_Q03S37--3exq__A2_Q03S37,0.8888831246968683,0.5,True
2qvc__A1_Q9WXW9--2qvc__B2_Q9WXW9,0.9892937040588048,0.5,True
6yoa__A1_O82015--6yoa__B1_O82015,0.8943908265647396,0.5,True
7qnm__A1_G0L7V6--7qnm__B1_G0L7V6,0.9807017477428602,0.5,True
3p8v__A1_Q9V228--3p8v__B1_Q9V228,0.9643779678568405,0.5,True
4re1__A1_P28347--4re1__D1_P46937,0.5267549953079709,0.5,False
8iw5__A1_Q8C8U0--8iw5__B1_Q8C8U0,0.892215979519674,0.5,True
7sq2__B1_Q01970--7sq2__A1_P21279,0.8427141877223416,0.5,False
4lqx__B1_Q97VD2--4lqx__A1_Q97VD2,0.9962031517454373,0.5,True
3owf__A1_P00644--3owf__A2_P00644,0.44048633549074806,0.5,True
2dpl__A1_O59072--2dpl__B1_O59072,0.9690452822925728,0.5,True
4ap5__A1_Q9Y2G5--4ap5__B1_Q9Y2G5,0.8675835224750151,0.5,True
8evy__A1_Q9LCT6--8evy__A2_Q9LCT6,0.9956341775426556,0.5,True
5npo__A1_P62593--5npo__B1_D3INY1,0.7034416394852486,0.5,False
5uhs__A1_B0SR19--5uhs__B1_B0SR19,0.7929188608061162,0.5,True
4hsl__A1_Q1LCS4--4hsl__A2_Q1LCS4,0.9724645803842681,0.5,True
8b3s__A1_O31597--8b3s__B1_A0A164W157,0.8667291612248917,0.5,False
5euv__A1_D1LZK0--5euv__B1_D1LZK0,0.9247700561158749,0.5,True
7tmg__A1_A0A0H3GLR2--7tmg__B1_A0A0H3GLR2,0.9613823944296046,0.5,True
7tgn__B1_A0A1Q5L7T0--7tgn__A1_A0A1Q5L7T0,0.9809837182092959,0.5,True
4fz2__A1_C7DIA5--4fz2__B1_C7DIA5,0.9389853611896197,0.5,True
6j2l__A1_P37793--6j2l__B1_P37793,0.92438525769307,0.5,True
5grk__A1_Q89XR0--5grk__B1_Q89XR0,0.9519866089929634,0.5,True
3qxs__A1_O24872--3qxs__A2_O24872,0.9582776785033529,0.5,True
8q3y__A1_E8URK0--8q3y__B1_E8URK0,0.9782457545698857,0.5,True
1pyb__A1_O66738--1pyb__B1_O66738,0.9260130614318851,0.49991821378915513,True
7yto__A1_Q9RHU9--7yto__B1_Q9RHU9,0.9387120512988242,0.5,True
5vae__A1_Q9AET9--5vae__B1_Q9AET7,0.8577080778676577,0.5,False
1zrs__A1_Q9HTZ1--1zrs__B1_Q9HTZ1,0.9848624462265654,0.5,True
2cg5__A1_Q9NRN7--2cg5__B1_P49327,0.667494975012907,0.5,False
4yk8__B1_O36019--4yk8__A1_O13978,0.65349986727981,0.5,False
2iml__A1_O28442--2iml__C1_O28442,0.9025623619483185,0.5,True
6iru__A1_Q9RVF9--6iru__A2_Q9RVF9,0.9889657439696812,0.5,True
4x36__A1_P06653--4x36__A2_P06653,0.989762254134279,0.5,True
8iev__A1_Q0PAW2--8iev__B1_Q0PAW2,0.9318575261821216,0.5,True
3cyg__A1_A7HM60--3cyg__B1_A7HM60,0.6260464480874317,0.5,True
5kvr__A1_P0ACL9--5kvr__A2_P0ACL9,0.9300886527655906,0.5,True
1na8__A1_Q9UJY5--1na8__B1_Q9UJY5,0.6884790162730633,0.5,True
5fis__A1_H9IUR0--5fis__B1_H9IUR0,0.9319609688184747,0.5,True
5yo8__A1_A0A094YZ24--5yo8__B1_A0A094YZ24,0.968982217721652,0.5,True
7z6m__A1_A0A0H3LM39--7z6m__A2_A0A0H3LM39,0.9530875838906642,0.5,True
2yxd__A1_Q57836--2yxd__B1_Q57836,0.9411373983321799,0.5,True
1aua__A1_P24280--1aua__A2_P24280,0.989803051763293,0.5,True
7zw3__A1_P27338--7zw3__B1_P27338,0.8390157174625005,0.5,True
5xjx__I1_C0LGW6--5xjx__A1_Q9SSD1,0.6013478022340273,0.5,False
7xub__A1_Q96KQ7--7xub__B1_Q96KQ7,0.7105052896410011,0.5,True
5xlu__A1_Q65KZ6--5xlu__B1_A9YTT0,0.3582273067441275,0.5,False
8smq__A1_Q182N1--8smq__B1_Q182N1,0.4086931582965879,0.5,True
8eni__A1_A0A0H3JRH8--8eni__A2_A0A0H3JRH8,0.950009261971205,0.5,True
1q77__A1_O66565--1q77__B1_O66565,0.9482871138438314,0.5,True
6nbp__A1_A0A4P1LYI6--6nbp__A2_A0A4P1LYI6,0.9901535084090395,0.5,True
4wu2__A1_Q7WUJ1--4wu2__B1_Q7WUJ1,0.9449383126107156,0.5,True
2nvn__A1_Q31MH7--2nvn__A2_Q31MH7,0.8617084645648226,0.5,True
3zyh__A1_Q05097--3zyh__B1_Q05097,0.9587190205232172,0.5,True
8a21__A1_A0QJI1--8a21__A2_A0QJI1,0.9801753344598765,0.5,True
8ho2__A1_A0A191T7N6--8ho2__B1_A0A191T7N6,0.8380850456051484,0.5,True
2j8q__A1_O43809--2j8q__B1_O43809,0.7716059644451714,0.5,True
1cx8__A1_P02786--1cx8__B1_P02786,0.9071483223949948,0.5,True
5zfk__A1_Q31LX1--5zfk__B1_Q31LX1,0.9735999931593375,0.5,True
2qti__A1_Q8EF26--2qti__A2_Q8EF26,0.8955483697934853,0.5,True
5djo__B1_Q9EQW7--5djo__A1_Q9EQW7,0.36080555718342106,0.5,True
1kve__B1_P19972--1kve__A1_P19972,0.3259878055086758,0.5,True
4kjq__A1_P37019--4kjq__B1_P37019,0.9214457520053326,0.5,True
8qyw__A1_Q9NVS9--8qyw__A2_Q9NVS9,0.8758943835049593,0.5,True
7t1e__A1_P78556--7t1e__B1_P78556,0.6474058505124957,0.5,True
2ev4__A1_P9WMU9--2ev4__B1_P9WMU9,0.9726992575674236,0.5,True
4m1j__A1_Q9I194--4m1j__B1_Q9I194,0.38370438381515487,0.5,True
8bj3__A1_A0A072U7F9--8bj3__B1_A0A072U7F9,0.944049628797072,0.5,True
5fcl__A1_Q6D0X0--5fcl__B1_Q6D0X0,0.9488855412753228,0.5,True
2evr__A1_B2J9B4--2evr__A2_B2J9B4,0.6542312837652017,0.5,True
4ftw__A1_Q3J2V1--4ftw__A2_Q3J2V1,0.8985635082178232,0.5,True
2q6q__B1_P36094--2q6q__A1_P36094,0.9535287281390363,0.5,True
8hx8__A1_Q6L8Q5--8hx8__B1_Q6L8Q5,0.9439174060921908,0.5,True
7zgn__A1_U6RE59--7zgn__B1_U6RE59,0.9192106725329048,0.5,True
7fiw__A1_B3CP63--7fiw__B1_Q73HD5,0.8124285223119172,0.5,False
4xd9__A1_C8VMF9--4xd9__B1_Q5B6T5,0.8585141064066284,0.5,False
3dme__A1_Q7VU70--3dme__B1_Q7VU70,0.8701667056811775,0.5,True
8d0m__A1_P28907--8d0m__A2_P28907,0.7645193517236122,0.5,True
2w6a__A1_Q9Z272--2w6a__B1_Q9Z272,0.9706776045894867,0.5,True
6oje__B1_Q5S007--6oje__A1_Q5S007,0.19450250356867252,0.5,True
7mu0__A1_P9WQK3--7mu0__B1_P9WQK3,0.3219746787541389,0.5,True
4az3__A1_P10619--4az3__B1_P10619,0.3697239476172565,0.5,True
7ug8__B1_Q0I6F8--7ug8__A1_Q0I6F8,0.8875246594724948,0.5,True
6mxv__B1_Q5NFU2--6mxv__A1_Q5NFU2,0.7926591720930205,0.5,True
8ug3__B1_P50053--8ug3__A1_P50053,0.9784941461284395,0.5,True
4atm__A1_P49418--4atm__A2_P49418,0.8923848794693834,0.5,True
7x6f__B1_P0AD45--7x6f__A1_P0AD45,0.9912573730312991,0.5,True
5n0s__B1_A0A2R2JFI5--5n0s__A1_A0A2R2JFI5,0.8423119496258862,0.5,True
6m9g__A1_Q5D6Y4--6m9g__B2_Q5D6Y4,0.9687706903690132,0.5,True
7zvz__A1_G1UBD5--7zvz__B1_G1UBD5,0.7555735365069155,0.5,True
3b5m__B1_Q7UTD8--3b5m__A1_Q7UTD8,0.9277813495343677,0.5,True
6v0a__B1_B3E641--6v0a__A1_B3E641,0.9466518805512973,0.5,True
3bpj__C1_O75822--3bpj__A1_O75822,0.9028405197729052,0.5,True
7y51__A1_Q8RBF4--7y51__A2_Q8RBF4,0.5128545023611468,0.5,True
6zef__A1_P62136--6zef__C1_Q9C0D0,0.6861358628091349,0.5,False
6u11__A1_A0A1L8HDP6--6u11__A2_A0A1L8HDP6,0.9592431004053695,0.5,True
8i5w__A1_Q8BZN6--8i5w__B1_P63000,0.8203392075247311,0.5,False
3rv1__B1_A7TR32--3rv1__A1_A7TR32,0.9123568691426913,0.5,True
4k3z__A1_Q8YCV0--4k3z__A2_Q8YCV0,0.9004123658308857,0.5,True
5v5t__A1_Q830T5--5v5t__D1_Q830T5,0.7863391868123875,0.5,True
6fp5__B1_Q960Q9--6fp5__A1_Q960Q9,0.8026338486903344,0.5,True
3isx__A1_Q9X0E0--3isx__A2_Q9X0E0,0.926603685667559,0.5,True
2vkj__A1_Q9X1W9--2vkj__B1_Q9X1W9,0.9455394120211433,0.5,True
5csr__D1_Q9HLB6--5csr__A1_Q9HLB6,0.9864449743292303,0.5,True
1iq8__A1_O58843--1iq8__B1_O58843,0.8825670682631995,0.5,True
3tbm__A1_Q8XVB9--3tbm__B1_Q8XVB9,0.9252915073701864,0.5055665558336758,True
7tur__B1_P00503--7tur__A1_P00503,0.9416546141703018,0.5,True
3vol__A1_Q9I6V6--3vol__A2_Q9I6V6,0.862839670916717,0.5,True
3jqz__A1_P02768--3jqz__B1_P02768,0.8569667789146419,0.5,True
1vkd__A1_Q9X0V2--1vkd__B1_Q9X0V2,0.910604998138759,0.5,True
8b31__B1_A0A2W4LV58--8b31__A1_A0A2W4LV58,0.966535074653875,0.5,True
7bzk__A1_Q9SJ89--7bzk__B1_Q6NPF9,0.8532366012028315,0.5,False
3cgh__A1_Q8A0N7--3cgh__A2_Q8A0N7,0.923940981555991,0.5,True
5vlb__A1_G7IKX3--5vlb__B1_G7IKX3,0.8157436419647669,0.5,True
2oer__B1_Q9I3U1--2oer__A1_Q9I3U1,0.9925278593338489,0.5,True
2ylz__A1_Q47PU3--2ylz__A2_Q47PU3,0.7234752200577171,0.5,True
8bjp__B1_A0A1W6VSR4--8bjp__A1_A0A1W6VSR4,0.8963268262764826,0.5,True
6kcx__A1_Q9WZL1--6kcx__A2_Q9WZL1,0.9593235883445592,0.5,True
4q69__A1_Q8A5I0--4q69__B1_Q8A5I0,0.9725192058098362,0.5,True
7xmj__C1_A9QSE8--7xmj__A1_A9QSE8,0.914463940103507,0.5,True
1pix__A1_Q06700--1pix__B1_Q06700,0.9279334884423058,0.5,True
3l8i__B1_Q9BUL8--3l8i__A1_Q9BUL8,0.8562318256962826,0.5,True
6l2u__A1_Q27RN2--6l2u__B1_Q27RN2,0.1622858308899086,0.5,True
6sl2__A1_C4LWU6--6sl2__A2_C4LWU6,0.9326531799553013,0.5,True
1u6z__B1_P0AFL6--1u6z__A1_P0AFL6,0.9572645114285183,0.5,True
3pm9__A1_Q6NAV4--3pm9__B1_Q6NAV4,0.8996225985145929,0.5,True
3a5y__B1_P0A8N7--3a5y__A1_P0A8N7,0.9304234137735492,0.5,True
6bn1__B1_Q9VCR6--6bn1__A1_Q8T0S6,0.6264124011832694,0.5,False
8ji6__A1_A0A861B387--8ji6__B1_A0A861B387,0.9760301536038534,0.5,True
2pjs__A1_A9CIG0--2pjs__B1_A9CIG0,0.9378355025842959,0.5,True
8ke8__A1_Q9HXS0--8ke8__B1_Q9HXS0,0.9481530326701273,0.5,True
3h7l__A1_Q87LX4--3h7l__A2_Q87LX4,0.9562994175076186,0.5,True
7zs8__A1_A0A1D3HIT0--7zs8__B1_A0A1D3HIT0,0.8305086290105568,0.5,True
2vc4__A1_P02879--2vc4__A2_P02879,0.39922249006668437,0.5,True
1xe8__B1_Q03629--1xe8__A1_Q03629,0.9674871654968875,0.5,True
7tn6__A1_Q84Y01--7tn6__A2_Q84Y01,0.8594333156489594,0.5,True
7yo6__A1_G8GLP2--7yo6__A2_G8GLP2,0.9393706304553125,0.5,True
8k76__A1_Q8R6D8--8k76__B1_Q8R6D8,0.9879328081454566,0.5,True
1vgx__B1_Q9RRU8--1vgx__A1_Q9RRU8,0.8955308295123576,0.5,True
3cet__B1_Q6M145--3cet__A1_Q6M145,0.9323547962515631,0.5,True
4zlh__B1_P0AB60--4zlh__A1_P0AB60,0.7640913418310679,0.5,True
2y84__A1_Q7WT50--2y84__E1_Q7WT50,0.9099017623138637,0.5,True
4me9__A1_Q736B0--4me9__B1_Q736B0,0.9555835676901738,0.5,True
2z51__A1_Q93W20--2z51__A2_Q93W20,0.6550545600351323,0.5,True
8ajq__A1_Q9I0C0--8ajq__B1_Q9I0C0,0.9159395204995654,0.5,True
3gdm__A1_P03962--3gdm__B1_P03962,0.9774017894625261,0.5,True
7yfj__A2_Q15007--7yfj__B1_Q15007,0.9389610678247857,0.5,True
2rkl__F1_Q06263--2rkl__E1_Q06263,0.9975958780098136,0.5,True
8cwp__A1_Q06282--8cwp__A2_Q06282,0.9528277953543043,0.5,True
5j1l__B1_O26069--5j1l__A1_O26068,0.6485772432626147,0.5,False
6j26__A1_Q5JIZ3--6j26__B1_Q5JIZ3,0.9406735691165562,0.5,True
6jqv__A1_Q8LC68--6jqv__B1_Q8LC68,0.966844563200053,0.5,True
2ns9__A1_Q9Y9R3--2ns9__B1_Q9Y9R3,0.8433382414014422,0.5,True
5l8s__A1_E1VFE0--5l8s__C1_E1VFE0,0.9802720180553182,0.5,True
6zrw__A1_B3VS76--6zrw__B1_B3VS76,0.8537179607304225,0.5,True
5fcn__B1_Q66GS9--5fcn__A1_Q66GS9,0.9616469141041102,0.5,True
7vl1__A1_I0AIT9--7vl1__B1_I0AIT9,0.9672171840924751,0.5,True
2rek__B2_Q9ADD9--2rek__A1_Q9ADD9,0.980567333248956,0.5,True
2zrt__A1_O75340--2zrt__B1_O75340,0.9461853344627901,0.5,True
2f1m__A1_P0AE06--2f1m__B1_P0AE06,0.8119867061416599,0.5,True
3t5t__B1_Q15JG1--3t5t__A1_Q15JG1,0.9592321848076614,0.5,True
4z9r__B1_Q8EGK4--4z9r__A1_Q8EGK4,0.9430898147289336,0.5,True
2oze__A1_Q57280--2oze__A2_Q57280,0.9213004654884811,0.5,True
1x6m__A1_Q51669--1x6m__D1_Q51669,0.8457868544373734,0.5,True
4pfc__A1_P14735--4pfc__B1_P14735,0.9210963567142056,0.5,True
6byi__A1_Q8PI23--6byi__B1_Q8PI23,0.9045007571752619,0.5,True
3aaa__A1_P13127--3aaa__B1_P14315,0.9133322608780995,0.5,False
1xgm__A1_P56218--1xgm__B1_P56218,0.9396341377114147,0.5,True
5mrv__A1_Q8IVL8--5mrv__C1_P86912,0.823956941184864,0.5,False
1vhq__A1_P0ABU5--1vhq__B1_P0ABU5,0.9775489611928019,0.5,True
2pqv__B1_A0A0H2UMZ7--2pqv__A1_A0A0H2UMZ7,0.9053673016222565,0.5,True
8pq4__A1_P69782--8pq4__A2_P69782,0.9359593597891471,0.5,True
8a14__A1_A0A0D1E4Q7--8a14__C2_A0A0D1E4Q7,0.7551228208896217,0.5,True
1dtd__A1_P48052--1dtd__B1_P81511,0.683278470374002,0.5,False
3c6n__B1_Q570C0--3c6n__A1_Q39255,0.9243203906660091,0.5,False
3ctz__A1_Q9NQW7--3ctz__A2_Q9NQW7,0.9784086980759885,0.5,True
1wab__A1_Q29460--1wab__A2_Q29460,0.893469686460998,0.5,True
1zl5__A1_Q00496--1zl5__B1_Q00496,0.6754834549156157,0.5,True
5dbj__A1_Q4KCZ0--5dbj__A2_Q4KCZ0,0.9642262631598836,0.5,True
7qsq__B1_Q9X053--7qsq__A1_Q9X053,0.38986845432163003,0.5,True
7duc__B1_Q2G2U4--7duc__A1_Q2G2U4,0.7815031087325894,0.5,True
2cdu__A1_Q9F1X5--2cdu__B1_Q9F1X5,0.9744449947178333,0.5,True
8g0f__A1_Q6NK15--8g0f__B1_Q6NK15,0.737105231118022,0.5,True
8a45__B1_B7V7R4--8a45__A1_B7V7R4,0.8703214269361674,0.5,True
6no3__A1_B3FHP0--6no3__B1_B3FHP0,0.8247058462429337,0.5,True
3g7p__A1_B7JA91--3g7p__A2_B7JA91,0.9555430477381697,0.5,True
8khq__A1_A0A1I5R890--8khq__C1_A0A1I5R890,0.9318507750246956,0.5,True
7owz__B1_Q9JMA2--7owz__A1_B8ZXI1,0.9081251987377458,0.5,False
6dk7__D1_Q9HUV7--6dk7__A1_Q9HUV7,0.928774860787535,0.5,True
5t3v__B1_Q9Y2C4--5t3v__A1_Q9Y2C4,0.8302445530777891,0.5,True
8f2l__A1_P9WJY9--8f2l__B1_P9WJY9,0.9330008761366659,0.5,True
8h1l__B1_A0A7U4E834--8h1l__A1_A0A7U4E834,0.866115965883357,0.5,True
1nye__A1_P0C0L2--1nye__B1_P0C0L2,0.8725661250513802,0.5,True
2ou6__A1_Q9RVG4--2ou6__A2_Q9RVG4,0.9712970760233918,0.5,True
6hp3__A1_O31927--6hp3__B1_O31927,0.9329792904466223,0.5,True
8hs0__A1_Q9LIR4--8hs0__A2_Q9LIR4,0.9338881047473627,0.5,True
6gz1__A1_P10151--6gz1__A2_P10151,0.957006689328486,0.5,True
8pbu__A1_P27708--8pbu__A2_P27708,0.9028814220777897,0.5,True
7p0h__A1_O26008--7p0h__C1_O26008,0.9000945801463935,0.5,True
5b3g__B1_Q9SZF7--5b3g__A1_Q9M384,0.7960144042894199,0.5,False
7vzy__B1_Q84G19--7vzy__A1_Q84G19,0.9618055438663426,0.5,True
2q3t__A1_Q9LUJ3--2q3t__A2_Q9LUJ3,0.9075623865175512,0.5,True
7pt0__A1_Q9KYU4--7pt0__B1_Q9KYU4,0.949430685852813,0.5,True
6m09__B1_Q8LDU1--6m09__A1_Q8LDU1,0.8489461005721168,0.5,True
7uxs__B1_J8G6Z1--7uxs__A1_J8G6Z1,0.951287131651788,0.5,True
2q03__A1_Q12ML0--2q03__B1_Q12ML0,0.8824509151387752,0.5,True
6kcp__B1_Q9VAA9--6kcp__A1_Q9VAA9,0.3499875426981687,0.5,True
6sj4__B1_A0A022MQ12--6sj4__A1_A0A022MQ12,0.9320494750493279,0.5,True
5cyy__A1_P9WG63--5cyy__B1_P9WG63,0.7108132729356271,0.5,True
3tj3__A1_P52294--3tj3__B1_Q9UKX7,0.7125739675942157,0.5,False
3i32__A1_Q72GF3--3i32__A2_Q72GF3,0.9872051916745972,0.5,True
1jk9__B1_P40202--1jk9__A1_P00445,0.9179408940055191,0.5,False
4e4w__A1_P38920--4e4w__B1_P14242,0.8496243853297571,0.5,False
5yw5__A1_Q5NII9--5yw5__D1_Q5NII9,0.8927604354329762,0.5,True
3ab8__A1_Q5SLE3--3ab8__B1_Q5SLE3,0.7807842301926833,0.5,True
3mxt__A1_Q9PIK2--3mxt__A2_Q9PIK2,0.9529339849453704,0.5,True
1wr8__B1_O50129--1wr8__A1_O50129,0.9851738358097091,0.5,True
7war__B1_A0A1B6PFV1--7war__A1_A0A1B6PFV1,0.9488210740530385,0.5,True
7fn1__B1_P32357--7fn1__A1_P33334,0.5348558828851442,0.5,False
7xl7__A1_A0A2J0R8J6--7xl7__B1_A0A2J0R8J6,0.8353143159006867,0.5,True
8vc5__A1_Q9XCL6--8vc5__B1_Q9XCL6,0.986385346224993,0.5,True
5jfz__A1_P20605--5jfz__B1_P0ADX5,0.8781235068413813,0.5,False
5g37__B1_P10565--5g37__A1_P06575,0.7920387105301385,0.5,False
2gjx__A1_P06865--2gjx__B1_P07686,0.9199440991543784,0.5,False
3aqb__B1_O66129--3aqb__A1_O66127,0.922556548004315,0.5,False
8q1a__A1_Q16790--8q1a__C2_Q16790,0.7713274196664424,0.5,True
5ez1__B1_P56112--5ez1__A1_P56112,0.8609100998482184,0.5,True
3lwd__A1_Q1QTX1--3lwd__A2_Q1QTX1,0.9504402916039132,0.5,True
8dye__A1_P31040--8dye__B1_Q5VUM1,0.5206994147390771,0.5,False
2ch6__A1_Q9UJ70--2ch6__D1_Q9UJ70,0.956064642534957,0.5,True
3gpn__A1_P15873--3gpn__A2_P15873,0.886228209994063,0.5,True
7th0__A1_P31667--7th0__A2_P31667,0.8267628445511103,0.5,True
3k1i__D1_O25709--3k1i__A1_O25448,0.6045561311357888,0.5,False
1vbi__A1_Q53W84--1vbi__A2_Q53W84,0.9487370551326451,0.5,True
2oqb__A1_Q4AE70--2oqb__B1_Q4AE70,0.703933012263435,0.5,True
6saz__B1_Q9UGM5--6saz__A1_P07584,0.4880079612558268,0.5,False
6l9x__A1_F6VRB7--6l9x__A2_F6VRB7,0.7555220215553791,0.5,True
3ica__B1_Q7MXR4--3ica__A1_Q7MXR4,0.9191079885582223,0.5,True
6o15__A1_P39353--6o15__B1_P39353,0.8989830610160587,0.5,True
2ohc__A1_Q9HIY5--2ohc__B1_Q9HIY5,0.9428762114275522,0.5,True
8qfo__A1_A0A840P3H4--8qfo__B1_A0A840P3H4,0.9241263783730997,0.5,True
5zmy__A1_F1LJ99--5zmy__B1_F1LJ99,0.9365243961872395,0.5,True
6tx3__B1_Q9NWY4--6tx3__A1_Q9UGN5,0.9091034645037923,0.5,False
4tx5__A1_Q9NR28--4tx5__B1_Q9NR28,0.8926636467926031,0.5,True
7wnk__B1_A0A1E5TT85--7wnk__A1_A0A1E5TT85,0.987475917170236,0.5,True
2fn0__B1_Q9X9I8--2fn0__A1_Q9X9I8,0.997943138427788,0.5,True
5x89__A1_Q8TGZ7--5x89__A2_Q8TGZ7,0.9240340607329187,0.5,True
2j0t__A1_P03956--2j0t__D1_P01033,0.4177758132013612,0.5,False
2i9i__A1_O25234--2i9i__A2_O25234,0.8537555012672358,0.5,True
3rtr__G1_Q13616--3rtr__H1_P62877,0.9238612094096372,0.5,False
7lq2__A1_A0A023X3Z4--7lq2__B1_A0A023X3Z4,0.8993814684765732,0.5,True
6aht__A1_A1BZ87--6aht__B1_A1BYM8,0.9570978616989285,0.5,False
8czp__A1_A0A0D5ZBI4--8czp__B1_A0A0D5ZBI4,0.9211399610256811,0.5,True
4ro3__A1_M1RHE3--4ro3__B1_M1RHE3,0.8692729716712987,0.5,True
1c0n__A1_P77444--1c0n__A2_P77444,0.9252515684087986,0.5,True
7tq0__A1_P00459--7tq0__A2_P00459,0.9512576256563022,0.5,True
1o4w__A1_O29664--1o4w__A2_O29664,0.6016691614877545,0.5,True
4jzp__A1_P51572--4jzp__B1_P51572,0.9710182023194521,0.5,True
2or2__A1_P08954--2or2__B1_P08954,0.985784525621646,0.5,True
5xdf__B1_Q5SL04--5xdf__A1_Q5SL04,0.8784712321325239,0.5,True
6kr4__A1_P10586--6kr4__E1_P60469,0.7740204152102235,0.5,False
1itv__A1_P14780--1itv__B1_P14780,0.8686984503165593,0.5,True
2qgi__A1_P05449--2qgi__B1_P05449,0.9322617705742264,0.5,True
1a19__A1_P11540--1a19__B1_P11540,0.7827781893266205,0.5,True
8a9x__A1_P15752--8a9x__C1_P15752,0.8535570305745923,0.5,True
8e9e__B1_Q02293--8e9e__A1_Q04631,0.8407451312564976,0.5,False
2h4c__A1_Q7T2R1--2h4c__B1_Q7T3T5,0.7952229561665047,0.5,False
2bdt__A1_Q9K6P2--2bdt__A2_Q9K6P2,0.9288089102083213,0.5,True
5vbn__A1_P56282--5vbn__B1_Q07864,0.9193647250508215,0.5,False
8gt0__A1_Q8I6U4--8gt0__B1_P01040,0.5918353091770332,0.5,False
5lrr__A1_P22262--5lrr__B1_P22262,0.9720767815762558,0.5,True
4y7i__A1_Q96EF0--4y7i__B1_Q96EF0,0.9105024957022996,0.5,True
1who__A1_P43214--1who__A2_P43214,0.7394269816696956,0.5,True
4g10__A1_Q9WXJ9--4g10__A2_Q9WXJ9,0.8994906509840828,0.5,True
8q4k__A1_O51180--8q4k__B1_O51180,0.535920516682301,0.5,True
7rzb__A1_A0A229LVN5--7rzb__A2_A0A229LVN5,0.9427537544696066,0.5,True
7toc__A1_A0A2H0ZMH9--7toc__B1_A0A2H0ZMH9,0.871335256165316,0.5,True
7ula__B1_Q88ND0--7ula__A1_Q88NC7,0.9118932890801552,0.5,False
8bes__A1_A0A856TAI5--8bes__B1_A0A856TAI5,0.8496692478228672,0.5,True
7wjt__B1_Q8BZB3--7wjt__A1_Q8BZB3,0.9318601268258659,0.5,True
6j9n__A1_X5EPV9--6j9n__B1_A0A425B395,0.677572141683071,0.5,False
1kll__A1_O05205--1kll__A2_O05205,0.9401261589438047,0.5068368680476234,True
7xky__A1_Q58690--7xky__B1_Q58034,0.9015466686575515,0.5,False
4p04__A1_A0A0D6H805--4p04__B1_A0A0D6H805,0.8810175970059076,0.5,True
1txz__A1_Q04299--1txz__A2_Q04299,0.9662517207781844,0.5,True
4af5__A1_Q8NQ97--4af5__A2_Q8NQ97,0.8629929772073419,0.5,True
8af9__A1_Q2YPZ9--8af9__H1_Q2YPZ9,0.8656875873884874,0.5,True
8gm9__D1_P9WPD3--8gm9__A1_P9WPD3,0.9462610259015618,0.5,True
7wsx__A1_D9PYV4--7wsx__B1_D9PYV4,0.9652725743338875,0.5,True
4g86__A1_Q79PF6--4g86__B1_Q79PF6,0.8889973027730477,0.5,True
3bq3__A1_Q12395--3bq3__A2_Q12395,0.7868780437890391,0.5,True
7eva__A1_P31490--7eva__A2_P31490,0.9411352238745362,0.5,True
8r7d__B1_G5EI71--8r7d__A1_Q8LJL3,0.5204514855070723,0.5,False
7pwy__A1_Q8TDX5--7pwy__B1_Q8TDX5,0.9831915936346864,0.5,True
3ut4__A1_A3DJ21--3ut4__B1_A3DJ21,0.8905232673215755,0.5,True
3ucy__A1_P0DP23--3ucy__A2_P0DP23,0.7727846105329549,0.5,True
8eei__B1_A0A807MR40--8eei__A1_A0A807MR40,0.9924456974585509,0.5,True
8bp5__B1_A0A369SI82--8bp5__A1_A0A369SI82,0.6806509994788857,0.5,True
3l34__B1_Q9HT87--3l34__A1_Q9HT87,0.43950237373186263,0.5,True
8god__A1_Q9UM07--8god__A2_Q9UM07,0.9451176897007157,0.5,True
1h9g__A1_P0A8V6--1h9g__A2_P0A8V6,0.9727815108471292,0.5,True
7qg6__D1_Q9HAU5--7qg6__C1_Q9H1J1,0.6489658963897615,0.5,False
8sz3__B2_Q9NY97--8sz3__A1_Q9NY97,0.8632525436530857,0.5,True
5a10__A1_G1FNI6--5a10__A2_G1FNI6,0.9130743860129207,0.5,True
7qoc__A1_Q8NQV9--7qoc__B1_Q8NQV9,0.9749421887566714,0.5,True
8a90__B1_A0A7S9SWM2--8a90__A1_A0A7S9SWM2,0.9319484143522799,0.5,True
3iaa__A1_Q8KNE0--3iaa__B1_Q8KNE0,0.8117563944777733,0.5,True
3n50__B1_Q9H4W6--3n50__A1_Q9H4W6,0.8536446872663359,0.5,True
2qg3__A1_O28220--2qg3__A2_O28220,0.9259423464775018,0.5,True
7ysk__A1_Q6D6Z8--7ysk__B1_Q6D6Z8,0.9600112898380007,0.5,True
7spz__A1_A8B3G9--7spz__A2_A8B3G9,0.962288584154919,0.5,True
4q2e__B1_Q9X1B7--4q2e__A1_Q9X1B7,0.8450969151494332,0.5,True
8cff__A1_Q7SIF4--8cff__B1_Q7SIF3,0.8834811797919996,0.5,False
8bxl__A1_A0A075TRK9--8bxl__D1_A0A075TRK9,0.9618330848655761,0.5,True
5d4v__C1_Q57913--5d4v__A1_Q57913,0.8995666356465475,0.5,True
2p23__A1_O95750--2p23__B1_O95750,0.60698475818899,0.5,True
7u55__A1_A0A151EDA9--7u55__A2_A0A151EDA9,0.9040164959280343,0.5,True
1rkw__A1_P0A0N4--1rkw__C1_P0A0N4,0.9764929179979318,0.5,True
1ps6__A1_P19624--1ps6__B1_P19624,0.9726060094450355,0.5,True
2y21__L1_O28769--2y21__K1_O28769,0.9884231322898265,0.5,True
2z5i__A1_P58772--2z5i__B1_P58772,0.9271140121557078,0.5,True
5l7u__B1_A6L2E5--5l7u__A1_A6L2E5,0.941341032823369,0.5,True
3egq__A1_O28458--3egq__B1_O28458,0.9717862200031919,0.5,True
7r3a__A1_Q6LYR8--7r3a__E1_Q6LYR8,0.9545270780973194,0.5,True
7yq0__A1_A0A101DF63--7yq0__B1_A0A101DF63,0.9834486473728723,0.5,True
3wsc__A1_Q25C86--3wsc__B1_Q25C86,0.7665446802709401,0.5,True
4pib__B1_Q2SVW5--4pib__A1_Q2SVW5,0.9070290057024212,0.5,True
7vmx__B1_P9WNN1--7vmx__A1_P9WNM1,0.8199974565131917,0.5,False
1ykd__A1_P94182--1ykd__B1_P94182,0.6540312627744294,0.5,True
4ux7__A1_Q183F3--4ux7__B1_Q183F3,0.8016245622210799,0.5,True
3k3d__A1_P9WLZ7--3k3d__A2_P9WLZ7,0.9366075011047493,0.5,True
7q1d__D2_P29808--7q1d__A1_P29808,0.8281742200763295,0.5,True
1sj5__A1_Q9WY07--1sj5__B1_Q9WY07,0.9711655161430274,0.5,True
4c12__A1_Q2FZP6--4c12__A2_Q2FZP6,0.9233417525637562,0.5,True
3k9m__A1_P07858--3k9m__B1_P01040,0.6023125947238799,0.5,False
1ccd__A1_P17559--1ccd__A2_P17559,0.8666857605555613,0.4999451934670613,True
8xiz__A1_T2B4K5--8xiz__B1_T2B4K5,0.9312921571723848,0.5,True
7wz6__A1_P15806--7wz6__B1_P10085,0.8871737962345936,0.5,False
2i00__A1_Q831Y9--2i00__B1_Q831Y9,0.9617450102693391,0.5,True
5ffi__A2_Q44501--5ffi__B1_Q44501,0.29303031908744076,0.5,True
3cnk__A1_P21333--3cnk__B1_P21333,0.9105986642904558,0.5,True
8gt9__A1_A8MW95--8gt9__B1_A8MW95,0.9342281478133282,0.5,True
4l2w__B1_Q13464--4l2w__A1_Q13464,0.9835994257028392,0.5,True
3d0j__A1_Q97DI0--3d0j__A2_Q97DI0,0.9001565801562844,0.5,True
4ct0__A1_P97784--4ct0__B1_O54943,0.6093880335670022,0.5,False
3av0__A1_Q58719--3av0__B1_Q58718,0.9476999531670023,0.5,False
8bln__A1_C9QZ65--8bln__H1_C9QZ65,0.9208040807108087,0.5,True
2riq__A1_P09874--2riq__A2_P09874,0.4275922405609304,0.5,True
8hd5__A1_Q99U17--8hd5__B1_Q99U17,0.8964227986989461,0.503968253968254,True
6xrb__A1_A0A0H3NHS6--6xrb__B1_A0A0H3NHS6,0.9553398223433593,0.5,True
8a1g__A1_Q13596--8a1g__C1_Q9Y5X3,0.980749077574893,0.5,False
8tn3__A1_Q643B9--8tn3__B1_Q643B9,0.9610866911867626,0.5,True
5ghs__A1_Q5JGL0--5ghs__C1_Q5JF31,0.916114401531045,0.5,False
5umw__A1_A0A125SA26--5umw__F1_A0A125SA26,0.9593767930463903,0.5,True
7zcv__B1_A0A0E7KI02--7zcv__A1_A0A0E7KI02,0.8763192560098778,0.5,True
6scq__A1_Q8NNN6--6scq__A2_Q8NNN6,0.9743397260627915,0.5,True
4ml9__A1_D1AMR0--4ml9__B1_D1AMR0,0.9446567592964026,0.5,True
7yfu__A1_Q8CG73--7yfu__B1_Q8CG73,0.9839589943485445,0.5,True
3ix1__A1_Q9K9G5--3ix1__B1_Q9K9G5,0.8203766129939825,0.5,True
7khs__A1_Q2CEE3--7khs__B1_Q2CEE3,0.974655788260361,0.5,True
8k5l__A1_A0A829KK40--8k5l__B1_A0A829KK40,0.9785675707823916,0.5,True
2g0t__B1_Q9WZQ3--2g0t__A1_Q9WZQ3,0.9642322921706814,0.5,True
3lr3__A1_Q63T74--3lr3__A2_Q63T74,0.9666430297199726,0.5,True
4pxq__A1_F1QR43--4pxq__B1_F1QR43,0.9491328926260796,0.5,True
4z5y__A1_Q88QV5--4z5y__A2_Q88QV5,0.9672568488458857,0.5,True
7zhf__A1_A0A0U2WWJ1--7zhf__A2_A0A0U2WWJ1,0.9453966160279663,0.5,True
6h86__A1_B5KM66--6h86__B1_B5KM66,0.8066959836455314,0.5,True
5un7__A1_Q9NUX5--5un7__B1_Q96AP0,0.7178465954805141,0.5,False
8juk__A1_V5VGC6--8juk__B1_V5VGC6,0.9647137341060122,0.5,True
8snp__A1_O09118--8snp__A2_O09118,0.8371607981188478,0.5,True
6wjc__A1_P11229--6wjc__B1_Q8QGR0,0.8265367088607595,0.5,False
8ard__A1_Q64331--8ard__A2_Q64331,0.42718152822971517,0.5,True
3mqi__A1_Q9UH73--3mqi__B1_Q9UH73,0.6910425347554903,0.5,True
3q01__A1_P04637--3q01__B1_P04637,0.932052419550908,0.5,True
7ylq__A1_Q93CA6--7ylq__B1_Q93CA6,0.8882702394975803,0.5,True
2yvo__A1_Q5SJY9--2yvo__A2_Q5SJY9,0.8481501726149422,0.5,True
5vpa__B1_P17535--5vpa__A1_P53539,0.9394701734534159,0.5,False
3v78__B1_P95092--3v78__A1_P95092,0.975483692567981,0.5,True
7pzh__A1_A0A174J845--7pzh__B1_A0A174J845,0.9103269569629182,0.5,True
3m0f__A1_Q4KDJ6--3m0f__B1_Q4KDJ6,0.9186450730206905,0.5,True
1y4h__A1_P0C1S6--1y4h__C1_Q9EYW6,0.8117171090440275,0.5,False
2o4c__A1_Q9I3W9--2o4c__B1_Q9I3W9,0.9853346272009577,0.5,True
1ynh__A1_P76216--1ynh__D1_P76216,0.9837234254682761,0.5,True
8ohx__A1_U4Q148--8ohx__B1_U4Q148,0.9167042328534789,0.5,True
3a6m__A1_Q56236--3a6m__B1_Q56236,0.9488408759332384,0.5,True
4bvp__A1_Q5ZUA2--4bvp__B1_Q5ZUA2,0.9223896128990644,0.5,True
7oc6__A1_A0A2U8U2L5--7oc6__A2_A0A2U8U2L5,0.9370449695357683,0.5,True
6qpq__A1_G0SGH3--6qpq__B1_Q12158,0.8039789620902116,0.5,False
3ct6__A1_Q9CIV6--3ct6__B1_Q9CIV6,0.9323988211908193,0.5,True
1qae__A1_P13717--1qae__B1_P13717,0.8336965949117298,0.5,True
3q5w__B1_P38937--3q5w__A1_P38937,0.8819005523033548,0.5,True
8gol__B1_G9I933--8gol__A1_G9I933,0.8433677720769337,0.5,True
7epj__A1_P62554--7epj__A2_P62554,0.9288867206797747,0.5,True
1ag9__A1_P61949--1ag9__B1_P61949,0.9880585267288117,0.5,True
3gwh__B1_O31691--3gwh__A1_O31691,0.5364092739971233,0.5,True
5gw1__A1_P57768--5gw1__B1_P57768,0.8175437828801808,0.5,True
3l2o__B1_Q9UKT5--3l2o__A1_P63208,0.9351340859600497,0.5,False
3wrf__A1_E8MGH8--3wrf__A2_E8MGH8,0.9680492222582321,0.5,True
7yyl__A1_Q3AET9--7yyl__B1_Q3AET9,0.9094862266815336,0.5,True
8syb__B1_Q72KY0--8syb__A1_Q72KY0,0.9715308632870994,0.5,True
8qc3__A1_A0A1C9WRL0--8qc3__B1_A0A1C9WRL0,0.9222651282666274,0.5,True
3wtf__B1_Q9BUH6--3wtf__A1_Q9BUH6,0.9184216703582434,0.5,True
2x0e__B1_Q7BG50--2x0e__A1_Q7BG50,0.9073419229167033,0.5,True
5hwt__A1_A5W4E3--5hwt__B1_A5W4E3,0.9055717900576205,0.5,True
1ojh__A1_Q8YNP7--1ojh__B1_Q8YNP7,0.8176995983935743,0.5,True
3eyy__A1_Q9K4F8--3eyy__B1_Q9K4F8,0.977418587256186,0.5,True
8bwv__D2_A0A482M8M0--8bwv__A1_A0A482M8M0,0.793173846405486,0.5,True
7cm9__A1_A0A7V8UZ53--7cm9__B1_A0A7V8UZ53,0.9264095472018106,0.5,True
4nc8__A1_P12464--4nc8__A2_P12464,0.16175666022695911,0.5,True
1zhh__A1_P54300--1zhh__B1_P54302,0.8379526631055529,0.5,False
8c0u__A1_Q9I5Q5--8c0u__B1_Q9I5Q5,0.8589174668903968,0.5,True
2fbq__A1_Q9HZJ9--2fbq__A2_Q9HZJ9,0.9485981952624012,0.5,True
7fch__A1_O95256--7fch__C2_O95256,0.9286898306063812,0.5,True
8c7t__B1_A0A1B4XP18--8c7t__A1_A0A1B4XP18,0.9353758226596445,0.5,True
4iwn__A1_P76290--4iwn__B1_P76290,0.9812526310504505,0.5,True
7saf__B1_Q6TLP8--7saf__A1_Q6TLP8,0.8792415101284146,0.5,True
7zj1__B1_P55265--7zj1__A1_P55265,0.6522464199932595,0.5,True
4g9k__A1_P32340--4g9k__B1_P32340,0.9031559994464036,0.5,True
8b35__A1_Q96562--8b35__B1_Q96562,0.9339737986129393,0.5,True
2rdz__A1_P0ABK9--2rdz__B1_P0ABK9,0.9445321387892949,0.5,True
6bzf__B1_P53061--6bzf__A1_P17122,0.5007615218014057,0.5,False
5ydd__B1_P9WME7--5ydd__A1_P9WME7,0.9313432931377225,0.5,True
4czd__B1_B8J3A4--4czd__A1_B8J364,0.8925740087328471,0.5,False
3ft7__B1_Q54323--3ft7__A1_Q54323,0.8699665481041604,0.5,True
4pz1__A1_Q99XU0--4pz1__A2_Q99XU0,0.841651560149651,0.5,True
2w1t__A1_P37554--2w1t__B1_P37554,0.9742267152201316,0.5036764705882353,True
7qz5__A1_A2RI36--7qz5__B1_A2RI36,0.8879956337030919,0.5,True
5h31__A1_Q14790--5h31__B1_Q14790,0.2933285228205402,0.5,True
8p33__A1_O51254--8p33__A2_O51254,0.8446783951421295,0.5,True
8oru__A1_O93732--8oru__B1_O93732,0.973587059525001,0.5,True
1u7i__A1_Q9I3Y6--1u7i__B1_Q9I3Y6,0.8984216158769808,0.5,True
8slg__B1_G7CIG9--8slg__A1_G7CIG9,0.894943703802225,0.5,True
3l2e__B1_Q6AW42--3l2e__A1_Q6AW43,0.9290325322970311,0.5,False
3b0a__A1_P0CG48--3b0a__B1_Q9WUB0,0.7725896425250247,0.5,False
6etz__A1_A0A023UGN9--6etz__A2_A0A023UGN9,0.9203197271945112,0.5,True
7sfz__B1_Q9NYP9--7sfz__A1_Q9NYP9,0.7333786311456623,0.5,True
7wwf__A1_A0R6Y0--7wwf__B1_A0R6Y0,0.9638415551534674,0.5,True
8vdw__B1_T0TAB9--8vdw__A1_T0TAB9,0.8987617230284777,0.5,True
8ri0__A1_E4THH1--8ri0__B1_E4THH1,0.8361061235052746,0.5,True
5z2i__B1_Q54LT0--5z2i__A1_Q54LT0,0.7853306390069927,0.5,True
4miv__A1_P51688--4miv__B1_P51688,0.94675498317171,0.5,True
3vh1__A1_P38862--3vh1__A2_P38862,0.9627434893685274,0.5,True
7z98__A1_E6V140--7z98__A2_E6V140,0.9617829494877302,0.5,True
2ond__A1_Q99LI7--2ond__B1_Q99LI7,0.9016231868202201,0.5,True
7vt9__A1_P21517--7vt9__B1_P21517,0.9262112804743469,0.5,True
1gju__A1_O33838--1gju__A2_O33838,0.960236266853681,0.5,True
6hta__A1_A0A3F2YM29--6hta__B1_A0A3F2YM29,0.8655201025464714,0.5,True
3h7h__A1_P63272--3h7h__B1_O00267,0.8128951325262358,0.5,False
4z39__A1_A0A0S2E5N6--4z39__B1_A0A0S2E5N6,0.8005989252690033,0.5,True
5ca9__A1_Q9C0L9--5ca9__A2_Q9C0L9,0.8496150790387081,0.5,True
2zvx__A1_P00974--2zvx__B1_P00974,0.8220294126062202,0.5,True
6x0a__A1_F7Y4W0--6x0a__S1_F7YBW8,0.649734037529866,0.5,False
7spq__A1_C5AMM8--7spq__A2_C5AMM8,0.9651941272199089,0.5,True
7spn__A1_A0A7C2VFT1--7spn__B1_A0A7C2VFT1,0.9888867950966608,0.5,True
1tv8__A1_P65388--1tv8__B1_P65388,0.781885921980618,0.5,True
3mkr__B1_Q27954--3mkr__A1_Q28104,0.9120804189669779,0.5,False
1dqn__A1_Q24973--1dqn__B1_Q24973,0.9509000496221655,0.5,True
7xoi__A1_A0A5N6DPG0--7xoi__B1_A0A5N6EXS6,0.35908876169797593,0.5,False
8h62__A1_P0DJM0--8h62__B1_P12830,0.7085625490943248,0.5,False
2qh0__A1_Q97H22--2qh0__A2_Q97H22,0.9243673104087817,0.5,True
5ubb__A1_Q5VVY1--5ubb__A2_Q5VVY1,0.8173348672914396,0.5,True
5kvs__B1_O54512--5kvs__A1_O54512,0.9127835433434243,0.5,True
3frs__A1_P53990--3frs__A2_P53990,0.39915955986494556,0.5,True
3obv__A1_O08808--3obv__C1_O08808,0.8248617829700879,0.5,True
4wkz__A1_A0AEF5--4wkz__B1_W5IDC3,0.8826289006876912,0.5,False
3kt0__A1_Q12109--3kt0__A2_Q12109,0.9920368011556514,0.5,True
5i90__A1_G3XCY5--5i90__B1_G3XCY5,0.860308186771653,0.5,True
3bat__B1_P24733--3bat__A1_P24733,0.8939165217585788,0.5,True
2ps1__A1_P13298--2ps1__B1_P13298,0.964153167203259,0.5,True
1fcd__A1_Q06530--1fcd__B1_Q06529,0.9450756647128307,0.5,False
8hy8__A1_A0A085BE66--8hy8__A2_A0A085BE66,0.8527329518170486,0.5,True
8har__A1_Q2L6E4--8har__B1_Q2L6E4,0.9664520281697921,0.5,True
4je4__A1_Q06124--4je4__B1_P02751,0.7349714442926534,0.5,False
2a6c__A1_Q82UW4--2a6c__A2_Q82UW4,0.925011396961264,0.5,True
5k9l__B1_A8MW95--5k9l__A1_A8MW95,0.9368683821641413,0.5,True
5mzg__A1_P53368--5mzg__B1_P53368,0.85198433667187,0.5,True
7ucc__B1_P17535--7ucc__A1_P53539,0.9486914385738172,0.5,False
8d0x__A1_Q9Y231--8d0x__A2_Q9Y231,0.8010038634492369,0.5,True
6ano__B1_Q9UKL3--6ano__A1_Q9UKL3,0.8781562792985227,0.5,True
6et2__A1_Q9I4X1--6et2__B1_Q9I4X2,0.9426670322607326,0.5,False
6d0a__A1_Q8N5Z0--6d0a__A2_Q8N5Z0,0.9472287087783542,0.5,True
2xga__B1_P35530--2xga__A1_P35530,0.9736846456172175,0.5,True
2i3o__A1_Q9HJH4--2i3o__B1_Q9HJH4,0.9690064323947971,0.5,True
1ijx__A1_P97401--1ijx__C1_P97401,0.8134882326415872,0.5,True
6h2u__A1_Q9NRN9--6h2u__B1_Q9UI30,0.9104290791004906,0.5,False
8h2v__A1_Q93HT8--8h2v__B1_Q93HT8,0.9591361812742055,0.5,True
1wat__B1_P02941--1wat__A1_P02941,0.8897667551227161,0.5,True
2nyh__A1_Q13JM0--2nyh__B1_Q13JM0,0.9042071535146328,0.5,True
7yuj__B1_Q9BYM8--7yuj__A1_Q9BYM8,0.5866031871614917,0.5,True
8c5k__A1_P87252--8c5k__A2_P87252,0.7275685825029453,0.5,True
2spc__A1_P13395--2spc__B1_P13395,0.27738421955526726,0.5,True
6q2e__A1_A5UMY5--6q2e__B1_A5UMY5,0.84974315291234,0.5,True
4p8i__A1_P40746--4p8i__B1_P40746,0.8824299541093032,0.5,True
8a82__A1_K7WEY7--8a82__B1_K7XCU4,0.8962494799294869,0.5,False
3a4l__B1_Q58933--3a4l__A1_Q58933,0.9594075510466464,0.5,True
1z52__A1_P09167--1z52__B1_P09167,0.8461464367219845,0.5,True
6c0g__A1_A0A3F2YLX1--6c0g__B2_A0A3F2YLX1,0.8192564253182631,0.5,True
1k3r__B1_O26109--1k3r__A1_O26109,0.9632783976547593,0.5,True
7fga__A1_Q8DIJ4--7fga__B2_Q8DIJ4,0.9513419662188662,0.5,True
5akq__A1_O52063--5akq__B1_O52063,0.9687179215311319,0.5,True
7y86__B1_A0A0K2E3A3--7y86__A1_A0A0K2E3A3,0.9454702420804115,0.5,True
8d1u__A1_P0A6R0--8d1u__A2_P0A6R0,0.9739802212576986,0.5,True
1vqw__A1_Q9HFE4--1vqw__B1_Q9HFE4,0.9291740777280082,0.5,True
7uld__A1_O28028--7uld__A2_O28028,0.9394509469557708,0.5,True
4c0f__B1_Q9NZN8--4c0f__A1_Q9NZN8,0.27670986685961474,0.5,True
8b21__A1_Q9S5X0--8b21__B1_Q9S5X0,0.9677546343985254,0.5,True
3swk__A1_P08670--3swk__B1_P08670,0.9579204770771637,0.5,True
8txn__B1_P08120--8txn__A1_P08120,0.3349897538987163,0.5,True
8dak__A1_F2X702--8dak__B1_F2X702,0.9513061162372883,0.5,True
2rde__B1_A0A0H3ADR8--2rde__A1_A0A0H3ADR8,0.8703844042065667,0.5,True
2pih__A1_O31779--2pih__B1_O31779,0.8983851729146488,0.5,True
7ykv__B1_Q58241--7ykv__A1_Q58241,0.9728550047603881,0.5,True
7y4g__A1_Q8A028--7y4g__A2_Q8A028,0.9765002363594733,0.5,True
8cci__A1_A0R7I9--8cci__A2_A0R7I9,0.9671503272299415,0.5,True
6p35__A1_P75913--6p35__A2_P75913,0.9718738748006789,0.5,True
6p3j__A1_Q0KJL4--6p3j__B1_Q0KJL4,0.9669465704128791,0.5,True
4o6p__A1_Q8RDI4--4o6p__B1_Q8RDI4,0.8357232457362965,0.5,True
8ozv__A1_A0A179UH34--8ozv__A2_A0A179UH34,0.9449157031490004,0.5,True
2cim__A1_Q46AN5--2cim__B1_Q46AN5,0.9409103828447266,0.5,True
6tpo__A1_P24474--6tpo__A2_P24474,0.7885333057297347,0.5,True
7wwo__B1_Q5SH57--7wwo__A1_Q5SH57,0.6617752014699444,0.5,True
4pmv__A1_Q8PEU1--4pmv__B1_Q8PEU1,0.9275058210797308,0.5,True
6rmr__B1_P19926--6rmr__A1_P19926,0.9847514457667945,0.5,True
6hhb__A1_E0SCP7--6hhb__C1_E0SCP7,0.936359903080364,0.5,True
7e5c__A1_A0A1I7CHQ2--7e5c__B1_A0A1I7CHQ2,0.9852717834236848,0.5,True
2wfh__A1_O94813--2wfh__B1_O94813,0.8496361721905514,0.5,True
3zco__A1_P06701--3zco__A2_P06701,0.5818281852730135,0.5,True
2ghy__A1_P03051--2ghy__B1_P03051,0.914521487324344,0.5,True
3htr__A1_Q6N0K4--3htr__B1_Q6N0K4,0.8669373433736036,0.5,True
8aeu__A1_Q00987--8aeu__A2_Q00987,0.1699837022208392,0.5,True
1xuv__A1_Q8PZJ2--1xuv__C1_Q8PZJ2,0.8631150935028302,0.5,True
2o8p__A1_Q5CYG0--2o8p__A2_Q5CYG0,0.9246408625592959,0.5,True
4zmu__A1_Q9I072--4zmu__B1_Q9I072,0.9600878554474592,0.5,True
3dl3__G2_Q5E3X2--3dl3__C1_Q5E3X2,0.8010154010322644,0.5,True
7yvz__A1_A7LPG5--7yvz__A2_A7LPG5,0.679993720873703,0.5,True
4ia6__A1_Q5FL96--4ia6__B1_Q5FL96,0.9825935634668237,0.5,True
8bou__A1_A0A7G5MNS2--8bou__B1_A0A7G5MNS2,0.9810103725016369,0.5,True
5gk1__A1_Q7N4Z6--5gk1__B1_Q7N4Z6,0.9482883352956547,0.5,True
5x03__B1_P94426--5x03__A1_P94426,0.9359162947448517,0.5,True
3gku__A1_D0VX24--3gku__B1_D0VX24,0.956031759909186,0.5,True
1c81__A1_P07953--1c81__A2_P07953,0.6147982527711788,0.5,True
1k3e__B1_P58233--1k3e__A1_P58233,0.9727629351469318,0.5,True
6u18__A1_Q9EVJ6--6u18__B1_Q9EVJ6,0.9581828512580124,0.5,True
7wpy__A1_A0A097ZPD5--7wpy__C1_A0A097ZPD5,0.9521838153201325,0.5,True
7xn2__A1_Q8YR38--7xn2__A2_Q8YR38,0.946296641937885,0.5,True
3uws__B1_A7A9N3--3uws__A1_A7A9N3,0.3439551862063609,0.5,True
4u04__B1_Q9BVA6--4u04__A1_Q9BVA6,0.9211108060660519,0.5,True
2kin__A1_P56536--2kin__B1_Q6QLM7,0.28752555601320756,0.5,False
3ulc__A1_Q08236--3ulc__A2_Q08236,0.7723126327906242,0.5,True
8b2a__A1_Q2YWJ9--8b2a__A2_Q2YWJ9,0.9924799228939314,0.5,True
8qff__A1_K9TLZ5--8qff__A2_K9TLZ5,0.9506358814433489,0.5,True
8c8c__A1_P48426--8c8c__A2_P48426,0.9609939649957616,0.5,True
8iup__B1_A9A1Y1--8iup__A1_A9A1Y1,0.9418231712660087,0.5,True
3o7o__A1_Q9S5X8--3o7o__B1_Q9S5X8,0.7942847699033939,0.5,True
4bg8__A1_Q8TX37--4bg8__B1_Q8TX37,0.942352809314843,0.5,True
7qxo__A1_G8UIQ1--7qxo__B1_G8UIQ1,0.9007940131346331,0.5,True
4xiz__A1_Q05776--4xiz__D1_O60200,0.857458738867924,0.5,False
7pwe__A1_Q6AL91--7pwe__B1_Q6AL91,0.8427605127644288,0.5,True
6uxu__A1_E2JB04--6uxu__B1_E2JB04,0.841856400113991,0.5,True
3bid__A1_Q7DDI1--3bid__B1_Q7DDI1,0.8369919664634721,0.5057471264367817,True
4f7w__A1_B5XYG3--4f7w__B1_B5XYG3,0.9274005740409734,0.5,True
2rae__A1_Q0S3N9--2rae__A2_Q0S3N9,0.9324902275289492,0.5,True
7yn1__A1_E9JES9--7yn1__C1_E9JES9,0.7074255179115998,0.5,True
3t7y__A1_O84093--3t7y__B1_O84093,0.8742499200717728,0.5,True
7u6p__A1_P11926--7u6p__B1_P11926,0.8434729674301678,0.5,True
4mis__A1_Q57ES7--4mis__B1_Q57ES7,0.8865447742350161,0.5,True
2blf__A1_Q9LA16--2blf__B1_Q9LA15,0.8491402005635698,0.5,False
3ke3__A1_Q4FVA8--3ke3__A2_Q4FVA8,0.9554529287602416,0.5,True
7ywc__A1_Q9L0T8--7ywc__B1_Q9L0T8,0.9809581818500902,0.5,True
4wwr__B1_P46379--4wwr__A1_P11441,0.6272545932919441,0.5,False
7r0d__B1_Q9NV35--7r0d__A1_Q9NV35,0.9505093358474009,0.5,True
8w6x__A1_P21852--8w6x__B1_P21853,0.868802752740255,0.5,False
3fmf__A1_P9WPQ5--3fmf__B1_P9WPQ5,0.8466234960584949,0.5,True
2xrm__A1_D0AB41--2xrm__A2_D0AB41,0.9495561263356491,0.5,True
4xj7__A1_P66881--4xj7__B1_P66881,0.939568688342038,0.5,True
7yrt__E1_H9L4P6--7yrt__A1_H9L4P6,0.9217130301869245,0.5,True
7tye__A1_P0A7J0--7tye__A2_P0A7J0,0.9320144786663166,0.5,True
2zvd__B1_Q9RBY1--2zvd__A1_Q9RBY1,0.9978893587588554,0.5,True
3mtw__A1_Q9A4Z9--3mtw__A2_Q9A4Z9,0.9849954103049564,0.5,True
3n2o__A1_Q7MK24--3n2o__B1_Q7MK24,0.8006187684159238,0.5,True
7ywd__A1_Q8TB36--7ywd__A2_Q8TB36,0.696714946434348,0.5,True
5upq__A1_A0A0A0V031--5upq__B1_A0A0A0V031,0.9504576157929068,0.5,True
1vgu__A1_Q46893--1vgu__B1_Q46893,0.8995704925578585,0.5,True
7pxo__A1_F4F7G1--7pxo__C1_F4F7G1,0.9666663664204648,0.5,True
2dp9__A1_Q5SM30--2dp9__A2_Q5SM30,0.6313594011929359,0.5,True
8a7l__A1_M1JS91--8a7l__A2_M1JS91,0.9291092097209115,0.5,True
7uqv__A1_A0A0L6JSP1--7uqv__B1_A0A0L6JSP1,0.883176425188308,0.5,True
5d1r__A1_P9WMC9--5d1r__B1_P9WMC9,0.9122958038299662,0.5,True
3f6q__A1_Q13418--3f6q__B1_P48059,0.931415843656098,0.5,False
8cok__B1_Q9NXR8--8cok__A1_Q9NXR8,0.8138825009328441,0.5,True
1wz3__A1_Q9LVK3--1wz3__B1_Q9LVK3,0.3016602367432915,0.5,True
1nw1__A1_Q22942--1nw1__B1_Q22942,0.9323826144342273,0.5,True
1hrp__B1_P0DN86--1hrp__A1_P01215,0.7375721930478569,0.5,False
3qf4__B1_Q9WYC4--3qf4__A1_Q9WYC3,0.9322362386045783,0.5,False
7y4o__B1_A0A0G2JZC4--7y4o__A1_A0A0G2JZC4,0.7575265436804585,0.5,True
8hns__A1_A0A377JKY9--8hns__A2_A0A377JKY9,0.28220701931754394,0.5,True
3mpn__A1_O67854--3mpn__A2_O67854,0.9723885353489553,0.5,True
6vlg__A2_Q9WTS2--6vlg__C1_Q9WTS2,0.9322975499368696,0.5,True
1v71__A1_O59791--1v71__A2_O59791,0.9806916300799715,0.5,True
3fpk__A1_Q8ZKP5--3fpk__B1_Q8ZKP5,0.909764167275805,0.5,True
8eb3__A1_K2K6A3--8eb3__B1_K2K6A3,0.915641570438799,0.5,True
4z1i__C1_Q12931--4z1i__A1_Q12931,0.9381868140625107,0.5,True
8pz3__A1_D7SFB8--8pz3__B1_D7SFB8,0.3366862055829239,0.5,True
5vpb__B1_P17535--5vpb__A1_P53539,0.9197332324731783,0.5,False
8bt3__A1_Q6F0T5--8bt3__A2_Q6F0T5,0.9036204779061412,0.5,True
1r7h__A1_O69271--1r7h__B1_O69271,0.41601301101573185,0.5,True
4oag__A1_Q8BGV8--4oag__B1_Q8BGV8,0.6734005304792227,0.5,True
5bo9__A1_O43173--5bo9__B1_O43173,0.8842369702484232,0.5,True
7kws__A1_Q0P8H3--7kws__B1_Q0P8H3,0.9850673847458788,0.5,True
4qa0__A1_Q9BY41--4qa0__B1_Q9BY41,0.9507288333348973,0.5,True
6epi__B1_D5K9G7--6epi__A1_D5K9E3,0.8691224224618342,0.5,False
6z2f__B1_Q16222--6z2f__A1_Q16222,0.8909948461238276,0.5,True
7qgs__B1_Q09472--7qgs__A1_Q16665,0.3806783449851239,0.5,False
7tz7__A1_P42336--7tz7__B1_P27986,0.8596374513264001,0.5,False
2zl1__A1_Q9UHA4--2zl1__B1_Q9JHS3,0.943467162541585,0.5,False
4ija__A1_A0A0H3JS71--4ija__B1_A0A0H3JS71,0.9584534270855914,0.5,True
3ijt__B1_Q8DVN6--3ijt__A1_Q8DVN6,0.930775323028185,0.5,True
7qgt__A1_P35520--7qgt__B1_P35520,0.891792683398868,0.5,True
8i4q__A1_Q8NQI2--8i4q__B1_Q8NQI2,0.9542183451087581,0.5,True
5lxv__A1_G9FCX2--5lxv__B1_A0A1L1QK37,0.8272202314495187,0.5,False
8h25__A1_A0A5R8LFD3--8h25__C1_A0A5R8LFD3,0.9298812531428279,0.5,True
6kjl__A1_Q9RC94--6kjl__B1_Q9RC94,0.8598212089670917,0.5,True
5f3o__A1_C4LU64--5f3o__B1_C4LU64,0.9091171607710166,0.5,True
8arv__A1_Q9HW35--8arv__B1_Q9HW35,0.9363352984306063,0.5,True
2i1a__B1_P40087--2i1a__A1_P40087,0.8355196491646103,0.5,True
2y9x__A1_C7FF04--2y9x__E1_G1K3P4,0.868868530975405,0.5,False
8waa__A1_P29401--8waa__B1_P29401,0.9543668155304948,0.5,True
6n2f__B1_Q94A94--6n2f__A1_Q94A94,0.8502660670264832,0.5,True
8b08__B1_P0A2K1--8b08__A1_P00929,0.9349066360012621,0.5,False
5ja2__A1_P11454--5ja2__B1_Q9I169,0.8246811258939777,0.5,False
4g3w__A1_O66591--4g3w__A2_O66591,0.7338260656416506,0.5,True
5cm2__A1_Q6C999--5cm2__B1_Q6C4P5,0.9633799447100703,0.5,False
6g70__B1_Q8K2Z2--6g70__A1_Q8K2Z2,0.8800657760121947,0.5,True
7xac__A1_P47929--7xac__B1_P47929,0.8823199801974827,0.5,True
2zz8__A1_O34094--2zz8__B1_O34094,0.6738443530271456,0.5,True
8b8h__A1_P9WQA9--8b8h__B1_P9WQA9,0.8679227043001502,0.5,True
7u2s__A1_A0A2W1NDJ7--7u2s__B1_A0A2W1NDJ7,0.9552398356101239,0.5,True
1d2g__A1_P13255--1d2g__B1_P13255,0.604953154154872,0.5,True
1sc1__A1_P29466--1sc1__B1_P29466,0.3361624159511775,0.5,True
5amt__A1_A0Q7H2--5amt__A2_A0Q7H2,0.9350498635248159,0.5,True
7qfz__B1_B7L3Y3--7qfz__A1_B7L3Y3,0.6857699035030144,0.5,True
3hml__A1_A6T9H1--3hml__B1_A6T9H1,0.948615602399541,0.5,True
1xk6__A1_P31572--1xk6__C1_P31572,0.9038707024019923,0.5,True
7r3s__A1_A0A4R2M5S2--7r3s__B1_A0A4R2M5S2,0.899614609037366,0.5,True
2grx__A1_P06971--2grx__C1_P02929,0.6744494166705798,0.5,False
7vsf__A1_P25440--7vsf__B1_P25440,0.4812046468125606,0.5,True
3q34__A1_Q48EL2--3q34__C1_Q48EL2,0.754152958995811,0.5,True
4r2k__A1_Q8ZP84--4r2k__A2_Q8ZP84,0.9355012866441293,0.5,True
3cgw__A1_Q8PVT6--3cgw__A2_Q8PVT6,0.9714317646515495,0.5,True
7r2f__A1_P21836--7r2f__B1_P21836,0.97116243483562,0.5,True
4g19__A1_I6ZUH3--4g19__B1_I6ZUH3,0.9853117607823663,0.5,True
3dg8__C1_P13922--3dg8__A1_P13922,0.36289451536348794,0.5,True
6m10__A1_Q9HUW0--6m10__C1_Q9HUW0,0.8905327560161749,0.5,True
8tt2__B1_Q4K977--8tt2__A1_Q4K977,0.9388141862358292,0.5,True
1h31__A1_Q939U1--1h31__B1_Q939U4,0.8945945498783221,0.5,False
7p7i__B1_R8APY9--7p7i__A1_R8APY9,0.9682070085461663,0.5,True
3hzu__A1_P9WHF7--3hzu__A2_P9WHF7,0.9569629463627183,0.5,True
7xgs__A1_Q9FVC1--7xgs__A2_Q9FVC1,0.8562513097515771,0.5,True
6iju__A1_Q9KJN4--6iju__A2_Q9KJN4,0.24110933877738563,0.5,True
4kqd__B1_P06626--4kqd__A1_P06626,0.8605349262682086,0.5,True
2fu3__B1_Q03555--2fu3__A1_Q03555,0.7336632761035969,0.5,True
1jgt__B1_P0DJQ7--1jgt__A1_P0DJQ7,0.9441940236867893,0.5,True
6l4b__A1_Q9UGV2--6l4b__C2_Q9UGV2,0.8333978239821538,0.5,True
3lzk__A1_Q92LT4--3lzk__B1_Q92LT4,0.9404437782215305,0.5,True
1ht8__A1_P05979--1ht8__B1_P05979,0.8885445301494057,0.5,True
1z8h__A1_Q8YWS4--1z8h__B1_Q8YWS4,0.9335492526637413,0.5,True
8gk6__A1_W6USS8--8gk6__E1_W6USS8,0.9375165825387308,0.5,True
4mjf__A1_A6L2I4--4mjf__A2_A6L2I4,0.9617846962869587,0.5,True
7m4s__A1_Q8YLC3--7m4s__D1_Q8YLC3,0.9237419585656389,0.5,True
6fju__A1_E6N8B9--6fju__B1_E6N8B9,0.95704406492486,0.5,True
6lgq__A1_P21865--6lgq__B1_P21866,0.8276245702570367,0.5,False
2y27__B1_B4E7B5--2y27__A1_B4E7B5,0.9587431383108429,0.5,True
2tdx__A1_P0DJL7--2tdx__A2_P0DJL7,0.9886047033051046,0.5,True
8fj8__A1_P02638--8fj8__A2_P02638,0.8963362313899306,0.5,True
3uv0__B1_Q9W061--3uv0__A1_Q9W061,0.35220212294537145,0.5,True
8alo__B1_P24003--8alo__A1_P15795,0.8118783253569674,0.5,False
6xa0__A1_D1A230--6xa0__B1_D1A230,0.935153312688097,0.5,True
1zbo__B1_Q7WAM7--1zbo__A1_Q7WAM7,0.7783422320922322,0.5,True
6xb5__A1_A0A7E5VPD6--6xb5__B1_A0A7E5VPD6,0.9131719165157544,0.5,True
8duy__D1_A0A0H3GVN6--8duy__A1_A0A0H3GVN6,0.9681092046327211,0.5,True
7th5__A1_Q5SLG6--7th5__B1_Q5SLG6,0.7156743460595243,0.5,True
3t2l__A1_Q5LE95--3t2l__A2_Q5LE95,0.38100644009277734,0.5,True
3uet__A1_B7GNN8--3uet__B1_B7GNN8,0.912527029194295,0.5,True
8fdb__B1_Q12KP2--8fdb__A1_Q12KP2,0.8832732445296192,0.5,True
6ok3__A1_C3X9N1--6ok3__B1_C3X9N1,0.7466998235985888,0.5,True
8hp3__A1_A0A2K0XCZ3--8hp3__B1_A0A2K0XCZ3,0.9171471065935343,0.5,True
7xkg__A1_A7NHS9--7xkg__B1_A7NHS9,0.9055746222593516,0.5,True
1l7e__A1_Q2RSB2--1l7e__B1_Q2RSB2,0.9459182172835197,0.5,True
8hn2__A1_Q9F722--8hn2__B1_Q9F722,0.8414473778761444,0.5,True
8gst__A1_Q1NEI7--8gst__B1_Q1NEI7,0.9750013649388596,0.5,True
7cq3__A1_P38324--7cq3__B1_Q12098,0.7931157704946157,0.5,False
5htf__A1_Q8Y759--5htf__B1_Q8Y759,0.9554346826592222,0.5,True
6c90__A1_P42285--6c90__B1_Q6NZY4,0.774758106094633,0.5,False
6e1j__A1_C5J4P1--6e1j__B1_C5J4P1,0.8123779462045283,0.5,True
3ccd__A1_P0AA04--3ccd__B1_P0AA04,0.7274844074844075,0.5,True
3dzl__B1_Q396C9--3dzl__A1_Q396C9,0.8366164358264081,0.5,True
2y1h__B1_Q17R31--2y1h__A1_Q17R31,0.9461236462391108,0.5,True
7lfs__A1_P00533--7lfs__E1_O14944,0.709094514155915,0.5,False
6jiw__A1_A0A0H3JU78--6jiw__A2_A0A0H3JU78,0.918037567636515,0.5,True
8ees__A1_A0A0H3GMB7--8ees__B1_A0A0H3GMB7,0.9910298831038679,0.5,True
4a5b__B1_Q27895--4a5b__A1_Q27895,0.9081315637068023,0.5,True
3nb6__A1_O66874--3nb6__A2_O66874,0.5489197896055032,0.5,True
5f8c__A1_O53532--5f8c__A2_O53532,0.9547463701240166,0.5,True
8jt3__A1_H8Y6N2--8jt3__C1_H8Y6N2,0.9352198535722009,0.5,True
1ije__A1_P02994--1ije__B1_P32471,0.7469134978280993,0.5,False
6on4__A1_P0A8W0--6on4__B1_P0A8W0,0.8781856269520346,0.5,True
4zvc__A1_P0AA89--4zvc__B1_P0AA89,0.9811309567829101,0.5,True
4qoa__A1_A7VAB9--4qoa__A2_A7VAB9,0.35963116636969483,0.5,True
6wmv__A1_U5WZP7--6wmv__B1_U5WZP7,0.9024091486364346,0.5,True
3e3c__A1_Q7DB61--3e3c__B1_Q7DB61,0.8973263509014574,0.5,True
6ekk__A1_Q8TEH3--6ekk__C1_Q15286,0.5646913008381795,0.5,False
8a9w__A1_P15751--8a9w__A2_P15751,0.9931728883593856,0.5,True
2gj9__A1_P25522--2gj9__B1_P25522,0.9444280585881244,0.5,True
3cm7__C1_P98170--3cm7__D1_P98170,0.9755995351906811,0.5,True
8f5v__A1_O53728--8f5v__B1_O53728,0.9792447120156885,0.5,True
1ecj__A1_P0AG16--1ecj__B1_P0AG16,0.8576886341677822,0.5,True
3s5r__A1_Q2LS68--3s5r__B1_Q2LS68,0.893097076434391,0.5,True
3im3__A1_P00514--3im3__A2_P00514,0.9645887214294154,0.5,True
4mcj__B1_A6L9R1--4mcj__A1_A6L9R1,0.9565903478558333,0.5,True
7vw1__B1_V5J1S8--7vw1__A1_V5J1S8,0.9319847819097633,0.5,True
3p12__A1_Q2G1A5--3p12__D1_Q2G1A5,0.8954758862032164,0.5,True
8aq0__A1_Q6DTN4--8aq0__B1_Q6DTN4,0.9499273171719509,0.5,True
3wpm__A1_G2IKE5--3wpm__B1_G2IKE5,0.8749399340256291,0.5,True
7xof__B1_Q0DFB6--7xof__A1_Q0DFB6,0.9033746065125637,0.5,True
8a8f__A1_P32598--8a8f__B1_P42073,0.7594604123385094,0.5,False
3qta__A1_Q5V4K4--3qta__B1_Q5V4K4,0.986855445372627,0.5,True
8oqj__B1_P06959--8oqj__A1_P06959,0.6123499559027341,0.5,True
1tbp__A1_P13393--1tbp__B1_P13393,0.5320324398860163,0.5,True
7qfk__C1_Q5FLN0--7qfk__A1_Q5FLN0,0.9459053100437383,0.5,True
7r3o__B1_Q460N3--7r3o__A1_Q460N3,0.7833513246208464,0.5,True
1wli__A1_Q46604--1wli__B1_Q46604,0.9137411518661518,0.5,True
8b3e__A1_M4SY06--8b3e__A2_M4SY06,0.8396228785507945,0.5,True
1d8i__A1_O13297--1d8i__A2_O13297,0.7492180937421553,0.5,True
8eh0__B1_P50909--8eh0__A1_P50909,0.956616123341274,0.5,True
3seo__B1_Q87GE5--3seo__A1_Q87GE5,0.8384865691113925,0.5,True
3iey__B1_Q74MS9--3iey__A1_Q74MP4,0.9503019307830034,0.5,False
4yto__B1_Q15431--4yto__A1_Q15431,0.863891519842259,0.5,True
6csm__A1_L1J207--6csm__B1_L1J207,0.9240500249697366,0.5,True
4ndt__A1_A7UNK4--4ndt__A2_A7UNK4,0.6399794567450353,0.5,True
8j3p__A1_B9WHT3--8j3p__A2_B9WHT3,0.9789129100683385,0.5,True
7pv7__B1_Q7MVV4--7pv7__A1_Q7MVV4,0.8867792930344123,0.5,True
7uj6__A1_Q8RMD9--7uj6__B1_Q8RMD9,0.9100594052436861,0.5,True
3k9i__A1_Q9KFK0--3k9i__A2_Q9KFK0,0.9637773645879738,0.5,True
7z1s__A1_A0A3Q7HTY9--7z1s__A2_A0A3Q7HTY9,0.9565191866457581,0.5,True
2e89__A1_O67728--2e89__B1_O67728,0.9800828530742108,0.5,True
2woz__A1_Q9ER30--2woz__A2_Q9ER30,0.6558772061476652,0.5,True
7xxs__A1_B2CKP3--7xxs__B1_B2CKP3,0.9059454134131212,0.5,True
8fir__A1_O83132--8fir__B1_O83132,0.9728616430499689,0.5,True
3i6s__A1_O82777--3i6s__B1_O82777,0.9678739955342424,0.5,True
7yhe__B1_A6YEH4--7yhe__A1_A6YEH4,0.8774244275658041,0.5,True
1ku2__A1_Q9EZJ8--1ku2__B1_Q9EZJ8,0.7415802053512127,0.5,True
6qwo__B1_Q9S5W7--6qwo__A1_Q9S5W7,0.9673376450514634,0.5,True
1mxi__A1_P44868--1mxi__A2_P44868,0.8962506504252288,0.5,True
2vhl__A1_O34450--2vhl__A2_O34450,0.9856357284502162,0.5,True
5wan__A1_P75898--5wan__A2_P75898,0.9678463588778232,0.5,True
4x7z__B1_Q49492--4x7z__A1_Q49492,0.9748564689817831,0.5,True
6a1k__A1_P71018--6a1k__B1_P71018,0.9561471727718878,0.5,True
7pjh__A1_Q9Y312--7pjh__B1_Q6P2Q9,0.8426290451558668,0.5,False
4joi__A1_Q9H668--4joi__C1_Q86WV5,0.9328606875250525,0.5,False
8axz__A1_P31153--8axz__A2_P31153,0.9460019461059824,0.5,True
8ogi__B1_P11678--8ogi__A1_P11678,0.3170315348863454,0.5,True
8cxl__A1_A7KH32--8cxl__B1_A7KH32,0.8832102615297268,0.5,True
7win__B1_Q9UIF8--7win__A1_Q9UIF8,0.5398573053923775,0.5,True
7b80__A1_G3I8R9--7b80__B1_Q9BVA6,0.6957884081569545,0.5,False
4bwv__A1_Q8L5D0--4bwv__B1_Q8L5D0,0.7559058318651611,0.5,True
7drj__A1_P63756--7drj__B1_P63756,0.8830575584601449,0.5,True
3qth__A1_Q47ZP9--3qth__B1_Q47ZP9,0.9432365755488773,0.5,True
8b28__A1_F6GSX7--8b28__A2_F6GSX7,0.7346900479942164,0.5,True
6scx__A1_Q9BQG2--6scx__B1_Q9BQG2,0.8439006946566572,0.5,True
8hpc__A1_P60327--8hpc__H1_P60327,0.951133691711309,0.5,True
5n76__A1_P72320--5n76__B1_P72320,0.9682300657435633,0.5,True
3cq3__A1_Q53W28--3cq3__A2_Q53W28,0.7246142283032182,0.5,True
3kbu__A1_P11277--3kbu__D1_P16157,0.8463440712243239,0.5,False
7pck__A1_P43235--7pck__C2_P43235,0.9740815704106247,0.5,True
5o4z__A1_Q9X1T1--5o4z__A2_Q9X1T1,0.9755812435412277,0.5,True
1vla__A1_Q9X021--1vla__B1_Q9X021,0.9082516945562381,0.5,True
5oed__A1_Q6EAT3--5oed__B1_Q13637,0.84671904232019,0.5,False
7yva__A1_Q9URB4--7yva__B1_Q9URB4,0.9741846919537587,0.5,True
7s6n__B1_Q5RGJ8--7s6n__A1_Q5RGJ8,0.5485218234369883,0.5,True
4cz8__A1_Q9UZ55--4cz8__B1_Q9UZ55,0.9646963132173483,0.5,True
6ebn__A1_A0A4P1LYB6--6ebn__B1_A0A4P1LYB6,0.9178390293809443,0.5,True
3lf4__B1_D1MPT3--3lf4__A1_D1MPT3,0.33151912437185693,0.5,True
3ffe__B1_Q93AT8--3ffe__A1_Q93AT8,0.9133928206074324,0.5,True
7zg6__A1_A0A2J0RDY6--7zg6__B1_A0A2J0RDY6,0.9220547440872409,0.5,True
8f4q__A1_Q00972--8f4q__A2_Q00972,0.896452092534092,0.5,True
4rz3__A1_A4IMB4--4rz3__B1_A4IMB4,0.8802573442891377,0.5,True
8f8k__A1_O53507--8f8k__A2_O53507,0.9659639891646121,0.5,True
3zw5__A1_A6NK44--3zw5__B1_A6NK44,0.7979156496062992,0.5,True
6l3q__B1_G0SEI5--6l3q__A1_G0SEI5,0.9407357757240508,0.5,True
8ag8__A1_A0A1I5SVP7--8ag8__A2_A0A1I5SVP7,0.9367631296891747,0.5,True
2i2w__A1_P63224--2i2w__D1_P63224,0.9528437292984764,0.5,True
2f22__B1_Q9RC77--2f22__A1_Q9RC77,0.9362605170317297,0.5,True
3tng__A1_Q8Y7B7--3tng__A2_Q8Y7B7,0.9428833271149885,0.5,True
8gr8__B1_P08679--8gr8__A1_P08679,0.9528742488425138,0.5,True
7ae8__A1_A0A0B0QJR1--7ae8__B1_A0A0B0QJR1,0.9565044961376514,0.5,True
2w54__B1_O54051--2w54__A1_O54050,0.9389270315531802,0.5,False
4b0z__A1_P50524--4b0z__B1_P50524,0.9772542024013722,0.5,True
2re7__A1_Q4FV99--2re7__A2_Q4FV99,0.9475375701611443,0.5,True
8h0t__A1_O34614--8h0t__A2_O34614,0.9830677821592242,0.5048076923076923,True
1te2__A1_P77247--1te2__B1_P77247,0.9946508110575369,0.5,True
7xt2__A1_Q6ZMU5--7xt2__B1_Q6ZMU5,0.9104396114666258,0.5,True
1ev7__A1_P50187--1ev7__B1_P50187,0.9187775124739814,0.5,True
1ogl__A1_O15923--1ogl__A2_O15923,0.9529965589355196,0.5,True
3lrt__B1_Q97CA5--3lrt__A1_Q97CA5,0.966248852667718,0.5,True
3fou__A1_Q5SGZ9--3fou__B1_Q5SGZ9,0.7988369955831592,0.5,True
5jnq__A1_R0BTE9--5jnq__A2_R0BTE9,0.9401620716688812,0.5,True
4g12__A1_A5U5K3--4g12__B1_A5U5K3,0.985156734236957,0.5,True
3evj__B1_P01008--3evj__A1_P01008,0.7428746833657686,0.5,True
2oq2__B1_P18408--2oq2__A1_P18408,0.978317649287714,0.5,True
8he6__A1_Q8YSS0--8he6__B1_Q8YSS0,0.9601037624079536,0.5,True
2xij__A1_P22033--2xij__A2_P22033,0.9513432480977202,0.5,True
1nr5__A1_P07547--1nr5__A2_P07547,0.9459527085753449,0.5,True
1gmj__A1_P01096--1gmj__B1_P01096,0.9723645781671901,0.5,True
4yba__B1_Q93K36--4yba__A1_Q93K36,0.964012595591543,0.5,True
8ok7__A1_M4T0B2--8ok7__D1_M4T0B2,0.9296496597156259,0.5,True
7f76__B1_A0A223KLJ1--7f76__A1_A0A223KLJ1,0.8671839365254557,0.5,True
7vp6__A1_Q9C9L2--7vp6__B1_Q9C9L2,0.6888508223530069,0.5,True
8jmq__A1_A9CQD5--8jmq__B1_A9CQD3,0.8495441573760512,0.5,False
7zgt__A1_W8R3D8--7zgt__B1_W8R3D8,0.982740099011022,0.5,True
7xgt__B1_Q6H8B1--7xgt__A1_Q6H8B1,0.9886225679091064,0.5,True
3i2t__A1_P04412--3i2t__A2_P04412,0.7562965322835589,0.5,True
8tjk__A1_A0A0F7G196--8tjk__B1_A0A0F7G196,0.9604902714959591,0.5,True
7wt0__A1_Q04760--7wt0__B1_Q04760,0.844445128727991,0.5,True
3if0__A1_Q74MS9--3if0__A2_Q74MS9,0.9902404783327772,0.5,True
3qrh__A1_Q8SSM8--3qrh__A2_Q8SSM8,0.9045147579003571,0.5,True
8q70__A1_Q8U2C1--8q70__A2_Q8U2C1,0.9108760742450199,0.5,True
7vso__A1_P02945--7vso__A2_P02945,0.9254695538807056,0.5,True
5f8b__A1_Q4WB03--5f8b__A2_Q4WB03,0.9562811192940118,0.5,True
8ax0__A1_A0A384E145--8ax0__B1_A0A384E145,0.9760870278045467,0.5,True
7r5y__E2_R7PD89--7r5y__A1_R7PD89,0.9646584848464059,0.5,True
7qow__B1_Q93P54--7qow__A1_Q93P54,0.9398973725761398,0.5,True
5il7__A1_Q8KC98--5il7__B1_Q8KC98,0.8201239784700435,0.5,True
3ct9__B1_Q8A1V9--3ct9__A1_Q8A1V9,0.9599252772038743,0.5,True
8pvm__A1_P29166--8pvm__B1_P29166,0.832561263703096,0.5,True
8ct0__F1_S4S3E3--8ct0__A1_S4S3E3,0.9059883821497937,0.5,True
3q2j__B1_P0A3Y5--3q2j__A1_P0A3Y5,0.6287169460383131,0.5,True
7xzp__B1_A0A379CIH2--7xzp__A1_A0A379CIH2,0.9686135345280448,0.5,True
3qvf__A1_Q56187--3qvf__A2_Q56187,0.9602669391305692,0.5,True
6gxs__A1_Q7NZ70--6gxs__D1_Q7NZ70,0.5664582908744215,0.5,True
2hr8__A1_O58456--2hr8__B1_O58456,0.8840041868874298,0.5,True
2zyf__A1_O87198--2zyf__A2_O87198,0.8942898608738082,0.5,True
7s3v__A1_Q16719--7s3v__A2_Q16719,0.9285292472272824,0.5,True
6a29__A1_O32504--6a29__B1_O32504,0.7897275973194481,0.5,True
4ml6__C1_A6GV51--4ml6__A1_A6GV51,0.9339455325031427,0.5,True
4cht__A1_Q13472--4cht__B1_Q9H9A7,0.7109319655002876,0.5,False
1n4p__B1_P53610--1n4p__A1_Q04631,0.8815341220811967,0.5,False
1tec__A1_P04072--1tec__B1_P01051,0.9144857363145722,0.5,False
8p1h__A1_E7EX29--8p1h__B2_E7EX29,0.8804532612323874,0.5,True
6b9t__A1_A9A1T2--6b9t__B1_A9A1T2,0.8624946816010332,0.5,True
3g0k__A1_Q2G4A7--3g0k__A2_Q2G4A7,0.9168521730127094,0.5,True
8hy5__A1_P14920--8hy5__B1_P14920,0.8237289295966121,0.5,True
8fts__A1_R9UTR3--8fts__A2_R9UTR3,0.9523458803591025,0.5,True
1jrk__A1_Q8ZTD8--1jrk__B1_Q8ZTD8,0.9556564108354391,0.5,True
2ejn__A1_P30440--2ejn__B1_P30440,0.7214596237448544,0.5,True
8ju7__A1_Q9I2U4--8ju7__B1_Q9I2U4,0.9088351463910364,0.5,True
3nel__A1_Q52428--3nel__B1_Q52428,0.9550887651871448,0.5,True
2dc1__A1_O28440--2dc1__B1_O28440,0.9718606490431434,0.5,True
8fzk__B1_P52292--8fzk__A1_P52292,0.5791706712222143,0.5,True
3wnz__A1_P39641--3wnz__A2_P39641,0.9660825560136294,0.5,True
8e1u__A1_A0A160VN62--8e1u__F2_A0A160VN62,0.9620844091517372,0.5,True
1v7c__A1_P83823--1v7c__B1_P83823,0.9417824173857878,0.5,True
3egg__A1_P62136--3egg__C1_O35274,0.7660551613028089,0.5,False
4yke__B1_G0RYR3--4yke__A1_G0RYR3,0.9747973002056548,0.5,True
1tq9__A1_P00669--1tq9__B1_P00669,0.46041332472683966,0.5,True
4oh3__B1_Q05085--4oh3__A1_Q05085,0.9501317527137998,0.5,True
4q62__A1_Q5ZUB7--4q62__A2_Q5ZUB7,0.8739049369285263,0.5,True
2we5__A1_P0A2X7--2we5__B1_P0A2X7,0.9458507288841498,0.5,True
5t51__A1_Q6CLK3--5t51__B1_Q6CPD1,0.9154138333223301,0.5,False
3i0z__A1_A0A0H2UN25--3i0z__B1_A0A0H2UN25,0.8943963425860872,0.5,True
8p6k__A1_A0A0H2UWN1--8p6k__B1_A0A0H2UWN1,0.9214378707324302,0.5,True
7z9z__A1_P02754--7z9z__A2_P02754,0.9332521448410361,0.5,True
6d0i__A1_A0A0C5XL88--6d0i__B1_A0A0C5XKJ0,0.8304860393630021,0.5,False
3gs3__A1_Q8MSU4--3gs3__A2_Q8MSU4,0.21959992861549466,0.5,True
2f4m__A1_Q9JI78--2f4m__B1_P54728,0.7457451368497185,0.5,False
4yh8__A1_Q09176--4yh8__B1_P36629,0.8405120647127692,0.5,False
1e44__B1_P00646--1e44__A1_P02984,0.8635396147627705,0.5,False
2yri__A1_Q5SLX0--2yri__B1_Q5SLX0,0.9855682296657783,0.5,True
1gcj__A1_P70168--1gcj__B1_P70168,0.6031667757081616,0.5,True
7qbp__A1_A4F7B2--7qbp__A2_A4F7B2,0.9700983269997441,0.5,True
4hdd__A1_P09391--4hdd__A2_P09391,0.5011268756938096,0.5,True
3e4q__A1_P13633--3e4q__B1_P13633,0.9033395080619435,0.5,True
8ein__B1_Q6FCQ4--8ein__A1_Q6FCQ4,0.9843246636281762,0.5,True
1zmb__A1_Q97LM8--1zmb__B1_Q97LM8,0.9298235741106373,0.5,True
6ygu__A1_G0RZ64--6ygu__B1_G0S1V1,0.6162047720528834,0.5,False
2yyh__A1_O67435--2yyh__B1_O67435,0.9690216606289613,0.5,True
5wk0__A1_A0A2C9TMM3--5wk0__A2_A0A2C9TMM3,0.9385836243631008,0.5,True
8h4j__A1_W8UQZ7--8h4j__D1_W8UQZ7,0.8401855848414741,0.5,True
1z83__A1_P00568--1z83__B1_P00568,0.882627582247354,0.5,True
8h2c__A1_Q0P8U0--8h2c__B1_Q0P8U0,0.92577720468447,0.5,True
2dkh__A1_Q6SSJ6--2dkh__A2_Q6SSJ6,0.8852986509903226,0.5,True
7c7e__A1_A0A0H3MRW3--7c7e__A2_A0A0H3MRW3,0.9730638204477355,0.5,True
3dpt__B1_Q8KC98--3dpt__A1_Q8KC98,0.9487254390757608,0.5,True
3fgw__A1_Q3TCN2--3fgw__A2_Q3TCN2,0.8783093565411435,0.5,True
7wh0__A1_Q9U2E4--7wh0__B2_Q9U2E4,0.9975041314043266,0.5,True
8dq3__A1_A0A142G3G1--8dq3__B1_A0A142G3G1,0.8376698418995301,0.5,True
6t2b__A1_B2UQL7--6t2b__C1_B2UQL7,0.954815375956944,0.5,True
8jh0__B1_S2D3K4--8jh0__A1_S2D3K4,0.8776630102235692,0.5,True
7t2s__A1_A0A494K842--7t2s__A2_A0A494K842,0.873989107003794,0.5,True
3frw__B1_A5ZMD8--3frw__A1_A5ZMD8,0.8863058633218215,0.5,True
5ab5__A1_C9ZUV7--5ab5__B1_C9ZUV7,0.9766649879025058,0.5,True
5myd__C2_A0A2D0TC86--5myd__A1_A0A2D0TC86,0.914328432356004,0.5,True
5cde__A1_Q8P839--5cde__B1_Q8P839,0.9251049251037465,0.5,True
6pi4__A1_A0R1Z9--6pi4__A2_A0R1Z9,0.3912520023521301,0.49996552912788694,True
3ipf__A1_Q251Q8--3ipf__B1_Q251Q8,0.47637476102511156,0.5,True
2p3y__A1_Q87I71--2p3y__B1_Q87I71,0.9624867215990425,0.5,True
5jbr__A1_C5C6I1--5jbr__B1_C5C6I1,0.9210584192559353,0.5,True
8ttz__A1_G8E2R2--8ttz__B2_G8E2R2,0.9312516114083896,0.5,True
3vba__A1_Q58673--3vba__B1_Q58673,0.9823353302421866,0.5,True
4o6y__B1_Q9SWS1--4o6y__A1_Q9SWS1,0.8778032783283419,0.5,True
4e5r__A1_Q6IRB5--4e5r__A2_Q6IRB5,0.6297584177003586,0.5,True
7ywv__A1_Q0SBK1--7ywv__C1_Q0SBK1,0.9790210974749662,0.5,True
8eer__A1_P01116--8eer__A2_P01116,0.6722175841980133,0.5,True
3f84__B1_E3PPC4--3f84__A1_E3PPC4,0.47101110495451814,0.5,True
5mu7__A1_G0S6G7--5mu7__B1_G0S6I4,0.8599459282538889,0.5,False
8hfp__B1_Q96T68--8hfp__A1_Q8N8R7,0.6883132386125456,0.5,False
4rmn__B1_Q6NC13--4rmn__A2_Q6NC13,0.924677655876981,0.5,True
3mx1__A1_Q46944--3mx1__A2_Q46944,0.8889476784214777,0.5,True
5gl5__A1_Q06321--5gl5__B1_Q06321,0.749851421295095,0.5,True
8e77__A1_Q1QD54--8e77__A2_Q1QD54,0.9668165227943704,0.5,True
5gl4__A1_B6YTD8--5gl4__B1_B6YTD8,0.9896380828117406,0.5,True
7wf9__A1_Q3ZT31--7wf9__B1_Q3ZT31,0.2998940173663348,0.5,True
8fw0__B1_P39897--8fw0__A1_P39897,0.8576152654014522,0.5,True
8ou8__B1_P0A8M3--8ou8__A1_P0A8M3,0.9385533153480282,0.5,True
7acm__B1_P75811--7acm__A1_P75811,0.8587487367522133,0.5,True
4trb__A1_Q97W95--4trb__B1_Q97W95,0.9409409387519462,0.5,True
2ia9__B1_P28015--2ia9__A1_P28015,0.944948220213238,0.5,True
3sy6__A1_Q5LE92--3sy6__B1_Q5LE92,0.9580091593530202,0.5,True
6xz3__A1_Q9H1K6--6xz3__A2_Q9H1K6,0.9789121356706086,0.5,True
2h8e__A1_P0AG74--2h8e__A2_P0AG74,0.7826823924333863,0.5,True
3gyx__A1_T2G6Z9--3gyx__B1_T2G899,0.7924476419907315,0.5,False
4e0u__A1_D1D8L6--4e0u__A2_D1D8L6,0.9894951519032312,0.5,True
6teu__A1_O60568--6teu__A2_O60568,0.9383818175243683,0.5,True
6xt5__B1_P49046--6xt5__A1_P49046,0.9545611342940694,0.5,True
8g1t__A1_Q07812--8g1t__B1_Q07812,0.18784837362201234,0.5,True
7xp7__B1_W9FXI8--7xp7__A1_W9FXI8,0.9571616883650156,0.5,True
8i55__A1_Q58380--8i55__B1_Q58380,0.9706017110111368,0.5,True
1h65__A1_Q41009--1h65__A2_Q41009,0.8965551956730786,0.5,True
3ol4__A1_A0QRC4--3ol4__B1_A0QRC4,0.266940582631316,0.5,True
8idq__A1_A0A0B8MZ29--8idq__C1_A0A0B8MZ29,0.8954606406985413,0.5,True
3f6g__B1_Q8F3Q1--3f6g__A1_Q8F3Q1,0.9006815646626843,0.5,True
6akj__B1_G2TRN4--6akj__A1_G2TRN4,0.9480300716941051,0.5,True
3qhy__B1_O87916--3qhy__A1_Q93T42,0.91250879291662,0.5,False
4j5p__B1_P97612--4j5p__A1_P97612,0.9316916286689501,0.5,True
4icq__A1_A0A0H2UN95--4icq__B1_A0A0H2UN95,0.9823589239514914,0.5,True
1klf__B1_P08191--1klf__A1_P31697,0.851685139004341,0.5,False
6y4l__A1_Q15006--6y4l__B1_Q9Y3B6,0.9056946586009476,0.5,False
6dex__B1_Q74ZQ8--6dex__A1_Q75DL0,0.9301884955136677,0.5,False
2z02__A1_Q58987--2z02__B1_Q58987,0.9834952058365986,0.5,True
4l7w__A1_Q7Z4H3--4l7w__A2_Q7Z4H3,0.953527026691336,0.5,True
6tct__A1_Q9KL67--6tct__B1_Q9KL67,0.8889673649347087,0.5,True
6sul__A1_A8FAR5--6sul__B1_A8FAR5,0.9257382183779927,0.5,True
4qqv__A1_P26954--4qqv__B1_P26954,0.6060696114237247,0.5,True
3l8d__A1_A0RD96--3l8d__A2_A0RD96,0.9533057163848753,0.5,True
7yqa__B1_A0A1C9ZZ39--7yqa__A1_A0A1C9ZZ39,0.8258716331043673,0.5,True
1b8m__B1_P34130--1b8m__A1_P23560,0.7550767226895791,0.5,False
1irq__B1_Q57468--1irq__A1_Q57468,0.8256582587469488,0.5,True
7xi6__A1_A5GXY1--7xi6__B1_A5GXY1,0.7891860233727704,0.5,True
7vrx__D1_A0A6J4AG16--7vrx__B1_A0A6J4AG16,0.919724972568118,0.5,True
6iik__A1_P54578--6iik__B1_P54578,0.9973523505061683,0.5,True
3nau__A1_Q9Y6X8--3nau__B1_Q9Y6X8,0.12936130812766838,0.5,True
3cis__B1_P9WFD7--3cis__A1_P9WFD7,0.9502844131328754,0.5,True
4jzy__B1_O77059--4jzy__A1_O77059,0.914389670002622,0.5,True
7yxg__A1_Q9VU77--7yxg__B1_Q9VU77,0.9697851797704171,0.5,True
5cio__A1_A0A1A9TAI5--5cio__B1_A0A1A9TAI5,0.9312969878976886,0.5,True
8jwj__A1_Q9DAG9--8jwj__B1_P62837,0.8754934046000635,0.5,False
6ia6__A1_A0A1C7D1B7--6ia6__A2_A0A1C7D1B7,0.5733053906082364,0.5,True
8h1g__A1_O67518--8h1g__A2_O67518,0.9803888923310651,0.5,True
6x61__A1_Q79V60--6x61__B1_Q8DMT2,0.8423809673613538,0.5,False
7x0d__A1_A5YW95--7x0d__B1_A5YW95,0.9280920639958887,0.5,True
1ghd__B1_O86089--1ghd__A1_O86089,0.39334179234451894,0.5,True
2x6f__A1_Q9W1M7--2x6f__B1_Q9W1M7,0.8889183684659522,0.5,True
8oik__A1_Q9UPU9--8oik__C1_Q9UPU9,0.7356422836100697,0.5,True
6nxl__A1_B4DV12--6nxl__E1_B4DV12,0.49685096268769535,0.5,True
8wmy__A1_A0A4U7IGH6--8wmy__B2_A0A4U7IGH6,0.9428279266235657,0.5,True
3trf__A1_Q83AJ3--3trf__A2_Q83AJ3,0.6433687473570834,0.5,True
5h4s__A1_A0A090BWT0--5h4s__A2_A0A090BWT0,0.8316522353920058,0.5,True
2zvb__A1_Q53WA6--2zvb__A2_Q53WA6,0.873875021887354,0.5,True
8wa7__A1_P27302--8wa7__B1_P27302,0.9775014709204226,0.5,True
3b0z__B1_P40727--3b0z__A1_P40727,0.22800240921271403,0.5,True
4usp__A1_B3GA02--4usp__B1_B3GA02,0.8888662658302939,0.5,True
7cms__A1_P00953--7cms__B1_P00953,0.9800405311019286,0.5,True
7t8q__A1_Q7S860--7t8q__D1_Q7S860,0.8744434169152708,0.5,True
6j9k__A1_A0A425B3G2--6j9k__A2_A0A425B3G2,0.7792451944883245,0.5,True
7xp0__A1_Q9I5E1--7xp0__A2_Q9I5E1,0.8701592934835414,0.5,True
8ih4__A1_Q8WVV5--8ih4__B1_Q8WVV5,0.6845297021967837,0.5,True
1tfe__A1_P43895--1tfe__A2_P43895,0.9802578631846924,0.5,True
2a8f__A1_P15569--2a8f__B1_P15569,0.9603048743008175,0.5,True
4iwq__A1_Q9UHD2--4iwq__A2_Q9UHD2,0.851903198871818,0.5,True
5hs5__A1_Q2G0D1--5hs5__B1_Q2G0D1,0.9174469504314837,0.5,True
3v89__A1_Q9K0U9--3v89__B1_P02787,0.8321218243467873,0.5,False
8e3g__B1_P43026--8e3g__A1_P12643,0.8896513780485382,0.5,False
2w8b__A1_P0A855--2w8b__H1_P0A912,0.810421938088829,0.5,False
5f7p__B1_Q8YAF1--5f7p__A1_Q8YAF1,0.9599891198845061,0.5,True
8f71__B1_Q6N5G3--8f71__A1_Q6N5G3,0.9958510886202753,0.5,True
8hwi__B1_A0A327WNX5--8hwi__A1_A0A327WNX5,0.8157203857873657,0.5,True
7r3i__B1_P54292--7r3i__A1_P54292,0.8082594582045525,0.5,True
8afj__A1_A0A179QS89--8afj__B1_A0A179QS89,0.9873310612843795,0.5,True
3pub__B1_E5EVW2--3pub__A1_E5EVW2,0.9468123267191543,0.5,True
8es5__A1_A0A0H2Z732--8es5__B1_A0A0H2Z732,0.911899344887236,0.5,True
7txn__B1_Q8YVV6--7txn__A1_Q8YVV6,0.9705303702061627,0.5,True
3py6__A1_Q2YQ74--3py6__A2_Q2YQ74,0.9390160287951552,0.5,True
1hjr__A1_P0A814--1hjr__C1_P0A814,0.9344677220677823,0.5,True
8k3b__A1_A0A071KWR3--8k3b__A2_A0A071KWR3,0.8798611639728333,0.5,True
3w2z__A1_Q8YXY7--3w2z__A2_Q8YXY7,0.8389714360481109,0.5,True
8f78__A1_P55212--8f78__B1_P55212,0.8428444063487621,0.5,True
6wg4__A1_Q14683--6wg4__B1_Q9UQE7,0.8223631959029277,0.5,False
7zry__A1_O60341--7zry__B1_Q9UKL0,0.7919193273285196,0.5,False
1uix__A1_Q28021--1uix__B1_Q28021,0.9396171284574687,0.5,True
7vrc__A1_P38956--7vrc__B1_P22082,0.8328786624627618,0.5,False
1oz0__A1_P31335--1oz0__B1_P31335,0.9512283305211784,0.5,True
7eft__B1_P16926--7eft__A1_P16926,0.8420265715920661,0.5,True
8e2b__B1_Q2FYI5--8e2b__A1_Q2FYI5,0.7042299179787672,0.5,True
7jw6__A1_Q9VIF1--7jw6__A2_Q9VIF1,0.8021335253824979,0.5,True
1jkw__A1_P51946--1jkw__A2_P51946,0.8365053233526022,0.5,True
4pfp__B1_F1RQI7--4pfp__A1_F1RQI7,0.987641834701194,0.5,True
8h1s__A1_Q9I5U2--8h1s__B1_Q9HX32,0.7389793842886625,0.5,False
7t0y__A1_P62136--7t0y__B1_Q14684,0.7053489526553419,0.5,False
1tz9__A1_Q82ZC9--1tz9__B1_Q82ZC9,0.9792878713202479,0.5,True
2wns__B1_P11172--2wns__A1_P11172,0.9584516639717597,0.5,True
6s8v__B1_P08195--6s8v__A1_P80188,0.6418948977344773,0.5,False
2gt4__A1_P32056--2gt4__B1_P32056,0.913947320383554,0.5,True
3bof__A1_Q9WYA5--3bof__B1_Q9WYA5,0.9884392865009978,0.5,True
6trj__A1_O75475--6trj__A2_O75475,0.20506123518370778,0.5,True
8h4z__A1_A0A2X5A3P4--8h4z__B1_A0A2X5A3P4,0.9976873421430975,0.5,True
2hre__A1_P22830--2hre__B1_P22830,0.7717803877703207,0.5,True
5yjc__A1_Q5HK94--5yjc__B1_Q5HK94,0.8833910566901785,0.5,True
8d6k__A1_Q9L1K2--8d6k__B1_Q9L1K2,0.9433218616904501,0.5,True
2zew__B1_Q9ZA17--2zew__A1_Q9ZA17,0.2678144589229579,0.5,True
5wpi__A1_Q58PW8--5wpi__B1_Q58PW8,0.9635947162965866,0.5,True
8fk6__A1_A0A0C9S461--8fk6__B1_P80098,0.846547044828831,0.5,False
7tm7__A1_A0A0H3GYH4--7tm7__B1_A0A0H3GYH4,0.9661398713554028,0.5,True
7x4b__A1_A0A2D0TCG3--7x4b__B1_A0A2D0TCG3,0.9927153811456924,0.5,True
4aqp__B1_P54253--4aqp__A1_P54253,0.17518873455485523,0.5,True
3npi__A1_Q6NFU8--3npi__B1_Q6NFU8,0.8656393401383744,0.5,True
