system_id,auroc,bacc,is_homodimer
8iyi__A1_Q6CVU4--8iyi__B1_Q6CVU4,0.9626840204794878,0.5,True
1uus__A1_O00910--1uus__A2_O00910,0.9307995399508212,0.5,True
1zt2__A1_Q97Z83--1zt2__C1_Q9UWW1,0.9751223247962524,0.5,False
7uex__A1_Q9H999--7uex__A2_Q9H999,0.9569905583500722,0.5,True
6jqy__A1_P9WF13--6jqy__B1_P9WF13,0.9413846433770015,0.525,True
6l6w__A1_A0A3B6UEU3--6l6w__A2_A0A3B6UEU3,0.9975585630588756,0.5,True
8h56__A1_Q8BB16--8h56__B1_Q8BB16,0.9031959412263634,0.5,True
8grj__B1_Q8GQE7--8grj__A1_A0A0H3KLY3,0.9508502876291596,0.5,False
2j0n__B1_P18013--2j0n__A1_P18013,0.8244758502974603,0.5,True
3rq1__A1_D1BN29--3rq1__C1_D1BN29,0.9368795619251375,0.5,True
5djt__A1_O49004--5djt__B1_UNDEFINED,0.93523282233423,0.5,False
5ae6__B1_Q92458--5ae6__A1_Q92458,0.9109821149910993,0.5,True
3v1e__A1_UNDEFINED--3v1e__B1_UNDEFINED,0.8344956140350877,0.5,True
7qi3__A1_W7NDP8--7qi3__C1_W7NDP8,0.9525267271458079,0.5,True
2yve__A1_Q8NMG3--2yve__B1_Q8NMG3,0.9317779702519668,0.5,True
5ynx__A1_B2GM84--5ynx__B1_B2GM84,0.9376333998330912,0.5,True
2r6u__A1_Q0S814--2r6u__C1_Q0S814,0.8323203668150242,0.5,True
8b6m__A1_Q9H2K2--8b6m__B1_Q9H2K2,0.7673301049721746,0.5022026431718062,True
3kc2__A1_P36151--3kc2__B1_P36151,0.9818000061931211,0.5,True
3vp5__A1_Q9CHR1--3vp5__A2_Q9CHR1,0.9429398385537227,0.5,True
7pvh__A1_B2RLE7--7pvh__B1_B2RLE7,0.8625912421707038,0.5,True
4nqf__B2_Q7CW19--4nqf__A1_Q7CW19,0.9176169638185858,0.5,True
1vjh__A1_P0C0B0--1vjh__B1_P0C0B0,0.9435917966489743,0.5,True
5xw4__B1_Q00684--5xw4__A1_Q00684,0.8811986347362663,0.5,True
8aai__A1_O00560--8aai__C1_O00560,0.7624022989604035,0.5,True
4xdl__A1_P57789--4xdl__B1_P57789,0.8378108849052703,0.5,True
6ukl__A1_P0A901--6ukl__F1_P0A901,0.8648474068526495,0.5,True
5dot__A1_P31327--5dot__B1_P31327,0.9265250307199148,0.5,True
5by4__A1_P0ABV6--5by4__A2_P0ABV6,0.9719202636221349,0.5034246575342466,True
7zxs__A1_Q86TI2--7zxs__C1_Q86TI2,0.9541423030701346,0.5,True
1v6u__A1_Q7SI98--1v6u__B1_Q7SI98,0.903143682936286,0.5,True
6e27__A1_Q9H257--6e27__B1_Q9H257,0.7738831963656558,0.5021713968967493,True
7szd__A1_Q96S44--7szd__B1_Q9Y3C4,0.9496272725092847,0.5,False
1h9r__A1_P0A9G8--1h9r__B1_P0A9G8,0.8740247741728352,0.5,True
3on6__A1_A7M0J6--3on6__B1_A7M0J6,0.9511922645754745,0.5,True
8fwy__A1_Q4DGA2--8fwy__B1_Q4DGA2,0.9272928025804362,0.5,True
1yu6__A1_P00780--1yu6__C1_P68390,0.9624778244393193,0.5,False
6ek1__A1_A0A452CST7--6ek1__A2_A0A452CST7,0.9734344856171456,0.5,True
6ckj__A1_P0A0Z8--6ckj__A2_P0A0Z8,0.9578700130822423,0.5,True
7yj0__B1_UNDEFINED--7yj0__A1_UNDEFINED,0.944142542569229,0.5,True
1w33__A1_O50957--1w33__B1_O50957,0.9752837265283544,0.5,True
4usk__B1_H7C745--4usk__B2_H7C745,0.9510476859316116,0.5,True
6cmv__B1_Q4J9G1--6cmv__A1_Q4J9G1,0.9775611845980827,0.5,True
7y70__A1_F4KCC2--7y70__A2_F4KCC2,0.9040360969407532,0.5,True
3cwx__A1_P94837--3cwx__B1_P94837,0.9639417254753634,0.5,True
3p1y__A1_O29362--3p1y__B1_O29362,0.9250106829821667,0.5,True
8a8i__A1_Q9R9V9--8a8i__B1_Q9R9V9,0.9876711672890932,0.5,True
5d1l__A1_P62837--5d1l__B1_Q96BH1,0.7956629804880642,0.5,False
8bcs__A1_UNDEFINED--8bcs__A2_UNDEFINED,0.9162122952306111,0.5070422535211268,True
8og3__A1_P38489--8og3__B1_P38489,0.9431188667217073,0.5,True
3c07__A1_Q9KZ96--3c07__B1_Q9KZ96,0.9497447287223793,0.5,True
3iqy__A1_P28366--3iqy__A2_P28366,0.9555150099104844,0.5,True
4afi__A1_P70280--4afi__B1_P70280,0.9101604000569425,0.5,True
7e76__A1_A0A3B6LNA8--7e76__B1_A0A3B6LNA8,0.874066547160762,0.5,True
3cqc__A1_P57740--3cqc__B1_Q8WUM0,0.9683883171252889,0.5,False
7x1k__A1_Q6DL91--7x1k__B1_Q6DL91,0.9140852048777242,0.5,True
6ydr__A1_A0A3S8UVN5--6ydr__A2_A0A3S8UVN5,0.8593363319501225,0.5,True
8egw__B1_Q6V0I7--8egw__A1_Q96JQ0,0.8868872878613139,0.5,False
8sgd__A1_P25342--8sgd__B1_P32457,0.8918399709641311,0.5,False
3ecf__A1_Q3M5E4--3ecf__B1_Q3M5E4,0.9316993086681006,0.5,True
6j94__A1_Q93VK5--6j94__B1_Q93VK5,0.970119097647313,0.5,True
7xsh__A1_K1KV82--7xsh__B2_K1KV82,0.9738072281796023,0.5,True
7fct__B1_A0A4Y1LJC5--7fct__A1_A0A4Y1LJC5,0.8921532905513452,0.5,True
8v14__A1_G5EEF9--8v14__B1_G5EEF9,0.9261180368373765,0.5,True
6r76__A1_H3ZMH8--6r76__B1_H3ZMH8,0.9691738731842792,0.5,True
8ap0__A1_A0A5S9CYM0--8ap0__A2_A0A5S9CYM0,0.982612687602472,0.5,True
5j10__A1_UNDEFINED--5j10__B1_UNDEFINED,0.9180249381683828,0.5378708437359142,True
3qph__A1_Q9HGZ9--3qph__A2_Q9HGZ9,0.8950884252442778,0.5,True
3o6j__A1_O67987--3o6j__B1_O67987,0.9761283553050257,0.5,True
6o6z__A1_B6YWC3--6o6z__B1_B6YWC3,0.9378299449103217,0.5,True
7edp__B1_Q5JT35--7edp__A1_Q8TEK3,0.8089613237639554,0.5,False
3fil__A1_P19909--3fil__B1_P19909,0.9724533933675664,0.5639381445037479,True
6do2__A1_P11021--6do2__B1_P11021,0.9937038382370746,0.5,True
7f4q__B1_Q22GC0--7f4q__A1_I7M8B9,0.8950892670718229,0.5,False
4hfg__A1_Q9NQG5--4hfg__B1_Q9NQG5,0.9314672146774494,0.5,True
7yh2__A1_A0A1Q9P883--7yh2__B1_A0A1Q9P883,0.9929210779732467,0.5,True
3axs__A1_O67010--3axs__A2_O67010,0.9538138688420895,0.5,True
3cqr__A1_Q39249--3cqr__B1_Q39249,0.9014291861000295,0.5,True
3s8k__A1_P80691--3s8k__B1_P80691,0.9440159951233333,0.5,True
4oun__A1_O31418--4oun__A2_O31418,0.9630644677339848,0.5,True
2iab__A1_Q825J7--2iab__B1_Q825J7,0.9002974890597402,0.5,True
3o3n__A1_Q5U924--3o3n__B1_Q5U923,0.9407631565293897,0.5,False
6f3z__A1_P0ADC3--6f3z__B1_P61316,0.9686146528163795,0.5,False
1hr7__A1_P11914--1hr7__B1_P10507,0.9521449300725457,0.5,False
8gko__B1_P28296--8gko__A1_P28296,0.9624790765075265,0.5,True
2gkv__A1_P00777--2gkv__B1_P68390,0.951473340859697,0.5,False
8stx__A1_Q4E4E1--8stx__B1_Q4E4E1,0.9763360767424891,0.5,True
4m36__A1_Q582G4--4m36__A2_Q582G4,0.9486730406786809,0.5,True
5wpu__A1_A0A076NBW8--5wpu__A2_A0A076NBW8,0.825988444466624,0.5,True
5yps__A1_A0A0W4ZF97--5yps__B1_A0A0W4ZF97,0.9584554919763654,0.5,True
5oge__E1_P40107--5oge__A1_P40107,0.9416631279592795,0.5,True
5fey__B1_Q13049--5fey__A1_Q13049,0.9225395277901118,0.5073529411764706,True
8hce__B1_Q91XB0--8hce__A1_Q91XB0,0.9408684397413866,0.5,True
1ggp__B1_Q7SIF1--1ggp__A1_Q7SIF0,0.9152944669090889,0.5,False
5z50__A1_O05926--5z50__B1_O05926,0.9537729368948533,0.5,True
6eyy__A1_A0A1S5PRR0--6eyy__B1_A0A1S5PRR0,0.8326696560445368,0.5,True
7t9u__A1_Q86WV6--7t9u__A2_Q86WV6,0.9718514922290008,0.5,True
6ey4__A1_Q5EGM3--6ey4__A2_Q5EGM3,0.8994513224728587,0.5,True
2hvg__A1_A5KBL5--2hvg__B1_A5KBL5,0.8969499008812657,0.5,True
6wp7__A1_Q82H41--6wp7__B1_Q82H41,0.9391616503636819,0.5,True
7dnu__A1_P32092--7dnu__A2_P32092,0.8260036296504898,0.5,True
3w8i__A1_Q9BUL8--3w8i__B1_Q9P289,0.9228754779197521,0.5,False
4oky__A1_Q52612--4oky__A2_Q52612,0.9638398155442076,0.5,True
7t63__B1_UNDEFINED--7t63__A1_UNDEFINED,0.8878059239577979,0.5,True
7x20__A1_P54708--7x20__B1_P07340,0.9398854578058997,0.5,False
3hnw__A1_D0VWZ2--3hnw__B1_D0VWZ2,0.9262755376275281,0.5,True
8r37__A1_A0A086IRG1--8r37__B1_A0A086IRG1,0.859452083173364,0.5,True
7zm5__A1_Q6WGM0--7zm5__B1_Q6WGM0,0.9738003985124752,0.5,True
2z7j__A1_P25220--2z7j__A2_P25220,0.5847358512432268,0.5,True
1rqg__A1_Q9V011--1rqg__A2_Q9V011,0.8741962616177377,0.5,True
8brl__A1_F7J213--8brl__A2_F7J213,0.9780875557436224,0.5,True
6noi__A1_UNDEFINED--6noi__B1_UNDEFINED,0.9293119914933098,0.5,True
7qiu__A1_P94538--7qiu__B1_P94538,0.9865130703164289,0.5,True
6sjs__A1_B8FUR2--6sjs__B1_B8FUR2,0.9863002244831219,0.5,True
8hlg__A1_Q9RR88--8hlg__B1_Q9RR88,0.8767654218219885,0.5,True
6mpc__A1_B3DQP5--6mpc__B1_B3DQP5,0.9765311848973094,0.5,True
4uae__A1_O00629--4uae__B1_P31345,0.871056672499375,0.5,False
7pcr__A1_P56185--7pcr__A2_P56185,0.9356843694251415,0.5,True
3bvq__B1_Q2I6W2--3bvq__A1_Q2I6W2,0.9670631277479799,0.5,True
7a67__B1_UNDEFINED--7a67__A1_Q9V1Z9,0.9049236343102565,0.5,False
6bsu__A1_Q9LZJ3--6bsu__B1_Q9LZJ3,0.9212501543291534,0.5,True
4e5u__B1_Q9HZN8--4e5u__A1_Q9HZN8,0.9728841547367398,0.5,True
8a52__A1_P23222--8a52__B1_P23222,0.9269711930764533,0.5,True
1d0v__A1_Q05603--1d0v__A2_Q05603,0.9815746880210199,0.5,True
3gwq__A1_Q145Q0--3gwq__B1_Q145Q0,0.857200152199928,0.5,True
1yhc__A1_O67648--1yhc__B1_O67648,0.9604774096037139,0.5,True
7lxs__A1_Q8ZMZ2--7lxs__C1_Q8ZMZ2,0.9400394370273888,0.5,True
6w08__B1_Q9KL63--6w08__A1_Q9KL63,0.955749099082581,0.5,True
7wrm__A1_D0IVL9--7wrm__B1_D0IVL9,0.951724186634464,0.5,True
2yww__B1_Q58801--2yww__A1_Q58801,0.9810324454235931,0.5,True
3lm6__A1_P40869--3lm6__B1_P40869,0.9637689279216867,0.5,True
7trw__A1_A0A380PDL3--7trw__A2_A0A380PDL3,0.810763994029404,0.5,True
8syc__A1_Q13370--8syc__B1_Q13370,0.9137031997999381,0.5,True
1gk6__A1_P03069--1gk6__B1_P03069,0.9297889059195592,0.5,True
1reo__A1_Q6STF1--1reo__A2_Q6STF1,0.9567455398326304,0.5,True
6s3b__A1_Q88JK6--6s3b__B1_Q88JK6,0.9658463503291089,0.5,True
7tl5__A1_A0A3F3B310--7tl5__B1_A0A3F3B310,0.9324387690508995,0.5,True
2asf__A1_P9WLL7--2asf__A2_P9WLL7,0.8878522450486468,0.5,True
8ilj__A1_A0A242MJ43--8ilj__B1_A0A242MJ43,0.9895559307304443,0.5,True
8ezg__A1_P01116--8ezg__B1_UNDEFINED,0.9178076440004673,0.5,False
7uh4__A1_UNDEFINED--7uh4__B1_UNDEFINED,0.9509574052364205,0.5,True
4usc__A1_A0A0A0Y4H8--4usc__B1_A0A0A0Y4H8,0.9810705304896294,0.5,True
5yp3__A1_Q6F3I7--5yp3__B1_Q6F3I7,0.9911014389413662,0.5,True
8aid__A1_Q9HWJ8--8aid__B1_Q9HWJ8,0.9699773497354522,0.5,True
7yp6__B1_E5L4T5--7yp6__A1_E5L4T5,0.842891033475378,0.5,True
4aql__A1_Q9Y2T3--4aql__A2_Q9Y2T3,0.9573508821049027,0.5,True
3idf__A1_O34252--3idf__B1_O34252,0.9237021563342319,0.5,True
8fjr__A1_D1A807--8fjr__B1_D1A807,0.8842175646666274,0.5,True
7z56__B1_F0NGX6--7z56__A1_F0NGX6,0.9896274877726168,0.5,True
7olf__A1_A9CEY7--7olf__B1_A9CEY7,0.9531359431641817,0.5,True
6ikj__A1_Q9I4L6--6ikj__B1_Q9I4L6,0.6912894299944659,0.5,True
8b2q__A1_D0EM77--8b2q__B1_G8UM88,0.9557209046335081,0.5,False
5x42__A1_Q5ZYB7--5x42__B1_Q5ZYC6,0.9537895919131412,0.5,False
1vkh__A1_Q04066--1vkh__B1_Q04066,0.9452139798132384,0.5,True
5omd__A1_Q04377--5omd__A2_Q04377,0.7448741864610537,0.5,True
2vsg__A1_P26329--2vsg__B1_P26329,0.9496537874264414,0.5,True
1jql__A1_P0A988--1jql__B1_P28630,0.9789864267430044,0.5,False
1w9c__A1_O14980--1w9c__B1_O14980,0.9958539617751656,0.5,True
7n35__A1_UNDEFINED--7n35__B2_UNDEFINED,0.9077252112966399,0.5,True
3upl__A1_Q2YIM3--3upl__B1_Q2YIM3,0.9693850602280153,0.5,True
3tm2__A1_Q83XN4--3tm2__B1_Q83XN4,0.9110517337030223,0.5,True
3kxa__A1_Q5F9C2--3kxa__B1_Q5F9C2,0.8747529107729528,0.5,True
7yls__B1_C5CSP6--7yls__A1_C5CSP7,0.8822915116676159,0.5,False
7psg__A1_Q6D515--7psg__B1_Q6D515,0.960567025844002,0.5,True
8pte__A1_P00698--8pte__A2_P00698,0.8969600352924663,0.5,True
7ytu__B1_P68623--7ytu__A1_P68458,0.8876278373659267,0.5,False
7ykc__A1_P14843--7ykc__B1_P14843,0.9402886303775242,0.5,True
3wxe__A1_E7FEV5--3wxe__B1_P0CG48,0.8905431171312941,0.5,False
7zr3__A1_A0A8E4HNI8--7zr3__B1_A0A8E4HNI8,0.9568817600419499,0.5,True
2vjf__A1_Q00987--2vjf__B1_O15151,0.8967738035569011,0.49987280590180616,False
7pvo__A1_P56137--7pvo__A2_P56137,0.9522688494999318,0.5,True
3kkd__A1_Q9HXU1--3kkd__A2_Q9HXU1,0.9365400118562679,0.5,True
3mph__A1_P19801--3mph__B1_P19801,0.9012315994989909,0.5,True
6jc4__A1_A6TE44--6jc4__D1_A6TE44,0.9119922819078229,0.5,True
2rf4__A1_P46669--2rf4__B1_P50106,0.8814416682807154,0.5,False
4huz__A1_Q9ZBB0--4huz__A2_Q9ZBB0,0.8066645784381667,0.5,True
5gtj__B1_Q9BV47--5gtj__A1_Q9BV47,0.9744670304249804,0.5,True
2xw7__A1_A0QP85--2xw7__B1_A0QP85,0.9405763516758804,0.5,True
6l6h__A1_Q5ZZ22--6l6h__B1_Q5ZZ22,0.9345563365947148,0.5,True
8p7m__A1_P0A434--8p7m__A2_P0A434,0.9803237821391217,0.5,True
6dm9__A1_UNDEFINED--6dm9__B1_UNDEFINED,0.8940833011868603,0.5,True
6gou__A2_P97275--6gou__C1_P97275,0.9372894190337252,0.5,True
2wwo__A1_Q66ED7--2wwo__B1_Q66ED7,0.9693252699989306,0.5,True
8i3n__A1_Q12178--8i3n__C1_Q12178,0.9744076469000481,0.5,True
1s7i__A1_Q9I3Z5--1s7i__A2_Q9I3Z5,0.8540436498874499,0.5,True
3szw__A1_B7JBP8--3szw__A2_B7JBP8,0.9928724521447545,0.5,True
5x7r__A1_A0A193PKW5--5x7r__B1_A0A193PKW5,0.893808689172466,0.5,True
2nys__A1_Q8U561--2nys__B1_Q8U561,0.9566169302852111,0.5,True
3gr5__A1_O52135--3gr5__A2_O52135,0.8403119985906977,0.5,True
3ded__A1_Q7P1I2--3ded__B1_Q7P1I2,0.8268618244184368,0.5,True
5b5x__A1_Q75NZ1--5b5x__A2_Q75NZ1,0.8482053529207163,0.5,True
7qga__A1_P21589--7qga__A2_P21589,0.9909292563974105,0.5,True
3sd2__A1_Q8A1T7--3sd2__A2_Q8A1T7,0.8792514596678194,0.5,True
8ow9__A1_G8UQH9--8ow9__B1_G8UQH9,0.9530219804357635,0.5,True
3bcw__B1_A0A0H3LK92--3bcw__A1_A0A0H3LK92,0.9495336900504974,0.5,True
6duy__A1_Q61301--6duy__B2_Q61301,0.8983360834510592,0.5,True
5zyf__A1_Q99ZW0--5zyf__B1_Q99ZW0,0.872845183056354,0.49940397350993376,True
1mml__A1_P03355--1mml__A2_P03355,0.921038129755622,0.5,True
2b7o__A1_O53512--2b7o__B1_O53512,0.9179178141495066,0.5,True
1v57__A1_P77202--1v57__A2_P77202,0.9715778403958422,0.5,True
2hsa__B1_Q9FEW9--2hsa__A1_Q9FEW9,0.9762793432493844,0.5,True
4tsd__A1_O25673--4tsd__B1_O25673,0.952951126946272,0.5,True
7qh0__B1_P48499--7qh0__A1_P48499,0.9706796843824412,0.5,True
1ayf__B1_P00257--1ayf__A1_P00257,0.9362330855217414,0.5,True
3neu__A1_Q92AT3--3neu__A2_Q92AT3,0.9345333217374918,0.5,True
8f9x__A1_Q5LVE1--8f9x__B1_Q5LVE1,0.9548009983739125,0.5,True
6ne2__A1_UNDEFINED--6ne2__B1_O75084,0.948804206701013,0.5,False
2b4h__A1_P12473--2b4h__B1_P12473,0.8819174924784229,0.5,True
3pui__A1_Q9L9D7--3pui__A2_Q9L9D7,0.943552883587999,0.5,True
1myl__A1_P03050--1myl__B1_P03050,0.8538352365512859,0.5050505050505051,True
1rqi__A1_P22939--1rqi__B1_P22939,0.9796302656544972,0.5,True
3x1b__A1_UNDEFINED--3x1b__B1_UNDEFINED,0.9721863071243392,0.5,True
6pya__A1_P04278--6pya__A2_P04278,0.8920779773002322,0.5,True
1r27__A1_P09152--1r27__B1_P11349,0.9127644158853679,0.5,False
7zuv__A1_A0A2K3DY10--7zuv__D2_A0A2K3DY10,0.8673136719132397,0.5,True
2aho__A1_Q980A5--2aho__B1_Q97Z79,0.9380808349319424,0.5,False
6mni__A1_A0A2V0QX35--6mni__B1_A0A2V0QX35,0.9784935777860684,0.5,True
4kif__B1_Q643C8--4kif__A1_Q643C8,0.9732576917744737,0.5,True
7vyu__A1_A0A022MLV4--7vyu__B1_A0A022MLV4,0.915983684836627,0.5,True
7vmv__B1_Q5I3B6--7vmv__A1_Q58HT7,0.7290899991933925,0.5,False
3g23__A1_Q2G8F3--3g23__B1_Q2G8F3,0.9697955118905695,0.5,True
3ui3__A1_O05728--3ui3__B1_O05728,0.9474794303380941,0.5,True
8ohy__A1_Q556V8--8ohy__A2_Q556V8,0.9677819411701442,0.5,True
5zgo__A1_Q5SHW6--5zgo__B1_Q5SHW6,0.9179657854793828,0.5,True
5uph__B1_Q14108--5uph__A1_Q14108,0.9807614948144673,0.5,True
6u3w__A1_P53622--6u3w__B1_P40509,0.9485014377814341,0.5,False
2gsv__B1_P71066--2gsv__A1_P71066,0.8586367292694017,0.5,True
7yh1__A1_A0A5B9DB95--7yh1__B1_A0A5B9DB95,0.9532056404621583,0.5,True
6c6r__A1_Q14534--6c6r__B1_Q14534,0.9962054999167608,0.5,True
6p4o__B1_Q970I1--6p4o__A1_Q970I2,0.962376479596379,0.5,False
8i8y__B1_UNDEFINED--8i8y__A1_UNDEFINED,0.5536509989938192,0.5,True
2oys__A1_A0A0H2URW2--2oys__B1_A0A0H2URW2,0.9364413059534684,0.5,True
8i85__A1_D2B3F1--8i85__B1_D2B3F1,0.8252217827734842,0.5,True
2b0a__A1_Q58193--2b0a__A2_Q58193,0.9598770810073592,0.5,True
3ayh__B1_O94285--3ayh__A1_Q9C0Z9,0.8589389598515993,0.5,False
7yji__A1_UNDEFINED--7yji__A2_UNDEFINED,0.9919553214903046,0.5,True
2g38__B1_Q79FE1--2g38__A1_Q7D756,0.8966842194269987,0.5,False
2z6k__A1_P15927--2z6k__C1_P35244,0.90121061564151,0.5,False
3p8b__B1_Q8TZK1--3p8b__A1_Q8U440,0.8822680412371133,0.5,False
6z68__A1_A0A1M6Y2K1--6z68__B1_A0A1M6Y2K1,0.8884044991293516,0.5,True
5yz5__A1_Q16555--5yz5__A2_Q16555,0.9508788297078943,0.5,True
6dk9__A1_A7A1Y4--6dk9__A2_A7A1Y4,0.9530750272253109,0.5,True
6fls__A1_UNDEFINED--6fls__B1_UNDEFINED,0.9830324955397038,0.5,True
2p19__A1_Q8NTZ4--2p19__C1_Q8NTZ4,0.9311838472744312,0.5,True
8ai1__B1_Q45595--8ai1__A1_Q45595,0.9520863511334535,0.5,True
7px0__B1_Q9VF53--7px0__A1_Q9VF53,0.9604695424086941,0.5,True
4cmz__B1_Q9BXM0--4cmz__A1_Q9BXM0,0.8483044281986117,0.5017301038062284,True
8gyz__B1_Q93ZE2--8gyz__A1_Q93ZE2,0.9678894731869231,0.5,True
5j1l__B1_O26069--5j1l__A1_O26068,0.9528355485159425,0.5,False
7ubk__B1_P03047--7ubk__A1_P03047,0.8230162071377339,0.5,True
6j26__A1_Q5JIZ3--6j26__B1_Q5JIZ3,0.9352418691169238,0.5,True
8ic1__A1_UNDEFINED--8ic1__B1_UNDEFINED,0.8543103268058906,0.5,True
6jqv__A1_Q8LC68--6jqv__B1_Q8LC68,0.9661720436352372,0.5,True
2ns9__A1_Q9Y9R3--2ns9__B1_Q9Y9R3,0.9769688175485277,0.5,True
5l8s__A1_E1VFE0--5l8s__C1_E1VFE0,0.9737761501549392,0.5,True
6zrw__A1_B3VS76--6zrw__B1_B3VS76,0.9422881230430735,0.5,True
5fcn__B1_Q66GS9--5fcn__A1_Q66GS9,0.9357347523536635,0.5,True
7vl1__A1_I0AIT9--7vl1__B1_I0AIT9,0.9641985800102637,0.5,True
2rek__B2_Q9ADD9--2rek__A1_Q9ADD9,0.9843597242589878,0.5,True
2zrt__A1_O75340--2zrt__B1_O75340,0.9412091928381146,0.5,True
8h3t__A1_UNDEFINED--8h3t__B1_UNDEFINED,0.9502667176842617,0.5,True
2f1m__A1_P0AE06--2f1m__B1_P0AE06,0.7505271651581029,0.5,True
3t5t__B1_Q15JG1--3t5t__A1_Q15JG1,0.956705860603708,0.5,True
4z9r__B1_Q8EGK4--4z9r__A1_Q8EGK4,0.9548816534048925,0.5,True
2oze__A1_Q57280--2oze__A2_Q57280,0.9613942116759333,0.5,True
1x6m__A1_Q51669--1x6m__D1_Q51669,0.8592301778520758,0.5,True
4pfc__A1_P14735--4pfc__B1_P14735,0.9072443571066997,0.5,True
6byi__A1_Q8PI23--6byi__B1_Q8PI23,0.9450424458598841,0.5,True
3aaa__A1_P13127--3aaa__B1_P14315,0.9474317290375824,0.5,False
1xgm__A1_P56218--1xgm__B1_P56218,0.9331101832849762,0.5,True
5mrv__A1_Q8IVL8--5mrv__C1_P86912,0.865920652096965,0.5,False
5e4v__A1_Q89933--5e4v__A2_Q89933,0.9272011581245336,0.5,True
1vhq__A1_P0ABU5--1vhq__B1_P0ABU5,0.9803287436216648,0.5,True
2pqv__B1_A0A0H2UMZ7--2pqv__A1_A0A0H2UMZ7,0.9097363599348535,0.5,True
1zva__A1_P59594--1zva__A2_P59594,0.9345683228950304,0.5,True
8pq4__A1_P69782--8pq4__A2_P69782,0.9015141507270309,0.5,True
8a14__A1_A0A0D1E4Q7--8a14__C2_A0A0D1E4Q7,0.9074914754800197,0.5,True
1dtd__A1_P48052--1dtd__B1_P81511,0.9388767046667207,0.5,False
3c6n__B1_Q570C0--3c6n__A1_Q39255,0.9252121350697257,0.5,False
3ctz__A1_Q9NQW7--3ctz__A2_Q9NQW7,0.9871431615924791,0.5,True
1wab__A1_Q29460--1wab__A2_Q29460,0.9456255730178096,0.5,True
1zl5__A1_Q00496--1zl5__B1_Q00496,0.8369784530118924,0.5,True
5dbj__A1_Q4KCZ0--5dbj__A2_Q4KCZ0,0.9761574903331194,0.5,True
7qsq__B1_Q9X053--7qsq__A1_Q9X053,0.9224244438904124,0.5,True
7duc__B1_Q2G2U4--7duc__A1_Q2G2U4,0.9165201149425287,0.5,True
2cdu__A1_Q9F1X5--2cdu__B1_Q9F1X5,0.9634998038360517,0.5,True
8g0f__A1_Q6NK15--8g0f__B1_Q6NK15,0.912097162429189,0.5,True
8a45__B1_B7V7R4--8a45__A1_B7V7R4,0.9591087490899671,0.5,True
6no3__A1_B3FHP0--6no3__B1_B3FHP0,0.8974845980399571,0.5,True
3g7p__A1_B7JA91--3g7p__A2_B7JA91,0.9663342944097388,0.5,True
8khq__A1_A0A1I5R890--8khq__C1_A0A1I5R890,0.9125217181007621,0.5,True
7owz__B1_Q9JMA2--7owz__A1_B8ZXI1,0.9414285081173497,0.5,False
7xbe__A1_UNDEFINED--7xbe__A2_UNDEFINED,0.9258075694452369,0.5,True
6dk7__D1_Q9HUV7--6dk7__A1_Q9HUV7,0.9819454052283726,0.5,True
4hsl__A1_Q1LCS4--4hsl__A2_Q1LCS4,0.9733640652770603,0.5,True
8b3s__A1_O31597--8b3s__B1_A0A164W157,0.8883088680545406,0.5,False
5euv__A1_D1LZK0--5euv__B1_D1LZK0,0.9222387823693109,0.5,True
8gz4__A1_A0A7H0DN78--8gz4__A2_A0A7H0DN78,0.9883081767360918,0.5,True
7tmg__A1_A0A0H3GLR2--7tmg__B1_A0A0H3GLR2,0.9511727101477164,0.5,True
4hsr__B1_UNDEFINED--4hsr__A1_UNDEFINED,0.8887740870918913,0.5,True
7tgn__B1_A0A1Q5L7T0--7tgn__A1_A0A1Q5L7T0,0.9825603103738072,0.5,True
4fz2__A1_C7DIA5--4fz2__B1_C7DIA5,0.9387271651592239,0.5,True
6j2l__A1_P37793--6j2l__B1_P37793,0.9188918455413708,0.5,True
5grk__A1_Q89XR0--5grk__B1_Q89XR0,0.9318437962408623,0.5,True
3qxs__A1_O24872--3qxs__A2_O24872,0.9620015797145917,0.5,True
8q3y__A1_E8URK0--8q3y__B1_E8URK0,0.9726111600420767,0.5,True
1pyb__A1_O66738--1pyb__B1_O66738,0.8972043433860798,0.5,True
7yto__A1_Q9RHU9--7yto__B1_Q9RHU9,0.9399938855664409,0.5,True
5vae__A1_Q9AET9--5vae__B1_Q9AET7,0.8357818839406097,0.5,False
1zrs__A1_Q9HTZ1--1zrs__B1_Q9HTZ1,0.9707248225989827,0.5,True
2cg5__A1_Q9NRN7--2cg5__B1_P49327,0.9412603448818403,0.5,False
4yk8__B1_O36019--4yk8__A1_O13978,0.9076443017170999,0.5,False
2iml__A1_O28442--2iml__C1_O28442,0.8862940329826595,0.5,True
6iru__A1_Q9RVF9--6iru__A2_Q9RVF9,0.9807874589865111,0.5,True
4x36__A1_P06653--4x36__A2_P06653,0.9758808200615245,0.5,True
8iev__A1_Q0PAW2--8iev__B1_Q0PAW2,0.950164139161463,0.5,True
3cyg__A1_A7HM60--3cyg__B1_A7HM60,0.6759700495385733,0.5,True
5kvr__A1_P0ACL9--5kvr__A2_P0ACL9,0.915899010576595,0.5,True
1na8__A1_Q9UJY5--1na8__B1_Q9UJY5,0.9733835170613622,0.5,True
5fis__A1_H9IUR0--5fis__B1_H9IUR0,0.9284019285929952,0.5,True
5yo8__A1_A0A094YZ24--5yo8__B1_A0A094YZ24,0.9840296778795022,0.5,True
7z6m__A1_A0A0H3LM39--7z6m__A2_A0A0H3LM39,0.9235944271716601,0.5,True
7vua__A1_UNDEFINED--7vua__B1_UNDEFINED,0.9928794180222807,0.5,True
2yxd__A1_Q57836--2yxd__B1_Q57836,0.9187290870438576,0.5,True
1aua__A1_P24280--1aua__A2_P24280,0.9968103621313211,0.5,True
7zw3__A1_P27338--7zw3__B1_P27338,0.8628991384856508,0.5,True
5xjx__I1_C0LGW6--5xjx__A1_Q9SSD1,0.7931788163154465,0.5,False
7xca__A1_W5X1V8--7xca__B1_W5X1V8,0.9642519816511405,0.5,True
7xub__A1_Q96KQ7--7xub__B1_Q96KQ7,0.9156112156480126,0.5,True
5xlu__A1_Q65KZ6--5xlu__B1_A9YTT0,0.8640418022213816,0.5,False
8smq__A1_Q182N1--8smq__B1_Q182N1,0.8631569721924143,0.5085852403794341,True
8eni__A1_A0A0H3JRH8--8eni__A2_A0A0H3JRH8,0.9025389396946744,0.5,True
1q77__A1_O66565--1q77__B1_O66565,0.9443406417234771,0.5,True
5xor__A1_A9YPG7--5xor__E1_A9YPG7,0.8751494449188727,0.5,True
6nbp__A1_A0A4P1LYI6--6nbp__A2_A0A4P1LYI6,0.992912044558268,0.5,True
4wu2__A1_Q7WUJ1--4wu2__B1_Q7WUJ1,0.9396639402015746,0.5,True
2nvn__A1_Q31MH7--2nvn__A2_Q31MH7,0.92748675459732,0.5,True
3zyh__A1_Q05097--3zyh__B1_Q05097,0.9283340628518294,0.5,True
8a21__A1_A0QJI1--8a21__A2_A0QJI1,0.9706165305815014,0.5,True
8ho2__A1_A0A191T7N6--8ho2__B1_A0A191T7N6,0.9142302815502834,0.5,True
2j8q__A1_O43809--2j8q__B1_O43809,0.8331240982374781,0.5,True
1cx8__A1_P02786--1cx8__B1_P02786,0.9592968666077343,0.5,True
5zfk__A1_Q31LX1--5zfk__B1_Q31LX1,0.9810585487967184,0.5,True
2qti__A1_Q8EF26--2qti__A2_Q8EF26,0.8590209714995803,0.5121951219512195,True
5djo__B1_Q9EQW7--5djo__A1_Q9EQW7,0.9541786534267737,0.5,True
1kve__B1_P19972--1kve__A1_P19972,0.8181502775574939,0.5,True
4kjq__A1_P37019--4kjq__B1_P37019,0.9291868647880411,0.5,True
8qyw__A1_Q9NVS9--8qyw__A2_Q9NVS9,0.8899015591671353,0.5,True
4djb__A1_P04489--4djb__B1_P04489,0.919803937821813,0.5,True
7t1e__A1_P78556--7t1e__B1_P78556,0.6734110145324298,0.5,True
2ev4__A1_P9WMU9--2ev4__B1_P9WMU9,0.9528980659348343,0.5,True
4m1j__A1_Q9I194--4m1j__B1_Q9I194,0.9479962282347677,0.5,True
8bj3__A1_A0A072U7F9--8bj3__B1_A0A072U7F9,0.9562750036397624,0.5,True
5fcl__A1_Q6D0X0--5fcl__B1_Q6D0X0,0.9561585380693716,0.5,True
2evr__A1_B2J9B4--2evr__A2_B2J9B4,0.6077097377748945,0.5,True
4ftw__A1_Q3J2V1--4ftw__A2_Q3J2V1,0.8541036788342165,0.5,True
2q6q__B1_P36094--2q6q__A1_P36094,0.9237802531154757,0.5,True
8hx8__A1_Q6L8Q5--8hx8__B1_Q6L8Q5,0.9355387203895169,0.5,True
7zgn__A1_U6RE59--7zgn__B1_U6RE59,0.9202931470218633,0.5,True
7fiw__A1_B3CP63--7fiw__B1_Q73HD5,0.9038371961080572,0.5,False
4xd9__A1_C8VMF9--4xd9__B1_Q5B6T5,0.8871108178355924,0.5,False
3dme__A1_Q7VU70--3dme__B1_Q7VU70,0.9337491810730236,0.5,True
8d0m__A1_P28907--8d0m__A2_P28907,0.9525657410684054,0.5,True
2w6a__A1_Q9Z272--2w6a__B1_Q9Z272,0.9209580838323352,0.5,True
6oje__B1_Q5S007--6oje__A1_Q5S007,0.9411539027698674,0.5,True
7mu0__A1_P9WQK3--7mu0__B1_P9WQK3,0.8745639250626019,0.5,True
4az3__A1_P10619--4az3__B1_P10619,0.8468229660104085,0.5,True
7ug8__B1_Q0I6F8--7ug8__A1_Q0I6F8,0.9505957838891375,0.5,True
6mxv__B1_Q5NFU2--6mxv__A1_Q5NFU2,0.7414912081561147,0.5,True
8ug3__B1_P50053--8ug3__A1_P50053,0.9758869679858044,0.5,True
7veo__A1_UNDEFINED--7veo__B1_UNDEFINED,0.9426109120293071,0.5,True
4atm__A1_P49418--4atm__A2_P49418,0.979826551531084,0.5,True
7x6f__B1_P0AD45--7x6f__A1_P0AD45,0.9787256573170102,0.5,True
1nkn__B1_Q17042--1nkn__A1_Q17042,0.9147748636961834,0.5,True
7pjo__B1_UNDEFINED--7pjo__A1_UNDEFINED,0.8918396609696287,0.5,True
5n0s__B1_A0A2R2JFI5--5n0s__A1_A0A2R2JFI5,0.8307654678744223,0.5,True
6m9g__A1_Q5D6Y4--6m9g__B2_Q5D6Y4,0.9654056650908951,0.5,True
7zvz__A1_G1UBD5--7zvz__B1_G1UBD5,0.8501595825104183,0.5,True
3b5m__B1_Q7UTD8--3b5m__A1_Q7UTD8,0.901657049269294,0.5,True
6v0a__B1_B3E641--6v0a__A1_B3E641,0.973025980309874,0.5,True
3bpj__C1_O75822--3bpj__A1_O75822,0.802888888888889,0.50625,True
8tn8__B1_A0A482N9T7--8tn8__A1_A0A482N9T7,0.9673007447839759,0.5,True
7y51__A1_Q8RBF4--7y51__A2_Q8RBF4,0.8628885124666145,0.5,True
6zef__A1_P62136--6zef__C1_Q9C0D0,0.8179576216820954,0.5,False
6u11__A1_A0A1L8HDP6--6u11__A2_A0A1L8HDP6,0.9857158674253108,0.5,True
8i5w__A1_Q8BZN6--8i5w__B1_P63000,0.9060905987817856,0.5,False
3rv1__B1_A7TR32--3rv1__A1_A7TR32,0.8573531055042873,0.5,True
8i59__A1_UNDEFINED--8i59__B1_UNDEFINED,0.9402664703713621,0.5,True
8g1h__A1_UNDEFINED--8g1h__A2_UNDEFINED,0.9619410512046211,0.5,True
7vwk__A1_L8PIV2--7vwk__B1_L8PIV2,0.9596329041459599,0.5,True
4k3z__A1_Q8YCV0--4k3z__A2_Q8YCV0,0.9330670848712795,0.5,True
5v5t__A1_Q830T5--5v5t__D1_Q830T5,0.8411103960126192,0.5,True
6fp5__B1_Q960Q9--6fp5__A1_Q960Q9,0.8380845880426535,0.5,True
2ikb__A1_Q7DDI9--2ikb__C1_Q7DDI9,0.9894094604566691,0.5,True
7zam__A1_Q07666--7zam__B1_Q07666,0.9735302836814741,0.5,True
3o10__A1_Q9NZJ4--3o10__B1_Q9NZJ4,0.8449658190929673,0.5,True
3egv__A1_Q84BQ9--3egv__B1_Q5SLP6,0.8899808604785568,0.5,False
2g9w__A1_P9WMJ5--2g9w__B1_P9WMJ5,0.9209500666671926,0.5,True
2afv__A1_Q8EXP7--2afv__B1_Q8EXP7,0.9174205742393572,0.5,True
7w93__A1_A0A140N873--7w93__A2_A0A140N873,0.9795737764132202,0.5,True
1wl3__B1_Q9X1M1--1wl3__A1_Q9X1M1,0.9733098682832154,0.5,True
4kbx__A1_P45550--4kbx__A2_P45550,0.9272932789179317,0.5,True
8brn__C1_P80366--8brn__A1_P80366,0.8903830686907876,0.5,True
8h5a__A1_P67661--8h5a__B1_P67661,0.9039808879100731,0.5,True
8b4l__B1_D5SK09--8b4l__A1_D5SK09,0.8170148657707332,0.5,True
3r24__A1_P0C6X7--3r24__B1_P0C6U8,0.8817360312866026,0.5,False
1nrj__B1_P36057--1nrj__A1_P32916,0.9251196343118347,0.5,False
4rdw__A1_Q9HU77--4rdw__A2_Q9HU77,0.9565181420974687,0.5,True
7vpr__A1_Q6FX18--7vpr__B1_Q6FX18,0.9877144128679509,0.5,True
5a6k__A1_A0A0H2US73--5a6k__B1_A0A0H2US73,0.9803674569191457,0.5,True
7ucd__B1_P17535--7ucd__A1_P53539,0.9354885057471264,0.5,False
1qc9__A1_P00642--1qc9__A2_P00642,0.8160542081611731,0.5,True
3ooc__A1_P77239--3ooc__B1_P77239,0.9295149827463269,0.5,True
8pm1__A1_B8GAY9--8pm1__B1_B8GAY9,0.9224970760233917,0.5,True
1vbg__A1_P11155--1vbg__A2_P11155,0.9810147819983746,0.5,True
4ovo__A1_P67954--4ovo__A2_P67954,0.9028711581814456,0.5,True
2qgs__A1_A0A0H2VIU2--2qgs__B1_A0A0H2VIU2,0.9499511634587762,0.5,True
8cnx__A1_Q68T42--8cnx__B1_Q68T42,0.9511986880834075,0.5,True
8bol__A1_Q04609--8bol__A2_Q04609,0.9631472242851364,0.5,True
3mii__B1_Q08914--3mii__A1_Q08914,0.8810047139990361,0.5,True
3i23__A1_Q835X4--3i23__B1_Q835X4,0.8314135065206596,0.5,True
3itf__A1_P0AE85--3itf__B1_P0AE85,0.8835939178621576,0.5,True
8d05__A1_UNDEFINED--8d05__A2_UNDEFINED,0.9391720113825486,0.5274605981026425,True
6mw5__A1_K3WC47--6mw5__A2_K3WC47,0.9259893185616286,0.5,True
5vht__A1_P0A9J8--5vht__B1_P0A9J8,0.900926144796738,0.5,True
6j6x__B1_P53611--6j6x__A1_Q7Z6K3,0.9428220720155173,0.5,False
4tvb__A1_O32323--4tvb__B1_O32323,0.9654718250396374,0.5,True
3nkh__B1_UNDEFINED--3nkh__A1_UNDEFINED,0.9393219504935867,0.5,True
3jyu__A1_P35123--3jyu__B1_P35123,0.9440147920772717,0.5,True
8dtc__A1_L8GT25--8dtc__B1_L8GT25,0.9189371045212019,0.5,True
7n1j__A1_P22455--7n1j__B1_UNDEFINED,0.9625688292240105,0.5,False
8fny__A1_O00418--8fny__B1_P0DP23,0.8582020046695275,0.5,False
7v0b__A1_A0A1E7MYN1--7v0b__B1_A0A1E7MYN1,0.9550395958942199,0.5,True
2vvo__A1_P9WKD7--2vvo__B1_P9WKD7,0.8818600248881387,0.5,True
5yjh__A1_Q15063--5yjh__A2_Q15063,0.9255865276250492,0.5,True
2z5e__A1_Q9BT73--2z5e__B1_Q9BT73,0.9242449404164462,0.5135135135135135,True
1a8l__A1_Q51760--1a8l__A2_Q51760,0.9925273078364123,0.5,True
8h0r__A1_Q9WVJ5--8h0r__B1_Q9WVJ5,0.9067135967146314,0.5,True
2j7j__A1_P03001--2j7j__A2_P03001,0.7143291126935135,0.5,True
8u1v__A1_K4L8Z7--8u1v__B1_K4L8Z7,0.8815985851798487,0.5,True
7zbg__A1_Q02880--7zbg__A2_Q02880,0.9594808551431087,0.5,True
1rku__A1_Q9I2Y2--1rku__B1_Q9I2Y2,0.93986803446445,0.5,True
2wvl__A1_Q72K30--2wvl__B1_Q72K30,0.8304466080859644,0.5,True
6kfs__A1_B7FR28--6kfs__A2_B7FR28,0.8537895580803134,0.5,True
3shg__A1_E6Z0R3--3shg__B1_E6Z0R4,0.9311736702275636,0.5,False
7zal__A1_E3T5W0--7zal__E2_E3T5W0,0.9772425641140625,0.5,True
4wjm__A1_Q2YNY7--4wjm__A2_Q2YNY7,0.9663966218027331,0.5,True
8hmo__A1_A0A0H4P0S7--8hmo__B1_A0A0H4P0S7,0.9638938698296458,0.5,True
7f9g__B1_C0HM62--7f9g__A1_C0HM62,0.945212632763593,0.5,True
8dfk__A1_P39694--8dfk__B1_P39694,0.7590864440078586,0.5,True
6n91__A1_Q9KNI7--6n91__B1_Q9KNI7,0.8475785328573222,0.5,True
4oyd__A1_P0C6Z1--4oyd__B1_UNDEFINED,0.9161386310335196,0.5063291139240507,False
1dev__A1_Q15796--1dev__B1_O95405,0.7959248617980798,0.5,False
8c9j__B1_P15559--8c9j__A1_P15559,0.9509384039601485,0.5,True
3rd7__B1_A0A0H2ZY91--3rd7__A1_A0A0H2ZY91,0.946212106990828,0.5,True
5x1j__A1_G2IQS7--5x1j__A2_G2IQS7,0.9408197594986868,0.5,True
3r2p__A1_P02647--3r2p__A2_P02647,0.9283138344734662,0.5,True
1pdk__A1_P15319--1pdk__B1_P62532,0.9228532821557262,0.5,False
7bjg__A1_Q8IGY1--7bjg__A2_Q8IGY1,0.7702744659711873,0.5,True
3kcp__A1_Q06851--3kcp__B1_A3DF10,0.9202004228158356,0.5,False
7bbq__A1_Q6I6B7--7bbq__A2_Q6I6B7,0.9102088143659444,0.5,True
3dpj__E1_Q5LS67--3dpj__F1_Q5LS67,0.8112082543350319,0.5,True
6okh__A1_Q04QG8--6okh__B1_Q04QG8,0.9211852693818307,0.5,True
7tq1__A1_P0AC13--7tq1__A2_P0AC13,0.9815752273757768,0.5,True
7t5y__A1_P0A7E1--7t5y__B1_P0A7E1,0.9551142972891089,0.5,True
5o47__A1_J7HDY4--5o47__A2_J7HDY4,0.9895095105380101,0.5,True
1oo0__A1_P49028--1oo0__B1_Q9V535,0.9267127204635744,0.5,False
3edj__A1_Q8KKG0--3edj__B1_Q8KKG0,0.9161726388783638,0.5,True
5yr0__A1_O88597--5yr0__B1_Q8K245,0.8944457321898154,0.5,False
5c21__A1_P09986--5c21__B1_P09986,0.8467079083841106,0.5,True
2gok__A1_Q8U8Z6--2gok__B1_Q8U8Z6,0.9891912971476035,0.5,True
1ww1__A1_Q9WZW8--1ww1__B1_Q9WZW8,0.9570189510369224,0.5,True
1fm0__B1_P30749--1fm0__A1_P30748,0.8751498369157003,0.5,False
4jgo__B1_O31671--4jgo__A1_O31671,0.9790930280809512,0.5,True
3l2k__A1_Q8GPH0--3l2k__B1_Q8GPH0,0.82102502039926,0.5,True
1yov__A1_Q13564--1yov__B1_Q8TBC4,0.9278105251041733,0.5,False
7zvd__A1_P11413--7zvd__A2_P11413,0.9739007781486582,0.5,True
2snw__A1_P03316--2snw__B1_P03316,0.9256732846038389,0.5,True
8grh__B1_P51553--8grh__A1_P50213,0.9603613006056306,0.5,False
1lxd__A1_Q03386--1lxd__B1_Q03386,0.8828943876874088,0.5,True
5m97__A1_Q10113--5m97__B1_Q10113,0.9362110652823212,0.5,True
7ax1__A1_Q9ULM6--7ax1__B1_Q9UIV1,0.974087716311853,0.5,False
8d4w__A1_A0A8B4R830--8d4w__A2_A0A8B4R830,0.8421260208276,0.5,True
7ynw__B2_Q57834--7ynw__A1_Q57834,0.9949811166887088,0.5,True
4rgp__A1_Q8DTU7--4rgp__B1_Q8DTU7,0.8948216322323905,0.5,True
8twd__C1_P0AEV1--8twd__A1_W8SRD3,0.9483314843859582,0.5,False
3fb9__A1_A0A0H2US72--3fb9__B1_A0A0H2US72,0.8667113434302819,0.5,True
8a39__A1_A0A024L404--8a39__C2_A0A024L404,0.9903039584646023,0.5,True
3ps8__A1_P01034--3ps8__A2_P01034,0.8607480073574495,0.5,True
7vwp__A2_A0A136PK59--7vwp__B1_A0A136PK59,0.9968780261735388,0.5,True
3a7p__A1_Q03818--3a7p__B1_Q03818,0.9105068386297732,0.5,True
4ql6__A1_A0A0H3MDM0--4ql6__C1_A0A0H3MDM0,0.8826088866422793,0.5,True
5nck__A1_Q8RDN7--5nck__B1_Q8RDN7,0.9767124617943732,0.5,True
3qt7__A1_Q9FD73--3qt7__B1_Q9FD73,0.9748080325548478,0.5,True
4aye__D1_Q9JXV4--4aye__A1_P08603,0.9035232838843819,0.5,False
7r3n__A1_P43432--7r3n__B1_P43432,0.9863343651240313,0.5,True
7a0x__B1_Q8ZRZ3--7a0x__A1_Q8ZRZ3,0.971243331787081,0.5,True
7wjk__A1_P93836--7wjk__A2_P93836,0.8248278325755027,0.5,True
7g99__B1_Q92974--7g99__A1_P61586,0.903190962783986,0.5,False
5x8z__A1_A3QAQ5--5x8z__B1_A3QAQ5,0.967835353471539,0.5,True
6dt3__B1_A0A1W1Q5B1--6dt3__A1_A0A1W1Q5B1,0.9701267392926847,0.5,True
2if9__A1_Q98ZP7--2if9__B1_Q98ZP7,0.7410093671388852,0.5,True
7u0r__B1_M9SC49--7u0r__A1_M9SC49,0.9694011421951056,0.5,True
7wbt__A1_Q288C4--7wbt__B1_Q288C4,0.9303292568817221,0.5,True
7txe__A1_Q8I6T6--7txe__B1_Q8I6T6,0.8432921830316953,0.5,True
6pyp__A1_P21695--6pyp__B1_P21695,0.971132519019843,0.5,True
8b2d__A1_F5SYD3--8b2d__B1_F5SYD3,0.9215857168918503,0.5,True
1vmg__A1_Q97U11--1vmg__A2_Q97U11,0.8767274267614222,0.5,True
6b8l__B1_P0DP23--6b8l__A1_P56696,0.8987208474978259,0.5,False
8sj5__A1_A0A2I4FN75--8sj5__C1_A0A2I4FN75,0.8627581003577891,0.5,True
3nr1__A1_Q8N4P3--3nr1__B1_Q8N4P3,0.9811733742347544,0.5,True
3h3l__A1_A6LFX0--3h3l__A2_A6LFX0,0.9077057247045385,0.5,True
7uav__A1_P0DW58--7uav__B1_P0DW58,0.8181898228213073,0.5,True
6jdh__A1_A0A2K0XYW4--6jdh__B1_A0A2K0XYW4,0.9535992968196358,0.5,True
3vjz__A1_Q9K0P4--3vjz__B1_Q9K0P4,0.9726337835372689,0.5,True
3et4__A1_Q4QMM5--3et4__A2_Q4QMM5,0.9426887823540032,0.5,True
5or3__A1_Q2UNF9--5or3__D1_Q2UNF9,0.8996249241893817,0.5,True
3fh3__B1_A0A6L8PES2--3fh3__A1_A0A6L8PES2,0.9505989933268043,0.5,True
1go3__A1_Q57840--1go3__B1_Q60351,0.9274058654408488,0.5,False
8fin__A1_UNDEFINED--8fin__B1_UNDEFINED,0.8397408165877384,0.5,True
3zxq__B1_P9WGK1--3zxq__A1_P9WGK1,0.7842017788635391,0.5,True
1zlh__A1_P00730--1zlh__B1_Q5EPH2,0.9195852482652969,0.5,False
4h1h__A1_Q8Y6P6--4h1h__B1_Q8Y6P6,0.8910682681785157,0.5,True
2gh1__A1_Q81E32--2gh1__B1_Q81E32,0.7667457749977846,0.5,True
7dl7__F1_B0VJ11--7dl7__A1_B0VJ11,0.9773566352808016,0.5,True
7skp__B1_UNDEFINED--7skp__A1_UNDEFINED,0.9279270793331064,0.5,True
7yu0__B1_Q79F77--7yu0__A1_Q79F77,0.9653303801357779,0.5,True
3cbu__B1_Q473P3--3cbu__A1_Q473P3,0.8516056051068405,0.5,True
8b1s__A1_B0LPL6--8b1s__A2_B0LPL6,0.9756616870016331,0.5,True
3ihk__A1_Q8DVV9--3ihk__A2_Q8DVV9,0.971398808693186,0.5,True
4y67__A1_Q8IKG4--4y67__B1_Q8IKG4,0.9524684592609884,0.5,True
6ejp__B1_P69986--6ejp__A1_P69986,0.875043042528588,0.5,True
1poy__A1_P0AFK9--1poy__B1_P0AFK9,0.9528024548947729,0.5,True
3a7o__A1_Q03818--3a7o__B1_Q03818,0.895314614107768,0.5,True
4a2l__A1_Q89YR8--4a2l__B1_Q89YR8,0.9709090577867922,0.5,True
5n47__B1_P02751--5n47__A1_P80188,0.8806672578451671,0.5,False
8ejm__A1_O43143--8ejm__B1_Q8IWZ8,0.8207213212687241,0.5,False
7jl6__A1_Q9L523--7jl6__B1_Q9L523,0.8736541218637993,0.5,True
1npd__B1_P0A6D5--1npd__A1_P0A6D5,0.9409319559553269,0.5,True
8h0h__A1_P9WLU7--8h0h__C1_P9WLU7,0.9291560592088692,0.5,True
3t8l__A1_Q7CUX4--3t8l__B1_Q7CUX4,0.8915901083524295,0.5,True
7ol3__B1_Q8WXF7--7ol3__A1_Q8WXF7,0.8743686936058412,0.5,True
8ewa__B1_Q9HW02--8ewa__A1_Q9HW02,0.9191846543051995,0.5,True
2ft0__A1_Q8FBQ3--2ft0__B1_Q8FBQ3,0.9048497073408666,0.5,True
2r01__A1_Q8KFI1--2r01__A2_Q8KFI1,0.9387380838664867,0.5,True
8hno__A1_B6YTS4--8hno__B1_B6YTS4,0.9725401156572163,0.5,True
6x88__A1_P52731--6x88__B1_P52731,0.9731110224103664,0.5,True
2x76__A1_Q939Q9--2x76__A2_Q939Q9,0.987520662439636,0.5,True
7x2p__A1_Q5ZWH7--7x2p__B1_Q5ZWH7,0.8078229062262896,0.5,True
2aeu__A1_Q57622--2aeu__A2_Q57622,0.9603921451378453,0.5,True
5kbg__A1_Q43965--5kbg__B1_Q43965,0.949616013043311,0.505702040116578,True
4p9g__A1_Q9REI7--4p9g__A2_Q9REI7,0.9515608111458178,0.5055555555555555,True
7tcv__A1_Q60932--7tcv__A2_Q60932,0.8557616030774915,0.5,True
7vkb__A1_Q5ZSZ6--7vkb__B1_Q5ZSZ7,0.8662216640114311,0.5,False
7r2p__A1_Q46877--7r2p__A2_Q46877,0.911722961564063,0.5,True
6ggl__B1_C9K1X5--6ggl__A1_C9K1X5,0.9169737096889257,0.5,True
7yi7__A1_Q9Y251--7yi7__B1_Q9Y251,0.8547212358625823,0.5,True
7yka__B1_Q9Y3D6--7yka__A1_Q9Y3D6,0.9432220333694618,0.5,True
8jea__A1_K1QRB6--8jea__D1_K1QRB6,0.8622700191861051,0.5,True
8huc__C1_A0A0H2Z790--8huc__A1_A0A0H2Z790,0.9271947802766846,0.5,True
7unh__A1_UNDEFINED--7unh__B1_UNDEFINED,0.9698398374676864,0.5,True
5mpr__A1_O15382--5mpr__A2_O15382,0.970018169583172,0.5,True
4ooj__B1_Q5ZSK6--4ooj__A1_Q5ZSK6,0.9345691175113001,0.5,True
8a5v__A1_Q9Y617--8a5v__C1_Q9Y617,0.9278660512218787,0.5,True
3lm2__A1_A9CH74--3lm2__B1_A9CH74,0.9392839553350697,0.5,True
7zwt__A1_P41182--7zwt__A2_P41182,0.9137648872891575,0.5,True
6ket__A1_A0A0A0WDC6--6ket__B1_A0A0A0WDC6,0.9636418825542836,0.5,True
5zwl__B1_Q8DLU1--5zwl__A1_Q8DLG7,0.9338256332575949,0.5,False
6wmz__A1_P23246--6wmz__B1_Q15233,0.8622446571234956,0.5,False
1i4m__A1_P04156--1i4m__A2_P04156,0.7905154745638844,0.5,True
2gjg__A1_Q88EQ6--2gjg__A2_Q88EQ6,0.8788770858017956,0.5,True
6k62__B2_A0A0H2X6K9--6k62__A1_A0A0H2X6K9,0.8501143202260522,0.5,True
4ghm__A1_Q9KTK0--4ghm__B1_Q9KTK0,0.8368194935145719,0.5,True
1tve__A1_P31116--1tve__B1_P31116,0.963359828002401,0.5,True
6qj2__A1_G0S2G2--6qj2__B1_G0SBJ6,0.9676561256961019,0.5,False
3onx__A1_P41697--3onx__B1_P41697,0.865873285089703,0.5,True
8cp4__A1_Q6LXV7--8cp4__A2_Q6LXV7,0.9473902447487004,0.5,True
1ob9__A1_Q97YX6--1ob9__A2_Q97YX6,0.9763130143421014,0.5,True
7zcc__B1_P46327--7zcc__A1_P46327,0.9683119573287282,0.5,True
4kwd__A1_Q9UR08--4kwd__B1_Q9UR08,0.9825558863522829,0.5,True
7wuy__A1_A0A1R3S1W7--7wuy__B1_A0A1R3S1W7,0.9622959257906509,0.5,True
5gtw__A1_I3NX86--5gtw__D1_I3NX86,0.9504494647833889,0.5,True
7ekn__B1_Q5JT35--7ekn__A1_UNDEFINED,0.8808670421573648,0.5,False
8gja__B1_UNDEFINED--8gja__A1_UNDEFINED,0.9203422032109327,0.5,True
6loh__A1_O15033--6loh__A2_O15033,0.9426156044446807,0.5,True
3a9y__A1_Q68FT9--3a9y__B1_Q68FT9,0.967107730904856,0.5,True
8ay6__B1_Q9CAJ0--8ay6__A1_A0A067E666,0.9337535472211835,0.5,False
8u5m__A1_Q8TF42--8u5m__F1_Q8TF42,0.9891248723569696,0.5,True
7twa__D1_F8JJ25--7twa__A1_F8JJ25,0.9945513049888302,0.5,True
8fju__B1_P34897--8fju__A1_P34897,0.9174274490207014,0.5,True
1fjj__A1_P12994--1fjj__A2_P12994,0.9395243342695169,0.5,True
7qlr__A1_A0A1J1J928--7qlr__D2_A0A1J1J928,0.9283749567459209,0.5,True
3vf0__B1_Q8IY67--3vf0__A2_P18206,0.9124826042552825,0.5,False
8ehe__A1_A0A0A7KVG3--8ehe__B1_A0A1D3UUC0,0.9737669911829536,0.5,False
6hpc__A1_P67697--6hpc__B1_P67697,0.92305945045555,0.5,True
2x3o__A1_Q9I585--2x3o__B1_Q9I585,0.8659814609557271,0.5,True
5y40__A1_P55892--5y40__B1_P55892,0.8262907125861376,0.5,True
1y42__A1_P12063--1y42__A2_P12063,0.9858786245179292,0.5,True
2e91__A1_Q12051--2e91__B1_Q12051,0.9426247718239209,0.5,True
8ja2__A1_A0A0A1E3Q0--8ja2__A2_A0A0A1E3Q0,0.9172376238015378,0.5,True
3iuw__B1_Q8KUB7--3iuw__A1_Q8KUB7,0.9189962433040373,0.5,True
8e7y__A1_Q9RFC8--8e7y__B1_Q9RFC8,0.8712433385745212,0.5,True
4kzn__A1_P15692--4kzn__A2_P15692,0.7659656981198798,0.5,True
7z7o__A1_A0A1S4NYF2--7z7o__C1_A0A1S4NYF2,0.9078868325152746,0.5,True
8brp__A1_D8G6F7--8brp__B1_D8G6F7,0.9619579578325206,0.5,True
3qir__A1_Q8TC59--3qir__A2_Q8TC59,0.9300215506203192,0.5,True
8bay__A1_O75874--8bay__B1_O75874,0.9444550808879472,0.5,True
6mhm__B1_Q13510--6mhm__A1_Q13510,0.8974402891704999,0.5,True
8bj7__A1_P07598--8bj7__B1_P07603,0.878579070798133,0.5,False
8b80__A1_W8QF82--8b80__B1_W8QF82,0.9679295133319785,0.5,True
5wxx__A1_Q9RNB4--5wxx__A2_Q9RNB4,0.9629509542800908,0.5,True
8f7l__A1_P43490--8f7l__B1_P43490,0.9137261370840383,0.5,True
3cz1__A1_Q9U9J6--3cz1__B1_Q9U9J6,0.9669866599031618,0.5,True
8a0c__A1_Q2ERG0--8a0c__B1_Q2ERG0,0.9544702479958768,0.5,True
5mpy__A1_Q9LPZ1--5mpy__B1_Q9LPZ1,0.9101378186204008,0.5,True
1anu__A1_Q06851--1anu__A2_Q06851,0.9717547846889952,0.5,True
3vs8__A1_C1DM33--3vs8__C1_C1DM33,0.9134569349230617,0.5,True
7zi8__A1_P27707--7zi8__A2_P27707,0.9775432203066231,0.5,True
1peu__A1_Q08698--1peu__A2_Q08698,0.9874578263091425,0.5,True
5uk5__B1_Q63722--5uk5__A1_Q07008,0.7671226542498015,0.5,False
7vg5__A1_Q49135--7vg5__B1_Q49135,0.9722249149905121,0.5,True
4jkz__A1_A0R6I8--4jkz__A2_A0R6I8,0.9613762312059216,0.5,True
4aa8__A1_P00794--4aa8__A2_P00794,0.9054850985918194,0.5,True
5yew__A1_Q8IWA4--5yew__B1_Q8IWA4,0.941670296045652,0.5,True
1hf2__B1_Q9X0D7--1hf2__A1_Q9X0D7,0.989491656037415,0.5,True
3au0__A1_Q7A382--3au0__A2_Q7A382,0.9220162139743333,0.5,True
3gif__A1_O34757--3gif__B1_O34757,0.9264843464064383,0.5,True
8c66__A1_UNDEFINED--8c66__D1_UNDEFINED,0.9079676519049061,0.5,True
7zcl__B1_UNDEFINED--7zcl__A1_UNDEFINED,0.9886957370758089,0.5,True
4axv__A1_A7N805--4axv__A2_A7N805,0.9194046410476406,0.5,True
5c6u__A1_O69689--5c6u__A2_O69689,0.9441550020974444,0.5,True
4nv4__A1_A0A6L7HM74--4nv4__A2_A0A6L7HM74,0.9352124846062221,0.5,True
6axf__A1_Q7LDG7--6axf__B1_P61224,0.9197253646789785,0.5,False
5yf1__B1_Q8N4J0--5yf1__A1_Q8N4J0,0.9169156868608885,0.5,True
8j83__A1_C5ATT7--8j83__B1_C5ATT6,0.9400341262586313,0.5,False
3fjy__B1_A0ZZM4--3fjy__A1_A0ZZM4,0.9396488437677453,0.5,True
4rg1__A1_Q5T280--4rg1__B1_Q5T280,0.9600393030545176,0.5,True
1ux4__A1_P41832--1ux4__A2_P41832,0.9484243478277511,0.5,True
6rbm__A1_P0ACT4--6rbm__A2_P0ACT4,0.9384612873108178,0.5,True
2cme__B1_P59636--2cme__A1_P59636,0.8722584064932913,0.49991717740599634,True
7wis__A1_P46881--7wis__B1_P46881,0.9264061805346153,0.5,True
5a3l__A1_A0A1A9TAD0--5a3l__C1_A0A1A9TAD0,0.9061432745007716,0.5,True
3gzi__A1_A3QIY5--3gzi__A2_A3QIY5,0.9602562093394251,0.5,True
8pr6__B1_A0A1Q6BKH4--8pr6__A1_A0A1Q6BKH4,0.939110622110957,0.5,True
8j64__A1_Q967S9--8j64__B1_O00816,0.9178154172218045,0.5,False
8ohw__A1_Q63T97--8ohw__B1_Q63T97,0.8174052066907994,0.5,True
5y4r__A1_O87131--5y4r__B1_Q9HVI1,0.9211638733259143,0.5,False
3ddh__A1_Q8A5Q8--3ddh__B1_Q8A5Q8,0.9448928734867079,0.5,True
8d3t__B1_A0A2K2AMS7--8d3t__A1_A0A2K2AMS7,0.9695412471802689,0.5,True
1zk8__A1_Q815X4--1zk8__B1_Q815X4,0.9815248601963685,0.5,True
2w82__A1_Q47730--2w82__B1_Q47730,0.9815663309804601,0.5,True
6l08__A1_O65896--6l08__B1_O65896,0.9232232993934142,0.5,True
4p94__B1_Q4J9K8--4p94__A1_Q4J9K8,0.9814627659574467,0.5,True
4yii__A1_O00762--4yii__B1_Q9UJX6,0.9445418818090223,0.5,False
4rus__A1_P68512--4rus__B1_P68512,0.8789288550813428,0.5,True
2o48__A1_Q9TQS6--2o48__A2_Q9TQS6,0.9428891198592464,0.5,True
7pvw__B1_P00523--7pvw__A1_P00523,0.6987439831528278,0.5,True
2wcu__A1_Q8R2K1--2wcu__B1_Q8R2K1,0.9797064861778138,0.5,True
2p35__A1_Q8UH15--2p35__B1_Q8UH15,0.8492850761245652,0.5,True
6rfg__A1_Q49PR7--6rfg__D1_Q49PR7,0.8884356073818056,0.5,True
5jj8__A1_Q9HVB9--5jj8__A2_Q9HVB9,0.8023910940024368,0.5,True
6ije__A1_A0A083ZID3--6ije__B1_A0A083ZID3,0.9524782382789033,0.5,True
8avu__A1_Q8GPI4--8avu__A2_Q8GPI4,0.9556534000978445,0.5,True
7xdu__B1_A0A1I1Z0X1--7xdu__A1_A0A1I1Z0X1,0.9704717755730414,0.5,True
1xr4__A1_Q8ZRY1--1xr4__B1_Q8ZRY1,0.9315793310117202,0.5,True
2fuq__A1_C6XZB6--2fuq__B1_C6XZB6,0.9404453599336969,0.5,True
5xrw__A1_O25306--5xrw__C1_O25674,0.8203582789218149,0.49983257994307717,False
5l0o__A1_P46940--5l0o__B1_P46940,0.9930414249017429,0.5,True
8vsy__B1_UNDEFINED--8vsy__A1_UNDEFINED,0.8974942026030277,0.5,True
2zcx__A1_Q9FBX0--2zcx__A2_Q9FBX0,0.9583870835243741,0.5,True
5way__A1_Q97P44--5way__B1_Q97P44,0.9399087810534885,0.5,True
7xey__A1_Q9SU72--7xey__B1_Q9S745,0.9161783652539959,0.5,False
4xlo__C1_Q9KHK2--4xlo__A1_Q9KHK2,0.9454128066154818,0.5,True
6kd6__B1_Q9VAA9--6kd6__A1_Q9VAA9,0.8703982950602821,0.5,True
8k72__A1_Q9NWT6--8k72__A2_Q9NWT6,0.948759732029694,0.5,True
8b5v__A1_Q4E4A3--8b5v__B1_Q4E4A3,0.9748038910196114,0.5,True
4yo3__A1_D3GUX1--4yo3__A2_D3GUX1,0.9316525059099316,0.5,True
8p8p__A1_P49773--8p8p__B1_P49773,0.8949028284928946,0.5,True
6hrx__A1_O53623--6hrx__B1_O53623,0.9786267560234547,0.5,True
3mdo__A1_A6LDR8--3mdo__B1_A6LDR8,0.9761348120172078,0.5,True
8iw0__A1_Q14678--8iw0__B1_Q14678,0.9191921516938598,0.5,True
2rb7__A1_Q313A9--2rb7__B1_Q313A9,0.9260259163722506,0.5,True
8h6s__A1_Q76KY5--8h6s__C1_Q76KY0,0.9672191427095886,0.5,False
3lsj__A1_Q9HUS3--3lsj__B1_Q9HUS3,0.8876117034758662,0.5,True
7pxq__A1_UNDEFINED--7pxq__A2_UNDEFINED,0.8829979699068198,0.5,True
8g0q__A1_P40460--8g0q__B1_P33895,0.8911565796721856,0.5,False
6ms4__A1_Q9ULC4--6ms4__B1_O43583,0.9213012030270914,0.5,False
7y6b__A1_A0A411GZY8--7y6b__B1_A0A411H025,0.9057228021570276,0.5,False
7zyt__A1_P09622--7zyt__B1_P09622,0.9455434170352579,0.5,True
7lle__A1_Q6QVT7--7lle__B1_Q6QVT7,0.9109595126698766,0.5,True
4csw__A1_D0MK34--4csw__B1_D0MK34,0.9697930666072315,0.5,True
7tev__A1_P04181--7tev__A2_P04181,0.9279373303082594,0.5,True
3zta__A1_Q2RIF4--3zta__A2_Q2RIF4,0.9896520976429912,0.5,True
3abi__A1_O59312--3abi__B1_O59312,0.9971790852300867,0.5,True
5ab8__A1_P9WN25--5ab8__A2_P9WN25,0.9267841817606938,0.5,True
1guq__A1_P09148--1guq__B1_P09148,0.9391393832868029,0.5,True
6zdw__B1_A0A162MUP0--6zdw__A1_A0A162MUP0,0.9028910937197601,0.5,True
8csd__A1_Q6U8B0--8csd__A2_Q6U8B0,0.9320537706394023,0.5,True
3na2__A1_UNDEFINED--3na2__B2_UNDEFINED,0.9451829512825036,0.5,True
8bfr__A1_P30177--8bfr__A2_P30177,0.9942983460856666,0.5,True
7yk3__A1_O53604--7yk3__B1_O53605,0.959345497481817,0.5,False
6xiv__A1_P16114--6xiv__B2_P16114,0.9191850691078662,0.5,True
8ajx__A1_P17117--8ajx__A2_P17117,0.9089243451546856,0.5,True
8ayj__A1_D5EHC5--8ayj__B1_D5EHC5,0.9595128918216418,0.5,True
4tt0__B1_P10220--4tt0__A1_P10220,0.8923325653611138,0.5,True
8a6e__B2_P02699--8a6e__A1_P02699,0.928663398834779,0.5,True
4jb7__A1_Q9KTQ6--4jb7__A2_Q9KTQ6,0.9272582635862228,0.5,True
6h3f__A1_A0A0H3JT80--6h3f__A2_A0A0H3JT80,0.9840783489421067,0.5,True
6wxw__A1_F2NWD3--6wxw__B1_F2NWD3,0.9815959955927418,0.5,True
2zw2__A1_F9VNF4--2zw2__B1_F9VNF4,0.865464440775393,0.49971870604782,True
2wo2__A1_P54764--2wo2__B1_P52799,0.9174262802252879,0.5,False
4u66__A1_A8MI53--4u66__A2_A8MI53,0.9645674551224159,0.5,True
1ord__A1_P43099--1ord__B1_P43099,0.9324854131039969,0.5,True
7zcm__A1_P42196--7zcm__B1_P42259,0.8226946192263197,0.5,False
8aa9__A1_Q9V1Y9--8aa9__B1_Q9V1Y9,0.6996127240116694,0.5,True
4i6y__B1_P13702--4i6y__A1_P13702,0.9141674112724252,0.5,True
1vh4__B1_P77689--1vh4__A1_P77689,0.9290220499182981,0.5,True
3ocd__A1_D7A6E5--3ocd__B1_Q7BQR5,0.9393196723872241,0.5,False
8pq7__A1_M1C5B8--8pq7__B1_D0N0Z8,0.8371196134201915,0.5,False
8gic__A1_Q70AZ9--8gic__D1_Q70AZ5,0.7528816459232129,0.5,False
5abr__A1_P82802--5abr__B1_P82802,0.9885344620428597,0.5,True
2zmf__A1_Q9Y233--2zmf__B1_Q9Y233,0.9689394626921243,0.5,True
2vzk__B1_P0DJQ5--2vzk__A1_P0DJQ5,0.9421490774968987,0.5,True
7wm5__A1_A0A0C2W699--7wm5__A2_A0A0C2W699,0.9826292230686731,0.5,True
1zee__A1_Q8E972--1zee__B1_Q8E972,0.8859404088351145,0.5,True
1f3u__B1_P35269--1f3u__A1_P13984,0.9067118985491233,0.5,False
7tvh__B1_Q9I2Q1--7tvh__A1_Q9I2Q1,0.983010525430323,0.5,True
5vgm__B1_Q9KL24--5vgm__A1_Q9KL24,0.9873106767512756,0.5,True
2b5l__A1_Q16531--2b5l__C1_P11207,0.9456997433131666,0.5,False
4zzh__A1_Q96EB6--4zzh__A2_Q96EB6,0.9010294892178048,0.5,True
8in9__A1_E0D202--8in9__B1_E0D202,0.9729098311373748,0.5,True
6m4v__A1_P0AEX9--6m4v__B1_P62942,0.9444978508623303,0.5,False
7y28__A1_P07814--7y28__B1_P07814,0.949847015727892,0.5,True
2plg__A1_Q8DKM0--2plg__B1_Q8DKM0,0.8857817400121042,0.5,True
7y7u__A1_A0A222F232--7y7u__B1_A0A222F232,0.9720902199998737,0.5,True
3fgc__A1_P07740--3fgc__B1_P07739,0.9569433886281482,0.5,False
1rve__A1_P04390--1rve__B1_P04390,0.9776916837333749,0.5,True
7zy1__A1_Q9F8A8--7zy1__A2_Q9F8A8,0.9448621117371101,0.5,True
3jxo__B1_A0A0F6AN26--3jxo__A1_A0A0F6AN26,0.952457507082153,0.5,True
8dqb__A1_A0A0H3FX83--8dqb__A2_A0A0H3FX83,0.9430031233025529,0.5,True
5l16__A1_Q4Q0M0--5l16__A2_Q4Q0M0,0.9695329738856803,0.5,True
2gz4__A1_Q7D028--2gz4__C1_Q7D028,0.8847199241110112,0.5,True
7xyv__A1_Q9C0D3--7xyv__B1_Q9C0D3,0.9509818889029907,0.5,True
2f9w__A1_Q9HWC1--2f9w__B1_Q9HWC1,0.9443560351408942,0.5,True
2ox1__A1_O30011--2ox1__B1_O30011,0.9872904320814027,0.5,True
2guh__A1_Q0S8Y3--2guh__B1_Q0S8Y3,0.9362825311093099,0.5,True
7br1__A1_A0A7I6N400--7br1__B1_A0A7I6N400,0.9565657462936643,0.5,True
2p04__A1_D0VWX5--2p04__B1_D0VWX5,0.9723873922142791,0.5,True
4h5b__A1_Q9RUY5--4h5b__B1_Q9RUY5,0.8550154248436248,0.5,True
4e1o__A1_P19113--4e1o__B1_P19113,0.9308306004875198,0.5,True
7pu4__B1_Q9X053--7pu4__A1_Q9X053,0.9485490031124347,0.5031055900621118,True
3m1u__A1_Q72DN3--3m1u__B1_Q72DN3,0.9146462723860487,0.5,True
7qii__A1_P0C2N2--7qii__B1_P0C2N4,0.8629700363713703,0.5,False
4pww__A1_UNDEFINED--4pww__A2_UNDEFINED,0.8628966799329703,0.49986035469906437,True
6ird__A1_Q91UZ1--6ird__B1_Q8NI35,0.6051434834731652,0.5,False
6gg2__A1_Q4WD43--6gg2__A2_Q4WD43,0.9533199088432472,0.5,True
6oei__A1_Q8KG60--6oei__A2_Q8KG60,0.9630299005128083,0.5,True
8hyi__A1_P22223--8hyi__B1_P22223,0.927294913325162,0.5,True
4b8v__A1_B3VBK9--4b8v__A2_B3VBK9,0.9755991228070175,0.5,True
4lqb__A1_D2Q399--4lqb__B1_D2Q399,0.9079037781489696,0.5,True
2vxb__A1_P87074--2vxb__B1_P87074,0.9551798969602494,0.5,True
1t72__A1_O67053--1t72__B1_O67053,0.972382571223366,0.5,True
3soo__A1_Q5T7N2--3soo__A2_Q5T7N2,0.8438224173679718,0.5185935008180933,True
5z1o__A1_D0VWU8--5z1o__B1_D0VWU8,0.7925230655146178,0.5,True
6h40__A1_K5B7F3--6h40__A2_K5B7F3,0.9760352157594463,0.5,True
2etk__A1_Q13464--2etk__B1_Q13464,0.9591177857412297,0.5,True
2p69__A1_Q96GD0--2p69__A2_Q96GD0,0.9794428945506619,0.5,True
4doy__A1_Q6WNP1--4doy__C1_Q6WNP1,0.9640370134334748,0.5,True
6zxw__A1_O29011--6zxw__B1_A0A117KMN5,0.9076180726394611,0.5,False
3lhk__A1_Q60329--3lhk__B1_Q60329,0.9709279421953877,0.505,True
1qpa__A1_P11542--1qpa__B1_P11542,0.8589578994863252,0.5,True
6e52__A1_P03069--6e52__B1_P03069,0.9316936748511521,0.5,True
2ijd__A1_Q1PHW8--2ijd__A2_Q1PHW8,0.9026943789929119,0.5,True
1fwl__A1_Q58504--1fwl__B1_Q58504,0.9847661214725955,0.5,True
5nkk__A1_O62301--5nkk__B1_Q9XWJ1,0.8872891273880552,0.5,False
1ygt__A1_Q94524--1ygt__A2_Q94524,0.8732175914160042,0.49981289175788196,True
7zq1__B1_Q32ZE1--7zq1__A1_Q32ZE1,0.79743042489898,0.5,True
6p40__A1_M1GSK9--6p40__B1_M1GSK9,0.9335352244390193,0.5,True
2wyn__B1_P13482--2wyn__D1_P13482,0.9220603488150031,0.5,True
7yui__A1_P0CG48--7yui__B1_Q9BYM8,0.8216285826423024,0.5,False
8dml__B1_Q87GI3--8dml__A1_Q87GI4,0.8455675342349239,0.5,False
2oi2__A1_A0A0H2UNK6--2oi2__A2_A0A0H2UNK6,0.9364059609616507,0.5,True
4wud__A1_P0AES6--4wud__A2_P0AES6,0.9446643142836393,0.5,True
5yzj__A1_A8K0B5--5yzj__B1_A8K0B5,0.8483402531418403,0.5,True
8f61__A1_Q28943--8f61__B1_Q28943,0.8904578529807129,0.5,True
7udi__B1_Q9RYE6--7udi__A1_Q9RYE6,0.9297569023042951,0.5,True
5ho3__A1_W6KHH6--5ho3__B1_W6KHH6,0.8733405630991885,0.5,True
1u5i__A1_Q07009--1u5i__B1_Q64537,0.9513027408098014,0.5,False
1cmc__A1_P0A8U6--1cmc__B1_P0A8U6,0.9343927717641469,0.5,True
6oe2__A1_Q8A9F0--6oe2__A2_Q8A9F0,0.9916945313342681,0.5,True
3ent__A1_Q2YAE2--3ent__B1_Q2YAE2,0.9705592397470004,0.515748031496063,True
2y4g__A1_D3Y1I2--2y4g__B1_D3Y1I2,0.9457939859003893,0.5,True
7ec7__A1_A0A0H2XGN0--7ec7__A2_A0A0H2XGN0,0.967788208127306,0.5,True
2o11__A1_P9WPY1--2o11__A2_P9WPY1,0.8398857230754719,0.5,True
8abq__A1_Q13596--8abq__B1_Q9Y5X3,0.9455701421837992,0.5,False
6shw__A1_Q96724--6shw__A2_Q96724,0.7788169347777569,0.5092064827373084,True
7wn7__B1_Q99H25--7wn7__A1_Q99H25,0.9051883708892066,0.5,True
2sak__A1_P68802--2sak__A2_P68802,0.5773178845671839,0.5,True
8h5e__A1_Q5SMG8--8h5e__B1_Q5SMG8,0.8441528851147695,0.5,True
8bgm__B1_A0A5P3XKL3--8bgm__A1_A0A5P3XKM0,0.9005283218589007,0.5,False
8sua__A1_UNDEFINED--8sua__A2_UNDEFINED,0.9751411557094082,0.5,True
2ps8__A1_P13513--2ps8__B1_P13513,0.9695326482549778,0.5,True
6awl__A1_O75208--6awl__B1_O75208,0.9708771652471384,0.5,True
4qds__A1_O60462--4qds__B1_O60462,0.9652387395698793,0.5,True
6qky__B1_Q97P33--6qky__A1_Q97P33,0.8610590791810097,0.5,True
7nli__B1_P08405--7nli__A1_P08405,0.9407929985208504,0.5,True
8p3m__A1_W0DP94--8p3m__B1_W0DP94,0.9775102033969135,0.5,True
5v7y__A1_A0A4Y1WAP5--5v7y__B1_A0A4Y1WAP5,0.8410952113515496,0.5,True
4aps__A1_Q5M4H8--4aps__B1_Q5M4H8,0.931947206384476,0.5,True
7ucn__A1_P50120--7ucn__B1_P50120,0.774873199559392,0.5,True
1ni5__A1_P52097--1ni5__A2_P52097,0.9737004166208031,0.5,True
8d04__B1_UNDEFINED--8d04__A1_UNDEFINED,0.8543136541901664,0.5092847712180634,True
4a5o__B1_Q9I2U6--4a5o__A1_Q9I2U6,0.9702927298439679,0.5,True
8q5k__A1_A0A0H2Z7A6--8q5k__A2_A0A0H2Z7A6,0.9287000087217989,0.5,True
1ww5__A1_Q6WY08--1ww5__D1_Q6WY08,0.9859760064674864,0.5,True
7ww2__A1_A0A4Q9D6T1--7ww2__B1_A0A4Q9D6T1,0.9401709337874864,0.5,True
2pfk__A1_P0A796--2pfk__B1_P0A796,0.927154762490196,0.5,True
1i2m__B1_P18754--1i2m__A1_P62826,0.8993554662890959,0.5,False
8i2e__A1_O34841--8i2e__B1_P54421,0.943770168020474,0.5,False
3pfl__A1_P09373--3pfl__B1_P09373,0.9805070433405452,0.5,True
6gho__B1_Q5L1S1--6gho__A1_O31602,0.8235687311178247,0.5,False
1glj__A1_P0A6F3--1glj__B1_P0A6F3,0.9866058856896243,0.5,True
4zq8__B1_A0A0M3KL36--4zq8__A1_A0A0M3KL36,0.9323981649097881,0.5,True
5h4h__B1_O58236--5h4h__A1_O58236,0.9639644197978122,0.5,True
4iv9__A1_P06617--4iv9__B1_P06617,0.9339114238661858,0.5,True
6sdk__A1_P26497--6sdk__B1_P26497,0.9317277453659905,0.5,True
2fq4__A1_Q81BJ4--2fq4__A2_Q81BJ4,0.9726028958292345,0.5,True
7zeq__B1_Q9WXT1--7zeq__A1_Q9WXT1,0.9432820767199896,0.5,True
5z5h__A1_Q2I2N4--5z5h__A2_Q2I2N4,0.9822794049114626,0.5,True
2fe1__A1_Q8ZZP3--2fe1__A2_Q8ZZP3,0.9676825146034471,0.5,True
7wik__B1_A0R1E6--7wik__A1_A0R1E6,0.9102351465434851,0.5,True
7t8o__B1_Q8Y8Y9--7t8o__A1_Q8Y8Y9,0.9451866824810812,0.5,True
7t91__A1_P08151--7t91__B1_P08151,0.8577246253009241,0.5,True
3lg6__A1_D2YW48--3lg6__B1_D2YW48,0.9747025351716905,0.5,True
2o9a__A1_P16528--2o9a__D1_P16528,0.9750993651427534,0.5,True
1zhq__A1_Q9RHG4--1zhq__B1_Q9RHG4,0.8367058905460567,0.5,True
2e0k__B1_Q8KFD9--2e0k__A1_Q8KFD9,0.9332085340090728,0.5,True
6izb__A1_P13693--6izb__A2_P13693,0.8536530029659353,0.5,True
3a2f__A1_P61875--3a2f__B1_O73947,0.9896459505354959,0.5,False
3isx__A1_Q9X0E0--3isx__A2_Q9X0E0,0.9252985890021288,0.5,True
2vkj__A1_Q9X1W9--2vkj__B1_Q9X1W9,0.9281171623074167,0.5,True
5csr__D1_Q9HLB6--5csr__A1_Q9HLB6,0.9810197811511511,0.5,True
1iq8__A1_O58843--1iq8__B1_O58843,0.8797469894790431,0.5,True
3tbm__A1_Q8XVB9--3tbm__B1_Q8XVB9,0.9047248527634917,0.505334358137387,True
7tur__B1_P00503--7tur__A1_P00503,0.9417981194662242,0.5,True
3vol__A1_Q9I6V6--3vol__A2_Q9I6V6,0.8898254826049004,0.5,True
3jqz__A1_P02768--3jqz__B1_P02768,0.8763281459868449,0.5,True
1vkd__A1_Q9X0V2--1vkd__B1_Q9X0V2,0.8819572424640814,0.5,True
8b31__B1_A0A2W4LV58--8b31__A1_A0A2W4LV58,0.9659560018506674,0.5,True
7bzk__A1_Q9SJ89--7bzk__B1_Q6NPF9,0.9558664789393406,0.5,False
3cgh__A1_Q8A0N7--3cgh__A2_Q8A0N7,0.9704867798156812,0.5,True
5vlb__A1_G7IKX3--5vlb__B1_G7IKX3,0.8544880885667078,0.5,True
2oer__B1_Q9I3U1--2oer__A1_Q9I3U1,0.9883732257565425,0.5,True
2ylz__A1_Q47PU3--2ylz__A2_Q47PU3,0.9034212087779132,0.5,True
8bjp__B1_A0A1W6VSR4--8bjp__A1_A0A1W6VSR4,0.878669538342847,0.5,True
6kcx__A1_Q9WZL1--6kcx__A2_Q9WZL1,0.9691560426620774,0.5,True
4q69__A1_Q8A5I0--4q69__B1_Q8A5I0,0.9627424018376858,0.5,True
7xmj__C1_A9QSE8--7xmj__A1_A9QSE8,0.9421099768319445,0.5,True
1pix__A1_Q06700--1pix__B1_Q06700,0.941727678872585,0.5,True
3l8i__B1_Q9BUL8--3l8i__A1_Q9BUL8,0.9430223934721629,0.5,True
6l2u__A1_Q27RN2--6l2u__B1_Q27RN2,0.8834472695830744,0.5,True
6sl2__A1_C4LWU6--6sl2__A2_C4LWU6,0.9117671233944348,0.5,True
1u6z__B1_P0AFL6--1u6z__A1_P0AFL6,0.9758245805737367,0.5,True
3pm9__A1_Q6NAV4--3pm9__B1_Q6NAV4,0.8962935478004779,0.5,True
3a5y__B1_P0A8N7--3a5y__A1_P0A8N7,0.9299432384545008,0.5,True
7xgn__A1_UNDEFINED--7xgn__B1_UNDEFINED,0.92163110944265,0.5,True
6bn1__B1_Q9VCR6--6bn1__A1_Q8T0S6,0.6479197986970754,0.5,False
8ji6__A1_A0A861B387--8ji6__B1_A0A861B387,0.9674352972377729,0.5,True
2pjs__A1_A9CIG0--2pjs__B1_A9CIG0,0.9383229626655961,0.5,True
8ke8__A1_Q9HXS0--8ke8__B1_Q9HXS0,0.9576277692500205,0.5,True
3h7l__A1_Q87LX4--3h7l__A2_Q87LX4,0.9548471161393531,0.5,True
7zs8__A1_A0A1D3HIT0--7zs8__B1_A0A1D3HIT0,0.9391643644747738,0.5,True
2vc4__A1_P02879--2vc4__A2_P02879,0.8813483557629693,0.5,True
1xe8__B1_Q03629--1xe8__A1_Q03629,0.9749925553034601,0.5,True
7tn6__A1_Q84Y01--7tn6__A2_Q84Y01,0.9261059536541889,0.5,True
7yo6__A1_G8GLP2--7yo6__A2_G8GLP2,0.9665572210893657,0.5,True
8k76__A1_Q8R6D8--8k76__B1_Q8R6D8,0.987789503218292,0.5,True
1vgx__B1_Q9RRU8--1vgx__A1_Q9RRU8,0.899947596932298,0.5,True
3cet__B1_Q6M145--3cet__A1_Q6M145,0.9514953415299952,0.5,True
4zlh__B1_P0AB60--4zlh__A1_P0AB60,0.9774073491786972,0.5,True
2y84__A1_Q7WT50--2y84__E1_Q7WT50,0.9502901263338043,0.5,True
4me9__A1_Q736B0--4me9__B1_Q736B0,0.883317668709235,0.5,True
2z51__A1_Q93W20--2z51__A2_Q93W20,0.8621908694092455,0.5,True
8ajq__A1_Q9I0C0--8ajq__B1_Q9I0C0,0.8947341483673789,0.5,True
3gdm__A1_P03962--3gdm__B1_P03962,0.9766988035409885,0.5,True
5khn__A1_UNDEFINED--5khn__B1_UNDEFINED,0.9631864651970031,0.5,True
7yfj__A2_Q15007--7yfj__B1_Q15007,0.8794909035315701,0.5,True
2rkl__F1_Q06263--2rkl__E1_Q06263,0.9486619860282065,0.5,True
8cwp__A1_Q06282--8cwp__A2_Q06282,0.9650982002993403,0.5,True
4neh__A1_P20702--4neh__B1_P05107,0.9055882768454636,0.5,False
2prv__A1_O34596--2prv__B1_O34596,0.9736230530598224,0.5,True
6kvn__A1_A0A1S4CVP6--6kvn__A2_A0A1S4CVP6,0.9531057885082691,0.5,True
5tgq__A1_A0A1S4NYF7--5tgq__A2_A0A1S4NYF7,0.9852876357730727,0.5,True
6b3i__A1_P27216--6b3i__B1_P27216,0.9586949542506946,0.5,True
1rqn__A1_O31156--1rqn__B1_O31156,0.9973148118040385,0.5,True
7tcr__A1_A0A2D2D5M1--7tcr__D1_A0A2D2CY73,0.9548867339923555,0.5,False
5l7z__A1_P28750--5l7z__A2_P28750,0.9468179493833191,0.5,True
7ljh__A1_Q769D3--7ljh__B2_Q769D3,0.9857550566338441,0.5,True
5frk__A1_D4I047--5frk__B1_D4I047,0.8110966669146544,0.5,True
7xmw__B1_U2Q5N5--7xmw__A1_U2Q5N5,0.7981117268931542,0.4998986212489862,True
7w2o__A1_Q9HZP1--7w2o__B1_Q9HZP1,0.9826266989860999,0.5,True
7uay__A1_P08684--7uay__A2_P08684,0.9996527942174456,0.5,True
5czf__D1_A0A0H3JHG3--5czf__A1_Q8XAD5,0.793660852380134,0.5,False
8p4l__A1_UNDEFINED--8p4l__B1_UNDEFINED,0.9738580147555213,0.5,True
2p6p__A1_Q9RPA7--2p6p__B1_Q9RPA7,0.9131932546452053,0.5,True
4u64__A1_Q5ZXA3--4u64__A2_Q5ZXA3,0.9472503596033008,0.5,True
7qbm__A1_P43235--7qbm__B1_P43235,0.840450527768312,0.5,True
3nvm__A1_Q8U4M1--3nvm__B1_Q8U4M2,0.8944880601321726,0.5,False
7q86__A1_UNDEFINED--7q86__B1_UNDEFINED,0.9347533204414613,0.5,True
3wws__A1_Q13188--3wws__D1_Q13188,0.7074521575984991,0.5,True
4c87__A1_F9UMG7--4c87__B1_F9UMG7,0.9289894098479362,0.5,True
2d7e__A1_P17888--2d7e__B1_P17888,0.9219504909516695,0.5,True
7xro__A1_Q9RQ20--7xro__B1_Q9RQ20,0.8973128334891909,0.5,True
5yrj__A1_B6F0T7--5yrj__B1_A0A2Z5V8U8,0.8895143128815935,0.5,False
6yev__C1_P0A744--6yev__A1_P0AA25,0.7706710527676919,0.5,False
8glr__A1_Q8ZJX7--8glr__A2_Q8ZJX7,0.9271965468600721,0.5,True
5fwt__A1_Q96MU8--5fwt__A2_Q96MU8,0.941136468154247,0.5,True
4e6s__A1_Q3URR7--4e6s__A2_Q3URR7,0.9010195941236183,0.5,True
8enb__B1_A7DT38--8enb__A1_A0T3A2,0.7978670485378354,0.5,False
8h4p__A1_I1S104--8h4p__B1_I1S104,0.94606745212786,0.5,True
4cu5__A1_B6SBV8--4cu5__F1_B6SBV8,0.9901649908826609,0.5,True
7yo8__A1_P60520--7yo8__A2_P60520,0.7818620835156106,0.5,True
8elf__B1_Q6DYE4--8elf__A1_Q6DYE4,0.9035913508929516,0.5,True
1ax2__A1_P16404--1ax2__A2_P16404,0.9331804423188585,0.5,True
8i33__C1_A0A6Q8PFJ0--8i33__A1_A0A6Q8PFJ0,0.9136068591358264,0.5,True
3q9l__A1_P0AEZ3--3q9l__B1_P0AEZ3,0.9159954502977287,0.5,True
8ak1__A1_UNDEFINED--8ak1__B1_O25273,0.9253973402530004,0.5,False
2yk4__A1_P72097--2yk4__A2_P72097,0.9318417580573817,0.5,True
7u5f__C1_Q9HTM2--7u5f__A1_Q9HTM2,0.9595406695193317,0.5,True
5xt3__B1_A0A0U1MUE2--5xt3__A1_A0A0U1MUE2,0.9726696881223973,0.5,True
5iws__A1_Q63GK8--5iws__A2_Q63GK8,0.9242628686904175,0.5,True
2owl__A1_P36767--2owl__B1_P36767,0.8725820011717379,0.5,True
8bca__A1_O75643--8bca__B1_Q6P2Q9,0.7446557889488916,0.5,False
4ml7__A1_P61626--4ml7__B1_UNDEFINED,0.8154382288629737,0.5,False
3mcb__B1_P20290--3mcb__A1_Q13765,0.8313789841502732,0.5057182571092106,False
8gy8__A1_Q8TZT0--8gy8__B1_Q8TZT0,0.9359647371151628,0.5,True
8dkd__A1_G7CIP4--8dkd__A2_G7CIP4,0.932584181277214,0.5,True
7dus__A1_P08965--7dus__A2_P08965,0.8997526817640047,0.5,True
8gb1__A1_Q9Y3Z3--8gb1__B1_Q9Y3Z3,0.9523236421583379,0.5,True
7cov__A1_Q06801--7cov__A2_Q06801,0.9287439678635762,0.5,True
6ign__A1_Q61768--6ign__A2_Q61768,0.8300246770086528,0.5,True
1fzr__A1_P00641--1fzr__B1_P00641,0.9497853043101582,0.5,True
3be5__A1_Q8XBR1--3be5__B1_Q8XBR1,0.9046508376963445,0.5,True
2ecs__A1_P03040--2ecs__B1_P03040,0.9460867117117118,0.5,True
4hn3__B1_Q8Y6D1--4hn3__A1_Q8Y6D1,0.9265590691970833,0.5,True
4o8y__A1_Q08723--4o8y__B1_P43588,0.9236493375974107,0.5,False
7uoi__A1_A0A1S8KJG1--7uoi__A2_A0A1S8KJG1,0.9647583449556986,0.5,True
7vma__A1_C5A758--7vma__A2_C5A758,0.9626865039970297,0.5,True
7d9m__A1_A0A4D6NYT7--7d9m__B2_A0A4D6NYT7,0.9052219442127699,0.5,True
2py8__C1_Q55670--2py8__B1_Q55670,0.8588156209161565,0.5,True
7ytl__A1_E1BR24--7ytl__A2_E1BR24,0.9916161432800752,0.5,True
7vxt__A1_Q63W52--7vxt__B1_Q63W52,0.8781199650694251,0.5,True
5cv3__A1_E3M3V1--5cv3__A2_E3M3V1,0.9166292234627823,0.5,True
8c9v__A1_Q1JXV1--8c9v__A2_Q1JXV1,0.9819150431970505,0.5,True
3tsn__A1_Q9PN58--3tsn__B1_Q9PN58,0.904709364067966,0.5,True
8j51__A1_A0A0E9MUN5--8j51__B1_A0A0E9MUN5,0.9202379700989466,0.5,True
6cz9__A1_Q7WTU0--6cz9__B1_Q7WTT9,0.9218624059939584,0.5,False
8pzo__A1_F9UT68--8pzo__A2_F9UT68,0.9494301237795661,0.5,True
3tqg__B1_Q83DG4--3tqg__A1_Q83DG4,0.9201720523478502,0.5,True
7czg__C1_Q8TDY2--7czg__A1_Q8TDY2,0.9280736981465136,0.5,True
7eev__B1_A0A3D9R4E8--7eev__A1_A0A3D9R4E8,0.8977306223920494,0.5,True
8ori__A1_Q2KB35--8ori__B1_Q2KB35,0.9219945652373662,0.5,True
7o6z__A1_A0A7R8L7W4--7o6z__B1_A0A7R8L7W4,0.9185486696486803,0.5,True
8pmr__A1_Q4WL81--8pmr__B1_Q4WL81,0.7028514071592414,0.5,True
7u34__A1_Q4X1J1--7u34__A2_Q4X1J1,0.9307848646515214,0.5,True
3fmy__A1_Q46864--3fmy__A2_Q46864,0.9608840960366367,0.5,True
7f0o__B1_A0A2I1C3W8--7f0o__A1_A0A2I1C3W8,0.9577703701988987,0.5,True
3ojm__B1_P21802--3ojm__A1_P05230,0.808467893111383,0.5,False
6xgz__A1_P63386--6xgz__B1_P64602,0.9087736209243682,0.5,False
7x2y__A1_A0A076PYH9--7x2y__B1_A0A076PYH9,0.9709940925275766,0.5,True
8i34__A1_A0AA52HX42--8i34__B1_A0AA52HX50,0.9566255737704917,0.5,False
5i4h__B1_P07711--5i4h__A1_P07711,0.8070820073253079,0.5,True
4e6h__A1_Q6CII8--4e6h__A2_Q6CII8,0.9716668261371013,0.5,True
6x7p__A1_Q8GGP1--6x7p__A2_Q8GGP1,0.9740094503093516,0.5,True
3exq__A1_Q03S37--3exq__A2_Q03S37,0.8031603475029605,0.5,True
2qvc__A1_Q9WXW9--2qvc__B2_Q9WXW9,0.9833730894694477,0.5,True
6yoa__A1_O82015--6yoa__B1_O82015,0.9216723697500623,0.5,True
7qnm__A1_G0L7V6--7qnm__B1_G0L7V6,0.9848685061232081,0.5,True
3p8v__A1_Q9V228--3p8v__B1_Q9V228,0.963859500664378,0.5,True
4re1__A1_P28347--4re1__D1_P46937,0.8885126568117068,0.5,False
8iw5__A1_Q8C8U0--8iw5__B1_Q8C8U0,0.8259787722094786,0.5056179775280899,True
7sq2__B1_Q01970--7sq2__A1_P21279,0.9304012798801878,0.5,False
4lqx__B1_Q97VD2--4lqx__A1_Q97VD2,0.992662949105909,0.5,True
3owf__A1_P00644--3owf__A2_P00644,0.90545605820701,0.5,True
2dpl__A1_O59072--2dpl__B1_O59072,0.9572165438256477,0.5,True
4ap5__A1_Q9Y2G5--4ap5__B1_Q9Y2G5,0.9574077671240425,0.5,True
8evy__A1_Q9LCT6--8evy__A2_Q9LCT6,0.9880939014914683,0.5,True
5npo__A1_P62593--5npo__B1_D3INY1,0.8951257520369318,0.5,False
5uhs__A1_B0SR19--5uhs__B1_B0SR19,0.77424432903665,0.5,True
5t3v__B1_Q9Y2C4--5t3v__A1_Q9Y2C4,0.9295460401632301,0.5,True
8f2l__A1_P9WJY9--8f2l__B1_P9WJY9,0.9448157541183289,0.5,True
8h1l__B1_A0A7U4E834--8h1l__A1_A0A7U4E834,0.8863230946622043,0.5,True
1nye__A1_P0C0L2--1nye__B1_P0C0L2,0.8567341917952639,0.5,True
2ou6__A1_Q9RVG4--2ou6__A2_Q9RVG4,0.9339848909319796,0.5,True
3k1i__D1_O25709--3k1i__A1_O25448,0.6113611242696985,0.5,False
1vbi__A1_Q53W84--1vbi__A2_Q53W84,0.9326868369073484,0.5,True
2oqb__A1_Q4AE70--2oqb__B1_Q4AE70,0.8702109604404916,0.5,True
8ajy__A1_A0AEF6--8ajy__B1_UNDEFINED,0.8655131839546424,0.5,False
6saz__B1_Q9UGM5--6saz__A1_P07584,0.9292690068874415,0.5,False
8gzy__A1_P0A9A6--8gzy__B1_UNDEFINED,0.8417771389705222,0.5,False
6l9x__A1_F6VRB7--6l9x__A2_F6VRB7,0.8169816281520594,0.5,True
3ica__B1_Q7MXR4--3ica__A1_Q7MXR4,0.8922415418338643,0.5,True
6o15__A1_P39353--6o15__B1_P39353,0.9144375904216252,0.5,True
2ohc__A1_Q9HIY5--2ohc__B1_Q9HIY5,0.9559229313063452,0.5,True
8qfo__A1_A0A840P3H4--8qfo__B1_A0A840P3H4,0.9137515754403815,0.5,True
5zmy__A1_F1LJ99--5zmy__B1_F1LJ99,0.9483502699230832,0.5,True
6tx3__B1_Q9NWY4--6tx3__A1_Q9UGN5,0.9557849758200909,0.5,False
4tx5__A1_Q9NR28--4tx5__B1_Q9NR28,0.8948724756350575,0.5,True
7wnk__B1_A0A1E5TT85--7wnk__A1_A0A1E5TT85,0.9800058154235145,0.5,True
2fn0__B1_Q9X9I8--2fn0__A1_Q9X9I8,0.9927489016479203,0.5,True
5x89__A1_Q8TGZ7--5x89__A2_Q8TGZ7,0.9232484448852645,0.5,True
2j0t__A1_P03956--2j0t__D1_P01033,0.8002361097156637,0.5,False
2i9i__A1_O25234--2i9i__A2_O25234,0.9118367180564866,0.5,True
3rtr__G1_Q13616--3rtr__H1_P62877,0.9483178178673051,0.5,False
8bjd__A1_UNDEFINED--8bjd__A2_UNDEFINED,0.9642757974770731,0.5,True
7lq2__A1_A0A023X3Z4--7lq2__B1_A0A023X3Z4,0.8597980782024133,0.5,True
6aht__A1_A1BZ87--6aht__B1_A1BYM8,0.9072700665222357,0.5,False
8tto__A1_UNDEFINED--8tto__B1_UNDEFINED,0.8098209857059114,0.527735942643279,True
8czp__A1_A0A0D5ZBI4--8czp__B1_A0A0D5ZBI4,0.9417935002222457,0.5,True
4ro3__A1_M1RHE3--4ro3__B1_M1RHE3,0.9406786736641222,0.5,True
1c0n__A1_P77444--1c0n__A2_P77444,0.8854518859319291,0.5,True
7tq0__A1_P00459--7tq0__A2_P00459,0.970676204334721,0.5,True
1o4w__A1_O29664--1o4w__A2_O29664,0.9899545009761231,0.5,True
4jzp__A1_P51572--4jzp__B1_P51572,0.9277090858571826,0.5,True
2or2__A1_P08954--2or2__B1_P08954,0.9898684497498931,0.5,True
5xdf__B1_Q5SL04--5xdf__A1_Q5SL04,0.9398480903609188,0.5,True
6kr4__A1_P10586--6kr4__E1_P60469,0.9350301338377797,0.5,False
1itv__A1_P14780--1itv__B1_P14780,0.9430620287718005,0.5,True
8e51__A1_A0A5N5MKD0--8e51__B1_UNDEFINED,0.7158476729263246,0.5,False
2qgi__A1_P05449--2qgi__B1_P05449,0.9150260421936589,0.5,True
1a19__A1_P11540--1a19__B1_P11540,0.8656876054136328,0.5,True
8a9x__A1_P15752--8a9x__C1_P15752,0.9571322958220595,0.5,True
3onm__A1_UNDEFINED--3onm__B1_UNDEFINED,0.9091398041097738,0.5,True
7wrs__A1_Q5ZJ86--7wrs__B1_UNDEFINED,0.8708152291165979,0.5,False
8e9e__B1_Q02293--8e9e__A1_Q04631,0.8868238621948392,0.5,False
2h4c__A1_Q7T2R1--2h4c__B1_Q7T3T5,0.8580834158110842,0.5,False
2bdt__A1_Q9K6P2--2bdt__A2_Q9K6P2,0.8903910375283958,0.5,True
5vbn__A1_P56282--5vbn__B1_Q07864,0.9618668590589209,0.5,False
8gt0__A1_Q8I6U4--8gt0__B1_P01040,0.9596622225126898,0.5,False
5lrr__A1_P22262--5lrr__B1_P22262,0.9720847564208476,0.5,True
4y7i__A1_Q96EF0--4y7i__B1_Q96EF0,0.9742528076300172,0.5,True
1who__A1_P43214--1who__A2_P43214,0.875846671964279,0.5,True
4g10__A1_Q9WXJ9--4g10__A2_Q9WXJ9,0.9355665571091423,0.5,True
8q4k__A1_O51180--8q4k__B1_O51180,0.8809497820372265,0.5,True
6hp3__A1_O31927--6hp3__B1_O31927,0.9078492268828614,0.5,True
8hs0__A1_Q9LIR4--8hs0__A2_Q9LIR4,0.9493489685397514,0.5,True
6gz1__A1_P10151--6gz1__A2_P10151,0.9199787919572577,0.5,True
8pbu__A1_P27708--8pbu__A2_P27708,0.9046115254111109,0.5,True
7zjc__A1_P0DV83--7zjc__A2_P0DV83,0.9322100563718803,0.5,True
6ecu__B1_Q8RJY3--6ecu__A1_Q8RJY3,0.9331899284102338,0.5,True
4x2d__A1_UNDEFINED--4x2d__C2_UNDEFINED,0.9853896878706045,0.5,True
7p0h__A1_O26008--7p0h__C1_O26008,0.9707574011294142,0.5,True
5b3g__B1_Q9SZF7--5b3g__A1_Q9M384,0.9605962421387056,0.5,False
7vzy__B1_Q84G19--7vzy__A1_Q84G19,0.9557284934482022,0.5,True
2q3t__A1_Q9LUJ3--2q3t__A2_Q9LUJ3,0.8667185271619345,0.5,True
8j3t__A1_A0A0G2TMR2--8j3t__B1_A0A0G2TMR2,0.9833448003213159,0.5,True
7pt0__A1_Q9KYU4--7pt0__B1_Q9KYU4,0.9603727746466274,0.5,True
6m09__B1_Q8LDU1--6m09__A1_Q8LDU1,0.9600322552852358,0.5,True
7uxs__B1_J8G6Z1--7uxs__A1_J8G6Z1,0.9431411574802099,0.5,True
2q03__A1_Q12ML0--2q03__B1_Q12ML0,0.8816007888315078,0.5,True
6kcp__B1_Q9VAA9--6kcp__A1_Q9VAA9,0.876110025797932,0.5,True
3zn4__A1_C8CHL4--3zn4__A2_C8CHL4,0.9440510301195765,0.5,True
6sj4__B1_A0A022MQ12--6sj4__A1_A0A022MQ12,0.9398114663122203,0.5,True
5cyy__A1_P9WG63--5cyy__B1_P9WG63,0.9255346911193747,0.5,True
3tj3__A1_P52294--3tj3__B1_Q9UKX7,0.8259213941416389,0.5,False
3i32__A1_Q72GF3--3i32__A2_Q72GF3,0.9820528440415632,0.5,True
1jk9__B1_P40202--1jk9__A1_P00445,0.9446140718583522,0.5,False
4z3u__B1_G3G955--4z3u__A1_G3G8X8,0.9209857977236422,0.5,False
4e4w__A1_P38920--4e4w__B1_P14242,0.9624219446584561,0.5,False
5yw5__A1_Q5NII9--5yw5__D1_Q5NII9,0.9030943745840578,0.5,True
3ab8__A1_Q5SLE3--3ab8__B1_Q5SLE3,0.7970339091185146,0.5,True
3mxt__A1_Q9PIK2--3mxt__A2_Q9PIK2,0.9013371231597749,0.5,True
1wr8__B1_O50129--1wr8__A1_O50129,0.9774331375236978,0.5,True
7war__B1_A0A1B6PFV1--7war__A1_A0A1B6PFV1,0.9339795058183042,0.5,True
7fn1__B1_P32357--7fn1__A1_P33334,0.9499416150815982,0.5,False
7xl7__A1_A0A2J0R8J6--7xl7__B1_A0A2J0R8J6,0.8336615636147444,0.5,True
8vc5__A1_Q9XCL6--8vc5__B1_Q9XCL6,0.9884634803993013,0.5,True
5jfz__A1_P20605--5jfz__B1_P0ADX5,0.8652034119947692,0.5,False
1gkh__A1_P69543--1gkh__A2_P69543,0.9610232642675391,0.5,True
5g37__B1_P10565--5g37__A1_P06575,0.8612114255088335,0.5,False
2gjx__A1_P06865--2gjx__B1_P07686,0.939761771741375,0.5,False
3aqb__B1_O66129--3aqb__A1_O66127,0.8976812774820644,0.5,False
8q1a__A1_Q16790--8q1a__C2_Q16790,0.8787742702578523,0.5,True
8ezt__D2_UNDEFINED--8ezt__A1_UNDEFINED,0.9285197974162754,0.5,True
5ez1__B1_P56112--5ez1__A1_P56112,0.9451150832803382,0.5,True
3lwd__A1_Q1QTX1--3lwd__A2_Q1QTX1,0.9697379939938988,0.5,True
4wic__A1_Q2FAE9--4wic__B1_Q2FAE9,0.8099485399953469,0.5,True
8dye__A1_P31040--8dye__B1_Q5VUM1,0.8444478963535096,0.5,False
6xnr__A1_UNDEFINED--6xnr__A2_UNDEFINED,0.9153952923295534,0.5,True
2ch6__A1_Q9UJ70--2ch6__D1_Q9UJ70,0.9637893829449978,0.5,True
3gpn__A1_P15873--3gpn__A2_P15873,0.9596444206200304,0.5,True
5y69__A1_A8ATW7--5y69__B1_A8ATW7,0.8399186390532545,0.5,True
7th0__A1_P31667--7th0__A2_P31667,0.8682509826617473,0.5,True
2qh0__A1_Q97H22--2qh0__A2_Q97H22,0.8876006295018462,0.5,True
7uln__A1_P09514--7uln__B1_P09514,0.9144076862854942,0.5,True
5ubb__A1_Q5VVY1--5ubb__A2_Q5VVY1,0.9921139676591629,0.5,True
5kvs__B1_O54512--5kvs__A1_O54512,0.935715177937017,0.5,True
3frs__A1_P53990--3frs__A2_P53990,0.8787409947013751,0.5,True
3obv__A1_O08808--3obv__C1_O08808,0.9686161301110081,0.5,True
4wkz__A1_A0AEF5--4wkz__B1_W5IDC3,0.9280349757204525,0.5,False
3kt0__A1_Q12109--3kt0__A2_Q12109,0.9895066790392543,0.5,True
5i90__A1_G3XCY5--5i90__B1_G3XCY5,0.9301386028109315,0.5,True
3bat__B1_P24733--3bat__A1_P24733,0.9072454298822493,0.5,True
2ps1__A1_P13298--2ps1__B1_P13298,0.9389281093502986,0.5,True
1fcd__A1_Q06530--1fcd__B1_Q06529,0.972836367812252,0.5,False
8hy8__A1_A0A085BE66--8hy8__A2_A0A085BE66,0.9532342306693374,0.5,True
8har__A1_Q2L6E4--8har__B1_Q2L6E4,0.9802621688044497,0.5,True
8a60__A1_P06971--8a60__B1_Q38162,0.8403935208883611,0.5,False
4je4__A1_Q06124--4je4__B1_P02751,0.8292318838769316,0.5,False
2a6c__A1_Q82UW4--2a6c__A2_Q82UW4,0.8891242644070617,0.5,True
5k9l__B1_A8MW95--5k9l__A1_A8MW95,0.886155471060414,0.5,True
5mzg__A1_P53368--5mzg__B1_P53368,0.8913694437050838,0.5,True
6lfn__A1_UNDEFINED--6lfn__B1_UNDEFINED,0.7260312194528799,0.5,True
7ucc__B1_P17535--7ucc__A1_P53539,0.9056159631529851,0.5,False
8d0x__A1_Q9Y231--8d0x__A2_Q9Y231,0.8405437774368523,0.5,True
6ano__B1_Q9UKL3--6ano__A1_Q9UKL3,0.9328880498107307,0.5,True
6et2__A1_Q9I4X1--6et2__B1_Q9I4X2,0.9375497385772753,0.5,False
6d0a__A1_Q8N5Z0--6d0a__A2_Q8N5Z0,0.9418289213485254,0.5,True
2xga__B1_P35530--2xga__A1_P35530,0.9790779758966764,0.5,True
2i3o__A1_Q9HJH4--2i3o__B1_Q9HJH4,0.9400330920436568,0.5,True
1ijx__A1_P97401--1ijx__C1_P97401,0.9263117552334945,0.5,True
6h2u__A1_Q9NRN9--6h2u__B1_Q9UI30,0.880098220107927,0.5,False
8h2v__A1_Q93HT8--8h2v__B1_Q93HT8,0.9630650372964443,0.5,True
1wat__B1_P02941--1wat__A1_P02941,0.9535892177478117,0.5,True
2nyh__A1_Q13JM0--2nyh__B1_Q13JM0,0.8810991871306351,0.5,True
7y9b__A1_A3EXD6--7y9b__B1_A3EXD6,0.8654367827416016,0.5,True
7yuj__B1_Q9BYM8--7yuj__A1_Q9BYM8,0.670646453591219,0.5,True
8c5k__A1_P87252--8c5k__A2_P87252,0.8208434351693198,0.5,True
2spc__A1_P13395--2spc__B1_P13395,0.862939999232871,0.5,True
6q2e__A1_A5UMY5--6q2e__B1_A5UMY5,0.9179057668378137,0.5,True
4p8i__A1_P40746--4p8i__B1_P40746,0.9067292692939245,0.5,True
8gp6__B1_P16710--8gp6__A1_P07611,0.8375997480220513,0.5,False
8a82__A1_K7WEY7--8a82__B1_K7XCU4,0.9167249302478254,0.5,False
3a4l__B1_Q58933--3a4l__A1_Q58933,0.9758695379768362,0.5,True
1z52__A1_P09167--1z52__B1_P09167,0.8368347140039448,0.5,True
6c0g__A1_A0A3F2YLX1--6c0g__B2_A0A3F2YLX1,0.8347912396591001,0.5,True
8owi__A1_Q02224--8owi__B1_Q02224,0.8823396660909615,0.5,True
1k3r__B1_O26109--1k3r__A1_O26109,0.9645678233884227,0.5,True
7fga__A1_Q8DIJ4--7fga__B2_Q8DIJ4,0.9766969976115945,0.5,True
5akq__A1_O52063--5akq__B1_O52063,0.9801700237489291,0.5,True
7y86__B1_A0A0K2E3A3--7y86__A1_A0A0K2E3A3,0.9334750602610431,0.5,True
8d1u__A1_P0A6R0--8d1u__A2_P0A6R0,0.9548289562553534,0.5,True
1vqw__A1_Q9HFE4--1vqw__B1_Q9HFE4,0.9096263001922913,0.5,True
7rzb__A1_A0A229LVN5--7rzb__A2_A0A229LVN5,0.9318595345898705,0.5,True
6qta__A1_G0SHE6--6qta__B1_G0SC29,0.8632371622141812,0.5,False
7toc__A1_A0A2H0ZMH9--7toc__B1_A0A2H0ZMH9,0.9108489813063937,0.5,True
7ula__B1_Q88ND0--7ula__A1_Q88NC7,0.9844306835920243,0.5,False
8bes__A1_A0A856TAI5--8bes__B1_A0A856TAI5,0.8759063736730766,0.5,True
7ztw__A1_Q66578--7ztw__B1_Q66578,0.9342705418405951,0.5,True
7wjt__B1_Q8BZB3--7wjt__A1_Q8BZB3,0.8330766861718509,0.5,True
6j9n__A1_X5EPV9--6j9n__B1_A0A425B395,0.7410010879644712,0.5,False
1kll__A1_O05205--1kll__A2_O05205,0.943223736968725,0.49996770025839793,True
8uel__A1_UNDEFINED--8uel__B1_UNDEFINED,0.9603488679692981,0.5,True
7xky__A1_Q58690--7xky__B1_Q58034,0.9374126006361014,0.5,False
4p04__A1_A0A0D6H805--4p04__B1_A0A0D6H805,0.8589825802751934,0.5,True
1txz__A1_Q04299--1txz__A2_Q04299,0.9784237815120232,0.5,True
4af5__A1_Q8NQ97--4af5__A2_Q8NQ97,0.91244288507886,0.5,True
8af9__A1_Q2YPZ9--8af9__H1_Q2YPZ9,0.9693992719753591,0.5,True
8gm9__D1_P9WPD3--8gm9__A1_P9WPD3,0.9409368510587346,0.5,True
7wsx__A1_D9PYV4--7wsx__B1_D9PYV4,0.9870161798046845,0.5,True
4g86__A1_Q79PF6--4g86__B1_Q79PF6,0.8681438636535974,0.5,True
3bq3__A1_Q12395--3bq3__A2_Q12395,0.8659055809927442,0.5,True
7eva__A1_P31490--7eva__A2_P31490,0.9218569351857993,0.5,True
8r7d__B1_G5EI71--8r7d__A1_Q8LJL3,0.7740965905451285,0.5,False
7pwy__A1_Q8TDX5--7pwy__B1_Q8TDX5,0.9857935316348883,0.5,True
3ut4__A1_A3DJ21--3ut4__B1_A3DJ21,0.955401147247385,0.5,True
8eei__B1_A0A807MR40--8eei__A1_A0A807MR40,0.9846324281554597,0.5,True
8bp5__B1_A0A369SI82--8bp5__A1_A0A369SI82,0.9387122311650613,0.5,True
3l34__B1_Q9HT87--3l34__A1_Q9HT87,0.9102198580203211,0.5138807729841196,True
8god__A1_Q9UM07--8god__A2_Q9UM07,0.939858711873051,0.5,True
1h9g__A1_P0A8V6--1h9g__A2_P0A8V6,0.9662910577667132,0.5,True
7qg6__D1_Q9HAU5--7qg6__C1_Q9H1J1,0.8329750548978524,0.5,False
8sz3__B2_Q9NY97--8sz3__A1_Q9NY97,0.9208888068856799,0.5,True
5a10__A1_G1FNI6--5a10__A2_G1FNI6,0.9202065794018631,0.5,True
7qoc__A1_Q8NQV9--7qoc__B1_Q8NQV9,0.9716875284295133,0.5,True
8a90__B1_A0A7S9SWM2--8a90__A1_A0A7S9SWM2,0.937629695819698,0.5,True
3iaa__A1_Q8KNE0--3iaa__B1_Q8KNE0,0.9053067683379256,0.5,True
3n50__B1_Q9H4W6--3n50__A1_Q9H4W6,0.9369139443436176,0.5,True
2qg3__A1_O28220--2qg3__A2_O28220,0.900213059602329,0.5,True
7ysk__A1_Q6D6Z8--7ysk__B1_Q6D6Z8,0.968918612028387,0.5,True
7spz__A1_A8B3G9--7spz__A2_A8B3G9,0.9731142615162066,0.5,True
4q2e__B1_Q9X1B7--4q2e__A1_Q9X1B7,0.8511596041759155,0.5,True
8cff__A1_Q7SIF4--8cff__B1_Q7SIF3,0.9313867161330251,0.5,False
8bxl__A1_A0A075TRK9--8bxl__D1_A0A075TRK9,0.9726784765024495,0.5,True
7uqo__A1_UNDEFINED--7uqo__A2_UNDEFINED,0.7656661509844006,0.5,True
5d4v__C1_Q57913--5d4v__A1_Q57913,0.9400888789715851,0.5,True
2p23__A1_O95750--2p23__B1_O95750,0.7697290134141065,0.5,True
7u55__A1_A0A151EDA9--7u55__A2_A0A151EDA9,0.8907127089859526,0.5,True
1rkw__A1_P0A0N4--1rkw__C1_P0A0N4,0.9731208907703611,0.5,True
1ps6__A1_P19624--1ps6__B1_P19624,0.9722445170468127,0.5,True
2y21__L1_O28769--2y21__K1_O28769,0.9605292666517156,0.5,True
2z5i__A1_P58772--2z5i__B1_P58772,0.8933674443013215,0.5,True
5l7u__B1_A6L2E5--5l7u__A1_A6L2E5,0.9548731257535525,0.5,True
3egq__A1_O28458--3egq__B1_O28458,0.9656479066575154,0.5,True
7r3a__A1_Q6LYR8--7r3a__E1_Q6LYR8,0.9644101212451108,0.5,True
7yq0__A1_A0A101DF63--7yq0__B1_A0A101DF63,0.9717787067951134,0.5,True
3wsc__A1_Q25C86--3wsc__B1_Q25C86,0.7659086164349824,0.5,True
4pib__B1_Q2SVW5--4pib__A1_Q2SVW5,0.9099466925553883,0.5,True
7vmx__B1_P9WNN1--7vmx__A1_P9WNM1,0.8741892987852167,0.5,False
1ykd__A1_P94182--1ykd__B1_P94182,0.9513000621970658,0.5,True
4ux7__A1_Q183F3--4ux7__B1_Q183F3,0.9000918043574195,0.5,True
3k3d__A1_P9WLZ7--3k3d__A2_P9WLZ7,0.9417172369270498,0.5,True
7q1d__D2_P29808--7q1d__A1_P29808,0.8456731997152298,0.5,True
1sj5__A1_Q9WY07--1sj5__B1_Q9WY07,0.9451233694302418,0.5,True
4c12__A1_Q2FZP6--4c12__A2_Q2FZP6,0.9172208097869781,0.5,True
3k9m__A1_P07858--3k9m__B1_P01040,0.9581369780667409,0.5,False
1ccd__A1_P17559--1ccd__A2_P17559,0.8897849462365592,0.5050336436062408,True
8xiz__A1_T2B4K5--8xiz__B1_T2B4K5,0.9322319924801591,0.5,True
7wz6__A1_P15806--7wz6__B1_P10085,0.9411358290060263,0.5,False
2i00__A1_Q831Y9--2i00__B1_Q831Y9,0.9603176991646453,0.5,True
5ffi__A2_Q44501--5ffi__B1_Q44501,0.9029659729208585,0.5,True
3cnk__A1_P21333--3cnk__B1_P21333,0.9418357355475482,0.5,True
8gt9__A1_A8MW95--8gt9__B1_A8MW95,0.8982074811760435,0.5,True
4l2w__B1_Q13464--4l2w__A1_Q13464,0.9213145114996713,0.5,True
3d0j__A1_Q97DI0--3d0j__A2_Q97DI0,0.8953822184110812,0.5,True
7qaj__F1_UNDEFINED--7qaj__A1_Q8JIV8,0.9194409071614822,0.5,False
4ct0__A1_P97784--4ct0__B1_O54943,0.7523089442912742,0.5,False
3av0__A1_Q58719--3av0__B1_Q58718,0.9495046134619893,0.5,False
8bln__A1_C9QZ65--8bln__H1_C9QZ65,0.9592562599560571,0.5,True
2riq__A1_P09874--2riq__A2_P09874,0.8340593721195536,0.5,True
8hd5__A1_Q99U17--8hd5__B1_Q99U17,0.9038621551789348,0.5116539467555269,True
6xrb__A1_A0A0H3NHS6--6xrb__B1_A0A0H3NHS6,0.9681849881340975,0.5,True
8a1g__A1_Q13596--8a1g__C1_Q9Y5X3,0.9502322396796585,0.5,False
8tn3__A1_Q643B9--8tn3__B1_Q643B9,0.9673027946495044,0.5,True
5ghs__A1_Q5JGL0--5ghs__C1_Q5JF31,0.8269793572963081,0.5,False
5umw__A1_A0A125SA26--5umw__F1_A0A125SA26,0.9592959514998645,0.5,True
7x7j__A1_UNDEFINED--7x7j__B1_UNDEFINED,0.9523031343649557,0.5,True
7zcv__B1_A0A0E7KI02--7zcv__A1_A0A0E7KI02,0.8816561866206842,0.5,True
6scq__A1_Q8NNN6--6scq__A2_Q8NNN6,0.9480158549364436,0.5,True
4ml9__A1_D1AMR0--4ml9__B1_D1AMR0,0.9255038711969634,0.5,True
7yfu__A1_Q8CG73--7yfu__B1_Q8CG73,0.9698880555422857,0.5,True
2yn3__C1_Q8ZKG6--2yn3__A1_Q8ZKG6,0.7042371560096967,0.5,True
3ix1__A1_Q9K9G5--3ix1__B1_Q9K9G5,0.9177759847858384,0.5,True
7khs__A1_Q2CEE3--7khs__B1_Q2CEE3,0.9823590253607108,0.5,True
8k5l__A1_A0A829KK40--8k5l__B1_A0A829KK40,0.9756682354765781,0.5,True
2g0t__B1_Q9WZQ3--2g0t__A1_Q9WZQ3,0.9703939382977266,0.5,True
3lr3__A1_Q63T74--3lr3__A2_Q63T74,0.9507917814579295,0.5,True
4pxq__A1_F1QR43--4pxq__B1_F1QR43,0.960524773201714,0.5,True
4z5y__A1_Q88QV5--4z5y__A2_Q88QV5,0.9718409635463294,0.5,True
7zhf__A1_A0A0U2WWJ1--7zhf__A2_A0A0U2WWJ1,0.941107229509524,0.5,True
6h86__A1_B5KM66--6h86__B1_B5KM66,0.8042595258035707,0.5,True
7saf__B1_Q6TLP8--7saf__A1_Q6TLP8,0.9170930779239239,0.5,True
7zj1__B1_P55265--7zj1__A1_P55265,0.8888499196258951,0.5,True
4g9k__A1_P32340--4g9k__B1_P32340,0.9364771582668213,0.5,True
8b35__A1_Q96562--8b35__B1_Q96562,0.9502834148769126,0.5,True
2rdz__A1_P0ABK9--2rdz__B1_P0ABK9,0.9574263652942995,0.5,True
6bzf__B1_P53061--6bzf__A1_P17122,0.8842549099189165,0.5,False
5ydd__B1_P9WME7--5ydd__A1_P9WME7,0.9075432433360876,0.5,True
4czd__B1_B8J3A4--4czd__A1_B8J364,0.9040559808273755,0.5,False
3ft7__B1_Q54323--3ft7__A1_Q54323,0.834491254215679,0.5039454018409004,True
4pz1__A1_Q99XU0--4pz1__A2_Q99XU0,0.8602259188877839,0.5028409090909091,True
2w1t__A1_P37554--2w1t__B1_P37554,0.9831818456836267,0.5110294117647058,True
7qz5__A1_A2RI36--7qz5__B1_A2RI36,0.8998163516140097,0.5,True
5h31__A1_Q14790--5h31__B1_Q14790,0.952322009511366,0.5,True
8p33__A1_O51254--8p33__A2_O51254,0.9597254851600329,0.5,True
8orv__A1_A0A7H0DNF0--8orv__A2_A0A7H0DNF0,0.9006848490769332,0.5,True
8oru__A1_O93732--8oru__B1_O93732,0.9714533165344891,0.5,True
1u7i__A1_Q9I3Y6--1u7i__B1_Q9I3Y6,0.910585141354372,0.5,True
8slg__B1_G7CIG9--8slg__A1_G7CIG9,0.8735003245056892,0.5,True
3l2e__B1_Q6AW42--3l2e__A1_Q6AW43,0.9148546751559865,0.5,False
3b0a__A1_P0CG48--3b0a__B1_Q9WUB0,0.7317838249407136,0.5,False
6etz__A1_A0A023UGN9--6etz__A2_A0A023UGN9,0.937649806818485,0.5,True
7sfz__B1_Q9NYP9--7sfz__A1_Q9NYP9,0.8854841094815892,0.5,True
7wwf__A1_A0R6Y0--7wwf__B1_A0R6Y0,0.9620286790294721,0.5,True
8vdw__B1_T0TAB9--8vdw__A1_T0TAB9,0.9685070099508009,0.5,True
8ri0__A1_E4THH1--8ri0__B1_E4THH1,0.9299078636868405,0.5,True
5z2i__B1_Q54LT0--5z2i__A1_Q54LT0,0.8136726124250797,0.5,True
4miv__A1_P51688--4miv__B1_P51688,0.9550249812200586,0.5,True
3vh1__A1_P38862--3vh1__A2_P38862,0.972085742395308,0.5,True
7z98__A1_E6V140--7z98__A2_E6V140,0.9639106873167698,0.5,True
2ond__A1_Q99LI7--2ond__B1_Q99LI7,0.9431473800516129,0.5,True
7vt9__A1_P21517--7vt9__B1_P21517,0.9433622636430794,0.5,True
1gju__A1_O33838--1gju__A2_O33838,0.939991358081932,0.5,True
6hta__A1_A0A3F2YM29--6hta__B1_A0A3F2YM29,0.8329361961373781,0.5,True
3h7h__A1_P63272--3h7h__B1_O00267,0.9289559003280141,0.5,False
1dek__A1_P04531--1dek__B1_P04531,0.9697831889082006,0.5,True
4z39__A1_A0A0S2E5N6--4z39__B1_A0A0S2E5N6,0.8604991489901757,0.5,True
5ca9__A1_Q9C0L9--5ca9__A2_Q9C0L9,0.9067182213238665,0.5,True
2zvx__A1_P00974--2zvx__B1_P00974,0.7596554417635828,0.5,True
6x0a__A1_F7Y4W0--6x0a__S1_F7YBW8,0.7996638225567755,0.5,False
7spq__A1_C5AMM8--7spq__A2_C5AMM8,0.969130606610296,0.5,True
7spn__A1_A0A7C2VFT1--7spn__B1_A0A7C2VFT1,0.9794796071060091,0.5,True
1tv8__A1_P65388--1tv8__B1_P65388,0.8201040164328482,0.5,True
3mkr__B1_Q27954--3mkr__A1_Q28104,0.9519440925882829,0.5,False
1dqn__A1_Q24973--1dqn__B1_Q24973,0.9439440210614696,0.5,True
7tdq__A1_Q2HR80--7tdq__B1_Q2HR80,0.8090726593431105,0.5,True
7xoi__A1_A0A5N6DPG0--7xoi__B1_A0A5N6EXS6,0.8983115814783234,0.5,False
8h62__A1_P0DJM0--8h62__B1_P12830,0.8970144358992003,0.5,False
7dyc__A1_UNDEFINED--7dyc__A2_UNDEFINED,0.7736422404708713,0.5024428750435885,True
8bbt__A1_A0A0B4VFQ3--8bbt__A2_A0A0B4VFQ3,0.9637374176763465,0.5,True
3t2l__A1_Q5LE95--3t2l__A2_Q5LE95,0.9683162228783487,0.5,True
3uet__A1_B7GNN8--3uet__B1_B7GNN8,0.8990260081431328,0.5,True
8fdb__B1_Q12KP2--8fdb__A1_Q12KP2,0.8743095569356965,0.5,True
6ok3__A1_C3X9N1--6ok3__B1_C3X9N1,0.7278188547393523,0.5,True
8hp3__A1_A0A2K0XCZ3--8hp3__B1_A0A2K0XCZ3,0.9313769476843982,0.5,True
7xkg__A1_A7NHS9--7xkg__B1_A7NHS9,0.8919233653373829,0.5,True
1l7e__A1_Q2RSB2--1l7e__B1_Q2RSB2,0.9266311181361152,0.5,True
8hn2__A1_Q9F722--8hn2__B1_Q9F722,0.8541162587759311,0.5,True
8gst__A1_Q1NEI7--8gst__B1_Q1NEI7,0.9593566099110722,0.5,True
7cq3__A1_P38324--7cq3__B1_Q12098,0.9267945868200838,0.5,False
5htf__A1_Q8Y759--5htf__B1_Q8Y759,0.9714123935305214,0.5,True
6c90__A1_P42285--6c90__B1_Q6NZY4,0.9213281861669822,0.5,False
6e1j__A1_C5J4P1--6e1j__B1_C5J4P1,0.9024272639401008,0.5,True
3ccd__A1_P0AA04--3ccd__B1_P0AA04,0.8445876645876647,0.5,True
3dzl__B1_Q396C9--3dzl__A1_Q396C9,0.8927214471122646,0.5,True
4ir7__A1_UNDEFINED--4ir7__A2_UNDEFINED,0.9696994881571331,0.5,True
7nlj__B1_UNDEFINED--7nlj__A1_K3YAU1,0.7531744757899445,0.5,False
2y1h__B1_Q17R31--2y1h__A1_Q17R31,0.9216978662048949,0.5,True
7unj__A1_UNDEFINED--7unj__B1_UNDEFINED,0.9805568376701743,0.5,True
7lfs__A1_P00533--7lfs__E1_O14944,0.8989550722903091,0.5,False
6jiw__A1_A0A0H3JU78--6jiw__A2_A0A0H3JU78,0.9002776452481723,0.5,True
8ees__A1_A0A0H3GMB7--8ees__B1_A0A0H3GMB7,0.9850178215429227,0.5,True
4a5b__B1_Q27895--4a5b__A1_Q27895,0.93917110883274,0.5,True
3nb6__A1_O66874--3nb6__A2_O66874,0.912358405537368,0.5,True
5f8c__A1_O53532--5f8c__A2_O53532,0.949349083351537,0.5,True
5yet__A1_Q5UQV1--5yet__B1_Q5UQV1,0.9686297766901157,0.5,True
8jt3__A1_H8Y6N2--8jt3__C1_H8Y6N2,0.9070951915558068,0.5,True
1ije__A1_P02994--1ije__B1_P32471,0.9159249156115372,0.5,False
6on4__A1_P0A8W0--6on4__B1_P0A8W0,0.9224920841882968,0.5,True
4zvc__A1_P0AA89--4zvc__B1_P0AA89,0.9697375759176804,0.5,True
4qoa__A1_A7VAB9--4qoa__A2_A7VAB9,0.9549611423087192,0.5,True
6wmv__A1_U5WZP7--6wmv__B1_U5WZP7,0.958790272981752,0.5,True
3e3c__A1_Q7DB61--3e3c__B1_Q7DB61,0.9398390121985841,0.5,True
7zc8__B1_UNDEFINED--7zc8__A1_UNDEFINED,0.934331262299069,0.5,True
6ekk__A1_Q8TEH3--6ekk__C1_Q15286,0.9149588052743359,0.5,False
8a9w__A1_P15751--8a9w__A2_P15751,0.9922178800131556,0.5,True
2gj9__A1_P25522--2gj9__B1_P25522,0.9609643956327028,0.5,True
3cm7__C1_P98170--3cm7__D1_P98170,0.9050067958644492,0.5,True
8f5v__A1_O53728--8f5v__B1_O53728,0.9681076358035662,0.5,True
1ecj__A1_P0AG16--1ecj__B1_P0AG16,0.9079646090125115,0.5,True
3s5r__A1_Q2LS68--3s5r__B1_Q2LS68,0.9567328246010707,0.5,True
3im3__A1_P00514--3im3__A2_P00514,0.8883614512767066,0.506578947368421,True
4mcj__B1_A6L9R1--4mcj__A1_A6L9R1,0.9611340898794772,0.5,True
7vw1__B1_V5J1S8--7vw1__A1_V5J1S8,0.9175145753648485,0.5,True
3p12__A1_Q2G1A5--3p12__D1_Q2G1A5,0.9140906278057739,0.5,True
8aq0__A1_Q6DTN4--8aq0__B1_Q6DTN4,0.9609666826830165,0.5,True
3wpm__A1_G2IKE5--3wpm__B1_G2IKE5,0.9001861175274899,0.5,True
7xof__B1_Q0DFB6--7xof__A1_Q0DFB6,0.9343646317214415,0.5,True
8a8f__A1_P32598--8a8f__B1_P42073,0.7841878160497103,0.5,False
5un7__A1_Q9NUX5--5un7__B1_Q96AP0,0.8744895990816822,0.5,False
8juk__A1_V5VGC6--8juk__B1_V5VGC6,0.9548354169257003,0.5,True
8snp__A1_O09118--8snp__A2_O09118,0.8553611712498355,0.5,True
8ic6__A1_UNDEFINED--8ic6__B1_UNDEFINED,0.9282521291123946,0.5,True
6wjc__A1_P11229--6wjc__B1_Q8QGR0,0.9254538532658942,0.5,False
8ard__A1_Q64331--8ard__A2_Q64331,0.886838078583529,0.5,True
3mqi__A1_Q9UH73--3mqi__B1_Q9UH73,0.8329818467518505,0.5,True
3q01__A1_P04637--3q01__B1_P04637,0.9837614510909964,0.5,True
7ylq__A1_Q93CA6--7ylq__B1_Q93CA6,0.872493300642923,0.5,True
2yvo__A1_Q5SJY9--2yvo__A2_Q5SJY9,0.8644445652764939,0.5,True
5vpa__B1_P17535--5vpa__A1_P53539,0.9307292213932962,0.5,False
3v78__B1_P95092--3v78__A1_P95092,0.9466262528482089,0.5,True
7pzh__A1_A0A174J845--7pzh__B1_A0A174J845,0.9067863171597708,0.5,True
3m0f__A1_Q4KDJ6--3m0f__B1_Q4KDJ6,0.9078020525107835,0.5,True
1y4h__A1_P0C1S6--1y4h__C1_Q9EYW6,0.9231333773560861,0.5,False
2o4c__A1_Q9I3W9--2o4c__B1_Q9I3W9,0.9831226678641559,0.5,True
1ynh__A1_P76216--1ynh__D1_P76216,0.9630928248980519,0.5,True
8ohx__A1_U4Q148--8ohx__B1_U4Q148,0.9390465788764937,0.5,True
3a6m__A1_Q56236--3a6m__B1_Q56236,0.9495291214054915,0.5,True
4bvp__A1_Q5ZUA2--4bvp__B1_Q5ZUA2,0.9152776367143807,0.5,True
7oc6__A1_A0A2U8U2L5--7oc6__A2_A0A2U8U2L5,0.9643382971403393,0.5,True
6qpq__A1_G0SGH3--6qpq__B1_Q12158,0.985085756337859,0.5,False
3ct6__A1_Q9CIV6--3ct6__B1_Q9CIV6,0.9102010468386134,0.5,True
1qae__A1_P13717--1qae__B1_P13717,0.8958092542060623,0.5,True
3q5w__B1_P38937--3q5w__A1_P38937,0.9168593730356807,0.5,True
8gol__B1_G9I933--8gol__A1_G9I933,0.9289555245978875,0.5,True
7epj__A1_P62554--7epj__A2_P62554,0.9526924216974608,0.5,True
1ag9__A1_P61949--1ag9__B1_P61949,0.9923017054180665,0.5,True
3gwh__B1_O31691--3gwh__A1_O31691,0.8846516195847951,0.5,True
5gw1__A1_P57768--5gw1__B1_P57768,0.9181870611715492,0.5,True
3l2o__B1_Q9UKT5--3l2o__A1_P63208,0.910913312504527,0.5,False
7y3u__A1_A0A8B9XNB5--7y3u__B1_A0A8B9XNB5,0.9448274528055739,0.5,True
3wrf__A1_E8MGH8--3wrf__A2_E8MGH8,0.9611520287686001,0.5,True
7yyl__A1_Q3AET9--7yyl__B1_Q3AET9,0.892170910671148,0.5,True
8syb__B1_Q72KY0--8syb__A1_Q72KY0,0.9888271988015517,0.5,True
8qc3__A1_A0A1C9WRL0--8qc3__B1_A0A1C9WRL0,0.9548357295239183,0.5,True
3wtf__B1_Q9BUH6--3wtf__A1_Q9BUH6,0.9707614258509878,0.5,True
2x0e__B1_Q7BG50--2x0e__A1_Q7BG50,0.9304392965448051,0.5,True
5hwt__A1_A5W4E3--5hwt__B1_A5W4E3,0.9713451389153438,0.5,True
1ojh__A1_Q8YNP7--1ojh__B1_Q8YNP7,0.7324559139784945,0.5,True
3eyy__A1_Q9K4F8--3eyy__B1_Q9K4F8,0.9781190288633218,0.5,True
8bwv__D2_A0A482M8M0--8bwv__A1_A0A482M8M0,0.8464019902704052,0.5,True
7cm9__A1_A0A7V8UZ53--7cm9__B1_A0A7V8UZ53,0.8975651403746994,0.5,True
4nc8__A1_P12464--4nc8__A2_P12464,0.9695507496295359,0.5,True
1zhh__A1_P54300--1zhh__B1_P54302,0.8864492798010803,0.5,False
8c0u__A1_Q9I5Q5--8c0u__B1_Q9I5Q5,0.9345288413784061,0.5,True
2fbq__A1_Q9HZJ9--2fbq__A2_Q9HZJ9,0.9513862310217909,0.5,True
7fch__A1_O95256--7fch__C2_O95256,0.9648219719802189,0.5,True
8c7t__B1_A0A1B4XP18--8c7t__A1_A0A1B4XP18,0.8889999566771916,0.5,True
4iwn__A1_P76290--4iwn__B1_P76290,0.983938797914189,0.5,True
1sc1__A1_P29466--1sc1__B1_P29466,0.8720855848060047,0.5,True
5amt__A1_A0Q7H2--5amt__A2_A0Q7H2,0.9559381272982431,0.5,True
4ueb__C1_P48598--4ueb__D1_UNDEFINED,0.9090059440210788,0.5,False
7qfz__B1_B7L3Y3--7qfz__A1_B7L3Y3,0.8885659770199392,0.5,True
3hml__A1_A6T9H1--3hml__B1_A6T9H1,0.941509699432869,0.5,True
1xk6__A1_P31572--1xk6__C1_P31572,0.901002657571512,0.5,True
7r3s__A1_A0A4R2M5S2--7r3s__B1_A0A4R2M5S2,0.931628474251057,0.5,True
2grx__A1_P06971--2grx__C1_P02929,0.880657939850672,0.5,False
7vsf__A1_P25440--7vsf__B1_P25440,0.82418773946925,0.5,True
3q34__A1_Q48EL2--3q34__C1_Q48EL2,0.8719615091446624,0.5,True
4r2k__A1_Q8ZP84--4r2k__A2_Q8ZP84,0.9590216240882452,0.5,True
3cgw__A1_Q8PVT6--3cgw__A2_Q8PVT6,0.9654573753155822,0.5,True
7r2f__A1_P21836--7r2f__B1_P21836,0.9896181645403499,0.5,True
4g19__A1_I6ZUH3--4g19__B1_I6ZUH3,0.9894544648494996,0.5,True
3dg8__C1_P13922--3dg8__A1_P13922,0.8159915193140734,0.5,True
6m10__A1_Q9HUW0--6m10__C1_Q9HUW0,0.8671940434844402,0.5,True
8tt2__B1_Q4K977--8tt2__A1_Q4K977,0.9433940966727852,0.5,True
1h31__A1_Q939U1--1h31__B1_Q939U4,0.9278487864925038,0.5,False
5iib__A1_P04552--5iib__B1_Q8WR62,0.8828264739314132,0.5,False
6a5g__A1_UNDEFINED--6a5g__C1_UNDEFINED,0.9761900253547124,0.5,True
7p7i__B1_R8APY9--7p7i__A1_R8APY9,0.9791171678837713,0.5,True
3hzu__A1_P9WHF7--3hzu__A2_P9WHF7,0.9643121067336589,0.5,True
5dob__A1_P16794--5dob__B1_P16791,0.9458819299117922,0.5,False
7xgs__A1_Q9FVC1--7xgs__A2_Q9FVC1,0.8278312932355958,0.5,True
6iju__A1_Q9KJN4--6iju__A2_Q9KJN4,0.9599273769964627,0.5,True
4kqd__B1_P06626--4kqd__A1_P06626,0.9042268989566538,0.5,True
2fu3__B1_Q03555--2fu3__A1_Q03555,0.8711344615454482,0.5,True
1jgt__B1_P0DJQ7--1jgt__A1_P0DJQ7,0.9148656508221547,0.5,True
6l4b__A1_Q9UGV2--6l4b__C2_Q9UGV2,0.9428301499412335,0.5,True
3lzk__A1_Q92LT4--3lzk__B1_Q92LT4,0.9514832846080431,0.5,True
1ht8__A1_P05979--1ht8__B1_P05979,0.9324148123926178,0.5,True
1z8h__A1_Q8YWS4--1z8h__B1_Q8YWS4,0.9018819853289942,0.5,True
8gk6__A1_W6USS8--8gk6__E1_W6USS8,0.9834131694550893,0.5,True
4mjf__A1_A6L2I4--4mjf__A2_A6L2I4,0.9755791095313364,0.5,True
7m4s__A1_Q8YLC3--7m4s__D1_Q8YLC3,0.8912402517591499,0.5,True
6fju__A1_E6N8B9--6fju__B1_E6N8B9,0.9715687565858798,0.5,True
6lgq__A1_P21865--6lgq__B1_P21866,0.767242195871037,0.5,False
2y27__B1_B4E7B5--2y27__A1_B4E7B5,0.9460082932707493,0.5,True
2tdx__A1_P0DJL7--2tdx__A2_P0DJL7,0.9821014760866179,0.5,True
8aim__C1_Q6GJ88--8aim__A1_A0A141HSF0,0.8203543971735163,0.5,False
8fj8__A1_P02638--8fj8__A2_P02638,0.9315654405474765,0.499875249500998,True
3uv0__B1_Q9W061--3uv0__A1_Q9W061,0.9631112154765991,0.5,True
8alo__B1_P24003--8alo__A1_P15795,0.89616868282848,0.5,False
2zb6__A1_P08362--2zb6__A2_P08362,0.9724592628329316,0.5,True
6xa0__A1_D1A230--6xa0__B1_D1A230,0.9336661401941196,0.5,True
1zbo__B1_Q7WAM7--1zbo__A1_Q7WAM7,0.8603572915582388,0.5,True
6xb5__A1_A0A7E5VPD6--6xb5__B1_A0A7E5VPD6,0.955832963793823,0.5,True
8duy__D1_A0A0H3GVN6--8duy__A1_A0A0H3GVN6,0.970676514043861,0.5,True
7th5__A1_Q5SLG6--7th5__B1_Q5SLG6,0.7715546154797727,0.5,True
3uws__B1_A7A9N3--3uws__A1_A7A9N3,0.9696987022887535,0.5,True
4u04__B1_Q9BVA6--4u04__A1_Q9BVA6,0.9458236477854702,0.5,True
2kin__A1_P56536--2kin__B1_Q6QLM7,0.9030102221279003,0.5,False
3ulc__A1_Q08236--3ulc__A2_Q08236,0.9464850101626017,0.5,True
8b2a__A1_Q2YWJ9--8b2a__A2_Q2YWJ9,0.9890845278932742,0.5,True
8qff__A1_K9TLZ5--8qff__A2_K9TLZ5,0.9468042587862047,0.5,True
6w9q__A1_P0DTD1--6w9q__A2_P0DTD1,0.8638237001192278,0.5,True
8c8c__A1_P48426--8c8c__A2_P48426,0.9867114469633361,0.5,True
8iup__B1_A9A1Y1--8iup__A1_A9A1Y1,0.9657619132696347,0.5,True
3o7o__A1_Q9S5X8--3o7o__B1_Q9S5X8,0.8406604687477408,0.5,True
4bg8__A1_Q8TX37--4bg8__B1_Q8TX37,0.9915423445898088,0.5,True
7qxo__A1_G8UIQ1--7qxo__B1_G8UIQ1,0.9320685145249772,0.5,True
4xiz__A1_Q05776--4xiz__D1_O60200,0.8279613518837838,0.5,False
2x3l__B1_UNDEFINED--2x3l__A1_UNDEFINED,0.937213627281824,0.5,True
7pwe__A1_Q6AL91--7pwe__B1_Q6AL91,0.843667414029275,0.5,True
6uxu__A1_E2JB04--6uxu__B1_E2JB04,0.872882260129271,0.5,True
3bid__A1_Q7DDI1--3bid__B1_Q7DDI1,0.8700387808825819,0.5,True
4f7w__A1_B5XYG3--4f7w__B1_B5XYG3,0.9255747506302587,0.5,True
2rae__A1_Q0S3N9--2rae__A2_Q0S3N9,0.9522470425515578,0.5046296296296297,True
7ads__A1_A0A0R8HV90--7ads__A2_A0A0R8HV90,0.8301082645398183,0.49994463208017276,True
7yn1__A1_E9JES9--7yn1__C1_E9JES9,0.9146251840331407,0.5,True
3t7y__A1_O84093--3t7y__B1_O84093,0.9531289264334817,0.5,True
8hhj__B1_UNDEFINED--8hhj__A1_A0A0Y5KAW3,0.7646971049510859,0.5,False
7u6p__A1_P11926--7u6p__B1_P11926,0.8781958852004624,0.5,True
4mis__A1_Q57ES7--4mis__B1_Q57ES7,0.9181813339015555,0.5041666666666667,True
2blf__A1_Q9LA16--2blf__B1_Q9LA15,0.9067362213188044,0.5,False
3ke3__A1_Q4FVA8--3ke3__A2_Q4FVA8,0.968653877348722,0.5,True
7ywc__A1_Q9L0T8--7ywc__B1_Q9L0T8,0.9627864504913963,0.5,True
4wwr__B1_P46379--4wwr__A1_P11441,0.8594439050046527,0.5,False
7r0d__B1_Q9NV35--7r0d__A1_Q9NV35,0.947002794745391,0.5,True
8w6x__A1_P21852--8w6x__B1_P21853,0.8853757225334573,0.5,False
8hdv__A1_UNDEFINED--8hdv__B1_UNDEFINED,0.762204897377234,0.5,True
3fmf__A1_P9WPQ5--3fmf__B1_P9WPQ5,0.9226064664733962,0.5,True
2xrm__A1_D0AB41--2xrm__A2_D0AB41,0.9256743646677698,0.5,True
4xj7__A1_P66881--4xj7__B1_P66881,0.9523106075117509,0.5,True
7yrt__E1_H9L4P6--7yrt__A1_H9L4P6,0.7952792981129073,0.5,True
7tye__A1_P0A7J0--7tye__A2_P0A7J0,0.8965519534027742,0.5,True
2zvd__B1_Q9RBY1--2zvd__A1_Q9RBY1,0.9984426599028987,0.5,True
3mtw__A1_Q9A4Z9--3mtw__A2_Q9A4Z9,0.9941089959989862,0.5,True
3n2o__A1_Q7MK24--3n2o__B1_Q7MK24,0.8222412279382498,0.5,True
7ywd__A1_Q8TB36--7ywd__A2_Q8TB36,0.9936976024224347,0.5,True
5upq__A1_A0A0A0V031--5upq__B1_A0A0A0V031,0.9098662872046847,0.5,True
1vgu__A1_Q46893--1vgu__B1_Q46893,0.9343835972853958,0.5,True
7pxo__A1_F4F7G1--7pxo__C1_F4F7G1,0.9254628676004563,0.5,True
2dp9__A1_Q5SM30--2dp9__A2_Q5SM30,0.9494462576222561,0.504424778761062,True
8a7l__A1_M1JS91--8a7l__A2_M1JS91,0.9765237143937338,0.5,True
7uqv__A1_A0A0L6JSP1--7uqv__B1_A0A0L6JSP1,0.9817922071801397,0.5,True
5d1r__A1_P9WMC9--5d1r__B1_P9WMC9,0.9423973203432054,0.5,True
3f6q__A1_Q13418--3f6q__B1_P48059,0.9068713423689623,0.5,False
7xyk__A1_Q77J90--7xyk__B1_Q77J90,0.9376812189323356,0.5,True
7xxk__A1_P0DTC9--7xxk__B1_P0DTC9,0.8658777100728513,0.5,True
3qta__A1_Q5V4K4--3qta__B1_Q5V4K4,0.9863846273051294,0.5,True
8oqj__B1_P06959--8oqj__A1_P06959,0.9184315068493151,0.5,True
1tbp__A1_P13393--1tbp__B1_P13393,0.9304978265884273,0.5,True
7qfk__C1_Q5FLN0--7qfk__A1_Q5FLN0,0.9247732500821558,0.5,True
7r3o__B1_Q460N3--7r3o__A1_Q460N3,0.9322903519328422,0.5,True
2z0l__A1_P03191--2z0l__B1_P03191,0.9130714525398868,0.5,True
1wli__A1_Q46604--1wli__B1_Q46604,0.9536281370656371,0.5,True
8b3e__A1_M4SY06--8b3e__A2_M4SY06,0.9001595288263398,0.5,True
1d8i__A1_O13297--1d8i__A2_O13297,0.940110290267698,0.5,True
7vo4__B2_F1CLA7--7vo4__A1_F1CLA7,0.9804567485891081,0.5,True
8eh0__B1_P50909--8eh0__A1_P50909,0.941817081853958,0.5,True
7q39__A1_UNDEFINED--7q39__A2_UNDEFINED,0.9557425335815484,0.5,True
3seo__B1_Q87GE5--3seo__A1_Q87GE5,0.9814009445241512,0.5,True
3iey__B1_Q74MS9--3iey__A1_Q74MP4,0.9658634390564471,0.5,False
4yto__B1_Q15431--4yto__A1_Q15431,0.803940545833211,0.5,True
6csm__A1_L1J207--6csm__B1_L1J207,0.970039893875998,0.5,True
4ndt__A1_A7UNK4--4ndt__A2_A7UNK4,0.8302790921485284,0.5,True
8j3p__A1_B9WHT3--8j3p__A2_B9WHT3,0.9763143059573293,0.5,True
7pv7__B1_Q7MVV4--7pv7__A1_Q7MVV4,0.8780914745279635,0.5,True
7uj6__A1_Q8RMD9--7uj6__B1_Q8RMD9,0.9553663828663572,0.5,True
3k9i__A1_Q9KFK0--3k9i__A2_Q9KFK0,0.912830150584207,0.5,True
7z1s__A1_A0A3Q7HTY9--7z1s__A2_A0A3Q7HTY9,0.9626116817790076,0.5,True
2e89__A1_O67728--2e89__B1_O67728,0.9825550454938907,0.5,True
2woz__A1_Q9ER30--2woz__A2_Q9ER30,0.9007973916298668,0.5,True
7xxs__A1_B2CKP3--7xxs__B1_B2CKP3,0.9215233652066626,0.5,True
8fir__A1_O83132--8fir__B1_O83132,0.9791030384200483,0.5,True
3i6s__A1_O82777--3i6s__B1_O82777,0.9617565759812342,0.5,True
7yhe__B1_A6YEH4--7yhe__A1_A6YEH4,0.8735829936036219,0.5,True
1ku2__A1_Q9EZJ8--1ku2__B1_Q9EZJ8,0.8543277125723102,0.5,True
6qwo__B1_Q9S5W7--6qwo__A1_Q9S5W7,0.9666727827143019,0.5,True
1mxi__A1_P44868--1mxi__A2_P44868,0.8642841371932009,0.5,True
8fuq__A1_P22363--8fuq__B1_P22363,0.919234626550541,0.5,True
6hhk__B1_A8AST9--6hhk__A1_A8AST9,0.9472869053187,0.5,True
2vhl__A1_O34450--2vhl__A2_O34450,0.9920426250226299,0.5,True
8h1i__A1_W6EBY7--8h1i__B1_P0A9Y6,0.909779971520029,0.5,False
5wan__A1_P75898--5wan__A2_P75898,0.9786448914113499,0.5,True
4x7z__B1_Q49492--4x7z__A1_Q49492,0.9723967544899261,0.5,True
5c6k__B1_P36932--5c6k__A1_P36932,0.9405637031362104,0.5,True
6a1k__A1_P71018--6a1k__B1_P71018,0.964869990654909,0.5,True
7pjh__A1_Q9Y312--7pjh__B1_Q6P2Q9,0.9533449528109569,0.5,False
4joi__A1_Q9H668--4joi__C1_Q86WV5,0.9154659884260656,0.5,False
8axz__A1_P31153--8axz__A2_P31153,0.9519747083191782,0.5,True
8ogi__B1_P11678--8ogi__A1_P11678,0.812476682511688,0.5,True
8cxl__A1_A7KH32--8cxl__B1_A7KH32,0.8813084999754579,0.5,True
7win__B1_Q9UIF8--7win__A1_Q9UIF8,0.8073940388296418,0.5,True
7b80__A1_G3I8R9--7b80__B1_Q9BVA6,0.8426383273224072,0.5,False
4bwv__A1_Q8L5D0--4bwv__B1_Q8L5D0,0.9135288234518072,0.5,True
7drj__A1_P63756--7drj__B1_P63756,0.9089669426841023,0.5,True
6t2b__A1_B2UQL7--6t2b__C1_B2UQL7,0.9680455259529432,0.5,True
8jh0__B1_S2D3K4--8jh0__A1_S2D3K4,0.870598963324553,0.5,True
7t2s__A1_A0A494K842--7t2s__A2_A0A494K842,0.8928288414611723,0.5,True
3frw__B1_A5ZMD8--3frw__A1_A5ZMD8,0.8463800006917668,0.5101537369408424,True
5ab5__A1_C9ZUV7--5ab5__B1_C9ZUV7,0.9620532555368312,0.5,True
8jqp__A2_UNDEFINED--8jqp__B1_UNDEFINED,0.9901831079931416,0.5,True
5myd__C2_A0A2D0TC86--5myd__A1_A0A2D0TC86,0.9484033409192036,0.5,True
5cde__A1_Q8P839--5cde__B1_Q8P839,0.9329699567794241,0.5,True
6pi4__A1_A0R1Z9--6pi4__A2_A0R1Z9,0.982208765859285,0.5183823529411765,True
3ipf__A1_Q251Q8--3ipf__B1_Q251Q8,0.9389133914583476,0.5371717696342211,True
4c11__B1_Q6YMS4--4c11__A1_Q6YMS4,0.9671740012528047,0.5,True
2p3y__A1_Q87I71--2p3y__B1_Q87I71,0.9424019617145246,0.5,True
5jbr__A1_C5C6I1--5jbr__B1_C5C6I1,0.909066119631909,0.5,True
8ttz__A1_G8E2R2--8ttz__B2_G8E2R2,0.9932894080726252,0.5,True
3vba__A1_Q58673--3vba__B1_Q58673,0.9714451536799054,0.5,True
4o6y__B1_Q9SWS1--4o6y__A1_Q9SWS1,0.8966674286939271,0.5,True
4e5r__A1_Q6IRB5--4e5r__A2_Q6IRB5,0.685450282812269,0.5,True
7ywv__A1_Q0SBK1--7ywv__C1_Q0SBK1,0.9790468145209966,0.5,True
8eer__A1_P01116--8eer__A2_P01116,0.938906821283246,0.5,True
3f84__B1_E3PPC4--3f84__A1_E3PPC4,0.8242460338980327,0.5,True
5mu7__A1_G0S6G7--5mu7__B1_G0S6I4,0.9048067396071933,0.5,False
8hfp__B1_Q96T68--8hfp__A1_Q8N8R7,0.7378941961992809,0.5,False
4rmn__B1_Q6NC13--4rmn__A2_Q6NC13,0.946450012176241,0.5,True
3mx1__A1_Q46944--3mx1__A2_Q46944,0.9340951223314389,0.5,True
5gl5__A1_Q06321--5gl5__B1_Q06321,0.9783564807530593,0.5,True
8e77__A1_Q1QD54--8e77__A2_Q1QD54,0.9740766879041831,0.5,True
5gl4__A1_B6YTD8--5gl4__B1_B6YTD8,0.9906633034933778,0.5,True
7wf9__A1_Q3ZT31--7wf9__B1_Q3ZT31,0.8497514169365351,0.5,True
8fw0__B1_P39897--8fw0__A1_P39897,0.870319396579645,0.5,True
8ou8__B1_P0A8M3--8ou8__A1_P0A8M3,0.9382750447874129,0.5,True
7acm__B1_P75811--7acm__A1_P75811,0.8653805934925345,0.5,True
4trb__A1_Q97W95--4trb__B1_Q97W95,0.9385802321946153,0.5,True
7y55__A1_A0A9E8RZN7--7y55__C2_A0A9E8RZN7,0.9598918868353179,0.5,True
2ia9__B1_P28015--2ia9__A1_P28015,0.8726048487321697,0.5,True
3sy6__A1_Q5LE92--3sy6__B1_Q5LE92,0.9707935891620623,0.5,True
6xz3__A1_Q9H1K6--6xz3__A2_Q9H1K6,0.9704218007485597,0.5,True
2h8e__A1_P0AG74--2h8e__A2_P0AG74,0.8556061516931992,0.5,True
3gyx__A1_T2G6Z9--3gyx__B1_T2G899,0.8135645699048913,0.5,False
4e0u__A1_D1D8L6--4e0u__A2_D1D8L6,0.9959739100919356,0.5,True
6teu__A1_O60568--6teu__A2_O60568,0.9414039534190908,0.5,True
6xt5__B1_P49046--6xt5__A1_P49046,0.988111584168129,0.5,True
8g1t__A1_Q07812--8g1t__B1_Q07812,0.7579291434523474,0.5,True
7xp7__B1_W9FXI8--7xp7__A1_W9FXI8,0.9536461495328519,0.5,True
8i55__A1_Q58380--8i55__B1_Q58380,0.9620200783558668,0.5,True
1h65__A1_Q41009--1h65__A2_Q41009,0.9823943547282312,0.5,True
3ol4__A1_A0QRC4--3ol4__B1_A0QRC4,0.9719219776362633,0.5,True
8idq__A1_A0A0B8MZ29--8idq__C1_A0A0B8MZ29,0.9462516286194338,0.5,True
5hcb__A1_P83003--5hcb__B1_P83003,0.9567305392387662,0.5,True
3f6g__B1_Q8F3Q1--3f6g__A1_Q8F3Q1,0.930295859567766,0.5,True
6akj__B1_G2TRN4--6akj__A1_G2TRN4,0.8783635276144357,0.5,True
8ju7__A1_Q9I2U4--8ju7__B1_Q9I2U4,0.9074569861269728,0.5,True
3nel__A1_Q52428--3nel__B1_Q52428,0.9434186756113534,0.5,True
2dc1__A1_O28440--2dc1__B1_O28440,0.9610185354885985,0.5,True
8fzk__B1_P52292--8fzk__A1_P52292,0.8647912790106487,0.5,True
3wnz__A1_P39641--3wnz__A2_P39641,0.9505388749418409,0.5,True
8e1u__A1_A0A160VN62--8e1u__F2_A0A160VN62,0.9646632395629083,0.5,True
1v7c__A1_P83823--1v7c__B1_P83823,0.962543989068816,0.5,True
7skr__A1_Q0QDZ2--7skr__A2_Q0QDZ2,0.8370678658036521,0.5,True
3egg__A1_P62136--3egg__C1_O35274,0.9036526852826092,0.5,False
8imd__A1_UNDEFINED--8imd__B1_UNDEFINED,0.9767786513449552,0.5,True
4yke__B1_G0RYR3--4yke__A1_G0RYR3,0.9958143660911977,0.5,True
1tq9__A1_P00669--1tq9__B1_P00669,0.9326785881618713,0.5,True
4oh3__B1_Q05085--4oh3__A1_Q05085,0.9325240502673895,0.5,True
4q62__A1_Q5ZUB7--4q62__A2_Q5ZUB7,0.9028441362278352,0.5,True
2we5__A1_P0A2X7--2we5__B1_P0A2X7,0.9517367086389343,0.5,True
5t51__A1_Q6CLK3--5t51__B1_Q6CPD1,0.8896518387876413,0.5,False
3i0z__A1_A0A0H2UN25--3i0z__B1_A0A0H2UN25,0.8958980960543954,0.5,True
3wof__A1_Q8RQE9--3wof__B1_A7XX65,0.7225593977887557,0.5,False
8p6k__A1_A0A0H2UWN1--8p6k__B1_A0A0H2UWN1,0.9285531479269749,0.5,True
7z9z__A1_P02754--7z9z__A2_P02754,0.9507608664025838,0.5,True
6d0i__A1_A0A0C5XL88--6d0i__B1_A0A0C5XKJ0,0.8626917105101481,0.5,False
3gs3__A1_Q8MSU4--3gs3__A2_Q8MSU4,0.9946356700012167,0.5,True
2f4m__A1_Q9JI78--2f4m__B1_P54728,0.9289580760421855,0.5,False
4yh8__A1_Q09176--4yh8__B1_P36629,0.833981380198838,0.5,False
6ago__A1_Q9NR48--6ago__C1_Q9UBU8,0.9172861784987847,0.5,False
7rmx__A1_UNDEFINED--7rmx__A2_UNDEFINED,0.9296874969539618,0.5,True
1e44__B1_P00646--1e44__A1_P02984,0.906254607135214,0.5,False
2yri__A1_Q5SLX0--2yri__B1_Q5SLX0,0.981049676652314,0.5,True
1gcj__A1_P70168--1gcj__B1_P70168,0.9810940638616192,0.5,True
7qbp__A1_A4F7B2--7qbp__A2_A4F7B2,0.9553939307854296,0.5,True
4hdd__A1_P09391--4hdd__A2_P09391,0.7533068248842097,0.5,True
3e4q__A1_P13633--3e4q__B1_P13633,0.9659499511264197,0.5,True
8ein__B1_Q6FCQ4--8ein__A1_Q6FCQ4,0.9867894615584706,0.5,True
1zmb__A1_Q97LM8--1zmb__B1_Q97LM8,0.9195287228150639,0.5,True
6ygu__A1_G0RZ64--6ygu__B1_G0S1V1,0.8539364595514328,0.5,False
2yyh__A1_O67435--2yyh__B1_O67435,0.9742819370495127,0.5,True
5wk0__A1_A0A2C9TMM3--5wk0__A2_A0A2C9TMM3,0.9624773027401783,0.5,True
8h4j__A1_W8UQZ7--8h4j__D1_W8UQZ7,0.8760430035604891,0.5,True
1z83__A1_P00568--1z83__B1_P00568,0.9214130178391455,0.5,True
8h2c__A1_Q0P8U0--8h2c__B1_Q0P8U0,0.9230477682224851,0.5,True
2dkh__A1_Q6SSJ6--2dkh__A2_Q6SSJ6,0.8747767856734333,0.5,True
7c7e__A1_A0A0H3MRW3--7c7e__A2_A0A0H3MRW3,0.9491614832535884,0.5,True
7px2__A1_UNDEFINED--7px2__B1_UNDEFINED,0.831127310844292,0.5,True
3dpt__B1_Q8KC98--3dpt__A1_Q8KC98,0.9235819973305794,0.5,True
8u1j__A1_Q9RYE6--8u1j__A2_Q9RYE6,0.8999268957267229,0.5,True
3fgw__A1_Q3TCN2--3fgw__A2_Q3TCN2,0.9780613026791094,0.5,True
7wh0__A1_Q9U2E4--7wh0__B2_Q9U2E4,0.9977006452334025,0.5,True
8dq3__A1_A0A142G3G1--8dq3__B1_A0A142G3G1,0.9143314675477483,0.5,True
8hci__B1_A0A8T8BZJ9--8hci__A1_A0A8T8BZN3,0.8837260017589179,0.5,False
3qth__A1_Q47ZP9--3qth__B1_Q47ZP9,0.8757887535231106,0.5,True
8b28__A1_F6GSX7--8b28__A2_F6GSX7,0.9847495711562054,0.5,True
6scx__A1_Q9BQG2--6scx__B1_Q9BQG2,0.8989599324424007,0.5,True
8hpc__A1_P60327--8hpc__H1_P60327,0.9620702477038686,0.5,True
5n76__A1_P72320--5n76__B1_P72320,0.9466179311495004,0.5,True
8hpi__A1_A0A8D3X086--8hpi__B1_A0A8D3X086,0.9679570398433133,0.5,True
3cq3__A1_Q53W28--3cq3__A2_Q53W28,0.8684552029622452,0.5,True
3kbu__A1_P11277--3kbu__D1_P16157,0.8530399992730062,0.5,False
7pck__A1_P43235--7pck__C2_P43235,0.9810031860268493,0.5,True
5o4z__A1_Q9X1T1--5o4z__A2_Q9X1T1,0.9794870106863371,0.5,True
1vla__A1_Q9X021--1vla__B1_Q9X021,0.9192300896905887,0.5,True
5oed__A1_Q6EAT3--5oed__B1_Q13637,0.9110472352888446,0.5,False
8hyn__A1_UNDEFINED--8hyn__B1_UNDEFINED,0.9642857291867024,0.5,True
7yva__A1_Q9URB4--7yva__B1_Q9URB4,0.971062907737611,0.5,True
7s6n__B1_Q5RGJ8--7s6n__A1_Q5RGJ8,0.8725364182958499,0.5,True
4cz8__A1_Q9UZ55--4cz8__B1_Q9UZ55,0.9443085900557925,0.5,True
6ebn__A1_A0A4P1LYB6--6ebn__B1_A0A4P1LYB6,0.9234506385668216,0.5,True
3lf4__B1_D1MPT3--3lf4__A1_D1MPT3,0.8660665639425801,0.5,True
3ffe__B1_Q93AT8--3ffe__A1_Q93AT8,0.9488666081717492,0.5,True
7zg6__A1_A0A2J0RDY6--7zg6__B1_A0A2J0RDY6,0.8765221280315504,0.5,True
1p65__A1_Q9YJI1--1p65__B1_Q9YJI1,0.8346817611260166,0.5046728971962616,True
8f4q__A1_Q00972--8f4q__A2_Q00972,0.9002294304748356,0.5,True
4rz3__A1_A4IMB4--4rz3__B1_A4IMB4,0.9510681030633341,0.5,True
7tjl__A1_UNDEFINED--7tjl__A2_UNDEFINED,0.9679725807245116,0.5,True
8f8k__A1_O53507--8f8k__A2_O53507,0.9540912084021322,0.5,True
3zw5__A1_A6NK44--3zw5__B1_A6NK44,0.8726125592417062,0.5,True
6l3q__B1_G0SEI5--6l3q__A1_G0SEI5,0.9394173546576233,0.5,True
8ag8__A1_A0A1I5SVP7--8ag8__A2_A0A1I5SVP7,0.935776170060736,0.5,True
2i2w__A1_P63224--2i2w__D1_P63224,0.9572369594665359,0.5,True
2f22__B1_Q9RC77--2f22__A1_Q9RC77,0.9385737759474186,0.5,True
6yex__A1_UNDEFINED--6yex__B1_UNDEFINED,0.8565056124761277,0.5,True
3tng__A1_Q8Y7B7--3tng__A2_Q8Y7B7,0.9341484599320342,0.5,True
8gr8__B1_P08679--8gr8__A1_P08679,0.9732964527525135,0.5,True
7ae8__A1_A0A0B0QJR1--7ae8__B1_A0A0B0QJR1,0.8959442809878433,0.5,True
2w54__B1_O54051--2w54__A1_O54050,0.9144661156294386,0.5,False
4cuc__A1_A0A0H2UP19--4cuc__A2_A0A0H2UP19,0.911459091326281,0.5,True
4b0z__A1_P50524--4b0z__B1_P50524,0.9836762496243615,0.5,True
2re7__A1_Q4FV99--2re7__A2_Q4FV99,0.943601561836856,0.5,True
8h0t__A1_O34614--8h0t__A2_O34614,0.9790938314766531,0.5,True
1te2__A1_P77247--1te2__B1_P77247,0.9715489064395291,0.5,True
7xt2__A1_Q6ZMU5--7xt2__B1_Q6ZMU5,0.9092490188975366,0.5,True
1ev7__A1_P50187--1ev7__B1_P50187,0.9528194661571421,0.5,True
1ogl__A1_O15923--1ogl__A2_O15923,0.9782222884024641,0.5,True
3lrt__B1_Q97CA5--3lrt__A1_Q97CA5,0.966840075300252,0.5,True
3rvb__A1_P26663--3rvb__A2_P26663,0.8274516840491944,0.5,True
3fou__A1_Q5SGZ9--3fou__B1_Q5SGZ9,0.9268810898360251,0.5,True
5jnq__A1_R0BTE9--5jnq__A2_R0BTE9,0.9418045007784335,0.5,True
4g12__A1_A5U5K3--4g12__B1_A5U5K3,0.9774417895676702,0.5,True
3evj__B1_P01008--3evj__A1_P01008,0.9858817980516459,0.5,True
2oq2__B1_P18408--2oq2__A1_P18408,0.9667276412504182,0.5,True
8he6__A1_Q8YSS0--8he6__B1_Q8YSS0,0.9633557591826512,0.5,True
2xij__A1_P22033--2xij__A2_P22033,0.9680687572287054,0.5,True
1nr5__A1_P07547--1nr5__A2_P07547,0.9413841620730005,0.5,True
1gmj__A1_P01096--1gmj__B1_P01096,0.9091626993975768,0.5,True
4yba__B1_Q93K36--4yba__A1_Q93K36,0.9878176122520014,0.5,True
8ok7__A1_M4T0B2--8ok7__D1_M4T0B2,0.9564527409979983,0.5,True
7f76__B1_A0A223KLJ1--7f76__A1_A0A223KLJ1,0.8533378183481076,0.5,True
7vp6__A1_Q9C9L2--7vp6__B1_Q9C9L2,0.7902084041227773,0.5,True
8jmq__A1_A9CQD5--8jmq__B1_A9CQD3,0.9283888363697064,0.5,False
7zgt__A1_W8R3D8--7zgt__B1_W8R3D8,0.982839693795698,0.5,True
7xgt__B1_Q6H8B1--7xgt__A1_Q6H8B1,0.9862526950593913,0.5,True
3i2t__A1_P04412--3i2t__A2_P04412,0.9014460380401343,0.5,True
8tjk__A1_A0A0F7G196--8tjk__B1_A0A0F7G196,0.9605588735243177,0.5,True
7wt0__A1_Q04760--7wt0__B1_Q04760,0.8407818674060799,0.5,True
3if0__A1_Q74MS9--3if0__A2_Q74MS9,0.9907789218180253,0.5060240963855421,True
3qrh__A1_Q8SSM8--3qrh__A2_Q8SSM8,0.9257599598856152,0.5,True
8q70__A1_Q8U2C1--8q70__A2_Q8U2C1,0.9469010938465741,0.5,True
7vso__A1_P02945--7vso__A2_P02945,0.9000814873013595,0.5,True
5f8b__A1_Q4WB03--5f8b__A2_Q4WB03,0.9451982707753814,0.5,True
8ax0__A1_A0A384E145--8ax0__B1_A0A384E145,0.9796499814958601,0.5,True
8ant__B1_A0A1P8CWW1--8ant__A1_A0A1P8CWW1,0.7373419580173146,0.5,True
7r5y__E2_R7PD89--7r5y__A1_R7PD89,0.9889405060128698,0.5,True
7qow__B1_Q93P54--7qow__A1_Q93P54,0.959148770656043,0.5,True
5il7__A1_Q8KC98--5il7__B1_Q8KC98,0.9084053371755647,0.5,True
3ct9__B1_Q8A1V9--3ct9__A1_Q8A1V9,0.9605180194034835,0.5,True
8pvm__A1_P29166--8pvm__B1_P29166,0.9056453209801977,0.5,True
8ct0__F1_S4S3E3--8ct0__A1_S4S3E3,0.9222891290915843,0.5,True
3q2j__B1_P0A3Y5--3q2j__A1_P0A3Y5,0.876857975646975,0.5,True
7xzp__B1_A0A379CIH2--7xzp__A1_A0A379CIH2,0.9704910990303698,0.5,True
7tvm__A1_UNDEFINED--7tvm__B1_UNDEFINED,0.9745384908652919,0.5,True
3qvf__A1_Q56187--3qvf__A2_Q56187,0.9206060080569858,0.5,True
6gxs__A1_Q7NZ70--6gxs__D1_Q7NZ70,0.6474755364965252,0.5,True
2hr8__A1_O58456--2hr8__B1_O58456,0.8652240503810587,0.5,True
2zyf__A1_O87198--2zyf__A2_O87198,0.889540487444223,0.5,True
7s3v__A1_Q16719--7s3v__A2_Q16719,0.9306479889034861,0.5,True
6a29__A1_O32504--6a29__B1_O32504,0.9694161171040515,0.5,True
4ml6__C1_A6GV51--4ml6__A1_A6GV51,0.976854604960972,0.5,True
4cht__A1_Q13472--4cht__B1_Q9H9A7,0.8703854839704939,0.5,False
1n4p__B1_P53610--1n4p__A1_Q04631,0.9509939801233465,0.5,False
1tec__A1_P04072--1tec__B1_P01051,0.9736098731573534,0.5,False
8p1h__A1_E7EX29--8p1h__B2_E7EX29,0.8276197289475717,0.5,True
6b9t__A1_A9A1T2--6b9t__B1_A9A1T2,0.8696199690249645,0.5,True
3g0k__A1_Q2G4A7--3g0k__A2_Q2G4A7,0.8990337306777275,0.5,True
7zoo__B1_A0A979GQH9--7zoo__A1_A0A979GQH9,0.7402078425938756,0.5,True
8hy5__A1_P14920--8hy5__B1_P14920,0.8736089658242118,0.5,True
8fts__A1_R9UTR3--8fts__A2_R9UTR3,0.9639991038395032,0.5,True
1jrk__A1_Q8ZTD8--1jrk__B1_Q8ZTD8,0.9414491827373582,0.5,True
7y8v__A1_UNDEFINED--7y8v__B1_UNDEFINED,0.9524616643202315,0.5,True
2ejn__A1_P30440--2ejn__B1_P30440,0.9739705399567515,0.5,True
5hs5__A1_Q2G0D1--5hs5__B1_Q2G0D1,0.9511818936514178,0.5,True
3v89__A1_Q9K0U9--3v89__B1_P02787,0.8866986660257987,0.5,False
8e3g__B1_P43026--8e3g__A1_P12643,0.8207457494460633,0.5,False
2w8b__A1_P0A855--2w8b__H1_P0A912,0.8898373737832019,0.5,False
5f7p__B1_Q8YAF1--5f7p__A1_Q8YAF1,0.9649384600623394,0.5,True
8f71__B1_Q6N5G3--8f71__A1_Q6N5G3,0.985093286309753,0.5,True
8hwi__B1_A0A327WNX5--8hwi__A1_A0A327WNX5,0.9335160585799318,0.5,True
7r3i__B1_P54292--7r3i__A1_P54292,0.8954460471096967,0.5,True
8afj__A1_A0A179QS89--8afj__B1_A0A179QS89,0.9749892961159708,0.5,True
3pub__B1_E5EVW2--3pub__A1_E5EVW2,0.9438873699262911,0.5,True
8es5__A1_A0A0H2Z732--8es5__B1_A0A0H2Z732,0.9300052804607563,0.5,True
7txn__B1_Q8YVV6--7txn__A1_Q8YVV6,0.9847718071402282,0.5096153846153846,True
3py6__A1_Q2YQ74--3py6__A2_Q2YQ74,0.9533600136280778,0.5,True
1hjr__A1_P0A814--1hjr__C1_P0A814,0.9466154900280321,0.5,True
8k3b__A1_A0A071KWR3--8k3b__A2_A0A071KWR3,0.955769704980989,0.5,True
3w2z__A1_Q8YXY7--3w2z__A2_Q8YXY7,0.9585578716345015,0.5,True
8f78__A1_P55212--8f78__B1_P55212,0.7562534776871592,0.5,True
6wg4__A1_Q14683--6wg4__B1_Q9UQE7,0.7433038188888261,0.5,False
7zry__A1_O60341--7zry__B1_Q9UKL0,0.8995604051294248,0.5,False
1uix__A1_Q28021--1uix__B1_Q28021,0.9079320284139561,0.5,True
7vrc__A1_P38956--7vrc__B1_P22082,0.9106793723354789,0.5,False
1oz0__A1_P31335--1oz0__B1_P31335,0.9518564522999946,0.5,True
7eft__B1_P16926--7eft__A1_P16926,0.8731227085274671,0.5,True
5jsn__A1_P10415--5jsn__B1_UNDEFINED,0.9099712186428921,0.5,False
8e2b__B1_Q2FYI5--8e2b__A1_Q2FYI5,0.9029989229311843,0.5,True
7jw6__A1_Q9VIF1--7jw6__A2_Q9VIF1,0.9670120252667922,0.5,True
1jkw__A1_P51946--1jkw__A2_P51946,0.9571237425883661,0.5,True
4pfp__B1_F1RQI7--4pfp__A1_F1RQI7,0.9805185948638667,0.5,True
8h1s__A1_Q9I5U2--8h1s__B1_Q9HX32,0.8061941301689901,0.5,False
7t0y__A1_P62136--7t0y__B1_Q14684,0.7635194067333572,0.5,False
1tz9__A1_Q82ZC9--1tz9__B1_Q82ZC9,0.9077940182479223,0.5,True
2wns__B1_P11172--2wns__A1_P11172,0.9568917277475643,0.5,True
6s8v__B1_P08195--6s8v__A1_P80188,0.8381145516654082,0.5,False
6hq6__A1_UNDEFINED--6hq6__B1_UNDEFINED,0.954480181693734,0.5,True
2gt4__A1_P32056--2gt4__B1_P32056,0.9156232029432232,0.5,True
3bof__A1_Q9WYA5--3bof__B1_Q9WYA5,0.9936171999664063,0.5,True
6trj__A1_O75475--6trj__A2_O75475,0.8938966288572636,0.4999295476962097,True
8h4z__A1_A0A2X5A3P4--8h4z__B1_A0A2X5A3P4,0.997294059489349,0.5,True
2hre__A1_P22830--2hre__B1_P22830,0.9104764414587554,0.5,True
5yjc__A1_Q5HK94--5yjc__B1_Q5HK94,0.8260349630596164,0.5,True
8d6k__A1_Q9L1K2--8d6k__B1_Q9L1K2,0.9362885844835611,0.5,True
2zew__B1_Q9ZA17--2zew__A1_Q9ZA17,0.9732583623755973,0.5,True
5wpi__A1_Q58PW8--5wpi__B1_Q58PW8,0.9513678945450293,0.5,True
8fk6__A1_A0A0C9S461--8fk6__B1_P80098,0.9089354742789177,0.5,False
7tm7__A1_A0A0H3GYH4--7tm7__B1_A0A0H3GYH4,0.9591781022576895,0.5,True
8gy0__A1_A0A8H4VHP2--8gy0__B1_A0A8H4VHP2,0.8966443645305362,0.5,True
7x4b__A1_A0A2D0TCG3--7x4b__B1_A0A2D0TCG3,0.8746912683422926,0.5,True
4aqp__B1_P54253--4aqp__A1_P54253,0.8951929137814482,0.5,True
3npi__A1_Q6NFU8--3npi__B1_Q6NFU8,0.9311673077323451,0.5,True
8cok__B1_Q9NXR8--8cok__A1_Q9NXR8,0.8790557222508001,0.5,True
1wz3__A1_Q9LVK3--1wz3__B1_Q9LVK3,0.7710669695715372,0.4995596007046389,True
1nw1__A1_Q22942--1nw1__B1_Q22942,0.9180949372386475,0.5,True
1hrp__B1_P0DN86--1hrp__A1_P01215,0.7353089104217652,0.5,False
3qf4__B1_Q9WYC4--3qf4__A1_Q9WYC3,0.9244587547466219,0.5,False
7y4o__B1_A0A0G2JZC4--7y4o__A1_A0A0G2JZC4,0.968603786632504,0.5,True
8hns__A1_A0A377JKY9--8hns__A2_A0A377JKY9,0.866642063597899,0.5,True
3mpn__A1_O67854--3mpn__A2_O67854,0.9718638004513821,0.5,True
6vlg__A2_Q9WTS2--6vlg__C1_Q9WTS2,0.9610596284720319,0.5,True
1v71__A1_O59791--1v71__A2_O59791,0.9804149289385437,0.5,True
3fpk__A1_Q8ZKP5--3fpk__B1_Q8ZKP5,0.8773933814955754,0.5,True
8eb3__A1_K2K6A3--8eb3__B1_K2K6A3,0.959637259430331,0.5,True
4z1i__C1_Q12931--4z1i__A1_Q12931,0.9406729075600466,0.5,True
8pz3__A1_D7SFB8--8pz3__B1_D7SFB8,0.9237303157162663,0.5,True
5vpb__B1_P17535--5vpb__A1_P53539,0.8944173984981545,0.5,False
8bt3__A1_Q6F0T5--8bt3__A2_Q6F0T5,0.9250101955917283,0.5,True
1r7h__A1_O69271--1r7h__B1_O69271,0.8512428139287888,0.5,True
4oag__A1_Q8BGV8--4oag__B1_Q8BGV8,0.8277242231561684,0.5,True
5bo9__A1_O43173--5bo9__B1_O43173,0.8675121644006611,0.5,True
7kws__A1_Q0P8H3--7kws__B1_Q0P8H3,0.9860039325869315,0.5,True
4qa0__A1_Q9BY41--4qa0__B1_Q9BY41,0.9527700205186704,0.5,True
6epi__B1_D5K9G7--6epi__A1_D5K9E3,0.9232802037081449,0.5,False
7qgs__B1_Q09472--7qgs__A1_Q16665,0.8108450704225352,0.5,False
7tz7__A1_P42336--7tz7__B1_P27986,0.8744429005739116,0.5,False
2zl1__A1_Q9UHA4--2zl1__B1_Q9JHS3,0.9282134004082823,0.5,False
4ija__A1_A0A0H3JS71--4ija__B1_A0A0H3JS71,0.9663215344547464,0.5,True
3ijt__B1_Q8DVN6--3ijt__A1_Q8DVN6,0.820678835071218,0.5,True
7qgt__A1_P35520--7qgt__B1_P35520,0.9333937733974038,0.5,True
8i4q__A1_Q8NQI2--8i4q__B1_Q8NQI2,0.9629961918956665,0.5,True
5lxv__A1_G9FCX2--5lxv__B1_A0A1L1QK37,0.9282265350824277,0.5,False
8h25__A1_A0A5R8LFD3--8h25__C1_A0A5R8LFD3,0.9369464733507514,0.5,True
6kjl__A1_Q9RC94--6kjl__B1_Q9RC94,0.8470075014071207,0.5,True
5f3o__A1_C4LU64--5f3o__B1_C4LU64,0.9415765788071689,0.5,True
8arv__A1_Q9HW35--8arv__B1_Q9HW35,0.9792405067379053,0.5,True
2i1a__B1_P40087--2i1a__A1_P40087,0.9427298457666611,0.5,True
2y9x__A1_C7FF04--2y9x__E1_G1K3P4,0.9233839915132297,0.5,False
8waa__A1_P29401--8waa__B1_P29401,0.9601378258684306,0.5,True
6n2f__B1_Q94A94--6n2f__A1_Q94A94,0.9052085213273114,0.5,True
8b08__B1_P0A2K1--8b08__A1_P00929,0.9271316000540515,0.5,False
5ja2__A1_P11454--5ja2__B1_Q9I169,0.8373086405144246,0.5,False
4g3w__A1_O66591--4g3w__A2_O66591,0.988341609269048,0.5,True
5cm2__A1_Q6C999--5cm2__B1_Q6C4P5,0.9158599876749312,0.5,False
6g70__B1_Q8K2Z2--6g70__A1_Q8K2Z2,0.9308341027112502,0.5,True
7xac__A1_P47929--7xac__B1_P47929,0.8334480480149772,0.5,True
4d4t__A1_P0DOE7--4d4t__A2_P0DOE7,0.8973470845096349,0.5,True
2zz8__A1_O34094--2zz8__B1_O34094,0.9568417376999228,0.5,True
8b8h__A1_P9WQA9--8b8h__B1_P9WQA9,0.895022191258882,0.5,True
7u2s__A1_A0A2W1NDJ7--7u2s__B1_A0A2W1NDJ7,0.9269566077193467,0.5,True
1d2g__A1_P13255--1d2g__B1_P13255,0.9428105660893356,0.5,True
7uld__A1_O28028--7uld__A2_O28028,0.9464416126086388,0.5,True
4c0f__B1_Q9NZN8--4c0f__A1_Q9NZN8,0.9074294799085145,0.5,True
8co8__A1_Q9Q6P4--8co8__A2_Q9Q6P4,0.9679545146856158,0.5,True
3lcr__B1_A4KCE5--3lcr__A1_A4KCE5,0.9954890412564463,0.5,True
8b21__A1_Q9S5X0--8b21__B1_Q9S5X0,0.9690366313286695,0.5,True
3swk__A1_P08670--3swk__B1_P08670,0.8930502430186075,0.5,True
8txn__B1_P08120--8txn__A1_P08120,0.9323544243738144,0.5,True
8dak__A1_F2X702--8dak__B1_F2X702,0.9232391941982274,0.5,True
2rde__B1_A0A0H3ADR8--2rde__A1_A0A0H3ADR8,0.9020199447021156,0.5,True
6sek__A1_UNDEFINED--6sek__B1_UNDEFINED,0.9737164058926195,0.5,True
2pih__A1_O31779--2pih__B1_O31779,0.9255921297022895,0.5,True
6v7v__A1_A0SML3--6v7v__B1_A0SML3,0.9485859597749865,0.5,True
7ykv__B1_Q58241--7ykv__A1_Q58241,0.956712833219707,0.5,True
7y4g__A1_Q8A028--7y4g__A2_Q8A028,0.9615212157431823,0.5,True
8cci__A1_A0R7I9--8cci__A2_A0R7I9,0.9653589576973294,0.5,True
6p35__A1_P75913--6p35__A2_P75913,0.9620953121767799,0.5,True
6p3j__A1_Q0KJL4--6p3j__B1_Q0KJL4,0.9545392731040074,0.5,True
4o6p__A1_Q8RDI4--4o6p__B1_Q8RDI4,0.8332796764994207,0.5,True
8ozv__A1_A0A179UH34--8ozv__A2_A0A179UH34,0.9457995466541029,0.5,True
2cim__A1_Q46AN5--2cim__B1_Q46AN5,0.9232154712416045,0.5,True
6tpo__A1_P24474--6tpo__A2_P24474,0.9811368705890957,0.5,True
7wwo__B1_Q5SH57--7wwo__A1_Q5SH57,0.8068811942938788,0.5,True
4pmv__A1_Q8PEU1--4pmv__B1_Q8PEU1,0.9240930607726643,0.5,True
7xge__A1_UNDEFINED--7xge__B1_Q07820,0.9209250254711776,0.4999800884074708,False
6rmr__B1_P19926--6rmr__A1_P19926,0.980845401489494,0.5,True
6hhb__A1_E0SCP7--6hhb__C1_E0SCP7,0.9744783579497057,0.5,True
7e5c__A1_A0A1I7CHQ2--7e5c__B1_A0A1I7CHQ2,0.9750105442660569,0.5,True
2gn5__A1_P69542--2gn5__A2_P69542,0.9337438505517883,0.5,True
2wfh__A1_O94813--2wfh__B1_O94813,0.926403562767199,0.5,True
3zco__A1_P06701--3zco__A2_P06701,0.8761811221135816,0.5,True
2ghy__A1_P03051--2ghy__B1_P03051,0.9050869884475852,0.5,True
3htr__A1_Q6N0K4--3htr__B1_Q6N0K4,0.8815834142957137,0.5,True
8aeu__A1_Q00987--8aeu__A2_Q00987,0.8853221677108316,0.4997982786444325,True
1xuv__A1_Q8PZJ2--1xuv__C1_Q8PZJ2,0.938796696502109,0.5,True
2o8p__A1_Q5CYG0--2o8p__A2_Q5CYG0,0.9736892522936313,0.5,True
4zmu__A1_Q9I072--4zmu__B1_Q9I072,0.9460208942684626,0.5,True
3dl3__G2_Q5E3X2--3dl3__C1_Q5E3X2,0.7995136734683705,0.5,True
7yvz__A1_A7LPG5--7yvz__A2_A7LPG5,0.8388646640826873,0.5,True
4ia6__A1_Q5FL96--4ia6__B1_Q5FL96,0.9822455971534784,0.5,True
8bou__A1_A0A7G5MNS2--8bou__B1_A0A7G5MNS2,0.9776526639513039,0.5,True
5gk1__A1_Q7N4Z6--5gk1__B1_Q7N4Z6,0.9459593993505445,0.5,True
5x03__B1_P94426--5x03__A1_P94426,0.9724358360989825,0.5,True
3gku__A1_D0VX24--3gku__B1_D0VX24,0.9728262819822728,0.5,True
1k3e__B1_P58233--1k3e__A1_P58233,0.8761780444855694,0.5,True
6u18__A1_Q9EVJ6--6u18__B1_Q9EVJ6,0.9453795248494475,0.5,True
6b9p__A1_C0HJB3--6b9p__B1_C0HJB3,0.9811111182542622,0.5,True
7wpy__A1_A0A097ZPD5--7wpy__C1_A0A097ZPD5,0.9569770664240911,0.5,True
7xn2__A1_Q8YR38--7xn2__A2_Q8YR38,0.9137604941493758,0.5,True
3qhy__B1_O87916--3qhy__A1_Q93T42,0.9732094515638507,0.5,False
4j5p__B1_P97612--4j5p__A1_P97612,0.9615148710677193,0.5,True
4icq__A1_A0A0H2UN95--4icq__B1_A0A0H2UN95,0.9783019868243809,0.5,True
1klf__B1_P08191--1klf__A1_P31697,0.907314717477004,0.5,False
6y4l__A1_Q15006--6y4l__B1_Q9Y3B6,0.8964077983131309,0.5,False
6dex__B1_Q74ZQ8--6dex__A1_Q75DL0,0.9346950774069569,0.5,False
2z02__A1_Q58987--2z02__B1_Q58987,0.9742628797366584,0.5,True
4l7w__A1_Q7Z4H3--4l7w__A2_Q7Z4H3,0.9441126860730886,0.5,True
6tct__A1_Q9KL67--6tct__B1_Q9KL67,0.9232797427652732,0.5,True
6sul__A1_A8FAR5--6sul__B1_A8FAR5,0.9578162564139366,0.5,True
4qqv__A1_P26954--4qqv__B1_P26954,0.8717087002387005,0.5,True
3l8d__A1_A0RD96--3l8d__A2_A0RD96,0.9551747737302795,0.5,True
7yqa__B1_A0A1C9ZZ39--7yqa__A1_A0A1C9ZZ39,0.8085852434412582,0.5,True
1b8m__B1_P34130--1b8m__A1_P23560,0.8796676934668912,0.5,False
1irq__B1_Q57468--1irq__A1_Q57468,0.8581374045801525,0.5,True
7xi6__A1_A5GXY1--7xi6__B1_A5GXY1,0.8003398730055358,0.5067567567567568,True
6iik__A1_P54578--6iik__B1_P54578,0.9972599645779914,0.5,True
3nau__A1_Q9Y6X8--3nau__B1_Q9Y6X8,0.7882204876129221,0.5,True
3cis__B1_P9WFD7--3cis__A1_P9WFD7,0.9593104498577107,0.5,True
4jzy__B1_O77059--4jzy__A1_O77059,0.9367424630517225,0.5,True
8d03__A1_UNDEFINED--8d03__A2_UNDEFINED,0.976528605761728,0.5108695652173914,True
7yxg__A1_Q9VU77--7yxg__B1_Q9VU77,0.9727200865077974,0.5,True
5cio__A1_A0A1A9TAI5--5cio__B1_A0A1A9TAI5,0.9562277045204698,0.5,True
8jwj__A1_Q9DAG9--8jwj__B1_P62837,0.8243516990932778,0.5,False
6ia6__A1_A0A1C7D1B7--6ia6__A2_A0A1C7D1B7,0.9944045392204233,0.5,True
8h1g__A1_O67518--8h1g__A2_O67518,0.9717033227099177,0.5,True
6x61__A1_Q79V60--6x61__B1_Q8DMT2,0.792824425266166,0.5,False
7kqt__A1_UNDEFINED--7kqt__B1_UNDEFINED,0.9651546278220521,0.5,True
7x0d__A1_A5YW95--7x0d__B1_A5YW95,0.9582167287057931,0.5,True
1ghd__B1_O86089--1ghd__A1_O86089,0.923604621015526,0.5,True
2x6f__A1_Q9W1M7--2x6f__B1_Q9W1M7,0.9342438944734976,0.5,True
8oik__A1_Q9UPU9--8oik__C1_Q9UPU9,0.8867589409642294,0.5,True
6nxl__A1_B4DV12--6nxl__E1_B4DV12,0.9434077728918071,0.5187059509662721,True
8wmy__A1_A0A4U7IGH6--8wmy__B2_A0A4U7IGH6,0.9616852717114126,0.5,True
3trf__A1_Q83AJ3--3trf__A2_Q83AJ3,0.8298983196468588,0.5,True
5h4s__A1_A0A090BWT0--5h4s__A2_A0A090BWT0,0.7414536721021362,0.5,True
2zvb__A1_Q53WA6--2zvb__A2_Q53WA6,0.8948423668477226,0.5,True
8wa7__A1_P27302--8wa7__B1_P27302,0.9662763846581048,0.5,True
3b0z__B1_P40727--3b0z__A1_P40727,0.9081452720169555,0.5,True
4usp__A1_B3GA02--4usp__B1_B3GA02,0.8034924601829887,0.5,True
7cms__A1_P00953--7cms__B1_P00953,0.9682201994037262,0.5,True
7t8q__A1_Q7S860--7t8q__D1_Q7S860,0.8853527194010133,0.5,True
6j9k__A1_A0A425B3G2--6j9k__A2_A0A425B3G2,0.9569137358772067,0.5117245742506008,True
7xp0__A1_Q9I5E1--7xp0__A2_Q9I5E1,0.8945003721142722,0.5,True
8ih4__A1_Q8WVV5--8ih4__B1_Q8WVV5,0.8795769827527273,0.5,True
7qej__A1_P0DV33--7qej__B1_P0DV33,0.929100158661865,0.5,True
1tfe__A1_P43895--1tfe__A2_P43895,0.9685392042775568,0.5,True
2a8f__A1_P15569--2a8f__B1_P15569,0.9612022865572561,0.5,True
4iwq__A1_Q9UHD2--4iwq__A2_Q9UHD2,0.8743298180631153,0.5,True
