system_id,auroc,bacc,is_homodimer
3c07__A1_Q9KZ96--3c07__B1_Q9KZ96,0.9663797579545732,0.5,True
3iqy__A1_P28366--3iqy__A2_P28366,0.879439518369068,0.5,True
7e76__A1_A0A3B6LNA8--7e76__B1_A0A3B6LNA8,0.7511404598154916,0.5,True
3cqc__A1_P57740--3cqc__B1_Q8WUM0,0.9347163163350402,0.5,False
7x1k__A1_Q6DL91--7x1k__B1_Q6DL91,0.8042881936954726,0.5,True
8sgd__A1_P25342--8sgd__B1_P32457,0.7404994260806074,0.5,False
3ecf__A1_Q3M5E4--3ecf__B1_Q3M5E4,0.9264244326412362,0.5,True
6j94__A1_Q93VK5--6j94__B1_Q93VK5,0.7572957868440027,0.5,True
7xsh__A1_K1KV82--7xsh__B2_K1KV82,0.9232565594150672,0.5,True
8v14__A1_G5EEF9--8v14__B1_G5EEF9,0.855104244577412,0.5,True
6r76__A1_H3ZMH8--6r76__B1_H3ZMH8,0.9716891712742395,0.5,True
8ap0__A1_A0A5S9CYM0--8ap0__A2_A0A5S9CYM0,0.9797022574647336,0.5,True
3qph__A1_Q9HGZ9--3qph__A2_Q9HGZ9,0.8269385113162231,0.5,True
3o6j__A1_O67987--3o6j__B1_O67987,0.9818569740883341,0.5,True
6o6z__A1_B6YWC3--6o6z__B1_B6YWC3,0.9375727344547723,0.5,True
3fil__A1_P19909--3fil__B1_P19909,0.7167652607529176,0.5,True
6do2__A1_P11021--6do2__B1_P11021,0.7536364578681525,0.5,True
7f4q__B1_Q22GC0--7f4q__A1_I7M8B9,0.8355377926474427,0.5,False
4hfg__A1_Q9NQG5--4hfg__B1_Q9NQG5,0.3684664934983892,0.5,True
7yh2__A1_A0A1Q9P883--7yh2__B1_A0A1Q9P883,0.9813591740179685,0.5,True
3axs__A1_O67010--3axs__A2_O67010,0.9638689080370508,0.5,True
3cqr__A1_Q39249--3cqr__B1_Q39249,0.4556850818878785,0.5,True
3s8k__A1_P80691--3s8k__B1_P80691,0.9532171151539721,0.5,True
4oun__A1_O31418--4oun__A2_O31418,0.9722644811961199,0.5,True
2iab__A1_Q825J7--2iab__B1_Q825J7,0.8307202952162092,0.5,True
3o3n__A1_Q5U924--3o3n__B1_Q5U923,0.9448530670012374,0.5,False
6f3z__A1_P0ADC3--6f3z__B1_P61316,0.9438358735003027,0.5,False
1hr7__A1_P11914--1hr7__B1_P10507,0.9118989639400829,0.5,False
8gko__B1_P28296--8gko__A1_P28296,0.9531727651990975,0.5,True
2gkv__A1_P00777--2gkv__B1_P68390,0.8971648466444881,0.5,False
8stx__A1_Q4E4E1--8stx__B1_Q4E4E1,0.9832266508163394,0.5,True
4m36__A1_Q582G4--4m36__A2_Q582G4,0.9485230109206136,0.5,True
5wpu__A1_A0A076NBW8--5wpu__A2_A0A076NBW8,0.8318012356879982,0.5,True
5yps__A1_A0A0W4ZF97--5yps__B1_A0A0W4ZF97,0.9295363478803571,0.5,True
5oge__E1_P40107--5oge__A1_P40107,0.9604886322912174,0.5,True
5fey__B1_Q13049--5fey__A1_Q13049,0.8920858986530665,0.5,True
8hce__B1_Q91XB0--8hce__A1_Q91XB0,0.8426547078335512,0.5,True
1ggp__B1_Q7SIF1--1ggp__A1_Q7SIF0,0.8525879915699619,0.5,False
5z50__A1_O05926--5z50__B1_O05926,0.9556877851316286,0.5,True
7t9u__A1_Q86WV6--7t9u__A2_Q86WV6,0.9635304702467808,0.5,True
6ey4__A1_Q5EGM3--6ey4__A2_Q5EGM3,0.9073806054060902,0.5,True
2hvg__A1_A5KBL5--2hvg__B1_A5KBL5,0.906036762001926,0.5,True
6wp7__A1_Q82H41--6wp7__B1_Q82H41,0.8901665835097609,0.5,True
6kfs__A1_B7FR28--6kfs__A2_B7FR28,0.6796939370181503,0.5,True
3shg__A1_E6Z0R3--3shg__B1_E6Z0R4,0.7743377623561273,0.5,False
4wjm__A1_Q2YNY7--4wjm__A2_Q2YNY7,0.9760890474681246,0.5,True
8hmo__A1_A0A0H4P0S7--8hmo__B1_A0A0H4P0S7,0.9671926968793385,0.5,True
8dfk__A1_P39694--8dfk__B1_P39694,0.7251156718490829,0.5,True
6n91__A1_Q9KNI7--6n91__B1_Q9KNI7,0.8736926140542869,0.5,True
1dev__A1_Q15796--1dev__B1_O95405,0.4840957280839375,0.5,False
8c9j__B1_P15559--8c9j__A1_P15559,0.9575178365650151,0.5,True
3rd7__B1_A0A0H2ZY91--3rd7__A1_A0A0H2ZY91,0.9548533680005149,0.5,True
5x1j__A1_G2IQS7--5x1j__A2_G2IQS7,0.9368322925250328,0.5,True
3r2p__A1_P02647--3r2p__A2_P02647,0.8587059048450131,0.5,True
1pdk__A1_P15319--1pdk__B1_P62532,0.8368144280483397,0.5,False
7bjg__A1_Q8IGY1--7bjg__A2_Q8IGY1,0.906499701516054,0.5,True
3kcp__A1_Q06851--3kcp__B1_A3DF10,0.9375235029996883,0.5,False
7bbq__A1_Q6I6B7--7bbq__A2_Q6I6B7,0.9537194386988289,0.5,True
3dpj__E1_Q5LS67--3dpj__F1_Q5LS67,0.8331280633044752,0.5,True
6okh__A1_Q04QG8--6okh__B1_Q04QG8,0.8517441640426304,0.5,True
7tq1__A1_P0AC13--7tq1__A2_P0AC13,0.9826863951344652,0.5,True
7t5y__A1_P0A7E1--7t5y__B1_P0A7E1,0.9443456234980022,0.5,True
5o47__A1_J7HDY4--5o47__A2_J7HDY4,0.9767123710068004,0.5,True
1oo0__A1_P49028--1oo0__B1_Q9V535,0.8795401157981804,0.5,False
3edj__A1_Q8KKG0--3edj__B1_Q8KKG0,0.8873759706315164,0.5,True
5yr0__A1_O88597--5yr0__B1_Q8K245,0.985308231150147,0.5,False
5c21__A1_P09986--5c21__B1_P09986,0.8279445749434531,0.5,True
2gok__A1_Q8U8Z6--2gok__B1_Q8U8Z6,0.9892725638441918,0.5,True
1ww1__A1_Q9WZW8--1ww1__B1_Q9WZW8,0.9748397763251966,0.5,True
1fm0__B1_P30749--1fm0__A1_P30748,0.8905055649142624,0.5,False
4jgo__B1_O31671--4jgo__A1_O31671,0.9016917598816272,0.5,True
3l2k__A1_Q8GPH0--3l2k__B1_Q8GPH0,0.8448269533964478,0.5,True
1yov__A1_Q13564--1yov__B1_Q8TBC4,0.9170481751291685,0.5,False
7zvd__A1_P11413--7zvd__A2_P11413,0.9733936421490712,0.5,True
8grh__B1_P51553--8grh__A1_P50213,0.9400659800738218,0.5,False
1lxd__A1_Q03386--1lxd__B1_Q03386,0.3641381112256911,0.5,True
5m97__A1_Q10113--5m97__B1_Q10113,0.9771334236319609,0.5,True
7ax1__A1_Q9ULM6--7ax1__B1_Q9UIV1,0.965240766418757,0.5,False
8d4w__A1_A0A8B4R830--8d4w__A2_A0A8B4R830,0.7030514549229916,0.5,True
7ynw__B2_Q57834--7ynw__A1_Q57834,0.9925927998940147,0.5,True
4rgp__A1_Q8DTU7--4rgp__B1_Q8DTU7,0.9202639952212484,0.5,True
8twd__C1_P0AEV1--8twd__A1_W8SRD3,0.7889043381535038,0.5,False
3fb9__A1_A0A0H2US72--3fb9__B1_A0A0H2US72,0.9089231034631474,0.5,True
8a39__A1_A0A024L404--8a39__C2_A0A024L404,0.9811097652341564,0.5,True
3ps8__A1_P01034--3ps8__A2_P01034,0.43787770999058645,0.5,True
7vwp__A2_A0A136PK59--7vwp__B1_A0A136PK59,0.9864766976651096,0.5,True
3a7p__A1_Q03818--3a7p__B1_Q03818,0.9520983141001735,0.5,True
4ql6__A1_A0A0H3MDM0--4ql6__C1_A0A0H3MDM0,0.872028046647429,0.5,True
5nck__A1_Q8RDN7--5nck__B1_Q8RDN7,0.9795483217987432,0.5,True
3w8i__A1_Q9BUL8--3w8i__B1_Q9P289,0.9821288802250406,0.5,False
4oky__A1_Q52612--4oky__A2_Q52612,0.9396302998922832,0.5,True
7x20__A1_P54708--7x20__B1_P07340,0.9520629822215304,0.5,False
3hnw__A1_D0VWZ2--3hnw__B1_D0VWZ2,0.9476965067753845,0.5,True
8r37__A1_A0A086IRG1--8r37__B1_A0A086IRG1,0.8803095836745294,0.5,True
1rqg__A1_Q9V011--1rqg__A2_Q9V011,0.8665462325733957,0.5,True
8brl__A1_F7J213--8brl__A2_F7J213,0.9414282828648871,0.5,True
7qiu__A1_P94538--7qiu__B1_P94538,0.9846725010615393,0.5,True
6sjs__A1_B8FUR2--6sjs__B1_B8FUR2,0.9809606940862066,0.5,True
8hlg__A1_Q9RR88--8hlg__B1_Q9RR88,0.9645115539334161,0.5,True
6mpc__A1_B3DQP5--6mpc__B1_B3DQP5,0.9797775087158211,0.5,True
7pcr__A1_P56185--7pcr__A2_P56185,0.8819105717079563,0.5,True
3bvq__B1_Q2I6W2--3bvq__A1_Q2I6W2,0.913607827079963,0.5,True
6bsu__A1_Q9LZJ3--6bsu__B1_Q9LZJ3,0.8561083666953835,0.5,True
4e5u__B1_Q9HZN8--4e5u__A1_Q9HZN8,0.9798303796015569,0.5,True
8a52__A1_P23222--8a52__B1_P23222,0.9111989297808196,0.5,True
1d0v__A1_Q05603--1d0v__A2_Q05603,0.9717967801909407,0.5,True
3gwq__A1_Q145Q0--3gwq__B1_Q145Q0,0.8831347399494376,0.5,True
1yhc__A1_O67648--1yhc__B1_O67648,0.9022980553948329,0.5,True
7lxs__A1_Q8ZMZ2--7lxs__C1_Q8ZMZ2,0.8561432719848561,0.5,True
6w08__B1_Q9KL63--6w08__A1_Q9KL63,0.9246134083250814,0.5,True
7wrm__A1_D0IVL9--7wrm__B1_D0IVL9,0.8596689890941474,0.5,True
2yww__B1_Q58801--2yww__A1_Q58801,0.9912663085188028,0.5,True
3lm6__A1_P40869--3lm6__B1_P40869,0.9594864981999751,0.5,True
7trw__A1_A0A380PDL3--7trw__A2_A0A380PDL3,0.7778657754354539,0.5,True
8syc__A1_Q13370--8syc__B1_Q13370,0.4292485839338283,0.5,True
1gk6__A1_P03069--1gk6__B1_P03069,0.9097908361324125,0.5,True
1reo__A1_Q6STF1--1reo__A2_Q6STF1,0.9555292410854946,0.5,True
6s3b__A1_Q88JK6--6s3b__B1_Q88JK6,0.8572814452347026,0.5,True
7tl5__A1_A0A3F3B310--7tl5__B1_A0A3F3B310,0.8852713173198663,0.5,True
2asf__A1_P9WLL7--2asf__A2_P9WLL7,0.9271302700421474,0.5,True
8ilj__A1_A0A242MJ43--8ilj__B1_A0A242MJ43,0.9756263182669938,0.5,True
4usc__A1_A0A0A0Y4H8--4usc__B1_A0A0A0Y4H8,0.9466715241285967,0.5,True
5yp3__A1_Q6F3I7--5yp3__B1_Q6F3I7,0.9878607482227547,0.5,True
8aid__A1_Q9HWJ8--8aid__B1_Q9HWJ8,0.9585449209217373,0.5,True
7yp6__B1_E5L4T5--7yp6__A1_E5L4T5,0.905334674393502,0.5,True
4aql__A1_Q9Y2T3--4aql__A2_Q9Y2T3,0.9564402297503449,0.5,True
3idf__A1_O34252--3idf__B1_O34252,0.8387253480278423,0.5,True
8fjr__A1_D1A807--8fjr__B1_D1A807,0.808625359595591,0.5,True
7z56__B1_F0NGX6--7z56__A1_F0NGX6,0.986584502502147,0.5,True
7olf__A1_A9CEY7--7olf__B1_A9CEY7,0.9438849239955648,0.5,True
3zta__A1_Q2RIF4--3zta__A2_Q2RIF4,0.9609311694702348,0.5,True
3abi__A1_O59312--3abi__B1_O59312,0.9974716361487506,0.5,True
5ab8__A1_P9WN25--5ab8__A2_P9WN25,0.7267830536345539,0.5,True
1guq__A1_P09148--1guq__B1_P09148,0.9362582535396002,0.5,True
6zdw__B1_A0A162MUP0--6zdw__A1_A0A162MUP0,0.8714347079037801,0.5,True
8csd__A1_Q6U8B0--8csd__A2_Q6U8B0,0.9140588206700775,0.5,True
8bfr__A1_P30177--8bfr__A2_P30177,0.9961580800936726,0.5,True
7yk3__A1_O53604--7yk3__B1_O53605,0.958051082876062,0.5,False
6xiv__A1_P16114--6xiv__B2_P16114,0.9126873136362209,0.5,True
8ajx__A1_P17117--8ajx__A2_P17117,0.9213009287710331,0.5,True
8ayj__A1_D5EHC5--8ayj__B1_D5EHC5,0.9772847699664851,0.5,True
8a6e__B2_P02699--8a6e__A1_P02699,0.9214908609670232,0.5,True
4jb7__A1_Q9KTQ6--4jb7__A2_Q9KTQ6,0.8869816695245555,0.5,True
6h3f__A1_A0A0H3JT80--6h3f__A2_A0A0H3JT80,0.9829705455005618,0.5,True
6wxw__A1_F2NWD3--6wxw__B1_F2NWD3,0.8744770877533652,0.5,True
2zw2__A1_F9VNF4--2zw2__B1_F9VNF4,0.875791197406677,0.4998078401229823,True
2wo2__A1_P54764--2wo2__B1_P52799,0.767791451612775,0.5,False
1ord__A1_P43099--1ord__B1_P43099,0.9436848382487316,0.5,True
7zcm__A1_P42196--7zcm__B1_P42259,0.9269604116962551,0.5,False
8aa9__A1_Q9V1Y9--8aa9__B1_Q9V1Y9,0.5792737842591806,0.5,True
4i6y__B1_P13702--4i6y__A1_P13702,0.8971664059606513,0.5,True
1vh4__B1_P77689--1vh4__A1_P77689,0.9325338060778239,0.5,True
3ocd__A1_D7A6E5--3ocd__B1_Q7BQR5,0.8628995831482897,0.5,False
8pq7__A1_M1C5B8--8pq7__B1_D0N0Z8,0.6283425629392403,0.5,False
5abr__A1_P82802--5abr__B1_P82802,0.9906155194498752,0.5,True
2zmf__A1_Q9Y233--2zmf__B1_Q9Y233,0.8517973870212461,0.5,True
2vzk__B1_P0DJQ5--2vzk__A1_P0DJQ5,0.3298772575776828,0.5,True
7wm5__A1_A0A0C2W699--7wm5__A2_A0A0C2W699,0.9401411511010125,0.5,True
1zee__A1_Q8E972--1zee__B1_Q8E972,0.8879671928938402,0.5,True
1f3u__B1_P35269--1f3u__A1_P13984,0.8163933273447596,0.5,False
7tvh__B1_Q9I2Q1--7tvh__A1_Q9I2Q1,0.9446239207957958,0.5,True
5vgm__B1_Q9KL24--5vgm__A1_Q9KL24,0.9755355103761045,0.5,True
4zzh__A1_Q96EB6--4zzh__A2_Q96EB6,0.4855639953769031,0.5,True
6m4v__A1_P0AEX9--6m4v__B1_P62942,0.8876088352764534,0.5,False
7y28__A1_P07814--7y28__B1_P07814,0.8629799786982507,0.5,True
2plg__A1_Q8DKM0--2plg__B1_Q8DKM0,0.8556554313951843,0.5,True
7y7u__A1_A0A222F232--7y7u__B1_A0A222F232,0.9199244943160352,0.5,True
3fgc__A1_P07740--3fgc__B1_P07739,0.9503085478242571,0.5,False
1rve__A1_P04390--1rve__B1_P04390,0.9669182901335889,0.5,True
7zy1__A1_Q9F8A8--7zy1__A2_Q9F8A8,0.9380275009372508,0.5,True
3jxo__B1_A0A0F6AN26--3jxo__A1_A0A0F6AN26,0.9044692163392631,0.5,True
8dqb__A1_A0A0H3FX83--8dqb__A2_A0A0H3FX83,0.9499292875776536,0.5,True
5l16__A1_Q4Q0M0--5l16__A2_Q4Q0M0,0.9700821611033186,0.5,True
3qt7__A1_Q9FD73--3qt7__B1_Q9FD73,0.979389876078813,0.5,True
4aye__D1_Q9JXV4--4aye__A1_P08603,0.8464634857561737,0.5,False
7r3n__A1_P43432--7r3n__B1_P43432,0.9893944120137249,0.5,True
7a0x__B1_Q8ZRZ3--7a0x__A1_Q8ZRZ3,0.9813598427105225,0.5,True
7wjk__A1_P93836--7wjk__A2_P93836,0.7801200867623733,0.5,True
7g99__B1_Q92974--7g99__A1_P61586,0.5201243780797301,0.5,False
5x8z__A1_A3QAQ5--5x8z__B1_A3QAQ5,0.9446617299217984,0.5,True
6dt3__B1_A0A1W1Q5B1--6dt3__A1_A0A1W1Q5B1,0.9818496219600663,0.5,True
7u0r__B1_M9SC49--7u0r__A1_M9SC49,0.9709824198044079,0.5,True
7wbt__A1_Q288C4--7wbt__B1_Q288C4,0.911045750250249,0.5,True
7txe__A1_Q8I6T6--7txe__B1_Q8I6T6,0.3242063147185161,0.5,True
6pyp__A1_P21695--6pyp__B1_P21695,0.9751246000763156,0.5,True
8b2d__A1_F5SYD3--8b2d__B1_F5SYD3,0.901740456973437,0.5,True
1vmg__A1_Q97U11--1vmg__A2_Q97U11,0.882277109006756,0.5,True
6b8l__B1_P0DP23--6b8l__A1_P56696,0.8334872776925665,0.5,False
8sj5__A1_A0A2I4FN75--8sj5__C1_A0A2I4FN75,0.34203830062831697,0.5,True
3nr1__A1_Q8N4P3--3nr1__B1_Q8N4P3,0.9799747464639592,0.5,True
3h3l__A1_A6LFX0--3h3l__A2_A6LFX0,0.9294955733992176,0.5,True
6jdh__A1_A0A2K0XYW4--6jdh__B1_A0A2K0XYW4,0.9493911676739237,0.5,True
3vjz__A1_Q9K0P4--3vjz__B1_Q9K0P4,0.4423209329669278,0.5,True
3et4__A1_Q4QMM5--3et4__A2_Q4QMM5,0.9077082483551173,0.5,True
5or3__A1_Q2UNF9--5or3__D1_Q2UNF9,0.8581054824429621,0.5,True
3fh3__B1_A0A6L8PES2--3fh3__A1_A0A6L8PES2,0.30246253726659345,0.5,True
1go3__A1_Q57840--1go3__B1_Q60351,0.8829383715699506,0.5,False
3zxq__B1_P9WGK1--3zxq__A1_P9WGK1,0.432230520693116,0.5,True
1zlh__A1_P00730--1zlh__B1_Q5EPH2,0.6613758227941721,0.5,False
4h1h__A1_Q8Y6P6--4h1h__B1_Q8Y6P6,0.9009453511123873,0.5,True
2gh1__A1_Q81E32--2gh1__B1_Q81E32,0.8029792444987163,0.5,True
7dl7__F1_B0VJ11--7dl7__A1_B0VJ11,0.9696703284566626,0.5,True
7yu0__B1_Q79F77--7yu0__A1_Q79F77,0.9355590096583956,0.5,True
3cbu__B1_Q473P3--3cbu__A1_Q473P3,0.9068847052912202,0.5,True
3ihk__A1_Q8DVV9--3ihk__A2_Q8DVV9,0.9525766430235424,0.5,True
4y67__A1_Q8IKG4--4y67__B1_Q8IKG4,0.9331140000544256,0.5,True
6ejp__B1_P69986--6ejp__A1_P69986,0.2431865367723389,0.5,True
1poy__A1_P0AFK9--1poy__B1_P0AFK9,0.9374337734890243,0.5,True
3a7o__A1_Q03818--3a7o__B1_Q03818,0.9482393349266253,0.5,True
5n47__B1_P02751--5n47__A1_P80188,0.5936019021277319,0.5,False
8ejm__A1_O43143--8ejm__B1_Q8IWZ8,0.6714175999199832,0.5,False
7jl6__A1_Q9L523--7jl6__B1_Q9L523,0.8737148193159893,0.5,True
1npd__B1_P0A6D5--1npd__A1_P0A6D5,0.977556062379579,0.5,True
8h0h__A1_P9WLU7--8h0h__C1_P9WLU7,0.37741371273643204,0.5,True
3t8l__A1_Q7CUX4--3t8l__B1_Q7CUX4,0.8378534483602949,0.5,True
7ol3__B1_Q8WXF7--7ol3__A1_Q8WXF7,0.8295033105000801,0.5,True
3ent__A1_Q2YAE2--3ent__B1_Q2YAE2,0.9239346342018889,0.5,True
2y4g__A1_D3Y1I2--2y4g__B1_D3Y1I2,0.9412819203152174,0.5,True
7ec7__A1_A0A0H2XGN0--7ec7__A2_A0A0H2XGN0,0.9600476537055636,0.5,True
2o11__A1_P9WPY1--2o11__A2_P9WPY1,0.8570956345456816,0.5,True
8abq__A1_Q13596--8abq__B1_Q9Y5X3,0.9713247494209545,0.5,False
2sak__A1_P68802--2sak__A2_P68802,0.6706549434549585,0.5,True
8h5e__A1_Q5SMG8--8h5e__B1_Q5SMG8,0.935784431128861,0.5,True
8bgm__B1_A0A5P3XKL3--8bgm__A1_A0A5P3XKM0,0.8553053753345836,0.5,False
2ps8__A1_P13513--2ps8__B1_P13513,0.9639428823470468,0.5,True
6awl__A1_O75208--6awl__B1_O75208,0.8937652894197216,0.5,True
4qds__A1_O60462--4qds__B1_O60462,0.294945142557814,0.5,True
6qky__B1_Q97P33--6qky__A1_Q97P33,0.3995164018992481,0.5,True
7nli__B1_P08405--7nli__A1_P08405,0.8509511125001172,0.5,True
8p3m__A1_W0DP94--8p3m__B1_W0DP94,0.9431146358066019,0.5,True
5v7y__A1_A0A4Y1WAP5--5v7y__B1_A0A4Y1WAP5,0.8684645049525173,0.5,True
4aps__A1_Q5M4H8--4aps__B1_Q5M4H8,0.9186730205517681,0.5,True
7ucn__A1_P50120--7ucn__B1_P50120,0.39726533597205743,0.5,True
1ni5__A1_P52097--1ni5__A2_P52097,0.9595429096218601,0.5,True
4a5o__B1_Q9I2U6--4a5o__A1_Q9I2U6,0.9726546539758365,0.5,True
8q5k__A1_A0A0H2Z7A6--8q5k__A2_A0A0H2Z7A6,0.5984771863645781,0.5,True
1ww5__A1_Q6WY08--1ww5__D1_Q6WY08,0.9929318463373787,0.5,True
7ww2__A1_A0A4Q9D6T1--7ww2__B1_A0A4Q9D6T1,0.9435955851900272,0.5,True
2pfk__A1_P0A796--2pfk__B1_P0A796,0.9291181258873116,0.5,True
1i2m__B1_P18754--1i2m__A1_P62826,0.8109998373028808,0.5,False
8i2e__A1_O34841--8i2e__B1_P54421,0.9155439427568158,0.5,False
3pfl__A1_P09373--3pfl__B1_P09373,0.9797575165251945,0.5,True
6gho__B1_Q5L1S1--6gho__A1_O31602,0.672766836642668,0.5,False
1glj__A1_P0A6F3--1glj__B1_P0A6F3,0.9877771277528715,0.5,True
4zq8__B1_A0A0M3KL36--4zq8__A1_A0A0M3KL36,0.9525828510102841,0.5,True
5h4h__B1_O58236--5h4h__A1_O58236,0.9532352066607196,0.5,True
4iv9__A1_P06617--4iv9__B1_P06617,0.922735671719053,0.5,True
6sdk__A1_P26497--6sdk__B1_P26497,0.6132665576942002,0.5,True
2fq4__A1_Q81BJ4--2fq4__A2_Q81BJ4,0.977189590578313,0.5,True
7zeq__B1_Q9WXT1--7zeq__A1_Q9WXT1,0.9402315067495565,0.5,True
5z5h__A1_Q2I2N4--5z5h__A2_Q2I2N4,0.9830933351853985,0.5,True
2fe1__A1_Q8ZZP3--2fe1__A2_Q8ZZP3,0.9838190909668901,0.5,True
7wik__B1_A0R1E6--7wik__A1_A0R1E6,0.892128825597901,0.5,True
7t8o__B1_Q8Y8Y9--7t8o__A1_Q8Y8Y9,0.9084073118786056,0.5,True
7t91__A1_P08151--7t91__B1_P08151,0.04204963369172425,0.5,True
3lg6__A1_D2YW48--3lg6__B1_D2YW48,0.9520612264062354,0.5,True
2o9a__A1_P16528--2o9a__D1_P16528,0.9361790036930401,0.5,True
1zhq__A1_Q9RHG4--1zhq__B1_Q9RHG4,0.7562308454088288,0.5,True
2e0k__B1_Q8KFD9--2e0k__A1_Q8KFD9,0.9365625690302629,0.4999917163684559,True
6izb__A1_P13693--6izb__A2_P13693,0.8920198633700614,0.5,True
3a2f__A1_P61875--3a2f__B1_O73947,0.9579734796172783,0.5,False
3vf0__B1_Q8IY67--3vf0__A2_P18206,0.6201741041278168,0.5,False
8ehe__A1_A0A0A7KVG3--8ehe__B1_A0A1D3UUC0,0.944208239342634,0.5,False
6hpc__A1_P67697--6hpc__B1_P67697,0.9428231669391376,0.5080645161290323,True
2x3o__A1_Q9I585--2x3o__B1_Q9I585,0.8881792864469567,0.5,True
5y40__A1_P55892--5y40__B1_P55892,0.7704181181385227,0.5,True
1y42__A1_P12063--1y42__A2_P12063,0.94766475862099,0.5,True
2e91__A1_Q12051--2e91__B1_Q12051,0.969610537657701,0.5,True
3iuw__B1_Q8KUB7--3iuw__A1_Q8KUB7,0.9145638701801215,0.5,True
8e7y__A1_Q9RFC8--8e7y__B1_Q9RFC8,0.8541350805738931,0.5,True
4kzn__A1_P15692--4kzn__A2_P15692,0.886561114207656,0.5,True
7z7o__A1_A0A1S4NYF2--7z7o__C1_A0A1S4NYF2,0.8434480626893943,0.5,True
8brp__A1_D8G6F7--8brp__B1_D8G6F7,0.9584210279062335,0.5,True
3qir__A1_Q8TC59--3qir__A2_Q8TC59,0.2778582527279285,0.5,True
8bay__A1_O75874--8bay__B1_O75874,0.9535574744178743,0.5,True
6mhm__B1_Q13510--6mhm__A1_Q13510,0.4666717694901246,0.5,True
8bj7__A1_P07598--8bj7__B1_P07603,0.8806588456179296,0.5,False
8b80__A1_W8QF82--8b80__B1_W8QF82,0.9609030083825814,0.5,True
5wxx__A1_Q9RNB4--5wxx__A2_Q9RNB4,0.9404896866973509,0.5,True
8f7l__A1_P43490--8f7l__B1_P43490,0.8905061628353285,0.5,True
3cz1__A1_Q9U9J6--3cz1__B1_Q9U9J6,0.6901164090018215,0.5,True
8a0c__A1_Q2ERG0--8a0c__B1_Q2ERG0,0.9176466542924491,0.5,True
5mpy__A1_Q9LPZ1--5mpy__B1_Q9LPZ1,0.7091337066144168,0.5,True
1anu__A1_Q06851--1anu__A2_Q06851,0.858190897004346,0.5,True
3vs8__A1_C1DM33--3vs8__C1_C1DM33,0.861214635416355,0.5,True
7zi8__A1_P27707--7zi8__A2_P27707,0.954068246934968,0.5,True
1peu__A1_Q08698--1peu__A2_Q08698,0.9831169994728988,0.5,True
5uk5__B1_Q63722--5uk5__A1_Q07008,0.6121034869998304,0.5,False
7vg5__A1_Q49135--7vg5__B1_Q49135,0.9655302054892922,0.5,True
4jkz__A1_A0R6I8--4jkz__A2_A0R6I8,0.9750493361951229,0.5,True
4aa8__A1_P00794--4aa8__A2_P00794,0.9706939669723254,0.5,True
5yew__A1_Q8IWA4--5yew__B1_Q8IWA4,0.8478622161131406,0.5,True
1hf2__B1_Q9X0D7--1hf2__A1_Q9X0D7,0.9892830383901813,0.5,True
3au0__A1_Q7A382--3au0__A2_Q7A382,0.243061080727527,0.5,True
3gif__A1_O34757--3gif__B1_O34757,0.950977946358713,0.5,True
4axv__A1_A7N805--4axv__A2_A7N805,0.9493658276375111,0.5,True
5c6u__A1_O69689--5c6u__A2_O69689,0.9287726156732785,0.5,True
4nv4__A1_A0A6L7HM74--4nv4__A2_A0A6L7HM74,0.391099211411605,0.5,True
6axf__A1_Q7LDG7--6axf__B1_P61224,0.6366771156624231,0.5,False
5yf1__B1_Q8N4J0--5yf1__A1_Q8N4J0,0.9251063736464009,0.5,True
8j83__A1_C5ATT7--8j83__B1_C5ATT6,0.91474189322854,0.5,False
3fjy__B1_A0ZZM4--3fjy__A1_A0ZZM4,0.9514868761657921,0.5,True
4rg1__A1_Q5T280--4rg1__B1_Q5T280,0.9157138947594776,0.5,True
1ux4__A1_P41832--1ux4__A2_P41832,0.5584403047568006,0.5,True
6rbm__A1_P0ACT4--6rbm__A2_P0ACT4,0.9285505995323594,0.5,True
7wis__A1_P46881--7wis__B1_P46881,0.90800130654062,0.5,True
5a3l__A1_A0A1A9TAD0--5a3l__C1_A0A1A9TAD0,0.4997447409971985,0.5,True
2gz4__A1_Q7D028--2gz4__C1_Q7D028,0.8608052302622123,0.5,True
7xyv__A1_Q9C0D3--7xyv__B1_Q9C0D3,0.5487639882360154,0.5,True
2f9w__A1_Q9HWC1--2f9w__B1_Q9HWC1,0.9495452529262258,0.5,True
2ox1__A1_O30011--2ox1__B1_O30011,0.9927773760635327,0.5,True
2guh__A1_Q0S8Y3--2guh__B1_Q0S8Y3,0.9623774317302249,0.5,True
7br1__A1_A0A7I6N400--7br1__B1_A0A7I6N400,0.9573331528438613,0.5,True
2p04__A1_D0VWX5--2p04__B1_D0VWX5,0.956024184185794,0.5,True
4h5b__A1_Q9RUY5--4h5b__B1_Q9RUY5,0.8528520349541421,0.5,True
4e1o__A1_P19113--4e1o__B1_P19113,0.7443865724098476,0.5,True
7pu4__B1_Q9X053--7pu4__A1_Q9X053,0.4051491594323742,0.5,True
3m1u__A1_Q72DN3--3m1u__B1_Q72DN3,0.9035346549514806,0.5,True
7qii__A1_P0C2N2--7qii__B1_P0C2N4,0.8873298301900748,0.5,False
6ird__A1_Q91UZ1--6ird__B1_Q8NI35,0.5999016766764927,0.5,False
6gg2__A1_Q4WD43--6gg2__A2_Q4WD43,0.9671845363680265,0.5,True
6oei__A1_Q8KG60--6oei__A2_Q8KG60,0.9425394055491411,0.5,True
8hyi__A1_P22223--8hyi__B1_P22223,0.6207041108166509,0.5,True
4b8v__A1_B3VBK9--4b8v__A2_B3VBK9,0.9289030580288313,0.5,True
4lqb__A1_D2Q399--4lqb__B1_D2Q399,0.8836066829730604,0.5,True
2vxb__A1_P87074--2vxb__B1_P87074,0.15232960606820223,0.5,True
1t72__A1_O67053--1t72__B1_O67053,0.9392527310364616,0.5,True
3soo__A1_Q5T7N2--3soo__A2_Q5T7N2,0.6478217448509193,0.5,True
5z1o__A1_D0VWU8--5z1o__B1_D0VWU8,0.7689571580517982,0.5,True
6h40__A1_K5B7F3--6h40__A2_K5B7F3,0.9784991410343581,0.5,True
2etk__A1_Q13464--2etk__B1_Q13464,0.8773361875003507,0.5,True
2p69__A1_Q96GD0--2p69__A2_Q96GD0,0.9832443463380884,0.5,True
4doy__A1_Q6WNP1--4doy__C1_Q6WNP1,0.9604244750849934,0.5,True
6zxw__A1_O29011--6zxw__B1_A0A117KMN5,0.8788062018975954,0.5,False
3lhk__A1_Q60329--3lhk__B1_Q60329,0.9483583688616934,0.5,True
1qpa__A1_P11542--1qpa__B1_P11542,0.8505576156077785,0.5,True
6e52__A1_P03069--6e52__B1_P03069,0.8669388804818595,0.5,True
1fwl__A1_Q58504--1fwl__B1_Q58504,0.9813757875354355,0.5,True
5nkk__A1_O62301--5nkk__B1_Q9XWJ1,0.8189892153740691,0.5,False
1ygt__A1_Q94524--1ygt__A2_Q94524,0.9217802998505785,0.49995899622765294,True
6p40__A1_M1GSK9--6p40__B1_M1GSK9,0.9177595007979527,0.5,True
2wyn__B1_P13482--2wyn__D1_P13482,0.9061348680418023,0.5,True
7yui__A1_P0CG48--7yui__B1_Q9BYM8,0.7807179418908181,0.5,False
8dml__B1_Q87GI3--8dml__A1_Q87GI4,0.8202291343812265,0.5,False
2oi2__A1_A0A0H2UNK6--2oi2__A2_A0A0H2UNK6,0.9196211774336773,0.5,True
4wud__A1_P0AES6--4wud__A2_P0AES6,0.913945899526889,0.5,True
5yzj__A1_A8K0B5--5yzj__B1_A8K0B5,0.5001347194103077,0.5,True
8f61__A1_Q28943--8f61__B1_Q28943,0.8780770149390648,0.5,True
5ho3__A1_W6KHH6--5ho3__B1_W6KHH6,0.8430513137341757,0.5,True
1u5i__A1_Q07009--1u5i__B1_Q64537,0.9278737140342266,0.5,False
1cmc__A1_P0A8U6--1cmc__B1_P0A8U6,0.9334845049130764,0.5,True
6oe2__A1_Q8A9F0--6oe2__A2_Q8A9F0,0.29745136266781225,0.5,True
3gzi__A1_A3QIY5--3gzi__A2_A3QIY5,0.9590502025498513,0.5,True
8pr6__B1_A0A1Q6BKH4--8pr6__A1_A0A1Q6BKH4,0.4866373406336697,0.5,True
8j64__A1_Q967S9--8j64__B1_O00816,0.3756347137627782,0.5,False
8ohw__A1_Q63T97--8ohw__B1_Q63T97,0.8244311128896022,0.5,True
5y4r__A1_O87131--5y4r__B1_Q9HVI1,0.7460275263345996,0.5,False
3ddh__A1_Q8A5Q8--3ddh__B1_Q8A5Q8,0.955403578603481,0.5,True
8d3t__B1_A0A2K2AMS7--8d3t__A1_A0A2K2AMS7,0.5391894337494387,0.5,True
1zk8__A1_Q815X4--1zk8__B1_Q815X4,0.9701143589859166,0.5,True
2w82__A1_Q47730--2w82__B1_Q47730,0.9766332159932748,0.5,True
6l08__A1_O65896--6l08__B1_O65896,0.9568743020311584,0.5,True
4p94__B1_Q4J9K8--4p94__A1_Q4J9K8,0.9748119600834079,0.5,True
4yii__A1_O00762--4yii__B1_Q9UJX6,0.9691804670253092,0.5,False
4rus__A1_P68512--4rus__B1_P68512,0.9186661980848204,0.5,True
2o48__A1_Q9TQS6--2o48__A2_Q9TQS6,0.8947392949564095,0.5,True
7pvw__B1_P00523--7pvw__A1_P00523,0.4380755785287918,0.5,True
2wcu__A1_Q8R2K1--2wcu__B1_Q8R2K1,0.9692577940696112,0.5,True
2p35__A1_Q8UH15--2p35__B1_Q8UH15,0.8317208761404993,0.5,True
5jj8__A1_Q9HVB9--5jj8__A2_Q9HVB9,0.7578936520396116,0.5,True
6ije__A1_A0A083ZID3--6ije__B1_A0A083ZID3,0.9201667989098561,0.5,True
8avu__A1_Q8GPI4--8avu__A2_Q8GPI4,0.9409191631413854,0.5,True
7xdu__B1_A0A1I1Z0X1--7xdu__A1_A0A1I1Z0X1,0.9629246469220701,0.5,True
1xr4__A1_Q8ZRY1--1xr4__B1_Q8ZRY1,0.9208221020526773,0.5,True
2fuq__A1_C6XZB6--2fuq__B1_C6XZB6,0.9239111235440871,0.5,True
5xrw__A1_O25306--5xrw__C1_O25674,0.95799940568111,0.5,False
5l0o__A1_P46940--5l0o__B1_P46940,0.29779407655784307,0.5,True
2zcx__A1_Q9FBX0--2zcx__A2_Q9FBX0,0.8913533427408311,0.5,True
5way__A1_Q97P44--5way__B1_Q97P44,0.9548786339276387,0.5,True
7xey__A1_Q9SU72--7xey__B1_Q9S745,0.9009745544167556,0.5,False
4xlo__C1_Q9KHK2--4xlo__A1_Q9KHK2,0.9425847043142739,0.5,True
6kd6__B1_Q9VAA9--6kd6__A1_Q9VAA9,0.3470436866717562,0.5,True
8k72__A1_Q9NWT6--8k72__A2_Q9NWT6,0.9191678955906802,0.5,True
8b5v__A1_Q4E4A3--8b5v__B1_Q4E4A3,0.9515608657681903,0.5,True
4yo3__A1_D3GUX1--4yo3__A2_D3GUX1,0.9447377337743345,0.5,True
8p8p__A1_P49773--8p8p__B1_P49773,0.9089723200887322,0.5,True
6hrx__A1_O53623--6hrx__B1_O53623,0.9893755361354499,0.5192183693597279,True
3mdo__A1_A6LDR8--3mdo__B1_A6LDR8,0.9594116342264761,0.5,True
8iw0__A1_Q14678--8iw0__B1_Q14678,0.6946550473761524,0.5,True
2rb7__A1_Q313A9--2rb7__B1_Q313A9,0.8685247072181481,0.5,True
3lsj__A1_Q9HUS3--3lsj__B1_Q9HUS3,0.8714606633812376,0.5,True
8g0q__A1_P40460--8g0q__B1_P33895,0.7657302072600072,0.5,False
6ms4__A1_Q9ULC4--6ms4__B1_O43583,0.9228125308994922,0.5,False
7y6b__A1_A0A411GZY8--7y6b__B1_A0A411H025,0.8997517070142768,0.5,False
7zyt__A1_P09622--7zyt__B1_P09622,0.8959167469548586,0.5,True
7lle__A1_Q6QVT7--7lle__B1_Q6QVT7,0.8959265939511809,0.5,True
4csw__A1_D0MK34--4csw__B1_D0MK34,0.962136084749887,0.5,True
7tev__A1_P04181--7tev__A2_P04181,0.892305699801176,0.5,True
2hsa__B1_Q9FEW9--2hsa__A1_Q9FEW9,0.8105259926098322,0.5,True
4tsd__A1_O25673--4tsd__B1_O25673,0.8614244617473078,0.5,True
7qh0__B1_P48499--7qh0__A1_P48499,0.9750866145598384,0.5,True
1ayf__B1_P00257--1ayf__A1_P00257,0.6271153957417264,0.5,True
3neu__A1_Q92AT3--3neu__A2_Q92AT3,0.9019409588159588,0.5,True
8f9x__A1_Q5LVE1--8f9x__B1_Q5LVE1,0.9154250737502021,0.5,True
3pui__A1_Q9L9D7--3pui__A2_Q9L9D7,0.9624540194062208,0.5,True
1rqi__A1_P22939--1rqi__B1_P22939,0.9722244445368927,0.5,True
6pya__A1_P04278--6pya__A2_P04278,0.9762518117529198,0.5,True
1r27__A1_P09152--1r27__B1_P11349,0.9004690854654994,0.5,False
7zuv__A1_A0A2K3DY10--7zuv__D2_A0A2K3DY10,0.7915206119304875,0.5,True
2aho__A1_Q980A5--2aho__B1_Q97Z79,0.9181958939996208,0.5,False
6mni__A1_A0A2V0QX35--6mni__B1_A0A2V0QX35,0.8705320168237926,0.5,True
4kif__B1_Q643C8--4kif__A1_Q643C8,0.970929496023147,0.5,True
7vyu__A1_A0A022MLV4--7vyu__B1_A0A022MLV4,0.8878043632749675,0.5,True
3g23__A1_Q2G8F3--3g23__B1_Q2G8F3,0.9765539348680617,0.5,True
3ui3__A1_O05728--3ui3__B1_O05728,0.9495726822147537,0.5,True
8ohy__A1_Q556V8--8ohy__A2_Q556V8,0.9714891418595122,0.5,True
5zgo__A1_Q5SHW6--5zgo__B1_Q5SHW6,0.8941131208364954,0.5,True
5uph__B1_Q14108--5uph__A1_Q14108,0.7037509959025723,0.5,True
6u3w__A1_P53622--6u3w__B1_P40509,0.8886440871221153,0.5,False
2gsv__B1_P71066--2gsv__A1_P71066,0.8372644574398961,0.5,True
7yh1__A1_A0A5B9DB95--7yh1__B1_A0A5B9DB95,0.9503626902041172,0.49996188152778837,True
6c6r__A1_Q14534--6c6r__B1_Q14534,0.9474608388160002,0.5,True
6p4o__B1_Q970I1--6p4o__A1_Q970I2,0.9449086129003383,0.5,False
2oys__A1_A0A0H2URW2--2oys__B1_A0A0H2URW2,0.9620466475235935,0.5,True
8i85__A1_D2B3F1--8i85__B1_D2B3F1,0.757752044488387,0.5,True
2b0a__A1_Q58193--2b0a__A2_Q58193,0.9457010978956343,0.5,True
3ayh__B1_O94285--3ayh__A1_Q9C0Z9,0.8886243204541637,0.5,False
2g38__B1_Q79FE1--2g38__A1_Q7D756,0.8840933835508169,0.5,False
2z6k__A1_P15927--2z6k__C1_P35244,0.8592802235613325,0.5,False
3p8b__B1_Q8TZK1--3p8b__A1_Q8U440,0.8780621505844769,0.5,False
6z68__A1_A0A1M6Y2K1--6z68__B1_A0A1M6Y2K1,0.8252514723761831,0.5,True
5yz5__A1_Q16555--5yz5__A2_Q16555,0.9099620807046165,0.5,True
6dk9__A1_A7A1Y4--6dk9__A2_A7A1Y4,0.9478827291274327,0.5,True
2p19__A1_Q8NTZ4--2p19__C1_Q8NTZ4,0.9735163079661586,0.5,True
8ai1__B1_Q45595--8ai1__A1_Q45595,0.9286410175727355,0.5,True
7px0__B1_Q9VF53--7px0__A1_Q9VF53,0.9444743648407166,0.5,True
4cmz__B1_Q9BXM0--4cmz__A1_Q9BXM0,0.016944322790097336,0.5,True
8gyz__B1_Q93ZE2--8gyz__A1_Q93ZE2,0.9266271614367956,0.5,True
2ikb__A1_Q7DDI9--2ikb__C1_Q7DDI9,0.9706137829483165,0.5,True
7zam__A1_Q07666--7zam__B1_Q07666,0.44147455642669853,0.5,True
3egv__A1_Q84BQ9--3egv__B1_Q5SLP6,0.8710707658696752,0.5,False
2g9w__A1_P9WMJ5--2g9w__B1_P9WMJ5,0.9391671532237885,0.5,True
2afv__A1_Q8EXP7--2afv__B1_Q8EXP7,0.9111561273923673,0.5,True
7w93__A1_A0A140N873--7w93__A2_A0A140N873,0.9821925449757618,0.5,True
1wl3__B1_Q9X1M1--1wl3__A1_Q9X1M1,0.9730267447412336,0.5,True
4kbx__A1_P45550--4kbx__A2_P45550,0.9467206575644899,0.5,True
8brn__C1_P80366--8brn__A1_P80366,0.8927811655696403,0.5,True
8h5a__A1_P67661--8h5a__B1_P67661,0.8946297214645839,0.5,True
8b4l__B1_D5SK09--8b4l__A1_D5SK09,0.8543283191008039,0.5,True
1nrj__B1_P36057--1nrj__A1_P32916,0.8728062912267496,0.5,False
4rdw__A1_Q9HU77--4rdw__A2_Q9HU77,0.9366151591719544,0.5,True
7vpr__A1_Q6FX18--7vpr__B1_Q6FX18,0.5461632715962761,0.5,True
5a6k__A1_A0A0H2US73--5a6k__B1_A0A0H2US73,0.9797147948516782,0.5,True
7ucd__B1_P17535--7ucd__A1_P53539,0.867143238985663,0.5,False
1qc9__A1_P00642--1qc9__A2_P00642,0.8418826168508914,0.5,True
3ooc__A1_P77239--3ooc__B1_P77239,0.8778431985333834,0.5,True
8pm1__A1_B8GAY9--8pm1__B1_B8GAY9,0.9115264560801822,0.5,True
1vbg__A1_P11155--1vbg__A2_P11155,0.9659915030338239,0.5,True
4ovo__A1_P67954--4ovo__A2_P67954,0.886257710081117,0.5,True
2qgs__A1_A0A0H2VIU2--2qgs__B1_A0A0H2VIU2,0.9392449296643895,0.5,True
8bol__A1_Q04609--8bol__A2_Q04609,0.9572150133798686,0.5,True
3mii__B1_Q08914--3mii__A1_Q08914,0.8885240766415101,0.5,True
3i23__A1_Q835X4--3i23__B1_Q835X4,0.8754505206251337,0.5,True
3itf__A1_P0AE85--3itf__B1_P0AE85,0.7469125871447176,0.5,True
6mw5__A1_K3WC47--6mw5__A2_K3WC47,0.9353289662945723,0.5,True
5vht__A1_P0A9J8--5vht__B1_P0A9J8,0.9777119040852832,0.5,True
6j6x__B1_P53611--6j6x__A1_Q7Z6K3,0.9076110613548491,0.5,False
4tvb__A1_O32323--4tvb__B1_O32323,0.9653556283812117,0.5,True
3jyu__A1_P35123--3jyu__B1_P35123,0.5209680506976115,0.5,True
8dtc__A1_L8GT25--8dtc__B1_L8GT25,0.8102339634252222,0.5,True
8fny__A1_O00418--8fny__B1_P0DP23,0.6913549725522744,0.5,False
7v0b__A1_A0A1E7MYN1--7v0b__B1_A0A1E7MYN1,0.9569441243695644,0.5,True
2vvo__A1_P9WKD7--2vvo__B1_P9WKD7,0.8472904893964758,0.5,True
5yjh__A1_Q15063--5yjh__A2_Q15063,0.7773129667039241,0.5,True
2z5e__A1_Q9BT73--2z5e__B1_Q9BT73,0.9335246455097908,0.5,True
1a8l__A1_Q51760--1a8l__A2_Q51760,0.9946204763139945,0.5,True
8h0r__A1_Q9WVJ5--8h0r__B1_Q9WVJ5,0.29608819431097444,0.5,True
2j7j__A1_P03001--2j7j__A2_P03001,0.5245106109922028,0.5,True
7zbg__A1_Q02880--7zbg__A2_Q02880,0.7262455693413038,0.5,True
1rku__A1_Q9I2Y2--1rku__B1_Q9I2Y2,0.9416100781633477,0.5,True
2wvl__A1_Q72K30--2wvl__B1_Q72K30,0.8761030698388957,0.5,True
8ewa__B1_Q9HW02--8ewa__A1_Q9HW02,0.9506428187139028,0.5,True
2ft0__A1_Q8FBQ3--2ft0__B1_Q8FBQ3,0.9177778664963271,0.5,True
2r01__A1_Q8KFI1--2r01__A2_Q8KFI1,0.924902505940398,0.5,True
8hno__A1_B6YTS4--8hno__B1_B6YTS4,0.9649698444385608,0.5,True
6x88__A1_P52731--6x88__B1_P52731,0.9640385891110109,0.5,True
2x76__A1_Q939Q9--2x76__A2_Q939Q9,0.9945632083150872,0.5,True
7x2p__A1_Q5ZWH7--7x2p__B1_Q5ZWH7,0.6107887745866,0.5,True
2aeu__A1_Q57622--2aeu__A2_Q57622,0.9699193095416341,0.5,True
5kbg__A1_Q43965--5kbg__B1_Q43965,0.9061841725634978,0.5,True
4p9g__A1_Q9REI7--4p9g__A2_Q9REI7,0.9200731003619044,0.5055555555555555,True
7tcv__A1_Q60932--7tcv__A2_Q60932,0.9038048796315288,0.5,True
7vkb__A1_Q5ZSZ6--7vkb__B1_Q5ZSZ7,0.8884643046513905,0.5,False
7r2p__A1_Q46877--7r2p__A2_Q46877,0.8632741536962316,0.5,True
6ggl__B1_C9K1X5--6ggl__A1_C9K1X5,0.9196733123673086,0.5,True
7yi7__A1_Q9Y251--7yi7__B1_Q9Y251,0.3390704575630772,0.5,True
7yka__B1_Q9Y3D6--7yka__A1_Q9Y3D6,0.5312062704922219,0.5,True
8jea__A1_K1QRB6--8jea__D1_K1QRB6,0.9063407611007493,0.5,True
8huc__C1_A0A0H2Z790--8huc__A1_A0A0H2Z790,0.9309257041045428,0.5,True
5mpr__A1_O15382--5mpr__A2_O15382,0.9387926515239153,0.5,True
4ooj__B1_Q5ZSK6--4ooj__A1_Q5ZSK6,0.7810026578824575,0.5,True
8a5v__A1_Q9Y617--8a5v__C1_Q9Y617,0.9200900658318291,0.5,True
3lm2__A1_A9CH74--3lm2__B1_A9CH74,0.9147956799707284,0.5,True
7zwt__A1_P41182--7zwt__A2_P41182,0.35163120887439747,0.5,True
5zwl__B1_Q8DLU1--5zwl__A1_Q8DLG7,0.9103023011455089,0.5,False
6wmz__A1_P23246--6wmz__B1_Q15233,0.5632268575293617,0.5,False
1i4m__A1_P04156--1i4m__A2_P04156,0.3048394636293804,0.5,True
2gjg__A1_Q88EQ6--2gjg__A2_Q88EQ6,0.8379008937960042,0.5,True
4ghm__A1_Q9KTK0--4ghm__B1_Q9KTK0,0.8796687107860138,0.5,True
1tve__A1_P31116--1tve__B1_P31116,0.9632926482511115,0.5,True
3onx__A1_P41697--3onx__B1_P41697,0.633689331194516,0.5,True
8cp4__A1_Q6LXV7--8cp4__A2_Q6LXV7,0.9630982992736951,0.5,True
1ob9__A1_Q97YX6--1ob9__A2_Q97YX6,0.9439612462842674,0.5,True
7zcc__B1_P46327--7zcc__A1_P46327,0.9671189424301707,0.5,True
4kwd__A1_Q9UR08--4kwd__B1_Q9UR08,0.9808549292803912,0.5,True
7wuy__A1_A0A1R3S1W7--7wuy__B1_A0A1R3S1W7,0.9477287573204045,0.5,True
5gtw__A1_I3NX86--5gtw__D1_I3NX86,0.9277834892058284,0.5,True
6loh__A1_O15033--6loh__A2_O15033,0.877770573815577,0.5,True
3a9y__A1_Q68FT9--3a9y__B1_Q68FT9,0.9579042670867781,0.5,True
8ay6__B1_Q9CAJ0--8ay6__A1_A0A067E666,0.8330956128270708,0.5,False
8u5m__A1_Q8TF42--8u5m__F1_Q8TF42,0.9011534502099918,0.5,True
7twa__D1_F8JJ25--7twa__A1_F8JJ25,0.9955938224510346,0.5,True
8fju__B1_P34897--8fju__A1_P34897,0.8630827162254704,0.5,True
1fjj__A1_P12994--1fjj__A2_P12994,0.9459566906279333,0.5,True
8iyi__A1_Q6CVU4--8iyi__B1_Q6CVU4,0.9543902081463848,0.5,True
1uus__A1_O00910--1uus__A2_O00910,0.8316726992982066,0.5,True
1zt2__A1_Q97Z83--1zt2__C1_Q9UWW1,0.9624714012233273,0.5,False
7uex__A1_Q9H999--7uex__A2_Q9H999,0.9456863371689332,0.5,True
6jqy__A1_P9WF13--6jqy__B1_P9WF13,0.9559164733178654,0.5,True
6l6w__A1_A0A3B6UEU3--6l6w__A2_A0A3B6UEU3,0.975094358403211,0.5,True
8grj__B1_Q8GQE7--8grj__A1_A0A0H3KLY3,0.9285912437925021,0.5,False
2j0n__B1_P18013--2j0n__A1_P18013,0.5542126264437746,0.5,True
3rq1__A1_D1BN29--3rq1__C1_D1BN29,0.9323764719364585,0.5,True
5ae6__B1_Q92458--5ae6__A1_Q92458,0.9050077395471791,0.5,True
7qi3__A1_W7NDP8--7qi3__C1_W7NDP8,0.9431528559376134,0.5,True
2yve__A1_Q8NMG3--2yve__B1_Q8NMG3,0.9294371903274927,0.5,True
5ynx__A1_B2GM84--5ynx__B1_B2GM84,0.861220628649231,0.5,True
2r6u__A1_Q0S814--2r6u__C1_Q0S814,0.8289807290818426,0.5,True
8b6m__A1_Q9H2K2--8b6m__B1_Q9H2K2,0.3573879397474038,0.5,True
3kc2__A1_P36151--3kc2__B1_P36151,0.9763176851073914,0.5,True
3vp5__A1_Q9CHR1--3vp5__A2_Q9CHR1,0.9512315789473684,0.5,True
7pvh__A1_B2RLE7--7pvh__B1_B2RLE7,0.724719984573234,0.5,True
4nqf__B2_Q7CW19--4nqf__A1_Q7CW19,0.9763532241668587,0.5,True
1vjh__A1_P0C0B0--1vjh__B1_P0C0B0,0.9509571302767967,0.5,True
5xw4__B1_Q00684--5xw4__A1_Q00684,0.7076011332740484,0.5,True
8aai__A1_O00560--8aai__C1_O00560,0.6192913557774672,0.5,True
4xdl__A1_P57789--4xdl__B1_P57789,0.8167355931123484,0.5,True
6ukl__A1_P0A901--6ukl__F1_P0A901,0.28880534803937286,0.5,True
5dot__A1_P31327--5dot__B1_P31327,0.9018899014305589,0.5,True
5by4__A1_P0ABV6--5by4__A2_P0ABV6,0.9566807681306003,0.5,True
7zxs__A1_Q86TI2--7zxs__C1_Q86TI2,0.9423455290709524,0.5,True
1v6u__A1_Q7SI98--1v6u__B1_Q7SI98,0.8808032042946947,0.5,True
6e27__A1_Q9H257--6e27__B1_Q9H257,0.17342416182052883,0.5,True
7szd__A1_Q96S44--7szd__B1_Q9Y3C4,0.9444994168073924,0.5,False
1h9r__A1_P0A9G8--1h9r__B1_P0A9G8,0.8463958685519692,0.5,True
3on6__A1_A7M0J6--3on6__B1_A7M0J6,0.9391124741269494,0.5,True
8fwy__A1_Q4DGA2--8fwy__B1_Q4DGA2,0.9099643606879193,0.5,True
1yu6__A1_P00780--1yu6__C1_P68390,0.9091453493723707,0.5,False
6ek1__A1_A0A452CST7--6ek1__A2_A0A452CST7,0.9538249785976711,0.5,True
6ckj__A1_P0A0Z8--6ckj__A2_P0A0Z8,0.9688773696809307,0.5,True
1w33__A1_O50957--1w33__B1_O50957,0.3775328597045612,0.5,True
4usk__B1_H7C745--4usk__B2_H7C745,0.9296245759632439,0.5,True
6cmv__B1_Q4J9G1--6cmv__A1_Q4J9G1,0.9830046823643415,0.5,True
7y70__A1_F4KCC2--7y70__A2_F4KCC2,0.5619281004037849,0.5,True
3cwx__A1_P94837--3cwx__B1_P94837,0.9153279815996572,0.5,True
3p1y__A1_O29362--3p1y__B1_O29362,0.9004466957380123,0.5,True
8a8i__A1_Q9R9V9--8a8i__B1_Q9R9V9,0.9850200785785704,0.5,True
5d1l__A1_P62837--5d1l__B1_Q96BH1,0.7910389147868558,0.5,False
8og3__A1_P38489--8og3__B1_P38489,0.9480226442648286,0.5,True
4neh__A1_P20702--4neh__B1_P05107,0.8746770501910434,0.5,False
2prv__A1_O34596--2prv__B1_O34596,0.9293716310601456,0.5,True
6kvn__A1_A0A1S4CVP6--6kvn__A2_A0A1S4CVP6,0.9357183954288637,0.5,True
5tgq__A1_A0A1S4NYF7--5tgq__A2_A0A1S4NYF7,0.9835612068621777,0.5,True
6b3i__A1_P27216--6b3i__B1_P27216,0.5073641714633929,0.5,True
1rqn__A1_O31156--1rqn__B1_O31156,0.9978538826375989,0.5,True
7tcr__A1_A0A2D2D5M1--7tcr__D1_A0A2D2CY73,0.9257237774544185,0.5,False
5l7z__A1_P28750--5l7z__A2_P28750,0.8165848054069165,0.5,True
7ljh__A1_Q769D3--7ljh__B2_Q769D3,0.985660780263618,0.5,True
5frk__A1_D4I047--5frk__B1_D4I047,0.8058812118946685,0.5,True
7xmw__B1_U2Q5N5--7xmw__A1_U2Q5N5,0.4222825325933951,0.5,True
7w2o__A1_Q9HZP1--7w2o__B1_Q9HZP1,0.986334235164084,0.5,True
7uay__A1_P08684--7uay__A2_P08684,0.9979401630930077,0.5,True
5czf__D1_A0A0H3JHG3--5czf__A1_Q8XAD5,0.7545582047685834,0.5,False
2p6p__A1_Q9RPA7--2p6p__B1_Q9RPA7,0.8546637565819619,0.5,True
4u64__A1_Q5ZXA3--4u64__A2_Q5ZXA3,0.9719144577847992,0.5,True
7qbm__A1_P43235--7qbm__B1_P43235,0.353780980594015,0.5,True
3nvm__A1_Q8U4M1--3nvm__B1_Q8U4M2,0.8944713979859169,0.5,False
3wws__A1_Q13188--3wws__D1_Q13188,0.8776676173429916,0.5,True
4c87__A1_F9UMG7--4c87__B1_F9UMG7,0.8564079195130496,0.5,True
2d7e__A1_P17888--2d7e__B1_P17888,0.42487370914728506,0.5,True
7xro__A1_Q9RQ20--7xro__B1_Q9RQ20,0.7255786059110492,0.5,True
5yrj__A1_B6F0T7--5yrj__B1_A0A2Z5V8U8,0.9502472856535682,0.5,False
6yev__C1_P0A744--6yev__A1_P0AA25,0.8179797366633426,0.5,False
8glr__A1_Q8ZJX7--8glr__A2_Q8ZJX7,0.9000197179455,0.5,True
5fwt__A1_Q96MU8--5fwt__A2_Q96MU8,0.716279688251991,0.5,True
4e6s__A1_Q3URR7--4e6s__A2_Q3URR7,0.6489343408150444,0.5,True
8enb__B1_A7DT38--8enb__A1_A0T3A2,0.8093390170757007,0.5,False
8h4p__A1_I1S104--8h4p__B1_I1S104,0.952102766837166,0.5,True
7yo8__A1_P60520--7yo8__A2_P60520,0.6350596242311198,0.5,True
8elf__B1_Q6DYE4--8elf__A1_Q6DYE4,0.8264129884444136,0.5,True
1ax2__A1_P16404--1ax2__A2_P16404,0.9086005153550458,0.5,True
8i33__C1_A0A6Q8PFJ0--8i33__A1_A0A6Q8PFJ0,0.9285588914509536,0.5,True
3q9l__A1_P0AEZ3--3q9l__B1_P0AEZ3,0.9088328083781659,0.5,True
2yk4__A1_P72097--2yk4__A2_P72097,0.42354079040473963,0.5,True
7u5f__C1_Q9HTM2--7u5f__A1_Q9HTM2,0.9612190655900055,0.5,True
5xt3__B1_A0A0U1MUE2--5xt3__A1_A0A0U1MUE2,0.9483783313302429,0.5,True
5iws__A1_Q63GK8--5iws__A2_Q63GK8,0.9437879706585494,0.5,True
2owl__A1_P36767--2owl__B1_P36767,0.9364542610605975,0.5,True
8bca__A1_O75643--8bca__B1_Q6P2Q9,0.7535963416247949,0.5,False
3mcb__B1_P20290--3mcb__A1_Q13765,0.9084289107567016,0.5,False
8gy8__A1_Q8TZT0--8gy8__B1_Q8TZT0,0.9430597020838053,0.5,True
8dkd__A1_G7CIP4--8dkd__A2_G7CIP4,0.9340323909281217,0.5,True
7dus__A1_P08965--7dus__A2_P08965,0.08783145589577629,0.5,True
8gb1__A1_Q9Y3Z3--8gb1__B1_Q9Y3Z3,0.866715970093248,0.5,True
6ikj__A1_Q9I4L6--6ikj__B1_Q9I4L6,0.7703960431144519,0.5,True
8b2q__A1_D0EM77--8b2q__B1_G8UM88,0.7728669450082122,0.5,False
5x42__A1_Q5ZYB7--5x42__B1_Q5ZYC6,0.9449730386595168,0.5,False
1vkh__A1_Q04066--1vkh__B1_Q04066,0.9120755560523082,0.5,True
5omd__A1_Q04377--5omd__A2_Q04377,0.8808146960162488,0.5,True
2vsg__A1_P26329--2vsg__B1_P26329,0.9246796693443536,0.5,True
1jql__A1_P0A988--1jql__B1_P28630,0.9744178823899772,0.5,False
1w9c__A1_O14980--1w9c__B1_O14980,0.31543518845927254,0.5,True
3upl__A1_Q2YIM3--3upl__B1_Q2YIM3,0.9609307069145199,0.5,True
3tm2__A1_Q83XN4--3tm2__B1_Q83XN4,0.8700026819858974,0.5,True
3kxa__A1_Q5F9C2--3kxa__B1_Q5F9C2,0.8160622477617203,0.5,True
7yls__B1_C5CSP6--7yls__A1_C5CSP7,0.8979078532335245,0.5,False
7psg__A1_Q6D515--7psg__B1_Q6D515,0.9014189199585518,0.5,True
8pte__A1_P00698--8pte__A2_P00698,0.8838996701300439,0.5,True
7ykc__A1_P14843--7ykc__B1_P14843,0.9362729966477771,0.5,True
3wxe__A1_E7FEV5--3wxe__B1_P0CG48,0.6847392821884193,0.5,False
2vjf__A1_Q00987--2vjf__B1_O15151,0.6998581149982818,0.5,False
7pvo__A1_P56137--7pvo__A2_P56137,0.9448579471065723,0.5,True
3kkd__A1_Q9HXU1--3kkd__A2_Q9HXU1,0.9461304314317552,0.5,True
3mph__A1_P19801--3mph__B1_P19801,0.884333655481562,0.5,True
6jc4__A1_A6TE44--6jc4__D1_A6TE44,0.935556313983536,0.5,True
2rf4__A1_P46669--2rf4__B1_P50106,0.8913894134532867,0.5,False
4huz__A1_Q9ZBB0--4huz__A2_Q9ZBB0,0.7630017400825073,0.5,True
5gtj__B1_Q9BV47--5gtj__A1_Q9BV47,0.5059866257918425,0.5,True
2xw7__A1_A0QP85--2xw7__B1_A0QP85,0.9293471517994671,0.5,True
6l6h__A1_Q5ZZ22--6l6h__B1_Q5ZZ22,0.9353989201386746,0.5,True
8p7m__A1_P0A434--8p7m__A2_P0A434,0.9572187802989972,0.5,True
6gou__A2_P97275--6gou__C1_P97275,0.8803872023134819,0.5,True
2wwo__A1_Q66ED7--2wwo__B1_Q66ED7,0.9614708905709747,0.5,True
8i3n__A1_Q12178--8i3n__C1_Q12178,0.9464275243503849,0.5,True
1s7i__A1_Q9I3Z5--1s7i__A2_Q9I3Z5,0.8842590172991779,0.5,True
3szw__A1_B7JBP8--3szw__A2_B7JBP8,0.8996955924789375,0.5,True
2nys__A1_Q8U561--2nys__B1_Q8U561,0.9504830794320394,0.5,True
3gr5__A1_O52135--3gr5__A2_O52135,0.743029401801371,0.5,True
3ded__A1_Q7P1I2--3ded__B1_Q7P1I2,0.734969890283971,0.5,True
5b5x__A1_Q75NZ1--5b5x__A2_Q75NZ1,0.5720142686968741,0.5,True
7qga__A1_P21589--7qga__A2_P21589,0.9811745860200038,0.5,True
3sd2__A1_Q8A1T7--3sd2__A2_Q8A1T7,0.6262415813202717,0.5,True
8ow9__A1_G8UQH9--8ow9__B1_G8UQH9,0.9161087034342281,0.5,True
3bcw__B1_A0A0H3LK92--3bcw__A1_A0A0H3LK92,0.9344736641632451,0.5,True
6duy__A1_Q61301--6duy__B2_Q61301,0.5659339226496511,0.5,True
5zyf__A1_Q99ZW0--5zyf__B1_Q99ZW0,0.8443213700887596,0.5,True
2b7o__A1_O53512--2b7o__B1_O53512,0.9267834405430568,0.5,True
1v57__A1_P77202--1v57__A2_P77202,0.94852253996895,0.5,True
7cov__A1_Q06801--7cov__A2_Q06801,0.9062530889327831,0.5,True
6ign__A1_Q61768--6ign__A2_Q61768,0.9284094099672843,0.5,True
3be5__A1_Q8XBR1--3be5__B1_Q8XBR1,0.8723056011984762,0.5,True
4hn3__B1_Q8Y6D1--4hn3__A1_Q8Y6D1,0.8991996577254828,0.5,True
4o8y__A1_Q08723--4o8y__B1_P43588,0.9088604904487366,0.5,False
7uoi__A1_A0A1S8KJG1--7uoi__A2_A0A1S8KJG1,0.9574917911064266,0.5,True
7vma__A1_C5A758--7vma__A2_C5A758,0.9815923169098201,0.5,True
7d9m__A1_A0A4D6NYT7--7d9m__B2_A0A4D6NYT7,0.8121903082220543,0.5,True
2py8__C1_Q55670--2py8__B1_Q55670,0.8363197234346511,0.5,True
7ytl__A1_E1BR24--7ytl__A2_E1BR24,0.7047842816454688,0.5,True
7vxt__A1_Q63W52--7vxt__B1_Q63W52,0.5951956778197609,0.5,True
5cv3__A1_E3M3V1--5cv3__A2_E3M3V1,0.6922719256052589,0.5,True
8c9v__A1_Q1JXV1--8c9v__A2_Q1JXV1,0.9712548183972993,0.5,True
3tsn__A1_Q9PN58--3tsn__B1_Q9PN58,0.9316319224145744,0.5,True
8j51__A1_A0A0E9MUN5--8j51__B1_A0A0E9MUN5,0.8812572090399777,0.5,True
6cz9__A1_Q7WTU0--6cz9__B1_Q7WTT9,0.9008868852582217,0.5,False
8pzo__A1_F9UT68--8pzo__A2_F9UT68,0.9102431939499922,0.5,True
3tqg__B1_Q83DG4--3tqg__A1_Q83DG4,0.925117735899271,0.5,True
7czg__C1_Q8TDY2--7czg__A1_Q8TDY2,0.4684748892665498,0.5,True
7eev__B1_A0A3D9R4E8--7eev__A1_A0A3D9R4E8,0.8661694762148751,0.5,True
8ori__A1_Q2KB35--8ori__B1_Q2KB35,0.9051529486120059,0.5,True
7o6z__A1_A0A7R8L7W4--7o6z__B1_A0A7R8L7W4,0.8607469794960362,0.5,True
8pmr__A1_Q4WL81--8pmr__B1_Q4WL81,0.708242801865932,0.5,True
7u34__A1_Q4X1J1--7u34__A2_Q4X1J1,0.9351947816604421,0.5,True
3fmy__A1_Q46864--3fmy__A2_Q46864,0.943730203666322,0.5,True
7f0o__B1_A0A2I1C3W8--7f0o__A1_A0A2I1C3W8,0.9534719706792056,0.5,True
3ojm__B1_P21802--3ojm__A1_P05230,0.647350782471031,0.5,False
6xgz__A1_P63386--6xgz__B1_P64602,0.9424676493815581,0.5,False
7x2y__A1_A0A076PYH9--7x2y__B1_A0A076PYH9,0.961795744485998,0.5,True
5i4h__B1_P07711--5i4h__A1_P07711,0.2628171393029677,0.5,True
4e6h__A1_Q6CII8--4e6h__A2_Q6CII8,0.9041361026207184,0.5,True
6x7p__A1_Q8GGP1--6x7p__A2_Q8GGP1,0.9407731722032902,0.5,True
3exq__A1_Q03S37--3exq__A2_Q03S37,0.826469306189105,0.5,True
2qvc__A1_Q9WXW9--2qvc__B2_Q9WXW9,0.9754277870938743,0.5,True
6yoa__A1_O82015--6yoa__B1_O82015,0.9262647421228656,0.5,True
7qnm__A1_G0L7V6--7qnm__B1_G0L7V6,0.9839430513692924,0.5,True
3p8v__A1_Q9V228--3p8v__B1_Q9V228,0.9514964690912848,0.5,True
4re1__A1_P28347--4re1__D1_P46937,0.3969616864588416,0.5,False
8iw5__A1_Q8C8U0--8iw5__B1_Q8C8U0,0.7583509726374016,0.5,True
7sq2__B1_Q01970--7sq2__A1_P21279,0.8094949201831695,0.5,False
4lqx__B1_Q97VD2--4lqx__A1_Q97VD2,0.9942967924213708,0.5,True
3owf__A1_P00644--3owf__A2_P00644,0.47253692544569803,0.5,True
2dpl__A1_O59072--2dpl__B1_O59072,0.9646866562241355,0.5,True
4ap5__A1_Q9Y2G5--4ap5__B1_Q9Y2G5,0.8992234431487673,0.5,True
8evy__A1_Q9LCT6--8evy__A2_Q9LCT6,0.994573957232469,0.5,True
5npo__A1_P62593--5npo__B1_D3INY1,0.7147801364140106,0.5,False
5uhs__A1_B0SR19--5uhs__B1_B0SR19,0.8059157151816199,0.5,True
4hsl__A1_Q1LCS4--4hsl__A2_Q1LCS4,0.9602771356257135,0.5,True
8b3s__A1_O31597--8b3s__B1_A0A164W157,0.8117360240366316,0.5,False
5euv__A1_D1LZK0--5euv__B1_D1LZK0,0.9111017346983598,0.5,True
7tmg__A1_A0A0H3GLR2--7tmg__B1_A0A0H3GLR2,0.958289476239489,0.5,True
7tgn__B1_A0A1Q5L7T0--7tgn__A1_A0A1Q5L7T0,0.9864894470070621,0.5,True
4fz2__A1_C7DIA5--4fz2__B1_C7DIA5,0.9359741671840618,0.5,True
6j2l__A1_P37793--6j2l__B1_P37793,0.923253328388968,0.5,True
5grk__A1_Q89XR0--5grk__B1_Q89XR0,0.941280275639707,0.5,True
3qxs__A1_O24872--3qxs__A2_O24872,0.9586004830227722,0.5,True
8q3y__A1_E8URK0--8q3y__B1_E8URK0,0.9750557027443086,0.5,True
1pyb__A1_O66738--1pyb__B1_O66738,0.9184913402323773,0.5,True
7yto__A1_Q9RHU9--7yto__B1_Q9RHU9,0.9387797938274453,0.5,True
5vae__A1_Q9AET9--5vae__B1_Q9AET7,0.8668192684990168,0.5,False
1zrs__A1_Q9HTZ1--1zrs__B1_Q9HTZ1,0.9722304383173255,0.5,True
2cg5__A1_Q9NRN7--2cg5__B1_P49327,0.719502093655114,0.5,False
4yk8__B1_O36019--4yk8__A1_O13978,0.5005367262937694,0.5,False
2iml__A1_O28442--2iml__C1_O28442,0.8845851356665355,0.5,True
6iru__A1_Q9RVF9--6iru__A2_Q9RVF9,0.9861704456170366,0.5,True
4x36__A1_P06653--4x36__A2_P06653,0.9879203698317576,0.5,True
8iev__A1_Q0PAW2--8iev__B1_Q0PAW2,0.9485891717744613,0.5,True
3cyg__A1_A7HM60--3cyg__B1_A7HM60,0.6487741347905283,0.5,True
5kvr__A1_P0ACL9--5kvr__A2_P0ACL9,0.9399376992058744,0.5,True
1na8__A1_Q9UJY5--1na8__B1_Q9UJY5,0.6061194326476671,0.5,True
5fis__A1_H9IUR0--5fis__B1_H9IUR0,0.9168166587568454,0.5,True
5yo8__A1_A0A094YZ24--5yo8__B1_A0A094YZ24,0.9724530504315173,0.5,True
7z6m__A1_A0A0H3LM39--7z6m__A2_A0A0H3LM39,0.9610607621608721,0.5,True
2yxd__A1_Q57836--2yxd__B1_Q57836,0.9410088516014394,0.5,True
1aua__A1_P24280--1aua__A2_P24280,0.9909473775369164,0.5,True
7zw3__A1_P27338--7zw3__B1_P27338,0.8278859400895501,0.5,True
5xjx__I1_C0LGW6--5xjx__A1_Q9SSD1,0.5514586941220317,0.5,False
7xub__A1_Q96KQ7--7xub__B1_Q96KQ7,0.6360069488795159,0.5,True
5xlu__A1_Q65KZ6--5xlu__B1_A9YTT0,0.37344203618121974,0.5,False
8smq__A1_Q182N1--8smq__B1_Q182N1,0.38156153770397633,0.5,True
8eni__A1_A0A0H3JRH8--8eni__A2_A0A0H3JRH8,0.9362734866840913,0.5,True
1q77__A1_O66565--1q77__B1_O66565,0.9512130158904886,0.5,True
6nbp__A1_A0A4P1LYI6--6nbp__A2_A0A4P1LYI6,0.9863064900464993,0.5,True
4wu2__A1_Q7WUJ1--4wu2__B1_Q7WUJ1,0.9285323498445803,0.5,True
2nvn__A1_Q31MH7--2nvn__A2_Q31MH7,0.8146122622228088,0.5,True
3zyh__A1_Q05097--3zyh__B1_Q05097,0.9405005553038749,0.5,True
8a21__A1_A0QJI1--8a21__A2_A0QJI1,0.9723602939293559,0.5,True
8ho2__A1_A0A191T7N6--8ho2__B1_A0A191T7N6,0.8459294618324505,0.5,True
2j8q__A1_O43809--2j8q__B1_O43809,0.7604028552187108,0.5,True
1cx8__A1_P02786--1cx8__B1_P02786,0.8520263558378876,0.5,True
5zfk__A1_Q31LX1--5zfk__B1_Q31LX1,0.971493226618998,0.5,True
2qti__A1_Q8EF26--2qti__A2_Q8EF26,0.873523840368127,0.5127218351019417,True
5djo__B1_Q9EQW7--5djo__A1_Q9EQW7,0.31339549422866786,0.5,True
1kve__B1_P19972--1kve__A1_P19972,0.3504930604851157,0.5,True
4kjq__A1_P37019--4kjq__B1_P37019,0.9327727162918458,0.5,True
8qyw__A1_Q9NVS9--8qyw__A2_Q9NVS9,0.8587694777239208,0.5,True
7t1e__A1_P78556--7t1e__B1_P78556,0.6804315904641253,0.5,True
2ev4__A1_P9WMU9--2ev4__B1_P9WMU9,0.9608753338146167,0.5,True
4m1j__A1_Q9I194--4m1j__B1_Q9I194,0.3761480723513668,0.5,True
8bj3__A1_A0A072U7F9--8bj3__B1_A0A072U7F9,0.9357070942022694,0.5,True
5fcl__A1_Q6D0X0--5fcl__B1_Q6D0X0,0.9376214631539026,0.5,True
2evr__A1_B2J9B4--2evr__A2_B2J9B4,0.657716528459491,0.5,True
4ftw__A1_Q3J2V1--4ftw__A2_Q3J2V1,0.872080408824888,0.5,True
2q6q__B1_P36094--2q6q__A1_P36094,0.9064411767717448,0.5,True
8hx8__A1_Q6L8Q5--8hx8__B1_Q6L8Q5,0.933546444030089,0.5,True
7zgn__A1_U6RE59--7zgn__B1_U6RE59,0.9005375713698269,0.5,True
7fiw__A1_B3CP63--7fiw__B1_Q73HD5,0.7971244708462543,0.5,False
4xd9__A1_C8VMF9--4xd9__B1_Q5B6T5,0.817981219204878,0.5,False
3dme__A1_Q7VU70--3dme__B1_Q7VU70,0.891314320145029,0.5,True
8d0m__A1_P28907--8d0m__A2_P28907,0.7655193787245398,0.5,True
2w6a__A1_Q9Z272--2w6a__B1_Q9Z272,0.9487809286789298,0.5,True
6oje__B1_Q5S007--6oje__A1_Q5S007,0.19518214982356663,0.5,True
7mu0__A1_P9WQK3--7mu0__B1_P9WQK3,0.3290008709581481,0.5,True
4az3__A1_P10619--4az3__B1_P10619,0.36531021895075666,0.5,True
7ug8__B1_Q0I6F8--7ug8__A1_Q0I6F8,0.8986088892537296,0.5,True
6mxv__B1_Q5NFU2--6mxv__A1_Q5NFU2,0.7825833480989777,0.5,True
8ug3__B1_P50053--8ug3__A1_P50053,0.973859615260889,0.5,True
4atm__A1_P49418--4atm__A2_P49418,0.8187278788046054,0.5,True
7x6f__B1_P0AD45--7x6f__A1_P0AD45,0.9805611528181475,0.5,True
5n0s__B1_A0A2R2JFI5--5n0s__A1_A0A2R2JFI5,0.8176152743379693,0.5,True
6m9g__A1_Q5D6Y4--6m9g__B2_Q5D6Y4,0.9591592596834009,0.5,True
7zvz__A1_G1UBD5--7zvz__B1_G1UBD5,0.7734164137776721,0.5,True
3b5m__B1_Q7UTD8--3b5m__A1_Q7UTD8,0.912056265938255,0.5,True
6v0a__B1_B3E641--6v0a__A1_B3E641,0.9383250916125532,0.5,True
3bpj__C1_O75822--3bpj__A1_O75822,0.9149867666104452,0.5,True
7y51__A1_Q8RBF4--7y51__A2_Q8RBF4,0.5011675105525457,0.5,True
6zef__A1_P62136--6zef__C1_Q9C0D0,0.6554358758147378,0.5,False
6u11__A1_A0A1L8HDP6--6u11__A2_A0A1L8HDP6,0.9043378105639386,0.5,True
8i5w__A1_Q8BZN6--8i5w__B1_P63000,0.7825705396936647,0.5,False
3rv1__B1_A7TR32--3rv1__A1_A7TR32,0.8630116571293894,0.5,True
4k3z__A1_Q8YCV0--4k3z__A2_Q8YCV0,0.9245417609278903,0.5,True
5v5t__A1_Q830T5--5v5t__D1_Q830T5,0.7824226180450432,0.5,True
6fp5__B1_Q960Q9--6fp5__A1_Q960Q9,0.6667877396005846,0.5,True
3isx__A1_Q9X0E0--3isx__A2_Q9X0E0,0.9290298439899631,0.5,True
2vkj__A1_Q9X1W9--2vkj__B1_Q9X1W9,0.9506574914173616,0.5,True
5csr__D1_Q9HLB6--5csr__A1_Q9HLB6,0.9841105147349911,0.5,True
1iq8__A1_O58843--1iq8__B1_O58843,0.8898472844784511,0.5,True
3tbm__A1_Q8XVB9--3tbm__B1_Q8XVB9,0.9101858424345068,0.4999097146984471,True
7tur__B1_P00503--7tur__A1_P00503,0.9464779356834354,0.5,True
3vol__A1_Q9I6V6--3vol__A2_Q9I6V6,0.8221765878249027,0.5,True
3jqz__A1_P02768--3jqz__B1_P02768,0.8518905972317493,0.5,True
1vkd__A1_Q9X0V2--1vkd__B1_Q9X0V2,0.919608804415677,0.5,True
8b31__B1_A0A2W4LV58--8b31__A1_A0A2W4LV58,0.9711266429281358,0.5,True
7bzk__A1_Q9SJ89--7bzk__B1_Q6NPF9,0.7206317526212146,0.5,False
3cgh__A1_Q8A0N7--3cgh__A2_Q8A0N7,0.9254338666949932,0.5,True
5vlb__A1_G7IKX3--5vlb__B1_G7IKX3,0.825785896401297,0.5,True
2oer__B1_Q9I3U1--2oer__A1_Q9I3U1,0.9930765214627835,0.5,True
2ylz__A1_Q47PU3--2ylz__A2_Q47PU3,0.7435488209744907,0.5,True
8bjp__B1_A0A1W6VSR4--8bjp__A1_A0A1W6VSR4,0.8912700433863731,0.5,True
6kcx__A1_Q9WZL1--6kcx__A2_Q9WZL1,0.9471739358497893,0.5,True
4q69__A1_Q8A5I0--4q69__B1_Q8A5I0,0.9660069847532833,0.5,True
7xmj__C1_A9QSE8--7xmj__A1_A9QSE8,0.9341328977381791,0.5,True
1pix__A1_Q06700--1pix__B1_Q06700,0.9252039960214535,0.5,True
3l8i__B1_Q9BUL8--3l8i__A1_Q9BUL8,0.8698027092736348,0.5,True
6l2u__A1_Q27RN2--6l2u__B1_Q27RN2,0.1803331236077338,0.5,True
6sl2__A1_C4LWU6--6sl2__A2_C4LWU6,0.9277816509195115,0.5,True
1u6z__B1_P0AFL6--1u6z__A1_P0AFL6,0.9718282278409857,0.5,True
3pm9__A1_Q6NAV4--3pm9__B1_Q6NAV4,0.8942711503132745,0.5,True
3a5y__B1_P0A8N7--3a5y__A1_P0A8N7,0.9176749018553927,0.5,True
6bn1__B1_Q9VCR6--6bn1__A1_Q8T0S6,0.540526166694392,0.5,False
8ji6__A1_A0A861B387--8ji6__B1_A0A861B387,0.9788761507667079,0.5,True
2pjs__A1_A9CIG0--2pjs__B1_A9CIG0,0.9360771413755179,0.5,True
8ke8__A1_Q9HXS0--8ke8__B1_Q9HXS0,0.9481980733453218,0.5,True
3h7l__A1_Q87LX4--3h7l__A2_Q87LX4,0.9417975126442788,0.5,True
7zs8__A1_A0A1D3HIT0--7zs8__B1_A0A1D3HIT0,0.857442160936772,0.5,True
2vc4__A1_P02879--2vc4__A2_P02879,0.3815787019311933,0.5,True
1xe8__B1_Q03629--1xe8__A1_Q03629,0.9649097244611989,0.5,True
7tn6__A1_Q84Y01--7tn6__A2_Q84Y01,0.8596411640881709,0.5,True
7yo6__A1_G8GLP2--7yo6__A2_G8GLP2,0.9462212070159698,0.5,True
8k76__A1_Q8R6D8--8k76__B1_Q8R6D8,0.9908401022262956,0.5,True
1vgx__B1_Q9RRU8--1vgx__A1_Q9RRU8,0.8857486243377689,0.5,True
3cet__B1_Q6M145--3cet__A1_Q6M145,0.9454860419125877,0.5,True
4zlh__B1_P0AB60--4zlh__A1_P0AB60,0.768566231066231,0.5,True
2y84__A1_Q7WT50--2y84__E1_Q7WT50,0.9049597988682208,0.5,True
4me9__A1_Q736B0--4me9__B1_Q736B0,0.9464221948060905,0.5,True
2z51__A1_Q93W20--2z51__A2_Q93W20,0.6759779277688144,0.5,True
8ajq__A1_Q9I0C0--8ajq__B1_Q9I0C0,0.9186432029840208,0.5,True
3gdm__A1_P03962--3gdm__B1_P03962,0.9765179239472894,0.5,True
7yfj__A2_Q15007--7yfj__B1_Q15007,0.9175349026438384,0.5,True
2rkl__F1_Q06263--2rkl__E1_Q06263,0.992585339035062,0.5,True
8cwp__A1_Q06282--8cwp__A2_Q06282,0.9506929511262708,0.5,True
5j1l__B1_O26069--5j1l__A1_O26068,0.6394488132834069,0.5,False
6j26__A1_Q5JIZ3--6j26__B1_Q5JIZ3,0.9368958680584203,0.5,True
6jqv__A1_Q8LC68--6jqv__B1_Q8LC68,0.9419025295971113,0.5,True
2ns9__A1_Q9Y9R3--2ns9__B1_Q9Y9R3,0.7924625116266298,0.5,True
5l8s__A1_E1VFE0--5l8s__C1_E1VFE0,0.9769645941144607,0.5,True
6zrw__A1_B3VS76--6zrw__B1_B3VS76,0.8672694525995793,0.5,True
5fcn__B1_Q66GS9--5fcn__A1_Q66GS9,0.9322404913424743,0.5,True
7vl1__A1_I0AIT9--7vl1__B1_I0AIT9,0.9576693821392759,0.5,True
2rek__B2_Q9ADD9--2rek__A1_Q9ADD9,0.9761530713411805,0.5,True
2zrt__A1_O75340--2zrt__B1_O75340,0.9537384432178416,0.5,True
2f1m__A1_P0AE06--2f1m__B1_P0AE06,0.8203094947181337,0.5,True
3t5t__B1_Q15JG1--3t5t__A1_Q15JG1,0.9535822088388708,0.5,True
4z9r__B1_Q8EGK4--4z9r__A1_Q8EGK4,0.9374303438524823,0.5,True
2oze__A1_Q57280--2oze__A2_Q57280,0.935489974527749,0.5,True
1x6m__A1_Q51669--1x6m__D1_Q51669,0.8541857220057912,0.5,True
4pfc__A1_P14735--4pfc__B1_P14735,0.8986632568666835,0.5,True
6byi__A1_Q8PI23--6byi__B1_Q8PI23,0.9267535212120486,0.5,True
3aaa__A1_P13127--3aaa__B1_P14315,0.9152384906953626,0.5,False
1xgm__A1_P56218--1xgm__B1_P56218,0.9380684311089096,0.5,True
5mrv__A1_Q8IVL8--5mrv__C1_P86912,0.8210699830183811,0.5,False
1vhq__A1_P0ABU5--1vhq__B1_P0ABU5,0.9764920661942559,0.5,True
2pqv__B1_A0A0H2UMZ7--2pqv__A1_A0A0H2UMZ7,0.908541162005432,0.5,True
8pq4__A1_P69782--8pq4__A2_P69782,0.9099985121261717,0.5,True
8a14__A1_A0A0D1E4Q7--8a14__C2_A0A0D1E4Q7,0.7711003291539928,0.5,True
1dtd__A1_P48052--1dtd__B1_P81511,0.7077554379364858,0.5,False
3c6n__B1_Q570C0--3c6n__A1_Q39255,0.9376603288194425,0.5,False
3ctz__A1_Q9NQW7--3ctz__A2_Q9NQW7,0.9878370138033317,0.5,True
1wab__A1_Q29460--1wab__A2_Q29460,0.8711228171215074,0.5,True
1zl5__A1_Q00496--1zl5__B1_Q00496,0.699418684713158,0.5,True
5dbj__A1_Q4KCZ0--5dbj__A2_Q4KCZ0,0.9700588034934486,0.5,True
7qsq__B1_Q9X053--7qsq__A1_Q9X053,0.41217031722314257,0.5,True
7duc__B1_Q2G2U4--7duc__A1_Q2G2U4,0.7573097378094753,0.5,True
2cdu__A1_Q9F1X5--2cdu__B1_Q9F1X5,0.9694710346315054,0.5,True
8g0f__A1_Q6NK15--8g0f__B1_Q6NK15,0.7564667579956292,0.5,True
8a45__B1_B7V7R4--8a45__A1_B7V7R4,0.8975719642103106,0.5,True
6no3__A1_B3FHP0--6no3__B1_B3FHP0,0.7779361297315079,0.5,True
3g7p__A1_B7JA91--3g7p__A2_B7JA91,0.9669439232853867,0.5,True
8khq__A1_A0A1I5R890--8khq__C1_A0A1I5R890,0.915821428038063,0.5,True
7owz__B1_Q9JMA2--7owz__A1_B8ZXI1,0.9151545913098944,0.5,False
6dk7__D1_Q9HUV7--6dk7__A1_Q9HUV7,0.9265143156957167,0.5,True
5t3v__B1_Q9Y2C4--5t3v__A1_Q9Y2C4,0.8463725773069399,0.5,True
8f2l__A1_P9WJY9--8f2l__B1_P9WJY9,0.9294673965325584,0.5,True
8h1l__B1_A0A7U4E834--8h1l__A1_A0A7U4E834,0.8763222130780465,0.5,True
1nye__A1_P0C0L2--1nye__B1_P0C0L2,0.8663193794509884,0.5,True
2ou6__A1_Q9RVG4--2ou6__A2_Q9RVG4,0.9663383040935672,0.5,True
6hp3__A1_O31927--6hp3__B1_O31927,0.894363891563768,0.5,True
8hs0__A1_Q9LIR4--8hs0__A2_Q9LIR4,0.9349793366625272,0.5,True
6gz1__A1_P10151--6gz1__A2_P10151,0.9145758220806192,0.5,True
8pbu__A1_P27708--8pbu__A2_P27708,0.8603089906951249,0.5,True
7p0h__A1_O26008--7p0h__C1_O26008,0.9103613235737588,0.5,True
5b3g__B1_Q9SZF7--5b3g__A1_Q9M384,0.7371703860640519,0.5,False
7vzy__B1_Q84G19--7vzy__A1_Q84G19,0.9560081326529276,0.5,True
2q3t__A1_Q9LUJ3--2q3t__A2_Q9LUJ3,0.8949524684136149,0.5,True
7pt0__A1_Q9KYU4--7pt0__B1_Q9KYU4,0.9432958982489912,0.5,True
6m09__B1_Q8LDU1--6m09__A1_Q8LDU1,0.8594678806206622,0.5,True
7uxs__B1_J8G6Z1--7uxs__A1_J8G6Z1,0.942390376752228,0.5,True
2q03__A1_Q12ML0--2q03__B1_Q12ML0,0.8713849743901603,0.5,True
6kcp__B1_Q9VAA9--6kcp__A1_Q9VAA9,0.33959089657182184,0.5,True
6sj4__B1_A0A022MQ12--6sj4__A1_A0A022MQ12,0.937118266070611,0.5,True
5cyy__A1_P9WG63--5cyy__B1_P9WG63,0.7277883231101555,0.5,True
3tj3__A1_P52294--3tj3__B1_Q9UKX7,0.6510652013682863,0.5,False
3i32__A1_Q72GF3--3i32__A2_Q72GF3,0.9906365898161446,0.5,True
1jk9__B1_P40202--1jk9__A1_P00445,0.9031683463207674,0.5,False
4e4w__A1_P38920--4e4w__B1_P14242,0.8158804109053375,0.5,False
5yw5__A1_Q5NII9--5yw5__D1_Q5NII9,0.9027635608765436,0.5,True
3ab8__A1_Q5SLE3--3ab8__B1_Q5SLE3,0.7536897722444189,0.5,True
3mxt__A1_Q9PIK2--3mxt__A2_Q9PIK2,0.9275758710538241,0.5,True
1wr8__B1_O50129--1wr8__A1_O50129,0.9824410113490128,0.5,True
7war__B1_A0A1B6PFV1--7war__A1_A0A1B6PFV1,0.9406808748050897,0.5,True
7fn1__B1_P32357--7fn1__A1_P33334,0.5636867772984899,0.5,False
7xl7__A1_A0A2J0R8J6--7xl7__B1_A0A2J0R8J6,0.8703162285735104,0.5,True
8vc5__A1_Q9XCL6--8vc5__B1_Q9XCL6,0.9861470060056696,0.5,True
5jfz__A1_P20605--5jfz__B1_P0ADX5,0.8580689688457733,0.5,False
5g37__B1_P10565--5g37__A1_P06575,0.7766333365583739,0.5,False
2gjx__A1_P06865--2gjx__B1_P07686,0.9194519724481068,0.5,False
3aqb__B1_O66129--3aqb__A1_O66127,0.8945280690399138,0.5,False
8q1a__A1_Q16790--8q1a__C2_Q16790,0.6952380634999126,0.5,True
5ez1__B1_P56112--5ez1__A1_P56112,0.8777971608157001,0.5,True
3lwd__A1_Q1QTX1--3lwd__A2_Q1QTX1,0.9450242319628348,0.5,True
8dye__A1_P31040--8dye__B1_Q5VUM1,0.468112242522442,0.5,False
2ch6__A1_Q9UJ70--2ch6__D1_Q9UJ70,0.9537108053535184,0.5,True
3gpn__A1_P15873--3gpn__A2_P15873,0.8517380612321603,0.5,True
7th0__A1_P31667--7th0__A2_P31667,0.8641091339143496,0.5,True
3k1i__D1_O25709--3k1i__A1_O25448,0.6415126041731289,0.5,False
1vbi__A1_Q53W84--1vbi__A2_Q53W84,0.9376331767273218,0.5,True
2oqb__A1_Q4AE70--2oqb__B1_Q4AE70,0.7182483985225865,0.5,True
6saz__B1_Q9UGM5--6saz__A1_P07584,0.5376279973855853,0.5,False
6l9x__A1_F6VRB7--6l9x__A2_F6VRB7,0.770804087004232,0.5,True
3ica__B1_Q7MXR4--3ica__A1_Q7MXR4,0.9405440118084426,0.5,True
6o15__A1_P39353--6o15__B1_P39353,0.902039512988442,0.5,True
2ohc__A1_Q9HIY5--2ohc__B1_Q9HIY5,0.9647162930812374,0.5,True
8qfo__A1_A0A840P3H4--8qfo__B1_A0A840P3H4,0.9537874718904352,0.5,True
5zmy__A1_F1LJ99--5zmy__B1_F1LJ99,0.9423909845095108,0.5,True
6tx3__B1_Q9NWY4--6tx3__A1_Q9UGN5,0.8816116068655288,0.5,False
4tx5__A1_Q9NR28--4tx5__B1_Q9NR28,0.881026157677664,0.5,True
7wnk__B1_A0A1E5TT85--7wnk__A1_A0A1E5TT85,0.9904685090136786,0.5,True
2fn0__B1_Q9X9I8--2fn0__A1_Q9X9I8,0.995830466791322,0.5,True
5x89__A1_Q8TGZ7--5x89__A2_Q8TGZ7,0.9110142850448311,0.5,True
2j0t__A1_P03956--2j0t__D1_P01033,0.41982798603275023,0.5,False
2i9i__A1_O25234--2i9i__A2_O25234,0.7889363339829633,0.5,True
3rtr__G1_Q13616--3rtr__H1_P62877,0.9178174955787315,0.5,False
7lq2__A1_A0A023X3Z4--7lq2__B1_A0A023X3Z4,0.8912947046026022,0.5,True
6aht__A1_A1BZ87--6aht__B1_A1BYM8,0.9418379998206212,0.5,False
8czp__A1_A0A0D5ZBI4--8czp__B1_A0A0D5ZBI4,0.9300027438273336,0.5,True
4ro3__A1_M1RHE3--4ro3__B1_M1RHE3,0.8367665665266548,0.5,True
1c0n__A1_P77444--1c0n__A2_P77444,0.9301923001456558,0.5,True
7tq0__A1_P00459--7tq0__A2_P00459,0.9210857694963237,0.5,True
1o4w__A1_O29664--1o4w__A2_O29664,0.5832864032472078,0.5,True
4jzp__A1_P51572--4jzp__B1_P51572,0.9765932531399961,0.5,True
2or2__A1_P08954--2or2__B1_P08954,0.9873207209634209,0.5,True
5xdf__B1_Q5SL04--5xdf__A1_Q5SL04,0.8715630790572008,0.5,True
6kr4__A1_P10586--6kr4__E1_P60469,0.705398216147316,0.5,False
1itv__A1_P14780--1itv__B1_P14780,0.8685296748105746,0.5,True
2qgi__A1_P05449--2qgi__B1_P05449,0.902676751214308,0.5,True
1a19__A1_P11540--1a19__B1_P11540,0.7629579225759308,0.5,True
8a9x__A1_P15752--8a9x__C1_P15752,0.872873069878877,0.5,True
8e9e__B1_Q02293--8e9e__A1_Q04631,0.8206044454935985,0.5,False
2h4c__A1_Q7T2R1--2h4c__B1_Q7T3T5,0.772303029304693,0.5,False
2bdt__A1_Q9K6P2--2bdt__A2_Q9K6P2,0.9051988709737877,0.5,True
5vbn__A1_P56282--5vbn__B1_Q07864,0.9158174444431686,0.5,False
8gt0__A1_Q8I6U4--8gt0__B1_P01040,0.6392764047766792,0.5,False
5lrr__A1_P22262--5lrr__B1_P22262,0.9669081607627394,0.5,True
4y7i__A1_Q96EF0--4y7i__B1_Q96EF0,0.871891819207286,0.5,True
1who__A1_P43214--1who__A2_P43214,0.8078670984372,0.5,True
4g10__A1_Q9WXJ9--4g10__A2_Q9WXJ9,0.9225521849637928,0.5,True
8q4k__A1_O51180--8q4k__B1_O51180,0.5610266280882445,0.5,True
7rzb__A1_A0A229LVN5--7rzb__A2_A0A229LVN5,0.9134274135876043,0.5,True
7toc__A1_A0A2H0ZMH9--7toc__B1_A0A2H0ZMH9,0.8378140775020375,0.5,True
7ula__B1_Q88ND0--7ula__A1_Q88NC7,0.9232704116388193,0.5,False
8bes__A1_A0A856TAI5--8bes__B1_A0A856TAI5,0.7513587280797301,0.5,True
7wjt__B1_Q8BZB3--7wjt__A1_Q8BZB3,0.8814519273819197,0.5,True
6j9n__A1_X5EPV9--6j9n__B1_A0A425B395,0.7211709597415291,0.5,False
1kll__A1_O05205--1kll__A2_O05205,0.9329283075561592,0.5033885921855544,True
7xky__A1_Q58690--7xky__B1_Q58034,0.9181337642912493,0.5,False
4p04__A1_A0A0D6H805--4p04__B1_A0A0D6H805,0.873030987065879,0.5,True
1txz__A1_Q04299--1txz__A2_Q04299,0.9631942203133146,0.5,True
4af5__A1_Q8NQ97--4af5__A2_Q8NQ97,0.8669404434210473,0.5,True
8af9__A1_Q2YPZ9--8af9__H1_Q2YPZ9,0.8668987179739657,0.5,True
8gm9__D1_P9WPD3--8gm9__A1_P9WPD3,0.937484944771949,0.5,True
7wsx__A1_D9PYV4--7wsx__B1_D9PYV4,0.9594815547509643,0.5,True
4g86__A1_Q79PF6--4g86__B1_Q79PF6,0.8665515569810087,0.5,True
3bq3__A1_Q12395--3bq3__A2_Q12395,0.7801674343490665,0.5,True
7eva__A1_P31490--7eva__A2_P31490,0.946921706998019,0.5,True
8r7d__B1_G5EI71--8r7d__A1_Q8LJL3,0.44666207586213036,0.5,False
7pwy__A1_Q8TDX5--7pwy__B1_Q8TDX5,0.9838070248190462,0.5,True
3ut4__A1_A3DJ21--3ut4__B1_A3DJ21,0.8914963496391308,0.5,True
3ucy__A1_P0DP23--3ucy__A2_P0DP23,0.7235662476911294,0.5,True
8eei__B1_A0A807MR40--8eei__A1_A0A807MR40,0.9773123288547453,0.5,True
8bp5__B1_A0A369SI82--8bp5__A1_A0A369SI82,0.5863622854976419,0.5,True
3l34__B1_Q9HT87--3l34__A1_Q9HT87,0.47104628293979545,0.5,True
8god__A1_Q9UM07--8god__A2_Q9UM07,0.9516468976785463,0.5,True
1h9g__A1_P0A8V6--1h9g__A2_P0A8V6,0.9675708661782304,0.5,True
7qg6__D1_Q9HAU5--7qg6__C1_Q9H1J1,0.5426447109080692,0.5,False
8sz3__B2_Q9NY97--8sz3__A1_Q9NY97,0.9036702338108568,0.5,True
5a10__A1_G1FNI6--5a10__A2_G1FNI6,0.9161790558160289,0.5,True
7qoc__A1_Q8NQV9--7qoc__B1_Q8NQV9,0.9607153029160471,0.5,True
8a90__B1_A0A7S9SWM2--8a90__A1_A0A7S9SWM2,0.9180315459101376,0.5,True
3iaa__A1_Q8KNE0--3iaa__B1_Q8KNE0,0.8603031434937495,0.5,True
3n50__B1_Q9H4W6--3n50__A1_Q9H4W6,0.7588610056419269,0.5,True
2qg3__A1_O28220--2qg3__A2_O28220,0.9176106069035863,0.5,True
7ysk__A1_Q6D6Z8--7ysk__B1_Q6D6Z8,0.9673517562757066,0.5,True
7spz__A1_A8B3G9--7spz__A2_A8B3G9,0.9592124519071809,0.5,True
4q2e__B1_Q9X1B7--4q2e__A1_Q9X1B7,0.829198598419787,0.5,True
8cff__A1_Q7SIF4--8cff__B1_Q7SIF3,0.9096899206307316,0.5,False
8bxl__A1_A0A075TRK9--8bxl__D1_A0A075TRK9,0.9555553466964379,0.5,True
5d4v__C1_Q57913--5d4v__A1_Q57913,0.92020003349235,0.5,True
2p23__A1_O95750--2p23__B1_O95750,0.6152702152289486,0.5,True
7u55__A1_A0A151EDA9--7u55__A2_A0A151EDA9,0.8887566256449219,0.5,True
1rkw__A1_P0A0N4--1rkw__C1_P0A0N4,0.9659987469992253,0.5051020408163265,True
1ps6__A1_P19624--1ps6__B1_P19624,0.9685327234406444,0.5,True
2y21__L1_O28769--2y21__K1_O28769,0.9877347287266411,0.5,True
2z5i__A1_P58772--2z5i__B1_P58772,0.880325274799519,0.5,True
5l7u__B1_A6L2E5--5l7u__A1_A6L2E5,0.9311632002893985,0.5,True
3egq__A1_O28458--3egq__B1_O28458,0.972596095618522,0.5,True
7r3a__A1_Q6LYR8--7r3a__E1_Q6LYR8,0.9636975059760096,0.5,True
7yq0__A1_A0A101DF63--7yq0__B1_A0A101DF63,0.9818336680572826,0.5,True
3wsc__A1_Q25C86--3wsc__B1_Q25C86,0.7712397124459534,0.5,True
4pib__B1_Q2SVW5--4pib__A1_Q2SVW5,0.8998534768899372,0.5,True
7vmx__B1_P9WNN1--7vmx__A1_P9WNM1,0.8197101034901375,0.5,False
1ykd__A1_P94182--1ykd__B1_P94182,0.5951462376717258,0.5,True
4ux7__A1_Q183F3--4ux7__B1_Q183F3,0.7840756083548407,0.5,True
3k3d__A1_P9WLZ7--3k3d__A2_P9WLZ7,0.9456455324596473,0.5,True
7q1d__D2_P29808--7q1d__A1_P29808,0.8239502056322363,0.5,True
1sj5__A1_Q9WY07--1sj5__B1_Q9WY07,0.9661299648448931,0.5,True
4c12__A1_Q2FZP6--4c12__A2_Q2FZP6,0.8917916908085944,0.5,True
3k9m__A1_P07858--3k9m__B1_P01040,0.6495675262858767,0.5,False
1ccd__A1_P17559--1ccd__A2_P17559,0.8722489183076213,0.4998903869341225,True
8xiz__A1_T2B4K5--8xiz__B1_T2B4K5,0.9345404554378794,0.5,True
7wz6__A1_P15806--7wz6__B1_P10085,0.7657196655916699,0.5,False
2i00__A1_Q831Y9--2i00__B1_Q831Y9,0.9598031212496314,0.5,True
5ffi__A2_Q44501--5ffi__B1_Q44501,0.28008786465759755,0.5,True
3cnk__A1_P21333--3cnk__B1_P21333,0.8304567218215521,0.5,True
8gt9__A1_A8MW95--8gt9__B1_A8MW95,0.9420869488887909,0.5,True
4l2w__B1_Q13464--4l2w__A1_Q13464,0.962270794422964,0.5,True
3d0j__A1_Q97DI0--3d0j__A2_Q97DI0,0.9066508669216563,0.5,True
4ct0__A1_P97784--4ct0__B1_O54943,0.5856265446706872,0.5,False
3av0__A1_Q58719--3av0__B1_Q58718,0.9348140571391824,0.5,False
8bln__A1_C9QZ65--8bln__H1_C9QZ65,0.9439779241810468,0.5,True
2riq__A1_P09874--2riq__A2_P09874,0.38316537010523594,0.5,True
8hd5__A1_Q99U17--8hd5__B1_Q99U17,0.9036501566599384,0.5078738041491991,True
6xrb__A1_A0A0H3NHS6--6xrb__B1_A0A0H3NHS6,0.9564133843062594,0.5,True
8a1g__A1_Q13596--8a1g__C1_Q9Y5X3,0.9664963167351865,0.5,False
8tn3__A1_Q643B9--8tn3__B1_Q643B9,0.9569268156684722,0.5,True
5ghs__A1_Q5JGL0--5ghs__C1_Q5JF31,0.8886639414922108,0.5,False
5umw__A1_A0A125SA26--5umw__F1_A0A125SA26,0.9428864935900706,0.5,True
7zcv__B1_A0A0E7KI02--7zcv__A1_A0A0E7KI02,0.878466293986667,0.5,True
6scq__A1_Q8NNN6--6scq__A2_Q8NNN6,0.9728397431342677,0.5,True
4ml9__A1_D1AMR0--4ml9__B1_D1AMR0,0.9410284250217131,0.5,True
7yfu__A1_Q8CG73--7yfu__B1_Q8CG73,0.9737135656040331,0.5,True
3ix1__A1_Q9K9G5--3ix1__B1_Q9K9G5,0.8591304764999663,0.5,True
7khs__A1_Q2CEE3--7khs__B1_Q2CEE3,0.9728463585644881,0.5,True
8k5l__A1_A0A829KK40--8k5l__B1_A0A829KK40,0.9743440954931379,0.5,True
2g0t__B1_Q9WZQ3--2g0t__A1_Q9WZQ3,0.958654714667137,0.5,True
3lr3__A1_Q63T74--3lr3__A2_Q63T74,0.9645815378409474,0.5,True
4pxq__A1_F1QR43--4pxq__B1_F1QR43,0.9412699245250188,0.5,True
4z5y__A1_Q88QV5--4z5y__A2_Q88QV5,0.9696837998580113,0.5,True
7zhf__A1_A0A0U2WWJ1--7zhf__A2_A0A0U2WWJ1,0.9310949032935534,0.5,True
6h86__A1_B5KM66--6h86__B1_B5KM66,0.801396720330886,0.5,True
5un7__A1_Q9NUX5--5un7__B1_Q96AP0,0.6810708246904202,0.5,False
8juk__A1_V5VGC6--8juk__B1_V5VGC6,0.9589741880655214,0.5,True
8snp__A1_O09118--8snp__A2_O09118,0.8742310296895606,0.5,True
6wjc__A1_P11229--6wjc__B1_Q8QGR0,0.7913246835443037,0.5,False
8ard__A1_Q64331--8ard__A2_Q64331,0.4619652198801749,0.5,True
3mqi__A1_Q9UH73--3mqi__B1_Q9UH73,0.5827521112022975,0.5,True
3q01__A1_P04637--3q01__B1_P04637,0.9135645317010627,0.5,True
7ylq__A1_Q93CA6--7ylq__B1_Q93CA6,0.8982347564386006,0.5,True
2yvo__A1_Q5SJY9--2yvo__A2_Q5SJY9,0.8579330851188653,0.5,True
5vpa__B1_P17535--5vpa__A1_P53539,0.8506346685584587,0.5,False
3v78__B1_P95092--3v78__A1_P95092,0.9637099299451489,0.5,True
7pzh__A1_A0A174J845--7pzh__B1_A0A174J845,0.9170193639284063,0.5,True
3m0f__A1_Q4KDJ6--3m0f__B1_Q4KDJ6,0.9136402772352553,0.5,True
1y4h__A1_P0C1S6--1y4h__C1_Q9EYW6,0.7810191377582936,0.5,False
2o4c__A1_Q9I3W9--2o4c__B1_Q9I3W9,0.993183506109105,0.5,True
1ynh__A1_P76216--1ynh__D1_P76216,0.9712601344901466,0.5,True
8ohx__A1_U4Q148--8ohx__B1_U4Q148,0.927060801377513,0.5,True
3a6m__A1_Q56236--3a6m__B1_Q56236,0.9463137750097201,0.5,True
4bvp__A1_Q5ZUA2--4bvp__B1_Q5ZUA2,0.9147623197607129,0.5,True
7oc6__A1_A0A2U8U2L5--7oc6__A2_A0A2U8U2L5,0.9097229610614542,0.5,True
6qpq__A1_G0SGH3--6qpq__B1_Q12158,0.8107332334856497,0.5,False
3ct6__A1_Q9CIV6--3ct6__B1_Q9CIV6,0.937569488898622,0.5,True
1qae__A1_P13717--1qae__B1_P13717,0.8465515457901884,0.5,True
3q5w__B1_P38937--3q5w__A1_P38937,0.8889051632592779,0.5,True
8gol__B1_G9I933--8gol__A1_G9I933,0.8088788437867318,0.5,True
7epj__A1_P62554--7epj__A2_P62554,0.9003544610216382,0.5,True
1ag9__A1_P61949--1ag9__B1_P61949,0.9863286871427984,0.5,True
3gwh__B1_O31691--3gwh__A1_O31691,0.5515847888962031,0.5,True
5gw1__A1_P57768--5gw1__B1_P57768,0.7818432076306603,0.5,True
3l2o__B1_Q9UKT5--3l2o__A1_P63208,0.9253833807566008,0.5,False
3wrf__A1_E8MGH8--3wrf__A2_E8MGH8,0.9668311840004623,0.5,True
7yyl__A1_Q3AET9--7yyl__B1_Q3AET9,0.9122243135785619,0.5,True
8syb__B1_Q72KY0--8syb__A1_Q72KY0,0.9791638073426758,0.5,True
8qc3__A1_A0A1C9WRL0--8qc3__B1_A0A1C9WRL0,0.9306327813425326,0.5,True
3wtf__B1_Q9BUH6--3wtf__A1_Q9BUH6,0.8629754911402158,0.5,True
2x0e__B1_Q7BG50--2x0e__A1_Q7BG50,0.895650507941709,0.5,True
5hwt__A1_A5W4E3--5hwt__B1_A5W4E3,0.8129868210280591,0.5,True
1ojh__A1_Q8YNP7--1ojh__B1_Q8YNP7,0.7809574297188754,0.5,True
3eyy__A1_Q9K4F8--3eyy__B1_Q9K4F8,0.9667707862998977,0.5,True
8bwv__D2_A0A482M8M0--8bwv__A1_A0A482M8M0,0.7669896589952203,0.5,True
7cm9__A1_A0A7V8UZ53--7cm9__B1_A0A7V8UZ53,0.8730731248920658,0.5,True
4nc8__A1_P12464--4nc8__A2_P12464,0.18248156024914636,0.5,True
1zhh__A1_P54300--1zhh__B1_P54302,0.787718041909951,0.5,False
8c0u__A1_Q9I5Q5--8c0u__B1_Q9I5Q5,0.9104870946688384,0.5,True
2fbq__A1_Q9HZJ9--2fbq__A2_Q9HZJ9,0.9441707589433771,0.5,True
7fch__A1_O95256--7fch__C2_O95256,0.9109367777528821,0.5,True
8c7t__B1_A0A1B4XP18--8c7t__A1_A0A1B4XP18,0.9256695559858656,0.5,True
4iwn__A1_P76290--4iwn__B1_P76290,0.982842268284111,0.5,True
7saf__B1_Q6TLP8--7saf__A1_Q6TLP8,0.8716578064117282,0.5,True
7zj1__B1_P55265--7zj1__A1_P55265,0.5810668797472129,0.5,True
4g9k__A1_P32340--4g9k__B1_P32340,0.8809462514468197,0.5,True
8b35__A1_Q96562--8b35__B1_Q96562,0.9323180390497697,0.5,True
2rdz__A1_P0ABK9--2rdz__B1_P0ABK9,0.9337443311134895,0.5,True
6bzf__B1_P53061--6bzf__A1_P17122,0.45104857920528113,0.5,False
5ydd__B1_P9WME7--5ydd__A1_P9WME7,0.9303731352042912,0.5,True
4czd__B1_B8J3A4--4czd__A1_B8J364,0.8887647092190047,0.5,False
3ft7__B1_Q54323--3ft7__A1_Q54323,0.8781331558145301,0.4998342724560822,True
4pz1__A1_Q99XU0--4pz1__A2_Q99XU0,0.8497650856250241,0.5,True
2w1t__A1_P37554--2w1t__B1_P37554,0.974418533103618,0.5036764705882353,True
7qz5__A1_A2RI36--7qz5__B1_A2RI36,0.8626170246243411,0.5,True
5h31__A1_Q14790--5h31__B1_Q14790,0.2896912020201425,0.5,True
8p33__A1_O51254--8p33__A2_O51254,0.838755170694681,0.5,True
8oru__A1_O93732--8oru__B1_O93732,0.9727523604164086,0.5,True
1u7i__A1_Q9I3Y6--1u7i__B1_Q9I3Y6,0.879186772409168,0.5,True
8slg__B1_G7CIG9--8slg__A1_G7CIG9,0.8807672899303953,0.5,True
3l2e__B1_Q6AW42--3l2e__A1_Q6AW43,0.9293742669016458,0.5,False
3b0a__A1_P0CG48--3b0a__B1_Q9WUB0,0.7009378078668648,0.5,False
6etz__A1_A0A023UGN9--6etz__A2_A0A023UGN9,0.9164676250546522,0.5,True
7sfz__B1_Q9NYP9--7sfz__A1_Q9NYP9,0.7391113530850593,0.5,True
7wwf__A1_A0R6Y0--7wwf__B1_A0R6Y0,0.9436985929122012,0.5,True
8vdw__B1_T0TAB9--8vdw__A1_T0TAB9,0.9195931167853232,0.5,True
8ri0__A1_E4THH1--8ri0__B1_E4THH1,0.8059991782678526,0.5,True
5z2i__B1_Q54LT0--5z2i__A1_Q54LT0,0.8374715382578767,0.5,True
4miv__A1_P51688--4miv__B1_P51688,0.9520813162437822,0.5,True
3vh1__A1_P38862--3vh1__A2_P38862,0.9370225105708616,0.5,True
7z98__A1_E6V140--7z98__A2_E6V140,0.9581206889491924,0.5,True
2ond__A1_Q99LI7--2ond__B1_Q99LI7,0.8843710820319485,0.5,True
7vt9__A1_P21517--7vt9__B1_P21517,0.9289495968189635,0.5,True
1gju__A1_O33838--1gju__A2_O33838,0.9640241596474665,0.5,True
6hta__A1_A0A3F2YM29--6hta__B1_A0A3F2YM29,0.8527772551493191,0.5,True
3h7h__A1_P63272--3h7h__B1_O00267,0.7249364993163049,0.5,False
4z39__A1_A0A0S2E5N6--4z39__B1_A0A0S2E5N6,0.8072653354366256,0.5,True
5ca9__A1_Q9C0L9--5ca9__A2_Q9C0L9,0.8327939155655859,0.5,True
2zvx__A1_P00974--2zvx__B1_P00974,0.7601141598237533,0.5,True
6x0a__A1_F7Y4W0--6x0a__S1_F7YBW8,0.6837513811632937,0.5,False
7spq__A1_C5AMM8--7spq__A2_C5AMM8,0.9774945988407853,0.5,True
7spn__A1_A0A7C2VFT1--7spn__B1_A0A7C2VFT1,0.9676552889191683,0.5,True
1tv8__A1_P65388--1tv8__B1_P65388,0.8268588667583914,0.5,True
3mkr__B1_Q27954--3mkr__A1_Q28104,0.9038531658298492,0.5,False
1dqn__A1_Q24973--1dqn__B1_Q24973,0.9405500152749834,0.5,True
7xoi__A1_A0A5N6DPG0--7xoi__B1_A0A5N6EXS6,0.34662551535746733,0.5,False
8h62__A1_P0DJM0--8h62__B1_P12830,0.5642975807704669,0.5,False
2qh0__A1_Q97H22--2qh0__A2_Q97H22,0.9079966357196001,0.5,True
5ubb__A1_Q5VVY1--5ubb__A2_Q5VVY1,0.8073603372969638,0.5,True
5kvs__B1_O54512--5kvs__A1_O54512,0.9254989945701475,0.5,True
3frs__A1_P53990--3frs__A2_P53990,0.35549761875994285,0.5,True
3obv__A1_O08808--3obv__C1_O08808,0.7379392467123344,0.5,True
4wkz__A1_A0AEF5--4wkz__B1_W5IDC3,0.8266275455142144,0.5,False
3kt0__A1_Q12109--3kt0__A2_Q12109,0.9912078138978418,0.5,True
5i90__A1_G3XCY5--5i90__B1_G3XCY5,0.8653422317537538,0.5,True
3bat__B1_P24733--3bat__A1_P24733,0.8471803905099557,0.5,True
2ps1__A1_P13298--2ps1__B1_P13298,0.9535248288926419,0.5,True
1fcd__A1_Q06530--1fcd__B1_Q06529,0.9400833537631773,0.5,False
8hy8__A1_A0A085BE66--8hy8__A2_A0A085BE66,0.8546488547413703,0.5,True
8har__A1_Q2L6E4--8har__B1_Q2L6E4,0.9604581256400777,0.5,True
4je4__A1_Q06124--4je4__B1_P02751,0.7630106767205971,0.5,False
2a6c__A1_Q82UW4--2a6c__A2_Q82UW4,0.909763283413509,0.5168487912416904,True
5k9l__B1_A8MW95--5k9l__A1_A8MW95,0.9472360631541524,0.5,True
5mzg__A1_P53368--5mzg__B1_P53368,0.8162482790215145,0.5,True
7ucc__B1_P17535--7ucc__A1_P53539,0.8643971214874341,0.5,False
8d0x__A1_Q9Y231--8d0x__A2_Q9Y231,0.8445958190573675,0.5,True
6ano__B1_Q9UKL3--6ano__A1_Q9UKL3,0.6931058619370111,0.5,True
6et2__A1_Q9I4X1--6et2__B1_Q9I4X2,0.9423376869845244,0.5,False
6d0a__A1_Q8N5Z0--6d0a__A2_Q8N5Z0,0.9483096351621685,0.5,True
2xga__B1_P35530--2xga__A1_P35530,0.9630784347070273,0.5,True
2i3o__A1_Q9HJH4--2i3o__B1_Q9HJH4,0.9503973159102949,0.5,True
1ijx__A1_P97401--1ijx__C1_P97401,0.7960331577583974,0.5,True
6h2u__A1_Q9NRN9--6h2u__B1_Q9UI30,0.8798854491071978,0.5,False
8h2v__A1_Q93HT8--8h2v__B1_Q93HT8,0.9512402751531162,0.5,True
1wat__B1_P02941--1wat__A1_P02941,0.8578020232427794,0.5,True
2nyh__A1_Q13JM0--2nyh__B1_Q13JM0,0.8711854639832479,0.5,True
7yuj__B1_Q9BYM8--7yuj__A1_Q9BYM8,0.5863771251536329,0.5,True
8c5k__A1_P87252--8c5k__A2_P87252,0.7620750550870341,0.5,True
2spc__A1_P13395--2spc__B1_P13395,0.2804859276648888,0.5,True
6q2e__A1_A5UMY5--6q2e__B1_A5UMY5,0.8966000535555266,0.5,True
4p8i__A1_P40746--4p8i__B1_P40746,0.8838384647476011,0.5,True
8a82__A1_K7WEY7--8a82__B1_K7XCU4,0.8917178319853587,0.5,False
3a4l__B1_Q58933--3a4l__A1_Q58933,0.9679265112296136,0.5,True
1z52__A1_P09167--1z52__B1_P09167,0.8252179300861675,0.5,True
6c0g__A1_A0A3F2YLX1--6c0g__B2_A0A3F2YLX1,0.8138318778426995,0.5,True
1k3r__B1_O26109--1k3r__A1_O26109,0.9466550511309217,0.5,True
7fga__A1_Q8DIJ4--7fga__B2_Q8DIJ4,0.9638904523924793,0.5,True
5akq__A1_O52063--5akq__B1_O52063,0.9697905084000136,0.5,True
7y86__B1_A0A0K2E3A3--7y86__A1_A0A0K2E3A3,0.9489340709679692,0.5,True
8d1u__A1_P0A6R0--8d1u__A2_P0A6R0,0.962753328259897,0.5,True
1vqw__A1_Q9HFE4--1vqw__B1_Q9HFE4,0.9354886088783707,0.5,True
7uld__A1_O28028--7uld__A2_O28028,0.9453433565770868,0.5,True
4c0f__B1_Q9NZN8--4c0f__A1_Q9NZN8,0.20151849899731472,0.5,True
8b21__A1_Q9S5X0--8b21__B1_Q9S5X0,0.9627939763027962,0.5,True
3swk__A1_P08670--3swk__B1_P08670,0.9480046980057704,0.5,True
8txn__B1_P08120--8txn__A1_P08120,0.29572513337679085,0.5,True
8dak__A1_F2X702--8dak__B1_F2X702,0.9409639679775628,0.5,True
2rde__B1_A0A0H3ADR8--2rde__A1_A0A0H3ADR8,0.8913906542888774,0.5,True
2pih__A1_O31779--2pih__B1_O31779,0.9068786811049182,0.5,True
7ykv__B1_Q58241--7ykv__A1_Q58241,0.9686238944675793,0.5,True
7y4g__A1_Q8A028--7y4g__A2_Q8A028,0.9730332481321313,0.5,True
8cci__A1_A0R7I9--8cci__A2_A0R7I9,0.94607665079416,0.5,True
6p35__A1_P75913--6p35__A2_P75913,0.9615849319412841,0.5,True
6p3j__A1_Q0KJL4--6p3j__B1_Q0KJL4,0.9617138913248611,0.5,True
4o6p__A1_Q8RDI4--4o6p__B1_Q8RDI4,0.85686989323998,0.5,True
8ozv__A1_A0A179UH34--8ozv__A2_A0A179UH34,0.9416663549977887,0.5,True
2cim__A1_Q46AN5--2cim__B1_Q46AN5,0.9185537299031762,0.5,True
6tpo__A1_P24474--6tpo__A2_P24474,0.8369137530288864,0.5,True
7wwo__B1_Q5SH57--7wwo__A1_Q5SH57,0.6316545198941936,0.5,True
4pmv__A1_Q8PEU1--4pmv__B1_Q8PEU1,0.9235883086423418,0.5,True
6rmr__B1_P19926--6rmr__A1_P19926,0.9792746915143589,0.5,True
6hhb__A1_E0SCP7--6hhb__C1_E0SCP7,0.9137430806264101,0.5,True
7e5c__A1_A0A1I7CHQ2--7e5c__B1_A0A1I7CHQ2,0.9799352040419204,0.5,True
2wfh__A1_O94813--2wfh__B1_O94813,0.7310365395485705,0.5,True
3zco__A1_P06701--3zco__A2_P06701,0.6335545783500091,0.5,True
2ghy__A1_P03051--2ghy__B1_P03051,0.9153505421426329,0.5,True
3htr__A1_Q6N0K4--3htr__B1_Q6N0K4,0.880875954928005,0.5,True
8aeu__A1_Q00987--8aeu__A2_Q00987,0.14502670591514394,0.5,True
1xuv__A1_Q8PZJ2--1xuv__C1_Q8PZJ2,0.8802387122946185,0.5,True
2o8p__A1_Q5CYG0--2o8p__A2_Q5CYG0,0.9532828066079573,0.5,True
4zmu__A1_Q9I072--4zmu__B1_Q9I072,0.9487583092802188,0.5,True
3dl3__G2_Q5E3X2--3dl3__C1_Q5E3X2,0.7769241614578869,0.5,True
7yvz__A1_A7LPG5--7yvz__A2_A7LPG5,0.728114048762373,0.5,True
4ia6__A1_Q5FL96--4ia6__B1_Q5FL96,0.9853990833523291,0.5,True
8bou__A1_A0A7G5MNS2--8bou__B1_A0A7G5MNS2,0.9730875910414943,0.5,True
5gk1__A1_Q7N4Z6--5gk1__B1_Q7N4Z6,0.9361518890139487,0.5,True
5x03__B1_P94426--5x03__A1_P94426,0.9431153802174715,0.5,True
3gku__A1_D0VX24--3gku__B1_D0VX24,0.9577553379572963,0.5,True
1c81__A1_P07953--1c81__A2_P07953,0.5714387140107376,0.5,True
1k3e__B1_P58233--1k3e__A1_P58233,0.9691899768616619,0.5,True
6u18__A1_Q9EVJ6--6u18__B1_Q9EVJ6,0.9608086672940452,0.5,True
7wpy__A1_A0A097ZPD5--7wpy__C1_A0A097ZPD5,0.9267745031058031,0.5,True
7xn2__A1_Q8YR38--7xn2__A2_Q8YR38,0.932532477608047,0.5,True
3uws__B1_A7A9N3--3uws__A1_A7A9N3,0.3655615963134118,0.5,True
4u04__B1_Q9BVA6--4u04__A1_Q9BVA6,0.9101798229270202,0.5,True
2kin__A1_P56536--2kin__B1_Q6QLM7,0.30695364846072604,0.5,False
3ulc__A1_Q08236--3ulc__A2_Q08236,0.6831563770957235,0.5,True
8b2a__A1_Q2YWJ9--8b2a__A2_Q2YWJ9,0.992603650269497,0.5,True
8qff__A1_K9TLZ5--8qff__A2_K9TLZ5,0.9437014103107703,0.5,True
8c8c__A1_P48426--8c8c__A2_P48426,0.9512168535029528,0.5,True
8iup__B1_A9A1Y1--8iup__A1_A9A1Y1,0.9534900646020052,0.5,True
3o7o__A1_Q9S5X8--3o7o__B1_Q9S5X8,0.824035817845821,0.5,True
4bg8__A1_Q8TX37--4bg8__B1_Q8TX37,0.9538391388429064,0.5,True
7qxo__A1_G8UIQ1--7qxo__B1_G8UIQ1,0.918480729439687,0.5,True
4xiz__A1_Q05776--4xiz__D1_O60200,0.845050463942101,0.5,False
7pwe__A1_Q6AL91--7pwe__B1_Q6AL91,0.8421962884435147,0.5,True
6uxu__A1_E2JB04--6uxu__B1_E2JB04,0.8468361233572741,0.5,True
3bid__A1_Q7DDI1--3bid__B1_Q7DDI1,0.854928881902112,0.5,True
4f7w__A1_B5XYG3--4f7w__B1_B5XYG3,0.9088702793436912,0.5,True
2rae__A1_Q0S3N9--2rae__A2_Q0S3N9,0.9145353970989777,0.5,True
7yn1__A1_E9JES9--7yn1__C1_E9JES9,0.6397860739262327,0.5,True
3t7y__A1_O84093--3t7y__B1_O84093,0.8974533124432404,0.5,True
7u6p__A1_P11926--7u6p__B1_P11926,0.8228727034507974,0.5,True
4mis__A1_Q57ES7--4mis__B1_Q57ES7,0.8843973096435047,0.5,True
2blf__A1_Q9LA16--2blf__B1_Q9LA15,0.8671289381440936,0.5,False
3ke3__A1_Q4FVA8--3ke3__A2_Q4FVA8,0.9518296851951258,0.5,True
7ywc__A1_Q9L0T8--7ywc__B1_Q9L0T8,0.9696518253416893,0.5,True
4wwr__B1_P46379--4wwr__A1_P11441,0.5908781202753562,0.5,False
7r0d__B1_Q9NV35--7r0d__A1_Q9NV35,0.9416979442754564,0.5,True
8w6x__A1_P21852--8w6x__B1_P21853,0.8484579756869558,0.5,False
3fmf__A1_P9WPQ5--3fmf__B1_P9WPQ5,0.8943254965541638,0.5,True
2xrm__A1_D0AB41--2xrm__A2_D0AB41,0.9489993542614388,0.5,True
4xj7__A1_P66881--4xj7__B1_P66881,0.9488857416207908,0.5,True
7yrt__E1_H9L4P6--7yrt__A1_H9L4P6,0.9280454526694095,0.5,True
7tye__A1_P0A7J0--7tye__A2_P0A7J0,0.9069753966733598,0.5,True
2zvd__B1_Q9RBY1--2zvd__A1_Q9RBY1,0.9962417249307017,0.5,True
3mtw__A1_Q9A4Z9--3mtw__A2_Q9A4Z9,0.9882921817473301,0.5,True
3n2o__A1_Q7MK24--3n2o__B1_Q7MK24,0.8115536136072748,0.5,True
7ywd__A1_Q8TB36--7ywd__A2_Q8TB36,0.6502825064545028,0.5,True
5upq__A1_A0A0A0V031--5upq__B1_A0A0A0V031,0.9483347712456207,0.5,True
1vgu__A1_Q46893--1vgu__B1_Q46893,0.889555014910461,0.5,True
7pxo__A1_F4F7G1--7pxo__C1_F4F7G1,0.9628039992794091,0.5,True
2dp9__A1_Q5SM30--2dp9__A2_Q5SM30,0.6347449904487155,0.5,True
8a7l__A1_M1JS91--8a7l__A2_M1JS91,0.9325195860434303,0.5,True
7uqv__A1_A0A0L6JSP1--7uqv__B1_A0A0L6JSP1,0.8798682481260217,0.5,True
5d1r__A1_P9WMC9--5d1r__B1_P9WMC9,0.9344832610215448,0.5,True
3f6q__A1_Q13418--3f6q__B1_P48059,0.8952036094846737,0.5,False
8cok__B1_Q9NXR8--8cok__A1_Q9NXR8,0.7870624598179625,0.5,True
1wz3__A1_Q9LVK3--1wz3__B1_Q9LVK3,0.2813411064810575,0.5,True
1nw1__A1_Q22942--1nw1__B1_Q22942,0.9069971221578533,0.5,True
1hrp__B1_P0DN86--1hrp__A1_P01215,0.7729825791219597,0.5,False
3qf4__B1_Q9WYC4--3qf4__A1_Q9WYC3,0.9281856892752853,0.5,False
7y4o__B1_A0A0G2JZC4--7y4o__A1_A0A0G2JZC4,0.641649999747689,0.5,True
8hns__A1_A0A377JKY9--8hns__A2_A0A377JKY9,0.25390160219732283,0.5,True
3mpn__A1_O67854--3mpn__A2_O67854,0.9682368397188046,0.5,True
6vlg__A2_Q9WTS2--6vlg__C1_Q9WTS2,0.9160062188866528,0.5,True
1v71__A1_O59791--1v71__A2_O59791,0.9735646109538261,0.5,True
3fpk__A1_Q8ZKP5--3fpk__B1_Q8ZKP5,0.8910717579782329,0.5,True
8eb3__A1_K2K6A3--8eb3__B1_K2K6A3,0.9248295612009239,0.5,True
4z1i__C1_Q12931--4z1i__A1_Q12931,0.9124712115911056,0.5,True
8pz3__A1_D7SFB8--8pz3__B1_D7SFB8,0.3400455300906434,0.5,True
5vpb__B1_P17535--5vpb__A1_P53539,0.8206562593016004,0.5,False
8bt3__A1_Q6F0T5--8bt3__A2_Q6F0T5,0.8647508548598336,0.5,True
1r7h__A1_O69271--1r7h__B1_O69271,0.4175168275476637,0.5,True
4oag__A1_Q8BGV8--4oag__B1_Q8BGV8,0.6626655773260157,0.5,True
5bo9__A1_O43173--5bo9__B1_O43173,0.8798866965085197,0.5,True
7kws__A1_Q0P8H3--7kws__B1_Q0P8H3,0.9851639846729103,0.5,True
4qa0__A1_Q9BY41--4qa0__B1_Q9BY41,0.9570121274113279,0.5,True
6epi__B1_D5K9G7--6epi__A1_D5K9E3,0.8486694311859573,0.5,False
6z2f__B1_Q16222--6z2f__A1_Q16222,0.6792180005211372,0.5,True
7qgs__B1_Q09472--7qgs__A1_Q16665,0.3710383081083948,0.5,False
7tz7__A1_P42336--7tz7__B1_P27986,0.8392460929861825,0.5,False
2zl1__A1_Q9UHA4--2zl1__B1_Q9JHS3,0.9457174751669302,0.5,False
4ija__A1_A0A0H3JS71--4ija__B1_A0A0H3JS71,0.9377385310137489,0.5,True
3ijt__B1_Q8DVN6--3ijt__A1_Q8DVN6,0.8787114318470068,0.5,True
7qgt__A1_P35520--7qgt__B1_P35520,0.8935952517470598,0.5,True
8i4q__A1_Q8NQI2--8i4q__B1_Q8NQI2,0.9430961705200961,0.5,True
5lxv__A1_G9FCX2--5lxv__B1_A0A1L1QK37,0.7938955425882943,0.5,False
8h25__A1_A0A5R8LFD3--8h25__C1_A0A5R8LFD3,0.9409945246640925,0.5,True
6kjl__A1_Q9RC94--6kjl__B1_Q9RC94,0.8644037990452615,0.5,True
5f3o__A1_C4LU64--5f3o__B1_C4LU64,0.8608354286947091,0.5,True
8arv__A1_Q9HW35--8arv__B1_Q9HW35,0.9333893762536201,0.5,True
2i1a__B1_P40087--2i1a__A1_P40087,0.7998132063967504,0.5,True
2y9x__A1_C7FF04--2y9x__E1_G1K3P4,0.8354240424817381,0.5,False
8waa__A1_P29401--8waa__B1_P29401,0.9445010642143084,0.5,True
6n2f__B1_Q94A94--6n2f__A1_Q94A94,0.8355966849446796,0.5,True
8b08__B1_P0A2K1--8b08__A1_P00929,0.924236736102869,0.5,False
5ja2__A1_P11454--5ja2__B1_Q9I169,0.8299144713069682,0.5,False
4g3w__A1_O66591--4g3w__A2_O66591,0.7934101021109704,0.5,True
5cm2__A1_Q6C999--5cm2__B1_Q6C4P5,0.946587308482968,0.5,False
6g70__B1_Q8K2Z2--6g70__A1_Q8K2Z2,0.8009883043522159,0.5,True
7xac__A1_P47929--7xac__B1_P47929,0.8076811896430122,0.5,True
2zz8__A1_O34094--2zz8__B1_O34094,0.7251703636753866,0.5,True
8b8h__A1_P9WQA9--8b8h__B1_P9WQA9,0.8396688817806964,0.5,True
7u2s__A1_A0A2W1NDJ7--7u2s__B1_A0A2W1NDJ7,0.9071565110756241,0.5,True
1d2g__A1_P13255--1d2g__B1_P13255,0.5909112482370034,0.5,True
1sc1__A1_P29466--1sc1__B1_P29466,0.3214449607465834,0.5,True
5amt__A1_A0Q7H2--5amt__A2_A0Q7H2,0.9222357514899584,0.5,True
7qfz__B1_B7L3Y3--7qfz__A1_B7L3Y3,0.6788010136027673,0.5,True
3hml__A1_A6T9H1--3hml__B1_A6T9H1,0.9533614005723564,0.5,True
1xk6__A1_P31572--1xk6__C1_P31572,0.8906518702680564,0.5,True
7r3s__A1_A0A4R2M5S2--7r3s__B1_A0A4R2M5S2,0.9040163965796367,0.5,True
2grx__A1_P06971--2grx__C1_P02929,0.7190188217138679,0.5,False
7vsf__A1_P25440--7vsf__B1_P25440,0.4300457177090642,0.5,True
3q34__A1_Q48EL2--3q34__C1_Q48EL2,0.8085693343297342,0.5,True
4r2k__A1_Q8ZP84--4r2k__A2_Q8ZP84,0.9230714504729338,0.5,True
3cgw__A1_Q8PVT6--3cgw__A2_Q8PVT6,0.9774497760125618,0.5,True
7r2f__A1_P21836--7r2f__B1_P21836,0.9833014932850019,0.5,True
4g19__A1_I6ZUH3--4g19__B1_I6ZUH3,0.9842994016431763,0.5,True
3dg8__C1_P13922--3dg8__A1_P13922,0.3270704024077,0.5,True
6m10__A1_Q9HUW0--6m10__C1_Q9HUW0,0.884771366415458,0.5,True
8tt2__B1_Q4K977--8tt2__A1_Q4K977,0.9496936732343606,0.5,True
1h31__A1_Q939U1--1h31__B1_Q939U4,0.9207057098785044,0.5,False
7p7i__B1_R8APY9--7p7i__A1_R8APY9,0.9763102748978099,0.5,True
3hzu__A1_P9WHF7--3hzu__A2_P9WHF7,0.9506102559883807,0.5,True
7xgs__A1_Q9FVC1--7xgs__A2_Q9FVC1,0.8602911561613038,0.5,True
6iju__A1_Q9KJN4--6iju__A2_Q9KJN4,0.26614158016749856,0.5,True
4kqd__B1_P06626--4kqd__A1_P06626,0.8531683212404642,0.5,True
2fu3__B1_Q03555--2fu3__A1_Q03555,0.7254118921911852,0.5,True
1jgt__B1_P0DJQ7--1jgt__A1_P0DJQ7,0.9457851246406301,0.5,True
6l4b__A1_Q9UGV2--6l4b__C2_Q9UGV2,0.7708293469121899,0.5,True
3lzk__A1_Q92LT4--3lzk__B1_Q92LT4,0.9225445397752541,0.5,True
1ht8__A1_P05979--1ht8__B1_P05979,0.9021317511706429,0.5,True
1z8h__A1_Q8YWS4--1z8h__B1_Q8YWS4,0.914425142014767,0.5,True
8gk6__A1_W6USS8--8gk6__E1_W6USS8,0.9205190968743495,0.5,True
4mjf__A1_A6L2I4--4mjf__A2_A6L2I4,0.9652166959859267,0.5,True
7m4s__A1_Q8YLC3--7m4s__D1_Q8YLC3,0.9140006118707523,0.5,True
6fju__A1_E6N8B9--6fju__B1_E6N8B9,0.9544820007857774,0.5,True
6lgq__A1_P21865--6lgq__B1_P21866,0.8106635740295856,0.5,False
2y27__B1_B4E7B5--2y27__A1_B4E7B5,0.9618434333505694,0.5,True
2tdx__A1_P0DJL7--2tdx__A2_P0DJL7,0.9866059395338351,0.5,True
8fj8__A1_P02638--8fj8__A2_P02638,0.9228861234231163,0.5,True
3uv0__B1_Q9W061--3uv0__A1_Q9W061,0.2176235525963324,0.5,True
8alo__B1_P24003--8alo__A1_P15795,0.763382003328725,0.5,False
6xa0__A1_D1A230--6xa0__B1_D1A230,0.9509896628429363,0.5,True
1zbo__B1_Q7WAM7--1zbo__A1_Q7WAM7,0.7740487384237384,0.5,True
6xb5__A1_A0A7E5VPD6--6xb5__B1_A0A7E5VPD6,0.9268438936341123,0.5,True
8duy__D1_A0A0H3GVN6--8duy__A1_A0A0H3GVN6,0.9661111976484151,0.5,True
7th5__A1_Q5SLG6--7th5__B1_Q5SLG6,0.7373804427503989,0.5,True
3t2l__A1_Q5LE95--3t2l__A2_Q5LE95,0.37853438722345534,0.5,True
3uet__A1_B7GNN8--3uet__B1_B7GNN8,0.9200278322355748,0.5,True
8fdb__B1_Q12KP2--8fdb__A1_Q12KP2,0.8726809810822459,0.5,True
6ok3__A1_C3X9N1--6ok3__B1_C3X9N1,0.811722414468971,0.5,True
8hp3__A1_A0A2K0XCZ3--8hp3__B1_A0A2K0XCZ3,0.9364046739574834,0.5,True
7xkg__A1_A7NHS9--7xkg__B1_A7NHS9,0.9000986921348859,0.5,True
1l7e__A1_Q2RSB2--1l7e__B1_Q2RSB2,0.9226001396282397,0.5,True
8hn2__A1_Q9F722--8hn2__B1_Q9F722,0.7620758540406145,0.5,True
8gst__A1_Q1NEI7--8gst__B1_Q1NEI7,0.9551571352839336,0.5,True
7cq3__A1_P38324--7cq3__B1_Q12098,0.8102145495715443,0.5,False
5htf__A1_Q8Y759--5htf__B1_Q8Y759,0.9642741281427414,0.5,True
6c90__A1_P42285--6c90__B1_Q6NZY4,0.7188727523998681,0.5,False
6e1j__A1_C5J4P1--6e1j__B1_C5J4P1,0.7914105843339541,0.5,True
3ccd__A1_P0AA04--3ccd__B1_P0AA04,0.754968814968815,0.5,True
3dzl__B1_Q396C9--3dzl__A1_Q396C9,0.8386942443828869,0.5,True
2y1h__B1_Q17R31--2y1h__A1_Q17R31,0.9090852495630515,0.5,True
7lfs__A1_P00533--7lfs__E1_O14944,0.7136149395202547,0.5,False
6jiw__A1_A0A0H3JU78--6jiw__A2_A0A0H3JU78,0.9067542528766498,0.5,True
8ees__A1_A0A0H3GMB7--8ees__B1_A0A0H3GMB7,0.9842832006682765,0.5,True
4a5b__B1_Q27895--4a5b__A1_Q27895,0.888625708759057,0.5,True
3nb6__A1_O66874--3nb6__A2_O66874,0.5683928341395994,0.5,True
5f8c__A1_O53532--5f8c__A2_O53532,0.9609682284602147,0.5,True
8jt3__A1_H8Y6N2--8jt3__C1_H8Y6N2,0.9242189307678574,0.5,True
1ije__A1_P02994--1ije__B1_P32471,0.7013331563357599,0.5,False
6on4__A1_P0A8W0--6on4__B1_P0A8W0,0.8765765197545313,0.5,True
4zvc__A1_P0AA89--4zvc__B1_P0AA89,0.9866617193814013,0.5,True
4qoa__A1_A7VAB9--4qoa__A2_A7VAB9,0.40887186130183567,0.5,True
6wmv__A1_U5WZP7--6wmv__B1_U5WZP7,0.9099546409659977,0.5,True
3e3c__A1_Q7DB61--3e3c__B1_Q7DB61,0.9251600913767966,0.5,True
6ekk__A1_Q8TEH3--6ekk__C1_Q15286,0.5450770013419867,0.5,False
8a9w__A1_P15751--8a9w__A2_P15751,0.994931035147747,0.5,True
2gj9__A1_P25522--2gj9__B1_P25522,0.9448880897611351,0.5,True
3cm7__C1_P98170--3cm7__D1_P98170,0.984456887253841,0.5,True
8f5v__A1_O53728--8f5v__B1_O53728,0.974670131463204,0.5,True
1ecj__A1_P0AG16--1ecj__B1_P0AG16,0.8807411784185409,0.5,True
3s5r__A1_Q2LS68--3s5r__B1_Q2LS68,0.8708820421527267,0.5,True
3im3__A1_P00514--3im3__A2_P00514,0.9698806340704176,0.5,True
4mcj__B1_A6L9R1--4mcj__A1_A6L9R1,0.9620291486328872,0.5,True
7vw1__B1_V5J1S8--7vw1__A1_V5J1S8,0.9141469891282343,0.5,True
3p12__A1_Q2G1A5--3p12__D1_Q2G1A5,0.900426440209052,0.5,True
8aq0__A1_Q6DTN4--8aq0__B1_Q6DTN4,0.9570346718652233,0.5,True
3wpm__A1_G2IKE5--3wpm__B1_G2IKE5,0.8805260936717135,0.5,True
7xof__B1_Q0DFB6--7xof__A1_Q0DFB6,0.820891604242963,0.5,True
8a8f__A1_P32598--8a8f__B1_P42073,0.7013046178411669,0.5,False
3qta__A1_Q5V4K4--3qta__B1_Q5V4K4,0.9720463636532773,0.5,True
8oqj__B1_P06959--8oqj__A1_P06959,0.6248259039939523,0.5,True
1tbp__A1_P13393--1tbp__B1_P13393,0.5243661148300489,0.5,True
7qfk__C1_Q5FLN0--7qfk__A1_Q5FLN0,0.9428695362296721,0.5,True
7r3o__B1_Q460N3--7r3o__A1_Q460N3,0.7471398825971359,0.5,True
1wli__A1_Q46604--1wli__B1_Q46604,0.9382746138996139,0.5,True
8b3e__A1_M4SY06--8b3e__A2_M4SY06,0.7880208975911772,0.5,True
1d8i__A1_O13297--1d8i__A2_O13297,0.7093019147121182,0.5,True
8eh0__B1_P50909--8eh0__A1_P50909,0.9619132978728431,0.5,True
3seo__B1_Q87GE5--3seo__A1_Q87GE5,0.8752708043010191,0.5,True
3iey__B1_Q74MS9--3iey__A1_Q74MP4,0.9572570781166996,0.5,False
4yto__B1_Q15431--4yto__A1_Q15431,0.8326951722278954,0.5,True
6csm__A1_L1J207--6csm__B1_L1J207,0.9550774576874503,0.5,True
4ndt__A1_A7UNK4--4ndt__A2_A7UNK4,0.6966685071284479,0.5,True
8j3p__A1_B9WHT3--8j3p__A2_B9WHT3,0.9785187385424468,0.5,True
7pv7__B1_Q7MVV4--7pv7__A1_Q7MVV4,0.8881387819487614,0.5,True
7uj6__A1_Q8RMD9--7uj6__B1_Q8RMD9,0.9166654058278383,0.5,True
3k9i__A1_Q9KFK0--3k9i__A2_Q9KFK0,0.9662716867709521,0.5,True
7z1s__A1_A0A3Q7HTY9--7z1s__A2_A0A3Q7HTY9,0.9059236117121365,0.5,True
2e89__A1_O67728--2e89__B1_O67728,0.9793681950556175,0.5,True
2woz__A1_Q9ER30--2woz__A2_Q9ER30,0.6784539037502886,0.5,True
7xxs__A1_B2CKP3--7xxs__B1_B2CKP3,0.9066540173684593,0.5,True
8fir__A1_O83132--8fir__B1_O83132,0.9785749483906676,0.5,True
3i6s__A1_O82777--3i6s__B1_O82777,0.9484157362107914,0.5,True
7yhe__B1_A6YEH4--7yhe__A1_A6YEH4,0.8791010633439399,0.5,True
1ku2__A1_Q9EZJ8--1ku2__B1_Q9EZJ8,0.6954786188113262,0.5,True
6qwo__B1_Q9S5W7--6qwo__A1_Q9S5W7,0.9652818198990171,0.5,True
1mxi__A1_P44868--1mxi__A2_P44868,0.8631617916762631,0.5,True
2vhl__A1_O34450--2vhl__A2_O34450,0.9882608220482011,0.5,True
5wan__A1_P75898--5wan__A2_P75898,0.9676491520129664,0.5,True
4x7z__B1_Q49492--4x7z__A1_Q49492,0.9721106485606998,0.5,True
6a1k__A1_P71018--6a1k__B1_P71018,0.9524380242198258,0.5,True
7pjh__A1_Q9Y312--7pjh__B1_Q6P2Q9,0.8568489202211023,0.5,False
4joi__A1_Q9H668--4joi__C1_Q86WV5,0.9236020430496229,0.5,False
8axz__A1_P31153--8axz__A2_P31153,0.9377515695730432,0.5,True
8ogi__B1_P11678--8ogi__A1_P11678,0.30584376754155224,0.5,True
8cxl__A1_A7KH32--8cxl__B1_A7KH32,0.8792707802666584,0.5,True
7win__B1_Q9UIF8--7win__A1_Q9UIF8,0.4192396123299618,0.5,True
7b80__A1_G3I8R9--7b80__B1_Q9BVA6,0.7190719017882151,0.5,False
4bwv__A1_Q8L5D0--4bwv__B1_Q8L5D0,0.7944256755636687,0.5,True
7drj__A1_P63756--7drj__B1_P63756,0.8643762567450141,0.5,True
3qth__A1_Q47ZP9--3qth__B1_Q47ZP9,0.9282157292128901,0.5,True
8b28__A1_F6GSX7--8b28__A2_F6GSX7,0.7180758405536394,0.5,True
6scx__A1_Q9BQG2--6scx__B1_Q9BQG2,0.8347705191573576,0.5,True
8hpc__A1_P60327--8hpc__H1_P60327,0.9547260205021937,0.5,True
5n76__A1_P72320--5n76__B1_P72320,0.9630554637349362,0.5086556237068596,True
3cq3__A1_Q53W28--3cq3__A2_Q53W28,0.7461269441973188,0.5,True
3kbu__A1_P11277--3kbu__D1_P16157,0.8315889574295472,0.5,False
7pck__A1_P43235--7pck__C2_P43235,0.961777271004889,0.5,True
5o4z__A1_Q9X1T1--5o4z__A2_Q9X1T1,0.9783281964048521,0.5,True
1vla__A1_Q9X021--1vla__B1_Q9X021,0.892343054967168,0.5,True
5oed__A1_Q6EAT3--5oed__B1_Q13637,0.8256242720417991,0.5,False
7yva__A1_Q9URB4--7yva__B1_Q9URB4,0.9751173195758536,0.5,True
7s6n__B1_Q5RGJ8--7s6n__A1_Q5RGJ8,0.5228066327390151,0.5,True
4cz8__A1_Q9UZ55--4cz8__B1_Q9UZ55,0.9654102514457467,0.5,True
6ebn__A1_A0A4P1LYB6--6ebn__B1_A0A4P1LYB6,0.9184829228187544,0.5,True
3lf4__B1_D1MPT3--3lf4__A1_D1MPT3,0.3334756794694229,0.5,True
3ffe__B1_Q93AT8--3ffe__A1_Q93AT8,0.9154635217648917,0.5,True
7zg6__A1_A0A2J0RDY6--7zg6__B1_A0A2J0RDY6,0.887021166427459,0.5,True
8f4q__A1_Q00972--8f4q__A2_Q00972,0.8959884528842578,0.5,True
4rz3__A1_A4IMB4--4rz3__B1_A4IMB4,0.855451689388139,0.5,True
8f8k__A1_O53507--8f8k__A2_O53507,0.9503436689140556,0.5,True
3zw5__A1_A6NK44--3zw5__B1_A6NK44,0.7847326771653542,0.5,True
6l3q__B1_G0SEI5--6l3q__A1_G0SEI5,0.9408975667851557,0.5,True
8ag8__A1_A0A1I5SVP7--8ag8__A2_A0A1I5SVP7,0.9293430689531975,0.5,True
2i2w__A1_P63224--2i2w__D1_P63224,0.9444321768748846,0.5,True
2f22__B1_Q9RC77--2f22__A1_Q9RC77,0.942586412785657,0.5,True
3tng__A1_Q8Y7B7--3tng__A2_Q8Y7B7,0.9419534523321839,0.5,True
8gr8__B1_P08679--8gr8__A1_P08679,0.9642693701316465,0.5,True
7ae8__A1_A0A0B0QJR1--7ae8__B1_A0A0B0QJR1,0.9574438845625286,0.5,True
2w54__B1_O54051--2w54__A1_O54050,0.9202656874574354,0.5,False
4b0z__A1_P50524--4b0z__B1_P50524,0.9630276500857632,0.5,True
2re7__A1_Q4FV99--2re7__A2_Q4FV99,0.9456401572035659,0.5,True
8h0t__A1_O34614--8h0t__A2_O34614,0.9779224292706122,0.5,True
1te2__A1_P77247--1te2__B1_P77247,0.9948311642597009,0.5,True
7xt2__A1_Q6ZMU5--7xt2__B1_Q6ZMU5,0.9166821134068729,0.5,True
1ev7__A1_P50187--1ev7__B1_P50187,0.9140192861197701,0.5,True
1ogl__A1_O15923--1ogl__A2_O15923,0.9406982111463827,0.5,True
3lrt__B1_Q97CA5--3lrt__A1_Q97CA5,0.9699976806403803,0.5,True
3fou__A1_Q5SGZ9--3fou__B1_Q5SGZ9,0.8266620634253793,0.5,True
5jnq__A1_R0BTE9--5jnq__A2_R0BTE9,0.9336551577525938,0.5,True
4g12__A1_A5U5K3--4g12__B1_A5U5K3,0.9821596404885073,0.5,True
3evj__B1_P01008--3evj__A1_P01008,0.710731241100997,0.5,True
2oq2__B1_P18408--2oq2__A1_P18408,0.9715553319863575,0.5,True
8he6__A1_Q8YSS0--8he6__B1_Q8YSS0,0.9575976364531408,0.5,True
2xij__A1_P22033--2xij__A2_P22033,0.9526490249993693,0.5,True
1nr5__A1_P07547--1nr5__A2_P07547,0.9550331970999516,0.5,True
1gmj__A1_P01096--1gmj__B1_P01096,0.9629764332029169,0.5,True
4yba__B1_Q93K36--4yba__A1_Q93K36,0.9433114558972682,0.5,True
8ok7__A1_M4T0B2--8ok7__D1_M4T0B2,0.9115011494164077,0.5,True
7f76__B1_A0A223KLJ1--7f76__A1_A0A223KLJ1,0.8917858128311832,0.5,True
7vp6__A1_Q9C9L2--7vp6__B1_Q9C9L2,0.6517471381652036,0.5,True
8jmq__A1_A9CQD5--8jmq__B1_A9CQD3,0.8478630950116053,0.5,False
7zgt__A1_W8R3D8--7zgt__B1_W8R3D8,0.9771892409411618,0.5,True
7xgt__B1_Q6H8B1--7xgt__A1_Q6H8B1,0.9918098140729755,0.5,True
3i2t__A1_P04412--3i2t__A2_P04412,0.7038404570929546,0.5,True
8tjk__A1_A0A0F7G196--8tjk__B1_A0A0F7G196,0.963739994524462,0.5,True
7wt0__A1_Q04760--7wt0__B1_Q04760,0.8468430293460701,0.5,True
3if0__A1_Q74MS9--3if0__A2_Q74MS9,0.9856930939052445,0.5,True
3qrh__A1_Q8SSM8--3qrh__A2_Q8SSM8,0.9264124390996763,0.5,True
8q70__A1_Q8U2C1--8q70__A2_Q8U2C1,0.941373391287112,0.5,True
7vso__A1_P02945--7vso__A2_P02945,0.9373279914161473,0.5,True
5f8b__A1_Q4WB03--5f8b__A2_Q4WB03,0.9526689531236688,0.5,True
8ax0__A1_A0A384E145--8ax0__B1_A0A384E145,0.9750966509709493,0.5,True
7r5y__E2_R7PD89--7r5y__A1_R7PD89,0.9718567182927786,0.5,True
7qow__B1_Q93P54--7qow__A1_Q93P54,0.9323829087828643,0.5,True
5il7__A1_Q8KC98--5il7__B1_Q8KC98,0.7612538531037222,0.5,True
3ct9__B1_Q8A1V9--3ct9__A1_Q8A1V9,0.965706408960382,0.5,True
8pvm__A1_P29166--8pvm__B1_P29166,0.8342396657104711,0.5,True
8ct0__F1_S4S3E3--8ct0__A1_S4S3E3,0.9099210668455215,0.5,True
3q2j__B1_P0A3Y5--3q2j__A1_P0A3Y5,0.6134221350724971,0.5,True
7xzp__B1_A0A379CIH2--7xzp__A1_A0A379CIH2,0.9665960878148318,0.5,True
3qvf__A1_Q56187--3qvf__A2_Q56187,0.9357635895231796,0.5,True
6gxs__A1_Q7NZ70--6gxs__D1_Q7NZ70,0.5807494564811165,0.5,True
2hr8__A1_O58456--2hr8__B1_O58456,0.8844560074049084,0.5,True
2zyf__A1_O87198--2zyf__A2_O87198,0.8691333192076551,0.5,True
7s3v__A1_Q16719--7s3v__A2_Q16719,0.9122777386741361,0.5,True
6a29__A1_O32504--6a29__B1_O32504,0.7824458934378639,0.5,True
4ml6__C1_A6GV51--4ml6__A1_A6GV51,0.9380537611131998,0.5,True
4cht__A1_Q13472--4cht__B1_Q9H9A7,0.6366296062364865,0.5,False
1n4p__B1_P53610--1n4p__A1_Q04631,0.8750842614129508,0.5,False
1tec__A1_P04072--1tec__B1_P01051,0.9389736999914332,0.5,False
8p1h__A1_E7EX29--8p1h__B2_E7EX29,0.8925475626273465,0.5,True
6b9t__A1_A9A1T2--6b9t__B1_A9A1T2,0.8724468262337486,0.5,True
3g0k__A1_Q2G4A7--3g0k__A2_Q2G4A7,0.9133368996568851,0.5,True
8hy5__A1_P14920--8hy5__B1_P14920,0.8418724776468074,0.5,True
8fts__A1_R9UTR3--8fts__A2_R9UTR3,0.9508150323860862,0.5,True
1jrk__A1_Q8ZTD8--1jrk__B1_Q8ZTD8,0.9561677531609565,0.5,True
2ejn__A1_P30440--2ejn__B1_P30440,0.7811628771848832,0.5,True
8ju7__A1_Q9I2U4--8ju7__B1_Q9I2U4,0.899309899517015,0.5,True
3nel__A1_Q52428--3nel__B1_Q52428,0.9459123632125582,0.5,True
2dc1__A1_O28440--2dc1__B1_O28440,0.9647352776147362,0.5,True
8fzk__B1_P52292--8fzk__A1_P52292,0.5740045528126324,0.5,True
3wnz__A1_P39641--3wnz__A2_P39641,0.9402735379001619,0.5,True
8e1u__A1_A0A160VN62--8e1u__F2_A0A160VN62,0.97299661601769,0.5,True
1v7c__A1_P83823--1v7c__B1_P83823,0.9533841937031826,0.5,True
3egg__A1_P62136--3egg__C1_O35274,0.6981561009010261,0.5,False
4yke__B1_G0RYR3--4yke__A1_G0RYR3,0.9294350145349284,0.5,True
1tq9__A1_P00669--1tq9__B1_P00669,0.49740770463779843,0.5,True
4oh3__B1_Q05085--4oh3__A1_Q05085,0.9495080968635429,0.5,True
4q62__A1_Q5ZUB7--4q62__A2_Q5ZUB7,0.8282115315405054,0.5,True
2we5__A1_P0A2X7--2we5__B1_P0A2X7,0.9489071474023705,0.5,True
5t51__A1_Q6CLK3--5t51__B1_Q6CPD1,0.8943937979232096,0.5,False
3i0z__A1_A0A0H2UN25--3i0z__B1_A0A0H2UN25,0.879731788797682,0.5,True
8p6k__A1_A0A0H2UWN1--8p6k__B1_A0A0H2UWN1,0.8771913330402283,0.5,True
7z9z__A1_P02754--7z9z__A2_P02754,0.9431383756365589,0.5,True
6d0i__A1_A0A0C5XL88--6d0i__B1_A0A0C5XKJ0,0.8299702532673788,0.5,False
3gs3__A1_Q8MSU4--3gs3__A2_Q8MSU4,0.19261715615421002,0.5,True
2f4m__A1_Q9JI78--2f4m__B1_P54728,0.7170996405298539,0.5,False
4yh8__A1_Q09176--4yh8__B1_P36629,0.818572055997101,0.5,False
1e44__B1_P00646--1e44__A1_P02984,0.8405814836192418,0.5,False
2yri__A1_Q5SLX0--2yri__B1_Q5SLX0,0.9850333014336197,0.5,True
1gcj__A1_P70168--1gcj__B1_P70168,0.5902827504298979,0.5,True
7qbp__A1_A4F7B2--7qbp__A2_A4F7B2,0.9651507043795484,0.5,True
4hdd__A1_P09391--4hdd__A2_P09391,0.5237779516024852,0.5,True
3e4q__A1_P13633--3e4q__B1_P13633,0.8815189030012164,0.5,True
8ein__B1_Q6FCQ4--8ein__A1_Q6FCQ4,0.984016920935564,0.5,True
1zmb__A1_Q97LM8--1zmb__B1_Q97LM8,0.9152864496396129,0.5,True
6ygu__A1_G0RZ64--6ygu__B1_G0S1V1,0.5653214550431379,0.5,False
2yyh__A1_O67435--2yyh__B1_O67435,0.9595051970487466,0.5,True
5wk0__A1_A0A2C9TMM3--5wk0__A2_A0A2C9TMM3,0.9249063790901628,0.5,True
8h4j__A1_W8UQZ7--8h4j__D1_W8UQZ7,0.8550962618269097,0.5,True
1z83__A1_P00568--1z83__B1_P00568,0.8647152031182449,0.5,True
8h2c__A1_Q0P8U0--8h2c__B1_Q0P8U0,0.9266145714188371,0.5,True
2dkh__A1_Q6SSJ6--2dkh__A2_Q6SSJ6,0.8378585862221322,0.5,True
7c7e__A1_A0A0H3MRW3--7c7e__A2_A0A0H3MRW3,0.933790449487913,0.5,True
3dpt__B1_Q8KC98--3dpt__A1_Q8KC98,0.9082640786433214,0.5,True
3fgw__A1_Q3TCN2--3fgw__A2_Q3TCN2,0.9172035193446242,0.5,True
7wh0__A1_Q9U2E4--7wh0__B2_Q9U2E4,0.9975776291360345,0.5,True
8dq3__A1_A0A142G3G1--8dq3__B1_A0A142G3G1,0.8217675228140817,0.5,True
6t2b__A1_B2UQL7--6t2b__C1_B2UQL7,0.9528056381738986,0.5,True
8jh0__B1_S2D3K4--8jh0__A1_S2D3K4,0.8891266135760105,0.5,True
7t2s__A1_A0A494K842--7t2s__A2_A0A494K842,0.8545612894383727,0.5,True
3frw__B1_A5ZMD8--3frw__A1_A5ZMD8,0.8869984979009128,0.510227112246601,True
5ab5__A1_C9ZUV7--5ab5__B1_C9ZUV7,0.9689751747074667,0.5,True
5myd__C2_A0A2D0TC86--5myd__A1_A0A2D0TC86,0.932826884311508,0.5,True
5cde__A1_Q8P839--5cde__B1_Q8P839,0.9404102649520539,0.5,True
6pi4__A1_A0R1Z9--6pi4__A2_A0R1Z9,0.3604360565322302,0.5,True
3ipf__A1_Q251Q8--3ipf__B1_Q251Q8,0.4589205191704244,0.5,True
2p3y__A1_Q87I71--2p3y__B1_Q87I71,0.9489871493809869,0.5,True
5jbr__A1_C5C6I1--5jbr__B1_C5C6I1,0.911963416574159,0.5,True
8ttz__A1_G8E2R2--8ttz__B2_G8E2R2,0.9227268661641326,0.5,True
3vba__A1_Q58673--3vba__B1_Q58673,0.9817859044913899,0.5,True
4o6y__B1_Q9SWS1--4o6y__A1_Q9SWS1,0.8879014729781814,0.5,True
4e5r__A1_Q6IRB5--4e5r__A2_Q6IRB5,0.5039948830782384,0.5,True
7ywv__A1_Q0SBK1--7ywv__C1_Q0SBK1,0.9801769011174607,0.5,True
8eer__A1_P01116--8eer__A2_P01116,0.649002600226695,0.5,True
3f84__B1_E3PPC4--3f84__A1_E3PPC4,0.4455863000415571,0.5,True
5mu7__A1_G0S6G7--5mu7__B1_G0S6I4,0.8184831842459499,0.5,False
8hfp__B1_Q96T68--8hfp__A1_Q8N8R7,0.6540215663714446,0.5,False
4rmn__B1_Q6NC13--4rmn__A2_Q6NC13,0.9347849147802895,0.5,True
3mx1__A1_Q46944--3mx1__A2_Q46944,0.9246932619103525,0.5,True
5gl5__A1_Q06321--5gl5__B1_Q06321,0.671225200720907,0.5,True
8e77__A1_Q1QD54--8e77__A2_Q1QD54,0.9729626823705834,0.5,True
5gl4__A1_B6YTD8--5gl4__B1_B6YTD8,0.9828519818611128,0.5,True
7wf9__A1_Q3ZT31--7wf9__B1_Q3ZT31,0.3015372188286046,0.5,True
8fw0__B1_P39897--8fw0__A1_P39897,0.8659194843827012,0.5,True
8ou8__B1_P0A8M3--8ou8__A1_P0A8M3,0.9062643792857954,0.5,True
7acm__B1_P75811--7acm__A1_P75811,0.8375929489330918,0.5,True
4trb__A1_Q97W95--4trb__B1_Q97W95,0.9299513654414724,0.5,True
2ia9__B1_P28015--2ia9__A1_P28015,0.9340201612286417,0.5,True
3sy6__A1_Q5LE92--3sy6__B1_Q5LE92,0.9603342376493593,0.5,True
6xz3__A1_Q9H1K6--6xz3__A2_Q9H1K6,0.9825248508273783,0.5,True
2h8e__A1_P0AG74--2h8e__A2_P0AG74,0.8182425093912853,0.5,True
3gyx__A1_T2G6Z9--3gyx__B1_T2G899,0.7908740681755282,0.5,False
4e0u__A1_D1D8L6--4e0u__A2_D1D8L6,0.9913239895537242,0.5,True
6teu__A1_O60568--6teu__A2_O60568,0.9304582958081816,0.5,True
6xt5__B1_P49046--6xt5__A1_P49046,0.9771801879187819,0.5,True
8g1t__A1_Q07812--8g1t__B1_Q07812,0.2398587722571603,0.5,True
7xp7__B1_W9FXI8--7xp7__A1_W9FXI8,0.9477538011700823,0.5,True
8i55__A1_Q58380--8i55__B1_Q58380,0.9721753438528394,0.5,True
1h65__A1_Q41009--1h65__A2_Q41009,0.9402013927541861,0.5,True
3ol4__A1_A0QRC4--3ol4__B1_A0QRC4,0.27674126139163097,0.5,True
8idq__A1_A0A0B8MZ29--8idq__C1_A0A0B8MZ29,0.9241864732075887,0.5,True
3f6g__B1_Q8F3Q1--3f6g__A1_Q8F3Q1,0.9146302257586538,0.5,True
6akj__B1_G2TRN4--6akj__A1_G2TRN4,0.9492648035050453,0.5,True
3qhy__B1_O87916--3qhy__A1_Q93T42,0.9326057775402362,0.5,False
4j5p__B1_P97612--4j5p__A1_P97612,0.9350455446995171,0.5,True
4icq__A1_A0A0H2UN95--4icq__B1_A0A0H2UN95,0.9809932049978504,0.5,True
1klf__B1_P08191--1klf__A1_P31697,0.8573239355315416,0.5,False
6y4l__A1_Q15006--6y4l__B1_Q9Y3B6,0.8938208248622923,0.5,False
6dex__B1_Q74ZQ8--6dex__A1_Q75DL0,0.9280044515545665,0.5,False
2z02__A1_Q58987--2z02__B1_Q58987,0.9753376804700035,0.5,True
4l7w__A1_Q7Z4H3--4l7w__A2_Q7Z4H3,0.9329988674284,0.5,True
6tct__A1_Q9KL67--6tct__B1_Q9KL67,0.885649431470582,0.5,True
6sul__A1_A8FAR5--6sul__B1_A8FAR5,0.9528873333630568,0.5,True
4qqv__A1_P26954--4qqv__B1_P26954,0.574901727062365,0.5,True
3l8d__A1_A0RD96--3l8d__A2_A0RD96,0.9586353407604903,0.5,True
7yqa__B1_A0A1C9ZZ39--7yqa__A1_A0A1C9ZZ39,0.8003547440066983,0.5,True
1b8m__B1_P34130--1b8m__A1_P23560,0.7451958560047555,0.5,False
1irq__B1_Q57468--1irq__A1_Q57468,0.8271017087062652,0.5,True
7xi6__A1_A5GXY1--7xi6__B1_A5GXY1,0.7770044140526068,0.5067567567567568,True
7vrx__D1_A0A6J4AG16--7vrx__B1_A0A6J4AG16,0.9300513851221497,0.5,True
6iik__A1_P54578--6iik__B1_P54578,0.9924888225996433,0.5,True
3nau__A1_Q9Y6X8--3nau__B1_Q9Y6X8,0.13822386684065635,0.5,True
3cis__B1_P9WFD7--3cis__A1_P9WFD7,0.9589627944446507,0.5,True
4jzy__B1_O77059--4jzy__A1_O77059,0.925405670652118,0.5,True
7yxg__A1_Q9VU77--7yxg__B1_Q9VU77,0.9749250707060508,0.5,True
5cio__A1_A0A1A9TAI5--5cio__B1_A0A1A9TAI5,0.9285855992036324,0.5,True
8jwj__A1_Q9DAG9--8jwj__B1_P62837,0.8441960801515345,0.5,False
6ia6__A1_A0A1C7D1B7--6ia6__A2_A0A1C7D1B7,0.5725216408959826,0.5,True
8h1g__A1_O67518--8h1g__A2_O67518,0.9834746779572332,0.5,True
6x61__A1_Q79V60--6x61__B1_Q8DMT2,0.841581661849089,0.5,False
7x0d__A1_A5YW95--7x0d__B1_A5YW95,0.9432107904263118,0.5,True
1ghd__B1_O86089--1ghd__A1_O86089,0.37930508258763806,0.5,True
2x6f__A1_Q9W1M7--2x6f__B1_Q9W1M7,0.8266932879606164,0.5,True
8oik__A1_Q9UPU9--8oik__C1_Q9UPU9,0.5764409985354417,0.5,True
6nxl__A1_B4DV12--6nxl__E1_B4DV12,0.4527998118685613,0.5,True
8wmy__A1_A0A4U7IGH6--8wmy__B2_A0A4U7IGH6,0.9500628353808589,0.5,True
3trf__A1_Q83AJ3--3trf__A2_Q83AJ3,0.6495888702172212,0.5,True
5h4s__A1_A0A090BWT0--5h4s__A2_A0A090BWT0,0.7407665306444623,0.5,True
2zvb__A1_Q53WA6--2zvb__A2_Q53WA6,0.8822353306443547,0.5,True
8wa7__A1_P27302--8wa7__B1_P27302,0.9631628885414377,0.5,True
3b0z__B1_P40727--3b0z__A1_P40727,0.23209833740174157,0.5,True
4usp__A1_B3GA02--4usp__B1_B3GA02,0.8297550203416167,0.5,True
7cms__A1_P00953--7cms__B1_P00953,0.97162207652019,0.5,True
7t8q__A1_Q7S860--7t8q__D1_Q7S860,0.8511032323353359,0.5,True
6j9k__A1_A0A425B3G2--6j9k__A2_A0A425B3G2,0.8065048407025666,0.5,True
7xp0__A1_Q9I5E1--7xp0__A2_Q9I5E1,0.8845797771425357,0.5,True
8ih4__A1_Q8WVV5--8ih4__B1_Q8WVV5,0.6551019234992724,0.5,True
1tfe__A1_P43895--1tfe__A2_P43895,0.9789426224624695,0.5,True
2a8f__A1_P15569--2a8f__B1_P15569,0.9130216977072961,0.5,True
4iwq__A1_Q9UHD2--4iwq__A2_Q9UHD2,0.8573520377923192,0.5,True
5hs5__A1_Q2G0D1--5hs5__B1_Q2G0D1,0.9201247898167062,0.5,True
3v89__A1_Q9K0U9--3v89__B1_P02787,0.8521940669646639,0.5,False
8e3g__B1_P43026--8e3g__A1_P12643,0.8050748728172739,0.5,False
2w8b__A1_P0A855--2w8b__H1_P0A912,0.7349497532525796,0.5,False
5f7p__B1_Q8YAF1--5f7p__A1_Q8YAF1,0.9521005105419735,0.5,True
8f71__B1_Q6N5G3--8f71__A1_Q6N5G3,0.9836739350937296,0.5,True
8hwi__B1_A0A327WNX5--8hwi__A1_A0A327WNX5,0.7881910747919254,0.5,True
7r3i__B1_P54292--7r3i__A1_P54292,0.7735273000494727,0.5,True
8afj__A1_A0A179QS89--8afj__B1_A0A179QS89,0.9867310153433622,0.5,True
3pub__B1_E5EVW2--3pub__A1_E5EVW2,0.9530807540812123,0.5,True
8es5__A1_A0A0H2Z732--8es5__B1_A0A0H2Z732,0.8989857846930879,0.5,True
7txn__B1_Q8YVV6--7txn__A1_Q8YVV6,0.9806614694943225,0.5,True
3py6__A1_Q2YQ74--3py6__A2_Q2YQ74,0.9543321865557031,0.5,True
1hjr__A1_P0A814--1hjr__C1_P0A814,0.9469654892022343,0.5,True
8k3b__A1_A0A071KWR3--8k3b__A2_A0A071KWR3,0.8649548883097258,0.5,True
3w2z__A1_Q8YXY7--3w2z__A2_Q8YXY7,0.7908020587841115,0.5,True
8f78__A1_P55212--8f78__B1_P55212,0.8060506244970786,0.5,True
6wg4__A1_Q14683--6wg4__B1_Q9UQE7,0.7604154568386372,0.5,False
7zry__A1_O60341--7zry__B1_Q9UKL0,0.7293746674677031,0.5,False
1uix__A1_Q28021--1uix__B1_Q28021,0.8851675884151086,0.5,True
7vrc__A1_P38956--7vrc__B1_P22082,0.7411099932799172,0.5,False
1oz0__A1_P31335--1oz0__B1_P31335,0.9522822386341578,0.5,True
7eft__B1_P16926--7eft__A1_P16926,0.8176676435315582,0.5,True
8e2b__B1_Q2FYI5--8e2b__A1_Q2FYI5,0.6902379109395063,0.5,True
7jw6__A1_Q9VIF1--7jw6__A2_Q9VIF1,0.7882758210101786,0.5,True
1jkw__A1_P51946--1jkw__A2_P51946,0.8122436221884795,0.5,True
4pfp__B1_F1RQI7--4pfp__A1_F1RQI7,0.9322076922980934,0.5,True
8h1s__A1_Q9I5U2--8h1s__B1_Q9HX32,0.7163690328478985,0.5,False
7t0y__A1_P62136--7t0y__B1_Q14684,0.6542826893665138,0.5,False
1tz9__A1_Q82ZC9--1tz9__B1_Q82ZC9,0.9657295020845469,0.5,True
2wns__B1_P11172--2wns__A1_P11172,0.9538137751487835,0.5,True
6s8v__B1_P08195--6s8v__A1_P80188,0.6848024137824398,0.5,False
2gt4__A1_P32056--2gt4__B1_P32056,0.9033927849184106,0.5,True
3bof__A1_Q9WYA5--3bof__B1_Q9WYA5,0.983874859479144,0.5,True
6trj__A1_O75475--6trj__A2_O75475,0.15757829918492589,0.5,True
8h4z__A1_A0A2X5A3P4--8h4z__B1_A0A2X5A3P4,0.996591258420614,0.5,True
2hre__A1_P22830--2hre__B1_P22830,0.774530786639613,0.5,True
5yjc__A1_Q5HK94--5yjc__B1_Q5HK94,0.8601230757786084,0.5,True
8d6k__A1_Q9L1K2--8d6k__B1_Q9L1K2,0.9218189857299671,0.5,True
2zew__B1_Q9ZA17--2zew__A1_Q9ZA17,0.2902564291139128,0.5,True
5wpi__A1_Q58PW8--5wpi__B1_Q58PW8,0.947587034764975,0.5,True
8fk6__A1_A0A0C9S461--8fk6__B1_P80098,0.8289506304394156,0.5,False
7tm7__A1_A0A0H3GYH4--7tm7__B1_A0A0H3GYH4,0.9531692913377993,0.5,True
7x4b__A1_A0A2D0TCG3--7x4b__B1_A0A2D0TCG3,0.9693279206134415,0.5,True
4aqp__B1_P54253--4aqp__A1_P54253,0.11081176804894002,0.5,True
3npi__A1_Q6NFU8--3npi__B1_Q6NFU8,0.859443640618194,0.5,True
