system_id,auroc,bacc,is_homodimer
3c07__A1_Q9KZ96--3c07__B1_Q9KZ96,0.9442268208490407,0.5,True
3iqy__A1_P28366--3iqy__A2_P28366,0.9436981891916404,0.5,True
7e76__A1_A0A3B6LNA8--7e76__B1_A0A3B6LNA8,0.7821905038237453,0.5,True
3cqc__A1_P57740--3cqc__B1_Q8WUM0,0.9821222661273352,0.5,False
7x1k__A1_Q6DL91--7x1k__B1_Q6DL91,0.893005220034579,0.5,True
8sgd__A1_P25342--8sgd__B1_P32457,0.7769783873158782,0.5,False
3ecf__A1_Q3M5E4--3ecf__B1_Q3M5E4,0.9451839823260553,0.5,True
6j94__A1_Q93VK5--6j94__B1_Q93VK5,0.8157822435650552,0.5,True
7xsh__A1_K1KV82--7xsh__B2_K1KV82,0.9526279327308557,0.5,True
8v14__A1_G5EEF9--8v14__B1_G5EEF9,0.8909489528795812,0.5,True
6r76__A1_H3ZMH8--6r76__B1_H3ZMH8,0.9723476481080844,0.5,True
8ap0__A1_A0A5S9CYM0--8ap0__A2_A0A5S9CYM0,0.9858051865333544,0.5,True
3qph__A1_Q9HGZ9--3qph__A2_Q9HGZ9,0.8957187247992707,0.5,True
3o6j__A1_O67987--3o6j__B1_O67987,0.9761724634725575,0.5034965034965035,True
6o6z__A1_B6YWC3--6o6z__B1_B6YWC3,0.9483791326819445,0.5,True
3fil__A1_P19909--3fil__B1_P19909,0.5439037205411882,0.5,True
6do2__A1_P11021--6do2__B1_P11021,0.8367138101929463,0.5,True
7f4q__B1_Q22GC0--7f4q__A1_I7M8B9,0.7202333207115976,0.5,False
4hfg__A1_Q9NQG5--4hfg__B1_Q9NQG5,0.3375340837292023,0.5,True
7yh2__A1_A0A1Q9P883--7yh2__B1_A0A1Q9P883,0.9959467929814524,0.5,True
3axs__A1_O67010--3axs__A2_O67010,0.9922969568016576,0.5,True
3cqr__A1_Q39249--3cqr__B1_Q39249,0.4834991467359466,0.5,True
3s8k__A1_P80691--3s8k__B1_P80691,0.9614288248112298,0.5,True
4oun__A1_O31418--4oun__A2_O31418,0.9496681988952687,0.5,True
2iab__A1_Q825J7--2iab__B1_Q825J7,0.9075417767461634,0.5,True
3o3n__A1_Q5U924--3o3n__B1_Q5U923,0.9753008437122306,0.5,False
6f3z__A1_P0ADC3--6f3z__B1_P61316,0.9720256647473835,0.5,False
1hr7__A1_P11914--1hr7__B1_P10507,0.9531571113835889,0.5,False
8gko__B1_P28296--8gko__A1_P28296,0.9170136441192931,0.5,True
2gkv__A1_P00777--2gkv__B1_P68390,0.8251655430767704,0.5,False
8stx__A1_Q4E4E1--8stx__B1_Q4E4E1,0.9882392206400071,0.5,True
4m36__A1_Q582G4--4m36__A2_Q582G4,0.9332967203979579,0.5,True
5wpu__A1_A0A076NBW8--5wpu__A2_A0A076NBW8,0.842971438824712,0.5,True
5yps__A1_A0A0W4ZF97--5yps__B1_A0A0W4ZF97,0.9653797983461176,0.5,True
5oge__E1_P40107--5oge__A1_P40107,0.8088206799365862,0.5,True
5fey__B1_Q13049--5fey__A1_Q13049,0.9060512111473321,0.5,True
8hce__B1_Q91XB0--8hce__A1_Q91XB0,0.8880156211671659,0.5,True
1ggp__B1_Q7SIF1--1ggp__A1_Q7SIF0,0.9460356734887636,0.5,False
5z50__A1_O05926--5z50__B1_O05926,0.9780277180053483,0.5,True
7t9u__A1_Q86WV6--7t9u__A2_Q86WV6,0.9550245593363156,0.5,True
6ey4__A1_Q5EGM3--6ey4__A2_Q5EGM3,0.9296065280764256,0.5,True
2hvg__A1_A5KBL5--2hvg__B1_A5KBL5,0.9560593253079627,0.5,True
6wp7__A1_Q82H41--6wp7__B1_Q82H41,0.9598877092808886,0.5,True
6kfs__A1_B7FR28--6kfs__A2_B7FR28,0.6098740709190125,0.5,True
3shg__A1_E6Z0R3--3shg__B1_E6Z0R4,0.5890568579327465,0.5,False
4wjm__A1_Q2YNY7--4wjm__A2_Q2YNY7,0.9963989036116295,0.5,True
8hmo__A1_A0A0H4P0S7--8hmo__B1_A0A0H4P0S7,0.980169068235418,0.5032051282051282,True
8dfk__A1_P39694--8dfk__B1_P39694,0.711294572351452,0.5,True
6n91__A1_Q9KNI7--6n91__B1_Q9KNI7,0.9748453513523211,0.5,True
1dev__A1_Q15796--1dev__B1_O95405,0.6509919204006273,0.5,False
8c9j__B1_P15559--8c9j__A1_P15559,0.9638126623701323,0.5,True
3rd7__B1_A0A0H2ZY91--3rd7__A1_A0A0H2ZY91,0.9712183059483555,0.5,True
5x1j__A1_G2IQS7--5x1j__A2_G2IQS7,0.9810003535559505,0.5,True
3r2p__A1_P02647--3r2p__A2_P02647,0.8534017309650148,0.5,True
1pdk__A1_P15319--1pdk__B1_P62532,0.7655502058680245,0.5,False
7bjg__A1_Q8IGY1--7bjg__A2_Q8IGY1,0.5130644957348002,0.5,True
3kcp__A1_Q06851--3kcp__B1_A3DF10,0.9655605583839717,0.5,False
7bbq__A1_Q6I6B7--7bbq__A2_Q6I6B7,0.9926905849615333,0.5,True
3dpj__E1_Q5LS67--3dpj__F1_Q5LS67,0.830832445833906,0.5,True
6okh__A1_Q04QG8--6okh__B1_Q04QG8,0.764935086643656,0.5,True
7tq1__A1_P0AC13--7tq1__A2_P0AC13,0.9814659549647087,0.5221718659516076,True
7t5y__A1_P0A7E1--7t5y__B1_P0A7E1,0.9417598476758811,0.5,True
5o47__A1_J7HDY4--5o47__A2_J7HDY4,0.9901555235327798,0.5,True
1oo0__A1_P49028--1oo0__B1_Q9V535,0.902155500413565,0.5,False
3edj__A1_Q8KKG0--3edj__B1_Q8KKG0,0.9106683749259218,0.5,True
5yr0__A1_O88597--5yr0__B1_Q8K245,0.91293953722842,0.5,False
5c21__A1_P09986--5c21__B1_P09986,0.8702747875915491,0.5,True
2gok__A1_Q8U8Z6--2gok__B1_Q8U8Z6,0.9858568774555698,0.5,True
1ww1__A1_Q9WZW8--1ww1__B1_Q9WZW8,0.9904525414496306,0.5,True
1fm0__B1_P30749--1fm0__A1_P30748,0.9033686475749048,0.5,False
4jgo__B1_O31671--4jgo__A1_O31671,0.9270709377268772,0.5,True
3l2k__A1_Q8GPH0--3l2k__B1_Q8GPH0,0.9172064469368083,0.5,True
1yov__A1_Q13564--1yov__B1_Q8TBC4,0.9474309037293335,0.5,False
7zvd__A1_P11413--7zvd__A2_P11413,0.9727577755841657,0.5,True
8grh__B1_P51553--8grh__A1_P50213,0.9557158613739625,0.5,False
1lxd__A1_Q03386--1lxd__B1_Q03386,0.30609431823998456,0.5,True
5m97__A1_Q10113--5m97__B1_Q10113,0.994253687770266,0.5,True
7ax1__A1_Q9ULM6--7ax1__B1_Q9UIV1,0.9549870978266513,0.5,False
8d4w__A1_A0A8B4R830--8d4w__A2_A0A8B4R830,0.8440190480285269,0.5,True
7ynw__B2_Q57834--7ynw__A1_Q57834,0.9970717117142222,0.5,True
4rgp__A1_Q8DTU7--4rgp__B1_Q8DTU7,0.9506315471779063,0.5,True
8twd__C1_P0AEV1--8twd__A1_W8SRD3,0.4419839383827148,0.5,False
3fb9__A1_A0A0H2US72--3fb9__B1_A0A0H2US72,0.8651140725406478,0.5,True
8a39__A1_A0A024L404--8a39__C2_A0A024L404,0.9829264282622603,0.5,True
3ps8__A1_P01034--3ps8__A2_P01034,0.40973887388400076,0.5,True
7vwp__A2_A0A136PK59--7vwp__B1_A0A136PK59,0.9986485042125413,0.5,True
3a7p__A1_Q03818--3a7p__B1_Q03818,0.9797592221994612,0.5,True
4ql6__A1_A0A0H3MDM0--4ql6__C1_A0A0H3MDM0,0.9302220962722964,0.5,True
5nck__A1_Q8RDN7--5nck__B1_Q8RDN7,0.9727440367410254,0.5,True
3w8i__A1_Q9BUL8--3w8i__B1_Q9P289,0.9883157725904358,0.5,False
4oky__A1_Q52612--4oky__A2_Q52612,0.9844074215279361,0.5,True
7x20__A1_P54708--7x20__B1_P07340,0.9650745603029042,0.5,False
3hnw__A1_D0VWZ2--3hnw__B1_D0VWZ2,0.9601470921878545,0.5,True
8r37__A1_A0A086IRG1--8r37__B1_A0A086IRG1,0.93235967238983,0.5,True
1rqg__A1_Q9V011--1rqg__A2_Q9V011,0.9215887822211403,0.5,True
8brl__A1_F7J213--8brl__A2_F7J213,0.9315037053590304,0.5,True
7qiu__A1_P94538--7qiu__B1_P94538,0.9847672477978766,0.49999185840131566,True
6sjs__A1_B8FUR2--6sjs__B1_B8FUR2,0.9893366616022391,0.5,True
8hlg__A1_Q9RR88--8hlg__B1_Q9RR88,0.971925740097126,0.5,True
6mpc__A1_B3DQP5--6mpc__B1_B3DQP5,0.9893938417258141,0.5,True
7pcr__A1_P56185--7pcr__A2_P56185,0.8579271211502172,0.5,True
3bvq__B1_Q2I6W2--3bvq__A1_Q2I6W2,0.9523504457024055,0.5,True
6bsu__A1_Q9LZJ3--6bsu__B1_Q9LZJ3,0.9044356695214446,0.5,True
4e5u__B1_Q9HZN8--4e5u__A1_Q9HZN8,0.9901707322321796,0.5,True
8a52__A1_P23222--8a52__B1_P23222,0.9293654904895085,0.5,True
1d0v__A1_Q05603--1d0v__A2_Q05603,0.9746938141098725,0.5,True
3gwq__A1_Q145Q0--3gwq__B1_Q145Q0,0.9308995829514171,0.5,True
1yhc__A1_O67648--1yhc__B1_O67648,0.8287092834714278,0.5,True
7lxs__A1_Q8ZMZ2--7lxs__C1_Q8ZMZ2,0.9085471610224085,0.5,True
6w08__B1_Q9KL63--6w08__A1_Q9KL63,0.9486389572495475,0.5,True
7wrm__A1_D0IVL9--7wrm__B1_D0IVL9,0.839549433780643,0.5,True
2yww__B1_Q58801--2yww__A1_Q58801,0.9906722044151506,0.5,True
3lm6__A1_P40869--3lm6__B1_P40869,0.9870089835165342,0.5032894736842105,True
7trw__A1_A0A380PDL3--7trw__A2_A0A380PDL3,0.889672747852437,0.5,True
8syc__A1_Q13370--8syc__B1_Q13370,0.4566944951596468,0.5,True
1gk6__A1_P03069--1gk6__B1_P03069,0.9579350858111632,0.5,True
1reo__A1_Q6STF1--1reo__A2_Q6STF1,0.9758647355749756,0.5,True
6s3b__A1_Q88JK6--6s3b__B1_Q88JK6,0.8901073707668465,0.5,True
7tl5__A1_A0A3F3B310--7tl5__B1_A0A3F3B310,0.920614169138511,0.5,True
2asf__A1_P9WLL7--2asf__A2_P9WLL7,0.9390898586300886,0.5,True
8ilj__A1_A0A242MJ43--8ilj__B1_A0A242MJ43,0.9912516860238804,0.5,True
4usc__A1_A0A0A0Y4H8--4usc__B1_A0A0A0Y4H8,0.9762393253046866,0.5,True
5yp3__A1_Q6F3I7--5yp3__B1_Q6F3I7,0.9898265010123143,0.5,True
8aid__A1_Q9HWJ8--8aid__B1_Q9HWJ8,0.9569706224959273,0.5,True
7yp6__B1_E5L4T5--7yp6__A1_E5L4T5,0.9439611787564606,0.5,True
4aql__A1_Q9Y2T3--4aql__A2_Q9Y2T3,0.9797012866102918,0.5,True
3idf__A1_O34252--3idf__B1_O34252,0.8465935456654714,0.5,True
8fjr__A1_D1A807--8fjr__B1_D1A807,0.8981475355017451,0.5,True
7z56__B1_F0NGX6--7z56__A1_F0NGX6,0.9874374463260892,0.5,True
7olf__A1_A9CEY7--7olf__B1_A9CEY7,0.9548803508969029,0.5,True
3zta__A1_Q2RIF4--3zta__A2_Q2RIF4,0.979197522675191,0.5,True
3abi__A1_O59312--3abi__B1_O59312,0.9990420179021551,0.5,True
5ab8__A1_P9WN25--5ab8__A2_P9WN25,0.7307295818499768,0.5,True
1guq__A1_P09148--1guq__B1_P09148,0.9723756572133304,0.5,True
6zdw__B1_A0A162MUP0--6zdw__A1_A0A162MUP0,0.7197315099183077,0.5,True
8csd__A1_Q6U8B0--8csd__A2_Q6U8B0,0.9758123001673952,0.5,True
8bfr__A1_P30177--8bfr__A2_P30177,0.9959480700770768,0.5,True
7yk3__A1_O53604--7yk3__B1_O53605,0.9628946019504866,0.5,False
6xiv__A1_P16114--6xiv__B2_P16114,0.9655190932226239,0.5,True
8ajx__A1_P17117--8ajx__A2_P17117,0.9209420887349145,0.5014409221902018,True
8ayj__A1_D5EHC5--8ayj__B1_D5EHC5,0.9657905943444819,0.5,True
8a6e__B2_P02699--8a6e__A1_P02699,0.9032254141841316,0.5,True
4jb7__A1_Q9KTQ6--4jb7__A2_Q9KTQ6,0.8861311241735057,0.5,True
6h3f__A1_A0A0H3JT80--6h3f__A2_A0A0H3JT80,0.9913453284887346,0.5,True
6wxw__A1_F2NWD3--6wxw__B1_F2NWD3,0.9586644611456723,0.5,True
2zw2__A1_F9VNF4--2zw2__B1_F9VNF4,0.8709844155554813,0.5,True
2wo2__A1_P54764--2wo2__B1_P52799,0.814242545821281,0.5,False
1ord__A1_P43099--1ord__B1_P43099,0.9568740784770845,0.5,True
7zcm__A1_P42196--7zcm__B1_P42259,0.9608711855672422,0.5,False
8aa9__A1_Q9V1Y9--8aa9__B1_Q9V1Y9,0.4993405961742965,0.5,True
4i6y__B1_P13702--4i6y__A1_P13702,0.9120897628523816,0.5,True
1vh4__B1_P77689--1vh4__A1_P77689,0.9543928327759571,0.5,True
3ocd__A1_D7A6E5--3ocd__B1_Q7BQR5,0.8772231393761922,0.5,False
8pq7__A1_M1C5B8--8pq7__B1_D0N0Z8,0.600712014055689,0.5,False
5abr__A1_P82802--5abr__B1_P82802,0.9907885570462258,0.5,True
2zmf__A1_Q9Y233--2zmf__B1_Q9Y233,0.8307210577608721,0.5,True
2vzk__B1_P0DJQ5--2vzk__A1_P0DJQ5,0.36252930510149817,0.5,True
7wm5__A1_A0A0C2W699--7wm5__A2_A0A0C2W699,0.9672659888129905,0.5,True
1zee__A1_Q8E972--1zee__B1_Q8E972,0.8938382956081379,0.5,True
1f3u__B1_P35269--1f3u__A1_P13984,0.8722602252572794,0.5,False
7tvh__B1_Q9I2Q1--7tvh__A1_Q9I2Q1,0.9126900337837838,0.5,True
5vgm__B1_Q9KL24--5vgm__A1_Q9KL24,0.9961742504745884,0.5,True
4zzh__A1_Q96EB6--4zzh__A2_Q96EB6,0.4235440662009021,0.5,True
6m4v__A1_P0AEX9--6m4v__B1_P62942,0.9098246300557629,0.5,False
7y28__A1_P07814--7y28__B1_P07814,0.9483042809734248,0.5,True
2plg__A1_Q8DKM0--2plg__B1_Q8DKM0,0.9229767157477837,0.5,True
7y7u__A1_A0A222F232--7y7u__B1_A0A222F232,0.975045344592042,0.5,True
3fgc__A1_P07740--3fgc__B1_P07739,0.9724536609180728,0.5,False
1rve__A1_P04390--1rve__B1_P04390,0.9759056371545107,0.5,True
7zy1__A1_Q9F8A8--7zy1__A2_Q9F8A8,0.9799605221477515,0.5,True
3jxo__B1_A0A0F6AN26--3jxo__A1_A0A0F6AN26,0.9100381502402832,0.5,True
8dqb__A1_A0A0H3FX83--8dqb__A2_A0A0H3FX83,0.9627818012131534,0.5,True
5l16__A1_Q4Q0M0--5l16__A2_Q4Q0M0,0.9894377784153643,0.5,True
3qt7__A1_Q9FD73--3qt7__B1_Q9FD73,0.9887045510547181,0.5,True
4aye__D1_Q9JXV4--4aye__A1_P08603,0.7872605723703535,0.5,False
7r3n__A1_P43432--7r3n__B1_P43432,0.9070767791096652,0.5,True
7a0x__B1_Q8ZRZ3--7a0x__A1_Q8ZRZ3,0.9709489701449942,0.5,True
7wjk__A1_P93836--7wjk__A2_P93836,0.9209218355902844,0.5,True
7g99__B1_Q92974--7g99__A1_P61586,0.6665567303602239,0.5,False
5x8z__A1_A3QAQ5--5x8z__B1_A3QAQ5,0.933841601357499,0.5,True
6dt3__B1_A0A1W1Q5B1--6dt3__A1_A0A1W1Q5B1,0.990168828095602,0.5,True
7u0r__B1_M9SC49--7u0r__A1_M9SC49,0.9833418358885749,0.5,True
7wbt__A1_Q288C4--7wbt__B1_Q288C4,0.9911126664325381,0.5,True
7txe__A1_Q8I6T6--7txe__B1_Q8I6T6,0.366313386353623,0.5,True
6pyp__A1_P21695--6pyp__B1_P21695,0.977584346799469,0.5,True
8b2d__A1_F5SYD3--8b2d__B1_F5SYD3,0.9671258916095308,0.5,True
1vmg__A1_Q97U11--1vmg__A2_Q97U11,0.8962124113555067,0.5,True
6b8l__B1_P0DP23--6b8l__A1_P56696,0.8193838880886319,0.5,False
8sj5__A1_A0A2I4FN75--8sj5__C1_A0A2I4FN75,0.3225650800666685,0.5,True
3nr1__A1_Q8N4P3--3nr1__B1_Q8N4P3,0.9869249271322681,0.5,True
3h3l__A1_A6LFX0--3h3l__A2_A6LFX0,0.9802194617924492,0.5,True
6jdh__A1_A0A2K0XYW4--6jdh__B1_A0A2K0XYW4,0.9777003255767602,0.5,True
3vjz__A1_Q9K0P4--3vjz__B1_Q9K0P4,0.4159681719371642,0.5,True
3et4__A1_Q4QMM5--3et4__A2_Q4QMM5,0.9553780126624932,0.5,True
5or3__A1_Q2UNF9--5or3__D1_Q2UNF9,0.8311962088282622,0.5,True
3fh3__B1_A0A6L8PES2--3fh3__A1_A0A6L8PES2,0.3501466146241959,0.5,True
1go3__A1_Q57840--1go3__B1_Q60351,0.9064061178587495,0.5,False
3zxq__B1_P9WGK1--3zxq__A1_P9WGK1,0.4089753382268071,0.5,True
1zlh__A1_P00730--1zlh__B1_Q5EPH2,0.6125933732712077,0.5,False
4h1h__A1_Q8Y6P6--4h1h__B1_Q8Y6P6,0.8834014245600614,0.5,True
2gh1__A1_Q81E32--2gh1__B1_Q81E32,0.880983183524192,0.5,True
7dl7__F1_B0VJ11--7dl7__A1_B0VJ11,0.9629141093863487,0.5,True
7yu0__B1_Q79F77--7yu0__A1_Q79F77,0.9118401157955531,0.5,True
3cbu__B1_Q473P3--3cbu__A1_Q473P3,0.962523918290084,0.5,True
3ihk__A1_Q8DVV9--3ihk__A2_Q8DVV9,0.9786552083979247,0.5,True
4y67__A1_Q8IKG4--4y67__B1_Q8IKG4,0.9616622141545751,0.5,True
6ejp__B1_P69986--6ejp__A1_P69986,0.3113074733188607,0.5,True
1poy__A1_P0AFK9--1poy__B1_P0AFK9,0.8852926926625003,0.5,True
3a7o__A1_Q03818--3a7o__B1_Q03818,0.9859033079866826,0.5,True
5n47__B1_P02751--5n47__A1_P80188,0.6926822571462561,0.5,False
8ejm__A1_O43143--8ejm__B1_Q8IWZ8,0.6535519391242899,0.5,False
7jl6__A1_Q9L523--7jl6__B1_Q9L523,0.8891509160979983,0.5,True
1npd__B1_P0A6D5--1npd__A1_P0A6D5,0.9954680278511868,0.5,True
8h0h__A1_P9WLU7--8h0h__C1_P9WLU7,0.3481010601220488,0.5,True
3t8l__A1_Q7CUX4--3t8l__B1_Q7CUX4,0.9134171506237992,0.5,True
7ol3__B1_Q8WXF7--7ol3__A1_Q8WXF7,0.835318470920599,0.5,True
3ent__A1_Q2YAE2--3ent__B1_Q2YAE2,0.9166879842738875,0.5,True
2y4g__A1_D3Y1I2--2y4g__B1_D3Y1I2,0.9785555710595308,0.5,True
7ec7__A1_A0A0H2XGN0--7ec7__A2_A0A0H2XGN0,0.9796004461774708,0.5,True
2o11__A1_P9WPY1--2o11__A2_P9WPY1,0.9164759414707406,0.5,True
8abq__A1_Q13596--8abq__B1_Q9Y5X3,0.9811856945662069,0.5,False
2sak__A1_P68802--2sak__A2_P68802,0.6163315384518833,0.5,True
8h5e__A1_Q5SMG8--8h5e__B1_Q5SMG8,0.9319295211837665,0.5,True
8bgm__B1_A0A5P3XKL3--8bgm__A1_A0A5P3XKM0,0.9069091467088161,0.5,False
2ps8__A1_P13513--2ps8__B1_P13513,0.9841443088121617,0.5,True
6awl__A1_O75208--6awl__B1_O75208,0.9954086771953807,0.5,True
4qds__A1_O60462--4qds__B1_O60462,0.25685098821085167,0.5,True
6qky__B1_Q97P33--6qky__A1_Q97P33,0.42852097712548465,0.5,True
7nli__B1_P08405--7nli__A1_P08405,0.8370231797789097,0.5,True
8p3m__A1_W0DP94--8p3m__B1_W0DP94,0.972549192510771,0.5,True
5v7y__A1_A0A4Y1WAP5--5v7y__B1_A0A4Y1WAP5,0.9022800850888227,0.5,True
4aps__A1_Q5M4H8--4aps__B1_Q5M4H8,0.8915494225978982,0.5,True
7ucn__A1_P50120--7ucn__B1_P50120,0.4494877676054567,0.5,True
1ni5__A1_P52097--1ni5__A2_P52097,0.9855238430509892,0.5,True
4a5o__B1_Q9I2U6--4a5o__A1_Q9I2U6,0.9871613468447251,0.5,True
8q5k__A1_A0A0H2Z7A6--8q5k__A2_A0A0H2Z7A6,0.5465474898699813,0.5,True
1ww5__A1_Q6WY08--1ww5__D1_Q6WY08,0.9947492486636537,0.5,True
7ww2__A1_A0A4Q9D6T1--7ww2__B1_A0A4Q9D6T1,0.9845118638554574,0.5,True
2pfk__A1_P0A796--2pfk__B1_P0A796,0.9645676353345473,0.5,True
1i2m__B1_P18754--1i2m__A1_P62826,0.7887959747885996,0.5,False
8i2e__A1_O34841--8i2e__B1_P54421,0.8287071007387286,0.5,False
3pfl__A1_P09373--3pfl__B1_P09373,0.9924604533208922,0.5,True
6gho__B1_Q5L1S1--6gho__A1_O31602,0.6339331398513178,0.5,False
1glj__A1_P0A6F3--1glj__B1_P0A6F3,0.9891553229099974,0.5,True
4zq8__B1_A0A0M3KL36--4zq8__A1_A0A0M3KL36,0.978230669227468,0.5,True
5h4h__B1_O58236--5h4h__A1_O58236,0.9664061849539102,0.5,True
4iv9__A1_P06617--4iv9__B1_P06617,0.9634232024071185,0.5,True
6sdk__A1_P26497--6sdk__B1_P26497,0.5494658713956877,0.5,True
2fq4__A1_Q81BJ4--2fq4__A2_Q81BJ4,0.9409071451566684,0.5,True
7zeq__B1_Q9WXT1--7zeq__A1_Q9WXT1,0.9862018238594908,0.5,True
5z5h__A1_Q2I2N4--5z5h__A2_Q2I2N4,0.9925278481227491,0.5,True
2fe1__A1_Q8ZZP3--2fe1__A2_Q8ZZP3,0.9854060779231789,0.5,True
7wik__B1_A0R1E6--7wik__A1_A0R1E6,0.8935083125430143,0.5,True
7t8o__B1_Q8Y8Y9--7t8o__A1_Q8Y8Y9,0.912748130435223,0.5,True
7t91__A1_P08151--7t91__B1_P08151,0.073416261300921,0.5,True
3lg6__A1_D2YW48--3lg6__B1_D2YW48,0.9758104209234475,0.5,True
2o9a__A1_P16528--2o9a__D1_P16528,0.9755297455196758,0.5,True
1zhq__A1_Q9RHG4--1zhq__B1_Q9RHG4,0.8281643867358509,0.5,True
2e0k__B1_Q8KFD9--2e0k__A1_Q8KFD9,0.9607227362321796,0.5,True
6izb__A1_P13693--6izb__A2_P13693,0.8197223684575102,0.5,True
3a2f__A1_P61875--3a2f__B1_O73947,0.9299538092596967,0.5,False
3vf0__B1_Q8IY67--3vf0__A2_P18206,0.7553237716518704,0.5,False
8ehe__A1_A0A0A7KVG3--8ehe__B1_A0A1D3UUC0,0.8029001593333112,0.5,False
6hpc__A1_P67697--6hpc__B1_P67697,0.9254102358431247,0.5,True
2x3o__A1_Q9I585--2x3o__B1_Q9I585,0.911838252097982,0.5,True
5y40__A1_P55892--5y40__B1_P55892,0.7714853176182956,0.5,True
1y42__A1_P12063--1y42__A2_P12063,0.9937605141362483,0.5,True
2e91__A1_Q12051--2e91__B1_Q12051,0.9771652627075699,0.5,True
3iuw__B1_Q8KUB7--3iuw__A1_Q8KUB7,0.913524111031793,0.5,True
8e7y__A1_Q9RFC8--8e7y__B1_Q9RFC8,0.8765625582592417,0.5,True
4kzn__A1_P15692--4kzn__A2_P15692,0.8914348910859665,0.5,True
7z7o__A1_A0A1S4NYF2--7z7o__C1_A0A1S4NYF2,0.8936294245205868,0.5,True
8brp__A1_D8G6F7--8brp__B1_D8G6F7,0.9542785698302091,0.5,True
3qir__A1_Q8TC59--3qir__A2_Q8TC59,0.2681461733568096,0.5,True
8bay__A1_O75874--8bay__B1_O75874,0.9691674214093725,0.5,True
6mhm__B1_Q13510--6mhm__A1_Q13510,0.5729296937366756,0.5,True
8bj7__A1_P07598--8bj7__B1_P07603,0.8952726099945683,0.5,False
8b80__A1_W8QF82--8b80__B1_W8QF82,0.9799519249524504,0.5,True
5wxx__A1_Q9RNB4--5wxx__A2_Q9RNB4,0.9481128926668757,0.5,True
8f7l__A1_P43490--8f7l__B1_P43490,0.9104629098406598,0.5,True
3cz1__A1_Q9U9J6--3cz1__B1_Q9U9J6,0.6730404682466067,0.5,True
8a0c__A1_Q2ERG0--8a0c__B1_Q2ERG0,0.9466798213282692,0.5,True
5mpy__A1_Q9LPZ1--5mpy__B1_Q9LPZ1,0.8044817566617326,0.5,True
1anu__A1_Q06851--1anu__A2_Q06851,0.9182871652217288,0.5,True
3vs8__A1_C1DM33--3vs8__C1_C1DM33,0.9555040968153172,0.5,True
7zi8__A1_P27707--7zi8__A2_P27707,0.9781401308191187,0.5,True
1peu__A1_Q08698--1peu__A2_Q08698,0.9868539358418819,0.5,True
5uk5__B1_Q63722--5uk5__A1_Q07008,0.4872786064038863,0.5,False
7vg5__A1_Q49135--7vg5__B1_Q49135,0.948784170460963,0.5,True
4jkz__A1_A0R6I8--4jkz__A2_A0R6I8,0.9576828019733188,0.5,True
4aa8__A1_P00794--4aa8__A2_P00794,0.9722020516565508,0.5,True
5yew__A1_Q8IWA4--5yew__B1_Q8IWA4,0.877576469860346,0.5,True
1hf2__B1_Q9X0D7--1hf2__A1_Q9X0D7,0.9965752591564279,0.5089058668604123,True
3au0__A1_Q7A382--3au0__A2_Q7A382,0.3604797255881051,0.5,True
3gif__A1_O34757--3gif__B1_O34757,0.9561593671165296,0.5,True
4axv__A1_A7N805--4axv__A2_A7N805,0.9164200925378876,0.5,True
5c6u__A1_O69689--5c6u__A2_O69689,0.9305967675677773,0.5,True
4nv4__A1_A0A6L7HM74--4nv4__A2_A0A6L7HM74,0.4448360398970341,0.5,True
6axf__A1_Q7LDG7--6axf__B1_P61224,0.7292672563960552,0.5,False
5yf1__B1_Q8N4J0--5yf1__A1_Q8N4J0,0.9472406604720494,0.5,True
8j83__A1_C5ATT7--8j83__B1_C5ATT6,0.8860359069913329,0.5,False
3fjy__B1_A0ZZM4--3fjy__A1_A0ZZM4,0.967083305566752,0.5,True
4rg1__A1_Q5T280--4rg1__B1_Q5T280,0.9680523192441017,0.5,True
1ux4__A1_P41832--1ux4__A2_P41832,0.5962065818203606,0.5,True
6rbm__A1_P0ACT4--6rbm__A2_P0ACT4,0.9573906653801497,0.5,True
7wis__A1_P46881--7wis__B1_P46881,0.9120090427150153,0.5,True
5a3l__A1_A0A1A9TAD0--5a3l__C1_A0A1A9TAD0,0.5232003739794645,0.5,True
2gz4__A1_Q7D028--2gz4__C1_Q7D028,0.8898608006184543,0.5,True
7xyv__A1_Q9C0D3--7xyv__B1_Q9C0D3,0.4548642313938793,0.5,True
2f9w__A1_Q9HWC1--2f9w__B1_Q9HWC1,0.9729407305596925,0.49999185070491403,True
2ox1__A1_O30011--2ox1__B1_O30011,0.995929956280989,0.5087719298245614,True
2guh__A1_Q0S8Y3--2guh__B1_Q0S8Y3,0.9575493760847662,0.5,True
7br1__A1_A0A7I6N400--7br1__B1_A0A7I6N400,0.9728450709093213,0.5,True
2p04__A1_D0VWX5--2p04__B1_D0VWX5,0.9708628808933876,0.5,True
4h5b__A1_Q9RUY5--4h5b__B1_Q9RUY5,0.8974213403238008,0.5,True
4e1o__A1_P19113--4e1o__B1_P19113,0.8682597016132849,0.5,True
7pu4__B1_Q9X053--7pu4__A1_Q9X053,0.4611670063790886,0.5,True
3m1u__A1_Q72DN3--3m1u__B1_Q72DN3,0.9378331660303738,0.5,True
7qii__A1_P0C2N2--7qii__B1_P0C2N4,0.8714300825468227,0.5,False
6ird__A1_Q91UZ1--6ird__B1_Q8NI35,0.42412219822406017,0.5,False
6gg2__A1_Q4WD43--6gg2__A2_Q4WD43,0.9762554165734671,0.5,True
6oei__A1_Q8KG60--6oei__A2_Q8KG60,0.9074763938455617,0.5,True
8hyi__A1_P22223--8hyi__B1_P22223,0.6672578307256383,0.5,True
4b8v__A1_B3VBK9--4b8v__A2_B3VBK9,0.8741634626503239,0.5,True
4lqb__A1_D2Q399--4lqb__B1_D2Q399,0.9604333490343853,0.5,True
2vxb__A1_P87074--2vxb__B1_P87074,0.1249320791919131,0.5,True
1t72__A1_O67053--1t72__B1_O67053,0.9744239716341128,0.5,True
3soo__A1_Q5T7N2--3soo__A2_Q5T7N2,0.8716763791753013,0.5,True
5z1o__A1_D0VWU8--5z1o__B1_D0VWU8,0.9330066035005695,0.5,True
6h40__A1_K5B7F3--6h40__A2_K5B7F3,0.9868267366696538,0.5,True
2etk__A1_Q13464--2etk__B1_Q13464,0.9453361094936563,0.5,True
2p69__A1_Q96GD0--2p69__A2_Q96GD0,0.9869570196913751,0.5,True
4doy__A1_Q6WNP1--4doy__C1_Q6WNP1,0.9422071543410389,0.5,True
6zxw__A1_O29011--6zxw__B1_A0A117KMN5,0.8231283037679024,0.5,False
3lhk__A1_Q60329--3lhk__B1_Q60329,0.9795860301751751,0.5,True
1qpa__A1_P11542--1qpa__B1_P11542,0.8156958522014365,0.5,True
6e52__A1_P03069--6e52__B1_P03069,0.9031158604615335,0.5,True
1fwl__A1_Q58504--1fwl__B1_Q58504,0.9909109955621584,0.5045045045045045,True
5nkk__A1_O62301--5nkk__B1_Q9XWJ1,0.956969075848004,0.5,False
1ygt__A1_Q94524--1ygt__A2_Q94524,0.9235870487486423,0.5036499814675863,True
6p40__A1_M1GSK9--6p40__B1_M1GSK9,0.90242271935055,0.5,True
2wyn__B1_P13482--2wyn__D1_P13482,0.9195332267217043,0.5,True
7yui__A1_P0CG48--7yui__B1_Q9BYM8,0.8007873229734728,0.5,False
8dml__B1_Q87GI3--8dml__A1_Q87GI4,0.9407891176542936,0.5,False
2oi2__A1_A0A0H2UNK6--2oi2__A2_A0A0H2UNK6,0.9274741684597454,0.5,True
4wud__A1_P0AES6--4wud__A2_P0AES6,0.9266368968282002,0.5,True
5yzj__A1_A8K0B5--5yzj__B1_A8K0B5,0.5514023082286328,0.5,True
8f61__A1_Q28943--8f61__B1_Q28943,0.8774548863240237,0.5,True
5ho3__A1_W6KHH6--5ho3__B1_W6KHH6,0.7751190762987559,0.5,True
1u5i__A1_Q07009--1u5i__B1_Q64537,0.909057135413726,0.5,False
1cmc__A1_P0A8U6--1cmc__B1_P0A8U6,0.9478712915266728,0.5,True
6oe2__A1_Q8A9F0--6oe2__A2_Q8A9F0,0.31233941304852086,0.5,True
3gzi__A1_A3QIY5--3gzi__A2_A3QIY5,0.9570790886321456,0.5,True
8pr6__B1_A0A1Q6BKH4--8pr6__A1_A0A1Q6BKH4,0.48530061628676685,0.5,True
8j64__A1_Q967S9--8j64__B1_O00816,0.34984059896659025,0.5,False
8ohw__A1_Q63T97--8ohw__B1_Q63T97,0.9279048096262523,0.5,True
5y4r__A1_O87131--5y4r__B1_Q9HVI1,0.6842901663595518,0.5,False
3ddh__A1_Q8A5Q8--3ddh__B1_Q8A5Q8,0.9900925630386211,0.5,True
8d3t__B1_A0A2K2AMS7--8d3t__A1_A0A2K2AMS7,0.6489998736186986,0.5,True
1zk8__A1_Q815X4--1zk8__B1_Q815X4,0.9799462544792876,0.4999700491194441,True
2w82__A1_Q47730--2w82__B1_Q47730,0.9747964062417906,0.5,True
6l08__A1_O65896--6l08__B1_O65896,0.9622472108888669,0.5,True
4p94__B1_Q4J9K8--4p94__A1_Q4J9K8,0.9663101355376824,0.5,True
4yii__A1_O00762--4yii__B1_Q9UJX6,0.9767996219420673,0.5,False
4rus__A1_P68512--4rus__B1_P68512,0.9661111844877369,0.5,True
2o48__A1_Q9TQS6--2o48__A2_Q9TQS6,0.9847732410866907,0.5,True
7pvw__B1_P00523--7pvw__A1_P00523,0.3853945886208113,0.5,True
2wcu__A1_Q8R2K1--2wcu__B1_Q8R2K1,0.9742663230864154,0.5,True
2p35__A1_Q8UH15--2p35__B1_Q8UH15,0.8198630158419571,0.5,True
5jj8__A1_Q9HVB9--5jj8__A2_Q9HVB9,0.8443466320025549,0.5,True
6ije__A1_A0A083ZID3--6ije__B1_A0A083ZID3,0.9324854088196277,0.5,True
8avu__A1_Q8GPI4--8avu__A2_Q8GPI4,0.9797116463783131,0.5,True
7xdu__B1_A0A1I1Z0X1--7xdu__A1_A0A1I1Z0X1,0.9854569288016768,0.5,True
1xr4__A1_Q8ZRY1--1xr4__B1_Q8ZRY1,0.9356366661975429,0.5,True
2fuq__A1_C6XZB6--2fuq__B1_C6XZB6,0.9320812239834709,0.5,True
5xrw__A1_O25306--5xrw__C1_O25674,0.9701097078916627,0.5,False
5l0o__A1_P46940--5l0o__B1_P46940,0.35720105385743006,0.5,True
2zcx__A1_Q9FBX0--2zcx__A2_Q9FBX0,0.9521754815184411,0.5,True
5way__A1_Q97P44--5way__B1_Q97P44,0.976676811574273,0.5,True
7xey__A1_Q9SU72--7xey__B1_Q9S745,0.9169869115170806,0.5,False
4xlo__C1_Q9KHK2--4xlo__A1_Q9KHK2,0.9721910692456419,0.5,True
6kd6__B1_Q9VAA9--6kd6__A1_Q9VAA9,0.33340592495134563,0.5,True
8k72__A1_Q9NWT6--8k72__A2_Q9NWT6,0.9812298874964575,0.5,True
8b5v__A1_Q4E4A3--8b5v__B1_Q4E4A3,0.9242797058876548,0.5,True
4yo3__A1_D3GUX1--4yo3__A2_D3GUX1,0.9944854023971594,0.5,True
8p8p__A1_P49773--8p8p__B1_P49773,0.9562320578064852,0.5,True
6hrx__A1_O53623--6hrx__B1_O53623,0.9945319748161798,0.5,True
3mdo__A1_A6LDR8--3mdo__B1_A6LDR8,0.9467708491988469,0.5,True
8iw0__A1_Q14678--8iw0__B1_Q14678,0.7291765150419436,0.5,True
2rb7__A1_Q313A9--2rb7__B1_Q313A9,0.9640657884529006,0.5,True
3lsj__A1_Q9HUS3--3lsj__B1_Q9HUS3,0.927212131495854,0.5,True
8g0q__A1_P40460--8g0q__B1_P33895,0.8501317112392343,0.5,False
6ms4__A1_Q9ULC4--6ms4__B1_O43583,0.8688759893211354,0.5,False
7y6b__A1_A0A411GZY8--7y6b__B1_A0A411H025,0.9032524555446014,0.5,False
7zyt__A1_P09622--7zyt__B1_P09622,0.8919528342221733,0.5,True
7lle__A1_Q6QVT7--7lle__B1_Q6QVT7,0.9290625908345872,0.5,True
4csw__A1_D0MK34--4csw__B1_D0MK34,0.9308125820167206,0.5,True
7tev__A1_P04181--7tev__A2_P04181,0.9149059071759211,0.5,True
2hsa__B1_Q9FEW9--2hsa__A1_Q9FEW9,0.8010167500839792,0.5,True
4tsd__A1_O25673--4tsd__B1_O25673,0.869895831135307,0.5,True
7qh0__B1_P48499--7qh0__A1_P48499,0.9882528087834515,0.5,True
1ayf__B1_P00257--1ayf__A1_P00257,0.48262844249016434,0.5,True
3neu__A1_Q92AT3--3neu__A2_Q92AT3,0.9541731016731018,0.5,True
8f9x__A1_Q5LVE1--8f9x__B1_Q5LVE1,0.9297530950239143,0.5,True
3pui__A1_Q9L9D7--3pui__A2_Q9L9D7,0.9922777629932986,0.5,True
1rqi__A1_P22939--1rqi__B1_P22939,0.9927751347397227,0.5,True
6pya__A1_P04278--6pya__A2_P04278,0.9025731057778015,0.5,True
1r27__A1_P09152--1r27__B1_P11349,0.9479191246827938,0.5,False
7zuv__A1_A0A2K3DY10--7zuv__D2_A0A2K3DY10,0.8177142255522165,0.5,True
2aho__A1_Q980A5--2aho__B1_Q97Z79,0.9159373342649781,0.5,False
6mni__A1_A0A2V0QX35--6mni__B1_A0A2V0QX35,0.943992726901292,0.5,True
4kif__B1_Q643C8--4kif__A1_Q643C8,0.9721970867948093,0.5,True
7vyu__A1_A0A022MLV4--7vyu__B1_A0A022MLV4,0.9554540653741574,0.5,True
3g23__A1_Q2G8F3--3g23__B1_Q2G8F3,0.9853609835155488,0.5,True
3ui3__A1_O05728--3ui3__B1_O05728,0.9458575211324982,0.5,True
8ohy__A1_Q556V8--8ohy__A2_Q556V8,0.9906241195678782,0.5,True
5zgo__A1_Q5SHW6--5zgo__B1_Q5SHW6,0.8510503625938106,0.5,True
5uph__B1_Q14108--5uph__A1_Q14108,0.5879692050873475,0.5,True
6u3w__A1_P53622--6u3w__B1_P40509,0.9209874725710478,0.5,False
2gsv__B1_P71066--2gsv__A1_P71066,0.8167713522489352,0.5,True
7yh1__A1_A0A5B9DB95--7yh1__B1_A0A5B9DB95,0.9761392481907845,0.5,True
6c6r__A1_Q14534--6c6r__B1_Q14534,0.837241159993587,0.5,True
6p4o__B1_Q970I1--6p4o__A1_Q970I2,0.9551673923727184,0.5,False
2oys__A1_A0A0H2URW2--2oys__B1_A0A0H2URW2,0.9647834516058236,0.5,True
8i85__A1_D2B3F1--8i85__B1_D2B3F1,0.8730280160731334,0.5,True
2b0a__A1_Q58193--2b0a__A2_Q58193,0.9669084245617129,0.5,True
3ayh__B1_O94285--3ayh__A1_Q9C0Z9,0.8989519165227107,0.5,False
2g38__B1_Q79FE1--2g38__A1_Q7D756,0.9179629659499654,0.5,False
2z6k__A1_P15927--2z6k__C1_P35244,0.8924691016889599,0.5,False
3p8b__B1_Q8TZK1--3p8b__A1_Q8U440,0.865547326895617,0.5,False
6z68__A1_A0A1M6Y2K1--6z68__B1_A0A1M6Y2K1,0.9028131606687514,0.5,True
5yz5__A1_Q16555--5yz5__A2_Q16555,0.8499303075779683,0.5,True
6dk9__A1_A7A1Y4--6dk9__A2_A7A1Y4,0.9624804810106717,0.5,True
2p19__A1_Q8NTZ4--2p19__C1_Q8NTZ4,0.9866330824950329,0.5,True
8ai1__B1_Q45595--8ai1__A1_Q45595,0.9148688247325362,0.5,True
7px0__B1_Q9VF53--7px0__A1_Q9VF53,0.9692913531166858,0.5,True
4cmz__B1_Q9BXM0--4cmz__A1_Q9BXM0,0.031161790915645988,0.5,True
8gyz__B1_Q93ZE2--8gyz__A1_Q93ZE2,0.9559578136196114,0.5,True
2ikb__A1_Q7DDI9--2ikb__C1_Q7DDI9,0.9664805877873759,0.5,True
7zam__A1_Q07666--7zam__B1_Q07666,0.6794440232265453,0.5,True
3egv__A1_Q84BQ9--3egv__B1_Q5SLP6,0.8880516900644644,0.5,False
2g9w__A1_P9WMJ5--2g9w__B1_P9WMJ5,0.9168793616370562,0.5,True
2afv__A1_Q8EXP7--2afv__B1_Q8EXP7,0.9709250641584115,0.5,True
7w93__A1_A0A140N873--7w93__A2_A0A140N873,0.9871997499548624,0.5,True
1wl3__B1_Q9X1M1--1wl3__A1_Q9X1M1,0.9775154666880924,0.5,True
4kbx__A1_P45550--4kbx__A2_P45550,0.9561729550498703,0.5,True
8brn__C1_P80366--8brn__A1_P80366,0.9521327839748683,0.5,True
8h5a__A1_P67661--8h5a__B1_P67661,0.9179327367400762,0.5,True
8b4l__B1_D5SK09--8b4l__A1_D5SK09,0.8793914817153126,0.5,True
1nrj__B1_P36057--1nrj__A1_P32916,0.8123554023686742,0.5,False
4rdw__A1_Q9HU77--4rdw__A2_Q9HU77,0.9634481077212746,0.5,True
7vpr__A1_Q6FX18--7vpr__B1_Q6FX18,0.7322230499989665,0.5,True
5a6k__A1_A0A0H2US73--5a6k__B1_A0A0H2US73,0.9892979380689265,0.5,True
7ucd__B1_P17535--7ucd__A1_P53539,0.7953583960327344,0.5,False
1qc9__A1_P00642--1qc9__A2_P00642,0.9193693940523695,0.5,True
3ooc__A1_P77239--3ooc__B1_P77239,0.9363588736273224,0.5,True
8pm1__A1_B8GAY9--8pm1__B1_B8GAY9,0.9329392235056619,0.5,True
1vbg__A1_P11155--1vbg__A2_P11155,0.9859551391672136,0.5,True
4ovo__A1_P67954--4ovo__A2_P67954,0.7502363433225574,0.5,True
2qgs__A1_A0A0H2VIU2--2qgs__B1_A0A0H2VIU2,0.9637057609227692,0.5,True
8bol__A1_Q04609--8bol__A2_Q04609,0.9558092598085625,0.5,True
3mii__B1_Q08914--3mii__A1_Q08914,0.9316307825664679,0.5,True
3i23__A1_Q835X4--3i23__B1_Q835X4,0.870899175781685,0.5,True
3itf__A1_P0AE85--3itf__B1_P0AE85,0.7891409063050638,0.5,True
6mw5__A1_K3WC47--6mw5__A2_K3WC47,0.9137767339643375,0.5,True
5vht__A1_P0A9J8--5vht__B1_P0A9J8,0.9810851652295243,0.5,True
6j6x__B1_P53611--6j6x__A1_Q7Z6K3,0.8786666079046745,0.5,False
4tvb__A1_O32323--4tvb__B1_O32323,0.9848612079608985,0.5,True
3jyu__A1_P35123--3jyu__B1_P35123,0.5987655923900441,0.5,True
8dtc__A1_L8GT25--8dtc__B1_L8GT25,0.8352925423903534,0.5,True
8fny__A1_O00418--8fny__B1_P0DP23,0.7489830293371609,0.5,False
7v0b__A1_A0A1E7MYN1--7v0b__B1_A0A1E7MYN1,0.9926778065415914,0.5,True
2vvo__A1_P9WKD7--2vvo__B1_P9WKD7,0.9322431431512108,0.5,True
5yjh__A1_Q15063--5yjh__A2_Q15063,0.8419054688450079,0.5,True
2z5e__A1_Q9BT73--2z5e__B1_Q9BT73,0.9485090424658283,0.5,True
1a8l__A1_Q51760--1a8l__A2_Q51760,0.9720179458358551,0.5,True
8h0r__A1_Q9WVJ5--8h0r__B1_Q9WVJ5,0.25171613231949513,0.5,True
2j7j__A1_P03001--2j7j__A2_P03001,0.48797731550172696,0.5,True
7zbg__A1_Q02880--7zbg__A2_Q02880,0.7700633986219882,0.5,True
1rku__A1_Q9I2Y2--1rku__B1_Q9I2Y2,0.9912444458299943,0.5,True
2wvl__A1_Q72K30--2wvl__B1_Q72K30,0.9307775464998542,0.5,True
8ewa__B1_Q9HW02--8ewa__A1_Q9HW02,0.9811015008494407,0.5,True
2ft0__A1_Q8FBQ3--2ft0__B1_Q8FBQ3,0.8624980038326413,0.5,True
2r01__A1_Q8KFI1--2r01__A2_Q8KFI1,0.9383749708637045,0.5,True
8hno__A1_B6YTS4--8hno__B1_B6YTS4,0.9632691779787247,0.5,True
6x88__A1_P52731--6x88__B1_P52731,0.9895313814763402,0.5,True
2x76__A1_Q939Q9--2x76__A2_Q939Q9,0.9928192688127024,0.5,True
7x2p__A1_Q5ZWH7--7x2p__B1_Q5ZWH7,0.7209812497259909,0.5,True
2aeu__A1_Q57622--2aeu__A2_Q57622,0.9892231880225786,0.5,True
5kbg__A1_Q43965--5kbg__B1_Q43965,0.9778379425472031,0.5,True
4p9g__A1_Q9REI7--4p9g__A2_Q9REI7,0.9617732233949937,0.5,True
7tcv__A1_Q60932--7tcv__A2_Q60932,0.8905164480594523,0.5,True
7vkb__A1_Q5ZSZ6--7vkb__B1_Q5ZSZ7,0.9334513463711422,0.5,False
7r2p__A1_Q46877--7r2p__A2_Q46877,0.9345726423648502,0.5,True
6ggl__B1_C9K1X5--6ggl__A1_C9K1X5,0.9481860065760126,0.5,True
7yi7__A1_Q9Y251--7yi7__B1_Q9Y251,0.35613280856922264,0.5,True
7yka__B1_Q9Y3D6--7yka__A1_Q9Y3D6,0.4187492977743276,0.5,True
8jea__A1_K1QRB6--8jea__D1_K1QRB6,0.9516180753247603,0.5,True
8huc__C1_A0A0H2Z790--8huc__A1_A0A0H2Z790,0.9233727194476714,0.5,True
5mpr__A1_O15382--5mpr__A2_O15382,0.946629185214392,0.5,True
4ooj__B1_Q5ZSK6--4ooj__A1_Q5ZSK6,0.7132032762007785,0.5,True
8a5v__A1_Q9Y617--8a5v__C1_Q9Y617,0.9823217881081632,0.5,True
3lm2__A1_A9CH74--3lm2__B1_A9CH74,0.973276092245011,0.5,True
7zwt__A1_P41182--7zwt__A2_P41182,0.1454219587969347,0.5,True
5zwl__B1_Q8DLU1--5zwl__A1_Q8DLG7,0.959645405847268,0.5,False
6wmz__A1_P23246--6wmz__B1_Q15233,0.6203230079698718,0.5,False
1i4m__A1_P04156--1i4m__A2_P04156,0.33364198586533156,0.5,True
2gjg__A1_Q88EQ6--2gjg__A2_Q88EQ6,0.8093654252329672,0.5,True
4ghm__A1_Q9KTK0--4ghm__B1_Q9KTK0,0.9702328404325755,0.5,True
1tve__A1_P31116--1tve__B1_P31116,0.9765695745005142,0.5,True
3onx__A1_P41697--3onx__B1_P41697,0.9078291675615694,0.5,True
8cp4__A1_Q6LXV7--8cp4__A2_Q6LXV7,0.9804841220910152,0.5,True
1ob9__A1_Q97YX6--1ob9__A2_Q97YX6,0.9895511637497504,0.4999724760541671,True
7zcc__B1_P46327--7zcc__A1_P46327,0.9661822846397548,0.5,True
4kwd__A1_Q9UR08--4kwd__B1_Q9UR08,0.9813817295491318,0.5,True
7wuy__A1_A0A1R3S1W7--7wuy__B1_A0A1R3S1W7,0.9558992117312973,0.5,True
5gtw__A1_I3NX86--5gtw__D1_I3NX86,0.7975459614306457,0.5,True
6loh__A1_O15033--6loh__A2_O15033,0.926575460975851,0.5,True
3a9y__A1_Q68FT9--3a9y__B1_Q68FT9,0.9718530828198617,0.5,True
8ay6__B1_Q9CAJ0--8ay6__A1_A0A067E666,0.826869125576652,0.5,False
8u5m__A1_Q8TF42--8u5m__F1_Q8TF42,0.8710825534259328,0.5,True
7twa__D1_F8JJ25--7twa__A1_F8JJ25,0.9947877351569044,0.5,True
8fju__B1_P34897--8fju__A1_P34897,0.9529236472425711,0.5,True
1fjj__A1_P12994--1fjj__A2_P12994,0.8687989415048664,0.5,True
8iyi__A1_Q6CVU4--8iyi__B1_Q6CVU4,0.973357511313296,0.5,True
1uus__A1_O00910--1uus__A2_O00910,0.8157569848336604,0.5,True
1zt2__A1_Q97Z83--1zt2__C1_Q9UWW1,0.9849536912325819,0.5,False
7uex__A1_Q9H999--7uex__A2_Q9H999,0.9763286865599468,0.5,True
6jqy__A1_P9WF13--6jqy__B1_P9WF13,0.8859983243103893,0.5,True
6l6w__A1_A0A3B6UEU3--6l6w__A2_A0A3B6UEU3,0.9839901431449932,0.5,True
8grj__B1_Q8GQE7--8grj__A1_A0A0H3KLY3,0.9601631503051333,0.5,False
2j0n__B1_P18013--2j0n__A1_P18013,0.49894403179330715,0.5,True
3rq1__A1_D1BN29--3rq1__C1_D1BN29,0.9564946825182377,0.5,True
5ae6__B1_Q92458--5ae6__A1_Q92458,0.9178944967509765,0.5,True
7qi3__A1_W7NDP8--7qi3__C1_W7NDP8,0.9452048751034597,0.5,True
2yve__A1_Q8NMG3--2yve__B1_Q8NMG3,0.9594112935421564,0.5,True
5ynx__A1_B2GM84--5ynx__B1_B2GM84,0.8523295215661381,0.5,True
2r6u__A1_Q0S814--2r6u__C1_Q0S814,0.9034035713438083,0.5,True
8b6m__A1_Q9H2K2--8b6m__B1_Q9H2K2,0.42636439668894294,0.5,True
3kc2__A1_P36151--3kc2__B1_P36151,0.9888683782502854,0.5041666666666667,True
3vp5__A1_Q9CHR1--3vp5__A2_Q9CHR1,0.9885415204678363,0.5,True
7pvh__A1_B2RLE7--7pvh__B1_B2RLE7,0.6971364492328853,0.5,True
4nqf__B2_Q7CW19--4nqf__A1_Q7CW19,0.9885633628721531,0.5,True
1vjh__A1_P0C0B0--1vjh__B1_P0C0B0,0.9369987975529764,0.5,True
5xw4__B1_Q00684--5xw4__A1_Q00684,0.7710099879050234,0.5,True
8aai__A1_O00560--8aai__C1_O00560,0.7331108268337767,0.5,True
4xdl__A1_P57789--4xdl__B1_P57789,0.873518707260228,0.5,True
6ukl__A1_P0A901--6ukl__F1_P0A901,0.2866313901879326,0.5,True
5dot__A1_P31327--5dot__B1_P31327,0.8627566274014218,0.5,True
5by4__A1_P0ABV6--5by4__A2_P0ABV6,0.8784061810124312,0.5,True
7zxs__A1_Q86TI2--7zxs__C1_Q86TI2,0.9754297333758507,0.5,True
1v6u__A1_Q7SI98--1v6u__B1_Q7SI98,0.8442635162870189,0.5,True
6e27__A1_Q9H257--6e27__B1_Q9H257,0.14500947746309537,0.5,True
7szd__A1_Q96S44--7szd__B1_Q9Y3C4,0.9570687522175365,0.5,False
1h9r__A1_P0A9G8--1h9r__B1_P0A9G8,0.8818852482940743,0.49999270307346544,True
3on6__A1_A7M0J6--3on6__B1_A7M0J6,0.9448456907016786,0.5,True
8fwy__A1_Q4DGA2--8fwy__B1_Q4DGA2,0.9145301522316984,0.5,True
1yu6__A1_P00780--1yu6__C1_P68390,0.8962256371750202,0.5,False
6ek1__A1_A0A452CST7--6ek1__A2_A0A452CST7,0.9755882248575936,0.5036231884057971,True
6ckj__A1_P0A0Z8--6ckj__A2_P0A0Z8,0.9811395451411637,0.5,True
1w33__A1_O50957--1w33__B1_O50957,0.3670025850388607,0.5,True
4usk__B1_H7C745--4usk__B2_H7C745,0.9185945311243839,0.5,True
6cmv__B1_Q4J9G1--6cmv__A1_Q4J9G1,0.9827194004777771,0.5070422535211268,True
7y70__A1_F4KCC2--7y70__A2_F4KCC2,0.5292994665075595,0.5,True
3cwx__A1_P94837--3cwx__B1_P94837,0.89451785539796,0.5,True
3p1y__A1_O29362--3p1y__B1_O29362,0.8516372488815179,0.5,True
8a8i__A1_Q9R9V9--8a8i__B1_Q9R9V9,0.9926083529056532,0.5,True
5d1l__A1_P62837--5d1l__B1_Q96BH1,0.820635468272694,0.5,False
8og3__A1_P38489--8og3__B1_P38489,0.9674346840275183,0.5,True
4neh__A1_P20702--4neh__B1_P05107,0.9078324070160491,0.5,False
2prv__A1_O34596--2prv__B1_O34596,0.9630728677520934,0.5,True
6kvn__A1_A0A1S4CVP6--6kvn__A2_A0A1S4CVP6,0.9514919313653523,0.5,True
5tgq__A1_A0A1S4NYF7--5tgq__A2_A0A1S4NYF7,0.9796518476130127,0.49997057958223007,True
6b3i__A1_P27216--6b3i__B1_P27216,0.5690531673271465,0.5,True
1rqn__A1_O31156--1rqn__B1_O31156,0.9899823345372927,0.5,True
7tcr__A1_A0A2D2D5M1--7tcr__D1_A0A2D2CY73,0.9316332783054144,0.5,False
5l7z__A1_P28750--5l7z__A2_P28750,0.8670388010653278,0.5,True
7ljh__A1_Q769D3--7ljh__B2_Q769D3,0.9751182535577221,0.5,True
5frk__A1_D4I047--5frk__B1_D4I047,0.8909490192080605,0.5,True
7xmw__B1_U2Q5N5--7xmw__A1_U2Q5N5,0.37575265132252905,0.5,True
7w2o__A1_Q9HZP1--7w2o__B1_Q9HZP1,0.9798076780201329,0.5,True
7uay__A1_P08684--7uay__A2_P08684,0.9956849578828851,0.5,True
5czf__D1_A0A0H3JHG3--5czf__A1_Q8XAD5,0.6895980700042685,0.5,False
2p6p__A1_Q9RPA7--2p6p__B1_Q9RPA7,0.8712447528963136,0.5,True
4u64__A1_Q5ZXA3--4u64__A2_Q5ZXA3,0.9557181313231159,0.5,True
7qbm__A1_P43235--7qbm__B1_P43235,0.44108025015582214,0.5,True
3nvm__A1_Q8U4M1--3nvm__B1_Q8U4M2,0.9205834934583206,0.5,False
3wws__A1_Q13188--3wws__D1_Q13188,0.8936275216966125,0.5,True
4c87__A1_F9UMG7--4c87__B1_F9UMG7,0.8137113548782624,0.5,True
2d7e__A1_P17888--2d7e__B1_P17888,0.44174340236870097,0.5,True
7xro__A1_Q9RQ20--7xro__B1_Q9RQ20,0.8457176309219882,0.5,True
5yrj__A1_B6F0T7--5yrj__B1_A0A2Z5V8U8,0.9438777481550171,0.5,False
6yev__C1_P0A744--6yev__A1_P0AA25,0.9285445181555834,0.5,False
8glr__A1_Q8ZJX7--8glr__A2_Q8ZJX7,0.9586642199570691,0.5,True
5fwt__A1_Q96MU8--5fwt__A2_Q96MU8,0.6227485791449472,0.5,True
4e6s__A1_Q3URR7--4e6s__A2_Q3URR7,0.9145203491395227,0.5,True
8enb__B1_A7DT38--8enb__A1_A0T3A2,0.8847956544848581,0.5,False
8h4p__A1_I1S104--8h4p__B1_I1S104,0.9816884655937121,0.5,True
7yo8__A1_P60520--7yo8__A2_P60520,0.5940116419192925,0.5,True
8elf__B1_Q6DYE4--8elf__A1_Q6DYE4,0.8642977204910676,0.5,True
1ax2__A1_P16404--1ax2__A2_P16404,0.9409505989697868,0.5,True
8i33__C1_A0A6Q8PFJ0--8i33__A1_A0A6Q8PFJ0,0.9430710039016759,0.5,True
3q9l__A1_P0AEZ3--3q9l__B1_P0AEZ3,0.9251618364865658,0.5,True
2yk4__A1_P72097--2yk4__A2_P72097,0.39040765133235766,0.5,True
7u5f__C1_Q9HTM2--7u5f__A1_Q9HTM2,0.989190809992007,0.5,True
5xt3__B1_A0A0U1MUE2--5xt3__A1_A0A0U1MUE2,0.9609155077357447,0.5,True
5iws__A1_Q63GK8--5iws__A2_Q63GK8,0.9276360961906336,0.5,True
2owl__A1_P36767--2owl__B1_P36767,0.8714702753126607,0.5,True
8bca__A1_O75643--8bca__B1_Q6P2Q9,0.7520043288567725,0.5,False
3mcb__B1_P20290--3mcb__A1_Q13765,0.8579529864202213,0.5,False
8gy8__A1_Q8TZT0--8gy8__B1_Q8TZT0,0.929420126568312,0.5,True
8dkd__A1_G7CIP4--8dkd__A2_G7CIP4,0.8903932482372413,0.5,True
7dus__A1_P08965--7dus__A2_P08965,0.11077801042000071,0.5,True
8gb1__A1_Q9Y3Z3--8gb1__B1_Q9Y3Z3,0.8968010190146292,0.5,True
6ikj__A1_Q9I4L6--6ikj__B1_Q9I4L6,0.4963338533541342,0.5,True
8b2q__A1_D0EM77--8b2q__B1_G8UM88,0.5872087997499802,0.5,False
5x42__A1_Q5ZYB7--5x42__B1_Q5ZYC6,0.9633233211116552,0.5,False
1vkh__A1_Q04066--1vkh__B1_Q04066,0.9532619074230788,0.5,True
5omd__A1_Q04377--5omd__A2_Q04377,0.9909896166758426,0.5,True
2vsg__A1_P26329--2vsg__B1_P26329,0.9249336552330878,0.5,True
1jql__A1_P0A988--1jql__B1_P28630,0.9793807506933707,0.5,False
1w9c__A1_O14980--1w9c__B1_O14980,0.29307878794462094,0.5,True
3upl__A1_Q2YIM3--3upl__B1_Q2YIM3,0.9786109707922849,0.5,True
3tm2__A1_Q83XN4--3tm2__B1_Q83XN4,0.9392279169154385,0.5,True
3kxa__A1_Q5F9C2--3kxa__B1_Q5F9C2,0.8356576182512114,0.5,True
7yls__B1_C5CSP6--7yls__A1_C5CSP7,0.9020037766705167,0.5,False
7psg__A1_Q6D515--7psg__B1_Q6D515,0.9222296487459153,0.5,True
8pte__A1_P00698--8pte__A2_P00698,0.8254005012376556,0.5,True
7ykc__A1_P14843--7ykc__B1_P14843,0.9448197016255621,0.5,True
3wxe__A1_E7FEV5--3wxe__B1_P0CG48,0.580454899287435,0.5,False
2vjf__A1_Q00987--2vjf__B1_O15151,0.3151805094809096,0.5,False
7pvo__A1_P56137--7pvo__A2_P56137,0.9735016241693383,0.5,True
3kkd__A1_Q9HXU1--3kkd__A2_Q9HXU1,0.9583627953592639,0.5,True
3mph__A1_P19801--3mph__B1_P19801,0.8933313311198956,0.5,True
6jc4__A1_A6TE44--6jc4__D1_A6TE44,0.9435697308972465,0.5,True
2rf4__A1_P46669--2rf4__B1_P50106,0.804762759739531,0.5,False
4huz__A1_Q9ZBB0--4huz__A2_Q9ZBB0,0.9154636506466194,0.5,True
5gtj__B1_Q9BV47--5gtj__A1_Q9BV47,0.5940929891529806,0.5,True
2xw7__A1_A0QP85--2xw7__B1_A0QP85,0.9713149196361269,0.5,True
6l6h__A1_Q5ZZ22--6l6h__B1_Q5ZZ22,0.9557877949768752,0.5,True
8p7m__A1_P0A434--8p7m__A2_P0A434,0.9475012070531701,0.5,True
6gou__A2_P97275--6gou__C1_P97275,0.8975051953124425,0.5,True
2wwo__A1_Q66ED7--2wwo__B1_Q66ED7,0.9537728744427405,0.5,True
8i3n__A1_Q12178--8i3n__C1_Q12178,0.967059928550487,0.5,True
1s7i__A1_Q9I3Z5--1s7i__A2_Q9I3Z5,0.8879724547112946,0.5,True
3szw__A1_B7JBP8--3szw__A2_B7JBP8,0.8413407411583234,0.5,True
2nys__A1_Q8U561--2nys__B1_Q8U561,0.9389758294794297,0.5,True
3gr5__A1_O52135--3gr5__A2_O52135,0.7205347353653448,0.5,True
3ded__A1_Q7P1I2--3ded__B1_Q7P1I2,0.7336768605183449,0.5,True
5b5x__A1_Q75NZ1--5b5x__A2_Q75NZ1,0.5639865061491762,0.5,True
7qga__A1_P21589--7qga__A2_P21589,0.9648225363923261,0.5,True
3sd2__A1_Q8A1T7--3sd2__A2_Q8A1T7,0.5468189914282533,0.5,True
8ow9__A1_G8UQH9--8ow9__B1_G8UQH9,0.9654612176975061,0.5,True
3bcw__B1_A0A0H3LK92--3bcw__A1_A0A0H3LK92,0.9468360482191032,0.5,True
6duy__A1_Q61301--6duy__B2_Q61301,0.5414637009113871,0.5,True
5zyf__A1_Q99ZW0--5zyf__B1_Q99ZW0,0.8103678969632222,0.5,True
2b7o__A1_O53512--2b7o__B1_O53512,0.9577723566874731,0.5,True
1v57__A1_P77202--1v57__A2_P77202,0.8361892229172233,0.5,True
7cov__A1_Q06801--7cov__A2_Q06801,0.8442377763792986,0.5,True
6ign__A1_Q61768--6ign__A2_Q61768,0.9459054908654594,0.5,True
3be5__A1_Q8XBR1--3be5__B1_Q8XBR1,0.8876480114690297,0.5,True
4hn3__B1_Q8Y6D1--4hn3__A1_Q8Y6D1,0.8734777910101436,0.5,True
4o8y__A1_Q08723--4o8y__B1_P43588,0.9081942112651298,0.5,False
7uoi__A1_A0A1S8KJG1--7uoi__A2_A0A1S8KJG1,0.9607041832262868,0.5,True
7vma__A1_C5A758--7vma__A2_C5A758,0.9717736935977582,0.5,True
7d9m__A1_A0A4D6NYT7--7d9m__B2_A0A4D6NYT7,0.9152501329750007,0.5,True
2py8__C1_Q55670--2py8__B1_Q55670,0.8367281782520503,0.5,True
7ytl__A1_E1BR24--7ytl__A2_E1BR24,0.8107047414479993,0.5,True
7vxt__A1_Q63W52--7vxt__B1_Q63W52,0.6954287700821237,0.5,True
5cv3__A1_E3M3V1--5cv3__A2_E3M3V1,0.8543005751522638,0.5,True
8c9v__A1_Q1JXV1--8c9v__A2_Q1JXV1,0.9852050662005891,0.5,True
3tsn__A1_Q9PN58--3tsn__B1_Q9PN58,0.9702989516299586,0.5,True
8j51__A1_A0A0E9MUN5--8j51__B1_A0A0E9MUN5,0.8675633882916616,0.5,True
6cz9__A1_Q7WTU0--6cz9__B1_Q7WTT9,0.9312877324695885,0.5,False
8pzo__A1_F9UT68--8pzo__A2_F9UT68,0.9684569892697503,0.5076923076923077,True
3tqg__B1_Q83DG4--3tqg__A1_Q83DG4,0.952635410504514,0.5,True
7czg__C1_Q8TDY2--7czg__A1_Q8TDY2,0.6430971793767756,0.5,True
7eev__B1_A0A3D9R4E8--7eev__A1_A0A3D9R4E8,0.9389236024598937,0.5,True
8ori__A1_Q2KB35--8ori__B1_Q2KB35,0.9344921013082268,0.5,True
7o6z__A1_A0A7R8L7W4--7o6z__B1_A0A7R8L7W4,0.9719550785898717,0.5,True
8pmr__A1_Q4WL81--8pmr__B1_Q4WL81,0.7424578638789233,0.5,True
7u34__A1_Q4X1J1--7u34__A2_Q4X1J1,0.9358380424388932,0.5,True
3fmy__A1_Q46864--3fmy__A2_Q46864,0.9424295948008469,0.5,True
7f0o__B1_A0A2I1C3W8--7f0o__A1_A0A2I1C3W8,0.9664442556226212,0.5,True
3ojm__B1_P21802--3ojm__A1_P05230,0.5191150066123522,0.5,False
6xgz__A1_P63386--6xgz__B1_P64602,0.9612783110025793,0.5,False
7x2y__A1_A0A076PYH9--7x2y__B1_A0A076PYH9,0.9855809597288572,0.5,True
5i4h__B1_P07711--5i4h__A1_P07711,0.324050782217372,0.5,True
4e6h__A1_Q6CII8--4e6h__A2_Q6CII8,0.9240404996990574,0.5,True
6x7p__A1_Q8GGP1--6x7p__A2_Q8GGP1,0.9546872932038021,0.5,True
3exq__A1_Q03S37--3exq__A2_Q03S37,0.9522322771559955,0.5,True
2qvc__A1_Q9WXW9--2qvc__B2_Q9WXW9,0.9671534380216431,0.5,True
6yoa__A1_O82015--6yoa__B1_O82015,0.8766364070711898,0.5,True
7qnm__A1_G0L7V6--7qnm__B1_G0L7V6,0.9863650790153817,0.5,True
3p8v__A1_Q9V228--3p8v__B1_Q9V228,0.9749507070121064,0.5,True
4re1__A1_P28347--4re1__D1_P46937,0.5009847602804699,0.5,False
8iw5__A1_Q8C8U0--8iw5__B1_Q8C8U0,0.9732819474212947,0.5,True
7sq2__B1_Q01970--7sq2__A1_P21279,0.8403341277804038,0.5,False
4lqx__B1_Q97VD2--4lqx__A1_Q97VD2,0.9842871631078743,0.5,True
3owf__A1_P00644--3owf__A2_P00644,0.5032854113796525,0.5,True
2dpl__A1_O59072--2dpl__B1_O59072,0.9783772266386055,0.5,True
4ap5__A1_Q9Y2G5--4ap5__B1_Q9Y2G5,0.9121517301367257,0.5,True
8evy__A1_Q9LCT6--8evy__A2_Q9LCT6,0.990106588250372,0.5,True
5npo__A1_P62593--5npo__B1_D3INY1,0.7758800311843408,0.5,False
5uhs__A1_B0SR19--5uhs__B1_B0SR19,0.8182120210637388,0.5,True
4hsl__A1_Q1LCS4--4hsl__A2_Q1LCS4,0.9816282540208919,0.5,True
8b3s__A1_O31597--8b3s__B1_A0A164W157,0.8705367100864291,0.5,False
5euv__A1_D1LZK0--5euv__B1_D1LZK0,0.9809836953911593,0.5,True
7tmg__A1_A0A0H3GLR2--7tmg__B1_A0A0H3GLR2,0.9720671653516895,0.5,True
7tgn__B1_A0A1Q5L7T0--7tgn__A1_A0A1Q5L7T0,0.9824069061478413,0.5,True
4fz2__A1_C7DIA5--4fz2__B1_C7DIA5,0.9607693868803255,0.5,True
6j2l__A1_P37793--6j2l__B1_P37793,0.9412003085965889,0.5,True
5grk__A1_Q89XR0--5grk__B1_Q89XR0,0.967486609378218,0.5,True
3qxs__A1_O24872--3qxs__A2_O24872,0.9652094534233803,0.5,True
8q3y__A1_E8URK0--8q3y__B1_E8URK0,0.9838692478742044,0.5,True
1pyb__A1_O66738--1pyb__B1_O66738,0.8962681126004709,0.5,True
7yto__A1_Q9RHU9--7yto__B1_Q9RHU9,0.9675975334152209,0.5,True
5vae__A1_Q9AET9--5vae__B1_Q9AET7,0.8896459821844378,0.5,False
1zrs__A1_Q9HTZ1--1zrs__B1_Q9HTZ1,0.9684140564677237,0.5,True
2cg5__A1_Q9NRN7--2cg5__B1_P49327,0.48722378682454465,0.5,False
4yk8__B1_O36019--4yk8__A1_O13978,0.6485033529008153,0.5,False
2iml__A1_O28442--2iml__C1_O28442,0.9539797830260692,0.5,True
6iru__A1_Q9RVF9--6iru__A2_Q9RVF9,0.9936838727286839,0.5,True
4x36__A1_P06653--4x36__A2_P06653,0.9933681369053029,0.5,True
8iev__A1_Q0PAW2--8iev__B1_Q0PAW2,0.9836213620985184,0.5,True
3cyg__A1_A7HM60--3cyg__B1_A7HM60,0.5742112932604736,0.5,True
5kvr__A1_P0ACL9--5kvr__A2_P0ACL9,0.9701392956087227,0.4999922419277258,True
1na8__A1_Q9UJY5--1na8__B1_Q9UJY5,0.854781045889368,0.5,True
5fis__A1_H9IUR0--5fis__B1_H9IUR0,0.8942878678487642,0.5,True
5yo8__A1_A0A094YZ24--5yo8__B1_A0A094YZ24,0.9743399840469482,0.5,True
7z6m__A1_A0A0H3LM39--7z6m__A2_A0A0H3LM39,0.9555759279631667,0.5,True
2yxd__A1_Q57836--2yxd__B1_Q57836,0.9420566128231475,0.5,True
1aua__A1_P24280--1aua__A2_P24280,0.9976079403731352,0.5,True
7zw3__A1_P27338--7zw3__B1_P27338,0.9179866683987838,0.5,True
5xjx__I1_C0LGW6--5xjx__A1_Q9SSD1,0.41232152378824505,0.5,False
7xub__A1_Q96KQ7--7xub__B1_Q96KQ7,0.6506823357979999,0.5,True
5xlu__A1_Q65KZ6--5xlu__B1_A9YTT0,0.3651592671309852,0.5,False
8smq__A1_Q182N1--8smq__B1_Q182N1,0.3834876100430088,0.5,True
8eni__A1_A0A0H3JRH8--8eni__A2_A0A0H3JRH8,0.9605815802153987,0.5,True
1q77__A1_O66565--1q77__B1_O66565,0.9589734870226365,0.5,True
6nbp__A1_A0A4P1LYI6--6nbp__A2_A0A4P1LYI6,0.9820703915760675,0.5,True
4wu2__A1_Q7WUJ1--4wu2__B1_Q7WUJ1,0.9532420869681473,0.5,True
2nvn__A1_Q31MH7--2nvn__A2_Q31MH7,0.8220536672884929,0.5,True
3zyh__A1_Q05097--3zyh__B1_Q05097,0.9686052501651988,0.5,True
8a21__A1_A0QJI1--8a21__A2_A0QJI1,0.9790819757222569,0.5,True
8ho2__A1_A0A191T7N6--8ho2__B1_A0A191T7N6,0.923471042997185,0.5,True
2j8q__A1_O43809--2j8q__B1_O43809,0.9157823988359617,0.5,True
1cx8__A1_P02786--1cx8__B1_P02786,0.9727739520206253,0.5,True
5zfk__A1_Q31LX1--5zfk__B1_Q31LX1,0.996390875456288,0.5,True
2qti__A1_Q8EF26--2qti__A2_Q8EF26,0.8221034716002152,0.5083496531098662,True
5djo__B1_Q9EQW7--5djo__A1_Q9EQW7,0.34035212314050367,0.5,True
1kve__B1_P19972--1kve__A1_P19972,0.35390345427013514,0.5,True
4kjq__A1_P37019--4kjq__B1_P37019,0.9389926139337625,0.5,True
8qyw__A1_Q9NVS9--8qyw__A2_Q9NVS9,0.8211605250765246,0.5,True
7t1e__A1_P78556--7t1e__B1_P78556,0.7337829667165726,0.5,True
2ev4__A1_P9WMU9--2ev4__B1_P9WMU9,0.9655160945091732,0.5,True
4m1j__A1_Q9I194--4m1j__B1_Q9I194,0.374653688517122,0.5,True
8bj3__A1_A0A072U7F9--8bj3__B1_A0A072U7F9,0.9673580024379375,0.5,True
5fcl__A1_Q6D0X0--5fcl__B1_Q6D0X0,0.9275627915218458,0.5,True
2evr__A1_B2J9B4--2evr__A2_B2J9B4,0.8615246450041097,0.5,True
4ftw__A1_Q3J2V1--4ftw__A2_Q3J2V1,0.7060636329238514,0.5,True
2q6q__B1_P36094--2q6q__A1_P36094,0.9123489699236829,0.5,True
8hx8__A1_Q6L8Q5--8hx8__B1_Q6L8Q5,0.9689662496729118,0.5,True
7zgn__A1_U6RE59--7zgn__B1_U6RE59,0.9543689088114851,0.5,True
7fiw__A1_B3CP63--7fiw__B1_Q73HD5,0.7435335146696553,0.5,False
4xd9__A1_C8VMF9--4xd9__B1_Q5B6T5,0.9256406548089465,0.5,False
3dme__A1_Q7VU70--3dme__B1_Q7VU70,0.9098238888474832,0.5,True
8d0m__A1_P28907--8d0m__A2_P28907,0.5763921757665087,0.5,True
2w6a__A1_Q9Z272--2w6a__B1_Q9Z272,0.9561066473443437,0.5,True
6oje__B1_Q5S007--6oje__A1_Q5S007,0.29090144415920016,0.5,True
7mu0__A1_P9WQK3--7mu0__B1_P9WQK3,0.4325912961137308,0.5,True
4az3__A1_P10619--4az3__B1_P10619,0.36321469192395245,0.5,True
7ug8__B1_Q0I6F8--7ug8__A1_Q0I6F8,0.9462544592658397,0.5,True
6mxv__B1_Q5NFU2--6mxv__A1_Q5NFU2,0.8117994674170196,0.5,True
8ug3__B1_P50053--8ug3__A1_P50053,0.9897990103390025,0.5,True
4atm__A1_P49418--4atm__A2_P49418,0.7714938920033396,0.5,True
7x6f__B1_P0AD45--7x6f__A1_P0AD45,0.9893348866975359,0.5,True
5n0s__B1_A0A2R2JFI5--5n0s__A1_A0A2R2JFI5,0.8971494517847862,0.5,True
6m9g__A1_Q5D6Y4--6m9g__B2_Q5D6Y4,0.9785916894969124,0.5,True
7zvz__A1_G1UBD5--7zvz__B1_G1UBD5,0.7957079376844225,0.5,True
3b5m__B1_Q7UTD8--3b5m__A1_Q7UTD8,0.921158292314827,0.5,True
6v0a__B1_B3E641--6v0a__A1_B3E641,0.9833571201218918,0.5,True
3bpj__C1_O75822--3bpj__A1_O75822,0.918644914086501,0.5,True
7y51__A1_Q8RBF4--7y51__A2_Q8RBF4,0.6014372386752381,0.5,True
6zef__A1_P62136--6zef__C1_Q9C0D0,0.6690786142806199,0.5,False
6u11__A1_A0A1L8HDP6--6u11__A2_A0A1L8HDP6,0.915907753129048,0.5,True
8i5w__A1_Q8BZN6--8i5w__B1_P63000,0.7740600703486302,0.5,False
3rv1__B1_A7TR32--3rv1__A1_A7TR32,0.9283672805715032,0.5,True
4k3z__A1_Q8YCV0--4k3z__A2_Q8YCV0,0.9721011167668461,0.5,True
5v5t__A1_Q830T5--5v5t__D1_Q830T5,0.838019877181813,0.5,True
6fp5__B1_Q960Q9--6fp5__A1_Q960Q9,0.4153906566233062,0.5,True
3isx__A1_Q9X0E0--3isx__A2_Q9X0E0,0.8795750028447766,0.5,True
2vkj__A1_Q9X1W9--2vkj__B1_Q9X1W9,0.9283639174976841,0.5,True
5csr__D1_Q9HLB6--5csr__A1_Q9HLB6,0.9885634905290767,0.5,True
1iq8__A1_O58843--1iq8__B1_O58843,0.8757937623348606,0.5,True
3tbm__A1_Q8XVB9--3tbm__B1_Q8XVB9,0.931503551221861,0.5,True
7tur__B1_P00503--7tur__A1_P00503,0.9195693404018868,0.5,True
3vol__A1_Q9I6V6--3vol__A2_Q9I6V6,0.8897455387193366,0.5,True
3jqz__A1_P02768--3jqz__B1_P02768,0.9257584829531816,0.5,True
1vkd__A1_Q9X0V2--1vkd__B1_Q9X0V2,0.96599215000829,0.5,True
8b31__B1_A0A2W4LV58--8b31__A1_A0A2W4LV58,0.9654438376796746,0.5,True
7bzk__A1_Q9SJ89--7bzk__B1_Q6NPF9,0.7107456490499761,0.5,False
3cgh__A1_Q8A0N7--3cgh__A2_Q8A0N7,0.9153438849482319,0.5,True
5vlb__A1_G7IKX3--5vlb__B1_G7IKX3,0.8189322668691825,0.5,True
2oer__B1_Q9I3U1--2oer__A1_Q9I3U1,0.9969287478187542,0.5,True
2ylz__A1_Q47PU3--2ylz__A2_Q47PU3,0.7540044776382935,0.5,True
8bjp__B1_A0A1W6VSR4--8bjp__A1_A0A1W6VSR4,0.9541819586130127,0.5,True
6kcx__A1_Q9WZL1--6kcx__A2_Q9WZL1,0.9910674944827819,0.5,True
4q69__A1_Q8A5I0--4q69__B1_Q8A5I0,0.9787807343845465,0.5,True
7xmj__C1_A9QSE8--7xmj__A1_A9QSE8,0.9465971569614224,0.5,True
1pix__A1_Q06700--1pix__B1_Q06700,0.9544285975306284,0.5,True
3l8i__B1_Q9BUL8--3l8i__A1_Q9BUL8,0.8082254404383193,0.5,True
6l2u__A1_Q27RN2--6l2u__B1_Q27RN2,0.1339847782941292,0.5,True
6sl2__A1_C4LWU6--6sl2__A2_C4LWU6,0.9145352572024545,0.5,True
1u6z__B1_P0AFL6--1u6z__A1_P0AFL6,0.9634733675324335,0.5,True
3pm9__A1_Q6NAV4--3pm9__B1_Q6NAV4,0.9145950622213349,0.5,True
3a5y__B1_P0A8N7--3a5y__A1_P0A8N7,0.9438238656309352,0.5,True
6bn1__B1_Q9VCR6--6bn1__A1_Q8T0S6,0.7262174317655257,0.5,False
8ji6__A1_A0A861B387--8ji6__B1_A0A861B387,0.9868591056008871,0.5,True
2pjs__A1_A9CIG0--2pjs__B1_A9CIG0,0.9167006205729331,0.5208866385917724,True
8ke8__A1_Q9HXS0--8ke8__B1_Q9HXS0,0.9733312383020658,0.5,True
3h7l__A1_Q87LX4--3h7l__A2_Q87LX4,0.9868155818301192,0.5,True
7zs8__A1_A0A1D3HIT0--7zs8__B1_A0A1D3HIT0,0.9298490082605972,0.5,True
2vc4__A1_P02879--2vc4__A2_P02879,0.3087085662788805,0.5,True
1xe8__B1_Q03629--1xe8__A1_Q03629,0.9775554301728627,0.5,True
7tn6__A1_Q84Y01--7tn6__A2_Q84Y01,0.9509578655531216,0.5,True
7yo6__A1_G8GLP2--7yo6__A2_G8GLP2,0.9334195783044481,0.5,True
8k76__A1_Q8R6D8--8k76__B1_Q8R6D8,0.9933262144473709,0.5,True
1vgx__B1_Q9RRU8--1vgx__A1_Q9RRU8,0.9090279646919966,0.5,True
3cet__B1_Q6M145--3cet__A1_Q6M145,0.9389831083818605,0.5,True
4zlh__B1_P0AB60--4zlh__A1_P0AB60,0.7823982061995761,0.5,True
2y84__A1_Q7WT50--2y84__E1_Q7WT50,0.947975422832332,0.5,True
4me9__A1_Q736B0--4me9__B1_Q736B0,0.9716971011272117,0.5,True
2z51__A1_Q93W20--2z51__A2_Q93W20,0.7015230985135612,0.5,True
8ajq__A1_Q9I0C0--8ajq__B1_Q9I0C0,0.9362911824982011,0.5,True
3gdm__A1_P03962--3gdm__B1_P03962,0.9799092101486527,0.5,True
7yfj__A2_Q15007--7yfj__B1_Q15007,0.752765685456604,0.5,True
2rkl__F1_Q06263--2rkl__E1_Q06263,0.9970127712450725,0.5,True
8cwp__A1_Q06282--8cwp__A2_Q06282,0.8991029277275199,0.5,True
5j1l__B1_O26069--5j1l__A1_O26068,0.7234516257902498,0.5,False
6j26__A1_Q5JIZ3--6j26__B1_Q5JIZ3,0.9640787632158927,0.5,True
6jqv__A1_Q8LC68--6jqv__B1_Q8LC68,0.9213981380478679,0.5,True
2ns9__A1_Q9Y9R3--2ns9__B1_Q9Y9R3,0.8470210085908353,0.5,True
5l8s__A1_E1VFE0--5l8s__C1_E1VFE0,0.9947524453630481,0.5,True
6zrw__A1_B3VS76--6zrw__B1_B3VS76,0.9313839090511586,0.5,True
5fcn__B1_Q66GS9--5fcn__A1_Q66GS9,0.9613195210136412,0.5,True
7vl1__A1_I0AIT9--7vl1__B1_I0AIT9,0.9789362973255548,0.5,True
2rek__B2_Q9ADD9--2rek__A1_Q9ADD9,0.9789101063156562,0.5,True
2zrt__A1_O75340--2zrt__B1_O75340,0.9161973496197158,0.5,True
2f1m__A1_P0AE06--2f1m__B1_P0AE06,0.6521475864122419,0.5,True
3t5t__B1_Q15JG1--3t5t__A1_Q15JG1,0.9351571808993244,0.5,True
4z9r__B1_Q8EGK4--4z9r__A1_Q8EGK4,0.9422931252749802,0.5,True
2oze__A1_Q57280--2oze__A2_Q57280,0.9676716559217349,0.5,True
1x6m__A1_Q51669--1x6m__D1_Q51669,0.8961901420378929,0.5,True
4pfc__A1_P14735--4pfc__B1_P14735,0.9556736268172893,0.5,True
6byi__A1_Q8PI23--6byi__B1_Q8PI23,0.9246252071390916,0.5,True
3aaa__A1_P13127--3aaa__B1_P14315,0.9630778099910089,0.5,False
1xgm__A1_P56218--1xgm__B1_P56218,0.9252506899724011,0.5,True
5mrv__A1_Q8IVL8--5mrv__C1_P86912,0.8477121271323462,0.5,False
1vhq__A1_P0ABU5--1vhq__B1_P0ABU5,0.9783688971407088,0.5,True
2pqv__B1_A0A0H2UMZ7--2pqv__A1_A0A0H2UMZ7,0.9541508386552154,0.5,True
8pq4__A1_P69782--8pq4__A2_P69782,0.9738329755351032,0.5,True
8a14__A1_A0A0D1E4Q7--8a14__C2_A0A0D1E4Q7,0.794521543844593,0.5,True
1dtd__A1_P48052--1dtd__B1_P81511,0.594862225601825,0.5,False
3c6n__B1_Q570C0--3c6n__A1_Q39255,0.9271817509207555,0.5,False
3ctz__A1_Q9NQW7--3ctz__A2_Q9NQW7,0.9938724438279283,0.5,True
1wab__A1_Q29460--1wab__A2_Q29460,0.9137668831061639,0.5,True
1zl5__A1_Q00496--1zl5__B1_Q00496,0.8052561319389285,0.5,True
5dbj__A1_Q4KCZ0--5dbj__A2_Q4KCZ0,0.9821768769283445,0.5,True
7qsq__B1_Q9X053--7qsq__A1_Q9X053,0.44617222676434437,0.5,True
7duc__B1_Q2G2U4--7duc__A1_Q2G2U4,0.693433287157787,0.5,True
2cdu__A1_Q9F1X5--2cdu__B1_Q9F1X5,0.9892335386211781,0.5,True
8g0f__A1_Q6NK15--8g0f__B1_Q6NK15,0.6883777224255803,0.5,True
8a45__B1_B7V7R4--8a45__A1_B7V7R4,0.8387058325041954,0.5,True
6no3__A1_B3FHP0--6no3__B1_B3FHP0,0.5739096658768672,0.5,True
3g7p__A1_B7JA91--3g7p__A2_B7JA91,0.8684229726912653,0.5,True
8khq__A1_A0A1I5R890--8khq__C1_A0A1I5R890,0.9254633270030898,0.5,True
7owz__B1_Q9JMA2--7owz__A1_B8ZXI1,0.9594784398867781,0.5,False
6dk7__D1_Q9HUV7--6dk7__A1_Q9HUV7,0.9474961898345677,0.5,True
5t3v__B1_Q9Y2C4--5t3v__A1_Q9Y2C4,0.8799134655480402,0.5,True
8f2l__A1_P9WJY9--8f2l__B1_P9WJY9,0.935726004820346,0.5,True
8h1l__B1_A0A7U4E834--8h1l__A1_A0A7U4E834,0.9490041242830731,0.5,True
1nye__A1_P0C0L2--1nye__B1_P0C0L2,0.8952541825534307,0.5,True
2ou6__A1_Q9RVG4--2ou6__A2_Q9RVG4,0.9843336257309941,0.5,True
6hp3__A1_O31927--6hp3__B1_O31927,0.8768027303972297,0.5,True
8hs0__A1_Q9LIR4--8hs0__A2_Q9LIR4,0.9411182199225147,0.5,True
6gz1__A1_P10151--6gz1__A2_P10151,0.936880916129015,0.5,True
8pbu__A1_P27708--8pbu__A2_P27708,0.9005187136901656,0.5,True
7p0h__A1_O26008--7p0h__C1_O26008,0.9306138114428271,0.5,True
5b3g__B1_Q9SZF7--5b3g__A1_Q9M384,0.6872079789707163,0.5,False
7vzy__B1_Q84G19--7vzy__A1_Q84G19,0.9500401641352507,0.5,True
2q3t__A1_Q9LUJ3--2q3t__A2_Q9LUJ3,0.9599603519056665,0.5069444444444444,True
7pt0__A1_Q9KYU4--7pt0__B1_Q9KYU4,0.9657466315746033,0.5,True
6m09__B1_Q8LDU1--6m09__A1_Q8LDU1,0.872054990561853,0.5,True
7uxs__B1_J8G6Z1--7uxs__A1_J8G6Z1,0.9110860454167296,0.5,True
2q03__A1_Q12ML0--2q03__B1_Q12ML0,0.9541512840034668,0.5,True
6kcp__B1_Q9VAA9--6kcp__A1_Q9VAA9,0.3177302588856077,0.5,True
6sj4__B1_A0A022MQ12--6sj4__A1_A0A022MQ12,0.9667529770166008,0.5,True
5cyy__A1_P9WG63--5cyy__B1_P9WG63,0.6457290964568436,0.5,True
3tj3__A1_P52294--3tj3__B1_Q9UKX7,0.6000479281605682,0.5,False
3i32__A1_Q72GF3--3i32__A2_Q72GF3,0.9953287878444705,0.5,True
1jk9__B1_P40202--1jk9__A1_P00445,0.9045551246672097,0.5,False
4e4w__A1_P38920--4e4w__B1_P14242,0.8681027336458035,0.5,False
5yw5__A1_Q5NII9--5yw5__D1_Q5NII9,0.9795133315863606,0.5,True
3ab8__A1_Q5SLE3--3ab8__B1_Q5SLE3,0.7973479205555124,0.5,True
3mxt__A1_Q9PIK2--3mxt__A2_Q9PIK2,0.9067026773576355,0.5,True
1wr8__B1_O50129--1wr8__A1_O50129,0.9900765484554878,0.5,True
7war__B1_A0A1B6PFV1--7war__A1_A0A1B6PFV1,0.9314288307288605,0.5,True
7fn1__B1_P32357--7fn1__A1_P33334,0.5541967615967873,0.5,False
7xl7__A1_A0A2J0R8J6--7xl7__B1_A0A2J0R8J6,0.8758629797620999,0.5,True
8vc5__A1_Q9XCL6--8vc5__B1_Q9XCL6,0.9893111726951848,0.5,True
5jfz__A1_P20605--5jfz__B1_P0ADX5,0.9099379811288881,0.5,False
5g37__B1_P10565--5g37__A1_P06575,0.847719996959095,0.5,False
2gjx__A1_P06865--2gjx__B1_P07686,0.9503928510885074,0.5,False
3aqb__B1_O66129--3aqb__A1_O66127,0.9458792664509169,0.5,False
8q1a__A1_Q16790--8q1a__C2_Q16790,0.8511716006671592,0.5,True
5ez1__B1_P56112--5ez1__A1_P56112,0.8805102221556349,0.5,True
3lwd__A1_Q1QTX1--3lwd__A2_Q1QTX1,0.9585419418288124,0.5,True
8dye__A1_P31040--8dye__B1_Q5VUM1,0.43908962127984497,0.5,False
2ch6__A1_Q9UJ70--2ch6__D1_Q9UJ70,0.9636506434652683,0.5,True
3gpn__A1_P15873--3gpn__A2_P15873,0.924975646125548,0.5,True
7th0__A1_P31667--7th0__A2_P31667,0.8131043961930884,0.5,True
3k1i__D1_O25709--3k1i__A1_O25448,0.6798610680287585,0.5,False
1vbi__A1_Q53W84--1vbi__A2_Q53W84,0.9674742232849296,0.5,True
2oqb__A1_Q4AE70--2oqb__B1_Q4AE70,0.8182314860187722,0.5,True
6saz__B1_Q9UGM5--6saz__A1_P07584,0.6106333714602141,0.5,False
6l9x__A1_F6VRB7--6l9x__A2_F6VRB7,0.8362171806116694,0.5,True
3ica__B1_Q7MXR4--3ica__A1_Q7MXR4,0.9742178365033624,0.5,True
6o15__A1_P39353--6o15__B1_P39353,0.9804470954272508,0.5,True
2ohc__A1_Q9HIY5--2ohc__B1_Q9HIY5,0.9789599064550013,0.5,True
8qfo__A1_A0A840P3H4--8qfo__B1_A0A840P3H4,0.9608082790237383,0.5,True
5zmy__A1_F1LJ99--5zmy__B1_F1LJ99,0.93338381581343,0.5,True
6tx3__B1_Q9NWY4--6tx3__A1_Q9UGN5,0.801082455148494,0.5,False
4tx5__A1_Q9NR28--4tx5__B1_Q9NR28,0.9618243006380144,0.5,True
7wnk__B1_A0A1E5TT85--7wnk__A1_A0A1E5TT85,0.9907845566483781,0.5,True
2fn0__B1_Q9X9I8--2fn0__A1_Q9X9I8,0.9979613877394559,0.5,True
5x89__A1_Q8TGZ7--5x89__A2_Q8TGZ7,0.7718600627948391,0.5,True
2j0t__A1_P03956--2j0t__D1_P01033,0.43328701276777226,0.5,False
2i9i__A1_O25234--2i9i__A2_O25234,0.8588738147304341,0.5,True
3rtr__G1_Q13616--3rtr__H1_P62877,0.8169899692200033,0.5,False
7lq2__A1_A0A023X3Z4--7lq2__B1_A0A023X3Z4,0.8660703976262212,0.5,True
6aht__A1_A1BZ87--6aht__B1_A1BYM8,0.9694697245479917,0.5,False
8czp__A1_A0A0D5ZBI4--8czp__B1_A0A0D5ZBI4,0.9638646319711643,0.5,True
4ro3__A1_M1RHE3--4ro3__B1_M1RHE3,0.8422534266043455,0.5,True
1c0n__A1_P77444--1c0n__A2_P77444,0.968338899008298,0.5,True
7tq0__A1_P00459--7tq0__A2_P00459,0.9692857753388798,0.5,True
1o4w__A1_O29664--1o4w__A2_O29664,0.510252120819293,0.5,True
4jzp__A1_P51572--4jzp__B1_P51572,0.9878554949967242,0.5,True
2or2__A1_P08954--2or2__B1_P08954,0.9828319404203596,0.5,True
5xdf__B1_Q5SL04--5xdf__A1_Q5SL04,0.9700322242683778,0.5,True
6kr4__A1_P10586--6kr4__E1_P60469,0.6676765961472092,0.5,False
1itv__A1_P14780--1itv__B1_P14780,0.8594340130705355,0.5,True
2qgi__A1_P05449--2qgi__B1_P05449,0.9587991381895817,0.5,True
1a19__A1_P11540--1a19__B1_P11540,0.5233616352306666,0.5,True
8a9x__A1_P15752--8a9x__C1_P15752,0.89254048963203,0.5,True
8e9e__B1_Q02293--8e9e__A1_Q04631,0.8301804180065738,0.5,False
2h4c__A1_Q7T2R1--2h4c__B1_Q7T3T5,0.7438473322681074,0.5,False
2bdt__A1_Q9K6P2--2bdt__A2_Q9K6P2,0.979593523862925,0.5,True
5vbn__A1_P56282--5vbn__B1_Q07864,0.9362555394256085,0.5,False
8gt0__A1_Q8I6U4--8gt0__B1_P01040,0.5788924229182708,0.5,False
5lrr__A1_P22262--5lrr__B1_P22262,0.9840033899971122,0.5,True
4y7i__A1_Q96EF0--4y7i__B1_Q96EF0,0.8755607740061723,0.5,True
1who__A1_P43214--1who__A2_P43214,0.6521679517573709,0.5,True
4g10__A1_Q9WXJ9--4g10__A2_Q9WXJ9,0.9344711355202698,0.5,True
8q4k__A1_O51180--8q4k__B1_O51180,0.5176908920901788,0.5,True
7rzb__A1_A0A229LVN5--7rzb__A2_A0A229LVN5,0.9562946364719904,0.5,True
7toc__A1_A0A2H0ZMH9--7toc__B1_A0A2H0ZMH9,0.8461456158173113,0.5,True
7ula__B1_Q88ND0--7ula__A1_Q88NC7,0.9342026166633165,0.5,False
8bes__A1_A0A856TAI5--8bes__B1_A0A856TAI5,0.8574983034194801,0.5,True
7wjt__B1_Q8BZB3--7wjt__A1_Q8BZB3,0.8841547405700311,0.5,True
6j9n__A1_X5EPV9--6j9n__B1_A0A425B395,0.6898984094236459,0.5,False
1kll__A1_O05205--1kll__A2_O05205,0.9505967338622542,0.4998806326469711,True
7xky__A1_Q58690--7xky__B1_Q58034,0.9272164254864153,0.5,False
4p04__A1_A0A0D6H805--4p04__B1_A0A0D6H805,0.9025493281194056,0.5,True
1txz__A1_Q04299--1txz__A2_Q04299,0.9599977655850443,0.5,True
4af5__A1_Q8NQ97--4af5__A2_Q8NQ97,0.9351395031749185,0.5047619047619047,True
8af9__A1_Q2YPZ9--8af9__H1_Q2YPZ9,0.88016535707018,0.5,True
8gm9__D1_P9WPD3--8gm9__A1_P9WPD3,0.9333503959251246,0.5,True
7wsx__A1_D9PYV4--7wsx__B1_D9PYV4,0.9706829701875587,0.5,True
4g86__A1_Q79PF6--4g86__B1_Q79PF6,0.8835059835749037,0.5,True
3bq3__A1_Q12395--3bq3__A2_Q12395,0.7854544576000063,0.5,True
7eva__A1_P31490--7eva__A2_P31490,0.9525385112930688,0.5,True
8r7d__B1_G5EI71--8r7d__A1_Q8LJL3,0.4961738341974242,0.5,False
7pwy__A1_Q8TDX5--7pwy__B1_Q8TDX5,0.9878767097466647,0.5,True
3ut4__A1_A3DJ21--3ut4__B1_A3DJ21,0.945462879395562,0.5,True
3ucy__A1_P0DP23--3ucy__A2_P0DP23,0.7947019867549668,0.5,True
8eei__B1_A0A807MR40--8eei__A1_A0A807MR40,0.9967907178704094,0.5,True
8bp5__B1_A0A369SI82--8bp5__A1_A0A369SI82,0.5075029240650207,0.5,True
3l34__B1_Q9HT87--3l34__A1_Q9HT87,0.5019789596018396,0.5,True
8god__A1_Q9UM07--8god__A2_Q9UM07,0.9206590029649202,0.5,True
1h9g__A1_P0A8V6--1h9g__A2_P0A8V6,0.9896784696686267,0.5,True
7qg6__D1_Q9HAU5--7qg6__C1_Q9H1J1,0.5689697837040312,0.5,False
8sz3__B2_Q9NY97--8sz3__A1_Q9NY97,0.9498171997283384,0.5,True
5a10__A1_G1FNI6--5a10__A2_G1FNI6,0.9659026314363384,0.5,True
7qoc__A1_Q8NQV9--7qoc__B1_Q8NQV9,0.986275840824286,0.5,True
8a90__B1_A0A7S9SWM2--8a90__A1_A0A7S9SWM2,0.9611186725945393,0.5,True
3iaa__A1_Q8KNE0--3iaa__B1_Q8KNE0,0.8836814064444813,0.5,True
3n50__B1_Q9H4W6--3n50__A1_Q9H4W6,0.8880742432923218,0.5,True
2qg3__A1_O28220--2qg3__A2_O28220,0.9648818734497067,0.5,True
7ysk__A1_Q6D6Z8--7ysk__B1_Q6D6Z8,0.9936190492549128,0.5,True
7spz__A1_A8B3G9--7spz__A2_A8B3G9,0.9808214619841293,0.5,True
4q2e__B1_Q9X1B7--4q2e__A1_Q9X1B7,0.8292323462727584,0.5,True
8cff__A1_Q7SIF4--8cff__B1_Q7SIF3,0.9016739399057511,0.5,False
8bxl__A1_A0A075TRK9--8bxl__D1_A0A075TRK9,0.9799023225581422,0.5,True
5d4v__C1_Q57913--5d4v__A1_Q57913,0.9247746269656856,0.5,True
2p23__A1_O95750--2p23__B1_O95750,0.41107335791459443,0.5,True
7u55__A1_A0A151EDA9--7u55__A2_A0A151EDA9,0.9350628346338127,0.5,True
1rkw__A1_P0A0N4--1rkw__C1_P0A0N4,0.9861489565468132,0.5,True
1ps6__A1_P19624--1ps6__B1_P19624,0.9661453707789864,0.5,True
2y21__L1_O28769--2y21__K1_O28769,0.9782012686855905,0.5,True
2z5i__A1_P58772--2z5i__B1_P58772,0.9535733761595906,0.5,True
5l7u__B1_A6L2E5--5l7u__A1_A6L2E5,0.9664230447693707,0.5,True
3egq__A1_O28458--3egq__B1_O28458,0.973477846987274,0.5,True
7r3a__A1_Q6LYR8--7r3a__E1_Q6LYR8,0.9826717170417224,0.5,True
7yq0__A1_A0A101DF63--7yq0__B1_A0A101DF63,0.9845156482535715,0.5,True
3wsc__A1_Q25C86--3wsc__B1_Q25C86,0.6154946096771877,0.5,True
4pib__B1_Q2SVW5--4pib__A1_Q2SVW5,0.9099718175419708,0.5,True
7vmx__B1_P9WNN1--7vmx__A1_P9WNM1,0.861635169642319,0.5,False
1ykd__A1_P94182--1ykd__B1_P94182,0.5738548990378937,0.5,True
4ux7__A1_Q183F3--4ux7__B1_Q183F3,0.8115070489298539,0.5,True
3k3d__A1_P9WLZ7--3k3d__A2_P9WLZ7,0.9725582258950468,0.5,True
7q1d__D2_P29808--7q1d__A1_P29808,0.900716793821391,0.5,True
1sj5__A1_Q9WY07--1sj5__B1_Q9WY07,0.9813943106939467,0.5,True
4c12__A1_Q2FZP6--4c12__A2_Q2FZP6,0.8906796603065942,0.5,True
3k9m__A1_P07858--3k9m__B1_P01040,0.700269075021313,0.5,False
1ccd__A1_P17559--1ccd__A2_P17559,0.8817003933105386,0.5,True
8xiz__A1_T2B4K5--8xiz__B1_T2B4K5,0.9811636906146077,0.5,True
7wz6__A1_P15806--7wz6__B1_P10085,0.9502554382956879,0.5,False
2i00__A1_Q831Y9--2i00__B1_Q831Y9,0.9813736838882384,0.5,True
5ffi__A2_Q44501--5ffi__B1_Q44501,0.2778683667964083,0.5,True
3cnk__A1_P21333--3cnk__B1_P21333,0.8527252072655771,0.5,True
8gt9__A1_A8MW95--8gt9__B1_A8MW95,0.89176944565826,0.5,True
4l2w__B1_Q13464--4l2w__A1_Q13464,0.9870886110186519,0.5,True
3d0j__A1_Q97DI0--3d0j__A2_Q97DI0,0.9386883315432295,0.5,True
4ct0__A1_P97784--4ct0__B1_O54943,0.5742006058421352,0.5,False
3av0__A1_Q58719--3av0__B1_Q58718,0.9016908922057418,0.5,False
8bln__A1_C9QZ65--8bln__H1_C9QZ65,0.9417304177618881,0.5,True
2riq__A1_P09874--2riq__A2_P09874,0.3832078782837793,0.5,True
8hd5__A1_Q99U17--8hd5__B1_Q99U17,0.9002880393023358,0.5,True
6xrb__A1_A0A0H3NHS6--6xrb__B1_A0A0H3NHS6,0.9466080716207042,0.5,True
8a1g__A1_Q13596--8a1g__C1_Q9Y5X3,0.9749649646715797,0.5,False
8tn3__A1_Q643B9--8tn3__B1_Q643B9,0.9279024887779788,0.5,True
5ghs__A1_Q5JGL0--5ghs__C1_Q5JF31,0.9282514479087622,0.5,False
5umw__A1_A0A125SA26--5umw__F1_A0A125SA26,0.954345329149949,0.5,True
7zcv__B1_A0A0E7KI02--7zcv__A1_A0A0E7KI02,0.8912690811976396,0.5,True
6scq__A1_Q8NNN6--6scq__A2_Q8NNN6,0.9776197564038798,0.5,True
4ml9__A1_D1AMR0--4ml9__B1_D1AMR0,0.9660316624716907,0.5,True
7yfu__A1_Q8CG73--7yfu__B1_Q8CG73,0.9792101736325893,0.5,True
3ix1__A1_Q9K9G5--3ix1__B1_Q9K9G5,0.8793490585391195,0.5,True
7khs__A1_Q2CEE3--7khs__B1_Q2CEE3,0.9841433686657376,0.5,True
8k5l__A1_A0A829KK40--8k5l__B1_A0A829KK40,0.9940498962147588,0.5,True
2g0t__B1_Q9WZQ3--2g0t__A1_Q9WZQ3,0.980060248604204,0.5042372881355932,True
3lr3__A1_Q63T74--3lr3__A2_Q63T74,0.9610299591591928,0.5,True
4pxq__A1_F1QR43--4pxq__B1_F1QR43,0.9586261716705915,0.5,True
4z5y__A1_Q88QV5--4z5y__A2_Q88QV5,0.9724250896928779,0.5,True
7zhf__A1_A0A0U2WWJ1--7zhf__A2_A0A0U2WWJ1,0.972665228024219,0.5,True
6h86__A1_B5KM66--6h86__B1_B5KM66,0.7542083833665096,0.49993418454653155,True
5un7__A1_Q9NUX5--5un7__B1_Q96AP0,0.5829990251656492,0.5,False
8juk__A1_V5VGC6--8juk__B1_V5VGC6,0.9643460664690107,0.5,True
8snp__A1_O09118--8snp__A2_O09118,0.9018988451165804,0.5,True
6wjc__A1_P11229--6wjc__B1_Q8QGR0,0.7415421940928271,0.5,False
8ard__A1_Q64331--8ard__A2_Q64331,0.5719132914639965,0.5,True
3mqi__A1_Q9UH73--3mqi__B1_Q9UH73,0.6025815028855901,0.5,True
3q01__A1_P04637--3q01__B1_P04637,0.9040422725620867,0.5,True
7ylq__A1_Q93CA6--7ylq__B1_Q93CA6,0.8676339721569442,0.5,True
2yvo__A1_Q5SJY9--2yvo__A2_Q5SJY9,0.951924902245282,0.5,True
5vpa__B1_P17535--5vpa__A1_P53539,0.8023700970625856,0.5,False
3v78__B1_P95092--3v78__A1_P95092,0.9682009652172991,0.5,True
7pzh__A1_A0A174J845--7pzh__B1_A0A174J845,0.887736650196459,0.5,True
3m0f__A1_Q4KDJ6--3m0f__B1_Q4KDJ6,0.9653819960692965,0.5,True
1y4h__A1_P0C1S6--1y4h__C1_Q9EYW6,0.8070209076067885,0.5,False
2o4c__A1_Q9I3W9--2o4c__B1_Q9I3W9,0.9921541173117465,0.5,True
1ynh__A1_P76216--1ynh__D1_P76216,0.9839015718801044,0.5,True
8ohx__A1_U4Q148--8ohx__B1_U4Q148,0.9074690007859684,0.5,True
3a6m__A1_Q56236--3a6m__B1_Q56236,0.9575575816594789,0.5,True
4bvp__A1_Q5ZUA2--4bvp__B1_Q5ZUA2,0.9635403712624404,0.5,True
7oc6__A1_A0A2U8U2L5--7oc6__A2_A0A2U8U2L5,0.9625926491510222,0.5,True
6qpq__A1_G0SGH3--6qpq__B1_Q12158,0.8975620422378354,0.5,False
3ct6__A1_Q9CIV6--3ct6__B1_Q9CIV6,0.9629491633586151,0.5,True
1qae__A1_P13717--1qae__B1_P13717,0.6836751992799752,0.5,True
3q5w__B1_P38937--3q5w__A1_P38937,0.9375393979291515,0.5,True
8gol__B1_G9I933--8gol__A1_G9I933,0.8875904933302472,0.5,True
7epj__A1_P62554--7epj__A2_P62554,0.9384238217567434,0.5,True
1ag9__A1_P61949--1ag9__B1_P61949,0.9935417364182629,0.5,True
3gwh__B1_O31691--3gwh__A1_O31691,0.5868181017460978,0.5,True
5gw1__A1_P57768--5gw1__B1_P57768,0.7112338856384286,0.5,True
3l2o__B1_Q9UKT5--3l2o__A1_P63208,0.9573106944418837,0.5,False
3wrf__A1_E8MGH8--3wrf__A2_E8MGH8,0.9890830483744719,0.5,True
7yyl__A1_Q3AET9--7yyl__B1_Q3AET9,0.9337714414287921,0.5,True
8syb__B1_Q72KY0--8syb__A1_Q72KY0,0.9956180646456453,0.5,True
8qc3__A1_A0A1C9WRL0--8qc3__B1_A0A1C9WRL0,0.9173441514500166,0.5,True
3wtf__B1_Q9BUH6--3wtf__A1_Q9BUH6,0.9519049739984591,0.5,True
2x0e__B1_Q7BG50--2x0e__A1_Q7BG50,0.9170333667763834,0.5,True
5hwt__A1_A5W4E3--5hwt__B1_A5W4E3,0.4921412324551685,0.5,True
1ojh__A1_Q8YNP7--1ojh__B1_Q8YNP7,0.8108305220883533,0.5126104417670683,True
3eyy__A1_Q9K4F8--3eyy__B1_Q9K4F8,0.9765745453339745,0.5,True
8bwv__D2_A0A482M8M0--8bwv__A1_A0A482M8M0,0.741547576497386,0.5,True
7cm9__A1_A0A7V8UZ53--7cm9__B1_A0A7V8UZ53,0.9282613514267216,0.5,True
4nc8__A1_P12464--4nc8__A2_P12464,0.20953617871000207,0.5,True
1zhh__A1_P54300--1zhh__B1_P54302,0.7625059740610001,0.5,False
8c0u__A1_Q9I5Q5--8c0u__B1_Q9I5Q5,0.9449162852867907,0.5,True
2fbq__A1_Q9HZJ9--2fbq__A2_Q9HZJ9,0.9291910623063923,0.5,True
7fch__A1_O95256--7fch__C2_O95256,0.8255350462991353,0.5,True
8c7t__B1_A0A1B4XP18--8c7t__A1_A0A1B4XP18,0.9727742625289817,0.5,True
4iwn__A1_P76290--4iwn__B1_P76290,0.9932531176740935,0.5,True
7saf__B1_Q6TLP8--7saf__A1_Q6TLP8,0.9170573384500542,0.5,True
7zj1__B1_P55265--7zj1__A1_P55265,0.8538975798458803,0.5,True
4g9k__A1_P32340--4g9k__B1_P32340,0.9057904222186461,0.5,True
8b35__A1_Q96562--8b35__B1_Q96562,0.9655597913851663,0.5,True
2rdz__A1_P0ABK9--2rdz__B1_P0ABK9,0.9402928085548069,0.5,True
6bzf__B1_P53061--6bzf__A1_P17122,0.504698779858153,0.5,False
5ydd__B1_P9WME7--5ydd__A1_P9WME7,0.9127533299828099,0.5,True
4czd__B1_B8J3A4--4czd__A1_B8J364,0.9064858924060333,0.5,False
3ft7__B1_Q54323--3ft7__A1_Q54323,0.9184871164242958,0.5289145820741289,True
4pz1__A1_Q99XU0--4pz1__A2_Q99XU0,0.8408409910517992,0.49994696648281717,True
2w1t__A1_P37554--2w1t__B1_P37554,0.980125989155647,0.5073529411764706,True
7qz5__A1_A2RI36--7qz5__B1_A2RI36,0.9040771772480528,0.4999626307922272,True
5h31__A1_Q14790--5h31__B1_Q14790,0.29266120062972034,0.5,True
8p33__A1_O51254--8p33__A2_O51254,0.771567205182447,0.5,True
8oru__A1_O93732--8oru__B1_O93732,0.9718730444877439,0.5,True
1u7i__A1_Q9I3Y6--1u7i__B1_Q9I3Y6,0.9352608672248125,0.5,True
8slg__B1_G7CIG9--8slg__A1_G7CIG9,0.929924064062728,0.5,True
3l2e__B1_Q6AW42--3l2e__A1_Q6AW43,0.9524387651361625,0.5,False
3b0a__A1_P0CG48--3b0a__B1_Q9WUB0,0.7890145429955632,0.5,False
6etz__A1_A0A023UGN9--6etz__A2_A0A023UGN9,0.9067794223451731,0.5,True
7sfz__B1_Q9NYP9--7sfz__A1_Q9NYP9,0.750967233015851,0.5,True
7wwf__A1_A0R6Y0--7wwf__B1_A0R6Y0,0.970177316480977,0.5,True
8vdw__B1_T0TAB9--8vdw__A1_T0TAB9,0.9862637766976999,0.5,True
8ri0__A1_E4THH1--8ri0__B1_E4THH1,0.9620969377137705,0.5,True
5z2i__B1_Q54LT0--5z2i__A1_Q54LT0,0.9073794172156551,0.5,True
4miv__A1_P51688--4miv__B1_P51688,0.9584551751474076,0.5,True
3vh1__A1_P38862--3vh1__A2_P38862,0.9801618488709397,0.5,True
7z98__A1_E6V140--7z98__A2_E6V140,0.9814607366336486,0.5,True
2ond__A1_Q99LI7--2ond__B1_Q99LI7,0.9200647752361351,0.5,True
7vt9__A1_P21517--7vt9__B1_P21517,0.9223792445982335,0.5,True
1gju__A1_O33838--1gju__A2_O33838,0.9388378873912403,0.5,True
6hta__A1_A0A3F2YM29--6hta__B1_A0A3F2YM29,0.8002406309260991,0.5,True
3h7h__A1_P63272--3h7h__B1_O00267,0.864795946135181,0.5,False
4z39__A1_A0A0S2E5N6--4z39__B1_A0A0S2E5N6,0.7833822819009999,0.5,True
5ca9__A1_Q9C0L9--5ca9__A2_Q9C0L9,0.9338240837380658,0.5,True
2zvx__A1_P00974--2zvx__B1_P00974,0.6480787388057566,0.5,True
6x0a__A1_F7Y4W0--6x0a__S1_F7YBW8,0.6959398521092843,0.5,False
7spq__A1_C5AMM8--7spq__A2_C5AMM8,0.9915549293058197,0.5,True
7spn__A1_A0A7C2VFT1--7spn__B1_A0A7C2VFT1,0.9738281004633723,0.5,True
1tv8__A1_P65388--1tv8__B1_P65388,0.8084265979517059,0.5,True
3mkr__B1_Q27954--3mkr__A1_Q28104,0.945663887352102,0.5,False
1dqn__A1_Q24973--1dqn__B1_Q24973,0.9756810677424765,0.5,True
7xoi__A1_A0A5N6DPG0--7xoi__B1_A0A5N6EXS6,0.4112766183641157,0.5,False
8h62__A1_P0DJM0--8h62__B1_P12830,0.803093030129569,0.5,False
2qh0__A1_Q97H22--2qh0__A2_Q97H22,0.9460442747926978,0.5,True
5ubb__A1_Q5VVY1--5ubb__A2_Q5VVY1,0.7866824570923563,0.5,True
5kvs__B1_O54512--5kvs__A1_O54512,0.9675123750169448,0.5,True
3frs__A1_P53990--3frs__A2_P53990,0.3914835637380267,0.5,True
3obv__A1_O08808--3obv__C1_O08808,0.8906808415265374,0.5,True
4wkz__A1_A0AEF5--4wkz__B1_W5IDC3,0.856312000672492,0.5,False
3kt0__A1_Q12109--3kt0__A2_Q12109,0.9817357596294072,0.5,True
5i90__A1_G3XCY5--5i90__B1_G3XCY5,0.9454397948594051,0.5,True
3bat__B1_P24733--3bat__A1_P24733,0.9585669797655333,0.5,True
2ps1__A1_P13298--2ps1__B1_P13298,0.9783107622623985,0.49999018780540455,True
1fcd__A1_Q06530--1fcd__B1_Q06529,0.9665035993670463,0.5,False
8hy8__A1_A0A085BE66--8hy8__A2_A0A085BE66,0.9149825827748546,0.5,True
8har__A1_Q2L6E4--8har__B1_Q2L6E4,0.9667405013534589,0.5,True
4je4__A1_Q06124--4je4__B1_P02751,0.7346079882317226,0.5,False
2a6c__A1_Q82UW4--2a6c__A2_Q82UW4,0.9577461913736911,0.5676962488688091,True
5k9l__B1_A8MW95--5k9l__A1_A8MW95,0.9069966808697072,0.5,True
5mzg__A1_P53368--5mzg__B1_P53368,0.9491996238086466,0.5,True
7ucc__B1_P17535--7ucc__A1_P53539,0.7841058259115183,0.5,False
8d0x__A1_Q9Y231--8d0x__A2_Q9Y231,0.8783057927221688,0.5,True
6ano__B1_Q9UKL3--6ano__A1_Q9UKL3,0.5249366048097522,0.5,True
6et2__A1_Q9I4X1--6et2__B1_Q9I4X2,0.9519467427219261,0.5,False
6d0a__A1_Q8N5Z0--6d0a__A2_Q8N5Z0,0.9611693030472128,0.5,True
2xga__B1_P35530--2xga__A1_P35530,0.9912195548249343,0.5,True
2i3o__A1_Q9HJH4--2i3o__B1_Q9HJH4,0.9652175108101368,0.5,True
1ijx__A1_P97401--1ijx__C1_P97401,0.6606352358748524,0.5,True
6h2u__A1_Q9NRN9--6h2u__B1_Q9UI30,0.8391156556756993,0.5,False
8h2v__A1_Q93HT8--8h2v__B1_Q93HT8,0.977327245910647,0.5,True
1wat__B1_P02941--1wat__A1_P02941,0.9204984041647329,0.5,True
2nyh__A1_Q13JM0--2nyh__B1_Q13JM0,0.9545246581257661,0.5,True
7yuj__B1_Q9BYM8--7yuj__A1_Q9BYM8,0.5647915468363918,0.5,True
8c5k__A1_P87252--8c5k__A2_P87252,0.854644514880905,0.5,True
2spc__A1_P13395--2spc__B1_P13395,0.27732482851053586,0.5,True
6q2e__A1_A5UMY5--6q2e__B1_A5UMY5,0.9684330815700743,0.5,True
4p8i__A1_P40746--4p8i__B1_P40746,0.8763177304964539,0.5,True
8a82__A1_K7WEY7--8a82__B1_K7XCU4,0.9088499767922291,0.5,False
3a4l__B1_Q58933--3a4l__A1_Q58933,0.993226256571397,0.5,True
1z52__A1_P09167--1z52__B1_P09167,0.7893647977142764,0.5,True
6c0g__A1_A0A3F2YLX1--6c0g__B2_A0A3F2YLX1,0.7899160691178241,0.5,True
1k3r__B1_O26109--1k3r__A1_O26109,0.9835635180106004,0.5,True
7fga__A1_Q8DIJ4--7fga__B2_Q8DIJ4,0.9791122823063304,0.5,True
5akq__A1_O52063--5akq__B1_O52063,0.9774768752783015,0.5,True
7y86__B1_A0A0K2E3A3--7y86__A1_A0A0K2E3A3,0.9545050917932274,0.5066915677085169,True
8d1u__A1_P0A6R0--8d1u__A2_P0A6R0,0.9884182255318209,0.5,True
1vqw__A1_Q9HFE4--1vqw__B1_Q9HFE4,0.9680794039363854,0.5,True
7uld__A1_O28028--7uld__A2_O28028,0.9651584595042919,0.5,True
4c0f__B1_Q9NZN8--4c0f__A1_Q9NZN8,0.35643345007937277,0.5,True
8b21__A1_Q9S5X0--8b21__B1_Q9S5X0,0.9631058381214964,0.5,True
3swk__A1_P08670--3swk__B1_P08670,0.9411793630921362,0.5,True
8txn__B1_P08120--8txn__A1_P08120,0.18155772337274945,0.5,True
8dak__A1_F2X702--8dak__B1_F2X702,0.9594937967703325,0.5,True
2rde__B1_A0A0H3ADR8--2rde__A1_A0A0H3ADR8,0.942089388485027,0.5,True
2pih__A1_O31779--2pih__B1_O31779,0.9106776338020899,0.5,True
7ykv__B1_Q58241--7ykv__A1_Q58241,0.9807266981454297,0.5,True
7y4g__A1_Q8A028--7y4g__A2_Q8A028,0.9769535352509991,0.5,True
8cci__A1_A0R7I9--8cci__A2_A0R7I9,0.9772312866127097,0.5,True
6p35__A1_P75913--6p35__A2_P75913,0.9827527967852558,0.5,True
6p3j__A1_Q0KJL4--6p3j__B1_Q0KJL4,0.956413209342027,0.5,True
4o6p__A1_Q8RDI4--4o6p__B1_Q8RDI4,0.8941046675379308,0.5,True
8ozv__A1_A0A179UH34--8ozv__A2_A0A179UH34,0.9347573108423369,0.5,True
2cim__A1_Q46AN5--2cim__B1_Q46AN5,0.9689729805473591,0.5,True
6tpo__A1_P24474--6tpo__A2_P24474,0.8901454890053693,0.5,True
7wwo__B1_Q5SH57--7wwo__A1_Q5SH57,0.5926218376771918,0.5,True
4pmv__A1_Q8PEU1--4pmv__B1_Q8PEU1,0.8907675448827514,0.5,True
6rmr__B1_P19926--6rmr__A1_P19926,0.9789694449524482,0.5,True
6hhb__A1_E0SCP7--6hhb__C1_E0SCP7,0.9118207759939219,0.5,True
7e5c__A1_A0A1I7CHQ2--7e5c__B1_A0A1I7CHQ2,0.9867152024504884,0.5,True
2wfh__A1_O94813--2wfh__B1_O94813,0.7973057356502977,0.5,True
3zco__A1_P06701--3zco__A2_P06701,0.7194652600901424,0.5,True
2ghy__A1_P03051--2ghy__B1_P03051,0.9083864816690057,0.5,True
3htr__A1_Q6N0K4--3htr__B1_Q6N0K4,0.8463149942658811,0.5,True
8aeu__A1_Q00987--8aeu__A2_Q00987,0.09600694112890673,0.5,True
1xuv__A1_Q8PZJ2--1xuv__C1_Q8PZJ2,0.9804844239019173,0.5,True
2o8p__A1_Q5CYG0--2o8p__A2_Q5CYG0,0.9437450288683272,0.5,True
4zmu__A1_Q9I072--4zmu__B1_Q9I072,0.9915500018894282,0.5,True
3dl3__G2_Q5E3X2--3dl3__C1_Q5E3X2,0.9306635630541097,0.5,True
7yvz__A1_A7LPG5--7yvz__A2_A7LPG5,0.8690615184788513,0.5,True
4ia6__A1_Q5FL96--4ia6__B1_Q5FL96,0.985421789433538,0.5,True
8bou__A1_A0A7G5MNS2--8bou__B1_A0A7G5MNS2,0.9784838384399296,0.5,True
5gk1__A1_Q7N4Z6--5gk1__B1_Q7N4Z6,0.9774011175572861,0.5,True
5x03__B1_P94426--5x03__A1_P94426,0.9892130001712951,0.5,True
3gku__A1_D0VX24--3gku__B1_D0VX24,0.9638541259016866,0.5,True
1c81__A1_P07953--1c81__A2_P07953,0.2643123103900612,0.5,True
1k3e__B1_P58233--1k3e__A1_P58233,0.9611498009105762,0.5,True
6u18__A1_Q9EVJ6--6u18__B1_Q9EVJ6,0.9763697272086981,0.5,True
7wpy__A1_A0A097ZPD5--7wpy__C1_A0A097ZPD5,0.9668573506621825,0.5,True
7xn2__A1_Q8YR38--7xn2__A2_Q8YR38,0.9359494570387078,0.5,True
3uws__B1_A7A9N3--3uws__A1_A7A9N3,0.40357472633209496,0.5,True
4u04__B1_Q9BVA6--4u04__A1_Q9BVA6,0.9455354157692248,0.5,True
2kin__A1_P56536--2kin__B1_Q6QLM7,0.2864550836075847,0.5,False
3ulc__A1_Q08236--3ulc__A2_Q08236,0.7685039961028799,0.5,True
8b2a__A1_Q2YWJ9--8b2a__A2_Q2YWJ9,0.9958070455982166,0.5,True
8qff__A1_K9TLZ5--8qff__A2_K9TLZ5,0.9681703344293898,0.5,True
8c8c__A1_P48426--8c8c__A2_P48426,0.9604775806572348,0.5,True
8iup__B1_A9A1Y1--8iup__A1_A9A1Y1,0.9860833893340495,0.5,True
3o7o__A1_Q9S5X8--3o7o__B1_Q9S5X8,0.9229435538394508,0.5,True
4bg8__A1_Q8TX37--4bg8__B1_Q8TX37,0.9443678927731102,0.5,True
7qxo__A1_G8UIQ1--7qxo__B1_G8UIQ1,0.886798420116088,0.5,True
4xiz__A1_Q05776--4xiz__D1_O60200,0.8999661345406382,0.5,False
7pwe__A1_Q6AL91--7pwe__B1_Q6AL91,0.8613088875326181,0.5,True
6uxu__A1_E2JB04--6uxu__B1_E2JB04,0.8349020241298657,0.5,True
3bid__A1_Q7DDI1--3bid__B1_Q7DDI1,0.8710977407327821,0.5,True
4f7w__A1_B5XYG3--4f7w__B1_B5XYG3,0.9746528792279665,0.5,True
2rae__A1_Q0S3N9--2rae__A2_Q0S3N9,0.9764015729540635,0.5046296296296297,True
7yn1__A1_E9JES9--7yn1__C1_E9JES9,0.6314433264263608,0.5,True
3t7y__A1_O84093--3t7y__B1_O84093,0.8828962013569205,0.5,True
7u6p__A1_P11926--7u6p__B1_P11926,0.8700045464686553,0.5,True
4mis__A1_Q57ES7--4mis__B1_Q57ES7,0.9461509767463215,0.5,True
2blf__A1_Q9LA16--2blf__B1_Q9LA15,0.9384422012623037,0.5,False
3ke3__A1_Q4FVA8--3ke3__A2_Q4FVA8,0.9697751042602758,0.5,True
7ywc__A1_Q9L0T8--7ywc__B1_Q9L0T8,0.9894378162800826,0.5,True
4wwr__B1_P46379--4wwr__A1_P11441,0.7088603824213766,0.5,False
7r0d__B1_Q9NV35--7r0d__A1_Q9NV35,0.9723550408832441,0.5,True
8w6x__A1_P21852--8w6x__B1_P21853,0.9187725855916916,0.5,False
3fmf__A1_P9WPQ5--3fmf__B1_P9WPQ5,0.9104814105090615,0.5,True
2xrm__A1_D0AB41--2xrm__A2_D0AB41,0.9601818004326672,0.5,True
4xj7__A1_P66881--4xj7__B1_P66881,0.9646179206072867,0.5,True
7yrt__E1_H9L4P6--7yrt__A1_H9L4P6,0.9263037734152604,0.5,True
7tye__A1_P0A7J0--7tye__A2_P0A7J0,0.9728694499825383,0.5,True
2zvd__B1_Q9RBY1--2zvd__A1_Q9RBY1,0.9875117925260583,0.5,True
3mtw__A1_Q9A4Z9--3mtw__A2_Q9A4Z9,0.9967079751980382,0.5,True
3n2o__A1_Q7MK24--3n2o__B1_Q7MK24,0.8664600357494247,0.5,True
7ywd__A1_Q8TB36--7ywd__A2_Q8TB36,0.5192681109836254,0.5,True
5upq__A1_A0A0A0V031--5upq__B1_A0A0A0V031,0.97002435157976,0.5,True
1vgu__A1_Q46893--1vgu__B1_Q46893,0.9218279276095488,0.5,True
7pxo__A1_F4F7G1--7pxo__C1_F4F7G1,0.9827526571788867,0.5,True
2dp9__A1_Q5SM30--2dp9__A2_Q5SM30,0.6417324129663561,0.5,True
8a7l__A1_M1JS91--8a7l__A2_M1JS91,0.9488059247014813,0.5,True
7uqv__A1_A0A0L6JSP1--7uqv__B1_A0A0L6JSP1,0.8752427343519621,0.5,True
5d1r__A1_P9WMC9--5d1r__B1_P9WMC9,0.9243452673371155,0.5,True
3f6q__A1_Q13418--3f6q__B1_P48059,0.9081248840698095,0.5,False
8cok__B1_Q9NXR8--8cok__A1_Q9NXR8,0.6985131987025175,0.5,True
1wz3__A1_Q9LVK3--1wz3__B1_Q9LVK3,0.3003351382910523,0.5,True
1nw1__A1_Q22942--1nw1__B1_Q22942,0.9907383858513368,0.5,True
1hrp__B1_P0DN86--1hrp__A1_P01215,0.8617357937048202,0.5,False
3qf4__B1_Q9WYC4--3qf4__A1_Q9WYC3,0.9378180956689832,0.5,False
7y4o__B1_A0A0G2JZC4--7y4o__A1_A0A0G2JZC4,0.6993265900238431,0.5,True
8hns__A1_A0A377JKY9--8hns__A2_A0A377JKY9,0.3092709118331457,0.5,True
3mpn__A1_O67854--3mpn__A2_O67854,0.9486228234560271,0.5,True
6vlg__A2_Q9WTS2--6vlg__C1_Q9WTS2,0.9620559144991351,0.5,True
1v71__A1_O59791--1v71__A2_O59791,0.9927558807614572,0.5,True
3fpk__A1_Q8ZKP5--3fpk__B1_Q8ZKP5,0.965787633159618,0.5,True
8eb3__A1_K2K6A3--8eb3__B1_K2K6A3,0.9819892224788298,0.5,True
4z1i__C1_Q12931--4z1i__A1_Q12931,0.9411828045940024,0.5,True
8pz3__A1_D7SFB8--8pz3__B1_D7SFB8,0.353144723074458,0.5,True
5vpb__B1_P17535--5vpb__A1_P53539,0.7790751436593656,0.5,False
8bt3__A1_Q6F0T5--8bt3__A2_Q6F0T5,0.9561619723692995,0.5,True
1r7h__A1_O69271--1r7h__B1_O69271,0.43996744794858345,0.5,True
4oag__A1_Q8BGV8--4oag__B1_Q8BGV8,0.7349079534670624,0.5,True
5bo9__A1_O43173--5bo9__B1_O43173,0.9480912764853168,0.5,True
7kws__A1_Q0P8H3--7kws__B1_Q0P8H3,0.9920585451858381,0.5,True
4qa0__A1_Q9BY41--4qa0__B1_Q9BY41,0.9664647516805395,0.5,True
6epi__B1_D5K9G7--6epi__A1_D5K9E3,0.7328921384654231,0.5,False
6z2f__B1_Q16222--6z2f__A1_Q16222,0.8111990683142433,0.5,True
7qgs__B1_Q09472--7qgs__A1_Q16665,0.3735780053458373,0.5,False
7tz7__A1_P42336--7tz7__B1_P27986,0.8089477825100553,0.5,False
2zl1__A1_Q9UHA4--2zl1__B1_Q9JHS3,0.9587297678314419,0.5,False
4ija__A1_A0A0H3JS71--4ija__B1_A0A0H3JS71,0.9826592549492141,0.5,True
3ijt__B1_Q8DVN6--3ijt__A1_Q8DVN6,0.9080345818771911,0.5,True
7qgt__A1_P35520--7qgt__B1_P35520,0.8648349886318962,0.5,True
8i4q__A1_Q8NQI2--8i4q__B1_Q8NQI2,0.9641438858894149,0.5,True
5lxv__A1_G9FCX2--5lxv__B1_A0A1L1QK37,0.8141161408886352,0.5,False
8h25__A1_A0A5R8LFD3--8h25__C1_A0A5R8LFD3,0.9660273883429072,0.5,True
6kjl__A1_Q9RC94--6kjl__B1_Q9RC94,0.811951018688123,0.5,True
5f3o__A1_C4LU64--5f3o__B1_C4LU64,0.7844696492393695,0.5,True
8arv__A1_Q9HW35--8arv__B1_Q9HW35,0.9590487007895707,0.5,True
2i1a__B1_P40087--2i1a__A1_P40087,0.8794870430816684,0.5,True
2y9x__A1_C7FF04--2y9x__E1_G1K3P4,0.8470842467250335,0.5,False
8waa__A1_P29401--8waa__B1_P29401,0.9791466448859915,0.5,True
6n2f__B1_Q94A94--6n2f__A1_Q94A94,0.8437476724020533,0.5,True
8b08__B1_P0A2K1--8b08__A1_P00929,0.921803580267999,0.5,False
5ja2__A1_P11454--5ja2__B1_Q9I169,0.9013875828815698,0.5,False
4g3w__A1_O66591--4g3w__A2_O66591,0.7518215128361381,0.5,True
5cm2__A1_Q6C999--5cm2__B1_Q6C4P5,0.8386936202577371,0.5,False
6g70__B1_Q8K2Z2--6g70__A1_Q8K2Z2,0.7770901072841918,0.5,True
7xac__A1_P47929--7xac__B1_P47929,0.9351238674587673,0.5,True
2zz8__A1_O34094--2zz8__B1_O34094,0.7074304808576498,0.5,True
8b8h__A1_P9WQA9--8b8h__B1_P9WQA9,0.9166464193838846,0.5,True
7u2s__A1_A0A2W1NDJ7--7u2s__B1_A0A2W1NDJ7,0.9497234978654061,0.5,True
1d2g__A1_P13255--1d2g__B1_P13255,0.586567061775969,0.5,True
1sc1__A1_P29466--1sc1__B1_P29466,0.3094259053312614,0.5,True
5amt__A1_A0Q7H2--5amt__A2_A0Q7H2,0.9428009340411679,0.5,True
7qfz__B1_B7L3Y3--7qfz__A1_B7L3Y3,0.7559980537805188,0.5,True
3hml__A1_A6T9H1--3hml__B1_A6T9H1,0.9636658946340675,0.5,True
1xk6__A1_P31572--1xk6__C1_P31572,0.9454177292115049,0.5,True
7r3s__A1_A0A4R2M5S2--7r3s__B1_A0A4R2M5S2,0.8417411259197716,0.5,True
2grx__A1_P06971--2grx__C1_P02929,0.7563844059803093,0.5,False
7vsf__A1_P25440--7vsf__B1_P25440,0.5545154473947806,0.5,True
3q34__A1_Q48EL2--3q34__C1_Q48EL2,0.9190405632528482,0.5,True
4r2k__A1_Q8ZP84--4r2k__A2_Q8ZP84,0.9628814618450827,0.5,True
3cgw__A1_Q8PVT6--3cgw__A2_Q8PVT6,0.995493280376853,0.5,True
7r2f__A1_P21836--7r2f__B1_P21836,0.9846010301520364,0.5,True
4g19__A1_I6ZUH3--4g19__B1_I6ZUH3,0.9973093623943763,0.5,True
3dg8__C1_P13922--3dg8__A1_P13922,0.18701868847570052,0.5,True
6m10__A1_Q9HUW0--6m10__C1_Q9HUW0,0.8896465825938035,0.5,True
8tt2__B1_Q4K977--8tt2__A1_Q4K977,0.9408824206718798,0.5,True
1h31__A1_Q939U1--1h31__B1_Q939U4,0.9187284600014531,0.5,False
7p7i__B1_R8APY9--7p7i__A1_R8APY9,0.9840484937390762,0.5,True
3hzu__A1_P9WHF7--3hzu__A2_P9WHF7,0.9557825744079702,0.5,True
7xgs__A1_Q9FVC1--7xgs__A2_Q9FVC1,0.858788848501713,0.5,True
6iju__A1_Q9KJN4--6iju__A2_Q9KJN4,0.34414981934378985,0.5,True
4kqd__B1_P06626--4kqd__A1_P06626,0.9163696042276306,0.5,True
2fu3__B1_Q03555--2fu3__A1_Q03555,0.7209128932775835,0.5,True
1jgt__B1_P0DJQ7--1jgt__A1_P0DJQ7,0.9843092675087509,0.5,True
6l4b__A1_Q9UGV2--6l4b__C2_Q9UGV2,0.8185976979174475,0.5,True
3lzk__A1_Q92LT4--3lzk__B1_Q92LT4,0.9627283111124414,0.5,True
1ht8__A1_P05979--1ht8__B1_P05979,0.8770860392848354,0.5,True
1z8h__A1_Q8YWS4--1z8h__B1_Q8YWS4,0.9656499456268166,0.5,True
8gk6__A1_W6USS8--8gk6__E1_W6USS8,0.9787003509624644,0.5,True
4mjf__A1_A6L2I4--4mjf__A2_A6L2I4,0.9492768177157318,0.5,True
7m4s__A1_Q8YLC3--7m4s__D1_Q8YLC3,0.9289116285783636,0.5,True
6fju__A1_E6N8B9--6fju__B1_E6N8B9,0.957564028582654,0.5,True
6lgq__A1_P21865--6lgq__B1_P21866,0.9107986269527371,0.5,False
2y27__B1_B4E7B5--2y27__A1_B4E7B5,0.9824860621628727,0.5,True
2tdx__A1_P0DJL7--2tdx__A2_P0DJL7,0.9559895220732376,0.5,True
8fj8__A1_P02638--8fj8__A2_P02638,0.9329838618024775,0.4999403341288783,True
3uv0__B1_Q9W061--3uv0__A1_Q9W061,0.2707480237369339,0.5,True
8alo__B1_P24003--8alo__A1_P15795,0.7526789396995028,0.5,False
6xa0__A1_D1A230--6xa0__B1_D1A230,0.9705111876826449,0.504950495049505,True
1zbo__B1_Q7WAM7--1zbo__A1_Q7WAM7,0.7859049565299565,0.5,True
6xb5__A1_A0A7E5VPD6--6xb5__B1_A0A7E5VPD6,0.8803876903040588,0.5,True
8duy__D1_A0A0H3GVN6--8duy__A1_A0A0H3GVN6,0.9865610321676986,0.5,True
7th5__A1_Q5SLG6--7th5__B1_Q5SLG6,0.8246540397766942,0.5,True
3t2l__A1_Q5LE95--3t2l__A2_Q5LE95,0.45929833269338227,0.5,True
3uet__A1_B7GNN8--3uet__B1_B7GNN8,0.9464569634393856,0.5,True
8fdb__B1_Q12KP2--8fdb__A1_Q12KP2,0.9580662837602603,0.5,True
6ok3__A1_C3X9N1--6ok3__B1_C3X9N1,0.7901369814406791,0.5,True
8hp3__A1_A0A2K0XCZ3--8hp3__B1_A0A2K0XCZ3,0.9719076122899641,0.5,True
7xkg__A1_A7NHS9--7xkg__B1_A7NHS9,0.9471435862387305,0.5,True
1l7e__A1_Q2RSB2--1l7e__B1_Q2RSB2,0.9872207839220668,0.5,True
8hn2__A1_Q9F722--8hn2__B1_Q9F722,0.9255265446026932,0.5,True
8gst__A1_Q1NEI7--8gst__B1_Q1NEI7,0.9678926752977769,0.5,True
7cq3__A1_P38324--7cq3__B1_Q12098,0.6300778775601774,0.5,False
5htf__A1_Q8Y759--5htf__B1_Q8Y759,0.9563197352474377,0.5,True
6c90__A1_P42285--6c90__B1_Q6NZY4,0.7557881629473864,0.5,False
6e1j__A1_C5J4P1--6e1j__B1_C5J4P1,0.7843893539245608,0.5,True
3ccd__A1_P0AA04--3ccd__B1_P0AA04,0.6448371448371448,0.5,True
3dzl__B1_Q396C9--3dzl__A1_Q396C9,0.8407814096645121,0.5,True
2y1h__B1_Q17R31--2y1h__A1_Q17R31,0.9509702030020795,0.5,True
7lfs__A1_P00533--7lfs__E1_O14944,0.7953733893169461,0.5,False
6jiw__A1_A0A0H3JU78--6jiw__A2_A0A0H3JU78,0.8504812094684406,0.5,True
8ees__A1_A0A0H3GMB7--8ees__B1_A0A0H3GMB7,0.9898992721076156,0.5,True
4a5b__B1_Q27895--4a5b__A1_Q27895,0.8832775423538688,0.5,True
3nb6__A1_O66874--3nb6__A2_O66874,0.5196036397885309,0.5,True
5f8c__A1_O53532--5f8c__A2_O53532,0.9558539740813055,0.5,True
8jt3__A1_H8Y6N2--8jt3__C1_H8Y6N2,0.9525634619406665,0.5,True
1ije__A1_P02994--1ije__B1_P32471,0.6101848837225226,0.5,False
6on4__A1_P0A8W0--6on4__B1_P0A8W0,0.834080858906884,0.5,True
4zvc__A1_P0AA89--4zvc__B1_P0AA89,0.988775185545231,0.5,True
4qoa__A1_A7VAB9--4qoa__A2_A7VAB9,0.3959210661439482,0.5,True
6wmv__A1_U5WZP7--6wmv__B1_U5WZP7,0.8944907499304615,0.5,True
3e3c__A1_Q7DB61--3e3c__B1_Q7DB61,0.9490373107646063,0.5,True
6ekk__A1_Q8TEH3--6ekk__C1_Q15286,0.635192425353157,0.5,False
8a9w__A1_P15751--8a9w__A2_P15751,0.9971881938958412,0.5,True
2gj9__A1_P25522--2gj9__B1_P25522,0.9581857351177656,0.5,True
3cm7__C1_P98170--3cm7__D1_P98170,0.9597400661957737,0.5,True
8f5v__A1_O53728--8f5v__B1_O53728,0.984185275152728,0.5058823529411764,True
1ecj__A1_P0AG16--1ecj__B1_P0AG16,0.947508545015863,0.5,True
3s5r__A1_Q2LS68--3s5r__B1_Q2LS68,0.9001114672315458,0.5,True
3im3__A1_P00514--3im3__A2_P00514,0.9948277924377753,0.5,True
4mcj__B1_A6L9R1--4mcj__A1_A6L9R1,0.9384147930007585,0.5,True
7vw1__B1_V5J1S8--7vw1__A1_V5J1S8,0.8406768358756356,0.5,True
3p12__A1_Q2G1A5--3p12__D1_Q2G1A5,0.9506694332605042,0.5,True
8aq0__A1_Q6DTN4--8aq0__B1_Q6DTN4,0.9595732940763027,0.5,True
3wpm__A1_G2IKE5--3wpm__B1_G2IKE5,0.9414021216657417,0.5,True
7xof__B1_Q0DFB6--7xof__A1_Q0DFB6,0.8310399190493893,0.5,True
8a8f__A1_P32598--8a8f__B1_P42073,0.7662994044570175,0.5,False
3qta__A1_Q5V4K4--3qta__B1_Q5V4K4,0.9761940377185313,0.5,True
8oqj__B1_P06959--8oqj__A1_P06959,0.8913790097013985,0.5,True
1tbp__A1_P13393--1tbp__B1_P13393,0.43882575411643826,0.5,True
7qfk__C1_Q5FLN0--7qfk__A1_Q5FLN0,0.9511687638815812,0.5,True
7r3o__B1_Q460N3--7r3o__A1_Q460N3,0.3402530166618076,0.5,True
1wli__A1_Q46604--1wli__B1_Q46604,0.96621138996139,0.5178233590733591,True
8b3e__A1_M4SY06--8b3e__A2_M4SY06,0.7748326678728334,0.5,True
1d8i__A1_O13297--1d8i__A2_O13297,0.5854789847393356,0.5,True
8eh0__B1_P50909--8eh0__A1_P50909,0.9675118377498306,0.5,True
3seo__B1_Q87GE5--3seo__A1_Q87GE5,0.9248640672300484,0.5,True
3iey__B1_Q74MS9--3iey__A1_Q74MP4,0.9808901506456711,0.5,False
4yto__B1_Q15431--4yto__A1_Q15431,0.7956914665532091,0.5,True
6csm__A1_L1J207--6csm__B1_L1J207,0.9665984304313908,0.5,True
4ndt__A1_A7UNK4--4ndt__A2_A7UNK4,0.5411697933953127,0.5,True
8j3p__A1_B9WHT3--8j3p__A2_B9WHT3,0.9780604515072125,0.5,True
7pv7__B1_Q7MVV4--7pv7__A1_Q7MVV4,0.9152430778054714,0.5,True
7uj6__A1_Q8RMD9--7uj6__B1_Q8RMD9,0.9150469821438909,0.5,True
3k9i__A1_Q9KFK0--3k9i__A2_Q9KFK0,0.9659470665598974,0.508130081300813,True
7z1s__A1_A0A3Q7HTY9--7z1s__A2_A0A3Q7HTY9,0.942961466928206,0.5,True
2e89__A1_O67728--2e89__B1_O67728,0.9825114207747012,0.5,True
2woz__A1_Q9ER30--2woz__A2_Q9ER30,0.6375625710069686,0.5,True
7xxs__A1_B2CKP3--7xxs__B1_B2CKP3,0.9696674694105913,0.5,True
8fir__A1_O83132--8fir__B1_O83132,0.9501710739520492,0.5,True
3i6s__A1_O82777--3i6s__B1_O82777,0.9796213588775121,0.5,True
7yhe__B1_A6YEH4--7yhe__A1_A6YEH4,0.9543294788376886,0.5,True
1ku2__A1_Q9EZJ8--1ku2__B1_Q9EZJ8,0.473815460107827,0.5,True
6qwo__B1_Q9S5W7--6qwo__A1_Q9S5W7,0.9782974502894662,0.5,True
1mxi__A1_P44868--1mxi__A2_P44868,0.9372995197516014,0.5,True
2vhl__A1_O34450--2vhl__A2_O34450,0.9921325906753912,0.5,True
5wan__A1_P75898--5wan__A2_P75898,0.9860930762720104,0.5,True
4x7z__B1_Q49492--4x7z__A1_Q49492,0.9935698103838873,0.5,True
6a1k__A1_P71018--6a1k__B1_P71018,0.9845606584422459,0.5,True
7pjh__A1_Q9Y312--7pjh__B1_Q6P2Q9,0.9410908053619794,0.5,False
4joi__A1_Q9H668--4joi__C1_Q86WV5,0.8970401027590678,0.5,False
8axz__A1_P31153--8axz__A2_P31153,0.9691745975439563,0.5,True
8ogi__B1_P11678--8ogi__A1_P11678,0.3393808490195189,0.5,True
8cxl__A1_A7KH32--8cxl__B1_A7KH32,0.9176036418962149,0.5,True
7win__B1_Q9UIF8--7win__A1_Q9UIF8,0.5154477077375544,0.5,True
7b80__A1_G3I8R9--7b80__B1_Q9BVA6,0.7145770630172011,0.5,False
4bwv__A1_Q8L5D0--4bwv__B1_Q8L5D0,0.7723406300995086,0.5,True
7drj__A1_P63756--7drj__B1_P63756,0.8702812591565547,0.5,True
3qth__A1_Q47ZP9--3qth__B1_Q47ZP9,0.968184234229359,0.5,True
8b28__A1_F6GSX7--8b28__A2_F6GSX7,0.6871171153177448,0.5,True
6scx__A1_Q9BQG2--6scx__B1_Q9BQG2,0.9067103703739634,0.5,True
8hpc__A1_P60327--8hpc__H1_P60327,0.9737157786977282,0.5,True
5n76__A1_P72320--5n76__B1_P72320,0.9547875270870827,0.5,True
3cq3__A1_Q53W28--3cq3__A2_Q53W28,0.5005573109999898,0.5,True
3kbu__A1_P11277--3kbu__D1_P16157,0.5945981437283292,0.5,False
7pck__A1_P43235--7pck__C2_P43235,0.986871886581455,0.5,True
5o4z__A1_Q9X1T1--5o4z__A2_Q9X1T1,0.9941435170558397,0.5,True
1vla__A1_Q9X021--1vla__B1_Q9X021,0.909053299089176,0.5,True
5oed__A1_Q6EAT3--5oed__B1_Q13637,0.7769994869009191,0.5,False
7yva__A1_Q9URB4--7yva__B1_Q9URB4,0.9817272713962866,0.5,True
7s6n__B1_Q5RGJ8--7s6n__A1_Q5RGJ8,0.6274162739446661,0.5,True
4cz8__A1_Q9UZ55--4cz8__B1_Q9UZ55,0.9481665877559919,0.5,True
6ebn__A1_A0A4P1LYB6--6ebn__B1_A0A4P1LYB6,0.9420830701290248,0.5,True
3lf4__B1_D1MPT3--3lf4__A1_D1MPT3,0.37934648706638696,0.5,True
3ffe__B1_Q93AT8--3ffe__A1_Q93AT8,0.8602344248006348,0.5,True
7zg6__A1_A0A2J0RDY6--7zg6__B1_A0A2J0RDY6,0.822756025964361,0.5,True
8f4q__A1_Q00972--8f4q__A2_Q00972,0.8377790023627285,0.5,True
4rz3__A1_A4IMB4--4rz3__B1_A4IMB4,0.8831280501076688,0.5,True
8f8k__A1_O53507--8f8k__A2_O53507,0.9890761871528962,0.49999595907349637,True
3zw5__A1_A6NK44--3zw5__B1_A6NK44,0.8407964566929133,0.5,True
6l3q__B1_G0SEI5--6l3q__A1_G0SEI5,0.9857244802484911,0.5,True
8ag8__A1_A0A1I5SVP7--8ag8__A2_A0A1I5SVP7,0.9571096820292961,0.5,True
2i2w__A1_P63224--2i2w__D1_P63224,0.9785600220176205,0.5,True
2f22__B1_Q9RC77--2f22__A1_Q9RC77,0.9679629266111575,0.5,True
3tng__A1_Q8Y7B7--3tng__A2_Q8Y7B7,0.9882330562700604,0.5,True
8gr8__B1_P08679--8gr8__A1_P08679,0.9816716406783106,0.5,True
7ae8__A1_A0A0B0QJR1--7ae8__B1_A0A0B0QJR1,0.9747199718873737,0.5,True
2w54__B1_O54051--2w54__A1_O54050,0.9570053194040342,0.5,False
4b0z__A1_P50524--4b0z__B1_P50524,0.9863130017152657,0.5,True
2re7__A1_Q4FV99--2re7__A2_Q4FV99,0.9572413756377075,0.5,True
8h0t__A1_O34614--8h0t__A2_O34614,0.9912554107674273,0.5,True
1te2__A1_P77247--1te2__B1_P77247,0.9888456621428475,0.5,True
7xt2__A1_Q6ZMU5--7xt2__B1_Q6ZMU5,0.958220678158228,0.5,True
1ev7__A1_P50187--1ev7__B1_P50187,0.9028560064336862,0.5,True
1ogl__A1_O15923--1ogl__A2_O15923,0.9642557552428325,0.5,True
3lrt__B1_Q97CA5--3lrt__A1_Q97CA5,0.9777423661656401,0.5,True
3fou__A1_Q5SGZ9--3fou__B1_Q5SGZ9,0.9372587201380689,0.5,True
5jnq__A1_R0BTE9--5jnq__A2_R0BTE9,0.9504012408239763,0.5,True
4g12__A1_A5U5K3--4g12__B1_A5U5K3,0.9893068251140943,0.5,True
3evj__B1_P01008--3evj__A1_P01008,0.7903555078029842,0.5,True
2oq2__B1_P18408--2oq2__A1_P18408,0.989569014103527,0.5,True
8he6__A1_Q8YSS0--8he6__B1_Q8YSS0,0.9757623388624607,0.5224020337934441,True
2xij__A1_P22033--2xij__A2_P22033,0.958585666065165,0.5,True
1nr5__A1_P07547--1nr5__A2_P07547,0.992336809557408,0.5,True
1gmj__A1_P01096--1gmj__B1_P01096,0.9510497602909572,0.5,True
4yba__B1_Q93K36--4yba__A1_Q93K36,0.8980002961696327,0.5,True
8ok7__A1_M4T0B2--8ok7__D1_M4T0B2,0.8643305554393401,0.5,True
7f76__B1_A0A223KLJ1--7f76__A1_A0A223KLJ1,0.9290085481155291,0.5,True
7vp6__A1_Q9C9L2--7vp6__B1_Q9C9L2,0.8599423947483975,0.5,True
8jmq__A1_A9CQD5--8jmq__B1_A9CQD3,0.9087871466078156,0.5,False
7zgt__A1_W8R3D8--7zgt__B1_W8R3D8,0.9773058603637529,0.5,True
7xgt__B1_Q6H8B1--7xgt__A1_Q6H8B1,0.9922413932513665,0.5,True
3i2t__A1_P04412--3i2t__A2_P04412,0.6261989217406558,0.5,True
8tjk__A1_A0A0F7G196--8tjk__B1_A0A0F7G196,0.9693107315114338,0.5,True
7wt0__A1_Q04760--7wt0__B1_Q04760,0.8377839135202454,0.5,True
3if0__A1_Q74MS9--3if0__A2_Q74MS9,0.9841327067680824,0.5,True
3qrh__A1_Q8SSM8--3qrh__A2_Q8SSM8,0.96365105783028,0.5,True
8q70__A1_Q8U2C1--8q70__A2_Q8U2C1,0.9804841500191135,0.5,True
7vso__A1_P02945--7vso__A2_P02945,0.8975718547471614,0.5,True
5f8b__A1_Q4WB03--5f8b__A2_Q4WB03,0.982990661982798,0.5,True
8ax0__A1_A0A384E145--8ax0__B1_A0A384E145,0.9748172097489294,0.5,True
7r5y__E2_R7PD89--7r5y__A1_R7PD89,0.9681749753988961,0.5,True
7qow__B1_Q93P54--7qow__A1_Q93P54,0.965762805023567,0.5,True
5il7__A1_Q8KC98--5il7__B1_Q8KC98,0.49340056636924995,0.5,True
3ct9__B1_Q8A1V9--3ct9__A1_Q8A1V9,0.980902275494077,0.5,True
8pvm__A1_P29166--8pvm__B1_P29166,0.9144076930082881,0.5,True
8ct0__F1_S4S3E3--8ct0__A1_S4S3E3,0.9365611269391793,0.49998620765750856,True
3q2j__B1_P0A3Y5--3q2j__A1_P0A3Y5,0.6207890744069852,0.5,True
7xzp__B1_A0A379CIH2--7xzp__A1_A0A379CIH2,0.9863129159892887,0.5,True
3qvf__A1_Q56187--3qvf__A2_Q56187,0.973659513631345,0.5,True
6gxs__A1_Q7NZ70--6gxs__D1_Q7NZ70,0.7857997524791075,0.5,True
2hr8__A1_O58456--2hr8__B1_O58456,0.9586565627730343,0.5,True
2zyf__A1_O87198--2zyf__A2_O87198,0.9487906208626877,0.5,True
7s3v__A1_Q16719--7s3v__A2_Q16719,0.9836539072131865,0.5,True
6a29__A1_O32504--6a29__B1_O32504,0.7524512773816507,0.5,True
4ml6__C1_A6GV51--4ml6__A1_A6GV51,0.9271763784925164,0.5,True
4cht__A1_Q13472--4cht__B1_Q9H9A7,0.6239937737712582,0.5,False
1n4p__B1_P53610--1n4p__A1_Q04631,0.8799571175214955,0.5,False
1tec__A1_P04072--1tec__B1_P01051,0.9365530711899256,0.5,False
8p1h__A1_E7EX29--8p1h__B2_E7EX29,0.8309821886318156,0.5,True
6b9t__A1_A9A1T2--6b9t__B1_A9A1T2,0.8468258470367117,0.5,True
3g0k__A1_Q2G4A7--3g0k__A2_Q2G4A7,0.9569402381959004,0.5,True
8hy5__A1_P14920--8hy5__B1_P14920,0.8540758642803701,0.5,True
8fts__A1_R9UTR3--8fts__A2_R9UTR3,0.9800257271791608,0.5,True
1jrk__A1_Q8ZTD8--1jrk__B1_Q8ZTD8,0.9530772036063909,0.5,True
2ejn__A1_P30440--2ejn__B1_P30440,0.7904621757139743,0.5,True
8ju7__A1_Q9I2U4--8ju7__B1_Q9I2U4,0.9366629720852413,0.5,True
3nel__A1_Q52428--3nel__B1_Q52428,0.9782299434285302,0.5,True
2dc1__A1_O28440--2dc1__B1_O28440,0.9765370261798684,0.5,True
8fzk__B1_P52292--8fzk__A1_P52292,0.5254296774063479,0.5,True
3wnz__A1_P39641--3wnz__A2_P39641,0.992797685068042,0.5,True
8e1u__A1_A0A160VN62--8e1u__F2_A0A160VN62,0.9869834687186865,0.5,True
1v7c__A1_P83823--1v7c__B1_P83823,0.9725819879464177,0.5,True
3egg__A1_P62136--3egg__C1_O35274,0.7626770483973301,0.5,False
4yke__B1_G0RYR3--4yke__A1_G0RYR3,0.9265907484856489,0.5,True
1tq9__A1_P00669--1tq9__B1_P00669,0.559131145859677,0.5,True
4oh3__B1_Q05085--4oh3__A1_Q05085,0.9412294767998138,0.5,True
4q62__A1_Q5ZUB7--4q62__A2_Q5ZUB7,0.8956626614306126,0.5,True
2we5__A1_P0A2X7--2we5__B1_P0A2X7,0.9866523051149294,0.5,True
5t51__A1_Q6CLK3--5t51__B1_Q6CPD1,0.945904233747371,0.5,False
3i0z__A1_A0A0H2UN25--3i0z__B1_A0A0H2UN25,0.9379772893170166,0.5,True
8p6k__A1_A0A0H2UWN1--8p6k__B1_A0A0H2UWN1,0.9506187094672536,0.5,True
7z9z__A1_P02754--7z9z__A2_P02754,0.8893567439584943,0.5,True
6d0i__A1_A0A0C5XL88--6d0i__B1_A0A0C5XKJ0,0.7987641941212389,0.5,False
3gs3__A1_Q8MSU4--3gs3__A2_Q8MSU4,0.32666121345270704,0.5,True
2f4m__A1_Q9JI78--2f4m__B1_P54728,0.6835731496837065,0.5,False
4yh8__A1_Q09176--4yh8__B1_P36629,0.760288564590912,0.5,False
1e44__B1_P00646--1e44__A1_P02984,0.7106440546180495,0.5,False
2yri__A1_Q5SLX0--2yri__B1_Q5SLX0,0.9851572955557335,0.5,True
1gcj__A1_P70168--1gcj__B1_P70168,0.6894266971188471,0.5,True
7qbp__A1_A4F7B2--7qbp__A2_A4F7B2,0.9605600480379872,0.5,True
4hdd__A1_P09391--4hdd__A2_P09391,0.6253927304385558,0.5,True
3e4q__A1_P13633--3e4q__B1_P13633,0.8981344639008552,0.5,True
8ein__B1_Q6FCQ4--8ein__A1_Q6FCQ4,0.9889991539532218,0.5,True
1zmb__A1_Q97LM8--1zmb__B1_Q97LM8,0.9672176597577921,0.5,True
6ygu__A1_G0RZ64--6ygu__B1_G0S1V1,0.6126726028873432,0.5,False
2yyh__A1_O67435--2yyh__B1_O67435,0.985588661824947,0.5,True
5wk0__A1_A0A2C9TMM3--5wk0__A2_A0A2C9TMM3,0.9743061709170043,0.5,True
8h4j__A1_W8UQZ7--8h4j__D1_W8UQZ7,0.9447402188744063,0.5,True
1z83__A1_P00568--1z83__B1_P00568,0.9564160666822263,0.5,True
8h2c__A1_Q0P8U0--8h2c__B1_Q0P8U0,0.9512132882862524,0.5,True
2dkh__A1_Q6SSJ6--2dkh__A2_Q6SSJ6,0.9444663263509212,0.5,True
7c7e__A1_A0A0H3MRW3--7c7e__A2_A0A0H3MRW3,0.9407786184844031,0.5,True
3dpt__B1_Q8KC98--3dpt__A1_Q8KC98,0.8550190518776772,0.5,True
3fgw__A1_Q3TCN2--3fgw__A2_Q3TCN2,0.9795332080822132,0.5,True
7wh0__A1_Q9U2E4--7wh0__B2_Q9U2E4,0.9924060791916939,0.5,True
8dq3__A1_A0A142G3G1--8dq3__B1_A0A142G3G1,0.9313078936890926,0.5,True
6t2b__A1_B2UQL7--6t2b__C1_B2UQL7,0.9535246972938455,0.5,True
8jh0__B1_S2D3K4--8jh0__A1_S2D3K4,0.8713356782672952,0.5,True
7t2s__A1_A0A494K842--7t2s__A2_A0A494K842,0.9467666298006793,0.5,True
3frw__B1_A5ZMD8--3frw__A1_A5ZMD8,0.8627222657303153,0.5,True
5ab5__A1_C9ZUV7--5ab5__B1_C9ZUV7,0.9868043940844938,0.5,True
5myd__C2_A0A2D0TC86--5myd__A1_A0A2D0TC86,0.9744442215279967,0.5,True
5cde__A1_Q8P839--5cde__B1_Q8P839,0.9372769261229603,0.5,True
6pi4__A1_A0R1Z9--6pi4__A2_A0R1Z9,0.42433795648559325,0.5,True
3ipf__A1_Q251Q8--3ipf__B1_Q251Q8,0.45390305484524107,0.5,True
2p3y__A1_Q87I71--2p3y__B1_Q87I71,0.9364403740698836,0.5,True
5jbr__A1_C5C6I1--5jbr__B1_C5C6I1,0.9485046815901499,0.5,True
8ttz__A1_G8E2R2--8ttz__B2_G8E2R2,0.9639762033022518,0.5,True
3vba__A1_Q58673--3vba__B1_Q58673,0.9706349086948279,0.5,True
4o6y__B1_Q9SWS1--4o6y__A1_Q9SWS1,0.9130022188517554,0.5,True
4e5r__A1_Q6IRB5--4e5r__A2_Q6IRB5,0.708301904685645,0.5,True
7ywv__A1_Q0SBK1--7ywv__C1_Q0SBK1,0.9743770600706383,0.5,True
8eer__A1_P01116--8eer__A2_P01116,0.8079548623084272,0.5,True
3f84__B1_E3PPC4--3f84__A1_E3PPC4,0.44813094496005906,0.5,True
5mu7__A1_G0S6G7--5mu7__B1_G0S6I4,0.902609094925936,0.5,False
8hfp__B1_Q96T68--8hfp__A1_Q8N8R7,0.60994311401279,0.5,False
4rmn__B1_Q6NC13--4rmn__A2_Q6NC13,0.948734110689272,0.5,True
3mx1__A1_Q46944--3mx1__A2_Q46944,0.9138589303267761,0.5,True
5gl5__A1_Q06321--5gl5__B1_Q06321,0.554890546883707,0.5,True
8e77__A1_Q1QD54--8e77__A2_Q1QD54,0.9835844508575713,0.5,True
5gl4__A1_B6YTD8--5gl4__B1_B6YTD8,0.9935414568207008,0.5,True
7wf9__A1_Q3ZT31--7wf9__B1_Q3ZT31,0.43144437500410326,0.5,True
8fw0__B1_P39897--8fw0__A1_P39897,0.9433998171299596,0.5,True
8ou8__B1_P0A8M3--8ou8__A1_P0A8M3,0.9674159639011958,0.5,True
7acm__B1_P75811--7acm__A1_P75811,0.9596704648006026,0.5,True
4trb__A1_Q97W95--4trb__B1_Q97W95,0.9542619093437834,0.5,True
2ia9__B1_P28015--2ia9__A1_P28015,0.8922689795481314,0.5,True
3sy6__A1_Q5LE92--3sy6__B1_Q5LE92,0.9528879634237419,0.5,True
6xz3__A1_Q9H1K6--6xz3__A2_Q9H1K6,0.9867513158168164,0.5,True
2h8e__A1_P0AG74--2h8e__A2_P0AG74,0.8060208296659438,0.5,True
3gyx__A1_T2G6Z9--3gyx__B1_T2G899,0.8466134410239301,0.5,False
4e0u__A1_D1D8L6--4e0u__A2_D1D8L6,0.9985828612803993,0.5,True
6teu__A1_O60568--6teu__A2_O60568,0.9733578955932571,0.5,True
6xt5__B1_P49046--6xt5__A1_P49046,0.9540719073757885,0.5,True
8g1t__A1_Q07812--8g1t__B1_Q07812,0.22166515446316362,0.5,True
7xp7__B1_W9FXI8--7xp7__A1_W9FXI8,0.8859210607820039,0.4999967767097943,True
8i55__A1_Q58380--8i55__B1_Q58380,0.9794765265200805,0.5,True
1h65__A1_Q41009--1h65__A2_Q41009,0.9669716860307612,0.5,True
3ol4__A1_A0QRC4--3ol4__B1_A0QRC4,0.1906162247833652,0.5,True
8idq__A1_A0A0B8MZ29--8idq__C1_A0A0B8MZ29,0.9052167068164132,0.5,True
3f6g__B1_Q8F3Q1--3f6g__A1_Q8F3Q1,0.9251933442205433,0.5,True
6akj__B1_G2TRN4--6akj__A1_G2TRN4,0.9573237519915029,0.5,True
3qhy__B1_O87916--3qhy__A1_Q93T42,0.9150200909711194,0.5,False
4j5p__B1_P97612--4j5p__A1_P97612,0.9464531954381497,0.5,True
4icq__A1_A0A0H2UN95--4icq__B1_A0A0H2UN95,0.9912202149257261,0.5,True
1klf__B1_P08191--1klf__A1_P31697,0.7248977671561836,0.5,False
6y4l__A1_Q15006--6y4l__B1_Q9Y3B6,0.9329380250123716,0.5,False
6dex__B1_Q74ZQ8--6dex__A1_Q75DL0,0.8885494192112402,0.5,False
2z02__A1_Q58987--2z02__B1_Q58987,0.9942623729301021,0.5,True
4l7w__A1_Q7Z4H3--4l7w__A2_Q7Z4H3,0.9461600670526549,0.5,True
6tct__A1_Q9KL67--6tct__B1_Q9KL67,0.9362099445182794,0.5,True
6sul__A1_A8FAR5--6sul__B1_A8FAR5,0.9473505283338535,0.5,True
4qqv__A1_P26954--4qqv__B1_P26954,0.575338513903971,0.5,True
3l8d__A1_A0RD96--3l8d__A2_A0RD96,0.956218203157851,0.5,True
7yqa__B1_A0A1C9ZZ39--7yqa__A1_A0A1C9ZZ39,0.8059738738615521,0.5,True
1b8m__B1_P34130--1b8m__A1_P23560,0.7159400380145173,0.5,False
1irq__B1_Q57468--1irq__A1_Q57468,0.8581122864117169,0.5,True
7xi6__A1_A5GXY1--7xi6__B1_A5GXY1,0.7704240384963276,0.5064220847353378,True
7vrx__D1_A0A6J4AG16--7vrx__B1_A0A6J4AG16,0.830226176135229,0.5,True
6iik__A1_P54578--6iik__B1_P54578,0.9953089666896541,0.5,True
3nau__A1_Q9Y6X8--3nau__B1_Q9Y6X8,0.13086490399463196,0.5,True
3cis__B1_P9WFD7--3cis__A1_P9WFD7,0.9554299492685626,0.5,True
4jzy__B1_O77059--4jzy__A1_O77059,0.9812152098916952,0.5,True
7yxg__A1_Q9VU77--7yxg__B1_Q9VU77,0.9895150004538211,0.5,True
5cio__A1_A0A1A9TAI5--5cio__B1_A0A1A9TAI5,0.9387061480232816,0.5,True
8jwj__A1_Q9DAG9--8jwj__B1_P62837,0.8345834164701251,0.5,False
6ia6__A1_A0A1C7D1B7--6ia6__A2_A0A1C7D1B7,0.7590119921478763,0.5,True
8h1g__A1_O67518--8h1g__A2_O67518,0.9796484416109539,0.5,True
6x61__A1_Q79V60--6x61__B1_Q8DMT2,0.8426969711181445,0.5,False
7x0d__A1_A5YW95--7x0d__B1_A5YW95,0.9629612835453178,0.5,True
1ghd__B1_O86089--1ghd__A1_O86089,0.3720537428438151,0.5,True
2x6f__A1_Q9W1M7--2x6f__B1_Q9W1M7,0.8467541451274504,0.5,True
8oik__A1_Q9UPU9--8oik__C1_Q9UPU9,0.8699070495101041,0.5,True
6nxl__A1_B4DV12--6nxl__E1_B4DV12,0.5151803723090163,0.5,True
8wmy__A1_A0A4U7IGH6--8wmy__B2_A0A4U7IGH6,0.9701732631870679,0.5,True
3trf__A1_Q83AJ3--3trf__A2_Q83AJ3,0.6414545130211577,0.5,True
5h4s__A1_A0A090BWT0--5h4s__A2_A0A090BWT0,0.836352901227404,0.5,True
2zvb__A1_Q53WA6--2zvb__A2_Q53WA6,0.9355658161163443,0.5,True
8wa7__A1_P27302--8wa7__B1_P27302,0.9784283202390841,0.5,True
3b0z__B1_P40727--3b0z__A1_P40727,0.3017896840723034,0.5,True
4usp__A1_B3GA02--4usp__B1_B3GA02,0.8376406020965451,0.5,True
7cms__A1_P00953--7cms__B1_P00953,0.9835457478629652,0.5,True
7t8q__A1_Q7S860--7t8q__D1_Q7S860,0.818832022996912,0.5,True
6j9k__A1_A0A425B3G2--6j9k__A2_A0A425B3G2,0.8899901465505106,0.5,True
7xp0__A1_Q9I5E1--7xp0__A2_Q9I5E1,0.9051485290282331,0.5,True
8ih4__A1_Q8WVV5--8ih4__B1_Q8WVV5,0.7418129636286055,0.5,True
1tfe__A1_P43895--1tfe__A2_P43895,0.9723345361795863,0.5,True
2a8f__A1_P15569--2a8f__B1_P15569,0.9799926240088512,0.5,True
4iwq__A1_Q9UHD2--4iwq__A2_Q9UHD2,0.8808253156130794,0.5,True
5hs5__A1_Q2G0D1--5hs5__B1_Q2G0D1,0.9827100790706077,0.5,True
3v89__A1_Q9K0U9--3v89__B1_P02787,0.8148878974631317,0.5,False
8e3g__B1_P43026--8e3g__A1_P12643,0.8818181663536752,0.5,False
2w8b__A1_P0A855--2w8b__H1_P0A912,0.773918498579333,0.5,False
5f7p__B1_Q8YAF1--5f7p__A1_Q8YAF1,0.9851496497689071,0.5,True
8f71__B1_Q6N5G3--8f71__A1_Q6N5G3,0.9985544368153517,0.5,True
8hwi__B1_A0A327WNX5--8hwi__A1_A0A327WNX5,0.8748683516555398,0.5,True
7r3i__B1_P54292--7r3i__A1_P54292,0.9478164188215433,0.5,True
8afj__A1_A0A179QS89--8afj__B1_A0A179QS89,0.9533581477331858,0.5,True
3pub__B1_E5EVW2--3pub__A1_E5EVW2,0.8468993432106309,0.5,True
8es5__A1_A0A0H2Z732--8es5__B1_A0A0H2Z732,0.962373617933182,0.5,True
7txn__B1_Q8YVV6--7txn__A1_Q8YVV6,0.9700208133205251,0.5,True
3py6__A1_Q2YQ74--3py6__A2_Q2YQ74,0.9722493487198828,0.5,True
1hjr__A1_P0A814--1hjr__C1_P0A814,0.9407825449457228,0.5,True
8k3b__A1_A0A071KWR3--8k3b__A2_A0A071KWR3,0.906765590583243,0.5,True
3w2z__A1_Q8YXY7--3w2z__A2_Q8YXY7,0.903341303226307,0.5,True
8f78__A1_P55212--8f78__B1_P55212,0.8822593266393777,0.5,True
6wg4__A1_Q14683--6wg4__B1_Q9UQE7,0.9078887855896444,0.5,False
7zry__A1_O60341--7zry__B1_Q9UKL0,0.7076682519278131,0.5,False
1uix__A1_Q28021--1uix__B1_Q28021,0.9737165785229082,0.5,True
7vrc__A1_P38956--7vrc__B1_P22082,0.8839186282690141,0.5,False
1oz0__A1_P31335--1oz0__B1_P31335,0.9834064640327017,0.5,True
7eft__B1_P16926--7eft__A1_P16926,0.8174084093366576,0.5,True
8e2b__B1_Q2FYI5--8e2b__A1_Q2FYI5,0.6818856588289238,0.5,True
7jw6__A1_Q9VIF1--7jw6__A2_Q9VIF1,0.5032878432878818,0.5,True
1jkw__A1_P51946--1jkw__A2_P51946,0.9614924034559613,0.5,True
4pfp__B1_F1RQI7--4pfp__A1_F1RQI7,0.8863045984828538,0.5,True
8h1s__A1_Q9I5U2--8h1s__B1_Q9HX32,0.7616816885492377,0.5,False
7t0y__A1_P62136--7t0y__B1_Q14684,0.6681163237481813,0.5,False
1tz9__A1_Q82ZC9--1tz9__B1_Q82ZC9,0.992095859129379,0.5,True
2wns__B1_P11172--2wns__A1_P11172,0.9909238838834813,0.5,True
6s8v__B1_P08195--6s8v__A1_P80188,0.6896811641979181,0.5,False
2gt4__A1_P32056--2gt4__B1_P32056,0.9379505846728732,0.5,True
3bof__A1_Q9WYA5--3bof__B1_Q9WYA5,0.9988021277625124,0.5,True
6trj__A1_O75475--6trj__A2_O75475,0.23505498901243713,0.5,True
8h4z__A1_A0A2X5A3P4--8h4z__B1_A0A2X5A3P4,0.9983382696499614,0.5,True
2hre__A1_P22830--2hre__B1_P22830,0.8764954780361758,0.5,True
5yjc__A1_Q5HK94--5yjc__B1_Q5HK94,0.8964974829543766,0.5,True
8d6k__A1_Q9L1K2--8d6k__B1_Q9L1K2,0.9245000043907794,0.5,True
2zew__B1_Q9ZA17--2zew__A1_Q9ZA17,0.13566507630800273,0.5,True
5wpi__A1_Q58PW8--5wpi__B1_Q58PW8,0.9793031750040166,0.5,True
8fk6__A1_A0A0C9S461--8fk6__B1_P80098,0.8209652094868194,0.5,False
7tm7__A1_A0A0H3GYH4--7tm7__B1_A0A0H3GYH4,0.9763419054347958,0.5,True
7x4b__A1_A0A2D0TCG3--7x4b__B1_A0A2D0TCG3,0.985002255299955,0.5,True
4aqp__B1_P54253--4aqp__A1_P54253,0.32993248271432296,0.5,True
3npi__A1_Q6NFU8--3npi__B1_Q6NFU8,0.9214158306686071,0.5,True
