system_id,auroc,bacc,is_homodimer
8iyi__A1_Q6CVU4--8iyi__B1_Q6CVU4,0.9557914138534642,0.5,True
1uus__A1_O00910--1uus__A2_O00910,0.9520821151791689,0.5,True
1zt2__A1_Q97Z83--1zt2__C1_Q9UWW1,0.9796868467291253,0.5,False
7uex__A1_Q9H999--7uex__A2_Q9H999,0.9740593326225669,0.5,True
6jqy__A1_P9WF13--6jqy__B1_P9WF13,0.9439865356622998,0.5,True
6l6w__A1_A0A3B6UEU3--6l6w__A2_A0A3B6UEU3,0.9975089403568203,0.5,True
8h56__A1_Q8BB16--8h56__B1_Q8BB16,0.9556113730479469,0.5,True
8grj__B1_Q8GQE7--8grj__A1_A0A0H3KLY3,0.9745308641335619,0.5,False
2j0n__B1_P18013--2j0n__A1_P18013,0.7732139309724706,0.5,True
3rq1__A1_D1BN29--3rq1__C1_D1BN29,0.9646325069597864,0.5,True
5djt__A1_O49004--5djt__B1_UNDEFINED,0.9638497096124216,0.5,False
5ae6__B1_Q92458--5ae6__A1_Q92458,0.9045106444041912,0.5,True
3v1e__A1_UNDEFINED--3v1e__B1_UNDEFINED,0.9493859649122807,0.5,True
7qi3__A1_W7NDP8--7qi3__C1_W7NDP8,0.9599673330496683,0.5,True
2yve__A1_Q8NMG3--2yve__B1_Q8NMG3,0.9578775753821483,0.5,True
5ynx__A1_B2GM84--5ynx__B1_B2GM84,0.96795107275601,0.5,True
2r6u__A1_Q0S814--2r6u__C1_Q0S814,0.9279120454267424,0.5,True
8b6m__A1_Q9H2K2--8b6m__B1_Q9H2K2,0.7852578849561294,0.5,True
3kc2__A1_P36151--3kc2__B1_P36151,0.9814625218389006,0.5041666666666667,True
3vp5__A1_Q9CHR1--3vp5__A2_Q9CHR1,0.9843980436969538,0.5,True
7pvh__A1_B2RLE7--7pvh__B1_B2RLE7,0.8603350412816738,0.5,True
4nqf__B2_Q7CW19--4nqf__A1_Q7CW19,0.9574114544453072,0.5,True
1vjh__A1_P0C0B0--1vjh__B1_P0C0B0,0.9734864241859359,0.5,True
5xw4__B1_Q00684--5xw4__A1_Q00684,0.8760016465272797,0.5,True
8aai__A1_O00560--8aai__C1_O00560,0.5620900856138206,0.5,True
4xdl__A1_P57789--4xdl__B1_P57789,0.8922547501499983,0.5,True
6ukl__A1_P0A901--6ukl__F1_P0A901,0.8689490999545296,0.5,True
5dot__A1_P31327--5dot__B1_P31327,0.922580071737726,0.5,True
5by4__A1_P0ABV6--5by4__A2_P0ABV6,0.9350042245522667,0.5,True
7zxs__A1_Q86TI2--7zxs__C1_Q86TI2,0.9773276607370808,0.5,True
1v6u__A1_Q7SI98--1v6u__B1_Q7SI98,0.9082511285322012,0.5,True
6e27__A1_Q9H257--6e27__B1_Q9H257,0.8155372980196818,0.5,True
7szd__A1_Q96S44--7szd__B1_Q9Y3C4,0.9588669648486593,0.5,False
1h9r__A1_P0A9G8--1h9r__B1_P0A9G8,0.8960588794327573,0.5,True
3on6__A1_A7M0J6--3on6__B1_A7M0J6,0.9850420106175651,0.5,True
8fwy__A1_Q4DGA2--8fwy__B1_Q4DGA2,0.9392551554739796,0.5,True
1yu6__A1_P00780--1yu6__C1_P68390,0.9572093512447828,0.5,False
6ek1__A1_A0A452CST7--6ek1__A2_A0A452CST7,0.9892842007625676,0.5,True
6ckj__A1_P0A0Z8--6ckj__A2_P0A0Z8,0.9817824829875883,0.5,True
7yj0__B1_UNDEFINED--7yj0__A1_UNDEFINED,0.9537423993263496,0.5,True
1w33__A1_O50957--1w33__B1_O50957,0.9547631060423829,0.5,True
4usk__B1_H7C745--4usk__B2_H7C745,0.9334093809038666,0.5,True
6cmv__B1_Q4J9G1--6cmv__A1_Q4J9G1,0.9905017028796842,0.5,True
7y70__A1_F4KCC2--7y70__A2_F4KCC2,0.7426309832074799,0.5,True
3cwx__A1_P94837--3cwx__B1_P94837,0.9856923721774866,0.5,True
3p1y__A1_O29362--3p1y__B1_O29362,0.930342458174438,0.5,True
8a8i__A1_Q9R9V9--8a8i__B1_Q9R9V9,0.9934700675148822,0.5,True
5d1l__A1_P62837--5d1l__B1_Q96BH1,0.7992635026966995,0.5,False
8bcs__A1_UNDEFINED--8bcs__A2_UNDEFINED,0.9265006347095448,0.54118055975337,True
8og3__A1_P38489--8og3__B1_P38489,0.9530423150480212,0.5,True
3c07__A1_Q9KZ96--3c07__B1_Q9KZ96,0.9860029232617142,0.5,True
3iqy__A1_P28366--3iqy__A2_P28366,0.9814620843802488,0.5,True
4afi__A1_P70280--4afi__B1_P70280,0.8812052199268302,0.5,True
7e76__A1_A0A3B6LNA8--7e76__B1_A0A3B6LNA8,0.9053664043764299,0.5,True
3cqc__A1_P57740--3cqc__B1_Q8WUM0,0.9841527299289172,0.5,False
7x1k__A1_Q6DL91--7x1k__B1_Q6DL91,0.9405370229318112,0.5,True
6ydr__A1_A0A3S8UVN5--6ydr__A2_A0A3S8UVN5,0.9126895441379717,0.5,True
8egw__B1_Q6V0I7--8egw__A1_Q96JQ0,0.9032396876552721,0.5,False
8sgd__A1_P25342--8sgd__B1_P32457,0.914921572672257,0.5,False
3ecf__A1_Q3M5E4--3ecf__B1_Q3M5E4,0.9454131565213734,0.5,True
6j94__A1_Q93VK5--6j94__B1_Q93VK5,0.9877976930051673,0.5,True
7xsh__A1_K1KV82--7xsh__B2_K1KV82,0.9927252613553775,0.5,True
7fct__B1_A0A4Y1LJC5--7fct__A1_A0A4Y1LJC5,0.9381284104073531,0.5,True
8v14__A1_G5EEF9--8v14__B1_G5EEF9,0.9631075920934412,0.5,True
6r76__A1_H3ZMH8--6r76__B1_H3ZMH8,0.9697332539801313,0.5,True
8ap0__A1_A0A5S9CYM0--8ap0__A2_A0A5S9CYM0,0.9896479436819959,0.5,True
5j10__A1_UNDEFINED--5j10__B1_UNDEFINED,0.9373486322309127,0.5055140490308959,True
3qph__A1_Q9HGZ9--3qph__A2_Q9HGZ9,0.9275533730424307,0.5,True
3o6j__A1_O67987--3o6j__B1_O67987,0.9752040353327953,0.5,True
6o6z__A1_B6YWC3--6o6z__B1_B6YWC3,0.9545756162168488,0.5,True
7edp__B1_Q5JT35--7edp__A1_Q8TEK3,0.9348584529505582,0.5,False
3fil__A1_P19909--3fil__B1_P19909,0.9501091914771624,0.5,True
6do2__A1_P11021--6do2__B1_P11021,0.8739789869027956,0.5,True
7f4q__B1_Q22GC0--7f4q__A1_I7M8B9,0.927174536404206,0.5,False
4hfg__A1_Q9NQG5--4hfg__B1_Q9NQG5,0.9482625254451407,0.5,True
7yh2__A1_A0A1Q9P883--7yh2__B1_A0A1Q9P883,0.9955707025801704,0.5,True
3axs__A1_O67010--3axs__A2_O67010,0.9913063307548907,0.5,True
3cqr__A1_Q39249--3cqr__B1_Q39249,0.9123388548820656,0.5,True
3s8k__A1_P80691--3s8k__B1_P80691,0.9748761515544375,0.5,True
4oun__A1_O31418--4oun__A2_O31418,0.9573331690206248,0.5,True
2iab__A1_Q825J7--2iab__B1_Q825J7,0.9588872896780121,0.5,True
3o3n__A1_Q5U924--3o3n__B1_Q5U923,0.9649903924837733,0.5,False
6f3z__A1_P0ADC3--6f3z__B1_P61316,0.9752933487354086,0.5,False
1hr7__A1_P11914--1hr7__B1_P10507,0.9488381846019506,0.5,False
8gko__B1_P28296--8gko__A1_P28296,0.965014146153922,0.5,True
2gkv__A1_P00777--2gkv__B1_P68390,0.9615603843593826,0.5,False
8stx__A1_Q4E4E1--8stx__B1_Q4E4E1,0.9918426448199724,0.5,True
4m36__A1_Q582G4--4m36__A2_Q582G4,0.9662460530406458,0.5,True
5wpu__A1_A0A076NBW8--5wpu__A2_A0A076NBW8,0.9075637037591524,0.5,True
5yps__A1_A0A0W4ZF97--5yps__B1_A0A0W4ZF97,0.9607964348283694,0.5,True
5oge__E1_P40107--5oge__A1_P40107,0.940443839290695,0.5,True
5fey__B1_Q13049--5fey__A1_Q13049,0.9374505299330103,0.5,True
8hce__B1_Q91XB0--8hce__A1_Q91XB0,0.9333735047175755,0.5,True
1ggp__B1_Q7SIF1--1ggp__A1_Q7SIF0,0.9617864208694356,0.5,False
5z50__A1_O05926--5z50__B1_O05926,0.993163286749477,0.5,True
6eyy__A1_A0A1S5PRR0--6eyy__B1_A0A1S5PRR0,0.8585709769362623,0.5,True
7t9u__A1_Q86WV6--7t9u__A2_Q86WV6,0.9860623231838134,0.5,True
6ey4__A1_Q5EGM3--6ey4__A2_Q5EGM3,0.9511637201869811,0.5,True
2hvg__A1_A5KBL5--2hvg__B1_A5KBL5,0.955944857023,0.5,True
6wp7__A1_Q82H41--6wp7__B1_Q82H41,0.9481808888756881,0.5,True
7dnu__A1_P32092--7dnu__A2_P32092,0.8930354454763978,0.5,True
3w8i__A1_Q9BUL8--3w8i__B1_Q9P289,0.9342469477095385,0.5,False
4oky__A1_Q52612--4oky__A2_Q52612,0.9656942585257859,0.5,True
7t63__B1_UNDEFINED--7t63__A1_UNDEFINED,0.8707918091330594,0.5,True
7x20__A1_P54708--7x20__B1_P07340,0.9643602132164613,0.5,False
3hnw__A1_D0VWZ2--3hnw__B1_D0VWZ2,0.9373275522270398,0.5064935064935064,True
8r37__A1_A0A086IRG1--8r37__B1_A0A086IRG1,0.9291931829132734,0.5,True
7zm5__A1_Q6WGM0--7zm5__B1_Q6WGM0,0.9836432800693793,0.5,True
2z7j__A1_P25220--2z7j__A2_P25220,0.547141039376932,0.49996777519979374,True
1rqg__A1_Q9V011--1rqg__A2_Q9V011,0.8664320718247684,0.5,True
8brl__A1_F7J213--8brl__A2_F7J213,0.9857770042199707,0.5,True
6noi__A1_UNDEFINED--6noi__B1_UNDEFINED,0.971526706201416,0.5,True
7qiu__A1_P94538--7qiu__B1_P94538,0.9861631926591546,0.5,True
6sjs__A1_B8FUR2--6sjs__B1_B8FUR2,0.9889364997986896,0.5,True
8hlg__A1_Q9RR88--8hlg__B1_Q9RR88,0.8853421115693619,0.5,True
6mpc__A1_B3DQP5--6mpc__B1_B3DQP5,0.9970984637255083,0.5,True
4uae__A1_O00629--4uae__B1_P31345,0.915899883742615,0.5,False
7pcr__A1_P56185--7pcr__A2_P56185,0.9050073472498742,0.5,True
3bvq__B1_Q2I6W2--3bvq__A1_Q2I6W2,0.9761151514967376,0.5,True
7a67__B1_UNDEFINED--7a67__A1_Q9V1Z9,0.9080973804229326,0.5,False
6bsu__A1_Q9LZJ3--6bsu__B1_Q9LZJ3,0.9485678506547335,0.5,True
4e5u__B1_Q9HZN8--4e5u__A1_Q9HZN8,0.9714964530113576,0.5,True
8a52__A1_P23222--8a52__B1_P23222,0.9680169938228242,0.5,True
1d0v__A1_Q05603--1d0v__A2_Q05603,0.9830226653791487,0.5,True
3gwq__A1_Q145Q0--3gwq__B1_Q145Q0,0.9021938533507294,0.5,True
1yhc__A1_O67648--1yhc__B1_O67648,0.957155103499153,0.5,True
7lxs__A1_Q8ZMZ2--7lxs__C1_Q8ZMZ2,0.9650132059770615,0.5,True
6w08__B1_Q9KL63--6w08__A1_Q9KL63,0.9713375331697626,0.5,True
7wrm__A1_D0IVL9--7wrm__B1_D0IVL9,0.959881435485766,0.5,True
2yww__B1_Q58801--2yww__A1_Q58801,0.9919106749449229,0.5,True
3lm6__A1_P40869--3lm6__B1_P40869,0.9879152898589398,0.506578947368421,True
7trw__A1_A0A380PDL3--7trw__A2_A0A380PDL3,0.756649679917637,0.5,True
8syc__A1_Q13370--8syc__B1_Q13370,0.9775510872412889,0.5,True
1gk6__A1_P03069--1gk6__B1_P03069,0.9604392619467996,0.5135135135135135,True
1reo__A1_Q6STF1--1reo__A2_Q6STF1,0.9826500618056776,0.5,True
6s3b__A1_Q88JK6--6s3b__B1_Q88JK6,0.9730706075533662,0.5,True
7tl5__A1_A0A3F3B310--7tl5__B1_A0A3F3B310,0.94343588393197,0.5,True
2asf__A1_P9WLL7--2asf__A2_P9WLL7,0.9504684594639617,0.5,True
8ilj__A1_A0A242MJ43--8ilj__B1_A0A242MJ43,0.9913564684475906,0.5,True
8ezg__A1_P01116--8ezg__B1_UNDEFINED,0.9509607941932469,0.5,False
7uh4__A1_UNDEFINED--7uh4__B1_UNDEFINED,0.9783833668285603,0.5,True
4usc__A1_A0A0A0Y4H8--4usc__B1_A0A0A0Y4H8,0.9928143831232524,0.5,True
5yp3__A1_Q6F3I7--5yp3__B1_Q6F3I7,0.9859399724793085,0.5,True
8aid__A1_Q9HWJ8--8aid__B1_Q9HWJ8,0.9795617231608644,0.5,True
7yp6__B1_E5L4T5--7yp6__A1_E5L4T5,0.9346861033581987,0.5,True
4aql__A1_Q9Y2T3--4aql__A2_Q9Y2T3,0.9814744892512214,0.5,True
3idf__A1_O34252--3idf__B1_O34252,0.9515943396226416,0.5,True
8fjr__A1_D1A807--8fjr__B1_D1A807,0.9283975682075305,0.5,True
7z56__B1_F0NGX6--7z56__A1_F0NGX6,0.9907485974298242,0.5076923076923077,True
7olf__A1_A9CEY7--7olf__B1_A9CEY7,0.9664419115834355,0.5,True
6ikj__A1_Q9I4L6--6ikj__B1_Q9I4L6,0.5620171555063641,0.5,True
8b2q__A1_D0EM77--8b2q__B1_G8UM88,0.9783649669287144,0.5,False
5x42__A1_Q5ZYB7--5x42__B1_Q5ZYC6,0.9520673904904531,0.4999625608386372,False
1vkh__A1_Q04066--1vkh__B1_Q04066,0.9431604165950089,0.5,True
5omd__A1_Q04377--5omd__A2_Q04377,0.9558761348091034,0.5227272727272727,True
2vsg__A1_P26329--2vsg__B1_P26329,0.9392703719863543,0.5,True
1jql__A1_P0A988--1jql__B1_P28630,0.9890466844810066,0.5,False
1w9c__A1_O14980--1w9c__B1_O14980,0.9950383490029895,0.5,True
7n35__A1_UNDEFINED--7n35__B2_UNDEFINED,0.9455009276437848,0.5,True
3upl__A1_Q2YIM3--3upl__B1_Q2YIM3,0.9792026916571641,0.5,True
3tm2__A1_Q83XN4--3tm2__B1_Q83XN4,0.9397015754685312,0.5,True
3kxa__A1_Q5F9C2--3kxa__B1_Q5F9C2,0.8384696276135098,0.5,True
7yls__B1_C5CSP6--7yls__A1_C5CSP7,0.8992115643687184,0.5,False
7psg__A1_Q6D515--7psg__B1_Q6D515,0.9843713865473734,0.5,True
8pte__A1_P00698--8pte__A2_P00698,0.7328534092656092,0.5,True
7ytu__B1_P68623--7ytu__A1_P68458,0.8954996606472646,0.5,False
7ykc__A1_P14843--7ykc__B1_P14843,0.9456871557985473,0.5,True
3wxe__A1_E7FEV5--3wxe__B1_P0CG48,0.9275764618275086,0.5,False
7zr3__A1_A0A8E4HNI8--7zr3__B1_A0A8E4HNI8,0.9483374320884402,0.5,True
2vjf__A1_Q00987--2vjf__B1_O15151,0.90900458654362,0.5,False
7pvo__A1_P56137--7pvo__A2_P56137,0.9768223309091385,0.5,True
3kkd__A1_Q9HXU1--3kkd__A2_Q9HXU1,0.9659975545812488,0.5,True
3mph__A1_P19801--3mph__B1_P19801,0.9259201161493424,0.5,True
6jc4__A1_A6TE44--6jc4__D1_A6TE44,0.9424221412642757,0.5,True
2rf4__A1_P46669--2rf4__B1_P50106,0.9305488687824539,0.5,False
4huz__A1_Q9ZBB0--4huz__A2_Q9ZBB0,0.8992853597138055,0.5,True
5gtj__B1_Q9BV47--5gtj__A1_Q9BV47,0.9714652899662923,0.5,True
2xw7__A1_A0QP85--2xw7__B1_A0QP85,0.9757885560777149,0.5,True
6l6h__A1_Q5ZZ22--6l6h__B1_Q5ZZ22,0.9789495535367665,0.5,True
8p7m__A1_P0A434--8p7m__A2_P0A434,0.9892120820121341,0.5,True
6dm9__A1_UNDEFINED--6dm9__B1_UNDEFINED,0.906783342758804,0.5,True
6gou__A2_P97275--6gou__C1_P97275,0.9750546827582441,0.5,True
2wwo__A1_Q66ED7--2wwo__B1_Q66ED7,0.9779628595530314,0.5,True
8i3n__A1_Q12178--8i3n__C1_Q12178,0.9790866202720306,0.5,True
1s7i__A1_Q9I3Z5--1s7i__A2_Q9I3Z5,0.8642051348970737,0.5,True
3szw__A1_B7JBP8--3szw__A2_B7JBP8,0.989444343870973,0.5,True
5x7r__A1_A0A193PKW5--5x7r__B1_A0A193PKW5,0.9099023043656188,0.5,True
2nys__A1_Q8U561--2nys__B1_Q8U561,0.9409635965326038,0.5,True
3gr5__A1_O52135--3gr5__A2_O52135,0.9061843853108797,0.5,True
3ded__A1_Q7P1I2--3ded__B1_Q7P1I2,0.8353566238290703,0.5,True
5b5x__A1_Q75NZ1--5b5x__A2_Q75NZ1,0.7870193284716605,0.5,True
7qga__A1_P21589--7qga__A2_P21589,0.9941767200449553,0.5,True
3sd2__A1_Q8A1T7--3sd2__A2_Q8A1T7,0.9294016779094155,0.5,True
8ow9__A1_G8UQH9--8ow9__B1_G8UQH9,0.983920904749033,0.5,True
3bcw__B1_A0A0H3LK92--3bcw__A1_A0A0H3LK92,0.9258425035478538,0.5,True
6duy__A1_Q61301--6duy__B2_Q61301,0.9403345992454096,0.5,True
5zyf__A1_Q99ZW0--5zyf__B1_Q99ZW0,0.9086230163688617,0.5,True
1mml__A1_P03355--1mml__A2_P03355,0.9560587196458936,0.5,True
2b7o__A1_O53512--2b7o__B1_O53512,0.971137416285911,0.5,True
1v57__A1_P77202--1v57__A2_P77202,0.948296504024484,0.5,True
2hsa__B1_Q9FEW9--2hsa__A1_Q9FEW9,0.9608698489443506,0.5,True
4tsd__A1_O25673--4tsd__B1_O25673,0.9605787269533514,0.5,True
7qh0__B1_P48499--7qh0__A1_P48499,0.9905691578958754,0.5,True
1ayf__B1_P00257--1ayf__A1_P00257,0.9608192490773921,0.5,True
3neu__A1_Q92AT3--3neu__A2_Q92AT3,0.9743596015378985,0.5,True
8f9x__A1_Q5LVE1--8f9x__B1_Q5LVE1,0.9759414025894547,0.5,True
6ne2__A1_UNDEFINED--6ne2__B1_O75084,0.9523351828389182,0.5,False
2b4h__A1_P12473--2b4h__B1_P12473,0.900683605621176,0.5,True
3pui__A1_Q9L9D7--3pui__A2_Q9L9D7,0.9904576800827299,0.5,True
1myl__A1_P03050--1myl__B1_P03050,0.8835088094347354,0.5,True
1rqi__A1_P22939--1rqi__B1_P22939,0.9898029439483818,0.5,True
3x1b__A1_UNDEFINED--3x1b__B1_UNDEFINED,0.9914153709612087,0.5,True
6pya__A1_P04278--6pya__A2_P04278,0.906335152434652,0.5,True
1r27__A1_P09152--1r27__B1_P11349,0.9624755276190923,0.5,False
7zuv__A1_A0A2K3DY10--7zuv__D2_A0A2K3DY10,0.9412902524551167,0.5,True
2aho__A1_Q980A5--2aho__B1_Q97Z79,0.9728005915227567,0.5,False
6mni__A1_A0A2V0QX35--6mni__B1_A0A2V0QX35,0.995678462932367,0.5,True
4kif__B1_Q643C8--4kif__A1_Q643C8,0.9785482264073226,0.5,True
7vyu__A1_A0A022MLV4--7vyu__B1_A0A022MLV4,0.9676089892884696,0.5,True
7vmv__B1_Q5I3B6--7vmv__A1_Q58HT7,0.6840891015172028,0.5,False
3g23__A1_Q2G8F3--3g23__B1_Q2G8F3,0.9906622044115042,0.5,True
3ui3__A1_O05728--3ui3__B1_O05728,0.9491679999532009,0.5,True
8ohy__A1_Q556V8--8ohy__A2_Q556V8,0.989250793914717,0.5,True
5zgo__A1_Q5SHW6--5zgo__B1_Q5SHW6,0.9322044438822835,0.5,True
5uph__B1_Q14108--5uph__A1_Q14108,0.9925343964978111,0.5,True
6u3w__A1_P53622--6u3w__B1_P40509,0.9635481736383773,0.5,False
2gsv__B1_P71066--2gsv__A1_P71066,0.9044477669359634,0.5,True
7yh1__A1_A0A5B9DB95--7yh1__B1_A0A5B9DB95,0.9745668653370181,0.49996254120467487,True
6c6r__A1_Q14534--6c6r__B1_Q14534,0.993768199435142,0.5,True
6p4o__B1_Q970I1--6p4o__A1_Q970I2,0.9480890707197208,0.5,False
8i8y__B1_UNDEFINED--8i8y__A1_UNDEFINED,0.8028724066887069,0.5,True
2oys__A1_A0A0H2URW2--2oys__B1_A0A0H2URW2,0.9551012896266204,0.5,True
8i85__A1_D2B3F1--8i85__B1_D2B3F1,0.9401326062030042,0.5,True
2b0a__A1_Q58193--2b0a__A2_Q58193,0.973097039460711,0.5,True
3ayh__B1_O94285--3ayh__A1_Q9C0Z9,0.909977569442081,0.5,False
7yji__A1_UNDEFINED--7yji__A2_UNDEFINED,0.9894556634966905,0.5,True
2g38__B1_Q79FE1--2g38__A1_Q7D756,0.9035744067925101,0.5,False
2z6k__A1_P15927--2z6k__C1_P35244,0.9026439872984588,0.5,False
3p8b__B1_Q8TZK1--3p8b__A1_Q8U440,0.839978363242968,0.5,False
6z68__A1_A0A1M6Y2K1--6z68__B1_A0A1M6Y2K1,0.9241220057965643,0.5,True
5yz5__A1_Q16555--5yz5__A2_Q16555,0.9507620727204129,0.5,True
6dk9__A1_A7A1Y4--6dk9__A2_A7A1Y4,0.9624172255019965,0.5,True
6fls__A1_UNDEFINED--6fls__B1_UNDEFINED,0.9876158596277846,0.5,True
2p19__A1_Q8NTZ4--2p19__C1_Q8NTZ4,0.9235934109593227,0.5055555555555555,True
8ai1__B1_Q45595--8ai1__A1_Q45595,0.9785686806411837,0.5,True
7px0__B1_Q9VF53--7px0__A1_Q9VF53,0.9640892792547398,0.5,True
4cmz__B1_Q9BXM0--4cmz__A1_Q9BXM0,0.8615741776806317,0.5414173844228907,True
8gyz__B1_Q93ZE2--8gyz__A1_Q93ZE2,0.9727759870577705,0.5,True
5j1l__B1_O26069--5j1l__A1_O26068,0.9877396838177777,0.5,False
7ubk__B1_P03047--7ubk__A1_P03047,0.6892750223861648,0.5,True
6j26__A1_Q5JIZ3--6j26__B1_Q5JIZ3,0.9714612446967655,0.5,True
8ic1__A1_UNDEFINED--8ic1__B1_UNDEFINED,0.9363877291365595,0.5,True
6jqv__A1_Q8LC68--6jqv__B1_Q8LC68,0.9764240981115273,0.5,True
2ns9__A1_Q9Y9R3--2ns9__B1_Q9Y9R3,0.9720472763951025,0.5,True
5l8s__A1_E1VFE0--5l8s__C1_E1VFE0,0.9776945143681268,0.5,True
6zrw__A1_B3VS76--6zrw__B1_B3VS76,0.9650482355927901,0.5,True
5fcn__B1_Q66GS9--5fcn__A1_Q66GS9,0.9715718379042162,0.5,True
7vl1__A1_I0AIT9--7vl1__B1_I0AIT9,0.9763257712341866,0.5,True
2rek__B2_Q9ADD9--2rek__A1_Q9ADD9,0.9780251522019286,0.5,True
2zrt__A1_O75340--2zrt__B1_O75340,0.9443693114821701,0.5,True
8h3t__A1_UNDEFINED--8h3t__B1_UNDEFINED,0.9753247341740554,0.5,True
2f1m__A1_P0AE06--2f1m__B1_P0AE06,0.6822856048604394,0.5,True
3t5t__B1_Q15JG1--3t5t__A1_Q15JG1,0.9617569404279179,0.5,True
4z9r__B1_Q8EGK4--4z9r__A1_Q8EGK4,0.9699732281734662,0.5,True
2oze__A1_Q57280--2oze__A2_Q57280,0.9829929197279588,0.5,True
1x6m__A1_Q51669--1x6m__D1_Q51669,0.8836485142270484,0.5,True
4pfc__A1_P14735--4pfc__B1_P14735,0.9720368280940749,0.5,True
6byi__A1_Q8PI23--6byi__B1_Q8PI23,0.9581437226172196,0.5,True
3aaa__A1_P13127--3aaa__B1_P14315,0.9803321364051645,0.5,False
1xgm__A1_P56218--1xgm__B1_P56218,0.9334139480574624,0.5,True
5mrv__A1_Q8IVL8--5mrv__C1_P86912,0.8928510027204417,0.5,False
5e4v__A1_Q89933--5e4v__A2_Q89933,0.9421444105735357,0.5,True
1vhq__A1_P0ABU5--1vhq__B1_P0ABU5,0.9776537332472643,0.5,True
2pqv__B1_A0A0H2UMZ7--2pqv__A1_A0A0H2UMZ7,0.95122630519363,0.5,True
1zva__A1_P59594--1zva__A2_P59594,0.9553072514763877,0.5104469076279702,True
8pq4__A1_P69782--8pq4__A2_P69782,0.9667299665152974,0.5,True
8a14__A1_A0A0D1E4Q7--8a14__C2_A0A0D1E4Q7,0.9310379962723241,0.5,True
1dtd__A1_P48052--1dtd__B1_P81511,0.9375220787918486,0.5,False
3c6n__B1_Q570C0--3c6n__A1_Q39255,0.9312221272854754,0.5,False
3ctz__A1_Q9NQW7--3ctz__A2_Q9NQW7,0.9935740392120707,0.5,True
1wab__A1_Q29460--1wab__A2_Q29460,0.9583365636288707,0.5,True
1zl5__A1_Q00496--1zl5__B1_Q00496,0.9151225601085833,0.5,True
5dbj__A1_Q4KCZ0--5dbj__A2_Q4KCZ0,0.9613089373463094,0.5,True
7qsq__B1_Q9X053--7qsq__A1_Q9X053,0.9257958913641082,0.5,True
7duc__B1_Q2G2U4--7duc__A1_Q2G2U4,0.8632356321839081,0.5,True
2cdu__A1_Q9F1X5--2cdu__B1_Q9F1X5,0.9840186015584893,0.5,True
8g0f__A1_Q6NK15--8g0f__B1_Q6NK15,0.9009391923124774,0.5,True
8a45__B1_B7V7R4--8a45__A1_B7V7R4,0.9409339511758265,0.5,True
6no3__A1_B3FHP0--6no3__B1_B3FHP0,0.7678306491459445,0.5,True
3g7p__A1_B7JA91--3g7p__A2_B7JA91,0.9573816007261465,0.5,True
8khq__A1_A0A1I5R890--8khq__C1_A0A1I5R890,0.960316088063226,0.5,True
7owz__B1_Q9JMA2--7owz__A1_B8ZXI1,0.9560867919244018,0.5,False
7xbe__A1_UNDEFINED--7xbe__A2_UNDEFINED,0.9507086407993807,0.5,True
6dk7__D1_Q9HUV7--6dk7__A1_Q9HUV7,0.9838824647945928,0.5,True
4hsl__A1_Q1LCS4--4hsl__A2_Q1LCS4,0.9763442598913876,0.5,True
8b3s__A1_O31597--8b3s__B1_A0A164W157,0.8851308863604546,0.5,False
5euv__A1_D1LZK0--5euv__B1_D1LZK0,0.9665105453404641,0.5,True
8gz4__A1_A0A7H0DN78--8gz4__A2_A0A7H0DN78,0.9888877662379313,0.5,True
7tmg__A1_A0A0H3GLR2--7tmg__B1_A0A0H3GLR2,0.975685221115668,0.5,True
4hsr__B1_UNDEFINED--4hsr__A1_UNDEFINED,0.9311578159826908,0.5,True
7tgn__B1_A0A1Q5L7T0--7tgn__A1_A0A1Q5L7T0,0.9879224864272712,0.5,True
4fz2__A1_C7DIA5--4fz2__B1_C7DIA5,0.9521356791654842,0.5,True
6j2l__A1_P37793--6j2l__B1_P37793,0.9296062767329343,0.5,True
5grk__A1_Q89XR0--5grk__B1_Q89XR0,0.977431459642442,0.5,True
3qxs__A1_O24872--3qxs__A2_O24872,0.9790068006589948,0.5,True
8q3y__A1_E8URK0--8q3y__B1_E8URK0,0.9869471044564998,0.5,True
1pyb__A1_O66738--1pyb__B1_O66738,0.8784029905281205,0.5,True
7yto__A1_Q9RHU9--7yto__B1_Q9RHU9,0.976381560152525,0.5,True
5vae__A1_Q9AET9--5vae__B1_Q9AET7,0.845634456831476,0.5,False
1zrs__A1_Q9HTZ1--1zrs__B1_Q9HTZ1,0.9867200948752402,0.5,True
2cg5__A1_Q9NRN7--2cg5__B1_P49327,0.9669681629377891,0.5,False
4yk8__B1_O36019--4yk8__A1_O13978,0.9427865781158493,0.5,False
2iml__A1_O28442--2iml__C1_O28442,0.9538053769328607,0.5,True
6iru__A1_Q9RVF9--6iru__A2_Q9RVF9,0.989700297727549,0.5,True
4x36__A1_P06653--4x36__A2_P06653,0.9831416358981443,0.5,True
8iev__A1_Q0PAW2--8iev__B1_Q0PAW2,0.9728654415700267,0.5,True
3cyg__A1_A7HM60--3cyg__B1_A7HM60,0.622445104219511,0.5,True
5kvr__A1_P0ACL9--5kvr__A2_P0ACL9,0.9320847146050709,0.5,True
1na8__A1_Q9UJY5--1na8__B1_Q9UJY5,0.9336628910438312,0.5,True
5fis__A1_H9IUR0--5fis__B1_H9IUR0,0.9453748733480816,0.5,True
5yo8__A1_A0A094YZ24--5yo8__B1_A0A094YZ24,0.9966107839517278,0.5,True
7z6m__A1_A0A0H3LM39--7z6m__A2_A0A0H3LM39,0.9419428349349915,0.5,True
7vua__A1_UNDEFINED--7vua__B1_UNDEFINED,0.9979952503704325,0.5,True
2yxd__A1_Q57836--2yxd__B1_Q57836,0.9430559297946486,0.5,True
1aua__A1_P24280--1aua__A2_P24280,0.9964708151891065,0.5,True
7zw3__A1_P27338--7zw3__B1_P27338,0.9173956766284703,0.5,True
5xjx__I1_C0LGW6--5xjx__A1_Q9SSD1,0.7289194387123845,0.5,False
7xca__A1_W5X1V8--7xca__B1_W5X1V8,0.9766257542031356,0.5,True
7xub__A1_Q96KQ7--7xub__B1_Q96KQ7,0.9624009106325644,0.5,True
5xlu__A1_Q65KZ6--5xlu__B1_A9YTT0,0.886007259276365,0.5,False
8smq__A1_Q182N1--8smq__B1_Q182N1,0.8008993969494811,0.5,True
8eni__A1_A0A0H3JRH8--8eni__A2_A0A0H3JRH8,0.9831529709426724,0.5,True
1q77__A1_O66565--1q77__B1_O66565,0.9549511035109283,0.5,True
5xor__A1_A9YPG7--5xor__E1_A9YPG7,0.9538281917164817,0.5,True
6nbp__A1_A0A4P1LYI6--6nbp__A2_A0A4P1LYI6,0.9959627346328443,0.5,True
4wu2__A1_Q7WUJ1--4wu2__B1_Q7WUJ1,0.9811552247036117,0.5,True
2nvn__A1_Q31MH7--2nvn__A2_Q31MH7,0.9076821928703203,0.5,True
3zyh__A1_Q05097--3zyh__B1_Q05097,0.9800623683872414,0.5,True
8a21__A1_A0QJI1--8a21__A2_A0QJI1,0.9714627517616887,0.5,True
8ho2__A1_A0A191T7N6--8ho2__B1_A0A191T7N6,0.8429713255625658,0.5,True
2j8q__A1_O43809--2j8q__B1_O43809,0.9223007363096516,0.5,True
1cx8__A1_P02786--1cx8__B1_P02786,0.9905792427356365,0.5,True
5zfk__A1_Q31LX1--5zfk__B1_Q31LX1,0.99517735255127,0.5,True
2qti__A1_Q8EF26--2qti__A2_Q8EF26,0.8342043448783176,0.5200889641780897,True
5djo__B1_Q9EQW7--5djo__A1_Q9EQW7,0.9601323210345767,0.5,True
1kve__B1_P19972--1kve__A1_P19972,0.7737686139747996,0.5025641025641026,True
4kjq__A1_P37019--4kjq__B1_P37019,0.9477116265516042,0.5,True
8qyw__A1_Q9NVS9--8qyw__A2_Q9NVS9,0.9152763503776917,0.5,True
4djb__A1_P04489--4djb__B1_P04489,0.8980425475893274,0.5,True
7t1e__A1_P78556--7t1e__B1_P78556,0.7588346679442429,0.5,True
2ev4__A1_P9WMU9--2ev4__B1_P9WMU9,0.9592612397921846,0.5,True
4m1j__A1_Q9I194--4m1j__B1_Q9I194,0.9526993325891266,0.5,True
8bj3__A1_A0A072U7F9--8bj3__B1_A0A072U7F9,0.9810937296384804,0.5,True
5fcl__A1_Q6D0X0--5fcl__B1_Q6D0X0,0.9763309089488618,0.5,True
2evr__A1_B2J9B4--2evr__A2_B2J9B4,0.6501791103714777,0.5,True
4ftw__A1_Q3J2V1--4ftw__A2_Q3J2V1,0.8278344073076886,0.5,True
2q6q__B1_P36094--2q6q__A1_P36094,0.9654653327593237,0.5167270612318211,True
8hx8__A1_Q6L8Q5--8hx8__B1_Q6L8Q5,0.9640444060720049,0.5,True
7zgn__A1_U6RE59--7zgn__B1_U6RE59,0.9746363404544552,0.5,True
7fiw__A1_B3CP63--7fiw__B1_Q73HD5,0.8852681911786607,0.5,False
4xd9__A1_C8VMF9--4xd9__B1_Q5B6T5,0.9015281570964354,0.5,False
3dme__A1_Q7VU70--3dme__B1_Q7VU70,0.9135001312417174,0.5,True
8d0m__A1_P28907--8d0m__A2_P28907,0.9543173086959731,0.5,True
2w6a__A1_Q9Z272--2w6a__B1_Q9Z272,0.9497951465490072,0.5,True
6oje__B1_Q5S007--6oje__A1_Q5S007,0.9318167435692136,0.5,True
7mu0__A1_P9WQK3--7mu0__B1_P9WQK3,0.8196408644030841,0.5,True
4az3__A1_P10619--4az3__B1_P10619,0.9176114708923295,0.5,True
7ug8__B1_Q0I6F8--7ug8__A1_Q0I6F8,0.9757521006137089,0.5,True
6mxv__B1_Q5NFU2--6mxv__A1_Q5NFU2,0.7700282891876857,0.5,True
8ug3__B1_P50053--8ug3__A1_P50053,0.9910615330813578,0.5,True
7veo__A1_UNDEFINED--7veo__B1_UNDEFINED,0.9660323546427856,0.5,True
4atm__A1_P49418--4atm__A2_P49418,0.9792575541772064,0.5,True
7x6f__B1_P0AD45--7x6f__A1_P0AD45,0.990726793739346,0.5,True
1nkn__B1_Q17042--1nkn__A1_Q17042,0.9647993715252599,0.5046296296296297,True
7pjo__B1_UNDEFINED--7pjo__A1_UNDEFINED,0.9201213750676794,0.5,True
5n0s__B1_A0A2R2JFI5--5n0s__A1_A0A2R2JFI5,0.9157545406613437,0.5,True
6m9g__A1_Q5D6Y4--6m9g__B2_Q5D6Y4,0.9721140320534993,0.5,True
7zvz__A1_G1UBD5--7zvz__B1_G1UBD5,0.8880932075257741,0.5054347826086957,True
3b5m__B1_Q7UTD8--3b5m__A1_Q7UTD8,0.9083773308815947,0.5,True
6v0a__B1_B3E641--6v0a__A1_B3E641,0.9833132042784865,0.5,True
3bpj__C1_O75822--3bpj__A1_O75822,0.8057108585858586,0.5,True
8tn8__B1_A0A482N9T7--8tn8__A1_A0A482N9T7,0.9781773445421622,0.5,True
7y51__A1_Q8RBF4--7y51__A2_Q8RBF4,0.9024703659139891,0.5,True
6zef__A1_P62136--6zef__C1_Q9C0D0,0.8232798838025797,0.5,False
6u11__A1_A0A1L8HDP6--6u11__A2_A0A1L8HDP6,0.9644772511660541,0.5,True
8i5w__A1_Q8BZN6--8i5w__B1_P63000,0.9477064538843611,0.5,False
3rv1__B1_A7TR32--3rv1__A1_A7TR32,0.8862514046927809,0.5,True
8i59__A1_UNDEFINED--8i59__B1_UNDEFINED,0.9684496870219045,0.5,True
8g1h__A1_UNDEFINED--8g1h__A2_UNDEFINED,0.9840493280120588,0.5,True
7vwk__A1_L8PIV2--7vwk__B1_L8PIV2,0.9321201469666537,0.5,True
4k3z__A1_Q8YCV0--4k3z__A2_Q8YCV0,0.9536841569231067,0.5,True
5v5t__A1_Q830T5--5v5t__D1_Q830T5,0.7773831188516007,0.5,True
6fp5__B1_Q960Q9--6fp5__A1_Q960Q9,0.7903590398977595,0.5,True
2ikb__A1_Q7DDI9--2ikb__C1_Q7DDI9,0.9819287399880767,0.5,True
7zam__A1_Q07666--7zam__B1_Q07666,0.9652685928425918,0.5,True
3o10__A1_Q9NZJ4--3o10__B1_Q9NZJ4,0.9152406158605854,0.5,True
3egv__A1_Q84BQ9--3egv__B1_Q5SLP6,0.8688373310194273,0.5,False
2g9w__A1_P9WMJ5--2g9w__B1_P9WMJ5,0.93673191372976,0.5,True
2afv__A1_Q8EXP7--2afv__B1_Q8EXP7,0.9460396020253987,0.5,True
7w93__A1_A0A140N873--7w93__A2_A0A140N873,0.9850130317613771,0.5,True
1wl3__B1_Q9X1M1--1wl3__A1_Q9X1M1,0.9766478605791045,0.5,True
4kbx__A1_P45550--4kbx__A2_P45550,0.957012794269795,0.5,True
8brn__C1_P80366--8brn__A1_P80366,0.9484929992446715,0.5,True
8h5a__A1_P67661--8h5a__B1_P67661,0.8948833480029768,0.5,True
8b4l__B1_D5SK09--8b4l__A1_D5SK09,0.8442053225150362,0.5,True
3r24__A1_P0C6X7--3r24__B1_P0C6U8,0.9177202047675861,0.5,False
1nrj__B1_P36057--1nrj__A1_P32916,0.9141989857867295,0.5,False
4rdw__A1_Q9HU77--4rdw__A2_Q9HU77,0.9577515094424816,0.5,True
7vpr__A1_Q6FX18--7vpr__B1_Q6FX18,0.9963056410815327,0.5,True
5a6k__A1_A0A0H2US73--5a6k__B1_A0A0H2US73,0.9891122580231708,0.5,True
7ucd__B1_P17535--7ucd__A1_P53539,0.9439189189189189,0.5,False
1qc9__A1_P00642--1qc9__A2_P00642,0.9006822744967026,0.5,True
3ooc__A1_P77239--3ooc__B1_P77239,0.9547176179224705,0.5,True
8pm1__A1_B8GAY9--8pm1__B1_B8GAY9,0.9801754385964911,0.5,True
1vbg__A1_P11155--1vbg__A2_P11155,0.9962257412783447,0.5,True
4ovo__A1_P67954--4ovo__A2_P67954,0.8493088197378077,0.5204081632653061,True
2qgs__A1_A0A0H2VIU2--2qgs__B1_A0A0H2VIU2,0.9702332140711918,0.5,True
8cnx__A1_Q68T42--8cnx__B1_Q68T42,0.9520895761087595,0.5,True
8bol__A1_Q04609--8bol__A2_Q04609,0.9898039225762164,0.5,True
3mii__B1_Q08914--3mii__A1_Q08914,0.9157418027940786,0.5,True
3i23__A1_Q835X4--3i23__B1_Q835X4,0.9135520917562315,0.5,True
3itf__A1_P0AE85--3itf__B1_P0AE85,0.9023732429907009,0.5,True
8d05__A1_UNDEFINED--8d05__A2_UNDEFINED,0.9609193842568018,0.5422535211267605,True
6mw5__A1_K3WC47--6mw5__A2_K3WC47,0.9486528999988314,0.5,True
5vht__A1_P0A9J8--5vht__B1_P0A9J8,0.9353453741963824,0.504424778761062,True
6j6x__B1_P53611--6j6x__A1_Q7Z6K3,0.9538780139912324,0.5,False
4tvb__A1_O32323--4tvb__B1_O32323,0.9742712375358831,0.5,True
3nkh__B1_UNDEFINED--3nkh__A1_UNDEFINED,0.9706100403744298,0.5,True
3jyu__A1_P35123--3jyu__B1_P35123,0.9441807494583871,0.5,True
8dtc__A1_L8GT25--8dtc__B1_L8GT25,0.9785614047645508,0.5,True
7n1j__A1_P22455--7n1j__B1_UNDEFINED,0.9572966155789827,0.5,False
8fny__A1_O00418--8fny__B1_P0DP23,0.8835698730621417,0.5,False
7v0b__A1_A0A1E7MYN1--7v0b__B1_A0A1E7MYN1,0.9786135508193602,0.5,True
2vvo__A1_P9WKD7--2vvo__B1_P9WKD7,0.9401260656927128,0.5,True
5yjh__A1_Q15063--5yjh__A2_Q15063,0.9319717479716149,0.5,True
2z5e__A1_Q9BT73--2z5e__B1_Q9BT73,0.9478196799094841,0.5135135135135135,True
1a8l__A1_Q51760--1a8l__A2_Q51760,0.989603712136496,0.5,True
8h0r__A1_Q9WVJ5--8h0r__B1_Q9WVJ5,0.9441952916083025,0.5,True
2j7j__A1_P03001--2j7j__A2_P03001,0.7551117537933101,0.5,True
8u1v__A1_K4L8Z7--8u1v__B1_K4L8Z7,0.928690056983318,0.5,True
7zbg__A1_Q02880--7zbg__A2_Q02880,0.9820756036379998,0.5,True
1rku__A1_Q9I2Y2--1rku__B1_Q9I2Y2,0.9908221298532577,0.5,True
2wvl__A1_Q72K30--2wvl__B1_Q72K30,0.9483060463702433,0.5,True
6kfs__A1_B7FR28--6kfs__A2_B7FR28,0.8935480213490631,0.5,True
3shg__A1_E6Z0R3--3shg__B1_E6Z0R4,0.9619046625493797,0.5,False
7zal__A1_E3T5W0--7zal__E2_E3T5W0,0.9720106271384175,0.5,True
4wjm__A1_Q2YNY7--4wjm__A2_Q2YNY7,0.9960153793774632,0.5,True
8hmo__A1_A0A0H4P0S7--8hmo__B1_A0A0H4P0S7,0.9757796141934766,0.5,True
7f9g__B1_C0HM62--7f9g__A1_C0HM62,0.952786945206443,0.5,True
8dfk__A1_P39694--8dfk__B1_P39694,0.8184757694826458,0.5,True
6n91__A1_Q9KNI7--6n91__B1_Q9KNI7,0.9700671590662799,0.5,True
4oyd__A1_P0C6Z1--4oyd__B1_UNDEFINED,0.9735704728185575,0.5189873417721519,False
1dev__A1_Q15796--1dev__B1_O95405,0.7138752649736065,0.5,False
8c9j__B1_P15559--8c9j__A1_P15559,0.9690324016358243,0.5,True
3rd7__B1_A0A0H2ZY91--3rd7__A1_A0A0H2ZY91,0.9612387808821045,0.5,True
5x1j__A1_G2IQS7--5x1j__A2_G2IQS7,0.9854422609209645,0.5,True
3r2p__A1_P02647--3r2p__A2_P02647,0.9128674336650083,0.5,True
1pdk__A1_P15319--1pdk__B1_P62532,0.8720422737479764,0.5,False
7bjg__A1_Q8IGY1--7bjg__A2_Q8IGY1,0.809027379724101,0.49994745691467,True
3kcp__A1_Q06851--3kcp__B1_A3DF10,0.9620679147167803,0.5,False
7bbq__A1_Q6I6B7--7bbq__A2_Q6I6B7,0.9615301626352353,0.5,True
3dpj__E1_Q5LS67--3dpj__F1_Q5LS67,0.8965441637536042,0.5,True
6okh__A1_Q04QG8--6okh__B1_Q04QG8,0.9235593034921448,0.5,True
7tq1__A1_P0AC13--7tq1__A2_P0AC13,0.9886768493081671,0.4999866641773131,True
7t5y__A1_P0A7E1--7t5y__B1_P0A7E1,0.9682170810082442,0.5,True
5o47__A1_J7HDY4--5o47__A2_J7HDY4,0.994386818980954,0.5,True
1oo0__A1_P49028--1oo0__B1_Q9V535,0.9363961638705433,0.5,False
3edj__A1_Q8KKG0--3edj__B1_Q8KKG0,0.9781363584056763,0.5,True
5yr0__A1_O88597--5yr0__B1_Q8K245,0.9482779291988713,0.5,False
5c21__A1_P09986--5c21__B1_P09986,0.8471042840325447,0.5,True
2gok__A1_Q8U8Z6--2gok__B1_Q8U8Z6,0.9916915085103348,0.5,True
1ww1__A1_Q9WZW8--1ww1__B1_Q9WZW8,0.9883023714971618,0.5,True
1fm0__B1_P30749--1fm0__A1_P30748,0.8822899196411116,0.5,False
4jgo__B1_O31671--4jgo__A1_O31671,0.9366823430014448,0.5,True
3l2k__A1_Q8GPH0--3l2k__B1_Q8GPH0,0.8974773426833308,0.5,True
1yov__A1_Q13564--1yov__B1_Q8TBC4,0.9536435438747802,0.5,False
7zvd__A1_P11413--7zvd__A2_P11413,0.9893173927349798,0.5,True
2snw__A1_P03316--2snw__B1_P03316,0.8530270568977569,0.5,True
8grh__B1_P51553--8grh__A1_P50213,0.9783484712513973,0.5,False
1lxd__A1_Q03386--1lxd__B1_Q03386,0.9489932997213746,0.5,True
5m97__A1_Q10113--5m97__B1_Q10113,0.971752082049337,0.5108843376159548,True
7ax1__A1_Q9ULM6--7ax1__B1_Q9UIV1,0.9764333095438391,0.5,False
8d4w__A1_A0A8B4R830--8d4w__A2_A0A8B4R830,0.9541425866166048,0.5,True
7ynw__B2_Q57834--7ynw__A1_Q57834,0.9956184560397539,0.5,True
4rgp__A1_Q8DTU7--4rgp__B1_Q8DTU7,0.9772031263325724,0.5,True
8twd__C1_P0AEV1--8twd__A1_W8SRD3,0.9538045231783038,0.5,False
3fb9__A1_A0A0H2US72--3fb9__B1_A0A0H2US72,0.8466157351561453,0.5,True
8a39__A1_A0A024L404--8a39__C2_A0A024L404,0.9903664732391697,0.5,True
3ps8__A1_P01034--3ps8__A2_P01034,0.8293019712762203,0.5,True
7vwp__A2_A0A136PK59--7vwp__B1_A0A136PK59,0.9954877640493388,0.5,True
3a7p__A1_Q03818--3a7p__B1_Q03818,0.956842500133974,0.5,True
4ql6__A1_A0A0H3MDM0--4ql6__C1_A0A0H3MDM0,0.9236822865044391,0.5,True
5nck__A1_Q8RDN7--5nck__B1_Q8RDN7,0.9780785405555188,0.5,True
3qt7__A1_Q9FD73--3qt7__B1_Q9FD73,0.9820859872611465,0.5,True
4aye__D1_Q9JXV4--4aye__A1_P08603,0.943012621984365,0.5,False
7r3n__A1_P43432--7r3n__B1_P43432,0.9623030217758345,0.5,True
7a0x__B1_Q8ZRZ3--7a0x__A1_Q8ZRZ3,0.9845518008316628,0.5,True
7wjk__A1_P93836--7wjk__A2_P93836,0.9492336664256075,0.5,True
7g99__B1_Q92974--7g99__A1_P61586,0.9063420228027785,0.5,False
5x8z__A1_A3QAQ5--5x8z__B1_A3QAQ5,0.9834124199732363,0.5,True
6dt3__B1_A0A1W1Q5B1--6dt3__A1_A0A1W1Q5B1,0.9838676333005126,0.5,True
2if9__A1_Q98ZP7--2if9__B1_Q98ZP7,0.7109737025023168,0.5,True
7u0r__B1_M9SC49--7u0r__A1_M9SC49,0.9794035299777826,0.5,True
7wbt__A1_Q288C4--7wbt__B1_Q288C4,0.980920654523765,0.5,True
7txe__A1_Q8I6T6--7txe__B1_Q8I6T6,0.8579867685418433,0.5,True
6pyp__A1_P21695--6pyp__B1_P21695,0.9843586773164238,0.5,True
8b2d__A1_F5SYD3--8b2d__B1_F5SYD3,0.9826710488585445,0.5,True
1vmg__A1_Q97U11--1vmg__A2_Q97U11,0.9014267290455916,0.5,True
6b8l__B1_P0DP23--6b8l__A1_P56696,0.9037425883469049,0.5,False
8sj5__A1_A0A2I4FN75--8sj5__C1_A0A2I4FN75,0.8753720830165101,0.5,True
3nr1__A1_Q8N4P3--3nr1__B1_Q8N4P3,0.9772407953402997,0.5,True
3h3l__A1_A6LFX0--3h3l__A2_A6LFX0,0.9925135099512323,0.5,True
7uav__A1_P0DW58--7uav__B1_P0DW58,0.8230442364394402,0.5,True
6jdh__A1_A0A2K0XYW4--6jdh__B1_A0A2K0XYW4,0.980711573931913,0.5,True
3vjz__A1_Q9K0P4--3vjz__B1_Q9K0P4,0.9735901709883737,0.5036661054783399,True
3et4__A1_Q4QMM5--3et4__A2_Q4QMM5,0.9628799035516103,0.5,True
5or3__A1_Q2UNF9--5or3__D1_Q2UNF9,0.8752514570578778,0.5,True
3fh3__B1_A0A6L8PES2--3fh3__A1_A0A6L8PES2,0.9751525952581593,0.5,True
1go3__A1_Q57840--1go3__B1_Q60351,0.9169133434485128,0.5,False
8fin__A1_UNDEFINED--8fin__B1_UNDEFINED,0.7958287469601946,0.5,True
3zxq__B1_P9WGK1--3zxq__A1_P9WGK1,0.840967396924976,0.5,True
1zlh__A1_P00730--1zlh__B1_Q5EPH2,0.9135813733441471,0.5,False
4h1h__A1_Q8Y6P6--4h1h__B1_Q8Y6P6,0.9654867065181661,0.5,True
2gh1__A1_Q81E32--2gh1__B1_Q81E32,0.859292913904845,0.5,True
7dl7__F1_B0VJ11--7dl7__A1_B0VJ11,0.9737374397081662,0.5,True
7skp__B1_UNDEFINED--7skp__A1_UNDEFINED,0.927402974115965,0.5,True
7yu0__B1_Q79F77--7yu0__A1_Q79F77,0.9626738873839997,0.5,True
3cbu__B1_Q473P3--3cbu__A1_Q473P3,0.9503504170047139,0.5,True
8b1s__A1_B0LPL6--8b1s__A2_B0LPL6,0.9012237006436737,0.5,True
3ihk__A1_Q8DVV9--3ihk__A2_Q8DVV9,0.9812554401587901,0.5,True
4y67__A1_Q8IKG4--4y67__B1_Q8IKG4,0.9863333021508072,0.5,True
6ejp__B1_P69986--6ejp__A1_P69986,0.796592573557754,0.5,True
1poy__A1_P0AFK9--1poy__B1_P0AFK9,0.9888179233887534,0.5,True
3a7o__A1_Q03818--3a7o__B1_Q03818,0.9592417458258359,0.5144927536231884,True
4a2l__A1_Q89YR8--4a2l__B1_Q89YR8,0.9632609561819275,0.5,True
5n47__B1_P02751--5n47__A1_P80188,0.8357841551475662,0.5,False
8ejm__A1_O43143--8ejm__B1_Q8IWZ8,0.8982917511504389,0.5,False
7jl6__A1_Q9L523--7jl6__B1_Q9L523,0.9354175627240144,0.5,True
1npd__B1_P0A6D5--1npd__A1_P0A6D5,0.9872778454246698,0.5,True
8h0h__A1_P9WLU7--8h0h__C1_P9WLU7,0.9517864589513066,0.5,True
3t8l__A1_Q7CUX4--3t8l__B1_Q7CUX4,0.8170828953753817,0.5,True
7ol3__B1_Q8WXF7--7ol3__A1_Q8WXF7,0.8616302115472928,0.5,True
8ewa__B1_Q9HW02--8ewa__A1_Q9HW02,0.9578995533006232,0.5,True
2ft0__A1_Q8FBQ3--2ft0__B1_Q8FBQ3,0.8644627469311438,0.5,True
2r01__A1_Q8KFI1--2r01__A2_Q8KFI1,0.9553483590185893,0.5,True
8hno__A1_B6YTS4--8hno__B1_B6YTS4,0.9600208664334463,0.5,True
6x88__A1_P52731--6x88__B1_P52731,0.9923623269210734,0.5,True
2x76__A1_Q939Q9--2x76__A2_Q939Q9,0.9952975628852383,0.5,True
7x2p__A1_Q5ZWH7--7x2p__B1_Q5ZWH7,0.9178700746138947,0.5,True
2aeu__A1_Q57622--2aeu__A2_Q57622,0.9887976056582022,0.5,True
5kbg__A1_Q43965--5kbg__B1_Q43965,0.9837121654765112,0.5,True
4p9g__A1_Q9REI7--4p9g__A2_Q9REI7,0.9751901432892062,0.5,True
7tcv__A1_Q60932--7tcv__A2_Q60932,0.8598576805074094,0.5,True
7vkb__A1_Q5ZSZ6--7vkb__B1_Q5ZSZ7,0.8355508479859148,0.5,False
7r2p__A1_Q46877--7r2p__A2_Q46877,0.966819845524707,0.5,True
6ggl__B1_C9K1X5--6ggl__A1_C9K1X5,0.9733383157758853,0.5,True
7yi7__A1_Q9Y251--7yi7__B1_Q9Y251,0.9021158214025016,0.5,True
7yka__B1_Q9Y3D6--7yka__A1_Q9Y3D6,0.9534991132131244,0.5,True
8jea__A1_K1QRB6--8jea__D1_K1QRB6,0.9548136928203574,0.4999747551247097,True
8huc__C1_A0A0H2Z790--8huc__A1_A0A0H2Z790,0.9511321392362285,0.5,True
7unh__A1_UNDEFINED--7unh__B1_UNDEFINED,0.973073541247921,0.5,True
5mpr__A1_O15382--5mpr__A2_O15382,0.9721333243372494,0.5,True
4ooj__B1_Q5ZSK6--4ooj__A1_Q5ZSK6,0.9059903428932652,0.5,True
8a5v__A1_Q9Y617--8a5v__C1_Q9Y617,0.9848751626717485,0.5,True
3lm2__A1_A9CH74--3lm2__B1_A9CH74,0.9750879130429985,0.5,True
7zwt__A1_P41182--7zwt__A2_P41182,0.9442035384346437,0.5,True
6ket__A1_A0A0A0WDC6--6ket__B1_A0A0A0WDC6,0.9749104097100085,0.5,True
5zwl__B1_Q8DLU1--5zwl__A1_Q8DLG7,0.9239801957979186,0.5,False
6wmz__A1_P23246--6wmz__B1_Q15233,0.8819999052050971,0.5,False
1i4m__A1_P04156--1i4m__A2_P04156,0.8364112992914111,0.5,True
2gjg__A1_Q88EQ6--2gjg__A2_Q88EQ6,0.8686063706229189,0.5,True
6k62__B2_A0A0H2X6K9--6k62__A1_A0A0H2X6K9,0.8571913893142944,0.5,True
4ghm__A1_Q9KTK0--4ghm__B1_Q9KTK0,0.8919111118686551,0.5,True
1tve__A1_P31116--1tve__B1_P31116,0.9741482772508172,0.5,True
6qj2__A1_G0S2G2--6qj2__B1_G0SBJ6,0.9775989963451052,0.5,False
3onx__A1_P41697--3onx__B1_P41697,0.9173427370722147,0.5,True
8cp4__A1_Q6LXV7--8cp4__A2_Q6LXV7,0.9744712782026904,0.5,True
1ob9__A1_Q97YX6--1ob9__A2_Q97YX6,0.9735089957652017,0.5,True
7zcc__B1_P46327--7zcc__A1_P46327,0.9682258110294326,0.5,True
4kwd__A1_Q9UR08--4kwd__B1_Q9UR08,0.986676471093369,0.5,True
7wuy__A1_A0A1R3S1W7--7wuy__B1_A0A1R3S1W7,0.9740451158054494,0.5,True
5gtw__A1_I3NX86--5gtw__D1_I3NX86,0.9104178941272789,0.5,True
7ekn__B1_Q5JT35--7ekn__A1_UNDEFINED,0.955377292294855,0.5161290322580645,False
8gja__B1_UNDEFINED--8gja__A1_UNDEFINED,0.9342863780295034,0.5,True
6loh__A1_O15033--6loh__A2_O15033,0.9623899762266733,0.5,True
3a9y__A1_Q68FT9--3a9y__B1_Q68FT9,0.9870020622709544,0.5,True
8ay6__B1_Q9CAJ0--8ay6__A1_A0A067E666,0.9677760121564227,0.5,False
8u5m__A1_Q8TF42--8u5m__F1_Q8TF42,0.9851102648417227,0.5,True
7twa__D1_F8JJ25--7twa__A1_F8JJ25,0.9942774758938,0.5,True
8fju__B1_P34897--8fju__A1_P34897,0.973741423864827,0.5,True
1fjj__A1_P12994--1fjj__A2_P12994,0.9054763483642794,0.5,True
7qlr__A1_A0A1J1J928--7qlr__D2_A0A1J1J928,0.9327614761976784,0.5,True
3vf0__B1_Q8IY67--3vf0__A2_P18206,0.7665995951753566,0.5,False
8ehe__A1_A0A0A7KVG3--8ehe__B1_A0A1D3UUC0,0.9646983299657115,0.5,False
6hpc__A1_P67697--6hpc__B1_P67697,0.8915981929426695,0.5,True
2x3o__A1_Q9I585--2x3o__B1_Q9I585,0.9120110653827035,0.5,True
5y40__A1_P55892--5y40__B1_P55892,0.8551939770608655,0.5,True
1y42__A1_P12063--1y42__A2_P12063,0.9955170117544097,0.5,True
2e91__A1_Q12051--2e91__B1_Q12051,0.9478435248075722,0.5,True
8ja2__A1_A0A0A1E3Q0--8ja2__A2_A0A0A1E3Q0,0.9833052637407841,0.5,True
3iuw__B1_Q8KUB7--3iuw__A1_Q8KUB7,0.9362955963175104,0.5,True
8e7y__A1_Q9RFC8--8e7y__B1_Q9RFC8,0.8512735301705069,0.5,True
4kzn__A1_P15692--4kzn__A2_P15692,0.8632592679908057,0.5,True
7z7o__A1_A0A1S4NYF2--7z7o__C1_A0A1S4NYF2,0.9587445868739477,0.5,True
8brp__A1_D8G6F7--8brp__B1_D8G6F7,0.9616849865811761,0.5,True
3qir__A1_Q8TC59--3qir__A2_Q8TC59,0.9676228523250637,0.5,True
8bay__A1_O75874--8bay__B1_O75874,0.9729333689529072,0.5,True
6mhm__B1_Q13510--6mhm__A1_Q13510,0.9041402177125448,0.5,True
8bj7__A1_P07598--8bj7__B1_P07603,0.8921871863878392,0.5,False
8b80__A1_W8QF82--8b80__B1_W8QF82,0.9938909638227433,0.5,True
5wxx__A1_Q9RNB4--5wxx__A2_Q9RNB4,0.9744034924578932,0.5,True
8f7l__A1_P43490--8f7l__B1_P43490,0.9436597104440051,0.5,True
3cz1__A1_Q9U9J6--3cz1__B1_Q9U9J6,0.9616122708722631,0.5,True
8a0c__A1_Q2ERG0--8a0c__B1_Q2ERG0,0.9627279662538033,0.5,True
5mpy__A1_Q9LPZ1--5mpy__B1_Q9LPZ1,0.9369092496429635,0.5,True
1anu__A1_Q06851--1anu__A2_Q06851,0.986255980861244,0.5,True
3vs8__A1_C1DM33--3vs8__C1_C1DM33,0.9766702320477411,0.5,True
7zi8__A1_P27707--7zi8__A2_P27707,0.990469934322317,0.5,True
1peu__A1_Q08698--1peu__A2_Q08698,0.9806087585745629,0.5,True
5uk5__B1_Q63722--5uk5__A1_Q07008,0.7572279400105538,0.5,False
7vg5__A1_Q49135--7vg5__B1_Q49135,0.9676842583928844,0.5,True
4jkz__A1_A0R6I8--4jkz__A2_A0R6I8,0.9732981822289081,0.5,True
4aa8__A1_P00794--4aa8__A2_P00794,0.7001279728525005,0.5,True
5yew__A1_Q8IWA4--5yew__B1_Q8IWA4,0.9257379039312689,0.5,True
1hf2__B1_Q9X0D7--1hf2__A1_Q9X0D7,0.9966119260204082,0.5178571428571429,True
3au0__A1_Q7A382--3au0__A2_Q7A382,0.9335177819617297,0.5,True
3gif__A1_O34757--3gif__B1_O34757,0.9436759523133926,0.5,True
8c66__A1_UNDEFINED--8c66__D1_UNDEFINED,0.9505632334644742,0.5,True
7zcl__B1_UNDEFINED--7zcl__A1_UNDEFINED,0.9906719348293047,0.5,True
4axv__A1_A7N805--4axv__A2_A7N805,0.8941382901385215,0.5,True
5c6u__A1_O69689--5c6u__A2_O69689,0.9454130600963467,0.5,True
4nv4__A1_A0A6L7HM74--4nv4__A2_A0A6L7HM74,0.9525649566955363,0.49996164173379365,True
6axf__A1_Q7LDG7--6axf__B1_P61224,0.9535506392709885,0.5,False
5yf1__B1_Q8N4J0--5yf1__A1_Q8N4J0,0.9725668845227814,0.5,True
8j83__A1_C5ATT7--8j83__B1_C5ATT6,0.9547619301362857,0.5,False
3fjy__B1_A0ZZM4--3fjy__A1_A0ZZM4,0.9696077046650259,0.5,True
4rg1__A1_Q5T280--4rg1__B1_Q5T280,0.9738589531120652,0.5,True
1ux4__A1_P41832--1ux4__A2_P41832,0.9680983893554681,0.5,True
6rbm__A1_P0ACT4--6rbm__A2_P0ACT4,0.9573942590141735,0.5,True
2cme__B1_P59636--2cme__A1_P59636,0.8782189829385457,0.5036687096239854,True
7wis__A1_P46881--7wis__B1_P46881,0.9351497315098827,0.5,True
5a3l__A1_A0A1A9TAD0--5a3l__C1_A0A1A9TAD0,0.9562047191655829,0.5,True
3gzi__A1_A3QIY5--3gzi__A2_A3QIY5,0.9792404534294521,0.5,True
8pr6__B1_A0A1Q6BKH4--8pr6__A1_A0A1Q6BKH4,0.965215434687474,0.4998352282089306,True
8j64__A1_Q967S9--8j64__B1_O00816,0.8606593058688512,0.5,False
8ohw__A1_Q63T97--8ohw__B1_Q63T97,0.9103002923164771,0.5,True
5y4r__A1_O87131--5y4r__B1_Q9HVI1,0.9432804525307955,0.5,False
3ddh__A1_Q8A5Q8--3ddh__B1_Q8A5Q8,0.966591920788784,0.5,True
8d3t__B1_A0A2K2AMS7--8d3t__A1_A0A2K2AMS7,0.9861281986723871,0.5,True
1zk8__A1_Q815X4--1zk8__B1_Q815X4,0.984862279836896,0.5,True
2w82__A1_Q47730--2w82__B1_Q47730,0.9826551894126123,0.5,True
6l08__A1_O65896--6l08__B1_O65896,0.9759456239168112,0.5,True
4p94__B1_Q4J9K8--4p94__A1_Q4J9K8,0.9752410239361702,0.5,True
4yii__A1_O00762--4yii__B1_Q9UJX6,0.9775197924420466,0.5,False
4rus__A1_P68512--4rus__B1_P68512,0.939780168381665,0.5,True
2o48__A1_Q9TQS6--2o48__A2_Q9TQS6,0.9847760909136225,0.5,True
7pvw__B1_P00523--7pvw__A1_P00523,0.7187388576904219,0.5,True
2wcu__A1_Q8R2K1--2wcu__B1_Q8R2K1,0.9892580860975919,0.5,True
2p35__A1_Q8UH15--2p35__B1_Q8UH15,0.9386733762404884,0.5,True
6rfg__A1_Q49PR7--6rfg__D1_Q49PR7,0.8912150806988616,0.5,True
5jj8__A1_Q9HVB9--5jj8__A2_Q9HVB9,0.8654135045165534,0.5,True
6ije__A1_A0A083ZID3--6ije__B1_A0A083ZID3,0.9561402016304767,0.5,True
8avu__A1_Q8GPI4--8avu__A2_Q8GPI4,0.9801577023799246,0.5183242683242684,True
7xdu__B1_A0A1I1Z0X1--7xdu__A1_A0A1I1Z0X1,0.9837595726203322,0.5,True
1xr4__A1_Q8ZRY1--1xr4__B1_Q8ZRY1,0.9195436023697408,0.5,True
2fuq__A1_C6XZB6--2fuq__B1_C6XZB6,0.9751228136680308,0.5,True
5xrw__A1_O25306--5xrw__C1_O25674,0.8707579167984324,0.5,False
5l0o__A1_P46940--5l0o__B1_P46940,0.993456258941535,0.5,True
8vsy__B1_UNDEFINED--8vsy__A1_UNDEFINED,0.8822516822646763,0.5,True
2zcx__A1_Q9FBX0--2zcx__A2_Q9FBX0,0.9742105108491622,0.5,True
5way__A1_Q97P44--5way__B1_Q97P44,0.9797859369969272,0.5,True
7xey__A1_Q9SU72--7xey__B1_Q9S745,0.9343817116517414,0.5,False
4xlo__C1_Q9KHK2--4xlo__A1_Q9KHK2,0.9806338377907763,0.5,True
6kd6__B1_Q9VAA9--6kd6__A1_Q9VAA9,0.864417438887719,0.5,True
8k72__A1_Q9NWT6--8k72__A2_Q9NWT6,0.9846249305560566,0.5,True
8b5v__A1_Q4E4A3--8b5v__B1_Q4E4A3,0.9783879701058178,0.5,True
4yo3__A1_D3GUX1--4yo3__A2_D3GUX1,0.9812437287684812,0.5,True
8p8p__A1_P49773--8p8p__B1_P49773,0.9483436308530618,0.49996070418107513,True
6hrx__A1_O53623--6hrx__B1_O53623,0.9920597047974616,0.5,True
3mdo__A1_A6LDR8--3mdo__B1_A6LDR8,0.9805909275756817,0.5,True
8iw0__A1_Q14678--8iw0__B1_Q14678,0.9366468310695232,0.5040983606557377,True
2rb7__A1_Q313A9--2rb7__B1_Q313A9,0.9716478594106782,0.5,True
8h6s__A1_Q76KY5--8h6s__C1_Q76KY0,0.9829643656395248,0.5,False
3lsj__A1_Q9HUS3--3lsj__B1_Q9HUS3,0.980546833255696,0.5,True
7pxq__A1_UNDEFINED--7pxq__A2_UNDEFINED,0.9212424709699083,0.5,True
8g0q__A1_P40460--8g0q__B1_P33895,0.9133427291530251,0.5,False
6ms4__A1_Q9ULC4--6ms4__B1_O43583,0.789714304308213,0.5,False
7y6b__A1_A0A411GZY8--7y6b__B1_A0A411H025,0.9081809973779251,0.5,False
7zyt__A1_P09622--7zyt__B1_P09622,0.9529343416540242,0.5,True
7lle__A1_Q6QVT7--7lle__B1_Q6QVT7,0.9408382665627446,0.5,True
4csw__A1_D0MK34--4csw__B1_D0MK34,0.9774890388812008,0.5,True
7tev__A1_P04181--7tev__A2_P04181,0.9456273218067166,0.5,True
3zta__A1_Q2RIF4--3zta__A2_Q2RIF4,0.9800428105281827,0.5074626865671642,True
3abi__A1_O59312--3abi__B1_O59312,0.9988630017402497,0.5,True
5ab8__A1_P9WN25--5ab8__A2_P9WN25,0.9836126292967161,0.5,True
1guq__A1_P09148--1guq__B1_P09148,0.9727336901500132,0.5,True
6zdw__B1_A0A162MUP0--6zdw__A1_A0A162MUP0,0.9535211437971743,0.5,True
8csd__A1_Q6U8B0--8csd__A2_Q6U8B0,0.9885488517583012,0.5,True
3na2__A1_UNDEFINED--3na2__B2_UNDEFINED,0.9112401546383483,0.5,True
8bfr__A1_P30177--8bfr__A2_P30177,0.9978022272185543,0.5,True
7yk3__A1_O53604--7yk3__B1_O53605,0.9637281227979966,0.5,False
6xiv__A1_P16114--6xiv__B2_P16114,0.960635740433519,0.5,True
8ajx__A1_P17117--8ajx__A2_P17117,0.9016281240387539,0.5,True
8ayj__A1_D5EHC5--8ayj__B1_D5EHC5,0.9854155707522357,0.5,True
4tt0__B1_P10220--4tt0__A1_P10220,0.8911870179304818,0.5,True
8a6e__B2_P02699--8a6e__A1_P02699,0.9301748314194553,0.5,True
4jb7__A1_Q9KTQ6--4jb7__A2_Q9KTQ6,0.9523561716179451,0.5,True
6h3f__A1_A0A0H3JT80--6h3f__A2_A0A0H3JT80,0.9903800764674747,0.5,True
6wxw__A1_F2NWD3--6wxw__B1_F2NWD3,0.9873313707261646,0.5,True
2zw2__A1_F9VNF4--2zw2__B1_F9VNF4,0.8700886687457959,0.5,True
2wo2__A1_P54764--2wo2__B1_P52799,0.937318359811635,0.5,False
4u66__A1_A8MI53--4u66__A2_A8MI53,0.9869409291310732,0.5,True
1ord__A1_P43099--1ord__B1_P43099,0.9726945877791816,0.5,True
7zcm__A1_P42196--7zcm__B1_P42259,0.8673084845235743,0.5,False
8aa9__A1_Q9V1Y9--8aa9__B1_Q9V1Y9,0.5930657783103119,0.5,True
4i6y__B1_P13702--4i6y__A1_P13702,0.9209367076780142,0.5,True
1vh4__B1_P77689--1vh4__A1_P77689,0.9078801704527251,0.5,True
3ocd__A1_D7A6E5--3ocd__B1_Q7BQR5,0.9498236680105292,0.5,False
8pq7__A1_M1C5B8--8pq7__B1_D0N0Z8,0.8189038749732391,0.5,False
8gic__A1_Q70AZ9--8gic__D1_Q70AZ5,0.8094491022378099,0.5,False
5abr__A1_P82802--5abr__B1_P82802,0.986847583766949,0.5,True
2zmf__A1_Q9Y233--2zmf__B1_Q9Y233,0.9747174421445775,0.5,True
2vzk__B1_P0DJQ5--2vzk__A1_P0DJQ5,0.9266629280662861,0.49998634327542885,True
7wm5__A1_A0A0C2W699--7wm5__A2_A0A0C2W699,0.9914400045449081,0.5,True
1zee__A1_Q8E972--1zee__B1_Q8E972,0.9061726145464154,0.5,True
1f3u__B1_P35269--1f3u__A1_P13984,0.9264411730540941,0.5,False
7tvh__B1_Q9I2Q1--7tvh__A1_Q9I2Q1,0.978945196260896,0.5,True
5vgm__B1_Q9KL24--5vgm__A1_Q9KL24,0.9955707738333197,0.5,True
2b5l__A1_Q16531--2b5l__C1_P11207,0.9214439903285782,0.5,False
4zzh__A1_Q96EB6--4zzh__A2_Q96EB6,0.9425200117982618,0.5,True
8in9__A1_E0D202--8in9__B1_E0D202,0.9743454456662846,0.5,True
6m4v__A1_P0AEX9--6m4v__B1_P62942,0.920765842087428,0.5,False
7y28__A1_P07814--7y28__B1_P07814,0.9839408625128075,0.5,True
2plg__A1_Q8DKM0--2plg__B1_Q8DKM0,0.9470600256230891,0.5,True
7y7u__A1_A0A222F232--7y7u__B1_A0A222F232,0.9917223067764205,0.5,True
3fgc__A1_P07740--3fgc__B1_P07739,0.9782540862265117,0.5,False
1rve__A1_P04390--1rve__B1_P04390,0.9883139145887938,0.5,True
7zy1__A1_Q9F8A8--7zy1__A2_Q9F8A8,0.9709270357667098,0.5,True
3jxo__B1_A0A0F6AN26--3jxo__A1_A0A0F6AN26,0.9443289660056656,0.5,True
8dqb__A1_A0A0H3FX83--8dqb__A2_A0A0H3FX83,0.9739580808924916,0.5,True
5l16__A1_Q4Q0M0--5l16__A2_Q4Q0M0,0.9816293400577445,0.5,True
2gz4__A1_Q7D028--2gz4__C1_Q7D028,0.9297152559672602,0.5,True
7xyv__A1_Q9C0D3--7xyv__B1_Q9C0D3,0.9706674907065591,0.5,True
2f9w__A1_Q9HWC1--2f9w__B1_Q9HWC1,0.9683766137578195,0.5,True
2ox1__A1_O30011--2ox1__B1_O30011,0.994508939780824,0.5087719298245614,True
2guh__A1_Q0S8Y3--2guh__B1_Q0S8Y3,0.9828400739676205,0.5,True
7br1__A1_A0A7I6N400--7br1__B1_A0A7I6N400,0.9706844154793682,0.5,True
2p04__A1_D0VWX5--2p04__B1_D0VWX5,0.9700758627778154,0.5,True
4h5b__A1_Q9RUY5--4h5b__B1_Q9RUY5,0.8759917061191794,0.5,True
4e1o__A1_P19113--4e1o__B1_P19113,0.9598588576275138,0.5,True
7pu4__B1_Q9X053--7pu4__A1_Q9X053,0.959333943956264,0.5,True
3m1u__A1_Q72DN3--3m1u__B1_Q72DN3,0.9497387630336088,0.5,True
7qii__A1_P0C2N2--7qii__B1_P0C2N4,0.8913543629118365,0.5,False
4pww__A1_UNDEFINED--4pww__A2_UNDEFINED,0.7732727621840525,0.5,True
6ird__A1_Q91UZ1--6ird__B1_Q8NI35,0.7947909073834089,0.5,False
6gg2__A1_Q4WD43--6gg2__A2_Q4WD43,0.97495195460753,0.5,True
6oei__A1_Q8KG60--6oei__A2_Q8KG60,0.9844199864451462,0.5,True
8hyi__A1_P22223--8hyi__B1_P22223,0.928669169957911,0.5,True
4b8v__A1_B3VBK9--4b8v__A2_B3VBK9,0.9547064327485381,0.5,True
4lqb__A1_D2Q399--4lqb__B1_D2Q399,0.9675351809746204,0.5,True
2vxb__A1_P87074--2vxb__B1_P87074,0.9717504758689718,0.5,True
1t72__A1_O67053--1t72__B1_O67053,0.9832099593009338,0.5,True
3soo__A1_Q5T7N2--3soo__A2_Q5T7N2,0.8996920931452754,0.5,True
5z1o__A1_D0VWU8--5z1o__B1_D0VWU8,0.8635605338233832,0.5,True
6h40__A1_K5B7F3--6h40__A2_K5B7F3,0.9904034321615586,0.5,True
2etk__A1_Q13464--2etk__B1_Q13464,0.9824452587523127,0.5,True
2p69__A1_Q96GD0--2p69__A2_Q96GD0,0.9864459339855842,0.5,True
4doy__A1_Q6WNP1--4doy__C1_Q6WNP1,0.96803665594192,0.5,True
6zxw__A1_O29011--6zxw__B1_A0A117KMN5,0.8932018677823218,0.5,False
3lhk__A1_Q60329--3lhk__B1_Q60329,0.9696738592497278,0.5,True
1qpa__A1_P11542--1qpa__B1_P11542,0.9256744585589338,0.5,True
6e52__A1_P03069--6e52__B1_P03069,0.9607097920465631,0.5027027027027027,True
2ijd__A1_Q1PHW8--2ijd__A2_Q1PHW8,0.7950364798768853,0.5,True
1fwl__A1_Q58504--1fwl__B1_Q58504,0.9940102264426589,0.5,True
5nkk__A1_O62301--5nkk__B1_Q9XWJ1,0.9689601875395538,0.5,False
1ygt__A1_Q94524--1ygt__A2_Q94524,0.8856459249077165,0.5,True
7zq1__B1_Q32ZE1--7zq1__A1_Q32ZE1,0.7529121547439536,0.5,True
6p40__A1_M1GSK9--6p40__B1_M1GSK9,0.9367730602132309,0.5,True
2wyn__B1_P13482--2wyn__D1_P13482,0.9699220176134812,0.5,True
7yui__A1_P0CG48--7yui__B1_Q9BYM8,0.8836009011817383,0.5,False
8dml__B1_Q87GI3--8dml__A1_Q87GI4,0.9550119077996088,0.5,False
2oi2__A1_A0A0H2UNK6--2oi2__A2_A0A0H2UNK6,0.9547374698461749,0.5,True
4wud__A1_P0AES6--4wud__A2_P0AES6,0.9817913538711143,0.5,True
5yzj__A1_A8K0B5--5yzj__B1_A8K0B5,0.8782088523189714,0.5,True
8f61__A1_Q28943--8f61__B1_Q28943,0.9017322747636396,0.5,True
7udi__B1_Q9RYE6--7udi__A1_Q9RYE6,0.9361001600210085,0.5,True
5ho3__A1_W6KHH6--5ho3__B1_W6KHH6,0.8535691016258314,0.5,True
1u5i__A1_Q07009--1u5i__B1_Q64537,0.9506848487738693,0.5,False
1cmc__A1_P0A8U6--1cmc__B1_P0A8U6,0.9666369697239668,0.503968253968254,True
6oe2__A1_Q8A9F0--6oe2__A2_Q8A9F0,0.9917836124093158,0.5,True
3ent__A1_Q2YAE2--3ent__B1_Q2YAE2,0.9710219731603008,0.5039370078740157,True
2y4g__A1_D3Y1I2--2y4g__B1_D3Y1I2,0.9883442662175707,0.5,True
7ec7__A1_A0A0H2XGN0--7ec7__A2_A0A0H2XGN0,0.98032030097415,0.5,True
2o11__A1_P9WPY1--2o11__A2_P9WPY1,0.9226967930575269,0.5,True
8abq__A1_Q13596--8abq__B1_Q9Y5X3,0.9689272900658938,0.5,False
6shw__A1_Q96724--6shw__A2_Q96724,0.7956418356310196,0.5186404450014593,True
7wn7__B1_Q99H25--7wn7__A1_Q99H25,0.9286360084674314,0.5,True
2sak__A1_P68802--2sak__A2_P68802,0.6342140041470139,0.5,True
8h5e__A1_Q5SMG8--8h5e__B1_Q5SMG8,0.8414391897776871,0.5,True
8bgm__B1_A0A5P3XKL3--8bgm__A1_A0A5P3XKM0,0.9221235311943796,0.5,False
8sua__A1_UNDEFINED--8sua__A2_UNDEFINED,0.9494057171956027,0.5,True
2ps8__A1_P13513--2ps8__B1_P13513,0.9883156320911503,0.5,True
6awl__A1_O75208--6awl__B1_O75208,0.9874136261535725,0.5,True
4qds__A1_O60462--4qds__B1_O60462,0.9886919039711339,0.5,True
6qky__B1_Q97P33--6qky__A1_Q97P33,0.9009332269232854,0.5,True
7nli__B1_P08405--7nli__A1_P08405,0.9397214481823378,0.5102040816326531,True
8p3m__A1_W0DP94--8p3m__B1_W0DP94,0.9893297909798631,0.5,True
5v7y__A1_A0A4Y1WAP5--5v7y__B1_A0A4Y1WAP5,0.8753876879699248,0.5,True
4aps__A1_Q5M4H8--4aps__B1_Q5M4H8,0.9025077569442403,0.5,True
7ucn__A1_P50120--7ucn__B1_P50120,0.7637676379308178,0.5,True
1ni5__A1_P52097--1ni5__A2_P52097,0.9698851814109448,0.5,True
8d04__B1_UNDEFINED--8d04__A1_UNDEFINED,0.8945179704068509,0.5,True
4a5o__B1_Q9I2U6--4a5o__A1_Q9I2U6,0.9855256437742212,0.5,True
8q5k__A1_A0A0H2Z7A6--8q5k__A2_A0A0H2Z7A6,0.9429397752635486,0.5,True
1ww5__A1_Q6WY08--1ww5__D1_Q6WY08,0.9891735073896175,0.5,True
7ww2__A1_A0A4Q9D6T1--7ww2__B1_A0A4Q9D6T1,0.9729992699901471,0.5,True
2pfk__A1_P0A796--2pfk__B1_P0A796,0.9659994782294139,0.5,True
1i2m__B1_P18754--1i2m__A1_P62826,0.9354673857794509,0.5,False
8i2e__A1_O34841--8i2e__B1_P54421,0.9338447201513298,0.5,False
3pfl__A1_P09373--3pfl__B1_P09373,0.9955284660307582,0.5,True
6gho__B1_Q5L1S1--6gho__A1_O31602,0.8173752323960028,0.5,False
1glj__A1_P0A6F3--1glj__B1_P0A6F3,0.992183806862439,0.5,True
4zq8__B1_A0A0M3KL36--4zq8__A1_A0A0M3KL36,0.9706239587770624,0.5,True
5h4h__B1_O58236--5h4h__A1_O58236,0.9747100759975309,0.5,True
4iv9__A1_P06617--4iv9__B1_P06617,0.9811152887313151,0.5,True
6sdk__A1_P26497--6sdk__B1_P26497,0.9528923140264199,0.5,True
2fq4__A1_Q81BJ4--2fq4__A2_Q81BJ4,0.9626762168385088,0.5,True
7zeq__B1_Q9WXT1--7zeq__A1_Q9WXT1,0.9831024064244859,0.5,True
5z5h__A1_Q2I2N4--5z5h__A2_Q2I2N4,0.9908365244412634,0.5,True
2fe1__A1_Q8ZZP3--2fe1__A2_Q8ZZP3,0.9858263639379048,0.5053191489361702,True
7wik__B1_A0R1E6--7wik__A1_A0R1E6,0.9202796471806307,0.5,True
7t8o__B1_Q8Y8Y9--7t8o__A1_Q8Y8Y9,0.9404961494128063,0.5,True
7t91__A1_P08151--7t91__B1_P08151,0.9104077036576842,0.5,True
3lg6__A1_D2YW48--3lg6__B1_D2YW48,0.9683574766663908,0.5,True
2o9a__A1_P16528--2o9a__D1_P16528,0.9889034940237826,0.5,True
1zhq__A1_Q9RHG4--1zhq__B1_Q9RHG4,0.9053179133615044,0.5,True
2e0k__B1_Q8KFD9--2e0k__A1_Q8KFD9,0.970366554568062,0.5,True
6izb__A1_P13693--6izb__A2_P13693,0.9225405860242908,0.5,True
3a2f__A1_P61875--3a2f__B1_O73947,0.9847756692816512,0.5,False
3isx__A1_Q9X0E0--3isx__A2_Q9X0E0,0.8815712272204935,0.5,True
2vkj__A1_Q9X1W9--2vkj__B1_Q9X1W9,0.9127888749552132,0.5,True
5csr__D1_Q9HLB6--5csr__A1_Q9HLB6,0.9859886287389201,0.5,True
1iq8__A1_O58843--1iq8__B1_O58843,0.870999593633056,0.5,True
3tbm__A1_Q8XVB9--3tbm__B1_Q8XVB9,0.9070622916389907,0.5,True
7tur__B1_P00503--7tur__A1_P00503,0.9501438741539616,0.5,True
3vol__A1_Q9I6V6--3vol__A2_Q9I6V6,0.9588645989616198,0.49997360223853016,True
3jqz__A1_P02768--3jqz__B1_P02768,0.9630338807249379,0.5,True
1vkd__A1_Q9X0V2--1vkd__B1_Q9X0V2,0.9259606486148357,0.5,True
8b31__B1_A0A2W4LV58--8b31__A1_A0A2W4LV58,0.9723646718284075,0.5,True
7bzk__A1_Q9SJ89--7bzk__B1_Q6NPF9,0.9536826821541711,0.5,False
3cgh__A1_Q8A0N7--3cgh__A2_Q8A0N7,0.9861595169194161,0.5,True
5vlb__A1_G7IKX3--5vlb__B1_G7IKX3,0.9156951926741855,0.5,True
2oer__B1_Q9I3U1--2oer__A1_Q9I3U1,0.9912918574378311,0.5,True
2ylz__A1_Q47PU3--2ylz__A2_Q47PU3,0.8477952261162193,0.5,True
8bjp__B1_A0A1W6VSR4--8bjp__A1_A0A1W6VSR4,0.9260549506564597,0.5,True
6kcx__A1_Q9WZL1--6kcx__A2_Q9WZL1,0.9944588402007487,0.5,True
4q69__A1_Q8A5I0--4q69__B1_Q8A5I0,0.9856765761096848,0.5,True
7xmj__C1_A9QSE8--7xmj__A1_A9QSE8,0.9483834655120568,0.5,True
1pix__A1_Q06700--1pix__B1_Q06700,0.9491958685239001,0.5,True
3l8i__B1_Q9BUL8--3l8i__A1_Q9BUL8,0.9683566702237805,0.5,True
6l2u__A1_Q27RN2--6l2u__B1_Q27RN2,0.9331270771974384,0.5,True
6sl2__A1_C4LWU6--6sl2__A2_C4LWU6,0.9335976086027141,0.5,True
1u6z__B1_P0AFL6--1u6z__A1_P0AFL6,0.9738565311416124,0.5,True
3pm9__A1_Q6NAV4--3pm9__B1_Q6NAV4,0.8914920103962254,0.5,True
3a5y__B1_P0A8N7--3a5y__A1_P0A8N7,0.9024224071462136,0.5,True
7xgn__A1_UNDEFINED--7xgn__B1_UNDEFINED,0.9648658147643003,0.5,True
6bn1__B1_Q9VCR6--6bn1__A1_Q8T0S6,0.6970300355052298,0.5,False
8ji6__A1_A0A861B387--8ji6__B1_A0A861B387,0.9910991626870931,0.5,True
2pjs__A1_A9CIG0--2pjs__B1_A9CIG0,0.9096721273507703,0.5299238798134823,True
8ke8__A1_Q9HXS0--8ke8__B1_Q9HXS0,0.9473236890398488,0.5,True
3h7l__A1_Q87LX4--3h7l__A2_Q87LX4,0.9841523958372111,0.5,True
7zs8__A1_A0A1D3HIT0--7zs8__B1_A0A1D3HIT0,0.9572821422067368,0.5,True
2vc4__A1_P02879--2vc4__A2_P02879,0.9556569260545547,0.5,True
1xe8__B1_Q03629--1xe8__A1_Q03629,0.9863848908111176,0.5,True
7tn6__A1_Q84Y01--7tn6__A2_Q84Y01,0.9539084491978609,0.5,True
7yo6__A1_G8GLP2--7yo6__A2_G8GLP2,0.9681991234975668,0.5,True
8k76__A1_Q8R6D8--8k76__B1_Q8R6D8,0.9930260804397625,0.5,True
1vgx__B1_Q9RRU8--1vgx__A1_Q9RRU8,0.8459899167793623,0.5,True
3cet__B1_Q6M145--3cet__A1_Q6M145,0.9654141327328836,0.5,True
4zlh__B1_P0AB60--4zlh__A1_P0AB60,0.9916150187145247,0.5,True
2y84__A1_Q7WT50--2y84__E1_Q7WT50,0.970423994926292,0.5,True
4me9__A1_Q736B0--4me9__B1_Q736B0,0.9855075502665864,0.5,True
2z51__A1_Q93W20--2z51__A2_Q93W20,0.857871786701842,0.5,True
8ajq__A1_Q9I0C0--8ajq__B1_Q9I0C0,0.9355165355567696,0.5,True
3gdm__A1_P03962--3gdm__B1_P03962,0.9715427326386705,0.5,True
5khn__A1_UNDEFINED--5khn__B1_UNDEFINED,0.9712523447872371,0.5,True
7yfj__A2_Q15007--7yfj__B1_Q15007,0.7995391705069125,0.5,True
2rkl__F1_Q06263--2rkl__E1_Q06263,0.9120145152383707,0.5193843295029232,True
8cwp__A1_Q06282--8cwp__A2_Q06282,0.9759048279899358,0.5,True
4neh__A1_P20702--4neh__B1_P05107,0.9452971053747884,0.5,False
2prv__A1_O34596--2prv__B1_O34596,0.9656950750866797,0.5,True
6kvn__A1_A0A1S4CVP6--6kvn__A2_A0A1S4CVP6,0.9684875809164206,0.5,True
5tgq__A1_A0A1S4NYF7--5tgq__A2_A0A1S4NYF7,0.9851611171999521,0.4999803863881534,True
6b3i__A1_P27216--6b3i__B1_P27216,0.9716799929724355,0.5,True
1rqn__A1_O31156--1rqn__B1_O31156,0.9917404690044962,0.5,True
7tcr__A1_A0A2D2D5M1--7tcr__D1_A0A2D2CY73,0.9471442406736948,0.5,False
5l7z__A1_P28750--5l7z__A2_P28750,0.9880381329629178,0.5,True
7ljh__A1_Q769D3--7ljh__B2_Q769D3,0.9924893529586152,0.5,True
5frk__A1_D4I047--5frk__B1_D4I047,0.9288314427533423,0.5,True
7xmw__B1_U2Q5N5--7xmw__A1_U2Q5N5,0.852315565768526,0.5,True
7w2o__A1_Q9HZP1--7w2o__B1_Q9HZP1,0.9879505420184744,0.5,True
7uay__A1_P08684--7uay__A2_P08684,0.9983248448283247,0.5,True
5czf__D1_A0A0H3JHG3--5czf__A1_Q8XAD5,0.7214942429970785,0.5,False
8p4l__A1_UNDEFINED--8p4l__B1_UNDEFINED,0.9745876267307724,0.5,True
2p6p__A1_Q9RPA7--2p6p__B1_Q9RPA7,0.928129557869102,0.5,True
4u64__A1_Q5ZXA3--4u64__A2_Q5ZXA3,0.9654962525550761,0.5,True
7qbm__A1_P43235--7qbm__B1_P43235,0.8795472425210034,0.5,True
3nvm__A1_Q8U4M1--3nvm__B1_Q8U4M2,0.9275386246141839,0.5,False
7q86__A1_UNDEFINED--7q86__B1_UNDEFINED,0.9694116722149971,0.5,True
3wws__A1_Q13188--3wws__D1_Q13188,0.7382213883677298,0.5,True
4c87__A1_F9UMG7--4c87__B1_F9UMG7,0.9292050536235004,0.5,True
2d7e__A1_P17888--2d7e__B1_P17888,0.9140509836650959,0.5,True
7xro__A1_Q9RQ20--7xro__B1_Q9RQ20,0.971711743638848,0.5,True
5yrj__A1_B6F0T7--5yrj__B1_A0A2Z5V8U8,0.9265714142728455,0.5,False
6yev__C1_P0A744--6yev__A1_P0AA25,0.8988889923346677,0.5,False
8glr__A1_Q8ZJX7--8glr__A2_Q8ZJX7,0.969782670255307,0.5,True
5fwt__A1_Q96MU8--5fwt__A2_Q96MU8,0.8961495782690587,0.5,True
4e6s__A1_Q3URR7--4e6s__A2_Q3URR7,0.9014595541561646,0.5047169811320755,True
8enb__B1_A7DT38--8enb__A1_A0T3A2,0.8453626340497007,0.5,False
8h4p__A1_I1S104--8h4p__B1_I1S104,0.982997085736364,0.5,True
4cu5__A1_B6SBV8--4cu5__F1_B6SBV8,0.9865546710800934,0.5131578947368421,True
7yo8__A1_P60520--7yo8__A2_P60520,0.6943092230795722,0.5,True
8elf__B1_Q6DYE4--8elf__A1_Q6DYE4,0.9397528202390244,0.5,True
1ax2__A1_P16404--1ax2__A2_P16404,0.8760995268967934,0.5,True
8i33__C1_A0A6Q8PFJ0--8i33__A1_A0A6Q8PFJ0,0.9636092811470645,0.5,True
3q9l__A1_P0AEZ3--3q9l__B1_P0AEZ3,0.9683031263667764,0.5,True
8ak1__A1_UNDEFINED--8ak1__B1_O25273,0.9710413844421972,0.5,False
2yk4__A1_P72097--2yk4__A2_P72097,0.9449622107655467,0.5,True
7u5f__C1_Q9HTM2--7u5f__A1_Q9HTM2,0.9905103185348956,0.5,True
5xt3__B1_A0A0U1MUE2--5xt3__A1_A0A0U1MUE2,0.9738146161506428,0.5,True
5iws__A1_Q63GK8--5iws__A2_Q63GK8,0.9410803984155469,0.5,True
2owl__A1_P36767--2owl__B1_P36767,0.8773906168128912,0.5,True
8bca__A1_O75643--8bca__B1_Q6P2Q9,0.7576637062332345,0.5,False
4ml7__A1_P61626--4ml7__B1_UNDEFINED,0.7815469140462309,0.5,False
3mcb__B1_P20290--3mcb__A1_Q13765,0.8230043051024151,0.5168265796637,False
8gy8__A1_Q8TZT0--8gy8__B1_Q8TZT0,0.9450352044894601,0.5,True
8dkd__A1_G7CIP4--8dkd__A2_G7CIP4,0.8537018785099633,0.5,True
7dus__A1_P08965--7dus__A2_P08965,0.932194080254271,0.5,True
8gb1__A1_Q9Y3Z3--8gb1__B1_Q9Y3Z3,0.978231631087408,0.5,True
7cov__A1_Q06801--7cov__A2_Q06801,0.9189334176047186,0.5,True
6ign__A1_Q61768--6ign__A2_Q61768,0.7747417325466694,0.4999666822149664,True
1fzr__A1_P00641--1fzr__B1_P00641,0.9219317197314273,0.5,True
3be5__A1_Q8XBR1--3be5__B1_Q8XBR1,0.9348819360331946,0.5,True
2ecs__A1_P03040--2ecs__B1_P03040,0.9613891234984985,0.5,True
4hn3__B1_Q8Y6D1--4hn3__A1_Q8Y6D1,0.9062255990686361,0.5,True
4o8y__A1_Q08723--4o8y__B1_P43588,0.9589508884032277,0.5,False
7uoi__A1_A0A1S8KJG1--7uoi__A2_A0A1S8KJG1,0.9731590672966621,0.5,True
7vma__A1_C5A758--7vma__A2_C5A758,0.9917848471663594,0.5,True
7d9m__A1_A0A4D6NYT7--7d9m__B2_A0A4D6NYT7,0.9595454124228102,0.5,True
2py8__C1_Q55670--2py8__B1_Q55670,0.8801424186670336,0.5,True
7ytl__A1_E1BR24--7ytl__A2_E1BR24,0.9949252423847785,0.5,True
7vxt__A1_Q63W52--7vxt__B1_Q63W52,0.9389978213507624,0.5,True
5cv3__A1_E3M3V1--5cv3__A2_E3M3V1,0.9474224272600457,0.5,True
8c9v__A1_Q1JXV1--8c9v__A2_Q1JXV1,0.990530498315341,0.5,True
3tsn__A1_Q9PN58--3tsn__B1_Q9PN58,0.9508362225137431,0.5,True
8j51__A1_A0A0E9MUN5--8j51__B1_A0A0E9MUN5,0.9158071171395218,0.5,True
6cz9__A1_Q7WTU0--6cz9__B1_Q7WTT9,0.9573839533526778,0.5,False
8pzo__A1_F9UT68--8pzo__A2_F9UT68,0.9813288941541729,0.5229773479308796,True
3tqg__B1_Q83DG4--3tqg__A1_Q83DG4,0.9574581084996058,0.5,True
7czg__C1_Q8TDY2--7czg__A1_Q8TDY2,0.9110569285083848,0.5,True
7eev__B1_A0A3D9R4E8--7eev__A1_A0A3D9R4E8,0.9622811899078776,0.5,True
8ori__A1_Q2KB35--8ori__B1_Q2KB35,0.951955678395469,0.5,True
7o6z__A1_A0A7R8L7W4--7o6z__B1_A0A7R8L7W4,0.9820855111050861,0.5,True
8pmr__A1_Q4WL81--8pmr__B1_Q4WL81,0.787334644253961,0.5,True
7u34__A1_Q4X1J1--7u34__A2_Q4X1J1,0.9516420631816048,0.5,True
3fmy__A1_Q46864--3fmy__A2_Q46864,0.9645881738896185,0.5,True
7f0o__B1_A0A2I1C3W8--7f0o__A1_A0A2I1C3W8,0.9657373756079745,0.5,True
3ojm__B1_P21802--3ojm__A1_P05230,0.8627551773588089,0.5,False
6xgz__A1_P63386--6xgz__B1_P64602,0.9333719684596877,0.5,False
7x2y__A1_A0A076PYH9--7x2y__B1_A0A076PYH9,0.9832333710979972,0.5,True
8i34__A1_A0AA52HX42--8i34__B1_A0AA52HX50,0.975584262295082,0.5,False
5i4h__B1_P07711--5i4h__A1_P07711,0.8792652825668608,0.5,True
4e6h__A1_Q6CII8--4e6h__A2_Q6CII8,0.9732756667664643,0.5,True
6x7p__A1_Q8GGP1--6x7p__A2_Q8GGP1,0.9828930401602963,0.5,True
3exq__A1_Q03S37--3exq__A2_Q03S37,0.9469046051288333,0.5,True
2qvc__A1_Q9WXW9--2qvc__B2_Q9WXW9,0.9805673075462686,0.5,True
6yoa__A1_O82015--6yoa__B1_O82015,0.9125746693563956,0.5,True
7qnm__A1_G0L7V6--7qnm__B1_G0L7V6,0.9845837395373706,0.5,True
3p8v__A1_Q9V228--3p8v__B1_Q9V228,0.9735559006111649,0.499994202024653,True
4re1__A1_P28347--4re1__D1_P46937,0.8777696564686228,0.5,False
8iw5__A1_Q8C8U0--8iw5__B1_Q8C8U0,0.8480618949496521,0.5112359550561798,True
7sq2__B1_Q01970--7sq2__A1_P21279,0.9091030392310218,0.5,False
4lqx__B1_Q97VD2--4lqx__A1_Q97VD2,0.9873474385011161,0.5,True
3owf__A1_P00644--3owf__A2_P00644,0.9438915962355618,0.5,True
2dpl__A1_O59072--2dpl__B1_O59072,0.9862101319487648,0.5,True
4ap5__A1_Q9Y2G5--4ap5__B1_Q9Y2G5,0.9724673499752026,0.5,True
8evy__A1_Q9LCT6--8evy__A2_Q9LCT6,0.9951636034896494,0.5,True
5npo__A1_P62593--5npo__B1_D3INY1,0.85251869880235,0.5,False
5uhs__A1_B0SR19--5uhs__B1_B0SR19,0.8210901644744065,0.5,True
5t3v__B1_Q9Y2C4--5t3v__A1_Q9Y2C4,0.9589229679824821,0.5,True
8f2l__A1_P9WJY9--8f2l__B1_P9WJY9,0.9318908775897897,0.5,True
8h1l__B1_A0A7U4E834--8h1l__A1_A0A7U4E834,0.9320388624197911,0.5,True
1nye__A1_P0C0L2--1nye__B1_P0C0L2,0.884113878745183,0.5,True
2ou6__A1_Q9RVG4--2ou6__A2_Q9RVG4,0.9747531910392934,0.5,True
3k1i__D1_O25709--3k1i__A1_O25448,0.8739889818762391,0.5,False
1vbi__A1_Q53W84--1vbi__A2_Q53W84,0.9572542137055012,0.5,True
2oqb__A1_Q4AE70--2oqb__B1_Q4AE70,0.8852149521395851,0.5,True
8ajy__A1_A0AEF6--8ajy__B1_UNDEFINED,0.8182866778226078,0.5,False
6saz__B1_Q9UGM5--6saz__A1_P07584,0.9347566474756339,0.5,False
8gzy__A1_P0A9A6--8gzy__B1_UNDEFINED,0.9414691426151457,0.5,False
6l9x__A1_F6VRB7--6l9x__A2_F6VRB7,0.9165513944569386,0.5,True
3ica__B1_Q7MXR4--3ica__A1_Q7MXR4,0.9156831260608906,0.5,True
6o15__A1_P39353--6o15__B1_P39353,0.9581087108690179,0.5,True
2ohc__A1_Q9HIY5--2ohc__B1_Q9HIY5,0.9637560780758103,0.5,True
8qfo__A1_A0A840P3H4--8qfo__B1_A0A840P3H4,0.9753203899070724,0.5,True
5zmy__A1_F1LJ99--5zmy__B1_F1LJ99,0.9516035218012293,0.5,True
6tx3__B1_Q9NWY4--6tx3__A1_Q9UGN5,0.9819917759268505,0.5,False
4tx5__A1_Q9NR28--4tx5__B1_Q9NR28,0.9376321831451216,0.5,True
7wnk__B1_A0A1E5TT85--7wnk__A1_A0A1E5TT85,0.9925420986093552,0.5,True
2fn0__B1_Q9X9I8--2fn0__A1_Q9X9I8,0.9973422070695951,0.5,True
5x89__A1_Q8TGZ7--5x89__A2_Q8TGZ7,0.9076016640952171,0.5,True
2j0t__A1_P03956--2j0t__D1_P01033,0.8220983449800269,0.5,False
2i9i__A1_O25234--2i9i__A2_O25234,0.9423730502364174,0.5,True
3rtr__G1_Q13616--3rtr__H1_P62877,0.9401074047773853,0.5,False
8bjd__A1_UNDEFINED--8bjd__A2_UNDEFINED,0.9144480549393921,0.5,True
7lq2__A1_A0A023X3Z4--7lq2__B1_A0A023X3Z4,0.925696657262893,0.5,True
6aht__A1_A1BZ87--6aht__B1_A1BYM8,0.974482615445946,0.5,False
8tto__A1_UNDEFINED--8tto__B1_UNDEFINED,0.7963114938900663,0.5,True
8czp__A1_A0A0D5ZBI4--8czp__B1_A0A0D5ZBI4,0.9527569381586292,0.5,True
4ro3__A1_M1RHE3--4ro3__B1_M1RHE3,0.9567787849872774,0.5,True
1c0n__A1_P77444--1c0n__A2_P77444,0.9619493623162865,0.5,True
7tq0__A1_P00459--7tq0__A2_P00459,0.9835468900104185,0.5,True
1o4w__A1_O29664--1o4w__A2_O29664,0.9874144991503967,0.5,True
4jzp__A1_P51572--4jzp__B1_P51572,0.9703042511808836,0.5,True
2or2__A1_P08954--2or2__B1_P08954,0.9867800709919198,0.5,True
5xdf__B1_Q5SL04--5xdf__A1_Q5SL04,0.9558756171324465,0.5,True
6kr4__A1_P10586--6kr4__E1_P60469,0.9704622333652619,0.5,False
1itv__A1_P14780--1itv__B1_P14780,0.982126791654598,0.5,True
8e51__A1_A0A5N5MKD0--8e51__B1_UNDEFINED,0.8312524554097587,0.5,False
2qgi__A1_P05449--2qgi__B1_P05449,0.9352150183304446,0.5,True
1a19__A1_P11540--1a19__B1_P11540,0.7872804311160475,0.5,True
8a9x__A1_P15752--8a9x__C1_P15752,0.9679252151265991,0.5,True
3onm__A1_UNDEFINED--3onm__B1_UNDEFINED,0.887577621565747,0.5,True
7wrs__A1_Q5ZJ86--7wrs__B1_UNDEFINED,0.9369628315831197,0.5,False
8e9e__B1_Q02293--8e9e__A1_Q04631,0.9087833757489647,0.5,False
2h4c__A1_Q7T2R1--2h4c__B1_Q7T3T5,0.8282594610923633,0.5,False
2bdt__A1_Q9K6P2--2bdt__A2_Q9K6P2,0.9727983944788744,0.5,True
5vbn__A1_P56282--5vbn__B1_Q07864,0.9538859815703384,0.5,False
8gt0__A1_Q8I6U4--8gt0__B1_P01040,0.9168169836394136,0.5,False
5lrr__A1_P22262--5lrr__B1_P22262,0.9814627079146271,0.5,True
4y7i__A1_Q96EF0--4y7i__B1_Q96EF0,0.9758650818071654,0.5,True
1who__A1_P43214--1who__A2_P43214,0.9700348549253078,0.5,True
4g10__A1_Q9WXJ9--4g10__A2_Q9WXJ9,0.9703247644008834,0.5,True
8q4k__A1_O51180--8q4k__B1_O51180,0.9130587575669317,0.5,True
6hp3__A1_O31927--6hp3__B1_O31927,0.9323996719829296,0.5,True
8hs0__A1_Q9LIR4--8hs0__A2_Q9LIR4,0.954853056346946,0.5,True
6gz1__A1_P10151--6gz1__A2_P10151,0.9797329961798333,0.5,True
8pbu__A1_P27708--8pbu__A2_P27708,0.9537681912984205,0.5,True
7zjc__A1_P0DV83--7zjc__A2_P0DV83,0.9284117759754774,0.5,True
6ecu__B1_Q8RJY3--6ecu__A1_Q8RJY3,0.9834100014368666,0.5,True
4x2d__A1_UNDEFINED--4x2d__C2_UNDEFINED,0.9688329705225521,0.5,True
7p0h__A1_O26008--7p0h__C1_O26008,0.9599725953240906,0.5,True
5b3g__B1_Q9SZF7--5b3g__A1_Q9M384,0.9601346811341499,0.5,False
7vzy__B1_Q84G19--7vzy__A1_Q84G19,0.9885952588223782,0.5,True
2q3t__A1_Q9LUJ3--2q3t__A2_Q9LUJ3,0.944556935959915,0.5,True
8j3t__A1_A0A0G2TMR2--8j3t__B1_A0A0G2TMR2,0.9930277260962831,0.5048076923076923,True
7pt0__A1_Q9KYU4--7pt0__B1_Q9KYU4,0.9881472908093278,0.5,True
6m09__B1_Q8LDU1--6m09__A1_Q8LDU1,0.9729027782265157,0.5,True
7uxs__B1_J8G6Z1--7uxs__A1_J8G6Z1,0.9622133004575089,0.5,True
2q03__A1_Q12ML0--2q03__B1_Q12ML0,0.9449059360989729,0.5,True
6kcp__B1_Q9VAA9--6kcp__A1_Q9VAA9,0.8792956279652306,0.5,True
3zn4__A1_C8CHL4--3zn4__A2_C8CHL4,0.9232256092805553,0.5,True
6sj4__B1_A0A022MQ12--6sj4__A1_A0A022MQ12,0.9728359556994697,0.5,True
5cyy__A1_P9WG63--5cyy__B1_P9WG63,0.9141796753328126,0.5,True
3tj3__A1_P52294--3tj3__B1_Q9UKX7,0.8437628228896304,0.5,False
3i32__A1_Q72GF3--3i32__A2_Q72GF3,0.9889199826090924,0.5,True
1jk9__B1_P40202--1jk9__A1_P00445,0.9377704938999962,0.5,False
4z3u__B1_G3G955--4z3u__A1_G3G8X8,0.9294485965312642,0.5,False
4e4w__A1_P38920--4e4w__B1_P14242,0.9711347855290221,0.5,False
5yw5__A1_Q5NII9--5yw5__D1_Q5NII9,0.9641243210751165,0.5052083333333334,True
3ab8__A1_Q5SLE3--3ab8__B1_Q5SLE3,0.7839090599832226,0.5,True
3mxt__A1_Q9PIK2--3mxt__A2_Q9PIK2,0.9569241854297468,0.5,True
1wr8__B1_O50129--1wr8__A1_O50129,0.9927873552151762,0.5,True
7war__B1_A0A1B6PFV1--7war__A1_A0A1B6PFV1,0.9559602736935007,0.5,True
7fn1__B1_P32357--7fn1__A1_P33334,0.8727335396736071,0.5,False
7xl7__A1_A0A2J0R8J6--7xl7__B1_A0A2J0R8J6,0.8910151605231867,0.5,True
8vc5__A1_Q9XCL6--8vc5__B1_Q9XCL6,0.9896456670929025,0.5,True
5jfz__A1_P20605--5jfz__B1_P0ADX5,0.909819682554917,0.4999430134488261,False
1gkh__A1_P69543--1gkh__A2_P69543,0.9530443475099963,0.5,True
5g37__B1_P10565--5g37__A1_P06575,0.8854258996188944,0.5,False
2gjx__A1_P06865--2gjx__B1_P07686,0.9620082983926018,0.5,False
3aqb__B1_O66129--3aqb__A1_O66127,0.9460959962971535,0.5,False
8q1a__A1_Q16790--8q1a__C2_Q16790,0.9230894484790496,0.5,True
8ezt__D2_UNDEFINED--8ezt__A1_UNDEFINED,0.9365207643577779,0.5,True
5ez1__B1_P56112--5ez1__A1_P56112,0.9655010263915906,0.5,True
3lwd__A1_Q1QTX1--3lwd__A2_Q1QTX1,0.9796483585339085,0.5,True
4wic__A1_Q2FAE9--4wic__B1_Q2FAE9,0.8967129783473285,0.5,True
8dye__A1_P31040--8dye__B1_Q5VUM1,0.8358945436470003,0.5,False
6xnr__A1_UNDEFINED--6xnr__A2_UNDEFINED,0.8342202045078771,0.5,True
2ch6__A1_Q9UJ70--2ch6__D1_Q9UJ70,0.9544116093733606,0.5,True
3gpn__A1_P15873--3gpn__A2_P15873,0.9422276039871859,0.5,True
5y69__A1_A8ATW7--5y69__B1_A8ATW7,0.8991605029585799,0.5,True
7th0__A1_P31667--7th0__A2_P31667,0.8978996358725795,0.5,True
2qh0__A1_Q97H22--2qh0__A2_Q97H22,0.9331487198111494,0.5,True
7uln__A1_P09514--7uln__B1_P09514,0.8955294844712328,0.5,True
5ubb__A1_Q5VVY1--5ubb__A2_Q5VVY1,0.9922527046851906,0.5,True
5kvs__B1_O54512--5kvs__A1_O54512,0.978976724452999,0.5,True
3frs__A1_P53990--3frs__A2_P53990,0.9107157144052048,0.5,True
3obv__A1_O08808--3obv__C1_O08808,0.9820308191182596,0.5,True
4wkz__A1_A0AEF5--4wkz__B1_W5IDC3,0.9556056036827558,0.5,False
3kt0__A1_Q12109--3kt0__A2_Q12109,0.9873254196043855,0.5,True
5i90__A1_G3XCY5--5i90__B1_G3XCY5,0.9690606297163674,0.5,True
3bat__B1_P24733--3bat__A1_P24733,0.9456045907134639,0.5,True
2ps1__A1_P13298--2ps1__B1_P13298,0.9817013646459843,0.4999900113870188,True
1fcd__A1_Q06530--1fcd__B1_Q06529,0.9907723305633274,0.5,False
8hy8__A1_A0A085BE66--8hy8__A2_A0A085BE66,0.9901114904969955,0.5,True
8har__A1_Q2L6E4--8har__B1_Q2L6E4,0.9854940190917312,0.5,True
8a60__A1_P06971--8a60__B1_Q38162,0.9209889040179637,0.5,False
4je4__A1_Q06124--4je4__B1_P02751,0.8868968058661137,0.5,False
2a6c__A1_Q82UW4--2a6c__A2_Q82UW4,0.8818987337721558,0.5245901639344263,True
5k9l__B1_A8MW95--5k9l__A1_A8MW95,0.9361427967891847,0.5,True
5mzg__A1_P53368--5mzg__B1_P53368,0.9194127348575493,0.5,True
6lfn__A1_UNDEFINED--6lfn__B1_UNDEFINED,0.7727105747714542,0.5,True
7ucc__B1_P17535--7ucc__A1_P53539,0.9295563199626866,0.5,False
8d0x__A1_Q9Y231--8d0x__A2_Q9Y231,0.7945633304210682,0.5,True
6ano__B1_Q9UKL3--6ano__A1_Q9UKL3,0.9617981063531565,0.5,True
6et2__A1_Q9I4X1--6et2__B1_Q9I4X2,0.9631221524087737,0.5,False
6d0a__A1_Q8N5Z0--6d0a__A2_Q8N5Z0,0.975014814728493,0.5,True
2xga__B1_P35530--2xga__A1_P35530,0.9897530026324449,0.5104166666666666,True
2i3o__A1_Q9HJH4--2i3o__B1_Q9HJH4,0.933070930995119,0.5,True
1ijx__A1_P97401--1ijx__C1_P97401,0.8297520128824476,0.5,True
6h2u__A1_Q9NRN9--6h2u__B1_Q9UI30,0.9219171977493541,0.5,False
8h2v__A1_Q93HT8--8h2v__B1_Q93HT8,0.9728042311979804,0.5,True
1wat__B1_P02941--1wat__A1_P02941,0.9778148022037909,0.5,True
2nyh__A1_Q13JM0--2nyh__B1_Q13JM0,0.9442954934623556,0.5,True
7y9b__A1_A3EXD6--7y9b__B1_A3EXD6,0.9053856895190477,0.5,True
7yuj__B1_Q9BYM8--7yuj__A1_Q9BYM8,0.8294878432859264,0.5,True
8c5k__A1_P87252--8c5k__A2_P87252,0.8924607716973217,0.5,True
2spc__A1_P13395--2spc__B1_P13395,0.8747870653029821,0.5,True
6q2e__A1_A5UMY5--6q2e__B1_A5UMY5,0.968796115877449,0.5,True
4p8i__A1_P40746--4p8i__B1_P40746,0.906109571702244,0.5,True
8gp6__B1_P16710--8gp6__A1_P07611,0.8758624183903252,0.5,False
8a82__A1_K7WEY7--8a82__B1_K7XCU4,0.9659661360030636,0.5,False
3a4l__B1_Q58933--3a4l__A1_Q58933,0.993459672433622,0.5,True
1z52__A1_P09167--1z52__B1_P09167,0.8198315910585141,0.5,True
6c0g__A1_A0A3F2YLX1--6c0g__B2_A0A3F2YLX1,0.8011694070475612,0.5,True
8owi__A1_Q02224--8owi__B1_Q02224,0.9408911917098446,0.5198272884283247,True
1k3r__B1_O26109--1k3r__A1_O26109,0.9830803170078193,0.5,True
7fga__A1_Q8DIJ4--7fga__B2_Q8DIJ4,0.988310329571391,0.5,True
5akq__A1_O52063--5akq__B1_O52063,0.9790432901671068,0.5,True
7y86__B1_A0A0K2E3A3--7y86__A1_A0A0K2E3A3,0.9547239373529041,0.5131375171230789,True
8d1u__A1_P0A6R0--8d1u__A2_P0A6R0,0.97993869297284,0.5,True
1vqw__A1_Q9HFE4--1vqw__B1_Q9HFE4,0.9498167510362762,0.5,True
7rzb__A1_A0A229LVN5--7rzb__A2_A0A229LVN5,0.9274212909339791,0.5,True
6qta__A1_G0SHE6--6qta__B1_G0SC29,0.8775124624682423,0.5,False
7toc__A1_A0A2H0ZMH9--7toc__B1_A0A2H0ZMH9,0.9127894472471454,0.5,True
7ula__B1_Q88ND0--7ula__A1_Q88NC7,0.971236352241247,0.5,False
8bes__A1_A0A856TAI5--8bes__B1_A0A856TAI5,0.9742418670436037,0.5,True
7ztw__A1_Q66578--7ztw__B1_Q66578,0.970117729652312,0.5,True
7wjt__B1_Q8BZB3--7wjt__A1_Q8BZB3,0.9517813249966588,0.5,True
6j9n__A1_X5EPV9--6j9n__B1_A0A425B395,0.8116978047036837,0.5,False
1kll__A1_O05205--1kll__A2_O05205,0.9342809409248863,0.49996770025839793,True
8uel__A1_UNDEFINED--8uel__B1_UNDEFINED,0.9893696329067596,0.5,True
7xky__A1_Q58690--7xky__B1_Q58034,0.9382390896076391,0.5,False
4p04__A1_A0A0D6H805--4p04__B1_A0A0D6H805,0.9137179314429322,0.5,True
1txz__A1_Q04299--1txz__A2_Q04299,0.9841681208289335,0.5,True
4af5__A1_Q8NQ97--4af5__A2_Q8NQ97,0.9535744668090297,0.5047619047619047,True
8af9__A1_Q2YPZ9--8af9__H1_Q2YPZ9,0.9803368729403149,0.5,True
8gm9__D1_P9WPD3--8gm9__A1_P9WPD3,0.9545113142306134,0.5,True
7wsx__A1_D9PYV4--7wsx__B1_D9PYV4,0.987247985748591,0.5,True
4g86__A1_Q79PF6--4g86__B1_Q79PF6,0.9042624894556092,0.5,True
3bq3__A1_Q12395--3bq3__A2_Q12395,0.8871626731200393,0.5,True
7eva__A1_P31490--7eva__A2_P31490,0.957736064830333,0.5,True
8r7d__B1_G5EI71--8r7d__A1_Q8LJL3,0.7758386514316827,0.5,False
7pwy__A1_Q8TDX5--7pwy__B1_Q8TDX5,0.9851621972512478,0.5,True
3ut4__A1_A3DJ21--3ut4__B1_A3DJ21,0.9859225997352505,0.5,True
8eei__B1_A0A807MR40--8eei__A1_A0A807MR40,0.9912435693769055,0.5,True
8bp5__B1_A0A369SI82--8bp5__A1_A0A369SI82,0.9247874766742692,0.5,True
3l34__B1_Q9HT87--3l34__A1_Q9HT87,0.9401990698559842,0.5034965034965035,True
8god__A1_Q9UM07--8god__A2_Q9UM07,0.9617319782931845,0.5,True
1h9g__A1_P0A8V6--1h9g__A2_P0A8V6,0.9908156191434117,0.5,True
7qg6__D1_Q9HAU5--7qg6__C1_Q9H1J1,0.8420023037070014,0.5,False
8sz3__B2_Q9NY97--8sz3__A1_Q9NY97,0.9587629600137247,0.5,True
5a10__A1_G1FNI6--5a10__A2_G1FNI6,0.9745957257774868,0.5,True
7qoc__A1_Q8NQV9--7qoc__B1_Q8NQV9,0.9877203495013974,0.5,True
8a90__B1_A0A7S9SWM2--8a90__A1_A0A7S9SWM2,0.9755609682661468,0.5,True
3iaa__A1_Q8KNE0--3iaa__B1_Q8KNE0,0.951737820542041,0.5,True
3n50__B1_Q9H4W6--3n50__A1_Q9H4W6,0.961713971230759,0.5,True
2qg3__A1_O28220--2qg3__A2_O28220,0.9536021568698511,0.5,True
7ysk__A1_Q6D6Z8--7ysk__B1_Q6D6Z8,0.991778638562316,0.5,True
7spz__A1_A8B3G9--7spz__A2_A8B3G9,0.995769165957242,0.5,True
4q2e__B1_Q9X1B7--4q2e__A1_Q9X1B7,0.8190439502212548,0.5,True
8cff__A1_Q7SIF4--8cff__B1_Q7SIF3,0.9510248633237446,0.5,False
8bxl__A1_A0A075TRK9--8bxl__D1_A0A075TRK9,0.9882546982846412,0.5,True
7uqo__A1_UNDEFINED--7uqo__A2_UNDEFINED,0.8475357754572076,0.5,True
5d4v__C1_Q57913--5d4v__A1_Q57913,0.9447332151658865,0.5,True
2p23__A1_O95750--2p23__B1_O95750,0.6619225984422328,0.5,True
7u55__A1_A0A151EDA9--7u55__A2_A0A151EDA9,0.9396511274906679,0.5,True
1rkw__A1_P0A0N4--1rkw__C1_P0A0N4,0.9870087115372557,0.5,True
1ps6__A1_P19624--1ps6__B1_P19624,0.9733214085064154,0.5,True
2y21__L1_O28769--2y21__K1_O28769,0.9665443885560504,0.5,True
2z5i__A1_P58772--2z5i__B1_P58772,0.9634141977959068,0.5,True
5l7u__B1_A6L2E5--5l7u__A1_A6L2E5,0.9692958036579205,0.5,True
3egq__A1_O28458--3egq__B1_O28458,0.9874763212079615,0.5,True
7r3a__A1_Q6LYR8--7r3a__E1_Q6LYR8,0.9860983423786752,0.5,True
7yq0__A1_A0A101DF63--7yq0__B1_A0A101DF63,0.9839101425520765,0.5,True
3wsc__A1_Q25C86--3wsc__B1_Q25C86,0.7186028867696701,0.5,True
4pib__B1_Q2SVW5--4pib__A1_Q2SVW5,0.9288640853858245,0.5,True
7vmx__B1_P9WNN1--7vmx__A1_P9WNM1,0.937675423326084,0.5,False
1ykd__A1_P94182--1ykd__B1_P94182,0.9328567558165785,0.5,True
4ux7__A1_Q183F3--4ux7__B1_Q183F3,0.9354605626825163,0.5,True
3k3d__A1_P9WLZ7--3k3d__A2_P9WLZ7,0.9491796379982308,0.5036391459244913,True
7q1d__D2_P29808--7q1d__A1_P29808,0.9040589145946379,0.5,True
1sj5__A1_Q9WY07--1sj5__B1_Q9WY07,0.9687867522900577,0.5,True
4c12__A1_Q2FZP6--4c12__A2_Q2FZP6,0.9513098291377151,0.5,True
3k9m__A1_P07858--3k9m__B1_P01040,0.9058491327148044,0.5,False
1ccd__A1_P17559--1ccd__A2_P17559,0.9274875264395264,0.5,True
8xiz__A1_T2B4K5--8xiz__B1_T2B4K5,0.9745618224999668,0.5,True
7wz6__A1_P15806--7wz6__B1_P10085,0.9512142962893912,0.5,False
2i00__A1_Q831Y9--2i00__B1_Q831Y9,0.9789715593533572,0.5,True
5ffi__A2_Q44501--5ffi__B1_Q44501,0.7662577024647886,0.5,True
3cnk__A1_P21333--3cnk__B1_P21333,0.9390979946733511,0.5076286620711264,True
8gt9__A1_A8MW95--8gt9__B1_A8MW95,0.9235835421604481,0.5,True
4l2w__B1_Q13464--4l2w__A1_Q13464,0.9536912498585849,0.4998889629136131,True
3d0j__A1_Q97DI0--3d0j__A2_Q97DI0,0.9269461183594738,0.5,True
7qaj__F1_UNDEFINED--7qaj__A1_Q8JIV8,0.9080918854879686,0.5,False
4ct0__A1_P97784--4ct0__B1_O54943,0.8153508408679189,0.5,False
3av0__A1_Q58719--3av0__B1_Q58718,0.9619081361718476,0.5,False
8bln__A1_C9QZ65--8bln__H1_C9QZ65,0.9487514194278037,0.5,True
2riq__A1_P09874--2riq__A2_P09874,0.8822949261445437,0.5,True
8hd5__A1_Q99U17--8hd5__B1_Q99U17,0.892925818433719,0.5,True
6xrb__A1_A0A0H3NHS6--6xrb__B1_A0A0H3NHS6,0.9352740295233933,0.5,True
8a1g__A1_Q13596--8a1g__C1_Q9Y5X3,0.970944891716624,0.5,False
8tn3__A1_Q643B9--8tn3__B1_Q643B9,0.9627317894066222,0.5,True
5ghs__A1_Q5JGL0--5ghs__C1_Q5JF31,0.8961987413470719,0.5,False
5umw__A1_A0A125SA26--5umw__F1_A0A125SA26,0.9331220302793957,0.5,True
7x7j__A1_UNDEFINED--7x7j__B1_UNDEFINED,0.9876870663105694,0.5,True
7zcv__B1_A0A0E7KI02--7zcv__A1_A0A0E7KI02,0.9278543832816264,0.5,True
6scq__A1_Q8NNN6--6scq__A2_Q8NNN6,0.7707246965071922,0.5,True
4ml9__A1_D1AMR0--4ml9__B1_D1AMR0,0.9606041610875411,0.5,True
7yfu__A1_Q8CG73--7yfu__B1_Q8CG73,0.9852704660902244,0.5,True
2yn3__C1_Q8ZKG6--2yn3__A1_Q8ZKG6,0.6722317693635647,0.5,True
3ix1__A1_Q9K9G5--3ix1__B1_Q9K9G5,0.9548169617930123,0.5,True
7khs__A1_Q2CEE3--7khs__B1_Q2CEE3,0.9858724047672481,0.5,True
8k5l__A1_A0A829KK40--8k5l__B1_A0A829KK40,0.9796773500832124,0.5,True
2g0t__B1_Q9WZQ3--2g0t__A1_Q9WZQ3,0.9867902672256605,0.5,True
3lr3__A1_Q63T74--3lr3__A2_Q63T74,0.9816584850839376,0.5,True
4pxq__A1_F1QR43--4pxq__B1_F1QR43,0.9783294654488608,0.5,True
4z5y__A1_Q88QV5--4z5y__A2_Q88QV5,0.9712700541010137,0.5,True
7zhf__A1_A0A0U2WWJ1--7zhf__A2_A0A0U2WWJ1,0.9855727995178449,0.5,True
6h86__A1_B5KM66--6h86__B1_B5KM66,0.8276527167982133,0.49991117427607035,True
7saf__B1_Q6TLP8--7saf__A1_Q6TLP8,0.968308896688206,0.5116279069767442,True
7zj1__B1_P55265--7zj1__A1_P55265,0.9450111224771461,0.5,True
4g9k__A1_P32340--4g9k__B1_P32340,0.9101882404758337,0.5,True
8b35__A1_Q96562--8b35__B1_Q96562,0.983868016774806,0.5,True
2rdz__A1_P0ABK9--2rdz__B1_P0ABK9,0.9727729220175324,0.5,True
6bzf__B1_P53061--6bzf__A1_P17122,0.9445197814298973,0.5,False
5ydd__B1_P9WME7--5ydd__A1_P9WME7,0.902530505829963,0.5,True
4czd__B1_B8J3A4--4czd__A1_B8J364,0.9031310942051051,0.5,False
3ft7__B1_Q54323--3ft7__A1_Q54323,0.8906098574745122,0.5042016806722689,True
4pz1__A1_Q99XU0--4pz1__A2_Q99XU0,0.8599237665291495,0.5,True
2w1t__A1_P37554--2w1t__B1_P37554,0.9787865243977415,0.5367149364805811,True
7qz5__A1_A2RI36--7qz5__B1_A2RI36,0.8944521990167309,0.5,True
5h31__A1_Q14790--5h31__B1_Q14790,0.9578554404623925,0.5,True
8p33__A1_O51254--8p33__A2_O51254,0.9891888693322455,0.5,True
8orv__A1_A0A7H0DNF0--8orv__A2_A0A7H0DNF0,0.9648606019932408,0.5,True
8oru__A1_O93732--8oru__B1_O93732,0.9812208269343428,0.5,True
1u7i__A1_Q9I3Y6--1u7i__B1_Q9I3Y6,0.9555763931552078,0.5,True
8slg__B1_G7CIG9--8slg__A1_G7CIG9,0.9351425002483931,0.5,True
3l2e__B1_Q6AW42--3l2e__A1_Q6AW43,0.9355503015477007,0.5,False
3b0a__A1_P0CG48--3b0a__B1_Q9WUB0,0.8083603657907886,0.5,False
6etz__A1_A0A023UGN9--6etz__A2_A0A023UGN9,0.9477420012575806,0.5,True
7sfz__B1_Q9NYP9--7sfz__A1_Q9NYP9,0.8892175079672267,0.5,True
7wwf__A1_A0R6Y0--7wwf__B1_A0R6Y0,0.9871857078426888,0.5,True
8vdw__B1_T0TAB9--8vdw__A1_T0TAB9,0.9879710908889136,0.5,True
8ri0__A1_E4THH1--8ri0__B1_E4THH1,0.9047824993059412,0.5,True
5z2i__B1_Q54LT0--5z2i__A1_Q54LT0,0.8211377095072319,0.5,True
4miv__A1_P51688--4miv__B1_P51688,0.9822032560436886,0.5,True
3vh1__A1_P38862--3vh1__A2_P38862,0.9819216572870104,0.5,True
7z98__A1_E6V140--7z98__A2_E6V140,0.9865499500476145,0.5,True
2ond__A1_Q99LI7--2ond__B1_Q99LI7,0.9314116417813256,0.5,True
7vt9__A1_P21517--7vt9__B1_P21517,0.955107266212941,0.5,True
1gju__A1_O33838--1gju__A2_O33838,0.9099879966205078,0.5,True
6hta__A1_A0A3F2YM29--6hta__B1_A0A3F2YM29,0.8705525243257547,0.5,True
3h7h__A1_P63272--3h7h__B1_O00267,0.9325608321921574,0.5,False
1dek__A1_P04531--1dek__B1_P04531,0.9722160977948562,0.5,True
4z39__A1_A0A0S2E5N6--4z39__B1_A0A0S2E5N6,0.8849154814246896,0.5,True
5ca9__A1_Q9C0L9--5ca9__A2_Q9C0L9,0.9216485289486582,0.5,True
2zvx__A1_P00974--2zvx__B1_P00974,0.7962810275993751,0.5,True
6x0a__A1_F7Y4W0--6x0a__S1_F7YBW8,0.8293534065371897,0.5,False
7spq__A1_C5AMM8--7spq__A2_C5AMM8,0.985728607614327,0.5,True
7spn__A1_A0A7C2VFT1--7spn__B1_A0A7C2VFT1,0.989760915262082,0.5,True
1tv8__A1_P65388--1tv8__B1_P65388,0.8727366120253961,0.5,True
3mkr__B1_Q27954--3mkr__A1_Q28104,0.9550234081080369,0.5,False
1dqn__A1_Q24973--1dqn__B1_Q24973,0.9796776172090734,0.5,True
7tdq__A1_Q2HR80--7tdq__B1_Q2HR80,0.8039257235264596,0.5,True
7xoi__A1_A0A5N6DPG0--7xoi__B1_A0A5N6EXS6,0.9354341600006022,0.5,False
8h62__A1_P0DJM0--8h62__B1_P12830,0.9268675674415588,0.5,False
7dyc__A1_UNDEFINED--7dyc__A2_UNDEFINED,0.7493361127822717,0.5825442687277507,True
8bbt__A1_A0A0B4VFQ3--8bbt__A2_A0A0B4VFQ3,0.9449301974844126,0.5,True
3t2l__A1_Q5LE95--3t2l__A2_Q5LE95,0.9856066310913671,0.5,True
3uet__A1_B7GNN8--3uet__B1_B7GNN8,0.9458491798629644,0.5,True
8fdb__B1_Q12KP2--8fdb__A1_Q12KP2,0.9422010290637348,0.5,True
6ok3__A1_C3X9N1--6ok3__B1_C3X9N1,0.8102306128701067,0.5,True
8hp3__A1_A0A2K0XCZ3--8hp3__B1_A0A2K0XCZ3,0.9730689162814952,0.5,True
7xkg__A1_A7NHS9--7xkg__B1_A7NHS9,0.9433942347703723,0.5,True
1l7e__A1_Q2RSB2--1l7e__B1_Q2RSB2,0.9876441519592607,0.5,True
8hn2__A1_Q9F722--8hn2__B1_Q9F722,0.9204315576534052,0.5,True
8gst__A1_Q1NEI7--8gst__B1_Q1NEI7,0.9678644514622384,0.5,True
7cq3__A1_P38324--7cq3__B1_Q12098,0.9694876182463162,0.5,False
5htf__A1_Q8Y759--5htf__B1_Q8Y759,0.9789198253253906,0.5,True
6c90__A1_P42285--6c90__B1_Q6NZY4,0.927752761422838,0.5,False
6e1j__A1_C5J4P1--6e1j__B1_C5J4P1,0.9634601542923386,0.5,True
3ccd__A1_P0AA04--3ccd__B1_P0AA04,0.6624670824670824,0.5,True
3dzl__B1_Q396C9--3dzl__A1_Q396C9,0.9129953493402553,0.5,True
4ir7__A1_UNDEFINED--4ir7__A2_UNDEFINED,0.9842375612703954,0.5,True
7nlj__B1_UNDEFINED--7nlj__A1_K3YAU1,0.7720274625293732,0.5,False
2y1h__B1_Q17R31--2y1h__A1_Q17R31,0.8619493620436147,0.5,True
7unj__A1_UNDEFINED--7unj__B1_UNDEFINED,0.9899893431573895,0.5,True
7lfs__A1_P00533--7lfs__E1_O14944,0.9376386431465403,0.5,False
6jiw__A1_A0A0H3JU78--6jiw__A2_A0A0H3JU78,0.8126300884955753,0.5,True
8ees__A1_A0A0H3GMB7--8ees__B1_A0A0H3GMB7,0.9893861678818214,0.5,True
4a5b__B1_Q27895--4a5b__A1_Q27895,0.8976336415855417,0.5,True
3nb6__A1_O66874--3nb6__A2_O66874,0.9369163249974595,0.5,True
5f8c__A1_O53532--5f8c__A2_O53532,0.963028309730602,0.5,True
5yet__A1_Q5UQV1--5yet__B1_Q5UQV1,0.9752738021115543,0.5,True
8jt3__A1_H8Y6N2--8jt3__C1_H8Y6N2,0.9605123291693872,0.5,True
1ije__A1_P02994--1ije__B1_P32471,0.8996156959257118,0.5,False
6on4__A1_P0A8W0--6on4__B1_P0A8W0,0.9522778940945885,0.5,True
4zvc__A1_P0AA89--4zvc__B1_P0AA89,0.9837565835735771,0.5,True
4qoa__A1_A7VAB9--4qoa__A2_A7VAB9,0.948069530978256,0.5,True
6wmv__A1_U5WZP7--6wmv__B1_U5WZP7,0.9629196957959545,0.5,True
3e3c__A1_Q7DB61--3e3c__B1_Q7DB61,0.9354315115353647,0.5,True
7zc8__B1_UNDEFINED--7zc8__A1_UNDEFINED,0.9602214937979525,0.5,True
6ekk__A1_Q8TEH3--6ekk__C1_Q15286,0.9542711677665918,0.5,False
8a9w__A1_P15751--8a9w__A2_P15751,0.9888129002302231,0.4999105225483178,True
2gj9__A1_P25522--2gj9__B1_P25522,0.9527649800498552,0.5,True
3cm7__C1_P98170--3cm7__D1_P98170,0.9260777935584368,0.5,True
8f5v__A1_O53728--8f5v__B1_O53728,0.9776993576886949,0.5,True
1ecj__A1_P0AG16--1ecj__B1_P0AG16,0.9439699617162665,0.5,True
3s5r__A1_Q2LS68--3s5r__B1_Q2LS68,0.9628253482509487,0.5,True
3im3__A1_P00514--3im3__A2_P00514,0.8914799374674309,0.506578947368421,True
4mcj__B1_A6L9R1--4mcj__A1_A6L9R1,0.9863116201504396,0.5,True
7vw1__B1_V5J1S8--7vw1__A1_V5J1S8,0.9026627633984017,0.5,True
3p12__A1_Q2G1A5--3p12__D1_Q2G1A5,0.9587617873645631,0.5,True
8aq0__A1_Q6DTN4--8aq0__B1_Q6DTN4,0.9754075124181865,0.5,True
3wpm__A1_G2IKE5--3wpm__B1_G2IKE5,0.9423109104808254,0.5,True
7xof__B1_Q0DFB6--7xof__A1_Q0DFB6,0.937635636515818,0.5,True
8a8f__A1_P32598--8a8f__B1_P42073,0.7074620545892776,0.5,False
5un7__A1_Q9NUX5--5un7__B1_Q96AP0,0.8905592103075092,0.5,False
8juk__A1_V5VGC6--8juk__B1_V5VGC6,0.9726823586615958,0.5,True
8snp__A1_O09118--8snp__A2_O09118,0.9099698974119748,0.5,True
8ic6__A1_UNDEFINED--8ic6__B1_UNDEFINED,0.9789325350350279,0.5,True
6wjc__A1_P11229--6wjc__B1_Q8QGR0,0.9606820035894926,0.5,False
8ard__A1_Q64331--8ard__A2_Q64331,0.9088565859700894,0.49960380348652933,True
3mqi__A1_Q9UH73--3mqi__B1_Q9UH73,0.9629587217975755,0.5,True
3q01__A1_P04637--3q01__B1_P04637,0.9875823531126561,0.5,True
7ylq__A1_Q93CA6--7ylq__B1_Q93CA6,0.9476757082590217,0.5,True
2yvo__A1_Q5SJY9--2yvo__A2_Q5SJY9,0.941629725447325,0.5,True
5vpa__B1_P17535--5vpa__A1_P53539,0.9489387411999579,0.5,False
3v78__B1_P95092--3v78__A1_P95092,0.9806946654024125,0.5,True
7pzh__A1_A0A174J845--7pzh__B1_A0A174J845,0.9412475847684316,0.5,True
3m0f__A1_Q4KDJ6--3m0f__B1_Q4KDJ6,0.96496513345965,0.5,True
1y4h__A1_P0C1S6--1y4h__C1_Q9EYW6,0.8834966809161366,0.5,False
2o4c__A1_Q9I3W9--2o4c__B1_Q9I3W9,0.9853767615432181,0.5,True
1ynh__A1_P76216--1ynh__D1_P76216,0.9922426717625616,0.5,True
8ohx__A1_U4Q148--8ohx__B1_U4Q148,0.9533177881412391,0.5,True
3a6m__A1_Q56236--3a6m__B1_Q56236,0.958066434474808,0.5,True
4bvp__A1_Q5ZUA2--4bvp__B1_Q5ZUA2,0.9620762532661845,0.5,True
7oc6__A1_A0A2U8U2L5--7oc6__A2_A0A2U8U2L5,0.9821633964725532,0.5,True
6qpq__A1_G0SGH3--6qpq__B1_Q12158,0.988137165084705,0.5,False
3ct6__A1_Q9CIV6--3ct6__B1_Q9CIV6,0.956002982336658,0.5,True
1qae__A1_P13717--1qae__B1_P13717,0.7536192014564794,0.5,True
3q5w__B1_P38937--3q5w__A1_P38937,0.9605944192644866,0.5,True
8gol__B1_G9I933--8gol__A1_G9I933,0.9405842463831412,0.5,True
7epj__A1_P62554--7epj__A2_P62554,0.9690025689161151,0.5,True
1ag9__A1_P61949--1ag9__B1_P61949,0.9961486247634664,0.5,True
3gwh__B1_O31691--3gwh__A1_O31691,0.9117272596929255,0.5,True
5gw1__A1_P57768--5gw1__B1_P57768,0.9729605495117348,0.5058139534883721,True
3l2o__B1_Q9UKT5--3l2o__A1_P63208,0.9614048566005315,0.5,False
7y3u__A1_A0A8B9XNB5--7y3u__B1_A0A8B9XNB5,0.9311033101418565,0.5,True
3wrf__A1_E8MGH8--3wrf__A2_E8MGH8,0.9817403635129421,0.5,True
7yyl__A1_Q3AET9--7yyl__B1_Q3AET9,0.9325151471743304,0.5,True
8syb__B1_Q72KY0--8syb__A1_Q72KY0,0.9809459333523673,0.5,True
8qc3__A1_A0A1C9WRL0--8qc3__B1_A0A1C9WRL0,0.9750519062077151,0.5,True
3wtf__B1_Q9BUH6--3wtf__A1_Q9BUH6,0.9832725839085932,0.5,True
2x0e__B1_Q7BG50--2x0e__A1_Q7BG50,0.9580936676247878,0.5,True
5hwt__A1_A5W4E3--5hwt__B1_A5W4E3,0.978712150294065,0.5,True
1ojh__A1_Q8YNP7--1ojh__B1_Q8YNP7,0.865789247311828,0.5,True
3eyy__A1_Q9K4F8--3eyy__B1_Q9K4F8,0.9849337381476381,0.5,True
8bwv__D2_A0A482M8M0--8bwv__A1_A0A482M8M0,0.8051378359274299,0.5,True
7cm9__A1_A0A7V8UZ53--7cm9__B1_A0A7V8UZ53,0.959028375333416,0.5,True
4nc8__A1_P12464--4nc8__A2_P12464,0.9579411159803192,0.5,True
1zhh__A1_P54300--1zhh__B1_P54302,0.9305571625516225,0.5,False
8c0u__A1_Q9I5Q5--8c0u__B1_Q9I5Q5,0.940929536381389,0.5,True
2fbq__A1_Q9HZJ9--2fbq__A2_Q9HZJ9,0.9754023288469401,0.5,True
7fch__A1_O95256--7fch__C2_O95256,0.9599236203375974,0.5,True
8c7t__B1_A0A1B4XP18--8c7t__A1_A0A1B4XP18,0.9692578484364289,0.5,True
4iwn__A1_P76290--4iwn__B1_P76290,0.9895016466928918,0.5,True
1sc1__A1_P29466--1sc1__B1_P29466,0.9090966974127562,0.5,True
5amt__A1_A0Q7H2--5amt__A2_A0Q7H2,0.9769620556729965,0.5,True
4ueb__C1_P48598--4ueb__D1_UNDEFINED,0.9320265613407089,0.5,False
7qfz__B1_B7L3Y3--7qfz__A1_B7L3Y3,0.9094679987663861,0.5,True
3hml__A1_A6T9H1--3hml__B1_A6T9H1,0.9768083352904641,0.5,True
1xk6__A1_P31572--1xk6__C1_P31572,0.9497130208686011,0.5,True
7r3s__A1_A0A4R2M5S2--7r3s__B1_A0A4R2M5S2,0.9087872749216037,0.5,True
2grx__A1_P06971--2grx__C1_P02929,0.9250521416567677,0.5,False
7vsf__A1_P25440--7vsf__B1_P25440,0.782087589540676,0.5,True
3q34__A1_Q48EL2--3q34__C1_Q48EL2,0.9531142374160839,0.5,True
4r2k__A1_Q8ZP84--4r2k__A2_Q8ZP84,0.9591968275432574,0.5,True
3cgw__A1_Q8PVT6--3cgw__A2_Q8PVT6,0.9941270638788507,0.5,True
7r2f__A1_P21836--7r2f__B1_P21836,0.998829962272327,0.5,True
4g19__A1_I6ZUH3--4g19__B1_I6ZUH3,0.9963191695800157,0.5,True
3dg8__C1_P13922--3dg8__A1_P13922,0.8531145892189465,0.5,True
6m10__A1_Q9HUW0--6m10__C1_Q9HUW0,0.9150677710947277,0.5,True
8tt2__B1_Q4K977--8tt2__A1_Q4K977,0.9312929088338924,0.5,True
1h31__A1_Q939U1--1h31__B1_Q939U4,0.9738989111701398,0.5,False
5iib__A1_P04552--5iib__B1_Q8WR62,0.903425054153173,0.5,False
6a5g__A1_UNDEFINED--6a5g__C1_UNDEFINED,0.98246548466837,0.5068493150684932,True
7p7i__B1_R8APY9--7p7i__A1_R8APY9,0.9814219476113559,0.5,True
3hzu__A1_P9WHF7--3hzu__A2_P9WHF7,0.9787344894581143,0.5,True
5dob__A1_P16794--5dob__B1_P16791,0.914371067530461,0.5,False
7xgs__A1_Q9FVC1--7xgs__A2_Q9FVC1,0.7680230411038603,0.5,True
6iju__A1_Q9KJN4--6iju__A2_Q9KJN4,0.9657827741451388,0.5,True
4kqd__B1_P06626--4kqd__A1_P06626,0.9512351918630884,0.5,True
2fu3__B1_Q03555--2fu3__A1_Q03555,0.867469448107951,0.5,True
1jgt__B1_P0DJQ7--1jgt__A1_P0DJQ7,0.9950800642519121,0.5,True
6l4b__A1_Q9UGV2--6l4b__C2_Q9UGV2,0.9683886093276022,0.5,True
3lzk__A1_Q92LT4--3lzk__B1_Q92LT4,0.9689490175370548,0.5,True
1ht8__A1_P05979--1ht8__B1_P05979,0.9485587168296725,0.5,True
1z8h__A1_Q8YWS4--1z8h__B1_Q8YWS4,0.9590567034958347,0.5,True
8gk6__A1_W6USS8--8gk6__E1_W6USS8,0.979888307318441,0.5,True
4mjf__A1_A6L2I4--4mjf__A2_A6L2I4,0.9835121278012694,0.5,True
7m4s__A1_Q8YLC3--7m4s__D1_Q8YLC3,0.9230994831791051,0.5,True
6fju__A1_E6N8B9--6fju__B1_E6N8B9,0.9855612816122233,0.5,True
6lgq__A1_P21865--6lgq__B1_P21866,0.894331705588687,0.5,False
2y27__B1_B4E7B5--2y27__A1_B4E7B5,0.9831562613166226,0.5,True
2tdx__A1_P0DJL7--2tdx__A2_P0DJL7,0.9887475982759517,0.5,True
8aim__C1_Q6GJ88--8aim__A1_A0A141HSF0,0.8105353740086836,0.5,False
8fj8__A1_P02638--8fj8__A2_P02638,0.9160904381712766,0.5057652552038779,True
3uv0__B1_Q9W061--3uv0__A1_Q9W061,0.9842488394357038,0.5,True
8alo__B1_P24003--8alo__A1_P15795,0.9644549859356455,0.5,False
2zb6__A1_P08362--2zb6__A2_P08362,0.9808158550173102,0.5,True
6xa0__A1_D1A230--6xa0__B1_D1A230,0.9457559560183881,0.504950495049505,True
1zbo__B1_Q7WAM7--1zbo__A1_Q7WAM7,0.8594572967627772,0.5,True
6xb5__A1_A0A7E5VPD6--6xb5__B1_A0A7E5VPD6,0.9564693325681691,0.5,True
8duy__D1_A0A0H3GVN6--8duy__A1_A0A0H3GVN6,0.9817835991305379,0.5,True
7th5__A1_Q5SLG6--7th5__B1_Q5SLG6,0.886540939550876,0.5,True
3uws__B1_A7A9N3--3uws__A1_A7A9N3,0.9734509185624107,0.5,True
4u04__B1_Q9BVA6--4u04__A1_Q9BVA6,0.9743257310244574,0.5,True
2kin__A1_P56536--2kin__B1_Q6QLM7,0.9092264431239387,0.5,False
3ulc__A1_Q08236--3ulc__A2_Q08236,0.9407825203252034,0.5,True
8b2a__A1_Q2YWJ9--8b2a__A2_Q2YWJ9,0.9972963784636598,0.5,True
8qff__A1_K9TLZ5--8qff__A2_K9TLZ5,0.9837652143197058,0.5,True
6w9q__A1_P0DTD1--6w9q__A2_P0DTD1,0.9388249238654998,0.5,True
8c8c__A1_P48426--8c8c__A2_P48426,0.974575835281125,0.5,True
8iup__B1_A9A1Y1--8iup__A1_A9A1Y1,0.974408775459326,0.5,True
3o7o__A1_Q9S5X8--3o7o__B1_Q9S5X8,0.8901406821566444,0.5,True
4bg8__A1_Q8TX37--4bg8__B1_Q8TX37,0.9819518153757483,0.5,True
7qxo__A1_G8UIQ1--7qxo__B1_G8UIQ1,0.9326061299632042,0.5,True
4xiz__A1_Q05776--4xiz__D1_O60200,0.8883073908054855,0.5,False
2x3l__B1_UNDEFINED--2x3l__A1_UNDEFINED,0.9695998825708851,0.5,True
7pwe__A1_Q6AL91--7pwe__B1_Q6AL91,0.8811673739875923,0.5,True
6uxu__A1_E2JB04--6uxu__B1_E2JB04,0.8530178274700682,0.5,True
3bid__A1_Q7DDI1--3bid__B1_Q7DDI1,0.8825710530222654,0.5,True
4f7w__A1_B5XYG3--4f7w__B1_B5XYG3,0.9765207097844013,0.5,True
2rae__A1_Q0S3N9--2rae__A2_Q0S3N9,0.9807495360523011,0.5,True
7ads__A1_A0A0R8HV90--7ads__A2_A0A0R8HV90,0.9161675676332647,0.5,True
7yn1__A1_E9JES9--7yn1__C1_E9JES9,0.9438337347261668,0.5,True
3t7y__A1_O84093--3t7y__B1_O84093,0.9306090554528587,0.5,True
8hhj__B1_UNDEFINED--8hhj__A1_A0A0Y5KAW3,0.6013254030790818,0.5,False
7u6p__A1_P11926--7u6p__B1_P11926,0.9239419322781608,0.5,True
4mis__A1_Q57ES7--4mis__B1_Q57ES7,0.9566224518786846,0.5206202500177569,True
2blf__A1_Q9LA16--2blf__B1_Q9LA15,0.9286644904308151,0.5,False
3ke3__A1_Q4FVA8--3ke3__A2_Q4FVA8,0.9794361993192293,0.5,True
7ywc__A1_Q9L0T8--7ywc__B1_Q9L0T8,0.9675719678095283,0.5,True
4wwr__B1_P46379--4wwr__A1_P11441,0.8927155399118016,0.5,False
7r0d__B1_Q9NV35--7r0d__A1_Q9NV35,0.9776467783210123,0.5,True
8w6x__A1_P21852--8w6x__B1_P21853,0.95976195686994,0.5,False
8hdv__A1_UNDEFINED--8hdv__B1_UNDEFINED,0.8450375509798069,0.5,True
3fmf__A1_P9WPQ5--3fmf__B1_P9WPQ5,0.8901522033871018,0.5,True
2xrm__A1_D0AB41--2xrm__A2_D0AB41,0.9381117052841367,0.5,True
4xj7__A1_P66881--4xj7__B1_P66881,0.9631691101713645,0.5,True
7yrt__E1_H9L4P6--7yrt__A1_H9L4P6,0.8780030289835248,0.5,True
7tye__A1_P0A7J0--7tye__A2_P0A7J0,0.9681960882028269,0.5,True
2zvd__B1_Q9RBY1--2zvd__A1_Q9RBY1,0.9911364892674627,0.5,True
3mtw__A1_Q9A4Z9--3mtw__A2_Q9A4Z9,0.9974456882878246,0.5,True
3n2o__A1_Q7MK24--3n2o__B1_Q7MK24,0.8958322699035918,0.5,True
7ywd__A1_Q8TB36--7ywd__A2_Q8TB36,0.994526171483666,0.5,True
5upq__A1_A0A0A0V031--5upq__B1_A0A0A0V031,0.9253853243112905,0.5,True
1vgu__A1_Q46893--1vgu__B1_Q46893,0.9784834134901103,0.5,True
7pxo__A1_F4F7G1--7pxo__C1_F4F7G1,0.9805167796932438,0.5,True
2dp9__A1_Q5SM30--2dp9__A2_Q5SM30,0.9582256587884751,0.5,True
8a7l__A1_M1JS91--8a7l__A2_M1JS91,0.9889354227745928,0.5,True
7uqv__A1_A0A0L6JSP1--7uqv__B1_A0A0L6JSP1,0.9747697540246407,0.5,True
5d1r__A1_P9WMC9--5d1r__B1_P9WMC9,0.9323482558284237,0.5,True
3f6q__A1_Q13418--3f6q__B1_P48059,0.9413827227541919,0.5,False
7xyk__A1_Q77J90--7xyk__B1_Q77J90,0.9710411198673046,0.5,True
7xxk__A1_P0DTC9--7xxk__B1_P0DTC9,0.8722891326972424,0.5112762466930955,True
3qta__A1_Q5V4K4--3qta__B1_Q5V4K4,0.9957342837956505,0.5,True
8oqj__B1_P06959--8oqj__A1_P06959,0.9061506849315069,0.5,True
1tbp__A1_P13393--1tbp__B1_P13393,0.942105673350281,0.5,True
7qfk__C1_Q5FLN0--7qfk__A1_Q5FLN0,0.9176158396319422,0.5,True
7r3o__B1_Q460N3--7r3o__A1_Q460N3,0.9573941853297719,0.5,True
2z0l__A1_P03191--2z0l__B1_P03191,0.8902165995167654,0.5,True
1wli__A1_Q46604--1wli__B1_Q46604,0.9673270592020592,0.5,True
8b3e__A1_M4SY06--8b3e__A2_M4SY06,0.957448789432882,0.5,True
1d8i__A1_O13297--1d8i__A2_O13297,0.8883847046197658,0.5,True
7vo4__B2_F1CLA7--7vo4__A1_F1CLA7,0.9903263404101419,0.5,True
8eh0__B1_P50909--8eh0__A1_P50909,0.9819428648404199,0.5,True
7q39__A1_UNDEFINED--7q39__A2_UNDEFINED,0.9871331767183356,0.5,True
3seo__B1_Q87GE5--3seo__A1_Q87GE5,0.9633445420851268,0.5,True
3iey__B1_Q74MS9--3iey__A1_Q74MP4,0.9749252040675153,0.5,False
4yto__B1_Q15431--4yto__A1_Q15431,0.8484214977511346,0.4998354902390875,True
6csm__A1_L1J207--6csm__B1_L1J207,0.9400969324477348,0.5,True
4ndt__A1_A7UNK4--4ndt__A2_A7UNK4,0.7829139342492457,0.5,True
8j3p__A1_B9WHT3--8j3p__A2_B9WHT3,0.9784615565846545,0.5,True
7pv7__B1_Q7MVV4--7pv7__A1_Q7MVV4,0.9375455139277431,0.5,True
7uj6__A1_Q8RMD9--7uj6__B1_Q8RMD9,0.9612716746901162,0.5,True
3k9i__A1_Q9KFK0--3k9i__A2_Q9KFK0,0.9409417839713352,0.5040650406504065,True
7z1s__A1_A0A3Q7HTY9--7z1s__A2_A0A3Q7HTY9,0.9880946581410448,0.5,True
2e89__A1_O67728--2e89__B1_O67728,0.9861548149648087,0.5,True
2woz__A1_Q9ER30--2woz__A2_Q9ER30,0.9351133984216624,0.5,True
7xxs__A1_B2CKP3--7xxs__B1_B2CKP3,0.9235708410446227,0.5,True
8fir__A1_O83132--8fir__B1_O83132,0.9724963122922415,0.5,True
3i6s__A1_O82777--3i6s__B1_O82777,0.988935766971709,0.5,True
7yhe__B1_A6YEH4--7yhe__A1_A6YEH4,0.9175020969293125,0.5,True
1ku2__A1_Q9EZJ8--1ku2__B1_Q9EZJ8,0.8732451692442297,0.5,True
6qwo__B1_Q9S5W7--6qwo__A1_Q9S5W7,0.9788460167745252,0.5,True
1mxi__A1_P44868--1mxi__A2_P44868,0.9426699432580065,0.5,True
8fuq__A1_P22363--8fuq__B1_P22363,0.8933122195830034,0.5,True
6hhk__B1_A8AST9--6hhk__A1_A8AST9,0.980247156945063,0.5,True
2vhl__A1_O34450--2vhl__A2_O34450,0.9935950680349621,0.5,True
8h1i__A1_W6EBY7--8h1i__B1_P0A9Y6,0.9059746880572911,0.5,False
5wan__A1_P75898--5wan__A2_P75898,0.990271113808103,0.5,True
4x7z__B1_Q49492--4x7z__A1_Q49492,0.9938403683106938,0.5,True
5c6k__B1_P36932--5c6k__A1_P36932,0.9189846482961018,0.5,True
6a1k__A1_P71018--6a1k__B1_P71018,0.9901082897862576,0.5,True
7pjh__A1_Q9Y312--7pjh__B1_Q6P2Q9,0.9446303445933656,0.5,False
4joi__A1_Q9H668--4joi__C1_Q86WV5,0.8894950999800912,0.5,False
8axz__A1_P31153--8axz__A2_P31153,0.9779576124431268,0.5,True
8ogi__B1_P11678--8ogi__A1_P11678,0.6865201996070176,0.5,True
8cxl__A1_A7KH32--8cxl__B1_A7KH32,0.9510216938029199,0.5,True
7win__B1_Q9UIF8--7win__A1_Q9UIF8,0.8083037097803301,0.5,True
7b80__A1_G3I8R9--7b80__B1_Q9BVA6,0.8666308237806176,0.5,False
4bwv__A1_Q8L5D0--4bwv__B1_Q8L5D0,0.8610143702590216,0.5,True
7drj__A1_P63756--7drj__B1_P63756,0.9297713673664968,0.5,True
6t2b__A1_B2UQL7--6t2b__C1_B2UQL7,0.9697501762822752,0.5,True
8jh0__B1_S2D3K4--8jh0__A1_S2D3K4,0.9219062989227871,0.5,True
7t2s__A1_A0A494K842--7t2s__A2_A0A494K842,0.9419523540067405,0.5,True
3frw__B1_A5ZMD8--3frw__A1_A5ZMD8,0.8834644670677816,0.5,True
5ab5__A1_C9ZUV7--5ab5__B1_C9ZUV7,0.9845596461758093,0.5,True
8jqp__A2_UNDEFINED--8jqp__B1_UNDEFINED,0.9947625965821586,0.5,True
5myd__C2_A0A2D0TC86--5myd__A1_A0A2D0TC86,0.9785552151388097,0.5,True
5cde__A1_Q8P839--5cde__B1_Q8P839,0.9292097435312847,0.5,True
6pi4__A1_A0R1Z9--6pi4__A2_A0R1Z9,0.9567922302610884,0.5183823529411765,True
3ipf__A1_Q251Q8--3ipf__B1_Q251Q8,0.958100606225734,0.5,True
4c11__B1_Q6YMS4--4c11__A1_Q6YMS4,0.9891810283999458,0.5,True
2p3y__A1_Q87I71--2p3y__B1_Q87I71,0.9514386289413719,0.5,True
5jbr__A1_C5C6I1--5jbr__B1_C5C6I1,0.9347724940034973,0.5,True
8ttz__A1_G8E2R2--8ttz__B2_G8E2R2,0.9939327066520527,0.5,True
3vba__A1_Q58673--3vba__B1_Q58673,0.970699775496072,0.5,True
4o6y__B1_Q9SWS1--4o6y__A1_Q9SWS1,0.9156603301169084,0.5,True
4e5r__A1_Q6IRB5--4e5r__A2_Q6IRB5,0.7394701132592603,0.5,True
7ywv__A1_Q0SBK1--7ywv__C1_Q0SBK1,0.9814246185742698,0.5,True
8eer__A1_P01116--8eer__A2_P01116,0.9818727406731478,0.5,True
3f84__B1_E3PPC4--3f84__A1_E3PPC4,0.8344620040552306,0.5,True
5mu7__A1_G0S6G7--5mu7__B1_G0S6I4,0.9382693017191045,0.5,False
8hfp__B1_Q96T68--8hfp__A1_Q8N8R7,0.8487542087542088,0.5,False
4rmn__B1_Q6NC13--4rmn__A2_Q6NC13,0.8514006358562907,0.5,True
3mx1__A1_Q46944--3mx1__A2_Q46944,0.9662197120671423,0.5,True
5gl5__A1_Q06321--5gl5__B1_Q06321,0.984425598167313,0.5,True
8e77__A1_Q1QD54--8e77__A2_Q1QD54,0.9898491683979506,0.5,True
5gl4__A1_B6YTD8--5gl4__B1_B6YTD8,0.991966256536191,0.5,True
7wf9__A1_Q3ZT31--7wf9__B1_Q3ZT31,0.8410128790227154,0.5,True
8fw0__B1_P39897--8fw0__A1_P39897,0.9484664541893212,0.5,True
8ou8__B1_P0A8M3--8ou8__A1_P0A8M3,0.9536428882848672,0.5,True
7acm__B1_P75811--7acm__A1_P75811,0.9685971035292581,0.5,True
4trb__A1_Q97W95--4trb__B1_Q97W95,0.9697117261283411,0.5,True
7y55__A1_A0A9E8RZN7--7y55__C2_A0A9E8RZN7,0.9922410975812732,0.5,True
2ia9__B1_P28015--2ia9__A1_P28015,0.8598399831821583,0.5,True
3sy6__A1_Q5LE92--3sy6__B1_Q5LE92,0.9198502449413377,0.5,True
6xz3__A1_Q9H1K6--6xz3__A2_Q9H1K6,0.9882509777534799,0.5,True
2h8e__A1_P0AG74--2h8e__A2_P0AG74,0.7823901083997339,0.5,True
3gyx__A1_T2G6Z9--3gyx__B1_T2G899,0.8210722908568062,0.5,False
4e0u__A1_D1D8L6--4e0u__A2_D1D8L6,0.999107500682792,0.5,True
6teu__A1_O60568--6teu__A2_O60568,0.9837878431219012,0.5,True
6xt5__B1_P49046--6xt5__A1_P49046,0.9926705052145685,0.5,True
8g1t__A1_Q07812--8g1t__B1_Q07812,0.8193859565595067,0.5,True
7xp7__B1_W9FXI8--7xp7__A1_W9FXI8,0.9328085715801199,0.49999639314697925,True
8i55__A1_Q58380--8i55__B1_Q58380,0.9696637687467402,0.5187613469404602,True
1h65__A1_Q41009--1h65__A2_Q41009,0.9885782111746262,0.5,True
3ol4__A1_A0QRC4--3ol4__B1_A0QRC4,0.9798244998244998,0.5,True
8idq__A1_A0A0B8MZ29--8idq__C1_A0A0B8MZ29,0.896234697894239,0.5,True
5hcb__A1_P83003--5hcb__B1_P83003,0.9505347402839919,0.5,True
3f6g__B1_Q8F3Q1--3f6g__A1_Q8F3Q1,0.9433609565541272,0.5,True
6akj__B1_G2TRN4--6akj__A1_G2TRN4,0.9111592730312464,0.5,True
8ju7__A1_Q9I2U4--8ju7__B1_Q9I2U4,0.9395559133544268,0.5,True
3nel__A1_Q52428--3nel__B1_Q52428,0.9757522503532494,0.5,True
2dc1__A1_O28440--2dc1__B1_O28440,0.9677485746329574,0.5,True
8fzk__B1_P52292--8fzk__A1_P52292,0.901589105155692,0.5,True
3wnz__A1_P39641--3wnz__A2_P39641,0.9741440076576429,0.5,True
8e1u__A1_A0A160VN62--8e1u__F2_A0A160VN62,0.9764740162374785,0.5,True
1v7c__A1_P83823--1v7c__B1_P83823,0.9665023301965824,0.5,True
7skr__A1_Q0QDZ2--7skr__A2_Q0QDZ2,0.8308277398064997,0.5,True
3egg__A1_P62136--3egg__C1_O35274,0.9009062965950383,0.5,False
8imd__A1_UNDEFINED--8imd__B1_UNDEFINED,0.9848646483716339,0.5,True
4yke__B1_G0RYR3--4yke__A1_G0RYR3,0.9931471643400415,0.5,True
1tq9__A1_P00669--1tq9__B1_P00669,0.9415987063889816,0.5,True
4oh3__B1_Q05085--4oh3__A1_Q05085,0.9449568334364086,0.5,True
4q62__A1_Q5ZUB7--4q62__A2_Q5ZUB7,0.9176350344780062,0.5,True
2we5__A1_P0A2X7--2we5__B1_P0A2X7,0.9834848423067579,0.5,True
5t51__A1_Q6CLK3--5t51__B1_Q6CPD1,0.9026803405404228,0.5,False
3i0z__A1_A0A0H2UN25--3i0z__B1_A0A0H2UN25,0.9282720961955059,0.5,True
3wof__A1_Q8RQE9--3wof__B1_A7XX65,0.5941601976005645,0.5,False
8p6k__A1_A0A0H2UWN1--8p6k__B1_A0A0H2UWN1,0.935062060088247,0.5,True
7z9z__A1_P02754--7z9z__A2_P02754,0.93878984624721,0.5,True
6d0i__A1_A0A0C5XL88--6d0i__B1_A0A0C5XKJ0,0.8768244845831054,0.5,False
3gs3__A1_Q8MSU4--3gs3__A2_Q8MSU4,0.99608155205134,0.5,True
2f4m__A1_Q9JI78--2f4m__B1_P54728,0.9514734680231169,0.5,False
4yh8__A1_Q09176--4yh8__B1_P36629,0.7607209703687499,0.5,False
6ago__A1_Q9NR48--6ago__C1_Q9UBU8,0.9185615418961155,0.5,False
7rmx__A1_UNDEFINED--7rmx__A2_UNDEFINED,0.9633526031393396,0.5,True
1e44__B1_P00646--1e44__A1_P02984,0.9301173878236885,0.5,False
2yri__A1_Q5SLX0--2yri__B1_Q5SLX0,0.9852406282458158,0.5,True
1gcj__A1_P70168--1gcj__B1_P70168,0.9799702567220404,0.5,True
7qbp__A1_A4F7B2--7qbp__A2_A4F7B2,0.9277956464135932,0.5,True
4hdd__A1_P09391--4hdd__A2_P09391,0.8834202300413172,0.4998727411555103,True
3e4q__A1_P13633--3e4q__B1_P13633,0.9405682959799541,0.5,True
8ein__B1_Q6FCQ4--8ein__A1_Q6FCQ4,0.992405455018394,0.5,True
1zmb__A1_Q97LM8--1zmb__B1_Q97LM8,0.9693107233019473,0.5,True
6ygu__A1_G0RZ64--6ygu__B1_G0S1V1,0.9197975929259351,0.5,False
2yyh__A1_O67435--2yyh__B1_O67435,0.9844229538677002,0.5,True
5wk0__A1_A0A2C9TMM3--5wk0__A2_A0A2C9TMM3,0.9712804270259289,0.5,True
8h4j__A1_W8UQZ7--8h4j__D1_W8UQZ7,0.9208050762021932,0.5,True
1z83__A1_P00568--1z83__B1_P00568,0.9739381994763856,0.5,True
8h2c__A1_Q0P8U0--8h2c__B1_Q0P8U0,0.9416801100637542,0.5,True
2dkh__A1_Q6SSJ6--2dkh__A2_Q6SSJ6,0.9564564677233808,0.5,True
7c7e__A1_A0A0H3MRW3--7c7e__A2_A0A0H3MRW3,0.9789748803827751,0.5,True
7px2__A1_UNDEFINED--7px2__B1_UNDEFINED,0.8442919763674481,0.5,True
3dpt__B1_Q8KC98--3dpt__A1_Q8KC98,0.9316732439521329,0.5,True
8u1j__A1_Q9RYE6--8u1j__A2_Q9RYE6,0.8900511729912939,0.49994550408719346,True
3fgw__A1_Q3TCN2--3fgw__A2_Q3TCN2,0.9988481715970364,0.5,True
7wh0__A1_Q9U2E4--7wh0__B2_Q9U2E4,0.9982188984698045,0.5,True
8dq3__A1_A0A142G3G1--8dq3__B1_A0A142G3G1,0.9699684133365122,0.5,True
8hci__B1_A0A8T8BZJ9--8hci__A1_A0A8T8BZN3,0.900714171676269,0.5,False
3qth__A1_Q47ZP9--3qth__B1_Q47ZP9,0.9489683235752479,0.5,True
8b28__A1_F6GSX7--8b28__A2_F6GSX7,0.9956939303334625,0.5,True
6scx__A1_Q9BQG2--6scx__B1_Q9BQG2,0.925167581770162,0.5,True
8hpc__A1_P60327--8hpc__H1_P60327,0.9798773170052881,0.5,True
5n76__A1_P72320--5n76__B1_P72320,0.9260257853506224,0.5,True
8hpi__A1_A0A8D3X086--8hpi__B1_A0A8D3X086,0.9872259691372175,0.5,True
3cq3__A1_Q53W28--3cq3__A2_Q53W28,0.8151422869732728,0.5,True
3kbu__A1_P11277--3kbu__D1_P16157,0.8921338885352696,0.5,False
7pck__A1_P43235--7pck__C2_P43235,0.5041234044088838,0.5,True
5o4z__A1_Q9X1T1--5o4z__A2_Q9X1T1,0.9930346553459938,0.5,True
1vla__A1_Q9X021--1vla__B1_Q9X021,0.9227119499366614,0.5,True
5oed__A1_Q6EAT3--5oed__B1_Q13637,0.9455090251540441,0.5,False
8hyn__A1_UNDEFINED--8hyn__B1_UNDEFINED,0.9776970952192802,0.5,True
7yva__A1_Q9URB4--7yva__B1_Q9URB4,0.9824413906444132,0.5,True
7s6n__B1_Q5RGJ8--7s6n__A1_Q5RGJ8,0.917562508528106,0.5,True
4cz8__A1_Q9UZ55--4cz8__B1_Q9UZ55,0.9512007307151147,0.5,True
6ebn__A1_A0A4P1LYB6--6ebn__B1_A0A4P1LYB6,0.9429775174034826,0.5,True
3lf4__B1_D1MPT3--3lf4__A1_D1MPT3,0.8640485735168024,0.5,True
3ffe__B1_Q93AT8--3ffe__A1_Q93AT8,0.9609159367428433,0.5,True
7zg6__A1_A0A2J0RDY6--7zg6__B1_A0A2J0RDY6,0.8826682387699646,0.5,True
1p65__A1_Q9YJI1--1p65__B1_Q9YJI1,0.8669191002813852,0.5,True
8f4q__A1_Q00972--8f4q__A2_Q00972,0.8352753930557331,0.5,True
4rz3__A1_A4IMB4--4rz3__B1_A4IMB4,0.9712212200731579,0.5,True
7tjl__A1_UNDEFINED--7tjl__A2_UNDEFINED,0.9698885408637947,0.5,True
8f8k__A1_O53507--8f8k__A2_O53507,0.9881129568326178,0.5,True
3zw5__A1_A6NK44--3zw5__B1_A6NK44,0.8889629583437267,0.5,True
6l3q__B1_G0SEI5--6l3q__A1_G0SEI5,0.949877149371548,0.5,True
8ag8__A1_A0A1I5SVP7--8ag8__A2_A0A1I5SVP7,0.9409789210432297,0.5,True
2i2w__A1_P63224--2i2w__D1_P63224,0.9775986405597046,0.5,True
2f22__B1_Q9RC77--2f22__A1_Q9RC77,0.9753874656064848,0.5,True
6yex__A1_UNDEFINED--6yex__B1_UNDEFINED,0.853937700384614,0.5,True
3tng__A1_Q8Y7B7--3tng__A2_Q8Y7B7,0.9671656876182524,0.5,True
8gr8__B1_P08679--8gr8__A1_P08679,0.9811665158938152,0.5,True
7ae8__A1_A0A0B0QJR1--7ae8__B1_A0A0B0QJR1,0.9762238036681404,0.5,True
2w54__B1_O54051--2w54__A1_O54050,0.9468803197421234,0.5,False
4cuc__A1_A0A0H2UP19--4cuc__A2_A0A0H2UP19,0.8889434243060496,0.5,True
4b0z__A1_P50524--4b0z__B1_P50524,0.9896720424722028,0.5,True
2re7__A1_Q4FV99--2re7__A2_Q4FV99,0.9529768270944742,0.5,True
8h0t__A1_O34614--8h0t__A2_O34614,0.9717427001476835,0.5,True
1te2__A1_P77247--1te2__B1_P77247,0.990996821399933,0.5,True
7xt2__A1_Q6ZMU5--7xt2__B1_Q6ZMU5,0.952836304390418,0.5,True
1ev7__A1_P50187--1ev7__B1_P50187,0.969596867581495,0.5,True
1ogl__A1_O15923--1ogl__A2_O15923,0.9921907314571234,0.5,True
3lrt__B1_Q97CA5--3lrt__A1_Q97CA5,0.9828066016245022,0.5032258064516129,True
3rvb__A1_P26663--3rvb__A2_P26663,0.7395734738888265,0.5,True
3fou__A1_Q5SGZ9--3fou__B1_Q5SGZ9,0.9837994911832564,0.5,True
5jnq__A1_R0BTE9--5jnq__A2_R0BTE9,0.9430776795285796,0.5,True
4g12__A1_A5U5K3--4g12__B1_A5U5K3,0.9836823531859578,0.5,True
3evj__B1_P01008--3evj__A1_P01008,0.9746538061022889,0.5,True
2oq2__B1_P18408--2oq2__A1_P18408,0.9886143226388249,0.5,True
8he6__A1_Q8YSS0--8he6__B1_Q8YSS0,0.9723964986468333,0.5168539325842697,True
2xij__A1_P22033--2xij__A2_P22033,0.9864741010077608,0.5,True
1nr5__A1_P07547--1nr5__A2_P07547,0.9896370024703194,0.5,True
1gmj__A1_P01096--1gmj__B1_P01096,0.8695708580582568,0.5,True
4yba__B1_Q93K36--4yba__A1_Q93K36,0.9849557179873921,0.5127367186190716,True
8ok7__A1_M4T0B2--8ok7__D1_M4T0B2,0.9648167678908623,0.5018334844248097,True
7f76__B1_A0A223KLJ1--7f76__A1_A0A223KLJ1,0.9062296635359506,0.5,True
7vp6__A1_Q9C9L2--7vp6__B1_Q9C9L2,0.8673169856910938,0.5046296296296297,True
8jmq__A1_A9CQD5--8jmq__B1_A9CQD3,0.952752657577819,0.5,False
7zgt__A1_W8R3D8--7zgt__B1_W8R3D8,0.99415884796654,0.5,True
7xgt__B1_Q6H8B1--7xgt__A1_Q6H8B1,0.9873560966961574,0.5,True
3i2t__A1_P04412--3i2t__A2_P04412,0.9611202620076141,0.5,True
8tjk__A1_A0A0F7G196--8tjk__B1_A0A0F7G196,0.9751109152289794,0.5,True
7wt0__A1_Q04760--7wt0__B1_Q04760,0.8962107697118875,0.5,True
3if0__A1_Q74MS9--3if0__A2_Q74MS9,0.9830438491464729,0.5,True
3qrh__A1_Q8SSM8--3qrh__A2_Q8SSM8,0.9756672268413908,0.5,True
8q70__A1_Q8U2C1--8q70__A2_Q8U2C1,0.9800231705739461,0.5,True
7vso__A1_P02945--7vso__A2_P02945,0.9272520292770495,0.5,True
5f8b__A1_Q4WB03--5f8b__A2_Q4WB03,0.9819115398046795,0.5,True
8ax0__A1_A0A384E145--8ax0__B1_A0A384E145,0.9885628088558636,0.5,True
8ant__B1_A0A1P8CWW1--8ant__A1_A0A1P8CWW1,0.7580582322791327,0.5030120481927711,True
7r5y__E2_R7PD89--7r5y__A1_R7PD89,0.9912127191945928,0.5,True
7qow__B1_Q93P54--7qow__A1_Q93P54,0.9755291685048173,0.5,True
5il7__A1_Q8KC98--5il7__B1_Q8KC98,0.8646760625031348,0.5,True
3ct9__B1_Q8A1V9--3ct9__A1_Q8A1V9,0.9959677292802283,0.5,True
8pvm__A1_P29166--8pvm__B1_P29166,0.9135797430909288,0.5,True
8ct0__F1_S4S3E3--8ct0__A1_S4S3E3,0.9408037413674434,0.49998306290437317,True
3q2j__B1_P0A3Y5--3q2j__A1_P0A3Y5,0.8617433437588341,0.5,True
7xzp__B1_A0A379CIH2--7xzp__A1_A0A379CIH2,0.9756354660753727,0.5,True
7tvm__A1_UNDEFINED--7tvm__B1_UNDEFINED,0.991757362096076,0.5,True
3qvf__A1_Q56187--3qvf__A2_Q56187,0.9016304967342772,0.5,True
6gxs__A1_Q7NZ70--6gxs__D1_Q7NZ70,0.8832456371163004,0.5,True
2hr8__A1_O58456--2hr8__B1_O58456,0.9477972127786571,0.5,True
2zyf__A1_O87198--2zyf__A2_O87198,0.9459792967148082,0.5,True
7s3v__A1_Q16719--7s3v__A2_Q16719,0.9705482761700504,0.5,True
6a29__A1_O32504--6a29__B1_O32504,0.9716861049068342,0.5,True
4ml6__C1_A6GV51--4ml6__A1_A6GV51,0.9671074787669292,0.5032679738562091,True
4cht__A1_Q13472--4cht__B1_Q9H9A7,0.9463491628885824,0.5,False
1n4p__B1_P53610--1n4p__A1_Q04631,0.970690986202575,0.5,False
1tec__A1_P04072--1tec__B1_P01051,0.9698975355197501,0.5,False
8p1h__A1_E7EX29--8p1h__B2_E7EX29,0.7942878081245934,0.5,True
6b9t__A1_A9A1T2--6b9t__B1_A9A1T2,0.8838840492724369,0.5,True
3g0k__A1_Q2G4A7--3g0k__A2_Q2G4A7,0.954204190177248,0.5,True
7zoo__B1_A0A979GQH9--7zoo__A1_A0A979GQH9,0.6954320816590457,0.5,True
8hy5__A1_P14920--8hy5__B1_P14920,0.9435430783020932,0.5,True
8fts__A1_R9UTR3--8fts__A2_R9UTR3,0.9811444860754731,0.5,True
1jrk__A1_Q8ZTD8--1jrk__B1_Q8ZTD8,0.948680729113469,0.5,True
7y8v__A1_UNDEFINED--7y8v__B1_UNDEFINED,0.9851948175487995,0.5,True
2ejn__A1_P30440--2ejn__B1_P30440,0.9752399037564167,0.5,True
5hs5__A1_Q2G0D1--5hs5__B1_Q2G0D1,0.9796376399994176,0.5,True
3v89__A1_Q9K0U9--3v89__B1_P02787,0.911754233429862,0.5,False
8e3g__B1_P43026--8e3g__A1_P12643,0.7513271689693164,0.5,False
2w8b__A1_P0A855--2w8b__H1_P0A912,0.9134467835196023,0.5,False
5f7p__B1_Q8YAF1--5f7p__A1_Q8YAF1,0.9779792832422938,0.5,True
8f71__B1_Q6N5G3--8f71__A1_Q6N5G3,0.9775265477352,0.5,True
8hwi__B1_A0A327WNX5--8hwi__A1_A0A327WNX5,0.9475010999027351,0.5,True
7r3i__B1_P54292--7r3i__A1_P54292,0.9644654602883477,0.5,True
8afj__A1_A0A179QS89--8afj__B1_A0A179QS89,0.9799748522187078,0.5,True
3pub__B1_E5EVW2--3pub__A1_E5EVW2,0.8457203547917345,0.5,True
8es5__A1_A0A0H2Z732--8es5__B1_A0A0H2Z732,0.9354740199407127,0.5,True
7txn__B1_Q8YVV6--7txn__A1_Q8YVV6,0.9905686418844314,0.5,True
3py6__A1_Q2YQ74--3py6__A2_Q2YQ74,0.9839330570239615,0.5,True
1hjr__A1_P0A814--1hjr__C1_P0A814,0.9825730489046012,0.5,True
8k3b__A1_A0A071KWR3--8k3b__A2_A0A071KWR3,0.9628013283016686,0.5,True
3w2z__A1_Q8YXY7--3w2z__A2_Q8YXY7,0.9705786133064059,0.5,True
8f78__A1_P55212--8f78__B1_P55212,0.9103729670434492,0.5,True
6wg4__A1_Q14683--6wg4__B1_Q9UQE7,0.792075340273725,0.5,False
7zry__A1_O60341--7zry__B1_Q9UKL0,0.9244202909492657,0.5,False
1uix__A1_Q28021--1uix__B1_Q28021,0.9684835437847487,0.5135135135135135,True
7vrc__A1_P38956--7vrc__B1_P22082,0.9369254298247088,0.514396116591878,False
1oz0__A1_P31335--1oz0__B1_P31335,0.9807752423274232,0.5,True
7eft__B1_P16926--7eft__A1_P16926,0.9167062734347267,0.5,True
5jsn__A1_P10415--5jsn__B1_UNDEFINED,0.9578286065026267,0.5,False
8e2b__B1_Q2FYI5--8e2b__A1_Q2FYI5,0.9134466346285555,0.5032679738562091,True
7jw6__A1_Q9VIF1--7jw6__A2_Q9VIF1,0.9575849419334589,0.5,True
1jkw__A1_P51946--1jkw__A2_P51946,0.97804175874603,0.5,True
4pfp__B1_F1RQI7--4pfp__A1_F1RQI7,0.9878910933608177,0.5,True
8h1s__A1_Q9I5U2--8h1s__B1_Q9HX32,0.7953926760940107,0.5,False
7t0y__A1_P62136--7t0y__B1_Q14684,0.7157292836503275,0.5,False
1tz9__A1_Q82ZC9--1tz9__B1_Q82ZC9,0.9744376207963401,0.5,True
2wns__B1_P11172--2wns__A1_P11172,0.9707343024671347,0.5,True
6s8v__B1_P08195--6s8v__A1_P80188,0.8690607884203371,0.5,False
6hq6__A1_UNDEFINED--6hq6__B1_UNDEFINED,0.979989020313269,0.5,True
2gt4__A1_P32056--2gt4__B1_P32056,0.92896458779781,0.5,True
3bof__A1_Q9WYA5--3bof__B1_Q9WYA5,0.9971859657001473,0.5,True
6trj__A1_O75475--6trj__A2_O75475,0.9227952832182612,0.5,True
8h4z__A1_A0A2X5A3P4--8h4z__B1_A0A2X5A3P4,0.9977526670653385,0.5,True
2hre__A1_P22830--2hre__B1_P22830,0.9300469660800934,0.5,True
5yjc__A1_Q5HK94--5yjc__B1_Q5HK94,0.8005679044738581,0.5,True
8d6k__A1_Q9L1K2--8d6k__B1_Q9L1K2,0.9768126323989018,0.5,True
2zew__B1_Q9ZA17--2zew__A1_Q9ZA17,0.9449421549958682,0.5,True
5wpi__A1_Q58PW8--5wpi__B1_Q58PW8,0.9663967022910193,0.5,True
8fk6__A1_A0A0C9S461--8fk6__B1_P80098,0.8577697554267024,0.5,False
7tm7__A1_A0A0H3GYH4--7tm7__B1_A0A0H3GYH4,0.9827396707118433,0.5,True
8gy0__A1_A0A8H4VHP2--8gy0__B1_A0A8H4VHP2,0.9634830596101743,0.5,True
7x4b__A1_A0A2D0TCG3--7x4b__B1_A0A2D0TCG3,0.9139667780522059,0.5,True
4aqp__B1_P54253--4aqp__A1_P54253,0.9330260080755668,0.49996802660186723,True
3npi__A1_Q6NFU8--3npi__B1_Q6NFU8,0.9572908425632912,0.5,True
8cok__B1_Q9NXR8--8cok__A1_Q9NXR8,0.9315763463658808,0.5,True
1wz3__A1_Q9LVK3--1wz3__B1_Q9LVK3,0.8257507845364497,0.5090715035183813,True
1nw1__A1_Q22942--1nw1__B1_Q22942,0.9911993730894358,0.5,True
1hrp__B1_P0DN86--1hrp__A1_P01215,0.836164346186917,0.5,False
3qf4__B1_Q9WYC4--3qf4__A1_Q9WYC3,0.9493486541273243,0.5,False
7y4o__B1_A0A0G2JZC4--7y4o__A1_A0A0G2JZC4,0.9841261024951429,0.5,True
8hns__A1_A0A377JKY9--8hns__A2_A0A377JKY9,0.91482376242946,0.5,True
3mpn__A1_O67854--3mpn__A2_O67854,0.9747148532842214,0.5,True
6vlg__A2_Q9WTS2--6vlg__C1_Q9WTS2,0.9789160568969474,0.5,True
1v71__A1_O59791--1v71__A2_O59791,0.9957968950391998,0.5,True
3fpk__A1_Q8ZKP5--3fpk__B1_Q8ZKP5,0.9658354378830889,0.5,True
8eb3__A1_K2K6A3--8eb3__B1_K2K6A3,0.9792849884526558,0.5,True
4z1i__C1_Q12931--4z1i__A1_Q12931,0.9478480236618554,0.5,True
8pz3__A1_D7SFB8--8pz3__B1_D7SFB8,0.9553871355368593,0.5,True
5vpb__B1_P17535--5vpb__A1_P53539,0.9334987908871071,0.5,False
8bt3__A1_Q6F0T5--8bt3__A2_Q6F0T5,0.9648812842921175,0.5,True
1r7h__A1_O69271--1r7h__B1_O69271,0.8760386180065338,0.5,True
4oag__A1_Q8BGV8--4oag__B1_Q8BGV8,0.8664782838182465,0.5,True
5bo9__A1_O43173--5bo9__B1_O43173,0.9129060024870908,0.5,True
7kws__A1_Q0P8H3--7kws__B1_Q0P8H3,0.9916243668771944,0.5,True
4qa0__A1_Q9BY41--4qa0__B1_Q9BY41,0.9805504732133818,0.5,True
6epi__B1_D5K9G7--6epi__A1_D5K9E3,0.9133286591369,0.5,False
7qgs__B1_Q09472--7qgs__A1_Q16665,0.7467133837507807,0.5134912925830847,False
7tz7__A1_P42336--7tz7__B1_P27986,0.8962031140491191,0.5,False
2zl1__A1_Q9UHA4--2zl1__B1_Q9JHS3,0.9483748243590763,0.5,False
4ija__A1_A0A0H3JS71--4ija__B1_A0A0H3JS71,0.9575717344034635,0.5,True
3ijt__B1_Q8DVN6--3ijt__A1_Q8DVN6,0.8837191372896711,0.5,True
7qgt__A1_P35520--7qgt__B1_P35520,0.9288739913865522,0.5,True
8i4q__A1_Q8NQI2--8i4q__B1_Q8NQI2,0.9782801257059023,0.5,True
5lxv__A1_G9FCX2--5lxv__B1_A0A1L1QK37,0.9627133306344444,0.5,False
8h25__A1_A0A5R8LFD3--8h25__C1_A0A5R8LFD3,0.970618573483821,0.5,True
6kjl__A1_Q9RC94--6kjl__B1_Q9RC94,0.842495194674707,0.5,True
5f3o__A1_C4LU64--5f3o__B1_C4LU64,0.9362692783181247,0.5,True
8arv__A1_Q9HW35--8arv__B1_Q9HW35,0.9908057505465271,0.5,True
2i1a__B1_P40087--2i1a__A1_P40087,0.9714227236677156,0.5,True
2y9x__A1_C7FF04--2y9x__E1_G1K3P4,0.9445848983385681,0.5,False
8waa__A1_P29401--8waa__B1_P29401,0.9764490855249901,0.5,True
6n2f__B1_Q94A94--6n2f__A1_Q94A94,0.9407720272225477,0.5,True
8b08__B1_P0A2K1--8b08__A1_P00929,0.9433602973121021,0.5,False
5ja2__A1_P11454--5ja2__B1_Q9I169,0.893779610660332,0.5,False
4g3w__A1_O66591--4g3w__A2_O66591,0.9920764589673768,0.499946606866357,True
5cm2__A1_Q6C999--5cm2__B1_Q6C4P5,0.7717543461859395,0.5,False
6g70__B1_Q8K2Z2--6g70__A1_Q8K2Z2,0.9601011720662035,0.5,True
7xac__A1_P47929--7xac__B1_P47929,0.7871718586531579,0.5,True
4d4t__A1_P0DOE7--4d4t__A2_P0DOE7,0.823601578110481,0.5,True
2zz8__A1_O34094--2zz8__B1_O34094,0.9607226237581473,0.5,True
8b8h__A1_P9WQA9--8b8h__B1_P9WQA9,0.9486799269223648,0.5,True
7u2s__A1_A0A2W1NDJ7--7u2s__B1_A0A2W1NDJ7,0.9592194629976616,0.5,True
1d2g__A1_P13255--1d2g__B1_P13255,0.9450103925303399,0.5,True
7uld__A1_O28028--7uld__A2_O28028,0.9706918483326655,0.5,True
4c0f__B1_Q9NZN8--4c0f__A1_Q9NZN8,0.9142722995964967,0.5,True
8co8__A1_Q9Q6P4--8co8__A2_Q9Q6P4,0.9670237545605077,0.5,True
3lcr__B1_A4KCE5--3lcr__A1_A4KCE5,0.9975469799968746,0.5,True
8b21__A1_Q9S5X0--8b21__B1_Q9S5X0,0.9543124411008638,0.5,True
3swk__A1_P08670--3swk__B1_P08670,0.9288451583215899,0.5,True
8txn__B1_P08120--8txn__A1_P08120,0.9249102520437008,0.5,True
8dak__A1_F2X702--8dak__B1_F2X702,0.9611704109589041,0.5,True
2rde__B1_A0A0H3ADR8--2rde__A1_A0A0H3ADR8,0.8266572611213161,0.5,True
6sek__A1_UNDEFINED--6sek__B1_UNDEFINED,0.9774479473274753,0.5,True
2pih__A1_O31779--2pih__B1_O31779,0.9565905162144798,0.5,True
6v7v__A1_A0SML3--6v7v__B1_A0SML3,0.9693868639387635,0.5087719298245614,True
7ykv__B1_Q58241--7ykv__A1_Q58241,0.9899468729095589,0.5,True
7y4g__A1_Q8A028--7y4g__A2_Q8A028,0.9775829648348857,0.5,True
8cci__A1_A0R7I9--8cci__A2_A0R7I9,0.9755820790108268,0.5,True
6p35__A1_P75913--6p35__A2_P75913,0.9811918666291184,0.5,True
6p3j__A1_Q0KJL4--6p3j__B1_Q0KJL4,0.9697149183634787,0.5,True
4o6p__A1_Q8RDI4--4o6p__B1_Q8RDI4,0.8832902593351752,0.5,True
8ozv__A1_A0A179UH34--8ozv__A2_A0A179UH34,0.9419781985588747,0.5,True
2cim__A1_Q46AN5--2cim__B1_Q46AN5,0.9533426902721671,0.5,True
6tpo__A1_P24474--6tpo__A2_P24474,0.9881758789889883,0.5,True
7wwo__B1_Q5SH57--7wwo__A1_Q5SH57,0.8715999894163093,0.5,True
4pmv__A1_Q8PEU1--4pmv__B1_Q8PEU1,0.9735471138479947,0.5,True
7xge__A1_UNDEFINED--7xge__B1_Q07820,0.96756423949574,0.49996017681494165,False
6rmr__B1_P19926--6rmr__A1_P19926,0.9953208124505194,0.5,True
6hhb__A1_E0SCP7--6hhb__C1_E0SCP7,0.9822817057700373,0.5,True
7e5c__A1_A0A1I7CHQ2--7e5c__B1_A0A1I7CHQ2,0.9891927716213549,0.5,True
2gn5__A1_P69542--2gn5__A2_P69542,0.8611582014802995,0.5,True
2wfh__A1_O94813--2wfh__B1_O94813,0.9632868814686996,0.5,True
3zco__A1_P06701--3zco__A2_P06701,0.8515669870530678,0.5,True
2ghy__A1_P03051--2ghy__B1_P03051,0.9009538557729357,0.5,True
3htr__A1_Q6N0K4--3htr__B1_Q6N0K4,0.8247323920710773,0.5,True
8aeu__A1_Q00987--8aeu__A2_Q00987,0.9229879432308582,0.49986551909628835,True
1xuv__A1_Q8PZJ2--1xuv__C1_Q8PZJ2,0.9891256102973812,0.5,True
2o8p__A1_Q5CYG0--2o8p__A2_Q5CYG0,0.978413958207344,0.5,True
4zmu__A1_Q9I072--4zmu__B1_Q9I072,0.9906776300747004,0.5,True
3dl3__G2_Q5E3X2--3dl3__C1_Q5E3X2,0.8949754012152348,0.5,True
7yvz__A1_A7LPG5--7yvz__A2_A7LPG5,0.8368338178294574,0.5034853439922481,True
4ia6__A1_Q5FL96--4ia6__B1_Q5FL96,0.99356530415355,0.5,True
8bou__A1_A0A7G5MNS2--8bou__B1_A0A7G5MNS2,0.9874828200906283,0.5,True
5gk1__A1_Q7N4Z6--5gk1__B1_Q7N4Z6,0.9769615039477336,0.5,True
5x03__B1_P94426--5x03__A1_P94426,0.9867298875933241,0.5,True
3gku__A1_D0VX24--3gku__B1_D0VX24,0.9890216309424654,0.5,True
1k3e__B1_P58233--1k3e__A1_P58233,0.873172688885349,0.5,True
6u18__A1_Q9EVJ6--6u18__B1_Q9EVJ6,0.9782016411885383,0.5,True
6b9p__A1_C0HJB3--6b9p__B1_C0HJB3,0.9930081463242635,0.5,True
7wpy__A1_A0A097ZPD5--7wpy__C1_A0A097ZPD5,0.9722234128233765,0.5,True
7xn2__A1_Q8YR38--7xn2__A2_Q8YR38,0.9614928879029101,0.5,True
3qhy__B1_O87916--3qhy__A1_Q93T42,0.9763525387582557,0.5,False
4j5p__B1_P97612--4j5p__A1_P97612,0.9607436767436204,0.5,True
4icq__A1_A0A0H2UN95--4icq__B1_A0A0H2UN95,0.9953589626477505,0.5,True
1klf__B1_P08191--1klf__A1_P31697,0.8461010366476858,0.5,False
6y4l__A1_Q15006--6y4l__B1_Q9Y3B6,0.9528364904518289,0.5,False
6dex__B1_Q74ZQ8--6dex__A1_Q75DL0,0.9417810437523841,0.5,False
2z02__A1_Q58987--2z02__B1_Q58987,0.9939376871038127,0.5,True
4l7w__A1_Q7Z4H3--4l7w__A2_Q7Z4H3,0.9643972553707659,0.5,True
6tct__A1_Q9KL67--6tct__B1_Q9KL67,0.9732775991425509,0.5,True
6sul__A1_A8FAR5--6sul__B1_A8FAR5,0.9684737634109585,0.5,True
4qqv__A1_P26954--4qqv__B1_P26954,0.8803469766872491,0.5,True
3l8d__A1_A0RD96--3l8d__A2_A0RD96,0.9650039489042413,0.5,True
7yqa__B1_A0A1C9ZZ39--7yqa__A1_A0A1C9ZZ39,0.8007985494663683,0.5,True
1b8m__B1_P34130--1b8m__A1_P23560,0.8788634281830805,0.5,False
1irq__B1_Q57468--1irq__A1_Q57468,0.886735518634935,0.5117754827121688,True
7xi6__A1_A5GXY1--7xi6__B1_A5GXY1,0.8069937407286806,0.564053511342668,True
6iik__A1_P54578--6iik__B1_P54578,0.9953813774776358,0.5,True
3nau__A1_Q9Y6X8--3nau__B1_Q9Y6X8,0.8335080381161736,0.5,True
3cis__B1_P9WFD7--3cis__A1_P9WFD7,0.9631065521115763,0.5,True
4jzy__B1_O77059--4jzy__A1_O77059,0.9595520864622895,0.5,True
8d03__A1_UNDEFINED--8d03__A2_UNDEFINED,0.9764089599134389,0.5434782608695652,True
7yxg__A1_Q9VU77--7yxg__B1_Q9VU77,0.9912892512392311,0.5,True
5cio__A1_A0A1A9TAI5--5cio__B1_A0A1A9TAI5,0.9489614699600303,0.5,True
8jwj__A1_Q9DAG9--8jwj__B1_P62837,0.8540751204758933,0.5,False
6ia6__A1_A0A1C7D1B7--6ia6__A2_A0A1C7D1B7,0.9969474432908276,0.5,True
8h1g__A1_O67518--8h1g__A2_O67518,0.9658533067071768,0.5,True
6x61__A1_Q79V60--6x61__B1_Q8DMT2,0.8623606609695976,0.5,False
7kqt__A1_UNDEFINED--7kqt__B1_UNDEFINED,0.9746958618133226,0.5,True
7x0d__A1_A5YW95--7x0d__B1_A5YW95,0.9705126906979884,0.5,True
1ghd__B1_O86089--1ghd__A1_O86089,0.9449990275207041,0.5,True
2x6f__A1_Q9W1M7--2x6f__B1_Q9W1M7,0.9756542961030099,0.5,True
8oik__A1_Q9UPU9--8oik__C1_Q9UPU9,0.9154206268820614,0.5,True
6nxl__A1_B4DV12--6nxl__E1_B4DV12,0.8715493212273218,0.5013012775931087,True
8wmy__A1_A0A4U7IGH6--8wmy__B2_A0A4U7IGH6,0.9770038445089388,0.5,True
3trf__A1_Q83AJ3--3trf__A2_Q83AJ3,0.9101133035163711,0.5,True
5h4s__A1_A0A090BWT0--5h4s__A2_A0A090BWT0,0.7340251203732432,0.5,True
2zvb__A1_Q53WA6--2zvb__A2_Q53WA6,0.9286023869666238,0.5,True
8wa7__A1_P27302--8wa7__B1_P27302,0.9784476488628198,0.5,True
3b0z__B1_P40727--3b0z__A1_P40727,0.8188413984845528,0.5,True
4usp__A1_B3GA02--4usp__B1_B3GA02,0.8407251779057946,0.5,True
7cms__A1_P00953--7cms__B1_P00953,0.9756576591516217,0.5,True
7t8q__A1_Q7S860--7t8q__D1_Q7S860,0.9300937965547664,0.5,True
6j9k__A1_A0A425B3G2--6j9k__A2_A0A425B3G2,0.9774021142287881,0.5,True
7xp0__A1_Q9I5E1--7xp0__A2_Q9I5E1,0.9683789818069279,0.5,True
8ih4__A1_Q8WVV5--8ih4__B1_Q8WVV5,0.9524731244207568,0.5,True
7qej__A1_P0DV33--7qej__B1_P0DV33,0.9849727689327497,0.5,True
1tfe__A1_P43895--1tfe__A2_P43895,0.9827579741603211,0.5,True
2a8f__A1_P15569--2a8f__B1_P15569,0.9832257667957466,0.5,True
4iwq__A1_Q9UHD2--4iwq__A2_Q9UHD2,0.895034237034916,0.5,True
