system_id,auroc,bacc,is_homodimer
8iyi__A1_Q6CVU4--8iyi__B1_Q6CVU4,0.9507751528530586,0.5,True
1uus__A1_O00910--1uus__A2_O00910,0.9654408504692926,0.5,True
1zt2__A1_Q97Z83--1zt2__C1_Q9UWW1,0.9568686062075886,0.5,False
7uex__A1_Q9H999--7uex__A2_Q9H999,0.9689382236682312,0.5,True
6jqy__A1_P9WF13--6jqy__B1_P9WF13,0.9301219068413391,0.5,True
6l6w__A1_A0A3B6UEU3--6l6w__A2_A0A3B6UEU3,0.9848199192142411,0.5,True
8h56__A1_Q8BB16--8h56__B1_Q8BB16,0.9352966122835903,0.5,True
8grj__B1_Q8GQE7--8grj__A1_A0A0H3KLY3,0.963310363357161,0.5,False
2j0n__B1_P18013--2j0n__A1_P18013,0.7908655102830318,0.5,True
3rq1__A1_D1BN29--3rq1__C1_D1BN29,0.934182191510404,0.5,True
5djt__A1_O49004--5djt__B1_UNDEFINED,0.949980212261166,0.5,False
5ae6__B1_Q92458--5ae6__A1_Q92458,0.9025524301736529,0.5,True
3v1e__A1_UNDEFINED--3v1e__B1_UNDEFINED,0.8782017543859649,0.5,True
7qi3__A1_W7NDP8--7qi3__C1_W7NDP8,0.9336043181415548,0.5,True
2yve__A1_Q8NMG3--2yve__B1_Q8NMG3,0.958703515578719,0.5,True
5ynx__A1_B2GM84--5ynx__B1_B2GM84,0.9515945813058442,0.5,True
2r6u__A1_Q0S814--2r6u__C1_Q0S814,0.8848984471492551,0.5,True
8b6m__A1_Q9H2K2--8b6m__B1_Q9H2K2,0.7287948117300553,0.5,True
3kc2__A1_P36151--3kc2__B1_P36151,0.9777443675193617,0.5,True
3vp5__A1_Q9CHR1--3vp5__A2_Q9CHR1,0.9878298758631466,0.5,True
7pvh__A1_B2RLE7--7pvh__B1_B2RLE7,0.8462547250340968,0.5,True
4nqf__B2_Q7CW19--4nqf__A1_Q7CW19,0.9274771661048243,0.5,True
1vjh__A1_P0C0B0--1vjh__B1_P0C0B0,0.8481748263340454,0.5,True
5xw4__B1_Q00684--5xw4__A1_Q00684,0.8234375187663711,0.5,True
8aai__A1_O00560--8aai__C1_O00560,0.7089130102430821,0.5,True
4xdl__A1_P57789--4xdl__B1_P57789,0.8642676788047265,0.5,True
6ukl__A1_P0A901--6ukl__F1_P0A901,0.8887407387594618,0.5,True
5dot__A1_P31327--5dot__B1_P31327,0.9103775764379562,0.5,True
5by4__A1_P0ABV6--5by4__A2_P0ABV6,0.9340774673336968,0.5,True
7zxs__A1_Q86TI2--7zxs__C1_Q86TI2,0.9633519913023298,0.5,True
1v6u__A1_Q7SI98--1v6u__B1_Q7SI98,0.8528355322726501,0.5,True
6e27__A1_Q9H257--6e27__B1_Q9H257,0.7560274094451289,0.5,True
7szd__A1_Q96S44--7szd__B1_Q9Y3C4,0.9602251457410331,0.5,False
1h9r__A1_P0A9G8--1h9r__B1_P0A9G8,0.8842101578036424,0.5,True
3on6__A1_A7M0J6--3on6__B1_A7M0J6,0.9552734182650702,0.5,True
8fwy__A1_Q4DGA2--8fwy__B1_Q4DGA2,0.9047687290811919,0.5,True
1yu6__A1_P00780--1yu6__C1_P68390,0.8859910557230386,0.5,False
6ek1__A1_A0A452CST7--6ek1__A2_A0A452CST7,0.9814248526125181,0.5,True
6ckj__A1_P0A0Z8--6ckj__A2_P0A0Z8,0.9584785022481668,0.5,True
7yj0__B1_UNDEFINED--7yj0__A1_UNDEFINED,0.9635604015395172,0.5,True
1w33__A1_O50957--1w33__B1_O50957,0.9496189480430273,0.5,True
4usk__B1_H7C745--4usk__B2_H7C745,0.9260814152464416,0.5,True
6cmv__B1_Q4J9G1--6cmv__A1_Q4J9G1,0.9793045140839375,0.5,True
7y70__A1_F4KCC2--7y70__A2_F4KCC2,0.7845993622046838,0.5,True
3cwx__A1_P94837--3cwx__B1_P94837,0.9481587652330284,0.5,True
3p1y__A1_O29362--3p1y__B1_O29362,0.7938828344493114,0.5,True
8a8i__A1_Q9R9V9--8a8i__B1_Q9R9V9,0.9859762705209416,0.5,True
5d1l__A1_P62837--5d1l__B1_Q96BH1,0.7798268854744479,0.5,False
8bcs__A1_UNDEFINED--8bcs__A2_UNDEFINED,0.858562534002297,0.5,True
8og3__A1_P38489--8og3__B1_P38489,0.956046902923072,0.5,True
3c07__A1_Q9KZ96--3c07__B1_Q9KZ96,0.9806669677773487,0.5,True
3iqy__A1_P28366--3iqy__A2_P28366,0.968729777150691,0.5,True
4afi__A1_P70280--4afi__B1_P70280,0.8696362381314032,0.5,True
7e76__A1_A0A3B6LNA8--7e76__B1_A0A3B6LNA8,0.8870122957410596,0.5,True
3cqc__A1_P57740--3cqc__B1_Q8WUM0,0.9208435087872313,0.5,False
7x1k__A1_Q6DL91--7x1k__B1_Q6DL91,0.6080146716262285,0.5,True
6ydr__A1_A0A3S8UVN5--6ydr__A2_A0A3S8UVN5,0.8772379717422054,0.5,True
8egw__B1_Q6V0I7--8egw__A1_Q96JQ0,0.8325430507248688,0.5,False
8sgd__A1_P25342--8sgd__B1_P32457,0.8950997718103963,0.5,False
3ecf__A1_Q3M5E4--3ecf__B1_Q3M5E4,0.9132787106834636,0.5,True
6j94__A1_Q93VK5--6j94__B1_Q93VK5,0.9616136124214567,0.5,True
7xsh__A1_K1KV82--7xsh__B2_K1KV82,0.9928396076334406,0.5,True
7fct__B1_A0A4Y1LJC5--7fct__A1_A0A4Y1LJC5,0.913621060188023,0.5,True
8v14__A1_G5EEF9--8v14__B1_G5EEF9,0.9407350628930817,0.5,True
6r76__A1_H3ZMH8--6r76__B1_H3ZMH8,0.9609602943121649,0.5,True
8ap0__A1_A0A5S9CYM0--8ap0__A2_A0A5S9CYM0,0.9704754239328586,0.5,True
5j10__A1_UNDEFINED--5j10__B1_UNDEFINED,0.9364518110416438,0.5,True
3qph__A1_Q9HGZ9--3qph__A2_Q9HGZ9,0.9132237150314549,0.5,True
3o6j__A1_O67987--3o6j__B1_O67987,0.9783037447925127,0.5034965034965035,True
6o6z__A1_B6YWC3--6o6z__B1_B6YWC3,0.9628860935715384,0.5,True
7edp__B1_Q5JT35--7edp__A1_Q8TEK3,0.8814045055821371,0.5,False
3fil__A1_P19909--3fil__B1_P19909,0.9491816963043533,0.5,True
6do2__A1_P11021--6do2__B1_P11021,0.9115357288903814,0.5,True
7f4q__B1_Q22GC0--7f4q__A1_I7M8B9,0.9126357519285753,0.5,False
4hfg__A1_Q9NQG5--4hfg__B1_Q9NQG5,0.916875091833228,0.5,True
7yh2__A1_A0A1Q9P883--7yh2__B1_A0A1Q9P883,0.9866332794555025,0.5,True
3axs__A1_O67010--3axs__A2_O67010,0.9895861152222191,0.5,True
3cqr__A1_Q39249--3cqr__B1_Q39249,0.8919967277490182,0.5,True
3s8k__A1_P80691--3s8k__B1_P80691,0.9141394357490578,0.5,True
4oun__A1_O31418--4oun__A2_O31418,0.9618437314701701,0.5,True
2iab__A1_Q825J7--2iab__B1_Q825J7,0.92934086082341,0.5,True
3o3n__A1_Q5U924--3o3n__B1_Q5U923,0.9585027579542473,0.5,False
6f3z__A1_P0ADC3--6f3z__B1_P61316,0.9408474905039836,0.5,False
1hr7__A1_P11914--1hr7__B1_P10507,0.9361352222458484,0.5,False
8gko__B1_P28296--8gko__A1_P28296,0.9345523013377234,0.5,True
2gkv__A1_P00777--2gkv__B1_P68390,0.9092423501377178,0.5,False
8stx__A1_Q4E4E1--8stx__B1_Q4E4E1,0.9793553307537208,0.5,True
4m36__A1_Q582G4--4m36__A2_Q582G4,0.9435866782677316,0.5,True
5wpu__A1_A0A076NBW8--5wpu__A2_A0A076NBW8,0.9412585633766112,0.5,True
5yps__A1_A0A0W4ZF97--5yps__B1_A0A0W4ZF97,0.9588678315203272,0.5,True
5oge__E1_P40107--5oge__A1_P40107,0.9231878497675458,0.5,True
5fey__B1_Q13049--5fey__A1_Q13049,0.9407855364003167,0.5,True
8hce__B1_Q91XB0--8hce__A1_Q91XB0,0.9202811177072798,0.5,True
1ggp__B1_Q7SIF1--1ggp__A1_Q7SIF0,0.9268536797517742,0.5,False
5z50__A1_O05926--5z50__B1_O05926,0.933863644204863,0.5,True
6eyy__A1_A0A1S5PRR0--6eyy__B1_A0A1S5PRR0,0.8476769545393922,0.5,True
7t9u__A1_Q86WV6--7t9u__A2_Q86WV6,0.9775353003227518,0.5,True
6ey4__A1_Q5EGM3--6ey4__A2_Q5EGM3,0.9009534344687267,0.5,True
2hvg__A1_A5KBL5--2hvg__B1_A5KBL5,0.9119403970742233,0.5,True
6wp7__A1_Q82H41--6wp7__B1_Q82H41,0.9183248105685583,0.5,True
7dnu__A1_P32092--7dnu__A2_P32092,0.8466844431556645,0.5,True
3w8i__A1_Q9BUL8--3w8i__B1_Q9P289,0.9435015350284975,0.5,False
4oky__A1_Q52612--4oky__A2_Q52612,0.9136367281009243,0.5,True
7t63__B1_UNDEFINED--7t63__A1_UNDEFINED,0.8260376861324159,0.5,True
7x20__A1_P54708--7x20__B1_P07340,0.9610829085092816,0.5,False
3hnw__A1_D0VWZ2--3hnw__B1_D0VWZ2,0.9381069265775611,0.5,True
8r37__A1_A0A086IRG1--8r37__B1_A0A086IRG1,0.9101205528331436,0.5,True
7zm5__A1_Q6WGM0--7zm5__B1_Q6WGM0,0.9788090188975352,0.5,True
2z7j__A1_P25220--2z7j__A2_P25220,0.5967885178010979,0.5,True
1rqg__A1_Q9V011--1rqg__A2_Q9V011,0.8754435147031052,0.5,True
8brl__A1_F7J213--8brl__A2_F7J213,0.9811205765489563,0.5,True
6noi__A1_UNDEFINED--6noi__B1_UNDEFINED,0.9403022058066258,0.5,True
7qiu__A1_P94538--7qiu__B1_P94538,0.988383603961735,0.5,True
6sjs__A1_B8FUR2--6sjs__B1_B8FUR2,0.98891610853035,0.5,True
8hlg__A1_Q9RR88--8hlg__B1_Q9RR88,0.8984696104027142,0.5,True
6mpc__A1_B3DQP5--6mpc__B1_B3DQP5,0.9939375392822024,0.5,True
4uae__A1_O00629--4uae__B1_P31345,0.8890589764853236,0.5,False
7pcr__A1_P56185--7pcr__A2_P56185,0.897312590614055,0.5,True
3bvq__B1_Q2I6W2--3bvq__A1_Q2I6W2,0.9538383058602865,0.5,True
7a67__B1_UNDEFINED--7a67__A1_Q9V1Z9,0.8677537090581599,0.5,False
6bsu__A1_Q9LZJ3--6bsu__B1_Q9LZJ3,0.9133955689265494,0.5,True
4e5u__B1_Q9HZN8--4e5u__A1_Q9HZN8,0.9750296861964305,0.5,True
8a52__A1_P23222--8a52__B1_P23222,0.9521728930026363,0.5,True
1d0v__A1_Q05603--1d0v__A2_Q05603,0.9824089130780721,0.5,True
3gwq__A1_Q145Q0--3gwq__B1_Q145Q0,0.9159641557313527,0.5,True
1yhc__A1_O67648--1yhc__B1_O67648,0.9600410757845655,0.5,True
7lxs__A1_Q8ZMZ2--7lxs__C1_Q8ZMZ2,0.9683780165707877,0.5,True
6w08__B1_Q9KL63--6w08__A1_Q9KL63,0.9651818544730841,0.5,True
7wrm__A1_D0IVL9--7wrm__B1_D0IVL9,0.9451520351713145,0.5,True
2yww__B1_Q58801--2yww__A1_Q58801,0.9881484077708792,0.5,True
3lm6__A1_P40869--3lm6__B1_P40869,0.9833951094027785,0.5,True
7trw__A1_A0A380PDL3--7trw__A2_A0A380PDL3,0.8041824451656341,0.5,True
8syc__A1_Q13370--8syc__B1_Q13370,0.9465140747929915,0.5,True
1gk6__A1_P03069--1gk6__B1_P03069,0.9614918220445858,0.5,True
1reo__A1_Q6STF1--1reo__A2_Q6STF1,0.9796105708452918,0.5,True
6s3b__A1_Q88JK6--6s3b__B1_Q88JK6,0.9554924003199865,0.5,True
7tl5__A1_A0A3F3B310--7tl5__B1_A0A3F3B310,0.9354397588689137,0.5,True
2asf__A1_P9WLL7--2asf__A2_P9WLL7,0.9122319470895183,0.5,True
8ilj__A1_A0A242MJ43--8ilj__B1_A0A242MJ43,0.9812339884309341,0.5,True
8ezg__A1_P01116--8ezg__B1_UNDEFINED,0.8605944765743662,0.5,False
7uh4__A1_UNDEFINED--7uh4__B1_UNDEFINED,0.9407326383073745,0.5,True
4usc__A1_A0A0A0Y4H8--4usc__B1_A0A0A0Y4H8,0.9892857779794589,0.5,True
5yp3__A1_Q6F3I7--5yp3__B1_Q6F3I7,0.9888457457352409,0.5,True
8aid__A1_Q9HWJ8--8aid__B1_Q9HWJ8,0.978022239554257,0.5,True
7yp6__B1_E5L4T5--7yp6__A1_E5L4T5,0.8829167819003825,0.5,True
4aql__A1_Q9Y2T3--4aql__A2_Q9Y2T3,0.9811485080840378,0.5,True
3idf__A1_O34252--3idf__B1_O34252,0.8705694070080863,0.5,True
8fjr__A1_D1A807--8fjr__B1_D1A807,0.8830449895755589,0.5,True
7z56__B1_F0NGX6--7z56__A1_F0NGX6,0.9838544119143338,0.5,True
7olf__A1_A9CEY7--7olf__B1_A9CEY7,0.928727434320004,0.5,True
6ikj__A1_Q9I4L6--6ikj__B1_Q9I4L6,0.6689513004980631,0.5,True
8b2q__A1_D0EM77--8b2q__B1_G8UM88,0.9500160086367256,0.5,False
5x42__A1_Q5ZYB7--5x42__B1_Q5ZYC6,0.9249996256083863,0.5,False
1vkh__A1_Q04066--1vkh__B1_Q04066,0.9666575880757857,0.5,True
5omd__A1_Q04377--5omd__A2_Q04377,0.9564357666956846,0.5,True
2vsg__A1_P26329--2vsg__B1_P26329,0.9341700815665411,0.5,True
1jql__A1_P0A988--1jql__B1_P28630,0.9512778206581209,0.5,False
1w9c__A1_O14980--1w9c__B1_O14980,0.9910791208861183,0.5,True
7n35__A1_UNDEFINED--7n35__B2_UNDEFINED,0.9672284065141208,0.5,True
3upl__A1_Q2YIM3--3upl__B1_Q2YIM3,0.9635675757831987,0.5,True
3tm2__A1_Q83XN4--3tm2__B1_Q83XN4,0.946546294883714,0.5,True
3kxa__A1_Q5F9C2--3kxa__B1_Q5F9C2,0.8471235927254732,0.5,True
7yls__B1_C5CSP6--7yls__A1_C5CSP7,0.9333246106281317,0.5,False
7psg__A1_Q6D515--7psg__B1_Q6D515,0.9707038494766838,0.5,True
8pte__A1_P00698--8pte__A2_P00698,0.9580166703429652,0.5,True
7ytu__B1_P68623--7ytu__A1_P68458,0.8653987829708737,0.5,False
7ykc__A1_P14843--7ykc__B1_P14843,0.9356750671774815,0.5,True
3wxe__A1_E7FEV5--3wxe__B1_P0CG48,0.8408131820855246,0.5,False
7zr3__A1_A0A8E4HNI8--7zr3__B1_A0A8E4HNI8,0.9497709592414482,0.5,True
2vjf__A1_Q00987--2vjf__B1_O15151,0.9112588185809168,0.5,False
7pvo__A1_P56137--7pvo__A2_P56137,0.9551279925781014,0.5,True
3kkd__A1_Q9HXU1--3kkd__A2_Q9HXU1,0.937186417207539,0.5,True
3mph__A1_P19801--3mph__B1_P19801,0.912329562298046,0.5,True
6jc4__A1_A6TE44--6jc4__D1_A6TE44,0.9391744567805318,0.5,True
2rf4__A1_P46669--2rf4__B1_P50106,0.8772585152596775,0.5,False
4huz__A1_Q9ZBB0--4huz__A2_Q9ZBB0,0.9049833007505781,0.5,True
5gtj__B1_Q9BV47--5gtj__A1_Q9BV47,0.9744292103311277,0.5,True
2xw7__A1_A0QP85--2xw7__B1_A0QP85,0.9472767533409303,0.5,True
6l6h__A1_Q5ZZ22--6l6h__B1_Q5ZZ22,0.9601053942818292,0.5,True
8p7m__A1_P0A434--8p7m__A2_P0A434,0.9668801374206453,0.5,True
6dm9__A1_UNDEFINED--6dm9__B1_UNDEFINED,0.9055455474950095,0.5,True
6gou__A2_P97275--6gou__C1_P97275,0.908179537068098,0.5,True
2wwo__A1_Q66ED7--2wwo__B1_Q66ED7,0.9846075857125318,0.5,True
8i3n__A1_Q12178--8i3n__C1_Q12178,0.9643338301393012,0.5,True
1s7i__A1_Q9I3Z5--1s7i__A2_Q9I3Z5,0.826306941136811,0.5,True
3szw__A1_B7JBP8--3szw__A2_B7JBP8,0.9904726895270891,0.5,True
5x7r__A1_A0A193PKW5--5x7r__B1_A0A193PKW5,0.8976581994126462,0.5,True
2nys__A1_Q8U561--2nys__B1_Q8U561,0.9428188841021771,0.5,True
3gr5__A1_O52135--3gr5__A2_O52135,0.8659359481605272,0.5,True
3ded__A1_Q7P1I2--3ded__B1_Q7P1I2,0.6113335593243093,0.5,True
5b5x__A1_Q75NZ1--5b5x__A2_Q75NZ1,0.7685230372558904,0.5,True
7qga__A1_P21589--7qga__A2_P21589,0.9848999720858002,0.5,True
3sd2__A1_Q8A1T7--3sd2__A2_Q8A1T7,0.9142565614194207,0.5,True
8ow9__A1_G8UQH9--8ow9__B1_G8UQH9,0.9647977860896181,0.5,True
3bcw__B1_A0A0H3LK92--3bcw__A1_A0A0H3LK92,0.9225702896005932,0.5,True
6duy__A1_Q61301--6duy__B2_Q61301,0.8906358729741118,0.5,True
5zyf__A1_Q99ZW0--5zyf__B1_Q99ZW0,0.9140059977508433,0.5,True
1mml__A1_P03355--1mml__A2_P03355,0.9295270581172985,0.5,True
2b7o__A1_O53512--2b7o__B1_O53512,0.9305215439903194,0.5,True
1v57__A1_P77202--1v57__A2_P77202,0.9710715778403959,0.5,True
2hsa__B1_Q9FEW9--2hsa__A1_Q9FEW9,0.925281378038723,0.5,True
4tsd__A1_O25673--4tsd__B1_O25673,0.9596874460751562,0.5,True
7qh0__B1_P48499--7qh0__A1_P48499,0.9788345421456233,0.5,True
1ayf__B1_P00257--1ayf__A1_P00257,0.9298182863560999,0.5,True
3neu__A1_Q92AT3--3neu__A2_Q92AT3,0.9471193393269338,0.5,True
8f9x__A1_Q5LVE1--8f9x__B1_Q5LVE1,0.9725452240154343,0.5,True
6ne2__A1_UNDEFINED--6ne2__B1_O75084,0.9446851079513058,0.5,False
2b4h__A1_P12473--2b4h__B1_P12473,0.8765487927488957,0.5,True
3pui__A1_Q9L9D7--3pui__A2_Q9L9D7,0.9917980202225016,0.5,True
1myl__A1_P03050--1myl__B1_P03050,0.7925047060849528,0.5050505050505051,True
1rqi__A1_P22939--1rqi__B1_P22939,0.9817524012326675,0.5,True
3x1b__A1_UNDEFINED--3x1b__B1_UNDEFINED,0.9874421270273568,0.5,True
6pya__A1_P04278--6pya__A2_P04278,0.929877166630184,0.5,True
1r27__A1_P09152--1r27__B1_P11349,0.9589365921664051,0.5,False
7zuv__A1_A0A2K3DY10--7zuv__D2_A0A2K3DY10,0.8434230391868642,0.5,True
2aho__A1_Q980A5--2aho__B1_Q97Z79,0.9319190515573537,0.5,False
6mni__A1_A0A2V0QX35--6mni__B1_A0A2V0QX35,0.9584597345840218,0.5,True
4kif__B1_Q643C8--4kif__A1_Q643C8,0.9397269546866074,0.5,True
7vyu__A1_A0A022MLV4--7vyu__B1_A0A022MLV4,0.9242905297527175,0.5,True
7vmv__B1_Q5I3B6--7vmv__A1_Q58HT7,0.6662014940454145,0.5,False
3g23__A1_Q2G8F3--3g23__B1_Q2G8F3,0.9805436099261239,0.5,True
3ui3__A1_O05728--3ui3__B1_O05728,0.9208504564373609,0.5,True
8ohy__A1_Q556V8--8ohy__A2_Q556V8,0.9748310724991109,0.5,True
5zgo__A1_Q5SHW6--5zgo__B1_Q5SHW6,0.9104451260645923,0.5,True
5uph__B1_Q14108--5uph__A1_Q14108,0.9835627247498436,0.5,True
6u3w__A1_P53622--6u3w__B1_P40509,0.8919127471901461,0.5,False
2gsv__B1_P71066--2gsv__A1_P71066,0.6542641555625502,0.5,True
7yh1__A1_A0A5B9DB95--7yh1__B1_A0A5B9DB95,0.9560844182510351,0.5,True
6c6r__A1_Q14534--6c6r__B1_Q14534,0.9952284439829783,0.5,True
6p4o__B1_Q970I1--6p4o__A1_Q970I2,0.9358257166147999,0.5,False
8i8y__B1_UNDEFINED--8i8y__A1_UNDEFINED,0.6776967243224249,0.5,True
2oys__A1_A0A0H2URW2--2oys__B1_A0A0H2URW2,0.9480616727244455,0.5,True
8i85__A1_D2B3F1--8i85__B1_D2B3F1,0.8840526624943219,0.5,True
2b0a__A1_Q58193--2b0a__A2_Q58193,0.9624592259875216,0.5,True
3ayh__B1_O94285--3ayh__A1_Q9C0Z9,0.9051976585650784,0.5,False
7yji__A1_UNDEFINED--7yji__A2_UNDEFINED,0.9825282058474059,0.5,True
2g38__B1_Q79FE1--2g38__A1_Q7D756,0.8883696926225924,0.5,False
2z6k__A1_P15927--2z6k__C1_P35244,0.8953156223481428,0.5,False
3p8b__B1_Q8TZK1--3p8b__A1_Q8U440,0.8677052310042,0.5,False
6z68__A1_A0A1M6Y2K1--6z68__B1_A0A1M6Y2K1,0.8644258073554288,0.5,True
5yz5__A1_Q16555--5yz5__A2_Q16555,0.9676635432096532,0.5,True
6dk9__A1_A7A1Y4--6dk9__A2_A7A1Y4,0.9727244416423071,0.5,True
6fls__A1_UNDEFINED--6fls__B1_UNDEFINED,0.9940962647611762,0.5,True
2p19__A1_Q8NTZ4--2p19__C1_Q8NTZ4,0.8928868310870695,0.5,True
8ai1__B1_Q45595--8ai1__A1_Q45595,0.9455951436972398,0.5,True
7px0__B1_Q9VF53--7px0__A1_Q9VF53,0.9401636675298344,0.5,True
4cmz__B1_Q9BXM0--4cmz__A1_Q9BXM0,0.7819644396990614,0.5,True
8gyz__B1_Q93ZE2--8gyz__A1_Q93ZE2,0.9499687695866262,0.5,True
5j1l__B1_O26069--5j1l__A1_O26068,0.9686541507524911,0.5,False
7ubk__B1_P03047--7ubk__A1_P03047,0.7501915632002638,0.5,True
6j26__A1_Q5JIZ3--6j26__B1_Q5JIZ3,0.9547583204087362,0.5,True
8ic1__A1_UNDEFINED--8ic1__B1_UNDEFINED,0.9217096189591754,0.5,True
6jqv__A1_Q8LC68--6jqv__B1_Q8LC68,0.9723904037324196,0.5,True
2ns9__A1_Q9Y9R3--2ns9__B1_Q9Y9R3,0.9570504642968412,0.5,True
5l8s__A1_E1VFE0--5l8s__C1_E1VFE0,0.9793093039007594,0.5,True
6zrw__A1_B3VS76--6zrw__B1_B3VS76,0.9149339933993399,0.5,True
5fcn__B1_Q66GS9--5fcn__A1_Q66GS9,0.9694944740073679,0.5,True
7vl1__A1_I0AIT9--7vl1__B1_I0AIT9,0.9711336235163279,0.5,True
2rek__B2_Q9ADD9--2rek__A1_Q9ADD9,0.9810441941074524,0.5,True
2zrt__A1_O75340--2zrt__B1_O75340,0.9501654874092826,0.5,True
8h3t__A1_UNDEFINED--8h3t__B1_UNDEFINED,0.9475560963563074,0.5,True
2f1m__A1_P0AE06--2f1m__B1_P0AE06,0.7316478579001601,0.5,True
3t5t__B1_Q15JG1--3t5t__A1_Q15JG1,0.9101856005510458,0.5,True
4z9r__B1_Q8EGK4--4z9r__A1_Q8EGK4,0.936316701730483,0.5,True
2oze__A1_Q57280--2oze__A2_Q57280,0.9651087172359015,0.5,True
1x6m__A1_Q51669--1x6m__D1_Q51669,0.8806739346678227,0.5,True
4pfc__A1_P14735--4pfc__B1_P14735,0.9511817739897899,0.5,True
6byi__A1_Q8PI23--6byi__B1_Q8PI23,0.930047821668477,0.5,True
3aaa__A1_P13127--3aaa__B1_P14315,0.9547997281709628,0.5,False
1xgm__A1_P56218--1xgm__B1_P56218,0.9433635269973817,0.5,True
5mrv__A1_Q8IVL8--5mrv__C1_P86912,0.8861550752925232,0.5,False
5e4v__A1_Q89933--5e4v__A2_Q89933,0.9298273592014883,0.5,True
1vhq__A1_P0ABU5--1vhq__B1_P0ABU5,0.9652993110629534,0.5,True
2pqv__B1_A0A0H2UMZ7--2pqv__A1_A0A0H2UMZ7,0.9271026548739293,0.5,True
1zva__A1_P59594--1zva__A2_P59594,0.9409206622795347,0.5,True
8pq4__A1_P69782--8pq4__A2_P69782,0.9506206137333151,0.5,True
8a14__A1_A0A0D1E4Q7--8a14__C2_A0A0D1E4Q7,0.9430051560783568,0.5,True
1dtd__A1_P48052--1dtd__B1_P81511,0.95119851041751,0.5,False
3c6n__B1_Q570C0--3c6n__A1_Q39255,0.855047950094659,0.5,False
3ctz__A1_Q9NQW7--3ctz__A2_Q9NQW7,0.9905691786768301,0.5,True
1wab__A1_Q29460--1wab__A2_Q29460,0.9417677369904358,0.5,True
1zl5__A1_Q00496--1zl5__B1_Q00496,0.9195493068123062,0.5,True
5dbj__A1_Q4KCZ0--5dbj__A2_Q4KCZ0,0.9702729400279311,0.5,True
7qsq__B1_Q9X053--7qsq__A1_Q9X053,0.8540920964080804,0.5,True
7duc__B1_Q2G2U4--7duc__A1_Q2G2U4,0.8535459770114943,0.5,True
2cdu__A1_Q9F1X5--2cdu__B1_Q9F1X5,0.9653113502864402,0.5,True
8g0f__A1_Q6NK15--8g0f__B1_Q6NK15,0.8034409277677059,0.5,True
8a45__B1_B7V7R4--8a45__A1_B7V7R4,0.9252166287035077,0.5,True
6no3__A1_B3FHP0--6no3__B1_B3FHP0,0.7235470679219062,0.5,True
3g7p__A1_B7JA91--3g7p__A2_B7JA91,0.9522838912915799,0.5,True
8khq__A1_A0A1I5R890--8khq__C1_A0A1I5R890,0.9184952458153849,0.5,True
7owz__B1_Q9JMA2--7owz__A1_B8ZXI1,0.931623880421032,0.5,False
7xbe__A1_UNDEFINED--7xbe__A2_UNDEFINED,0.8499150796143629,0.5,True
6dk7__D1_Q9HUV7--6dk7__A1_Q9HUV7,0.9874632344982106,0.5,True
4hsl__A1_Q1LCS4--4hsl__A2_Q1LCS4,0.9752669061090701,0.5,True
8b3s__A1_O31597--8b3s__B1_A0A164W157,0.8765095327470064,0.5,False
5euv__A1_D1LZK0--5euv__B1_D1LZK0,0.9368609367818501,0.5,True
8gz4__A1_A0A7H0DN78--8gz4__A2_A0A7H0DN78,0.9739938743472077,0.5,True
7tmg__A1_A0A0H3GLR2--7tmg__B1_A0A0H3GLR2,0.9496392272206461,0.5,True
4hsr__B1_UNDEFINED--4hsr__A1_UNDEFINED,0.884160767857042,0.5,True
7tgn__B1_A0A1Q5L7T0--7tgn__A1_A0A1Q5L7T0,0.9789791774067094,0.5,True
4fz2__A1_C7DIA5--4fz2__B1_C7DIA5,0.8606324802954638,0.5,True
6j2l__A1_P37793--6j2l__B1_P37793,0.9298431374924158,0.5,True
5grk__A1_Q89XR0--5grk__B1_Q89XR0,0.9679664163723047,0.5,True
3qxs__A1_O24872--3qxs__A2_O24872,0.969907792478242,0.5,True
8q3y__A1_E8URK0--8q3y__B1_E8URK0,0.9549796127474718,0.5,True
1pyb__A1_O66738--1pyb__B1_O66738,0.8958093257258495,0.5,True
7yto__A1_Q9RHU9--7yto__B1_Q9RHU9,0.9668386271092654,0.5,True
5vae__A1_Q9AET9--5vae__B1_Q9AET7,0.8794226155537422,0.5,False
1zrs__A1_Q9HTZ1--1zrs__B1_Q9HTZ1,0.9676651896613788,0.5,True
2cg5__A1_Q9NRN7--2cg5__B1_P49327,0.9488149603511754,0.5,False
4yk8__B1_O36019--4yk8__A1_O13978,0.9151800219525998,0.5,False
2iml__A1_O28442--2iml__C1_O28442,0.8880873352851715,0.5,True
6iru__A1_Q9RVF9--6iru__A2_Q9RVF9,0.9919157856361649,0.5,True
4x36__A1_P06653--4x36__A2_P06653,0.9925088569805263,0.5,True
8iev__A1_Q0PAW2--8iev__B1_Q0PAW2,0.9552412488849241,0.5,True
3cyg__A1_A7HM60--3cyg__B1_A7HM60,0.7478716709773819,0.5,True
5kvr__A1_P0ACL9--5kvr__A2_P0ACL9,0.9448611599118022,0.5,True
1na8__A1_Q9UJY5--1na8__B1_Q9UJY5,0.8759208114036127,0.5,True
5fis__A1_H9IUR0--5fis__B1_H9IUR0,0.9200487537306066,0.5,True
5yo8__A1_A0A094YZ24--5yo8__B1_A0A094YZ24,0.9975431487460117,0.5,True
7z6m__A1_A0A0H3LM39--7z6m__A2_A0A0H3LM39,0.926548465862697,0.5,True
7vua__A1_UNDEFINED--7vua__B1_UNDEFINED,0.9929458662507878,0.5,True
2yxd__A1_Q57836--2yxd__B1_Q57836,0.9534091103663378,0.5,True
1aua__A1_P24280--1aua__A2_P24280,0.9978416232867904,0.5,True
7zw3__A1_P27338--7zw3__B1_P27338,0.9018449088420223,0.5,True
5xjx__I1_C0LGW6--5xjx__A1_Q9SSD1,0.8185358291647242,0.5,False
7xca__A1_W5X1V8--7xca__B1_W5X1V8,0.9722828186424888,0.5,True
7xub__A1_Q96KQ7--7xub__B1_Q96KQ7,0.9615261458405928,0.5,True
5xlu__A1_Q65KZ6--5xlu__B1_A9YTT0,0.81471691346308,0.5,False
8smq__A1_Q182N1--8smq__B1_Q182N1,0.8312010396237025,0.5,True
8eni__A1_A0A0H3JRH8--8eni__A2_A0A0H3JRH8,0.9339950759922299,0.5,True
1q77__A1_O66565--1q77__B1_O66565,0.9528688993900345,0.5,True
5xor__A1_A9YPG7--5xor__E1_A9YPG7,0.9013476729291204,0.5,True
6nbp__A1_A0A4P1LYI6--6nbp__A2_A0A4P1LYI6,0.9930337505547319,0.5,True
4wu2__A1_Q7WUJ1--4wu2__B1_Q7WUJ1,0.9901147770323397,0.5,True
2nvn__A1_Q31MH7--2nvn__A2_Q31MH7,0.8829021054773926,0.5,True
3zyh__A1_Q05097--3zyh__B1_Q05097,0.953845433540865,0.5,True
8a21__A1_A0QJI1--8a21__A2_A0QJI1,0.9644899239530762,0.5,True
8ho2__A1_A0A191T7N6--8ho2__B1_A0A191T7N6,0.8892638139904367,0.5,True
2j8q__A1_O43809--2j8q__B1_O43809,0.929983069126736,0.5,True
1cx8__A1_P02786--1cx8__B1_P02786,0.9688435229874928,0.5,True
5zfk__A1_Q31LX1--5zfk__B1_Q31LX1,0.9666860527027138,0.5,True
2qti__A1_Q8EF26--2qti__A2_Q8EF26,0.7828655607604977,0.5080119617638416,True
5djo__B1_Q9EQW7--5djo__A1_Q9EQW7,0.9589358010410642,0.5,True
1kve__B1_P19972--1kve__A1_P19972,0.7627434135166095,0.5,True
4kjq__A1_P37019--4kjq__B1_P37019,0.8940961713461892,0.5,True
8qyw__A1_Q9NVS9--8qyw__A2_Q9NVS9,0.901656791003226,0.5,True
4djb__A1_P04489--4djb__B1_P04489,0.938759215556249,0.5,True
7t1e__A1_P78556--7t1e__B1_P78556,0.8154158966988342,0.5,True
2ev4__A1_P9WMU9--2ev4__B1_P9WMU9,0.9458980564990873,0.5,True
4m1j__A1_Q9I194--4m1j__B1_Q9I194,0.959592300742415,0.5,True
8bj3__A1_A0A072U7F9--8bj3__B1_A0A072U7F9,0.9722820314148604,0.5,True
5fcl__A1_Q6D0X0--5fcl__B1_Q6D0X0,0.9651168553678903,0.5,True
2evr__A1_B2J9B4--2evr__A2_B2J9B4,0.872367735687624,0.5,True
4ftw__A1_Q3J2V1--4ftw__A2_Q3J2V1,0.837775196692796,0.5,True
2q6q__B1_P36094--2q6q__A1_P36094,0.9633527109129321,0.5,True
8hx8__A1_Q6L8Q5--8hx8__B1_Q6L8Q5,0.8889870383328633,0.5,True
7zgn__A1_U6RE59--7zgn__B1_U6RE59,0.9569215918528279,0.5,True
7fiw__A1_B3CP63--7fiw__B1_Q73HD5,0.8624499197288734,0.5,False
4xd9__A1_C8VMF9--4xd9__B1_Q5B6T5,0.8552395405976355,0.5,False
3dme__A1_Q7VU70--3dme__B1_Q7VU70,0.9090945175106326,0.5,True
8d0m__A1_P28907--8d0m__A2_P28907,0.871296058209073,0.5,True
2w6a__A1_Q9Z272--2w6a__B1_Q9Z272,0.9541837377875827,0.5,True
6oje__B1_Q5S007--6oje__A1_Q5S007,0.9143309581589613,0.5,True
7mu0__A1_P9WQK3--7mu0__B1_P9WQK3,0.8348380524337145,0.5,True
4az3__A1_P10619--4az3__B1_P10619,0.9020905956506128,0.5,True
7ug8__B1_Q0I6F8--7ug8__A1_Q0I6F8,0.9457907529603659,0.5,True
6mxv__B1_Q5NFU2--6mxv__A1_Q5NFU2,0.8047737603808568,0.5,True
8ug3__B1_P50053--8ug3__A1_P50053,0.9748042345370316,0.5,True
7veo__A1_UNDEFINED--7veo__B1_UNDEFINED,0.9764760834193088,0.5,True
4atm__A1_P49418--4atm__A2_P49418,0.9746205448231589,0.5,True
7x6f__B1_P0AD45--7x6f__A1_P0AD45,0.9876940957694096,0.5,True
1nkn__B1_Q17042--1nkn__A1_Q17042,0.9612574866381972,0.5,True
7pjo__B1_UNDEFINED--7pjo__A1_UNDEFINED,0.9386195341075884,0.5,True
5n0s__B1_A0A2R2JFI5--5n0s__A1_A0A2R2JFI5,0.8927662938107405,0.5,True
6m9g__A1_Q5D6Y4--6m9g__B2_Q5D6Y4,0.959224701179907,0.5,True
7zvz__A1_G1UBD5--7zvz__B1_G1UBD5,0.9311237868894285,0.5,True
3b5m__B1_Q7UTD8--3b5m__A1_Q7UTD8,0.930187903361886,0.5,True
6v0a__B1_B3E641--6v0a__A1_B3E641,0.9776799566115282,0.5,True
3bpj__C1_O75822--3bpj__A1_O75822,0.7641060606060607,0.5,True
8tn8__B1_A0A482N9T7--8tn8__A1_A0A482N9T7,0.9713854899514645,0.5,True
7y51__A1_Q8RBF4--7y51__A2_Q8RBF4,0.950308470271299,0.5,True
6zef__A1_P62136--6zef__C1_Q9C0D0,0.8454879159566494,0.5,False
6u11__A1_A0A1L8HDP6--6u11__A2_A0A1L8HDP6,0.9817785557946066,0.5,True
8i5w__A1_Q8BZN6--8i5w__B1_P63000,0.9295031781567639,0.5,False
3rv1__B1_A7TR32--3rv1__A1_A7TR32,0.8543641142898105,0.5,True
8i59__A1_UNDEFINED--8i59__B1_UNDEFINED,0.9489778257844972,0.5,True
8g1h__A1_UNDEFINED--8g1h__A2_UNDEFINED,0.9716463072277272,0.5,True
7vwk__A1_L8PIV2--7vwk__B1_L8PIV2,0.9204243180954543,0.5,True
4k3z__A1_Q8YCV0--4k3z__A2_Q8YCV0,0.950386760184739,0.5,True
5v5t__A1_Q830T5--5v5t__D1_Q830T5,0.8264451099216887,0.5,True
6fp5__B1_Q960Q9--6fp5__A1_Q960Q9,0.7734813690642597,0.5,True
2ikb__A1_Q7DDI9--2ikb__C1_Q7DDI9,0.9267328185508825,0.5,True
7zam__A1_Q07666--7zam__B1_Q07666,0.9630974641977561,0.5,True
3o10__A1_Q9NZJ4--3o10__B1_Q9NZJ4,0.8635334336402968,0.5,True
3egv__A1_Q84BQ9--3egv__B1_Q5SLP6,0.880207679435,0.5,False
2g9w__A1_P9WMJ5--2g9w__B1_P9WMJ5,0.8978893982069551,0.5,True
2afv__A1_Q8EXP7--2afv__B1_Q8EXP7,0.9454011819023963,0.5,True
7w93__A1_A0A140N873--7w93__A2_A0A140N873,0.9693826203047591,0.5,True
1wl3__B1_Q9X1M1--1wl3__A1_Q9X1M1,0.9628440922214538,0.5,True
4kbx__A1_P45550--4kbx__A2_P45550,0.9418849992524032,0.5,True
8brn__C1_P80366--8brn__A1_P80366,0.9664011788110947,0.5,True
8h5a__A1_P67661--8h5a__B1_P67661,0.9071660263650638,0.5,True
8b4l__B1_D5SK09--8b4l__A1_D5SK09,0.8500382066063421,0.5,True
3r24__A1_P0C6X7--3r24__B1_P0C6U8,0.813018489719088,0.5,False
1nrj__B1_P36057--1nrj__A1_P32916,0.8413175249386947,0.5,False
4rdw__A1_Q9HU77--4rdw__A2_Q9HU77,0.9521806734503682,0.5,True
7vpr__A1_Q6FX18--7vpr__B1_Q6FX18,0.9942046992361698,0.5,True
5a6k__A1_A0A0H2US73--5a6k__B1_A0A0H2US73,0.970299872116924,0.5,True
7ucd__B1_P17535--7ucd__A1_P53539,0.9598516620068344,0.5,False
1qc9__A1_P00642--1qc9__A2_P00642,0.8893614595257631,0.5,True
3ooc__A1_P77239--3ooc__B1_P77239,0.9242977322054818,0.5,True
8pm1__A1_B8GAY9--8pm1__B1_B8GAY9,0.9716374269005847,0.5,True
1vbg__A1_P11155--1vbg__A2_P11155,0.9876337630643787,0.5,True
4ovo__A1_P67954--4ovo__A2_P67954,0.8286428273933479,0.5,True
2qgs__A1_A0A0H2VIU2--2qgs__B1_A0A0H2VIU2,0.9657658457601004,0.5,True
8cnx__A1_Q68T42--8cnx__B1_Q68T42,0.9573125763609356,0.5,True
8bol__A1_Q04609--8bol__A2_Q04609,0.9722757968396183,0.5,True
3mii__B1_Q08914--3mii__A1_Q08914,0.9709126238956166,0.5,True
3i23__A1_Q835X4--3i23__B1_Q835X4,0.8320115735405963,0.5,True
3itf__A1_P0AE85--3itf__B1_P0AE85,0.8435880715745501,0.5,True
8d05__A1_UNDEFINED--8d05__A2_UNDEFINED,0.941602576638636,0.5,True
6mw5__A1_K3WC47--6mw5__A2_K3WC47,0.8973205249564679,0.5,True
5vht__A1_P0A9J8--5vht__B1_P0A9J8,0.8649841381598236,0.5,True
6j6x__B1_P53611--6j6x__A1_Q7Z6K3,0.9538878732639785,0.5,False
4tvb__A1_O32323--4tvb__B1_O32323,0.9489290526144523,0.5,True
3nkh__B1_UNDEFINED--3nkh__A1_UNDEFINED,0.9421861609883457,0.5,True
3jyu__A1_P35123--3jyu__B1_P35123,0.9622974419406464,0.5,True
8dtc__A1_L8GT25--8dtc__B1_L8GT25,0.9619376124837822,0.5,True
7n1j__A1_P22455--7n1j__B1_UNDEFINED,0.8952757696835567,0.5,False
8fny__A1_O00418--8fny__B1_P0DP23,0.8736532394020221,0.5,False
7v0b__A1_A0A1E7MYN1--7v0b__B1_A0A1E7MYN1,0.9672371069170956,0.5,True
2vvo__A1_P9WKD7--2vvo__B1_P9WKD7,0.8880632438111067,0.5,True
5yjh__A1_Q15063--5yjh__A2_Q15063,0.8928300912635717,0.5,True
2z5e__A1_Q9BT73--2z5e__B1_Q9BT73,0.9202383342153767,0.5,True
1a8l__A1_Q51760--1a8l__A2_Q51760,0.9726431679972332,0.5,True
8h0r__A1_Q9WVJ5--8h0r__B1_Q9WVJ5,0.9474643448363682,0.5,True
2j7j__A1_P03001--2j7j__A2_P03001,0.7626072374656718,0.5,True
8u1v__A1_K4L8Z7--8u1v__B1_K4L8Z7,0.9220990463878771,0.5,True
7zbg__A1_Q02880--7zbg__A2_Q02880,0.983143054368121,0.5,True
1rku__A1_Q9I2Y2--1rku__B1_Q9I2Y2,0.9814617100697144,0.5,True
2wvl__A1_Q72K30--2wvl__B1_Q72K30,0.8848262359585445,0.5,True
6kfs__A1_B7FR28--6kfs__A2_B7FR28,0.841492892602942,0.5,True
3shg__A1_E6Z0R3--3shg__B1_E6Z0R4,0.8951291520614254,0.5,False
7zal__A1_E3T5W0--7zal__E2_E3T5W0,0.9597732662298906,0.5,True
4wjm__A1_Q2YNY7--4wjm__A2_Q2YNY7,0.9911578859508599,0.5,True
8hmo__A1_A0A0H4P0S7--8hmo__B1_A0A0H4P0S7,0.9745002881392573,0.5,True
7f9g__B1_C0HM62--7f9g__A1_C0HM62,0.9371248505310543,0.5,True
8dfk__A1_P39694--8dfk__B1_P39694,0.6567411591355599,0.5,True
6n91__A1_Q9KNI7--6n91__B1_Q9KNI7,0.8678598944830265,0.5,True
4oyd__A1_P0C6Z1--4oyd__B1_UNDEFINED,0.9437167532582417,0.5,False
1dev__A1_Q15796--1dev__B1_O95405,0.7037737956689805,0.5,False
8c9j__B1_P15559--8c9j__A1_P15559,0.9509265754299943,0.5,True
3rd7__B1_A0A0H2ZY91--3rd7__A1_A0A0H2ZY91,0.9610699910052973,0.5,True
5x1j__A1_G2IQS7--5x1j__A2_G2IQS7,0.983478311239321,0.5,True
3r2p__A1_P02647--3r2p__A2_P02647,0.8998916873963515,0.5,True
1pdk__A1_P15319--1pdk__B1_P62532,0.9052616324612252,0.5,False
7bjg__A1_Q8IGY1--7bjg__A2_Q8IGY1,0.791879227330047,0.5,True
3kcp__A1_Q06851--3kcp__B1_A3DF10,0.9566438670507766,0.5,False
7bbq__A1_Q6I6B7--7bbq__A2_Q6I6B7,0.8935762611036611,0.5,True
3dpj__E1_Q5LS67--3dpj__F1_Q5LS67,0.9077596081684244,0.5,True
6okh__A1_Q04QG8--6okh__B1_Q04QG8,0.866671869663593,0.5,True
7tq1__A1_P0AC13--7tq1__A2_P0AC13,0.989851438935268,0.5,True
7t5y__A1_P0A7E1--7t5y__B1_P0A7E1,0.921776137884424,0.5,True
5o47__A1_J7HDY4--5o47__A2_J7HDY4,0.9779071624749848,0.5,True
1oo0__A1_P49028--1oo0__B1_Q9V535,0.9602439332979072,0.5,False
3edj__A1_Q8KKG0--3edj__B1_Q8KKG0,0.8964800110771499,0.5,True
5yr0__A1_O88597--5yr0__B1_Q8K245,0.9424111389086491,0.5,False
5c21__A1_P09986--5c21__B1_P09986,0.88395342085227,0.5,True
2gok__A1_Q8U8Z6--2gok__B1_Q8U8Z6,0.9752480796109291,0.5,True
1ww1__A1_Q9WZW8--1ww1__B1_Q9WZW8,0.9517490352471337,0.5,True
1fm0__B1_P30749--1fm0__A1_P30748,0.9058561154040068,0.5,False
4jgo__B1_O31671--4jgo__A1_O31671,0.9585701762092305,0.5,True
3l2k__A1_Q8GPH0--3l2k__B1_Q8GPH0,0.8868894723660717,0.5,True
1yov__A1_Q13564--1yov__B1_Q8TBC4,0.9440571347000097,0.5,False
7zvd__A1_P11413--7zvd__A2_P11413,0.9758319237489106,0.5,True
2snw__A1_P03316--2snw__B1_P03316,0.8784836562112672,0.5,True
8grh__B1_P51553--8grh__A1_P50213,0.965971124384271,0.5,False
1lxd__A1_Q03386--1lxd__B1_Q03386,0.9583222767679449,0.5,True
5m97__A1_Q10113--5m97__B1_Q10113,0.9639243140167618,0.5,True
7ax1__A1_Q9ULM6--7ax1__B1_Q9UIV1,0.9519298459940901,0.5,False
8d4w__A1_A0A8B4R830--8d4w__A2_A0A8B4R830,0.9237302940906665,0.5,True
7ynw__B2_Q57834--7ynw__A1_Q57834,0.9876246859990947,0.5,True
4rgp__A1_Q8DTU7--4rgp__B1_Q8DTU7,0.93298983378168,0.5,True
8twd__C1_P0AEV1--8twd__A1_W8SRD3,0.9443928593922855,0.5,False
3fb9__A1_A0A0H2US72--3fb9__B1_A0A0H2US72,0.8329535808426038,0.5,True
8a39__A1_A0A024L404--8a39__C2_A0A024L404,0.9800533527255133,0.5,True
3ps8__A1_P01034--3ps8__A2_P01034,0.8089950392954685,0.5,True
7vwp__A2_A0A136PK59--7vwp__B1_A0A136PK59,0.9902435708449814,0.5,True
3a7p__A1_Q03818--3a7p__B1_Q03818,0.943906563536438,0.5049019607843137,True
4ql6__A1_A0A0H3MDM0--4ql6__C1_A0A0H3MDM0,0.8166124603399951,0.5,True
5nck__A1_Q8RDN7--5nck__B1_Q8RDN7,0.9710392244435644,0.5,True
3qt7__A1_Q9FD73--3qt7__B1_Q9FD73,0.9927300070771409,0.5,True
4aye__D1_Q9JXV4--4aye__A1_P08603,0.9339398101059958,0.5,False
7r3n__A1_P43432--7r3n__B1_P43432,0.9347022598380883,0.5,True
7a0x__B1_Q8ZRZ3--7a0x__A1_Q8ZRZ3,0.9738305431763334,0.5,True
7wjk__A1_P93836--7wjk__A2_P93836,0.9396579136659756,0.5,True
7g99__B1_Q92974--7g99__A1_P61586,0.8334368917581126,0.5,False
5x8z__A1_A3QAQ5--5x8z__B1_A3QAQ5,0.9803786231007104,0.5,True
6dt3__B1_A0A1W1Q5B1--6dt3__A1_A0A1W1Q5B1,0.951838543181412,0.5,True
2if9__A1_Q98ZP7--2if9__B1_Q98ZP7,0.7606973222560572,0.5,True
7u0r__B1_M9SC49--7u0r__A1_M9SC49,0.9728995345863507,0.5,True
7wbt__A1_Q288C4--7wbt__B1_Q288C4,0.9540435360654825,0.5,True
7txe__A1_Q8I6T6--7txe__B1_Q8I6T6,0.7799492957970283,0.5,True
6pyp__A1_P21695--6pyp__B1_P21695,0.9668480919185145,0.5,True
8b2d__A1_F5SYD3--8b2d__B1_F5SYD3,0.912703275300219,0.5,True
1vmg__A1_Q97U11--1vmg__A2_Q97U11,0.8541474430576464,0.5,True
6b8l__B1_P0DP23--6b8l__A1_P56696,0.8652466598150051,0.5,False
8sj5__A1_A0A2I4FN75--8sj5__C1_A0A2I4FN75,0.8639035757300685,0.5,True
3nr1__A1_Q8N4P3--3nr1__B1_Q8N4P3,0.9569983086948395,0.5,True
3h3l__A1_A6LFX0--3h3l__A2_A6LFX0,0.9723478757523835,0.5,True
7uav__A1_P0DW58--7uav__B1_P0DW58,0.7727374786426212,0.5,True
6jdh__A1_A0A2K0XYW4--6jdh__B1_A0A2K0XYW4,0.954675992811586,0.5,True
3vjz__A1_Q9K0P4--3vjz__B1_Q9K0P4,0.9678816463566623,0.5,True
3et4__A1_Q4QMM5--3et4__A2_Q4QMM5,0.9364411976669755,0.5,True
5or3__A1_Q2UNF9--5or3__D1_Q2UNF9,0.8400920198909834,0.5,True
3fh3__B1_A0A6L8PES2--3fh3__A1_A0A6L8PES2,0.9689796046188535,0.5,True
1go3__A1_Q57840--1go3__B1_Q60351,0.8887913723790166,0.5,False
8fin__A1_UNDEFINED--8fin__B1_UNDEFINED,0.8791283757839498,0.5,True
3zxq__B1_P9WGK1--3zxq__A1_P9WGK1,0.813016140754256,0.5,True
1zlh__A1_P00730--1zlh__B1_Q5EPH2,0.9393203117959809,0.5,False
4h1h__A1_Q8Y6P6--4h1h__B1_Q8Y6P6,0.949404360908672,0.5,True
2gh1__A1_Q81E32--2gh1__B1_Q81E32,0.7892959806595315,0.5,True
7dl7__F1_B0VJ11--7dl7__A1_B0VJ11,0.963120372491276,0.5,True
7skp__B1_UNDEFINED--7skp__A1_UNDEFINED,0.9336874062588306,0.5,True
7yu0__B1_Q79F77--7yu0__A1_Q79F77,0.9627135233344256,0.5,True
3cbu__B1_Q473P3--3cbu__A1_Q473P3,0.9057224668626689,0.5,True
8b1s__A1_B0LPL6--8b1s__A2_B0LPL6,0.9213958473436449,0.5,True
3ihk__A1_Q8DVV9--3ihk__A2_Q8DVV9,0.9358719031497282,0.5,True
4y67__A1_Q8IKG4--4y67__B1_Q8IKG4,0.9713008336284085,0.5,True
6ejp__B1_P69986--6ejp__A1_P69986,0.8099293331620198,0.5,True
1poy__A1_P0AFK9--1poy__B1_P0AFK9,0.9516533692245454,0.5,True
3a7o__A1_Q03818--3a7o__B1_Q03818,0.9459904311559331,0.5,True
4a2l__A1_Q89YR8--4a2l__B1_Q89YR8,0.9583278296708538,0.5,True
5n47__B1_P02751--5n47__A1_P80188,0.8861661059351276,0.5,False
8ejm__A1_O43143--8ejm__B1_Q8IWZ8,0.7618264670033862,0.5,False
7jl6__A1_Q9L523--7jl6__B1_Q9L523,0.9456881720430107,0.5,True
1npd__B1_P0A6D5--1npd__A1_P0A6D5,0.9879720334655722,0.5,True
8h0h__A1_P9WLU7--8h0h__C1_P9WLU7,0.9205488401009435,0.5,True
3t8l__A1_Q7CUX4--3t8l__B1_Q7CUX4,0.8628412209288407,0.5,True
7ol3__B1_Q8WXF7--7ol3__A1_Q8WXF7,0.7965897882979144,0.5,True
8ewa__B1_Q9HW02--8ewa__A1_Q9HW02,0.904312160525379,0.5,True
2ft0__A1_Q8FBQ3--2ft0__B1_Q8FBQ3,0.8076208235102837,0.5,True
2r01__A1_Q8KFI1--2r01__A2_Q8KFI1,0.9146433951074092,0.5,True
8hno__A1_B6YTS4--8hno__B1_B6YTS4,0.9726048651286834,0.5,True
6x88__A1_P52731--6x88__B1_P52731,0.9865569499659744,0.5,True
2x76__A1_Q939Q9--2x76__A2_Q939Q9,0.9979682000342699,0.5,True
7x2p__A1_Q5ZWH7--7x2p__B1_Q5ZWH7,0.8980394728214544,0.5,True
2aeu__A1_Q57622--2aeu__A2_Q57622,0.9859977875113988,0.5,True
5kbg__A1_Q43965--5kbg__B1_Q43965,0.9605828904508829,0.5,True
4p9g__A1_Q9REI7--4p9g__A2_Q9REI7,0.9496226882840002,0.5,True
7tcv__A1_Q60932--7tcv__A2_Q60932,0.850909374105749,0.5,True
7vkb__A1_Q5ZSZ6--7vkb__B1_Q5ZSZ7,0.801339778174452,0.5,False
7r2p__A1_Q46877--7r2p__A2_Q46877,0.9659450103769075,0.5,True
6ggl__B1_C9K1X5--6ggl__A1_C9K1X5,0.9408185020739417,0.5,True
7yi7__A1_Q9Y251--7yi7__B1_Q9Y251,0.791384674443155,0.5,True
7yka__B1_Q9Y3D6--7yka__A1_Q9Y3D6,0.93562789437383,0.5,True
8jea__A1_K1QRB6--8jea__D1_K1QRB6,0.9491467232151873,0.5,True
8huc__C1_A0A0H2Z790--8huc__A1_A0A0H2Z790,0.9523528546043236,0.5,True
7unh__A1_UNDEFINED--7unh__B1_UNDEFINED,0.9693704871200944,0.5,True
5mpr__A1_O15382--5mpr__A2_O15382,0.9613544461660557,0.5,True
4ooj__B1_Q5ZSK6--4ooj__A1_Q5ZSK6,0.9288652317763528,0.5,True
8a5v__A1_Q9Y617--8a5v__C1_Q9Y617,0.9745152822708346,0.5,True
3lm2__A1_A9CH74--3lm2__B1_A9CH74,0.9704923958149391,0.5,True
7zwt__A1_P41182--7zwt__A2_P41182,0.9180888687677335,0.5,True
6ket__A1_A0A0A0WDC6--6ket__B1_A0A0A0WDC6,0.9474970912373654,0.5,True
5zwl__B1_Q8DLU1--5zwl__A1_Q8DLG7,0.9018516648433338,0.5,False
6wmz__A1_P23246--6wmz__B1_Q15233,0.8653128553749799,0.5,False
1i4m__A1_P04156--1i4m__A2_P04156,0.8117042277016936,0.5,True
2gjg__A1_Q88EQ6--2gjg__A2_Q88EQ6,0.8843064343150984,0.5,True
6k62__B2_A0A0H2X6K9--6k62__A1_A0A0H2X6K9,0.8671980759690258,0.5,True
4ghm__A1_Q9KTK0--4ghm__B1_Q9KTK0,0.9160350217713047,0.5,True
1tve__A1_P31116--1tve__B1_P31116,0.9765941619315083,0.5,True
6qj2__A1_G0S2G2--6qj2__B1_G0SBJ6,0.9467186653292289,0.5,False
3onx__A1_P41697--3onx__B1_P41697,0.892640019598975,0.5,True
8cp4__A1_Q6LXV7--8cp4__A2_Q6LXV7,0.9852631794998101,0.5,True
1ob9__A1_Q97YX6--1ob9__A2_Q97YX6,0.9684719426625783,0.5,True
7zcc__B1_P46327--7zcc__A1_P46327,0.9658381771073682,0.5,True
4kwd__A1_Q9UR08--4kwd__B1_Q9UR08,0.9721626713441174,0.5,True
7wuy__A1_A0A1R3S1W7--7wuy__B1_A0A1R3S1W7,0.9341539315053919,0.5,True
5gtw__A1_I3NX86--5gtw__D1_I3NX86,0.9346222412377384,0.5,True
7ekn__B1_Q5JT35--7ekn__A1_UNDEFINED,0.9270732586144772,0.5,False
8gja__B1_UNDEFINED--8gja__A1_UNDEFINED,0.9097833958719466,0.5,True
6loh__A1_O15033--6loh__A2_O15033,0.8693492303970916,0.5,True
3a9y__A1_Q68FT9--3a9y__B1_Q68FT9,0.9773418121821134,0.5,True
8ay6__B1_Q9CAJ0--8ay6__A1_A0A067E666,0.9205566261133002,0.5,False
8u5m__A1_Q8TF42--8u5m__F1_Q8TF42,0.9797063683332865,0.5,True
7twa__D1_F8JJ25--7twa__A1_F8JJ25,0.9846074449931107,0.5,True
8fju__B1_P34897--8fju__A1_P34897,0.9272298381641322,0.5,True
1fjj__A1_P12994--1fjj__A2_P12994,0.8797394289280699,0.5,True
7qlr__A1_A0A1J1J928--7qlr__D2_A0A1J1J928,0.9258550652546155,0.5,True
3vf0__B1_Q8IY67--3vf0__A2_P18206,0.872876126006881,0.5,False
8ehe__A1_A0A0A7KVG3--8ehe__B1_A0A1D3UUC0,0.9158186621739529,0.5,False
6hpc__A1_P67697--6hpc__B1_P67697,0.9191817765551258,0.5,True
2x3o__A1_Q9I585--2x3o__B1_Q9I585,0.8795332614989106,0.5,True
5y40__A1_P55892--5y40__B1_P55892,0.83070912904422,0.5,True
1y42__A1_P12063--1y42__A2_P12063,0.9852672624946957,0.5,True
2e91__A1_Q12051--2e91__B1_Q12051,0.9387307599981151,0.5,True
8ja2__A1_A0A0A1E3Q0--8ja2__A2_A0A0A1E3Q0,0.9816670094611271,0.5,True
3iuw__B1_Q8KUB7--3iuw__A1_Q8KUB7,0.9352230828096375,0.5,True
8e7y__A1_Q9RFC8--8e7y__B1_Q9RFC8,0.8225871000079451,0.5,True
4kzn__A1_P15692--4kzn__A2_P15692,0.8991106265102846,0.5,True
7z7o__A1_A0A1S4NYF2--7z7o__C1_A0A1S4NYF2,0.9596977884875275,0.5,True
8brp__A1_D8G6F7--8brp__B1_D8G6F7,0.9644992011361618,0.5,True
3qir__A1_Q8TC59--3qir__A2_Q8TC59,0.8643991894550358,0.5,True
8bay__A1_O75874--8bay__B1_O75874,0.9570294041655769,0.5,True
6mhm__B1_Q13510--6mhm__A1_Q13510,0.8815904207161637,0.5,True
8bj7__A1_P07598--8bj7__B1_P07603,0.8863516097889594,0.5,False
8b80__A1_W8QF82--8b80__B1_W8QF82,0.97801921767482,0.5,True
5wxx__A1_Q9RNB4--5wxx__A2_Q9RNB4,0.965409464578012,0.5,True
8f7l__A1_P43490--8f7l__B1_P43490,0.9130287630029896,0.5,True
3cz1__A1_Q9U9J6--3cz1__B1_Q9U9J6,0.961991954077431,0.5,True
8a0c__A1_Q2ERG0--8a0c__B1_Q2ERG0,0.9267344065773341,0.5,True
5mpy__A1_Q9LPZ1--5mpy__B1_Q9LPZ1,0.8839971941723566,0.5,True
1anu__A1_Q06851--1anu__A2_Q06851,0.9848827751196173,0.5,True
3vs8__A1_C1DM33--3vs8__C1_C1DM33,0.9554764407427501,0.5,True
7zi8__A1_P27707--7zi8__A2_P27707,0.9826247685052599,0.5,True
1peu__A1_Q08698--1peu__A2_Q08698,0.9510375575021942,0.5,True
5uk5__B1_Q63722--5uk5__A1_Q07008,0.8070689486486577,0.5,False
7vg5__A1_Q49135--7vg5__B1_Q49135,0.9477426319491838,0.5,True
4jkz__A1_A0R6I8--4jkz__A2_A0R6I8,0.9523370160697956,0.5,True
4aa8__A1_P00794--4aa8__A2_P00794,0.7421744840345479,0.5,True
5yew__A1_Q8IWA4--5yew__B1_Q8IWA4,0.9364910442747012,0.5,True
1hf2__B1_Q9X0D7--1hf2__A1_Q9X0D7,0.9920338187358276,0.5,True
3au0__A1_Q7A382--3au0__A2_Q7A382,0.9402327961497033,0.5,True
3gif__A1_O34757--3gif__B1_O34757,0.9405953012489153,0.5,True
8c66__A1_UNDEFINED--8c66__D1_UNDEFINED,0.9393392209189647,0.5,True
7zcl__B1_UNDEFINED--7zcl__A1_UNDEFINED,0.9882525491794232,0.5,True
4axv__A1_A7N805--4axv__A2_A7N805,0.8797732250750152,0.5,True
5c6u__A1_O69689--5c6u__A2_O69689,0.916505742975338,0.5,True
4nv4__A1_A0A6L7HM74--4nv4__A2_A0A6L7HM74,0.9156142369733308,0.5,True
6axf__A1_Q7LDG7--6axf__B1_P61224,0.8916327396833096,0.5,False
5yf1__B1_Q8N4J0--5yf1__A1_Q8N4J0,0.9529702285772701,0.5,True
8j83__A1_C5ATT7--8j83__B1_C5ATT6,0.9598468146086959,0.5,False
3fjy__B1_A0ZZM4--3fjy__A1_A0ZZM4,0.9212910672302781,0.5,True
4rg1__A1_Q5T280--4rg1__B1_Q5T280,0.9512557562350094,0.5,True
1ux4__A1_P41832--1ux4__A2_P41832,0.9271919491520633,0.5,True
6rbm__A1_P0ACT4--6rbm__A2_P0ACT4,0.9429072385468358,0.5,True
2cme__B1_P59636--2cme__A1_P59636,0.8913115785986417,0.5,True
7wis__A1_P46881--7wis__B1_P46881,0.9126363463612918,0.5,True
5a3l__A1_A0A1A9TAD0--5a3l__C1_A0A1A9TAD0,0.8500894369776915,0.5,True
3gzi__A1_A3QIY5--3gzi__A2_A3QIY5,0.9793395055031162,0.5,True
8pr6__B1_A0A1Q6BKH4--8pr6__A1_A0A1Q6BKH4,0.9418816229844247,0.5,True
8j64__A1_Q967S9--8j64__B1_O00816,0.7745854604456053,0.5,False
8ohw__A1_Q63T97--8ohw__B1_Q63T97,0.8761468379529465,0.5,True
5y4r__A1_O87131--5y4r__B1_Q9HVI1,0.9362243490732568,0.5,False
3ddh__A1_Q8A5Q8--3ddh__B1_Q8A5Q8,0.9767925489869784,0.5,True
8d3t__B1_A0A2K2AMS7--8d3t__A1_A0A2K2AMS7,0.9829773724018496,0.5,True
1zk8__A1_Q815X4--1zk8__B1_Q815X4,0.9700812649426771,0.5,True
2w82__A1_Q47730--2w82__B1_Q47730,0.9806659913216359,0.5,True
6l08__A1_O65896--6l08__B1_O65896,0.9505222517949987,0.5,True
4p94__B1_Q4J9K8--4p94__A1_Q4J9K8,0.9181831781914893,0.5,True
4yii__A1_O00762--4yii__B1_Q9UJX6,0.9405097425362214,0.5,False
4rus__A1_P68512--4rus__B1_P68512,0.8982335998020148,0.5,True
2o48__A1_Q9TQS6--2o48__A2_Q9TQS6,0.914668161055524,0.5,True
7pvw__B1_P00523--7pvw__A1_P00523,0.743572280162232,0.5,True
2wcu__A1_Q8R2K1--2wcu__B1_Q8R2K1,0.9800762107138975,0.5,True
2p35__A1_Q8UH15--2p35__B1_Q8UH15,0.9446709352317135,0.5,True
6rfg__A1_Q49PR7--6rfg__D1_Q49PR7,0.8121185036623649,0.5,True
5jj8__A1_Q9HVB9--5jj8__A2_Q9HVB9,0.8910594815862667,0.5,True
6ije__A1_A0A083ZID3--6ije__B1_A0A083ZID3,0.9421716044713122,0.5,True
8avu__A1_Q8GPI4--8avu__A2_Q8GPI4,0.9673371895594117,0.5,True
7xdu__B1_A0A1I1Z0X1--7xdu__A1_A0A1I1Z0X1,0.9691097134135109,0.5,True
1xr4__A1_Q8ZRY1--1xr4__B1_Q8ZRY1,0.8724147870213894,0.5,True
2fuq__A1_C6XZB6--2fuq__B1_C6XZB6,0.9194225208127059,0.5,True
5xrw__A1_O25306--5xrw__C1_O25674,0.83688680189601,0.5,False
5l0o__A1_P46940--5l0o__B1_P46940,0.9879836406473538,0.5,True
8vsy__B1_UNDEFINED--8vsy__A1_UNDEFINED,0.9123038975101779,0.5,True
2zcx__A1_Q9FBX0--2zcx__A2_Q9FBX0,0.9600946782552245,0.5,True
5way__A1_Q97P44--5way__B1_Q97P44,0.9620496761451789,0.5,True
7xey__A1_Q9SU72--7xey__B1_Q9S745,0.9208280504983933,0.5,False
4xlo__C1_Q9KHK2--4xlo__A1_Q9KHK2,0.9263109418012296,0.5,True
6kd6__B1_Q9VAA9--6kd6__A1_Q9VAA9,0.8618926752884082,0.5,True
8k72__A1_Q9NWT6--8k72__A2_Q9NWT6,0.9478885261942382,0.5,True
8b5v__A1_Q4E4A3--8b5v__B1_Q4E4A3,0.9698796408737613,0.5,True
4yo3__A1_D3GUX1--4yo3__A2_D3GUX1,0.9764080803684765,0.5,True
8p8p__A1_P49773--8p8p__B1_P49773,0.9051340995010438,0.5,True
6hrx__A1_O53623--6hrx__B1_O53623,0.9852798145594385,0.5,True
3mdo__A1_A6LDR8--3mdo__B1_A6LDR8,0.9570150079215208,0.5,True
8iw0__A1_Q14678--8iw0__B1_Q14678,0.9454880477604997,0.5,True
2rb7__A1_Q313A9--2rb7__B1_Q313A9,0.9516751621675192,0.5,True
8h6s__A1_Q76KY5--8h6s__C1_Q76KY0,0.9697311069030814,0.5,False
3lsj__A1_Q9HUS3--3lsj__B1_Q9HUS3,0.9261575374371479,0.5,True
7pxq__A1_UNDEFINED--7pxq__A2_UNDEFINED,0.8913857581502339,0.5,True
8g0q__A1_P40460--8g0q__B1_P33895,0.9137125752237223,0.5,False
6ms4__A1_Q9ULC4--6ms4__B1_O43583,0.8433252449749912,0.5,False
7y6b__A1_A0A411GZY8--7y6b__B1_A0A411H025,0.8828631326374117,0.5,False
7zyt__A1_P09622--7zyt__B1_P09622,0.9673558635116979,0.5,True
7lle__A1_Q6QVT7--7lle__B1_Q6QVT7,0.891245611736069,0.5,True
4csw__A1_D0MK34--4csw__B1_D0MK34,0.948610649084522,0.5,True
7tev__A1_P04181--7tev__A2_P04181,0.9227094682313896,0.5,True
3zta__A1_Q2RIF4--3zta__A2_Q2RIF4,0.9679617539844323,0.5,True
3abi__A1_O59312--3abi__B1_O59312,0.9985096021742179,0.5,True
5ab8__A1_P9WN25--5ab8__A2_P9WN25,0.9441381724558471,0.5,True
1guq__A1_P09148--1guq__B1_P09148,0.9518701650412059,0.5,True
6zdw__B1_A0A162MUP0--6zdw__A1_A0A162MUP0,0.898120736162183,0.5,True
8csd__A1_Q6U8B0--8csd__A2_Q6U8B0,0.9701478042843402,0.5,True
3na2__A1_UNDEFINED--3na2__B2_UNDEFINED,0.8726614158071191,0.5,True
8bfr__A1_P30177--8bfr__A2_P30177,0.9898358783119684,0.5,True
7yk3__A1_O53604--7yk3__B1_O53605,0.9318097849892399,0.5,False
6xiv__A1_P16114--6xiv__B2_P16114,0.9363899840315639,0.5,True
8ajx__A1_P17117--8ajx__A2_P17117,0.8520286190155218,0.5,True
8ayj__A1_D5EHC5--8ayj__B1_D5EHC5,0.9520475871832162,0.5,True
4tt0__B1_P10220--4tt0__A1_P10220,0.8933266553140339,0.5,True
8a6e__B2_P02699--8a6e__A1_P02699,0.9154454532729002,0.5,True
4jb7__A1_Q9KTQ6--4jb7__A2_Q9KTQ6,0.8960979198993624,0.5,True
6h3f__A1_A0A0H3JT80--6h3f__A2_A0A0H3JT80,0.9866873035099019,0.5,True
6wxw__A1_F2NWD3--6wxw__B1_F2NWD3,0.9799734015081086,0.5,True
2zw2__A1_F9VNF4--2zw2__B1_F9VNF4,0.8532171467009111,0.5,True
2wo2__A1_P54764--2wo2__B1_P52799,0.9142500558892888,0.5,False
4u66__A1_A8MI53--4u66__A2_A8MI53,0.9760683116693752,0.5,True
1ord__A1_P43099--1ord__B1_P43099,0.9570896777522963,0.5,True
7zcm__A1_P42196--7zcm__B1_P42259,0.8406388081600407,0.5,False
8aa9__A1_Q9V1Y9--8aa9__B1_Q9V1Y9,0.715314239625506,0.5,True
4i6y__B1_P13702--4i6y__A1_P13702,0.8441658216701284,0.5,True
1vh4__B1_P77689--1vh4__A1_P77689,0.8872568517509852,0.5,True
3ocd__A1_D7A6E5--3ocd__B1_Q7BQR5,0.9448050721420884,0.5,False
8pq7__A1_M1C5B8--8pq7__B1_D0N0Z8,0.79767256934887,0.5,False
8gic__A1_Q70AZ9--8gic__D1_Q70AZ5,0.6627290961854807,0.5,False
5abr__A1_P82802--5abr__B1_P82802,0.9841566679276617,0.5,True
2zmf__A1_Q9Y233--2zmf__B1_Q9Y233,0.9738185160622242,0.5,True
2vzk__B1_P0DJQ5--2vzk__A1_P0DJQ5,0.8496126676319724,0.5,True
7wm5__A1_A0A0C2W699--7wm5__A2_A0A0C2W699,0.9395976061391413,0.5,True
1zee__A1_Q8E972--1zee__B1_Q8E972,0.882256146475026,0.5,True
1f3u__B1_P35269--1f3u__A1_P13984,0.8861151366022683,0.5,False
7tvh__B1_Q9I2Q1--7tvh__A1_Q9I2Q1,0.9592363016939529,0.5,True
5vgm__B1_Q9KL24--5vgm__A1_Q9KL24,0.9894605163688588,0.5,True
2b5l__A1_Q16531--2b5l__C1_P11207,0.9405196789258846,0.5,False
4zzh__A1_Q96EB6--4zzh__A2_Q96EB6,0.8951722921076973,0.5,True
8in9__A1_E0D202--8in9__B1_E0D202,0.8904343899619869,0.5,True
6m4v__A1_P0AEX9--6m4v__B1_P62942,0.951029802564697,0.5,False
7y28__A1_P07814--7y28__B1_P07814,0.9870178931404247,0.5,True
2plg__A1_Q8DKM0--2plg__B1_Q8DKM0,0.9316149423480495,0.5,True
7y7u__A1_A0A222F232--7y7u__B1_A0A222F232,0.992110317661409,0.5,True
3fgc__A1_P07740--3fgc__B1_P07739,0.9618741171732845,0.5,False
1rve__A1_P04390--1rve__B1_P04390,0.9908158421878832,0.5,True
7zy1__A1_Q9F8A8--7zy1__A2_Q9F8A8,0.9667279665038174,0.5,True
3jxo__B1_A0A0F6AN26--3jxo__A1_A0A0F6AN26,0.9425336402266289,0.5,True
8dqb__A1_A0A0H3FX83--8dqb__A2_A0A0H3FX83,0.9526430033844483,0.5,True
5l16__A1_Q4Q0M0--5l16__A2_Q4Q0M0,0.9771945309288919,0.5,True
2gz4__A1_Q7D028--2gz4__C1_Q7D028,0.8700246735108801,0.5,True
7xyv__A1_Q9C0D3--7xyv__B1_Q9C0D3,0.9680506735483807,0.5,True
2f9w__A1_Q9HWC1--2f9w__B1_Q9HWC1,0.9345427923565137,0.5,True
2ox1__A1_O30011--2ox1__B1_O30011,0.9900309312346013,0.5,True
2guh__A1_Q0S8Y3--2guh__B1_Q0S8Y3,0.9666711505847256,0.5,True
7br1__A1_A0A7I6N400--7br1__B1_A0A7I6N400,0.9546194144971746,0.5,True
2p04__A1_D0VWX5--2p04__B1_D0VWX5,0.9379763292387698,0.5,True
4h5b__A1_Q9RUY5--4h5b__B1_Q9RUY5,0.874417065465731,0.5,True
4e1o__A1_P19113--4e1o__B1_P19113,0.9510320481495524,0.5,True
7pu4__B1_Q9X053--7pu4__A1_Q9X053,0.931424701107957,0.5,True
3m1u__A1_Q72DN3--3m1u__B1_Q72DN3,0.9224301761163533,0.5,True
7qii__A1_P0C2N2--7qii__B1_P0C2N4,0.8546050523296502,0.5,False
4pww__A1_UNDEFINED--4pww__A2_UNDEFINED,0.8083695538332635,0.5,True
6ird__A1_Q91UZ1--6ird__B1_Q8NI35,0.9037805619244028,0.5,False
6gg2__A1_Q4WD43--6gg2__A2_Q4WD43,0.898021050931637,0.5,True
6oei__A1_Q8KG60--6oei__A2_Q8KG60,0.9591930742850154,0.5,True
8hyi__A1_P22223--8hyi__B1_P22223,0.9060753046427621,0.5,True
4b8v__A1_B3VBK9--4b8v__A2_B3VBK9,0.8970894736842105,0.5,True
4lqb__A1_D2Q399--4lqb__B1_D2Q399,0.950530158712424,0.5,True
2vxb__A1_P87074--2vxb__B1_P87074,0.9232947263379232,0.5,True
1t72__A1_O67053--1t72__B1_O67053,0.9788115872635863,0.5,True
3soo__A1_Q5T7N2--3soo__A2_Q5T7N2,0.8084142796981685,0.4997255762897914,True
5z1o__A1_D0VWU8--5z1o__B1_D0VWU8,0.914726933136409,0.5,True
6h40__A1_K5B7F3--6h40__A2_K5B7F3,0.987685620787719,0.5,True
2etk__A1_Q13464--2etk__B1_Q13464,0.9756725224982487,0.5,True
2p69__A1_Q96GD0--2p69__A2_Q96GD0,0.9557472936895466,0.5,True
4doy__A1_Q6WNP1--4doy__C1_Q6WNP1,0.9529491517091893,0.5,True
6zxw__A1_O29011--6zxw__B1_A0A117KMN5,0.9395921799673034,0.5,False
3lhk__A1_Q60329--3lhk__B1_Q60329,0.9701262001385728,0.5099752548747897,True
1qpa__A1_P11542--1qpa__B1_P11542,0.8851743197278912,0.5,True
6e52__A1_P03069--6e52__B1_P03069,0.9578401866581161,0.5,True
2ijd__A1_Q1PHW8--2ijd__A2_Q1PHW8,0.8213817812466562,0.5,True
1fwl__A1_Q58504--1fwl__B1_Q58504,0.981745753524509,0.5,True
5nkk__A1_O62301--5nkk__B1_Q9XWJ1,0.9283122206990874,0.5,False
1ygt__A1_Q94524--1ygt__A2_Q94524,0.8781667517493515,0.5,True
7zq1__B1_Q32ZE1--7zq1__A1_Q32ZE1,0.7956822209365361,0.5,True
6p40__A1_M1GSK9--6p40__B1_M1GSK9,0.8751522502981065,0.5,True
2wyn__B1_P13482--2wyn__D1_P13482,0.932244780718233,0.5,True
7yui__A1_P0CG48--7yui__B1_Q9BYM8,0.810785620888743,0.5,False
8dml__B1_Q87GI3--8dml__A1_Q87GI4,0.9221527600578378,0.5,False
2oi2__A1_A0A0H2UNK6--2oi2__A2_A0A0H2UNK6,0.9591891856310371,0.5,True
4wud__A1_P0AES6--4wud__A2_P0AES6,0.9761476508161642,0.5,True
5yzj__A1_A8K0B5--5yzj__B1_A8K0B5,0.8680983322414549,0.5,True
8f61__A1_Q28943--8f61__B1_Q28943,0.867650841742209,0.5,True
7udi__B1_Q9RYE6--7udi__A1_Q9RYE6,0.921513051266506,0.5,True
5ho3__A1_W6KHH6--5ho3__B1_W6KHH6,0.8601386643115813,0.5,True
1u5i__A1_Q07009--1u5i__B1_Q64537,0.9110663481057939,0.5,False
1cmc__A1_P0A8U6--1cmc__B1_P0A8U6,0.942407976598809,0.5,True
6oe2__A1_Q8A9F0--6oe2__A2_Q8A9F0,0.9926390053829653,0.5,True
3ent__A1_Q2YAE2--3ent__B1_Q2YAE2,0.9639544024700791,0.5,True
2y4g__A1_D3Y1I2--2y4g__B1_D3Y1I2,0.9764650299373733,0.5,True
7ec7__A1_A0A0H2XGN0--7ec7__A2_A0A0H2XGN0,0.9714478942686067,0.5,True
2o11__A1_P9WPY1--2o11__A2_P9WPY1,0.8884775579257469,0.5,True
8abq__A1_Q13596--8abq__B1_Q9Y5X3,0.9322999147991528,0.5,False
6shw__A1_Q96724--6shw__A2_Q96724,0.7576699229144849,0.5,True
7wn7__B1_Q99H25--7wn7__A1_Q99H25,0.8559268863391827,0.5,True
2sak__A1_P68802--2sak__A2_P68802,0.65482375190831,0.5,True
8h5e__A1_Q5SMG8--8h5e__B1_Q5SMG8,0.7839319728099052,0.5,True
8bgm__B1_A0A5P3XKL3--8bgm__A1_A0A5P3XKM0,0.941448723584974,0.5,False
8sua__A1_UNDEFINED--8sua__A2_UNDEFINED,0.9593147193340998,0.5,True
2ps8__A1_P13513--2ps8__B1_P13513,0.9872135075425867,0.5,True
6awl__A1_O75208--6awl__B1_O75208,0.9822004553908039,0.5,True
4qds__A1_O60462--4qds__B1_O60462,0.9832057117083871,0.5,True
6qky__B1_Q97P33--6qky__A1_Q97P33,0.824889307659123,0.5,True
7nli__B1_P08405--7nli__A1_P08405,0.9262322188013504,0.5,True
8p3m__A1_W0DP94--8p3m__B1_W0DP94,0.9867058423329704,0.5,True
5v7y__A1_A0A4Y1WAP5--5v7y__B1_A0A4Y1WAP5,0.9446328282596735,0.5,True
4aps__A1_Q5M4H8--4aps__B1_Q5M4H8,0.9114627820735168,0.5,True
7ucn__A1_P50120--7ucn__B1_P50120,0.7948820159071206,0.5,True
1ni5__A1_P52097--1ni5__A2_P52097,0.9631931261546305,0.5,True
8d04__B1_UNDEFINED--8d04__A1_UNDEFINED,0.8255453842155229,0.5,True
4a5o__B1_Q9I2U6--4a5o__A1_Q9I2U6,0.9812406122747356,0.5,True
8q5k__A1_A0A0H2Z7A6--8q5k__A2_A0A0H2Z7A6,0.919506017326354,0.5,True
1ww5__A1_Q6WY08--1ww5__D1_Q6WY08,0.9885193933984174,0.5,True
7ww2__A1_A0A4Q9D6T1--7ww2__B1_A0A4Q9D6T1,0.9489560968643882,0.5,True
2pfk__A1_P0A796--2pfk__B1_P0A796,0.8885646807989258,0.5,True
1i2m__B1_P18754--1i2m__A1_P62826,0.8962568192495143,0.5,False
8i2e__A1_O34841--8i2e__B1_P54421,0.9214914598865026,0.5,False
3pfl__A1_P09373--3pfl__B1_P09373,0.9415301332699176,0.5,True
6gho__B1_Q5L1S1--6gho__A1_O31602,0.7452065419474785,0.5,False
1glj__A1_P0A6F3--1glj__B1_P0A6F3,0.9875719387325367,0.5,True
4zq8__B1_A0A0M3KL36--4zq8__A1_A0A0M3KL36,0.961426118081786,0.5,True
5h4h__B1_O58236--5h4h__A1_O58236,0.9677649288092371,0.5,True
4iv9__A1_P06617--4iv9__B1_P06617,0.9737662582058357,0.5,True
6sdk__A1_P26497--6sdk__B1_P26497,0.9153794243966903,0.5,True
2fq4__A1_Q81BJ4--2fq4__A2_Q81BJ4,0.9525560085632083,0.5,True
7zeq__B1_Q9WXT1--7zeq__A1_Q9WXT1,0.9714131379693813,0.5,True
5z5h__A1_Q2I2N4--5z5h__A2_Q2I2N4,0.9779019878136793,0.5,True
2fe1__A1_Q8ZZP3--2fe1__A2_Q8ZZP3,0.9759103258461391,0.5,True
7wik__B1_A0R1E6--7wik__A1_A0R1E6,0.926906624986726,0.5,True
7t8o__B1_Q8Y8Y9--7t8o__A1_Q8Y8Y9,0.9305335694358596,0.5,True
7t91__A1_P08151--7t91__B1_P08151,0.8877005513706608,0.5,True
3lg6__A1_D2YW48--3lg6__B1_D2YW48,0.9666252357009264,0.5,True
2o9a__A1_P16528--2o9a__D1_P16528,0.9348154257107755,0.5,True
1zhq__A1_Q9RHG4--1zhq__B1_Q9RHG4,0.8720028889982185,0.5,True
2e0k__B1_Q8KFD9--2e0k__A1_Q8KFD9,0.964010183310074,0.5,True
6izb__A1_P13693--6izb__A2_P13693,0.9526870167606053,0.5,True
3a2f__A1_P61875--3a2f__B1_O73947,0.9926929128983698,0.5,False
3isx__A1_Q9X0E0--3isx__A2_Q9X0E0,0.8771024536189467,0.5,True
2vkj__A1_Q9X1W9--2vkj__B1_Q9X1W9,0.9117426051992515,0.5,True
5csr__D1_Q9HLB6--5csr__A1_Q9HLB6,0.967817414072314,0.5,True
1iq8__A1_O58843--1iq8__B1_O58843,0.8488724574680773,0.5,True
3tbm__A1_Q8XVB9--3tbm__B1_Q8XVB9,0.8903522922083261,0.5,True
7tur__B1_P00503--7tur__A1_P00503,0.9367783514885788,0.5,True
3vol__A1_Q9I6V6--3vol__A2_Q9I6V6,0.8903057680902834,0.5,True
3jqz__A1_P02768--3jqz__B1_P02768,0.9032297264070128,0.5,True
1vkd__A1_Q9X0V2--1vkd__B1_Q9X0V2,0.9401623191631399,0.5,True
8b31__B1_A0A2W4LV58--8b31__A1_A0A2W4LV58,0.9630651810631099,0.5,True
7bzk__A1_Q9SJ89--7bzk__B1_Q6NPF9,0.8943410477531385,0.5,False
3cgh__A1_Q8A0N7--3cgh__A2_Q8A0N7,0.9768190829938694,0.5,True
5vlb__A1_G7IKX3--5vlb__B1_G7IKX3,0.9032518900373845,0.5,True
2oer__B1_Q9I3U1--2oer__A1_Q9I3U1,0.9897987965101211,0.5106382978723404,True
2ylz__A1_Q47PU3--2ylz__A2_Q47PU3,0.882780592530827,0.5,True
8bjp__B1_A0A1W6VSR4--8bjp__A1_A0A1W6VSR4,0.9082453538085682,0.5,True
6kcx__A1_Q9WZL1--6kcx__A2_Q9WZL1,0.9893820577575594,0.5,True
4q69__A1_Q8A5I0--4q69__B1_Q8A5I0,0.9868777550779475,0.5,True
7xmj__C1_A9QSE8--7xmj__A1_A9QSE8,0.9287359398001437,0.5,True
1pix__A1_Q06700--1pix__B1_Q06700,0.9513260399542144,0.5,True
3l8i__B1_Q9BUL8--3l8i__A1_Q9BUL8,0.967778270371059,0.5,True
6l2u__A1_Q27RN2--6l2u__B1_Q27RN2,0.9364100624172499,0.5,True
6sl2__A1_C4LWU6--6sl2__A2_C4LWU6,0.8898932657234049,0.5,True
1u6z__B1_P0AFL6--1u6z__A1_P0AFL6,0.9383211130177971,0.5,True
3pm9__A1_Q6NAV4--3pm9__B1_Q6NAV4,0.9150979818761498,0.5,True
3a5y__B1_P0A8N7--3a5y__A1_P0A8N7,0.9309761887766668,0.5,True
7xgn__A1_UNDEFINED--7xgn__B1_UNDEFINED,0.898748049554279,0.5,True
6bn1__B1_Q9VCR6--6bn1__A1_Q8T0S6,0.7147879815330156,0.5,False
8ji6__A1_A0A861B387--8ji6__B1_A0A861B387,0.9907801976464076,0.5,True
2pjs__A1_A9CIG0--2pjs__B1_A9CIG0,0.9138305592440478,0.5,True
8ke8__A1_Q9HXS0--8ke8__B1_Q9HXS0,0.9027642295112259,0.5,True
3h7l__A1_Q87LX4--3h7l__A2_Q87LX4,0.9497340285384255,0.5,True
7zs8__A1_A0A1D3HIT0--7zs8__B1_A0A1D3HIT0,0.9082406872901827,0.5,True
2vc4__A1_P02879--2vc4__A2_P02879,0.9581268992836987,0.5,True
1xe8__B1_Q03629--1xe8__A1_Q03629,0.9823479154849688,0.5,True
7tn6__A1_Q84Y01--7tn6__A2_Q84Y01,0.9448565418894831,0.5,True
7yo6__A1_G8GLP2--7yo6__A2_G8GLP2,0.9500141749149504,0.5,True
8k76__A1_Q8R6D8--8k76__B1_Q8R6D8,0.9875633829075194,0.5,True
1vgx__B1_Q9RRU8--1vgx__A1_Q9RRU8,0.9214100242181364,0.5,True
3cet__B1_Q6M145--3cet__A1_Q6M145,0.9206938611174424,0.5,True
4zlh__B1_P0AB60--4zlh__A1_P0AB60,0.9881273278591558,0.5,True
2y84__A1_Q7WT50--2y84__E1_Q7WT50,0.9648997913529507,0.5,True
4me9__A1_Q736B0--4me9__B1_Q736B0,0.9888102779669045,0.5,True
2z51__A1_Q93W20--2z51__A2_Q93W20,0.8556182166181298,0.5,True
8ajq__A1_Q9I0C0--8ajq__B1_Q9I0C0,0.9125099563077586,0.5,True
3gdm__A1_P03962--3gdm__B1_P03962,0.9794450337567074,0.5,True
5khn__A1_UNDEFINED--5khn__B1_UNDEFINED,0.9679709237597883,0.5,True
7yfj__A2_Q15007--7yfj__B1_Q15007,0.8157137033073434,0.5,True
2rkl__F1_Q06263--2rkl__E1_Q06263,0.8877435641221173,0.5,True
8cwp__A1_Q06282--8cwp__A2_Q06282,0.9547264265250571,0.5,True
4neh__A1_P20702--4neh__B1_P05107,0.8549115880962541,0.5,False
2prv__A1_O34596--2prv__B1_O34596,0.9612929910153609,0.5,True
6kvn__A1_A0A1S4CVP6--6kvn__A2_A0A1S4CVP6,0.9688526295454207,0.5,True
5tgq__A1_A0A1S4NYF7--5tgq__A2_A0A1S4NYF7,0.974520840540258,0.5,True
6b3i__A1_P27216--6b3i__B1_P27216,0.9697432045834871,0.5,True
1rqn__A1_O31156--1rqn__B1_O31156,0.9729053536747947,0.5,True
7tcr__A1_A0A2D2D5M1--7tcr__D1_A0A2D2CY73,0.9553334275799121,0.5,False
5l7z__A1_P28750--5l7z__A2_P28750,0.9832918651035942,0.5,True
7ljh__A1_Q769D3--7ljh__B2_Q769D3,0.9880773797473825,0.5,True
5frk__A1_D4I047--5frk__B1_D4I047,0.8926859287857608,0.5,True
7xmw__B1_U2Q5N5--7xmw__A1_U2Q5N5,0.7900014268120514,0.5,True
7w2o__A1_Q9HZP1--7w2o__B1_Q9HZP1,0.9866923192533132,0.5,True
7uay__A1_P08684--7uay__A2_P08684,0.999300327741216,0.5,True
5czf__D1_A0A0H3JHG3--5czf__A1_Q8XAD5,0.6847691828492868,0.5,False
8p4l__A1_UNDEFINED--8p4l__B1_UNDEFINED,0.9254939426873289,0.5,True
2p6p__A1_Q9RPA7--2p6p__B1_Q9RPA7,0.9393680598467319,0.5,True
4u64__A1_Q5ZXA3--4u64__A2_Q5ZXA3,0.9551972140207434,0.5,True
7qbm__A1_P43235--7qbm__B1_P43235,0.9368897218751445,0.5,True
3nvm__A1_Q8U4M1--3nvm__B1_Q8U4M2,0.910242199028295,0.5,False
7q86__A1_UNDEFINED--7q86__B1_UNDEFINED,0.9259633782530714,0.5,True
3wws__A1_Q13188--3wws__D1_Q13188,0.6755722326454034,0.5,True
4c87__A1_F9UMG7--4c87__B1_F9UMG7,0.9112579383329745,0.5,True
2d7e__A1_P17888--2d7e__B1_P17888,0.8675569060604962,0.5,True
7xro__A1_Q9RQ20--7xro__B1_Q9RQ20,0.9272586476567585,0.5,True
5yrj__A1_B6F0T7--5yrj__B1_A0A2Z5V8U8,0.9430937844059653,0.5,False
6yev__C1_P0A744--6yev__A1_P0AA25,0.9150554986603772,0.5,False
8glr__A1_Q8ZJX7--8glr__A2_Q8ZJX7,0.9565625272919264,0.5,True
5fwt__A1_Q96MU8--5fwt__A2_Q96MU8,0.8615735070769802,0.5,True
4e6s__A1_Q3URR7--4e6s__A2_Q3URR7,0.9133782304595461,0.5,True
8enb__B1_A7DT38--8enb__A1_A0T3A2,0.7385244842585813,0.5,False
8h4p__A1_I1S104--8h4p__B1_I1S104,0.9767425506049983,0.5,True
4cu5__A1_B6SBV8--4cu5__F1_B6SBV8,0.974061353467152,0.5,True
7yo8__A1_P60520--7yo8__A2_P60520,0.6698413954224336,0.5,True
8elf__B1_Q6DYE4--8elf__A1_Q6DYE4,0.9173161027002985,0.5,True
1ax2__A1_P16404--1ax2__A2_P16404,0.9670531888942716,0.5,True
8i33__C1_A0A6Q8PFJ0--8i33__A1_A0A6Q8PFJ0,0.9221444487502422,0.5,True
3q9l__A1_P0AEZ3--3q9l__B1_P0AEZ3,0.9774089234462493,0.5,True
8ak1__A1_UNDEFINED--8ak1__B1_O25273,0.9466440728091431,0.5,False
2yk4__A1_P72097--2yk4__A2_P72097,0.9508130405271427,0.5,True
7u5f__C1_Q9HTM2--7u5f__A1_Q9HTM2,0.9707673249886218,0.5,True
5xt3__B1_A0A0U1MUE2--5xt3__A1_A0A0U1MUE2,0.9517448812541494,0.5,True
5iws__A1_Q63GK8--5iws__A2_Q63GK8,0.9361090206427375,0.5,True
2owl__A1_P36767--2owl__B1_P36767,0.855193056102943,0.5,True
8bca__A1_O75643--8bca__B1_Q6P2Q9,0.7758191267824368,0.5,False
4ml7__A1_P61626--4ml7__B1_UNDEFINED,0.6520370743960849,0.5,False
3mcb__B1_P20290--3mcb__A1_Q13765,0.8550512558157494,0.5,False
8gy8__A1_Q8TZT0--8gy8__B1_Q8TZT0,0.8853674536446345,0.5,True
8dkd__A1_G7CIP4--8dkd__A2_G7CIP4,0.9013827385001226,0.5,True
7dus__A1_P08965--7dus__A2_P08965,0.9011025029797377,0.5,True
8gb1__A1_Q9Y3Z3--8gb1__B1_Q9Y3Z3,0.9541485892458053,0.5,True
7cov__A1_Q06801--7cov__A2_Q06801,0.9530379671770314,0.5,True
6ign__A1_Q61768--6ign__A2_Q61768,0.7953796425056284,0.5,True
1fzr__A1_P00641--1fzr__B1_P00641,0.9250278860732076,0.5,True
3be5__A1_Q8XBR1--3be5__B1_Q8XBR1,0.9593725819676606,0.5,True
2ecs__A1_P03040--2ecs__B1_P03040,0.9245788757507507,0.5,True
4hn3__B1_Q8Y6D1--4hn3__A1_Q8Y6D1,0.9026475572647313,0.5,True
4o8y__A1_Q08723--4o8y__B1_P43588,0.9431426118424648,0.5,False
7uoi__A1_A0A1S8KJG1--7uoi__A2_A0A1S8KJG1,0.9039053949216356,0.5,True
7vma__A1_C5A758--7vma__A2_C5A758,0.9767175917245273,0.5,True
7d9m__A1_A0A4D6NYT7--7d9m__B2_A0A4D6NYT7,0.9744778898240116,0.5,True
2py8__C1_Q55670--2py8__B1_Q55670,0.7909695474241695,0.5,True
7ytl__A1_E1BR24--7ytl__A2_E1BR24,0.9663658549270882,0.5,True
7vxt__A1_Q63W52--7vxt__B1_Q63W52,0.9135628685180672,0.5,True
5cv3__A1_E3M3V1--5cv3__A2_E3M3V1,0.9361970418127387,0.5,True
8c9v__A1_Q1JXV1--8c9v__A2_Q1JXV1,0.9839272602290302,0.5,True
3tsn__A1_Q9PN58--3tsn__B1_Q9PN58,0.9304667978510746,0.5,True
8j51__A1_A0A0E9MUN5--8j51__B1_A0A0E9MUN5,0.9252769306467852,0.5,True
6cz9__A1_Q7WTU0--6cz9__B1_Q7WTT9,0.9358972539372148,0.5,False
8pzo__A1_F9UT68--8pzo__A2_F9UT68,0.9748345520650354,0.5,True
3tqg__B1_Q83DG4--3tqg__A1_Q83DG4,0.9387971511765718,0.5,True
7czg__C1_Q8TDY2--7czg__A1_Q8TDY2,0.8954015887025596,0.5,True
7eev__B1_A0A3D9R4E8--7eev__A1_A0A3D9R4E8,0.9436428462140661,0.5,True
8ori__A1_Q2KB35--8ori__B1_Q2KB35,0.9327712867470721,0.5,True
7o6z__A1_A0A7R8L7W4--7o6z__B1_A0A7R8L7W4,0.9881073321802524,0.5,True
8pmr__A1_Q4WL81--8pmr__B1_Q4WL81,0.8005004432685043,0.5,True
7u34__A1_Q4X1J1--7u34__A2_Q4X1J1,0.9428940017255537,0.5,True
3fmy__A1_Q46864--3fmy__A2_Q46864,0.957007441829141,0.5,True
7f0o__B1_A0A2I1C3W8--7f0o__A1_A0A2I1C3W8,0.9421482235957108,0.5,True
3ojm__B1_P21802--3ojm__A1_P05230,0.8000025482587484,0.5,False
6xgz__A1_P63386--6xgz__B1_P64602,0.9109135126029213,0.5,False
7x2y__A1_A0A076PYH9--7x2y__B1_A0A076PYH9,0.9818318507590282,0.5,True
8i34__A1_A0AA52HX42--8i34__B1_A0AA52HX50,0.9580897049180329,0.5,False
5i4h__B1_P07711--5i4h__A1_P07711,0.853519448463699,0.5,True
4e6h__A1_Q6CII8--4e6h__A2_Q6CII8,0.9824262346355381,0.5,True
6x7p__A1_Q8GGP1--6x7p__A2_Q8GGP1,0.9619020770625935,0.5,True
3exq__A1_Q03S37--3exq__A2_Q03S37,0.8715446220752177,0.5,True
2qvc__A1_Q9WXW9--2qvc__B2_Q9WXW9,0.9934104942698849,0.5,True
6yoa__A1_O82015--6yoa__B1_O82015,0.9012050619878066,0.5,True
7qnm__A1_G0L7V6--7qnm__B1_G0L7V6,0.9732907830064087,0.5,True
3p8v__A1_Q9V228--3p8v__B1_Q9V228,0.9647715600626835,0.5,True
4re1__A1_P28347--4re1__D1_P46937,0.8088968113088401,0.5,False
8iw5__A1_Q8C8U0--8iw5__B1_Q8C8U0,0.8029625597760585,0.5,True
7sq2__B1_Q01970--7sq2__A1_P21279,0.9589223450697876,0.5,False
4lqx__B1_Q97VD2--4lqx__A1_Q97VD2,0.9836642957627478,0.5,True
3owf__A1_P00644--3owf__A2_P00644,0.9263959579408506,0.5,True
2dpl__A1_O59072--2dpl__B1_O59072,0.9611828356045924,0.5,True
4ap5__A1_Q9Y2G5--4ap5__B1_Q9Y2G5,0.9691820273323415,0.5,True
8evy__A1_Q9LCT6--8evy__A2_Q9LCT6,0.9942169937225729,0.5,True
5npo__A1_P62593--5npo__B1_D3INY1,0.8309216125720336,0.5,False
5uhs__A1_B0SR19--5uhs__B1_B0SR19,0.8004910626056787,0.5,True
5t3v__B1_Q9Y2C4--5t3v__A1_Q9Y2C4,0.9312490518282313,0.5,True
8f2l__A1_P9WJY9--8f2l__B1_P9WJY9,0.8464700884379728,0.5,True
8h1l__B1_A0A7U4E834--8h1l__A1_A0A7U4E834,0.8915082528886525,0.5,True
1nye__A1_P0C0L2--1nye__B1_P0C0L2,0.8600818038364197,0.5,True
2ou6__A1_Q9RVG4--2ou6__A2_Q9RVG4,0.9604615527488856,0.5,True
3k1i__D1_O25709--3k1i__A1_O25448,0.7509320665999965,0.5,False
1vbi__A1_Q53W84--1vbi__A2_Q53W84,0.9638478505113962,0.5,True
2oqb__A1_Q4AE70--2oqb__B1_Q4AE70,0.8424015523654956,0.5,True
8ajy__A1_A0AEF6--8ajy__B1_UNDEFINED,0.6292266725112705,0.5,False
6saz__B1_Q9UGM5--6saz__A1_P07584,0.9100188791863051,0.5,False
8gzy__A1_P0A9A6--8gzy__B1_UNDEFINED,0.8915345918406631,0.5,False
6l9x__A1_F6VRB7--6l9x__A2_F6VRB7,0.8733804852080006,0.5,True
3ica__B1_Q7MXR4--3ica__A1_Q7MXR4,0.9341621966451656,0.5,True
6o15__A1_P39353--6o15__B1_P39353,0.9420380757243706,0.5,True
2ohc__A1_Q9HIY5--2ohc__B1_Q9HIY5,0.941992691045163,0.5,True
8qfo__A1_A0A840P3H4--8qfo__B1_A0A840P3H4,0.9079788981641931,0.5,True
5zmy__A1_F1LJ99--5zmy__B1_F1LJ99,0.9058108763759198,0.5,True
6tx3__B1_Q9NWY4--6tx3__A1_Q9UGN5,0.9218481415973261,0.5,False
4tx5__A1_Q9NR28--4tx5__B1_Q9NR28,0.9552912982132208,0.5,True
7wnk__B1_A0A1E5TT85--7wnk__A1_A0A1E5TT85,0.984916814159292,0.5,True
2fn0__B1_Q9X9I8--2fn0__A1_Q9X9I8,0.9947600450323,0.5,True
5x89__A1_Q8TGZ7--5x89__A2_Q8TGZ7,0.8721105784537017,0.5,True
2j0t__A1_P03956--2j0t__D1_P01033,0.7940674618985092,0.5,False
2i9i__A1_O25234--2i9i__A2_O25234,0.8807083612625832,0.5,True
3rtr__G1_Q13616--3rtr__H1_P62877,0.9170543036317278,0.5,False
8bjd__A1_UNDEFINED--8bjd__A2_UNDEFINED,0.8346982031468917,0.5,True
7lq2__A1_A0A023X3Z4--7lq2__B1_A0A023X3Z4,0.8779381155017939,0.5,True
6aht__A1_A1BZ87--6aht__B1_A1BYM8,0.9672101290070318,0.5,False
8tto__A1_UNDEFINED--8tto__B1_UNDEFINED,0.7416061685530053,0.5,True
8czp__A1_A0A0D5ZBI4--8czp__B1_A0A0D5ZBI4,0.9294227965571671,0.5,True
4ro3__A1_M1RHE3--4ro3__B1_M1RHE3,0.9273745626590331,0.5,True
1c0n__A1_P77444--1c0n__A2_P77444,0.940148637118797,0.5,True
7tq0__A1_P00459--7tq0__A2_P00459,0.9634884241146164,0.5,True
1o4w__A1_O29664--1o4w__A2_O29664,0.9806280819142581,0.5,True
4jzp__A1_P51572--4jzp__B1_P51572,0.9421297582661851,0.5,True
2or2__A1_P08954--2or2__B1_P08954,0.9799047796717779,0.5,True
5xdf__B1_Q5SL04--5xdf__A1_Q5SL04,0.9619725931917791,0.5,True
6kr4__A1_P10586--6kr4__E1_P60469,0.9436201455095345,0.5,False
1itv__A1_P14780--1itv__B1_P14780,0.9244987097453722,0.5,True
8e51__A1_A0A5N5MKD0--8e51__B1_UNDEFINED,0.7237513422906681,0.5,False
2qgi__A1_P05449--2qgi__B1_P05449,0.9405349766104292,0.5,True
1a19__A1_P11540--1a19__B1_P11540,0.9010757332675141,0.5,True
8a9x__A1_P15752--8a9x__C1_P15752,0.9591400189889331,0.5,True
3onm__A1_UNDEFINED--3onm__B1_UNDEFINED,0.8349190749826235,0.5,True
7wrs__A1_Q5ZJ86--7wrs__B1_UNDEFINED,0.8912001120120014,0.5,False
8e9e__B1_Q02293--8e9e__A1_Q04631,0.8950315168271572,0.5,False
2h4c__A1_Q7T2R1--2h4c__B1_Q7T3T5,0.862452550450547,0.5,False
2bdt__A1_Q9K6P2--2bdt__A2_Q9K6P2,0.9775481345339513,0.5,True
5vbn__A1_P56282--5vbn__B1_Q07864,0.9131017786990998,0.5,False
8gt0__A1_Q8I6U4--8gt0__B1_P01040,0.8016218983508703,0.5,False
5lrr__A1_P22262--5lrr__B1_P22262,0.9620543013205429,0.5,True
4y7i__A1_Q96EF0--4y7i__B1_Q96EF0,0.955461661873847,0.5,True
1who__A1_P43214--1who__A2_P43214,0.6267453740492678,0.5,True
4g10__A1_Q9WXJ9--4g10__A2_Q9WXJ9,0.954671726592841,0.5,True
8q4k__A1_O51180--8q4k__B1_O51180,0.8981047062600868,0.5,True
6hp3__A1_O31927--6hp3__B1_O31927,0.9328905875643102,0.5,True
8hs0__A1_Q9LIR4--8hs0__A2_Q9LIR4,0.9453522623133356,0.5,True
6gz1__A1_P10151--6gz1__A2_P10151,0.9283089304892804,0.5,True
8pbu__A1_P27708--8pbu__A2_P27708,0.9355561294104919,0.5,True
7zjc__A1_P0DV83--7zjc__A2_P0DV83,0.9538139553785507,0.5,True
6ecu__B1_Q8RJY3--6ecu__A1_Q8RJY3,0.9592377140860824,0.5,True
4x2d__A1_UNDEFINED--4x2d__C2_UNDEFINED,0.9475593342221402,0.5,True
7p0h__A1_O26008--7p0h__C1_O26008,0.9591650879169116,0.5,True
5b3g__B1_Q9SZF7--5b3g__A1_Q9M384,0.9404008867830531,0.5,False
7vzy__B1_Q84G19--7vzy__A1_Q84G19,0.9498689823668557,0.5,True
2q3t__A1_Q9LUJ3--2q3t__A2_Q9LUJ3,0.9344517659261293,0.5,True
8j3t__A1_A0A0G2TMR2--8j3t__B1_A0A0G2TMR2,0.9854971119400162,0.5,True
7pt0__A1_Q9KYU4--7pt0__B1_Q9KYU4,0.9819367097572613,0.5,True
6m09__B1_Q8LDU1--6m09__A1_Q8LDU1,0.9438667391827226,0.5,True
7uxs__B1_J8G6Z1--7uxs__A1_J8G6Z1,0.9725624824501209,0.5,True
2q03__A1_Q12ML0--2q03__B1_Q12ML0,0.9152334217694796,0.5,True
6kcp__B1_Q9VAA9--6kcp__A1_Q9VAA9,0.8718829767682474,0.5,True
3zn4__A1_C8CHL4--3zn4__A2_C8CHL4,0.9125449308149463,0.5,True
6sj4__B1_A0A022MQ12--6sj4__A1_A0A022MQ12,0.9462225521014123,0.5,True
5cyy__A1_P9WG63--5cyy__B1_P9WG63,0.9079038674367809,0.5,True
3tj3__A1_P52294--3tj3__B1_Q9UKX7,0.7814865282412558,0.5,False
3i32__A1_Q72GF3--3i32__A2_Q72GF3,0.9901682263532932,0.5,True
1jk9__B1_P40202--1jk9__A1_P00445,0.928723466284305,0.5,False
4z3u__B1_G3G955--4z3u__A1_G3G8X8,0.9229936342922752,0.5,False
4e4w__A1_P38920--4e4w__B1_P14242,0.9661145671088855,0.5,False
5yw5__A1_Q5NII9--5yw5__D1_Q5NII9,0.9554891613533415,0.5,True
3ab8__A1_Q5SLE3--3ab8__B1_Q5SLE3,0.9012295342000196,0.5,True
3mxt__A1_Q9PIK2--3mxt__A2_Q9PIK2,0.9175216327938949,0.5,True
1wr8__B1_O50129--1wr8__A1_O50129,0.9748517497908478,0.5,True
7war__B1_A0A1B6PFV1--7war__A1_A0A1B6PFV1,0.9277005072367905,0.5,True
7fn1__B1_P32357--7fn1__A1_P33334,0.9200555711873946,0.5,False
7xl7__A1_A0A2J0R8J6--7xl7__B1_A0A2J0R8J6,0.8333023682124454,0.5,True
8vc5__A1_Q9XCL6--8vc5__B1_Q9XCL6,0.9838925770397808,0.5,True
5jfz__A1_P20605--5jfz__B1_P0ADX5,0.8459071659088455,0.5,False
1gkh__A1_P69543--1gkh__A2_P69543,0.9629521083242457,0.5,True
5g37__B1_P10565--5g37__A1_P06575,0.9351732706949001,0.5,False
2gjx__A1_P06865--2gjx__B1_P07686,0.952217604712966,0.5,False
3aqb__B1_O66129--3aqb__A1_O66127,0.9216047211293682,0.5,False
8q1a__A1_Q16790--8q1a__C2_Q16790,0.9631356030583976,0.5,True
8ezt__D2_UNDEFINED--8ezt__A1_UNDEFINED,0.9331957179659153,0.5,True
5ez1__B1_P56112--5ez1__A1_P56112,0.930028997315951,0.5,True
3lwd__A1_Q1QTX1--3lwd__A2_Q1QTX1,0.9871582158567817,0.5,True
4wic__A1_Q2FAE9--4wic__B1_Q2FAE9,0.8650409012934193,0.5,True
8dye__A1_P31040--8dye__B1_Q5VUM1,0.8061092417695865,0.5,False
6xnr__A1_UNDEFINED--6xnr__A2_UNDEFINED,0.892434725127632,0.5,True
2ch6__A1_Q9UJ70--2ch6__D1_Q9UJ70,0.9594321284867251,0.5,True
3gpn__A1_P15873--3gpn__A2_P15873,0.9581929394647164,0.5,True
5y69__A1_A8ATW7--5y69__B1_A8ATW7,0.8273070759368836,0.5,True
7th0__A1_P31667--7th0__A2_P31667,0.9094624900528105,0.5,True
2qh0__A1_Q97H22--2qh0__A2_Q97H22,0.9222575308193612,0.5,True
7uln__A1_P09514--7uln__B1_P09514,0.9071697700727958,0.5,True
5ubb__A1_Q5VVY1--5ubb__A2_Q5VVY1,0.9823794819385454,0.5,True
5kvs__B1_O54512--5kvs__A1_O54512,0.9596259097987578,0.5,True
3frs__A1_P53990--3frs__A2_P53990,0.9027755048604064,0.5,True
3obv__A1_O08808--3obv__C1_O08808,0.9437046190395412,0.5,True
4wkz__A1_A0AEF5--4wkz__B1_W5IDC3,0.8378482648541725,0.5,False
3kt0__A1_Q12109--3kt0__A2_Q12109,0.961649024939396,0.5,True
5i90__A1_G3XCY5--5i90__B1_G3XCY5,0.9412105878627703,0.5,True
3bat__B1_P24733--3bat__A1_P24733,0.9344942687101402,0.5,True
2ps1__A1_P13298--2ps1__B1_P13298,0.9681734251524691,0.5,True
1fcd__A1_Q06530--1fcd__B1_Q06529,0.9882511379295946,0.5,False
8hy8__A1_A0A085BE66--8hy8__A2_A0A085BE66,0.973501459751781,0.5,True
8har__A1_Q2L6E4--8har__B1_Q2L6E4,0.9364897649689488,0.5,True
8a60__A1_P06971--8a60__B1_Q38162,0.8107005074496476,0.5,False
4je4__A1_Q06124--4je4__B1_P02751,0.8797359249497207,0.5,False
2a6c__A1_Q82UW4--2a6c__A2_Q82UW4,0.9209703586845567,0.5,True
5k9l__B1_A8MW95--5k9l__A1_A8MW95,0.9201890578791719,0.5,True
5mzg__A1_P53368--5mzg__B1_P53368,0.9391820626419468,0.5,True
6lfn__A1_UNDEFINED--6lfn__B1_UNDEFINED,0.8072154304640293,0.5,True
7ucc__B1_P17535--7ucc__A1_P53539,0.9447112581623135,0.5,False
8d0x__A1_Q9Y231--8d0x__A2_Q9Y231,0.8028710495560836,0.5,True
6ano__B1_Q9UKL3--6ano__A1_Q9UKL3,0.9265115325571861,0.5,True
6et2__A1_Q9I4X1--6et2__B1_Q9I4X2,0.940439999610291,0.5,False
6d0a__A1_Q8N5Z0--6d0a__A2_Q8N5Z0,0.9666059975416917,0.5,True
2xga__B1_P35530--2xga__A1_P35530,0.9823415391576177,0.5,True
2i3o__A1_Q9HJH4--2i3o__B1_Q9HJH4,0.9796656207277941,0.5,True
1ijx__A1_P97401--1ijx__C1_P97401,0.7913062801932368,0.5,True
6h2u__A1_Q9NRN9--6h2u__B1_Q9UI30,0.9074338011757432,0.5,False
8h2v__A1_Q93HT8--8h2v__B1_Q93HT8,0.9440967748575212,0.5,True
1wat__B1_P02941--1wat__A1_P02941,0.9632149909070666,0.5,True
2nyh__A1_Q13JM0--2nyh__B1_Q13JM0,0.9016386188411534,0.5,True
7y9b__A1_A3EXD6--7y9b__B1_A3EXD6,0.8652291395567452,0.5,True
7yuj__B1_Q9BYM8--7yuj__A1_Q9BYM8,0.7668117251555802,0.5,True
8c5k__A1_P87252--8c5k__A2_P87252,0.9309944472488643,0.5,True
2spc__A1_P13395--2spc__B1_P13395,0.8717726996848003,0.5,True
6q2e__A1_A5UMY5--6q2e__B1_A5UMY5,0.9635887918712311,0.5,True
4p8i__A1_P40746--4p8i__B1_P40746,0.8516863368910783,0.5,True
8gp6__B1_P16710--8gp6__A1_P07611,0.864773098334586,0.5,False
8a82__A1_K7WEY7--8a82__B1_K7XCU4,0.9196723015482247,0.5,False
3a4l__B1_Q58933--3a4l__A1_Q58933,0.9864116328066568,0.5,True
1z52__A1_P09167--1z52__B1_P09167,0.8235069526627218,0.5,True
6c0g__A1_A0A3F2YLX1--6c0g__B2_A0A3F2YLX1,0.7254422277521655,0.5,True
8owi__A1_Q02224--8owi__B1_Q02224,0.9196453655728267,0.5,True
1k3r__B1_O26109--1k3r__A1_O26109,0.9760268282674136,0.5,True
7fga__A1_Q8DIJ4--7fga__B2_Q8DIJ4,0.9762533770245028,0.5,True
5akq__A1_O52063--5akq__B1_O52063,0.9696150555328243,0.5,True
7y86__B1_A0A0K2E3A3--7y86__A1_A0A0K2E3A3,0.9504619674570043,0.5,True
8d1u__A1_P0A6R0--8d1u__A2_P0A6R0,0.967169437006258,0.5,True
1vqw__A1_Q9HFE4--1vqw__B1_Q9HFE4,0.9134999674477031,0.5,True
7rzb__A1_A0A229LVN5--7rzb__A2_A0A229LVN5,0.9431946930609666,0.5,True
6qta__A1_G0SHE6--6qta__B1_G0SC29,0.8139468973747017,0.5,False
7toc__A1_A0A2H0ZMH9--7toc__B1_A0A2H0ZMH9,0.8623914344689705,0.5,True
7ula__B1_Q88ND0--7ula__A1_Q88NC7,0.9521779458109048,0.5,False
8bes__A1_A0A856TAI5--8bes__B1_A0A856TAI5,0.9728708873407208,0.5,True
7ztw__A1_Q66578--7ztw__B1_Q66578,0.9533038305750998,0.5,True
7wjt__B1_Q8BZB3--7wjt__A1_Q8BZB3,0.936800878604924,0.5,True
6j9n__A1_X5EPV9--6j9n__B1_A0A425B395,0.8085838522510332,0.5,False
1kll__A1_O05205--1kll__A2_O05205,0.9325327452552793,0.5,True
8uel__A1_UNDEFINED--8uel__B1_UNDEFINED,0.9834695685974159,0.5,True
7xky__A1_Q58690--7xky__B1_Q58034,0.9337125404942699,0.5,False
4p04__A1_A0A0D6H805--4p04__B1_A0A0D6H805,0.912976739230574,0.5,True
1txz__A1_Q04299--1txz__A2_Q04299,0.9796635420722414,0.5,True
4af5__A1_Q8NQ97--4af5__A2_Q8NQ97,0.925703805767443,0.5,True
8af9__A1_Q2YPZ9--8af9__H1_Q2YPZ9,0.9784263467378895,0.5,True
8gm9__D1_P9WPD3--8gm9__A1_P9WPD3,0.9050705282452131,0.5,True
7wsx__A1_D9PYV4--7wsx__B1_D9PYV4,0.9813328336740691,0.5,True
4g86__A1_Q79PF6--4g86__B1_Q79PF6,0.900149563757366,0.5,True
3bq3__A1_Q12395--3bq3__A2_Q12395,0.8865024608114883,0.5,True
7eva__A1_P31490--7eva__A2_P31490,0.9409611623859312,0.5,True
8r7d__B1_G5EI71--8r7d__A1_Q8LJL3,0.7946970485555058,0.5,False
7pwy__A1_Q8TDX5--7pwy__B1_Q8TDX5,0.9813948941164854,0.5,True
3ut4__A1_A3DJ21--3ut4__B1_A3DJ21,0.9755838762426351,0.5,True
8eei__B1_A0A807MR40--8eei__A1_A0A807MR40,0.9905732416493265,0.5,True
8bp5__B1_A0A369SI82--8bp5__A1_A0A369SI82,0.9271341865681488,0.5,True
3l34__B1_Q9HT87--3l34__A1_Q9HT87,0.9234978870845005,0.5,True
8god__A1_Q9UM07--8god__A2_Q9UM07,0.9556525278387284,0.5,True
1h9g__A1_P0A8V6--1h9g__A2_P0A8V6,0.9859126981370521,0.5,True
7qg6__D1_Q9HAU5--7qg6__C1_Q9H1J1,0.8257563496046345,0.5,False
8sz3__B2_Q9NY97--8sz3__A1_Q9NY97,0.9499266826572923,0.5,True
5a10__A1_G1FNI6--5a10__A2_G1FNI6,0.9694903137442925,0.5,True
7qoc__A1_Q8NQV9--7qoc__B1_Q8NQV9,0.9740535286783161,0.5,True
8a90__B1_A0A7S9SWM2--8a90__A1_A0A7S9SWM2,0.9493554831890141,0.5,True
3iaa__A1_Q8KNE0--3iaa__B1_Q8KNE0,0.9360113549920471,0.5,True
3n50__B1_Q9H4W6--3n50__A1_Q9H4W6,0.9197154164145996,0.5,True
2qg3__A1_O28220--2qg3__A2_O28220,0.9401538075910223,0.5,True
7ysk__A1_Q6D6Z8--7ysk__B1_Q6D6Z8,0.9890662981692647,0.5,True
7spz__A1_A8B3G9--7spz__A2_A8B3G9,0.9871129987766527,0.5,True
4q2e__B1_Q9X1B7--4q2e__A1_Q9X1B7,0.8611236019418866,0.5,True
8cff__A1_Q7SIF4--8cff__B1_Q7SIF3,0.9031043694192676,0.5,False
8bxl__A1_A0A075TRK9--8bxl__D1_A0A075TRK9,0.9831166506514678,0.5,True
7uqo__A1_UNDEFINED--7uqo__A2_UNDEFINED,0.7428135992780448,0.5,True
5d4v__C1_Q57913--5d4v__A1_Q57913,0.9343165084239079,0.5,True
2p23__A1_O95750--2p23__B1_O95750,0.63705511683254,0.5,True
7u55__A1_A0A151EDA9--7u55__A2_A0A151EDA9,0.9141162417267517,0.5,True
1rkw__A1_P0A0N4--1rkw__C1_P0A0N4,0.9739730549301291,0.5,True
1ps6__A1_P19624--1ps6__B1_P19624,0.9355034547024382,0.5,True
2y21__L1_O28769--2y21__K1_O28769,0.9597283183289015,0.5,True
2z5i__A1_P58772--2z5i__B1_P58772,0.9523818043032298,0.5,True
5l7u__B1_A6L2E5--5l7u__A1_A6L2E5,0.9730911772194364,0.5,True
3egq__A1_O28458--3egq__B1_O28458,0.9811008922443377,0.5,True
7r3a__A1_Q6LYR8--7r3a__E1_Q6LYR8,0.96415171314062,0.5,True
7yq0__A1_A0A101DF63--7yq0__B1_A0A101DF63,0.967053367475252,0.5,True
3wsc__A1_Q25C86--3wsc__B1_Q25C86,0.7640872598413466,0.5,True
4pib__B1_Q2SVW5--4pib__A1_Q2SVW5,0.8639506204723596,0.5,True
7vmx__B1_P9WNN1--7vmx__A1_P9WNM1,0.867702193688803,0.5,False
1ykd__A1_P94182--1ykd__B1_P94182,0.9078728756443373,0.5,True
4ux7__A1_Q183F3--4ux7__B1_Q183F3,0.841916576273782,0.5,True
3k3d__A1_P9WLZ7--3k3d__A2_P9WLZ7,0.9282892188508716,0.5,True
7q1d__D2_P29808--7q1d__A1_P29808,0.9013110370575032,0.5,True
1sj5__A1_Q9WY07--1sj5__B1_Q9WY07,0.9510733804025455,0.5,True
4c12__A1_Q2FZP6--4c12__A2_Q2FZP6,0.8563900086091214,0.5,True
3k9m__A1_P07858--3k9m__B1_P01040,0.903947274755001,0.5,False
1ccd__A1_P17559--1ccd__A2_P17559,0.905541798403679,0.5,True
8xiz__A1_T2B4K5--8xiz__B1_T2B4K5,0.9575553739519092,0.5,True
7wz6__A1_P15806--7wz6__B1_P10085,0.9150376434591404,0.5,False
2i00__A1_Q831Y9--2i00__B1_Q831Y9,0.935606761665128,0.5,True
5ffi__A2_Q44501--5ffi__B1_Q44501,0.8143719085345404,0.5,True
3cnk__A1_P21333--3cnk__B1_P21333,0.9279492401691994,0.5,True
8gt9__A1_A8MW95--8gt9__B1_A8MW95,0.9247996095990617,0.5,True
4l2w__B1_Q13464--4l2w__A1_Q13464,0.9440247382248312,0.5,True
3d0j__A1_Q97DI0--3d0j__A2_Q97DI0,0.9114619410263002,0.5,True
7qaj__F1_UNDEFINED--7qaj__A1_Q8JIV8,0.9136743062928039,0.5,False
4ct0__A1_P97784--4ct0__B1_O54943,0.743318290143149,0.5,False
3av0__A1_Q58719--3av0__B1_Q58718,0.9330676758910095,0.5,False
8bln__A1_C9QZ65--8bln__H1_C9QZ65,0.9626211135192582,0.5,True
2riq__A1_P09874--2riq__A2_P09874,0.8748017046208741,0.5,True
8hd5__A1_Q99U17--8hd5__B1_Q99U17,0.8253818959236566,0.5,True
6xrb__A1_A0A0H3NHS6--6xrb__B1_A0A0H3NHS6,0.9217823699248635,0.5,True
8a1g__A1_Q13596--8a1g__C1_Q9Y5X3,0.9474211066343001,0.5,False
8tn3__A1_Q643B9--8tn3__B1_Q643B9,0.9191739801737638,0.5,True
5ghs__A1_Q5JGL0--5ghs__C1_Q5JF31,0.8763824793125398,0.5,False
5umw__A1_A0A125SA26--5umw__F1_A0A125SA26,0.956466592544653,0.5,True
7x7j__A1_UNDEFINED--7x7j__B1_UNDEFINED,0.9732835793717398,0.5,True
7zcv__B1_A0A0E7KI02--7zcv__A1_A0A0E7KI02,0.9051004438019871,0.5,True
6scq__A1_Q8NNN6--6scq__A2_Q8NNN6,0.9696320809811174,0.5,True
4ml9__A1_D1AMR0--4ml9__B1_D1AMR0,0.9648048714866353,0.5,True
7yfu__A1_Q8CG73--7yfu__B1_Q8CG73,0.9743467252663258,0.5,True
2yn3__C1_Q8ZKG6--2yn3__A1_Q8ZKG6,0.7255079820490224,0.5,True
3ix1__A1_Q9K9G5--3ix1__B1_Q9K9G5,0.920058367243644,0.5,True
7khs__A1_Q2CEE3--7khs__B1_Q2CEE3,0.9749385451640067,0.5,True
8k5l__A1_A0A829KK40--8k5l__B1_A0A829KK40,0.9873144121734877,0.5,True
2g0t__B1_Q9WZQ3--2g0t__A1_Q9WZQ3,0.97744233355064,0.5,True
3lr3__A1_Q63T74--3lr3__A2_Q63T74,0.9703968394462883,0.5,True
4pxq__A1_F1QR43--4pxq__B1_F1QR43,0.9776246830205949,0.5,True
4z5y__A1_Q88QV5--4z5y__A2_Q88QV5,0.9604560998359668,0.5,True
7zhf__A1_A0A0U2WWJ1--7zhf__A2_A0A0U2WWJ1,0.9475544630253313,0.5,True
6h86__A1_B5KM66--6h86__B1_B5KM66,0.7623120308702626,0.5,True
7saf__B1_Q6TLP8--7saf__A1_Q6TLP8,0.9655344901105389,0.5,True
7zj1__B1_P55265--7zj1__A1_P55265,0.9159627843538409,0.5,True
4g9k__A1_P32340--4g9k__B1_P32340,0.9351632968582624,0.5,True
8b35__A1_Q96562--8b35__B1_Q96562,0.9603768096584044,0.5,True
2rdz__A1_P0ABK9--2rdz__B1_P0ABK9,0.9257531638281935,0.5,True
6bzf__B1_P53061--6bzf__A1_P17122,0.9410065147260264,0.5,False
5ydd__B1_P9WME7--5ydd__A1_P9WME7,0.8500456977242443,0.5,True
4czd__B1_B8J3A4--4czd__A1_B8J364,0.901508563300334,0.5,False
3ft7__B1_Q54323--3ft7__A1_Q54323,0.8151605080781672,0.5034328441781634,True
4pz1__A1_Q99XU0--4pz1__A2_Q99XU0,0.8569453196538109,0.5,True
2w1t__A1_P37554--2w1t__B1_P37554,0.962398363074617,0.5,True
7qz5__A1_A2RI36--7qz5__B1_A2RI36,0.9106315980029728,0.5,True
5h31__A1_Q14790--5h31__B1_Q14790,0.9587738494240019,0.5,True
8p33__A1_O51254--8p33__A2_O51254,0.9722690154782859,0.5,True
8orv__A1_A0A7H0DNF0--8orv__A2_A0A7H0DNF0,0.9013481771574445,0.5,True
8oru__A1_O93732--8oru__B1_O93732,0.9676763990898702,0.5,True
1u7i__A1_Q9I3Y6--1u7i__B1_Q9I3Y6,0.9263478103326779,0.5,True
8slg__B1_G7CIG9--8slg__A1_G7CIG9,0.9149545062860251,0.5,True
3l2e__B1_Q6AW42--3l2e__A1_Q6AW43,0.8707531977735188,0.5,False
3b0a__A1_P0CG48--3b0a__B1_Q9WUB0,0.728377338737181,0.5,False
6etz__A1_A0A023UGN9--6etz__A2_A0A023UGN9,0.8787993935582217,0.5,True
7sfz__B1_Q9NYP9--7sfz__A1_Q9NYP9,0.9082852727931264,0.5,True
7wwf__A1_A0R6Y0--7wwf__B1_A0R6Y0,0.9786999650638055,0.5,True
8vdw__B1_T0TAB9--8vdw__A1_T0TAB9,0.9833629267931787,0.5,True
8ri0__A1_E4THH1--8ri0__B1_E4THH1,0.9573565900888396,0.5,True
5z2i__B1_Q54LT0--5z2i__A1_Q54LT0,0.7757815023507879,0.49993898718730934,True
4miv__A1_P51688--4miv__B1_P51688,0.9639624374721225,0.5,True
3vh1__A1_P38862--3vh1__A2_P38862,0.9665323251037702,0.5,True
7z98__A1_E6V140--7z98__A2_E6V140,0.982872488158713,0.5,True
2ond__A1_Q99LI7--2ond__B1_Q99LI7,0.9236691441362395,0.5,True
7vt9__A1_P21517--7vt9__B1_P21517,0.9490823184619992,0.5,True
1gju__A1_O33838--1gju__A2_O33838,0.9098992591905705,0.5,True
6hta__A1_A0A3F2YM29--6hta__B1_A0A3F2YM29,0.8805455508704347,0.5,True
3h7h__A1_P63272--3h7h__B1_O00267,0.9043858351466807,0.5,False
1dek__A1_P04531--1dek__B1_P04531,0.9752293160589486,0.5,True
4z39__A1_A0A0S2E5N6--4z39__B1_A0A0S2E5N6,0.8894756423429109,0.5,True
5ca9__A1_Q9C0L9--5ca9__A2_Q9C0L9,0.878525954313525,0.5,True
2zvx__A1_P00974--2zvx__B1_P00974,0.6628623502864086,0.5,True
6x0a__A1_F7Y4W0--6x0a__S1_F7YBW8,0.8026262557715246,0.5,False
7spq__A1_C5AMM8--7spq__A2_C5AMM8,0.9779851750424056,0.5,True
7spn__A1_A0A7C2VFT1--7spn__B1_A0A7C2VFT1,0.9809654119016855,0.5,True
1tv8__A1_P65388--1tv8__B1_P65388,0.9122685758467993,0.5,True
3mkr__B1_Q27954--3mkr__A1_Q28104,0.9263947109522868,0.5,False
1dqn__A1_Q24973--1dqn__B1_Q24973,0.9685139609903075,0.5,True
7tdq__A1_Q2HR80--7tdq__B1_Q2HR80,0.638586219074704,0.5,True
7xoi__A1_A0A5N6DPG0--7xoi__B1_A0A5N6EXS6,0.9112179526194165,0.5,False
8h62__A1_P0DJM0--8h62__B1_P12830,0.884292303614172,0.5,False
7dyc__A1_UNDEFINED--7dyc__A2_UNDEFINED,0.7063530078976713,0.5,True
8bbt__A1_A0A0B4VFQ3--8bbt__A2_A0A0B4VFQ3,0.8236837681906297,0.5,True
3t2l__A1_Q5LE95--3t2l__A2_Q5LE95,0.9605541259221135,0.5,True
3uet__A1_B7GNN8--3uet__B1_B7GNN8,0.9188707163728623,0.5,True
8fdb__B1_Q12KP2--8fdb__A1_Q12KP2,0.9544460685780103,0.5,True
6ok3__A1_C3X9N1--6ok3__B1_C3X9N1,0.8573534891037954,0.5,True
8hp3__A1_A0A2K0XCZ3--8hp3__B1_A0A2K0XCZ3,0.9467653917107075,0.5,True
7xkg__A1_A7NHS9--7xkg__B1_A7NHS9,0.9195447317152916,0.5,True
1l7e__A1_Q2RSB2--1l7e__B1_Q2RSB2,0.982002135735234,0.5,True
8hn2__A1_Q9F722--8hn2__B1_Q9F722,0.8849510134465115,0.5,True
8gst__A1_Q1NEI7--8gst__B1_Q1NEI7,0.9830658110783793,0.5,True
7cq3__A1_P38324--7cq3__B1_Q12098,0.9575013217436783,0.5,False
5htf__A1_Q8Y759--5htf__B1_Q8Y759,0.9322037518716637,0.5,True
6c90__A1_P42285--6c90__B1_Q6NZY4,0.7972828328395232,0.5,False
6e1j__A1_C5J4P1--6e1j__B1_C5J4P1,0.9408759954506069,0.5,True
3ccd__A1_P0AA04--3ccd__B1_P0AA04,0.7102425502425502,0.5,True
3dzl__B1_Q396C9--3dzl__A1_Q396C9,0.8620189811810512,0.5,True
4ir7__A1_UNDEFINED--4ir7__A2_UNDEFINED,0.9290685137129973,0.5,True
7nlj__B1_UNDEFINED--7nlj__A1_K3YAU1,0.7684386502458967,0.5,False
2y1h__B1_Q17R31--2y1h__A1_Q17R31,0.85179847253232,0.5,True
7unj__A1_UNDEFINED--7unj__B1_UNDEFINED,0.9812848905732816,0.5,True
7lfs__A1_P00533--7lfs__E1_O14944,0.9219661695100678,0.5,False
6jiw__A1_A0A0H3JU78--6jiw__A2_A0A0H3JU78,0.7966396306271643,0.5,True
8ees__A1_A0A0H3GMB7--8ees__B1_A0A0H3GMB7,0.9880753000523813,0.5,True
4a5b__B1_Q27895--4a5b__A1_Q27895,0.8726336817663055,0.5,True
3nb6__A1_O66874--3nb6__A2_O66874,0.9325408697155241,0.5,True
5f8c__A1_O53532--5f8c__A2_O53532,0.9548863834564694,0.5,True
5yet__A1_Q5UQV1--5yet__B1_Q5UQV1,0.9401155317095726,0.5,True
8jt3__A1_H8Y6N2--8jt3__C1_H8Y6N2,0.9066053400014261,0.5,True
1ije__A1_P02994--1ije__B1_P32471,0.911816929573395,0.5,False
6on4__A1_P0A8W0--6on4__B1_P0A8W0,0.9578920956110255,0.5,True
4zvc__A1_P0AA89--4zvc__B1_P0AA89,0.9542879530972627,0.5,True
4qoa__A1_A7VAB9--4qoa__A2_A7VAB9,0.9277691339765111,0.5,True
6wmv__A1_U5WZP7--6wmv__B1_U5WZP7,0.9537569358663078,0.5,True
3e3c__A1_Q7DB61--3e3c__B1_Q7DB61,0.958910644556248,0.5,True
7zc8__B1_UNDEFINED--7zc8__A1_UNDEFINED,0.9398478784796692,0.5,True
6ekk__A1_Q8TEH3--6ekk__C1_Q15286,0.9355578772325119,0.5,False
8a9w__A1_P15751--8a9w__A2_P15751,0.9866412582948016,0.5,True
2gj9__A1_P25522--2gj9__B1_P25522,0.9510379575988986,0.5,True
3cm7__C1_P98170--3cm7__D1_P98170,0.895607122676807,0.5,True
8f5v__A1_O53728--8f5v__B1_O53728,0.9722968341415116,0.5,True
1ecj__A1_P0AG16--1ecj__B1_P0AG16,0.9564900562028346,0.5,True
3s5r__A1_Q2LS68--3s5r__B1_Q2LS68,0.9523700231301002,0.5,True
3im3__A1_P00514--3im3__A2_P00514,0.8595025620983152,0.5,True
4mcj__B1_A6L9R1--4mcj__A1_A6L9R1,0.9767818597233853,0.5,True
7vw1__B1_V5J1S8--7vw1__A1_V5J1S8,0.8824315793382599,0.5,True
3p12__A1_Q2G1A5--3p12__D1_Q2G1A5,0.8572452120604558,0.5,True
8aq0__A1_Q6DTN4--8aq0__B1_Q6DTN4,0.913964693545014,0.5,True
3wpm__A1_G2IKE5--3wpm__B1_G2IKE5,0.9120650376748187,0.5,True
7xof__B1_Q0DFB6--7xof__A1_Q0DFB6,0.9024849962717701,0.5,True
8a8f__A1_P32598--8a8f__B1_P42073,0.7915707761757949,0.5,False
5un7__A1_Q9NUX5--5un7__B1_Q96AP0,0.7860915334025746,0.5,False
8juk__A1_V5VGC6--8juk__B1_V5VGC6,0.981336541292216,0.5,True
8snp__A1_O09118--8snp__A2_O09118,0.9250534869163387,0.5,True
8ic6__A1_UNDEFINED--8ic6__B1_UNDEFINED,0.9694887636388229,0.5,True
6wjc__A1_P11229--6wjc__B1_Q8QGR0,0.9352711154620112,0.5,False
8ard__A1_Q64331--8ard__A2_Q64331,0.8569275188079495,0.5,True
3mqi__A1_Q9UH73--3mqi__B1_Q9UH73,0.6804716600027355,0.5,True
3q01__A1_P04637--3q01__B1_P04637,0.9703351152214789,0.5,True
7ylq__A1_Q93CA6--7ylq__B1_Q93CA6,0.9162674634156232,0.5,True
2yvo__A1_Q5SJY9--2yvo__A2_Q5SJY9,0.8835782567178644,0.5,True
5vpa__B1_P17535--5vpa__A1_P53539,0.9517547546495745,0.5,False
3v78__B1_P95092--3v78__A1_P95092,0.95387158033106,0.5,True
7pzh__A1_A0A174J845--7pzh__B1_A0A174J845,0.9060524707356888,0.5,True
3m0f__A1_Q4KDJ6--3m0f__B1_Q4KDJ6,0.9438902422807849,0.5,True
1y4h__A1_P0C1S6--1y4h__C1_Q9EYW6,0.832167888877304,0.5,False
2o4c__A1_Q9I3W9--2o4c__B1_Q9I3W9,0.9885692338403562,0.5,True
1ynh__A1_P76216--1ynh__D1_P76216,0.9732611111863774,0.5,True
8ohx__A1_U4Q148--8ohx__B1_U4Q148,0.9480016584688222,0.5,True
3a6m__A1_Q56236--3a6m__B1_Q56236,0.9344212252585774,0.5,True
4bvp__A1_Q5ZUA2--4bvp__B1_Q5ZUA2,0.9455855520746008,0.5,True
7oc6__A1_A0A2U8U2L5--7oc6__A2_A0A2U8U2L5,0.9794411348780068,0.5,True
6qpq__A1_G0SGH3--6qpq__B1_Q12158,0.9737819896671873,0.5,False
3ct6__A1_Q9CIV6--3ct6__B1_Q9CIV6,0.9187134759875214,0.5,True
1qae__A1_P13717--1qae__B1_P13717,0.8667072300385845,0.5,True
3q5w__B1_P38937--3q5w__A1_P38937,0.9395214885317901,0.5,True
8gol__B1_G9I933--8gol__A1_G9I933,0.9392673147317517,0.5,True
7epj__A1_P62554--7epj__A2_P62554,0.9555787471593716,0.5,True
1ag9__A1_P61949--1ag9__B1_P61949,0.98068371193555,0.5,True
3gwh__B1_O31691--3gwh__A1_O31691,0.8789743501384857,0.5,True
5gw1__A1_P57768--5gw1__B1_P57768,0.9600290199119033,0.5,True
3l2o__B1_Q9UKT5--3l2o__A1_P63208,0.9298792455512268,0.5,False
7y3u__A1_A0A8B9XNB5--7y3u__B1_A0A8B9XNB5,0.9464813754453832,0.5,True
3wrf__A1_E8MGH8--3wrf__A2_E8MGH8,0.9715835481805977,0.5,True
7yyl__A1_Q3AET9--7yyl__B1_Q3AET9,0.9184414678819414,0.5,True
8syb__B1_Q72KY0--8syb__A1_Q72KY0,0.9851165150340065,0.5,True
8qc3__A1_A0A1C9WRL0--8qc3__B1_A0A1C9WRL0,0.9627887397695594,0.5,True
3wtf__B1_Q9BUH6--3wtf__A1_Q9BUH6,0.9597603249226375,0.5,True
2x0e__B1_Q7BG50--2x0e__A1_Q7BG50,0.9493615836409397,0.5,True
5hwt__A1_A5W4E3--5hwt__B1_A5W4E3,0.9619341774822638,0.5,True
1ojh__A1_Q8YNP7--1ojh__B1_Q8YNP7,0.832332616487455,0.5,True
3eyy__A1_Q9K4F8--3eyy__B1_Q9K4F8,0.9713890103821644,0.5,True
8bwv__D2_A0A482M8M0--8bwv__A1_A0A482M8M0,0.8905281978073762,0.5,True
7cm9__A1_A0A7V8UZ53--7cm9__B1_A0A7V8UZ53,0.9329249177416259,0.5,True
4nc8__A1_P12464--4nc8__A2_P12464,0.9295182120689564,0.5,True
1zhh__A1_P54300--1zhh__B1_P54302,0.9460308331499467,0.5,False
8c0u__A1_Q9I5Q5--8c0u__B1_Q9I5Q5,0.9574469424535504,0.5,True
2fbq__A1_Q9HZJ9--2fbq__A2_Q9HZJ9,0.9654197433478755,0.5,True
7fch__A1_O95256--7fch__C2_O95256,0.8423803882389502,0.5,True
8c7t__B1_A0A1B4XP18--8c7t__A1_A0A1B4XP18,0.9047384534097174,0.5,True
4iwn__A1_P76290--4iwn__B1_P76290,0.9830257981886379,0.5,True
1sc1__A1_P29466--1sc1__B1_P29466,0.8819969788067783,0.5,True
5amt__A1_A0Q7H2--5amt__A2_A0Q7H2,0.9271845522533885,0.5,True
4ueb__C1_P48598--4ueb__D1_UNDEFINED,0.7980080684551123,0.5,False
7qfz__B1_B7L3Y3--7qfz__A1_B7L3Y3,0.9003888520871897,0.5,True
3hml__A1_A6T9H1--3hml__B1_A6T9H1,0.9577663672747057,0.5,True
1xk6__A1_P31572--1xk6__C1_P31572,0.9395881497544822,0.5,True
7r3s__A1_A0A4R2M5S2--7r3s__B1_A0A4R2M5S2,0.9284658309497626,0.5,True
2grx__A1_P06971--2grx__C1_P02929,0.926098215920748,0.5,False
7vsf__A1_P25440--7vsf__B1_P25440,0.8734452465860658,0.5,True
3q34__A1_Q48EL2--3q34__C1_Q48EL2,0.9333639550646288,0.5,True
4r2k__A1_Q8ZP84--4r2k__A2_Q8ZP84,0.9447080194603256,0.5,True
3cgw__A1_Q8PVT6--3cgw__A2_Q8PVT6,0.9731876513595612,0.5,True
7r2f__A1_P21836--7r2f__B1_P21836,0.9971833300251639,0.5,True
4g19__A1_I6ZUH3--4g19__B1_I6ZUH3,0.9821582581069576,0.5,True
3dg8__C1_P13922--3dg8__A1_P13922,0.8118476618099745,0.5,True
6m10__A1_Q9HUW0--6m10__C1_Q9HUW0,0.9066948707016098,0.5,True
8tt2__B1_Q4K977--8tt2__A1_Q4K977,0.8967957360170474,0.5,True
1h31__A1_Q939U1--1h31__B1_Q939U4,0.9572988692271154,0.5,False
5iib__A1_P04552--5iib__B1_Q8WR62,0.884734166899007,0.5,False
6a5g__A1_UNDEFINED--6a5g__C1_UNDEFINED,0.9700666576674032,0.5,True
7p7i__B1_R8APY9--7p7i__A1_R8APY9,0.9491631861133327,0.5,True
3hzu__A1_P9WHF7--3hzu__A2_P9WHF7,0.9466965627347859,0.5,True
5dob__A1_P16794--5dob__B1_P16791,0.913155618593162,0.5,False
7xgs__A1_Q9FVC1--7xgs__A2_Q9FVC1,0.7301975040179576,0.5,True
6iju__A1_Q9KJN4--6iju__A2_Q9KJN4,0.8238825168828384,0.5,True
4kqd__B1_P06626--4kqd__A1_P06626,0.9450380718205571,0.5,True
2fu3__B1_Q03555--2fu3__A1_Q03555,0.860839301359767,0.5,True
1jgt__B1_P0DJQ7--1jgt__A1_P0DJQ7,0.9671698467211243,0.5,True
6l4b__A1_Q9UGV2--6l4b__C2_Q9UGV2,0.982275403254816,0.5,True
3lzk__A1_Q92LT4--3lzk__B1_Q92LT4,0.9629044416585708,0.5,True
1ht8__A1_P05979--1ht8__B1_P05979,0.8811378248093459,0.5,True
1z8h__A1_Q8YWS4--1z8h__B1_Q8YWS4,0.9614372087530418,0.5,True
8gk6__A1_W6USS8--8gk6__E1_W6USS8,0.9267104402280588,0.5,True
4mjf__A1_A6L2I4--4mjf__A2_A6L2I4,0.9388458730171465,0.5,True
7m4s__A1_Q8YLC3--7m4s__D1_Q8YLC3,0.8802828980930795,0.5,True
6fju__A1_E6N8B9--6fju__B1_E6N8B9,0.962474068097998,0.5,True
6lgq__A1_P21865--6lgq__B1_P21866,0.8473487164466329,0.5,False
2y27__B1_B4E7B5--2y27__A1_B4E7B5,0.9788588090249871,0.5,True
2tdx__A1_P0DJL7--2tdx__A2_P0DJL7,0.9896409422547645,0.5,True
8aim__C1_Q6GJ88--8aim__A1_A0A141HSF0,0.8496434041133626,0.5,False
8fj8__A1_P02638--8fj8__A2_P02638,0.9028431232772549,0.5,True
3uv0__B1_Q9W061--3uv0__A1_Q9W061,0.9426816712125865,0.5,True
8alo__B1_P24003--8alo__A1_P15795,0.9395425832886201,0.5,False
2zb6__A1_P08362--2zb6__A2_P08362,0.9836476606056943,0.5,True
6xa0__A1_D1A230--6xa0__B1_D1A230,0.9372368512850946,0.5,True
1zbo__B1_Q7WAM7--1zbo__A1_Q7WAM7,0.9428247631935047,0.5,True
6xb5__A1_A0A7E5VPD6--6xb5__B1_A0A7E5VPD6,0.9344668776664813,0.5,True
8duy__D1_A0A0H3GVN6--8duy__A1_A0A0H3GVN6,0.9805049218314525,0.5,True
7th5__A1_Q5SLG6--7th5__B1_Q5SLG6,0.8055612457353727,0.5,True
3uws__B1_A7A9N3--3uws__A1_A7A9N3,0.965836524189869,0.5,True
4u04__B1_Q9BVA6--4u04__A1_Q9BVA6,0.9567157359592431,0.5,True
2kin__A1_P56536--2kin__B1_Q6QLM7,0.8634970996038485,0.5,False
3ulc__A1_Q08236--3ulc__A2_Q08236,0.9130538617886179,0.5,True
8b2a__A1_Q2YWJ9--8b2a__A2_Q2YWJ9,0.9952412348415314,0.5,True
8qff__A1_K9TLZ5--8qff__A2_K9TLZ5,0.9682335440438854,0.5,True
6w9q__A1_P0DTD1--6w9q__A2_P0DTD1,0.9340829070617154,0.5,True
8c8c__A1_P48426--8c8c__A2_P48426,0.9781019810742733,0.5,True
8iup__B1_A9A1Y1--8iup__A1_A9A1Y1,0.9609077517133694,0.5,True
3o7o__A1_Q9S5X8--3o7o__B1_Q9S5X8,0.9440857105677891,0.5,True
4bg8__A1_Q8TX37--4bg8__B1_Q8TX37,0.9789847081024401,0.5,True
7qxo__A1_G8UIQ1--7qxo__B1_G8UIQ1,0.8942932608720917,0.5,True
4xiz__A1_Q05776--4xiz__D1_O60200,0.840914780029015,0.5,False
2x3l__B1_UNDEFINED--2x3l__A1_UNDEFINED,0.9545735953557833,0.5,True
7pwe__A1_Q6AL91--7pwe__B1_Q6AL91,0.7636484847857622,0.5,True
6uxu__A1_E2JB04--6uxu__B1_E2JB04,0.9157690708988987,0.5,True
3bid__A1_Q7DDI1--3bid__B1_Q7DDI1,0.828763031064537,0.5,True
4f7w__A1_B5XYG3--4f7w__B1_B5XYG3,0.9654979231046927,0.5,True
2rae__A1_Q0S3N9--2rae__A2_Q0S3N9,0.9675957088452712,0.5,True
7ads__A1_A0A0R8HV90--7ads__A2_A0A0R8HV90,0.7592800347332413,0.5,True
7yn1__A1_E9JES9--7yn1__C1_E9JES9,0.8576333220477866,0.5,True
3t7y__A1_O84093--3t7y__B1_O84093,0.9421030709227916,0.5,True
8hhj__B1_UNDEFINED--8hhj__A1_A0A0Y5KAW3,0.703921758547842,0.5,False
7u6p__A1_P11926--7u6p__B1_P11926,0.9005365756476447,0.5,True
4mis__A1_Q57ES7--4mis__B1_Q57ES7,0.9532583990340222,0.5,True
2blf__A1_Q9LA16--2blf__B1_Q9LA15,0.9326216978199758,0.5,False
3ke3__A1_Q4FVA8--3ke3__A2_Q4FVA8,0.969072746105726,0.5,True
7ywc__A1_Q9L0T8--7ywc__B1_Q9L0T8,0.9825668325699414,0.5,True
4wwr__B1_P46379--4wwr__A1_P11441,0.8560201480762227,0.5,False
7r0d__B1_Q9NV35--7r0d__A1_Q9NV35,0.9734346784146221,0.5,True
8w6x__A1_P21852--8w6x__B1_P21853,0.9314022626528171,0.5,False
8hdv__A1_UNDEFINED--8hdv__B1_UNDEFINED,0.8545844524022679,0.5,True
3fmf__A1_P9WPQ5--3fmf__B1_P9WPQ5,0.9118058678025237,0.5,True
2xrm__A1_D0AB41--2xrm__A2_D0AB41,0.9114232761924508,0.5,True
4xj7__A1_P66881--4xj7__B1_P66881,0.922414221934077,0.5,True
7yrt__E1_H9L4P6--7yrt__A1_H9L4P6,0.8389723037114585,0.5,True
7tye__A1_P0A7J0--7tye__A2_P0A7J0,0.9500033550264433,0.5,True
2zvd__B1_Q9RBY1--2zvd__A1_Q9RBY1,0.9958062275639243,0.5,True
3mtw__A1_Q9A4Z9--3mtw__A2_Q9A4Z9,0.9966463051242396,0.5,True
3n2o__A1_Q7MK24--3n2o__B1_Q7MK24,0.8436099710934415,0.5,True
7ywd__A1_Q8TB36--7ywd__A2_Q8TB36,0.9802137708177977,0.5,True
5upq__A1_A0A0A0V031--5upq__B1_A0A0A0V031,0.9532485401895621,0.5,True
1vgu__A1_Q46893--1vgu__B1_Q46893,0.949077617270959,0.5,True
7pxo__A1_F4F7G1--7pxo__C1_F4F7G1,0.9594540261756876,0.5,True
2dp9__A1_Q5SM30--2dp9__A2_Q5SM30,0.9241406861059686,0.5,True
8a7l__A1_M1JS91--8a7l__A2_M1JS91,0.984151379678468,0.5,True
7uqv__A1_A0A0L6JSP1--7uqv__B1_A0A0L6JSP1,0.9706541931277712,0.5,True
5d1r__A1_P9WMC9--5d1r__B1_P9WMC9,0.9568490859443868,0.5,True
3f6q__A1_Q13418--3f6q__B1_P48059,0.9421763613281059,0.5,False
7xyk__A1_Q77J90--7xyk__B1_Q77J90,0.9686838525648869,0.5,True
7xxk__A1_P0DTC9--7xxk__B1_P0DTC9,0.6951296147704431,0.5,True
3qta__A1_Q5V4K4--3qta__B1_Q5V4K4,0.99088968094082,0.5,True
8oqj__B1_P06959--8oqj__A1_P06959,0.9109041095890411,0.5,True
1tbp__A1_P13393--1tbp__B1_P13393,0.9341301007809713,0.5,True
7qfk__C1_Q5FLN0--7qfk__A1_Q5FLN0,0.9054173512980612,0.5,True
7r3o__B1_Q460N3--7r3o__A1_Q460N3,0.9516503272769967,0.5,True
2z0l__A1_P03191--2z0l__B1_P03191,0.9254949486610913,0.5,True
1wli__A1_Q46604--1wli__B1_Q46604,0.9395841377091377,0.5,True
8b3e__A1_M4SY06--8b3e__A2_M4SY06,0.9069759924066233,0.5,True
1d8i__A1_O13297--1d8i__A2_O13297,0.8027427754345989,0.5,True
7vo4__B2_F1CLA7--7vo4__A1_F1CLA7,0.9902562362173359,0.5,True
8eh0__B1_P50909--8eh0__A1_P50909,0.9799487871527677,0.5,True
7q39__A1_UNDEFINED--7q39__A2_UNDEFINED,0.9622587805036645,0.5,True
3seo__B1_Q87GE5--3seo__A1_Q87GE5,0.9405067850310856,0.5,True
3iey__B1_Q74MS9--3iey__A1_Q74MP4,0.9754435874377421,0.5,False
4yto__B1_Q15431--4yto__A1_Q15431,0.8767556187715249,0.5,True
6csm__A1_L1J207--6csm__B1_L1J207,0.9322103724077594,0.5,True
4ndt__A1_A7UNK4--4ndt__A2_A7UNK4,0.8127818528412001,0.5,True
8j3p__A1_B9WHT3--8j3p__A2_B9WHT3,0.9723090043259044,0.5,True
7pv7__B1_Q7MVV4--7pv7__A1_Q7MVV4,0.8778711426377233,0.5,True
7uj6__A1_Q8RMD9--7uj6__B1_Q8RMD9,0.9188338132131059,0.5,True
3k9i__A1_Q9KFK0--3k9i__A2_Q9KFK0,0.9159886989242404,0.5,True
7z1s__A1_A0A3Q7HTY9--7z1s__A2_A0A3Q7HTY9,0.9488325395553012,0.5,True
2e89__A1_O67728--2e89__B1_O67728,0.9789275947316539,0.5,True
2woz__A1_Q9ER30--2woz__A2_Q9ER30,0.9373887173204435,0.5,True
7xxs__A1_B2CKP3--7xxs__B1_B2CKP3,0.957562718486531,0.5,True
8fir__A1_O83132--8fir__B1_O83132,0.9439030879426573,0.5,True
3i6s__A1_O82777--3i6s__B1_O82777,0.979792604088917,0.5,True
7yhe__B1_A6YEH4--7yhe__A1_A6YEH4,0.8913847959927286,0.5,True
1ku2__A1_Q9EZJ8--1ku2__B1_Q9EZJ8,0.8942693756348625,0.5,True
6qwo__B1_Q9S5W7--6qwo__A1_Q9S5W7,0.9725071242757887,0.5,True
1mxi__A1_P44868--1mxi__A2_P44868,0.9326014256403444,0.5,True
8fuq__A1_P22363--8fuq__B1_P22363,0.883473211929269,0.5,True
6hhk__B1_A8AST9--6hhk__A1_A8AST9,0.9681205292261801,0.5,True
2vhl__A1_O34450--2vhl__A2_O34450,0.9887584337114571,0.5,True
8h1i__A1_W6EBY7--8h1i__B1_P0A9Y6,0.8642695673472709,0.5,False
5wan__A1_P75898--5wan__A2_P75898,0.9853639322938601,0.5,True
4x7z__B1_Q49492--4x7z__A1_Q49492,0.9685133102379433,0.5,True
5c6k__B1_P36932--5c6k__A1_P36932,0.9302383674031918,0.5,True
6a1k__A1_P71018--6a1k__B1_P71018,0.9705658950326981,0.5,True
7pjh__A1_Q9Y312--7pjh__B1_Q6P2Q9,0.909616970988371,0.5,False
4joi__A1_Q9H668--4joi__C1_Q86WV5,0.7976708967226573,0.5,False
8axz__A1_P31153--8axz__A2_P31153,0.9677371081733611,0.5,True
8ogi__B1_P11678--8ogi__A1_P11678,0.6733334727879088,0.5,True
8cxl__A1_A7KH32--8cxl__B1_A7KH32,0.8965063895253549,0.5,True
7win__B1_Q9UIF8--7win__A1_Q9UIF8,0.8761088323762647,0.5,True
7b80__A1_G3I8R9--7b80__B1_Q9BVA6,0.8103181660701233,0.5,False
4bwv__A1_Q8L5D0--4bwv__B1_Q8L5D0,0.9106069820923285,0.5,True
7drj__A1_P63756--7drj__B1_P63756,0.8560913788231637,0.5,True
6t2b__A1_B2UQL7--6t2b__C1_B2UQL7,0.9458202941220998,0.5,True
8jh0__B1_S2D3K4--8jh0__A1_S2D3K4,0.8876575917988659,0.5,True
7t2s__A1_A0A494K842--7t2s__A2_A0A494K842,0.9373101200877377,0.5,True
3frw__B1_A5ZMD8--3frw__A1_A5ZMD8,0.8645388797659852,0.5,True
5ab5__A1_C9ZUV7--5ab5__B1_C9ZUV7,0.9834677397554987,0.5,True
8jqp__A2_UNDEFINED--8jqp__B1_UNDEFINED,0.9949224506891091,0.5,True
5myd__C2_A0A2D0TC86--5myd__A1_A0A2D0TC86,0.9699059508898206,0.5,True
5cde__A1_Q8P839--5cde__B1_Q8P839,0.9663157978707337,0.5,True
6pi4__A1_A0R1Z9--6pi4__A2_A0R1Z9,0.951969696969697,0.5,True
3ipf__A1_Q251Q8--3ipf__B1_Q251Q8,0.9626558136366733,0.5,True
4c11__B1_Q6YMS4--4c11__A1_Q6YMS4,0.9670702189831034,0.5,True
2p3y__A1_Q87I71--2p3y__B1_Q87I71,0.9539937754690448,0.5,True
5jbr__A1_C5C6I1--5jbr__B1_C5C6I1,0.9426301001523605,0.5,True
8ttz__A1_G8E2R2--8ttz__B2_G8E2R2,0.9960284612764227,0.5,True
3vba__A1_Q58673--3vba__B1_Q58673,0.9796490279702772,0.5,True
4o6y__B1_Q9SWS1--4o6y__A1_Q9SWS1,0.9105271135161027,0.5,True
4e5r__A1_Q6IRB5--4e5r__A2_Q6IRB5,0.7874910991387998,0.5,True
7ywv__A1_Q0SBK1--7ywv__C1_Q0SBK1,0.9753928847689978,0.5,True
8eer__A1_P01116--8eer__A2_P01116,0.9714594503087446,0.5,True
3f84__B1_E3PPC4--3f84__A1_E3PPC4,0.7985563785524694,0.5,True
5mu7__A1_G0S6G7--5mu7__B1_G0S6I4,0.9133207104800776,0.5,False
8hfp__B1_Q96T68--8hfp__A1_Q8N8R7,0.8065171488900302,0.5,False
4rmn__B1_Q6NC13--4rmn__A2_Q6NC13,0.929915599173979,0.5,True
3mx1__A1_Q46944--3mx1__A2_Q46944,0.9177973599834842,0.5,True
5gl5__A1_Q06321--5gl5__B1_Q06321,0.9835280990859319,0.5,True
8e77__A1_Q1QD54--8e77__A2_Q1QD54,0.9811086457129246,0.5,True
5gl4__A1_B6YTD8--5gl4__B1_B6YTD8,0.9897524062732197,0.5,True
7wf9__A1_Q3ZT31--7wf9__B1_Q3ZT31,0.8128199891403788,0.5,True
8fw0__B1_P39897--8fw0__A1_P39897,0.9184345552557258,0.5,True
8ou8__B1_P0A8M3--8ou8__A1_P0A8M3,0.9782891258892994,0.5,True
7acm__B1_P75811--7acm__A1_P75811,0.9274397719815958,0.5,True
4trb__A1_Q97W95--4trb__B1_Q97W95,0.9400946370568193,0.5,True
7y55__A1_A0A9E8RZN7--7y55__C2_A0A9E8RZN7,0.9869314157491201,0.5,True
2ia9__B1_P28015--2ia9__A1_P28015,0.8349702905405825,0.5,True
3sy6__A1_Q5LE92--3sy6__B1_Q5LE92,0.9771103133815048,0.5,True
6xz3__A1_Q9H1K6--6xz3__A2_Q9H1K6,0.9829605954834096,0.5,True
2h8e__A1_P0AG74--2h8e__A2_P0AG74,0.7055149790031563,0.5,True
3gyx__A1_T2G6Z9--3gyx__B1_T2G899,0.7382400231400386,0.5,False
4e0u__A1_D1D8L6--4e0u__A2_D1D8L6,0.9971524775093074,0.5,True
6teu__A1_O60568--6teu__A2_O60568,0.925044714663171,0.5,True
6xt5__B1_P49046--6xt5__A1_P49046,0.9845263147801059,0.5,True
8g1t__A1_Q07812--8g1t__B1_Q07812,0.7929687575910096,0.5,True
7xp7__B1_W9FXI8--7xp7__A1_W9FXI8,0.9117370937554462,0.5,True
8i55__A1_Q58380--8i55__B1_Q58380,0.9629768797126487,0.5,True
1h65__A1_Q41009--1h65__A2_Q41009,0.9861749854145291,0.5,True
3ol4__A1_A0QRC4--3ol4__B1_A0QRC4,0.9772090457804744,0.5,True
8idq__A1_A0A0B8MZ29--8idq__C1_A0A0B8MZ29,0.9268765201496065,0.5,True
5hcb__A1_P83003--5hcb__B1_P83003,0.8906926529546887,0.5,True
3f6g__B1_Q8F3Q1--3f6g__A1_Q8F3Q1,0.9098991046923881,0.5,True
6akj__B1_G2TRN4--6akj__A1_G2TRN4,0.8892702208001844,0.5,True
8ju7__A1_Q9I2U4--8ju7__B1_Q9I2U4,0.9155636268324191,0.5,True
3nel__A1_Q52428--3nel__B1_Q52428,0.9645727696942974,0.5,True
2dc1__A1_O28440--2dc1__B1_O28440,0.9656932555108172,0.5,True
8fzk__B1_P52292--8fzk__A1_P52292,0.891449271583982,0.5,True
3wnz__A1_P39641--3wnz__A2_P39641,0.9789203118695504,0.5,True
8e1u__A1_A0A160VN62--8e1u__F2_A0A160VN62,0.9577089732524097,0.5,True
1v7c__A1_P83823--1v7c__B1_P83823,0.9640311831542647,0.5,True
7skr__A1_Q0QDZ2--7skr__A2_Q0QDZ2,0.8681932652915274,0.5,True
3egg__A1_P62136--3egg__C1_O35274,0.8808594099547895,0.5,False
8imd__A1_UNDEFINED--8imd__B1_UNDEFINED,0.9848659511538556,0.5,True
4yke__B1_G0RYR3--4yke__A1_G0RYR3,0.990358567311279,0.5,True
1tq9__A1_P00669--1tq9__B1_P00669,0.9215902958862855,0.5,True
4oh3__B1_Q05085--4oh3__A1_Q05085,0.930528833036234,0.5,True
4q62__A1_Q5ZUB7--4q62__A2_Q5ZUB7,0.8791935028463043,0.5,True
2we5__A1_P0A2X7--2we5__B1_P0A2X7,0.9641137242994582,0.5,True
5t51__A1_Q6CLK3--5t51__B1_Q6CPD1,0.9116484856402551,0.5,False
3i0z__A1_A0A0H2UN25--3i0z__B1_A0A0H2UN25,0.9557560318177899,0.5,True
3wof__A1_Q8RQE9--3wof__B1_A7XX65,0.6351804477377873,0.5,False
8p6k__A1_A0A0H2UWN1--8p6k__B1_A0A0H2UWN1,0.8714820558119646,0.5,True
7z9z__A1_P02754--7z9z__A2_P02754,0.9377811769563404,0.5,True
6d0i__A1_A0A0C5XL88--6d0i__B1_A0A0C5XKJ0,0.8187784144856628,0.5,False
3gs3__A1_Q8MSU4--3gs3__A2_Q8MSU4,0.97919920315098,0.5,True
2f4m__A1_Q9JI78--2f4m__B1_P54728,0.927624142268074,0.5,False
4yh8__A1_Q09176--4yh8__B1_P36629,0.6921247478062179,0.5,False
6ago__A1_Q9NR48--6ago__C1_Q9UBU8,0.9448248747333432,0.5,False
7rmx__A1_UNDEFINED--7rmx__A2_UNDEFINED,0.9603687528925178,0.5,True
1e44__B1_P00646--1e44__A1_P02984,0.8771541577166048,0.5,False
2yri__A1_Q5SLX0--2yri__B1_Q5SLX0,0.9820277892068351,0.5,True
1gcj__A1_P70168--1gcj__B1_P70168,0.9707038249020975,0.5,True
7qbp__A1_A4F7B2--7qbp__A2_A4F7B2,0.9057817142579757,0.5,True
4hdd__A1_P09391--4hdd__A2_P09391,0.8563438152963608,0.5,True
3e4q__A1_P13633--3e4q__B1_P13633,0.9058118105334202,0.5,True
8ein__B1_Q6FCQ4--8ein__A1_Q6FCQ4,0.9788864033294935,0.5,True
1zmb__A1_Q97LM8--1zmb__B1_Q97LM8,0.9633990113870611,0.5,True
6ygu__A1_G0RZ64--6ygu__B1_G0S1V1,0.862035041847876,0.5,False
2yyh__A1_O67435--2yyh__B1_O67435,0.9727244739034372,0.5,True
5wk0__A1_A0A2C9TMM3--5wk0__A2_A0A2C9TMM3,0.9698106604108997,0.5,True
8h4j__A1_W8UQZ7--8h4j__D1_W8UQZ7,0.8759240791203697,0.5,True
1z83__A1_P00568--1z83__B1_P00568,0.9156056946466968,0.5,True
8h2c__A1_Q0P8U0--8h2c__B1_Q0P8U0,0.9031905881913487,0.5,True
2dkh__A1_Q6SSJ6--2dkh__A2_Q6SSJ6,0.8744467951178143,0.5,True
7c7e__A1_A0A0H3MRW3--7c7e__A2_A0A0H3MRW3,0.9546925837320575,0.5,True
7px2__A1_UNDEFINED--7px2__B1_UNDEFINED,0.7861182580522204,0.5,True
3dpt__B1_Q8KC98--3dpt__A1_Q8KC98,0.8978410922839768,0.5,True
8u1j__A1_Q9RYE6--8u1j__A2_Q9RYE6,0.932140626038413,0.5121951219512195,True
3fgw__A1_Q3TCN2--3fgw__A2_Q3TCN2,0.9971140017286518,0.5,True
7wh0__A1_Q9U2E4--7wh0__B2_Q9U2E4,0.9984850109466781,0.5,True
8dq3__A1_A0A142G3G1--8dq3__B1_A0A142G3G1,0.9072925269820369,0.5,True
8hci__B1_A0A8T8BZJ9--8hci__A1_A0A8T8BZN3,0.8959986113942956,0.5,False
3qth__A1_Q47ZP9--3qth__B1_Q47ZP9,0.9188276003713577,0.5,True
8b28__A1_F6GSX7--8b28__A2_F6GSX7,0.9900170475366045,0.5,True
6scx__A1_Q9BQG2--6scx__B1_Q9BQG2,0.8907005374842505,0.5,True
8hpc__A1_P60327--8hpc__H1_P60327,0.977007355572343,0.5,True
5n76__A1_P72320--5n76__B1_P72320,0.8332198333171189,0.5,True
8hpi__A1_A0A8D3X086--8hpi__B1_A0A8D3X086,0.9688445358718515,0.5,True
3cq3__A1_Q53W28--3cq3__A2_Q53W28,0.7627146993344176,0.5,True
3kbu__A1_P11277--3kbu__D1_P16157,0.8295448663773706,0.5,False
7pck__A1_P43235--7pck__C2_P43235,0.45583073845709693,0.5,True
5o4z__A1_Q9X1T1--5o4z__A2_Q9X1T1,0.9828032809197833,0.5,True
1vla__A1_Q9X021--1vla__B1_Q9X021,0.8997242009037343,0.5,True
5oed__A1_Q6EAT3--5oed__B1_Q13637,0.8743499875824225,0.5,False
8hyn__A1_UNDEFINED--8hyn__B1_UNDEFINED,0.9748382512653472,0.5,True
7yva__A1_Q9URB4--7yva__B1_Q9URB4,0.9738908200310811,0.5,True
7s6n__B1_Q5RGJ8--7s6n__A1_Q5RGJ8,0.8857792352225539,0.5,True
4cz8__A1_Q9UZ55--4cz8__B1_Q9UZ55,0.9597664482901878,0.5,True
6ebn__A1_A0A4P1LYB6--6ebn__B1_A0A4P1LYB6,0.9210184373727796,0.5,True
3lf4__B1_D1MPT3--3lf4__A1_D1MPT3,0.8251657137794765,0.5,True
3ffe__B1_Q93AT8--3ffe__A1_Q93AT8,0.9350115222131465,0.5,True
7zg6__A1_A0A2J0RDY6--7zg6__B1_A0A2J0RDY6,0.8795443610958643,0.5,True
1p65__A1_Q9YJI1--1p65__B1_Q9YJI1,0.7864952973580729,0.5,True
8f4q__A1_Q00972--8f4q__A2_Q00972,0.8821715120503583,0.5,True
4rz3__A1_A4IMB4--4rz3__B1_A4IMB4,0.9411351479061916,0.5,True
7tjl__A1_UNDEFINED--7tjl__A2_UNDEFINED,0.9665349273247075,0.5,True
8f8k__A1_O53507--8f8k__A2_O53507,0.9830019716723951,0.5,True
3zw5__A1_A6NK44--3zw5__B1_A6NK44,0.8742002369668247,0.5,True
6l3q__B1_G0SEI5--6l3q__A1_G0SEI5,0.9209486044003985,0.5,True
8ag8__A1_A0A1I5SVP7--8ag8__A2_A0A1I5SVP7,0.9199334583779922,0.5,True
2i2w__A1_P63224--2i2w__D1_P63224,0.9679397320940468,0.5,True
2f22__B1_Q9RC77--2f22__A1_Q9RC77,0.9433613829907354,0.5,True
6yex__A1_UNDEFINED--6yex__B1_UNDEFINED,0.814277573021515,0.5,True
3tng__A1_Q8Y7B7--3tng__A2_Q8Y7B7,0.9692052541768563,0.5,True
8gr8__B1_P08679--8gr8__A1_P08679,0.9758146673448618,0.5,True
7ae8__A1_A0A0B0QJR1--7ae8__B1_A0A0B0QJR1,0.9191870960990032,0.5,True
2w54__B1_O54051--2w54__A1_O54050,0.9383466972252171,0.5,False
4cuc__A1_A0A0H2UP19--4cuc__A2_A0A0H2UP19,0.8704720091552283,0.5,True
4b0z__A1_P50524--4b0z__B1_P50524,0.9921466493038165,0.5,True
2re7__A1_Q4FV99--2re7__A2_Q4FV99,0.9548697054579408,0.5,True
8h0t__A1_O34614--8h0t__A2_O34614,0.9879933041004978,0.5,True
1te2__A1_P77247--1te2__B1_P77247,0.9799134744164983,0.5,True
7xt2__A1_Q6ZMU5--7xt2__B1_Q6ZMU5,0.9338120295745738,0.5,True
1ev7__A1_P50187--1ev7__B1_P50187,0.8886196514388282,0.5,True
1ogl__A1_O15923--1ogl__A2_O15923,0.9844628646117701,0.5,True
3lrt__B1_Q97CA5--3lrt__A1_Q97CA5,0.9660011642810048,0.5,True
3rvb__A1_P26663--3rvb__A2_P26663,0.881839455449414,0.5,True
3fou__A1_Q5SGZ9--3fou__B1_Q5SGZ9,0.9780675778675016,0.5,True
5jnq__A1_R0BTE9--5jnq__A2_R0BTE9,0.917561614893579,0.5,True
4g12__A1_A5U5K3--4g12__B1_A5U5K3,0.9691558661840788,0.5,True
3evj__B1_P01008--3evj__A1_P01008,0.9751209809102515,0.5,True
2oq2__B1_P18408--2oq2__A1_P18408,0.9854078095950267,0.5,True
8he6__A1_Q8YSS0--8he6__B1_Q8YSS0,0.9666862686752313,0.5,True
2xij__A1_P22033--2xij__A2_P22033,0.9722878241411778,0.5,True
1nr5__A1_P07547--1nr5__A2_P07547,0.9782910778706693,0.5,True
1gmj__A1_P01096--1gmj__B1_P01096,0.72679993682453,0.5,True
4yba__B1_Q93K36--4yba__A1_Q93K36,0.9788065127431644,0.5,True
8ok7__A1_M4T0B2--8ok7__D1_M4T0B2,0.9636577331171235,0.5,True
7f76__B1_A0A223KLJ1--7f76__A1_A0A223KLJ1,0.9164944479621031,0.5,True
7vp6__A1_Q9C9L2--7vp6__B1_Q9C9L2,0.8240929512591082,0.5,True
8jmq__A1_A9CQD5--8jmq__B1_A9CQD3,0.9436928189827347,0.5,False
7zgt__A1_W8R3D8--7zgt__B1_W8R3D8,0.9905927006102047,0.5,True
7xgt__B1_Q6H8B1--7xgt__A1_Q6H8B1,0.9763909759117451,0.5,True
3i2t__A1_P04412--3i2t__A2_P04412,0.9616076857783319,0.5,True
8tjk__A1_A0A0F7G196--8tjk__B1_A0A0F7G196,0.9527709251969105,0.5,True
7wt0__A1_Q04760--7wt0__B1_Q04760,0.8382603785523642,0.5,True
3if0__A1_Q74MS9--3if0__A2_Q74MS9,0.9824163277579075,0.5,True
3qrh__A1_Q8SSM8--3qrh__A2_Q8SSM8,0.938850529858152,0.5,True
8q70__A1_Q8U2C1--8q70__A2_Q8U2C1,0.9112634862227076,0.5,True
7vso__A1_P02945--7vso__A2_P02945,0.9271902448754217,0.5,True
5f8b__A1_Q4WB03--5f8b__A2_Q4WB03,0.969142010765507,0.5,True
8ax0__A1_A0A384E145--8ax0__B1_A0A384E145,0.9683648750305379,0.5,True
8ant__B1_A0A1P8CWW1--8ant__A1_A0A1P8CWW1,0.6969176674197602,0.5,True
7r5y__E2_R7PD89--7r5y__A1_R7PD89,0.9849046921316147,0.5,True
7qow__B1_Q93P54--7qow__A1_Q93P54,0.9666838077726553,0.5,True
5il7__A1_Q8KC98--5il7__B1_Q8KC98,0.9114978471041156,0.5,True
3ct9__B1_Q8A1V9--3ct9__A1_Q8A1V9,0.973849636498535,0.5,True
8pvm__A1_P29166--8pvm__B1_P29166,0.9460799861744055,0.5,True
8ct0__F1_S4S3E3--8ct0__A1_S4S3E3,0.8766089686137127,0.5,True
3q2j__B1_P0A3Y5--3q2j__A1_P0A3Y5,0.8527435354602466,0.5,True
7xzp__B1_A0A379CIH2--7xzp__A1_A0A379CIH2,0.9738546583166741,0.5,True
7tvm__A1_UNDEFINED--7tvm__B1_UNDEFINED,0.9837433435714115,0.5,True
3qvf__A1_Q56187--3qvf__A2_Q56187,0.9380822942764355,0.5,True
6gxs__A1_Q7NZ70--6gxs__D1_Q7NZ70,0.8843125707704045,0.5,True
2hr8__A1_O58456--2hr8__B1_O58456,0.9487771520514883,0.5,True
2zyf__A1_O87198--2zyf__A2_O87198,0.9216555049467766,0.5,True
7s3v__A1_Q16719--7s3v__A2_Q16719,0.9591523044895104,0.5,True
6a29__A1_O32504--6a29__B1_O32504,0.9704395798128205,0.5,True
4ml6__C1_A6GV51--4ml6__A1_A6GV51,0.965704793001658,0.5,True
4cht__A1_Q13472--4cht__B1_Q9H9A7,0.88382100361586,0.5,False
1n4p__B1_P53610--1n4p__A1_Q04631,0.9498789766495215,0.5,False
1tec__A1_P04072--1tec__B1_P01051,0.9179400449472442,0.5,False
8p1h__A1_E7EX29--8p1h__B2_E7EX29,0.794967237475158,0.5,True
6b9t__A1_A9A1T2--6b9t__B1_A9A1T2,0.8635235378974755,0.5,True
3g0k__A1_Q2G4A7--3g0k__A2_Q2G4A7,0.9522610639861491,0.5,True
7zoo__B1_A0A979GQH9--7zoo__A1_A0A979GQH9,0.6458713223407695,0.5,True
8hy5__A1_P14920--8hy5__B1_P14920,0.9536710978969933,0.5,True
8fts__A1_R9UTR3--8fts__A2_R9UTR3,0.9597187409357616,0.5,True
1jrk__A1_Q8ZTD8--1jrk__B1_Q8ZTD8,0.9247224968775469,0.5,True
7y8v__A1_UNDEFINED--7y8v__B1_UNDEFINED,0.9460189871009475,0.5,True
2ejn__A1_P30440--2ejn__B1_P30440,0.9736332432875261,0.5,True
5hs5__A1_Q2G0D1--5hs5__B1_Q2G0D1,0.9750426006029624,0.5,True
3v89__A1_Q9K0U9--3v89__B1_P02787,0.8519827586387678,0.5,False
8e3g__B1_P43026--8e3g__A1_P12643,0.7749543898580387,0.5,False
2w8b__A1_P0A855--2w8b__H1_P0A912,0.818982048606385,0.5,False
5f7p__B1_Q8YAF1--5f7p__A1_Q8YAF1,0.966935942761728,0.5,True
8f71__B1_Q6N5G3--8f71__A1_Q6N5G3,0.9737372109884797,0.5,True
8hwi__B1_A0A327WNX5--8hwi__A1_A0A327WNX5,0.9504099233915279,0.5,True
7r3i__B1_P54292--7r3i__A1_P54292,0.9215079204626956,0.5,True
8afj__A1_A0A179QS89--8afj__B1_A0A179QS89,0.9322528756640215,0.5,True
3pub__B1_E5EVW2--3pub__A1_E5EVW2,0.858565389972221,0.5,True
8es5__A1_A0A0H2Z732--8es5__B1_A0A0H2Z732,0.9419769698811752,0.5,True
7txn__B1_Q8YVV6--7txn__A1_Q8YVV6,0.9892132159338638,0.5,True
3py6__A1_Q2YQ74--3py6__A2_Q2YQ74,0.9632425649163943,0.5,True
1hjr__A1_P0A814--1hjr__C1_P0A814,0.8644343564197332,0.5,True
8k3b__A1_A0A071KWR3--8k3b__A2_A0A071KWR3,0.947468668163727,0.5,True
3w2z__A1_Q8YXY7--3w2z__A2_Q8YXY7,0.9731922980112077,0.5,True
8f78__A1_P55212--8f78__B1_P55212,0.8868571246880017,0.5,True
6wg4__A1_Q14683--6wg4__B1_Q9UQE7,0.7672505757513005,0.5,False
7zry__A1_O60341--7zry__B1_Q9UKL0,0.9403488808482099,0.5,False
1uix__A1_Q28021--1uix__B1_Q28021,0.9687669597308152,0.5,True
7vrc__A1_P38956--7vrc__B1_P22082,0.8991837672195986,0.5,False
1oz0__A1_P31335--1oz0__B1_P31335,0.9695812158712577,0.5,True
7eft__B1_P16926--7eft__A1_P16926,0.9258157434216365,0.5,True
5jsn__A1_P10415--5jsn__B1_UNDEFINED,0.9329041059855422,0.5,False
8e2b__B1_Q2FYI5--8e2b__A1_Q2FYI5,0.888714423926788,0.5,True
7jw6__A1_Q9VIF1--7jw6__A2_Q9VIF1,0.9558547159447583,0.5,True
1jkw__A1_P51946--1jkw__A2_P51946,0.9693086500259634,0.5,True
4pfp__B1_F1RQI7--4pfp__A1_F1RQI7,0.9295436743107447,0.5,True
8h1s__A1_Q9I5U2--8h1s__B1_Q9HX32,0.7373247683586452,0.5,False
7t0y__A1_P62136--7t0y__B1_Q14684,0.7110506580398501,0.5,False
1tz9__A1_Q82ZC9--1tz9__B1_Q82ZC9,0.9621348665078392,0.5,True
2wns__B1_P11172--2wns__A1_P11172,0.9700254098327579,0.5,True
6s8v__B1_P08195--6s8v__A1_P80188,0.9240719193145712,0.5,False
6hq6__A1_UNDEFINED--6hq6__B1_UNDEFINED,0.9529042261328989,0.5,True
2gt4__A1_P32056--2gt4__B1_P32056,0.8703097149485787,0.5,True
3bof__A1_Q9WYA5--3bof__B1_Q9WYA5,0.9949435705789249,0.5,True
6trj__A1_O75475--6trj__A2_O75475,0.9187629896435113,0.5,True
8h4z__A1_A0A2X5A3P4--8h4z__B1_A0A2X5A3P4,0.997883237784029,0.5,True
2hre__A1_P22830--2hre__B1_P22830,0.9327438158859337,0.5,True
5yjc__A1_Q5HK94--5yjc__B1_Q5HK94,0.8466639010132455,0.5,True
8d6k__A1_Q9L1K2--8d6k__B1_Q9L1K2,0.9083870370194453,0.5,True
2zew__B1_Q9ZA17--2zew__A1_Q9ZA17,0.9615797793985557,0.5,True
5wpi__A1_Q58PW8--5wpi__B1_Q58PW8,0.96746414759195,0.5,True
8fk6__A1_A0A0C9S461--8fk6__B1_P80098,0.7970794305679452,0.5,False
7tm7__A1_A0A0H3GYH4--7tm7__B1_A0A0H3GYH4,0.9527935930191034,0.5,True
8gy0__A1_A0A8H4VHP2--8gy0__B1_A0A8H4VHP2,0.9320353007627313,0.5,True
7x4b__A1_A0A2D0TCG3--7x4b__B1_A0A2D0TCG3,0.6360356433725605,0.5,True
4aqp__B1_P54253--4aqp__A1_P54253,0.9134365921838744,0.5,True
3npi__A1_Q6NFU8--3npi__B1_Q6NFU8,0.9280909894705613,0.5,True
8cok__B1_Q9NXR8--8cok__A1_Q9NXR8,0.877728785433407,0.5,True
1wz3__A1_Q9LVK3--1wz3__B1_Q9LVK3,0.7989384692394327,0.5,True
1nw1__A1_Q22942--1nw1__B1_Q22942,0.984258670254863,0.5,True
1hrp__B1_P0DN86--1hrp__A1_P01215,0.8025363367286196,0.5,False
3qf4__B1_Q9WYC4--3qf4__A1_Q9WYC3,0.9122648172008839,0.5,False
7y4o__B1_A0A0G2JZC4--7y4o__A1_A0A0G2JZC4,0.9835078562718604,0.5,True
8hns__A1_A0A377JKY9--8hns__A2_A0A377JKY9,0.8893389114072439,0.5,True
3mpn__A1_O67854--3mpn__A2_O67854,0.9614339985329583,0.5,True
6vlg__A2_Q9WTS2--6vlg__C1_Q9WTS2,0.9436305719548578,0.5,True
1v71__A1_O59791--1v71__A2_O59791,0.9342031177284337,0.5,True
3fpk__A1_Q8ZKP5--3fpk__B1_Q8ZKP5,0.9171152975035292,0.5,True
8eb3__A1_K2K6A3--8eb3__B1_K2K6A3,0.9832847831665383,0.5,True
4z1i__C1_Q12931--4z1i__A1_Q12931,0.9465392022021509,0.5,True
8pz3__A1_D7SFB8--8pz3__B1_D7SFB8,0.9149723053926018,0.5,True
5vpb__B1_P17535--5vpb__A1_P53539,0.927668003054601,0.5,False
8bt3__A1_Q6F0T5--8bt3__A2_Q6F0T5,0.9570844257930848,0.5,True
1r7h__A1_O69271--1r7h__B1_O69271,0.793792040800128,0.5,True
4oag__A1_Q8BGV8--4oag__B1_Q8BGV8,0.8520552370769897,0.5,True
5bo9__A1_O43173--5bo9__B1_O43173,0.9195154604087767,0.5,True
7kws__A1_Q0P8H3--7kws__B1_Q0P8H3,0.9876896193919178,0.5,True
4qa0__A1_Q9BY41--4qa0__B1_Q9BY41,0.9831242371342668,0.5,True
6epi__B1_D5K9G7--6epi__A1_D5K9E3,0.8984247285473413,0.5,False
7qgs__B1_Q09472--7qgs__A1_Q16665,0.6724665232775967,0.5,False
7tz7__A1_P42336--7tz7__B1_P27986,0.8996575722155364,0.5,False
2zl1__A1_Q9UHA4--2zl1__B1_Q9JHS3,0.949764210344919,0.5,False
4ija__A1_A0A0H3JS71--4ija__B1_A0A0H3JS71,0.9505408620690309,0.5,True
3ijt__B1_Q8DVN6--3ijt__A1_Q8DVN6,0.8953491509743076,0.5,True
7qgt__A1_P35520--7qgt__B1_P35520,0.9246731225117252,0.5,True
8i4q__A1_Q8NQI2--8i4q__B1_Q8NQI2,0.944117338153742,0.5,True
5lxv__A1_G9FCX2--5lxv__B1_A0A1L1QK37,0.9480803482460349,0.5,False
8h25__A1_A0A5R8LFD3--8h25__C1_A0A5R8LFD3,0.940688609333127,0.5,True
6kjl__A1_Q9RC94--6kjl__B1_Q9RC94,0.8484943691136475,0.5,True
5f3o__A1_C4LU64--5f3o__B1_C4LU64,0.8901289547019289,0.5,True
8arv__A1_Q9HW35--8arv__B1_Q9HW35,0.97131324045276,0.5,True
2i1a__B1_P40087--2i1a__A1_P40087,0.9189216079230662,0.5,True
2y9x__A1_C7FF04--2y9x__E1_G1K3P4,0.9347897910465215,0.5,False
8waa__A1_P29401--8waa__B1_P29401,0.9629968848729832,0.5,True
6n2f__B1_Q94A94--6n2f__A1_Q94A94,0.9299298688464791,0.5,True
8b08__B1_P0A2K1--8b08__A1_P00929,0.830389154181796,0.5,False
5ja2__A1_P11454--5ja2__B1_Q9I169,0.7674714983404205,0.5,False
4g3w__A1_O66591--4g3w__A2_O66591,0.992132521757702,0.4999733034331785,True
5cm2__A1_Q6C999--5cm2__B1_Q6C4P5,0.9152945651472412,0.5,False
6g70__B1_Q8K2Z2--6g70__A1_Q8K2Z2,0.9105758552868286,0.5,True
7xac__A1_P47929--7xac__B1_P47929,0.8526142902373217,0.5,True
4d4t__A1_P0DOE7--4d4t__A2_P0DOE7,0.820887343403139,0.5,True
2zz8__A1_O34094--2zz8__B1_O34094,0.9768085849329944,0.5,True
8b8h__A1_P9WQA9--8b8h__B1_P9WQA9,0.9260390726257837,0.5,True
7u2s__A1_A0A2W1NDJ7--7u2s__B1_A0A2W1NDJ7,0.9287023844248558,0.5,True
1d2g__A1_P13255--1d2g__B1_P13255,0.89689342217104,0.5,True
7uld__A1_O28028--7uld__A2_O28028,0.9623729821820963,0.5,True
4c0f__B1_Q9NZN8--4c0f__A1_Q9NZN8,0.907187749865189,0.5,True
8co8__A1_Q9Q6P4--8co8__A2_Q9Q6P4,0.8939120043322653,0.5,True
3lcr__B1_A4KCE5--3lcr__A1_A4KCE5,0.9968076066572903,0.5,True
8b21__A1_Q9S5X0--8b21__B1_Q9S5X0,0.9461444311231695,0.5,True
3swk__A1_P08670--3swk__B1_P08670,0.9432824767766242,0.5,True
8txn__B1_P08120--8txn__A1_P08120,0.9222262188943807,0.5,True
8dak__A1_F2X702--8dak__B1_F2X702,0.9634676551168411,0.5,True
2rde__B1_A0A0H3ADR8--2rde__A1_A0A0H3ADR8,0.8388809177210844,0.5,True
6sek__A1_UNDEFINED--6sek__B1_UNDEFINED,0.9552991650569924,0.5,True
2pih__A1_O31779--2pih__B1_O31779,0.9237344734260026,0.5,True
6v7v__A1_A0SML3--6v7v__B1_A0SML3,0.9294033032801623,0.5,True
7ykv__B1_Q58241--7ykv__A1_Q58241,0.9842029506861699,0.5,True
7y4g__A1_Q8A028--7y4g__A2_Q8A028,0.9568242321765763,0.5,True
8cci__A1_A0R7I9--8cci__A2_A0R7I9,0.9713421988437478,0.5,True
6p35__A1_P75913--6p35__A2_P75913,0.9720302231544325,0.5,True
6p3j__A1_Q0KJL4--6p3j__B1_Q0KJL4,0.9841398227407098,0.5,True
4o6p__A1_Q8RDI4--4o6p__B1_Q8RDI4,0.8457442147164542,0.5,True
8ozv__A1_A0A179UH34--8ozv__A2_A0A179UH34,0.9139722402586905,0.5,True
2cim__A1_Q46AN5--2cim__B1_Q46AN5,0.9528432650716638,0.5,True
6tpo__A1_P24474--6tpo__A2_P24474,0.9753151431725229,0.5,True
7wwo__B1_Q5SH57--7wwo__A1_Q5SH57,0.8400499606891494,0.5,True
4pmv__A1_Q8PEU1--4pmv__B1_Q8PEU1,0.9719730087667613,0.5,True
7xge__A1_UNDEFINED--7xge__B1_Q07820,0.951507889241431,0.5,False
6rmr__B1_P19926--6rmr__A1_P19926,0.9640790296973706,0.5,True
6hhb__A1_E0SCP7--6hhb__C1_E0SCP7,0.9673412636486065,0.5,True
7e5c__A1_A0A1I7CHQ2--7e5c__B1_A0A1I7CHQ2,0.9817959424511999,0.5,True
2gn5__A1_P69542--2gn5__A2_P69542,0.8738559810308913,0.5,True
2wfh__A1_O94813--2wfh__B1_O94813,0.9170997352815535,0.5,True
3zco__A1_P06701--3zco__A2_P06701,0.8025515005570434,0.5,True
2ghy__A1_P03051--2ghy__B1_P03051,0.886049859320814,0.5,True
3htr__A1_Q6N0K4--3htr__B1_Q6N0K4,0.8149724645606983,0.5,True
8aeu__A1_Q00987--8aeu__A2_Q00987,0.9173852463326148,0.5,True
1xuv__A1_Q8PZJ2--1xuv__C1_Q8PZJ2,0.9118353188024998,0.5,True
2o8p__A1_Q5CYG0--2o8p__A2_Q5CYG0,0.9778729327329159,0.5,True
4zmu__A1_Q9I072--4zmu__B1_Q9I072,0.9873934081226745,0.5,True
3dl3__G2_Q5E3X2--3dl3__C1_Q5E3X2,0.7736778880103148,0.5,True
7yvz__A1_A7LPG5--7yvz__A2_A7LPG5,0.8190406976744186,0.5,True
4ia6__A1_Q5FL96--4ia6__B1_Q5FL96,0.9791874452882984,0.5,True
8bou__A1_A0A7G5MNS2--8bou__B1_A0A7G5MNS2,0.9781246128029806,0.5,True
5gk1__A1_Q7N4Z6--5gk1__B1_Q7N4Z6,0.9466709275076016,0.5,True
5x03__B1_P94426--5x03__A1_P94426,0.9903451822048568,0.5,True
3gku__A1_D0VX24--3gku__B1_D0VX24,0.9628753496401139,0.5,True
1k3e__B1_P58233--1k3e__A1_P58233,0.7875097247283463,0.5,True
6u18__A1_Q9EVJ6--6u18__B1_Q9EVJ6,0.9715293494805108,0.5,True
6b9p__A1_C0HJB3--6b9p__B1_C0HJB3,0.9797804774126877,0.5,True
7wpy__A1_A0A097ZPD5--7wpy__C1_A0A097ZPD5,0.972395390732274,0.5,True
7xn2__A1_Q8YR38--7xn2__A2_Q8YR38,0.9663589832818594,0.5,True
3qhy__B1_O87916--3qhy__A1_Q93T42,0.9414416258312686,0.5,False
4j5p__B1_P97612--4j5p__A1_P97612,0.9100927739373527,0.5,True
4icq__A1_A0A0H2UN95--4icq__B1_A0A0H2UN95,0.9777825200161732,0.5,True
1klf__B1_P08191--1klf__A1_P31697,0.8822909913856037,0.5,False
6y4l__A1_Q15006--6y4l__B1_Q9Y3B6,0.9331376073497104,0.5,False
6dex__B1_Q74ZQ8--6dex__A1_Q75DL0,0.915957132883742,0.5,False
2z02__A1_Q58987--2z02__B1_Q58987,0.9802508198008086,0.5,True
4l7w__A1_Q7Z4H3--4l7w__A2_Q7Z4H3,0.9698149270212164,0.5,True
6tct__A1_Q9KL67--6tct__B1_Q9KL67,0.9086220793140408,0.5,True
6sul__A1_A8FAR5--6sul__B1_A8FAR5,0.9470969087516594,0.5,True
4qqv__A1_P26954--4qqv__B1_P26954,0.861349443831972,0.5,True
3l8d__A1_A0RD96--3l8d__A2_A0RD96,0.9646827666115695,0.5,True
7yqa__B1_A0A1C9ZZ39--7yqa__A1_A0A1C9ZZ39,0.8318555886815889,0.5,True
1b8m__B1_P34130--1b8m__A1_P23560,0.9109333909523388,0.5,False
1irq__B1_Q57468--1irq__A1_Q57468,0.8419039066008083,0.5077754827121688,True
7xi6__A1_A5GXY1--7xi6__B1_A5GXY1,0.7766335612721155,0.5,True
6iik__A1_P54578--6iik__B1_P54578,0.9920078898714514,0.5,True
3nau__A1_Q9Y6X8--3nau__B1_Q9Y6X8,0.8603515128077265,0.5,True
3cis__B1_P9WFD7--3cis__A1_P9WFD7,0.9705768406675972,0.5,True
4jzy__B1_O77059--4jzy__A1_O77059,0.9339558840868795,0.5,True
8d03__A1_UNDEFINED--8d03__A2_UNDEFINED,0.9618329743957884,0.5,True
7yxg__A1_Q9VU77--7yxg__B1_Q9VU77,0.9549643592628403,0.5,True
5cio__A1_A0A1A9TAI5--5cio__B1_A0A1A9TAI5,0.9492321798447544,0.5,True
8jwj__A1_Q9DAG9--8jwj__B1_P62837,0.8825829210863287,0.5,False
6ia6__A1_A0A1C7D1B7--6ia6__A2_A0A1C7D1B7,0.961363828317694,0.5,True
8h1g__A1_O67518--8h1g__A2_O67518,0.9628623719217263,0.5,True
6x61__A1_Q79V60--6x61__B1_Q8DMT2,0.8390645532144839,0.5,False
7kqt__A1_UNDEFINED--7kqt__B1_UNDEFINED,0.9688998232873547,0.5,True
7x0d__A1_A5YW95--7x0d__B1_A5YW95,0.9425185795933062,0.5,True
1ghd__B1_O86089--1ghd__A1_O86089,0.9253126240325119,0.5,True
2x6f__A1_Q9W1M7--2x6f__B1_Q9W1M7,0.9742037158434955,0.5,True
8oik__A1_Q9UPU9--8oik__C1_Q9UPU9,0.8604230823008637,0.5,True
6nxl__A1_B4DV12--6nxl__E1_B4DV12,0.8862788800113904,0.5,True
8wmy__A1_A0A4U7IGH6--8wmy__B2_A0A4U7IGH6,0.9299068947299811,0.5,True
3trf__A1_Q83AJ3--3trf__A2_Q83AJ3,0.8778741831355562,0.5,True
5h4s__A1_A0A090BWT0--5h4s__A2_A0A090BWT0,0.8511792172770556,0.5,True
2zvb__A1_Q53WA6--2zvb__A2_Q53WA6,0.9361339037789418,0.5,True
8wa7__A1_P27302--8wa7__B1_P27302,0.9599846616116808,0.5,True
3b0z__B1_P40727--3b0z__A1_P40727,0.8029439257136401,0.5,True
4usp__A1_B3GA02--4usp__B1_B3GA02,0.7907272958319214,0.5,True
7cms__A1_P00953--7cms__B1_P00953,0.9591408686426812,0.5,True
7t8q__A1_Q7S860--7t8q__D1_Q7S860,0.9469506356759572,0.5,True
6j9k__A1_A0A425B3G2--6j9k__A2_A0A425B3G2,0.9510790687572886,0.5,True
7xp0__A1_Q9I5E1--7xp0__A2_Q9I5E1,0.957394757978351,0.5,True
8ih4__A1_Q8WVV5--8ih4__B1_Q8WVV5,0.9507368880143094,0.5,True
7qej__A1_P0DV33--7qej__B1_P0DV33,0.971677868657829,0.5,True
1tfe__A1_P43895--1tfe__A2_P43895,0.9578059694244195,0.5,True
2a8f__A1_P15569--2a8f__B1_P15569,0.927060667527199,0.5,True
4iwq__A1_Q9UHD2--4iwq__A2_Q9UHD2,0.8487908357885412,0.5,True
