system_id,auroc,bacc,is_homodimer
3c07__A1_Q9KZ96--3c07__B1_Q9KZ96,0.8955540111496847,0.5,True
3iqy__A1_P28366--3iqy__A2_P28366,0.8130889586053383,0.5,True
7e76__A1_A0A3B6LNA8--7e76__B1_A0A3B6LNA8,0.6491842116164099,0.5,True
3cqc__A1_P57740--3cqc__B1_Q8WUM0,0.8740590302945279,0.5,False
7x1k__A1_Q6DL91--7x1k__B1_Q6DL91,0.4330767009912424,0.5,True
8sgd__A1_P25342--8sgd__B1_P32457,0.7216220983306201,0.5,False
3ecf__A1_Q3M5E4--3ecf__B1_Q3M5E4,0.6887282300258627,0.5,True
6j94__A1_Q93VK5--6j94__B1_Q93VK5,0.6775133042987561,0.5,True
7xsh__A1_K1KV82--7xsh__B2_K1KV82,0.7384735043806161,0.5,True
8v14__A1_G5EEF9--8v14__B1_G5EEF9,0.6276051795063575,0.5,True
6r76__A1_H3ZMH8--6r76__B1_H3ZMH8,0.9495347890424851,0.5,True
8ap0__A1_A0A5S9CYM0--8ap0__A2_A0A5S9CYM0,0.5567133089167484,0.5,True
3qph__A1_Q9HGZ9--3qph__A2_Q9HGZ9,0.8609888327898741,0.5,True
3o6j__A1_O67987--3o6j__B1_O67987,0.9128502365840393,0.5,True
6o6z__A1_B6YWC3--6o6z__B1_B6YWC3,0.7882467661298658,0.49999731891984645,True
3fil__A1_P19909--3fil__B1_P19909,0.20487289603355696,0.5,True
6do2__A1_P11021--6do2__B1_P11021,0.6882569832663473,0.5,True
7f4q__B1_Q22GC0--7f4q__A1_I7M8B9,0.6205666915442907,0.5,False
4hfg__A1_Q9NQG5--4hfg__B1_Q9NQG5,0.3031839873945975,0.5,True
7yh2__A1_A0A1Q9P883--7yh2__B1_A0A1Q9P883,0.9508216490754255,0.5,True
3axs__A1_O67010--3axs__A2_O67010,0.9671866717104488,0.5,True
3cqr__A1_Q39249--3cqr__B1_Q39249,0.30776550096363653,0.5,True
3s8k__A1_P80691--3s8k__B1_P80691,0.9528465430159292,0.5,True
4oun__A1_O31418--4oun__A2_O31418,0.7210164782734347,0.5,True
2iab__A1_Q825J7--2iab__B1_Q825J7,0.6027700898556638,0.5,True
3o3n__A1_Q5U924--3o3n__B1_Q5U923,0.5796508013946617,0.5,False
6f3z__A1_P0ADC3--6f3z__B1_P61316,0.9389998903413935,0.5,False
1hr7__A1_P11914--1hr7__B1_P10507,0.8280050475551748,0.5,False
8gko__B1_P28296--8gko__A1_P28296,0.861043377261617,0.5,True
2gkv__A1_P00777--2gkv__B1_P68390,0.9079835726851271,0.5,False
8stx__A1_Q4E4E1--8stx__B1_Q4E4E1,0.629779915895128,0.5,True
4m36__A1_Q582G4--4m36__A2_Q582G4,0.7262151914390038,0.5,True
5wpu__A1_A0A076NBW8--5wpu__A2_A0A076NBW8,0.4116981977952702,0.5,True
5yps__A1_A0A0W4ZF97--5yps__B1_A0A0W4ZF97,0.9300245003985004,0.5,True
5oge__E1_P40107--5oge__A1_P40107,0.665756257858388,0.5,True
5fey__B1_Q13049--5fey__A1_Q13049,0.49952963293535946,0.5,True
8hce__B1_Q91XB0--8hce__A1_Q91XB0,0.48493009691748346,0.5,True
1ggp__B1_Q7SIF1--1ggp__A1_Q7SIF0,0.8993597875137053,0.5,False
5z50__A1_O05926--5z50__B1_O05926,0.5471225159060961,0.5,True
7t9u__A1_Q86WV6--7t9u__A2_Q86WV6,0.7142512656450166,0.5,True
6ey4__A1_Q5EGM3--6ey4__A2_Q5EGM3,0.7610487425419254,0.5,True
2hvg__A1_A5KBL5--2hvg__B1_A5KBL5,0.9071136747049152,0.5,True
6wp7__A1_Q82H41--6wp7__B1_Q82H41,0.9101764146466601,0.5304912935682788,True
6kfs__A1_B7FR28--6kfs__A2_B7FR28,0.3407365529687,0.5,True
3shg__A1_E6Z0R3--3shg__B1_E6Z0R4,0.6105785234709998,0.5,False
4wjm__A1_Q2YNY7--4wjm__A2_Q2YNY7,0.9516344351850671,0.5,True
8hmo__A1_A0A0H4P0S7--8hmo__B1_A0A0H4P0S7,0.8863307471227411,0.5,True
8dfk__A1_P39694--8dfk__B1_P39694,0.7786471353856654,0.5,True
6n91__A1_Q9KNI7--6n91__B1_Q9KNI7,0.9266547453788444,0.5,True
1dev__A1_Q15796--1dev__B1_O95405,0.4818977643884748,0.5,False
8c9j__B1_P15559--8c9j__A1_P15559,0.769667739284992,0.5,True
3rd7__B1_A0A0H2ZY91--3rd7__A1_A0A0H2ZY91,0.8879830915162701,0.5,True
5x1j__A1_G2IQS7--5x1j__A2_G2IQS7,0.6980026955844106,0.5,True
3r2p__A1_P02647--3r2p__A2_P02647,0.8310833016650481,0.5,True
1pdk__A1_P15319--1pdk__B1_P62532,0.8187373296874264,0.5,False
7bjg__A1_Q8IGY1--7bjg__A2_Q8IGY1,0.5976918440588205,0.5,True
3kcp__A1_Q06851--3kcp__B1_A3DF10,0.883016086088632,0.5,False
7bbq__A1_Q6I6B7--7bbq__A2_Q6I6B7,0.9436689930209371,0.5,True
3dpj__E1_Q5LS67--3dpj__F1_Q5LS67,0.5854664811506574,0.5,True
6okh__A1_Q04QG8--6okh__B1_Q04QG8,0.54766126468451,0.5,True
7tq1__A1_P0AC13--7tq1__A2_P0AC13,0.9412121313851053,0.5276959488380291,True
7t5y__A1_P0A7E1--7t5y__B1_P0A7E1,0.7538794147790506,0.5,True
5o47__A1_J7HDY4--5o47__A2_J7HDY4,0.9368732944808535,0.5,True
1oo0__A1_P49028--1oo0__B1_Q9V535,0.6502999724290046,0.5,False
3edj__A1_Q8KKG0--3edj__B1_Q8KKG0,0.5729888249560753,0.5,True
5yr0__A1_O88597--5yr0__B1_Q8K245,0.8623853593448098,0.5,False
5c21__A1_P09986--5c21__B1_P09986,0.8067028657397934,0.5,True
2gok__A1_Q8U8Z6--2gok__B1_Q8U8Z6,0.7357802561257316,0.5,True
1ww1__A1_Q9WZW8--1ww1__B1_Q9WZW8,0.9471280491437715,0.5,True
1fm0__B1_P30749--1fm0__A1_P30748,0.9463567582305227,0.5,False
4jgo__B1_O31671--4jgo__A1_O31671,0.374670239305822,0.5,True
3l2k__A1_Q8GPH0--3l2k__B1_Q8GPH0,0.45967361821999386,0.5,True
1yov__A1_Q13564--1yov__B1_Q8TBC4,0.7544184666014224,0.5,False
7zvd__A1_P11413--7zvd__A2_P11413,0.8218278325830399,0.5,True
8grh__B1_P51553--8grh__A1_P50213,0.7799211892739459,0.5,False
1lxd__A1_Q03386--1lxd__B1_Q03386,0.4251438136787712,0.5,True
5m97__A1_Q10113--5m97__B1_Q10113,0.6803464147789412,0.5,True
7ax1__A1_Q9ULM6--7ax1__B1_Q9UIV1,0.9502369847472583,0.5,False
8d4w__A1_A0A8B4R830--8d4w__A2_A0A8B4R830,0.8007048476119132,0.5,True
7ynw__B2_Q57834--7ynw__A1_Q57834,0.9488936823561502,0.5,True
4rgp__A1_Q8DTU7--4rgp__B1_Q8DTU7,0.6233878987356505,0.5,True
8twd__C1_P0AEV1--8twd__A1_W8SRD3,0.6241990258536421,0.5,False
3fb9__A1_A0A0H2US72--3fb9__B1_A0A0H2US72,0.5126148272739035,0.5,True
8a39__A1_A0A024L404--8a39__C2_A0A024L404,0.8771513114806495,0.5,True
3ps8__A1_P01034--3ps8__A2_P01034,0.31995745934565,0.5,True
7vwp__A2_A0A136PK59--7vwp__B1_A0A136PK59,0.8688941712594944,0.5,True
3a7p__A1_Q03818--3a7p__B1_Q03818,0.6395340795484191,0.5,True
4ql6__A1_A0A0H3MDM0--4ql6__C1_A0A0H3MDM0,0.7668205056276352,0.5,True
5nck__A1_Q8RDN7--5nck__B1_Q8RDN7,0.5295187388606164,0.5,True
3w8i__A1_Q9BUL8--3w8i__B1_Q9P289,0.9481661155801215,0.5,False
4oky__A1_Q52612--4oky__A2_Q52612,0.7126827259625284,0.5,True
7x20__A1_P54708--7x20__B1_P07340,0.8375130725909173,0.5,False
3hnw__A1_D0VWZ2--3hnw__B1_D0VWZ2,0.7011209806604195,0.5,True
8r37__A1_A0A086IRG1--8r37__B1_A0A086IRG1,0.8211408844320236,0.5,True
1rqg__A1_Q9V011--1rqg__A2_Q9V011,0.5244420331918678,0.5,True
8brl__A1_F7J213--8brl__A2_F7J213,0.7423307490106628,0.5,True
7qiu__A1_P94538--7qiu__B1_P94538,0.6725748727360764,0.5,True
6sjs__A1_B8FUR2--6sjs__B1_B8FUR2,0.9083336371765302,0.5,True
8hlg__A1_Q9RR88--8hlg__B1_Q9RR88,0.9254585660971996,0.5,True
6mpc__A1_B3DQP5--6mpc__B1_B3DQP5,0.8380418035445097,0.5,True
7pcr__A1_P56185--7pcr__A2_P56185,0.7811929176244041,0.5,True
3bvq__B1_Q2I6W2--3bvq__A1_Q2I6W2,0.6019845774195607,0.5,True
6bsu__A1_Q9LZJ3--6bsu__B1_Q9LZJ3,0.918146184901772,0.5,True
4e5u__B1_Q9HZN8--4e5u__A1_Q9HZN8,0.9823323043889935,0.5,True
8a52__A1_P23222--8a52__B1_P23222,0.7304257755170376,0.5,True
1d0v__A1_Q05603--1d0v__A2_Q05603,0.7302496383244559,0.5,True
3gwq__A1_Q145Q0--3gwq__B1_Q145Q0,0.6989319202073918,0.5,True
1yhc__A1_O67648--1yhc__B1_O67648,0.8762043722170512,0.5,True
7lxs__A1_Q8ZMZ2--7lxs__C1_Q8ZMZ2,0.28678183133628676,0.5,True
6w08__B1_Q9KL63--6w08__A1_Q9KL63,0.5384816622269218,0.5,True
7wrm__A1_D0IVL9--7wrm__B1_D0IVL9,0.2733887996877517,0.5,True
2yww__B1_Q58801--2yww__A1_Q58801,0.6055726603765066,0.5,True
3lm6__A1_P40869--3lm6__B1_P40869,0.5778689162670199,0.5,True
7trw__A1_A0A380PDL3--7trw__A2_A0A380PDL3,0.21608823313638661,0.5,True
8syc__A1_Q13370--8syc__B1_Q13370,0.42068190169877395,0.5,True
1gk6__A1_P03069--1gk6__B1_P03069,0.5007001966590077,0.5,True
1reo__A1_Q6STF1--1reo__A2_Q6STF1,0.7922195213826597,0.5,True
6s3b__A1_Q88JK6--6s3b__B1_Q88JK6,0.5092182065509072,0.5,True
7tl5__A1_A0A3F3B310--7tl5__B1_A0A3F3B310,0.7613131281622844,0.5,True
2asf__A1_P9WLL7--2asf__A2_P9WLL7,0.7313271374574056,0.5,True
8ilj__A1_A0A242MJ43--8ilj__B1_A0A242MJ43,0.89524224429015,0.5,True
4usc__A1_A0A0A0Y4H8--4usc__B1_A0A0A0Y4H8,0.8245384066141415,0.5,True
5yp3__A1_Q6F3I7--5yp3__B1_Q6F3I7,0.9552698721864139,0.5,True
8aid__A1_Q9HWJ8--8aid__B1_Q9HWJ8,0.15632626101141217,0.5,True
7yp6__B1_E5L4T5--7yp6__A1_E5L4T5,0.4447908229332345,0.5,True
4aql__A1_Q9Y2T3--4aql__A2_Q9Y2T3,0.9172157456830172,0.5,True
3idf__A1_O34252--3idf__B1_O34252,0.7663981754904029,0.5,True
8fjr__A1_D1A807--8fjr__B1_D1A807,0.7464029487525368,0.5,True
7z56__B1_F0NGX6--7z56__A1_F0NGX6,0.9162888915379506,0.5,True
7olf__A1_A9CEY7--7olf__B1_A9CEY7,0.6006418992435715,0.5,True
3zta__A1_Q2RIF4--3zta__A2_Q2RIF4,0.8635929690401033,0.5,True
3abi__A1_O59312--3abi__B1_O59312,0.9938334702207375,0.5,True
5ab8__A1_P9WN25--5ab8__A2_P9WN25,0.30893436225756776,0.5,True
1guq__A1_P09148--1guq__B1_P09148,0.8673796739575059,0.5,True
6zdw__B1_A0A162MUP0--6zdw__A1_A0A162MUP0,0.7422227066485586,0.5,True
8csd__A1_Q6U8B0--8csd__A2_Q6U8B0,0.7309754343304853,0.5,True
8bfr__A1_P30177--8bfr__A2_P30177,0.9800753890667976,0.5,True
7yk3__A1_O53604--7yk3__B1_O53605,0.8573309153362397,0.5,False
6xiv__A1_P16114--6xiv__B2_P16114,0.48121949954224197,0.5,True
8ajx__A1_P17117--8ajx__A2_P17117,0.747017598363017,0.514278224399703,True
8ayj__A1_D5EHC5--8ayj__B1_D5EHC5,0.9728905282655129,0.5,True
8a6e__B2_P02699--8a6e__A1_P02699,0.812574682547549,0.5,True
4jb7__A1_Q9KTQ6--4jb7__A2_Q9KTQ6,0.4647966900237334,0.5,True
6h3f__A1_A0A0H3JT80--6h3f__A2_A0A0H3JT80,0.9669684044383882,0.5,True
6wxw__A1_F2NWD3--6wxw__B1_F2NWD3,0.7620612717020355,0.5,True
2zw2__A1_F9VNF4--2zw2__B1_F9VNF4,0.5026735287237243,0.5,True
2wo2__A1_P54764--2wo2__B1_P52799,0.6988062737411416,0.5,False
1ord__A1_P43099--1ord__B1_P43099,0.831562100436399,0.5,True
7zcm__A1_P42196--7zcm__B1_P42259,0.9210978909498404,0.5,False
8aa9__A1_Q9V1Y9--8aa9__B1_Q9V1Y9,0.47574366940939605,0.5,True
4i6y__B1_P13702--4i6y__A1_P13702,0.8583809558983488,0.5,True
1vh4__B1_P77689--1vh4__A1_P77689,0.7180488007699037,0.5,True
3ocd__A1_D7A6E5--3ocd__B1_Q7BQR5,0.5869048067411864,0.5,False
8pq7__A1_M1C5B8--8pq7__B1_D0N0Z8,0.4714878569522284,0.5,False
5abr__A1_P82802--5abr__B1_P82802,0.5832625452257354,0.5,True
2zmf__A1_Q9Y233--2zmf__B1_Q9Y233,0.4205299352084109,0.5,True
2vzk__B1_P0DJQ5--2vzk__A1_P0DJQ5,0.22556380547311655,0.5,True
7wm5__A1_A0A0C2W699--7wm5__A2_A0A0C2W699,0.8160503985864814,0.5,True
1zee__A1_Q8E972--1zee__B1_Q8E972,0.5317071174155427,0.5,True
1f3u__B1_P35269--1f3u__A1_P13984,0.6939573475499823,0.5,False
7tvh__B1_Q9I2Q1--7tvh__A1_Q9I2Q1,0.9205647053303303,0.5,True
5vgm__B1_Q9KL24--5vgm__A1_Q9KL24,0.8407178576703205,0.5,True
4zzh__A1_Q96EB6--4zzh__A2_Q96EB6,0.49736336813696225,0.5,True
6m4v__A1_P0AEX9--6m4v__B1_P62942,0.8664606576691918,0.5,False
7y28__A1_P07814--7y28__B1_P07814,0.6708747157787669,0.5,True
2plg__A1_Q8DKM0--2plg__B1_Q8DKM0,0.6744053458416415,0.5,True
7y7u__A1_A0A222F232--7y7u__B1_A0A222F232,0.8287397873951882,0.5,True
3fgc__A1_P07740--3fgc__B1_P07739,0.5062247439966214,0.5,False
1rve__A1_P04390--1rve__B1_P04390,0.8106635389033681,0.5,True
7zy1__A1_Q9F8A8--7zy1__A2_Q9F8A8,0.6764256030454293,0.5,True
3jxo__B1_A0A0F6AN26--3jxo__A1_A0A0F6AN26,0.5764643579799342,0.5,True
8dqb__A1_A0A0H3FX83--8dqb__A2_A0A0H3FX83,0.6854890624021202,0.5,True
5l16__A1_Q4Q0M0--5l16__A2_Q4Q0M0,0.5028926772457993,0.5,True
3qt7__A1_Q9FD73--3qt7__B1_Q9FD73,0.9752003231370494,0.5,True
4aye__D1_Q9JXV4--4aye__A1_P08603,0.4151350732658864,0.5,False
7r3n__A1_P43432--7r3n__B1_P43432,0.7804166480994608,0.5,True
7a0x__B1_Q8ZRZ3--7a0x__A1_Q8ZRZ3,0.9778238985591712,0.5,True
7wjk__A1_P93836--7wjk__A2_P93836,0.8586718759903331,0.5,True
7g99__B1_Q92974--7g99__A1_P61586,0.4682846351640053,0.5,False
5x8z__A1_A3QAQ5--5x8z__B1_A3QAQ5,0.7223246887359067,0.5,True
6dt3__B1_A0A1W1Q5B1--6dt3__A1_A0A1W1Q5B1,0.9608392137390069,0.5,True
7u0r__B1_M9SC49--7u0r__A1_M9SC49,0.4280898803447422,0.5,True
7wbt__A1_Q288C4--7wbt__B1_Q288C4,0.780805262924636,0.5,True
7txe__A1_Q8I6T6--7txe__B1_Q8I6T6,0.2737493192381373,0.5,True
6pyp__A1_P21695--6pyp__B1_P21695,0.5259984149813612,0.5,True
8b2d__A1_F5SYD3--8b2d__B1_F5SYD3,0.7097491554953417,0.5,True
1vmg__A1_Q97U11--1vmg__A2_Q97U11,0.8752731614637699,0.5209649076695478,True
6b8l__B1_P0DP23--6b8l__A1_P56696,0.6906156335351403,0.5,False
8sj5__A1_A0A2I4FN75--8sj5__C1_A0A2I4FN75,0.24917447074965238,0.5,True
3nr1__A1_Q8N4P3--3nr1__B1_Q8N4P3,0.4424419514360674,0.5,True
3h3l__A1_A6LFX0--3h3l__A2_A6LFX0,0.5781134521385705,0.5,True
6jdh__A1_A0A2K0XYW4--6jdh__B1_A0A2K0XYW4,0.43138772070858855,0.5,True
3vjz__A1_Q9K0P4--3vjz__B1_Q9K0P4,0.4076111179470353,0.5,True
3et4__A1_Q4QMM5--3et4__A2_Q4QMM5,0.49978860375618495,0.5,True
5or3__A1_Q2UNF9--5or3__D1_Q2UNF9,0.6192660029779193,0.5,True
3fh3__B1_A0A6L8PES2--3fh3__A1_A0A6L8PES2,0.23703877260726297,0.5,True
1go3__A1_Q57840--1go3__B1_Q60351,0.786076293297346,0.5,False
3zxq__B1_P9WGK1--3zxq__A1_P9WGK1,0.3102860749075694,0.5,True
1zlh__A1_P00730--1zlh__B1_Q5EPH2,0.6594892512881199,0.5,False
4h1h__A1_Q8Y6P6--4h1h__B1_Q8Y6P6,0.806566256175178,0.5,True
2gh1__A1_Q81E32--2gh1__B1_Q81E32,0.7471876326007506,0.5,True
7dl7__F1_B0VJ11--7dl7__A1_B0VJ11,0.9553322655171221,0.5,True
7yu0__B1_Q79F77--7yu0__A1_Q79F77,0.504075121272139,0.5,True
3cbu__B1_Q473P3--3cbu__A1_Q473P3,0.7859940338752015,0.5,True
3ihk__A1_Q8DVV9--3ihk__A2_Q8DVV9,0.5579601521816029,0.5,True
4y67__A1_Q8IKG4--4y67__B1_Q8IKG4,0.9405155570495178,0.5,True
6ejp__B1_P69986--6ejp__A1_P69986,0.20044921994692555,0.5,True
1poy__A1_P0AFK9--1poy__B1_P0AFK9,0.4346832885318527,0.5,True
3a7o__A1_Q03818--3a7o__B1_Q03818,0.7518179744776089,0.5,True
5n47__B1_P02751--5n47__A1_P80188,0.6384797104959042,0.5,False
8ejm__A1_O43143--8ejm__B1_Q8IWZ8,0.8495351663071111,0.5,False
7jl6__A1_Q9L523--7jl6__B1_Q9L523,0.735698419891573,0.5,True
1npd__B1_P0A6D5--1npd__A1_P0A6D5,0.8103947998246228,0.5,True
8h0h__A1_P9WLU7--8h0h__C1_P9WLU7,0.2233855482999132,0.5,True
3t8l__A1_Q7CUX4--3t8l__B1_Q7CUX4,0.5992172837931314,0.5,True
7ol3__B1_Q8WXF7--7ol3__A1_Q8WXF7,0.6834557092203224,0.5,True
3ent__A1_Q2YAE2--3ent__B1_Q2YAE2,0.8185203361953723,0.5,True
2y4g__A1_D3Y1I2--2y4g__B1_D3Y1I2,0.8391010703293453,0.5,True
7ec7__A1_A0A0H2XGN0--7ec7__A2_A0A0H2XGN0,0.9563251348900753,0.5,True
2o11__A1_P9WPY1--2o11__A2_P9WPY1,0.544814742902878,0.5,True
8abq__A1_Q13596--8abq__B1_Q9Y5X3,0.6740471572572845,0.5,False
2sak__A1_P68802--2sak__A2_P68802,0.40226682230673644,0.5,True
8h5e__A1_Q5SMG8--8h5e__B1_Q5SMG8,0.754303617698747,0.5,True
8bgm__B1_A0A5P3XKL3--8bgm__A1_A0A5P3XKM0,0.8558665611419647,0.5,False
2ps8__A1_P13513--2ps8__B1_P13513,0.612922039172321,0.5,True
6awl__A1_O75208--6awl__B1_O75208,0.9214544285354535,0.5,True
4qds__A1_O60462--4qds__B1_O60462,0.305846229937814,0.5,True
6qky__B1_Q97P33--6qky__A1_Q97P33,0.35779390152962665,0.5,True
7nli__B1_P08405--7nli__A1_P08405,0.596350547907059,0.5,True
8p3m__A1_W0DP94--8p3m__B1_W0DP94,0.6034455017549675,0.5,True
5v7y__A1_A0A4Y1WAP5--5v7y__B1_A0A4Y1WAP5,0.6220818796627869,0.5,True
4aps__A1_Q5M4H8--4aps__B1_Q5M4H8,0.6233741712251573,0.5,True
7ucn__A1_P50120--7ucn__B1_P50120,0.41641685966760067,0.5,True
1ni5__A1_P52097--1ni5__A2_P52097,0.9434922830660044,0.4999973189917264,True
4a5o__B1_Q9I2U6--4a5o__A1_Q9I2U6,0.7313998088405059,0.5,True
8q5k__A1_A0A0H2Z7A6--8q5k__A2_A0A0H2Z7A6,0.5170879987312111,0.5,True
1ww5__A1_Q6WY08--1ww5__D1_Q6WY08,0.26773311500607955,0.5,True
7ww2__A1_A0A4Q9D6T1--7ww2__B1_A0A4Q9D6T1,0.8759882496815836,0.5,True
2pfk__A1_P0A796--2pfk__B1_P0A796,0.4510215063773979,0.5,True
1i2m__B1_P18754--1i2m__A1_P62826,0.8054960780317157,0.5,False
8i2e__A1_O34841--8i2e__B1_P54421,0.8571845910491271,0.5,False
3pfl__A1_P09373--3pfl__B1_P09373,0.9778807942081212,0.5,True
6gho__B1_Q5L1S1--6gho__A1_O31602,0.5999988956906167,0.5,False
1glj__A1_P0A6F3--1glj__B1_P0A6F3,0.7412978005900028,0.5,True
4zq8__B1_A0A0M3KL36--4zq8__A1_A0A0M3KL36,0.6086484490308953,0.5,True
5h4h__B1_O58236--5h4h__A1_O58236,0.6946964020220041,0.5,True
4iv9__A1_P06617--4iv9__B1_P06617,0.5771282528893094,0.5,True
6sdk__A1_P26497--6sdk__B1_P26497,0.37814188443157903,0.5,True
2fq4__A1_Q81BJ4--2fq4__A2_Q81BJ4,0.851865799686557,0.5,True
7zeq__B1_Q9WXT1--7zeq__A1_Q9WXT1,0.9018587062915256,0.5,True
5z5h__A1_Q2I2N4--5z5h__A2_Q2I2N4,0.6472004156930554,0.5,True
2fe1__A1_Q8ZZP3--2fe1__A2_Q8ZZP3,0.9838932667122942,0.5,True
7wik__B1_A0R1E6--7wik__A1_A0R1E6,0.7202354772453544,0.5,True
7t8o__B1_Q8Y8Y9--7t8o__A1_Q8Y8Y9,0.8482116628427008,0.5,True
7t91__A1_P08151--7t91__B1_P08151,0.02153841310599839,0.5,True
3lg6__A1_D2YW48--3lg6__B1_D2YW48,0.8974838174865051,0.5,True
2o9a__A1_P16528--2o9a__D1_P16528,0.6084200633910917,0.5,True
1zhq__A1_Q9RHG4--1zhq__B1_Q9RHG4,0.7276463334905701,0.5,True
2e0k__B1_Q8KFD9--2e0k__A1_Q8KFD9,0.7754653701721296,0.49996686547382374,True
6izb__A1_P13693--6izb__A2_P13693,0.8412876094070851,0.5,True
3a2f__A1_P61875--3a2f__B1_O73947,0.8837869039041553,0.5,False
3vf0__B1_Q8IY67--3vf0__A2_P18206,0.5310453291201425,0.5,False
8ehe__A1_A0A0A7KVG3--8ehe__B1_A0A1D3UUC0,0.7426408490516304,0.5,False
6hpc__A1_P67697--6hpc__B1_P67697,0.6818747642078573,0.5,True
2x3o__A1_Q9I585--2x3o__B1_Q9I585,0.3159871809180631,0.5,True
5y40__A1_P55892--5y40__B1_P55892,0.43948986930027006,0.5,True
1y42__A1_P12063--1y42__A2_P12063,0.7952501738841482,0.5,True
2e91__A1_Q12051--2e91__B1_Q12051,0.8233506015041676,0.5,True
3iuw__B1_Q8KUB7--3iuw__A1_Q8KUB7,0.7006605832997093,0.5,True
8e7y__A1_Q9RFC8--8e7y__B1_Q9RFC8,0.8023710936346163,0.5,True
4kzn__A1_P15692--4kzn__A2_P15692,0.8459461762784186,0.5,True
7z7o__A1_A0A1S4NYF2--7z7o__C1_A0A1S4NYF2,0.7729296896753174,0.5,True
8brp__A1_D8G6F7--8brp__B1_D8G6F7,0.8433406207224595,0.5,True
3qir__A1_Q8TC59--3qir__A2_Q8TC59,0.32054844889274114,0.5,True
8bay__A1_O75874--8bay__B1_O75874,0.7656436365146956,0.5,True
6mhm__B1_Q13510--6mhm__A1_Q13510,0.3717603488703351,0.5,True
8bj7__A1_P07598--8bj7__B1_P07603,0.7474818004156532,0.5,False
8b80__A1_W8QF82--8b80__B1_W8QF82,0.8686740331051855,0.5,True
5wxx__A1_Q9RNB4--5wxx__A2_Q9RNB4,0.917938227621802,0.5090010586194399,True
8f7l__A1_P43490--8f7l__B1_P43490,0.6764065072882873,0.5,True
3cz1__A1_Q9U9J6--3cz1__B1_Q9U9J6,0.5252348056191174,0.5,True
8a0c__A1_Q2ERG0--8a0c__B1_Q2ERG0,0.8947047529958527,0.5,True
5mpy__A1_Q9LPZ1--5mpy__B1_Q9LPZ1,0.12003370494585518,0.5,True
1anu__A1_Q06851--1anu__A2_Q06851,0.3610767492784798,0.5,True
3vs8__A1_C1DM33--3vs8__C1_C1DM33,0.832846194360819,0.5,True
7zi8__A1_P27707--7zi8__A2_P27707,0.7790090655354183,0.5,True
1peu__A1_Q08698--1peu__A2_Q08698,0.620128182826091,0.5,True
5uk5__B1_Q63722--5uk5__A1_Q07008,0.5741001071730716,0.5,False
7vg5__A1_Q49135--7vg5__B1_Q49135,0.5712063678754185,0.5,True
4jkz__A1_A0R6I8--4jkz__A2_A0R6I8,0.4464536968760946,0.5,True
4aa8__A1_P00794--4aa8__A2_P00794,0.8429869584088294,0.5,True
5yew__A1_Q8IWA4--5yew__B1_Q8IWA4,0.6528052656090695,0.5,True
1hf2__B1_Q9X0D7--1hf2__A1_Q9X0D7,0.8228820692294718,0.5,True
3au0__A1_Q7A382--3au0__A2_Q7A382,0.08084555336643795,0.5,True
3gif__A1_O34757--3gif__B1_O34757,0.785172898191472,0.5,True
4axv__A1_A7N805--4axv__A2_A7N805,0.9299642826156116,0.5,True
5c6u__A1_O69689--5c6u__A2_O69689,0.7992141622659845,0.5,True
4nv4__A1_A0A6L7HM74--4nv4__A2_A0A6L7HM74,0.37910626648567425,0.5,True
6axf__A1_Q7LDG7--6axf__B1_P61224,0.6573925913849782,0.5,False
5yf1__B1_Q8N4J0--5yf1__A1_Q8N4J0,0.9622482530036912,0.5,True
8j83__A1_C5ATT7--8j83__B1_C5ATT6,0.8415644975144237,0.5,False
3fjy__B1_A0ZZM4--3fjy__A1_A0ZZM4,0.580589445162242,0.5,True
4rg1__A1_Q5T280--4rg1__B1_Q5T280,0.504035262135631,0.5,True
1ux4__A1_P41832--1ux4__A2_P41832,0.4278049174435901,0.5,True
6rbm__A1_P0ACT4--6rbm__A2_P0ACT4,0.6134483975313618,0.5,True
7wis__A1_P46881--7wis__B1_P46881,0.8765697333691171,0.5,True
5a3l__A1_A0A1A9TAD0--5a3l__C1_A0A1A9TAD0,0.28632936219283833,0.5,True
2gz4__A1_Q7D028--2gz4__C1_Q7D028,0.5469053052094555,0.5,True
7xyv__A1_Q9C0D3--7xyv__B1_Q9C0D3,0.5205134248785817,0.5,True
2f9w__A1_Q9HWC1--2f9w__B1_Q9HWC1,0.8141889619165392,0.5,True
2ox1__A1_O30011--2ox1__B1_O30011,0.9957497565703147,0.5175438596491229,True
2guh__A1_Q0S8Y3--2guh__B1_Q0S8Y3,0.3347270351085636,0.5,True
7br1__A1_A0A7I6N400--7br1__B1_A0A7I6N400,0.6553614013663438,0.5,True
2p04__A1_D0VWX5--2p04__B1_D0VWX5,0.9228639061581221,0.5,True
4h5b__A1_Q9RUY5--4h5b__B1_Q9RUY5,0.28442193985473213,0.5,True
4e1o__A1_P19113--4e1o__B1_P19113,0.5917389545784263,0.5,True
7pu4__B1_Q9X053--7pu4__A1_Q9X053,0.24415677541439273,0.5,True
3m1u__A1_Q72DN3--3m1u__B1_Q72DN3,0.6580793118680643,0.5,True
7qii__A1_P0C2N2--7qii__B1_P0C2N4,0.897028425724959,0.5,False
6ird__A1_Q91UZ1--6ird__B1_Q8NI35,0.5077773070017318,0.5,False
6gg2__A1_Q4WD43--6gg2__A2_Q4WD43,0.7979695475263023,0.5,True
6oei__A1_Q8KG60--6oei__A2_Q8KG60,0.5343613782611991,0.5,True
8hyi__A1_P22223--8hyi__B1_P22223,0.5144309088687397,0.5,True
4b8v__A1_B3VBK9--4b8v__A2_B3VBK9,0.5781952635162915,0.5,True
4lqb__A1_D2Q399--4lqb__B1_D2Q399,0.8267296222099894,0.5,True
2vxb__A1_P87074--2vxb__B1_P87074,0.13415077786698282,0.5,True
1t72__A1_O67053--1t72__B1_O67053,0.5434092353097907,0.5,True
3soo__A1_Q5T7N2--3soo__A2_Q5T7N2,0.6275297834262665,0.5,True
5z1o__A1_D0VWU8--5z1o__B1_D0VWU8,0.4374533865020991,0.5,True
6h40__A1_K5B7F3--6h40__A2_K5B7F3,0.3900904785332294,0.5,True
2etk__A1_Q13464--2etk__B1_Q13464,0.39822564772831415,0.5,True
2p69__A1_Q96GD0--2p69__A2_Q96GD0,0.5684526895572384,0.5,True
4doy__A1_Q6WNP1--4doy__C1_Q6WNP1,0.9412267829695085,0.5,True
6zxw__A1_O29011--6zxw__B1_A0A117KMN5,0.34545395730534467,0.5,False
3lhk__A1_Q60329--3lhk__B1_Q60329,0.5132176544655283,0.5,True
1qpa__A1_P11542--1qpa__B1_P11542,0.5383892842205736,0.5,True
6e52__A1_P03069--6e52__B1_P03069,0.5230369172127094,0.5,True
1fwl__A1_Q58504--1fwl__B1_Q58504,0.9899213996008465,0.5134849437175019,True
5nkk__A1_O62301--5nkk__B1_Q9XWJ1,0.7708535427992502,0.5,False
1ygt__A1_Q94524--1ygt__A2_Q94524,0.8078698830843619,0.5032809475164629,True
6p40__A1_M1GSK9--6p40__B1_M1GSK9,0.8759504310187616,0.5,True
2wyn__B1_P13482--2wyn__D1_P13482,0.5507911164519611,0.5,True
7yui__A1_P0CG48--7yui__B1_Q9BYM8,0.8181718348330137,0.5,False
8dml__B1_Q87GI3--8dml__A1_Q87GI4,0.660801017145106,0.5,False
2oi2__A1_A0A0H2UNK6--2oi2__A2_A0A0H2UNK6,0.6619827821750899,0.5,True
4wud__A1_P0AES6--4wud__A2_P0AES6,0.7603901064240778,0.5,True
5yzj__A1_A8K0B5--5yzj__B1_A8K0B5,0.3882962377034723,0.5,True
8f61__A1_Q28943--8f61__B1_Q28943,0.7992339644038777,0.5,True
5ho3__A1_W6KHH6--5ho3__B1_W6KHH6,0.45686192552231303,0.5,True
1u5i__A1_Q07009--1u5i__B1_Q64537,0.8493323089680346,0.5,False
1cmc__A1_P0A8U6--1cmc__B1_P0A8U6,0.8338456127473468,0.503968253968254,True
6oe2__A1_Q8A9F0--6oe2__A2_Q8A9F0,0.3992142330357642,0.5,True
3gzi__A1_A3QIY5--3gzi__A2_A3QIY5,0.811210270170214,0.5,True
8pr6__B1_A0A1Q6BKH4--8pr6__A1_A0A1Q6BKH4,0.447071033421776,0.5,True
8j64__A1_Q967S9--8j64__B1_O00816,0.34712237304702903,0.5,False
8ohw__A1_Q63T97--8ohw__B1_Q63T97,0.5319963052233199,0.5,True
5y4r__A1_O87131--5y4r__B1_Q9HVI1,0.6879724185069636,0.5,False
3ddh__A1_Q8A5Q8--3ddh__B1_Q8A5Q8,0.5261300013142826,0.5,True
8d3t__B1_A0A2K2AMS7--8d3t__A1_A0A2K2AMS7,0.5163171451710629,0.5,True
1zk8__A1_Q815X4--1zk8__B1_Q815X4,0.8938466657256356,0.5,True
2w82__A1_Q47730--2w82__B1_Q47730,0.918737981400725,0.5,True
6l08__A1_O65896--6l08__B1_O65896,0.6610077979013942,0.5,True
4p94__B1_Q4J9K8--4p94__A1_Q4J9K8,0.9421628313970808,0.49998138218647603,True
4yii__A1_O00762--4yii__B1_Q9UJX6,0.292479799471679,0.5,False
4rus__A1_P68512--4rus__B1_P68512,0.5025497321330717,0.5,True
2o48__A1_Q9TQS6--2o48__A2_Q9TQS6,0.8642002345191613,0.5,True
7pvw__B1_P00523--7pvw__A1_P00523,0.3853927538801584,0.5,True
2wcu__A1_Q8R2K1--2wcu__B1_Q8R2K1,0.8079174681522884,0.5,True
2p35__A1_Q8UH15--2p35__B1_Q8UH15,0.5350457488211444,0.5,True
5jj8__A1_Q9HVB9--5jj8__A2_Q9HVB9,0.6306836630183524,0.5,True
6ije__A1_A0A083ZID3--6ije__B1_A0A083ZID3,0.2367589546411087,0.5,True
8avu__A1_Q8GPI4--8avu__A2_Q8GPI4,0.555454833232611,0.5,True
7xdu__B1_A0A1I1Z0X1--7xdu__A1_A0A1I1Z0X1,0.6488660447839416,0.5,True
1xr4__A1_Q8ZRY1--1xr4__B1_Q8ZRY1,0.7951197927254532,0.5,True
2fuq__A1_C6XZB6--2fuq__B1_C6XZB6,0.8807613360082618,0.5,True
5xrw__A1_O25306--5xrw__C1_O25674,0.9494844012387873,0.5,False
5l0o__A1_P46940--5l0o__B1_P46940,0.24308797855155787,0.5,True
2zcx__A1_Q9FBX0--2zcx__A2_Q9FBX0,0.6462652017445708,0.5,True
5way__A1_Q97P44--5way__B1_Q97P44,0.7469807201279435,0.5,True
7xey__A1_Q9SU72--7xey__B1_Q9S745,0.8672523404321142,0.5,False
4xlo__C1_Q9KHK2--4xlo__A1_Q9KHK2,0.5673734637291836,0.5,True
6kd6__B1_Q9VAA9--6kd6__A1_Q9VAA9,0.2681827705818372,0.5,True
8k72__A1_Q9NWT6--8k72__A2_Q9NWT6,0.8831524063951417,0.5,True
8b5v__A1_Q4E4A3--8b5v__B1_Q4E4A3,0.768719630974996,0.5,True
4yo3__A1_D3GUX1--4yo3__A2_D3GUX1,0.4431235814317745,0.5,True
8p8p__A1_P49773--8p8p__B1_P49773,0.5906806615776081,0.5,True
6hrx__A1_O53623--6hrx__B1_O53623,0.4734203995047682,0.5,True
3mdo__A1_A6LDR8--3mdo__B1_A6LDR8,0.6907831036208426,0.5,True
8iw0__A1_Q14678--8iw0__B1_Q14678,0.5298073512945933,0.5,True
2rb7__A1_Q313A9--2rb7__B1_Q313A9,0.8951549766657407,0.5,True
3lsj__A1_Q9HUS3--3lsj__B1_Q9HUS3,0.4561184557827813,0.5,True
8g0q__A1_P40460--8g0q__B1_P33895,0.6627183725705628,0.5,False
6ms4__A1_Q9ULC4--6ms4__B1_O43583,0.8702420155711946,0.5,False
7y6b__A1_A0A411GZY8--7y6b__B1_A0A411H025,0.7599088983824441,0.5,False
7zyt__A1_P09622--7zyt__B1_P09622,0.6616384769015001,0.5,True
7lle__A1_Q6QVT7--7lle__B1_Q6QVT7,0.8151869163464885,0.5,True
4csw__A1_D0MK34--4csw__B1_D0MK34,0.9669287806992387,0.5,True
7tev__A1_P04181--7tev__A2_P04181,0.7172768185797089,0.5,True
2hsa__B1_Q9FEW9--2hsa__A1_Q9FEW9,0.826935313757054,0.5,True
4tsd__A1_O25673--4tsd__B1_O25673,0.6125612809745873,0.5,True
7qh0__B1_P48499--7qh0__A1_P48499,0.8285637786963472,0.5,True
1ayf__B1_P00257--1ayf__A1_P00257,0.07527812675637253,0.5,True
3neu__A1_Q92AT3--3neu__A2_Q92AT3,0.6441240347490347,0.5,True
8f9x__A1_Q5LVE1--8f9x__B1_Q5LVE1,0.8612995696480952,0.49997968388119135,True
3pui__A1_Q9L9D7--3pui__A2_Q9L9D7,0.9665187453619559,0.5,True
1rqi__A1_P22939--1rqi__B1_P22939,0.5311722614719596,0.5,True
6pya__A1_P04278--6pya__A2_P04278,0.3956138080808465,0.5,True
1r27__A1_P09152--1r27__B1_P11349,0.8146634973098784,0.5,False
7zuv__A1_A0A2K3DY10--7zuv__D2_A0A2K3DY10,0.5486136276437723,0.5,True
2aho__A1_Q980A5--2aho__B1_Q97Z79,0.9313956504673145,0.5,False
6mni__A1_A0A2V0QX35--6mni__B1_A0A2V0QX35,0.31850549424394825,0.5,True
4kif__B1_Q643C8--4kif__A1_Q643C8,0.9407464610489846,0.5,True
7vyu__A1_A0A022MLV4--7vyu__B1_A0A022MLV4,0.6432821574116397,0.5,True
3g23__A1_Q2G8F3--3g23__B1_Q2G8F3,0.8867403587002266,0.5,True
3ui3__A1_O05728--3ui3__B1_O05728,0.7969476694843332,0.5,True
8ohy__A1_Q556V8--8ohy__A2_Q556V8,0.7180377819609643,0.5,True
5zgo__A1_Q5SHW6--5zgo__B1_Q5SHW6,0.7653132641875368,0.5,True
5uph__B1_Q14108--5uph__A1_Q14108,0.7159604239991362,0.5,True
6u3w__A1_P53622--6u3w__B1_P40509,0.9115131342326498,0.5,False
2gsv__B1_P71066--2gsv__A1_P71066,0.40857699805068226,0.5,True
7yh1__A1_A0A5B9DB95--7yh1__B1_A0A5B9DB95,0.6733141046817954,0.5,True
6c6r__A1_Q14534--6c6r__B1_Q14534,0.9471942101957705,0.5,True
6p4o__B1_Q970I1--6p4o__A1_Q970I2,0.7889625981498423,0.5,False
2oys__A1_A0A0H2URW2--2oys__B1_A0A0H2URW2,0.508772816226498,0.5,True
8i85__A1_D2B3F1--8i85__B1_D2B3F1,0.6588566477534733,0.5,True
2b0a__A1_Q58193--2b0a__A2_Q58193,0.8003350657582909,0.5,True
3ayh__B1_O94285--3ayh__A1_Q9C0Z9,0.909872843619758,0.5,False
2g38__B1_Q79FE1--2g38__A1_Q7D756,0.7956667258093134,0.5,False
2z6k__A1_P15927--2z6k__C1_P35244,0.7263110364335381,0.5,False
3p8b__B1_Q8TZK1--3p8b__A1_Q8U440,0.9153561315617512,0.5387255257871681,False
6z68__A1_A0A1M6Y2K1--6z68__B1_A0A1M6Y2K1,0.32761118240333126,0.5,True
5yz5__A1_Q16555--5yz5__A2_Q16555,0.7205252470318981,0.5,True
6dk9__A1_A7A1Y4--6dk9__A2_A7A1Y4,0.9299584118016321,0.5,True
2p19__A1_Q8NTZ4--2p19__C1_Q8NTZ4,0.7008086623521783,0.5,True
8ai1__B1_Q45595--8ai1__A1_Q45595,0.8978863853657355,0.5,True
7px0__B1_Q9VF53--7px0__A1_Q9VF53,0.9391209200637982,0.5,True
4cmz__B1_Q9BXM0--4cmz__A1_Q9BXM0,0.007567724725717078,0.5,True
8gyz__B1_Q93ZE2--8gyz__A1_Q93ZE2,0.5058884666263278,0.5,True
2ikb__A1_Q7DDI9--2ikb__C1_Q7DDI9,0.8975273949461178,0.5175438596491229,True
7zam__A1_Q07666--7zam__B1_Q07666,0.19840848719189053,0.5,True
3egv__A1_Q84BQ9--3egv__B1_Q5SLP6,0.6297285693049203,0.5,False
2g9w__A1_P9WMJ5--2g9w__B1_P9WMJ5,0.7454782624813487,0.49978869519281566,True
2afv__A1_Q8EXP7--2afv__B1_Q8EXP7,0.7922615280222478,0.5,True
7w93__A1_A0A140N873--7w93__A2_A0A140N873,0.863533267245109,0.5,True
1wl3__B1_Q9X1M1--1wl3__A1_Q9X1M1,0.4947053317707338,0.5,True
4kbx__A1_P45550--4kbx__A2_P45550,0.9130333599897295,0.5,True
8brn__C1_P80366--8brn__A1_P80366,0.9302063562298724,0.5,True
8h5a__A1_P67661--8h5a__B1_P67661,0.49422364559979237,0.5,True
8b4l__B1_D5SK09--8b4l__A1_D5SK09,0.9253335449106801,0.5,True
1nrj__B1_P36057--1nrj__A1_P32916,0.8527705036018727,0.5,False
4rdw__A1_Q9HU77--4rdw__A2_Q9HU77,0.9484173070827426,0.4999902440452091,True
7vpr__A1_Q6FX18--7vpr__B1_Q6FX18,0.48149420966152706,0.5,True
5a6k__A1_A0A0H2US73--5a6k__B1_A0A0H2US73,0.8097364487765754,0.5,True
7ucd__B1_P17535--7ucd__A1_P53539,0.6849982796762948,0.5,False
1qc9__A1_P00642--1qc9__A2_P00642,0.6772209641273977,0.5,True
3ooc__A1_P77239--3ooc__B1_P77239,0.5519463700270448,0.5,True
8pm1__A1_B8GAY9--8pm1__B1_B8GAY9,0.4979987512190544,0.5,True
1vbg__A1_P11155--1vbg__A2_P11155,0.8255377933028002,0.5,True
4ovo__A1_P67954--4ovo__A2_P67954,0.8048366090848389,0.5,True
2qgs__A1_A0A0H2VIU2--2qgs__B1_A0A0H2VIU2,0.5332153269914235,0.5,True
8bol__A1_Q04609--8bol__A2_Q04609,0.6785356293297893,0.5,True
3mii__B1_Q08914--3mii__A1_Q08914,0.873820448840607,0.5,True
3i23__A1_Q835X4--3i23__B1_Q835X4,0.7978414548463205,0.5,True
3itf__A1_P0AE85--3itf__B1_P0AE85,0.4461397762966368,0.5,True
6mw5__A1_K3WC47--6mw5__A2_K3WC47,0.7203552109713596,0.5,True
5vht__A1_P0A9J8--5vht__B1_P0A9J8,0.9845489232829319,0.5,True
6j6x__B1_P53611--6j6x__A1_Q7Z6K3,0.7959905791708219,0.5,False
4tvb__A1_O32323--4tvb__B1_O32323,0.772404956372056,0.5,True
3jyu__A1_P35123--3jyu__B1_P35123,0.4950136405602251,0.5,True
8dtc__A1_L8GT25--8dtc__B1_L8GT25,0.742550443464409,0.5,True
8fny__A1_O00418--8fny__B1_P0DP23,0.8215184665437616,0.5,False
7v0b__A1_A0A1E7MYN1--7v0b__B1_A0A1E7MYN1,0.6453503142108842,0.5,True
2vvo__A1_P9WKD7--2vvo__B1_P9WKD7,0.5827212299057567,0.5,True
5yjh__A1_Q15063--5yjh__A2_Q15063,0.7844823423234438,0.5,True
2z5e__A1_Q9BT73--2z5e__B1_Q9BT73,0.7326276985966386,0.5,True
1a8l__A1_Q51760--1a8l__A2_Q51760,0.9961429902681307,0.5,True
8h0r__A1_Q9WVJ5--8h0r__B1_Q9WVJ5,0.21583976992440262,0.5,True
2j7j__A1_P03001--2j7j__A2_P03001,0.32239321868116555,0.5,True
7zbg__A1_Q02880--7zbg__A2_Q02880,0.6164489756754967,0.5,True
1rku__A1_Q9I2Y2--1rku__B1_Q9I2Y2,0.9888534554899253,0.5,True
2wvl__A1_Q72K30--2wvl__B1_Q72K30,0.5949347749567013,0.5,True
8ewa__B1_Q9HW02--8ewa__A1_Q9HW02,0.8772900999513703,0.5,True
2ft0__A1_Q8FBQ3--2ft0__B1_Q8FBQ3,0.2960026748642607,0.5,True
2r01__A1_Q8KFI1--2r01__A2_Q8KFI1,0.7073666652554724,0.5,True
8hno__A1_B6YTS4--8hno__B1_B6YTS4,0.9502383152952234,0.5,True
6x88__A1_P52731--6x88__B1_P52731,0.5064841935352667,0.5,True
2x76__A1_Q939Q9--2x76__A2_Q939Q9,0.9499020156379913,0.5,True
7x2p__A1_Q5ZWH7--7x2p__B1_Q5ZWH7,0.4362991808305128,0.5,True
2aeu__A1_Q57622--2aeu__A2_Q57622,0.7044178910165129,0.5,True
5kbg__A1_Q43965--5kbg__B1_Q43965,0.8553995100217642,0.5,True
4p9g__A1_Q9REI7--4p9g__A2_Q9REI7,0.9539537870448315,0.5166342895378705,True
7tcv__A1_Q60932--7tcv__A2_Q60932,0.4800894525723078,0.5,True
7vkb__A1_Q5ZSZ6--7vkb__B1_Q5ZSZ7,0.7521870738188376,0.5,False
7r2p__A1_Q46877--7r2p__A2_Q46877,0.6293460507746222,0.5,True
6ggl__B1_C9K1X5--6ggl__A1_C9K1X5,0.5283677469051262,0.5,True
7yi7__A1_Q9Y251--7yi7__B1_Q9Y251,0.31368353549448813,0.5,True
7yka__B1_Q9Y3D6--7yka__A1_Q9Y3D6,0.26805741397097127,0.5,True
8jea__A1_K1QRB6--8jea__D1_K1QRB6,0.7798429370766663,0.5,True
8huc__C1_A0A0H2Z790--8huc__A1_A0A0H2Z790,0.6330208327063256,0.5,True
5mpr__A1_O15382--5mpr__A2_O15382,0.8133291382016716,0.5,True
4ooj__B1_Q5ZSK6--4ooj__A1_Q5ZSK6,0.630420468336877,0.5,True
8a5v__A1_Q9Y617--8a5v__C1_Q9Y617,0.5997851406890791,0.5,True
3lm2__A1_A9CH74--3lm2__B1_A9CH74,0.6663658748838037,0.5,True
7zwt__A1_P41182--7zwt__A2_P41182,0.09759177190802601,0.5,True
5zwl__B1_Q8DLU1--5zwl__A1_Q8DLG7,0.9525164935924564,0.5,False
6wmz__A1_P23246--6wmz__B1_Q15233,0.49590299741415245,0.5,False
1i4m__A1_P04156--1i4m__A2_P04156,0.27466836687431145,0.5,True
2gjg__A1_Q88EQ6--2gjg__A2_Q88EQ6,0.6902613854744553,0.5,True
4ghm__A1_Q9KTK0--4ghm__B1_Q9KTK0,0.5373706923731753,0.5,True
1tve__A1_P31116--1tve__B1_P31116,0.8834806750662502,0.5,True
3onx__A1_P41697--3onx__B1_P41697,0.47547701106994555,0.5,True
8cp4__A1_Q6LXV7--8cp4__A2_Q6LXV7,0.6832836742161413,0.5,True
1ob9__A1_Q97YX6--1ob9__A2_Q97YX6,0.4355155934815832,0.5,True
7zcc__B1_P46327--7zcc__A1_P46327,0.9601257186277578,0.5079681274900398,True
4kwd__A1_Q9UR08--4kwd__B1_Q9UR08,0.7513100092387996,0.5,True
7wuy__A1_A0A1R3S1W7--7wuy__B1_A0A1R3S1W7,0.7655131309350506,0.5018563742748053,True
5gtw__A1_I3NX86--5gtw__D1_I3NX86,0.9005114832916806,0.5,True
6loh__A1_O15033--6loh__A2_O15033,0.7387717137606638,0.5,True
3a9y__A1_Q68FT9--3a9y__B1_Q68FT9,0.6764714211393992,0.5,True
8ay6__B1_Q9CAJ0--8ay6__A1_A0A067E666,0.7092072614999176,0.5,False
8u5m__A1_Q8TF42--8u5m__F1_Q8TF42,0.9233486606685359,0.5,True
7twa__D1_F8JJ25--7twa__A1_F8JJ25,0.6040278385169726,0.5,True
8fju__B1_P34897--8fju__A1_P34897,0.6669946367206567,0.5,True
1fjj__A1_P12994--1fjj__A2_P12994,0.776047842250877,0.5,True
8iyi__A1_Q6CVU4--8iyi__B1_Q6CVU4,0.5810490307925572,0.5,True
1uus__A1_O00910--1uus__A2_O00910,0.733381198717019,0.5,True
1zt2__A1_Q97Z83--1zt2__C1_Q9UWW1,0.9213653364269696,0.5,False
7uex__A1_Q9H999--7uex__A2_Q9H999,0.8631331458472916,0.5,True
6jqy__A1_P9WF13--6jqy__B1_P9WF13,0.7139613946893529,0.5,True
6l6w__A1_A0A3B6UEU3--6l6w__A2_A0A3B6UEU3,0.8055587389466832,0.5,True
8grj__B1_Q8GQE7--8grj__A1_A0A0H3KLY3,0.7815276478957507,0.5,False
2j0n__B1_P18013--2j0n__A1_P18013,0.5641760326619932,0.5,True
3rq1__A1_D1BN29--3rq1__C1_D1BN29,0.7891262854777159,0.5,True
5ae6__B1_Q92458--5ae6__A1_Q92458,0.7446229771532019,0.5,True
7qi3__A1_W7NDP8--7qi3__C1_W7NDP8,0.7991635490027225,0.5,True
2yve__A1_Q8NMG3--2yve__B1_Q8NMG3,0.8284240814363303,0.5036485648254933,True
5ynx__A1_B2GM84--5ynx__B1_B2GM84,0.6799417236761139,0.5,True
2r6u__A1_Q0S814--2r6u__C1_Q0S814,0.9341935013949667,0.5060381719184904,True
8b6m__A1_Q9H2K2--8b6m__B1_Q9H2K2,0.33414039505880466,0.5,True
3kc2__A1_P36151--3kc2__B1_P36151,0.9070371238070617,0.5,True
3vp5__A1_Q9CHR1--3vp5__A2_Q9CHR1,0.5671769005847953,0.5,True
7pvh__A1_B2RLE7--7pvh__B1_B2RLE7,0.4484040805843741,0.5,True
4nqf__B2_Q7CW19--4nqf__A1_Q7CW19,0.8936090210749625,0.5,True
1vjh__A1_P0C0B0--1vjh__B1_P0C0B0,0.5621805542958956,0.5,True
5xw4__B1_Q00684--5xw4__A1_Q00684,0.4319285507957899,0.5,True
8aai__A1_O00560--8aai__C1_O00560,0.6440050042829448,0.5,True
4xdl__A1_P57789--4xdl__B1_P57789,0.7695177449001693,0.5,True
6ukl__A1_P0A901--6ukl__F1_P0A901,0.21790878652272094,0.5,True
5dot__A1_P31327--5dot__B1_P31327,0.873201486847269,0.5,True
5by4__A1_P0ABV6--5by4__A2_P0ABV6,0.9230237306971671,0.5,True
7zxs__A1_Q86TI2--7zxs__C1_Q86TI2,0.7050969169116633,0.5,True
1v6u__A1_Q7SI98--1v6u__B1_Q7SI98,0.55279562935387,0.5,True
6e27__A1_Q9H257--6e27__B1_Q9H257,0.1707215359486719,0.5,True
7szd__A1_Q96S44--7szd__B1_Q9Y3C4,0.951586689682225,0.5,False
1h9r__A1_P0A9G8--1h9r__B1_P0A9G8,0.38573132668651106,0.5,True
3on6__A1_A7M0J6--3on6__B1_A7M0J6,0.7805209496818203,0.5,True
8fwy__A1_Q4DGA2--8fwy__B1_Q4DGA2,0.4610311331786674,0.5,True
1yu6__A1_P00780--1yu6__C1_P68390,0.8614272174986193,0.5,False
6ek1__A1_A0A452CST7--6ek1__A2_A0A452CST7,0.8976964206002672,0.5,True
6ckj__A1_P0A0Z8--6ckj__A2_P0A0Z8,0.8504494203997036,0.5,True
1w33__A1_O50957--1w33__B1_O50957,0.34815787132793746,0.5,True
4usk__B1_H7C745--4usk__B2_H7C745,0.3964610786010118,0.5,True
6cmv__B1_Q4J9G1--6cmv__A1_Q4J9G1,0.9455972119073853,0.5,True
7y70__A1_F4KCC2--7y70__A2_F4KCC2,0.5498088067106351,0.5,True
3cwx__A1_P94837--3cwx__B1_P94837,0.8739636653362498,0.5,True
3p1y__A1_O29362--3p1y__B1_O29362,0.7527268381415548,0.5,True
8a8i__A1_Q9R9V9--8a8i__B1_Q9R9V9,0.8090760870547863,0.5,True
5d1l__A1_P62837--5d1l__B1_Q96BH1,0.7337113093913166,0.5,False
8og3__A1_P38489--8og3__B1_P38489,0.7799450770757779,0.5,True
4neh__A1_P20702--4neh__B1_P05107,0.6183617139161034,0.5,False
2prv__A1_O34596--2prv__B1_O34596,0.729098432892165,0.5,True
6kvn__A1_A0A1S4CVP6--6kvn__A2_A0A1S4CVP6,0.6506120640435246,0.5,True
5tgq__A1_A0A1S4NYF7--5tgq__A2_A0A1S4NYF7,0.9289823445163251,0.5,True
6b3i__A1_P27216--6b3i__B1_P27216,0.5128227925032636,0.5,True
1rqn__A1_O31156--1rqn__B1_O31156,0.9181870228005273,0.5,True
7tcr__A1_A0A2D2D5M1--7tcr__D1_A0A2D2CY73,0.9167967301294816,0.5,False
5l7z__A1_P28750--5l7z__A2_P28750,0.7110786398190749,0.5,True
7ljh__A1_Q769D3--7ljh__B2_Q769D3,0.8403885049516736,0.5,True
5frk__A1_D4I047--5frk__B1_D4I047,0.6270696876247759,0.5,True
7xmw__B1_U2Q5N5--7xmw__A1_U2Q5N5,0.3679571366453676,0.5,True
7w2o__A1_Q9HZP1--7w2o__B1_Q9HZP1,0.8446419366158143,0.5,True
7uay__A1_P08684--7uay__A2_P08684,0.997431414997284,0.5,True
5czf__D1_A0A0H3JHG3--5czf__A1_Q8XAD5,0.4979743429477407,0.5,False
2p6p__A1_Q9RPA7--2p6p__B1_Q9RPA7,0.5913532019069223,0.5,True
4u64__A1_Q5ZXA3--4u64__A2_Q5ZXA3,0.9190937422010221,0.5,True
7qbm__A1_P43235--7qbm__B1_P43235,0.42383532575582494,0.5,True
3nvm__A1_Q8U4M1--3nvm__B1_Q8U4M2,0.8998815607181314,0.5,False
3wws__A1_Q13188--3wws__D1_Q13188,0.8801563126354841,0.5,True
4c87__A1_F9UMG7--4c87__B1_F9UMG7,0.8509331483184446,0.5,True
2d7e__A1_P17888--2d7e__B1_P17888,0.41450424403060204,0.5,True
7xro__A1_Q9RQ20--7xro__B1_Q9RQ20,0.5040240739933106,0.5,True
5yrj__A1_B6F0T7--5yrj__B1_A0A2Z5V8U8,0.8072553224373091,0.5,False
6yev__C1_P0A744--6yev__A1_P0AA25,0.9070560349188455,0.5,False
8glr__A1_Q8ZJX7--8glr__A2_Q8ZJX7,0.648009842312276,0.5,True
5fwt__A1_Q96MU8--5fwt__A2_Q96MU8,0.5800107936957548,0.5,True
4e6s__A1_Q3URR7--4e6s__A2_Q3URR7,0.5229250492066786,0.5,True
8enb__B1_A7DT38--8enb__A1_A0T3A2,0.6282205589905814,0.5,False
8h4p__A1_I1S104--8h4p__B1_I1S104,0.9176502688195467,0.5,True
7yo8__A1_P60520--7yo8__A2_P60520,0.7512469742536492,0.5,True
8elf__B1_Q6DYE4--8elf__A1_Q6DYE4,0.613089371586331,0.5,True
1ax2__A1_P16404--1ax2__A2_P16404,0.47242266568267155,0.5,True
8i33__C1_A0A6Q8PFJ0--8i33__A1_A0A6Q8PFJ0,0.8884327930415166,0.5,True
3q9l__A1_P0AEZ3--3q9l__B1_P0AEZ3,0.6422586754969027,0.5,True
2yk4__A1_P72097--2yk4__A2_P72097,0.2913727618237675,0.5,True
7u5f__C1_Q9HTM2--7u5f__A1_Q9HTM2,0.9229835355902848,0.5,True
5xt3__B1_A0A0U1MUE2--5xt3__A1_A0A0U1MUE2,0.6571147985463286,0.5,True
5iws__A1_Q63GK8--5iws__A2_Q63GK8,0.7578062304647226,0.5,True
2owl__A1_P36767--2owl__B1_P36767,0.7500835556193396,0.5,True
8bca__A1_O75643--8bca__B1_Q6P2Q9,0.7964722293512129,0.5,False
3mcb__B1_P20290--3mcb__A1_Q13765,0.6326997877535812,0.5,False
8gy8__A1_Q8TZT0--8gy8__B1_Q8TZT0,0.7704023984360603,0.5,True
8dkd__A1_G7CIP4--8dkd__A2_G7CIP4,0.9060678199227635,0.5,True
7dus__A1_P08965--7dus__A2_P08965,0.07254189782709201,0.5,True
8gb1__A1_Q9Y3Z3--8gb1__B1_Q9Y3Z3,0.4171747870458531,0.5,True
6ikj__A1_Q9I4L6--6ikj__B1_Q9I4L6,0.6765228336406184,0.5,True
8b2q__A1_D0EM77--8b2q__B1_G8UM88,0.5821394470947885,0.5,False
5x42__A1_Q5ZYB7--5x42__B1_Q5ZYC6,0.7503739654369349,0.5,False
1vkh__A1_Q04066--1vkh__B1_Q04066,0.9567452777467308,0.5,True
5omd__A1_Q04377--5omd__A2_Q04377,0.9644955042925804,0.5,True
2vsg__A1_P26329--2vsg__B1_P26329,0.4976468674877004,0.5,True
1jql__A1_P0A988--1jql__B1_P28630,0.9051509177200057,0.5,False
1w9c__A1_O14980--1w9c__B1_O14980,0.10424413191706,0.5,True
3upl__A1_Q2YIM3--3upl__B1_Q2YIM3,0.9329792273218738,0.5,True
3tm2__A1_Q83XN4--3tm2__B1_Q83XN4,0.7194452381596168,0.5,True
3kxa__A1_Q5F9C2--3kxa__B1_Q5F9C2,0.8093142930657403,0.49991423302886057,True
7yls__B1_C5CSP6--7yls__A1_C5CSP7,0.8663208833015468,0.5,False
7psg__A1_Q6D515--7psg__B1_Q6D515,0.6705244855979087,0.5,True
8pte__A1_P00698--8pte__A2_P00698,0.6612683268234192,0.5,True
7ykc__A1_P14843--7ykc__B1_P14843,0.870941249634182,0.5,True
3wxe__A1_E7FEV5--3wxe__B1_P0CG48,0.35042209989470047,0.5,False
2vjf__A1_Q00987--2vjf__B1_O15151,0.4897013877129639,0.5,False
7pvo__A1_P56137--7pvo__A2_P56137,0.551980259914274,0.5,True
3kkd__A1_Q9HXU1--3kkd__A2_Q9HXU1,0.5071755528399822,0.5,True
3mph__A1_P19801--3mph__B1_P19801,0.858929808245244,0.5,True
6jc4__A1_A6TE44--6jc4__D1_A6TE44,0.44620506641993557,0.5,True
2rf4__A1_P46669--2rf4__B1_P50106,0.5419521490396998,0.5,False
4huz__A1_Q9ZBB0--4huz__A2_Q9ZBB0,0.5929179435080019,0.5,True
5gtj__B1_Q9BV47--5gtj__A1_Q9BV47,0.40487943596050396,0.5,True
2xw7__A1_A0QP85--2xw7__B1_A0QP85,0.5995412962156645,0.5,True
6l6h__A1_Q5ZZ22--6l6h__B1_Q5ZZ22,0.7835257072223777,0.5,True
8p7m__A1_P0A434--8p7m__A2_P0A434,0.8921339116359925,0.5,True
6gou__A2_P97275--6gou__C1_P97275,0.5472228531136892,0.5,True
2wwo__A1_Q66ED7--2wwo__B1_Q66ED7,0.5881511898283283,0.5,True
8i3n__A1_Q12178--8i3n__C1_Q12178,0.9043027157330091,0.5,True
1s7i__A1_Q9I3Z5--1s7i__A2_Q9I3Z5,0.6187145200106517,0.5,True
3szw__A1_B7JBP8--3szw__A2_B7JBP8,0.8745589170049086,0.5,True
2nys__A1_Q8U561--2nys__B1_Q8U561,0.664258741616443,0.5,True
3gr5__A1_O52135--3gr5__A2_O52135,0.6297007332166564,0.5,True
3ded__A1_Q7P1I2--3ded__B1_Q7P1I2,0.5554552775302948,0.5,True
5b5x__A1_Q75NZ1--5b5x__A2_Q75NZ1,0.5339368976251648,0.5,True
7qga__A1_P21589--7qga__A2_P21589,0.8191928747745086,0.5,True
3sd2__A1_Q8A1T7--3sd2__A2_Q8A1T7,0.6896018868974729,0.5,True
8ow9__A1_G8UQH9--8ow9__B1_G8UQH9,0.9193928594239631,0.5,True
3bcw__B1_A0A0H3LK92--3bcw__A1_A0A0H3LK92,0.7353402735638161,0.5,True
6duy__A1_Q61301--6duy__B2_Q61301,0.5108683754743789,0.5,True
5zyf__A1_Q99ZW0--5zyf__B1_Q99ZW0,0.6810623432701721,0.5,True
2b7o__A1_O53512--2b7o__B1_O53512,0.7101789939707144,0.5,True
1v57__A1_P77202--1v57__A2_P77202,0.6404788516295494,0.5,True
7cov__A1_Q06801--7cov__A2_Q06801,0.8946701894939295,0.5,True
6ign__A1_Q61768--6ign__A2_Q61768,0.8915480183919021,0.5,True
3be5__A1_Q8XBR1--3be5__B1_Q8XBR1,0.677411589256792,0.5,True
4hn3__B1_Q8Y6D1--4hn3__A1_Q8Y6D1,0.819133443690059,0.5,True
4o8y__A1_Q08723--4o8y__B1_P43588,0.709744701557369,0.5,False
7uoi__A1_A0A1S8KJG1--7uoi__A2_A0A1S8KJG1,0.910418302722297,0.5,True
7vma__A1_C5A758--7vma__A2_C5A758,0.7469710857104628,0.5,True
7d9m__A1_A0A4D6NYT7--7d9m__B2_A0A4D6NYT7,0.7182665658856134,0.5,True
2py8__C1_Q55670--2py8__B1_Q55670,0.846402045825868,0.5,True
7ytl__A1_E1BR24--7ytl__A2_E1BR24,0.5316678272476074,0.5,True
7vxt__A1_Q63W52--7vxt__B1_Q63W52,0.5361133432497279,0.5,True
5cv3__A1_E3M3V1--5cv3__A2_E3M3V1,0.5512574407337012,0.5,True
8c9v__A1_Q1JXV1--8c9v__A2_Q1JXV1,0.9623640673258793,0.5,True
3tsn__A1_Q9PN58--3tsn__B1_Q9PN58,0.6502652648116257,0.5,True
8j51__A1_A0A0E9MUN5--8j51__B1_A0A0E9MUN5,0.8826010402640028,0.5,True
6cz9__A1_Q7WTU0--6cz9__B1_Q7WTT9,0.8266785260392661,0.5,False
8pzo__A1_F9UT68--8pzo__A2_F9UT68,0.6120933377294944,0.5,True
3tqg__B1_Q83DG4--3tqg__A1_Q83DG4,0.6890380675673006,0.5,True
7czg__C1_Q8TDY2--7czg__A1_Q8TDY2,0.6243956673249932,0.5,True
7eev__B1_A0A3D9R4E8--7eev__A1_A0A3D9R4E8,0.5994865063040852,0.5,True
8ori__A1_Q2KB35--8ori__B1_Q2KB35,0.8060085866253384,0.5,True
7o6z__A1_A0A7R8L7W4--7o6z__B1_A0A7R8L7W4,0.8442970393501114,0.5,True
8pmr__A1_Q4WL81--8pmr__B1_Q4WL81,0.49548051093942547,0.5,True
7u34__A1_Q4X1J1--7u34__A2_Q4X1J1,0.7707731798201002,0.5,True
3fmy__A1_Q46864--3fmy__A2_Q46864,0.9188109275761902,0.5,True
7f0o__B1_A0A2I1C3W8--7f0o__A1_A0A2I1C3W8,0.9327942884031429,0.5,True
3ojm__B1_P21802--3ojm__A1_P05230,0.4888913397288318,0.5,False
6xgz__A1_P63386--6xgz__B1_P64602,0.7553225897744823,0.5,False
7x2y__A1_A0A076PYH9--7x2y__B1_A0A076PYH9,0.9833855334866525,0.5037846221377994,True
5i4h__B1_P07711--5i4h__A1_P07711,0.21445579482066418,0.5,True
4e6h__A1_Q6CII8--4e6h__A2_Q6CII8,0.8288989996969983,0.5,True
6x7p__A1_Q8GGP1--6x7p__A2_Q8GGP1,0.5039678685721195,0.5,True
3exq__A1_Q03S37--3exq__A2_Q03S37,0.5830522522301284,0.5,True
2qvc__A1_Q9WXW9--2qvc__B2_Q9WXW9,0.9646511429513649,0.5,True
6yoa__A1_O82015--6yoa__B1_O82015,0.47562803329393716,0.5,True
7qnm__A1_G0L7V6--7qnm__B1_G0L7V6,0.9623058178233145,0.5,True
3p8v__A1_Q9V228--3p8v__B1_Q9V228,0.5793223920779729,0.5,True
4re1__A1_P28347--4re1__D1_P46937,0.23490672192809667,0.5,False
8iw5__A1_Q8C8U0--8iw5__B1_Q8C8U0,0.7765606021033512,0.5,True
7sq2__B1_Q01970--7sq2__A1_P21279,0.7330190974322471,0.5,False
4lqx__B1_Q97VD2--4lqx__A1_Q97VD2,0.5639421025097402,0.5,True
3owf__A1_P00644--3owf__A2_P00644,0.42199219748649863,0.5,True
2dpl__A1_O59072--2dpl__B1_O59072,0.9176912458120576,0.5,True
4ap5__A1_Q9Y2G5--4ap5__B1_Q9Y2G5,0.6936334286969836,0.5,True
8evy__A1_Q9LCT6--8evy__A2_Q9LCT6,0.47955100500544684,0.5,True
5npo__A1_P62593--5npo__B1_D3INY1,0.7371389066602341,0.5,False
5uhs__A1_B0SR19--5uhs__B1_B0SR19,0.5444767412922942,0.5,True
4hsl__A1_Q1LCS4--4hsl__A2_Q1LCS4,0.5665787371308844,0.5,True
8b3s__A1_O31597--8b3s__B1_A0A164W157,0.8205825757684244,0.5,False
5euv__A1_D1LZK0--5euv__B1_D1LZK0,0.6734536561738121,0.5,True
7tmg__A1_A0A0H3GLR2--7tmg__B1_A0A0H3GLR2,0.8413127644887303,0.5,True
7tgn__B1_A0A1Q5L7T0--7tgn__A1_A0A1Q5L7T0,0.6121994468287613,0.5,True
4fz2__A1_C7DIA5--4fz2__B1_C7DIA5,0.5133723853754286,0.5,True
6j2l__A1_P37793--6j2l__B1_P37793,0.6024029188804423,0.5,True
5grk__A1_Q89XR0--5grk__B1_Q89XR0,0.8958287171585652,0.5040650406504065,True
3qxs__A1_O24872--3qxs__A2_O24872,0.9721386261304338,0.5,True
8q3y__A1_E8URK0--8q3y__B1_E8URK0,0.8088341195366727,0.5,True
1pyb__A1_O66738--1pyb__B1_O66738,0.7432809147526664,0.5,True
7yto__A1_Q9RHU9--7yto__B1_Q9RHU9,0.6805801282907182,0.5,True
5vae__A1_Q9AET9--5vae__B1_Q9AET7,0.8712104921601703,0.5,False
1zrs__A1_Q9HTZ1--1zrs__B1_Q9HTZ1,0.8193214640264403,0.5,True
2cg5__A1_Q9NRN7--2cg5__B1_P49327,0.6957321085755244,0.5,False
4yk8__B1_O36019--4yk8__A1_O13978,0.5614231873375816,0.5,False
2iml__A1_O28442--2iml__C1_O28442,0.6723163508423424,0.5,True
6iru__A1_Q9RVF9--6iru__A2_Q9RVF9,0.911282087504916,0.5,True
4x36__A1_P06653--4x36__A2_P06653,0.9505789963497763,0.5,True
8iev__A1_Q0PAW2--8iev__B1_Q0PAW2,0.6971833331837639,0.5,True
3cyg__A1_A7HM60--3cyg__B1_A7HM60,0.6362422586520947,0.5,True
5kvr__A1_P0ACL9--5kvr__A2_P0ACL9,0.8828308765718491,0.5,True
1na8__A1_Q9UJY5--1na8__B1_Q9UJY5,0.3845833361135448,0.5,True
5fis__A1_H9IUR0--5fis__B1_H9IUR0,0.6489644445117622,0.5,True
5yo8__A1_A0A094YZ24--5yo8__B1_A0A094YZ24,0.9013906336331007,0.5,True
7z6m__A1_A0A0H3LM39--7z6m__A2_A0A0H3LM39,0.8224189614728669,0.5,True
2yxd__A1_Q57836--2yxd__B1_Q57836,0.9124221660081984,0.5,True
1aua__A1_P24280--1aua__A2_P24280,0.964201433241681,0.5,True
7zw3__A1_P27338--7zw3__B1_P27338,0.8270387703208737,0.5,True
5xjx__I1_C0LGW6--5xjx__A1_Q9SSD1,0.43620344456476723,0.5,False
7xub__A1_Q96KQ7--7xub__B1_Q96KQ7,0.5193121110181407,0.5,True
5xlu__A1_Q65KZ6--5xlu__B1_A9YTT0,0.3294402932843238,0.5,False
8smq__A1_Q182N1--8smq__B1_Q182N1,0.2999594171629533,0.5,True
8eni__A1_A0A0H3JRH8--8eni__A2_A0A0H3JRH8,0.6616291277685349,0.5,True
1q77__A1_O66565--1q77__B1_O66565,0.4216935439484837,0.5,True
6nbp__A1_A0A4P1LYI6--6nbp__A2_A0A4P1LYI6,0.9633462130363556,0.5,True
4wu2__A1_Q7WUJ1--4wu2__B1_Q7WUJ1,0.9095004428623952,0.5,True
2nvn__A1_Q31MH7--2nvn__A2_Q31MH7,0.48918254225862023,0.5,True
3zyh__A1_Q05097--3zyh__B1_Q05097,0.8474258425678708,0.5,True
8a21__A1_A0QJI1--8a21__A2_A0QJI1,0.9301106536587668,0.5,True
8ho2__A1_A0A191T7N6--8ho2__B1_A0A191T7N6,0.5172205975508863,0.5,True
2j8q__A1_O43809--2j8q__B1_O43809,0.7421982216776221,0.5,True
1cx8__A1_P02786--1cx8__B1_P02786,0.7621205782424757,0.5,True
5zfk__A1_Q31LX1--5zfk__B1_Q31LX1,0.8767516258949679,0.5,True
2qti__A1_Q8EF26--2qti__A2_Q8EF26,0.8230565128137656,0.5042735042735043,True
5djo__B1_Q9EQW7--5djo__A1_Q9EQW7,0.32182775813307213,0.5,True
1kve__B1_P19972--1kve__A1_P19972,0.28645683324531945,0.5,True
4kjq__A1_P37019--4kjq__B1_P37019,0.7712124936809095,0.5,True
8qyw__A1_Q9NVS9--8qyw__A2_Q9NVS9,0.4987093221389829,0.5,True
2ev4__A1_P9WMU9--2ev4__B1_P9WMU9,0.8315971070852213,0.5,True
4m1j__A1_Q9I194--4m1j__B1_Q9I194,0.30195345038656707,0.5,True
8bj3__A1_A0A072U7F9--8bj3__B1_A0A072U7F9,0.8693066097567055,0.5,True
5fcl__A1_Q6D0X0--5fcl__B1_Q6D0X0,0.6115426920120968,0.5,True
2evr__A1_B2J9B4--2evr__A2_B2J9B4,0.587616202013987,0.5,True
4ftw__A1_Q3J2V1--4ftw__A2_Q3J2V1,0.6865957038671846,0.5,True
2q6q__B1_P36094--2q6q__A1_P36094,0.7328773277403853,0.5,True
8hx8__A1_Q6L8Q5--8hx8__B1_Q6L8Q5,0.8943717443111607,0.5,True
7zgn__A1_U6RE59--7zgn__B1_U6RE59,0.7056940946620203,0.5,True
7fiw__A1_B3CP63--7fiw__B1_Q73HD5,0.6154541934207308,0.5,False
4xd9__A1_C8VMF9--4xd9__B1_Q5B6T5,0.7326166889702197,0.5,False
3dme__A1_Q7VU70--3dme__B1_Q7VU70,0.5739196567002961,0.5,True
8d0m__A1_P28907--8d0m__A2_P28907,0.7949200137228244,0.5,True
2w6a__A1_Q9Z272--2w6a__B1_Q9Z272,0.9457529819802736,0.5,True
6oje__B1_Q5S007--6oje__A1_Q5S007,0.17367887311552985,0.5,True
7mu0__A1_P9WQK3--7mu0__B1_P9WQK3,0.19631397138672327,0.5,True
4az3__A1_P10619--4az3__B1_P10619,0.2655296192675467,0.5,True
7ug8__B1_Q0I6F8--7ug8__A1_Q0I6F8,0.5344488922662318,0.5,True
6mxv__B1_Q5NFU2--6mxv__A1_Q5NFU2,0.5501193688351392,0.5,True
8ug3__B1_P50053--8ug3__A1_P50053,0.7976967123463939,0.5,True
4atm__A1_P49418--4atm__A2_P49418,0.7678601054881081,0.5,True
7x6f__B1_P0AD45--7x6f__A1_P0AD45,0.8669618851184143,0.5,True
5n0s__B1_A0A2R2JFI5--5n0s__A1_A0A2R2JFI5,0.6192115672493117,0.5,True
6m9g__A1_Q5D6Y4--6m9g__B2_Q5D6Y4,0.8924500303913883,0.5,True
7zvz__A1_G1UBD5--7zvz__B1_G1UBD5,0.5942728946117164,0.5,True
3b5m__B1_Q7UTD8--3b5m__A1_Q7UTD8,0.6179447885803572,0.5,True
6v0a__B1_B3E641--6v0a__A1_B3E641,0.9431415013836977,0.5,True
3bpj__C1_O75822--3bpj__A1_O75822,0.8659840709896993,0.5,True
7y51__A1_Q8RBF4--7y51__A2_Q8RBF4,0.5507580492159699,0.5,True
6zef__A1_P62136--6zef__C1_Q9C0D0,0.6771328923616161,0.5,False
6u11__A1_A0A1L8HDP6--6u11__A2_A0A1L8HDP6,0.4740356797552665,0.5,True
8i5w__A1_Q8BZN6--8i5w__B1_P63000,0.8280859636401594,0.5,False
3rv1__B1_A7TR32--3rv1__A1_A7TR32,0.74484140130278,0.5,True
4k3z__A1_Q8YCV0--4k3z__A2_Q8YCV0,0.9326099599718232,0.5,True
5v5t__A1_Q830T5--5v5t__D1_Q830T5,0.7084626151707403,0.5,True
6fp5__B1_Q960Q9--6fp5__A1_Q960Q9,0.3055190186032928,0.5,True
3isx__A1_Q9X0E0--3isx__A2_Q9X0E0,0.48971777325013016,0.5,True
2vkj__A1_Q9X1W9--2vkj__B1_Q9X1W9,0.8922308389188599,0.5,True
5csr__D1_Q9HLB6--5csr__A1_Q9HLB6,0.6932233055194967,0.5,True
1iq8__A1_O58843--1iq8__B1_O58843,0.5847554837586258,0.5,True
3tbm__A1_Q8XVB9--3tbm__B1_Q8XVB9,0.46461646388795497,0.5,True
7tur__B1_P00503--7tur__A1_P00503,0.9170762663790226,0.5,True
3vol__A1_Q9I6V6--3vol__A2_Q9I6V6,0.8378469871503473,0.5,True
3jqz__A1_P02768--3jqz__B1_P02768,0.8291804479350499,0.5,True
1vkd__A1_Q9X0V2--1vkd__B1_Q9X0V2,0.6668650083442963,0.5,True
8b31__B1_A0A2W4LV58--8b31__A1_A0A2W4LV58,0.8112768694093115,0.5,True
7bzk__A1_Q9SJ89--7bzk__B1_Q6NPF9,0.3088915056682101,0.5,False
3cgh__A1_Q8A0N7--3cgh__A2_Q8A0N7,0.8285742854789199,0.5,True
5vlb__A1_G7IKX3--5vlb__B1_G7IKX3,0.8354538835409444,0.5,True
2oer__B1_Q9I3U1--2oer__A1_Q9I3U1,0.43491664537542063,0.5,True
2ylz__A1_Q47PU3--2ylz__A2_Q47PU3,0.6519750576093342,0.5,True
8bjp__B1_A0A1W6VSR4--8bjp__A1_A0A1W6VSR4,0.8601340749241347,0.5,True
6kcx__A1_Q9WZL1--6kcx__A2_Q9WZL1,0.8183164996271219,0.5,True
4q69__A1_Q8A5I0--4q69__B1_Q8A5I0,0.9305937557249098,0.5,True
7xmj__C1_A9QSE8--7xmj__A1_A9QSE8,0.6661776595623328,0.5,True
1pix__A1_Q06700--1pix__B1_Q06700,0.7657083867184185,0.5,True
3l8i__B1_Q9BUL8--3l8i__A1_Q9BUL8,0.6803735906405814,0.5,True
6l2u__A1_Q27RN2--6l2u__B1_Q27RN2,0.2717392730214333,0.5,True
6sl2__A1_C4LWU6--6sl2__A2_C4LWU6,0.6075050778305132,0.5,True
1u6z__B1_P0AFL6--1u6z__A1_P0AFL6,0.8306528890024281,0.5,True
3pm9__A1_Q6NAV4--3pm9__B1_Q6NAV4,0.7531685793853891,0.5,True
3a5y__B1_P0A8N7--3a5y__A1_P0A8N7,0.6989639737818132,0.5,True
6bn1__B1_Q9VCR6--6bn1__A1_Q8T0S6,0.5124582854167119,0.5,False
8ji6__A1_A0A861B387--8ji6__B1_A0A861B387,0.7870403367069376,0.5,True
2pjs__A1_A9CIG0--2pjs__B1_A9CIG0,0.9371274567906862,0.4999622470552703,True
8ke8__A1_Q9HXS0--8ke8__B1_Q9HXS0,0.4329847191315933,0.5,True
3h7l__A1_Q87LX4--3h7l__A2_Q87LX4,0.5747263352172889,0.5,True
7zs8__A1_A0A1D3HIT0--7zs8__B1_A0A1D3HIT0,0.5976762324532923,0.5,True
2vc4__A1_P02879--2vc4__A2_P02879,0.38303047428944387,0.5,True
1xe8__B1_Q03629--1xe8__A1_Q03629,0.7423592854839909,0.5,True
7tn6__A1_Q84Y01--7tn6__A2_Q84Y01,0.43624011671686747,0.5,True
7yo6__A1_G8GLP2--7yo6__A2_G8GLP2,0.9502253788703598,0.5,True
8k76__A1_Q8R6D8--8k76__B1_Q8R6D8,0.6217827708223164,0.5,True
1vgx__B1_Q9RRU8--1vgx__A1_Q9RRU8,0.6430462045608232,0.5,True
3cet__B1_Q6M145--3cet__A1_Q6M145,0.8419298887251241,0.5,True
4zlh__B1_P0AB60--4zlh__A1_P0AB60,0.43531709867326307,0.5,True
2y84__A1_Q7WT50--2y84__E1_Q7WT50,0.9309395249705961,0.5,True
4me9__A1_Q736B0--4me9__B1_Q736B0,0.832002927225496,0.5,True
2z51__A1_Q93W20--2z51__A2_Q93W20,0.42954795841408344,0.5,True
8ajq__A1_Q9I0C0--8ajq__B1_Q9I0C0,0.7764733438386939,0.5,True
3gdm__A1_P03962--3gdm__B1_P03962,0.8731786871122715,0.5,True
7yfj__A2_Q15007--7yfj__B1_Q15007,0.8878469222578875,0.5,True
2rkl__F1_Q06263--2rkl__E1_Q06263,0.7474754107101779,0.5,True
8cwp__A1_Q06282--8cwp__A2_Q06282,0.32639103446097734,0.5,True
5j1l__B1_O26069--5j1l__A1_O26068,0.7120672753132291,0.5,False
6j26__A1_Q5JIZ3--6j26__B1_Q5JIZ3,0.8015281450098957,0.5,True
6jqv__A1_Q8LC68--6jqv__B1_Q8LC68,0.5862496165512472,0.5,True
2ns9__A1_Q9Y9R3--2ns9__B1_Q9Y9R3,0.7946402523364807,0.5,True
5l8s__A1_E1VFE0--5l8s__C1_E1VFE0,0.8977330088654892,0.5,True
6zrw__A1_B3VS76--6zrw__B1_B3VS76,0.5490086305619756,0.5,True
5fcn__B1_Q66GS9--5fcn__A1_Q66GS9,0.7200599887211969,0.5,True
7vl1__A1_I0AIT9--7vl1__B1_I0AIT9,0.6814803450649762,0.5,True
2rek__B2_Q9ADD9--2rek__A1_Q9ADD9,0.7830762456229169,0.5,True
2zrt__A1_O75340--2zrt__B1_O75340,0.6799098943296038,0.5,True
2f1m__A1_P0AE06--2f1m__B1_P0AE06,0.6237699120798195,0.5,True
3t5t__B1_Q15JG1--3t5t__A1_Q15JG1,0.9235803431693099,0.5,True
4z9r__B1_Q8EGK4--4z9r__A1_Q8EGK4,0.8461988764208299,0.5,True
2oze__A1_Q57280--2oze__A2_Q57280,0.6588628076957757,0.5,True
1x6m__A1_Q51669--1x6m__D1_Q51669,0.45121994499157125,0.5,True
4pfc__A1_P14735--4pfc__B1_P14735,0.8943545281109713,0.5,True
6byi__A1_Q8PI23--6byi__B1_Q8PI23,0.6352132981842395,0.5,True
3aaa__A1_P13127--3aaa__B1_P14315,0.9518994676110605,0.5,False
1xgm__A1_P56218--1xgm__B1_P56218,0.6363747257801996,0.5,True
5mrv__A1_Q8IVL8--5mrv__C1_P86912,0.7665313612422546,0.5,False
1vhq__A1_P0ABU5--1vhq__B1_P0ABU5,0.7372387908837487,0.5,True
2pqv__B1_A0A0H2UMZ7--2pqv__A1_A0A0H2UMZ7,0.6008927916024371,0.5,True
8pq4__A1_P69782--8pq4__A2_P69782,0.8699517503772822,0.511510829595936,True
8a14__A1_A0A0D1E4Q7--8a14__C2_A0A0D1E4Q7,0.6984880039774599,0.5,True
1dtd__A1_P48052--1dtd__B1_P81511,0.6252381285894383,0.5,False
3c6n__B1_Q570C0--3c6n__A1_Q39255,0.785176094621034,0.5,False
3ctz__A1_Q9NQW7--3ctz__A2_Q9NQW7,0.7253771851924129,0.5,True
1wab__A1_Q29460--1wab__A2_Q29460,0.5399975055437456,0.5,True
1zl5__A1_Q00496--1zl5__B1_Q00496,0.8315584700441747,0.5,True
5dbj__A1_Q4KCZ0--5dbj__A2_Q4KCZ0,0.8955950119328493,0.5,True
7qsq__B1_Q9X053--7qsq__A1_Q9X053,0.27279492610794787,0.5,True
7duc__B1_Q2G2U4--7duc__A1_Q2G2U4,0.7367576063390366,0.5,True
2cdu__A1_Q9F1X5--2cdu__B1_Q9F1X5,0.8855492445837758,0.5,True
8g0f__A1_Q6NK15--8g0f__B1_Q6NK15,0.679421271661331,0.5,True
8a45__B1_B7V7R4--8a45__A1_B7V7R4,0.7373723315263092,0.5,True
6no3__A1_B3FHP0--6no3__B1_B3FHP0,0.6109013391284979,0.5,True
3g7p__A1_B7JA91--3g7p__A2_B7JA91,0.8357254534083802,0.5,True
8khq__A1_A0A1I5R890--8khq__C1_A0A1I5R890,0.8156085207783342,0.5,True
7owz__B1_Q9JMA2--7owz__A1_B8ZXI1,0.970865816539056,0.5,False
6dk7__D1_Q9HUV7--6dk7__A1_Q9HUV7,0.9032147287793925,0.5,True
5t3v__B1_Q9Y2C4--5t3v__A1_Q9Y2C4,0.7458791628104675,0.5,True
8f2l__A1_P9WJY9--8f2l__B1_P9WJY9,0.8810270709578587,0.5,True
8h1l__B1_A0A7U4E834--8h1l__A1_A0A7U4E834,0.6030998332190453,0.5,True
1nye__A1_P0C0L2--1nye__B1_P0C0L2,0.9099429872675219,0.5,True
2ou6__A1_Q9RVG4--2ou6__A2_Q9RVG4,0.37761578947368424,0.5,True
6hp3__A1_O31927--6hp3__B1_O31927,0.8107313206224045,0.5,True
8hs0__A1_Q9LIR4--8hs0__A2_Q9LIR4,0.6018283818265331,0.5,True
6gz1__A1_P10151--6gz1__A2_P10151,0.2806124023876849,0.5,True
8pbu__A1_P27708--8pbu__A2_P27708,0.7972987510250372,0.5,True
7p0h__A1_O26008--7p0h__C1_O26008,0.862063766208844,0.5,True
5b3g__B1_Q9SZF7--5b3g__A1_Q9M384,0.6230721341984427,0.5,False
7vzy__B1_Q84G19--7vzy__A1_Q84G19,0.9425877181908465,0.5,True
2q3t__A1_Q9LUJ3--2q3t__A2_Q9LUJ3,0.7488499746302516,0.5,True
7pt0__A1_Q9KYU4--7pt0__B1_Q9KYU4,0.32995891725807974,0.5,True
6m09__B1_Q8LDU1--6m09__A1_Q8LDU1,0.6863867816296643,0.5,True
7uxs__B1_J8G6Z1--7uxs__A1_J8G6Z1,0.5315878870031902,0.5,True
2q03__A1_Q12ML0--2q03__B1_Q12ML0,0.7880177233818078,0.5,True
6kcp__B1_Q9VAA9--6kcp__A1_Q9VAA9,0.26659970694259605,0.5,True
6sj4__B1_A0A022MQ12--6sj4__A1_A0A022MQ12,0.8905491882787777,0.5,True
5cyy__A1_P9WG63--5cyy__B1_P9WG63,0.6051480258409803,0.5,True
3tj3__A1_P52294--3tj3__B1_Q9UKX7,0.6516364719699608,0.5,False
3i32__A1_Q72GF3--3i32__A2_Q72GF3,0.9812886631116087,0.5,True
1jk9__B1_P40202--1jk9__A1_P00445,0.564173525085401,0.5,False
4e4w__A1_P38920--4e4w__B1_P14242,0.7435908811051155,0.5,False
5yw5__A1_Q5NII9--5yw5__D1_Q5NII9,0.8383944364374857,0.5,True
3ab8__A1_Q5SLE3--3ab8__B1_Q5SLE3,0.497829988124159,0.5,True
3mxt__A1_Q9PIK2--3mxt__A2_Q9PIK2,0.7368836853632748,0.5,True
1wr8__B1_O50129--1wr8__A1_O50129,0.8763000564567974,0.5,True
7war__B1_A0A1B6PFV1--7war__A1_A0A1B6PFV1,0.8639859412828107,0.5,True
7fn1__B1_P32357--7fn1__A1_P33334,0.6088235397124663,0.5,False
7xl7__A1_A0A2J0R8J6--7xl7__B1_A0A2J0R8J6,0.7163369583037325,0.5,True
8vc5__A1_Q9XCL6--8vc5__B1_Q9XCL6,0.9190329653069991,0.5,True
5jfz__A1_P20605--5jfz__B1_P0ADX5,0.6944964888148845,0.5,False
5g37__B1_P10565--5g37__A1_P06575,0.6500565682081916,0.5,False
2gjx__A1_P06865--2gjx__B1_P07686,0.970393455284992,0.5,False
3aqb__B1_O66129--3aqb__A1_O66127,0.5895319093851132,0.5,False
8q1a__A1_Q16790--8q1a__C2_Q16790,0.6084227297943121,0.5,True
5ez1__B1_P56112--5ez1__A1_P56112,0.8563538947946188,0.5,True
3lwd__A1_Q1QTX1--3lwd__A2_Q1QTX1,0.4792082375644405,0.5,True
8dye__A1_P31040--8dye__B1_Q5VUM1,0.3388136360673446,0.5,False
2ch6__A1_Q9UJ70--2ch6__D1_Q9UJ70,0.7547469659167795,0.5,True
3gpn__A1_P15873--3gpn__A2_P15873,0.9389540797150251,0.5,True
7th0__A1_P31667--7th0__A2_P31667,0.7532328850712291,0.5,True
3k1i__D1_O25709--3k1i__A1_O25448,0.28442624645863057,0.5,False
1vbi__A1_Q53W84--1vbi__A2_Q53W84,0.8784006821142666,0.5,True
2oqb__A1_Q4AE70--2oqb__B1_Q4AE70,0.6826218628960509,0.5,True
6saz__B1_Q9UGM5--6saz__A1_P07584,0.5913880340600135,0.5,False
6l9x__A1_F6VRB7--6l9x__A2_F6VRB7,0.5216573623245124,0.5,True
3ica__B1_Q7MXR4--3ica__A1_Q7MXR4,0.7596880071463725,0.5,True
6o15__A1_P39353--6o15__B1_P39353,0.9296321340832117,0.4999891504828035,True
2ohc__A1_Q9HIY5--2ohc__B1_Q9HIY5,0.8738145351487405,0.5,True
8qfo__A1_A0A840P3H4--8qfo__B1_A0A840P3H4,0.7010568696527428,0.5,True
5zmy__A1_F1LJ99--5zmy__B1_F1LJ99,0.6296264112565817,0.5,True
6tx3__B1_Q9NWY4--6tx3__A1_Q9UGN5,0.805483167406122,0.5,False
4tx5__A1_Q9NR28--4tx5__B1_Q9NR28,0.29100225880889746,0.5,True
7wnk__B1_A0A1E5TT85--7wnk__A1_A0A1E5TT85,0.7347879952466435,0.5,True
2fn0__B1_Q9X9I8--2fn0__A1_Q9X9I8,0.8610646107706665,0.5,True
5x89__A1_Q8TGZ7--5x89__A2_Q8TGZ7,0.9489079243337812,0.5,True
2j0t__A1_P03956--2j0t__D1_P01033,0.3826294325138384,0.5,False
2i9i__A1_O25234--2i9i__A2_O25234,0.4207324291125689,0.5,True
3rtr__G1_Q13616--3rtr__H1_P62877,0.8839976927993515,0.5,False
7lq2__A1_A0A023X3Z4--7lq2__B1_A0A023X3Z4,0.7486781650729886,0.5,True
6aht__A1_A1BZ87--6aht__B1_A1BYM8,0.7727755707148246,0.5,False
8czp__A1_A0A0D5ZBI4--8czp__B1_A0A0D5ZBI4,0.8453095736577455,0.5,True
4ro3__A1_M1RHE3--4ro3__B1_M1RHE3,0.2895798955438353,0.5,True
1c0n__A1_P77444--1c0n__A2_P77444,0.7182793877199776,0.5,True
7tq0__A1_P00459--7tq0__A2_P00459,0.5640440751303253,0.5,True
1o4w__A1_O29664--1o4w__A2_O29664,0.4974843702890053,0.5,True
4jzp__A1_P51572--4jzp__B1_P51572,0.6126177927833847,0.5,True
2or2__A1_P08954--2or2__B1_P08954,0.8307822762425362,0.5,True
5xdf__B1_Q5SL04--5xdf__A1_Q5SL04,0.6320799861596634,0.5,True
6kr4__A1_P10586--6kr4__E1_P60469,0.75974756106492,0.5,False
1itv__A1_P14780--1itv__B1_P14780,0.5940290277196991,0.5,True
2qgi__A1_P05449--2qgi__B1_P05449,0.7393150438782858,0.5,True
1a19__A1_P11540--1a19__B1_P11540,0.47768753498630717,0.5,True
8a9x__A1_P15752--8a9x__C1_P15752,0.24901191098841252,0.5,True
8e9e__B1_Q02293--8e9e__A1_Q04631,0.8505200782702654,0.5,False
2h4c__A1_Q7T2R1--2h4c__B1_Q7T3T5,0.6089709588680053,0.5,False
2bdt__A1_Q9K6P2--2bdt__A2_Q9K6P2,0.480370152999791,0.5,True
5vbn__A1_P56282--5vbn__B1_Q07864,0.8996891639744281,0.5,False
8gt0__A1_Q8I6U4--8gt0__B1_P01040,0.5959507928824144,0.5,False
5lrr__A1_P22262--5lrr__B1_P22262,0.7871593345101168,0.5,True
4y7i__A1_Q96EF0--4y7i__B1_Q96EF0,0.8477784498046383,0.5,True
1who__A1_P43214--1who__A2_P43214,0.7594923455460576,0.5,True
4g10__A1_Q9WXJ9--4g10__A2_Q9WXJ9,0.55798199137445,0.5,True
8q4k__A1_O51180--8q4k__B1_O51180,0.5147843466958457,0.5,True
7rzb__A1_A0A229LVN5--7rzb__A2_A0A229LVN5,0.8206522050059595,0.5,True
7toc__A1_A0A2H0ZMH9--7toc__B1_A0A2H0ZMH9,0.7782303424844726,0.5,True
7ula__B1_Q88ND0--7ula__A1_Q88NC7,0.8784437962303073,0.5,False
8bes__A1_A0A856TAI5--8bes__B1_A0A856TAI5,0.7379271482544779,0.5,True
7wjt__B1_Q8BZB3--7wjt__A1_Q8BZB3,0.8045523771683711,0.5,True
6j9n__A1_X5EPV9--6j9n__B1_A0A425B395,0.7962431653760373,0.5,False
1kll__A1_O05205--1kll__A2_O05205,0.9813445291678243,0.5,True
7xky__A1_Q58690--7xky__B1_Q58034,0.7358200943782389,0.5,False
4p04__A1_A0A0D6H805--4p04__B1_A0A0D6H805,0.582561230084139,0.5,True
1txz__A1_Q04299--1txz__A2_Q04299,0.5357659660601994,0.5,True
4af5__A1_Q8NQ97--4af5__A2_Q8NQ97,0.6108624238026321,0.5,True
8af9__A1_Q2YPZ9--8af9__H1_Q2YPZ9,0.5436597806179719,0.5,True
8gm9__D1_P9WPD3--8gm9__A1_P9WPD3,0.7426249200704256,0.5,True
7wsx__A1_D9PYV4--7wsx__B1_D9PYV4,0.6484987370063686,0.5,True
4g86__A1_Q79PF6--4g86__B1_Q79PF6,0.8002823482473842,0.5,True
3bq3__A1_Q12395--3bq3__A2_Q12395,0.7038157226101005,0.5,True
7eva__A1_P31490--7eva__A2_P31490,0.47467434717158447,0.5,True
8r7d__B1_G5EI71--8r7d__A1_Q8LJL3,0.3577386149533569,0.5,False
7pwy__A1_Q8TDX5--7pwy__B1_Q8TDX5,0.9069418819188193,0.5,True
3ut4__A1_A3DJ21--3ut4__B1_A3DJ21,0.39717195287913987,0.5,True
3ucy__A1_P0DP23--3ucy__A2_P0DP23,0.7595733657701491,0.5,True
8eei__B1_A0A807MR40--8eei__A1_A0A807MR40,0.9091187805840761,0.5,True
8bp5__B1_A0A369SI82--8bp5__A1_A0A369SI82,0.5990151110436356,0.5,True
3l34__B1_Q9HT87--3l34__A1_Q9HT87,0.30165414468091634,0.5,True
8god__A1_Q9UM07--8god__A2_Q9UM07,0.9438018609190887,0.5,True
1h9g__A1_P0A8V6--1h9g__A2_P0A8V6,0.8754912879149721,0.5057208263350879,True
7qg6__D1_Q9HAU5--7qg6__C1_Q9H1J1,0.47969521872938364,0.5,False
8sz3__B2_Q9NY97--8sz3__A1_Q9NY97,0.5987315586473627,0.5,True
5a10__A1_G1FNI6--5a10__A2_G1FNI6,0.7360405159793643,0.5,True
7qoc__A1_Q8NQV9--7qoc__B1_Q8NQV9,0.5462099659753478,0.5,True
8a90__B1_A0A7S9SWM2--8a90__A1_A0A7S9SWM2,0.7294110974250843,0.5,True
3iaa__A1_Q8KNE0--3iaa__B1_Q8KNE0,0.7420748385500193,0.5,True
3n50__B1_Q9H4W6--3n50__A1_Q9H4W6,0.5695019251497879,0.5,True
2qg3__A1_O28220--2qg3__A2_O28220,0.5627118975589401,0.5,True
7ysk__A1_Q6D6Z8--7ysk__B1_Q6D6Z8,0.9592544277168612,0.5,True
7spz__A1_A8B3G9--7spz__A2_A8B3G9,0.8799477131488773,0.5,True
4q2e__B1_Q9X1B7--4q2e__A1_Q9X1B7,0.8183443215389901,0.5,True
8cff__A1_Q7SIF4--8cff__B1_Q7SIF3,0.8886822663233309,0.5,False
8bxl__A1_A0A075TRK9--8bxl__D1_A0A075TRK9,0.6119171730381379,0.5,True
5d4v__C1_Q57913--5d4v__A1_Q57913,0.6361327047367982,0.5,True
2p23__A1_O95750--2p23__B1_O95750,0.6267417681358257,0.5,True
7u55__A1_A0A151EDA9--7u55__A2_A0A151EDA9,0.8171582619387092,0.5,True
1rkw__A1_P0A0N4--1rkw__C1_P0A0N4,0.4510029796404745,0.5,True
1ps6__A1_P19624--1ps6__B1_P19624,0.7506462103580434,0.5,True
2y21__L1_O28769--2y21__K1_O28769,0.4014879667879236,0.5,True
2z5i__A1_P58772--2z5i__B1_P58772,0.7405028362398932,0.5,True
5l7u__B1_A6L2E5--5l7u__A1_A6L2E5,0.605355379969933,0.5,True
3egq__A1_O28458--3egq__B1_O28458,0.9004577410186436,0.4997543773465736,True
7r3a__A1_Q6LYR8--7r3a__E1_Q6LYR8,0.8572701855171473,0.5,True
7yq0__A1_A0A101DF63--7yq0__B1_A0A101DF63,0.701660981094471,0.5,True
3wsc__A1_Q25C86--3wsc__B1_Q25C86,0.6082757147089674,0.5,True
4pib__B1_Q2SVW5--4pib__A1_Q2SVW5,0.860281832359592,0.5,True
7vmx__B1_P9WNN1--7vmx__A1_P9WNM1,0.7816057832217405,0.5,False
1ykd__A1_P94182--1ykd__B1_P94182,0.3983047002316214,0.5,True
4ux7__A1_Q183F3--4ux7__B1_Q183F3,0.7744042293579124,0.5,True
3k3d__A1_P9WLZ7--3k3d__A2_P9WLZ7,0.7723211587608666,0.5,True
7q1d__D2_P29808--7q1d__A1_P29808,0.8898861648906502,0.5,True
1sj5__A1_Q9WY07--1sj5__B1_Q9WY07,0.9514846187581248,0.5192307692307693,True
4c12__A1_Q2FZP6--4c12__A2_Q2FZP6,0.7709564216587509,0.5,True
3k9m__A1_P07858--3k9m__B1_P01040,0.5600803968930568,0.5,False
1ccd__A1_P17559--1ccd__A2_P17559,0.6129774798188202,0.5,True
8xiz__A1_T2B4K5--8xiz__B1_T2B4K5,0.9074587444619326,0.5,True
7wz6__A1_P15806--7wz6__B1_P10085,0.45977611548541386,0.5,False
2i00__A1_Q831Y9--2i00__B1_Q831Y9,0.6561632035457907,0.5,True
5ffi__A2_Q44501--5ffi__B1_Q44501,0.2515222166557478,0.5,True
3cnk__A1_P21333--3cnk__B1_P21333,0.7920769607559844,0.5,True
8gt9__A1_A8MW95--8gt9__B1_A8MW95,0.8736789316597379,0.5,True
4l2w__B1_Q13464--4l2w__A1_Q13464,0.9631735357449408,0.5,True
3d0j__A1_Q97DI0--3d0j__A2_Q97DI0,0.8206995454184127,0.5,True
4ct0__A1_P97784--4ct0__B1_O54943,0.5567058958655133,0.5,False
3av0__A1_Q58719--3av0__B1_Q58718,0.9252029629863918,0.5,False
8bln__A1_C9QZ65--8bln__H1_C9QZ65,0.5554178686738117,0.5,True
2riq__A1_P09874--2riq__A2_P09874,0.3188169749538836,0.5,True
8hd5__A1_Q99U17--8hd5__B1_Q99U17,0.7334621249218691,0.4991848507649862,True
6xrb__A1_A0A0H3NHS6--6xrb__B1_A0A0H3NHS6,0.9404457238716967,0.5,True
8a1g__A1_Q13596--8a1g__C1_Q9Y5X3,0.6242041742789127,0.5,False
8tn3__A1_Q643B9--8tn3__B1_Q643B9,0.8679903318253118,0.5,True
5ghs__A1_Q5JGL0--5ghs__C1_Q5JF31,0.7553910364962282,0.5,False
5umw__A1_A0A125SA26--5umw__F1_A0A125SA26,0.6528709048252278,0.5,True
7zcv__B1_A0A0E7KI02--7zcv__A1_A0A0E7KI02,0.7661185628764486,0.5,True
6scq__A1_Q8NNN6--6scq__A2_Q8NNN6,0.38697621712702746,0.5,True
4ml9__A1_D1AMR0--4ml9__B1_D1AMR0,0.8757803449596103,0.5,True
7yfu__A1_Q8CG73--7yfu__B1_Q8CG73,0.9569240803409086,0.5,True
3ix1__A1_Q9K9G5--3ix1__B1_Q9K9G5,0.6167045831960418,0.5,True
7khs__A1_Q2CEE3--7khs__B1_Q2CEE3,0.9468484789979985,0.5,True
8k5l__A1_A0A829KK40--8k5l__B1_A0A829KK40,0.7756106290660828,0.5,True
2g0t__B1_Q9WZQ3--2g0t__A1_Q9WZQ3,0.5770799119735933,0.5,True
3lr3__A1_Q63T74--3lr3__A2_Q63T74,0.6685614456313671,0.5,True
4pxq__A1_F1QR43--4pxq__B1_F1QR43,0.8753102782827137,0.5,True
4z5y__A1_Q88QV5--4z5y__A2_Q88QV5,0.7530033068844915,0.5,True
7zhf__A1_A0A0U2WWJ1--7zhf__A2_A0A0U2WWJ1,0.9271523818310341,0.5083723039971458,True
6h86__A1_B5KM66--6h86__B1_B5KM66,0.5748030685223938,0.5,True
5un7__A1_Q9NUX5--5un7__B1_Q96AP0,0.6230940550322386,0.5,False
8juk__A1_V5VGC6--8juk__B1_V5VGC6,0.9625250328038151,0.5,True
8snp__A1_O09118--8snp__A2_O09118,0.7112089765980061,0.5,True
6wjc__A1_P11229--6wjc__B1_Q8QGR0,0.8366953586497891,0.5,False
8ard__A1_Q64331--8ard__A2_Q64331,0.5705874384705925,0.5,True
3mqi__A1_Q9UH73--3mqi__B1_Q9UH73,0.2107555939096819,0.5,True
3q01__A1_P04637--3q01__B1_P04637,0.783296376591835,0.5,True
7ylq__A1_Q93CA6--7ylq__B1_Q93CA6,0.6894206075412448,0.5,True
2yvo__A1_Q5SJY9--2yvo__A2_Q5SJY9,0.7127527098971942,0.5,True
5vpa__B1_P17535--5vpa__A1_P53539,0.6539732037697885,0.5,False
3v78__B1_P95092--3v78__A1_P95092,0.42130656006690426,0.5,True
7pzh__A1_A0A174J845--7pzh__B1_A0A174J845,0.66572551194149,0.5,True
3m0f__A1_Q4KDJ6--3m0f__B1_Q4KDJ6,0.6475644772389365,0.5,True
1y4h__A1_P0C1S6--1y4h__C1_Q9EYW6,0.6842824230649911,0.5,False
2o4c__A1_Q9I3W9--2o4c__B1_Q9I3W9,0.7814908328779704,0.5,True
1ynh__A1_P76216--1ynh__D1_P76216,0.8787673575019622,0.5,True
8ohx__A1_U4Q148--8ohx__B1_U4Q148,0.5764516629436585,0.5,True
3a6m__A1_Q56236--3a6m__B1_Q56236,0.6254009402834406,0.5,True
4bvp__A1_Q5ZUA2--4bvp__B1_Q5ZUA2,0.5596664888368607,0.5,True
7oc6__A1_A0A2U8U2L5--7oc6__A2_A0A2U8U2L5,0.5472889346797389,0.5,True
6qpq__A1_G0SGH3--6qpq__B1_Q12158,0.6699802236636859,0.5,False
3ct6__A1_Q9CIV6--3ct6__B1_Q9CIV6,0.7930950082940761,0.5,True
1qae__A1_P13717--1qae__B1_P13717,0.8995808843292027,0.5,True
3q5w__B1_P38937--3q5w__A1_P38937,0.8803069912809802,0.5,True
8gol__B1_G9I933--8gol__A1_G9I933,0.6955134412369146,0.5,True
7epj__A1_P62554--7epj__A2_P62554,0.4676378322300168,0.5,True
1ag9__A1_P61949--1ag9__B1_P61949,0.9509403983623793,0.5,True
3gwh__B1_O31691--3gwh__A1_O31691,0.32672211735627155,0.5,True
5gw1__A1_P57768--5gw1__B1_P57768,0.6337110477407936,0.5,True
3l2o__B1_Q9UKT5--3l2o__A1_P63208,0.9445330429895846,0.5,False
3wrf__A1_E8MGH8--3wrf__A2_E8MGH8,0.9258564857630127,0.5,True
7yyl__A1_Q3AET9--7yyl__B1_Q3AET9,0.6102927095694393,0.5,True
8syb__B1_Q72KY0--8syb__A1_Q72KY0,0.8735913348314484,0.5,True
8qc3__A1_A0A1C9WRL0--8qc3__B1_A0A1C9WRL0,0.7898517879162452,0.5,True
3wtf__B1_Q9BUH6--3wtf__A1_Q9BUH6,0.6275491441159476,0.5,True
2x0e__B1_Q7BG50--2x0e__A1_Q7BG50,0.6875688211482835,0.5,True
5hwt__A1_A5W4E3--5hwt__B1_A5W4E3,0.6922255330171178,0.5,True
1ojh__A1_Q8YNP7--1ojh__B1_Q8YNP7,0.7522024096385543,0.5,True
3eyy__A1_Q9K4F8--3eyy__B1_Q9K4F8,0.7532964444916879,0.49997610742103504,True
8bwv__D2_A0A482M8M0--8bwv__A1_A0A482M8M0,0.6408515123795215,0.5,True
7cm9__A1_A0A7V8UZ53--7cm9__B1_A0A7V8UZ53,0.5970417389112601,0.5,True
4nc8__A1_P12464--4nc8__A2_P12464,0.10952292048855193,0.5,True
1zhh__A1_P54300--1zhh__B1_P54302,0.36624035387996456,0.5,False
8c0u__A1_Q9I5Q5--8c0u__B1_Q9I5Q5,0.8943053932116504,0.5,True
2fbq__A1_Q9HZJ9--2fbq__A2_Q9HZJ9,0.6829806288931253,0.5,True
7fch__A1_O95256--7fch__C2_O95256,0.8393161366189527,0.5,True
8c7t__B1_A0A1B4XP18--8c7t__A1_A0A1B4XP18,0.8242994186269824,0.5,True
4iwn__A1_P76290--4iwn__B1_P76290,0.566576969570574,0.5,True
7saf__B1_Q6TLP8--7saf__A1_Q6TLP8,0.7376165024605033,0.5,True
7zj1__B1_P55265--7zj1__A1_P55265,0.5518545747448544,0.5,True
4g9k__A1_P32340--4g9k__B1_P32340,0.5477620702535266,0.5,True
8b35__A1_Q96562--8b35__B1_Q96562,0.6657148895450413,0.5,True
2rdz__A1_P0ABK9--2rdz__B1_P0ABK9,0.4849567526741069,0.5,True
6bzf__B1_P53061--6bzf__A1_P17122,0.40349097547970353,0.5,False
5ydd__B1_P9WME7--5ydd__A1_P9WME7,0.8833519532804719,0.5,True
4czd__B1_B8J3A4--4czd__A1_B8J364,0.9210987448530074,0.5,False
3ft7__B1_Q54323--3ft7__A1_Q54323,0.8909401347545979,0.5,True
4pz1__A1_Q99XU0--4pz1__A2_Q99XU0,0.7176115873413816,0.5,True
2w1t__A1_P37554--2w1t__B1_P37554,0.9723267159659604,0.5,True
7qz5__A1_A2RI36--7qz5__B1_A2RI36,0.8254680984973644,0.5,True
5h31__A1_Q14790--5h31__B1_Q14790,0.24602898764454262,0.5,True
8p33__A1_O51254--8p33__A2_O51254,0.549579682220296,0.5,True
8oru__A1_O93732--8oru__B1_O93732,0.7741837704320513,0.5,True
1u7i__A1_Q9I3Y6--1u7i__B1_Q9I3Y6,0.4787065556696342,0.5,True
8slg__B1_G7CIG9--8slg__A1_G7CIG9,0.5461570440425046,0.5,True
3l2e__B1_Q6AW42--3l2e__A1_Q6AW43,0.9352005889674091,0.5,False
3b0a__A1_P0CG48--3b0a__B1_Q9WUB0,0.5833776360394302,0.5,False
6etz__A1_A0A023UGN9--6etz__A2_A0A023UGN9,0.6816203305968772,0.5,True
7sfz__B1_Q9NYP9--7sfz__A1_Q9NYP9,0.790805086369516,0.5,True
7wwf__A1_A0R6Y0--7wwf__B1_A0R6Y0,0.5010769115207109,0.5,True
8vdw__B1_T0TAB9--8vdw__A1_T0TAB9,0.6456366374589266,0.5,True
8ri0__A1_E4THH1--8ri0__B1_E4THH1,0.5469527210539515,0.5,True
5z2i__B1_Q54LT0--5z2i__A1_Q54LT0,0.8660787428553629,0.5,True
4miv__A1_P51688--4miv__B1_P51688,0.706311153032422,0.5,True
3vh1__A1_P38862--3vh1__A2_P38862,0.47780750674152994,0.5,True
7z98__A1_E6V140--7z98__A2_E6V140,0.9096823610940499,0.5,True
2ond__A1_Q99LI7--2ond__B1_Q99LI7,0.36306676495967016,0.5,True
7vt9__A1_P21517--7vt9__B1_P21517,0.7552911751662095,0.5,True
1gju__A1_O33838--1gju__A2_O33838,0.6784894971853356,0.5,True
6hta__A1_A0A3F2YM29--6hta__B1_A0A3F2YM29,0.9317247957349908,0.5,True
3h7h__A1_P63272--3h7h__B1_O00267,0.4260658686105103,0.5,False
4z39__A1_A0A0S2E5N6--4z39__B1_A0A0S2E5N6,0.7902034464921618,0.5,True
5ca9__A1_Q9C0L9--5ca9__A2_Q9C0L9,0.7284885829415579,0.5,True
2zvx__A1_P00974--2zvx__B1_P00974,0.7054161540442333,0.5,True
6x0a__A1_F7Y4W0--6x0a__S1_F7YBW8,0.4829585698231167,0.5,False
7spq__A1_C5AMM8--7spq__A2_C5AMM8,0.8660800409330404,0.5,True
7spn__A1_A0A7C2VFT1--7spn__B1_A0A7C2VFT1,0.9684566174303372,0.5,True
1tv8__A1_P65388--1tv8__B1_P65388,0.8127008842414214,0.5,True
3mkr__B1_Q27954--3mkr__A1_Q28104,0.921827170612333,0.5,False
1dqn__A1_Q24973--1dqn__B1_Q24973,0.5347739576487581,0.5,True
7xoi__A1_A0A5N6DPG0--7xoi__B1_A0A5N6EXS6,0.29256304719675263,0.5,False
8h62__A1_P0DJM0--8h62__B1_P12830,0.32832829310690415,0.5,False
2qh0__A1_Q97H22--2qh0__A2_Q97H22,0.7037001692923148,0.5,True
5ubb__A1_Q5VVY1--5ubb__A2_Q5VVY1,0.9199128837814892,0.5,True
5kvs__B1_O54512--5kvs__A1_O54512,0.9440073387673416,0.49998871662943156,True
3frs__A1_P53990--3frs__A2_P53990,0.2501792432724515,0.5,True
3obv__A1_O08808--3obv__C1_O08808,0.7717533099538176,0.5,True
4wkz__A1_A0AEF5--4wkz__B1_W5IDC3,0.609900917798879,0.5,False
3kt0__A1_Q12109--3kt0__A2_Q12109,0.7912916509010528,0.5,True
5i90__A1_G3XCY5--5i90__B1_G3XCY5,0.7730919396239874,0.5,True
3bat__B1_P24733--3bat__A1_P24733,0.8544630049070425,0.5,True
2ps1__A1_P13298--2ps1__B1_P13298,0.45033537091662224,0.5,True
1fcd__A1_Q06530--1fcd__B1_Q06529,0.8824625444017451,0.5,False
8hy8__A1_A0A085BE66--8hy8__A2_A0A085BE66,0.8148950928116437,0.5,True
8har__A1_Q2L6E4--8har__B1_Q2L6E4,0.683830575421867,0.5,True
4je4__A1_Q06124--4je4__B1_P02751,0.5190900065627344,0.5,False
2a6c__A1_Q82UW4--2a6c__A2_Q82UW4,0.929743687444291,0.5,True
5k9l__B1_A8MW95--5k9l__A1_A8MW95,0.8834477791364335,0.5,True
5mzg__A1_P53368--5mzg__B1_P53368,0.7421398549530246,0.5,True
7ucc__B1_P17535--7ucc__A1_P53539,0.6844528970671033,0.5,False
8d0x__A1_Q9Y231--8d0x__A2_Q9Y231,0.5286969899419564,0.5,True
6ano__B1_Q9UKL3--6ano__A1_Q9UKL3,0.3491915666503274,0.5,True
6et2__A1_Q9I4X1--6et2__B1_Q9I4X2,0.7891092414680388,0.5,False
6d0a__A1_Q8N5Z0--6d0a__A2_Q8N5Z0,0.6759049308155946,0.5,True
2xga__B1_P35530--2xga__A1_P35530,0.5261523817621827,0.5,True
2i3o__A1_Q9HJH4--2i3o__B1_Q9HJH4,0.965137404962054,0.5,True
1ijx__A1_P97401--1ijx__C1_P97401,0.45244941427050056,0.5,True
8h2v__A1_Q93HT8--8h2v__B1_Q93HT8,0.8824683593546043,0.5,True
1wat__B1_P02941--1wat__A1_P02941,0.3890235487263385,0.5,True
2nyh__A1_Q13JM0--2nyh__B1_Q13JM0,0.5067452241967477,0.5,True
7yuj__B1_Q9BYM8--7yuj__A1_Q9BYM8,0.4706194007178538,0.5,True
8c5k__A1_P87252--8c5k__A2_P87252,0.7619579310517693,0.5,True
2spc__A1_P13395--2spc__B1_P13395,0.31611621707520376,0.5,True
6q2e__A1_A5UMY5--6q2e__B1_A5UMY5,0.45140088573993986,0.5,True
4p8i__A1_P40746--4p8i__B1_P40746,0.9550036712557364,0.5,True
8a82__A1_K7WEY7--8a82__B1_K7XCU4,0.837702406633815,0.5,False
3a4l__B1_Q58933--3a4l__A1_Q58933,0.3120878317250588,0.5,True
1z52__A1_P09167--1z52__B1_P09167,0.5998551524158875,0.5,True
6c0g__A1_A0A3F2YLX1--6c0g__B2_A0A3F2YLX1,0.581710818349023,0.5,True
1k3r__B1_O26109--1k3r__A1_O26109,0.9704727956192967,0.5406085660834293,True
7fga__A1_Q8DIJ4--7fga__B2_Q8DIJ4,0.5457591166981121,0.5,True
5akq__A1_O52063--5akq__B1_O52063,0.8967769144439629,0.5,True
7y86__B1_A0A0K2E3A3--7y86__A1_A0A0K2E3A3,0.8444113605130555,0.4999348109517601,True
8d1u__A1_P0A6R0--8d1u__A2_P0A6R0,0.5411079297000139,0.5,True
1vqw__A1_Q9HFE4--1vqw__B1_Q9HFE4,0.9379347975200053,0.5,True
7uld__A1_O28028--7uld__A2_O28028,0.7834798112751272,0.5,True
4c0f__B1_Q9NZN8--4c0f__A1_Q9NZN8,0.13227174485948373,0.5,True
8b21__A1_Q9S5X0--8b21__B1_Q9S5X0,0.7467413919562235,0.5,True
3swk__A1_P08670--3swk__B1_P08670,0.7424176538251331,0.5,True
8txn__B1_P08120--8txn__A1_P08120,0.142764004312884,0.5,True
8dak__A1_F2X702--8dak__B1_F2X702,0.5755029309701408,0.5,True
2rde__B1_A0A0H3ADR8--2rde__A1_A0A0H3ADR8,0.5097621664914229,0.5,True
2pih__A1_O31779--2pih__B1_O31779,0.8451353162675502,0.5,True
7ykv__B1_Q58241--7ykv__A1_Q58241,0.41746967212877373,0.5,True
7y4g__A1_Q8A028--7y4g__A2_Q8A028,0.5479406295047291,0.5,True
8cci__A1_A0R7I9--8cci__A2_A0R7I9,0.6946946792707049,0.5,True
6p35__A1_P75913--6p35__A2_P75913,0.9835971519065804,0.5,True
6p3j__A1_Q0KJL4--6p3j__B1_Q0KJL4,0.667605745139964,0.5,True
4o6p__A1_Q8RDI4--4o6p__B1_Q8RDI4,0.630708620084206,0.5,True
8ozv__A1_A0A179UH34--8ozv__A2_A0A179UH34,0.8509147384549965,0.5,True
2cim__A1_Q46AN5--2cim__B1_Q46AN5,0.7071536558548652,0.5,True
6tpo__A1_P24474--6tpo__A2_P24474,0.8083144456234941,0.5,True
7wwo__B1_Q5SH57--7wwo__A1_Q5SH57,0.48117577828749003,0.5,True
4pmv__A1_Q8PEU1--4pmv__B1_Q8PEU1,0.5186278792608395,0.5,True
6rmr__B1_P19926--6rmr__A1_P19926,0.33509012282552925,0.5,True
6hhb__A1_E0SCP7--6hhb__C1_E0SCP7,0.7569197917129684,0.5,True
7e5c__A1_A0A1I7CHQ2--7e5c__B1_A0A1I7CHQ2,0.8726304669585248,0.5,True
2wfh__A1_O94813--2wfh__B1_O94813,0.1505952375076533,0.5,True
3zco__A1_P06701--3zco__A2_P06701,0.349931632497292,0.5,True
2ghy__A1_P03051--2ghy__B1_P03051,0.4367993746557942,0.5,True
3htr__A1_Q6N0K4--3htr__B1_Q6N0K4,0.6184163819833377,0.5,True
8aeu__A1_Q00987--8aeu__A2_Q00987,0.030827167525367526,0.5,True
1xuv__A1_Q8PZJ2--1xuv__C1_Q8PZJ2,0.5629925004361434,0.5,True
2o8p__A1_Q5CYG0--2o8p__A2_Q5CYG0,0.7472708844751915,0.5,True
4zmu__A1_Q9I072--4zmu__B1_Q9I072,0.7180806316981965,0.5,True
3dl3__G2_Q5E3X2--3dl3__C1_Q5E3X2,0.8973969463327518,0.5,True
7yvz__A1_A7LPG5--7yvz__A2_A7LPG5,0.3795336139807095,0.5,True
4ia6__A1_Q5FL96--4ia6__B1_Q5FL96,0.9472676961226206,0.5,True
8bou__A1_A0A7G5MNS2--8bou__B1_A0A7G5MNS2,0.9434686010829016,0.5,True
5gk1__A1_Q7N4Z6--5gk1__B1_Q7N4Z6,0.7380162246105605,0.5,True
5x03__B1_P94426--5x03__A1_P94426,0.8211433247059696,0.5,True
3gku__A1_D0VX24--3gku__B1_D0VX24,0.548016289339073,0.5,True
1c81__A1_P07953--1c81__A2_P07953,0.5763804054328178,0.5,True
1k3e__B1_P58233--1k3e__A1_P58233,0.868270108938288,0.5054738826856789,True
6u18__A1_Q9EVJ6--6u18__B1_Q9EVJ6,0.7850441236527637,0.5,True
7wpy__A1_A0A097ZPD5--7wpy__C1_A0A097ZPD5,0.49850027494959254,0.5,True
7xn2__A1_Q8YR38--7xn2__A2_Q8YR38,0.7970743729915829,0.5,True
3uws__B1_A7A9N3--3uws__A1_A7A9N3,0.27519235498945027,0.5,True
4u04__B1_Q9BVA6--4u04__A1_Q9BVA6,0.5939295427662197,0.5,True
2kin__A1_P56536--2kin__B1_Q6QLM7,0.2153222232644001,0.5,False
3ulc__A1_Q08236--3ulc__A2_Q08236,0.5664594001479589,0.5,True
8b2a__A1_Q2YWJ9--8b2a__A2_Q2YWJ9,0.8553008342760181,0.5,True
8qff__A1_K9TLZ5--8qff__A2_K9TLZ5,0.7478535236137196,0.5,True
8c8c__A1_P48426--8c8c__A2_P48426,0.7584765407671314,0.5,True
8iup__B1_A9A1Y1--8iup__A1_A9A1Y1,0.9177918230341844,0.5,True
3o7o__A1_Q9S5X8--3o7o__B1_Q9S5X8,0.7275139350050331,0.5,True
4bg8__A1_Q8TX37--4bg8__B1_Q8TX37,0.9130718967007111,0.5,True
7qxo__A1_G8UIQ1--7qxo__B1_G8UIQ1,0.6278199993623857,0.5,True
4xiz__A1_Q05776--4xiz__D1_O60200,0.8505526828275675,0.5,False
7pwe__A1_Q6AL91--7pwe__B1_Q6AL91,0.4783674419753261,0.5,True
6uxu__A1_E2JB04--6uxu__B1_E2JB04,0.7370346622225901,0.5,True
3bid__A1_Q7DDI1--3bid__B1_Q7DDI1,0.8207477107625263,0.5,True
4f7w__A1_B5XYG3--4f7w__B1_B5XYG3,0.8427227720822448,0.5,True
2rae__A1_Q0S3N9--2rae__A2_Q0S3N9,0.6731469133202831,0.5,True
7yn1__A1_E9JES9--7yn1__C1_E9JES9,0.5961798029692152,0.5,True
3t7y__A1_O84093--3t7y__B1_O84093,0.7626370210708816,0.5,True
7u6p__A1_P11926--7u6p__B1_P11926,0.5458337366593458,0.5,True
4mis__A1_Q57ES7--4mis__B1_Q57ES7,0.751489222505337,0.5,True
2blf__A1_Q9LA16--2blf__B1_Q9LA15,0.9210284191959552,0.5,False
3ke3__A1_Q4FVA8--3ke3__A2_Q4FVA8,0.7007232838051926,0.5,True
7ywc__A1_Q9L0T8--7ywc__B1_Q9L0T8,0.9757590766301205,0.5,True
4wwr__B1_P46379--4wwr__A1_P11441,0.5457622626285371,0.5,False
7r0d__B1_Q9NV35--7r0d__A1_Q9NV35,0.6814074627485162,0.5,True
8w6x__A1_P21852--8w6x__B1_P21853,0.7293867844943362,0.5,False
3fmf__A1_P9WPQ5--3fmf__B1_P9WPQ5,0.5683084021169224,0.5,True
2xrm__A1_D0AB41--2xrm__A2_D0AB41,0.6779031526635035,0.5,True
4xj7__A1_P66881--4xj7__B1_P66881,0.9525367085431076,0.5,True
7yrt__E1_H9L4P6--7yrt__A1_H9L4P6,0.7207452838009126,0.5,True
7tye__A1_P0A7J0--7tye__A2_P0A7J0,0.45674029375153236,0.5,True
2zvd__B1_Q9RBY1--2zvd__A1_Q9RBY1,0.8646045091275943,0.5,True
3mtw__A1_Q9A4Z9--3mtw__A2_Q9A4Z9,0.6407109778308925,0.5,True
3n2o__A1_Q7MK24--3n2o__B1_Q7MK24,0.8437116532398093,0.5,True
7ywd__A1_Q8TB36--7ywd__A2_Q8TB36,0.5248692404890938,0.5,True
5upq__A1_A0A0A0V031--5upq__B1_A0A0A0V031,0.8768117290331043,0.5,True
1vgu__A1_Q46893--1vgu__B1_Q46893,0.8872690896438287,0.5,True
7pxo__A1_F4F7G1--7pxo__C1_F4F7G1,0.4893406593406594,0.5,True
2dp9__A1_Q5SM30--2dp9__A2_Q5SM30,0.5362440182643952,0.5,True
8a7l__A1_M1JS91--8a7l__A2_M1JS91,0.433695292399387,0.5,True
7uqv__A1_A0A0L6JSP1--7uqv__B1_A0A0L6JSP1,0.7445406159099762,0.5,True
5d1r__A1_P9WMC9--5d1r__B1_P9WMC9,0.7079671491126553,0.5,True
3f6q__A1_Q13418--3f6q__B1_P48059,0.9103276009713723,0.5,False
8cok__B1_Q9NXR8--8cok__A1_Q9NXR8,0.7224061135834181,0.5,True
1wz3__A1_Q9LVK3--1wz3__B1_Q9LVK3,0.2599907080929267,0.5,True
1nw1__A1_Q22942--1nw1__B1_Q22942,0.3772812009306477,0.5,True
1hrp__B1_P0DN86--1hrp__A1_P01215,0.6955232881670935,0.5,False
3qf4__B1_Q9WYC4--3qf4__A1_Q9WYC3,0.9456309972665693,0.5,False
7y4o__B1_A0A0G2JZC4--7y4o__A1_A0A0G2JZC4,0.4649718295958201,0.5,True
8hns__A1_A0A377JKY9--8hns__A2_A0A377JKY9,0.28339789054528874,0.5,True
3mpn__A1_O67854--3mpn__A2_O67854,0.9507652265599312,0.5,True
6vlg__A2_Q9WTS2--6vlg__C1_Q9WTS2,0.7583478339814493,0.5,True
1v71__A1_O59791--1v71__A2_O59791,0.5360155549787349,0.5,True
3fpk__A1_Q8ZKP5--3fpk__B1_Q8ZKP5,0.7984232934508009,0.5,True
8eb3__A1_K2K6A3--8eb3__B1_K2K6A3,0.696893610469592,0.5,True
4z1i__C1_Q12931--4z1i__A1_Q12931,0.8463856383160384,0.5,True
8pz3__A1_D7SFB8--8pz3__B1_D7SFB8,0.195772702270227,0.5,True
5vpb__B1_P17535--5vpb__A1_P53539,0.6456758578326821,0.5,False
8bt3__A1_Q6F0T5--8bt3__A2_Q6F0T5,0.41717677125428704,0.5,True
1r7h__A1_O69271--1r7h__B1_O69271,0.32732460376211514,0.5,True
4oag__A1_Q8BGV8--4oag__B1_Q8BGV8,0.6003091111786765,0.5,True
5bo9__A1_O43173--5bo9__B1_O43173,0.9379182324125873,0.5,True
7kws__A1_Q0P8H3--7kws__B1_Q0P8H3,0.47707807444639316,0.5,True
4qa0__A1_Q9BY41--4qa0__B1_Q9BY41,0.7447822727713496,0.5,True
6epi__B1_D5K9G7--6epi__A1_D5K9E3,0.659318663421695,0.5,False
6z2f__B1_Q16222--6z2f__A1_Q16222,0.8889757450978234,0.5,True
7qgs__B1_Q09472--7qgs__A1_Q16665,0.3038141279680539,0.5,False
7tz7__A1_P42336--7tz7__B1_P27986,0.7083941106324078,0.5,False
2zl1__A1_Q9UHA4--2zl1__B1_Q9JHS3,0.6243091274803576,0.5,False
4ija__A1_A0A0H3JS71--4ija__B1_A0A0H3JS71,0.7391327038522151,0.5,True
3ijt__B1_Q8DVN6--3ijt__A1_Q8DVN6,0.3156703977137414,0.5,True
7qgt__A1_P35520--7qgt__B1_P35520,0.5883197080203485,0.5,True
8i4q__A1_Q8NQI2--8i4q__B1_Q8NQI2,0.8716190179396545,0.5,True
5lxv__A1_G9FCX2--5lxv__B1_A0A1L1QK37,0.5559557011455004,0.5,False
8h25__A1_A0A5R8LFD3--8h25__C1_A0A5R8LFD3,0.8870452387989688,0.5,True
6kjl__A1_Q9RC94--6kjl__B1_Q9RC94,0.6131681864928948,0.5,True
5f3o__A1_C4LU64--5f3o__B1_C4LU64,0.5289186121548143,0.5,True
8arv__A1_Q9HW35--8arv__B1_Q9HW35,0.8345463929805309,0.5,True
2i1a__B1_P40087--2i1a__A1_P40087,0.4453221464839698,0.5,True
2y9x__A1_C7FF04--2y9x__E1_G1K3P4,0.5678808236651587,0.5,False
8waa__A1_P29401--8waa__B1_P29401,0.8374675382714449,0.5,True
6n2f__B1_Q94A94--6n2f__A1_Q94A94,0.5704405395997365,0.5,True
8b08__B1_P0A2K1--8b08__A1_P00929,0.7914269725777177,0.5,False
5ja2__A1_P11454--5ja2__B1_Q9I169,0.5232206717373257,0.5,False
4g3w__A1_O66591--4g3w__A2_O66591,0.43782803246925733,0.5,True
5cm2__A1_Q6C999--5cm2__B1_Q6C4P5,0.9670567378770258,0.5,False
6g70__B1_Q8K2Z2--6g70__A1_Q8K2Z2,0.4764956749468583,0.5,True
7xac__A1_P47929--7xac__B1_P47929,0.7562900119357638,0.5,True
2zz8__A1_O34094--2zz8__B1_O34094,0.6022886197001902,0.5,True
8b8h__A1_P9WQA9--8b8h__B1_P9WQA9,0.47299237219682194,0.5,True
7u2s__A1_A0A2W1NDJ7--7u2s__B1_A0A2W1NDJ7,0.4589876560892142,0.5,True
1d2g__A1_P13255--1d2g__B1_P13255,0.46143316598127304,0.5,True
1sc1__A1_P29466--1sc1__B1_P29466,0.2720375950575683,0.5,True
5amt__A1_A0Q7H2--5amt__A2_A0Q7H2,0.6076189775629789,0.5,True
7qfz__B1_B7L3Y3--7qfz__A1_B7L3Y3,0.615362040425431,0.5,True
3hml__A1_A6T9H1--3hml__B1_A6T9H1,0.8777518802236082,0.5,True
1xk6__A1_P31572--1xk6__C1_P31572,0.8130017595299575,0.5,True
7r3s__A1_A0A4R2M5S2--7r3s__B1_A0A4R2M5S2,0.5974341143829379,0.5,True
2grx__A1_P06971--2grx__C1_P02929,0.6472966901515449,0.5,False
7vsf__A1_P25440--7vsf__B1_P25440,0.08517456272860374,0.5,True
3q34__A1_Q48EL2--3q34__C1_Q48EL2,0.6974716326372843,0.5,True
4r2k__A1_Q8ZP84--4r2k__A2_Q8ZP84,0.8554834327587746,0.5,True
3cgw__A1_Q8PVT6--3cgw__A2_Q8PVT6,0.7497754583660463,0.5,True
7r2f__A1_P21836--7r2f__B1_P21836,0.832313751955183,0.5,True
4g19__A1_I6ZUH3--4g19__B1_I6ZUH3,0.9462628715196278,0.5,True
3dg8__C1_P13922--3dg8__A1_P13922,0.22431445049916904,0.5,True
6m10__A1_Q9HUW0--6m10__C1_Q9HUW0,0.7476854715528233,0.5,True
8tt2__B1_Q4K977--8tt2__A1_Q4K977,0.9299312533051296,0.5,True
1h31__A1_Q939U1--1h31__B1_Q939U4,0.9596663564675085,0.5,False
7p7i__B1_R8APY9--7p7i__A1_R8APY9,0.8571285275548925,0.5,True
3hzu__A1_P9WHF7--3hzu__A2_P9WHF7,0.8078438992840041,0.5,True
7xgs__A1_Q9FVC1--7xgs__A2_Q9FVC1,0.7733462949592408,0.5,True
6iju__A1_Q9KJN4--6iju__A2_Q9KJN4,0.2763865103068023,0.5,True
4kqd__B1_P06626--4kqd__A1_P06626,0.6460539168765125,0.5,True
2fu3__B1_Q03555--2fu3__A1_Q03555,0.6226695343092866,0.5,True
1jgt__B1_P0DJQ7--1jgt__A1_P0DJQ7,0.9332344391668527,0.5,True
6l4b__A1_Q9UGV2--6l4b__C2_Q9UGV2,0.5865211429158792,0.5,True
3lzk__A1_Q92LT4--3lzk__B1_Q92LT4,0.6750086856035987,0.5,True
1ht8__A1_P05979--1ht8__B1_P05979,0.8470768283297603,0.5,True
1z8h__A1_Q8YWS4--1z8h__B1_Q8YWS4,0.6102533844810402,0.5,True
8gk6__A1_W6USS8--8gk6__E1_W6USS8,0.6097631815189598,0.5,True
4mjf__A1_A6L2I4--4mjf__A2_A6L2I4,0.9185943688206133,0.5,True
7m4s__A1_Q8YLC3--7m4s__D1_Q8YLC3,0.913841581789329,0.5,True
6fju__A1_E6N8B9--6fju__B1_E6N8B9,0.9524414350260288,0.5,True
6lgq__A1_P21865--6lgq__B1_P21866,0.8363847727665863,0.5,False
2y27__B1_B4E7B5--2y27__A1_B4E7B5,0.5885689083966981,0.5,True
2tdx__A1_P0DJL7--2tdx__A2_P0DJL7,0.40184080461460053,0.5,True
8fj8__A1_P02638--8fj8__A2_P02638,0.8636180247755427,0.5284492555972269,True
3uv0__B1_Q9W061--3uv0__A1_Q9W061,0.1710892447182372,0.5,True
8alo__B1_P24003--8alo__A1_P15795,0.6772833686034485,0.5,False
6xa0__A1_D1A230--6xa0__B1_D1A230,0.8935809307803027,0.4999559471365639,True
1zbo__B1_Q7WAM7--1zbo__A1_Q7WAM7,0.5331809913059913,0.5,True
6xb5__A1_A0A7E5VPD6--6xb5__B1_A0A7E5VPD6,0.5845873467704754,0.5,True
8duy__D1_A0A0H3GVN6--8duy__A1_A0A0H3GVN6,0.6293497068394872,0.5,True
7th5__A1_Q5SLG6--7th5__B1_Q5SLG6,0.5716716829559131,0.5,True
3t2l__A1_Q5LE95--3t2l__A2_Q5LE95,0.40736196567989336,0.5,True
3uet__A1_B7GNN8--3uet__B1_B7GNN8,0.6029274253459644,0.5,True
8fdb__B1_Q12KP2--8fdb__A1_Q12KP2,0.6659346130543898,0.5,True
6ok3__A1_C3X9N1--6ok3__B1_C3X9N1,0.7382225023317429,0.5,True
8hp3__A1_A0A2K0XCZ3--8hp3__B1_A0A2K0XCZ3,0.7361705454071336,0.5,True
7xkg__A1_A7NHS9--7xkg__B1_A7NHS9,0.8020291934651503,0.5,True
1l7e__A1_Q2RSB2--1l7e__B1_Q2RSB2,0.6697562377515544,0.5,True
8hn2__A1_Q9F722--8hn2__B1_Q9F722,0.2025445164628275,0.5,True
8gst__A1_Q1NEI7--8gst__B1_Q1NEI7,0.5366308861887561,0.5,True
7cq3__A1_P38324--7cq3__B1_Q12098,0.7821112624159804,0.5,False
5htf__A1_Q8Y759--5htf__B1_Q8Y759,0.9022535048082494,0.5,True
6c90__A1_P42285--6c90__B1_Q6NZY4,0.747943847473087,0.5,False
6e1j__A1_C5J4P1--6e1j__B1_C5J4P1,0.775078822143426,0.5,True
3ccd__A1_P0AA04--3ccd__B1_P0AA04,0.4109078309078309,0.5,True
3dzl__B1_Q396C9--3dzl__A1_Q396C9,0.7388071406586643,0.5,True
2y1h__B1_Q17R31--2y1h__A1_Q17R31,0.8509305045177711,0.5,True
7lfs__A1_P00533--7lfs__E1_O14944,0.5721664566072173,0.5,False
6jiw__A1_A0A0H3JU78--6jiw__A2_A0A0H3JU78,0.4788833093892238,0.5,True
8ees__A1_A0A0H3GMB7--8ees__B1_A0A0H3GMB7,0.5799937931968775,0.5,True
4a5b__B1_Q27895--4a5b__A1_Q27895,0.5903326318086682,0.5,True
3nb6__A1_O66874--3nb6__A2_O66874,0.6578844068754185,0.5,True
5f8c__A1_O53532--5f8c__A2_O53532,0.7586431209454413,0.5,True
8jt3__A1_H8Y6N2--8jt3__C1_H8Y6N2,0.6649532010863877,0.5,True
1ije__A1_P02994--1ije__B1_P32471,0.5292212894187632,0.5,False
6on4__A1_P0A8W0--6on4__B1_P0A8W0,0.5198055148699189,0.5,True
4zvc__A1_P0AA89--4zvc__B1_P0AA89,0.9617133562039784,0.5,True
4qoa__A1_A7VAB9--4qoa__A2_A7VAB9,0.3066868211160496,0.5,True
6wmv__A1_U5WZP7--6wmv__B1_U5WZP7,0.7110263372756701,0.5,True
3e3c__A1_Q7DB61--3e3c__B1_Q7DB61,0.4624151906430845,0.5,True
6ekk__A1_Q8TEH3--6ekk__C1_Q15286,0.7590048089115667,0.5,False
8a9w__A1_P15751--8a9w__A2_P15751,0.6439107656027847,0.5,True
2gj9__A1_P25522--2gj9__B1_P25522,0.897829653585984,0.5,True
3cm7__C1_P98170--3cm7__D1_P98170,0.8969199530705787,0.5,True
8f5v__A1_O53728--8f5v__B1_O53728,0.35184605327931695,0.5,True
1ecj__A1_P0AG16--1ecj__B1_P0AG16,0.8474501378799176,0.5,True
3s5r__A1_Q2LS68--3s5r__B1_Q2LS68,0.7322831386132164,0.5,True
3im3__A1_P00514--3im3__A2_P00514,0.6758893822962662,0.5,True
4mcj__B1_A6L9R1--4mcj__A1_A6L9R1,0.8513642341275153,0.5,True
7vw1__B1_V5J1S8--7vw1__A1_V5J1S8,0.9247389228259445,0.5,True
3p12__A1_Q2G1A5--3p12__D1_Q2G1A5,0.8502823849504624,0.5,True
8aq0__A1_Q6DTN4--8aq0__B1_Q6DTN4,0.7035255390341741,0.5,True
3wpm__A1_G2IKE5--3wpm__B1_G2IKE5,0.663405690605076,0.5,True
7xof__B1_Q0DFB6--7xof__A1_Q0DFB6,0.6387016919095437,0.5,True
8a8f__A1_P32598--8a8f__B1_P42073,0.8010905199138936,0.5,False
3qta__A1_Q5V4K4--3qta__B1_Q5V4K4,0.6266401235371821,0.5,True
8oqj__B1_P06959--8oqj__A1_P06959,0.6461620763512662,0.5,True
1tbp__A1_P13393--1tbp__B1_P13393,0.472597789822055,0.5,True
7qfk__C1_Q5FLN0--7qfk__A1_Q5FLN0,0.540281688160944,0.5,True
7r3o__B1_Q460N3--7r3o__A1_Q460N3,0.4613392045126065,0.5,True
1wli__A1_Q46604--1wli__B1_Q46604,0.7596750321750322,0.5,True
8b3e__A1_M4SY06--8b3e__A2_M4SY06,0.5410714540954502,0.5,True
1d8i__A1_O13297--1d8i__A2_O13297,0.46763454304744956,0.5,True
8eh0__B1_P50909--8eh0__A1_P50909,0.4191696424437311,0.5,True
3seo__B1_Q87GE5--3seo__A1_Q87GE5,0.5425642821905778,0.5,True
3iey__B1_Q74MS9--3iey__A1_Q74MP4,0.9213668290955357,0.5,False
4yto__B1_Q15431--4yto__A1_Q15431,0.6885605876874975,0.5,True
6csm__A1_L1J207--6csm__B1_L1J207,0.5995199642974935,0.5,True
4ndt__A1_A7UNK4--4ndt__A2_A7UNK4,0.6312424042394369,0.5,True
8j3p__A1_B9WHT3--8j3p__A2_B9WHT3,0.972207073776002,0.5043220313145702,True
7pv7__B1_Q7MVV4--7pv7__A1_Q7MVV4,0.6861313176866046,0.5,True
7uj6__A1_Q8RMD9--7uj6__B1_Q8RMD9,0.5311319197027665,0.5,True
3k9i__A1_Q9KFK0--3k9i__A2_Q9KFK0,0.874429219584468,0.49992529787472456,True
7z1s__A1_A0A3Q7HTY9--7z1s__A2_A0A3Q7HTY9,0.293506989479316,0.5,True
2e89__A1_O67728--2e89__B1_O67728,0.653388392387984,0.5,True
2woz__A1_Q9ER30--2woz__A2_Q9ER30,0.4314452458414313,0.5,True
7xxs__A1_B2CKP3--7xxs__B1_B2CKP3,0.6125814298572089,0.5,True
8fir__A1_O83132--8fir__B1_O83132,0.48084745491602976,0.5,True
3i6s__A1_O82777--3i6s__B1_O82777,0.8069937735256778,0.5,True
7yhe__B1_A6YEH4--7yhe__A1_A6YEH4,0.6562162383940312,0.5,True
1ku2__A1_Q9EZJ8--1ku2__B1_Q9EZJ8,0.4733606750788236,0.5,True
6qwo__B1_Q9S5W7--6qwo__A1_Q9S5W7,0.6696493170120492,0.5,True
1mxi__A1_P44868--1mxi__A2_P44868,0.6121043068812857,0.5,True
2vhl__A1_O34450--2vhl__A2_O34450,0.8769178110056896,0.5,True
5wan__A1_P75898--5wan__A2_P75898,0.9462180470202801,0.5289272026080714,True
4x7z__B1_Q49492--4x7z__A1_Q49492,0.8747618160940942,0.5,True
6a1k__A1_P71018--6a1k__B1_P71018,0.7170716595452561,0.5,True
7pjh__A1_Q9Y312--7pjh__B1_Q6P2Q9,0.740430778994033,0.5,False
4joi__A1_Q9H668--4joi__C1_Q86WV5,0.9362327085216963,0.5,False
8axz__A1_P31153--8axz__A2_P31153,0.4130773617661661,0.5,True
8ogi__B1_P11678--8ogi__A1_P11678,0.2809314420900482,0.5,True
8cxl__A1_A7KH32--8cxl__B1_A7KH32,0.9089808968546792,0.5,True
7win__B1_Q9UIF8--7win__A1_Q9UIF8,0.22734897445300895,0.5,True
7b80__A1_G3I8R9--7b80__B1_Q9BVA6,0.663089723543097,0.5,False
4bwv__A1_Q8L5D0--4bwv__B1_Q8L5D0,0.7177488924886829,0.5,True
7drj__A1_P63756--7drj__B1_P63756,0.835895742229284,0.5,True
3qth__A1_Q47ZP9--3qth__B1_Q47ZP9,0.6382772881364085,0.5,True
8b28__A1_F6GSX7--8b28__A2_F6GSX7,0.7172282472386462,0.5,True
6scx__A1_Q9BQG2--6scx__B1_Q9BQG2,0.597488249474925,0.5,True
8hpc__A1_P60327--8hpc__H1_P60327,0.9414657876029717,0.5,True
5n76__A1_P72320--5n76__B1_P72320,0.5655395175540618,0.5,True
3cq3__A1_Q53W28--3cq3__A2_Q53W28,0.4110756613594298,0.5,True
3kbu__A1_P11277--3kbu__D1_P16157,0.7191353262498675,0.5,False
7pck__A1_P43235--7pck__C2_P43235,0.9268248445023614,0.5,True
5o4z__A1_Q9X1T1--5o4z__A2_Q9X1T1,0.6053662514664402,0.5,True
1vla__A1_Q9X021--1vla__B1_Q9X021,0.8545289663206947,0.5,True
5oed__A1_Q6EAT3--5oed__B1_Q13637,0.7965342603407028,0.5,False
7yva__A1_Q9URB4--7yva__B1_Q9URB4,0.8854821907492414,0.4999961162635348,True
7s6n__B1_Q5RGJ8--7s6n__A1_Q5RGJ8,0.46175794600647363,0.5,True
4cz8__A1_Q9UZ55--4cz8__B1_Q9UZ55,0.8630248712345914,0.5,True
6ebn__A1_A0A4P1LYB6--6ebn__B1_A0A4P1LYB6,0.9196477308809815,0.5,True
3lf4__B1_D1MPT3--3lf4__A1_D1MPT3,0.22845019249594473,0.5,True
3ffe__B1_Q93AT8--3ffe__A1_Q93AT8,0.876199106153444,0.5,True
7zg6__A1_A0A2J0RDY6--7zg6__B1_A0A2J0RDY6,0.7720253107237852,0.5,True
8f4q__A1_Q00972--8f4q__A2_Q00972,0.7187210225218854,0.5,True
4rz3__A1_A4IMB4--4rz3__B1_A4IMB4,0.442284394607835,0.5,True
8f8k__A1_O53507--8f8k__A2_O53507,0.8911028544154016,0.5,True
3zw5__A1_A6NK44--3zw5__B1_A6NK44,0.7497350393700788,0.5,True
6l3q__B1_G0SEI5--6l3q__A1_G0SEI5,0.8115193675573642,0.5,True
8ag8__A1_A0A1I5SVP7--8ag8__A2_A0A1I5SVP7,0.9855059842801001,0.5,True
2i2w__A1_P63224--2i2w__D1_P63224,0.8252419378066226,0.5,True
2f22__B1_Q9RC77--2f22__A1_Q9RC77,0.8615855021729291,0.5,True
3tng__A1_Q8Y7B7--3tng__A2_Q8Y7B7,0.9812905854183405,0.5,True
8gr8__B1_P08679--8gr8__A1_P08679,0.9685379046417442,0.5071177733722882,True
7ae8__A1_A0A0B0QJR1--7ae8__B1_A0A0B0QJR1,0.6780878394066228,0.5,True
2w54__B1_O54051--2w54__A1_O54050,0.9128633057721192,0.5,False
4b0z__A1_P50524--4b0z__B1_P50524,0.9256107032590051,0.5,True
2re7__A1_Q4FV99--2re7__A2_Q4FV99,0.5219637664951913,0.5,True
8h0t__A1_O34614--8h0t__A2_O34614,0.9487060785053165,0.5,True
1te2__A1_P77247--1te2__B1_P77247,0.9711666966449469,0.5,True
7xt2__A1_Q6ZMU5--7xt2__B1_Q6ZMU5,0.8947860505202379,0.5,True
1ev7__A1_P50187--1ev7__B1_P50187,0.8573336304514536,0.5,True
1ogl__A1_O15923--1ogl__A2_O15923,0.9476433290840769,0.5066604177602253,True
3lrt__B1_Q97CA5--3lrt__A1_Q97CA5,0.9455418312509805,0.5,True
3fou__A1_Q5SGZ9--3fou__B1_Q5SGZ9,0.7104726814424562,0.5,True
5jnq__A1_R0BTE9--5jnq__A2_R0BTE9,0.9251073929767275,0.5,True
4g12__A1_A5U5K3--4g12__B1_A5U5K3,0.36689311996131524,0.5,True
3evj__B1_P01008--3evj__A1_P01008,0.7963624964815983,0.5,True
2oq2__B1_P18408--2oq2__A1_P18408,0.7003650894711485,0.5,True
8he6__A1_Q8YSS0--8he6__B1_Q8YSS0,0.6974300432055487,0.5,True
2xij__A1_P22033--2xij__A2_P22033,0.7719450957233254,0.5,True
1nr5__A1_P07547--1nr5__A2_P07547,0.8417855782195646,0.5,True
1gmj__A1_P01096--1gmj__B1_P01096,0.9562113113278595,0.5,True
4yba__B1_Q93K36--4yba__A1_Q93K36,0.417364481437708,0.5,True
8ok7__A1_M4T0B2--8ok7__D1_M4T0B2,0.6816464033654475,0.5,True
7f76__B1_A0A223KLJ1--7f76__A1_A0A223KLJ1,0.7337896223174516,0.5,True
7vp6__A1_Q9C9L2--7vp6__B1_Q9C9L2,0.5987519476412262,0.5,True
8jmq__A1_A9CQD5--8jmq__B1_A9CQD3,0.7720431109927324,0.5,False
7zgt__A1_W8R3D8--7zgt__B1_W8R3D8,0.829192287085769,0.5,True
7xgt__B1_Q6H8B1--7xgt__A1_Q6H8B1,0.9682775586913028,0.5,True
3i2t__A1_P04412--3i2t__A2_P04412,0.6377204586354246,0.5,True
8tjk__A1_A0A0F7G196--8tjk__B1_A0A0F7G196,0.7712885699581444,0.5,True
7wt0__A1_Q04760--7wt0__B1_Q04760,0.9039590935295858,0.5,True
3if0__A1_Q74MS9--3if0__A2_Q74MS9,0.8725074352111353,0.5,True
3qrh__A1_Q8SSM8--3qrh__A2_Q8SSM8,0.6921637759869189,0.5,True
8q70__A1_Q8U2C1--8q70__A2_Q8U2C1,0.880105732610327,0.5,True
7vso__A1_P02945--7vso__A2_P02945,0.6972012530206494,0.5,True
5f8b__A1_Q4WB03--5f8b__A2_Q4WB03,0.5505024657675383,0.5,True
8ax0__A1_A0A384E145--8ax0__B1_A0A384E145,0.9124983351048689,0.5,True
7r5y__E2_R7PD89--7r5y__A1_R7PD89,0.4492907793309566,0.5,True
7qow__B1_Q93P54--7qow__A1_Q93P54,0.6341082591556124,0.5,True
5il7__A1_Q8KC98--5il7__B1_Q8KC98,0.6104165283054075,0.5,True
3ct9__B1_Q8A1V9--3ct9__A1_Q8A1V9,0.97176352492821,0.5,True
8pvm__A1_P29166--8pvm__B1_P29166,0.867785748427149,0.5,True
8ct0__F1_S4S3E3--8ct0__A1_S4S3E3,0.7156942282238787,0.5,True
3q2j__B1_P0A3Y5--3q2j__A1_P0A3Y5,0.7980166596892161,0.5,True
7xzp__B1_A0A379CIH2--7xzp__A1_A0A379CIH2,0.8586121809019055,0.5,True
3qvf__A1_Q56187--3qvf__A2_Q56187,0.44063107220893927,0.5,True
6gxs__A1_Q7NZ70--6gxs__D1_Q7NZ70,0.5407127639151857,0.5,True
2hr8__A1_O58456--2hr8__B1_O58456,0.7423874341473542,0.4999714530402512,True
2zyf__A1_O87198--2zyf__A2_O87198,0.7036260733412257,0.5,True
7s3v__A1_Q16719--7s3v__A2_Q16719,0.9024923822158472,0.5,True
6a29__A1_O32504--6a29__B1_O32504,0.47838338089433013,0.5,True
4ml6__C1_A6GV51--4ml6__A1_A6GV51,0.8891355060327444,0.5,True
4cht__A1_Q13472--4cht__B1_Q9H9A7,0.547964106726761,0.5,False
1n4p__B1_P53610--1n4p__A1_Q04631,0.7410763730282794,0.5,False
1tec__A1_P04072--1tec__B1_P01051,0.8515404780262145,0.5,False
8p1h__A1_E7EX29--8p1h__B2_E7EX29,0.7009971369102324,0.5,True
6b9t__A1_A9A1T2--6b9t__B1_A9A1T2,0.8325121440850958,0.5,True
3g0k__A1_Q2G4A7--3g0k__A2_Q2G4A7,0.8637107165146665,0.5,True
8hy5__A1_P14920--8hy5__B1_P14920,0.8776952896047436,0.5,True
8fts__A1_R9UTR3--8fts__A2_R9UTR3,0.7362687262104406,0.5,True
1jrk__A1_Q8ZTD8--1jrk__B1_Q8ZTD8,0.7670961163507117,0.5,True
2ejn__A1_P30440--2ejn__B1_P30440,0.7307146795932239,0.5,True
8ju7__A1_Q9I2U4--8ju7__B1_Q9I2U4,0.7982843977450605,0.5,True
3nel__A1_Q52428--3nel__B1_Q52428,0.6790133287178852,0.5,True
2dc1__A1_O28440--2dc1__B1_O28440,0.6390699102363167,0.5,True
8fzk__B1_P52292--8fzk__A1_P52292,0.5655066217214829,0.5,True
3wnz__A1_P39641--3wnz__A2_P39641,0.8407975176502147,0.5,True
8e1u__A1_A0A160VN62--8e1u__F2_A0A160VN62,0.7401590224109018,0.5,True
1v7c__A1_P83823--1v7c__B1_P83823,0.764630234808989,0.49999593333929776,True
3egg__A1_P62136--3egg__C1_O35274,0.6751620444565483,0.5,False
4yke__B1_G0RYR3--4yke__A1_G0RYR3,0.3576776961432626,0.5,True
1tq9__A1_P00669--1tq9__B1_P00669,0.47162185233776777,0.5,True
4oh3__B1_Q05085--4oh3__A1_Q05085,0.6829208445749865,0.5,True
4q62__A1_Q5ZUB7--4q62__A2_Q5ZUB7,0.5302770691537702,0.5,True
2we5__A1_P0A2X7--2we5__B1_P0A2X7,0.948686558477796,0.5,True
5t51__A1_Q6CLK3--5t51__B1_Q6CPD1,0.2799706998399809,0.5,False
3i0z__A1_A0A0H2UN25--3i0z__B1_A0A0H2UN25,0.6869932907415862,0.5,True
8p6k__A1_A0A0H2UWN1--8p6k__B1_A0A0H2UWN1,0.7127281907595233,0.5,True
7z9z__A1_P02754--7z9z__A2_P02754,0.5188385067061886,0.5,True
6d0i__A1_A0A0C5XL88--6d0i__B1_A0A0C5XKJ0,0.8431165964680057,0.5,False
3gs3__A1_Q8MSU4--3gs3__A2_Q8MSU4,0.19784134230680245,0.5,True
2f4m__A1_Q9JI78--2f4m__B1_P54728,0.7684495359855672,0.5,False
4yh8__A1_Q09176--4yh8__B1_P36629,0.7282645875401799,0.5,False
1e44__B1_P00646--1e44__A1_P02984,0.56503910416696,0.5,False
2yri__A1_Q5SLX0--2yri__B1_Q5SLX0,0.9443144243382873,0.5,True
1gcj__A1_P70168--1gcj__B1_P70168,0.43277681055427336,0.5,True
7qbp__A1_A4F7B2--7qbp__A2_A4F7B2,0.9115219408490989,0.5,True
4hdd__A1_P09391--4hdd__A2_P09391,0.4142997405838247,0.5,True
3e4q__A1_P13633--3e4q__B1_P13633,0.9022959827090309,0.5,True
8ein__B1_Q6FCQ4--8ein__A1_Q6FCQ4,0.954009442973718,0.5,True
1zmb__A1_Q97LM8--1zmb__B1_Q97LM8,0.7593979454602684,0.5,True
6ygu__A1_G0RZ64--6ygu__B1_G0S1V1,0.5071264335424384,0.5,False
2yyh__A1_O67435--2yyh__B1_O67435,0.7793903362048544,0.5,True
5wk0__A1_A0A2C9TMM3--5wk0__A2_A0A2C9TMM3,0.8991557421910632,0.5048076923076923,True
8h4j__A1_W8UQZ7--8h4j__D1_W8UQZ7,0.4741231905149244,0.5,True
1z83__A1_P00568--1z83__B1_P00568,0.5695474782927253,0.5,True
8h2c__A1_Q0P8U0--8h2c__B1_Q0P8U0,0.8392316709996321,0.5,True
2dkh__A1_Q6SSJ6--2dkh__A2_Q6SSJ6,0.6028856616315471,0.5,True
7c7e__A1_A0A0H3MRW3--7c7e__A2_A0A0H3MRW3,0.40459854571826637,0.5,True
3dpt__B1_Q8KC98--3dpt__A1_Q8KC98,0.8563114309449152,0.5,True
3fgw__A1_Q3TCN2--3fgw__A2_Q3TCN2,0.589527671590827,0.5,True
7wh0__A1_Q9U2E4--7wh0__B2_Q9U2E4,0.9435194950946275,0.5,True
8dq3__A1_A0A142G3G1--8dq3__B1_A0A142G3G1,0.5027643208461225,0.5,True
6t2b__A1_B2UQL7--6t2b__C1_B2UQL7,0.9116466550131319,0.5034722222222222,True
8jh0__B1_S2D3K4--8jh0__A1_S2D3K4,0.5352339500855052,0.5,True
7t2s__A1_A0A494K842--7t2s__A2_A0A494K842,0.48609304996456826,0.5,True
3frw__B1_A5ZMD8--3frw__A1_A5ZMD8,0.709712932174449,0.5,True
5ab5__A1_C9ZUV7--5ab5__B1_C9ZUV7,0.6989062734710754,0.5,True
5myd__C2_A0A2D0TC86--5myd__A1_A0A2D0TC86,0.5707867505322437,0.5,True
5cde__A1_Q8P839--5cde__B1_Q8P839,0.803864333369918,0.5,True
6pi4__A1_A0R1Z9--6pi4__A2_A0R1Z9,0.387137295455928,0.49996552912788694,True
3ipf__A1_Q251Q8--3ipf__B1_Q251Q8,0.3210330168512588,0.5,True
2p3y__A1_Q87I71--2p3y__B1_Q87I71,0.9181344464720914,0.5,True
5jbr__A1_C5C6I1--5jbr__B1_C5C6I1,0.9343269089508734,0.4999767463491768,True
8ttz__A1_G8E2R2--8ttz__B2_G8E2R2,0.7415467083072222,0.5,True
3vba__A1_Q58673--3vba__B1_Q58673,0.8916602225986695,0.5,True
4o6y__B1_Q9SWS1--4o6y__A1_Q9SWS1,0.5245466757075584,0.5,True
4e5r__A1_Q6IRB5--4e5r__A2_Q6IRB5,0.5297737490125319,0.5,True
7ywv__A1_Q0SBK1--7ywv__C1_Q0SBK1,0.9569207080833085,0.5,True
8eer__A1_P01116--8eer__A2_P01116,0.37350808693600573,0.5,True
3f84__B1_E3PPC4--3f84__A1_E3PPC4,0.4268351456803805,0.5,True
5mu7__A1_G0S6G7--5mu7__B1_G0S6I4,0.7726727393314771,0.5,False
8hfp__B1_Q96T68--8hfp__A1_Q8N8R7,0.47332484235499783,0.5,False
4rmn__B1_Q6NC13--4rmn__A2_Q6NC13,0.8822894560229272,0.5,True
3mx1__A1_Q46944--3mx1__A2_Q46944,0.9305743155850411,0.5,True
5gl5__A1_Q06321--5gl5__B1_Q06321,0.4962519857567692,0.5,True
8e77__A1_Q1QD54--8e77__A2_Q1QD54,0.9527785398247367,0.5,True
5gl4__A1_B6YTD8--5gl4__B1_B6YTD8,0.9897853335529802,0.5097481903047817,True
7wf9__A1_Q3ZT31--7wf9__B1_Q3ZT31,0.2656180697850097,0.5,True
8fw0__B1_P39897--8fw0__A1_P39897,0.4648330995232202,0.5,True
8ou8__B1_P0A8M3--8ou8__A1_P0A8M3,0.8345130575365602,0.5,True
7acm__B1_P75811--7acm__A1_P75811,0.43685171149098667,0.5,True
4trb__A1_Q97W95--4trb__B1_Q97W95,0.5512420181592345,0.5,True
2ia9__B1_P28015--2ia9__A1_P28015,0.2964679607789149,0.5,True
3sy6__A1_Q5LE92--3sy6__B1_Q5LE92,0.6467604005898311,0.5,True
6xz3__A1_Q9H1K6--6xz3__A2_Q9H1K6,0.47809811975080785,0.5,True
2h8e__A1_P0AG74--2h8e__A2_P0AG74,0.46160284578363675,0.5,True
3gyx__A1_T2G6Z9--3gyx__B1_T2G899,0.7102453211954822,0.5,False
4e0u__A1_D1D8L6--4e0u__A2_D1D8L6,0.7357324918159082,0.5,True
6teu__A1_O60568--6teu__A2_O60568,0.8614464519380493,0.5,True
6xt5__B1_P49046--6xt5__A1_P49046,0.9584766694443413,0.5,True
8g1t__A1_Q07812--8g1t__B1_Q07812,0.24666880496818128,0.4999863964086519,True
7xp7__B1_W9FXI8--7xp7__A1_W9FXI8,0.915764215480594,0.5,True
8i55__A1_Q58380--8i55__B1_Q58380,0.9664677790163537,0.5112781954887218,True
1h65__A1_Q41009--1h65__A2_Q41009,0.7891577271422232,0.5,True
3ol4__A1_A0QRC4--3ol4__B1_A0QRC4,0.24813513187589364,0.5,True
8idq__A1_A0A0B8MZ29--8idq__C1_A0A0B8MZ29,0.8760928072964522,0.5,True
3f6g__B1_Q8F3Q1--3f6g__A1_Q8F3Q1,0.7928748496878134,0.5,True
6akj__B1_G2TRN4--6akj__A1_G2TRN4,0.725955921402018,0.5,True
3qhy__B1_O87916--3qhy__A1_Q93T42,0.9461084413759603,0.5,False
4j5p__B1_P97612--4j5p__A1_P97612,0.7624546844310669,0.5,True
4icq__A1_A0A0H2UN95--4icq__B1_A0A0H2UN95,0.9456773079347746,0.5,True
1klf__B1_P08191--1klf__A1_P31697,0.8922011522120624,0.5,False
6y4l__A1_Q15006--6y4l__B1_Q9Y3B6,0.5029295363125637,0.5,False
6dex__B1_Q74ZQ8--6dex__A1_Q75DL0,0.6042361062808653,0.5,False
2z02__A1_Q58987--2z02__B1_Q58987,0.98830306949657,0.5,True
4l7w__A1_Q7Z4H3--4l7w__A2_Q7Z4H3,0.7188904846504807,0.4999879474508859,True
6tct__A1_Q9KL67--6tct__B1_Q9KL67,0.46010421281353503,0.5,True
6sul__A1_A8FAR5--6sul__B1_A8FAR5,0.8484718444870479,0.5,True
4qqv__A1_P26954--4qqv__B1_P26954,0.43531393105082533,0.5,True
3l8d__A1_A0RD96--3l8d__A2_A0RD96,0.8874630914039361,0.5,True
7yqa__B1_A0A1C9ZZ39--7yqa__A1_A0A1C9ZZ39,0.7638090091335115,0.5,True
1b8m__B1_P34130--1b8m__A1_P23560,0.4156749618933653,0.5,False
1irq__B1_Q57468--1irq__A1_Q57468,0.8304556550040683,0.504,True
7xi6__A1_A5GXY1--7xi6__B1_A5GXY1,0.7275272260212019,0.5,True
7vrx__D1_A0A6J4AG16--7vrx__B1_A0A6J4AG16,0.948659971354888,0.5,True
6iik__A1_P54578--6iik__B1_P54578,0.7081615069755175,0.5,True
3nau__A1_Q9Y6X8--3nau__B1_Q9Y6X8,0.0966130731525594,0.5,True
3cis__B1_P9WFD7--3cis__A1_P9WFD7,0.8078554745679977,0.5,True
4jzy__B1_O77059--4jzy__A1_O77059,0.8887791321091719,0.5,True
7yxg__A1_Q9VU77--7yxg__B1_Q9VU77,0.8422596959140745,0.5,True
5cio__A1_A0A1A9TAI5--5cio__B1_A0A1A9TAI5,0.902992946409789,0.5,True
8jwj__A1_Q9DAG9--8jwj__B1_P62837,0.7529090744721996,0.5,False
6ia6__A1_A0A1C7D1B7--6ia6__A2_A0A1C7D1B7,0.5369087569681319,0.5,True
8h1g__A1_O67518--8h1g__A2_O67518,0.7662183278830303,0.5,True
7x0d__A1_A5YW95--7x0d__B1_A5YW95,0.9363109030312649,0.5,True
1ghd__B1_O86089--1ghd__A1_O86089,0.32360129893464123,0.5,True
2x6f__A1_Q9W1M7--2x6f__B1_Q9W1M7,0.6218815809628314,0.5,True
8oik__A1_Q9UPU9--8oik__C1_Q9UPU9,0.6254096563446527,0.5,True
6nxl__A1_B4DV12--6nxl__E1_B4DV12,0.4513058079121157,0.5,True
8wmy__A1_A0A4U7IGH6--8wmy__B2_A0A4U7IGH6,0.8696321143747282,0.4999870984389111,True
3trf__A1_Q83AJ3--3trf__A2_Q83AJ3,0.6140407409573058,0.5,True
5h4s__A1_A0A090BWT0--5h4s__A2_A0A090BWT0,0.5668750438786556,0.5,True
2zvb__A1_Q53WA6--2zvb__A2_Q53WA6,0.7478714832875362,0.5,True
8wa7__A1_P27302--8wa7__B1_P27302,0.7344339266082542,0.5,True
3b0z__B1_P40727--3b0z__A1_P40727,0.20419159732966902,0.5,True
4usp__A1_B3GA02--4usp__B1_B3GA02,0.5594622005687232,0.5,True
7cms__A1_P00953--7cms__B1_P00953,0.7788734829759953,0.5,True
7t8q__A1_Q7S860--7t8q__D1_Q7S860,0.6261709700655874,0.5,True
6j9k__A1_A0A425B3G2--6j9k__A2_A0A425B3G2,0.7228576567558691,0.5,True
7xp0__A1_Q9I5E1--7xp0__A2_Q9I5E1,0.5691823616345608,0.5,True
8ih4__A1_Q8WVV5--8ih4__B1_Q8WVV5,0.5858907291793393,0.5,True
1tfe__A1_P43895--1tfe__A2_P43895,0.9483581229157508,0.5,True
2a8f__A1_P15569--2a8f__B1_P15569,0.368270944741533,0.5,True
4iwq__A1_Q9UHD2--4iwq__A2_Q9UHD2,0.7379586010326664,0.5,True
5hs5__A1_Q2G0D1--5hs5__B1_Q2G0D1,0.9594530370617417,0.5097330498464446,True
3v89__A1_Q9K0U9--3v89__B1_P02787,0.7729511194829399,0.5,False
8e3g__B1_P43026--8e3g__A1_P12643,0.5876128396032583,0.5,False
2w8b__A1_P0A855--2w8b__H1_P0A912,0.40574076566472256,0.5,False
5f7p__B1_Q8YAF1--5f7p__A1_Q8YAF1,0.5797724899520995,0.5,True
8f71__B1_Q6N5G3--8f71__A1_Q6N5G3,0.9565689968758431,0.5,True
8hwi__B1_A0A327WNX5--8hwi__A1_A0A327WNX5,0.7735679394780404,0.5,True
7r3i__B1_P54292--7r3i__A1_P54292,0.7060474506775966,0.5,True
8afj__A1_A0A179QS89--8afj__B1_A0A179QS89,0.4689237926028711,0.5,True
3pub__B1_E5EVW2--3pub__A1_E5EVW2,0.9221857339239347,0.5,True
8es5__A1_A0A0H2Z732--8es5__B1_A0A0H2Z732,0.8993320027697447,0.5051020408163265,True
7txn__B1_Q8YVV6--7txn__A1_Q8YVV6,0.7023525825759255,0.5,True
3py6__A1_Q2YQ74--3py6__A2_Q2YQ74,0.9133372233637909,0.5,True
1hjr__A1_P0A814--1hjr__C1_P0A814,0.36450088012117016,0.5,True
8k3b__A1_A0A071KWR3--8k3b__A2_A0A071KWR3,0.6074287635431732,0.5,True
3w2z__A1_Q8YXY7--3w2z__A2_Q8YXY7,0.454082307737711,0.5,True
8f78__A1_P55212--8f78__B1_P55212,0.85191868126742,0.5,True
6wg4__A1_Q14683--6wg4__B1_Q9UQE7,0.5699210169734896,0.5,False
7zry__A1_O60341--7zry__B1_Q9UKL0,0.749190356146461,0.5,False
1uix__A1_Q28021--1uix__B1_Q28021,0.9044795697606278,0.5,True
7vrc__A1_P38956--7vrc__B1_P22082,0.4251597492928601,0.5,False
1oz0__A1_P31335--1oz0__B1_P31335,0.7372206228964395,0.5,True
7eft__B1_P16926--7eft__A1_P16926,0.6694645284016171,0.5,True
8e2b__B1_Q2FYI5--8e2b__A1_Q2FYI5,0.6359513256884679,0.5,True
7jw6__A1_Q9VIF1--7jw6__A2_Q9VIF1,0.7893279047436144,0.5,True
1jkw__A1_P51946--1jkw__A2_P51946,0.556174378646208,0.5,True
4pfp__B1_F1RQI7--4pfp__A1_F1RQI7,0.8289335303285736,0.5,True
8h1s__A1_Q9I5U2--8h1s__B1_Q9HX32,0.7191367444009396,0.5,False
7t0y__A1_P62136--7t0y__B1_Q14684,0.6606642891835603,0.5,False
1tz9__A1_Q82ZC9--1tz9__B1_Q82ZC9,0.7175146892918945,0.5,True
2wns__B1_P11172--2wns__A1_P11172,0.908692640298929,0.5,True
6s8v__B1_P08195--6s8v__A1_P80188,0.546165520983616,0.5,False
2gt4__A1_P32056--2gt4__B1_P32056,0.7170451738985709,0.5,True
3bof__A1_Q9WYA5--3bof__B1_Q9WYA5,0.9938924062946737,0.5,True
6trj__A1_O75475--6trj__A2_O75475,0.15151656637770147,0.5,True
8h4z__A1_A0A2X5A3P4--8h4z__B1_A0A2X5A3P4,0.7181169702566226,0.5,True
2hre__A1_P22830--2hre__B1_P22830,0.524988315731058,0.5,True
5yjc__A1_Q5HK94--5yjc__B1_Q5HK94,0.6037229392074304,0.5,True
8d6k__A1_Q9L1K2--8d6k__B1_Q9L1K2,0.6850080702524698,0.5,True
2zew__B1_Q9ZA17--2zew__A1_Q9ZA17,0.31251166208685044,0.5,True
5wpi__A1_Q58PW8--5wpi__B1_Q58PW8,0.9347303674548226,0.5,True
8fk6__A1_A0A0C9S461--8fk6__B1_P80098,0.8792966218537832,0.5,False
7tm7__A1_A0A0H3GYH4--7tm7__B1_A0A0H3GYH4,0.8755753892330054,0.5,True
7x4b__A1_A0A2D0TCG3--7x4b__B1_A0A2D0TCG3,0.7936626071267479,0.5,True
3npi__A1_Q6NFU8--3npi__B1_Q6NFU8,0.6983743411344812,0.5,True
