system_id,auroc,bacc,is_homodimer
3c07__A1_Q9KZ96--3c07__B1_Q9KZ96,0.9695924997414826,0.5,True
3iqy__A1_P28366--3iqy__A2_P28366,0.9341849999470401,0.5,True
7e76__A1_A0A3B6LNA8--7e76__B1_A0A3B6LNA8,0.6333247298327608,0.5,True
3cqc__A1_P57740--3cqc__B1_Q8WUM0,0.9488713975075405,0.5,False
7x1k__A1_Q6DL91--7x1k__B1_Q6DL91,0.49351859533614967,0.5,True
8sgd__A1_P25342--8sgd__B1_P32457,0.5957571391552375,0.5,False
3ecf__A1_Q3M5E4--3ecf__B1_Q3M5E4,0.9621865553666747,0.5,True
6j94__A1_Q93VK5--6j94__B1_Q93VK5,0.6025529947877097,0.5,True
7xsh__A1_K1KV82--7xsh__B2_K1KV82,0.738171125288561,0.5,True
8v14__A1_G5EEF9--8v14__B1_G5EEF9,0.7404398840688107,0.5,True
6r76__A1_H3ZMH8--6r76__B1_H3ZMH8,0.9402350429117317,0.5,True
8ap0__A1_A0A5S9CYM0--8ap0__A2_A0A5S9CYM0,0.9396110317337357,0.5,True
3qph__A1_Q9HGZ9--3qph__A2_Q9HGZ9,0.8401286552014304,0.5,True
3o6j__A1_O67987--3o6j__B1_O67987,0.9584101981228192,0.503473743808463,True
6o6z__A1_B6YWC3--6o6z__B1_B6YWC3,0.8870612859175371,0.4999892756793857,True
3fil__A1_P19909--3fil__B1_P19909,0.5726240976489831,0.5,True
6do2__A1_P11021--6do2__B1_P11021,0.7846529857696538,0.5,True
7f4q__B1_Q22GC0--7f4q__A1_I7M8B9,0.7432393684741968,0.5,False
4hfg__A1_Q9NQG5--4hfg__B1_Q9NQG5,0.21085147310041416,0.5,True
7yh2__A1_A0A1Q9P883--7yh2__B1_A0A1Q9P883,0.9740310093824626,0.5,True
3axs__A1_O67010--3axs__A2_O67010,0.9640766305502646,0.5,True
3cqr__A1_Q39249--3cqr__B1_Q39249,0.41026755983461105,0.5,True
3s8k__A1_P80691--3s8k__B1_P80691,0.9541145120694607,0.5,True
4oun__A1_O31418--4oun__A2_O31418,0.9003945761288599,0.5552856433996936,True
2iab__A1_Q825J7--2iab__B1_Q825J7,0.7656349239954271,0.5,True
3o3n__A1_Q5U924--3o3n__B1_Q5U923,0.8071785301168153,0.5,False
6f3z__A1_P0ADC3--6f3z__B1_P61316,0.8169019821951491,0.5,False
1hr7__A1_P11914--1hr7__B1_P10507,0.9092527960057412,0.5,False
8gko__B1_P28296--8gko__A1_P28296,0.8046517049798863,0.5,True
2gkv__A1_P00777--2gkv__B1_P68390,0.872588150791318,0.5,False
8stx__A1_Q4E4E1--8stx__B1_Q4E4E1,0.8259569590489914,0.5,True
4m36__A1_Q582G4--4m36__A2_Q582G4,0.8996212403477464,0.5,True
5wpu__A1_A0A076NBW8--5wpu__A2_A0A076NBW8,0.5933953946023308,0.5,True
5yps__A1_A0A0W4ZF97--5yps__B1_A0A0W4ZF97,0.916017272570096,0.5,True
5oge__E1_P40107--5oge__A1_P40107,0.9431543190004433,0.5,True
5fey__B1_Q13049--5fey__A1_Q13049,0.6197535437319781,0.5,True
8hce__B1_Q91XB0--8hce__A1_Q91XB0,0.7221999315656009,0.5,True
1ggp__B1_Q7SIF1--1ggp__A1_Q7SIF0,0.7170432731437029,0.5,False
5z50__A1_O05926--5z50__B1_O05926,0.8634445866461102,0.5,True
7t9u__A1_Q86WV6--7t9u__A2_Q86WV6,0.8478171762357879,0.5,True
6ey4__A1_Q5EGM3--6ey4__A2_Q5EGM3,0.8494126155061537,0.5,True
2hvg__A1_A5KBL5--2hvg__B1_A5KBL5,0.7926163436676794,0.5,True
6wp7__A1_Q82H41--6wp7__B1_Q82H41,0.9336002541583268,0.5043310620902757,True
6kfs__A1_B7FR28--6kfs__A2_B7FR28,0.41599817913772025,0.5,True
3shg__A1_E6Z0R3--3shg__B1_E6Z0R4,0.6458090019183028,0.5,False
4wjm__A1_Q2YNY7--4wjm__A2_Q2YNY7,0.802605221306361,0.5,True
8hmo__A1_A0A0H4P0S7--8hmo__B1_A0A0H4P0S7,0.8278130628437538,0.5,True
8dfk__A1_P39694--8dfk__B1_P39694,0.5992253160639033,0.5,True
6n91__A1_Q9KNI7--6n91__B1_Q9KNI7,0.9341732297590642,0.5,True
1dev__A1_Q15796--1dev__B1_O95405,0.5954154408642293,0.5,False
8c9j__B1_P15559--8c9j__A1_P15559,0.9397954846613497,0.5,True
3rd7__B1_A0A0H2ZY91--3rd7__A1_A0A0H2ZY91,0.8912800662209031,0.5,True
5x1j__A1_G2IQS7--5x1j__A2_G2IQS7,0.957925373401516,0.5,True
3r2p__A1_P02647--3r2p__A2_P02647,0.795243306262814,0.5,True
1pdk__A1_P15319--1pdk__B1_P62532,0.7501259173699182,0.5,False
7bjg__A1_Q8IGY1--7bjg__A2_Q8IGY1,0.7652247384465849,0.5,True
3kcp__A1_Q06851--3kcp__B1_A3DF10,0.8520721232010883,0.5,False
7bbq__A1_Q6I6B7--7bbq__A2_Q6I6B7,0.9850270085266588,0.5504962723768991,True
3dpj__E1_Q5LS67--3dpj__F1_Q5LS67,0.775903245385003,0.5,True
6okh__A1_Q04QG8--6okh__B1_Q04QG8,0.639890616799887,0.5,True
7tq1__A1_P0AC13--7tq1__A2_P0AC13,0.7197059473553167,0.5,True
7t5y__A1_P0A7E1--7t5y__B1_P0A7E1,0.9646002040140998,0.5,True
5o47__A1_J7HDY4--5o47__A2_J7HDY4,0.7766500098397939,0.5,True
1oo0__A1_P49028--1oo0__B1_Q9V535,0.6819343810311552,0.5,False
3edj__A1_Q8KKG0--3edj__B1_Q8KKG0,0.7009231496541275,0.5,True
5yr0__A1_O88597--5yr0__B1_Q8K245,0.9853294148990864,0.5,False
5c21__A1_P09986--5c21__B1_P09986,0.649894135655678,0.5,True
2gok__A1_Q8U8Z6--2gok__B1_Q8U8Z6,0.9384522731361168,0.5,True
1ww1__A1_Q9WZW8--1ww1__B1_Q9WZW8,0.43729706065093793,0.5,True
1fm0__B1_P30749--1fm0__A1_P30748,0.9175973981713196,0.5,False
4jgo__B1_O31671--4jgo__A1_O31671,0.7500005258742133,0.5,True
3l2k__A1_Q8GPH0--3l2k__B1_Q8GPH0,0.6443073727312805,0.5,True
1yov__A1_Q13564--1yov__B1_Q8TBC4,0.7700881056788806,0.5,False
7zvd__A1_P11413--7zvd__A2_P11413,0.9437333883438399,0.5,True
8grh__B1_P51553--8grh__A1_P50213,0.8693200819814404,0.5,False
1lxd__A1_Q03386--1lxd__B1_Q03386,0.38320099239319194,0.5,True
5m97__A1_Q10113--5m97__B1_Q10113,0.9886604287505298,0.5,True
7ax1__A1_Q9ULM6--7ax1__B1_Q9UIV1,0.7429292382527195,0.5,False
8d4w__A1_A0A8B4R830--8d4w__A2_A0A8B4R830,0.5121657458502628,0.5,True
7ynw__B2_Q57834--7ynw__A1_Q57834,0.9528384638233284,0.5,True
4rgp__A1_Q8DTU7--4rgp__B1_Q8DTU7,0.9182359069330124,0.5,True
8twd__C1_P0AEV1--8twd__A1_W8SRD3,0.5958930236738913,0.5,False
3fb9__A1_A0A0H2US72--3fb9__B1_A0A0H2US72,0.7513175486263854,0.5,True
8a39__A1_A0A024L404--8a39__C2_A0A024L404,0.670619247256316,0.5,True
3ps8__A1_P01034--3ps8__A2_P01034,0.3478517688145386,0.5,True
7vwp__A2_A0A136PK59--7vwp__B1_A0A136PK59,0.9969276433440228,0.5,True
3a7p__A1_Q03818--3a7p__B1_Q03818,0.893098823599446,0.5,True
4ql6__A1_A0A0H3MDM0--4ql6__C1_A0A0H3MDM0,0.8806907191332368,0.5,True
5nck__A1_Q8RDN7--5nck__B1_Q8RDN7,0.9403249246770469,0.5,True
3w8i__A1_Q9BUL8--3w8i__B1_Q9P289,0.8618226570596654,0.5,False
4oky__A1_Q52612--4oky__A2_Q52612,0.7670516946391875,0.5,True
7x20__A1_P54708--7x20__B1_P07340,0.8090323010999971,0.5,False
3hnw__A1_D0VWZ2--3hnw__B1_D0VWZ2,0.9009130097007281,0.5,True
8r37__A1_A0A086IRG1--8r37__B1_A0A086IRG1,0.8522219021405563,0.49981692645674236,True
1rqg__A1_Q9V011--1rqg__A2_Q9V011,0.7837343298155013,0.5,True
8brl__A1_F7J213--8brl__A2_F7J213,0.8744898965801176,0.5,True
7qiu__A1_P94538--7qiu__B1_P94538,0.9466498037158972,0.5,True
6sjs__A1_B8FUR2--6sjs__B1_B8FUR2,0.9688840427419383,0.5,True
8hlg__A1_Q9RR88--8hlg__B1_Q9RR88,0.6028474903647278,0.5,True
6mpc__A1_B3DQP5--6mpc__B1_B3DQP5,0.7105901928137233,0.5,True
7pcr__A1_P56185--7pcr__A2_P56185,0.7472335348180984,0.5,True
3bvq__B1_Q2I6W2--3bvq__A1_Q2I6W2,0.9073603193741543,0.5,True
6bsu__A1_Q9LZJ3--6bsu__B1_Q9LZJ3,0.6681955168161624,0.5,True
4e5u__B1_Q9HZN8--4e5u__A1_Q9HZN8,0.9377050317051944,0.506578947368421,True
8a52__A1_P23222--8a52__B1_P23222,0.8998159736097333,0.5,True
1d0v__A1_Q05603--1d0v__A2_Q05603,0.9102383856033491,0.49999605017853194,True
3gwq__A1_Q145Q0--3gwq__B1_Q145Q0,0.9089432162406779,0.5,True
1yhc__A1_O67648--1yhc__B1_O67648,0.5960810591385923,0.5,True
7lxs__A1_Q8ZMZ2--7lxs__C1_Q8ZMZ2,0.780343049319947,0.5,True
6w08__B1_Q9KL63--6w08__A1_Q9KL63,0.7691967717709149,0.5,True
7wrm__A1_D0IVL9--7wrm__B1_D0IVL9,0.2834315175109559,0.5,True
2yww__B1_Q58801--2yww__A1_Q58801,0.986503543858065,0.519932282966909,True
3lm6__A1_P40869--3lm6__B1_P40869,0.9543451602769326,0.5032894736842105,True
7trw__A1_A0A380PDL3--7trw__A2_A0A380PDL3,0.7388734892987956,0.5,True
8syc__A1_Q13370--8syc__B1_Q13370,0.44094775340078285,0.5,True
1gk6__A1_P03069--1gk6__B1_P03069,0.9189629540156561,0.5,True
1reo__A1_Q6STF1--1reo__A2_Q6STF1,0.9646282228153723,0.5,True
6s3b__A1_Q88JK6--6s3b__B1_Q88JK6,0.8628654661367229,0.5,True
7tl5__A1_A0A3F3B310--7tl5__B1_A0A3F3B310,0.8101390152711097,0.5,True
2asf__A1_P9WLL7--2asf__A2_P9WLL7,0.8090953320838378,0.5,True
8ilj__A1_A0A242MJ43--8ilj__B1_A0A242MJ43,0.9444856835072918,0.5,True
4usc__A1_A0A0A0Y4H8--4usc__B1_A0A0A0Y4H8,0.8776760426442116,0.5,True
5yp3__A1_Q6F3I7--5yp3__B1_Q6F3I7,0.8476006721532396,0.5,True
8aid__A1_Q9HWJ8--8aid__B1_Q9HWJ8,0.5583721439742819,0.5,True
7yp6__B1_E5L4T5--7yp6__A1_E5L4T5,0.8354216740641603,0.5,True
4aql__A1_Q9Y2T3--4aql__A2_Q9Y2T3,0.9601362701789975,0.5,True
3idf__A1_O34252--3idf__B1_O34252,0.4470931765450328,0.5,True
8fjr__A1_D1A807--8fjr__B1_D1A807,0.7798558743767436,0.5,True
7z56__B1_F0NGX6--7z56__A1_F0NGX6,0.9176809464611103,0.5,True
7olf__A1_A9CEY7--7olf__B1_A9CEY7,0.7103952993336136,0.5,True
3zta__A1_Q2RIF4--3zta__A2_Q2RIF4,0.9680975373952108,0.5,True
3abi__A1_O59312--3abi__B1_O59312,0.7650354453376202,0.5,True
5ab8__A1_P9WN25--5ab8__A2_P9WN25,0.594340638472807,0.5,True
1guq__A1_P09148--1guq__B1_P09148,0.9215360463216804,0.5,True
6zdw__B1_A0A162MUP0--6zdw__A1_A0A162MUP0,0.8375592243348354,0.5,True
8csd__A1_Q6U8B0--8csd__A2_Q6U8B0,0.938318151419173,0.5,True
8bfr__A1_P30177--8bfr__A2_P30177,0.8418585242851198,0.5,True
7yk3__A1_O53604--7yk3__B1_O53605,0.782963440335438,0.5,False
6xiv__A1_P16114--6xiv__B2_P16114,0.9257416374220294,0.5,True
8ajx__A1_P17117--8ajx__A2_P17117,0.7046904555446323,0.5,True
8ayj__A1_D5EHC5--8ayj__B1_D5EHC5,0.959542605739987,0.5,True
8a6e__B2_P02699--8a6e__A1_P02699,0.8700349298649428,0.5,True
4jb7__A1_Q9KTQ6--4jb7__A2_Q9KTQ6,0.7533620768736813,0.5,True
6h3f__A1_A0A0H3JT80--6h3f__A2_A0A0H3JT80,0.7503837692100106,0.5,True
6wxw__A1_F2NWD3--6wxw__B1_F2NWD3,0.8744018722955398,0.5,True
2zw2__A1_F9VNF4--2zw2__B1_F9VNF4,0.5835689380521116,0.49891109403023315,True
2wo2__A1_P54764--2wo2__B1_P52799,0.5815326833347948,0.5,False
1ord__A1_P43099--1ord__B1_P43099,0.9141303809929716,0.5,True
7zcm__A1_P42196--7zcm__B1_P42259,0.9255398565694248,0.5,False
8aa9__A1_Q9V1Y9--8aa9__B1_Q9V1Y9,0.6475586207646971,0.5,True
4i6y__B1_P13702--4i6y__A1_P13702,0.823956340018748,0.5,True
1vh4__B1_P77689--1vh4__A1_P77689,0.738158766870214,0.5,True
3ocd__A1_D7A6E5--3ocd__B1_Q7BQR5,0.8158597193822708,0.5,False
8pq7__A1_M1C5B8--8pq7__B1_D0N0Z8,0.5477687705720132,0.5,False
5abr__A1_P82802--5abr__B1_P82802,0.9522416234072676,0.5,True
2zmf__A1_Q9Y233--2zmf__B1_Q9Y233,0.7007646000819646,0.5,True
2vzk__B1_P0DJQ5--2vzk__A1_P0DJQ5,0.27943819954797283,0.5,True
7wm5__A1_A0A0C2W699--7wm5__A2_A0A0C2W699,0.9229648782157388,0.5,True
1zee__A1_Q8E972--1zee__B1_Q8E972,0.8438300774453613,0.5,True
1f3u__B1_P35269--1f3u__A1_P13984,0.8129585253266691,0.5,False
7tvh__B1_Q9I2Q1--7tvh__A1_Q9I2Q1,0.7887234891141142,0.5,True
5vgm__B1_Q9KL24--5vgm__A1_Q9KL24,0.9842184736445864,0.5,True
4zzh__A1_Q96EB6--4zzh__A2_Q96EB6,0.47159496453072225,0.5,True
6m4v__A1_P0AEX9--6m4v__B1_P62942,0.80230260779318,0.5,False
7y28__A1_P07814--7y28__B1_P07814,0.7134984392543908,0.5,True
2plg__A1_Q8DKM0--2plg__B1_Q8DKM0,0.7257016531225904,0.5,True
7y7u__A1_A0A222F232--7y7u__B1_A0A222F232,0.8970581968519304,0.5,True
3fgc__A1_P07740--3fgc__B1_P07739,0.8846034703880736,0.5,False
1rve__A1_P04390--1rve__B1_P04390,0.8932851358426235,0.5,True
7zy1__A1_Q9F8A8--7zy1__A2_Q9F8A8,0.8463671258604586,0.5,True
3jxo__B1_A0A0F6AN26--3jxo__A1_A0A0F6AN26,0.8974324993676757,0.5,True
8dqb__A1_A0A0H3FX83--8dqb__A2_A0A0H3FX83,0.7563020322920062,0.5,True
5l16__A1_Q4Q0M0--5l16__A2_Q4Q0M0,0.9236399765814425,0.5,True
3qt7__A1_Q9FD73--3qt7__B1_Q9FD73,0.5576567261475888,0.5,True
4aye__D1_Q9JXV4--4aye__A1_P08603,0.7099166344828802,0.5,False
7r3n__A1_P43432--7r3n__B1_P43432,0.9635568824918676,0.5,True
7a0x__B1_Q8ZRZ3--7a0x__A1_Q8ZRZ3,0.9732253202140645,0.5,True
7wjk__A1_P93836--7wjk__A2_P93836,0.7400142293270757,0.5,True
7g99__B1_Q92974--7g99__A1_P61586,0.6173743673260654,0.5,False
5x8z__A1_A3QAQ5--5x8z__B1_A3QAQ5,0.5275720800749335,0.5,True
6dt3__B1_A0A1W1Q5B1--6dt3__A1_A0A1W1Q5B1,0.7358113796033005,0.5,True
7u0r__B1_M9SC49--7u0r__A1_M9SC49,0.7052642311628038,0.5,True
7wbt__A1_Q288C4--7wbt__B1_Q288C4,0.92725433245379,0.5,True
7txe__A1_Q8I6T6--7txe__B1_Q8I6T6,0.27380376340928897,0.5,True
6pyp__A1_P21695--6pyp__B1_P21695,0.8863582076896233,0.503968253968254,True
8b2d__A1_F5SYD3--8b2d__B1_F5SYD3,0.8576883600607993,0.5,True
1vmg__A1_Q97U11--1vmg__A2_Q97U11,0.6076099717388965,0.49992615566386056,True
6b8l__B1_P0DP23--6b8l__A1_P56696,0.7801646630981245,0.5,False
8sj5__A1_A0A2I4FN75--8sj5__C1_A0A2I4FN75,0.304896083685553,0.5,True
3nr1__A1_Q8N4P3--3nr1__B1_Q8N4P3,0.9589306182749724,0.5,True
3h3l__A1_A6LFX0--3h3l__A2_A6LFX0,0.961627585996538,0.5,True
6jdh__A1_A0A2K0XYW4--6jdh__B1_A0A2K0XYW4,0.9133918423622452,0.5,True
3vjz__A1_Q9K0P4--3vjz__B1_Q9K0P4,0.32832178062152223,0.5,True
3et4__A1_Q4QMM5--3et4__A2_Q4QMM5,0.8847139115990093,0.5,True
5or3__A1_Q2UNF9--5or3__D1_Q2UNF9,0.8901733113439141,0.5,True
3fh3__B1_A0A6L8PES2--3fh3__A1_A0A6L8PES2,0.2699552161291864,0.5,True
1go3__A1_Q57840--1go3__B1_Q60351,0.7810666666666666,0.5,False
3zxq__B1_P9WGK1--3zxq__A1_P9WGK1,0.37343433244670443,0.5,True
1zlh__A1_P00730--1zlh__B1_Q5EPH2,0.5679782067401327,0.5,False
4h1h__A1_Q8Y6P6--4h1h__B1_Q8Y6P6,0.9151566864649969,0.5,True
2gh1__A1_Q81E32--2gh1__B1_Q81E32,0.9138841573916358,0.5,True
7dl7__F1_B0VJ11--7dl7__A1_B0VJ11,0.7956673517082589,0.5,True
7yu0__B1_Q79F77--7yu0__A1_Q79F77,0.718593820389157,0.5,True
3cbu__B1_Q473P3--3cbu__A1_Q473P3,0.9312218180823206,0.5,True
3ihk__A1_Q8DVV9--3ihk__A2_Q8DVV9,0.8604093924320965,0.5,True
4y67__A1_Q8IKG4--4y67__B1_Q8IKG4,0.9527759381330413,0.5,True
6ejp__B1_P69986--6ejp__A1_P69986,0.25969225926620604,0.5,True
1poy__A1_P0AFK9--1poy__B1_P0AFK9,0.9024917630343453,0.5,True
3a7o__A1_Q03818--3a7o__B1_Q03818,0.906023560820009,0.5,True
5n47__B1_P02751--5n47__A1_P80188,0.6596510676897454,0.5,False
8ejm__A1_O43143--8ejm__B1_Q8IWZ8,0.6374513917978071,0.5,False
7jl6__A1_Q9L523--7jl6__B1_Q9L523,0.8009442984559881,0.5,True
1npd__B1_P0A6D5--1npd__A1_P0A6D5,0.8383556376127783,0.5,True
8h0h__A1_P9WLU7--8h0h__C1_P9WLU7,0.3504391873110362,0.5,True
3t8l__A1_Q7CUX4--3t8l__B1_Q7CUX4,0.7455977637999348,0.5,True
7ol3__B1_Q8WXF7--7ol3__A1_Q8WXF7,0.6973280756183634,0.5,True
3ent__A1_Q2YAE2--3ent__B1_Q2YAE2,0.8930469583449945,0.5,True
2y4g__A1_D3Y1I2--2y4g__B1_D3Y1I2,0.8273544425192838,0.5,True
7ec7__A1_A0A0H2XGN0--7ec7__A2_A0A0H2XGN0,0.6776174502556847,0.5,True
2o11__A1_P9WPY1--2o11__A2_P9WPY1,0.797262744710235,0.5,True
8abq__A1_Q13596--8abq__B1_Q9Y5X3,0.9752982275697902,0.5,False
2sak__A1_P68802--2sak__A2_P68802,0.5862327572140428,0.5,True
8h5e__A1_Q5SMG8--8h5e__B1_Q5SMG8,0.9178202351833135,0.5,True
8bgm__B1_A0A5P3XKL3--8bgm__A1_A0A5P3XKM0,0.8952250072378154,0.5,False
2ps8__A1_P13513--2ps8__B1_P13513,0.7783966895344843,0.5,True
6awl__A1_O75208--6awl__B1_O75208,0.9410457963089542,0.5,True
4qds__A1_O60462--4qds__B1_O60462,0.2419220411652923,0.5,True
6qky__B1_Q97P33--6qky__A1_Q97P33,0.3712891627004742,0.5,True
7nli__B1_P08405--7nli__A1_P08405,0.7089961207292409,0.5,True
8p3m__A1_W0DP94--8p3m__B1_W0DP94,0.9210478038896035,0.5,True
5v7y__A1_A0A4Y1WAP5--5v7y__B1_A0A4Y1WAP5,0.7244256975785716,0.5,True
4aps__A1_Q5M4H8--4aps__B1_Q5M4H8,0.6706493495356276,0.5,True
7ucn__A1_P50120--7ucn__B1_P50120,0.5003652278972651,0.5,True
1ni5__A1_P52097--1ni5__A2_P52097,0.9311969469099987,0.5,True
4a5o__B1_Q9I2U6--4a5o__A1_Q9I2U6,0.941668000514811,0.5,True
8q5k__A1_A0A0H2Z7A6--8q5k__A2_A0A0H2Z7A6,0.6820781437234468,0.5,True
1ww5__A1_Q6WY08--1ww5__D1_Q6WY08,0.828875260960334,0.5,True
7ww2__A1_A0A4Q9D6T1--7ww2__B1_A0A4Q9D6T1,0.9457215802548469,0.5,True
2pfk__A1_P0A796--2pfk__B1_P0A796,0.8103853501711067,0.5,True
1i2m__B1_P18754--1i2m__A1_P62826,0.6884750562333257,0.5,False
8i2e__A1_O34841--8i2e__B1_P54421,0.755762000198761,0.5,False
3pfl__A1_P09373--3pfl__B1_P09373,0.9427105921899506,0.5,True
6gho__B1_Q5L1S1--6gho__A1_O31602,0.6798115417158128,0.5,False
1glj__A1_P0A6F3--1glj__B1_P0A6F3,0.8714614805506212,0.5,True
4zq8__B1_A0A0M3KL36--4zq8__A1_A0A0M3KL36,0.8240670727584254,0.5,True
5h4h__B1_O58236--5h4h__A1_O58236,0.5834820101100209,0.5,True
4iv9__A1_P06617--4iv9__B1_P06617,0.9267723671472545,0.5,True
6sdk__A1_P26497--6sdk__B1_P26497,0.47572257266231255,0.5,True
2fq4__A1_Q81BJ4--2fq4__A2_Q81BJ4,0.9060012311306237,0.5,True
7zeq__B1_Q9WXT1--7zeq__A1_Q9WXT1,0.9110808373931436,0.5,True
5z5h__A1_Q2I2N4--5z5h__A2_Q2I2N4,0.8312540235868076,0.5,True
2fe1__A1_Q8ZZP3--2fe1__A2_Q8ZZP3,0.7382836605169364,0.5,True
7wik__B1_A0R1E6--7wik__A1_A0R1E6,0.6764735138506538,0.5,True
7t8o__B1_Q8Y8Y9--7t8o__A1_Q8Y8Y9,0.9037368820243215,0.5,True
7t91__A1_P08151--7t91__B1_P08151,0.06392436264974131,0.5,True
3lg6__A1_D2YW48--3lg6__B1_D2YW48,0.9740183633885001,0.5,True
2o9a__A1_P16528--2o9a__D1_P16528,0.9624267269138203,0.5,True
1zhq__A1_Q9RHG4--1zhq__B1_Q9RHG4,0.6260976908286919,0.5,True
2e0k__B1_Q8KFD9--2e0k__A1_Q8KFD9,0.8721373149988955,0.5,True
6izb__A1_P13693--6izb__A2_P13693,0.6634097759059662,0.5,True
3a2f__A1_P61875--3a2f__B1_O73947,0.9285475010607709,0.5,False
3vf0__B1_Q8IY67--3vf0__A2_P18206,0.5387527718895129,0.5,False
8ehe__A1_A0A0A7KVG3--8ehe__B1_A0A1D3UUC0,0.6427649792041242,0.5,False
6hpc__A1_P67697--6hpc__B1_P67697,0.8692352007504563,0.5241935483870968,True
2x3o__A1_Q9I585--2x3o__B1_Q9I585,0.6351339572803563,0.5,True
5y40__A1_P55892--5y40__B1_P55892,0.6683192050912442,0.5,True
1y42__A1_P12063--1y42__A2_P12063,0.9317645594498117,0.5,True
2e91__A1_Q12051--2e91__B1_Q12051,0.9549548923636471,0.5,True
3iuw__B1_Q8KUB7--3iuw__A1_Q8KUB7,0.7183132106314081,0.5,True
8e7y__A1_Q9RFC8--8e7y__B1_Q9RFC8,0.9374690999034924,0.5,True
4kzn__A1_P15692--4kzn__A2_P15692,0.8035398897586425,0.5,True
7z7o__A1_A0A1S4NYF2--7z7o__C1_A0A1S4NYF2,0.8854071876057841,0.5,True
8brp__A1_D8G6F7--8brp__B1_D8G6F7,0.8629973530266625,0.5,True
3qir__A1_Q8TC59--3qir__A2_Q8TC59,0.2626927926746628,0.5,True
8bay__A1_O75874--8bay__B1_O75874,0.9024669016412001,0.5,True
6mhm__B1_Q13510--6mhm__A1_Q13510,0.4326334169194599,0.5,True
8bj7__A1_P07598--8bj7__B1_P07603,0.7781537827976289,0.5,False
8b80__A1_W8QF82--8b80__B1_W8QF82,0.941820594129088,0.5,True
5wxx__A1_Q9RNB4--5wxx__A2_Q9RNB4,0.6814848319459546,0.5,True
8f7l__A1_P43490--8f7l__B1_P43490,0.8227646324495472,0.5,True
3cz1__A1_Q9U9J6--3cz1__B1_Q9U9J6,0.5650635048088428,0.5,True
8a0c__A1_Q2ERG0--8a0c__B1_Q2ERG0,0.9345060430359331,0.5,True
5mpy__A1_Q9LPZ1--5mpy__B1_Q9LPZ1,0.5406616562143196,0.5,True
1anu__A1_Q06851--1anu__A2_Q06851,0.8186423155736756,0.5,True
3vs8__A1_C1DM33--3vs8__C1_C1DM33,0.9229259909864078,0.5,True
7zi8__A1_P27707--7zi8__A2_P27707,0.9564285621742479,0.5,True
1peu__A1_Q08698--1peu__A2_Q08698,0.9413798346497785,0.5,True
5uk5__B1_Q63722--5uk5__A1_Q07008,0.6421664582673389,0.5,False
7vg5__A1_Q49135--7vg5__B1_Q49135,0.8528897197425263,0.5093051700656941,True
4jkz__A1_A0R6I8--4jkz__A2_A0R6I8,0.640570738652675,0.5,True
4aa8__A1_P00794--4aa8__A2_P00794,0.9623095948357228,0.5,True
5yew__A1_Q8IWA4--5yew__B1_Q8IWA4,0.4497282759366963,0.5,True
1hf2__B1_Q9X0D7--1hf2__A1_Q9X0D7,0.9890957257028686,0.5089285714285714,True
3au0__A1_Q7A382--3au0__A2_Q7A382,0.11264617442867389,0.5,True
3gif__A1_O34757--3gif__B1_O34757,0.9540264667947133,0.5,True
4axv__A1_A7N805--4axv__A2_A7N805,0.8558503657124127,0.5,True
5c6u__A1_O69689--5c6u__A2_O69689,0.8910158988743905,0.5,True
4nv4__A1_A0A6L7HM74--4nv4__A2_A0A6L7HM74,0.40900513165082986,0.5,True
6axf__A1_Q7LDG7--6axf__B1_P61224,0.6154457171187635,0.5,False
5yf1__B1_Q8N4J0--5yf1__A1_Q8N4J0,0.8574680352037776,0.5,True
8j83__A1_C5ATT7--8j83__B1_C5ATT6,0.8934009063972493,0.5,False
3fjy__B1_A0ZZM4--3fjy__A1_A0ZZM4,0.9627671172077538,0.5,True
4rg1__A1_Q5T280--4rg1__B1_Q5T280,0.9088085031175384,0.5042735042735043,True
1ux4__A1_P41832--1ux4__A2_P41832,0.541084882455491,0.5,True
6rbm__A1_P0ACT4--6rbm__A2_P0ACT4,0.9571737439962046,0.5,True
7wis__A1_P46881--7wis__B1_P46881,0.8356018949818186,0.5,True
5a3l__A1_A0A1A9TAD0--5a3l__C1_A0A1A9TAD0,0.452296430111086,0.5,True
2gz4__A1_Q7D028--2gz4__C1_Q7D028,0.8944966329511324,0.5,True
7xyv__A1_Q9C0D3--7xyv__B1_Q9C0D3,0.42742444799939183,0.5,True
2f9w__A1_Q9HWC1--2f9w__B1_Q9HWC1,0.7805756902699058,0.5,True
2ox1__A1_O30011--2ox1__B1_O30011,0.6722025481336753,0.5,True
2guh__A1_Q0S8Y3--2guh__B1_Q0S8Y3,0.5650735031850267,0.5,True
7br1__A1_A0A7I6N400--7br1__B1_A0A7I6N400,0.9213802260342623,0.5,True
2p04__A1_D0VWX5--2p04__B1_D0VWX5,0.9438843461173124,0.5,True
4h5b__A1_Q9RUY5--4h5b__B1_Q9RUY5,0.7513472529167924,0.5,True
4e1o__A1_P19113--4e1o__B1_P19113,0.6582820316338825,0.5,True
7pu4__B1_Q9X053--7pu4__A1_Q9X053,0.3532632844411393,0.5,True
3m1u__A1_Q72DN3--3m1u__B1_Q72DN3,0.6942428488642876,0.5,True
7qii__A1_P0C2N2--7qii__B1_P0C2N4,0.8494791016322464,0.5,False
6ird__A1_Q91UZ1--6ird__B1_Q8NI35,0.6823634789525251,0.5,False
6gg2__A1_Q4WD43--6gg2__A2_Q4WD43,0.9105478992652613,0.5,True
6oei__A1_Q8KG60--6oei__A2_Q8KG60,0.758101189747268,0.5,True
8hyi__A1_P22223--8hyi__B1_P22223,0.7549859545224707,0.5,True
4b8v__A1_B3VBK9--4b8v__A2_B3VBK9,0.5505655410049851,0.5,True
4lqb__A1_D2Q399--4lqb__B1_D2Q399,0.7792638287488153,0.5,True
2vxb__A1_P87074--2vxb__B1_P87074,0.13788296862272528,0.5,True
1t72__A1_O67053--1t72__B1_O67053,0.961677768440901,0.49997950441679817,True
3soo__A1_Q5T7N2--3soo__A2_Q5T7N2,0.6993839855081566,0.5,True
5z1o__A1_D0VWU8--5z1o__B1_D0VWU8,0.5102035922742426,0.5,True
6h40__A1_K5B7F3--6h40__A2_K5B7F3,0.8903406646885172,0.5,True
2etk__A1_Q13464--2etk__B1_Q13464,0.869322488090926,0.5,True
2p69__A1_Q96GD0--2p69__A2_Q96GD0,0.7878226950229966,0.5,True
4doy__A1_Q6WNP1--4doy__C1_Q6WNP1,0.929086967166153,0.4999942454323119,True
6zxw__A1_O29011--6zxw__B1_A0A117KMN5,0.44122579794315175,0.5,False
3lhk__A1_Q60329--3lhk__B1_Q60329,0.9413806357551524,0.5,True
1qpa__A1_P11542--1qpa__B1_P11542,0.8839646879100793,0.5,True
6e52__A1_P03069--6e52__B1_P03069,0.9175156109839704,0.5,True
1fwl__A1_Q58504--1fwl__B1_Q58504,0.9655314419613602,0.5,True
5nkk__A1_O62301--5nkk__B1_Q9XWJ1,0.8139697252936526,0.5,False
1ygt__A1_Q94524--1ygt__A2_Q94524,0.9540195965745385,0.5763209349118387,True
6p40__A1_M1GSK9--6p40__B1_M1GSK9,0.8889907512048992,0.5,True
2wyn__B1_P13482--2wyn__D1_P13482,0.6902281676134648,0.5,True
7yui__A1_P0CG48--7yui__B1_Q9BYM8,0.6845251832241263,0.5,False
8dml__B1_Q87GI3--8dml__A1_Q87GI4,0.8200494120975081,0.5,False
2oi2__A1_A0A0H2UNK6--2oi2__A2_A0A0H2UNK6,0.9338865594875211,0.5,True
4wud__A1_P0AES6--4wud__A2_P0AES6,0.9101435397814049,0.5,True
5yzj__A1_A8K0B5--5yzj__B1_A8K0B5,0.498820528857547,0.5,True
8f61__A1_Q28943--8f61__B1_Q28943,0.8380266781448918,0.5,True
5ho3__A1_W6KHH6--5ho3__B1_W6KHH6,0.821098939812949,0.5,True
1u5i__A1_Q07009--1u5i__B1_Q64537,0.8607759917210602,0.5,False
1cmc__A1_P0A8U6--1cmc__B1_P0A8U6,0.8522188579992048,0.503968253968254,True
6oe2__A1_Q8A9F0--6oe2__A2_Q8A9F0,0.34394110594882843,0.5,True
3gzi__A1_A3QIY5--3gzi__A2_A3QIY5,0.8965107860048127,0.5,True
8pr6__B1_A0A1Q6BKH4--8pr6__A1_A0A1Q6BKH4,0.5413531904437962,0.5,True
8j64__A1_Q967S9--8j64__B1_O00816,0.22988290932468675,0.5,False
8ohw__A1_Q63T97--8ohw__B1_Q63T97,0.6542337392493315,0.5,True
5y4r__A1_O87131--5y4r__B1_Q9HVI1,0.580380200850634,0.5,False
3ddh__A1_Q8A5Q8--3ddh__B1_Q8A5Q8,0.9164863596252417,0.5,True
8d3t__B1_A0A2K2AMS7--8d3t__A1_A0A2K2AMS7,0.5264278776517237,0.5,True
1zk8__A1_Q815X4--1zk8__B1_Q815X4,0.8499214753151367,0.5,True
2w82__A1_Q47730--2w82__B1_Q47730,0.7396364209530815,0.5,True
6l08__A1_O65896--6l08__B1_O65896,0.9674535401532491,0.5,True
4p94__B1_Q4J9K8--4p94__A1_Q4J9K8,0.9326491286863272,0.5,True
4yii__A1_O00762--4yii__B1_Q9UJX6,0.5495596793333927,0.5,False
4rus__A1_P68512--4rus__B1_P68512,0.6523408952767511,0.5,True
2o48__A1_Q9TQS6--2o48__A2_Q9TQS6,0.5057470348204594,0.5,True
7pvw__B1_P00523--7pvw__A1_P00523,0.37992384048631034,0.5,True
2wcu__A1_Q8R2K1--2wcu__B1_Q8R2K1,0.4852662142053497,0.5,True
2p35__A1_Q8UH15--2p35__B1_Q8UH15,0.7976403191179765,0.5,True
5jj8__A1_Q9HVB9--5jj8__A2_Q9HVB9,0.7536912266151111,0.5,True
6ije__A1_A0A083ZID3--6ije__B1_A0A083ZID3,0.7251361895771459,0.5,True
8avu__A1_Q8GPI4--8avu__A2_Q8GPI4,0.891363780252669,0.5,True
7xdu__B1_A0A1I1Z0X1--7xdu__A1_A0A1I1Z0X1,0.8216255030925088,0.5,True
1xr4__A1_Q8ZRY1--1xr4__B1_Q8ZRY1,0.819304714499054,0.5,True
2fuq__A1_C6XZB6--2fuq__B1_C6XZB6,0.8846182080326375,0.5,True
5xrw__A1_O25306--5xrw__C1_O25674,0.9372126353642644,0.5,False
5l0o__A1_P46940--5l0o__B1_P46940,0.23888182076161157,0.5,True
2zcx__A1_Q9FBX0--2zcx__A2_Q9FBX0,0.8996220876691171,0.5,True
5way__A1_Q97P44--5way__B1_Q97P44,0.8306879457793941,0.5,True
7xey__A1_Q9SU72--7xey__B1_Q9S745,0.8631868000519358,0.5,False
4xlo__C1_Q9KHK2--4xlo__A1_Q9KHK2,0.7111007386889643,0.5,True
6kd6__B1_Q9VAA9--6kd6__A1_Q9VAA9,0.25075862730314,0.5,True
8k72__A1_Q9NWT6--8k72__A2_Q9NWT6,0.838869090228882,0.5,True
8b5v__A1_Q4E4A3--8b5v__B1_Q4E4A3,0.6930658807204226,0.5,True
4yo3__A1_D3GUX1--4yo3__A2_D3GUX1,0.8846544651901505,0.5,True
8p8p__A1_P49773--8p8p__B1_P49773,0.8366479496966139,0.5,True
6hrx__A1_O53623--6hrx__B1_O53623,0.9709890709444314,0.551195252184762,True
3mdo__A1_A6LDR8--3mdo__B1_A6LDR8,0.9216040396921908,0.5,True
8iw0__A1_Q14678--8iw0__B1_Q14678,0.5396522047298714,0.5,True
2rb7__A1_Q313A9--2rb7__B1_Q313A9,0.9024743828721293,0.5,True
3lsj__A1_Q9HUS3--3lsj__B1_Q9HUS3,0.8589537162727103,0.5,True
8g0q__A1_P40460--8g0q__B1_P33895,0.8500723662370939,0.5,False
6ms4__A1_Q9ULC4--6ms4__B1_O43583,0.7886990615152467,0.5,False
7y6b__A1_A0A411GZY8--7y6b__B1_A0A411H025,0.7165922700551357,0.5,False
7zyt__A1_P09622--7zyt__B1_P09622,0.8122477781800354,0.5,True
7lle__A1_Q6QVT7--7lle__B1_Q6QVT7,0.8030302531552869,0.5,True
4csw__A1_D0MK34--4csw__B1_D0MK34,0.9448299999782737,0.5,True
7tev__A1_P04181--7tev__A2_P04181,0.7824065857145094,0.5,True
2hsa__B1_Q9FEW9--2hsa__A1_Q9FEW9,0.8970043211652818,0.5,True
4tsd__A1_O25673--4tsd__B1_O25673,0.6193099252319356,0.5,True
7qh0__B1_P48499--7qh0__A1_P48499,0.8111416913489219,0.5,True
1ayf__B1_P00257--1ayf__A1_P00257,0.23174509042219066,0.5,True
3neu__A1_Q92AT3--3neu__A2_Q92AT3,0.8867277992277993,0.5,True
8f9x__A1_Q5LVE1--8f9x__B1_Q5LVE1,0.8948405399943653,0.5,True
3pui__A1_Q9L9D7--3pui__A2_Q9L9D7,0.9805553864843007,0.5,True
1rqi__A1_P22939--1rqi__B1_P22939,0.9291571941157457,0.5,True
6pya__A1_P04278--6pya__A2_P04278,0.9771337021278216,0.5,True
1r27__A1_P09152--1r27__B1_P11349,0.7547711540218903,0.5,False
7zuv__A1_A0A2K3DY10--7zuv__D2_A0A2K3DY10,0.516119213196178,0.5,True
2aho__A1_Q980A5--2aho__B1_Q97Z79,0.9016578127714392,0.5,False
6mni__A1_A0A2V0QX35--6mni__B1_A0A2V0QX35,0.45644570191501466,0.5,True
4kif__B1_Q643C8--4kif__A1_Q643C8,0.8988075335837136,0.5,True
7vyu__A1_A0A022MLV4--7vyu__B1_A0A022MLV4,0.7758861692969081,0.5,True
3g23__A1_Q2G8F3--3g23__B1_Q2G8F3,0.9540659557131472,0.5,True
3ui3__A1_O05728--3ui3__B1_O05728,0.8692787368027972,0.5,True
8ohy__A1_Q556V8--8ohy__A2_Q556V8,0.852803163914275,0.5,True
5zgo__A1_Q5SHW6--5zgo__B1_Q5SHW6,0.8409525465890885,0.5,True
5uph__B1_Q14108--5uph__A1_Q14108,0.6359179923479661,0.5,True
6u3w__A1_P53622--6u3w__B1_P40509,0.9033929616291955,0.5,False
2gsv__B1_P71066--2gsv__A1_P71066,0.7575409717709913,0.4999025341130604,True
7yh1__A1_A0A5B9DB95--7yh1__B1_A0A5B9DB95,0.7825150567965236,0.5,True
6c6r__A1_Q14534--6c6r__B1_Q14534,0.9295278295519627,0.5,True
6p4o__B1_Q970I1--6p4o__A1_Q970I2,0.874026605149334,0.5,False
2oys__A1_A0A0H2URW2--2oys__B1_A0A0H2URW2,0.6916974540932035,0.5,True
8i85__A1_D2B3F1--8i85__B1_D2B3F1,0.36959420234102597,0.5,True
2b0a__A1_Q58193--2b0a__A2_Q58193,0.7513868900749117,0.5,True
3ayh__B1_O94285--3ayh__A1_Q9C0Z9,0.873377935127217,0.5,False
2g38__B1_Q79FE1--2g38__A1_Q7D756,0.8528505411552173,0.5,False
2z6k__A1_P15927--2z6k__C1_P35244,0.8674392446152601,0.5,False
3p8b__B1_Q8TZK1--3p8b__A1_Q8U440,0.6526464822478762,0.5,False
6z68__A1_A0A1M6Y2K1--6z68__B1_A0A1M6Y2K1,0.7614192737401755,0.5,True
5yz5__A1_Q16555--5yz5__A2_Q16555,0.8026654275912736,0.5,True
6dk9__A1_A7A1Y4--6dk9__A2_A7A1Y4,0.8648411016949152,0.5,True
2p19__A1_Q8NTZ4--2p19__C1_Q8NTZ4,0.7756158401866251,0.5,True
8ai1__B1_Q45595--8ai1__A1_Q45595,0.9272276044440142,0.5,True
7px0__B1_Q9VF53--7px0__A1_Q9VF53,0.740559379301998,0.5,True
4cmz__B1_Q9BXM0--4cmz__A1_Q9BXM0,0.023872924715584665,0.5,True
8gyz__B1_Q93ZE2--8gyz__A1_Q93ZE2,0.8959659399458794,0.5,True
2ikb__A1_Q7DDI9--2ikb__C1_Q7DDI9,0.5720110134491158,0.5,True
7zam__A1_Q07666--7zam__B1_Q07666,0.3935155114162123,0.5,True
3egv__A1_Q84BQ9--3egv__B1_Q5SLP6,0.8518587622498981,0.5,False
2g9w__A1_P9WMJ5--2g9w__B1_P9WMJ5,0.8675999295650642,0.4998151082937137,True
2afv__A1_Q8EXP7--2afv__B1_Q8EXP7,0.8281078486630461,0.5,True
7w93__A1_A0A140N873--7w93__A2_A0A140N873,0.9396072860564068,0.5,True
1wl3__B1_Q9X1M1--1wl3__A1_Q9X1M1,0.8399249153361019,0.5,True
4kbx__A1_P45550--4kbx__A2_P45550,0.9040253214095083,0.5,True
8brn__C1_P80366--8brn__A1_P80366,0.9153535620843671,0.5,True
8h5a__A1_P67661--8h5a__B1_P67661,0.8351429956934544,0.5,True
8b4l__B1_D5SK09--8b4l__A1_D5SK09,0.625158937128775,0.5,True
1nrj__B1_P36057--1nrj__A1_P32916,0.8308024923681678,0.5,False
4rdw__A1_Q9HU77--4rdw__A2_Q9HU77,0.9302688750612175,0.5,True
7vpr__A1_Q6FX18--7vpr__B1_Q6FX18,0.26365964113329265,0.5,True
5a6k__A1_A0A0H2US73--5a6k__B1_A0A0H2US73,0.8409589772572696,0.5,True
7ucd__B1_P17535--7ucd__A1_P53539,0.8863459613623828,0.5,False
1qc9__A1_P00642--1qc9__A2_P00642,0.8115551485951672,0.5,True
3ooc__A1_P77239--3ooc__B1_P77239,0.835723353395081,0.5,True
8pm1__A1_B8GAY9--8pm1__B1_B8GAY9,0.590609615186712,0.5,True
1vbg__A1_P11155--1vbg__A2_P11155,0.9473554980786273,0.5,True
4ovo__A1_P67954--4ovo__A2_P67954,0.8771080832721816,0.5,True
2qgs__A1_A0A0H2VIU2--2qgs__B1_A0A0H2VIU2,0.8842326927578794,0.5,True
8bol__A1_Q04609--8bol__A2_Q04609,0.8125791636440868,0.5,True
3mii__B1_Q08914--3mii__A1_Q08914,0.9537195794512181,0.5,True
3i23__A1_Q835X4--3i23__B1_Q835X4,0.600713728528743,0.5,True
3itf__A1_P0AE85--3itf__B1_P0AE85,0.762976901861641,0.5,True
6mw5__A1_K3WC47--6mw5__A2_K3WC47,0.8168424329027603,0.5,True
5vht__A1_P0A9J8--5vht__B1_P0A9J8,0.9266114052021248,0.5,True
6j6x__B1_P53611--6j6x__A1_Q7Z6K3,0.8183677612927969,0.5,False
4tvb__A1_O32323--4tvb__B1_O32323,0.8806474518084382,0.5,True
3jyu__A1_P35123--3jyu__B1_P35123,0.4288816272584143,0.5,True
8dtc__A1_L8GT25--8dtc__B1_L8GT25,0.7632751762659058,0.5,True
8fny__A1_O00418--8fny__B1_P0DP23,0.7613452689338018,0.5,False
7v0b__A1_A0A1E7MYN1--7v0b__B1_A0A1E7MYN1,0.8172112082869645,0.5,True
2vvo__A1_P9WKD7--2vvo__B1_P9WKD7,0.6962924989859567,0.5,True
5yjh__A1_Q15063--5yjh__A2_Q15063,0.8139550102762478,0.5,True
2z5e__A1_Q9BT73--2z5e__B1_Q9BT73,0.8809414748982609,0.5,True
1a8l__A1_Q51760--1a8l__A2_Q51760,0.9386219750026419,0.5,True
8h0r__A1_Q9WVJ5--8h0r__B1_Q9WVJ5,0.2720415705682619,0.5,True
2j7j__A1_P03001--2j7j__A2_P03001,0.42871292176627857,0.5,True
7zbg__A1_Q02880--7zbg__A2_Q02880,0.6929946453726257,0.5,True
1rku__A1_Q9I2Y2--1rku__B1_Q9I2Y2,0.9577421569220744,0.5,True
2wvl__A1_Q72K30--2wvl__B1_Q72K30,0.6092059693657572,0.5,True
8ewa__B1_Q9HW02--8ewa__A1_Q9HW02,0.7050932292637024,0.5,True
2ft0__A1_Q8FBQ3--2ft0__B1_Q8FBQ3,0.8464014092941552,0.5,True
2r01__A1_Q8KFI1--2r01__A2_Q8KFI1,0.7006613026685683,0.5,True
8hno__A1_B6YTS4--8hno__B1_B6YTS4,0.9061281926750601,0.5,True
6x88__A1_P52731--6x88__B1_P52731,0.7188264663568419,0.5,True
2x76__A1_Q939Q9--2x76__A2_Q939Q9,0.8202652029683399,0.5,True
7x2p__A1_Q5ZWH7--7x2p__B1_Q5ZWH7,0.7017720277011477,0.5,True
2aeu__A1_Q57622--2aeu__A2_Q57622,0.7708026561661843,0.5,True
5kbg__A1_Q43965--5kbg__B1_Q43965,0.9282913433380052,0.5,True
4p9g__A1_Q9REI7--4p9g__A2_Q9REI7,0.4243220588975948,0.5,True
7tcv__A1_Q60932--7tcv__A2_Q60932,0.518142056366245,0.5,True
7vkb__A1_Q5ZSZ6--7vkb__B1_Q5ZSZ7,0.7899330535593098,0.5,False
7r2p__A1_Q46877--7r2p__A2_Q46877,0.8040703704664743,0.5,True
6ggl__B1_C9K1X5--6ggl__A1_C9K1X5,0.8535137842482026,0.5,True
7yi7__A1_Q9Y251--7yi7__B1_Q9Y251,0.3075283861956331,0.5,True
7yka__B1_Q9Y3D6--7yka__A1_Q9Y3D6,0.4933109812773868,0.5,True
8jea__A1_K1QRB6--8jea__D1_K1QRB6,0.9001616439252642,0.5,True
8huc__C1_A0A0H2Z790--8huc__A1_A0A0H2Z790,0.915204565017185,0.5,True
5mpr__A1_O15382--5mpr__A2_O15382,0.8797723275710997,0.5,True
4ooj__B1_Q5ZSK6--4ooj__A1_Q5ZSK6,0.692263088032134,0.5,True
8a5v__A1_Q9Y617--8a5v__C1_Q9Y617,0.9190279139809253,0.5,True
3lm2__A1_A9CH74--3lm2__B1_A9CH74,0.8323847060975851,0.5,True
7zwt__A1_P41182--7zwt__A2_P41182,0.1471071304885406,0.5,True
5zwl__B1_Q8DLU1--5zwl__A1_Q8DLG7,0.8898987145125529,0.5,False
6wmz__A1_P23246--6wmz__B1_Q15233,0.4435318304197498,0.5,False
1i4m__A1_P04156--1i4m__A2_P04156,0.2604339377407618,0.5,True
2gjg__A1_Q88EQ6--2gjg__A2_Q88EQ6,0.648031223938504,0.5,True
4ghm__A1_Q9KTK0--4ghm__B1_Q9KTK0,0.810303307374594,0.5,True
1tve__A1_P31116--1tve__B1_P31116,0.9885721700717128,0.5,True
3onx__A1_P41697--3onx__B1_P41697,0.677692734061784,0.5,True
8cp4__A1_Q6LXV7--8cp4__A2_Q6LXV7,0.5718177528300685,0.5,True
1ob9__A1_Q97YX6--1ob9__A2_Q97YX6,0.46228286405783203,0.5,True
7zcc__B1_P46327--7zcc__A1_P46327,0.9455708812533096,0.5,True
4kwd__A1_Q9UR08--4kwd__B1_Q9UR08,0.7624447508320648,0.5,True
7wuy__A1_A0A1R3S1W7--7wuy__B1_A0A1R3S1W7,0.8922754792260743,0.5,True
5gtw__A1_I3NX86--5gtw__D1_I3NX86,0.6405794765245181,0.5,True
6loh__A1_O15033--6loh__A2_O15033,0.9068214007160337,0.5,True
3a9y__A1_Q68FT9--3a9y__B1_Q68FT9,0.8606720400526148,0.5,True
8ay6__B1_Q9CAJ0--8ay6__A1_A0A067E666,0.5816489639333995,0.5,False
8u5m__A1_Q8TF42--8u5m__F1_Q8TF42,0.8206119396755106,0.5,True
7twa__D1_F8JJ25--7twa__A1_F8JJ25,0.9837344044600129,0.5317460317460317,True
8fju__B1_P34897--8fju__A1_P34897,0.779512338244505,0.5,True
1fjj__A1_P12994--1fjj__A2_P12994,0.836365545180574,0.5,True
8iyi__A1_Q6CVU4--8iyi__B1_Q6CVU4,0.714071164998523,0.5,True
1uus__A1_O00910--1uus__A2_O00910,0.582058419853908,0.5,True
1zt2__A1_Q97Z83--1zt2__C1_Q9UWW1,0.9882469653270886,0.5,False
7uex__A1_Q9H999--7uex__A2_Q9H999,0.8275514967300887,0.5,True
6jqy__A1_P9WF13--6jqy__B1_P9WF13,0.37027101056973444,0.5,True
6l6w__A1_A0A3B6UEU3--6l6w__A2_A0A3B6UEU3,0.9714826442412454,0.5,True
8grj__B1_Q8GQE7--8grj__A1_A0A0H3KLY3,0.8473618023104982,0.5,False
2j0n__B1_P18013--2j0n__A1_P18013,0.5195156904541383,0.5,True
3rq1__A1_D1BN29--3rq1__C1_D1BN29,0.8885328073457093,0.5,True
5ae6__B1_Q92458--5ae6__A1_Q92458,0.6753249519245292,0.5,True
7qi3__A1_W7NDP8--7qi3__C1_W7NDP8,0.8704100189096026,0.5,True
2yve__A1_Q8NMG3--2yve__B1_Q8NMG3,0.8875917503773986,0.5118110236220472,True
5ynx__A1_B2GM84--5ynx__B1_B2GM84,0.8112124148338722,0.5,True
2r6u__A1_Q0S814--2r6u__C1_Q0S814,0.7941174063522746,0.506296787034544,True
8b6m__A1_Q9H2K2--8b6m__B1_Q9H2K2,0.3501085724521579,0.5,True
3kc2__A1_P36151--3kc2__B1_P36151,0.9223208707641267,0.4999959607057455,True
3vp5__A1_Q9CHR1--3vp5__A2_Q9CHR1,0.9127409356725146,0.5,True
7pvh__A1_B2RLE7--7pvh__B1_B2RLE7,0.6359080588640338,0.5,True
4nqf__B2_Q7CW19--4nqf__A1_Q7CW19,0.9761757700662643,0.5,True
1vjh__A1_P0C0B0--1vjh__B1_P0C0B0,0.9792863140463951,0.5,True
5xw4__B1_Q00684--5xw4__A1_Q00684,0.727858785198658,0.5,True
8aai__A1_O00560--8aai__C1_O00560,0.5354951873224831,0.5,True
4xdl__A1_P57789--4xdl__B1_P57789,0.7508685057489421,0.5,True
6ukl__A1_P0A901--6ukl__F1_P0A901,0.2579737361615588,0.5,True
5dot__A1_P31327--5dot__B1_P31327,0.5808962884356778,0.5,True
5by4__A1_P0ABV6--5by4__A2_P0ABV6,0.9122608145819446,0.5,True
7zxs__A1_Q86TI2--7zxs__C1_Q86TI2,0.8334180065444577,0.5,True
1v6u__A1_Q7SI98--1v6u__B1_Q7SI98,0.7293766767261941,0.5,True
6e27__A1_Q9H257--6e27__B1_Q9H257,0.08717427907583164,0.5,True
7szd__A1_Q96S44--7szd__B1_Q9Y3C4,0.9055512808907396,0.5,False
1h9r__A1_P0A9G8--1h9r__B1_P0A9G8,0.4507322286344794,0.5,True
3on6__A1_A7M0J6--3on6__B1_A7M0J6,0.9062276218618897,0.5,True
8fwy__A1_Q4DGA2--8fwy__B1_Q4DGA2,0.8311914866013563,0.5,True
1yu6__A1_P00780--1yu6__C1_P68390,0.9170286430456216,0.5,False
6ek1__A1_A0A452CST7--6ek1__A2_A0A452CST7,0.9747474137548019,0.5,True
6ckj__A1_P0A0Z8--6ckj__A2_P0A0Z8,0.8036105651263472,0.5,True
1w33__A1_O50957--1w33__B1_O50957,0.36560744380055604,0.5,True
4usk__B1_H7C745--4usk__B2_H7C745,0.7704532614259436,0.5,True
6cmv__B1_Q4J9G1--6cmv__A1_Q4J9G1,0.9764656473841055,0.5281026042027166,True
7y70__A1_F4KCC2--7y70__A2_F4KCC2,0.5666405466755619,0.5,True
3cwx__A1_P94837--3cwx__B1_P94837,0.8964710126953346,0.5,True
3p1y__A1_O29362--3p1y__B1_O29362,0.811856221895358,0.5,True
8a8i__A1_Q9R9V9--8a8i__B1_Q9R9V9,0.9370959197363116,0.5,True
5d1l__A1_P62837--5d1l__B1_Q96BH1,0.7408321903603032,0.5,False
8og3__A1_P38489--8og3__B1_P38489,0.847087637496275,0.5,True
4neh__A1_P20702--4neh__B1_P05107,0.8040391881721711,0.5,False
2prv__A1_O34596--2prv__B1_O34596,0.6742121711954163,0.5,True
6kvn__A1_A0A1S4CVP6--6kvn__A2_A0A1S4CVP6,0.7680823242488172,0.5,True
5tgq__A1_A0A1S4NYF7--5tgq__A2_A0A1S4NYF7,0.98219515112719,0.5,True
6b3i__A1_P27216--6b3i__B1_P27216,0.4969305642347297,0.5,True
1rqn__A1_O31156--1rqn__B1_O31156,0.9917401268621832,0.5,True
7tcr__A1_A0A2D2D5M1--7tcr__D1_A0A2D2CY73,0.8955963393552671,0.5,False
5l7z__A1_P28750--5l7z__A2_P28750,0.7107357816629662,0.5,True
7ljh__A1_Q769D3--7ljh__B2_Q769D3,0.9528583875241363,0.5,True
5frk__A1_D4I047--5frk__B1_D4I047,0.7271023476518289,0.5,True
7xmw__B1_U2Q5N5--7xmw__A1_U2Q5N5,0.45753277764266287,0.5,True
7w2o__A1_Q9HZP1--7w2o__B1_Q9HZP1,0.9506430544744635,0.5,True
7uay__A1_P08684--7uay__A2_P08684,0.9168470717905111,0.5,True
5czf__D1_A0A0H3JHG3--5czf__A1_Q8XAD5,0.7384825294225257,0.5,False
2p6p__A1_Q9RPA7--2p6p__B1_Q9RPA7,0.7453887926998125,0.5,True
4u64__A1_Q5ZXA3--4u64__A2_Q5ZXA3,0.9646539227886061,0.5,True
7qbm__A1_P43235--7qbm__B1_P43235,0.3099497167188408,0.5,True
3nvm__A1_Q8U4M1--3nvm__B1_Q8U4M2,0.8029187309986678,0.5,False
3wws__A1_Q13188--3wws__D1_Q13188,0.8740439511197469,0.5,True
4c87__A1_F9UMG7--4c87__B1_F9UMG7,0.871488343514626,0.5,True
2d7e__A1_P17888--2d7e__B1_P17888,0.48610506082200466,0.5,True
7xro__A1_Q9RQ20--7xro__B1_Q9RQ20,0.6769265017610266,0.5,True
5yrj__A1_B6F0T7--5yrj__B1_A0A2Z5V8U8,0.9377091302499903,0.5,False
6yev__C1_P0A744--6yev__A1_P0AA25,0.894004345584799,0.5,False
8glr__A1_Q8ZJX7--8glr__A2_Q8ZJX7,0.8935199132483631,0.5,True
5fwt__A1_Q96MU8--5fwt__A2_Q96MU8,0.7239515555743368,0.5,True
4e6s__A1_Q3URR7--4e6s__A2_Q3URR7,0.36016883301958696,0.5,True
8enb__B1_A7DT38--8enb__A1_A0T3A2,0.7824575429339884,0.5,False
8h4p__A1_I1S104--8h4p__B1_I1S104,0.9210026979984489,0.4999564311917812,True
7yo8__A1_P60520--7yo8__A2_P60520,0.5287930546677704,0.5,True
8elf__B1_Q6DYE4--8elf__A1_Q6DYE4,0.731052772929774,0.5,True
1ax2__A1_P16404--1ax2__A2_P16404,0.9753387453067655,0.5,True
8i33__C1_A0A6Q8PFJ0--8i33__A1_A0A6Q8PFJ0,0.939038502432739,0.5,True
3q9l__A1_P0AEZ3--3q9l__B1_P0AEZ3,0.7507336309066883,0.5,True
2yk4__A1_P72097--2yk4__A2_P72097,0.43641163598925853,0.5,True
7u5f__C1_Q9HTM2--7u5f__A1_Q9HTM2,0.9734416662836896,0.5,True
5xt3__B1_A0A0U1MUE2--5xt3__A1_A0A0U1MUE2,0.6058301379270874,0.5,True
5iws__A1_Q63GK8--5iws__A2_Q63GK8,0.8396792080339881,0.5,True
2owl__A1_P36767--2owl__B1_P36767,0.8746729187337081,0.5,True
8bca__A1_O75643--8bca__B1_Q6P2Q9,0.8276726881017591,0.5,False
3mcb__B1_P20290--3mcb__A1_Q13765,0.5838189717692303,0.5,False
8gy8__A1_Q8TZT0--8gy8__B1_Q8TZT0,0.7986371135194394,0.5,True
8dkd__A1_G7CIP4--8dkd__A2_G7CIP4,0.9406369359360949,0.5,True
7dus__A1_P08965--7dus__A2_P08965,0.05710567143212774,0.5,True
8gb1__A1_Q9Y3Z3--8gb1__B1_Q9Y3Z3,0.7775187708518931,0.5,True
6ikj__A1_Q9I4L6--6ikj__B1_Q9I4L6,0.30449049780173026,0.5,True
8b2q__A1_D0EM77--8b2q__B1_G8UM88,0.632849843577568,0.5,False
5x42__A1_Q5ZYB7--5x42__B1_Q5ZYC6,0.8762878742640121,0.5,False
1vkh__A1_Q04066--1vkh__B1_Q04066,0.9029079180571301,0.5,True
5omd__A1_Q04377--5omd__A2_Q04377,0.8497043170316247,0.5,True
2vsg__A1_P26329--2vsg__B1_P26329,0.8023809010563291,0.5,True
1jql__A1_P0A988--1jql__B1_P28630,0.9311062451185106,0.5,False
1w9c__A1_O14980--1w9c__B1_O14980,0.3037180604575551,0.5,True
3upl__A1_Q2YIM3--3upl__B1_Q2YIM3,0.9307979538696378,0.5,True
3tm2__A1_Q83XN4--3tm2__B1_Q83XN4,0.890551261373776,0.5,True
3kxa__A1_Q5F9C2--3kxa__B1_Q5F9C2,0.7605195572518355,0.5,True
7yls__B1_C5CSP6--7yls__A1_C5CSP7,0.8348443066470066,0.5,False
7psg__A1_Q6D515--7psg__B1_Q6D515,0.48828214824054617,0.5,True
8pte__A1_P00698--8pte__A2_P00698,0.6163113231336101,0.5,True
7ykc__A1_P14843--7ykc__B1_P14843,0.8693543146566632,0.5,True
3wxe__A1_E7FEV5--3wxe__B1_P0CG48,0.6070170238606418,0.5,False
2vjf__A1_Q00987--2vjf__B1_O15151,0.6441570638108682,0.5,False
7pvo__A1_P56137--7pvo__A2_P56137,0.8082799462856415,0.5,True
3kkd__A1_Q9HXU1--3kkd__A2_Q9HXU1,0.9208774226030756,0.5,True
3mph__A1_P19801--3mph__B1_P19801,0.823043332988339,0.5,True
6jc4__A1_A6TE44--6jc4__D1_A6TE44,0.8946144150130012,0.5,True
2rf4__A1_P46669--2rf4__B1_P50106,0.8113555990881665,0.5,False
4huz__A1_Q9ZBB0--4huz__A2_Q9ZBB0,0.7226999425628904,0.5,True
5gtj__B1_Q9BV47--5gtj__A1_Q9BV47,0.454879964276641,0.5,True
2xw7__A1_A0QP85--2xw7__B1_A0QP85,0.8589561943153036,0.5044642857142857,True
6l6h__A1_Q5ZZ22--6l6h__B1_Q5ZZ22,0.9180791676809155,0.5,True
8p7m__A1_P0A434--8p7m__A2_P0A434,0.6538591455917958,0.5,True
6gou__A2_P97275--6gou__C1_P97275,0.8243090155662927,0.5,True
2wwo__A1_Q66ED7--2wwo__B1_Q66ED7,0.9037550091525257,0.5,True
8i3n__A1_Q12178--8i3n__C1_Q12178,0.8524621849651982,0.5,True
1s7i__A1_Q9I3Z5--1s7i__A2_Q9I3Z5,0.7403784366281659,0.5,True
3szw__A1_B7JBP8--3szw__A2_B7JBP8,0.8889154587181448,0.5,True
2nys__A1_Q8U561--2nys__B1_Q8U561,0.658789157115906,0.5,True
3gr5__A1_O52135--3gr5__A2_O52135,0.7547344654649613,0.5,True
3ded__A1_Q7P1I2--3ded__B1_Q7P1I2,0.4155379423536568,0.5,True
5b5x__A1_Q75NZ1--5b5x__A2_Q75NZ1,0.5622731850905321,0.5,True
7qga__A1_P21589--7qga__A2_P21589,0.950126297123829,0.5,True
3sd2__A1_Q8A1T7--3sd2__A2_Q8A1T7,0.6951568240008905,0.5,True
8ow9__A1_G8UQH9--8ow9__B1_G8UQH9,0.9219703500079468,0.5,True
3bcw__B1_A0A0H3LK92--3bcw__A1_A0A0H3LK92,0.7898759847535587,0.5,True
6duy__A1_Q61301--6duy__B2_Q61301,0.5447779311833358,0.5,True
5zyf__A1_Q99ZW0--5zyf__B1_Q99ZW0,0.8073249356690642,0.5090785962371431,True
2b7o__A1_O53512--2b7o__B1_O53512,0.9408702992491638,0.5,True
1v57__A1_P77202--1v57__A2_P77202,0.8762865103057781,0.5,True
7cov__A1_Q06801--7cov__A2_Q06801,0.7472679968443396,0.5,True
6ign__A1_Q61768--6ign__A2_Q61768,0.9566956684945761,0.5,True
3be5__A1_Q8XBR1--3be5__B1_Q8XBR1,0.8426705845689557,0.5,True
4hn3__B1_Q8Y6D1--4hn3__A1_Q8Y6D1,0.6493875789047576,0.5,True
4o8y__A1_Q08723--4o8y__B1_P43588,0.7959584691920032,0.5,False
7uoi__A1_A0A1S8KJG1--7uoi__A2_A0A1S8KJG1,0.9267188288479282,0.5,True
7vma__A1_C5A758--7vma__A2_C5A758,0.8504462195506214,0.5,True
7d9m__A1_A0A4D6NYT7--7d9m__B2_A0A4D6NYT7,0.7463186920858879,0.5,True
2py8__C1_Q55670--2py8__B1_Q55670,0.8846922184424255,0.5,True
7ytl__A1_E1BR24--7ytl__A2_E1BR24,0.7692968231631996,0.5,True
7vxt__A1_Q63W52--7vxt__B1_Q63W52,0.6224532248229011,0.5,True
5cv3__A1_E3M3V1--5cv3__A2_E3M3V1,0.42508831879854886,0.5,True
8c9v__A1_Q1JXV1--8c9v__A2_Q1JXV1,0.9716599229056433,0.5,True
3tsn__A1_Q9PN58--3tsn__B1_Q9PN58,0.8946811081905798,0.5,True
8j51__A1_A0A0E9MUN5--8j51__B1_A0A0E9MUN5,0.6924920854340672,0.5,True
6cz9__A1_Q7WTU0--6cz9__B1_Q7WTT9,0.9052633298429493,0.5,False
8pzo__A1_F9UT68--8pzo__A2_F9UT68,0.6771734911499439,0.5,True
3tqg__B1_Q83DG4--3tqg__A1_Q83DG4,0.8563727173317999,0.5,True
7czg__C1_Q8TDY2--7czg__A1_Q8TDY2,0.6892545731911306,0.5,True
7eev__B1_A0A3D9R4E8--7eev__A1_A0A3D9R4E8,0.8078122293282971,0.5,True
8ori__A1_Q2KB35--8ori__B1_Q2KB35,0.9059056602221203,0.5,True
7o6z__A1_A0A7R8L7W4--7o6z__B1_A0A7R8L7W4,0.9425463408401492,0.5,True
8pmr__A1_Q4WL81--8pmr__B1_Q4WL81,0.49997626881484963,0.5,True
7u34__A1_Q4X1J1--7u34__A2_Q4X1J1,0.8660471188856926,0.5,True
3fmy__A1_Q46864--3fmy__A2_Q46864,0.7098831913741322,0.5,True
7f0o__B1_A0A2I1C3W8--7f0o__A1_A0A2I1C3W8,0.9746416428852727,0.5,True
3ojm__B1_P21802--3ojm__A1_P05230,0.4972089919000091,0.5,False
6xgz__A1_P63386--6xgz__B1_P64602,0.7796081269389483,0.5,False
7x2y__A1_A0A076PYH9--7x2y__B1_A0A076PYH9,0.5020177661117335,0.5,True
5i4h__B1_P07711--5i4h__A1_P07711,0.24672968386148847,0.5,True
4e6h__A1_Q6CII8--4e6h__A2_Q6CII8,0.6956770477791987,0.5,True
6x7p__A1_Q8GGP1--6x7p__A2_Q8GGP1,0.8556314185175768,0.5,True
3exq__A1_Q03S37--3exq__A2_Q03S37,0.8420854232792863,0.5,True
2qvc__A1_Q9WXW9--2qvc__B2_Q9WXW9,0.926770387290722,0.5,True
6yoa__A1_O82015--6yoa__B1_O82015,0.6658068247541932,0.5,True
7qnm__A1_G0L7V6--7qnm__B1_G0L7V6,0.9114753370391229,0.5,True
3p8v__A1_Q9V228--3p8v__B1_Q9V228,0.8967430995207026,0.5,True
4re1__A1_P28347--4re1__D1_P46937,0.2710910870529508,0.5,False
8iw5__A1_Q8C8U0--8iw5__B1_Q8C8U0,0.71445159244883,0.5,True
7sq2__B1_Q01970--7sq2__A1_P21279,0.8124707362976977,0.5,False
4lqx__B1_Q97VD2--4lqx__A1_Q97VD2,0.9820085187683657,0.5087610308795792,True
3owf__A1_P00644--3owf__A2_P00644,0.348653788378848,0.5,True
2dpl__A1_O59072--2dpl__B1_O59072,0.731547650455617,0.5,True
4ap5__A1_Q9Y2G5--4ap5__B1_Q9Y2G5,0.8286306708527006,0.5,True
8evy__A1_Q9LCT6--8evy__A2_Q9LCT6,0.9863578431721575,0.5,True
5npo__A1_P62593--5npo__B1_D3INY1,0.7046552766911037,0.5,False
5uhs__A1_B0SR19--5uhs__B1_B0SR19,0.8647157490269468,0.5,True
4hsl__A1_Q1LCS4--4hsl__A2_Q1LCS4,0.9408869600726822,0.5,True
8b3s__A1_O31597--8b3s__B1_A0A164W157,0.8445699616271614,0.5,False
5euv__A1_D1LZK0--5euv__B1_D1LZK0,0.9049773358845188,0.5,True
7tmg__A1_A0A0H3GLR2--7tmg__B1_A0A0H3GLR2,0.7540735457423163,0.5,True
7tgn__B1_A0A1Q5L7T0--7tgn__A1_A0A1Q5L7T0,0.7372536833845836,0.5,True
4fz2__A1_C7DIA5--4fz2__B1_C7DIA5,0.8315041324986967,0.5,True
6j2l__A1_P37793--6j2l__B1_P37793,0.9516223698427819,0.5065502183406113,True
5grk__A1_Q89XR0--5grk__B1_Q89XR0,0.8418283057067313,0.5,True
3qxs__A1_O24872--3qxs__A2_O24872,0.9033661706588516,0.5,True
8q3y__A1_E8URK0--8q3y__B1_E8URK0,0.9263997533981974,0.5,True
1pyb__A1_O66738--1pyb__B1_O66738,0.7791824511153377,0.5,True
7yto__A1_Q9RHU9--7yto__B1_Q9RHU9,0.878097016566165,0.5,True
5vae__A1_Q9AET9--5vae__B1_Q9AET7,0.7012294270593646,0.5,False
1zrs__A1_Q9HTZ1--1zrs__B1_Q9HTZ1,0.769372428782116,0.5,True
2cg5__A1_Q9NRN7--2cg5__B1_P49327,0.6569012925691772,0.5,False
4yk8__B1_O36019--4yk8__A1_O13978,0.6195121618546853,0.5,False
2iml__A1_O28442--2iml__C1_O28442,0.8084183732478442,0.5,True
6iru__A1_Q9RVF9--6iru__A2_Q9RVF9,0.98987222116125,0.5086206896551724,True
4x36__A1_P06653--4x36__A2_P06653,0.997741182288967,0.512987012987013,True
8iev__A1_Q0PAW2--8iev__B1_Q0PAW2,0.9442328615914781,0.5,True
3cyg__A1_A7HM60--3cyg__B1_A7HM60,0.699111111111111,0.5,True
5kvr__A1_P0ACL9--5kvr__A2_P0ACL9,0.9504852037350835,0.4999922419277258,True
1na8__A1_Q9UJY5--1na8__B1_Q9UJY5,0.6124343486496662,0.5,True
5fis__A1_H9IUR0--5fis__B1_H9IUR0,0.8634626526006481,0.5,True
5yo8__A1_A0A094YZ24--5yo8__B1_A0A094YZ24,0.9410554842191994,0.5,True
7z6m__A1_A0A0H3LM39--7z6m__A2_A0A0H3LM39,0.9020675083381354,0.5,True
2yxd__A1_Q57836--2yxd__B1_Q57836,0.9400243100833741,0.5,True
1aua__A1_P24280--1aua__A2_P24280,0.99495266017997,0.5,True
7zw3__A1_P27338--7zw3__B1_P27338,0.9038064348149936,0.5,True
5xjx__I1_C0LGW6--5xjx__A1_Q9SSD1,0.6124012089971141,0.5,False
7xub__A1_Q96KQ7--7xub__B1_Q96KQ7,0.6153883984221581,0.5,True
5xlu__A1_Q65KZ6--5xlu__B1_A9YTT0,0.3394183883615463,0.5,False
8smq__A1_Q182N1--8smq__B1_Q182N1,0.29184176584860383,0.5,True
8eni__A1_A0A0H3JRH8--8eni__A2_A0A0H3JRH8,0.6840365846431078,0.5,True
1q77__A1_O66565--1q77__B1_O66565,0.8561875407876839,0.49997248059882216,True
6nbp__A1_A0A4P1LYI6--6nbp__A2_A0A4P1LYI6,0.8087246198143336,0.5,True
4wu2__A1_Q7WUJ1--4wu2__B1_Q7WUJ1,0.5841056268591864,0.5,True
2nvn__A1_Q31MH7--2nvn__A2_Q31MH7,0.8605171263781535,0.5,True
3zyh__A1_Q05097--3zyh__B1_Q05097,0.914616004960786,0.5,True
8a21__A1_A0QJI1--8a21__A2_A0QJI1,0.9277845617170797,0.5,True
8ho2__A1_A0A191T7N6--8ho2__B1_A0A191T7N6,0.8841734141684138,0.5,True
2j8q__A1_O43809--2j8q__B1_O43809,0.8398048555520847,0.5,True
1cx8__A1_P02786--1cx8__B1_P02786,0.6832097719795596,0.5,True
5zfk__A1_Q31LX1--5zfk__B1_Q31LX1,0.6578845161153858,0.5,True
2qti__A1_Q8EF26--2qti__A2_Q8EF26,0.6932168767574333,0.5311290249123286,True
5djo__B1_Q9EQW7--5djo__A1_Q9EQW7,0.3497437857275745,0.5,True
1kve__B1_P19972--1kve__A1_P19972,0.31001587383668905,0.5,True
4kjq__A1_P37019--4kjq__B1_P37019,0.929502883294785,0.5,True
8qyw__A1_Q9NVS9--8qyw__A2_Q9NVS9,0.6234307579453927,0.5,True
2ev4__A1_P9WMU9--2ev4__B1_P9WMU9,0.87348495042944,0.5,True
4m1j__A1_Q9I194--4m1j__B1_Q9I194,0.3485211372570477,0.5,True
8bj3__A1_A0A072U7F9--8bj3__B1_A0A072U7F9,0.8977299898419691,0.5,True
5fcl__A1_Q6D0X0--5fcl__B1_Q6D0X0,0.9195054892760812,0.5,True
2evr__A1_B2J9B4--2evr__A2_B2J9B4,0.47106536834271023,0.5,True
4ftw__A1_Q3J2V1--4ftw__A2_Q3J2V1,0.8836093290653457,0.5,True
2q6q__B1_P36094--2q6q__A1_P36094,0.9609768147500922,0.5,True
8hx8__A1_Q6L8Q5--8hx8__B1_Q6L8Q5,0.7623925312591779,0.5,True
7zgn__A1_U6RE59--7zgn__B1_U6RE59,0.621569260157271,0.5,True
7fiw__A1_B3CP63--7fiw__B1_Q73HD5,0.7710853314559442,0.5,False
4xd9__A1_C8VMF9--4xd9__B1_Q5B6T5,0.8802689219803488,0.5,False
3dme__A1_Q7VU70--3dme__B1_Q7VU70,0.8027450120035229,0.5,True
8d0m__A1_P28907--8d0m__A2_P28907,0.6985012896913635,0.5,True
2w6a__A1_Q9Z272--2w6a__B1_Q9Z272,0.8923969823829847,0.5,True
6oje__B1_Q5S007--6oje__A1_Q5S007,0.21658552200816814,0.5,True
7mu0__A1_P9WQK3--7mu0__B1_P9WQK3,0.27371746084417725,0.5,True
4az3__A1_P10619--4az3__B1_P10619,0.34627564927718224,0.5,True
7ug8__B1_Q0I6F8--7ug8__A1_Q0I6F8,0.6870347928619712,0.5,True
6mxv__B1_Q5NFU2--6mxv__A1_Q5NFU2,0.7302693812441639,0.5,True
8ug3__B1_P50053--8ug3__A1_P50053,0.7997940056674062,0.5,True
4atm__A1_P49418--4atm__A2_P49418,0.8445301409982637,0.5,True
7x6f__B1_P0AD45--7x6f__A1_P0AD45,0.984822205182768,0.5055555555555555,True
5n0s__B1_A0A2R2JFI5--5n0s__A1_A0A2R2JFI5,0.7667885945805436,0.5,True
6m9g__A1_Q5D6Y4--6m9g__B2_Q5D6Y4,0.8770177679507396,0.5,True
7zvz__A1_G1UBD5--7zvz__B1_G1UBD5,0.8246697001692141,0.5,True
3b5m__B1_Q7UTD8--3b5m__A1_Q7UTD8,0.7566723814772105,0.5,True
6v0a__B1_B3E641--6v0a__A1_B3E641,0.93830351619242,0.5,True
3bpj__C1_O75822--3bpj__A1_O75822,0.8825721153846153,0.5,True
7y51__A1_Q8RBF4--7y51__A2_Q8RBF4,0.5622078583898394,0.5,True
6zef__A1_P62136--6zef__C1_Q9C0D0,0.6373872105819172,0.5,False
6u11__A1_A0A1L8HDP6--6u11__A2_A0A1L8HDP6,0.9091202589031953,0.5,True
8i5w__A1_Q8BZN6--8i5w__B1_P63000,0.7756786200931644,0.5,False
3rv1__B1_A7TR32--3rv1__A1_A7TR32,0.8071857473916677,0.5,True
4k3z__A1_Q8YCV0--4k3z__A2_Q8YCV0,0.9097891172345399,0.5,True
5v5t__A1_Q830T5--5v5t__D1_Q830T5,0.8197902994748217,0.5,True
6fp5__B1_Q960Q9--6fp5__A1_Q960Q9,0.41698856316221244,0.5,True
3isx__A1_Q9X0E0--3isx__A2_Q9X0E0,0.548951959407323,0.5,True
2vkj__A1_Q9X1W9--2vkj__B1_Q9X1W9,0.906751505367555,0.5,True
5csr__D1_Q9HLB6--5csr__A1_Q9HLB6,0.9678697506370381,0.5,True
1iq8__A1_O58843--1iq8__B1_O58843,0.8231004694303458,0.5,True
3tbm__A1_Q8XVB9--3tbm__B1_Q8XVB9,0.7578776520010129,0.5,True
7tur__B1_P00503--7tur__A1_P00503,0.9081595652886758,0.5,True
3vol__A1_Q9I6V6--3vol__A2_Q9I6V6,0.6913478812958314,0.5,True
3jqz__A1_P02768--3jqz__B1_P02768,0.8431376750334711,0.5,True
1vkd__A1_Q9X0V2--1vkd__B1_Q9X0V2,0.9441292710955267,0.5,True
8b31__B1_A0A2W4LV58--8b31__A1_A0A2W4LV58,0.8969752513286802,0.5031055900621118,True
7bzk__A1_Q9SJ89--7bzk__B1_Q6NPF9,0.5310281281600937,0.5,False
3cgh__A1_Q8A0N7--3cgh__A2_Q8A0N7,0.8844665913702503,0.5,True
5vlb__A1_G7IKX3--5vlb__B1_G7IKX3,0.6902224361728244,0.5,True
2oer__B1_Q9I3U1--2oer__A1_Q9I3U1,0.9903583256338715,0.4999886500351849,True
2ylz__A1_Q47PU3--2ylz__A2_Q47PU3,0.6875717723912047,0.5,True
8bjp__B1_A0A1W6VSR4--8bjp__A1_A0A1W6VSR4,0.7193783227370973,0.5,True
6kcx__A1_Q9WZL1--6kcx__A2_Q9WZL1,0.8216505655830972,0.5,True
4q69__A1_Q8A5I0--4q69__B1_Q8A5I0,0.963678798278658,0.5,True
7xmj__C1_A9QSE8--7xmj__A1_A9QSE8,0.7221445156118698,0.5,True
1pix__A1_Q06700--1pix__B1_Q06700,0.8822339247018073,0.5,True
3l8i__B1_Q9BUL8--3l8i__A1_Q9BUL8,0.595426912648602,0.5,True
6l2u__A1_Q27RN2--6l2u__B1_Q27RN2,0.27087190786325244,0.5,True
6sl2__A1_C4LWU6--6sl2__A2_C4LWU6,0.7967996398544989,0.5,True
1u6z__B1_P0AFL6--1u6z__A1_P0AFL6,0.875265640506949,0.5,True
3pm9__A1_Q6NAV4--3pm9__B1_Q6NAV4,0.8848163306049113,0.5,True
3a5y__B1_P0A8N7--3a5y__A1_P0A8N7,0.8098576554936763,0.5,True
6bn1__B1_Q9VCR6--6bn1__A1_Q8T0S6,0.6620177297526659,0.5,False
8ji6__A1_A0A861B387--8ji6__B1_A0A861B387,0.9121834807584561,0.4999912302241555,True
2pjs__A1_A9CIG0--2pjs__B1_A9CIG0,0.9250440213581943,0.4997357293868922,True
8ke8__A1_Q9HXS0--8ke8__B1_Q9HXS0,0.9695862138452601,0.5,True
3h7l__A1_Q87LX4--3h7l__A2_Q87LX4,0.9143292139887943,0.5,True
7zs8__A1_A0A1D3HIT0--7zs8__B1_A0A1D3HIT0,0.787286036316499,0.5,True
2vc4__A1_P02879--2vc4__A2_P02879,0.3630790320368271,0.5,True
1xe8__B1_Q03629--1xe8__A1_Q03629,0.853945524664567,0.5,True
7tn6__A1_Q84Y01--7tn6__A2_Q84Y01,0.9086101793537787,0.5,True
7yo6__A1_G8GLP2--7yo6__A2_G8GLP2,0.9199530211492079,0.5,True
8k76__A1_Q8R6D8--8k76__B1_Q8R6D8,0.9839796159542398,0.5,True
1vgx__B1_Q9RRU8--1vgx__A1_Q9RRU8,0.8380083815770161,0.5,True
3cet__B1_Q6M145--3cet__A1_Q6M145,0.8191403298606929,0.5,True
4zlh__B1_P0AB60--4zlh__A1_P0AB60,0.722413249468044,0.5,True
2y84__A1_Q7WT50--2y84__E1_Q7WT50,0.9320341489188587,0.5,True
4me9__A1_Q736B0--4me9__B1_Q736B0,0.9854236430930505,0.5,True
2z51__A1_Q93W20--2z51__A2_Q93W20,0.43075925802170945,0.5,True
8ajq__A1_Q9I0C0--8ajq__B1_Q9I0C0,0.8602446143531963,0.5,True
3gdm__A1_P03962--3gdm__B1_P03962,0.8498941198157824,0.5,True
7yfj__A2_Q15007--7yfj__B1_Q15007,0.8055338506564836,0.5,True
2rkl__F1_Q06263--2rkl__E1_Q06263,0.7859533417313678,0.5,True
8cwp__A1_Q06282--8cwp__A2_Q06282,0.9296109459878832,0.5,True
5j1l__B1_O26069--5j1l__A1_O26068,0.5604345819774177,0.5,False
6j26__A1_Q5JIZ3--6j26__B1_Q5JIZ3,0.9269440943092798,0.5,True
6jqv__A1_Q8LC68--6jqv__B1_Q8LC68,0.8721087371833364,0.5,True
2ns9__A1_Q9Y9R3--2ns9__B1_Q9Y9R3,0.7193666189588718,0.5,True
5l8s__A1_E1VFE0--5l8s__C1_E1VFE0,0.9004856600145447,0.5,True
6zrw__A1_B3VS76--6zrw__B1_B3VS76,0.8863155100256107,0.5,True
5fcn__B1_Q66GS9--5fcn__A1_Q66GS9,0.540807901977748,0.5,True
7vl1__A1_I0AIT9--7vl1__B1_I0AIT9,0.8573083644528782,0.5,True
2rek__B2_Q9ADD9--2rek__A1_Q9ADD9,0.9618959098004473,0.5,True
2zrt__A1_O75340--2zrt__B1_O75340,0.8562598113550972,0.5,True
2f1m__A1_P0AE06--2f1m__B1_P0AE06,0.8029970829079502,0.5,True
3t5t__B1_Q15JG1--3t5t__A1_Q15JG1,0.884326505910292,0.5,True
4z9r__B1_Q8EGK4--4z9r__A1_Q8EGK4,0.8577423893989631,0.5,True
2oze__A1_Q57280--2oze__A2_Q57280,0.738839970019386,0.5,True
1x6m__A1_Q51669--1x6m__D1_Q51669,0.8981969011380775,0.5,True
4pfc__A1_P14735--4pfc__B1_P14735,0.6640099382193072,0.5,True
6byi__A1_Q8PI23--6byi__B1_Q8PI23,0.8781063864345695,0.5,True
3aaa__A1_P13127--3aaa__B1_P14315,0.9594168692855153,0.5,False
1xgm__A1_P56218--1xgm__B1_P56218,0.949782481777652,0.5,True
5mrv__A1_Q8IVL8--5mrv__C1_P86912,0.8045944114131081,0.5,False
1vhq__A1_P0ABU5--1vhq__B1_P0ABU5,0.9773501283879159,0.5364264136857263,True
2pqv__B1_A0A0H2UMZ7--2pqv__A1_A0A0H2UMZ7,0.92268039345225,0.5,True
8pq4__A1_P69782--8pq4__A2_P69782,0.9136399770442323,0.5038185219036283,True
8a14__A1_A0A0D1E4Q7--8a14__C2_A0A0D1E4Q7,0.636654261377327,0.5,True
1dtd__A1_P48052--1dtd__B1_P81511,0.6468260360594721,0.5,False
3c6n__B1_Q570C0--3c6n__A1_Q39255,0.766670596742415,0.5,False
3ctz__A1_Q9NQW7--3ctz__A2_Q9NQW7,0.9295024590957863,0.5,True
1wab__A1_Q29460--1wab__A2_Q29460,0.581713487069048,0.5,True
1zl5__A1_Q00496--1zl5__B1_Q00496,0.6576578026941935,0.5,True
5dbj__A1_Q4KCZ0--5dbj__A2_Q4KCZ0,0.8471131436673831,0.5,True
7qsq__B1_Q9X053--7qsq__A1_Q9X053,0.37522096135476646,0.5,True
7duc__B1_Q2G2U4--7duc__A1_Q2G2U4,0.7240298174983677,0.5,True
2cdu__A1_Q9F1X5--2cdu__B1_Q9F1X5,0.9379142219187705,0.5,True
8g0f__A1_Q6NK15--8g0f__B1_Q6NK15,0.6893492397642726,0.5,True
8a45__B1_B7V7R4--8a45__A1_B7V7R4,0.8698637355034097,0.5,True
6no3__A1_B3FHP0--6no3__B1_B3FHP0,0.6295257588496592,0.5,True
3g7p__A1_B7JA91--3g7p__A2_B7JA91,0.8915488847196164,0.5,True
8khq__A1_A0A1I5R890--8khq__C1_A0A1I5R890,0.8538916677875018,0.5,True
7owz__B1_Q9JMA2--7owz__A1_B8ZXI1,0.8172992055702961,0.5,False
6dk7__D1_Q9HUV7--6dk7__A1_Q9HUV7,0.9077486072058089,0.5,True
5t3v__B1_Q9Y2C4--5t3v__A1_Q9Y2C4,0.6433018207593875,0.5,True
8f2l__A1_P9WJY9--8f2l__B1_P9WJY9,0.6941977173209231,0.5,True
8h1l__B1_A0A7U4E834--8h1l__A1_A0A7U4E834,0.9050043690408596,0.5,True
1nye__A1_P0C0L2--1nye__B1_P0C0L2,0.8434938666975232,0.5,True
2ou6__A1_Q9RVG4--2ou6__A2_Q9RVG4,0.7079058479532164,0.5,True
6hp3__A1_O31927--6hp3__B1_O31927,0.8974252619818754,0.5,True
8hs0__A1_Q9LIR4--8hs0__A2_Q9LIR4,0.8586497422385497,0.5,True
6gz1__A1_P10151--6gz1__A2_P10151,0.863355065010953,0.5,True
8pbu__A1_P27708--8pbu__A2_P27708,0.8166878592535068,0.5,True
7p0h__A1_O26008--7p0h__C1_O26008,0.9558557447158482,0.5,True
5b3g__B1_Q9SZF7--5b3g__A1_Q9M384,0.5855386673296687,0.5,False
7vzy__B1_Q84G19--7vzy__A1_Q84G19,0.9349831429861918,0.5,True
2q3t__A1_Q9LUJ3--2q3t__A2_Q9LUJ3,0.7066950451413787,0.5,True
7pt0__A1_Q9KYU4--7pt0__B1_Q9KYU4,0.8730971275362204,0.5,True
6m09__B1_Q8LDU1--6m09__A1_Q8LDU1,0.8453378036368974,0.5,True
7uxs__B1_J8G6Z1--7uxs__A1_J8G6Z1,0.8304885968955368,0.5,True
2q03__A1_Q12ML0--2q03__B1_Q12ML0,0.8798899311590906,0.5074626865671642,True
6kcp__B1_Q9VAA9--6kcp__A1_Q9VAA9,0.25537972267874587,0.5,True
6sj4__B1_A0A022MQ12--6sj4__A1_A0A022MQ12,0.9053797240024458,0.5,True
5cyy__A1_P9WG63--5cyy__B1_P9WG63,0.6683857734031697,0.5,True
3tj3__A1_P52294--3tj3__B1_Q9UKX7,0.6380721090777723,0.5,False
3i32__A1_Q72GF3--3i32__A2_Q72GF3,0.9809182432623512,0.5,True
1jk9__B1_P40202--1jk9__A1_P00445,0.7598215696762666,0.5,False
4e4w__A1_P38920--4e4w__B1_P14242,0.8471241706817139,0.5,False
5yw5__A1_Q5NII9--5yw5__D1_Q5NII9,0.8981090042800834,0.5155758663893347,True
3ab8__A1_Q5SLE3--3ab8__B1_Q5SLE3,0.7761179470743161,0.5,True
3mxt__A1_Q9PIK2--3mxt__A2_Q9PIK2,0.7767569766124565,0.5,True
1wr8__B1_O50129--1wr8__A1_O50129,0.9842149404919247,0.5144927536231884,True
7war__B1_A0A1B6PFV1--7war__A1_A0A1B6PFV1,0.8743529319721899,0.5,True
7fn1__B1_P32357--7fn1__A1_P33334,0.6080791097309698,0.5,False
7xl7__A1_A0A2J0R8J6--7xl7__B1_A0A2J0R8J6,0.33491811938721605,0.5,True
8vc5__A1_Q9XCL6--8vc5__B1_Q9XCL6,0.9664172726063366,0.5,True
5jfz__A1_P20605--5jfz__B1_P0ADX5,0.8165612104539202,0.5,False
5g37__B1_P10565--5g37__A1_P06575,0.826233453792426,0.5,False
2gjx__A1_P06865--2gjx__B1_P07686,0.8971868484964644,0.5,False
3aqb__B1_O66129--3aqb__A1_O66127,0.8704464293419634,0.5,False
8q1a__A1_Q16790--8q1a__C2_Q16790,0.5968132264641767,0.5,True
5ez1__B1_P56112--5ez1__A1_P56112,0.8916151159925174,0.5,True
3lwd__A1_Q1QTX1--3lwd__A2_Q1QTX1,0.5895756233644089,0.5,True
8dye__A1_P31040--8dye__B1_Q5VUM1,0.3850259107162811,0.5,False
2ch6__A1_Q9UJ70--2ch6__D1_Q9UJ70,0.936781916018268,0.5,True
3gpn__A1_P15873--3gpn__A2_P15873,0.4064260478302424,0.5,True
7th0__A1_P31667--7th0__A2_P31667,0.5561797007572395,0.5,True
3k1i__D1_O25709--3k1i__A1_O25448,0.8378811064926829,0.5,False
1vbi__A1_Q53W84--1vbi__A2_Q53W84,0.8972094529909692,0.5,True
2oqb__A1_Q4AE70--2oqb__B1_Q4AE70,0.7534641209108551,0.5,True
6saz__B1_Q9UGM5--6saz__A1_P07584,0.6138723974999659,0.5,False
6l9x__A1_F6VRB7--6l9x__A2_F6VRB7,0.7040611439161112,0.5,True
3ica__B1_Q7MXR4--3ica__A1_Q7MXR4,0.7397980552539956,0.5,True
6o15__A1_P39353--6o15__B1_P39353,0.46758646462454645,0.5,True
2ohc__A1_Q9HIY5--2ohc__B1_Q9HIY5,0.8708157440989357,0.5,True
8qfo__A1_A0A840P3H4--8qfo__B1_A0A840P3H4,0.9256827130358022,0.5,True
5zmy__A1_F1LJ99--5zmy__B1_F1LJ99,0.7196552019023343,0.5,True
6tx3__B1_Q9NWY4--6tx3__A1_Q9UGN5,0.7949024038955961,0.5,False
4tx5__A1_Q9NR28--4tx5__B1_Q9NR28,0.7710513520845972,0.5,True
7wnk__B1_A0A1E5TT85--7wnk__A1_A0A1E5TT85,0.9856049151728148,0.5,True
2fn0__B1_Q9X9I8--2fn0__A1_Q9X9I8,0.9466073419201655,0.5,True
5x89__A1_Q8TGZ7--5x89__A2_Q8TGZ7,0.8440760801649536,0.5,True
2j0t__A1_P03956--2j0t__D1_P01033,0.3547594381114004,0.5,False
2i9i__A1_O25234--2i9i__A2_O25234,0.67258662875634,0.5,True
3rtr__G1_Q13616--3rtr__H1_P62877,0.9147509712933661,0.5,False
7lq2__A1_A0A023X3Z4--7lq2__B1_A0A023X3Z4,0.7513978430312198,0.5,True
6aht__A1_A1BZ87--6aht__B1_A1BYM8,0.7013173791698981,0.5,False
8czp__A1_A0A0D5ZBI4--8czp__B1_A0A0D5ZBI4,0.9075193501255986,0.5,True
4ro3__A1_M1RHE3--4ro3__B1_M1RHE3,0.8475014014338049,0.5,True
1c0n__A1_P77444--1c0n__A2_P77444,0.8401076975037729,0.5,True
7tq0__A1_P00459--7tq0__A2_P00459,0.8591727589740039,0.5,True
1o4w__A1_O29664--1o4w__A2_O29664,0.48540828510824247,0.5,True
4jzp__A1_P51572--4jzp__B1_P51572,0.8357958857436985,0.5,True
2or2__A1_P08954--2or2__B1_P08954,0.9833672134139883,0.5,True
5xdf__B1_Q5SL04--5xdf__A1_Q5SL04,0.7614529106366406,0.5,True
6kr4__A1_P10586--6kr4__E1_P60469,0.5946172231437541,0.5,False
1itv__A1_P14780--1itv__B1_P14780,0.3731786917859975,0.5,True
2qgi__A1_P05449--2qgi__B1_P05449,0.8170869670705607,0.5,True
1a19__A1_P11540--1a19__B1_P11540,0.7084278871454861,0.5,True
8a9x__A1_P15752--8a9x__C1_P15752,0.7142036784410571,0.5,True
8e9e__B1_Q02293--8e9e__A1_Q04631,0.8140853462710583,0.5,False
2h4c__A1_Q7T2R1--2h4c__B1_Q7T3T5,0.7756476188907374,0.5,False
2bdt__A1_Q9K6P2--2bdt__A2_Q9K6P2,0.7596765423084448,0.5,True
5vbn__A1_P56282--5vbn__B1_Q07864,0.8707309618379541,0.5,False
8gt0__A1_Q8I6U4--8gt0__B1_P01040,0.47814469955155015,0.5,False
5lrr__A1_P22262--5lrr__B1_P22262,0.9725991942154874,0.5033889579108776,True
4y7i__A1_Q96EF0--4y7i__B1_Q96EF0,0.8705723045562137,0.5,True
1who__A1_P43214--1who__A2_P43214,0.5736839349951015,0.5,True
4g10__A1_Q9WXJ9--4g10__A2_Q9WXJ9,0.9257690116947848,0.5,True
8q4k__A1_O51180--8q4k__B1_O51180,0.5760361161622392,0.5,True
7rzb__A1_A0A229LVN5--7rzb__A2_A0A229LVN5,0.5826908224076282,0.5,True
7toc__A1_A0A2H0ZMH9--7toc__B1_A0A2H0ZMH9,0.7924353818691472,0.5,True
7ula__B1_Q88ND0--7ula__A1_Q88NC7,0.948505681137527,0.5,False
8bes__A1_A0A856TAI5--8bes__B1_A0A856TAI5,0.6645486629834314,0.5,True
7wjt__B1_Q8BZB3--7wjt__A1_Q8BZB3,0.9597305936480923,0.5,True
6j9n__A1_X5EPV9--6j9n__B1_A0A425B395,0.765879498834894,0.5,False
1kll__A1_O05205--1kll__A2_O05205,0.9314740839070169,0.5204807623046132,True
7xky__A1_Q58690--7xky__B1_Q58034,0.8045995875779084,0.5,False
4p04__A1_A0A0D6H805--4p04__B1_A0A0D6H805,0.7880748327291442,0.5,True
1txz__A1_Q04299--1txz__A2_Q04299,0.8098970142440154,0.5,True
4af5__A1_Q8NQ97--4af5__A2_Q8NQ97,0.7156466252893506,0.5,True
8af9__A1_Q2YPZ9--8af9__H1_Q2YPZ9,0.25328383780696745,0.5,True
8gm9__D1_P9WPD3--8gm9__A1_P9WPD3,0.9049120336711545,0.5,True
7wsx__A1_D9PYV4--7wsx__B1_D9PYV4,0.874496943214653,0.5,True
4g86__A1_Q79PF6--4g86__B1_Q79PF6,0.7229907630799219,0.5,True
3bq3__A1_Q12395--3bq3__A2_Q12395,0.8324945921149675,0.5,True
7eva__A1_P31490--7eva__A2_P31490,0.944025564943484,0.5,True
8r7d__B1_G5EI71--8r7d__A1_Q8LJL3,0.3521094495355583,0.5,False
7pwy__A1_Q8TDX5--7pwy__B1_Q8TDX5,0.9353941121292223,0.5,True
3ut4__A1_A3DJ21--3ut4__B1_A3DJ21,0.44299252881128637,0.5,True
3ucy__A1_P0DP23--3ucy__A2_P0DP23,0.9314884894355092,0.499977474433482,True
8eei__B1_A0A807MR40--8eei__A1_A0A807MR40,0.9786879825440237,0.5,True
8bp5__B1_A0A369SI82--8bp5__A1_A0A369SI82,0.6547428001605738,0.5,True
3l34__B1_Q9HT87--3l34__A1_Q9HT87,0.4231972863776685,0.5,True
8god__A1_Q9UM07--8god__A2_Q9UM07,0.9246387556032296,0.5,True
1h9g__A1_P0A8V6--1h9g__A2_P0A8V6,0.9775012202844119,0.5,True
7qg6__D1_Q9HAU5--7qg6__C1_Q9H1J1,0.5774843807015912,0.5,False
8sz3__B2_Q9NY97--8sz3__A1_Q9NY97,0.7315908595632682,0.5,True
5a10__A1_G1FNI6--5a10__A2_G1FNI6,0.7452084775395703,0.5,True
7qoc__A1_Q8NQV9--7qoc__B1_Q8NQV9,0.7328149487307081,0.5,True
8a90__B1_A0A7S9SWM2--8a90__A1_A0A7S9SWM2,0.893898703539536,0.5,True
3iaa__A1_Q8KNE0--3iaa__B1_Q8KNE0,0.8867870287141989,0.5,True
3n50__B1_Q9H4W6--3n50__A1_Q9H4W6,0.762409690325212,0.5,True
2qg3__A1_O28220--2qg3__A2_O28220,0.907268194937061,0.5,True
7ysk__A1_Q6D6Z8--7ysk__B1_Q6D6Z8,0.9659945800339976,0.5,True
7spz__A1_A8B3G9--7spz__A2_A8B3G9,0.9529139481386576,0.5,True
4q2e__B1_Q9X1B7--4q2e__A1_Q9X1B7,0.9116420748883545,0.5,True
8cff__A1_Q7SIF4--8cff__B1_Q7SIF3,0.9044044459966678,0.5,False
8bxl__A1_A0A075TRK9--8bxl__D1_A0A075TRK9,0.9347546494650297,0.5,True
5d4v__C1_Q57913--5d4v__A1_Q57913,0.9292442020533994,0.5,True
2p23__A1_O95750--2p23__B1_O95750,0.5590834548104956,0.5,True
7u55__A1_A0A151EDA9--7u55__A2_A0A151EDA9,0.7877133821779027,0.5,True
1rkw__A1_P0A0N4--1rkw__C1_P0A0N4,0.9271800418516155,0.5,True
1ps6__A1_P19624--1ps6__B1_P19624,0.9120587174308331,0.5,True
2y21__L1_O28769--2y21__K1_O28769,0.6701940200748631,0.5,True
2z5i__A1_P58772--2z5i__B1_P58772,0.8687463461177846,0.5,True
5l7u__B1_A6L2E5--5l7u__A1_A6L2E5,0.8527924195787595,0.5,True
3egq__A1_O28458--3egq__B1_O28458,0.869118214674199,0.5,True
7r3a__A1_Q6LYR8--7r3a__E1_Q6LYR8,0.9308650863764141,0.5,True
7yq0__A1_A0A101DF63--7yq0__B1_A0A101DF63,0.9505437169874408,0.5,True
3wsc__A1_Q25C86--3wsc__B1_Q25C86,0.7128667500550394,0.5,True
4pib__B1_Q2SVW5--4pib__A1_Q2SVW5,0.8092993165301755,0.5,True
7vmx__B1_P9WNN1--7vmx__A1_P9WNM1,0.7746286383699873,0.5,False
1ykd__A1_P94182--1ykd__B1_P94182,0.6024233432519721,0.5,True
4ux7__A1_Q183F3--4ux7__B1_Q183F3,0.6905013091123826,0.5,True
3k3d__A1_P9WLZ7--3k3d__A2_P9WLZ7,0.7577004461918859,0.5,True
7q1d__D2_P29808--7q1d__A1_P29808,0.8021797139089897,0.5,True
1sj5__A1_Q9WY07--1sj5__B1_Q9WY07,0.8102930481384111,0.5,True
4c12__A1_Q2FZP6--4c12__A2_Q2FZP6,0.8507672742726633,0.5,True
3k9m__A1_P07858--3k9m__B1_P01040,0.5622451335606706,0.5,False
1ccd__A1_P17559--1ccd__A2_P17559,0.6720612795970011,0.5,True
8xiz__A1_T2B4K5--8xiz__B1_T2B4K5,0.8647953072608994,0.5,True
7wz6__A1_P15806--7wz6__B1_P10085,0.7231551881110325,0.5,False
2i00__A1_Q831Y9--2i00__B1_Q831Y9,0.9458993927154496,0.5,True
5ffi__A2_Q44501--5ffi__B1_Q44501,0.2507285926239932,0.5,True
3cnk__A1_P21333--3cnk__B1_P21333,0.6491556607651362,0.5,True
8gt9__A1_A8MW95--8gt9__B1_A8MW95,0.9660467062281429,0.5,True
4l2w__B1_Q13464--4l2w__A1_Q13464,0.8263415333700436,0.5,True
3d0j__A1_Q97DI0--3d0j__A2_Q97DI0,0.8869119694160319,0.5,True
4ct0__A1_P97784--4ct0__B1_O54943,0.5545397967353081,0.5,False
3av0__A1_Q58719--3av0__B1_Q58718,0.9628083198055909,0.5,False
8bln__A1_C9QZ65--8bln__H1_C9QZ65,0.8805233596506824,0.5,True
2riq__A1_P09874--2riq__A2_P09874,0.38306925772807965,0.5,True
8hd5__A1_Q99U17--8hd5__B1_Q99U17,0.9258871092956871,0.5,True
6xrb__A1_A0A0H3NHS6--6xrb__B1_A0A0H3NHS6,0.9278120603032174,0.5,True
8a1g__A1_Q13596--8a1g__C1_Q9Y5X3,0.9729356992201741,0.5,False
8tn3__A1_Q643B9--8tn3__B1_Q643B9,0.8255780353371245,0.5,True
5ghs__A1_Q5JGL0--5ghs__C1_Q5JF31,0.9324528941436414,0.5,False
5umw__A1_A0A125SA26--5umw__F1_A0A125SA26,0.9391054110820811,0.5,True
7zcv__B1_A0A0E7KI02--7zcv__A1_A0A0E7KI02,0.8855418017432912,0.5,True
6scq__A1_Q8NNN6--6scq__A2_Q8NNN6,0.7224667083149162,0.5,True
4ml9__A1_D1AMR0--4ml9__B1_D1AMR0,0.83618858142605,0.5,True
7yfu__A1_Q8CG73--7yfu__B1_Q8CG73,0.9612186864833386,0.5,True
3ix1__A1_Q9K9G5--3ix1__B1_Q9K9G5,0.7931721247334674,0.5,True
7khs__A1_Q2CEE3--7khs__B1_Q2CEE3,0.9480009007867254,0.5,True
8k5l__A1_A0A829KK40--8k5l__B1_A0A829KK40,0.9585997618886878,0.5,True
2g0t__B1_Q9WZQ3--2g0t__A1_Q9WZQ3,0.7677735461578743,0.5,True
3lr3__A1_Q63T74--3lr3__A2_Q63T74,0.9027173970275265,0.5,True
4pxq__A1_F1QR43--4pxq__B1_F1QR43,0.7068031014917004,0.5,True
4z5y__A1_Q88QV5--4z5y__A2_Q88QV5,0.8110498983473295,0.5,True
7zhf__A1_A0A0U2WWJ1--7zhf__A2_A0A0U2WWJ1,0.8908242894033245,0.5,True
6h86__A1_B5KM66--6h86__B1_B5KM66,0.8164008528250053,0.5,True
5un7__A1_Q9NUX5--5un7__B1_Q96AP0,0.5745945571692312,0.5,False
8juk__A1_V5VGC6--8juk__B1_V5VGC6,0.9524918294893799,0.5,True
8snp__A1_O09118--8snp__A2_O09118,0.7987971373294109,0.5,True
6wjc__A1_P11229--6wjc__B1_Q8QGR0,0.7438723628691983,0.5,False
8ard__A1_Q64331--8ard__A2_Q64331,0.49902341012122375,0.5,True
3mqi__A1_Q9UH73--3mqi__B1_Q9UH73,0.29542100628481993,0.5,True
3q01__A1_P04637--3q01__B1_P04637,0.8936573562230002,0.5,True
7ylq__A1_Q93CA6--7ylq__B1_Q93CA6,0.9242685503148662,0.5,True
2yvo__A1_Q5SJY9--2yvo__A2_Q5SJY9,0.8690401578956908,0.5,True
5vpa__B1_P17535--5vpa__A1_P53539,0.826020571588335,0.5,False
3v78__B1_P95092--3v78__A1_P95092,0.5496985020729337,0.5,True
7pzh__A1_A0A174J845--7pzh__B1_A0A174J845,0.9158466926851625,0.5,True
3m0f__A1_Q4KDJ6--3m0f__B1_Q4KDJ6,0.9614459753236899,0.49998783158919446,True
1y4h__A1_P0C1S6--1y4h__C1_Q9EYW6,0.7183769268716911,0.5,False
2o4c__A1_Q9I3W9--2o4c__B1_Q9I3W9,0.9601958273143645,0.5,True
1ynh__A1_P76216--1ynh__D1_P76216,0.9576206699051781,0.5,True
8ohx__A1_U4Q148--8ohx__B1_U4Q148,0.6207938410068669,0.5,True
3a6m__A1_Q56236--3a6m__B1_Q56236,0.9356226880834413,0.5,True
4bvp__A1_Q5ZUA2--4bvp__B1_Q5ZUA2,0.9275612773437973,0.5,True
7oc6__A1_A0A2U8U2L5--7oc6__A2_A0A2U8U2L5,0.8061328402870132,0.5,True
6qpq__A1_G0SGH3--6qpq__B1_Q12158,0.4212198515088305,0.5,False
3ct6__A1_Q9CIV6--3ct6__B1_Q9CIV6,0.9852539850211166,0.5074626865671642,True
1qae__A1_P13717--1qae__B1_P13717,0.41763996898517514,0.5,True
3q5w__B1_P38937--3q5w__A1_P38937,0.760724446609733,0.5,True
8gol__B1_G9I933--8gol__A1_G9I933,0.7661874428658677,0.5,True
7epj__A1_P62554--7epj__A2_P62554,0.8795450054342455,0.5,True
1ag9__A1_P61949--1ag9__B1_P61949,0.9484513677186676,0.5,True
3gwh__B1_O31691--3gwh__A1_O31691,0.48517201452616765,0.5,True
5gw1__A1_P57768--5gw1__B1_P57768,0.7543028172476522,0.5,True
3l2o__B1_Q9UKT5--3l2o__A1_P63208,0.899458405116933,0.5,False
3wrf__A1_E8MGH8--3wrf__A2_E8MGH8,0.9718339739526062,0.5,True
7yyl__A1_Q3AET9--7yyl__B1_Q3AET9,0.8881404083334175,0.5,True
8syb__B1_Q72KY0--8syb__A1_Q72KY0,0.6951195009651712,0.5,True
8qc3__A1_A0A1C9WRL0--8qc3__B1_A0A1C9WRL0,0.44981744416404107,0.5,True
3wtf__B1_Q9BUH6--3wtf__A1_Q9BUH6,0.7918314835323575,0.5,True
2x0e__B1_Q7BG50--2x0e__A1_Q7BG50,0.8733217659194108,0.5,True
5hwt__A1_A5W4E3--5hwt__B1_A5W4E3,0.7797770159333041,0.5,True
1ojh__A1_Q8YNP7--1ojh__B1_Q8YNP7,0.909709236947791,0.5066666666666667,True
3eyy__A1_Q9K4F8--3eyy__B1_Q9K4F8,0.7165976870033147,0.5,True
8bwv__D2_A0A482M8M0--8bwv__A1_A0A482M8M0,0.7237355440992058,0.5,True
7cm9__A1_A0A7V8UZ53--7cm9__B1_A0A7V8UZ53,0.754029993328306,0.5,True
4nc8__A1_P12464--4nc8__A2_P12464,0.11360509981546721,0.5,True
1zhh__A1_P54300--1zhh__B1_P54302,0.8016622310099012,0.5,False
8c0u__A1_Q9I5Q5--8c0u__B1_Q9I5Q5,0.6435238501501092,0.5,True
2fbq__A1_Q9HZJ9--2fbq__A2_Q9HZJ9,0.9719151334772816,0.5,True
7fch__A1_O95256--7fch__C2_O95256,0.3976882932523311,0.5,True
8c7t__B1_A0A1B4XP18--8c7t__A1_A0A1B4XP18,0.9501423380926511,0.5,True
4iwn__A1_P76290--4iwn__B1_P76290,0.892993391959896,0.5,True
7saf__B1_Q6TLP8--7saf__A1_Q6TLP8,0.7750721580330633,0.5,True
7zj1__B1_P55265--7zj1__A1_P55265,0.45627223331462297,0.5,True
4g9k__A1_P32340--4g9k__B1_P32340,0.7354843905377813,0.5,True
8b35__A1_Q96562--8b35__B1_Q96562,0.9313505972911874,0.5,True
2rdz__A1_P0ABK9--2rdz__B1_P0ABK9,0.9380845556843561,0.5,True
6bzf__B1_P53061--6bzf__A1_P17122,0.4520023035575006,0.5,False
5ydd__B1_P9WME7--5ydd__A1_P9WME7,0.9316320890513643,0.49999178374825404,True
4czd__B1_B8J3A4--4czd__A1_B8J364,0.8080917979993989,0.5,False
3ft7__B1_Q54323--3ft7__A1_Q54323,0.7128874751756851,0.5,True
4pz1__A1_Q99XU0--4pz1__A2_Q99XU0,0.7053156458518146,0.5134090426968025,True
2w1t__A1_P37554--2w1t__B1_P37554,0.9552917496401376,0.5183189574802914,True
7qz5__A1_A2RI36--7qz5__B1_A2RI36,0.6843059161356305,0.5,True
5h31__A1_Q14790--5h31__B1_Q14790,0.2784277352607095,0.5,True
8p33__A1_O51254--8p33__A2_O51254,0.23378561472691697,0.5,True
8oru__A1_O93732--8oru__B1_O93732,0.9357261938666803,0.5,True
1u7i__A1_Q9I3Y6--1u7i__B1_Q9I3Y6,0.8768755688499145,0.5,True
8slg__B1_G7CIG9--8slg__A1_G7CIG9,0.8963043317409276,0.5,True
3l2e__B1_Q6AW42--3l2e__A1_Q6AW43,0.8269639302235736,0.5,False
3b0a__A1_P0CG48--3b0a__B1_Q9WUB0,0.6964651872315257,0.5,False
6etz__A1_A0A023UGN9--6etz__A2_A0A023UGN9,0.9009551594626556,0.5,True
7sfz__B1_Q9NYP9--7sfz__A1_Q9NYP9,0.5917719940219902,0.5,True
7wwf__A1_A0R6Y0--7wwf__B1_A0R6Y0,0.8978480548430641,0.5,True
8vdw__B1_T0TAB9--8vdw__A1_T0TAB9,0.5980039618702081,0.5,True
8ri0__A1_E4THH1--8ri0__B1_E4THH1,0.6764176547017486,0.5,True
5z2i__B1_Q54LT0--5z2i__A1_Q54LT0,0.7729080035509039,0.5,True
4miv__A1_P51688--4miv__B1_P51688,0.6471365492784582,0.5,True
3vh1__A1_P38862--3vh1__A2_P38862,0.8112506106736511,0.5,True
7z98__A1_E6V140--7z98__A2_E6V140,0.8847128928570099,0.5,True
2ond__A1_Q99LI7--2ond__B1_Q99LI7,0.6750315211906963,0.5,True
7vt9__A1_P21517--7vt9__B1_P21517,0.9177456721633326,0.5,True
1gju__A1_O33838--1gju__A2_O33838,0.7813059512628808,0.5,True
6hta__A1_A0A3F2YM29--6hta__B1_A0A3F2YM29,0.854568535992106,0.5,True
3h7h__A1_P63272--3h7h__B1_O00267,0.4616612967377976,0.5,False
4z39__A1_A0A0S2E5N6--4z39__B1_A0A0S2E5N6,0.6772797421329606,0.5,True
5ca9__A1_Q9C0L9--5ca9__A2_Q9C0L9,0.8941720138787649,0.5,True
2zvx__A1_P00974--2zvx__B1_P00974,0.7181983348115932,0.5,True
6x0a__A1_F7Y4W0--6x0a__S1_F7YBW8,0.6912651455769722,0.5,False
7spq__A1_C5AMM8--7spq__A2_C5AMM8,0.9425362734926256,0.5,True
7spn__A1_A0A7C2VFT1--7spn__B1_A0A7C2VFT1,0.9675511781205155,0.5,True
1tv8__A1_P65388--1tv8__B1_P65388,0.8113204355463399,0.5,True
3mkr__B1_Q27954--3mkr__A1_Q28104,0.8517305772137362,0.5,False
1dqn__A1_Q24973--1dqn__B1_Q24973,0.7891826811283413,0.5,True
7xoi__A1_A0A5N6DPG0--7xoi__B1_A0A5N6EXS6,0.3259347485024773,0.5,False
8h62__A1_P0DJM0--8h62__B1_P12830,0.3745473814571491,0.5,False
2qh0__A1_Q97H22--2qh0__A2_Q97H22,0.742780814975361,0.5,True
5ubb__A1_Q5VVY1--5ubb__A2_Q5VVY1,0.7513582373387347,0.5,True
5kvs__B1_O54512--5kvs__A1_O54512,0.7618233942619562,0.5,True
3frs__A1_P53990--3frs__A2_P53990,0.1990808564409271,0.5,True
3obv__A1_O08808--3obv__C1_O08808,0.7233323701262258,0.5,True
4wkz__A1_A0AEF5--4wkz__B1_W5IDC3,0.34907939907056834,0.5,False
3kt0__A1_Q12109--3kt0__A2_Q12109,0.8626098789890195,0.5,True
5i90__A1_G3XCY5--5i90__B1_G3XCY5,0.8653184508611456,0.5,True
3bat__B1_P24733--3bat__A1_P24733,0.87135157816348,0.5,True
2ps1__A1_P13298--2ps1__B1_P13298,0.6275294229786426,0.5,True
1fcd__A1_Q06530--1fcd__B1_Q06529,0.9406551771347065,0.5,False
8hy8__A1_A0A085BE66--8hy8__A2_A0A085BE66,0.7327470428898251,0.5,True
8har__A1_Q2L6E4--8har__B1_Q2L6E4,0.756182287217994,0.5,True
4je4__A1_Q06124--4je4__B1_P02751,0.6215767918050645,0.5,False
2a6c__A1_Q82UW4--2a6c__A2_Q82UW4,0.8997169471112956,0.5499442059209765,True
5k9l__B1_A8MW95--5k9l__A1_A8MW95,0.9682918240043956,0.5,True
5mzg__A1_P53368--5mzg__B1_P53368,0.9134723528442199,0.5,True
7ucc__B1_P17535--7ucc__A1_P53539,0.8844876734955895,0.5,False
8d0x__A1_Q9Y231--8d0x__A2_Q9Y231,0.733490752034389,0.5,True
6ano__B1_Q9UKL3--6ano__A1_Q9UKL3,0.6077513618538508,0.5,True
6et2__A1_Q9I4X1--6et2__B1_Q9I4X2,0.9011795159236538,0.5,False
6d0a__A1_Q8N5Z0--6d0a__A2_Q8N5Z0,0.8172679700480512,0.5,True
2xga__B1_P35530--2xga__A1_P35530,0.9848423653232053,0.5103883236022145,True
2i3o__A1_Q9HJH4--2i3o__B1_Q9HJH4,0.923840180626724,0.5,True
1ijx__A1_P97401--1ijx__C1_P97401,0.6189386351207438,0.5,True
8h2v__A1_Q93HT8--8h2v__B1_Q93HT8,0.9569785274745028,0.5,True
1wat__B1_P02941--1wat__A1_P02941,0.7272517446773741,0.5,True
2nyh__A1_Q13JM0--2nyh__B1_Q13JM0,0.4298899755963468,0.5,True
7yuj__B1_Q9BYM8--7yuj__A1_Q9BYM8,0.5127288092194497,0.5,True
8c5k__A1_P87252--8c5k__A2_P87252,0.8009101038849176,0.5,True
2spc__A1_P13395--2spc__B1_P13395,0.31120875166593187,0.5,True
6q2e__A1_A5UMY5--6q2e__B1_A5UMY5,0.94705992450194,0.499995513159902,True
4p8i__A1_P40746--4p8i__B1_P40746,0.887008760951189,0.5,True
8a82__A1_K7WEY7--8a82__B1_K7XCU4,0.7766561089346311,0.5,False
3a4l__B1_Q58933--3a4l__A1_Q58933,0.7160603347711674,0.5,True
1z52__A1_P09167--1z52__B1_P09167,0.7105873085795604,0.5,True
6c0g__A1_A0A3F2YLX1--6c0g__B2_A0A3F2YLX1,0.6186603332907495,0.5,True
1k3r__B1_O26109--1k3r__A1_O26109,0.9229466133240989,0.5,True
7fga__A1_Q8DIJ4--7fga__B2_Q8DIJ4,0.636857760586141,0.5,True
5akq__A1_O52063--5akq__B1_O52063,0.9383876777660501,0.5,True
7y86__B1_A0A0K2E3A3--7y86__A1_A0A0K2E3A3,0.7163730223052257,0.5,True
8d1u__A1_P0A6R0--8d1u__A2_P0A6R0,0.843995265844013,0.5,True
1vqw__A1_Q9HFE4--1vqw__B1_Q9HFE4,0.878740042042496,0.5,True
7uld__A1_O28028--7uld__A2_O28028,0.9483112619874245,0.5102459016393442,True
4c0f__B1_Q9NZN8--4c0f__A1_Q9NZN8,0.18776956327832858,0.5,True
8b21__A1_Q9S5X0--8b21__B1_Q9S5X0,0.9446348072605004,0.5,True
3swk__A1_P08670--3swk__B1_P08670,0.9338166252526152,0.5,True
8txn__B1_P08120--8txn__A1_P08120,0.06351430530790808,0.5,True
8dak__A1_F2X702--8dak__B1_F2X702,0.8527322488082496,0.5,True
2rde__B1_A0A0H3ADR8--2rde__A1_A0A0H3ADR8,0.8273586496271266,0.5,True
2pih__A1_O31779--2pih__B1_O31779,0.8332366222104655,0.5,True
7ykv__B1_Q58241--7ykv__A1_Q58241,0.8865162432105701,0.5,True
7y4g__A1_Q8A028--7y4g__A2_Q8A028,0.7162137520589126,0.5,True
8cci__A1_A0R7I9--8cci__A2_A0R7I9,0.9447134663538812,0.5,True
6p35__A1_P75913--6p35__A2_P75913,0.973127252017634,0.5,True
6p3j__A1_Q0KJL4--6p3j__B1_Q0KJL4,0.9526395594995958,0.5,True
4o6p__A1_Q8RDI4--4o6p__B1_Q8RDI4,0.8846208915131396,0.5,True
8ozv__A1_A0A179UH34--8ozv__A2_A0A179UH34,0.8405714913348534,0.5,True
2cim__A1_Q46AN5--2cim__B1_Q46AN5,0.9363362634773535,0.5,True
6tpo__A1_P24474--6tpo__A2_P24474,0.8852190873630252,0.5,True
7wwo__B1_Q5SH57--7wwo__A1_Q5SH57,0.48295116473366506,0.5,True
4pmv__A1_Q8PEU1--4pmv__B1_Q8PEU1,0.9474555837832566,0.5,True
6rmr__B1_P19926--6rmr__A1_P19926,0.8783412946257588,0.5,True
6hhb__A1_E0SCP7--6hhb__C1_E0SCP7,0.8169312560036841,0.5,True
7e5c__A1_A0A1I7CHQ2--7e5c__B1_A0A1I7CHQ2,0.927815503754825,0.5,True
2wfh__A1_O94813--2wfh__B1_O94813,0.35319533316645935,0.5,True
3zco__A1_P06701--3zco__A2_P06701,0.7189200365532846,0.5,True
2ghy__A1_P03051--2ghy__B1_P03051,0.7200755624248669,0.5162109826076143,True
3htr__A1_Q6N0K4--3htr__B1_Q6N0K4,0.7061901178983392,0.5,True
8aeu__A1_Q00987--8aeu__A2_Q00987,0.06656983424246157,0.5,True
1xuv__A1_Q8PZJ2--1xuv__C1_Q8PZJ2,0.8466383331126341,0.5,True
2o8p__A1_Q5CYG0--2o8p__A2_Q5CYG0,0.9080827024645368,0.5,True
4zmu__A1_Q9I072--4zmu__B1_Q9I072,0.964857771554865,0.5,True
3dl3__G2_Q5E3X2--3dl3__C1_Q5E3X2,0.4737317162848431,0.5,True
7yvz__A1_A7LPG5--7yvz__A2_A7LPG5,0.6750489089148375,0.5,True
4ia6__A1_Q5FL96--4ia6__B1_Q5FL96,0.9670217148451942,0.5,True
8bou__A1_A0A7G5MNS2--8bou__B1_A0A7G5MNS2,0.8865102056408901,0.5,True
5gk1__A1_Q7N4Z6--5gk1__B1_Q7N4Z6,0.9541153273060581,0.5,True
5x03__B1_P94426--5x03__A1_P94426,0.6036935276286588,0.5,True
3gku__A1_D0VX24--3gku__B1_D0VX24,0.9133655706264554,0.5,True
1c81__A1_P07953--1c81__A2_P07953,0.8260975400857387,0.5,True
1k3e__B1_P58233--1k3e__A1_P58233,0.9649928953290471,0.5164628936746899,True
6u18__A1_Q9EVJ6--6u18__B1_Q9EVJ6,0.9473392638363607,0.5,True
7wpy__A1_A0A097ZPD5--7wpy__C1_A0A097ZPD5,0.8680967312855389,0.5,True
7xn2__A1_Q8YR38--7xn2__A2_Q8YR38,0.9373371622092644,0.5,True
3uws__B1_A7A9N3--3uws__A1_A7A9N3,0.3535250410987275,0.5,True
4u04__B1_Q9BVA6--4u04__A1_Q9BVA6,0.37017952166663903,0.5,True
2kin__A1_P56536--2kin__B1_Q6QLM7,0.21563340680687132,0.5,False
3ulc__A1_Q08236--3ulc__A2_Q08236,0.7465544042012819,0.5,True
8b2a__A1_Q2YWJ9--8b2a__A2_Q2YWJ9,0.9413074760447165,0.5,True
8qff__A1_K9TLZ5--8qff__A2_K9TLZ5,0.9159365819914904,0.5,True
8c8c__A1_P48426--8c8c__A2_P48426,0.646785343618939,0.5,True
8iup__B1_A9A1Y1--8iup__A1_A9A1Y1,0.9713442295153423,0.5,True
3o7o__A1_Q9S5X8--3o7o__B1_Q9S5X8,0.7382382547814721,0.5,True
4bg8__A1_Q8TX37--4bg8__B1_Q8TX37,0.9137369486652924,0.5,True
7qxo__A1_G8UIQ1--7qxo__B1_G8UIQ1,0.8205659116046587,0.5,True
4xiz__A1_Q05776--4xiz__D1_O60200,0.7177479249141794,0.5,False
7pwe__A1_Q6AL91--7pwe__B1_Q6AL91,0.7681115654226214,0.5,True
6uxu__A1_E2JB04--6uxu__B1_E2JB04,0.6773528392055819,0.5,True
3bid__A1_Q7DDI1--3bid__B1_Q7DDI1,0.6944843419549654,0.5,True
4f7w__A1_B5XYG3--4f7w__B1_B5XYG3,0.8079811549710114,0.5,True
2rae__A1_Q0S3N9--2rae__A2_Q0S3N9,0.7278302904575102,0.5,True
7yn1__A1_E9JES9--7yn1__C1_E9JES9,0.5737964486186478,0.5,True
3t7y__A1_O84093--3t7y__B1_O84093,0.4857105636933834,0.5,True
7u6p__A1_P11926--7u6p__B1_P11926,0.7885337717527918,0.5,True
4mis__A1_Q57ES7--4mis__B1_Q57ES7,0.760215090788054,0.5291322337763699,True
2blf__A1_Q9LA16--2blf__B1_Q9LA15,0.8594217232555333,0.5,False
3ke3__A1_Q4FVA8--3ke3__A2_Q4FVA8,0.8406399391979882,0.5,True
7ywc__A1_Q9L0T8--7ywc__B1_Q9L0T8,0.9629849376804038,0.5,True
4wwr__B1_P46379--4wwr__A1_P11441,0.6614912047908558,0.5,False
7r0d__B1_Q9NV35--7r0d__A1_Q9NV35,0.9218637897195985,0.503968253968254,True
8w6x__A1_P21852--8w6x__B1_P21853,0.8706887249679673,0.5,False
3fmf__A1_P9WPQ5--3fmf__B1_P9WPQ5,0.48482635344128616,0.5,True
2xrm__A1_D0AB41--2xrm__A2_D0AB41,0.6579177558679904,0.5,True
4xj7__A1_P66881--4xj7__B1_P66881,0.8886133094935617,0.49999215796985524,True
7yrt__E1_H9L4P6--7yrt__A1_H9L4P6,0.8872671247539843,0.5,True
7tye__A1_P0A7J0--7tye__A2_P0A7J0,0.8495118594041563,0.5,True
2zvd__B1_Q9RBY1--2zvd__A1_Q9RBY1,0.9865588847697645,0.5,True
3mtw__A1_Q9A4Z9--3mtw__A2_Q9A4Z9,0.9472576285018914,0.5,True
3n2o__A1_Q7MK24--3n2o__B1_Q7MK24,0.7348050298935136,0.5,True
7ywd__A1_Q8TB36--7ywd__A2_Q8TB36,0.6110250799820652,0.5,True
5upq__A1_A0A0A0V031--5upq__B1_A0A0A0V031,0.9161621787084353,0.5,True
1vgu__A1_Q46893--1vgu__B1_Q46893,0.8244533876305348,0.5,True
7pxo__A1_F4F7G1--7pxo__C1_F4F7G1,0.9225508917312196,0.5,True
2dp9__A1_Q5SM30--2dp9__A2_Q5SM30,0.685985073681338,0.5,True
8a7l__A1_M1JS91--8a7l__A2_M1JS91,0.7411816810660969,0.5,True
7uqv__A1_A0A0L6JSP1--7uqv__B1_A0A0L6JSP1,0.7389232315068643,0.5,True
5d1r__A1_P9WMC9--5d1r__B1_P9WMC9,0.933534537834378,0.5,True
3f6q__A1_Q13418--3f6q__B1_P48059,0.8885117755062868,0.5,False
8cok__B1_Q9NXR8--8cok__A1_Q9NXR8,0.7806889841272199,0.5,True
1wz3__A1_Q9LVK3--1wz3__B1_Q9LVK3,0.3057810162713313,0.5,True
1nw1__A1_Q22942--1nw1__B1_Q22942,0.731560105865393,0.5,True
1hrp__B1_P0DN86--1hrp__A1_P01215,0.8705488832701223,0.5,False
3qf4__B1_Q9WYC4--3qf4__A1_Q9WYC3,0.9456418850233441,0.5,False
7y4o__B1_A0A0G2JZC4--7y4o__A1_A0A0G2JZC4,0.59047596847286,0.5,True
8hns__A1_A0A377JKY9--8hns__A2_A0A377JKY9,0.30689537183196725,0.5,True
3mpn__A1_O67854--3mpn__A2_O67854,0.9739715688868251,0.5,True
6vlg__A2_Q9WTS2--6vlg__C1_Q9WTS2,0.8037208663065463,0.5,True
1v71__A1_O59791--1v71__A2_O59791,0.9276407158173634,0.5,True
3fpk__A1_Q8ZKP5--3fpk__B1_Q8ZKP5,0.9428906895051626,0.5,True
8eb3__A1_K2K6A3--8eb3__B1_K2K6A3,0.9071940467025916,0.5,True
4z1i__C1_Q12931--4z1i__A1_Q12931,0.8057442258113234,0.5,True
8pz3__A1_D7SFB8--8pz3__B1_D7SFB8,0.2837036391811225,0.5,True
5vpb__B1_P17535--5vpb__A1_P53539,0.7984251975967983,0.5,False
8bt3__A1_Q6F0T5--8bt3__A2_Q6F0T5,0.6724455616085124,0.5,True
1r7h__A1_O69271--1r7h__B1_O69271,0.3345262548962893,0.5,True
4oag__A1_Q8BGV8--4oag__B1_Q8BGV8,0.6043334734495353,0.5,True
5bo9__A1_O43173--5bo9__B1_O43173,0.6015052152924554,0.5,True
7kws__A1_Q0P8H3--7kws__B1_Q0P8H3,0.9603642313583067,0.5,True
4qa0__A1_Q9BY41--4qa0__B1_Q9BY41,0.8892930316651496,0.5,True
6epi__B1_D5K9G7--6epi__A1_D5K9E3,0.5952300913550059,0.5,False
6z2f__B1_Q16222--6z2f__A1_Q16222,0.8414091257739071,0.5,True
7qgs__B1_Q09472--7qgs__A1_Q16665,0.3323435811531681,0.5,False
7tz7__A1_P42336--7tz7__B1_P27986,0.7084705829659215,0.5,False
2zl1__A1_Q9UHA4--2zl1__B1_Q9JHS3,0.9351929134322724,0.5056493759290281,False
4ija__A1_A0A0H3JS71--4ija__B1_A0A0H3JS71,0.9403656302958339,0.5,True
3ijt__B1_Q8DVN6--3ijt__A1_Q8DVN6,0.9141199178098883,0.5,True
7qgt__A1_P35520--7qgt__B1_P35520,0.709957607675844,0.5,True
8i4q__A1_Q8NQI2--8i4q__B1_Q8NQI2,0.8280392924134086,0.5,True
5lxv__A1_G9FCX2--5lxv__B1_A0A1L1QK37,0.734769344412195,0.5,False
8h25__A1_A0A5R8LFD3--8h25__C1_A0A5R8LFD3,0.8096434759042834,0.5,True
6kjl__A1_Q9RC94--6kjl__B1_Q9RC94,0.6342301683469416,0.5,True
5f3o__A1_C4LU64--5f3o__B1_C4LU64,0.8340906943044355,0.5,True
8arv__A1_Q9HW35--8arv__B1_Q9HW35,0.7746293706187541,0.5,True
2i1a__B1_P40087--2i1a__A1_P40087,0.5742386579556551,0.5,True
2y9x__A1_C7FF04--2y9x__E1_G1K3P4,0.8203847098660594,0.5,False
8waa__A1_P29401--8waa__B1_P29401,0.9642305363359053,0.5,True
6n2f__B1_Q94A94--6n2f__A1_Q94A94,0.6923890673766651,0.5,True
8b08__B1_P0A2K1--8b08__A1_P00929,0.8353217479280588,0.5,False
5ja2__A1_P11454--5ja2__B1_Q9I169,0.7778565461165825,0.5,False
4g3w__A1_O66591--4g3w__A2_O66591,0.6997987273238644,0.5,True
5cm2__A1_Q6C999--5cm2__B1_Q6C4P5,0.8905241843151739,0.5,False
6g70__B1_Q8K2Z2--6g70__A1_Q8K2Z2,0.672935181946198,0.5,True
7xac__A1_P47929--7xac__B1_P47929,0.901507059733073,0.5,True
2zz8__A1_O34094--2zz8__B1_O34094,0.7215693913735275,0.5,True
8b8h__A1_P9WQA9--8b8h__B1_P9WQA9,0.7074984935286088,0.5,True
7u2s__A1_A0A2W1NDJ7--7u2s__B1_A0A2W1NDJ7,0.6105549133104183,0.5,True
1d2g__A1_P13255--1d2g__B1_P13255,0.5252861111936319,0.5,True
1sc1__A1_P29466--1sc1__B1_P29466,0.23915321412524942,0.5,True
5amt__A1_A0Q7H2--5amt__A2_A0Q7H2,0.7819652426503731,0.5,True
7qfz__B1_B7L3Y3--7qfz__A1_B7L3Y3,0.6275848973265057,0.5,True
3hml__A1_A6T9H1--3hml__B1_A6T9H1,0.8486239834190399,0.5,True
1xk6__A1_P31572--1xk6__C1_P31572,0.8188860698775332,0.5,True
7r3s__A1_A0A4R2M5S2--7r3s__B1_A0A4R2M5S2,0.5323699426260909,0.5,True
2grx__A1_P06971--2grx__C1_P02929,0.6018428604726418,0.5,False
7vsf__A1_P25440--7vsf__B1_P25440,0.5401104695366127,0.5,True
3q34__A1_Q48EL2--3q34__C1_Q48EL2,0.8577308400404287,0.5,True
4r2k__A1_Q8ZP84--4r2k__A2_Q8ZP84,0.874122927881947,0.5,True
3cgw__A1_Q8PVT6--3cgw__A2_Q8PVT6,0.6591796979633306,0.5,True
7r2f__A1_P21836--7r2f__B1_P21836,0.9498359146597053,0.5,True
4g19__A1_I6ZUH3--4g19__B1_I6ZUH3,0.955918566963176,0.5,True
3dg8__C1_P13922--3dg8__A1_P13922,0.3171235293091962,0.5,True
6m10__A1_Q9HUW0--6m10__C1_Q9HUW0,0.8467311309441155,0.5,True
8tt2__B1_Q4K977--8tt2__A1_Q4K977,0.820365305098336,0.5,True
1h31__A1_Q939U1--1h31__B1_Q939U4,0.8358919768398483,0.5,False
7p7i__B1_R8APY9--7p7i__A1_R8APY9,0.9669361701828123,0.5,True
3hzu__A1_P9WHF7--3hzu__A2_P9WHF7,0.8437816297699963,0.5,True
7xgs__A1_Q9FVC1--7xgs__A2_Q9FVC1,0.6792731134884997,0.5,True
6iju__A1_Q9KJN4--6iju__A2_Q9KJN4,0.2845242632777093,0.5,True
4kqd__B1_P06626--4kqd__A1_P06626,0.5899796780891513,0.5,True
2fu3__B1_Q03555--2fu3__A1_Q03555,0.6281929862211895,0.5,True
1jgt__B1_P0DJQ7--1jgt__A1_P0DJQ7,0.9392556504268291,0.5,True
6l4b__A1_Q9UGV2--6l4b__C2_Q9UGV2,0.30662255959350077,0.5,True
3lzk__A1_Q92LT4--3lzk__B1_Q92LT4,0.8364770496955495,0.5,True
1ht8__A1_P05979--1ht8__B1_P05979,0.8415409233097225,0.5,True
1z8h__A1_Q8YWS4--1z8h__B1_Q8YWS4,0.9295566815474299,0.5,True
8gk6__A1_W6USS8--8gk6__E1_W6USS8,0.9125153891196996,0.5,True
4mjf__A1_A6L2I4--4mjf__A2_A6L2I4,0.697929229264071,0.5,True
7m4s__A1_Q8YLC3--7m4s__D1_Q8YLC3,0.6850423746929154,0.5,True
6fju__A1_E6N8B9--6fju__B1_E6N8B9,0.8908920415479816,0.5,True
6lgq__A1_P21865--6lgq__B1_P21866,0.6943382725796143,0.5,False
2y27__B1_B4E7B5--2y27__A1_B4E7B5,0.8500669041996596,0.5,True
2tdx__A1_P0DJL7--2tdx__A2_P0DJL7,0.9303497216341253,0.5,True
8fj8__A1_P02638--8fj8__A2_P02638,0.7224080861461529,0.4999403341288783,True
3uv0__B1_Q9W061--3uv0__A1_Q9W061,0.3080715004092076,0.5,True
8alo__B1_P24003--8alo__A1_P15795,0.6360536057388382,0.5,False
6xa0__A1_D1A230--6xa0__B1_D1A230,0.8761920443145637,0.5,True
1zbo__B1_Q7WAM7--1zbo__A1_Q7WAM7,0.695710876960877,0.5,True
6xb5__A1_A0A7E5VPD6--6xb5__B1_A0A7E5VPD6,0.7131986232514367,0.5,True
8duy__D1_A0A0H3GVN6--8duy__A1_A0A0H3GVN6,0.90792720922769,0.5,True
7th5__A1_Q5SLG6--7th5__B1_Q5SLG6,0.6257510740230428,0.5,True
3t2l__A1_Q5LE95--3t2l__A2_Q5LE95,0.39145272010414034,0.5,True
3uet__A1_B7GNN8--3uet__B1_B7GNN8,0.8585041553065705,0.5,True
8fdb__B1_Q12KP2--8fdb__A1_Q12KP2,0.8342709288987556,0.5,True
6ok3__A1_C3X9N1--6ok3__B1_C3X9N1,0.7248401573419484,0.5,True
8hp3__A1_A0A2K0XCZ3--8hp3__B1_A0A2K0XCZ3,0.7681182518794885,0.5,True
7xkg__A1_A7NHS9--7xkg__B1_A7NHS9,0.8548499223372701,0.5,True
1l7e__A1_Q2RSB2--1l7e__B1_Q2RSB2,0.8820716693654995,0.5,True
8hn2__A1_Q9F722--8hn2__B1_Q9F722,0.6311493080007473,0.5,True
8gst__A1_Q1NEI7--8gst__B1_Q1NEI7,0.7504627032658144,0.5,True
7cq3__A1_P38324--7cq3__B1_Q12098,0.7307078043619792,0.5,False
5htf__A1_Q8Y759--5htf__B1_Q8Y759,0.9608623768512541,0.5,True
6c90__A1_P42285--6c90__B1_Q6NZY4,0.631369990050414,0.5,False
6e1j__A1_C5J4P1--6e1j__B1_C5J4P1,0.781244893020633,0.5,True
3ccd__A1_P0AA04--3ccd__B1_P0AA04,0.4538738738738739,0.5,True
3dzl__B1_Q396C9--3dzl__A1_Q396C9,0.8538481994459833,0.5,True
2y1h__B1_Q17R31--2y1h__A1_Q17R31,0.7574510970421495,0.5,True
7lfs__A1_P00533--7lfs__E1_O14944,0.599912776546175,0.5,False
6jiw__A1_A0A0H3JU78--6jiw__A2_A0A0H3JU78,0.670017320318479,0.5,True
8ees__A1_A0A0H3GMB7--8ees__B1_A0A0H3GMB7,0.6493971280671718,0.5,True
4a5b__B1_Q27895--4a5b__A1_Q27895,0.8688475643087036,0.5,True
3nb6__A1_O66874--3nb6__A2_O66874,0.6778192634566196,0.5,True
5f8c__A1_O53532--5f8c__A2_O53532,0.8290420559296959,0.5,True
8jt3__A1_H8Y6N2--8jt3__C1_H8Y6N2,0.8182208388897736,0.5,True
1ije__A1_P02994--1ije__B1_P32471,0.6573976170032703,0.5,False
6on4__A1_P0A8W0--6on4__B1_P0A8W0,0.5949561295929022,0.5,True
4zvc__A1_P0AA89--4zvc__B1_P0AA89,0.7291394968591656,0.5,True
4qoa__A1_A7VAB9--4qoa__A2_A7VAB9,0.3299522382789205,0.5,True
6wmv__A1_U5WZP7--6wmv__B1_U5WZP7,0.8276211528170971,0.5,True
3e3c__A1_Q7DB61--3e3c__B1_Q7DB61,0.6718860059476275,0.5,True
6ekk__A1_Q8TEH3--6ekk__C1_Q15286,0.6296427632676633,0.5,False
8a9w__A1_P15751--8a9w__A2_P15751,0.9179497366619684,0.5,True
2gj9__A1_P25522--2gj9__B1_P25522,0.7919542907403707,0.5,True
3cm7__C1_P98170--3cm7__D1_P98170,0.7246890863556787,0.5,True
8f5v__A1_O53728--8f5v__B1_O53728,0.9634477415606111,0.5,True
1ecj__A1_P0AG16--1ecj__B1_P0AG16,0.9106165298330094,0.5,True
3s5r__A1_Q2LS68--3s5r__B1_Q2LS68,0.7768470196766686,0.5,True
3im3__A1_P00514--3im3__A2_P00514,0.8986623572838307,0.5,True
4mcj__B1_A6L9R1--4mcj__A1_A6L9R1,0.6268999939067775,0.5,True
7vw1__B1_V5J1S8--7vw1__A1_V5J1S8,0.7919706117005442,0.5,True
3p12__A1_Q2G1A5--3p12__D1_Q2G1A5,0.8511128211470372,0.5,True
8aq0__A1_Q6DTN4--8aq0__B1_Q6DTN4,0.8018021243153591,0.5,True
3wpm__A1_G2IKE5--3wpm__B1_G2IKE5,0.7357919580575297,0.5,True
7xof__B1_Q0DFB6--7xof__A1_Q0DFB6,0.6528322312423985,0.5,True
8a8f__A1_P32598--8a8f__B1_P42073,0.7998058716677666,0.5,False
3qta__A1_Q5V4K4--3qta__B1_Q5V4K4,0.9674692862502868,0.5,True
8oqj__B1_P06959--8oqj__A1_P06959,0.6728919742975935,0.5,True
1tbp__A1_P13393--1tbp__B1_P13393,0.4420131425858998,0.5,True
7qfk__C1_Q5FLN0--7qfk__A1_Q5FLN0,0.929481566866548,0.5,True
7r3o__B1_Q460N3--7r3o__A1_Q460N3,0.5406350919311795,0.5,True
1wli__A1_Q46604--1wli__B1_Q46604,0.5602807271557272,0.5,True
8b3e__A1_M4SY06--8b3e__A2_M4SY06,0.6936719737376625,0.5,True
1d8i__A1_O13297--1d8i__A2_O13297,0.32390925472091714,0.5,True
8eh0__B1_P50909--8eh0__A1_P50909,0.8585225892898484,0.5,True
3seo__B1_Q87GE5--3seo__A1_Q87GE5,0.6041991841145224,0.5,True
3iey__B1_Q74MS9--3iey__A1_Q74MP4,0.9639642372292214,0.5,False
4yto__B1_Q15431--4yto__A1_Q15431,0.6766712328306007,0.5,True
6csm__A1_L1J207--6csm__B1_L1J207,0.8470733839861356,0.5,True
4ndt__A1_A7UNK4--4ndt__A2_A7UNK4,0.6598780359907956,0.5,True
8j3p__A1_B9WHT3--8j3p__A2_B9WHT3,0.9314061702423742,0.5,True
7pv7__B1_Q7MVV4--7pv7__A1_Q7MVV4,0.8810826574247785,0.5,True
7uj6__A1_Q8RMD9--7uj6__B1_Q8RMD9,0.8962501776138175,0.5,True
3k9i__A1_Q9KFK0--3k9i__A2_Q9KFK0,0.9114254471271415,0.5162041360076695,True
7z1s__A1_A0A3Q7HTY9--7z1s__A2_A0A3Q7HTY9,0.7411355233318545,0.5,True
2e89__A1_O67728--2e89__B1_O67728,0.8453148903485725,0.5,True
2woz__A1_Q9ER30--2woz__A2_Q9ER30,0.6453502088444489,0.5,True
7xxs__A1_B2CKP3--7xxs__B1_B2CKP3,0.6612172516967088,0.5,True
8fir__A1_O83132--8fir__B1_O83132,0.7295838645869788,0.5,True
3i6s__A1_O82777--3i6s__B1_O82777,0.8266307533142176,0.5,True
7yhe__B1_A6YEH4--7yhe__A1_A6YEH4,0.7542885452961862,0.5,True
1ku2__A1_Q9EZJ8--1ku2__B1_Q9EZJ8,0.6078191149467712,0.5,True
6qwo__B1_Q9S5W7--6qwo__A1_Q9S5W7,0.8087112041096716,0.5,True
1mxi__A1_P44868--1mxi__A2_P44868,0.7900423949296689,0.5,True
2vhl__A1_O34450--2vhl__A2_O34450,0.9566999999917142,0.5,True
5wan__A1_P75898--5wan__A2_P75898,0.7875744564645777,0.5,True
4x7z__B1_Q49492--4x7z__A1_Q49492,0.9569497829855338,0.5,True
6a1k__A1_P71018--6a1k__B1_P71018,0.9000556513981655,0.5,True
7pjh__A1_Q9Y312--7pjh__B1_Q6P2Q9,0.8902626915041241,0.5,False
4joi__A1_Q9H668--4joi__C1_Q86WV5,0.8237278141593187,0.5,False
8axz__A1_P31153--8axz__A2_P31153,0.8018359373944437,0.5,True
8ogi__B1_P11678--8ogi__A1_P11678,0.3029849337207263,0.5,True
8cxl__A1_A7KH32--8cxl__B1_A7KH32,0.8856078717926288,0.5,True
7win__B1_Q9UIF8--7win__A1_Q9UIF8,0.5446066006839742,0.5,True
7b80__A1_G3I8R9--7b80__B1_Q9BVA6,0.5838239806116223,0.5,False
4bwv__A1_Q8L5D0--4bwv__B1_Q8L5D0,0.7333216188994045,0.5,True
7drj__A1_P63756--7drj__B1_P63756,0.8960926327010298,0.5,True
3qth__A1_Q47ZP9--3qth__B1_Q47ZP9,0.8446415837202562,0.5,True
8b28__A1_F6GSX7--8b28__A2_F6GSX7,0.6368298474387696,0.5,True
6scx__A1_Q9BQG2--6scx__B1_Q9BQG2,0.7991362333322015,0.5,True
8hpc__A1_P60327--8hpc__H1_P60327,0.9467719189018828,0.5,True
5n76__A1_P72320--5n76__B1_P72320,0.9697359238990708,0.5525152728296666,True
3cq3__A1_Q53W28--3cq3__A2_Q53W28,0.4609447699686065,0.5,True
3kbu__A1_P11277--3kbu__D1_P16157,0.6939044074296956,0.5,False
7pck__A1_P43235--7pck__C2_P43235,0.9572097300394635,0.5,True
5o4z__A1_Q9X1T1--5o4z__A2_Q9X1T1,0.9577480527981967,0.5,True
1vla__A1_Q9X021--1vla__B1_Q9X021,0.8064178007837322,0.5,True
5oed__A1_Q6EAT3--5oed__B1_Q13637,0.6827052992220715,0.5,False
7yva__A1_Q9URB4--7yva__B1_Q9URB4,0.8819534948543006,0.49998834879060444,True
7s6n__B1_Q5RGJ8--7s6n__A1_Q5RGJ8,0.4610631321228524,0.5,True
4cz8__A1_Q9UZ55--4cz8__B1_Q9UZ55,0.9560037464944408,0.5,True
6ebn__A1_A0A4P1LYB6--6ebn__B1_A0A4P1LYB6,0.865318616468576,0.5,True
3lf4__B1_D1MPT3--3lf4__A1_D1MPT3,0.22235283967008396,0.5,True
3ffe__B1_Q93AT8--3ffe__A1_Q93AT8,0.703540498061046,0.5,True
7zg6__A1_A0A2J0RDY6--7zg6__B1_A0A2J0RDY6,0.7402234966835786,0.5,True
8f4q__A1_Q00972--8f4q__A2_Q00972,0.7133997670669161,0.5,True
4rz3__A1_A4IMB4--4rz3__B1_A4IMB4,0.6954578324168509,0.5,True
8f8k__A1_O53507--8f8k__A2_O53507,0.9465379243329382,0.5029411764705882,True
3zw5__A1_A6NK44--3zw5__B1_A6NK44,0.8157236220472442,0.5,True
6l3q__B1_G0SEI5--6l3q__A1_G0SEI5,0.7599738222427116,0.5,True
8ag8__A1_A0A1I5SVP7--8ag8__A2_A0A1I5SVP7,0.9429595391211146,0.5,True
2i2w__A1_P63224--2i2w__D1_P63224,0.9048289954140626,0.5,True
2f22__B1_Q9RC77--2f22__A1_Q9RC77,0.9653755868544601,0.5,True
3tng__A1_Q8Y7B7--3tng__A2_Q8Y7B7,0.8716853467100518,0.5,True
8gr8__B1_P08679--8gr8__A1_P08679,0.9328128042252133,0.5,True
7ae8__A1_A0A0B0QJR1--7ae8__B1_A0A0B0QJR1,0.9583085988240387,0.5,True
2w54__B1_O54051--2w54__A1_O54050,0.8965778840157947,0.5,False
4b0z__A1_P50524--4b0z__B1_P50524,0.9307136878216123,0.5,True
2re7__A1_Q4FV99--2re7__A2_Q4FV99,0.9178206643874279,0.5,True
8h0t__A1_O34614--8h0t__A2_O34614,0.9397526930865149,0.5240251395732052,True
1te2__A1_P77247--1te2__B1_P77247,0.9932582715877465,0.5,True
7xt2__A1_Q6ZMU5--7xt2__B1_Q6ZMU5,0.8683974408636765,0.5,True
1ev7__A1_P50187--1ev7__B1_P50187,0.9311758034638329,0.5,True
1ogl__A1_O15923--1ogl__A2_O15923,0.8007805300739037,0.5,True
3lrt__B1_Q97CA5--3lrt__A1_Q97CA5,0.9219481751539291,0.4999938756262172,True
3fou__A1_Q5SGZ9--3fou__B1_Q5SGZ9,0.8128470172131892,0.5,True
5jnq__A1_R0BTE9--5jnq__A2_R0BTE9,0.9618125601253503,0.5,True
4g12__A1_A5U5K3--4g12__B1_A5U5K3,0.8994184701754582,0.5,True
3evj__B1_P01008--3evj__A1_P01008,0.7229442475678433,0.5,True
2oq2__B1_P18408--2oq2__A1_P18408,0.641039341250225,0.5,True
8he6__A1_Q8YSS0--8he6__B1_Q8YSS0,0.9688940463020903,0.5,True
2xij__A1_P22033--2xij__A2_P22033,0.8816955992986696,0.5,True
1nr5__A1_P07547--1nr5__A2_P07547,0.8989112731641217,0.5,True
1gmj__A1_P01096--1gmj__B1_P01096,0.9318675263128893,0.5,True
4yba__B1_Q93K36--4yba__A1_Q93K36,0.3679767981827478,0.5,True
8ok7__A1_M4T0B2--8ok7__D1_M4T0B2,0.80155452265196,0.5,True
7f76__B1_A0A223KLJ1--7f76__A1_A0A223KLJ1,0.77206045905295,0.5,True
7vp6__A1_Q9C9L2--7vp6__B1_Q9C9L2,0.7975226214206663,0.5,True
8jmq__A1_A9CQD5--8jmq__B1_A9CQD3,0.8377310604619308,0.5,False
7zgt__A1_W8R3D8--7zgt__B1_W8R3D8,0.5436668407277595,0.5,True
7xgt__B1_Q6H8B1--7xgt__A1_Q6H8B1,0.6041757631833072,0.5,True
3i2t__A1_P04412--3i2t__A2_P04412,0.7147995363391093,0.5,True
8tjk__A1_A0A0F7G196--8tjk__B1_A0A0F7G196,0.8979684284439184,0.5,True
7wt0__A1_Q04760--7wt0__B1_Q04760,0.724395791884283,0.5,True
3if0__A1_Q74MS9--3if0__A2_Q74MS9,0.5962507321578175,0.5,True
3qrh__A1_Q8SSM8--3qrh__A2_Q8SSM8,0.639268768562085,0.5,True
8q70__A1_Q8U2C1--8q70__A2_Q8U2C1,0.9623509223995129,0.5,True
7vso__A1_P02945--7vso__A2_P02945,0.9071913586940485,0.5,True
5f8b__A1_Q4WB03--5f8b__A2_Q4WB03,0.9640081155354252,0.5,True
8ax0__A1_A0A384E145--8ax0__B1_A0A384E145,0.9687641008275,0.5,True
7r5y__E2_R7PD89--7r5y__A1_R7PD89,0.8110810536818572,0.5,True
7qow__B1_Q93P54--7qow__A1_Q93P54,0.9112067791775063,0.5,True
5il7__A1_Q8KC98--5il7__B1_Q8KC98,0.5915015547566893,0.5,True
3ct9__B1_Q8A1V9--3ct9__A1_Q8A1V9,0.9649980825762913,0.5044563437225931,True
8pvm__A1_P29166--8pvm__B1_P29166,0.8408754342946828,0.5,True
8ct0__F1_S4S3E3--8ct0__A1_S4S3E3,0.9182739262811942,0.49998620765750856,True
3q2j__B1_P0A3Y5--3q2j__A1_P0A3Y5,0.7007757967290806,0.5,True
7xzp__B1_A0A379CIH2--7xzp__A1_A0A379CIH2,0.9642715810571117,0.49999196536752016,True
3qvf__A1_Q56187--3qvf__A2_Q56187,0.9871323860580152,0.5,True
6gxs__A1_Q7NZ70--6gxs__D1_Q7NZ70,0.8082014888895221,0.5,True
2hr8__A1_O58456--2hr8__B1_O58456,0.7906600403117674,0.5,True
2zyf__A1_O87198--2zyf__A2_O87198,0.8321595716436988,0.5,True
7s3v__A1_Q16719--7s3v__A2_Q16719,0.9515508462949733,0.5,True
6a29__A1_O32504--6a29__B1_O32504,0.7395128520222014,0.5,True
4ml6__C1_A6GV51--4ml6__A1_A6GV51,0.9049198933398656,0.5,True
4cht__A1_Q13472--4cht__B1_Q9H9A7,0.45249431012639285,0.5,False
1n4p__B1_P53610--1n4p__A1_Q04631,0.8980673307343432,0.5,False
1tec__A1_P04072--1tec__B1_P01051,0.8771345840829264,0.5,False
8p1h__A1_E7EX29--8p1h__B2_E7EX29,0.7351682466030551,0.5,True
6b9t__A1_A9A1T2--6b9t__B1_A9A1T2,0.8306996479411017,0.5,True
3g0k__A1_Q2G4A7--3g0k__A2_Q2G4A7,0.9189768677900586,0.5,True
8hy5__A1_P14920--8hy5__B1_P14920,0.7808075512190078,0.5,True
8fts__A1_R9UTR3--8fts__A2_R9UTR3,0.5800905646388509,0.5,True
1jrk__A1_Q8ZTD8--1jrk__B1_Q8ZTD8,0.7928198366213682,0.5,True
2ejn__A1_P30440--2ejn__B1_P30440,0.908610010387412,0.5,True
8ju7__A1_Q9I2U4--8ju7__B1_Q9I2U4,0.8900220230405184,0.499997269579843,True
3nel__A1_Q52428--3nel__B1_Q52428,0.8250815116494942,0.5,True
2dc1__A1_O28440--2dc1__B1_O28440,0.9889415777652352,0.5,True
8fzk__B1_P52292--8fzk__A1_P52292,0.5938783764198017,0.5,True
3wnz__A1_P39641--3wnz__A2_P39641,0.8957139894717017,0.5,True
8e1u__A1_A0A160VN62--8e1u__F2_A0A160VN62,0.8792294078096109,0.5,True
1v7c__A1_P83823--1v7c__B1_P83823,0.8941807386682499,0.5,True
3egg__A1_P62136--3egg__C1_O35274,0.7253983383246473,0.5,False
4yke__B1_G0RYR3--4yke__A1_G0RYR3,0.5288744380060404,0.5,True
1tq9__A1_P00669--1tq9__B1_P00669,0.5312306464213208,0.5,True
4oh3__B1_Q05085--4oh3__A1_Q05085,0.9120841441330783,0.5,True
4q62__A1_Q5ZUB7--4q62__A2_Q5ZUB7,0.7126613080871709,0.5,True
2we5__A1_P0A2X7--2we5__B1_P0A2X7,0.9662071533874428,0.5,True
5t51__A1_Q6CLK3--5t51__B1_Q6CPD1,0.6487740775322475,0.5,False
3i0z__A1_A0A0H2UN25--3i0z__B1_A0A0H2UN25,0.8118264583896602,0.5,True
8p6k__A1_A0A0H2UWN1--8p6k__B1_A0A0H2UWN1,0.5469318851959215,0.5,True
7z9z__A1_P02754--7z9z__A2_P02754,0.6649414112053523,0.5,True
6d0i__A1_A0A0C5XL88--6d0i__B1_A0A0C5XKJ0,0.47648071424169836,0.5,False
3gs3__A1_Q8MSU4--3gs3__A2_Q8MSU4,0.20526136148902668,0.5,True
2f4m__A1_Q9JI78--2f4m__B1_P54728,0.5736011223747385,0.5,False
4yh8__A1_Q09176--4yh8__B1_P36629,0.8222929463269348,0.5,False
1e44__B1_P00646--1e44__A1_P02984,0.7243954881306779,0.5,False
2yri__A1_Q5SLX0--2yri__B1_Q5SLX0,0.9630273306063313,0.5,True
1gcj__A1_P70168--1gcj__B1_P70168,0.4528311519448857,0.5,True
7qbp__A1_A4F7B2--7qbp__A2_A4F7B2,0.927416848284623,0.5,True
4hdd__A1_P09391--4hdd__A2_P09391,0.5366777791756933,0.5,True
3e4q__A1_P13633--3e4q__B1_P13633,0.8759372317332206,0.5,True
8ein__B1_Q6FCQ4--8ein__A1_Q6FCQ4,0.9194484047924456,0.5,True
1zmb__A1_Q97LM8--1zmb__B1_Q97LM8,0.9632876451006763,0.5,True
6ygu__A1_G0RZ64--6ygu__B1_G0S1V1,0.44448576887997504,0.5,False
2yyh__A1_O67435--2yyh__B1_O67435,0.910681827373627,0.5,True
5wk0__A1_A0A2C9TMM3--5wk0__A2_A0A2C9TMM3,0.8879273413779173,0.5095942089419983,True
8h4j__A1_W8UQZ7--8h4j__D1_W8UQZ7,0.8693900060781845,0.5,True
1z83__A1_P00568--1z83__B1_P00568,0.9025381040590166,0.5,True
8h2c__A1_Q0P8U0--8h2c__B1_Q0P8U0,0.8513477098788137,0.5,True
2dkh__A1_Q6SSJ6--2dkh__A2_Q6SSJ6,0.9087437831236654,0.5,True
7c7e__A1_A0A0H3MRW3--7c7e__A2_A0A0H3MRW3,0.9029151564888344,0.49999045746893905,True
3dpt__B1_Q8KC98--3dpt__A1_Q8KC98,0.9422633215274656,0.5,True
3fgw__A1_Q3TCN2--3fgw__A2_Q3TCN2,0.8074314504239845,0.5,True
7wh0__A1_Q9U2E4--7wh0__B2_Q9U2E4,0.9888198317805232,0.5,True
8dq3__A1_A0A142G3G1--8dq3__B1_A0A142G3G1,0.8186422781759493,0.5,True
6t2b__A1_B2UQL7--6t2b__C1_B2UQL7,0.4964049994657761,0.5,True
8jh0__B1_S2D3K4--8jh0__A1_S2D3K4,0.7293707705910338,0.5,True
7t2s__A1_A0A494K842--7t2s__A2_A0A494K842,0.764036432519838,0.5,True
3frw__B1_A5ZMD8--3frw__A1_A5ZMD8,0.8065469694829955,0.5,True
5ab5__A1_C9ZUV7--5ab5__B1_C9ZUV7,0.9388216036084323,0.5,True
5myd__C2_A0A2D0TC86--5myd__A1_A0A2D0TC86,0.7898969611588912,0.5,True
5cde__A1_Q8P839--5cde__B1_Q8P839,0.8856281315559303,0.5,True
6pi4__A1_A0R1Z9--6pi4__A2_A0R1Z9,0.3850710708275037,0.5,True
3ipf__A1_Q251Q8--3ipf__B1_Q251Q8,0.31258520412690477,0.5,True
2p3y__A1_Q87I71--2p3y__B1_Q87I71,0.888441053650135,0.5,True
5jbr__A1_C5C6I1--5jbr__B1_C5C6I1,0.8328345026804722,0.5,True
8ttz__A1_G8E2R2--8ttz__B2_G8E2R2,0.8878123418140664,0.5,True
3vba__A1_Q58673--3vba__B1_Q58673,0.9351710711996799,0.5,True
4o6y__B1_Q9SWS1--4o6y__A1_Q9SWS1,0.887627184288108,0.5,True
4e5r__A1_Q6IRB5--4e5r__A2_Q6IRB5,0.2766916638006434,0.5,True
7ywv__A1_Q0SBK1--7ywv__C1_Q0SBK1,0.9682549007016158,0.5,True
8eer__A1_P01116--8eer__A2_P01116,0.6079611731378104,0.5,True
3f84__B1_E3PPC4--3f84__A1_E3PPC4,0.4458734473842176,0.5,True
5mu7__A1_G0S6G7--5mu7__B1_G0S6I4,0.5520223028548432,0.5,False
8hfp__B1_Q96T68--8hfp__A1_Q8N8R7,0.6084345739794326,0.5,False
4rmn__B1_Q6NC13--4rmn__A2_Q6NC13,0.8280677475731075,0.5,True
3mx1__A1_Q46944--3mx1__A2_Q46944,0.7571454155440498,0.5,True
5gl5__A1_Q06321--5gl5__B1_Q06321,0.5419620562843357,0.5,True
8e77__A1_Q1QD54--8e77__A2_Q1QD54,0.9517552070316161,0.5,True
5gl4__A1_B6YTD8--5gl4__B1_B6YTD8,0.9795586466372875,0.5,True
7wf9__A1_Q3ZT31--7wf9__B1_Q3ZT31,0.28453702221832455,0.5,True
8fw0__B1_P39897--8fw0__A1_P39897,0.8522033131019291,0.5,True
8ou8__B1_P0A8M3--8ou8__A1_P0A8M3,0.9060975257430565,0.5,True
7acm__B1_P75811--7acm__A1_P75811,0.7897421949000216,0.5,True
4trb__A1_Q97W95--4trb__B1_Q97W95,0.8262398313535452,0.5,True
2ia9__B1_P28015--2ia9__A1_P28015,0.37161978186713174,0.5,True
3sy6__A1_Q5LE92--3sy6__B1_Q5LE92,0.9556697098468013,0.5,True
6xz3__A1_Q9H1K6--6xz3__A2_Q9H1K6,0.9796978321099414,0.5,True
2h8e__A1_P0AG74--2h8e__A2_P0AG74,0.8684954347226789,0.5,True
3gyx__A1_T2G6Z9--3gyx__B1_T2G899,0.6778515060059196,0.5,False
4e0u__A1_D1D8L6--4e0u__A2_D1D8L6,0.9729241697159914,0.5,True
6teu__A1_O60568--6teu__A2_O60568,0.8754651153100359,0.5,True
6xt5__B1_P49046--6xt5__A1_P49046,0.5121471286992794,0.5,True
8g1t__A1_Q07812--8g1t__B1_Q07812,0.24626968308624303,0.5,True
7xp7__B1_W9FXI8--7xp7__A1_W9FXI8,0.906095746293987,0.5,True
8i55__A1_Q58380--8i55__B1_Q58380,0.8483572338998707,0.5,True
1h65__A1_Q41009--1h65__A2_Q41009,0.9772411298741156,0.5,True
3ol4__A1_A0QRC4--3ol4__B1_A0QRC4,0.14892931589918512,0.5,True
8idq__A1_A0A0B8MZ29--8idq__C1_A0A0B8MZ29,0.8852963627025164,0.5,True
3f6g__B1_Q8F3Q1--3f6g__A1_Q8F3Q1,0.8845673434851491,0.5,True
6akj__B1_G2TRN4--6akj__A1_G2TRN4,0.6947864113117366,0.5,True
3qhy__B1_O87916--3qhy__A1_Q93T42,0.8156109984353155,0.5,False
4j5p__B1_P97612--4j5p__A1_P97612,0.8862797947778375,0.5,True
4icq__A1_A0A0H2UN95--4icq__B1_A0A0H2UN95,0.8178188122320398,0.5,True
1klf__B1_P08191--1klf__A1_P31697,0.8369006880945784,0.5,False
6y4l__A1_Q15006--6y4l__B1_Q9Y3B6,0.7892057643382366,0.5,False
6dex__B1_Q74ZQ8--6dex__A1_Q75DL0,0.8873680183626627,0.5,False
2z02__A1_Q58987--2z02__B1_Q58987,0.9570909962931015,0.5,True
4l7w__A1_Q7Z4H3--4l7w__A2_Q7Z4H3,0.9358905591738759,0.49997589490177174,True
6tct__A1_Q9KL67--6tct__B1_Q9KL67,0.8659477248275427,0.5,True
6sul__A1_A8FAR5--6sul__B1_A8FAR5,0.7956336662356771,0.5,True
4qqv__A1_P26954--4qqv__B1_P26954,0.4530110604957472,0.5,True
3l8d__A1_A0RD96--3l8d__A2_A0RD96,0.7005073632360349,0.5,True
7yqa__B1_A0A1C9ZZ39--7yqa__A1_A0A1C9ZZ39,0.7337015319476277,0.5,True
1b8m__B1_P34130--1b8m__A1_P23560,0.7837838317772153,0.5,False
1irq__B1_Q57468--1irq__A1_Q57468,0.8234076484947112,0.5,True
7xi6__A1_A5GXY1--7xi6__B1_A5GXY1,0.7152415970187054,0.5429149028546619,True
7vrx__D1_A0A6J4AG16--7vrx__B1_A0A6J4AG16,0.9808202293756267,0.5,True
6iik__A1_P54578--6iik__B1_P54578,0.39806576178282427,0.5,True
3nau__A1_Q9Y6X8--3nau__B1_Q9Y6X8,0.09694087862758344,0.5,True
3cis__B1_P9WFD7--3cis__A1_P9WFD7,0.9387870093503079,0.5,True
4jzy__B1_O77059--4jzy__A1_O77059,0.8320950672893274,0.5,True
7yxg__A1_Q9VU77--7yxg__B1_Q9VU77,0.978160687125204,0.5,True
5cio__A1_A0A1A9TAI5--5cio__B1_A0A1A9TAI5,0.9129408633380149,0.5,True
8jwj__A1_Q9DAG9--8jwj__B1_P62837,0.6337415996178472,0.5,False
6ia6__A1_A0A1C7D1B7--6ia6__A2_A0A1C7D1B7,0.4232380545271396,0.5,True
8h1g__A1_O67518--8h1g__A2_O67518,0.7824447710003263,0.5,True
7x0d__A1_A5YW95--7x0d__B1_A5YW95,0.8144408672848603,0.5,True
1ghd__B1_O86089--1ghd__A1_O86089,0.3163983031440112,0.5,True
2x6f__A1_Q9W1M7--2x6f__B1_Q9W1M7,0.7965824224615677,0.5,True
8oik__A1_Q9UPU9--8oik__C1_Q9UPU9,0.7060679607125588,0.5,True
6nxl__A1_B4DV12--6nxl__E1_B4DV12,0.36799756307765463,0.5,True
8wmy__A1_A0A4U7IGH6--8wmy__B2_A0A4U7IGH6,0.6315789599430419,0.5,True
3trf__A1_Q83AJ3--3trf__A2_Q83AJ3,0.6275760757465206,0.5,True
5h4s__A1_A0A090BWT0--5h4s__A2_A0A090BWT0,0.7460033789983956,0.5,True
2zvb__A1_Q53WA6--2zvb__A2_Q53WA6,0.7182851784213373,0.5,True
8wa7__A1_P27302--8wa7__B1_P27302,0.8757529985337211,0.5,True
3b0z__B1_P40727--3b0z__A1_P40727,0.28278326321621117,0.5,True
4usp__A1_B3GA02--4usp__B1_B3GA02,0.7410280649247761,0.5,True
7cms__A1_P00953--7cms__B1_P00953,0.8857393795593473,0.5,True
7t8q__A1_Q7S860--7t8q__D1_Q7S860,0.865314576291846,0.5,True
6j9k__A1_A0A425B3G2--6j9k__A2_A0A425B3G2,0.7270367705710308,0.5,True
7xp0__A1_Q9I5E1--7xp0__A2_Q9I5E1,0.8450826638575103,0.5,True
8ih4__A1_Q8WVV5--8ih4__B1_Q8WVV5,0.5821145977485799,0.5,True
1tfe__A1_P43895--1tfe__A2_P43895,0.9729386967072285,0.5,True
2a8f__A1_P15569--2a8f__B1_P15569,0.6192421169094597,0.5,True
4iwq__A1_Q9UHD2--4iwq__A2_Q9UHD2,0.842224988992043,0.5,True
5hs5__A1_Q2G0D1--5hs5__B1_Q2G0D1,0.908278095079279,0.5,True
3v89__A1_Q9K0U9--3v89__B1_P02787,0.8365839758735664,0.5,False
8e3g__B1_P43026--8e3g__A1_P12643,0.8574296783732227,0.5,False
2w8b__A1_P0A855--2w8b__H1_P0A912,0.44346328697472703,0.5,False
5f7p__B1_Q8YAF1--5f7p__A1_Q8YAF1,0.8814946492958586,0.5,True
8f71__B1_Q6N5G3--8f71__A1_Q6N5G3,0.9963836747086392,0.5,True
8hwi__B1_A0A327WNX5--8hwi__A1_A0A327WNX5,0.821690493917654,0.5,True
7r3i__B1_P54292--7r3i__A1_P54292,0.6495847120019641,0.5,True
8afj__A1_A0A179QS89--8afj__B1_A0A179QS89,0.7611371808154062,0.5,True
3pub__B1_E5EVW2--3pub__A1_E5EVW2,0.5997978486561043,0.5,True
8es5__A1_A0A0H2Z732--8es5__B1_A0A0H2Z732,0.9383598822609163,0.4999796342307849,True
7txn__B1_Q8YVV6--7txn__A1_Q8YVV6,0.29758430010591397,0.5,True
3py6__A1_Q2YQ74--3py6__A2_Q2YQ74,0.927940604202098,0.5,True
1hjr__A1_P0A814--1hjr__C1_P0A814,0.6019270560039893,0.5,True
8k3b__A1_A0A071KWR3--8k3b__A2_A0A071KWR3,0.7653463620864853,0.5,True
3w2z__A1_Q8YXY7--3w2z__A2_Q8YXY7,0.6042562286948552,0.5,True
8f78__A1_P55212--8f78__B1_P55212,0.7524642852977876,0.5,True
6wg4__A1_Q14683--6wg4__B1_Q9UQE7,0.658875848747691,0.5,False
7zry__A1_O60341--7zry__B1_Q9UKL0,0.6906694715715483,0.5,False
1uix__A1_Q28021--1uix__B1_Q28021,0.9303519502622006,0.5,True
7vrc__A1_P38956--7vrc__B1_P22082,0.7305334180319636,0.5,False
1oz0__A1_P31335--1oz0__B1_P31335,0.9679921151110186,0.5,True
7eft__B1_P16926--7eft__A1_P16926,0.6970392668102199,0.5,True
8e2b__B1_Q2FYI5--8e2b__A1_Q2FYI5,0.7018985953539453,0.5,True
7jw6__A1_Q9VIF1--7jw6__A2_Q9VIF1,0.6327888099353435,0.5,True
1jkw__A1_P51946--1jkw__A2_P51946,0.85535753927027,0.5,True
4pfp__B1_F1RQI7--4pfp__A1_F1RQI7,0.6928971590008648,0.5,True
8h1s__A1_Q9I5U2--8h1s__B1_Q9HX32,0.7461647114392118,0.5,False
7t0y__A1_P62136--7t0y__B1_Q14684,0.6770520433075591,0.5,False
1tz9__A1_Q82ZC9--1tz9__B1_Q82ZC9,0.9537623541175209,0.5,True
2wns__B1_P11172--2wns__A1_P11172,0.9033945259264067,0.5,True
6s8v__B1_P08195--6s8v__A1_P80188,0.6525357404894103,0.5,False
2gt4__A1_P32056--2gt4__B1_P32056,0.9238679680872769,0.5179584232623565,True
3bof__A1_Q9WYA5--3bof__B1_Q9WYA5,0.6408827434894545,0.5,True
6trj__A1_O75475--6trj__A2_O75475,0.11070921201188154,0.5,True
8h4z__A1_A0A2X5A3P4--8h4z__B1_A0A2X5A3P4,0.9417119154045595,0.5,True
2hre__A1_P22830--2hre__B1_P22830,0.8009154267034321,0.5,True
5yjc__A1_Q5HK94--5yjc__B1_Q5HK94,0.6541528372177079,0.5,True
8d6k__A1_Q9L1K2--8d6k__B1_Q9L1K2,0.925113352360044,0.5,True
2zew__B1_Q9ZA17--2zew__A1_Q9ZA17,0.28213847402915987,0.5,True
5wpi__A1_Q58PW8--5wpi__B1_Q58PW8,0.9585841631453184,0.5,True
8fk6__A1_A0A0C9S461--8fk6__B1_P80098,0.7975743631452816,0.5,False
7tm7__A1_A0A0H3GYH4--7tm7__B1_A0A0H3GYH4,0.8844244956264707,0.5,True
7x4b__A1_A0A2D0TCG3--7x4b__B1_A0A2D0TCG3,0.925169147496617,0.5,True
3npi__A1_Q6NFU8--3npi__B1_Q6NFU8,0.8284855083352187,0.5,True
