system_id,auroc,bacc,is_homodimer
8iyi__A1_Q6CVU4--8iyi__B1_Q6CVU4,0.9808038894524701,0.5,True
1uus__A1_O00910--1uus__A2_O00910,0.9452765612141896,0.5,True
1zt2__A1_Q97Z83--1zt2__C1_Q9UWW1,0.99456209761875,0.5,False
7uex__A1_Q9H999--7uex__A2_Q9H999,0.9526542896008092,0.5,True
6jqy__A1_P9WF13--6jqy__B1_P9WF13,0.9620815138282387,0.6612081513828238,True
6l6w__A1_A0A3B6UEU3--6l6w__A2_A0A3B6UEU3,0.9981078863706286,0.5,True
8h56__A1_Q8BB16--8h56__B1_Q8BB16,0.9491689742054583,0.4999363867684478,True
8grj__B1_Q8GQE7--8grj__A1_A0A0H3KLY3,0.937958821872378,0.5,False
2j0n__B1_P18013--2j0n__A1_P18013,0.8865290389782838,0.5,True
3rq1__A1_D1BN29--3rq1__C1_D1BN29,0.9636108958276616,0.5,True
5djt__A1_O49004--5djt__B1_UNDEFINED,0.9624836525152527,0.5,False
5ae6__B1_Q92458--5ae6__A1_Q92458,0.9629614313802984,0.5,True
3v1e__A1_UNDEFINED--3v1e__B1_UNDEFINED,0.901688596491228,0.5178070175438596,True
7qi3__A1_W7NDP8--7qi3__C1_W7NDP8,0.9636480373047728,0.5,True
2yve__A1_Q8NMG3--2yve__B1_Q8NMG3,0.9755580547427068,0.5039036445136581,True
5ynx__A1_B2GM84--5ynx__B1_B2GM84,0.9638960945992023,0.5,True
2r6u__A1_Q0S814--2r6u__C1_Q0S814,0.9507691495610795,0.49996914913309065,True
8b6m__A1_Q9H2K2--8b6m__B1_Q9H2K2,0.817193894975948,0.5189125310108567,True
3kc2__A1_P36151--3kc2__B1_P36151,0.9884475475240554,0.5,True
3vp5__A1_Q9CHR1--3vp5__A2_Q9CHR1,0.979726430113198,0.5,True
7pvh__A1_B2RLE7--7pvh__B1_B2RLE7,0.8613689726797163,0.5,True
4nqf__B2_Q7CW19--4nqf__A1_Q7CW19,0.9518970162405701,0.5,True
1vjh__A1_P0C0B0--1vjh__B1_P0C0B0,0.9390347269355035,0.5,True
5xw4__B1_Q00684--5xw4__A1_Q00684,0.9246848887447632,0.5,True
4xdl__A1_P57789--4xdl__B1_P57789,0.905839674763556,0.5,True
6ukl__A1_P0A901--6ukl__F1_P0A901,0.9244336266616738,0.49981276914435496,True
5by4__A1_P0ABV6--5by4__A2_P0ABV6,0.9622025342276876,0.5034246575342466,True
7zxs__A1_Q86TI2--7zxs__C1_Q86TI2,0.9815592128102936,0.5,True
1v6u__A1_Q7SI98--1v6u__B1_Q7SI98,0.9307524349243204,0.5,True
6e27__A1_Q9H257--6e27__B1_Q9H257,0.8257561787319714,0.5,True
7szd__A1_Q96S44--7szd__B1_Q9Y3C4,0.9823288380352712,0.5,False
1h9r__A1_P0A9G8--1h9r__B1_P0A9G8,0.9236804939464914,0.5,True
3on6__A1_A7M0J6--3on6__B1_A7M0J6,0.9820817538211652,0.5,True
8fwy__A1_Q4DGA2--8fwy__B1_Q4DGA2,0.9681553322716476,0.5,True
1yu6__A1_P00780--1yu6__C1_P68390,0.8846527411837054,0.5,False
6ek1__A1_A0A452CST7--6ek1__A2_A0A452CST7,0.9821050965672055,0.5,True
6ckj__A1_P0A0Z8--6ckj__A2_P0A0Z8,0.9859180106197025,0.5,True
7yj0__B1_UNDEFINED--7yj0__A1_UNDEFINED,0.9782286775234409,0.5,True
1w33__A1_O50957--1w33__B1_O50957,0.9784498966175126,0.5,True
4usk__B1_H7C745--4usk__B2_H7C745,0.9578283167983858,0.5,True
6cmv__B1_Q4J9G1--6cmv__A1_Q4J9G1,0.9911773854843323,0.5070422535211268,True
7y70__A1_F4KCC2--7y70__A2_F4KCC2,0.9546307351185399,0.49991471942691457,True
3cwx__A1_P94837--3cwx__B1_P94837,0.944420666598098,0.5,True
3p1y__A1_O29362--3p1y__B1_O29362,0.9428729890129465,0.5,True
8a8i__A1_Q9R9V9--8a8i__B1_Q9R9V9,0.9918008664058651,0.5,True
5d1l__A1_P62837--5d1l__B1_Q96BH1,0.9032211972991653,0.5,False
8bcs__A1_UNDEFINED--8bcs__A2_UNDEFINED,0.9691652058272381,0.6173577948376957,True
8og3__A1_P38489--8og3__B1_P38489,0.9763047226896024,0.5,True
3c07__A1_Q9KZ96--3c07__B1_Q9KZ96,0.9887197743650209,0.5,True
3iqy__A1_P28366--3iqy__A2_P28366,0.9639577209022013,0.5,True
4afi__A1_P70280--4afi__B1_P70280,0.9470386917597536,0.5,True
7e76__A1_A0A3B6LNA8--7e76__B1_A0A3B6LNA8,0.884130205323998,0.5,True
3cqc__A1_P57740--3cqc__B1_Q8WUM0,0.9728219986045092,0.5,False
7x1k__A1_Q6DL91--7x1k__B1_Q6DL91,0.9475474572385693,0.5,True
6ydr__A1_A0A3S8UVN5--6ydr__A2_A0A3S8UVN5,0.8847710787422883,0.5103512462129587,True
8egw__B1_Q6V0I7--8egw__A1_Q96JQ0,0.8843549570822298,0.5,False
8sgd__A1_P25342--8sgd__B1_P32457,0.9525836086755055,0.5,False
3ecf__A1_Q3M5E4--3ecf__B1_Q3M5E4,0.9182880248209905,0.5,True
6j94__A1_Q93VK5--6j94__B1_Q93VK5,0.9891855747222922,0.5,True
7xsh__A1_K1KV82--7xsh__B2_K1KV82,0.9760570876738206,0.5,True
7fct__B1_A0A4Y1LJC5--7fct__A1_A0A4Y1LJC5,0.9692343977376101,0.5,True
8v14__A1_G5EEF9--8v14__B1_G5EEF9,0.9450089847259658,0.5,True
6r76__A1_H3ZMH8--6r76__B1_H3ZMH8,0.9798401120389247,0.5,True
8ap0__A1_A0A5S9CYM0--8ap0__A2_A0A5S9CYM0,0.9941579701670508,0.5,True
5j10__A1_UNDEFINED--5j10__B1_UNDEFINED,0.9885304977591147,0.5392219141994353,True
3qph__A1_Q9HGZ9--3qph__A2_Q9HGZ9,0.9214564649979922,0.5,True
3o6j__A1_O67987--3o6j__B1_O67987,0.9868009439217367,0.5,True
6o6z__A1_B6YWC3--6o6z__B1_B6YWC3,0.9711736222664298,0.5,True
7edp__B1_Q5JT35--7edp__A1_Q8TEK3,0.9224481658692185,0.5,False
3fil__A1_P19909--3fil__B1_P19909,0.9696371807519457,0.5882638133542442,True
6do2__A1_P11021--6do2__B1_P11021,0.9710568459336527,0.5,True
7f4q__B1_Q22GC0--7f4q__A1_I7M8B9,0.9415810836769181,0.5047715010732093,False
4hfg__A1_Q9NQG5--4hfg__B1_Q9NQG5,0.9627311920489324,0.5297707640241229,True
7yh2__A1_A0A1Q9P883--7yh2__B1_A0A1Q9P883,0.9928166837579645,0.5086206896551724,True
3axs__A1_O67010--3axs__A2_O67010,0.9793369644332638,0.5,True
3cqr__A1_Q39249--3cqr__B1_Q39249,0.8718564927046493,0.5,True
3s8k__A1_P80691--3s8k__B1_P80691,0.979730280837619,0.5,True
4oun__A1_O31418--4oun__A2_O31418,0.9728339298599057,0.5276813333619095,True
2iab__A1_Q825J7--2iab__B1_Q825J7,0.9792989543311066,0.5,True
3o3n__A1_Q5U924--3o3n__B1_Q5U923,0.9340410437546854,0.5,False
6f3z__A1_P0ADC3--6f3z__B1_P61316,0.9799747689688716,0.5,False
1hr7__A1_P11914--1hr7__B1_P10507,0.9547611966215748,0.5,False
8gko__B1_P28296--8gko__A1_P28296,0.9751035577330665,0.5,True
2gkv__A1_P00777--2gkv__B1_P68390,0.922688676990288,0.5,False
8stx__A1_Q4E4E1--8stx__B1_Q4E4E1,0.9911736999929049,0.5,True
4m36__A1_Q582G4--4m36__A2_Q582G4,0.978043005538944,0.5020242914979757,True
5wpu__A1_A0A076NBW8--5wpu__A2_A0A076NBW8,0.9710536384127222,0.5,True
5yps__A1_A0A0W4ZF97--5yps__B1_A0A0W4ZF97,0.945458736069385,0.5,True
5oge__E1_P40107--5oge__A1_P40107,0.9537501380380495,0.5,True
5fey__B1_Q13049--5fey__A1_Q13049,0.9246582945616711,0.5073529411764706,True
8hce__B1_Q91XB0--8hce__A1_Q91XB0,0.9772540296919818,0.5038461538461538,True
1ggp__B1_Q7SIF1--1ggp__A1_Q7SIF0,0.9788843895859343,0.5,False
5z50__A1_O05926--5z50__B1_O05926,0.9773442915347164,0.5,True
6eyy__A1_A0A1S5PRR0--6eyy__B1_A0A1S5PRR0,0.8296347912210591,0.5,True
7t9u__A1_Q86WV6--7t9u__A2_Q86WV6,0.9866269815471534,0.5,True
6ey4__A1_Q5EGM3--6ey4__A2_Q5EGM3,0.9459317725860094,0.5,True
2hvg__A1_A5KBL5--2hvg__B1_A5KBL5,0.9586789313943805,0.5,True
6wp7__A1_Q82H41--6wp7__B1_Q82H41,0.9677096121605746,0.5218592828006812,True
7dnu__A1_P32092--7dnu__A2_P32092,0.8935243144139815,0.5,True
3w8i__A1_Q9BUL8--3w8i__B1_Q9P289,0.9692159273419845,0.510665250081726,False
4oky__A1_Q52612--4oky__A2_Q52612,0.9982592504861428,0.5,True
7t63__B1_UNDEFINED--7t63__A1_UNDEFINED,0.9422164115394145,0.5,True
7x20__A1_P54708--7x20__B1_P07340,0.9540067572566525,0.5,False
3hnw__A1_D0VWZ2--3hnw__B1_D0VWZ2,0.9680848976276646,0.5,True
8r37__A1_A0A086IRG1--8r37__B1_A0A086IRG1,0.9239851850859351,0.5,True
7zm5__A1_Q6WGM0--7zm5__B1_Q6WGM0,0.9782639676899743,0.5,True
2z7j__A1_P25220--2z7j__A2_P25220,0.5501595275430393,0.49993555039958754,True
1rqg__A1_Q9V011--1rqg__A2_Q9V011,0.9140407411414276,0.5,True
8brl__A1_F7J213--8brl__A2_F7J213,0.9666420937867872,0.5,True
6noi__A1_UNDEFINED--6noi__B1_UNDEFINED,0.9750378285405445,0.5,True
7qiu__A1_P94538--7qiu__B1_P94538,0.9914493034846195,0.5,True
6sjs__A1_B8FUR2--6sjs__B1_B8FUR2,0.991401198375217,0.5157371959685353,True
8hlg__A1_Q9RR88--8hlg__B1_Q9RR88,0.9548864252651759,0.5046728971962616,True
4uae__A1_O00629--4uae__B1_P31345,0.92715198503864,0.5,False
7pcr__A1_P56185--7pcr__A2_P56185,0.9627295748256658,0.5,True
3bvq__B1_Q2I6W2--3bvq__A1_Q2I6W2,0.9833906729377323,0.5,True
7a67__B1_UNDEFINED--7a67__A1_Q9V1Z9,0.9815180810789088,0.6495566029375699,False
6bsu__A1_Q9LZJ3--6bsu__B1_Q9LZJ3,0.9647654322854069,0.5,True
4e5u__B1_Q9HZN8--4e5u__A1_Q9HZN8,0.9889716420049444,0.5722954851389876,True
8a52__A1_P23222--8a52__B1_P23222,0.9600135152303998,0.5,True
1d0v__A1_Q05603--1d0v__A2_Q05603,0.9877716310248426,0.5067274847107244,True
3gwq__A1_Q145Q0--3gwq__B1_Q145Q0,0.9701343869155488,0.5,True
7lxs__A1_Q8ZMZ2--7lxs__C1_Q8ZMZ2,0.9715438329896162,0.5,True
6w08__B1_Q9KL63--6w08__A1_Q9KL63,0.978590085074607,0.5,True
7wrm__A1_D0IVL9--7wrm__B1_D0IVL9,0.9707986412717245,0.5126904091015021,True
2yww__B1_Q58801--2yww__A1_Q58801,0.9919357099939915,0.53,True
3lm6__A1_P40869--3lm6__B1_P40869,0.9913662691131657,0.5,True
7trw__A1_A0A380PDL3--7trw__A2_A0A380PDL3,0.9235985189882288,0.5,True
8syc__A1_Q13370--8syc__B1_Q13370,0.9507757485451847,0.5,True
1gk6__A1_P03069--1gk6__B1_P03069,0.9586736772666421,0.5,True
1reo__A1_Q6STF1--1reo__A2_Q6STF1,0.9875919611130636,0.5,True
6s3b__A1_Q88JK6--6s3b__B1_Q88JK6,0.9817705921154196,0.4999726327312534,True
7tl5__A1_A0A3F3B310--7tl5__B1_A0A3F3B310,0.9536862939236085,0.5,True
2asf__A1_P9WLL7--2asf__A2_P9WLL7,0.930660795728262,0.5,True
8ilj__A1_A0A242MJ43--8ilj__B1_A0A242MJ43,0.9851220273927961,0.5,True
8ezg__A1_P01116--8ezg__B1_UNDEFINED,0.941913300327141,0.5,False
7uh4__A1_UNDEFINED--7uh4__B1_UNDEFINED,0.9681533662703065,0.5,True
4usc__A1_A0A0A0Y4H8--4usc__B1_A0A0A0Y4H8,0.9951486880928649,0.5,True
5yp3__A1_Q6F3I7--5yp3__B1_Q6F3I7,0.9927289593501508,0.5,True
8aid__A1_Q9HWJ8--8aid__B1_Q9HWJ8,0.982517613283622,0.5518695138046936,True
7yp6__B1_E5L4T5--7yp6__A1_E5L4T5,0.9660052876552242,0.5,True
4aql__A1_Q9Y2T3--4aql__A2_Q9Y2T3,0.9868386248703784,0.5,True
3idf__A1_O34252--3idf__B1_O34252,0.9495626684636118,0.5,True
8fjr__A1_D1A807--8fjr__B1_D1A807,0.9317395049549373,0.5,True
7z56__B1_F0NGX6--7z56__A1_F0NGX6,0.9856849109240754,0.5,True
6ikj__A1_Q9I4L6--6ikj__B1_Q9I4L6,0.5699391256225789,0.5,True
8b2q__A1_D0EM77--8b2q__B1_G8UM88,0.968516347772859,0.5,False
5x42__A1_Q5ZYB7--5x42__B1_Q5ZYC6,0.9779191314114564,0.5149625608386372,False
1vkh__A1_Q04066--1vkh__B1_Q04066,0.9638171356531006,0.5,True
5omd__A1_Q04377--5omd__A2_Q04377,0.8972018405670936,0.5,True
2vsg__A1_P26329--2vsg__B1_P26329,0.9615642948899011,0.5016393442622951,True
1jql__A1_P0A988--1jql__B1_P28630,0.9871857657886509,0.5,False
1w9c__A1_O14980--1w9c__B1_O14980,0.9981783825603571,0.5,True
7n35__A1_UNDEFINED--7n35__B2_UNDEFINED,0.9554885590599876,0.49990723562152134,True
3upl__A1_Q2YIM3--3upl__B1_Q2YIM3,0.9802331624574621,0.5,True
3tm2__A1_Q83XN4--3tm2__B1_Q83XN4,0.9610047911783299,0.5,True
7yls__B1_C5CSP6--7yls__A1_C5CSP7,0.9684306485074767,0.5,False
7psg__A1_Q6D515--7psg__B1_Q6D515,0.9889859365896004,0.5,True
8pte__A1_P00698--8pte__A2_P00698,0.8783913854298261,0.5,True
7ytu__B1_P68623--7ytu__A1_P68458,0.9621433170714729,0.5116279069767442,False
7ykc__A1_P14843--7ykc__B1_P14843,0.978653839758427,0.5,True
3wxe__A1_E7FEV5--3wxe__B1_P0CG48,0.9079424395033777,0.5,False
7zr3__A1_A0A8E4HNI8--7zr3__B1_A0A8E4HNI8,0.9877149357308561,0.5,True
2vjf__A1_Q00987--2vjf__B1_O15151,0.9239631162302188,0.5293213880024482,False
7pvo__A1_P56137--7pvo__A2_P56137,0.9676922565891085,0.5,True
3kkd__A1_Q9HXU1--3kkd__A2_Q9HXU1,0.9712681076045208,0.5,True
3mph__A1_P19801--3mph__B1_P19801,0.9330586748503354,0.5,True
6jc4__A1_A6TE44--6jc4__D1_A6TE44,0.9507467851619626,0.5050505050505051,True
2rf4__A1_P46669--2rf4__B1_P50106,0.9444352213091317,0.5095238095238095,False
4huz__A1_Q9ZBB0--4huz__A2_Q9ZBB0,0.9607141440734815,0.5,True
5gtj__B1_Q9BV47--5gtj__A1_Q9BV47,0.9841082168743712,0.5,True
2xw7__A1_A0QP85--2xw7__B1_A0QP85,0.9723328475367996,0.5,True
6l6h__A1_Q5ZZ22--6l6h__B1_Q5ZZ22,0.980782476513808,0.49999281681440083,True
8p7m__A1_P0A434--8p7m__A2_P0A434,0.9823847648975821,0.5,True
6dm9__A1_UNDEFINED--6dm9__B1_UNDEFINED,0.9343537809870153,0.5,True
6gou__A2_P97275--6gou__C1_P97275,0.9568667295975285,0.5,True
2wwo__A1_Q66ED7--2wwo__B1_Q66ED7,0.9932412148862776,0.5,True
8i3n__A1_Q12178--8i3n__C1_Q12178,0.9858287075612304,0.5,True
1s7i__A1_Q9I3Z5--1s7i__A2_Q9I3Z5,0.8848480301003708,0.4999343185550082,True
3szw__A1_B7JBP8--3szw__A2_B7JBP8,0.9894163424800203,0.5,True
5x7r__A1_A0A193PKW5--5x7r__B1_A0A193PKW5,0.923367909309273,0.5,True
2nys__A1_Q8U561--2nys__B1_Q8U561,0.9804867247361194,0.5590901229521084,True
3gr5__A1_O52135--3gr5__A2_O52135,0.9120150166878538,0.5,True
3ded__A1_Q7P1I2--3ded__B1_Q7P1I2,0.9094536947846428,0.5,True
5b5x__A1_Q75NZ1--5b5x__A2_Q75NZ1,0.8253074451205452,0.5,True
7qga__A1_P21589--7qga__A2_P21589,0.9928499321242056,0.5,True
8ow9__A1_G8UQH9--8ow9__B1_G8UQH9,0.9821740056241882,0.5,True
3bcw__B1_A0A0H3LK92--3bcw__A1_A0A0H3LK92,0.9603695649792088,0.4998512236851893,True
6duy__A1_Q61301--6duy__B2_Q61301,0.9352997866633112,0.5,True
5zyf__A1_Q99ZW0--5zyf__B1_Q99ZW0,0.921883043858553,0.5227239785080595,True
1mml__A1_P03355--1mml__A2_P03355,0.9237305749785829,0.5,True
2b7o__A1_O53512--2b7o__B1_O53512,0.9800388840207799,0.5,True
1v57__A1_P77202--1v57__A2_P77202,0.9862812509830886,0.5,True
2hsa__B1_Q9FEW9--2hsa__A1_Q9FEW9,0.9822415821568015,0.5,True
4tsd__A1_O25673--4tsd__B1_O25673,0.9757263538177683,0.5089130853196112,True
7qh0__B1_P48499--7qh0__A1_P48499,0.9894952589624878,0.5,True
3neu__A1_Q92AT3--3neu__A2_Q92AT3,0.9280115668518377,0.5178190940024134,True
8f9x__A1_Q5LVE1--8f9x__B1_Q5LVE1,0.9805219058267481,0.4999904377593758,True
6ne2__A1_UNDEFINED--6ne2__B1_O75084,0.9559266515883231,0.5,False
2b4h__A1_P12473--2b4h__B1_P12473,0.9006929442795494,0.5,True
3pui__A1_Q9L9D7--3pui__A2_Q9L9D7,0.9927958244681994,0.5,True
1myl__A1_P03050--1myl__B1_P03050,0.9134199134199135,0.6507402062957619,True
1rqi__A1_P22939--1rqi__B1_P22939,0.9921543151596052,0.49999439970430437,True
3x1b__A1_UNDEFINED--3x1b__B1_UNDEFINED,0.9864256755138736,0.5,True
6pya__A1_P04278--6pya__A2_P04278,0.9940986139102124,0.49991822850227324,True
1r27__A1_P09152--1r27__B1_P11349,0.9720151070556415,0.5,False
7zuv__A1_A0A2K3DY10--7zuv__D2_A0A2K3DY10,0.936920943754858,0.5,True
2aho__A1_Q980A5--2aho__B1_Q97Z79,0.9109844440179726,0.5,False
6mni__A1_A0A2V0QX35--6mni__B1_A0A2V0QX35,0.9931940521238608,0.5,True
4kif__B1_Q643C8--4kif__A1_Q643C8,0.9849087844640381,0.5,True
7vmv__B1_Q5I3B6--7vmv__A1_Q58HT7,0.6994215842987328,0.5037593984962406,False
3g23__A1_Q2G8F3--3g23__B1_Q2G8F3,0.9891061604975511,0.5,True
3ui3__A1_O05728--3ui3__B1_O05728,0.9213833810586539,0.5042016806722689,True
8ohy__A1_Q556V8--8ohy__A2_Q556V8,0.9935095946069883,0.5,True
5zgo__A1_Q5SHW6--5zgo__B1_Q5SHW6,0.983386562947972,0.5,True
5uph__B1_Q14108--5uph__A1_Q14108,0.9829676669663332,0.5,True
6u3w__A1_P53622--6u3w__B1_P40509,0.9677044098525225,0.5,False
2gsv__B1_P71066--2gsv__A1_P71066,0.9375633896408212,0.5,True
7yh1__A1_A0A5B9DB95--7yh1__B1_A0A5B9DB95,0.9630649341280147,0.5045172532436542,True
6c6r__A1_Q14534--6c6r__B1_Q14534,0.9990014041128897,0.5,True
6p4o__B1_Q970I1--6p4o__A1_Q970I2,0.9681965735086907,0.5,False
8i8y__B1_UNDEFINED--8i8y__A1_UNDEFINED,0.891871496334627,0.5,True
2oys__A1_A0A0H2URW2--2oys__B1_A0A0H2URW2,0.9669118933312602,0.5,True
8i85__A1_D2B3F1--8i85__B1_D2B3F1,0.9330273124531738,0.5,True
2b0a__A1_Q58193--2b0a__A2_Q58193,0.9772414861280516,0.49998547946796773,True
3ayh__B1_O94285--3ayh__A1_Q9C0Z9,0.9092840867539861,0.5,False
7yji__A1_UNDEFINED--7yji__A2_UNDEFINED,0.9928462588803357,0.5,True
2g38__B1_Q79FE1--2g38__A1_Q7D756,0.9509572377436831,0.5,False
2z6k__A1_P15927--2z6k__C1_P35244,0.9359099121294243,0.5100671347622567,False
3p8b__B1_Q8TZK1--3p8b__A1_Q8U440,0.936815578465063,0.5055555555555555,False
5yz5__A1_Q16555--5yz5__A2_Q16555,0.9500229585574563,0.5,True
6dk9__A1_A7A1Y4--6dk9__A2_A7A1Y4,0.9774463613610744,0.5,True
6fls__A1_UNDEFINED--6fls__B1_UNDEFINED,0.9885604102149088,0.5,True
2p19__A1_Q8NTZ4--2p19__C1_Q8NTZ4,0.9630660228395628,0.5166437456067969,True
8ai1__B1_Q45595--8ai1__A1_Q45595,0.9821961870435361,0.5,True
7px0__B1_Q9VF53--7px0__A1_Q9VF53,0.9868100573635029,0.5,True
4cmz__B1_Q9BXM0--4cmz__A1_Q9BXM0,0.9065910363937113,0.5330199979066204,True
8gyz__B1_Q93ZE2--8gyz__A1_Q93ZE2,0.9673270733063632,0.5,True
5j1l__B1_O26069--5j1l__A1_O26068,0.9856644400064274,0.5,False
7ubk__B1_P03047--7ubk__A1_P03047,0.8654892212287665,0.5,True
6j26__A1_Q5JIZ3--6j26__B1_Q5JIZ3,0.982196456539072,0.5,True
8ic1__A1_UNDEFINED--8ic1__B1_UNDEFINED,0.9381020646144054,0.5,True
6jqv__A1_Q8LC68--6jqv__B1_Q8LC68,0.9811994850499947,0.5,True
2ns9__A1_Q9Y9R3--2ns9__B1_Q9Y9R3,0.9745841919754964,0.5061728395061729,True
5l8s__A1_E1VFE0--5l8s__C1_E1VFE0,0.9903835142417036,0.5,True
6zrw__A1_B3VS76--6zrw__B1_B3VS76,0.9262566641279514,0.5,True
5fcn__B1_Q66GS9--5fcn__A1_Q66GS9,0.9439725747032337,0.5,True
7vl1__A1_I0AIT9--7vl1__B1_I0AIT9,0.9687498628721769,0.5,True
2rek__B2_Q9ADD9--2rek__A1_Q9ADD9,0.9894104397191484,0.5207833399991112,True
2zrt__A1_O75340--2zrt__B1_O75340,0.9579655537044767,0.5048543689320388,True
8h3t__A1_UNDEFINED--8h3t__B1_UNDEFINED,0.9810039581368465,0.5,True
2f1m__A1_P0AE06--2f1m__B1_P0AE06,0.8857177552961721,0.5,True
3t5t__B1_Q15JG1--3t5t__A1_Q15JG1,0.9660723788039646,0.5,True
4z9r__B1_Q8EGK4--4z9r__A1_Q8EGK4,0.9652883930497003,0.5,True
2oze__A1_Q57280--2oze__A2_Q57280,0.9892373349384432,0.5,True
1x6m__A1_Q51669--1x6m__D1_Q51669,0.8395052266699878,0.5,True
4pfc__A1_P14735--4pfc__B1_P14735,0.9736420997210625,0.5,True
6byi__A1_Q8PI23--6byi__B1_Q8PI23,0.9412075780344618,0.5,True
3aaa__A1_P13127--3aaa__B1_P14315,0.969850604471832,0.5,False
1xgm__A1_P56218--1xgm__B1_P56218,0.952340598683745,0.5,True
5mrv__A1_Q8IVL8--5mrv__C1_P86912,0.8804482155318009,0.5,False
5e4v__A1_Q89933--5e4v__A2_Q89933,0.9482487525133868,0.5,True
1vhq__A1_P0ABU5--1vhq__B1_P0ABU5,0.9852085542696423,0.5832180622156646,True
2pqv__B1_A0A0H2UMZ7--2pqv__A1_A0A0H2UMZ7,0.9795945681023044,0.5,True
1zva__A1_P59594--1zva__A2_P59594,0.9746045425481638,0.6038535010345636,True
8pq4__A1_P69782--8pq4__A2_P69782,0.9680088069354618,0.5,True
8a14__A1_A0A0D1E4Q7--8a14__C2_A0A0D1E4Q7,0.9321852816196249,0.5,True
1dtd__A1_P48052--1dtd__B1_P81511,0.9563437888678733,0.5,False
3c6n__B1_Q570C0--3c6n__A1_Q39255,0.9230562651180083,0.5,False
3ctz__A1_Q9NQW7--3ctz__A2_Q9NQW7,0.9885998575211447,0.5,True
1wab__A1_Q29460--1wab__A2_Q29460,0.947263372089556,0.5,True
1zl5__A1_Q00496--1zl5__B1_Q00496,0.9180090243665977,0.5,True
5dbj__A1_Q4KCZ0--5dbj__A2_Q4KCZ0,0.9916966979007621,0.5,True
7qsq__B1_Q9X053--7qsq__A1_Q9X053,0.965280120192347,0.5466535654401377,True
7duc__B1_Q2G2U4--7duc__A1_Q2G2U4,0.9215675287356323,0.5,True
2cdu__A1_Q9F1X5--2cdu__B1_Q9F1X5,0.9791622908385078,0.5,True
8g0f__A1_Q6NK15--8g0f__B1_Q6NK15,0.9006584822262422,0.5,True
8a45__B1_B7V7R4--8a45__A1_B7V7R4,0.9372518268066611,0.5,True
6no3__A1_B3FHP0--6no3__B1_B3FHP0,0.8479931586031396,0.5,True
3g7p__A1_B7JA91--3g7p__A2_B7JA91,0.9762453948422233,0.5,True
8khq__A1_A0A1I5R890--8khq__C1_A0A1I5R890,0.9451721371167566,0.5,True
7owz__B1_Q9JMA2--7owz__A1_B8ZXI1,0.9506860723957695,0.5,False
7xbe__A1_UNDEFINED--7xbe__A2_UNDEFINED,0.9314973553966184,0.5,True
6dk7__D1_Q9HUV7--6dk7__A1_Q9HUV7,0.9890809265075271,0.5098909602099404,True
4hsl__A1_Q1LCS4--4hsl__A2_Q1LCS4,0.9816068768662188,0.5041156504067826,True
8b3s__A1_O31597--8b3s__B1_A0A164W157,0.9234056434848124,0.5,False
5euv__A1_D1LZK0--5euv__B1_D1LZK0,0.958860160390074,0.5,True
8gz4__A1_A0A7H0DN78--8gz4__A2_A0A7H0DN78,0.9826429783963417,0.5,True
7tmg__A1_A0A0H3GLR2--7tmg__B1_A0A0H3GLR2,0.964375740391898,0.5087785100534407,True
4hsr__B1_UNDEFINED--4hsr__A1_UNDEFINED,0.9502127539671006,0.5,True
7tgn__B1_A0A1Q5L7T0--7tgn__A1_A0A1Q5L7T0,0.9711032650065246,0.5,True
4fz2__A1_C7DIA5--4fz2__B1_C7DIA5,0.9478819657688274,0.5,True
6j2l__A1_P37793--6j2l__B1_P37793,0.9613600474742828,0.5,True
5grk__A1_Q89XR0--5grk__B1_Q89XR0,0.9849738626818579,0.5,True
3qxs__A1_O24872--3qxs__A2_O24872,0.9833905702621808,0.5,True
8q3y__A1_E8URK0--8q3y__B1_E8URK0,0.9846018052602152,0.5,True
1pyb__A1_O66738--1pyb__B1_O66738,0.9130751285870878,0.5,True
7yto__A1_Q9RHU9--7yto__B1_Q9RHU9,0.9799747623283533,0.5,True
5vae__A1_Q9AET9--5vae__B1_Q9AET7,0.9118616343247887,0.5,False
1zrs__A1_Q9HTZ1--1zrs__B1_Q9HTZ1,0.9810015628396994,0.5,True
2cg5__A1_Q9NRN7--2cg5__B1_P49327,0.9386347902703044,0.5,False
4yk8__B1_O36019--4yk8__A1_O13978,0.9522009115803313,0.5,False
2iml__A1_O28442--2iml__C1_O28442,0.918498163885813,0.5,True
6iru__A1_Q9RVF9--6iru__A2_Q9RVF9,0.9948676175720015,0.5078003478551465,True
4x36__A1_P06653--4x36__A2_P06653,0.9895679524316585,0.5,True
8iev__A1_Q0PAW2--8iev__B1_Q0PAW2,0.9569392328278323,0.5,True
3cyg__A1_A7HM60--3cyg__B1_A7HM60,0.7328548578018401,0.5,True
5kvr__A1_P0ACL9--5kvr__A2_P0ACL9,0.9472061392118222,0.5,True
1na8__A1_Q9UJY5--1na8__B1_Q9UJY5,0.957827035101765,0.5,True
5fis__A1_H9IUR0--5fis__B1_H9IUR0,0.9581917571737969,0.5,True
5yo8__A1_A0A094YZ24--5yo8__B1_A0A094YZ24,0.9942353938062732,0.4999875737292067,True
7z6m__A1_A0A0H3LM39--7z6m__A2_A0A0H3LM39,0.943827138684756,0.5,True
7vua__A1_UNDEFINED--7vua__B1_UNDEFINED,0.9975309598865723,0.5,True
2yxd__A1_Q57836--2yxd__B1_Q57836,0.9789674125114112,0.5,True
1aua__A1_P24280--1aua__A2_P24280,0.9921910212971053,0.5,True
7zw3__A1_P27338--7zw3__B1_P27338,0.9585393487823022,0.5,True
5xjx__I1_C0LGW6--5xjx__A1_Q9SSD1,0.8545435559614268,0.5,False
7xca__A1_W5X1V8--7xca__B1_W5X1V8,0.9880863815144033,0.5054347826086957,True
7xub__A1_Q96KQ7--7xub__B1_Q96KQ7,0.9683008804330151,0.5,True
5xlu__A1_Q65KZ6--5xlu__B1_A9YTT0,0.9333298183240872,0.5,False
8smq__A1_Q182N1--8smq__B1_Q182N1,0.9153099183170778,0.5427086072137104,True
8eni__A1_A0A0H3JRH8--8eni__A2_A0A0H3JRH8,0.9796311429431976,0.5,True
1q77__A1_O66565--1q77__B1_O66565,0.9830417738623265,0.5,True
5xor__A1_A9YPG7--5xor__E1_A9YPG7,0.9884153501280957,0.5,True
6nbp__A1_A0A4P1LYI6--6nbp__A2_A0A4P1LYI6,0.9958385062323086,0.528563151933068,True
4wu2__A1_Q7WUJ1--4wu2__B1_Q7WUJ1,0.9953295244513883,0.5,True
2nvn__A1_Q31MH7--2nvn__A2_Q31MH7,0.963784175671227,0.5,True
3zyh__A1_Q05097--3zyh__B1_Q05097,0.9790040221512303,0.5,True
8a21__A1_A0QJI1--8a21__A2_A0QJI1,0.9844715832973256,0.5,True
8ho2__A1_A0A191T7N6--8ho2__B1_A0A191T7N6,0.8726280572572144,0.5,True
2j8q__A1_O43809--2j8q__B1_O43809,0.9212213858638558,0.5,True
1cx8__A1_P02786--1cx8__B1_P02786,0.9833023208129819,0.5,True
5zfk__A1_Q31LX1--5zfk__B1_Q31LX1,0.9900657546326157,0.5144927536231884,True
2qti__A1_Q8EF26--2qti__A2_Q8EF26,0.9278222406603938,0.5240358852915248,True
5djo__B1_Q9EQW7--5djo__A1_Q9EQW7,0.9638495728721294,0.5,True
1kve__B1_P19972--1kve__A1_P19972,0.8837067142479513,0.5048060401797515,True
4kjq__A1_P37019--4kjq__B1_P37019,0.9441341051307744,0.5,True
8qyw__A1_Q9NVS9--8qyw__A2_Q9NVS9,0.9299262466094242,0.5,True
4djb__A1_P04489--4djb__B1_P04489,0.946842331096895,0.5,True
7t1e__A1_P78556--7t1e__B1_P78556,0.8217267811922524,0.5,True
2ev4__A1_P9WMU9--2ev4__B1_P9WMU9,0.9644264604950796,0.5,True
4m1j__A1_Q9I194--4m1j__B1_Q9I194,0.9676692973809843,0.5,True
8bj3__A1_A0A072U7F9--8bj3__B1_A0A072U7F9,0.9803233192764956,0.5,True
5fcl__A1_Q6D0X0--5fcl__B1_Q6D0X0,0.9757521558119747,0.5,True
2evr__A1_B2J9B4--2evr__A2_B2J9B4,0.7441751050686825,0.5,True
4ftw__A1_Q3J2V1--4ftw__A2_Q3J2V1,0.8810146094007318,0.5,True
2q6q__B1_P36094--2q6q__A1_P36094,0.9712843087221917,0.5,True
8hx8__A1_Q6L8Q5--8hx8__B1_Q6L8Q5,0.9831561060952221,0.5,True
7zgn__A1_U6RE59--7zgn__B1_U6RE59,0.9685515368239426,0.5,True
7fiw__A1_B3CP63--7fiw__B1_Q73HD5,0.8829755467207521,0.5,False
4xd9__A1_C8VMF9--4xd9__B1_Q5B6T5,0.9251471514800899,0.5074890715916106,False
3dme__A1_Q7VU70--3dme__B1_Q7VU70,0.8654289576846828,0.5,True
8d0m__A1_P28907--8d0m__A2_P28907,0.8981064357380897,0.5,True
2w6a__A1_Q9Z272--2w6a__B1_Q9Z272,0.9531397730854081,0.5,True
6oje__B1_Q5S007--6oje__A1_Q5S007,0.9631237498177176,0.5088852363618355,True
7mu0__A1_P9WQK3--7mu0__B1_P9WQK3,0.9120705238746507,0.5,True
4az3__A1_P10619--4az3__B1_P10619,0.896931203197799,0.5,True
7ug8__B1_Q0I6F8--7ug8__A1_Q0I6F8,0.9687305212409467,0.5,True
6mxv__B1_Q5NFU2--6mxv__A1_Q5NFU2,0.8812913269671897,0.5,True
8ug3__B1_P50053--8ug3__A1_P50053,0.9912362215192269,0.5,True
7veo__A1_UNDEFINED--7veo__B1_UNDEFINED,0.9829304768210853,0.5,True
4atm__A1_P49418--4atm__A2_P49418,0.9786478525567281,0.4999794753909938,True
7x6f__B1_P0AD45--7x6f__A1_P0AD45,0.981617335606178,0.5,True
1nkn__B1_Q17042--1nkn__A1_Q17042,0.9633087583595198,0.5,True
7pjo__B1_UNDEFINED--7pjo__A1_UNDEFINED,0.9795801900913339,0.5,True
5n0s__B1_A0A2R2JFI5--5n0s__A1_A0A2R2JFI5,0.9267818622759934,0.5,True
6m9g__A1_Q5D6Y4--6m9g__B2_Q5D6Y4,0.984065586686652,0.5,True
7zvz__A1_G1UBD5--7zvz__B1_G1UBD5,0.9220792030087976,0.5,True
3b5m__B1_Q7UTD8--3b5m__A1_Q7UTD8,0.9059491228351015,0.5,True
6v0a__B1_B3E641--6v0a__A1_B3E641,0.9903487831644591,0.5,True
3bpj__C1_O75822--3bpj__A1_O75822,0.894165404040404,0.5,True
8tn8__B1_A0A482N9T7--8tn8__A1_A0A482N9T7,0.9828362997040596,0.5,True
7y51__A1_Q8RBF4--7y51__A2_Q8RBF4,0.9468084521184387,0.5,True
6zef__A1_P62136--6zef__C1_Q9C0D0,0.8740442976767174,0.5,False
6u11__A1_A0A1L8HDP6--6u11__A2_A0A1L8HDP6,0.98871998620082,0.5,True
8i5w__A1_Q8BZN6--8i5w__B1_P63000,0.944417937876745,0.5,False
3rv1__B1_A7TR32--3rv1__A1_A7TR32,0.9213258718582847,0.5,True
8i59__A1_UNDEFINED--8i59__B1_UNDEFINED,0.9613047022065897,0.5,True
8g1h__A1_UNDEFINED--8g1h__A2_UNDEFINED,0.9742611167594853,0.5,True
7vwk__A1_L8PIV2--7vwk__B1_L8PIV2,0.9896903114528379,0.5,True
4k3z__A1_Q8YCV0--4k3z__A2_Q8YCV0,0.9521100138881714,0.5,True
5v5t__A1_Q830T5--5v5t__D1_Q830T5,0.8553380561710398,0.5,True
6fp5__B1_Q960Q9--6fp5__A1_Q960Q9,0.9269898957626104,0.5,True
2ikb__A1_Q7DDI9--2ikb__C1_Q7DDI9,0.9887806914757498,0.5087719298245614,True
7zam__A1_Q07666--7zam__B1_Q07666,0.9712242315059747,0.5,True
3o10__A1_Q9NZJ4--3o10__B1_Q9NZJ4,0.9397357576197037,0.5,True
3egv__A1_Q84BQ9--3egv__B1_Q5SLP6,0.9287695136506161,0.5,False
2g9w__A1_P9WMJ5--2g9w__B1_P9WMJ5,0.9275201382259425,0.5043859649122807,True
2afv__A1_Q8EXP7--2afv__B1_Q8EXP7,0.9687319630029025,0.5,True
1wl3__B1_Q9X1M1--1wl3__A1_Q9X1M1,0.9831471736647394,0.5051546391752577,True
4kbx__A1_P45550--4kbx__A2_P45550,0.9569100882830934,0.5,True
8h5a__A1_P67661--8h5a__B1_P67661,0.9645054441376202,0.5,True
8b4l__B1_D5SK09--8b4l__A1_D5SK09,0.9129461943111479,0.5,True
3r24__A1_P0C6X7--3r24__B1_P0C6U8,0.9427641006737613,0.5,False
1nrj__B1_P36057--1nrj__A1_P32916,0.9267685641501797,0.5,False
4rdw__A1_Q9HU77--4rdw__A2_Q9HU77,0.9665996865128123,0.5,True
7vpr__A1_Q6FX18--7vpr__B1_Q6FX18,0.9970718327384359,0.5,True
5a6k__A1_A0A0H2US73--5a6k__B1_A0A0H2US73,0.9905009605603385,0.5,True
7ucd__B1_P17535--7ucd__A1_P53539,0.9612612612612612,0.5,False
1qc9__A1_P00642--1qc9__A2_P00642,0.9075434023939485,0.5,True
3ooc__A1_P77239--3ooc__B1_P77239,0.9343190687842593,0.5,True
8pm1__A1_B8GAY9--8pm1__B1_B8GAY9,0.9442573099415205,0.5,True
1vbg__A1_P11155--1vbg__A2_P11155,0.9920933252478495,0.5,True
2qgs__A1_A0A0H2VIU2--2qgs__B1_A0A0H2VIU2,0.982909038677496,0.5,True
8cnx__A1_Q68T42--8cnx__B1_Q68T42,0.9867565008003955,0.5,True
8bol__A1_Q04609--8bol__A2_Q04609,0.9858652810694536,0.5,True
3mii__B1_Q08914--3mii__A1_Q08914,0.9702509650614254,0.5,True
3i23__A1_Q835X4--3i23__B1_Q835X4,0.9153737476693073,0.5,True
3itf__A1_P0AE85--3itf__B1_P0AE85,0.9408363189374747,0.5,True
8d05__A1_UNDEFINED--8d05__A2_UNDEFINED,0.9718948431307597,0.5484456754696498,True
6mw5__A1_K3WC47--6mw5__A2_K3WC47,0.9334953078801902,0.5,True
5vht__A1_P0A9J8--5vht__B1_P0A9J8,0.9594663279561002,0.5,True
6j6x__B1_P53611--6j6x__A1_Q7Z6K3,0.9568128421957155,0.5,False
4tvb__A1_O32323--4tvb__B1_O32323,0.9672259704096247,0.5,True
3nkh__B1_UNDEFINED--3nkh__A1_UNDEFINED,0.9818924099367172,0.5,True
3jyu__A1_P35123--3jyu__B1_P35123,0.9652798504582482,0.5,True
8dtc__A1_L8GT25--8dtc__B1_L8GT25,0.9750981548212179,0.5,True
7n1j__A1_P22455--7n1j__B1_UNDEFINED,0.9766427904079726,0.5,False
8fny__A1_O00418--8fny__B1_P0DP23,0.8913378452348182,0.5,False
7v0b__A1_A0A1E7MYN1--7v0b__B1_A0A1E7MYN1,0.9865895333031539,0.5,True
2vvo__A1_P9WKD7--2vvo__B1_P9WKD7,0.947607189336587,0.5,True
5yjh__A1_Q15063--5yjh__A2_Q15063,0.9637019986287506,0.5,True
2z5e__A1_Q9BT73--2z5e__B1_Q9BT73,0.9620563169516579,0.5201689873533223,True
1a8l__A1_Q51760--1a8l__A2_Q51760,0.9789906908378245,0.5,True
8h0r__A1_Q9WVJ5--8h0r__B1_Q9WVJ5,0.9472832834585508,0.5,True
2j7j__A1_P03001--2j7j__A2_P03001,0.6160999991898964,0.5,True
8u1v__A1_K4L8Z7--8u1v__B1_K4L8Z7,0.9595275928082968,0.5,True
7zbg__A1_Q02880--7zbg__A2_Q02880,0.9794749280484406,0.5,True
1rku__A1_Q9I2Y2--1rku__B1_Q9I2Y2,0.990024267008501,0.5,True
2wvl__A1_Q72K30--2wvl__B1_Q72K30,0.9516975884799832,0.5,True
6kfs__A1_B7FR28--6kfs__A2_B7FR28,0.9224337950318434,0.5,True
3shg__A1_E6Z0R3--3shg__B1_E6Z0R4,0.9558556584877317,0.5052083333333334,False
7zal__A1_E3T5W0--7zal__E2_E3T5W0,0.9746185877080105,0.5,True
4wjm__A1_Q2YNY7--4wjm__A2_Q2YNY7,0.9907394777707421,0.5,True
8hmo__A1_A0A0H4P0S7--8hmo__B1_A0A0H4P0S7,0.9847781480821439,0.5031573601667227,True
7f9g__B1_C0HM62--7f9g__A1_C0HM62,0.9749488640360132,0.5047323626644159,True
6n91__A1_Q9KNI7--6n91__B1_Q9KNI7,0.9670298247153704,0.5,True
4oyd__A1_P0C6Z1--4oyd__B1_UNDEFINED,0.9666740267764042,0.5252889423522307,False
1dev__A1_Q15796--1dev__B1_O95405,0.8457321064882164,0.5,False
8c9j__B1_P15559--8c9j__A1_P15559,0.9702831149649209,0.5,True
3rd7__B1_A0A0H2ZY91--3rd7__A1_A0A0H2ZY91,0.9751632298332686,0.5,True
5x1j__A1_G2IQS7--5x1j__A2_G2IQS7,0.9860521992399732,0.5,True
3r2p__A1_P02647--3r2p__A2_P02647,0.9629281327736319,0.5020833333333333,True
1pdk__A1_P15319--1pdk__B1_P62532,0.9351470050655386,0.5,False
7bjg__A1_Q8IGY1--7bjg__A2_Q8IGY1,0.9175157151591578,0.5,True
3kcp__A1_Q06851--3kcp__B1_A3DF10,0.9635203073862523,0.5,False
7bbq__A1_Q6I6B7--7bbq__A2_Q6I6B7,0.96165922221438,0.5,True
3dpj__E1_Q5LS67--3dpj__F1_Q5LS67,0.891816763439586,0.5,True
6okh__A1_Q04QG8--6okh__B1_Q04QG8,0.9553762967469263,0.5,True
7tq1__A1_P0AC13--7tq1__A2_P0AC13,0.990743457297214,0.5055555555555555,True
7t5y__A1_P0A7E1--7t5y__B1_P0A7E1,0.9448209801223613,0.5,True
5o47__A1_J7HDY4--5o47__A2_J7HDY4,0.9890068813492299,0.5,True
3edj__A1_Q8KKG0--3edj__B1_Q8KKG0,0.9624076241478127,0.5,True
5yr0__A1_O88597--5yr0__B1_Q8K245,0.9154990368552726,0.5,False
5c21__A1_P09986--5c21__B1_P09986,0.9115388599351736,0.5,True
2gok__A1_Q8U8Z6--2gok__B1_Q8U8Z6,0.9941703684724681,0.5,True
1ww1__A1_Q9WZW8--1ww1__B1_Q9WZW8,0.967559483745036,0.5,True
1fm0__B1_P30749--1fm0__A1_P30748,0.9494142855672967,0.5,False
4jgo__B1_O31671--4jgo__A1_O31671,0.9509527298692122,0.5,True
3l2k__A1_Q8GPH0--3l2k__B1_Q8GPH0,0.9299556144418681,0.5,True
1yov__A1_Q13564--1yov__B1_Q8TBC4,0.9630369746563149,0.5,False
7zvd__A1_P11413--7zvd__A2_P11413,0.9873975810131114,0.5,True
2snw__A1_P03316--2snw__B1_P03316,0.8519967994031131,0.5,True
8grh__B1_P51553--8grh__A1_P50213,0.9733013784174229,0.5,False
1lxd__A1_Q03386--1lxd__B1_Q03386,0.9673402879129627,0.5,True
5m97__A1_Q10113--5m97__B1_Q10113,0.9640928796809894,0.49988279418659165,True
7ax1__A1_Q9ULM6--7ax1__B1_Q9UIV1,0.9757113156099355,0.5,False
8d4w__A1_A0A8B4R830--8d4w__A2_A0A8B4R830,0.8980671103764639,0.5,True
7ynw__B2_Q57834--7ynw__A1_Q57834,0.9984707912781047,0.5,True
4rgp__A1_Q8DTU7--4rgp__B1_Q8DTU7,0.9544830088421381,0.5,True
8twd__C1_P0AEV1--8twd__A1_W8SRD3,0.9611118259601484,0.5,False
3fb9__A1_A0A0H2US72--3fb9__B1_A0A0H2US72,0.9187150962784255,0.5,True
8a39__A1_A0A024L404--8a39__C2_A0A024L404,0.9881300435248214,0.5,True
3ps8__A1_P01034--3ps8__A2_P01034,0.8443252884454601,0.5,True
7vwp__A2_A0A136PK59--7vwp__B1_A0A136PK59,0.9917659375537389,0.5,True
3a7p__A1_Q03818--3a7p__B1_Q03818,0.9326974032856385,0.5,True
4ql6__A1_A0A0H3MDM0--4ql6__C1_A0A0H3MDM0,0.9626959490271054,0.5,True
5nck__A1_Q8RDN7--5nck__B1_Q8RDN7,0.9835894746271105,0.5,True
3qt7__A1_Q9FD73--3qt7__B1_Q9FD73,0.9957636878337515,0.5,True
4aye__D1_Q9JXV4--4aye__A1_P08603,0.9641394916245577,0.5,False
7r3n__A1_P43432--7r3n__B1_P43432,0.9961897701199186,0.5,True
7a0x__B1_Q8ZRZ3--7a0x__A1_Q8ZRZ3,0.9806325000138059,0.5,True
7wjk__A1_P93836--7wjk__A2_P93836,0.9500692999812885,0.5,True
7g99__B1_Q92974--7g99__A1_P61586,0.9557532866035773,0.5,False
5x8z__A1_A3QAQ5--5x8z__B1_A3QAQ5,0.9916777498726217,0.5,True
2if9__A1_Q98ZP7--2if9__B1_Q98ZP7,0.5186680789090428,0.5,True
7u0r__B1_M9SC49--7u0r__A1_M9SC49,0.9880270622313798,0.5,True
7wbt__A1_Q288C4--7wbt__B1_Q288C4,0.9859077764423593,0.5,True
7txe__A1_Q8I6T6--7txe__B1_Q8I6T6,0.9151959667043559,0.5020712947472908,True
6pyp__A1_P21695--6pyp__B1_P21695,0.9813440914849365,0.5039554498709429,True
8b2d__A1_F5SYD3--8b2d__B1_F5SYD3,0.9742326905759663,0.5,True
1vmg__A1_Q97U11--1vmg__A2_Q97U11,0.9585943697084486,0.545336689708017,True
6b8l__B1_P0DP23--6b8l__A1_P56696,0.9283595541149497,0.5296387066171239,False
8sj5__A1_A0A2I4FN75--8sj5__C1_A0A2I4FN75,0.9169569650993499,0.5,True
3nr1__A1_Q8N4P3--3nr1__B1_Q8N4P3,0.9778938025220908,0.5,True
3h3l__A1_A6LFX0--3h3l__A2_A6LFX0,0.9864663239752208,0.5,True
7uav__A1_P0DW58--7uav__B1_P0DW58,0.8707650954493222,0.5,True
6jdh__A1_A0A2K0XYW4--6jdh__B1_A0A2K0XYW4,0.9873581907480212,0.5,True
3vjz__A1_Q9K0P4--3vjz__B1_Q9K0P4,0.9878777751319768,0.5294980358408565,True
3et4__A1_Q4QMM5--3et4__A2_Q4QMM5,0.9692902374355232,0.5,True
5or3__A1_Q2UNF9--5or3__D1_Q2UNF9,0.9426477361529365,0.5,True
3fh3__B1_A0A6L8PES2--3fh3__A1_A0A6L8PES2,0.9886834673286721,0.5,True
1go3__A1_Q57840--1go3__B1_Q60351,0.9709864753779901,0.5,False
8fin__A1_UNDEFINED--8fin__B1_UNDEFINED,0.934944323563292,0.5,True
3zxq__B1_P9WGK1--3zxq__A1_P9WGK1,0.8182448357949466,0.5065706168305321,True
1zlh__A1_P00730--1zlh__B1_Q5EPH2,0.9366292691718483,0.5,False
4h1h__A1_Q8Y6P6--4h1h__B1_Q8Y6P6,0.9605113187352727,0.5,True
2gh1__A1_Q81E32--2gh1__B1_Q81E32,0.9261560320973715,0.5,True
7dl7__F1_B0VJ11--7dl7__A1_B0VJ11,0.9908139432012831,0.5,True
7yu0__B1_Q79F77--7yu0__A1_Q79F77,0.9551577422419625,0.5,True
3cbu__B1_Q473P3--3cbu__A1_Q473P3,0.9700828139796362,0.5,True
8b1s__A1_B0LPL6--8b1s__A2_B0LPL6,0.9765584470170046,0.5,True
3ihk__A1_Q8DVV9--3ihk__A2_Q8DVV9,0.9744241869966698,0.5,True
4y67__A1_Q8IKG4--4y67__B1_Q8IKG4,0.9862464679395345,0.5,True
6ejp__B1_P69986--6ejp__A1_P69986,0.8699293331620198,0.5,True
1poy__A1_P0AFK9--1poy__B1_P0AFK9,0.9746612795491953,0.5,True
3a7o__A1_Q03818--3a7o__B1_Q03818,0.948431462805652,0.5,True
4a2l__A1_Q89YR8--4a2l__B1_Q89YR8,0.9579476440238579,0.5,True
5n47__B1_P02751--5n47__A1_P80188,0.9126574995940405,0.5,False
8ejm__A1_O43143--8ejm__B1_Q8IWZ8,0.8952370627259293,0.5,False
1npd__B1_P0A6D5--1npd__A1_P0A6D5,0.9744226665095512,0.5,True
8h0h__A1_P9WLU7--8h0h__C1_P9WLU7,0.9716830314674616,0.5,True
3t8l__A1_Q7CUX4--3t8l__B1_Q7CUX4,0.9403190183648554,0.5,True
7ol3__B1_Q8WXF7--7ol3__A1_Q8WXF7,0.8471495660550388,0.5,True
8ewa__B1_Q9HW02--8ewa__A1_Q9HW02,0.9461616371552052,0.5,True
2ft0__A1_Q8FBQ3--2ft0__B1_Q8FBQ3,0.9647599788635071,0.5,True
2r01__A1_Q8KFI1--2r01__A2_Q8KFI1,0.9508087546222672,0.5026455026455027,True
8hno__A1_B6YTS4--8hno__B1_B6YTS4,0.9828035177288329,0.5,True
6x88__A1_P52731--6x88__B1_P52731,0.9880892073711506,0.5032679738562091,True
2x76__A1_Q939Q9--2x76__A2_Q939Q9,0.9904031895617108,0.5,True
7x2p__A1_Q5ZWH7--7x2p__B1_Q5ZWH7,0.839761223047565,0.5,True
2aeu__A1_Q57622--2aeu__A2_Q57622,0.9880838670361183,0.5,True
5kbg__A1_Q43965--5kbg__B1_Q43965,0.9784958907272836,0.5,True
4p9g__A1_Q9REI7--4p9g__A2_Q9REI7,0.9715880807179335,0.4999107541276216,True
7tcv__A1_Q60932--7tcv__A2_Q60932,0.9247141113272406,0.5,True
7vkb__A1_Q5ZSZ6--7vkb__B1_Q5ZSZ7,0.832638852374507,0.5,False
7r2p__A1_Q46877--7r2p__A2_Q46877,0.943967568655614,0.5,True
6ggl__B1_C9K1X5--6ggl__A1_C9K1X5,0.9778000930810857,0.5,True
7yi7__A1_Q9Y251--7yi7__B1_Q9Y251,0.9213413715585257,0.5015506445993538,True
7yka__B1_Q9Y3D6--7yka__A1_Q9Y3D6,0.9758668752258022,0.5073529411764706,True
8jea__A1_K1QRB6--8jea__D1_K1QRB6,0.9565411154868895,0.5,True
8huc__C1_A0A0H2Z790--8huc__A1_A0A0H2Z790,0.958227359940695,0.5,True
7unh__A1_UNDEFINED--7unh__B1_UNDEFINED,0.9902495784245868,0.4999501478945794,True
5mpr__A1_O15382--5mpr__A2_O15382,0.9710927333341117,0.5,True
4ooj__B1_Q5ZSK6--4ooj__A1_Q5ZSK6,0.9299381223600234,0.5,True
8a5v__A1_Q9Y617--8a5v__C1_Q9Y617,0.970298171046295,0.5,True
3lm2__A1_A9CH74--3lm2__B1_A9CH74,0.980201113588204,0.5,True
7zwt__A1_P41182--7zwt__A2_P41182,0.9839596042905874,0.5190252495596007,True
6ket__A1_A0A0A0WDC6--6ket__B1_A0A0A0WDC6,0.9742310762825099,0.5,True
5zwl__B1_Q8DLU1--5zwl__A1_Q8DLG7,0.9430817133720442,0.5,False
6wmz__A1_P23246--6wmz__B1_Q15233,0.9113417356733698,0.5,False
1i4m__A1_P04156--1i4m__A2_P04156,0.8206960376219378,0.5,True
2gjg__A1_Q88EQ6--2gjg__A2_Q88EQ6,0.9255128157094887,0.5,True
6k62__B2_A0A0H2X6K9--6k62__A1_A0A0H2X6K9,0.846867841504713,0.5,True
4ghm__A1_Q9KTK0--4ghm__B1_Q9KTK0,0.9401564898712108,0.5,True
1tve__A1_P31116--1tve__B1_P31116,0.9714525233610403,0.5,True
6qj2__A1_G0S2G2--6qj2__B1_G0SBJ6,0.9763217287537616,0.5,False
3onx__A1_P41697--3onx__B1_P41697,0.9349455374641942,0.5,True
8cp4__A1_Q6LXV7--8cp4__A2_Q6LXV7,0.9895382062187271,0.5,True
1ob9__A1_Q97YX6--1ob9__A2_Q97YX6,0.9848124881736589,0.4999347130639159,True
7zcc__B1_P46327--7zcc__A1_P46327,0.9688523929617625,0.5,True
4kwd__A1_Q9UR08--4kwd__B1_Q9UR08,0.9513908023575428,0.5,True
7wuy__A1_A0A1R3S1W7--7wuy__B1_A0A1R3S1W7,0.9709668380650113,0.5018656716417911,True
5gtw__A1_I3NX86--5gtw__D1_I3NX86,0.9811096151215799,0.5,True
7ekn__B1_Q5JT35--7ekn__A1_UNDEFINED,0.9238398664921963,0.5,False
6loh__A1_O15033--6loh__A2_O15033,0.9508188317443813,0.5,True
3a9y__A1_Q68FT9--3a9y__B1_Q68FT9,0.985539181872293,0.5,True
8ay6__B1_Q9CAJ0--8ay6__A1_A0A067E666,0.9635924482537126,0.5,False
8u5m__A1_Q8TF42--8u5m__F1_Q8TF42,0.9868991702031983,0.5,True
7twa__D1_F8JJ25--7twa__A1_F8JJ25,0.9929278176425902,0.4999894164214804,True
8fju__B1_P34897--8fju__A1_P34897,0.9659870618849741,0.5,True
1fjj__A1_P12994--1fjj__A2_P12994,0.968581373199147,0.5,True
7qlr__A1_A0A1J1J928--7qlr__D2_A0A1J1J928,0.9623289569462473,0.5,True
3vf0__B1_Q8IY67--3vf0__A2_P18206,0.9067465902663366,0.5,False
8ehe__A1_A0A0A7KVG3--8ehe__B1_A0A1D3UUC0,0.9686643743877051,0.5,False
6hpc__A1_P67697--6hpc__B1_P67697,0.9349845145426293,0.5,True
2x3o__A1_Q9I585--2x3o__B1_Q9I585,0.9487701185267975,0.5,True
5y40__A1_P55892--5y40__B1_P55892,0.9084835913599704,0.5,True
1y42__A1_P12063--1y42__A2_P12063,0.99606176381068,0.5,True
2e91__A1_Q12051--2e91__B1_Q12051,0.9623003405340633,0.5,True
8ja2__A1_A0A0A1E3Q0--8ja2__A2_A0A0A1E3Q0,0.9764487548650445,0.5,True
3iuw__B1_Q8KUB7--3iuw__A1_Q8KUB7,0.9597517566032048,0.5172413793103449,True
8e7y__A1_Q9RFC8--8e7y__B1_Q9RFC8,0.9440445164195004,0.5,True
4kzn__A1_P15692--4kzn__A2_P15692,0.9341828254847645,0.5,True
7z7o__A1_A0A1S4NYF2--7z7o__C1_A0A1S4NYF2,0.9406933489686641,0.5,True
8brp__A1_D8G6F7--8brp__B1_D8G6F7,0.9755572310230678,0.5,True
3qir__A1_Q8TC59--3qir__A2_Q8TC59,0.942146893545714,0.5,True
8bay__A1_O75874--8bay__B1_O75874,0.9668909429014455,0.5,True
6mhm__B1_Q13510--6mhm__A1_Q13510,0.929915332117668,0.5,True
8bj7__A1_P07598--8bj7__B1_P07603,0.9396818657620637,0.5,False
5wxx__A1_Q9RNB4--5wxx__A2_Q9RNB4,0.985649148376313,0.5810315898509271,True
8f7l__A1_P43490--8f7l__B1_P43490,0.9556200903140873,0.5,True
3cz1__A1_Q9U9J6--3cz1__B1_Q9U9J6,0.979252642885409,0.5304625106762028,True
8a0c__A1_Q2ERG0--8a0c__B1_Q2ERG0,0.949144293187262,0.5,True
5mpy__A1_Q9LPZ1--5mpy__B1_Q9LPZ1,0.9507188671723211,0.5,True
1anu__A1_Q06851--1anu__A2_Q06851,0.9925765550239234,0.5113373205741627,True
3vs8__A1_C1DM33--3vs8__C1_C1DM33,0.9687469329502861,0.5,True
7zi8__A1_P27707--7zi8__A2_P27707,0.9891325748897416,0.5077934076503046,True
1peu__A1_Q08698--1peu__A2_Q08698,0.9867414363445894,0.5,True
5uk5__B1_Q63722--5uk5__A1_Q07008,0.7770148878149885,0.5,False
7vg5__A1_Q49135--7vg5__B1_Q49135,0.9839423276455574,0.5371464680327617,True
4jkz__A1_A0R6I8--4jkz__A2_A0R6I8,0.9784650924209298,0.5,True
4aa8__A1_P00794--4aa8__A2_P00794,0.8834867090367047,0.5,True
5yew__A1_Q8IWA4--5yew__B1_Q8IWA4,0.9431900403326372,0.5,True
1hf2__B1_Q9X0D7--1hf2__A1_Q9X0D7,0.991900953089569,0.5,True
3au0__A1_Q7A382--3au0__A2_Q7A382,0.9046713790829586,0.5,True
3gif__A1_O34757--3gif__B1_O34757,0.9670293743908607,0.5040650406504065,True
8c66__A1_UNDEFINED--8c66__D1_UNDEFINED,0.9740469356125566,0.5,True
7zcl__B1_UNDEFINED--7zcl__A1_UNDEFINED,0.9858837862849479,0.4999902362819762,True
4axv__A1_A7N805--4axv__A2_A7N805,0.9560945235815814,0.5,True
5c6u__A1_O69689--5c6u__A2_O69689,0.9381546163638181,0.5,True
4nv4__A1_A0A6L7HM74--4nv4__A2_A0A6L7HM74,0.9538330002220743,0.5,True
6axf__A1_Q7LDG7--6axf__B1_P61224,0.9557553157086265,0.5,False
5yf1__B1_Q8N4J0--5yf1__A1_Q8N4J0,0.9808766222867797,0.5,True
8j83__A1_C5ATT7--8j83__B1_C5ATT6,0.9752640797459954,0.5,False
3fjy__B1_A0ZZM4--3fjy__A1_A0ZZM4,0.9652328538145645,0.5,True
4rg1__A1_Q5T280--4rg1__B1_Q5T280,0.9816421379353606,0.5,True
1ux4__A1_P41832--1ux4__A2_P41832,0.970298584795984,0.5,True
6rbm__A1_P0ACT4--6rbm__A2_P0ACT4,0.9665303738510393,0.5140025532641843,True
2cme__B1_P59636--2cme__A1_P59636,0.9246791452708298,0.5926042736458506,True
7wis__A1_P46881--7wis__B1_P46881,0.9493726980030175,0.5,True
5a3l__A1_A0A1A9TAD0--5a3l__C1_A0A1A9TAD0,0.9870747033314697,0.5,True
3gzi__A1_A3QIY5--3gzi__A2_A3QIY5,0.9800847066009265,0.5,True
8pr6__B1_A0A1Q6BKH4--8pr6__A1_A0A1Q6BKH4,0.9581816281224698,0.5053763440860215,True
8j64__A1_Q967S9--8j64__B1_O00816,0.8820117755176523,0.5,False
8ohw__A1_Q63T97--8ohw__B1_Q63T97,0.8364789550471741,0.5,True
5y4r__A1_O87131--5y4r__B1_Q9HVI1,0.9537287981119766,0.5,False
8d3t__B1_A0A2K2AMS7--8d3t__A1_A0A2K2AMS7,0.9781782155142204,0.5,True
1zk8__A1_Q815X4--1zk8__B1_Q815X4,0.9917680422395801,0.5098521285725758,True
2w82__A1_Q47730--2w82__B1_Q47730,0.9804807228719861,0.5,True
6l08__A1_O65896--6l08__B1_O65896,0.9803059234959148,0.5,True
4p94__B1_Q4J9K8--4p94__A1_Q4J9K8,0.9743035239361701,0.5,True
4yii__A1_O00762--4yii__B1_Q9UJX6,0.9800926626063764,0.5102040816326531,False
4rus__A1_P68512--4rus__B1_P68512,0.9116922633070137,0.5,True
2o48__A1_Q9TQS6--2o48__A2_Q9TQS6,0.9779582965457159,0.5048543689320388,True
7pvw__B1_P00523--7pvw__A1_P00523,0.7460361233676517,0.5,True
2wcu__A1_Q8R2K1--2wcu__B1_Q8R2K1,0.9661430305776735,0.4999548369614308,True
2p35__A1_Q8UH15--2p35__B1_Q8UH15,0.9433921780275123,0.5,True
6rfg__A1_Q49PR7--6rfg__D1_Q49PR7,0.8766775929860164,0.5,True
5jj8__A1_Q9HVB9--5jj8__A2_Q9HVB9,0.8892358058503144,0.5,True
6ije__A1_A0A083ZID3--6ije__B1_A0A083ZID3,0.9725653767778126,0.4999496120124962,True
8avu__A1_Q8GPI4--8avu__A2_Q8GPI4,0.9807332585110362,0.5185185185185185,True
7xdu__B1_A0A1I1Z0X1--7xdu__A1_A0A1I1Z0X1,0.9918523645359089,0.5,True
1xr4__A1_Q8ZRY1--1xr4__B1_Q8ZRY1,0.9429372730342854,0.5,True
2fuq__A1_C6XZB6--2fuq__B1_C6XZB6,0.9749202870960179,0.5,True
5xrw__A1_O25306--5xrw__C1_O25674,0.9011681313707096,0.5047887451202369,False
5l0o__A1_P46940--5l0o__B1_P46940,0.9948805224781547,0.5,True
8vsy__B1_UNDEFINED--8vsy__A1_UNDEFINED,0.9224371989677891,0.5,True
2zcx__A1_Q9FBX0--2zcx__A2_Q9FBX0,0.9834575195111941,0.5244397095669718,True
5way__A1_Q97P44--5way__B1_Q97P44,0.9629955045699138,0.5,True
7xey__A1_Q9SU72--7xey__B1_Q9S745,0.9573720336523747,0.5,False
4xlo__C1_Q9KHK2--4xlo__A1_Q9KHK2,0.9603174082976609,0.5,True
6kd6__B1_Q9VAA9--6kd6__A1_Q9VAA9,0.8780312355583947,0.5,True
8k72__A1_Q9NWT6--8k72__A2_Q9NWT6,0.9789584851480148,0.5,True
8b5v__A1_Q4E4A3--8b5v__B1_Q4E4A3,0.9904310660310416,0.5,True
4yo3__A1_D3GUX1--4yo3__A2_D3GUX1,0.9814135259679814,0.5,True
8p8p__A1_P49773--8p8p__B1_P49773,0.9599505074198568,0.5159863452067162,True
6hrx__A1_O53623--6hrx__B1_O53623,0.9862671397979662,0.5384342100837509,True
3mdo__A1_A6LDR8--3mdo__B1_A6LDR8,0.9892448003314038,0.5,True
8iw0__A1_Q14678--8iw0__B1_Q14678,0.9757175462655612,0.5327129863396055,True
2rb7__A1_Q313A9--2rb7__B1_Q313A9,0.9595987599575284,0.5,True
8h6s__A1_Q76KY5--8h6s__C1_Q76KY0,0.9717913582372182,0.5,False
3lsj__A1_Q9HUS3--3lsj__B1_Q9HUS3,0.9474157706983244,0.5,True
7pxq__A1_UNDEFINED--7pxq__A2_UNDEFINED,0.9488301806726486,0.5,True
8g0q__A1_P40460--8g0q__B1_P33895,0.9385564112957709,0.5,False
6ms4__A1_Q9ULC4--6ms4__B1_O43583,0.8813916624830329,0.5,False
7y6b__A1_A0A411GZY8--7y6b__B1_A0A411H025,0.9365847474397665,0.4996846089150547,False
7zyt__A1_P09622--7zyt__B1_P09622,0.9613726476012717,0.5,True
7lle__A1_Q6QVT7--7lle__B1_Q6QVT7,0.9734582508975408,0.5,True
4csw__A1_D0MK34--4csw__B1_D0MK34,0.9690570443900363,0.5,True
7tev__A1_P04181--7tev__A2_P04181,0.9696875644893389,0.5,True
3zta__A1_Q2RIF4--3zta__A2_Q2RIF4,0.9919205859033013,0.5074626865671642,True
3abi__A1_O59312--3abi__B1_O59312,0.9966921476399637,0.5,True
5ab8__A1_P9WN25--5ab8__A2_P9WN25,0.954271873165003,0.5,True
1guq__A1_P09148--1guq__B1_P09148,0.9765967800383979,0.5,True
6zdw__B1_A0A162MUP0--6zdw__A1_A0A162MUP0,0.9615755636733114,0.5,True
8csd__A1_Q6U8B0--8csd__A2_Q6U8B0,0.9817820110154163,0.5,True
3na2__A1_UNDEFINED--3na2__B2_UNDEFINED,0.9326841944849933,0.5,True
8bfr__A1_P30177--8bfr__A2_P30177,0.9978343261904632,0.5,True
7yk3__A1_O53604--7yk3__B1_O53605,0.9647340109660855,0.5,False
6xiv__A1_P16114--6xiv__B2_P16114,0.9690235329025985,0.5,True
8ajx__A1_P17117--8ajx__A2_P17117,0.9517239095131167,0.5057636887608069,True
8ayj__A1_D5EHC5--8ayj__B1_D5EHC5,0.9817857087600953,0.5,True
4tt0__B1_P10220--4tt0__A1_P10220,0.940305319042372,0.5,True
8a6e__B2_P02699--8a6e__A1_P02699,0.9590256961640383,0.5,True
4jb7__A1_Q9KTQ6--4jb7__A2_Q9KTQ6,0.9307586982385454,0.5,True
6h3f__A1_A0A0H3JT80--6h3f__A2_A0A0H3JT80,0.9864413467172721,0.5,True
6wxw__A1_F2NWD3--6wxw__B1_F2NWD3,0.9957595634059843,0.5,True
2zw2__A1_F9VNF4--2zw2__B1_F9VNF4,0.9115599584174157,0.5,True
2wo2__A1_P54764--2wo2__B1_P52799,0.9353500652642662,0.4999792668767623,False
4u66__A1_A8MI53--4u66__A2_A8MI53,0.9841203065639299,0.5,True
1ord__A1_P43099--1ord__B1_P43099,0.9560647602053985,0.5,True
7zcm__A1_P42196--7zcm__B1_P42259,0.9053898027708022,0.5,False
8aa9__A1_Q9V1Y9--8aa9__B1_Q9V1Y9,0.7890508714872588,0.5,True
4i6y__B1_P13702--4i6y__A1_P13702,0.9342183490643237,0.5,True
1vh4__B1_P77689--1vh4__A1_P77689,0.975664015891833,0.5,True
3ocd__A1_D7A6E5--3ocd__B1_Q7BQR5,0.9606141940349364,0.5,False
8pq7__A1_M1C5B8--8pq7__B1_D0N0Z8,0.8706879326339828,0.5,False
8gic__A1_Q70AZ9--8gic__D1_Q70AZ5,0.8124136767124988,0.5,False
5abr__A1_P82802--5abr__B1_P82802,0.965567697589596,0.5,True
2zmf__A1_Q9Y233--2zmf__B1_Q9Y233,0.9868481738745971,0.5,True
2vzk__B1_P0DJQ5--2vzk__A1_P0DJQ5,0.9680361192129485,0.5062744870257659,True
7wm5__A1_A0A0C2W699--7wm5__A2_A0A0C2W699,0.9662468381030281,0.5,True
1zee__A1_Q8E972--1zee__B1_Q8E972,0.9123284390606432,0.5,True
1f3u__B1_P35269--1f3u__A1_P13984,0.9410002294884108,0.5057471264367817,False
7tvh__B1_Q9I2Q1--7tvh__A1_Q9I2Q1,0.9854933598309201,0.5,True
5vgm__B1_Q9KL24--5vgm__A1_Q9KL24,0.9960640942324854,0.5,True
2b5l__A1_Q16531--2b5l__C1_P11207,0.9647466453324691,0.5,False
4zzh__A1_Q96EB6--4zzh__A2_Q96EB6,0.9120030843594653,0.5,True
8in9__A1_E0D202--8in9__B1_E0D202,0.9285530232569553,0.5,True
6m4v__A1_P0AEX9--6m4v__B1_P62942,0.9682553639265905,0.5131070645098005,False
7y28__A1_P07814--7y28__B1_P07814,0.9837779284834807,0.5,True
7y7u__A1_A0A222F232--7y7u__B1_A0A222F232,0.9880892532284288,0.5,True
3fgc__A1_P07740--3fgc__B1_P07739,0.9696024387761847,0.5,False
1rve__A1_P04390--1rve__B1_P04390,0.9868032751085394,0.5,True
7zy1__A1_Q9F8A8--7zy1__A2_Q9F8A8,0.9795053729870652,0.5,True
3jxo__B1_A0A0F6AN26--3jxo__A1_A0A0F6AN26,0.9649114730878187,0.5433250708215297,True
8dqb__A1_A0A0H3FX83--8dqb__A2_A0A0H3FX83,0.9767058037020014,0.5,True
5l16__A1_Q4Q0M0--5l16__A2_Q4Q0M0,0.992816062644475,0.5,True
2gz4__A1_Q7D028--2gz4__C1_Q7D028,0.9606220235994857,0.5,True
7xyv__A1_Q9C0D3--7xyv__B1_Q9C0D3,0.9376790707969214,0.5,True
2f9w__A1_Q9HWC1--2f9w__B1_Q9HWC1,0.9768852907327856,0.5,True
2ox1__A1_O30011--2ox1__B1_O30011,0.9911537492287773,0.508745860323271,True
2guh__A1_Q0S8Y3--2guh__B1_Q0S8Y3,0.9849663876420948,0.49998254677464393,True
7br1__A1_A0A7I6N400--7br1__B1_A0A7I6N400,0.9801141944280746,0.5047889150807132,True
2p04__A1_D0VWX5--2p04__B1_D0VWX5,0.9794160162528731,0.5121502909640412,True
4h5b__A1_Q9RUY5--4h5b__B1_Q9RUY5,0.9343840706689445,0.5,True
4e1o__A1_P19113--4e1o__B1_P19113,0.9732718982354043,0.5,True
7pu4__B1_Q9X053--7pu4__A1_Q9X053,0.9790616899238505,0.5030805449809658,True
3m1u__A1_Q72DN3--3m1u__B1_Q72DN3,0.9044035007240816,0.5,True
4pww__A1_UNDEFINED--4pww__A2_UNDEFINED,0.9158004294093004,0.5,True
6ird__A1_Q91UZ1--6ird__B1_Q8NI35,0.8672817052532799,0.5,False
6gg2__A1_Q4WD43--6gg2__A2_Q4WD43,0.9663796644639048,0.5,True
6oei__A1_Q8KG60--6oei__A2_Q8KG60,0.9795175520919147,0.5,True
8hyi__A1_P22223--8hyi__B1_P22223,0.9221943966160171,0.5,True
4b8v__A1_B3VBK9--4b8v__A2_B3VBK9,0.9908485380116958,0.5,True
4lqb__A1_D2Q399--4lqb__B1_D2Q399,0.9772288732591075,0.5314494729138618,True
2vxb__A1_P87074--2vxb__B1_P87074,0.9866801966816079,0.5,True
5z1o__A1_D0VWU8--5z1o__B1_D0VWU8,0.8427895840768745,0.5,True
6h40__A1_K5B7F3--6h40__A2_K5B7F3,0.9919136065658463,0.5339702299143789,True
2etk__A1_Q13464--2etk__B1_Q13464,0.9637889565482926,0.4999905695963787,True
2p69__A1_Q96GD0--2p69__A2_Q96GD0,0.9942276331052256,0.5,True
4doy__A1_Q6WNP1--4doy__C1_Q6WNP1,0.9725690519407358,0.5,True
6zxw__A1_O29011--6zxw__B1_A0A117KMN5,0.9677873708804936,0.5,False
3lhk__A1_Q60329--3lhk__B1_Q60329,0.980629515985351,0.539851529248738,True
1qpa__A1_P11542--1qpa__B1_P11542,0.9776499375260308,0.5,True
6e52__A1_P03069--6e52__B1_P03069,0.9566286924478119,0.5,True
2ijd__A1_Q1PHW8--2ijd__A2_Q1PHW8,0.9187349005398329,0.5,True
1fwl__A1_Q58504--1fwl__B1_Q58504,0.9955957214285309,0.5180123040588157,True
5nkk__A1_O62301--5nkk__B1_Q9XWJ1,0.979031033610159,0.5,False
1ygt__A1_Q94524--1ygt__A2_Q94524,0.9135987176455596,0.5233881619414469,True
7zq1__B1_Q32ZE1--7zq1__A1_Q32ZE1,0.8592587615199239,0.5,True
6p40__A1_M1GSK9--6p40__B1_M1GSK9,0.9577281679223476,0.5,True
2wyn__B1_P13482--2wyn__D1_P13482,0.9763898465811617,0.5,True
7yui__A1_P0CG48--7yui__B1_Q9BYM8,0.8923702749588551,0.5,False
2oi2__A1_A0A0H2UNK6--2oi2__A2_A0A0H2UNK6,0.9802601688278075,0.5,True
4wud__A1_P0AES6--4wud__A2_P0AES6,0.9667305682031632,0.5,True
5yzj__A1_A8K0B5--5yzj__B1_A8K0B5,0.8786307248653923,0.5,True
8f61__A1_Q28943--8f61__B1_Q28943,0.9245612873562239,0.5,True
7udi__B1_Q9RYE6--7udi__A1_Q9RYE6,0.9390158457352977,0.5,True
5ho3__A1_W6KHH6--5ho3__B1_W6KHH6,0.9626996032287182,0.5078001381015155,True
1u5i__A1_Q07009--1u5i__B1_Q64537,0.9796813012576837,0.5,False
1cmc__A1_P0A8U6--1cmc__B1_P0A8U6,0.9759380521775283,0.5786634890937978,True
6oe2__A1_Q8A9F0--6oe2__A2_Q8A9F0,0.9943036408937944,0.5,True
3ent__A1_Q2YAE2--3ent__B1_Q2YAE2,0.9724403642878957,0.5,True
2y4g__A1_D3Y1I2--2y4g__B1_D3Y1I2,0.9862859736510154,0.5,True
7ec7__A1_A0A0H2XGN0--7ec7__A2_A0A0H2XGN0,0.9927185004838678,0.5,True
2o11__A1_P9WPY1--2o11__A2_P9WPY1,0.9293165620222714,0.5,True
8abq__A1_Q13596--8abq__B1_Q9Y5X3,0.9768798902550555,0.5,False
6shw__A1_Q96724--6shw__A2_Q96724,0.9200345082150154,0.6203066252339177,True
7wn7__B1_Q99H25--7wn7__A1_Q99H25,0.9452680371298829,0.5,True
2sak__A1_P68802--2sak__A2_P68802,0.7064107822361976,0.5,True
8h5e__A1_Q5SMG8--8h5e__B1_Q5SMG8,0.901750425598635,0.5,True
8bgm__B1_A0A5P3XKL3--8bgm__A1_A0A5P3XKM0,0.968958679238035,0.5,False
8sua__A1_UNDEFINED--8sua__A2_UNDEFINED,0.9861976193475078,0.5,True
2ps8__A1_P13513--2ps8__B1_P13513,0.9898222518297165,0.5,True
6awl__A1_O75208--6awl__B1_O75208,0.9855763635924495,0.5,True
4qds__A1_O60462--4qds__B1_O60462,0.9792760932406667,0.5,True
6qky__B1_Q97P33--6qky__A1_Q97P33,0.9355019824572594,0.5,True
7nli__B1_P08405--7nli__A1_P08405,0.9705118575504564,0.4999371938198719,True
8p3m__A1_W0DP94--8p3m__B1_W0DP94,0.9881978549907398,0.5,True
5v7y__A1_A0A4Y1WAP5--5v7y__B1_A0A4Y1WAP5,0.9830245392444525,0.5,True
4aps__A1_Q5M4H8--4aps__B1_Q5M4H8,0.9414762506999047,0.5,True
7ucn__A1_P50120--7ucn__B1_P50120,0.8127807724042033,0.5,True
1ni5__A1_P52097--1ni5__A2_P52097,0.9817352617546645,0.5,True
8d04__B1_UNDEFINED--8d04__A1_UNDEFINED,0.9327357433796128,0.5196787364218305,True
4a5o__B1_Q9I2U6--4a5o__A1_Q9I2U6,0.9716405629717629,0.5,True
8q5k__A1_A0A0H2Z7A6--8q5k__A2_A0A0H2Z7A6,0.9353453760882589,0.5,True
1ww5__A1_Q6WY08--1ww5__D1_Q6WY08,0.9921319264329276,0.5073843565628561,True
7ww2__A1_A0A4Q9D6T1--7ww2__B1_A0A4Q9D6T1,0.9808154640499337,0.5,True
2pfk__A1_P0A796--2pfk__B1_P0A796,0.9715795479266288,0.5,True
1i2m__B1_P18754--1i2m__A1_P62826,0.8809029041317987,0.5,False
8i2e__A1_O34841--8i2e__B1_P54421,0.9598990208078336,0.5,False
3pfl__A1_P09373--3pfl__B1_P09373,0.9954869922805057,0.5,True
6gho__B1_Q5L1S1--6gho__A1_O31602,0.8363532709737392,0.5,False
1glj__A1_P0A6F3--1glj__B1_P0A6F3,0.9943737407693689,0.5,True
4zq8__B1_A0A0M3KL36--4zq8__A1_A0A0M3KL36,0.9812705190263664,0.5053763440860215,True
5h4h__B1_O58236--5h4h__A1_O58236,0.9734875125228954,0.5196166729070321,True
4iv9__A1_P06617--4iv9__B1_P06617,0.9738245936772588,0.5,True
6sdk__A1_P26497--6sdk__B1_P26497,0.9551084230601733,0.5,True
2fq4__A1_Q81BJ4--2fq4__A2_Q81BJ4,0.9876332157418103,0.5,True
7zeq__B1_Q9WXT1--7zeq__A1_Q9WXT1,0.940429095117308,0.5,True
5z5h__A1_Q2I2N4--5z5h__A2_Q2I2N4,0.9786815823728461,0.5,True
2fe1__A1_Q8ZZP3--2fe1__A2_Q8ZZP3,0.9815497757892951,0.5423449325342267,True
7wik__B1_A0R1E6--7wik__A1_A0R1E6,0.9382617540087077,0.5,True
7t8o__B1_Q8Y8Y9--7t8o__A1_Q8Y8Y9,0.9521103890680076,0.532258064516129,True
7t91__A1_P08151--7t91__B1_P08151,0.9237959151976392,0.5,True
3lg6__A1_D2YW48--3lg6__B1_D2YW48,0.9791028654138146,0.5,True
2o9a__A1_P16528--2o9a__D1_P16528,0.9772359352225772,0.5,True
1zhq__A1_Q9RHG4--1zhq__B1_Q9RHG4,0.9178039569840295,0.5070921985815603,True
2e0k__B1_Q8KFD9--2e0k__A1_Q8KFD9,0.9665556829270853,0.5032051282051282,True
3a2f__A1_P61875--3a2f__B1_O73947,0.9853521295628032,0.5,False
3isx__A1_Q9X0E0--3isx__A2_Q9X0E0,0.9295665621419629,0.5,True
2vkj__A1_Q9X1W9--2vkj__B1_Q9X1W9,0.9155333114375571,0.5,True
5csr__D1_Q9HLB6--5csr__A1_Q9HLB6,0.9792651562161044,0.5,True
7tur__B1_P00503--7tur__A1_P00503,0.9343770121453686,0.5,True
3vol__A1_Q9I6V6--3vol__A2_Q9I6V6,0.9011385892728724,0.5,True
3jqz__A1_P02768--3jqz__B1_P02768,0.9641185109495821,0.5,True
1vkd__A1_Q9X0V2--1vkd__B1_Q9X0V2,0.941976922936452,0.5,True
8b31__B1_A0A2W4LV58--8b31__A1_A0A2W4LV58,0.9713246690275601,0.5,True
5vlb__A1_G7IKX3--5vlb__B1_G7IKX3,0.9425142322336023,0.5,True
2oer__B1_Q9I3U1--2oer__A1_Q9I3U1,0.9921163836217902,0.5318999311727564,True
2ylz__A1_Q47PU3--2ylz__A2_Q47PU3,0.9491354025764582,0.5,True
8bjp__B1_A0A1W6VSR4--8bjp__A1_A0A1W6VSR4,0.8586161765989007,0.5,True
6kcx__A1_Q9WZL1--6kcx__A2_Q9WZL1,0.9944119781803187,0.5,True
7xmj__C1_A9QSE8--7xmj__A1_A9QSE8,0.976978812585608,0.5,True
1pix__A1_Q06700--1pix__B1_Q06700,0.9592298546841822,0.5,True
3l8i__B1_Q9BUL8--3l8i__A1_Q9BUL8,0.9786234946110977,0.5,True
6l2u__A1_Q27RN2--6l2u__B1_Q27RN2,0.9531141073792861,0.5,True
6sl2__A1_C4LWU6--6sl2__A2_C4LWU6,0.9431173984531522,0.5,True
1u6z__B1_P0AFL6--1u6z__A1_P0AFL6,0.9618112672732917,0.5,True
3pm9__A1_Q6NAV4--3pm9__B1_Q6NAV4,0.9085879547538714,0.5,True
3a5y__B1_P0A8N7--3a5y__A1_P0A8N7,0.9561941698220499,0.5,True
7xgn__A1_UNDEFINED--7xgn__B1_UNDEFINED,0.9437429688930747,0.5,True
6bn1__B1_Q9VCR6--6bn1__A1_Q8T0S6,0.8292550299075585,0.5,False
8ji6__A1_A0A861B387--8ji6__B1_A0A861B387,0.9936317213700474,0.5046728971962616,True
2pjs__A1_A9CIG0--2pjs__B1_A9CIG0,0.9589252076706913,0.5023584905660378,True
8ke8__A1_Q9HXS0--8ke8__B1_Q9HXS0,0.9782367971449676,0.5,True
3h7l__A1_Q87LX4--3h7l__A2_Q87LX4,0.980297430162706,0.5,True
7zs8__A1_A0A1D3HIT0--7zs8__B1_A0A1D3HIT0,0.9686358138591952,0.5,True
2vc4__A1_P02879--2vc4__A2_P02879,0.9069699189638956,0.5,True
1xe8__B1_Q03629--1xe8__A1_Q03629,0.9927513471355645,0.50625,True
7tn6__A1_Q84Y01--7tn6__A2_Q84Y01,0.9736409269162211,0.5,True
7yo6__A1_G8GLP2--7yo6__A2_G8GLP2,0.9917437009801018,0.5,True
8k76__A1_Q8R6D8--8k76__B1_Q8R6D8,0.9908136085663604,0.5,True
1vgx__B1_Q9RRU8--1vgx__A1_Q9RRU8,0.9537458205075429,0.5,True
3cet__B1_Q6M145--3cet__A1_Q6M145,0.9635904746834064,0.5,True
4zlh__B1_P0AB60--4zlh__A1_P0AB60,0.9888345951860419,0.5,True
2y84__A1_Q7WT50--2y84__E1_Q7WT50,0.9835048444809416,0.5,True
4me9__A1_Q736B0--4me9__B1_Q736B0,0.9847999697397288,0.5,True
2z51__A1_Q93W20--2z51__A2_Q93W20,0.9283001967473188,0.5,True
8ajq__A1_Q9I0C0--8ajq__B1_Q9I0C0,0.9612618325008716,0.5,True
3gdm__A1_P03962--3gdm__B1_P03962,0.9844525154191686,0.5,True
5khn__A1_UNDEFINED--5khn__B1_UNDEFINED,0.9556875383965316,0.5,True
7yfj__A2_Q15007--7yfj__B1_Q15007,0.9111483608884619,0.5,True
2rkl__F1_Q06263--2rkl__E1_Q06263,0.9558757790107549,0.5677333964430654,True
8cwp__A1_Q06282--8cwp__A2_Q06282,0.9874264093372395,0.5,True
4neh__A1_P20702--4neh__B1_P05107,0.9704911367603779,0.5,False
2prv__A1_O34596--2prv__B1_O34596,0.9843607434601058,0.5075757575757576,True
6kvn__A1_A0A1S4CVP6--6kvn__A2_A0A1S4CVP6,0.955169443943714,0.5216276775347781,True
5tgq__A1_A0A1S4NYF7--5tgq__A2_A0A1S4NYF7,0.9850277015325559,0.5,True
6b3i__A1_P27216--6b3i__B1_P27216,0.954884323972131,0.5,True
1rqn__A1_O31156--1rqn__B1_O31156,0.9954798531441865,0.5,True
5l7z__A1_P28750--5l7z__A2_P28750,0.9606093158505312,0.5,True
7ljh__A1_Q769D3--7ljh__B2_Q769D3,0.9922227978233558,0.5,True
7xmw__B1_U2Q5N5--7xmw__A1_U2Q5N5,0.9024417259920098,0.5,True
7w2o__A1_Q9HZP1--7w2o__B1_Q9HZP1,0.9914284778394793,0.5,True
7uay__A1_P08684--7uay__A2_P08684,0.9986247043678037,0.5,True
5czf__D1_A0A0H3JHG3--5czf__A1_Q8XAD5,0.7808284284241278,0.5,False
8p4l__A1_UNDEFINED--8p4l__B1_UNDEFINED,0.9848234638533298,0.5,True
2p6p__A1_Q9RPA7--2p6p__B1_Q9RPA7,0.9688985017558238,0.5,True
4u64__A1_Q5ZXA3--4u64__A2_Q5ZXA3,0.9587061851767733,0.5,True
7qbm__A1_P43235--7qbm__B1_P43235,0.8535637507940714,0.5,True
3nvm__A1_Q8U4M1--3nvm__B1_Q8U4M2,0.9462796854509327,0.5,False
7q86__A1_UNDEFINED--7q86__B1_UNDEFINED,0.9577437808964744,0.5,True
3wws__A1_Q13188--3wws__D1_Q13188,0.7770731707317073,0.5,True
4c87__A1_F9UMG7--4c87__B1_F9UMG7,0.9347306348709318,0.5,True
2d7e__A1_P17888--2d7e__B1_P17888,0.9430074293548657,0.5,True
7xro__A1_Q9RQ20--7xro__B1_Q9RQ20,0.9707751382880276,0.5,True
5yrj__A1_B6F0T7--5yrj__B1_A0A2Z5V8U8,0.9728167851065959,0.5,False
6yev__C1_P0A744--6yev__A1_P0AA25,0.8597037312892447,0.5,False
8glr__A1_Q8ZJX7--8glr__A2_Q8ZJX7,0.9623644269423252,0.5,True
5fwt__A1_Q96MU8--5fwt__A2_Q96MU8,0.9032400954050863,0.5,True
4e6s__A1_Q3URR7--4e6s__A2_Q3URR7,0.9484451653428111,0.5047169811320755,True
8enb__B1_A7DT38--8enb__A1_A0T3A2,0.8591369137344416,0.5,False
8h4p__A1_I1S104--8h4p__B1_I1S104,0.9839597704398959,0.5,True
4cu5__A1_B6SBV8--4cu5__F1_B6SBV8,0.9879350874751929,0.5130883246797947,True
8elf__B1_Q6DYE4--8elf__A1_Q6DYE4,0.9125209087433226,0.5,True
1ax2__A1_P16404--1ax2__A2_P16404,0.9881902857515881,0.5,True
8i33__C1_A0A6Q8PFJ0--8i33__A1_A0A6Q8PFJ0,0.9704393528385971,0.5,True
3q9l__A1_P0AEZ3--3q9l__B1_P0AEZ3,0.9448860745869306,0.5,True
8ak1__A1_UNDEFINED--8ak1__B1_O25273,0.9828566522294939,0.5144626128102879,False
2yk4__A1_P72097--2yk4__A2_P72097,0.9636266225347386,0.5,True
7u5f__C1_Q9HTM2--7u5f__A1_Q9HTM2,0.9877388249990955,0.5,True
5xt3__B1_A0A0U1MUE2--5xt3__A1_A0A0U1MUE2,0.9719567603657432,0.5,True
5iws__A1_Q63GK8--5iws__A2_Q63GK8,0.9697611143604863,0.5,True
2owl__A1_P36767--2owl__B1_P36767,0.9396483694123622,0.5,True
8bca__A1_O75643--8bca__B1_Q6P2Q9,0.8699622776365946,0.5,False
4ml7__A1_P61626--4ml7__B1_UNDEFINED,0.7479289228446481,0.5,False
3mcb__B1_P20290--3mcb__A1_Q13765,0.9514778277572926,0.5457460568736848,False
8gy8__A1_Q8TZT0--8gy8__B1_Q8TZT0,0.9767663794631382,0.5,True
8dkd__A1_G7CIP4--8dkd__A2_G7CIP4,0.976094075112635,0.5,True
7dus__A1_P08965--7dus__A2_P08965,0.9077214938418752,0.49997020262216924,True
8gb1__A1_Q9Y3Z3--8gb1__B1_Q9Y3Z3,0.9803552762058877,0.5,True
7cov__A1_Q06801--7cov__A2_Q06801,0.9540364222158985,0.5,True
6ign__A1_Q61768--6ign__A2_Q61768,0.877565879092489,0.5,True
1fzr__A1_P00641--1fzr__B1_P00641,0.9505135910764565,0.5044139863547759,True
3be5__A1_Q8XBR1--3be5__B1_Q8XBR1,0.9423791675176112,0.5,True
2ecs__A1_P03040--2ecs__B1_P03040,0.9623803490990991,0.5,True
4hn3__B1_Q8Y6D1--4hn3__A1_Q8Y6D1,0.9388218383389789,0.5,True
4o8y__A1_Q08723--4o8y__B1_P43588,0.9637188167106577,0.5,False
7uoi__A1_A0A1S8KJG1--7uoi__A2_A0A1S8KJG1,0.9840286285414103,0.5,True
7vma__A1_C5A758--7vma__A2_C5A758,0.9881345755265851,0.5,True
7d9m__A1_A0A4D6NYT7--7d9m__B2_A0A4D6NYT7,0.970383568798915,0.5,True
2py8__C1_Q55670--2py8__B1_Q55670,0.9168884122016646,0.5,True
7ytl__A1_E1BR24--7ytl__A2_E1BR24,0.994395447949099,0.5,True
7vxt__A1_Q63W52--7vxt__B1_Q63W52,0.9564771452376011,0.5040650406504065,True
5cv3__A1_E3M3V1--5cv3__A2_E3M3V1,0.9606632149257318,0.5,True
8c9v__A1_Q1JXV1--8c9v__A2_Q1JXV1,0.9877064162852098,0.5,True
3tsn__A1_Q9PN58--3tsn__B1_Q9PN58,0.9713057533733133,0.5,True
8j51__A1_A0A0E9MUN5--8j51__B1_A0A0E9MUN5,0.9587434921538364,0.5,True
6cz9__A1_Q7WTU0--6cz9__B1_Q7WTT9,0.9573846213825634,0.5,False
8pzo__A1_F9UT68--8pzo__A2_F9UT68,0.9843702765635852,0.5306364639078394,True
3tqg__B1_Q83DG4--3tqg__A1_Q83DG4,0.9668725447743813,0.5,True
7czg__C1_Q8TDY2--7czg__A1_Q8TDY2,0.9655339805825243,0.5398896734333628,True
7eev__B1_A0A3D9R4E8--7eev__A1_A0A3D9R4E8,0.960008929034663,0.5,True
8ori__A1_Q2KB35--8ori__B1_Q2KB35,0.9079377247734578,0.5,True
7o6z__A1_A0A7R8L7W4--7o6z__B1_A0A7R8L7W4,0.9942371143674542,0.5,True
8pmr__A1_Q4WL81--8pmr__B1_Q4WL81,0.8542005124057597,0.5,True
3fmy__A1_Q46864--3fmy__A2_Q46864,0.9752373977169411,0.5175438596491229,True
7f0o__B1_A0A2I1C3W8--7f0o__A1_A0A2I1C3W8,0.9821973759680651,0.5,True
3ojm__B1_P21802--3ojm__A1_P05230,0.8765668862269836,0.5,False
6xgz__A1_P63386--6xgz__B1_P64602,0.9702275374789995,0.5,False
7x2y__A1_A0A076PYH9--7x2y__B1_A0A076PYH9,0.9950205630669887,0.5,True
8i34__A1_A0AA52HX42--8i34__B1_A0AA52HX50,0.9739155409836066,0.5,False
5i4h__B1_P07711--5i4h__A1_P07711,0.9437385087954206,0.5,True
4e6h__A1_Q6CII8--4e6h__A2_Q6CII8,0.9898167427494967,0.5,True
6x7p__A1_Q8GGP1--6x7p__A2_Q8GGP1,0.9810187229416287,0.5,True
3exq__A1_Q03S37--3exq__A2_Q03S37,0.9479529074278248,0.5,True
2qvc__A1_Q9WXW9--2qvc__B2_Q9WXW9,0.9969948748757532,0.4999940935347832,True
6yoa__A1_O82015--6yoa__B1_O82015,0.9306978839368901,0.5,True
7qnm__A1_G0L7V6--7qnm__B1_G0L7V6,0.9920080112395628,0.5,True
3p8v__A1_Q9V228--3p8v__B1_Q9V228,0.986173955692863,0.5,True
4re1__A1_P28347--4re1__D1_P46937,0.8820358298900639,0.5047619047619047,False
8iw5__A1_Q8C8U0--8iw5__B1_Q8C8U0,0.8905119218870627,0.5434608741050948,True
7sq2__B1_Q01970--7sq2__A1_P21279,0.9567540385748613,0.5,False
4lqx__B1_Q97VD2--4lqx__A1_Q97VD2,0.9950771865549947,0.5,True
3owf__A1_P00644--3owf__A2_P00644,0.9410379160599899,0.5,True
2dpl__A1_O59072--2dpl__B1_O59072,0.9834441621680737,0.5,True
4ap5__A1_Q9Y2G5--4ap5__B1_Q9Y2G5,0.9798118146250069,0.5,True
8evy__A1_Q9LCT6--8evy__A2_Q9LCT6,0.9966506426268301,0.5,True
5npo__A1_P62593--5npo__B1_D3INY1,0.8815726259776175,0.5,False
5uhs__A1_B0SR19--5uhs__B1_B0SR19,0.8715098596807132,0.5,True
5t3v__B1_Q9Y2C4--5t3v__A1_Q9Y2C4,0.9623039667544067,0.5,True
8f2l__A1_P9WJY9--8f2l__B1_P9WJY9,0.9781711852945373,0.5,True
8h1l__B1_A0A7U4E834--8h1l__A1_A0A7U4E834,0.9050386679739463,0.5,True
1nye__A1_P0C0L2--1nye__B1_P0C0L2,0.9479664752881172,0.5038167938931297,True
2ou6__A1_Q9RVG4--2ou6__A2_Q9RVG4,0.9804909995666172,0.5,True
1vbi__A1_Q53W84--1vbi__A2_Q53W84,0.9760501135982846,0.5,True
2oqb__A1_Q4AE70--2oqb__B1_Q4AE70,0.8597697263601758,0.4999560284935362,True
8ajy__A1_A0AEF6--8ajy__B1_UNDEFINED,0.9563230508832499,0.5,False
6saz__B1_Q9UGM5--6saz__A1_P07584,0.9116336202944705,0.5,False
8gzy__A1_P0A9A6--8gzy__B1_UNDEFINED,0.9370609447788201,0.5,False
6l9x__A1_F6VRB7--6l9x__A2_F6VRB7,0.9219319231228882,0.5,True
3ica__B1_Q7MXR4--3ica__A1_Q7MXR4,0.9550364129406486,0.5,True
6o15__A1_P39353--6o15__B1_P39353,0.9687651318450125,0.5,True
2ohc__A1_Q9HIY5--2ohc__B1_Q9HIY5,0.9633140226388468,0.5,True
8qfo__A1_A0A840P3H4--8qfo__B1_A0A840P3H4,0.94093485835596,0.5,True
5zmy__A1_F1LJ99--5zmy__B1_F1LJ99,0.954385023919219,0.5,True
6tx3__B1_Q9NWY4--6tx3__A1_Q9UGN5,0.9846144352051731,0.5,False
4tx5__A1_Q9NR28--4tx5__B1_Q9NR28,0.9553018577797355,0.5,True
7wnk__B1_A0A1E5TT85--7wnk__A1_A0A1E5TT85,0.9842993678887484,0.5,True
2fn0__B1_Q9X9I8--2fn0__A1_Q9X9I8,0.9990805274253957,0.5,True
5x89__A1_Q8TGZ7--5x89__A2_Q8TGZ7,0.9231301275928783,0.5,True
2j0t__A1_P03956--2j0t__D1_P01033,0.9278427575120307,0.5,False
2i9i__A1_O25234--2i9i__A2_O25234,0.95230182310066,0.5,True
3rtr__G1_Q13616--3rtr__H1_P62877,0.9457972412732369,0.5,False
8bjd__A1_UNDEFINED--8bjd__A2_UNDEFINED,0.9717211195527787,0.5,True
7lq2__A1_A0A023X3Z4--7lq2__B1_A0A023X3Z4,0.9534749988160717,0.5,True
6aht__A1_A1BZ87--6aht__B1_A1BYM8,0.9683220170387608,0.5072463768115942,False
8tto__A1_UNDEFINED--8tto__B1_UNDEFINED,0.8263245705009695,0.5,True
8czp__A1_A0A0D5ZBI4--8czp__B1_A0A0D5ZBI4,0.9479421645563665,0.5,True
4ro3__A1_M1RHE3--4ro3__B1_M1RHE3,0.9786458333333333,0.5,True
1c0n__A1_P77444--1c0n__A2_P77444,0.9601679917459421,0.5,True
7tq0__A1_P00459--7tq0__A2_P00459,0.9696526294277522,0.5,True
1o4w__A1_O29664--1o4w__A2_O29664,0.9908537513072361,0.5359784211950821,True
4jzp__A1_P51572--4jzp__B1_P51572,0.9538343984440122,0.5,True
5xdf__B1_Q5SL04--5xdf__A1_Q5SL04,0.9597081563436959,0.5,True
6kr4__A1_P10586--6kr4__E1_P60469,0.9585760496034377,0.5,False
1itv__A1_P14780--1itv__B1_P14780,0.9733638123074493,0.5,True
8e51__A1_A0A5N5MKD0--8e51__B1_UNDEFINED,0.7764450904900343,0.5,False
2qgi__A1_P05449--2qgi__B1_P05449,0.957241469082723,0.5,True
1a19__A1_P11540--1a19__B1_P11540,0.943508577070221,0.5,True
8a9x__A1_P15752--8a9x__C1_P15752,0.9943070728146778,0.6273421873299534,True
3onm__A1_UNDEFINED--3onm__B1_UNDEFINED,0.9071119049013293,0.5,True
7wrs__A1_Q5ZJ86--7wrs__B1_UNDEFINED,0.8979175394738822,0.5,False
8e9e__B1_Q02293--8e9e__A1_Q04631,0.9343239761588055,0.5,False
2h4c__A1_Q7T2R1--2h4c__B1_Q7T3T5,0.9410906142306913,0.5,False
2bdt__A1_Q9K6P2--2bdt__A2_Q9K6P2,0.9876536482286039,0.5,True
5vbn__A1_P56282--5vbn__B1_Q07864,0.9435606022591221,0.5,False
8gt0__A1_Q8I6U4--8gt0__B1_P01040,0.932823018103392,0.5,False
5lrr__A1_P22262--5lrr__B1_P22262,0.9780665326806653,0.5171142867711429,True
4y7i__A1_Q96EF0--4y7i__B1_Q96EF0,0.994121229848947,0.5,True
1who__A1_P43214--1who__A2_P43214,0.771857906265898,0.5,True
4g10__A1_Q9WXJ9--4g10__A2_Q9WXJ9,0.9739616080797413,0.5,True
8q4k__A1_O51180--8q4k__B1_O51180,0.9471710631056407,0.5042553191489362,True
6hp3__A1_O31927--6hp3__B1_O31927,0.9562121965532667,0.5,True
8hs0__A1_Q9LIR4--8hs0__A2_Q9LIR4,0.9663337216417952,0.5,True
6gz1__A1_P10151--6gz1__A2_P10151,0.9768652881438884,0.5,True
8pbu__A1_P27708--8pbu__A2_P27708,0.9651020201632462,0.5,True
7zjc__A1_P0DV83--7zjc__A2_P0DV83,0.942838565100523,0.5,True
6ecu__B1_Q8RJY3--6ecu__A1_Q8RJY3,0.9888012447209239,0.5,True
4x2d__A1_UNDEFINED--4x2d__C2_UNDEFINED,0.9876570090361021,0.5,True
7p0h__A1_O26008--7p0h__C1_O26008,0.9811322491414125,0.5,True
5b3g__B1_Q9SZF7--5b3g__A1_Q9M384,0.9420459617947196,0.5,False
7vzy__B1_Q84G19--7vzy__A1_Q84G19,0.9780106167126906,0.5,True
2q3t__A1_Q9LUJ3--2q3t__A2_Q9LUJ3,0.9406673988148352,0.52774345833238,True
8j3t__A1_A0A0G2TMR2--8j3t__B1_A0A0G2TMR2,0.988934506688376,0.5048076923076923,True
7pt0__A1_Q9KYU4--7pt0__B1_Q9KYU4,0.9888559931711098,0.5277148752012882,True
6m09__B1_Q8LDU1--6m09__A1_Q8LDU1,0.9798349721243974,0.5,True
7uxs__B1_J8G6Z1--7uxs__A1_J8G6Z1,0.9747571324498118,0.5,True
2q03__A1_Q12ML0--2q03__B1_Q12ML0,0.9705837495034334,0.4999702946768061,True
6kcp__B1_Q9VAA9--6kcp__A1_Q9VAA9,0.8600853578016623,0.5,True
3zn4__A1_C8CHL4--3zn4__A2_C8CHL4,0.9480606436812802,0.5,True
6sj4__B1_A0A022MQ12--6sj4__A1_A0A022MQ12,0.9596677132406354,0.5,True
5cyy__A1_P9WG63--5cyy__B1_P9WG63,0.9597454477656937,0.5,True
3tj3__A1_P52294--3tj3__B1_Q9UKX7,0.8438167408231368,0.5,False
3i32__A1_Q72GF3--3i32__A2_Q72GF3,0.9913733187113063,0.5,True
1jk9__B1_P40202--1jk9__A1_P00445,0.9475068636406669,0.5,False
4z3u__B1_G3G955--4z3u__A1_G3G8X8,0.9312322382402441,0.5,False
4e4w__A1_P38920--4e4w__B1_P14242,0.960471905530428,0.5,False
5yw5__A1_Q5NII9--5yw5__D1_Q5NII9,0.9576507186406474,0.5,True
3ab8__A1_Q5SLE3--3ab8__B1_Q5SLE3,0.9179895350522369,0.5,True
3mxt__A1_Q9PIK2--3mxt__A2_Q9PIK2,0.9281791242693223,0.5,True
7war__B1_A0A1B6PFV1--7war__A1_A0A1B6PFV1,0.9695069504862347,0.5,True
7fn1__B1_P32357--7fn1__A1_P33334,0.9788090883511537,0.5,False
7xl7__A1_A0A2J0R8J6--7xl7__B1_A0A2J0R8J6,0.8220806084026953,0.5,True
8vc5__A1_Q9XCL6--8vc5__B1_Q9XCL6,0.980955050604911,0.5,True
5jfz__A1_P20605--5jfz__B1_P0ADX5,0.9168656197137476,0.49988602689765216,False
1gkh__A1_P69543--1gkh__A2_P69543,0.9720806070519811,0.5248636859323882,True
5g37__B1_P10565--5g37__A1_P06575,0.8674286557393116,0.5,False
2gjx__A1_P06865--2gjx__B1_P07686,0.9332798361785131,0.5,False
3aqb__B1_O66129--3aqb__A1_O66127,0.9609286739180745,0.5279421430224485,False
8q1a__A1_Q16790--8q1a__C2_Q16790,0.9419019914778385,0.5,True
8ezt__D2_UNDEFINED--8ezt__A1_UNDEFINED,0.9595496138158878,0.5056179775280899,True
5ez1__B1_P56112--5ez1__A1_P56112,0.9232149787707616,0.5,True
3lwd__A1_Q1QTX1--3lwd__A2_Q1QTX1,0.9938982254340246,0.5,True
4wic__A1_Q2FAE9--4wic__B1_Q2FAE9,0.9293859903728322,0.5,True
8dye__A1_P31040--8dye__B1_Q5VUM1,0.8883913891331778,0.5,False
6xnr__A1_UNDEFINED--6xnr__A2_UNDEFINED,0.9206588232966881,0.5,True
2ch6__A1_Q9UJ70--2ch6__D1_Q9UJ70,0.9881694320859528,0.5,True
3gpn__A1_P15873--3gpn__A2_P15873,0.9801696851348419,0.5,True
5y69__A1_A8ATW7--5y69__B1_A8ATW7,0.9181946499013807,0.5,True
7th0__A1_P31667--7th0__A2_P31667,0.9144782849839639,0.5,True
2qh0__A1_Q97H22--2qh0__A2_Q97H22,0.9582753263523193,0.5124092064644997,True
7uln__A1_P09514--7uln__B1_P09514,0.9640351422299408,0.5,True
5ubb__A1_Q5VVY1--5ubb__A2_Q5VVY1,0.996279741463781,0.5,True
5kvs__B1_O54512--5kvs__A1_O54512,0.9822871231883391,0.5,True
3frs__A1_P53990--3frs__A2_P53990,0.8773961094927939,0.5,True
3obv__A1_O08808--3obv__C1_O08808,0.9868501409012548,0.5,True
4wkz__A1_A0AEF5--4wkz__B1_W5IDC3,0.9470968660481175,0.5,False
3kt0__A1_Q12109--3kt0__A2_Q12109,0.9836158270468462,0.5,True
5i90__A1_G3XCY5--5i90__B1_G3XCY5,0.9737379651314078,0.5,True
3bat__B1_P24733--3bat__A1_P24733,0.9412624462025767,0.5,True
2ps1__A1_P13298--2ps1__B1_P13298,0.9749561130563259,0.5,True
1fcd__A1_Q06530--1fcd__B1_Q06529,0.9919319225790287,0.5,False
8hy8__A1_A0A085BE66--8hy8__A2_A0A085BE66,0.982470740373593,0.5,True
8har__A1_Q2L6E4--8har__B1_Q2L6E4,0.9882312927601287,0.5,True
8a60__A1_P06971--8a60__B1_Q38162,0.9321392739409079,0.5,False
4je4__A1_Q06124--4je4__B1_P02751,0.9340390116547788,0.5,False
2a6c__A1_Q82UW4--2a6c__A2_Q82UW4,0.9335078383247521,0.5,True
5k9l__B1_A8MW95--5k9l__A1_A8MW95,0.953926911702577,0.5,True
5mzg__A1_P53368--5mzg__B1_P53368,0.9114581130798832,0.5,True
6lfn__A1_UNDEFINED--6lfn__B1_UNDEFINED,0.8042036522051303,0.5,True
7ucc__B1_P17535--7ucc__A1_P53539,0.9475753556436567,0.5,False
8d0x__A1_Q9Y231--8d0x__A2_Q9Y231,0.8880624200147266,0.5,True
6ano__B1_Q9UKL3--6ano__A1_Q9UKL3,0.9625466022102082,0.5,True
6et2__A1_Q9I4X1--6et2__B1_Q9I4X2,0.9514071006068265,0.5,False
6d0a__A1_Q8N5Z0--6d0a__A2_Q8N5Z0,0.9809382018046672,0.5,True
2xga__B1_P35530--2xga__A1_P35530,0.9887555528134254,0.5104166666666666,True
2i3o__A1_Q9HJH4--2i3o__B1_Q9HJH4,0.9778453363218147,0.5,True
1ijx__A1_P97401--1ijx__C1_P97401,0.9569803542673108,0.5349677938808374,True
6h2u__A1_Q9NRN9--6h2u__B1_Q9UI30,0.9484726554862222,0.5,False
8h2v__A1_Q93HT8--8h2v__B1_Q93HT8,0.9759343080955468,0.5,True
1wat__B1_P02941--1wat__A1_P02941,0.9766035663013031,0.5,True
2nyh__A1_Q13JM0--2nyh__B1_Q13JM0,0.951731979894383,0.5050113906016276,True
7y9b__A1_A3EXD6--7y9b__B1_A3EXD6,0.9131014981780764,0.5,True
7yuj__B1_Q9BYM8--7yuj__A1_Q9BYM8,0.7696356435298712,0.5,True
8c5k__A1_P87252--8c5k__A2_P87252,0.8500231068389132,0.5,True
2spc__A1_P13395--2spc__B1_P13395,0.8880708060043637,0.5,True
6q2e__A1_A5UMY5--6q2e__B1_A5UMY5,0.9767329380600107,0.5,True
4p8i__A1_P40746--4p8i__B1_P40746,0.9359261254789272,0.5,True
8gp6__B1_P16710--8gp6__A1_P07611,0.8940624786894671,0.5,False
3a4l__B1_Q58933--3a4l__A1_Q58933,0.9926354510659748,0.5,True
1z52__A1_P09167--1z52__B1_P09167,0.8918246219592374,0.5,True
6c0g__A1_A0A3F2YLX1--6c0g__B2_A0A3F2YLX1,0.8852476209763251,0.5151444008634624,True
8owi__A1_Q02224--8owi__B1_Q02224,0.8592976396085205,0.5,True
1k3r__B1_O26109--1k3r__A1_O26109,0.988057393934791,0.5365636408916772,True
7fga__A1_Q8DIJ4--7fga__B2_Q8DIJ4,0.9794242221604263,0.5,True
5akq__A1_O52063--5akq__B1_O52063,0.9832742112948488,0.5,True
7y86__B1_A0A0K2E3A3--7y86__A1_A0A0K2E3A3,0.9752472430318724,0.5538284562197933,True
8d1u__A1_P0A6R0--8d1u__A2_P0A6R0,0.9849705078347646,0.5310186173939568,True
1vqw__A1_Q9HFE4--1vqw__B1_Q9HFE4,0.9779503470086065,0.5,True
7rzb__A1_A0A229LVN5--7rzb__A2_A0A229LVN5,0.9665947141202484,0.5,True
6qta__A1_G0SHE6--6qta__B1_G0SC29,0.9503339364077296,0.5,False
7toc__A1_A0A2H0ZMH9--7toc__B1_A0A2H0ZMH9,0.9345492329202658,0.5,True
7ula__B1_Q88ND0--7ula__A1_Q88NC7,0.9838675132232966,0.5,False
8bes__A1_A0A856TAI5--8bes__B1_A0A856TAI5,0.9783014356073859,0.5,True
7ztw__A1_Q66578--7ztw__B1_Q66578,0.9724458025749141,0.5069923084606932,True
7wjt__B1_Q8BZB3--7wjt__A1_Q8BZB3,0.9124184297842421,0.5,True
6j9n__A1_X5EPV9--6j9n__B1_A0A425B395,0.6915268184580894,0.5,False
1kll__A1_O05205--1kll__A2_O05205,0.9833462532299742,0.5443753898244676,True
8uel__A1_UNDEFINED--8uel__B1_UNDEFINED,0.985742200542488,0.5,True
7xky__A1_Q58690--7xky__B1_Q58034,0.9784033635149394,0.5,False
4p04__A1_A0A0D6H805--4p04__B1_A0A0D6H805,0.9116661861801637,0.5,True
1txz__A1_Q04299--1txz__A2_Q04299,0.9912240908834657,0.5,True
4af5__A1_Q8NQ97--4af5__A2_Q8NQ97,0.9259528623354815,0.5570434239122715,True
8af9__A1_Q2YPZ9--8af9__H1_Q2YPZ9,0.9930816119930213,0.5,True
8gm9__D1_P9WPD3--8gm9__A1_P9WPD3,0.9698100359680107,0.5,True
7wsx__A1_D9PYV4--7wsx__B1_D9PYV4,0.9881527378306744,0.5,True
4g86__A1_Q79PF6--4g86__B1_Q79PF6,0.9357829752437608,0.5049198048734198,True
3bq3__A1_Q12395--3bq3__A2_Q12395,0.9125705369559254,0.5,True
7eva__A1_P31490--7eva__A2_P31490,0.9713185645121682,0.5,True
8r7d__B1_G5EI71--8r7d__A1_Q8LJL3,0.8957796185382102,0.5,False
7pwy__A1_Q8TDX5--7pwy__B1_Q8TDX5,0.990653642186434,0.5,True
3ut4__A1_A3DJ21--3ut4__B1_A3DJ21,0.9851761102603369,0.5,True
8eei__B1_A0A807MR40--8eei__A1_A0A807MR40,0.9860032201053951,0.5,True
8bp5__B1_A0A369SI82--8bp5__A1_A0A369SI82,0.9462683542872222,0.5,True
3l34__B1_Q9HT87--3l34__A1_Q9HT87,0.954805735904452,0.5550319672609717,True
8god__A1_Q9UM07--8god__A2_Q9UM07,0.9760297889437106,0.5,True
1h9g__A1_P0A8V6--1h9g__A2_P0A8V6,0.9860953854888357,0.5,True
7qg6__D1_Q9HAU5--7qg6__C1_Q9H1J1,0.9073531370503758,0.5,False
8sz3__B2_Q9NY97--8sz3__A1_Q9NY97,0.9822764630289611,0.5,True
5a10__A1_G1FNI6--5a10__A2_G1FNI6,0.9696293393961578,0.5,True
7qoc__A1_Q8NQV9--7qoc__B1_Q8NQV9,0.986276438853874,0.5,True
8a90__B1_A0A7S9SWM2--8a90__A1_A0A7S9SWM2,0.9702743298681504,0.5,True
3iaa__A1_Q8KNE0--3iaa__B1_Q8KNE0,0.9531867726398532,0.5,True
3n50__B1_Q9H4W6--3n50__A1_Q9H4W6,0.9540528164280433,0.5,True
2qg3__A1_O28220--2qg3__A2_O28220,0.9703298271363341,0.5,True
7ysk__A1_Q6D6Z8--7ysk__B1_Q6D6Z8,0.9856647633428216,0.5042735042735043,True
7spz__A1_A8B3G9--7spz__A2_A8B3G9,0.9771857485506945,0.5,True
4q2e__B1_Q9X1B7--4q2e__A1_Q9X1B7,0.9409756977759957,0.5,True
8cff__A1_Q7SIF4--8cff__B1_Q7SIF3,0.9532939357902585,0.5,False
8bxl__A1_A0A075TRK9--8bxl__D1_A0A075TRK9,0.9959516281837074,0.5,True
7uqo__A1_UNDEFINED--7uqo__A2_UNDEFINED,0.8479538464371881,0.5,True
5d4v__C1_Q57913--5d4v__A1_Q57913,0.9624730577823426,0.5,True
2p23__A1_O95750--2p23__B1_O95750,0.9157967330160104,0.5,True
7u55__A1_A0A151EDA9--7u55__A2_A0A151EDA9,0.922069438207234,0.5,True
1rkw__A1_P0A0N4--1rkw__C1_P0A0N4,0.9846166769797953,0.5303658538028232,True
1ps6__A1_P19624--1ps6__B1_P19624,0.9843543298534984,0.5,True
2y21__L1_O28769--2y21__K1_O28769,0.9843494697722104,0.7696232339089482,True
2z5i__A1_P58772--2z5i__B1_P58772,0.9451660226134249,0.5,True
5l7u__B1_A6L2E5--5l7u__A1_A6L2E5,0.979575395557467,0.5,True
3egq__A1_O28458--3egq__B1_O28458,0.9824859299931366,0.5,True
7r3a__A1_Q6LYR8--7r3a__E1_Q6LYR8,0.9838003938131048,0.5,True
7yq0__A1_A0A101DF63--7yq0__B1_A0A101DF63,0.9810502785457584,0.5,True
3wsc__A1_Q25C86--3wsc__B1_Q25C86,0.8128330987404837,0.5,True
4pib__B1_Q2SVW5--4pib__A1_Q2SVW5,0.9481505568462091,0.5,True
7vmx__B1_P9WNN1--7vmx__A1_P9WNM1,0.9447335050508716,0.5,False
1ykd__A1_P94182--1ykd__B1_P94182,0.9559958994875654,0.5,True
4ux7__A1_Q183F3--4ux7__B1_Q183F3,0.9756284188194333,0.5,True
3k3d__A1_P9WLZ7--3k3d__A2_P9WLZ7,0.9705559142098844,0.5221576644430098,True
7q1d__D2_P29808--7q1d__A1_P29808,0.9086791204536442,0.5,True
1sj5__A1_Q9WY07--1sj5__B1_Q9WY07,0.9878693625682813,0.5,True
4c12__A1_Q2FZP6--4c12__A2_Q2FZP6,0.9703524987625995,0.5,True
3k9m__A1_P07858--3k9m__B1_P01040,0.9595183858133814,0.5,False
1ccd__A1_P17559--1ccd__A2_P17559,0.9529026362142284,0.5160433571381193,True
8xiz__A1_T2B4K5--8xiz__B1_T2B4K5,0.97151882155602,0.5,True
7wz6__A1_P15806--7wz6__B1_P10085,0.9799307996424831,0.5249384489688489,False
2i00__A1_Q831Y9--2i00__B1_Q831Y9,0.9861955341499041,0.5,True
5ffi__A2_Q44501--5ffi__B1_Q44501,0.9085397803487592,0.5,True
3cnk__A1_P21333--3cnk__B1_P21333,0.9711381795394015,0.5230132774557418,True
8gt9__A1_A8MW95--8gt9__B1_A8MW95,0.9551452147844677,0.5,True
4l2w__B1_Q13464--4l2w__A1_Q13464,0.9013906871310112,0.5,True
3d0j__A1_Q97DI0--3d0j__A2_Q97DI0,0.9398896622365425,0.5,True
7qaj__F1_UNDEFINED--7qaj__A1_Q8JIV8,0.9379421792257558,0.5,False
4ct0__A1_P97784--4ct0__B1_O54943,0.9113516294185373,0.5,False
3av0__A1_Q58719--3av0__B1_Q58718,0.9604180360966228,0.5,False
8bln__A1_C9QZ65--8bln__H1_C9QZ65,0.9676070955053506,0.5,True
2riq__A1_P09874--2riq__A2_P09874,0.8614573190371918,0.5,True
8hd5__A1_Q99U17--8hd5__B1_Q99U17,0.9553539081379563,0.5233078935110538,True
6xrb__A1_A0A0H3NHS6--6xrb__B1_A0A0H3NHS6,0.96676382142031,0.5073148790706042,True
8a1g__A1_Q13596--8a1g__C1_Q9Y5X3,0.9664864001941861,0.5,False
8tn3__A1_Q643B9--8tn3__B1_Q643B9,0.9664412843830013,0.5,True
5ghs__A1_Q5JGL0--5ghs__C1_Q5JF31,0.9293797988940166,0.4999801082113304,False
5umw__A1_A0A125SA26--5umw__F1_A0A125SA26,0.9744970489481866,0.49997068308413956,True
7x7j__A1_UNDEFINED--7x7j__B1_UNDEFINED,0.9763333914977463,0.5,True
7zcv__B1_A0A0E7KI02--7zcv__A1_A0A0E7KI02,0.9328068701866696,0.5,True
6scq__A1_Q8NNN6--6scq__A2_Q8NNN6,0.9230488860540343,0.5,True
7yfu__A1_Q8CG73--7yfu__B1_Q8CG73,0.9684389878819727,0.5,True
2yn3__C1_Q8ZKG6--2yn3__A1_Q8ZKG6,0.8300760918863288,0.5,True
3ix1__A1_Q9K9G5--3ix1__B1_Q9K9G5,0.9633208413697565,0.5,True
7khs__A1_Q2CEE3--7khs__B1_Q2CEE3,0.9832661291451418,0.5,True
8k5l__A1_A0A829KK40--8k5l__B1_A0A829KK40,0.9922430402700977,0.5059398543333155,True
2g0t__B1_Q9WZQ3--2g0t__A1_Q9WZQ3,0.9830490002224379,0.5,True
3lr3__A1_Q63T74--3lr3__A2_Q63T74,0.9845979187579966,0.5407089833460359,True
4pxq__A1_F1QR43--4pxq__B1_F1QR43,0.9707736965898673,0.5,True
4z5y__A1_Q88QV5--4z5y__A2_Q88QV5,0.9796046209693481,0.5,True
7zhf__A1_A0A0U2WWJ1--7zhf__A2_A0A0U2WWJ1,0.9564344293046565,0.5,True
6h86__A1_B5KM66--6h86__B1_B5KM66,0.88225938803306,0.5,True
7saf__B1_Q6TLP8--7saf__A1_Q6TLP8,0.9555192923759854,0.5,True
7zj1__B1_P55265--7zj1__A1_P55265,0.923769626706935,0.5,True
4g9k__A1_P32340--4g9k__B1_P32340,0.9879247739906003,0.5,True
8b35__A1_Q96562--8b35__B1_Q96562,0.9862965074083697,0.5,True
2rdz__A1_P0ABK9--2rdz__B1_P0ABK9,0.9835438331449196,0.5,True
6bzf__B1_P53061--6bzf__A1_P17122,0.9664163336685696,0.5,False
5ydd__B1_P9WME7--5ydd__A1_P9WME7,0.9546317875358666,0.5058670273065372,True
4czd__B1_B8J3A4--4czd__A1_B8J364,0.9061029408735468,0.5,False
3ft7__B1_Q54323--3ft7__A1_Q54323,0.9221429217509659,0.5696346196089918,True
4pz1__A1_Q99XU0--4pz1__A2_Q99XU0,0.9039973957051287,0.508414420113624,True
2w1t__A1_P37554--2w1t__B1_P37554,0.9831742826862986,0.5,True
7qz5__A1_A2RI36--7qz5__B1_A2RI36,0.9649079137924463,0.5,True
5h31__A1_Q14790--5h31__B1_Q14790,0.9606215200380523,0.5,True
8p33__A1_O51254--8p33__A2_O51254,0.9854395334607453,0.5,True
8orv__A1_A0A7H0DNF0--8orv__A2_A0A7H0DNF0,0.9596633521500466,0.5,True
8oru__A1_O93732--8oru__B1_O93732,0.9811667521851234,0.5,True
8slg__B1_G7CIG9--8slg__A1_G7CIG9,0.9704903867756525,0.5,True
3l2e__B1_Q6AW42--3l2e__A1_Q6AW43,0.934351080818536,0.5,False
3b0a__A1_P0CG48--3b0a__B1_Q9WUB0,0.8548218237192959,0.5,False
6etz__A1_A0A023UGN9--6etz__A2_A0A023UGN9,0.9245279273760725,0.5,True
7sfz__B1_Q9NYP9--7sfz__A1_Q9NYP9,0.9403813552965179,0.5,True
7wwf__A1_A0R6Y0--7wwf__B1_A0R6Y0,0.9863383091879341,0.5,True
8vdw__B1_T0TAB9--8vdw__A1_T0TAB9,0.9912179558317612,0.5,True
8ri0__A1_E4THH1--8ri0__B1_E4THH1,0.9756693330094393,0.5,True
5z2i__B1_Q54LT0--5z2i__A1_Q54LT0,0.8264235724796325,0.5,True
4miv__A1_P51688--4miv__B1_P51688,0.96913170683356,0.5,True
3vh1__A1_P38862--3vh1__A2_P38862,0.9739630532582398,0.5,True
7z98__A1_E6V140--7z98__A2_E6V140,0.984766704436177,0.5,True
2ond__A1_Q99LI7--2ond__B1_Q99LI7,0.9616856236712865,0.5,True
7vt9__A1_P21517--7vt9__B1_P21517,0.9177752051191895,0.5,True
1gju__A1_O33838--1gju__A2_O33838,0.972800998907847,0.5,True
6hta__A1_A0A3F2YM29--6hta__B1_A0A3F2YM29,0.9053404277124897,0.5,True
3h7h__A1_P63272--3h7h__B1_O00267,0.9584697303904351,0.5273427718306227,False
1dek__A1_P04531--1dek__B1_P04531,0.9884396263494819,0.5,True
4z39__A1_A0A0S2E5N6--4z39__B1_A0A0S2E5N6,0.8870017159278789,0.5,True
5ca9__A1_Q9C0L9--5ca9__A2_Q9C0L9,0.9251065837862467,0.5,True
6x0a__A1_F7Y4W0--6x0a__S1_F7YBW8,0.8909798476239197,0.5,False
7spq__A1_C5AMM8--7spq__A2_C5AMM8,0.9875427475174722,0.5,True
7spn__A1_A0A7C2VFT1--7spn__B1_A0A7C2VFT1,0.9957494841285147,0.5,True
1tv8__A1_P65388--1tv8__B1_P65388,0.8642955150129953,0.5,True
3mkr__B1_Q27954--3mkr__A1_Q28104,0.9593122783361233,0.5,False
1dqn__A1_Q24973--1dqn__B1_Q24973,0.9910255753798898,0.5,True
7tdq__A1_Q2HR80--7tdq__B1_Q2HR80,0.8656369077492146,0.5,True
7xoi__A1_A0A5N6DPG0--7xoi__B1_A0A5N6EXS6,0.9471945924497747,0.5,False
8h62__A1_P0DJM0--8h62__B1_P12830,0.9496475719665216,0.5,False
7dyc__A1_UNDEFINED--7dyc__A2_UNDEFINED,0.8444568770285442,0.5027551798530826,True
8bbt__A1_A0A0B4VFQ3--8bbt__A2_A0A0B4VFQ3,0.9627069578090988,0.5,True
3t2l__A1_Q5LE95--3t2l__A2_Q5LE95,0.9760740760805771,0.5,True
3uet__A1_B7GNN8--3uet__B1_B7GNN8,0.9532325970921725,0.5,True
8fdb__B1_Q12KP2--8fdb__A1_Q12KP2,0.9505446328553121,0.5,True
6ok3__A1_C3X9N1--6ok3__B1_C3X9N1,0.7507830612042128,0.5,True
8hp3__A1_A0A2K0XCZ3--8hp3__B1_A0A2K0XCZ3,0.9514066032099003,0.5026259364980941,True
7xkg__A1_A7NHS9--7xkg__B1_A7NHS9,0.9454732190874525,0.5,True
1l7e__A1_Q2RSB2--1l7e__B1_Q2RSB2,0.9656874251230512,0.5,True
8hn2__A1_Q9F722--8hn2__B1_Q9F722,0.9756455515449605,0.5,True
8gst__A1_Q1NEI7--8gst__B1_Q1NEI7,0.9778159042145859,0.5,True
7cq3__A1_P38324--7cq3__B1_Q12098,0.9668022046116063,0.5,False
5htf__A1_Q8Y759--5htf__B1_Q8Y759,0.9768508402468752,0.5,True
6c90__A1_P42285--6c90__B1_Q6NZY4,0.938598068423816,0.5,False
6e1j__A1_C5J4P1--6e1j__B1_C5J4P1,0.9341875165165787,0.5,True
3ccd__A1_P0AA04--3ccd__B1_P0AA04,0.9167983367983368,0.5,True
3dzl__B1_Q396C9--3dzl__A1_Q396C9,0.9358138654553322,0.5,True
4ir7__A1_UNDEFINED--4ir7__A2_UNDEFINED,0.9797698528369471,0.5,True
7nlj__B1_UNDEFINED--7nlj__A1_K3YAU1,0.7141628238722744,0.5,False
2y1h__B1_Q17R31--2y1h__A1_Q17R31,0.9256379781024395,0.5,True
7unj__A1_UNDEFINED--7unj__B1_UNDEFINED,0.9893936891730714,0.5265713902592224,True
7lfs__A1_P00533--7lfs__E1_O14944,0.9291382410663944,0.5,False
6jiw__A1_A0A0H3JU78--6jiw__A2_A0A0H3JU78,0.9248941900731049,0.5,True
8ees__A1_A0A0H3GMB7--8ees__B1_A0A0H3GMB7,0.9906977635668027,0.5,True
4a5b__B1_Q27895--4a5b__A1_Q27895,0.9568859126388373,0.5,True
3nb6__A1_O66874--3nb6__A2_O66874,0.9698457336224342,0.5,True
5f8c__A1_O53532--5f8c__A2_O53532,0.9772431626023006,0.5017543859649123,True
5yet__A1_Q5UQV1--5yet__B1_Q5UQV1,0.9924297724199973,0.5,True
8jt3__A1_H8Y6N2--8jt3__C1_H8Y6N2,0.9555529980888501,0.5,True
1ije__A1_P02994--1ije__B1_P32471,0.925795820965115,0.5,False
6on4__A1_P0A8W0--6on4__B1_P0A8W0,0.9637270901155786,0.5,True
4zvc__A1_P0AA89--4zvc__B1_P0AA89,0.9746636905787419,0.5,True
4qoa__A1_A7VAB9--4qoa__A2_A7VAB9,0.9556080314763559,0.5,True
6wmv__A1_U5WZP7--6wmv__B1_U5WZP7,0.9878060872003888,0.5,True
3e3c__A1_Q7DB61--3e3c__B1_Q7DB61,0.9789864144726125,0.5,True
7zc8__B1_UNDEFINED--7zc8__A1_UNDEFINED,0.9375055276715237,0.5252393481769739,True
6ekk__A1_Q8TEH3--6ekk__C1_Q15286,0.952908242212982,0.5,False
8a9w__A1_P15751--8a9w__A2_P15751,0.9927547447232486,0.6748703786105361,True
2gj9__A1_P25522--2gj9__B1_P25522,0.9727178080868523,0.5,True
3cm7__C1_P98170--3cm7__D1_P98170,0.9742787984300789,0.5,True
8f5v__A1_O53728--8f5v__B1_O53728,0.9573374969323077,0.5,True
1ecj__A1_P0AG16--1ecj__B1_P0AG16,0.9672642798298309,0.5,True
3s5r__A1_Q2LS68--3s5r__B1_Q2LS68,0.95815677140184,0.4999857061177816,True
3im3__A1_P00514--3im3__A2_P00514,0.9294825864165365,0.5,True
4mcj__B1_A6L9R1--4mcj__A1_A6L9R1,0.9782230001809314,0.5,True
7vw1__B1_V5J1S8--7vw1__A1_V5J1S8,0.9561882893699893,0.4999350142968547,True
3p12__A1_Q2G1A5--3p12__D1_Q2G1A5,0.9580044463887292,0.5,True
8aq0__A1_Q6DTN4--8aq0__B1_Q6DTN4,0.9643665307483033,0.5,True
3wpm__A1_G2IKE5--3wpm__B1_G2IKE5,0.934182971482094,0.5,True
7xof__B1_Q0DFB6--7xof__A1_Q0DFB6,0.9856449807145106,0.5,True
8a8f__A1_P32598--8a8f__B1_P42073,0.8046196611237345,0.5,False
5un7__A1_Q9NUX5--5un7__B1_Q96AP0,0.9466620548057586,0.5,False
8juk__A1_V5VGC6--8juk__B1_V5VGC6,0.9888744755769135,0.5,True
8snp__A1_O09118--8snp__A2_O09118,0.9193726700397513,0.5,True
8ic6__A1_UNDEFINED--8ic6__B1_UNDEFINED,0.9792705946282615,0.5,True
6wjc__A1_P11229--6wjc__B1_Q8QGR0,0.9312266818948169,0.5,False
8ard__A1_Q64331--8ard__A2_Q64331,0.9024810098912509,0.5,True
3mqi__A1_Q9UH73--3mqi__B1_Q9UH73,0.9212797292440016,0.5,True
3q01__A1_P04637--3q01__B1_P04637,0.9625445927529261,0.5,True
7ylq__A1_Q93CA6--7ylq__B1_Q93CA6,0.9017554531105759,0.5,True
2yvo__A1_Q5SJY9--2yvo__A2_Q5SJY9,0.9270365844468166,0.5,True
5vpa__B1_P17535--5vpa__A1_P53539,0.9216139539770936,0.5,False
3v78__B1_P95092--3v78__A1_P95092,0.9845747093603746,0.5341788364364428,True
7pzh__A1_A0A174J845--7pzh__B1_A0A174J845,0.9521567090211532,0.5,True
3m0f__A1_Q4KDJ6--3m0f__B1_Q4KDJ6,0.9463458727096385,0.49997554234842373,True
1y4h__A1_P0C1S6--1y4h__C1_Q9EYW6,0.905604212282348,0.5,False
2o4c__A1_Q9I3W9--2o4c__B1_Q9I3W9,0.9939059696310641,0.5,True
1ynh__A1_P76216--1ynh__D1_P76216,0.9957180653076636,0.5,True
8ohx__A1_U4Q148--8ohx__B1_U4Q148,0.9610465788764937,0.5,True
3a6m__A1_Q56236--3a6m__B1_Q56236,0.9538484176855505,0.5,True
4bvp__A1_Q5ZUA2--4bvp__B1_Q5ZUA2,0.950466826406676,0.5,True
6qpq__A1_G0SGH3--6qpq__B1_Q12158,0.9893307701549922,0.5060975609756098,False
3ct6__A1_Q9CIV6--3ct6__B1_Q9CIV6,0.9759353442594139,0.5,True
1qae__A1_P13717--1qae__B1_P13717,0.9380124509003058,0.5,True
3q5w__B1_P38937--3q5w__A1_P38937,0.9426906480628845,0.5,True
8gol__B1_G9I933--8gol__A1_G9I933,0.9635914296234449,0.5,True
7epj__A1_P62554--7epj__A2_P62554,0.9842913249678885,0.5,True
1ag9__A1_P61949--1ag9__B1_P61949,0.98996533316698,0.5,True
3gwh__B1_O31691--3gwh__A1_O31691,0.9246780306410096,0.5118219013622124,True
5gw1__A1_P57768--5gw1__B1_P57768,0.9371014548245005,0.5,True
3l2o__B1_Q9UKT5--3l2o__A1_P63208,0.9768579970761542,0.5,False
7y3u__A1_A0A8B9XNB5--7y3u__B1_A0A8B9XNB5,0.9403755340566397,0.5,True
3wrf__A1_E8MGH8--3wrf__A2_E8MGH8,0.9776056570746832,0.5,True
7yyl__A1_Q3AET9--7yyl__B1_Q3AET9,0.932376933209557,0.5,True
8syb__B1_Q72KY0--8syb__A1_Q72KY0,0.9950329629135809,0.5,True
8qc3__A1_A0A1C9WRL0--8qc3__B1_A0A1C9WRL0,0.9910473803789033,0.5,True
3wtf__B1_Q9BUH6--3wtf__A1_Q9BUH6,0.9653095989050227,0.5,True
2x0e__B1_Q7BG50--2x0e__A1_Q7BG50,0.9470379864505133,0.5,True
5hwt__A1_A5W4E3--5hwt__B1_A5W4E3,0.9895428877864094,0.5108021661474985,True
1ojh__A1_Q8YNP7--1ojh__B1_Q8YNP7,0.7680344086021504,0.5,True
3eyy__A1_Q9K4F8--3eyy__B1_Q9K4F8,0.9824341993064635,0.5,True
8bwv__D2_A0A482M8M0--8bwv__A1_A0A482M8M0,0.7939564247203781,0.5,True
7cm9__A1_A0A7V8UZ53--7cm9__B1_A0A7V8UZ53,0.9495549272074413,0.5,True
4nc8__A1_P12464--4nc8__A2_P12464,0.9660610039709536,0.5,True
1zhh__A1_P54300--1zhh__B1_P54302,0.9576628378567437,0.5,False
8c0u__A1_Q9I5Q5--8c0u__B1_Q9I5Q5,0.9546016645091521,0.5,True
2fbq__A1_Q9HZJ9--2fbq__A2_Q9HZJ9,0.9663023801375037,0.5,True
7fch__A1_O95256--7fch__C2_O95256,0.9755061560506166,0.5,True
8c7t__B1_A0A1B4XP18--8c7t__A1_A0A1B4XP18,0.9632405970392683,0.5,True
4iwn__A1_P76290--4iwn__B1_P76290,0.9931133931021865,0.5058823529411764,True
1sc1__A1_P29466--1sc1__B1_P29466,0.8943808797355708,0.4999656002751978,True
5amt__A1_A0Q7H2--5amt__A2_A0Q7H2,0.9824600749649157,0.5,True
4ueb__C1_P48598--4ueb__D1_UNDEFINED,0.8659967178592736,0.5,False
7qfz__B1_B7L3Y3--7qfz__A1_B7L3Y3,0.9303745199155786,0.5,True
3hml__A1_A6T9H1--3hml__B1_A6T9H1,0.9710430695370775,0.5,True
1xk6__A1_P31572--1xk6__C1_P31572,0.9571256367573099,0.5,True
7r3s__A1_A0A4R2M5S2--7r3s__B1_A0A4R2M5S2,0.9351485893768865,0.5,True
2grx__A1_P06971--2grx__C1_P02929,0.9331419987067896,0.5,False
7vsf__A1_P25440--7vsf__B1_P25440,0.8874621677283535,0.5,True
3q34__A1_Q48EL2--3q34__C1_Q48EL2,0.9541445081356873,0.5,True
4r2k__A1_Q8ZP84--4r2k__A2_Q8ZP84,0.9762297490688334,0.5,True
3cgw__A1_Q8PVT6--3cgw__A2_Q8PVT6,0.9964357783306704,0.5,True
7r2f__A1_P21836--7r2f__B1_P21836,0.9980045558219056,0.5,True
4g19__A1_I6ZUH3--4g19__B1_I6ZUH3,0.9901285320461061,0.5,True
3dg8__C1_P13922--3dg8__A1_P13922,0.845270900294242,0.5,True
6m10__A1_Q9HUW0--6m10__C1_Q9HUW0,0.9403955188148786,0.5,True
8tt2__B1_Q4K977--8tt2__A1_Q4K977,0.9756979344684262,0.5,True
1h31__A1_Q939U1--1h31__B1_Q939U4,0.9408661695118428,0.5,False
5iib__A1_P04552--5iib__B1_Q8WR62,0.9464237458982994,0.5,False
6a5g__A1_UNDEFINED--6a5g__C1_UNDEFINED,0.9782796054902023,0.5476553762557484,True
7p7i__B1_R8APY9--7p7i__A1_R8APY9,0.9818211788403267,0.5,True
3hzu__A1_P9WHF7--3hzu__A2_P9WHF7,0.9752667754507889,0.5,True
5dob__A1_P16794--5dob__B1_P16791,0.9527305504754902,0.5,False
7xgs__A1_Q9FVC1--7xgs__A2_Q9FVC1,0.7651470293935,0.5,True
6iju__A1_Q9KJN4--6iju__A2_Q9KJN4,0.9818067316968593,0.5124464036874263,True
4kqd__B1_P06626--4kqd__A1_P06626,0.9416418625637009,0.5,True
2fu3__B1_Q03555--2fu3__A1_Q03555,0.8537598258936157,0.5,True
1jgt__B1_P0DJQ7--1jgt__A1_P0DJQ7,0.9843891545062894,0.5,True
6l4b__A1_Q9UGV2--6l4b__C2_Q9UGV2,0.9749461785300563,0.5,True
3lzk__A1_Q92LT4--3lzk__B1_Q92LT4,0.9470710097047099,0.5,True
1ht8__A1_P05979--1ht8__B1_P05979,0.9458766644562151,0.5,True
1z8h__A1_Q8YWS4--1z8h__B1_Q8YWS4,0.9828772440656769,0.5,True
8gk6__A1_W6USS8--8gk6__E1_W6USS8,0.9851341246845499,0.5,True
4mjf__A1_A6L2I4--4mjf__A2_A6L2I4,0.9878986768941916,0.5,True
7m4s__A1_Q8YLC3--7m4s__D1_Q8YLC3,0.9561842404067409,0.5,True
6fju__A1_E6N8B9--6fju__B1_E6N8B9,0.9593535958904109,0.4999176765015806,True
6lgq__A1_P21865--6lgq__B1_P21866,0.8644338939778029,0.5,False
2y27__B1_B4E7B5--2y27__A1_B4E7B5,0.9858854746551555,0.5,True
2tdx__A1_P0DJL7--2tdx__A2_P0DJL7,0.9892806836475048,0.5,True
8aim__C1_Q6GJ88--8aim__A1_A0A141HSF0,0.8867858605055524,0.5,False
8fj8__A1_P02638--8fj8__A2_P02638,0.9517750213858,0.50589000570288,True
3uv0__B1_Q9W061--3uv0__A1_Q9W061,0.9842470331099511,0.5344827586206896,True
8alo__B1_P24003--8alo__A1_P15795,0.9656978114888707,0.5,False
2zb6__A1_P08362--2zb6__A2_P08362,0.9860355153481434,0.5,True
6xa0__A1_D1A230--6xa0__B1_D1A230,0.9683477643969507,0.5049080466243415,True
1zbo__B1_Q7WAM7--1zbo__A1_Q7WAM7,0.9201281617570521,0.5,True
6xb5__A1_A0A7E5VPD6--6xb5__B1_A0A7E5VPD6,0.9715411101836393,0.5,True
8duy__D1_A0A0H3GVN6--8duy__A1_A0A0H3GVN6,0.9847951748461952,0.5,True
7th5__A1_Q5SLG6--7th5__B1_Q5SLG6,0.91164060619622,0.5,True
3uws__B1_A7A9N3--3uws__A1_A7A9N3,0.9771096903858483,0.5181818181818182,True
4u04__B1_Q9BVA6--4u04__A1_Q9BVA6,0.9812145112889252,0.5,True
2kin__A1_P56536--2kin__B1_Q6QLM7,0.9284986912846632,0.5268923316355405,False
3ulc__A1_Q08236--3ulc__A2_Q08236,0.9498119918699187,0.4999491869918699,True
8b2a__A1_Q2YWJ9--8b2a__A2_Q2YWJ9,0.9939350263726688,0.5,True
8qff__A1_K9TLZ5--8qff__A2_K9TLZ5,0.976163385619406,0.5,True
6w9q__A1_P0DTD1--6w9q__A2_P0DTD1,0.9802094004692192,0.5,True
8c8c__A1_P48426--8c8c__A2_P48426,0.9814574776287623,0.5,True
8iup__B1_A9A1Y1--8iup__A1_A9A1Y1,0.968956475446178,0.5,True
3o7o__A1_Q9S5X8--3o7o__B1_Q9S5X8,0.9415612393910038,0.5,True
4bg8__A1_Q8TX37--4bg8__B1_Q8TX37,0.9909652201991584,0.5,True
7qxo__A1_G8UIQ1--7qxo__B1_G8UIQ1,0.9500996513804182,0.5,True
4xiz__A1_Q05776--4xiz__D1_O60200,0.9216075650998168,0.5,False
2x3l__B1_UNDEFINED--2x3l__A1_UNDEFINED,0.9767059953722969,0.5,True
7pwe__A1_Q6AL91--7pwe__B1_Q6AL91,0.9290531608165152,0.5,True
6uxu__A1_E2JB04--6uxu__B1_E2JB04,0.9292161838950244,0.5,True
3bid__A1_Q7DDI1--3bid__B1_Q7DDI1,0.9023018680725794,0.5,True
4f7w__A1_B5XYG3--4f7w__B1_B5XYG3,0.9511570096901808,0.5,True
2rae__A1_Q0S3N9--2rae__A2_Q0S3N9,0.9815390698309844,0.5,True
7ads__A1_A0A0R8HV90--7ads__A2_A0A0R8HV90,0.9329761202213097,0.5090909735435873,True
7yn1__A1_E9JES9--7yn1__C1_E9JES9,0.9424708591061283,0.5,True
3t7y__A1_O84093--3t7y__B1_O84093,0.9001373498703954,0.5,True
8hhj__B1_UNDEFINED--8hhj__A1_A0A0Y5KAW3,0.8508339070725687,0.5,False
7u6p__A1_P11926--7u6p__B1_P11926,0.8938448409556288,0.5,True
4mis__A1_Q57ES7--4mis__B1_Q57ES7,0.9713260885006038,0.623934583422118,True
2blf__A1_Q9LA16--2blf__B1_Q9LA15,0.9632890281290352,0.4999833975295524,False
3ke3__A1_Q4FVA8--3ke3__A2_Q4FVA8,0.9835133041721968,0.5,True
7ywc__A1_Q9L0T8--7ywc__B1_Q9L0T8,0.983823080938238,0.5,True
4wwr__B1_P46379--4wwr__A1_P11441,0.9017123841890198,0.53507707246025,False
7r0d__B1_Q9NV35--7r0d__A1_Q9NV35,0.9842069114067066,0.503946917448667,True
8w6x__A1_P21852--8w6x__B1_P21853,0.9636963109191536,0.5,False
8hdv__A1_UNDEFINED--8hdv__B1_UNDEFINED,0.8506818031101827,0.5,True
3fmf__A1_P9WPQ5--3fmf__B1_P9WPQ5,0.9099414898693986,0.5,True
2xrm__A1_D0AB41--2xrm__A2_D0AB41,0.9690741579488086,0.5,True
4xj7__A1_P66881--4xj7__B1_P66881,0.9597350700635066,0.502,True
7yrt__E1_H9L4P6--7yrt__A1_H9L4P6,0.9179384164814198,0.5035213704651762,True
7tye__A1_P0A7J0--7tye__A2_P0A7J0,0.9780732655945311,0.5,True
2zvd__B1_Q9RBY1--2zvd__A1_Q9RBY1,0.9964750462650177,0.5,True
3mtw__A1_Q9A4Z9--3mtw__A2_Q9A4Z9,0.9954684182179493,0.5,True
3n2o__A1_Q7MK24--3n2o__B1_Q7MK24,0.9059419039419438,0.5,True
7ywd__A1_Q8TB36--7ywd__A2_Q8TB36,0.9972314494685859,0.5,True
5upq__A1_A0A0A0V031--5upq__B1_A0A0A0V031,0.9494638100884442,0.5,True
1vgu__A1_Q46893--1vgu__B1_Q46893,0.9681688452495876,0.5,True
2dp9__A1_Q5SM30--2dp9__A2_Q5SM30,0.9735562720651887,0.5,True
8a7l__A1_M1JS91--8a7l__A2_M1JS91,0.9870525011759221,0.5,True
7uqv__A1_A0A0L6JSP1--7uqv__B1_A0A0L6JSP1,0.994904740023329,0.5197293799755713,True
5d1r__A1_P9WMC9--5d1r__B1_P9WMC9,0.9626777556904108,0.5,True
3f6q__A1_Q13418--3f6q__B1_P48059,0.9571155227026823,0.5,False
7xyk__A1_Q77J90--7xyk__B1_Q77J90,0.9756789418759237,0.5,True
7xxk__A1_P0DTC9--7xxk__B1_P0DTC9,0.9045955049931279,0.5067744869829114,True
3qta__A1_Q5V4K4--3qta__B1_Q5V4K4,0.9940547893314049,0.5,True
8oqj__B1_P06959--8oqj__A1_P06959,0.9602191780821917,0.5298287671232876,True
1tbp__A1_P13393--1tbp__B1_P13393,0.9753916311807309,0.49998453018161565,True
7qfk__C1_Q5FLN0--7qfk__A1_Q5FLN0,0.9648570489648373,0.5,True
7r3o__B1_Q460N3--7r3o__A1_Q460N3,0.9556018667997299,0.5,True
2z0l__A1_P03191--2z0l__B1_P03191,0.9633752131636738,0.5,True
1wli__A1_Q46604--1wli__B1_Q46604,0.9870471364221365,0.553334942084942,True
8b3e__A1_M4SY06--8b3e__A2_M4SY06,0.9502752350567516,0.5,True
1d8i__A1_O13297--1d8i__A2_O13297,0.8773407815714209,0.5,True
7vo4__B2_F1CLA7--7vo4__A1_F1CLA7,0.9899981089843377,0.5,True
8eh0__B1_P50909--8eh0__A1_P50909,0.9849400071202457,0.5,True
7q39__A1_UNDEFINED--7q39__A2_UNDEFINED,0.9796226654103919,0.5,True
3seo__B1_Q87GE5--3seo__A1_Q87GE5,0.9311268531802964,0.5,True
3iey__B1_Q74MS9--3iey__A1_Q74MP4,0.9838925013835086,0.5288461538461539,False
4yto__B1_Q15431--4yto__A1_Q15431,0.7941671961883485,0.5,True
6csm__A1_L1J207--6csm__B1_L1J207,0.9792292843387865,0.5,True
4ndt__A1_A7UNK4--4ndt__A2_A7UNK4,0.9028637174037767,0.5,True
8j3p__A1_B9WHT3--8j3p__A2_B9WHT3,0.9886822166101769,0.5,True
7pv7__B1_Q7MVV4--7pv7__A1_Q7MVV4,0.8973566572043131,0.5,True
7uj6__A1_Q8RMD9--7uj6__B1_Q8RMD9,0.9683520812005487,0.5072780647631832,True
3k9i__A1_Q9KFK0--3k9i__A2_Q9KFK0,0.9393542123888665,0.5472070909686815,True
7z1s__A1_A0A3Q7HTY9--7z1s__A2_A0A3Q7HTY9,0.9802371856590277,0.5,True
2e89__A1_O67728--2e89__B1_O67728,0.9892807537143887,0.5,True
2woz__A1_Q9ER30--2woz__A2_Q9ER30,0.9329373237637355,0.5,True
7xxs__A1_B2CKP3--7xxs__B1_B2CKP3,0.9683793440263213,0.5,True
8fir__A1_O83132--8fir__B1_O83132,0.9833014235591845,0.5,True
3i6s__A1_O82777--3i6s__B1_O82777,0.9806972694314494,0.5,True
7yhe__B1_A6YEH4--7yhe__A1_A6YEH4,0.9117308956093529,0.5,True
1ku2__A1_Q9EZJ8--1ku2__B1_Q9EZJ8,0.9045076835295021,0.5,True
6qwo__B1_Q9S5W7--6qwo__A1_Q9S5W7,0.9792731284319418,0.5,True
1mxi__A1_P44868--1mxi__A2_P44868,0.9522663588729149,0.5,True
8fuq__A1_P22363--8fuq__B1_P22363,0.9117128529955133,0.5,True
6hhk__B1_A8AST9--6hhk__A1_A8AST9,0.9760982230499841,0.5325278772961943,True
2vhl__A1_O34450--2vhl__A2_O34450,0.9919734988393143,0.5,True
8h1i__A1_W6EBY7--8h1i__B1_P0A9Y6,0.9435320357564703,0.5,False
5wan__A1_P75898--5wan__A2_P75898,0.9889105347019111,0.5,True
4x7z__B1_Q49492--4x7z__A1_Q49492,0.9947866715288541,0.5,True
5c6k__B1_P36932--5c6k__A1_P36932,0.9338272550760237,0.5,True
6a1k__A1_P71018--6a1k__B1_P71018,0.9894361220224551,0.5,True
7pjh__A1_Q9Y312--7pjh__B1_Q6P2Q9,0.9615130663094625,0.5,False
4joi__A1_Q9H668--4joi__C1_Q86WV5,0.9642044653822149,0.5,False
8axz__A1_P31153--8axz__A2_P31153,0.9666637122077221,0.5,True
8ogi__B1_P11678--8ogi__A1_P11678,0.8500781240682324,0.5,True
8cxl__A1_A7KH32--8cxl__B1_A7KH32,0.9590228973845045,0.5,True
7win__B1_Q9UIF8--7win__A1_Q9UIF8,0.8383027982863914,0.5,True
4bwv__A1_Q8L5D0--4bwv__B1_Q8L5D0,0.9536112864367987,0.5,True
7drj__A1_P63756--7drj__B1_P63756,0.9683169939274762,0.5,True
6t2b__A1_B2UQL7--6t2b__C1_B2UQL7,0.9815149620126982,0.5,True
8jh0__B1_S2D3K4--8jh0__A1_S2D3K4,0.9400968830195208,0.5,True
7t2s__A1_A0A494K842--7t2s__A2_A0A494K842,0.9680392292936735,0.5,True
3frw__B1_A5ZMD8--3frw__A1_A5ZMD8,0.9355759205851689,0.5068493150684932,True
5ab5__A1_C9ZUV7--5ab5__B1_C9ZUV7,0.9912547309650708,0.5,True
8jqp__A2_UNDEFINED--8jqp__B1_UNDEFINED,0.9911714635987243,0.5,True
5myd__C2_A0A2D0TC86--5myd__A1_A0A2D0TC86,0.9844759182921404,0.5191734341646428,True
5cde__A1_Q8P839--5cde__B1_Q8P839,0.9467513564888836,0.5,True
6pi4__A1_A0R1Z9--6pi4__A2_A0R1Z9,0.9870347069309007,0.6020499108734403,True
3ipf__A1_Q251Q8--3ipf__B1_Q251Q8,0.9763469790886179,0.6306088651999182,True
4c11__B1_Q6YMS4--4c11__A1_Q6YMS4,0.966213983827944,0.5,True
2p3y__A1_Q87I71--2p3y__B1_Q87I71,0.9515538910048732,0.5,True
5jbr__A1_C5C6I1--5jbr__B1_C5C6I1,0.9661089375090566,0.5,True
8ttz__A1_G8E2R2--8ttz__B2_G8E2R2,0.9961266547970447,0.5,True
3vba__A1_Q58673--3vba__B1_Q58673,0.9871132859601759,0.5,True
4o6y__B1_Q9SWS1--4o6y__A1_Q9SWS1,0.9552571367481645,0.5,True
4e5r__A1_Q6IRB5--4e5r__A2_Q6IRB5,0.8094913409735192,0.5,True
7ywv__A1_Q0SBK1--7ywv__C1_Q0SBK1,0.9825771241734937,0.5,True
8eer__A1_P01116--8eer__A2_P01116,0.9894452920325115,0.5,True
3f84__B1_E3PPC4--3f84__A1_E3PPC4,0.9345886923538114,0.5,True
5mu7__A1_G0S6G7--5mu7__B1_G0S6I4,0.9593292104498023,0.5,False
8hfp__B1_Q96T68--8hfp__A1_Q8N8R7,0.8456360212292415,0.5,False
4rmn__B1_Q6NC13--4rmn__A2_Q6NC13,0.8663353734210867,0.5,True
3mx1__A1_Q46944--3mx1__A2_Q46944,0.9566516534862458,0.5,True
5gl5__A1_Q06321--5gl5__B1_Q06321,0.9724284844943434,0.5,True
5gl4__A1_B6YTD8--5gl4__B1_B6YTD8,0.9931805140910195,0.5,True
7wf9__A1_Q3ZT31--7wf9__B1_Q3ZT31,0.9198845823882974,0.5020782316887699,True
8fw0__B1_P39897--8fw0__A1_P39897,0.9755905238493111,0.5,True
8ou8__B1_P0A8M3--8ou8__A1_P0A8M3,0.9783979914198344,0.5,True
7acm__B1_P75811--7acm__A1_P75811,0.9754389507776494,0.514689573396062,True
4trb__A1_Q97W95--4trb__B1_Q97W95,0.9579578672573094,0.5,True
7y55__A1_A0A9E8RZN7--7y55__C2_A0A9E8RZN7,0.9919929560610313,0.5,True
2ia9__B1_P28015--2ia9__A1_P28015,0.9565023835580865,0.5,True
3sy6__A1_Q5LE92--3sy6__B1_Q5LE92,0.9935858065647514,0.5,True
6xz3__A1_Q9H1K6--6xz3__A2_Q9H1K6,0.9855578451574919,0.5,True
2h8e__A1_P0AG74--2h8e__A2_P0AG74,0.9024435609495245,0.5,True
3gyx__A1_T2G6Z9--3gyx__B1_T2G899,0.892958463771026,0.5,False
4e0u__A1_D1D8L6--4e0u__A2_D1D8L6,0.9990238871526101,0.5086206896551724,True
6teu__A1_O60568--6teu__A2_O60568,0.9546638992797479,0.5,True
6xt5__B1_P49046--6xt5__A1_P49046,0.9920744201793732,0.5,True
8g1t__A1_Q07812--8g1t__B1_Q07812,0.866629484889883,0.5088565826319645,True
7xp7__B1_W9FXI8--7xp7__A1_W9FXI8,0.9575838934311326,0.5,True
8i55__A1_Q58380--8i55__B1_Q58380,0.9736281961051484,0.5484800795029564,True
1h65__A1_Q41009--1h65__A2_Q41009,0.962077392568068,0.5,True
3ol4__A1_A0QRC4--3ol4__B1_A0QRC4,0.9823857995286567,0.49994484280198564,True
8idq__A1_A0A0B8MZ29--8idq__C1_A0A0B8MZ29,0.9317321562418254,0.5,True
5hcb__A1_P83003--5hcb__B1_P83003,0.9646088103948509,0.5,True
3f6g__B1_Q8F3Q1--3f6g__A1_Q8F3Q1,0.9191464640879062,0.5043859649122807,True
6akj__B1_G2TRN4--6akj__A1_G2TRN4,0.9648189784388331,0.5155817623659633,True
8ju7__A1_Q9I2U4--8ju7__B1_Q9I2U4,0.9698934092199777,0.5,True
3nel__A1_Q52428--3nel__B1_Q52428,0.9795188363140361,0.5,True
2dc1__A1_O28440--2dc1__B1_O28440,0.9835584965287317,0.5,True
8fzk__B1_P52292--8fzk__A1_P52292,0.8771581245031757,0.5,True
3wnz__A1_P39641--3wnz__A2_P39641,0.9837271168093196,0.5,True
8e1u__A1_A0A160VN62--8e1u__F2_A0A160VN62,0.9679405926495479,0.5,True
1v7c__A1_P83823--1v7c__B1_P83823,0.9830620653756375,0.5,True
7skr__A1_Q0QDZ2--7skr__A2_Q0QDZ2,0.9347763773450322,0.5,True
3egg__A1_P62136--3egg__C1_O35274,0.9141822593639832,0.5,False
8imd__A1_UNDEFINED--8imd__B1_UNDEFINED,0.9858357794620477,0.5,True
4yke__B1_G0RYR3--4yke__A1_G0RYR3,0.991116405807378,0.5,True
1tq9__A1_P00669--1tq9__B1_P00669,0.9373191361093531,0.5,True
4oh3__B1_Q05085--4oh3__A1_Q05085,0.978767268899156,0.5,True
4q62__A1_Q5ZUB7--4q62__A2_Q5ZUB7,0.9598335460956461,0.5,True
2we5__A1_P0A2X7--2we5__B1_P0A2X7,0.9859447270351047,0.5031446540880503,True
5t51__A1_Q6CLK3--5t51__B1_Q6CPD1,0.9417850066409736,0.5037037037037037,False
3i0z__A1_A0A0H2UN25--3i0z__B1_A0A0H2UN25,0.9498393398906132,0.5,True
3wof__A1_Q8RQE9--3wof__B1_A7XX65,0.7749117854622443,0.5,False
8p6k__A1_A0A0H2UWN1--8p6k__B1_A0A0H2UWN1,0.9638497556255791,0.5157801299730681,True
7z9z__A1_P02754--7z9z__A2_P02754,0.9758792257077658,0.5,True
6d0i__A1_A0A0C5XL88--6d0i__B1_A0A0C5XKJ0,0.8949264434837975,0.5,False
3gs3__A1_Q8MSU4--3gs3__A2_Q8MSU4,0.9886150237655998,0.5,True
2f4m__A1_Q9JI78--2f4m__B1_P54728,0.9874078016362011,0.5,False
4yh8__A1_Q09176--4yh8__B1_P36629,0.7342317508933129,0.5,False
6ago__A1_Q9NR48--6ago__C1_Q9UBU8,0.9170535049858609,0.5,False
7rmx__A1_UNDEFINED--7rmx__A2_UNDEFINED,0.9813666291459748,0.5,True
1e44__B1_P00646--1e44__A1_P02984,0.9297987524075997,0.5,False
2yri__A1_Q5SLX0--2yri__B1_Q5SLX0,0.9841045107941259,0.5,True
1gcj__A1_P70168--1gcj__B1_P70168,0.9807856338179282,0.5,True
7qbp__A1_A4F7B2--7qbp__A2_A4F7B2,0.9488542731147752,0.5,True
4hdd__A1_P09391--4hdd__A2_P09391,0.8570250692303355,0.5,True
3e4q__A1_P13633--3e4q__B1_P13633,0.9679667136008192,0.5,True
8ein__B1_Q6FCQ4--8ein__A1_Q6FCQ4,0.9844366392924827,0.5,True
6ygu__A1_G0RZ64--6ygu__B1_G0S1V1,0.9013569354478446,0.5,False
2yyh__A1_O67435--2yyh__B1_O67435,0.9896802974875344,0.5166395016117933,True
5wk0__A1_A0A2C9TMM3--5wk0__A2_A0A2C9TMM3,0.9787411591792163,0.552740178276659,True
8h4j__A1_W8UQZ7--8h4j__D1_W8UQZ7,0.9251177472692653,0.5,True
1z83__A1_P00568--1z83__B1_P00568,0.9615662032894519,0.5,True
8h2c__A1_Q0P8U0--8h2c__B1_Q0P8U0,0.9584573439199598,0.49999560017951267,True
2dkh__A1_Q6SSJ6--2dkh__A2_Q6SSJ6,0.9594143492366316,0.5,True
7c7e__A1_A0A0H3MRW3--7c7e__A2_A0A0H3MRW3,0.9690956937799043,0.5113373205741627,True
7px2__A1_UNDEFINED--7px2__B1_UNDEFINED,0.8074280541261672,0.5166666666666667,True
3dpt__B1_Q8KC98--3dpt__A1_Q8KC98,0.9636819570949559,0.5,True
8u1j__A1_Q9RYE6--8u1j__A2_Q9RYE6,0.9122934804279923,0.5,True
3fgw__A1_Q3TCN2--3fgw__A2_Q3TCN2,0.9954219696297043,0.5,True
7wh0__A1_Q9U2E4--7wh0__B2_Q9U2E4,0.9993307222468081,0.5,True
8dq3__A1_A0A142G3G1--8dq3__B1_A0A142G3G1,0.9576122138065957,0.5,True
8hci__B1_A0A8T8BZJ9--8hci__A1_A0A8T8BZN3,0.902523444757057,0.5,False
3qth__A1_Q47ZP9--3qth__B1_Q47ZP9,0.9231420665307614,0.5045871559633027,True
8b28__A1_F6GSX7--8b28__A2_F6GSX7,0.997052634933111,0.5058002517299798,True
6scx__A1_Q9BQG2--6scx__B1_Q9BQG2,0.9107573747751122,0.5,True
8hpc__A1_P60327--8hpc__H1_P60327,0.9761877301101348,0.5,True
5n76__A1_P72320--5n76__B1_P72320,0.9329377047053864,0.5214306561227467,True
8hpi__A1_A0A8D3X086--8hpi__B1_A0A8D3X086,0.9851907709260845,0.5,True
3cq3__A1_Q53W28--3cq3__A2_Q53W28,0.8432219030810579,0.5,True
3kbu__A1_P11277--3kbu__D1_P16157,0.910177951466058,0.5,False
7pck__A1_P43235--7pck__C2_P43235,0.9936802734415277,0.5,True
5o4z__A1_Q9X1T1--5o4z__A2_Q9X1T1,0.9817343273748412,0.5,True
1vla__A1_Q9X021--1vla__B1_Q9X021,0.9495526800157877,0.5,True
5oed__A1_Q6EAT3--5oed__B1_Q13637,0.9487176095943054,0.5,False
8hyn__A1_UNDEFINED--8hyn__B1_UNDEFINED,0.9829458192327767,0.5,True
7yva__A1_Q9URB4--7yva__B1_Q9URB4,0.9711983935914138,0.5,True
7s6n__B1_Q5RGJ8--7s6n__A1_Q5RGJ8,0.8639448004467016,0.5,True
4cz8__A1_Q9UZ55--4cz8__B1_Q9UZ55,0.9567613459170199,0.5,True
6ebn__A1_A0A4P1LYB6--6ebn__B1_A0A4P1LYB6,0.9596620141403993,0.5,True
3ffe__B1_Q93AT8--3ffe__A1_Q93AT8,0.9361493631446207,0.5,True
7zg6__A1_A0A2J0RDY6--7zg6__B1_A0A2J0RDY6,0.9323114661896146,0.5043859649122807,True
1p65__A1_Q9YJI1--1p65__B1_Q9YJI1,0.91015306638429,0.5412604032195696,True
8f4q__A1_Q00972--8f4q__A2_Q00972,0.9538597258962785,0.5,True
4rz3__A1_A4IMB4--4rz3__B1_A4IMB4,0.9661340774519519,0.5,True
7tjl__A1_UNDEFINED--7tjl__A2_UNDEFINED,0.9813487703417024,0.5,True
8f8k__A1_O53507--8f8k__A2_O53507,0.9818580613322001,0.5,True
3zw5__A1_A6NK44--3zw5__B1_A6NK44,0.9339888376153654,0.5,True
6l3q__B1_G0SEI5--6l3q__A1_G0SEI5,0.9737146984500654,0.5,True
8ag8__A1_A0A1I5SVP7--8ag8__A2_A0A1I5SVP7,0.9025254555198285,0.49982136477313327,True
2i2w__A1_P63224--2i2w__D1_P63224,0.9748111664692877,0.5146912084079978,True
2f22__B1_Q9RC77--2f22__A1_Q9RC77,0.9811682504026195,0.5,True
6yex__A1_UNDEFINED--6yex__B1_UNDEFINED,0.8237416517632328,0.5,True
3tng__A1_Q8Y7B7--3tng__A2_Q8Y7B7,0.9805894548659821,0.5,True
8gr8__B1_P08679--8gr8__A1_P08679,0.9817967446275679,0.5,True
7ae8__A1_A0A0B0QJR1--7ae8__B1_A0A0B0QJR1,0.9459715149453773,0.5,True
2w54__B1_O54051--2w54__A1_O54050,0.9448724486063682,0.5,False
4cuc__A1_A0A0H2UP19--4cuc__A2_A0A0H2UP19,0.8988460292400469,0.5,True
4b0z__A1_P50524--4b0z__B1_P50524,0.9795764800160273,0.5,True
2re7__A1_Q4FV99--2re7__A2_Q4FV99,0.9480324250912485,0.5,True
8h0t__A1_O34614--8h0t__A2_O34614,0.9822321070432294,0.5,True
1te2__A1_P77247--1te2__B1_P77247,0.9814444269580402,0.5,True
7xt2__A1_Q6ZMU5--7xt2__B1_Q6ZMU5,0.9469152674680676,0.5,True
1ev7__A1_P50187--1ev7__B1_P50187,0.9822408227664872,0.5,True
1ogl__A1_O15923--1ogl__A2_O15923,0.9883019804437385,0.5,True
3lrt__B1_Q97CA5--3lrt__A1_Q97CA5,0.9725158059303524,0.503219638865976,True
3rvb__A1_P26663--3rvb__A2_P26663,0.8746977003408539,0.5,True
3fou__A1_Q5SGZ9--3fou__B1_Q5SGZ9,0.9906985157794991,0.5,True
5jnq__A1_R0BTE9--5jnq__A2_R0BTE9,0.9808024663779493,0.5,True
4g12__A1_A5U5K3--4g12__B1_A5U5K3,0.9895312136736054,0.5161290322580645,True
3evj__B1_P01008--3evj__A1_P01008,0.9896638974142379,0.5,True
2oq2__B1_P18408--2oq2__A1_P18408,0.9907045131173784,0.5,True
8he6__A1_Q8YSS0--8he6__B1_Q8YSS0,0.9867870947075362,0.5392559663777137,True
2xij__A1_P22033--2xij__A2_P22033,0.9836458496826205,0.5,True
1nr5__A1_P07547--1nr5__A2_P07547,0.9816064751503417,0.5,True
1gmj__A1_P01096--1gmj__B1_P01096,0.9375973015049299,0.5,True
4yba__B1_Q93K36--4yba__A1_Q93K36,0.9919600538001745,0.5128205128205128,True
8ok7__A1_M4T0B2--8ok7__D1_M4T0B2,0.9698859082016427,0.5,True
7f76__B1_A0A223KLJ1--7f76__A1_A0A223KLJ1,0.8942225388115005,0.5,True
8jmq__A1_A9CQD5--8jmq__B1_A9CQD3,0.962250357964597,0.5,False
7zgt__A1_W8R3D8--7zgt__B1_W8R3D8,0.9860529424880253,0.5,True
7xgt__B1_Q6H8B1--7xgt__A1_Q6H8B1,0.9849972048588275,0.506578947368421,True
3i2t__A1_P04412--3i2t__A2_P04412,0.9542644835636369,0.5,True
8tjk__A1_A0A0F7G196--8tjk__B1_A0A0F7G196,0.9781139170833358,0.5,True
7wt0__A1_Q04760--7wt0__B1_Q04760,0.9034687821694122,0.5,True
3if0__A1_Q74MS9--3if0__A2_Q74MS9,0.9925018820194422,0.5180722891566265,True
3qrh__A1_Q8SSM8--3qrh__A2_Q8SSM8,0.9795610705841133,0.5,True
8q70__A1_Q8U2C1--8q70__A2_Q8U2C1,0.973116729671846,0.5,True
7vso__A1_P02945--7vso__A2_P02945,0.956906596092988,0.5,True
5f8b__A1_Q4WB03--5f8b__A2_Q4WB03,0.9860455426706646,0.5055447177968041,True
8ax0__A1_A0A384E145--8ax0__B1_A0A384E145,0.9924789137465199,0.5,True
8ant__B1_A0A1P8CWW1--8ant__A1_A0A1P8CWW1,0.9040481066286595,0.5030120481927711,True
7r5y__E2_R7PD89--7r5y__A1_R7PD89,0.9826763685102533,0.5,True
7qow__B1_Q93P54--7qow__A1_Q93P54,0.9788458209714191,0.5,True
5il7__A1_Q8KC98--5il7__B1_Q8KC98,0.9305230936650297,0.5,True
3ct9__B1_Q8A1V9--3ct9__A1_Q8A1V9,0.9777914790887794,0.5089285714285714,True
8pvm__A1_P29166--8pvm__B1_P29166,0.9068254291576677,0.5,True
8ct0__F1_S4S3E3--8ct0__A1_S4S3E3,0.9409490009998063,0.5021495319222834,True
3q2j__B1_P0A3Y5--3q2j__A1_P0A3Y5,0.9606124790673866,0.5,True
7xzp__B1_A0A379CIH2--7xzp__A1_A0A379CIH2,0.9739906534761998,0.5,True
7tvm__A1_UNDEFINED--7tvm__B1_UNDEFINED,0.9836316318292733,0.5,True
3qvf__A1_Q56187--3qvf__A2_Q56187,0.9892810801502743,0.5,True
6gxs__A1_Q7NZ70--6gxs__D1_Q7NZ70,0.8102294034086588,0.5,True
2hr8__A1_O58456--2hr8__B1_O58456,0.9523114819332346,0.5,True
2zyf__A1_O87198--2zyf__A2_O87198,0.9202831453117548,0.5,True
7s3v__A1_Q16719--7s3v__A2_Q16719,0.9736764117033091,0.5,True
6a29__A1_O32504--6a29__B1_O32504,0.9836023913543757,0.5,True
4ml6__C1_A6GV51--4ml6__A1_A6GV51,0.9793060053189269,0.5,True
4cht__A1_Q13472--4cht__B1_Q9H9A7,0.9201622408222865,0.5,False
1n4p__B1_P53610--1n4p__A1_Q04631,0.9748406892154716,0.5,False
1tec__A1_P04072--1tec__B1_P01051,0.9799481963966024,0.5,False
6b9t__A1_A9A1T2--6b9t__B1_A9A1T2,0.9006204693794598,0.5,True
3g0k__A1_Q2G4A7--3g0k__A2_Q2G4A7,0.9537588904251211,0.5,True
7zoo__B1_A0A979GQH9--7zoo__A1_A0A979GQH9,0.7762800794420581,0.5,True
8hy5__A1_P14920--8hy5__B1_P14920,0.9542121899336867,0.5,True
8fts__A1_R9UTR3--8fts__A2_R9UTR3,0.9809748674841862,0.5,True
1jrk__A1_Q8ZTD8--1jrk__B1_Q8ZTD8,0.957454960176273,0.5,True
7y8v__A1_UNDEFINED--7y8v__B1_UNDEFINED,0.964998858490925,0.5,True
2ejn__A1_P30440--2ejn__B1_P30440,0.9800598851630877,0.5311714337329079,True
5hs5__A1_Q2G0D1--5hs5__B1_Q2G0D1,0.9923814101163688,0.5092199356257555,True
3v89__A1_Q9K0U9--3v89__B1_P02787,0.9161600643216687,0.5,False
8e3g__B1_P43026--8e3g__A1_P12643,0.8988472113053115,0.5,False
2w8b__A1_P0A855--2w8b__H1_P0A912,0.9065570981352933,0.5,False
5f7p__B1_Q8YAF1--5f7p__A1_Q8YAF1,0.9860125238703796,0.5,True
8f71__B1_Q6N5G3--8f71__A1_Q6N5G3,0.973611894340163,0.5,True
8hwi__B1_A0A327WNX5--8hwi__A1_A0A327WNX5,0.9584665876183505,0.5,True
7r3i__B1_P54292--7r3i__A1_P54292,0.9576396483212409,0.5,True
8afj__A1_A0A179QS89--8afj__B1_A0A179QS89,0.9925220889243147,0.5,True
3pub__B1_E5EVW2--3pub__A1_E5EVW2,0.9181469713928103,0.5,True
8es5__A1_A0A0H2Z732--8es5__B1_A0A0H2Z732,0.9617926442893115,0.5100862571440113,True
7txn__B1_Q8YVV6--7txn__A1_Q8YVV6,0.9799995045440391,0.5,True
3py6__A1_Q2YQ74--3py6__A2_Q2YQ74,0.9835678573911719,0.5,True
1hjr__A1_P0A814--1hjr__C1_P0A814,0.9868342350063385,0.513848715339154,True
8k3b__A1_A0A071KWR3--8k3b__A2_A0A071KWR3,0.9593623981173305,0.5,True
3w2z__A1_Q8YXY7--3w2z__A2_Q8YXY7,0.985277254815951,0.5,True
8f78__A1_P55212--8f78__B1_P55212,0.9738430231633838,0.5099920510007789,True
6wg4__A1_Q14683--6wg4__B1_Q9UQE7,0.8179224424823928,0.5,False
7zry__A1_O60341--7zry__B1_Q9UKL0,0.9537813526712293,0.5,False
1uix__A1_Q28021--1uix__B1_Q28021,0.935833423785231,0.5,True
7vrc__A1_P38956--7vrc__B1_P22082,0.9440513604813365,0.5072463768115942,False
1oz0__A1_P31335--1oz0__B1_P31335,0.9781904145232816,0.5,True
7eft__B1_P16926--7eft__A1_P16926,0.9284152300763223,0.5,True
5jsn__A1_P10415--5jsn__B1_UNDEFINED,0.9675506961942071,0.5,False
8e2b__B1_Q2FYI5--8e2b__A1_Q2FYI5,0.9159064464082567,0.5,True
7jw6__A1_Q9VIF1--7jw6__A2_Q9VIF1,0.9769452291274324,0.5,True
1jkw__A1_P51946--1jkw__A2_P51946,0.9903157869313722,0.5,True
4pfp__B1_F1RQI7--4pfp__A1_F1RQI7,0.9823014686936357,0.5,True
8h1s__A1_Q9I5U2--8h1s__B1_Q9HX32,0.8524886241019827,0.5,False
7t0y__A1_P62136--7t0y__B1_Q14684,0.7585063189798136,0.5,False
1tz9__A1_Q82ZC9--1tz9__B1_Q82ZC9,0.9434530186902044,0.5,True
2wns__B1_P11172--2wns__A1_P11172,0.9826785380400934,0.5,True
6s8v__B1_P08195--6s8v__A1_P80188,0.9111786844496454,0.5,False
2gt4__A1_P32056--2gt4__B1_P32056,0.9125918652773375,0.5,True
3bof__A1_Q9WYA5--3bof__B1_Q9WYA5,0.997534836029068,0.5,True
6trj__A1_O75475--6trj__A2_O75475,0.9495011096237846,0.5114369407848387,True
8h4z__A1_A0A2X5A3P4--8h4z__B1_A0A2X5A3P4,0.9877692527667333,0.5,True
2hre__A1_P22830--2hre__B1_P22830,0.9832397576062338,0.5,True
5yjc__A1_Q5HK94--5yjc__B1_Q5HK94,0.8875631284031426,0.5,True
8d6k__A1_Q9L1K2--8d6k__B1_Q9L1K2,0.9488324862970106,0.5,True
2zew__B1_Q9ZA17--2zew__A1_Q9ZA17,0.9738197463442676,0.4999766464269033,True
5wpi__A1_Q58PW8--5wpi__B1_Q58PW8,0.9732988119732519,0.5,True
8fk6__A1_A0A0C9S461--8fk6__B1_P80098,0.8792651650312221,0.5,False
7tm7__A1_A0A0H3GYH4--7tm7__B1_A0A0H3GYH4,0.9900937430231505,0.5,True
8gy0__A1_A0A8H4VHP2--8gy0__B1_A0A8H4VHP2,0.9561191122069466,0.5,True
7x4b__A1_A0A2D0TCG3--7x4b__B1_A0A2D0TCG3,0.8847886096178991,0.5,True
4aqp__B1_P54253--4aqp__A1_P54253,0.9489339155536879,0.49996802660186723,True
3npi__A1_Q6NFU8--3npi__B1_Q6NFU8,0.9615075951969521,0.5,True
8cok__B1_Q9NXR8--8cok__A1_Q9NXR8,0.9494116707781833,0.5,True
1wz3__A1_Q9LVK3--1wz3__B1_Q9LVK3,0.9005792574338438,0.5163200427403907,True
1nw1__A1_Q22942--1nw1__B1_Q22942,0.9855958624421869,0.5,True
1hrp__B1_P0DN86--1hrp__A1_P01215,0.8378364971228256,0.5,False
3qf4__B1_Q9WYC4--3qf4__A1_Q9WYC3,0.9596707868600933,0.5,False
7y4o__B1_A0A0G2JZC4--7y4o__A1_A0A0G2JZC4,0.9924327871798383,0.5,True
8hns__A1_A0A377JKY9--8hns__A2_A0A377JKY9,0.9432733866124159,0.5118110236220472,True
3mpn__A1_O67854--3mpn__A2_O67854,0.9892927384746677,0.5,True
6vlg__A2_Q9WTS2--6vlg__C1_Q9WTS2,0.9693911847911958,0.5,True
1v71__A1_O59791--1v71__A2_O59791,0.9948996495922975,0.5,True
3fpk__A1_Q8ZKP5--3fpk__B1_Q8ZKP5,0.9834201755341181,0.5,True
8eb3__A1_K2K6A3--8eb3__B1_K2K6A3,0.9749355914806261,0.5,True
4z1i__C1_Q12931--4z1i__A1_Q12931,0.9562000475090866,0.5,True
8pz3__A1_D7SFB8--8pz3__B1_D7SFB8,0.8859889804892074,0.5,True
5vpb__B1_P17535--5vpb__A1_P53539,0.9091176657757415,0.5,False
8bt3__A1_Q6F0T5--8bt3__A2_Q6F0T5,0.9777680716863383,0.5,True
1r7h__A1_O69271--1r7h__B1_O69271,0.8790762016471741,0.5030741203165336,True
4oag__A1_Q8BGV8--4oag__B1_Q8BGV8,0.8943495045110955,0.5,True
5bo9__A1_O43173--5bo9__B1_O43173,0.9200727459914753,0.5,True
7kws__A1_Q0P8H3--7kws__B1_Q0P8H3,0.9887610645465442,0.5,True
4qa0__A1_Q9BY41--4qa0__B1_Q9BY41,0.9834956802149152,0.5,True
6epi__B1_D5K9G7--6epi__A1_D5K9E3,0.9593005580146802,0.5,False
7qgs__B1_Q09472--7qgs__A1_Q16665,0.8884493165891904,0.5,False
7tz7__A1_P42336--7tz7__B1_P27986,0.9184593989349167,0.5,False
2zl1__A1_Q9UHA4--2zl1__B1_Q9JHS3,0.9738179034438877,0.5394810970598372,False
4ija__A1_A0A0H3JS71--4ija__B1_A0A0H3JS71,0.9854410190106253,0.5,True
3ijt__B1_Q8DVN6--3ijt__A1_Q8DVN6,0.9358502785112658,0.5,True
7qgt__A1_P35520--7qgt__B1_P35520,0.959176914789794,0.5,True
8i4q__A1_Q8NQI2--8i4q__B1_Q8NQI2,0.9799096228082016,0.5,True
5lxv__A1_G9FCX2--5lxv__B1_A0A1L1QK37,0.9484860752525293,0.5,False
8h25__A1_A0A5R8LFD3--8h25__C1_A0A5R8LFD3,0.9671277024253118,0.5,True
6kjl__A1_Q9RC94--6kjl__B1_Q9RC94,0.9181624187223447,0.5,True
5f3o__A1_C4LU64--5f3o__B1_C4LU64,0.979421804136386,0.5,True
8arv__A1_Q9HW35--8arv__B1_Q9HW35,0.992025791325277,0.5,True
2i1a__B1_P40087--2i1a__A1_P40087,0.9515724182237346,0.5,True
2y9x__A1_C7FF04--2y9x__E1_G1K3P4,0.9689022663825462,0.5,False
8waa__A1_P29401--8waa__B1_P29401,0.9754065140486818,0.5,True
6n2f__B1_Q94A94--6n2f__A1_Q94A94,0.9569151736758469,0.5,True
8b08__B1_P0A2K1--8b08__A1_P00929,0.9697690498711918,0.5,False
5ja2__A1_P11454--5ja2__B1_Q9I169,0.9512993771258683,0.5,False
4g3w__A1_O66591--4g3w__A2_O66591,0.9943176357520422,0.5498131240322495,True
5cm2__A1_Q6C999--5cm2__B1_Q6C4P5,0.9834422580805448,0.5,False
6g70__B1_Q8K2Z2--6g70__A1_Q8K2Z2,0.959644849730229,0.5,True
7xac__A1_P47929--7xac__B1_P47929,0.9285496737514455,0.5,True
4d4t__A1_P0DOE7--4d4t__A2_P0DOE7,0.8646397690050762,0.5,True
2zz8__A1_O34094--2zz8__B1_O34094,0.9720563874448371,0.5,True
8b8h__A1_P9WQA9--8b8h__B1_P9WQA9,0.9757589533692662,0.5,True
7u2s__A1_A0A2W1NDJ7--7u2s__B1_A0A2W1NDJ7,0.9728668963914748,0.5,True
1d2g__A1_P13255--1d2g__B1_P13255,0.9246387184694334,0.5,True
7uld__A1_O28028--7uld__A2_O28028,0.96154676778182,0.5,True
4c0f__B1_Q9NZN8--4c0f__A1_Q9NZN8,0.9621924914929619,0.5,True
8co8__A1_Q9Q6P4--8co8__A2_Q9Q6P4,0.9641624807773084,0.5,True
3lcr__B1_A4KCE5--3lcr__A1_A4KCE5,0.996937753945929,0.5,True
8b21__A1_Q9S5X0--8b21__B1_Q9S5X0,0.9753686459943441,0.5,True
3swk__A1_P08670--3swk__B1_P08670,0.9413064526952538,0.5,True
8txn__B1_P08120--8txn__A1_P08120,0.9528242662295953,0.5,True
8dak__A1_F2X702--8dak__B1_F2X702,0.9621479452054794,0.5,True
2rde__B1_A0A0H3ADR8--2rde__A1_A0A0H3ADR8,0.8942018583876554,0.5,True
6sek__A1_UNDEFINED--6sek__B1_UNDEFINED,0.9821875151771782,0.5,True
2pih__A1_O31779--2pih__B1_O31779,0.9580448005383562,0.5081622836780295,True
6v7v__A1_A0SML3--6v7v__B1_A0SML3,0.9709845624309676,0.5172510338804552,True
7ykv__B1_Q58241--7ykv__A1_Q58241,0.9685026131592608,0.5,True
7y4g__A1_Q8A028--7y4g__A2_Q8A028,0.9814379533120544,0.5,True
8cci__A1_A0R7I9--8cci__A2_A0R7I9,0.984241330013046,0.5,True
6p35__A1_P75913--6p35__A2_P75913,0.98870569096906,0.5,True
6p3j__A1_Q0KJL4--6p3j__B1_Q0KJL4,0.985754792466047,0.5,True
4o6p__A1_Q8RDI4--4o6p__B1_Q8RDI4,0.8984962161720583,0.5,True
8ozv__A1_A0A179UH34--8ozv__A2_A0A179UH34,0.9767561016960766,0.5,True
2cim__A1_Q46AN5--2cim__B1_Q46AN5,0.9697499077087792,0.5,True
6tpo__A1_P24474--6tpo__A2_P24474,0.95761069444608,0.5,True
7wwo__B1_Q5SH57--7wwo__A1_Q5SH57,0.9755908912223407,0.5,True
4pmv__A1_Q8PEU1--4pmv__B1_Q8PEU1,0.9861903374873059,0.5,True
7xge__A1_UNDEFINED--7xge__B1_Q07820,0.9885524003760383,0.5,False
6rmr__B1_P19926--6rmr__A1_P19926,0.9740825377469577,0.5,True
6hhb__A1_E0SCP7--6hhb__C1_E0SCP7,0.9829002428918553,0.5,True
7e5c__A1_A0A1I7CHQ2--7e5c__B1_A0A1I7CHQ2,0.9849022938440588,0.5,True
2gn5__A1_P69542--2gn5__A2_P69542,0.9458737756504011,0.5101507445818375,True
2wfh__A1_O94813--2wfh__B1_O94813,0.9632956269319904,0.5,True
3zco__A1_P06701--3zco__A2_P06701,0.8892582328233447,0.4999688609329265,True
2ghy__A1_P03051--2ghy__B1_P03051,0.9457458177931907,0.5905308730833825,True
3htr__A1_Q6N0K4--3htr__B1_Q6N0K4,0.8579835491027065,0.5,True
8aeu__A1_Q00987--8aeu__A2_Q00987,0.9241598482489171,0.5110092336812985,True
1xuv__A1_Q8PZJ2--1xuv__C1_Q8PZJ2,0.97703003244634,0.5,True
2o8p__A1_Q5CYG0--2o8p__A2_Q5CYG0,0.958757532290766,0.5,True
4zmu__A1_Q9I072--4zmu__B1_Q9I072,0.9845589920914198,0.5344653931380595,True
3dl3__G2_Q5E3X2--3dl3__C1_Q5E3X2,0.9269164372386223,0.5,True
7yvz__A1_A7LPG5--7yvz__A2_A7LPG5,0.8829134366925065,0.5663820251937984,True
4ia6__A1_Q5FL96--4ia6__B1_Q5FL96,0.9882548686064628,0.5,True
8bou__A1_A0A7G5MNS2--8bou__B1_A0A7G5MNS2,0.9871729335586029,0.5,True
5gk1__A1_Q7N4Z6--5gk1__B1_Q7N4Z6,0.9893859869979794,0.5,True
5x03__B1_P94426--5x03__A1_P94426,0.98331597175816,0.5,True
1k3e__B1_P58233--1k3e__A1_P58233,0.911608947130641,0.499950526888636,True
6u18__A1_Q9EVJ6--6u18__B1_Q9EVJ6,0.9784319369995368,0.5055406657401893,True
6b9p__A1_C0HJB3--6b9p__B1_C0HJB3,0.9825958405284554,0.5,True
7wpy__A1_A0A097ZPD5--7wpy__C1_A0A097ZPD5,0.9820098000840939,0.5,True
7xn2__A1_Q8YR38--7xn2__A2_Q8YR38,0.9017704119361434,0.5,True
3qhy__B1_O87916--3qhy__A1_Q93T42,0.9846227277044373,0.5,False
4j5p__B1_P97612--4j5p__A1_P97612,0.9810663791437456,0.5,True
4icq__A1_A0A0H2UN95--4icq__B1_A0A0H2UN95,0.9898980673503819,0.5,True
1klf__B1_P08191--1klf__A1_P31697,0.9194240765075192,0.5124912395970215,False
6y4l__A1_Q15006--6y4l__B1_Q9Y3B6,0.9585094713554869,0.5,False
6dex__B1_Q74ZQ8--6dex__A1_Q75DL0,0.9735656681613059,0.5,False
2z02__A1_Q58987--2z02__B1_Q58987,0.9902973326935759,0.5,True
4l7w__A1_Q7Z4H3--4l7w__A2_Q7Z4H3,0.9671149810622454,0.5,True
6tct__A1_Q9KL67--6tct__B1_Q9KL67,0.9579592711682744,0.5133333333333333,True
6sul__A1_A8FAR5--6sul__B1_A8FAR5,0.959182581901037,0.5,True
4qqv__A1_P26954--4qqv__B1_P26954,0.898572203493155,0.5,True
3l8d__A1_A0RD96--3l8d__A2_A0RD96,0.9762218280043897,0.5,True
7yqa__B1_A0A1C9ZZ39--7yqa__A1_A0A1C9ZZ39,0.8734719801830376,0.5,True
1b8m__B1_P34130--1b8m__A1_P23560,0.9227933028986791,0.5,False
1irq__B1_Q57468--1irq__A1_Q57468,0.9251656937584194,0.5317754827121688,True
7xi6__A1_A5GXY1--7xi6__B1_A5GXY1,0.8786859148304932,0.58653080791635,True
6iik__A1_P54578--6iik__B1_P54578,0.9967555741459767,0.5,True
3nau__A1_Q9Y6X8--3nau__B1_Q9Y6X8,0.9096589694792441,0.5051546391752577,True
3cis__B1_P9WFD7--3cis__A1_P9WFD7,0.9760798675044979,0.5,True
4jzy__B1_O77059--4jzy__A1_O77059,0.9470833453663061,0.5,True
8d03__A1_UNDEFINED--8d03__A2_UNDEFINED,0.9874683978900713,0.7243125565716783,True
7yxg__A1_Q9VU77--7yxg__B1_Q9VU77,0.9792751261322553,0.5,True
5cio__A1_A0A1A9TAI5--5cio__B1_A0A1A9TAI5,0.9661794687599715,0.5,True
8jwj__A1_Q9DAG9--8jwj__B1_P62837,0.8973468752300597,0.5,False
6ia6__A1_A0A1C7D1B7--6ia6__A2_A0A1C7D1B7,0.9973792814573043,0.5,True
8h1g__A1_O67518--8h1g__A2_O67518,0.9737363469574508,0.5116279069767442,True
6x61__A1_Q79V60--6x61__B1_Q8DMT2,0.8190300153890975,0.5,False
7x0d__A1_A5YW95--7x0d__B1_A5YW95,0.9639146849505293,0.5,True
1ghd__B1_O86089--1ghd__A1_O86089,0.9443797044950992,0.5,True
2x6f__A1_Q9W1M7--2x6f__B1_Q9W1M7,0.9478725255336736,0.5,True
8oik__A1_Q9UPU9--8oik__C1_Q9UPU9,0.9499576269741397,0.5,True
6nxl__A1_B4DV12--6nxl__E1_B4DV12,0.9485690738134483,0.5200339249434585,True
8wmy__A1_A0A4U7IGH6--8wmy__B2_A0A4U7IGH6,0.9432970380585801,0.5,True
3trf__A1_Q83AJ3--3trf__A2_Q83AJ3,0.8978071090706733,0.5,True
5h4s__A1_A0A090BWT0--5h4s__A2_A0A090BWT0,0.8868339826019007,0.5,True
2zvb__A1_Q53WA6--2zvb__A2_Q53WA6,0.9476292569610002,0.5,True
8wa7__A1_P27302--8wa7__B1_P27302,0.9908016895729461,0.5,True
3b0z__B1_P40727--3b0z__A1_P40727,0.8506397679920839,0.5,True
4usp__A1_B3GA02--4usp__B1_B3GA02,0.8763715689596746,0.5,True
7cms__A1_P00953--7cms__B1_P00953,0.9803707372331081,0.5,True
7t8q__A1_Q7S860--7t8q__D1_Q7S860,0.9670499766171529,0.5,True
6j9k__A1_A0A425B3G2--6j9k__A2_A0A425B3G2,0.982125843354438,0.5468180337388988,True
7xp0__A1_Q9I5E1--7xp0__A2_Q9I5E1,0.9512007132804268,0.5,True
8ih4__A1_Q8WVV5--8ih4__B1_Q8WVV5,0.926566822689107,0.5,True
7qej__A1_P0DV33--7qej__B1_P0DV33,0.9844045804256616,0.5,True
1tfe__A1_P43895--1tfe__A2_P43895,0.9558701758074363,0.5,True
4iwq__A1_Q9UHD2--4iwq__A2_Q9UHD2,0.8837765186095996,0.5,True
