system_id,auroc,bacc,is_homodimer
3c07__A1_Q9KZ96--3c07__B1_Q9KZ96,0.8286054782317333,0.5,True
3iqy__A1_P28366--3iqy__A2_P28366,0.7786953582078996,0.5,True
7e76__A1_A0A3B6LNA8--7e76__B1_A0A3B6LNA8,0.6722515528682806,0.5,True
3cqc__A1_P57740--3cqc__B1_Q8WUM0,0.8805804827484082,0.5,False
7x1k__A1_Q6DL91--7x1k__B1_Q6DL91,0.3733429791696395,0.5,True
8sgd__A1_P25342--8sgd__B1_P32457,0.6971654343145411,0.5,False
3ecf__A1_Q3M5E4--3ecf__B1_Q3M5E4,0.4767913720457988,0.5,True
6j94__A1_Q93VK5--6j94__B1_Q93VK5,0.743363544894889,0.5,True
7xsh__A1_K1KV82--7xsh__B2_K1KV82,0.8293078284161964,0.5,True
8v14__A1_G5EEF9--8v14__B1_G5EEF9,0.6571839940164548,0.5,True
6r76__A1_H3ZMH8--6r76__B1_H3ZMH8,0.953084746601992,0.5,True
8ap0__A1_A0A5S9CYM0--8ap0__A2_A0A5S9CYM0,0.44483255025335555,0.5,True
3qph__A1_Q9HGZ9--3qph__A2_Q9HGZ9,0.8541067875425126,0.5,True
3o6j__A1_O67987--3o6j__B1_O67987,0.903382949099576,0.5,True
6o6z__A1_B6YWC3--6o6z__B1_B6YWC3,0.8118005630593302,0.5,True
3fil__A1_P19909--3fil__B1_P19909,0.2770372768780095,0.5,True
6do2__A1_P11021--6do2__B1_P11021,0.8506459730824415,0.5,True
7f4q__B1_Q22GC0--7f4q__A1_I7M8B9,0.6183503040801742,0.5,False
4hfg__A1_Q9NQG5--4hfg__B1_Q9NQG5,0.3712288239377842,0.5,True
7yh2__A1_A0A1Q9P883--7yh2__B1_A0A1Q9P883,0.9537916170620313,0.5,True
3axs__A1_O67010--3axs__A2_O67010,0.9666153553944806,0.5,True
3cqr__A1_Q39249--3cqr__B1_Q39249,0.3494335175704473,0.5,True
3s8k__A1_P80691--3s8k__B1_P80691,0.9418782411865065,0.5,True
4oun__A1_O31418--4oun__A2_O31418,0.8349718909663946,0.5,True
2iab__A1_Q825J7--2iab__B1_Q825J7,0.7963436285196034,0.5,True
6f3z__A1_P0ADC3--6f3z__B1_P61316,0.9615245017483598,0.5,False
1hr7__A1_P11914--1hr7__B1_P10507,0.826995556942451,0.5,False
8gko__B1_P28296--8gko__A1_P28296,0.9449138220071168,0.5,True
2gkv__A1_P00777--2gkv__B1_P68390,0.8983378919693744,0.5,False
8stx__A1_Q4E4E1--8stx__B1_Q4E4E1,0.6607027954344955,0.5,True
4m36__A1_Q582G4--4m36__A2_Q582G4,0.7558961707346901,0.5,True
5wpu__A1_A0A076NBW8--5wpu__A2_A0A076NBW8,0.5838010823451237,0.5,True
5yps__A1_A0A0W4ZF97--5yps__B1_A0A0W4ZF97,0.9279104660136039,0.5,True
5oge__E1_P40107--5oge__A1_P40107,0.600106600742257,0.5,True
5fey__B1_Q13049--5fey__A1_Q13049,0.38862739947048736,0.5,True
8hce__B1_Q91XB0--8hce__A1_Q91XB0,0.6376480596972949,0.5,True
1ggp__B1_Q7SIF1--1ggp__A1_Q7SIF0,0.8867647470092224,0.5,False
5z50__A1_O05926--5z50__B1_O05926,0.8131938780986665,0.5,True
7t9u__A1_Q86WV6--7t9u__A2_Q86WV6,0.8846754765150633,0.5,True
6ey4__A1_Q5EGM3--6ey4__A2_Q5EGM3,0.7997328914501534,0.5,True
2hvg__A1_A5KBL5--2hvg__B1_A5KBL5,0.9391991698706621,0.5,True
6wp7__A1_Q82H41--6wp7__B1_Q82H41,0.8634417519586822,0.49998169905933165,True
3shg__A1_E6Z0R3--3shg__B1_E6Z0R4,0.6368733779056647,0.5,False
4wjm__A1_Q2YNY7--4wjm__A2_Q2YNY7,0.9821352744489836,0.5,True
8hmo__A1_A0A0H4P0S7--8hmo__B1_A0A0H4P0S7,0.9575185973834138,0.5128085708109115,True
6n91__A1_Q9KNI7--6n91__B1_Q9KNI7,0.9031701639387185,0.5,True
1dev__A1_Q15796--1dev__B1_O95405,0.4692879267800703,0.5,False
8c9j__B1_P15559--8c9j__A1_P15559,0.8960685545734112,0.5,True
3rd7__B1_A0A0H2ZY91--3rd7__A1_A0A0H2ZY91,0.9226044318908133,0.5,True
5x1j__A1_G2IQS7--5x1j__A2_G2IQS7,0.697747633217029,0.5,True
3r2p__A1_P02647--3r2p__A2_P02647,0.8257795969448315,0.5,True
1pdk__A1_P15319--1pdk__B1_P62532,0.8329267046972483,0.5083333333333333,False
3kcp__A1_Q06851--3kcp__B1_A3DF10,0.9225651630993166,0.5,False
7bbq__A1_Q6I6B7--7bbq__A2_Q6I6B7,0.9731581375277154,0.5,True
3dpj__E1_Q5LS67--3dpj__F1_Q5LS67,0.6301543676423436,0.5,True
6okh__A1_Q04QG8--6okh__B1_Q04QG8,0.6569462211356021,0.5,True
7tq1__A1_P0AC13--7tq1__A2_P0AC13,0.8901780094166226,0.49999370546617317,True
7t5y__A1_P0A7E1--7t5y__B1_P0A7E1,0.7870555892608252,0.5,True
5o47__A1_J7HDY4--5o47__A2_J7HDY4,0.9620173921940524,0.5,True
3edj__A1_Q8KKG0--3edj__B1_Q8KKG0,0.6935124982269087,0.5,True
5yr0__A1_O88597--5yr0__B1_Q8K245,0.6210315929922271,0.5,False
5c21__A1_P09986--5c21__B1_P09986,0.8677493264592078,0.5,True
2gok__A1_Q8U8Z6--2gok__B1_Q8U8Z6,0.7753479858314787,0.5,True
1ww1__A1_Q9WZW8--1ww1__B1_Q9WZW8,0.9833382272835598,0.5,True
1fm0__B1_P30749--1fm0__A1_P30748,0.9763600689406701,0.5,False
4jgo__B1_O31671--4jgo__A1_O31671,0.41471717583310497,0.5,True
3l2k__A1_Q8GPH0--3l2k__B1_Q8GPH0,0.5169981245003026,0.5,True
1yov__A1_Q13564--1yov__B1_Q8TBC4,0.8997214723595,0.5,False
7zvd__A1_P11413--7zvd__A2_P11413,0.868136630224271,0.5,True
8grh__B1_P51553--8grh__A1_P50213,0.8443140799652442,0.5,False
1lxd__A1_Q03386--1lxd__B1_Q03386,0.4315701924049274,0.5,True
5m97__A1_Q10113--5m97__B1_Q10113,0.7418448780227564,0.5,True
7ax1__A1_Q9ULM6--7ax1__B1_Q9UIV1,0.9518212826539919,0.5,False
8d4w__A1_A0A8B4R830--8d4w__A2_A0A8B4R830,0.7856710935308031,0.5,True
7ynw__B2_Q57834--7ynw__A1_Q57834,0.944172027688299,0.5,True
4rgp__A1_Q8DTU7--4rgp__B1_Q8DTU7,0.7487833467122406,0.5,True
8twd__C1_P0AEV1--8twd__A1_W8SRD3,0.5582184469837418,0.5,False
3fb9__A1_A0A0H2US72--3fb9__B1_A0A0H2US72,0.8661318842454824,0.5,True
8a39__A1_A0A024L404--8a39__C2_A0A024L404,0.8734416704090593,0.5,True
3ps8__A1_P01034--3ps8__A2_P01034,0.3476154546583762,0.5,True
7vwp__A2_A0A136PK59--7vwp__B1_A0A136PK59,0.9107166676545035,0.5,True
3a7p__A1_Q03818--3a7p__B1_Q03818,0.7786567077942884,0.5,True
4ql6__A1_A0A0H3MDM0--4ql6__C1_A0A0H3MDM0,0.7981919402876896,0.5,True
5nck__A1_Q8RDN7--5nck__B1_Q8RDN7,0.7456110619050449,0.5,True
3w8i__A1_Q9BUL8--3w8i__B1_Q9P289,0.9653118985342743,0.5,False
4oky__A1_Q52612--4oky__A2_Q52612,0.7474975679084901,0.5,True
7x20__A1_P54708--7x20__B1_P07340,0.8801757581340389,0.5,False
3hnw__A1_D0VWZ2--3hnw__B1_D0VWZ2,0.6823465311818938,0.5,True
8r37__A1_A0A086IRG1--8r37__B1_A0A086IRG1,0.7925369638496103,0.5,True
1rqg__A1_Q9V011--1rqg__A2_Q9V011,0.4288371538851745,0.5,True
8brl__A1_F7J213--8brl__A2_F7J213,0.8065227472068042,0.5,True
7qiu__A1_P94538--7qiu__B1_P94538,0.75667785554943,0.5,True
6sjs__A1_B8FUR2--6sjs__B1_B8FUR2,0.8484322069971285,0.5,True
8hlg__A1_Q9RR88--8hlg__B1_Q9RR88,0.9352971514024406,0.5,True
7pcr__A1_P56185--7pcr__A2_P56185,0.8520592561956282,0.5,True
3bvq__B1_Q2I6W2--3bvq__A1_Q2I6W2,0.6918481727166517,0.5,True
6bsu__A1_Q9LZJ3--6bsu__B1_Q9LZJ3,0.935980594266795,0.5,True
4e5u__B1_Q9HZN8--4e5u__A1_Q9HZN8,0.9511833258414071,0.5,True
8a52__A1_P23222--8a52__B1_P23222,0.797353262988156,0.5,True
1d0v__A1_Q05603--1d0v__A2_Q05603,0.8841758889660349,0.5,True
3gwq__A1_Q145Q0--3gwq__B1_Q145Q0,0.7569229303159886,0.5,True
7lxs__A1_Q8ZMZ2--7lxs__C1_Q8ZMZ2,0.29009867953762347,0.5,True
6w08__B1_Q9KL63--6w08__A1_Q9KL63,0.5738567181727776,0.5,True
7wrm__A1_D0IVL9--7wrm__B1_D0IVL9,0.4126319038477143,0.5,True
2yww__B1_Q58801--2yww__A1_Q58801,0.7909719651483003,0.5,True
3lm6__A1_P40869--3lm6__B1_P40869,0.6337957064197499,0.5,True
7trw__A1_A0A380PDL3--7trw__A2_A0A380PDL3,0.27863948445458114,0.5,True
8syc__A1_Q13370--8syc__B1_Q13370,0.34942714146205356,0.5,True
1gk6__A1_P03069--1gk6__B1_P03069,0.3467243360534145,0.5,True
1reo__A1_Q6STF1--1reo__A2_Q6STF1,0.7458250003657175,0.5,True
6s3b__A1_Q88JK6--6s3b__B1_Q88JK6,0.5343068753138127,0.5,True
7tl5__A1_A0A3F3B310--7tl5__B1_A0A3F3B310,0.8344635651958975,0.5,True
2asf__A1_P9WLL7--2asf__A2_P9WLL7,0.687311907618421,0.5,True
8ilj__A1_A0A242MJ43--8ilj__B1_A0A242MJ43,0.9290271076430066,0.5,True
4usc__A1_A0A0A0Y4H8--4usc__B1_A0A0A0Y4H8,0.7456224045820008,0.5,True
5yp3__A1_Q6F3I7--5yp3__B1_Q6F3I7,0.9294121190829087,0.5,True
8aid__A1_Q9HWJ8--8aid__B1_Q9HWJ8,0.21235675131616338,0.5,True
7yp6__B1_E5L4T5--7yp6__A1_E5L4T5,0.45861208621732913,0.5,True
4aql__A1_Q9Y2T3--4aql__A2_Q9Y2T3,0.9760012591350392,0.5,True
3idf__A1_O34252--3idf__B1_O34252,0.7629623892638684,0.525,True
8fjr__A1_D1A807--8fjr__B1_D1A807,0.8212011151798257,0.5,True
7z56__B1_F0NGX6--7z56__A1_F0NGX6,0.9094414993905806,0.5,True
3zta__A1_Q2RIF4--3zta__A2_Q2RIF4,0.8755986696655931,0.5,True
3abi__A1_O59312--3abi__B1_O59312,0.9599388230466273,0.5,True
5ab8__A1_P9WN25--5ab8__A2_P9WN25,0.35252980972692327,0.5,True
1guq__A1_P09148--1guq__B1_P09148,0.9287603263377444,0.5,True
6zdw__B1_A0A162MUP0--6zdw__A1_A0A162MUP0,0.818969245786777,0.5,True
8csd__A1_Q6U8B0--8csd__A2_Q6U8B0,0.7499028681056125,0.5,True
8bfr__A1_P30177--8bfr__A2_P30177,0.9976329177471098,0.5,True
7yk3__A1_O53604--7yk3__B1_O53605,0.896947565331698,0.5,False
6xiv__A1_P16114--6xiv__B2_P16114,0.5505329428690213,0.5,True
8ajx__A1_P17117--8ajx__A2_P17117,0.6868877062229124,0.5,True
8ayj__A1_D5EHC5--8ayj__B1_D5EHC5,0.976876744021139,0.5,True
8a6e__B2_P02699--8a6e__A1_P02699,0.8595750138581439,0.5,True
4jb7__A1_Q9KTQ6--4jb7__A2_Q9KTQ6,0.49318128894314567,0.5,True
6h3f__A1_A0A0H3JT80--6h3f__A2_A0A0H3JT80,0.9458494578559894,0.5,True
6wxw__A1_F2NWD3--6wxw__B1_F2NWD3,0.7508037394539966,0.5,True
2zw2__A1_F9VNF4--2zw2__B1_F9VNF4,0.6512816228319354,0.5,True
2wo2__A1_P54764--2wo2__B1_P52799,0.7293079534198768,0.5,False
1ord__A1_P43099--1ord__B1_P43099,0.8171786802715174,0.5,True
7zcm__A1_P42196--7zcm__B1_P42259,0.9228908052661036,0.5,False
8aa9__A1_Q9V1Y9--8aa9__B1_Q9V1Y9,0.409953006295541,0.5,True
4i6y__B1_P13702--4i6y__A1_P13702,0.8951044905761666,0.5,True
1vh4__B1_P77689--1vh4__A1_P77689,0.7206903603015229,0.5,True
3ocd__A1_D7A6E5--3ocd__B1_Q7BQR5,0.6511879933734754,0.5,False
8pq7__A1_M1C5B8--8pq7__B1_D0N0Z8,0.47977648785695215,0.5,False
5abr__A1_P82802--5abr__B1_P82802,0.909346277444437,0.5,True
2zmf__A1_Q9Y233--2zmf__B1_Q9Y233,0.4991516334138696,0.5,True
2vzk__B1_P0DJQ5--2vzk__A1_P0DJQ5,0.2641024832820969,0.5,True
7wm5__A1_A0A0C2W699--7wm5__A2_A0A0C2W699,0.7524344733421651,0.5,True
1zee__A1_Q8E972--1zee__B1_Q8E972,0.5503732233723834,0.5,True
7tvh__B1_Q9I2Q1--7tvh__A1_Q9I2Q1,0.8670021584084084,0.5,True
5vgm__B1_Q9KL24--5vgm__A1_Q9KL24,0.8332087013569445,0.5,True
4zzh__A1_Q96EB6--4zzh__A2_Q96EB6,0.4616037733055353,0.5,True
6m4v__A1_P0AEX9--6m4v__B1_P62942,0.9307271706443558,0.5,False
7y28__A1_P07814--7y28__B1_P07814,0.6765143691034428,0.5,True
7y7u__A1_A0A222F232--7y7u__B1_A0A222F232,0.8429761092639045,0.5,True
3fgc__A1_P07740--3fgc__B1_P07739,0.5833060243481457,0.5,False
1rve__A1_P04390--1rve__B1_P04390,0.9020060768550573,0.5,True
7zy1__A1_Q9F8A8--7zy1__A2_Q9F8A8,0.7209578712027933,0.5,True
3jxo__B1_A0A0F6AN26--3jxo__A1_A0A0F6AN26,0.5649987353511507,0.5,True
8dqb__A1_A0A0H3FX83--8dqb__A2_A0A0H3FX83,0.8116775832065429,0.5,True
5l16__A1_Q4Q0M0--5l16__A2_Q4Q0M0,0.570213150763447,0.5,True
3qt7__A1_Q9FD73--3qt7__B1_Q9FD73,0.9767402146553257,0.5,True
4aye__D1_Q9JXV4--4aye__A1_P08603,0.43800398226049975,0.5,False
7r3n__A1_P43432--7r3n__B1_P43432,0.8782973129539682,0.5,True
7a0x__B1_Q8ZRZ3--7a0x__A1_Q8ZRZ3,0.9717437705304975,0.5,True
7wjk__A1_P93836--7wjk__A2_P93836,0.8867348623034259,0.5,True
5x8z__A1_A3QAQ5--5x8z__B1_A3QAQ5,0.9523626442854389,0.5,True
7u0r__B1_M9SC49--7u0r__A1_M9SC49,0.5867188244467153,0.5,True
7wbt__A1_Q288C4--7wbt__B1_Q288C4,0.6834932459949584,0.5,True
7txe__A1_Q8I6T6--7txe__B1_Q8I6T6,0.3420768379228064,0.5,True
6pyp__A1_P21695--6pyp__B1_P21695,0.657926006372688,0.5,True
8b2d__A1_F5SYD3--8b2d__B1_F5SYD3,0.7675764991271555,0.5,True
1vmg__A1_Q97U11--1vmg__A2_Q97U11,0.9345251058226886,0.508400731935047,True
6b8l__B1_P0DP23--6b8l__A1_P56696,0.6199909258530181,0.5,False
8sj5__A1_A0A2I4FN75--8sj5__C1_A0A2I4FN75,0.24122336098910038,0.5,True
3nr1__A1_Q8N4P3--3nr1__B1_Q8N4P3,0.5170736100548373,0.5,True
3h3l__A1_A6LFX0--3h3l__A2_A6LFX0,0.5408577158587453,0.5,True
6jdh__A1_A0A2K0XYW4--6jdh__B1_A0A2K0XYW4,0.5447405396317218,0.5,True
3vjz__A1_Q9K0P4--3vjz__B1_Q9K0P4,0.39613346458307697,0.5,True
3et4__A1_Q4QMM5--3et4__A2_Q4QMM5,0.5793240167650936,0.5,True
5or3__A1_Q2UNF9--5or3__D1_Q2UNF9,0.6674871524369752,0.5,True
3fh3__B1_A0A6L8PES2--3fh3__A1_A0A6L8PES2,0.33119149912333967,0.5,True
1go3__A1_Q57840--1go3__B1_Q60351,0.8445232568600989,0.5,False
3zxq__B1_P9WGK1--3zxq__A1_P9WGK1,0.426614218301133,0.5,True
1zlh__A1_P00730--1zlh__B1_Q5EPH2,0.6643579123832064,0.5,False
4h1h__A1_Q8Y6P6--4h1h__B1_Q8Y6P6,0.8569770187202739,0.5,True
2gh1__A1_Q81E32--2gh1__B1_Q81E32,0.7052956904918078,0.5,True
7dl7__F1_B0VJ11--7dl7__A1_B0VJ11,0.9857722354415583,0.5,True
7yu0__B1_Q79F77--7yu0__A1_Q79F77,0.49181013887337727,0.5,True
3cbu__B1_Q473P3--3cbu__A1_Q473P3,0.7924389908704734,0.5,True
3ihk__A1_Q8DVV9--3ihk__A2_Q8DVV9,0.7527446156412695,0.5,True
4y67__A1_Q8IKG4--4y67__B1_Q8IKG4,0.9061246704325608,0.5,True
6ejp__B1_P69986--6ejp__A1_P69986,0.19652249163864072,0.5,True
1poy__A1_P0AFK9--1poy__B1_P0AFK9,0.505170492457037,0.5,True
3a7o__A1_Q03818--3a7o__B1_Q03818,0.8906773041191053,0.5,True
5n47__B1_P02751--5n47__A1_P80188,0.6962690977533055,0.5,False
8ejm__A1_O43143--8ejm__B1_Q8IWZ8,0.8094306578276239,0.5,False
1npd__B1_P0A6D5--1npd__A1_P0A6D5,0.7500096135667942,0.5,True
8h0h__A1_P9WLU7--8h0h__C1_P9WLU7,0.3278655154570841,0.5,True
3t8l__A1_Q7CUX4--3t8l__B1_Q7CUX4,0.6129668142884228,0.5,True
7ol3__B1_Q8WXF7--7ol3__A1_Q8WXF7,0.7232691863893549,0.5,True
3ent__A1_Q2YAE2--3ent__B1_Q2YAE2,0.8153368622994841,0.5,True
2y4g__A1_D3Y1I2--2y4g__B1_D3Y1I2,0.9024688151734381,0.5,True
7ec7__A1_A0A0H2XGN0--7ec7__A2_A0A0H2XGN0,0.9420376160678103,0.5,True
2o11__A1_P9WPY1--2o11__A2_P9WPY1,0.5678451871786199,0.5,True
2sak__A1_P68802--2sak__A2_P68802,0.5117702802776418,0.5,True
8h5e__A1_Q5SMG8--8h5e__B1_Q5SMG8,0.7356379355111081,0.5,True
8bgm__B1_A0A5P3XKL3--8bgm__A1_A0A5P3XKM0,0.8387549294624816,0.5,False
2ps8__A1_P13513--2ps8__B1_P13513,0.7726796009404793,0.5,True
6awl__A1_O75208--6awl__B1_O75208,0.913260873475555,0.5,True
4qds__A1_O60462--4qds__B1_O60462,0.21085896404873192,0.5,True
6qky__B1_Q97P33--6qky__A1_Q97P33,0.35340138541372956,0.5,True
7nli__B1_P08405--7nli__A1_P08405,0.4506874684402645,0.5,True
8p3m__A1_W0DP94--8p3m__B1_W0DP94,0.6803934547290262,0.5,True
5v7y__A1_A0A4Y1WAP5--5v7y__B1_A0A4Y1WAP5,0.6405788009011623,0.5,True
4aps__A1_Q5M4H8--4aps__B1_Q5M4H8,0.6947713431149892,0.5,True
7ucn__A1_P50120--7ucn__B1_P50120,0.4116927512524018,0.5,True
1ni5__A1_P52097--1ni5__A2_P52097,0.9524910767811637,0.5,True
4a5o__B1_Q9I2U6--4a5o__A1_Q9I2U6,0.7964219332980109,0.5,True
8q5k__A1_A0A0H2Z7A6--8q5k__A2_A0A0H2Z7A6,0.5748047421517719,0.5,True
1ww5__A1_Q6WY08--1ww5__D1_Q6WY08,0.4819937369519832,0.5,True
7ww2__A1_A0A4Q9D6T1--7ww2__B1_A0A4Q9D6T1,0.8938436805107995,0.5,True
2pfk__A1_P0A796--2pfk__B1_P0A796,0.5168469603315837,0.5,True
1i2m__B1_P18754--1i2m__A1_P62826,0.7912984863119708,0.5,False
8i2e__A1_O34841--8i2e__B1_P54421,0.8424696475303939,0.5,False
3pfl__A1_P09373--3pfl__B1_P09373,0.9915114542394612,0.5,True
6gho__B1_Q5L1S1--6gho__A1_O31602,0.6744727317090871,0.5,False
1glj__A1_P0A6F3--1glj__B1_P0A6F3,0.8518326792583027,0.5,True
4zq8__B1_A0A0M3KL36--4zq8__A1_A0A0M3KL36,0.6579967371165121,0.5,True
5h4h__B1_O58236--5h4h__A1_O58236,0.6593059768064228,0.5,True
4iv9__A1_P06617--4iv9__B1_P06617,0.5957496082604379,0.5,True
6sdk__A1_P26497--6sdk__B1_P26497,0.47385962204076143,0.5,True
2fq4__A1_Q81BJ4--2fq4__A2_Q81BJ4,0.8698148351240151,0.5,True
7zeq__B1_Q9WXT1--7zeq__A1_Q9WXT1,0.940112914293162,0.5,True
5z5h__A1_Q2I2N4--5z5h__A2_Q2I2N4,0.6635505958986644,0.5,True
2fe1__A1_Q8ZZP3--2fe1__A2_Q8ZZP3,0.9866327826875056,0.5,True
7wik__B1_A0R1E6--7wik__A1_A0R1E6,0.8077310413799037,0.5,True
7t8o__B1_Q8Y8Y9--7t8o__A1_Q8Y8Y9,0.8177917451719264,0.5,True
7t91__A1_P08151--7t91__B1_P08151,0.040967075000970465,0.5,True
3lg6__A1_D2YW48--3lg6__B1_D2YW48,0.9293300973703214,0.5,True
2o9a__A1_P16528--2o9a__D1_P16528,0.7737235219403107,0.5,True
1zhq__A1_Q9RHG4--1zhq__B1_Q9RHG4,0.7783361056630006,0.5,True
2e0k__B1_Q8KFD9--2e0k__A1_Q8KFD9,0.7567920468641145,0.5,True
3a2f__A1_P61875--3a2f__B1_O73947,0.9363518034585944,0.5,False
8ehe__A1_A0A0A7KVG3--8ehe__B1_A0A1D3UUC0,0.7555989496626047,0.5,False
6hpc__A1_P67697--6hpc__B1_P67697,0.6899210117564687,0.5080645161290323,True
2x3o__A1_Q9I585--2x3o__B1_Q9I585,0.33953081734934126,0.5,True
5y40__A1_P55892--5y40__B1_P55892,0.6061999718179989,0.5,True
1y42__A1_P12063--1y42__A2_P12063,0.907398410435662,0.5,True
2e91__A1_Q12051--2e91__B1_Q12051,0.8562272252148176,0.5,True
3iuw__B1_Q8KUB7--3iuw__A1_Q8KUB7,0.8842039376351428,0.5,True
8e7y__A1_Q9RFC8--8e7y__B1_Q9RFC8,0.8206194013625339,0.5,True
4kzn__A1_P15692--4kzn__A2_P15692,0.9183044342416278,0.5,True
7z7o__A1_A0A1S4NYF2--7z7o__C1_A0A1S4NYF2,0.714041896241135,0.5,True
8brp__A1_D8G6F7--8brp__B1_D8G6F7,0.9268782982916309,0.5,True
8bay__A1_O75874--8bay__B1_O75874,0.8483843865037396,0.5,True
6mhm__B1_Q13510--6mhm__A1_Q13510,0.39846370577683443,0.5,True
8bj7__A1_P07598--8bj7__B1_P07603,0.8224502869423518,0.5,False
5wxx__A1_Q9RNB4--5wxx__A2_Q9RNB4,0.9081642622110104,0.5044806533357972,True
8f7l__A1_P43490--8f7l__B1_P43490,0.758511691652907,0.5,True
3cz1__A1_Q9U9J6--3cz1__B1_Q9U9J6,0.5551118305641862,0.5,True
8a0c__A1_Q2ERG0--8a0c__B1_Q2ERG0,0.9303899216895747,0.5,True
5mpy__A1_Q9LPZ1--5mpy__B1_Q9LPZ1,0.311700669569964,0.5,True
1anu__A1_Q06851--1anu__A2_Q06851,0.35275581912412,0.5,True
3vs8__A1_C1DM33--3vs8__C1_C1DM33,0.8791494095678145,0.5,True
7zi8__A1_P27707--7zi8__A2_P27707,0.7376447838930348,0.5,True
1peu__A1_Q08698--1peu__A2_Q08698,0.6707866125003652,0.5,True
5uk5__B1_Q63722--5uk5__A1_Q07008,0.5544886730977067,0.5,False
7vg5__A1_Q49135--7vg5__B1_Q49135,0.6078119535424534,0.5,True
4jkz__A1_A0R6I8--4jkz__A2_A0R6I8,0.5208345832696268,0.5,True
4aa8__A1_P00794--4aa8__A2_P00794,0.7762908970658142,0.5,True
5yew__A1_Q8IWA4--5yew__B1_Q8IWA4,0.8105621837940663,0.5,True
1hf2__B1_Q9X0D7--1hf2__A1_Q9X0D7,0.8531148234882001,0.5,True
3gif__A1_O34757--3gif__B1_O34757,0.7454035769219269,0.5,True
4axv__A1_A7N805--4axv__A2_A7N805,0.959236195176994,0.5,True
5c6u__A1_O69689--5c6u__A2_O69689,0.8874724820644082,0.5,True
4nv4__A1_A0A6L7HM74--4nv4__A2_A0A6L7HM74,0.38518267980829324,0.5,True
6axf__A1_Q7LDG7--6axf__B1_P61224,0.7115272400230728,0.5,False
5yf1__B1_Q8N4J0--5yf1__A1_Q8N4J0,0.9517278024704119,0.5,True
3fjy__B1_A0ZZM4--3fjy__A1_A0ZZM4,0.5779507033733323,0.5,True
4rg1__A1_Q5T280--4rg1__B1_Q5T280,0.6846735973800444,0.5,True
1ux4__A1_P41832--1ux4__A2_P41832,0.5073045738084233,0.5,True
6rbm__A1_P0ACT4--6rbm__A2_P0ACT4,0.7173248324525686,0.5,True
7wis__A1_P46881--7wis__B1_P46881,0.9027503949745986,0.5,True
5a3l__A1_A0A1A9TAD0--5a3l__C1_A0A1A9TAD0,0.29610544832823704,0.5,True
2gz4__A1_Q7D028--2gz4__C1_Q7D028,0.549836162838437,0.5,True
7xyv__A1_Q9C0D3--7xyv__B1_Q9C0D3,0.4829683004032242,0.5,True
2f9w__A1_Q9HWC1--2f9w__B1_Q9HWC1,0.8754724266686502,0.5,True
2ox1__A1_O30011--2ox1__B1_O30011,0.9952841644244608,0.5,True
2guh__A1_Q0S8Y3--2guh__B1_Q0S8Y3,0.6327560681023272,0.5,True
7br1__A1_A0A7I6N400--7br1__B1_A0A7I6N400,0.5842078432276125,0.5,True
2p04__A1_D0VWX5--2p04__B1_D0VWX5,0.9412382584571776,0.5,True
4h5b__A1_Q9RUY5--4h5b__B1_Q9RUY5,0.4601322080737734,0.5,True
4e1o__A1_P19113--4e1o__B1_P19113,0.658122257673113,0.5,True
7pu4__B1_Q9X053--7pu4__A1_Q9X053,0.32033826985648123,0.5,True
3m1u__A1_Q72DN3--3m1u__B1_Q72DN3,0.7160558812950477,0.5,True
6ird__A1_Q91UZ1--6ird__B1_Q8NI35,0.5214189592811377,0.5,False
6gg2__A1_Q4WD43--6gg2__A2_Q4WD43,0.7809266393531582,0.5,True
6oei__A1_Q8KG60--6oei__A2_Q8KG60,0.6150501170649499,0.5,True
8hyi__A1_P22223--8hyi__B1_P22223,0.5088705534445297,0.5,True
4b8v__A1_B3VBK9--4b8v__A2_B3VBK9,0.485591161090554,0.5,True
4lqb__A1_D2Q399--4lqb__B1_D2Q399,0.9265809351395218,0.5,True
2vxb__A1_P87074--2vxb__B1_P87074,0.12811956488433304,0.5,True
5z1o__A1_D0VWU8--5z1o__B1_D0VWU8,0.4712963081282816,0.5,True
6h40__A1_K5B7F3--6h40__A2_K5B7F3,0.6256004109440678,0.5,True
2etk__A1_Q13464--2etk__B1_Q13464,0.5057296774247847,0.5,True
2p69__A1_Q96GD0--2p69__A2_Q96GD0,0.7535300420447443,0.5,True
4doy__A1_Q6WNP1--4doy__C1_Q6WNP1,0.9426811489953484,0.5,True
6zxw__A1_O29011--6zxw__B1_A0A117KMN5,0.4913634437070712,0.5,False
3lhk__A1_Q60329--3lhk__B1_Q60329,0.627095142371159,0.5,True
1qpa__A1_P11542--1qpa__B1_P11542,0.602798736872853,0.5,True
6e52__A1_P03069--6e52__B1_P03069,0.3852712571532225,0.5,True
1fwl__A1_Q58504--1fwl__B1_Q58504,0.9872652836826313,0.5450336171266404,True
5nkk__A1_O62301--5nkk__B1_Q9XWJ1,0.8050207797514413,0.5,False
1ygt__A1_Q94524--1ygt__A2_Q94524,0.7464275059762192,0.4981548302443825,True
6p40__A1_M1GSK9--6p40__B1_M1GSK9,0.8469401477354055,0.5,True
2wyn__B1_P13482--2wyn__D1_P13482,0.7125068877871277,0.5,True
7yui__A1_P0CG48--7yui__B1_Q9BYM8,0.8501302589053571,0.5,False
2oi2__A1_A0A0H2UNK6--2oi2__A2_A0A0H2UNK6,0.6187856614539307,0.5,True
4wud__A1_P0AES6--4wud__A2_P0AES6,0.7637074871415709,0.5,True
5yzj__A1_A8K0B5--5yzj__B1_A8K0B5,0.43312858507828333,0.5,True
8f61__A1_Q28943--8f61__B1_Q28943,0.8113585415671278,0.5,True
5ho3__A1_W6KHH6--5ho3__B1_W6KHH6,0.5168486810479677,0.5,True
1u5i__A1_Q07009--1u5i__B1_Q64537,0.8450443575966025,0.5,False
1cmc__A1_P0A8U6--1cmc__B1_P0A8U6,0.7954982035631636,0.539407285072025,True
6oe2__A1_Q8A9F0--6oe2__A2_Q8A9F0,0.31061610390139893,0.5,True
3gzi__A1_A3QIY5--3gzi__A2_A3QIY5,0.7732188635913161,0.5,True
8pr6__B1_A0A1Q6BKH4--8pr6__A1_A0A1Q6BKH4,0.4520878754150905,0.5,True
8ohw__A1_Q63T97--8ohw__B1_Q63T97,0.5389800398060562,0.5,True
5y4r__A1_O87131--5y4r__B1_Q9HVI1,0.6783474134247105,0.5,False
8d3t__B1_A0A2K2AMS7--8d3t__A1_A0A2K2AMS7,0.5462604460701111,0.5,True
1zk8__A1_Q815X4--1zk8__B1_Q815X4,0.8778617918099465,0.49994009823888824,True
2w82__A1_Q47730--2w82__B1_Q47730,0.9694005148951819,0.5,True
6l08__A1_O65896--6l08__B1_O65896,0.6641306210678785,0.5,True
4p94__B1_Q4J9K8--4p94__A1_Q4J9K8,0.9460390601727734,0.49996276437295206,True
4yii__A1_O00762--4yii__B1_Q9UJX6,0.4303910959920004,0.5,False
4rus__A1_P68512--4rus__B1_P68512,0.474256293000746,0.5,True
2o48__A1_Q9TQS6--2o48__A2_Q9TQS6,0.7711684641503724,0.5,True
7pvw__B1_P00523--7pvw__A1_P00523,0.3962979793650552,0.5,True
2wcu__A1_Q8R2K1--2wcu__B1_Q8R2K1,0.9306558269516931,0.5,True
2p35__A1_Q8UH15--2p35__B1_Q8UH15,0.5682267364110622,0.5,True
5jj8__A1_Q9HVB9--5jj8__A2_Q9HVB9,0.6968277287069959,0.5,True
6ije__A1_A0A083ZID3--6ije__B1_A0A083ZID3,0.280882966345415,0.5,True
8avu__A1_Q8GPI4--8avu__A2_Q8GPI4,0.6750841750841751,0.5,True
7xdu__B1_A0A1I1Z0X1--7xdu__A1_A0A1I1Z0X1,0.8544708240754288,0.5,True
1xr4__A1_Q8ZRY1--1xr4__B1_Q8ZRY1,0.87315275975126,0.5,True
2fuq__A1_C6XZB6--2fuq__B1_C6XZB6,0.9720623328153475,0.5,True
5xrw__A1_O25306--5xrw__C1_O25674,0.9358831783643813,0.5,False
5l0o__A1_P46940--5l0o__B1_P46940,0.24680214126447286,0.5,True
2zcx__A1_Q9FBX0--2zcx__A2_Q9FBX0,0.675890922291116,0.5,True
5way__A1_Q97P44--5way__B1_Q97P44,0.824887400524022,0.5,True
7xey__A1_Q9SU72--7xey__B1_Q9S745,0.8034797702636806,0.5,False
4xlo__C1_Q9KHK2--4xlo__A1_Q9KHK2,0.6039376692145577,0.5,True
6kd6__B1_Q9VAA9--6kd6__A1_Q9VAA9,0.28606759781199054,0.5,True
8k72__A1_Q9NWT6--8k72__A2_Q9NWT6,0.9139281116106291,0.5,True
8b5v__A1_Q4E4A3--8b5v__B1_Q4E4A3,0.528936414371479,0.5,True
4yo3__A1_D3GUX1--4yo3__A2_D3GUX1,0.6254582735457178,0.5,True
8p8p__A1_P49773--8p8p__B1_P49773,0.5653721781822927,0.5,True
6hrx__A1_O53623--6hrx__B1_O53623,0.4458254403384974,0.5,True
3mdo__A1_A6LDR8--3mdo__B1_A6LDR8,0.8152968382197101,0.5,True
2rb7__A1_Q313A9--2rb7__B1_Q313A9,0.8156245458701219,0.5,True
3lsj__A1_Q9HUS3--3lsj__B1_Q9HUS3,0.4619514653275757,0.5,True
8g0q__A1_P40460--8g0q__B1_P33895,0.6543263432287234,0.5,False
6ms4__A1_Q9ULC4--6ms4__B1_O43583,0.9410786985886187,0.5,False
7y6b__A1_A0A411GZY8--7y6b__B1_A0A411H025,0.6989447548106766,0.5,False
7zyt__A1_P09622--7zyt__B1_P09622,0.7562624999685007,0.5,True
7lle__A1_Q6QVT7--7lle__B1_Q6QVT7,0.8616670152198188,0.5,True
4csw__A1_D0MK34--4csw__B1_D0MK34,0.9466299003632636,0.5,True
7tev__A1_P04181--7tev__A2_P04181,0.7509443562408474,0.5,True
2hsa__B1_Q9FEW9--2hsa__A1_Q9FEW9,0.7283948056920426,0.5,True
4tsd__A1_O25673--4tsd__B1_O25673,0.8268874891857104,0.5,True
7qh0__B1_P48499--7qh0__A1_P48499,0.9147962134254172,0.5,True
3neu__A1_Q92AT3--3neu__A2_Q92AT3,0.643591537966538,0.5,True
8f9x__A1_Q5LVE1--8f9x__B1_Q5LVE1,0.7637625111189266,0.5,True
3pui__A1_Q9L9D7--3pui__A2_Q9L9D7,0.9802652194858348,0.5,True
1rqi__A1_P22939--1rqi__B1_P22939,0.6819476160796525,0.5,True
6pya__A1_P04278--6pya__A2_P04278,0.5264944461797487,0.5,True
1r27__A1_P09152--1r27__B1_P11349,0.8901964207376913,0.5,False
7zuv__A1_A0A2K3DY10--7zuv__D2_A0A2K3DY10,0.6233397127847045,0.5,True
2aho__A1_Q980A5--2aho__B1_Q97Z79,0.952640156182538,0.5,False
6mni__A1_A0A2V0QX35--6mni__B1_A0A2V0QX35,0.601020541991633,0.5,True
4kif__B1_Q643C8--4kif__A1_Q643C8,0.9268560892980271,0.5,True
3g23__A1_Q2G8F3--3g23__B1_Q2G8F3,0.9050487549359336,0.5,True
3ui3__A1_O05728--3ui3__B1_O05728,0.7593451895983976,0.5,True
8ohy__A1_Q556V8--8ohy__A2_Q556V8,0.7537879942543866,0.5,True
5zgo__A1_Q5SHW6--5zgo__B1_Q5SHW6,0.8528264398347247,0.5,True
5uph__B1_Q14108--5uph__A1_Q14108,0.6872701763294752,0.5,True
6u3w__A1_P53622--6u3w__B1_P40509,0.9390620400294879,0.5,False
2gsv__B1_P71066--2gsv__A1_P71066,0.2908634755613313,0.4999025341130604,True
7yh1__A1_A0A5B9DB95--7yh1__B1_A0A5B9DB95,0.7960379377624175,0.49996188152778837,True
6c6r__A1_Q14534--6c6r__B1_Q14534,0.9795999592552342,0.5,True
6p4o__B1_Q970I1--6p4o__A1_Q970I2,0.7556756484166742,0.5,False
2oys__A1_A0A0H2URW2--2oys__B1_A0A0H2URW2,0.6433286542541518,0.5,True
8i85__A1_D2B3F1--8i85__B1_D2B3F1,0.855784132302092,0.5,True
2b0a__A1_Q58193--2b0a__A2_Q58193,0.8910637419088367,0.5,True
3ayh__B1_O94285--3ayh__A1_Q9C0Z9,0.9006545687932119,0.5,False
2g38__B1_Q79FE1--2g38__A1_Q7D756,0.870363082084617,0.5,False
2z6k__A1_P15927--2z6k__C1_P35244,0.788069203285193,0.5,False
3p8b__B1_Q8TZK1--3p8b__A1_Q8U440,0.9082855344998669,0.5,False
5yz5__A1_Q16555--5yz5__A2_Q16555,0.758719379495149,0.5,True
6dk9__A1_A7A1Y4--6dk9__A2_A7A1Y4,0.8973472810734462,0.5,True
2p19__A1_Q8NTZ4--2p19__C1_Q8NTZ4,0.709771481614752,0.5,True
8ai1__B1_Q45595--8ai1__A1_Q45595,0.8700047955898726,0.5,True
7px0__B1_Q9VF53--7px0__A1_Q9VF53,0.9614097399510745,0.5,True
4cmz__B1_Q9BXM0--4cmz__A1_Q9BXM0,0.01026162749486761,0.5,True
8gyz__B1_Q93ZE2--8gyz__A1_Q93ZE2,0.568119381269975,0.5,True
2ikb__A1_Q7DDI9--2ikb__C1_Q7DDI9,0.9072382288719787,0.5175438596491229,True
3egv__A1_Q84BQ9--3egv__B1_Q5SLP6,0.6287249365168697,0.5,False
2g9w__A1_P9WMJ5--2g9w__B1_P9WMJ5,0.7025546565833495,0.49997358689910193,True
2afv__A1_Q8EXP7--2afv__B1_Q8EXP7,0.924162940817087,0.5,True
1wl3__B1_Q9X1M1--1wl3__A1_Q9X1M1,0.5559317369328535,0.5,True
4kbx__A1_P45550--4kbx__A2_P45550,0.9116915898799458,0.5,True
8h5a__A1_P67661--8h5a__B1_P67661,0.5061433731158502,0.5,True
8b4l__B1_D5SK09--8b4l__A1_D5SK09,0.9130496163937055,0.5,True
1nrj__B1_P36057--1nrj__A1_P32916,0.903480863745111,0.5,False
4rdw__A1_Q9HU77--4rdw__A2_Q9HU77,0.943652233552443,0.5,True
5a6k__A1_A0A0H2US73--5a6k__B1_A0A0H2US73,0.8959380167610533,0.5,True
1qc9__A1_P00642--1qc9__A2_P00642,0.7517968820415755,0.5,True
3ooc__A1_P77239--3ooc__B1_P77239,0.48297134629881255,0.5,True
8pm1__A1_B8GAY9--8pm1__B1_B8GAY9,0.4895931410893188,0.5,True
1vbg__A1_P11155--1vbg__A2_P11155,0.8164508775528692,0.5,True
2qgs__A1_A0A0H2VIU2--2qgs__B1_A0A0H2VIU2,0.5803432718295771,0.5,True
8bol__A1_Q04609--8bol__A2_Q04609,0.8354838695441684,0.5,True
3mii__B1_Q08914--3mii__A1_Q08914,0.9342679138052339,0.5,True
3i23__A1_Q835X4--3i23__B1_Q835X4,0.8897037341998671,0.5,True
3itf__A1_P0AE85--3itf__B1_P0AE85,0.3122706465946526,0.5,True
6mw5__A1_K3WC47--6mw5__A2_K3WC47,0.7106518960776824,0.5,True
5vht__A1_P0A9J8--5vht__B1_P0A9J8,0.9774916800797253,0.5,True
6j6x__B1_P53611--6j6x__A1_Q7Z6K3,0.8409693463245564,0.5,False
4tvb__A1_O32323--4tvb__B1_O32323,0.717823858485359,0.5,True
8dtc__A1_L8GT25--8dtc__B1_L8GT25,0.7906926411723214,0.5,True
8fny__A1_O00418--8fny__B1_P0DP23,0.7144818363199477,0.5,False
7v0b__A1_A0A1E7MYN1--7v0b__B1_A0A1E7MYN1,0.714701582338227,0.5,True
2vvo__A1_P9WKD7--2vvo__B1_P9WKD7,0.5163437362509595,0.5,True
5yjh__A1_Q15063--5yjh__A2_Q15063,0.7514784645501575,0.5,True
2z5e__A1_Q9BT73--2z5e__B1_Q9BT73,0.7445225103564064,0.5,True
1a8l__A1_Q51760--1a8l__A2_Q51760,0.9904264537760229,0.5,True
8h0r__A1_Q9WVJ5--8h0r__B1_Q9WVJ5,0.20630350478890383,0.5,True
2j7j__A1_P03001--2j7j__A2_P03001,0.3431568888451575,0.5,True
7zbg__A1_Q02880--7zbg__A2_Q02880,0.5350188696952465,0.5,True
1rku__A1_Q9I2Y2--1rku__B1_Q9I2Y2,0.9625033543549766,0.5,True
2wvl__A1_Q72K30--2wvl__B1_Q72K30,0.6925149941578304,0.5,True
8ewa__B1_Q9HW02--8ewa__A1_Q9HW02,0.9545221659787988,0.5,True
2ft0__A1_Q8FBQ3--2ft0__B1_Q8FBQ3,0.3807432230118173,0.5,True
2r01__A1_Q8KFI1--2r01__A2_Q8KFI1,0.7034819880515641,0.5,True
8hno__A1_B6YTS4--8hno__B1_B6YTS4,0.9627380242706383,0.5,True
6x88__A1_P52731--6x88__B1_P52731,0.590327060269567,0.5,True
2x76__A1_Q939Q9--2x76__A2_Q939Q9,0.9717516689665222,0.5,True
7x2p__A1_Q5ZWH7--7x2p__B1_Q5ZWH7,0.4431305415753071,0.5,True
2aeu__A1_Q57622--2aeu__A2_Q57622,0.8876159262181674,0.5,True
5kbg__A1_Q43965--5kbg__B1_Q43965,0.8061747011702505,0.5,True
4p9g__A1_Q9REI7--4p9g__A2_Q9REI7,0.930076733795247,0.49993524574240755,True
7tcv__A1_Q60932--7tcv__A2_Q60932,0.4976848046672404,0.5,True
7vkb__A1_Q5ZSZ6--7vkb__B1_Q5ZSZ7,0.7751696311582033,0.5,False
7r2p__A1_Q46877--7r2p__A2_Q46877,0.6849965690874782,0.5,True
6ggl__B1_C9K1X5--6ggl__A1_C9K1X5,0.6740693019163453,0.5,True
7yi7__A1_Q9Y251--7yi7__B1_Q9Y251,0.3344875023264636,0.5,True
7yka__B1_Q9Y3D6--7yka__A1_Q9Y3D6,0.23111523650960641,0.5,True
8jea__A1_K1QRB6--8jea__D1_K1QRB6,0.6887909427047545,0.5,True
8huc__C1_A0A0H2Z790--8huc__A1_A0A0H2Z790,0.7466129546808883,0.5,True
5mpr__A1_O15382--5mpr__A2_O15382,0.8317747655052513,0.5,True
4ooj__B1_Q5ZSK6--4ooj__A1_Q5ZSK6,0.5712846553183588,0.5,True
8a5v__A1_Q9Y617--8a5v__C1_Q9Y617,0.6365800691671902,0.5,True
3lm2__A1_A9CH74--3lm2__B1_A9CH74,0.7363249960443821,0.5,True
7zwt__A1_P41182--7zwt__A2_P41182,0.11936132567271646,0.5,True
5zwl__B1_Q8DLU1--5zwl__A1_Q8DLG7,0.9693663621139288,0.5,False
1i4m__A1_P04156--1i4m__A2_P04156,0.2832999847508619,0.5,True
2gjg__A1_Q88EQ6--2gjg__A2_Q88EQ6,0.8179804493455165,0.5,True
4ghm__A1_Q9KTK0--4ghm__B1_Q9KTK0,0.5967181637607593,0.5,True
1tve__A1_P31116--1tve__B1_P31116,0.9306641312937638,0.5,True
3onx__A1_P41697--3onx__B1_P41697,0.5734108990191867,0.5,True
8cp4__A1_Q6LXV7--8cp4__A2_Q6LXV7,0.6860932751220116,0.5,True
1ob9__A1_Q97YX6--1ob9__A2_Q97YX6,0.5141641024301311,0.5,True
7zcc__B1_P46327--7zcc__A1_P46327,0.9583146672209082,0.5,True
4kwd__A1_Q9UR08--4kwd__B1_Q9UR08,0.949787359354268,0.5,True
7wuy__A1_A0A1R3S1W7--7wuy__B1_A0A1R3S1W7,0.8359241032342626,0.49999690087767146,True
5gtw__A1_I3NX86--5gtw__D1_I3NX86,0.9063021347302255,0.5,True
6loh__A1_O15033--6loh__A2_O15033,0.6845868497666323,0.5,True
3a9y__A1_Q68FT9--3a9y__B1_Q68FT9,0.7685496559364966,0.5,True
8ay6__B1_Q9CAJ0--8ay6__A1_A0A067E666,0.7941192363232918,0.5,False
8u5m__A1_Q8TF42--8u5m__F1_Q8TF42,0.948443337831353,0.5,True
7twa__D1_F8JJ25--7twa__A1_F8JJ25,0.7096507724822821,0.5,True
8fju__B1_P34897--8fju__A1_P34897,0.6883140098619137,0.5,True
1fjj__A1_P12994--1fjj__A2_P12994,0.8601523516624672,0.5,True
8iyi__A1_Q6CVU4--8iyi__B1_Q6CVU4,0.6185512352852753,0.5,True
1uus__A1_O00910--1uus__A2_O00910,0.7848896177508448,0.5,True
1zt2__A1_Q97Z83--1zt2__C1_Q9UWW1,0.9312695522248681,0.5,False
7uex__A1_Q9H999--7uex__A2_Q9H999,0.9278550035733351,0.5,True
6jqy__A1_P9WF13--6jqy__B1_P9WF13,0.8222206109822119,0.5,True
6l6w__A1_A0A3B6UEU3--6l6w__A2_A0A3B6UEU3,0.8707882390287339,0.5,True
8grj__B1_Q8GQE7--8grj__A1_A0A0H3KLY3,0.7221311910671294,0.5,False
2j0n__B1_P18013--2j0n__A1_P18013,0.6305667231161316,0.5,True
3rq1__A1_D1BN29--3rq1__C1_D1BN29,0.872895144341737,0.5,True
5ae6__B1_Q92458--5ae6__A1_Q92458,0.8645199118819514,0.5,True
7qi3__A1_W7NDP8--7qi3__C1_W7NDP8,0.8380002913889995,0.5,True
2yve__A1_Q8NMG3--2yve__B1_Q8NMG3,0.760945820654541,0.5038088109635613,True
5ynx__A1_B2GM84--5ynx__B1_B2GM84,0.7941360319197218,0.5,True
2r6u__A1_Q0S814--2r6u__C1_Q0S814,0.9286124071420329,0.5187933804351118,True
8b6m__A1_Q9H2K2--8b6m__B1_Q9H2K2,0.40410295332191354,0.5,True
3kc2__A1_P36151--3kc2__B1_P36151,0.9521219085934639,0.5,True
3vp5__A1_Q9CHR1--3vp5__A2_Q9CHR1,0.6728146198830409,0.5,True
7pvh__A1_B2RLE7--7pvh__B1_B2RLE7,0.5256026720387308,0.5,True
4nqf__B2_Q7CW19--4nqf__A1_Q7CW19,0.8848212296120047,0.5,True
1vjh__A1_P0C0B0--1vjh__B1_P0C0B0,0.791371052916446,0.5,True
5xw4__B1_Q00684--5xw4__A1_Q00684,0.4277389215517937,0.5,True
4xdl__A1_P57789--4xdl__B1_P57789,0.7372148215325671,0.5,True
6ukl__A1_P0A901--6ukl__F1_P0A901,0.21960833260810816,0.5,True
5by4__A1_P0ABV6--5by4__A2_P0ABV6,0.9501113381518278,0.5068493150684932,True
7zxs__A1_Q86TI2--7zxs__C1_Q86TI2,0.806784695361683,0.5,True
1v6u__A1_Q7SI98--1v6u__B1_Q7SI98,0.6722252572746199,0.5,True
6e27__A1_Q9H257--6e27__B1_Q9H257,0.2616041539354985,0.5,True
7szd__A1_Q96S44--7szd__B1_Q9Y3C4,0.979511002623066,0.5,False
1h9r__A1_P0A9G8--1h9r__B1_P0A9G8,0.48709030149943466,0.5,True
3on6__A1_A7M0J6--3on6__B1_A7M0J6,0.7319748109537687,0.5,True
8fwy__A1_Q4DGA2--8fwy__B1_Q4DGA2,0.47414638241316476,0.5,True
1yu6__A1_P00780--1yu6__C1_P68390,0.9390961336533413,0.5,False
6ek1__A1_A0A452CST7--6ek1__A2_A0A452CST7,0.8906338757045772,0.5,True
6ckj__A1_P0A0Z8--6ckj__A2_P0A0Z8,0.8897363428869962,0.5,True
1w33__A1_O50957--1w33__B1_O50957,0.40984965457006506,0.5,True
4usk__B1_H7C745--4usk__B2_H7C745,0.46924833077399275,0.5,True
6cmv__B1_Q4J9G1--6cmv__A1_Q4J9G1,0.9300348511576831,0.5,True
7y70__A1_F4KCC2--7y70__A2_F4KCC2,0.6568613568041994,0.5,True
3cwx__A1_P94837--3cwx__B1_P94837,0.8841515021685045,0.5,True
3p1y__A1_O29362--3p1y__B1_O29362,0.788712636022401,0.5,True
8a8i__A1_Q9R9V9--8a8i__B1_Q9R9V9,0.8781996448957379,0.5,True
5d1l__A1_P62837--5d1l__B1_Q96BH1,0.6806685279284665,0.5,False
8og3__A1_P38489--8og3__B1_P38489,0.7707906523759104,0.5,True
4neh__A1_P20702--4neh__B1_P05107,0.6506137844941852,0.5,False
2prv__A1_O34596--2prv__B1_O34596,0.728827470818963,0.5,True
6kvn__A1_A0A1S4CVP6--6kvn__A2_A0A1S4CVP6,0.7900090161784189,0.5,True
5tgq__A1_A0A1S4NYF7--5tgq__A2_A0A1S4NYF7,0.9201672114293474,0.5,True
6b3i__A1_P27216--6b3i__B1_P27216,0.5162857425642657,0.5,True
1rqn__A1_O31156--1rqn__B1_O31156,0.9062476911467844,0.5,True
5l7z__A1_P28750--5l7z__A2_P28750,0.8050916482171159,0.5,True
7ljh__A1_Q769D3--7ljh__B2_Q769D3,0.9005222690580295,0.5,True
7xmw__B1_U2Q5N5--7xmw__A1_U2Q5N5,0.312894750418242,0.5,True
7w2o__A1_Q9HZP1--7w2o__B1_Q9HZP1,0.8637924097626322,0.5,True
7uay__A1_P08684--7uay__A2_P08684,0.9979091074378859,0.5,True
5czf__D1_A0A0H3JHG3--5czf__A1_Q8XAD5,0.49709585950362833,0.5,False
2p6p__A1_Q9RPA7--2p6p__B1_Q9RPA7,0.6203010019104277,0.5,True
4u64__A1_Q5ZXA3--4u64__A2_Q5ZXA3,0.9394369058727853,0.5,True
7qbm__A1_P43235--7qbm__B1_P43235,0.41194487047503003,0.5,True
3nvm__A1_Q8U4M1--3nvm__B1_Q8U4M2,0.9295012746813629,0.5,False
3wws__A1_Q13188--3wws__D1_Q13188,0.8853380305424983,0.5,True
4c87__A1_F9UMG7--4c87__B1_F9UMG7,0.8822829085654231,0.5,True
2d7e__A1_P17888--2d7e__B1_P17888,0.46527293846939566,0.5,True
7xro__A1_Q9RQ20--7xro__B1_Q9RQ20,0.5046118816218218,0.5,True
5yrj__A1_B6F0T7--5yrj__B1_A0A2Z5V8U8,0.792668366755535,0.5,False
6yev__C1_P0A744--6yev__A1_P0AA25,0.9377107150944033,0.5,False
8glr__A1_Q8ZJX7--8glr__A2_Q8ZJX7,0.6339074377024144,0.5,True
5fwt__A1_Q96MU8--5fwt__A2_Q96MU8,0.7469268830953619,0.5,True
8enb__B1_A7DT38--8enb__A1_A0T3A2,0.5876153320477349,0.5,False
8h4p__A1_I1S104--8h4p__B1_I1S104,0.9403032171207989,0.5,True
8elf__B1_Q6DYE4--8elf__A1_Q6DYE4,0.6703881015698543,0.5,True
1ax2__A1_P16404--1ax2__A2_P16404,0.6459543138000352,0.5,True
3q9l__A1_P0AEZ3--3q9l__B1_P0AEZ3,0.6323445914534389,0.5,True
2yk4__A1_P72097--2yk4__A2_P72097,0.29240638006583775,0.5,True
7u5f__C1_Q9HTM2--7u5f__A1_Q9HTM2,0.9234090907042902,0.5,True
5xt3__B1_A0A0U1MUE2--5xt3__A1_A0A0U1MUE2,0.8213747162288483,0.5,True
5iws__A1_Q63GK8--5iws__A2_Q63GK8,0.7985304775845772,0.5,True
2owl__A1_P36767--2owl__B1_P36767,0.7945695057177986,0.5,True
8bca__A1_O75643--8bca__B1_Q6P2Q9,0.77566164540668,0.5,False
3mcb__B1_P20290--3mcb__A1_Q13765,0.7545259053740261,0.5,False
8gy8__A1_Q8TZT0--8gy8__B1_Q8TZT0,0.791866807774156,0.5,True
8dkd__A1_G7CIP4--8dkd__A2_G7CIP4,0.9280301690585773,0.5,True
7dus__A1_P08965--7dus__A2_P08965,0.07834276497504652,0.5,True
8gb1__A1_Q9Y3Z3--8gb1__B1_Q9Y3Z3,0.5120868919288017,0.5,True
6ikj__A1_Q9I4L6--6ikj__B1_Q9I4L6,0.4968869663877464,0.5,True
8b2q__A1_D0EM77--8b2q__B1_G8UM88,0.6103293478429515,0.5,False
5x42__A1_Q5ZYB7--5x42__B1_Q5ZYC6,0.7233064217553833,0.5,False
1vkh__A1_Q04066--1vkh__B1_Q04066,0.8894195979498316,0.4999926551597503,True
5omd__A1_Q04377--5omd__A2_Q04377,0.9594632752482211,0.5,True
2vsg__A1_P26329--2vsg__B1_P26329,0.48208654330765355,0.5,True
1jql__A1_P0A988--1jql__B1_P28630,0.9503100492930806,0.5,False
1w9c__A1_O14980--1w9c__B1_O14980,0.07972210843643848,0.5,True
3upl__A1_Q2YIM3--3upl__B1_Q2YIM3,0.9050228444001951,0.5,True
3tm2__A1_Q83XN4--3tm2__B1_Q83XN4,0.7042896427843253,0.5,True
7yls__B1_C5CSP6--7yls__A1_C5CSP7,0.9014114529419532,0.5,False
7psg__A1_Q6D515--7psg__B1_Q6D515,0.9147937589964987,0.5,True
8pte__A1_P00698--8pte__A2_P00698,0.581592638908187,0.5,True
7ykc__A1_P14843--7ykc__B1_P14843,0.935128551759917,0.5,True
3wxe__A1_E7FEV5--3wxe__B1_P0CG48,0.3886337494647836,0.5,False
2vjf__A1_Q00987--2vjf__B1_O15151,0.5803612021693917,0.5,False
7pvo__A1_P56137--7pvo__A2_P56137,0.5920752154353882,0.5,True
3kkd__A1_Q9HXU1--3kkd__A2_Q9HXU1,0.663638009665003,0.5,True
3mph__A1_P19801--3mph__B1_P19801,0.8874940916681497,0.5,True
6jc4__A1_A6TE44--6jc4__D1_A6TE44,0.5966268512147858,0.5,True
2rf4__A1_P46669--2rf4__B1_P50106,0.5287026676370663,0.5,False
4huz__A1_Q9ZBB0--4huz__A2_Q9ZBB0,0.6857383601317844,0.5,True
5gtj__B1_Q9BV47--5gtj__A1_Q9BV47,0.472552368762826,0.5,True
2xw7__A1_A0QP85--2xw7__B1_A0QP85,0.4983698400213492,0.5,True
6l6h__A1_Q5ZZ22--6l6h__B1_Q5ZZ22,0.925409151902708,0.5,True
8p7m__A1_P0A434--8p7m__A2_P0A434,0.9487477508609771,0.5,True
6gou__A2_P97275--6gou__C1_P97275,0.621043428420875,0.5,True
2wwo__A1_Q66ED7--2wwo__B1_Q66ED7,0.46783120873805084,0.5,True
8i3n__A1_Q12178--8i3n__C1_Q12178,0.9288414971821963,0.5,True
1s7i__A1_Q9I3Z5--1s7i__A2_Q9I3Z5,0.652813885135051,0.49988726042841036,True
3szw__A1_B7JBP8--3szw__A2_B7JBP8,0.9116066205546514,0.5096153846153846,True
2nys__A1_Q8U561--2nys__B1_Q8U561,0.7780362091428538,0.5,True
3gr5__A1_O52135--3gr5__A2_O52135,0.6210331087979215,0.5,True
3ded__A1_Q7P1I2--3ded__B1_Q7P1I2,0.6453908389569176,0.5,True
5b5x__A1_Q75NZ1--5b5x__A2_Q75NZ1,0.544595876751648,0.5,True
7qga__A1_P21589--7qga__A2_P21589,0.8878250567691952,0.5,True
8ow9__A1_G8UQH9--8ow9__B1_G8UQH9,0.8748134002278559,0.5,True
3bcw__B1_A0A0H3LK92--3bcw__A1_A0A0H3LK92,0.628904667712167,0.5,True
6duy__A1_Q61301--6duy__B2_Q61301,0.4734299676962298,0.5,True
5zyf__A1_Q99ZW0--5zyf__B1_Q99ZW0,0.6750345308497941,0.499960514885888,True
2b7o__A1_O53512--2b7o__B1_O53512,0.8082542005813653,0.5,True
1v57__A1_P77202--1v57__A2_P77202,0.7745828796032652,0.5,True
7cov__A1_Q06801--7cov__A2_Q06801,0.9075584361052408,0.5,True
6ign__A1_Q61768--6ign__A2_Q61768,0.8720720460940723,0.5,True
3be5__A1_Q8XBR1--3be5__B1_Q8XBR1,0.7625760325538247,0.5,True
4hn3__B1_Q8Y6D1--4hn3__A1_Q8Y6D1,0.8708233563504212,0.5,True
4o8y__A1_Q08723--4o8y__B1_P43588,0.7012743995134746,0.5,False
7uoi__A1_A0A1S8KJG1--7uoi__A2_A0A1S8KJG1,0.9333270006161025,0.5,True
7vma__A1_C5A758--7vma__A2_C5A758,0.803186977517399,0.5,True
7d9m__A1_A0A4D6NYT7--7d9m__B2_A0A4D6NYT7,0.6866115170347974,0.5,True
2py8__C1_Q55670--2py8__B1_Q55670,0.8020789758242106,0.5,True
7ytl__A1_E1BR24--7ytl__A2_E1BR24,0.6577062896404389,0.5,True
7vxt__A1_Q63W52--7vxt__B1_Q63W52,0.6322972410766696,0.5,True
8c9v__A1_Q1JXV1--8c9v__A2_Q1JXV1,0.9608173917207364,0.5,True
3tsn__A1_Q9PN58--3tsn__B1_Q9PN58,0.7753668162180126,0.5,True
8j51__A1_A0A0E9MUN5--8j51__B1_A0A0E9MUN5,0.9544831840637997,0.5,True
6cz9__A1_Q7WTU0--6cz9__B1_Q7WTT9,0.9194534626612423,0.5,False
8pzo__A1_F9UT68--8pzo__A2_F9UT68,0.7523311477736089,0.5,True
3tqg__B1_Q83DG4--3tqg__A1_Q83DG4,0.8119353658267523,0.5,True
7czg__C1_Q8TDY2--7czg__A1_Q8TDY2,0.62814572341,0.5,True
7eev__B1_A0A3D9R4E8--7eev__A1_A0A3D9R4E8,0.7455627717940561,0.5,True
8ori__A1_Q2KB35--8ori__B1_Q2KB35,0.8242624660364308,0.5,True
8pmr__A1_Q4WL81--8pmr__B1_Q4WL81,0.5567061175090185,0.5,True
3fmy__A1_Q46864--3fmy__A2_Q46864,0.9051088900923966,0.5,True
7f0o__B1_A0A2I1C3W8--7f0o__A1_A0A2I1C3W8,0.8965582709036479,0.5,True
3ojm__B1_P21802--3ojm__A1_P05230,0.5923051982525862,0.5,False
6xgz__A1_P63386--6xgz__B1_P64602,0.7691772255958687,0.5,False
7x2y__A1_A0A076PYH9--7x2y__B1_A0A076PYH9,0.9436576344957007,0.5,True
5i4h__B1_P07711--5i4h__A1_P07711,0.2262528755778864,0.5,True
4e6h__A1_Q6CII8--4e6h__A2_Q6CII8,0.8408792373976599,0.5,True
6x7p__A1_Q8GGP1--6x7p__A2_Q8GGP1,0.5815114241162492,0.5,True
3exq__A1_Q03S37--3exq__A2_Q03S37,0.6431705580078952,0.5,True
2qvc__A1_Q9WXW9--2qvc__B2_Q9WXW9,0.9713539577707069,0.5,True
6yoa__A1_O82015--6yoa__B1_O82015,0.5231895792994191,0.5,True
7qnm__A1_G0L7V6--7qnm__B1_G0L7V6,0.9862618089338259,0.5,True
3p8v__A1_Q9V228--3p8v__B1_Q9V228,0.6362238969468443,0.5,True
4re1__A1_P28347--4re1__D1_P46937,0.29096922521495794,0.5,False
7sq2__B1_Q01970--7sq2__A1_P21279,0.7765360335206907,0.5,False
4lqx__B1_Q97VD2--4lqx__A1_Q97VD2,0.6591303330258684,0.5,True
3owf__A1_P00644--3owf__A2_P00644,0.4295519657220936,0.5,True
2dpl__A1_O59072--2dpl__B1_O59072,0.8464329308586845,0.5,True
4ap5__A1_Q9Y2G5--4ap5__B1_Q9Y2G5,0.7360780679460346,0.5,True
8evy__A1_Q9LCT6--8evy__A2_Q9LCT6,0.41175420519585937,0.5,True
5npo__A1_P62593--5npo__B1_D3INY1,0.6835210686579896,0.5,False
5uhs__A1_B0SR19--5uhs__B1_B0SR19,0.5708860507480813,0.5,True
4hsl__A1_Q1LCS4--4hsl__A2_Q1LCS4,0.5209664666441018,0.5,True
5euv__A1_D1LZK0--5euv__B1_D1LZK0,0.6362673802851241,0.5,True
7tmg__A1_A0A0H3GLR2--7tmg__B1_A0A0H3GLR2,0.7967034354184064,0.5,True
7tgn__B1_A0A1Q5L7T0--7tgn__A1_A0A1Q5L7T0,0.6815898577935072,0.5,True
4fz2__A1_C7DIA5--4fz2__B1_C7DIA5,0.59710864401133,0.5,True
6j2l__A1_P37793--6j2l__B1_P37793,0.5823302878600916,0.5,True
5grk__A1_Q89XR0--5grk__B1_Q89XR0,0.8492822653142251,0.5,True
3qxs__A1_O24872--3qxs__A2_O24872,0.9825321249697168,0.5,True
8q3y__A1_E8URK0--8q3y__B1_E8URK0,0.8219624442608708,0.5,True
1pyb__A1_O66738--1pyb__B1_O66738,0.7847260770982948,0.5,True
7yto__A1_Q9RHU9--7yto__B1_Q9RHU9,0.7518197406482264,0.5,True
5vae__A1_Q9AET9--5vae__B1_Q9AET7,0.8919697481863398,0.5,False
1zrs__A1_Q9HTZ1--1zrs__B1_Q9HTZ1,0.8536088970777483,0.5,True
2cg5__A1_Q9NRN7--2cg5__B1_P49327,0.6403335264322317,0.5,False
4yk8__B1_O36019--4yk8__A1_O13978,0.5854524057959,0.5,False
2iml__A1_O28442--2iml__C1_O28442,0.6378368885894901,0.5,True
6iru__A1_Q9RVF9--6iru__A2_Q9RVF9,0.8931490555458179,0.5,True
4x36__A1_P06653--4x36__A2_P06653,0.9051601164380366,0.5,True
8iev__A1_Q0PAW2--8iev__B1_Q0PAW2,0.6627071102296488,0.5,True
3cyg__A1_A7HM60--3cyg__B1_A7HM60,0.6296448087431694,0.5,True
5kvr__A1_P0ACL9--5kvr__A2_P0ACL9,0.8099730829629722,0.5,True
1na8__A1_Q9UJY5--1na8__B1_Q9UJY5,0.30685098863334126,0.5,True
5fis__A1_H9IUR0--5fis__B1_H9IUR0,0.6609894765717824,0.5,True
5yo8__A1_A0A094YZ24--5yo8__B1_A0A094YZ24,0.9623067587040988,0.5,True
7z6m__A1_A0A0H3LM39--7z6m__A2_A0A0H3LM39,0.8330629623808942,0.5,True
2yxd__A1_Q57836--2yxd__B1_Q57836,0.9341579430500051,0.5,True
1aua__A1_P24280--1aua__A2_P24280,0.9844620102074885,0.5,True
7zw3__A1_P27338--7zw3__B1_P27338,0.8032339736166165,0.5,True
5xjx__I1_C0LGW6--5xjx__A1_Q9SSD1,0.36608498038291093,0.5,False
7xub__A1_Q96KQ7--7xub__B1_Q96KQ7,0.5419946289623925,0.5,True
5xlu__A1_Q65KZ6--5xlu__B1_A9YTT0,0.32053590723690917,0.5,False
8smq__A1_Q182N1--8smq__B1_Q182N1,0.33447647092136357,0.5,True
8eni__A1_A0A0H3JRH8--8eni__A2_A0A0H3JRH8,0.7616244180490195,0.5,True
1q77__A1_O66565--1q77__B1_O66565,0.5314227333841788,0.5,True
6nbp__A1_A0A4P1LYI6--6nbp__A2_A0A4P1LYI6,0.9824913261957162,0.5,True
4wu2__A1_Q7WUJ1--4wu2__B1_Q7WUJ1,0.9855710418128948,0.5,True
2nvn__A1_Q31MH7--2nvn__A2_Q31MH7,0.43860729355785666,0.5,True
3zyh__A1_Q05097--3zyh__B1_Q05097,0.9602151815902575,0.5,True
8a21__A1_A0QJI1--8a21__A2_A0QJI1,0.946951010910857,0.5,True
8ho2__A1_A0A191T7N6--8ho2__B1_A0A191T7N6,0.47624267401199294,0.5,True
2j8q__A1_O43809--2j8q__B1_O43809,0.7994996708713797,0.5,True
1cx8__A1_P02786--1cx8__B1_P02786,0.8738014979387764,0.5,True
5zfk__A1_Q31LX1--5zfk__B1_Q31LX1,0.9739262747597105,0.5,True
2qti__A1_Q8EF26--2qti__A2_Q8EF26,0.8257098470242341,0.5083496531098662,True
1kve__B1_P19972--1kve__A1_P19972,0.3055838401312948,0.5,True
4kjq__A1_P37019--4kjq__B1_P37019,0.7914984632866429,0.5,True
8qyw__A1_Q9NVS9--8qyw__A2_Q9NVS9,0.59992086303872,0.5,True
7t1e__A1_P78556--7t1e__B1_P78556,0.3940156052055741,0.5,True
2ev4__A1_P9WMU9--2ev4__B1_P9WMU9,0.827614280557204,0.5,True
4m1j__A1_Q9I194--4m1j__B1_Q9I194,0.30327674706982843,0.5,True
8bj3__A1_A0A072U7F9--8bj3__B1_A0A072U7F9,0.9041440922471157,0.5,True
5fcl__A1_Q6D0X0--5fcl__B1_Q6D0X0,0.5120334172246332,0.5,True
2evr__A1_B2J9B4--2evr__A2_B2J9B4,0.8069036776004935,0.5,True
4ftw__A1_Q3J2V1--4ftw__A2_Q3J2V1,0.8081899619555365,0.5,True
2q6q__B1_P36094--2q6q__A1_P36094,0.569150315029967,0.5,True
8hx8__A1_Q6L8Q5--8hx8__B1_Q6L8Q5,0.8484137545404784,0.5,True
7zgn__A1_U6RE59--7zgn__B1_U6RE59,0.761018452325682,0.5,True
7fiw__A1_B3CP63--7fiw__B1_Q73HD5,0.6007215549324256,0.5,False
4xd9__A1_C8VMF9--4xd9__B1_Q5B6T5,0.8037725069712716,0.5,False
3dme__A1_Q7VU70--3dme__B1_Q7VU70,0.5609876584680209,0.5,True
2w6a__A1_Q9Z272--2w6a__B1_Q9Z272,0.9615271231649829,0.5,True
6oje__B1_Q5S007--6oje__A1_Q5S007,0.14674036293607978,0.5,True
7mu0__A1_P9WQK3--7mu0__B1_P9WQK3,0.18761239230201096,0.5,True
4az3__A1_P10619--4az3__B1_P10619,0.298139712791034,0.5,True
7ug8__B1_Q0I6F8--7ug8__A1_Q0I6F8,0.6412820861917581,0.5,True
6mxv__B1_Q5NFU2--6mxv__A1_Q5NFU2,0.5677833285269405,0.5,True
8ug3__B1_P50053--8ug3__A1_P50053,0.8922215788457827,0.5,True
7x6f__B1_P0AD45--7x6f__A1_P0AD45,0.8806421892924862,0.5,True
5n0s__B1_A0A2R2JFI5--5n0s__A1_A0A2R2JFI5,0.6956752498565019,0.5,True
6m9g__A1_Q5D6Y4--6m9g__B2_Q5D6Y4,0.8205820171072684,0.5,True
7zvz__A1_G1UBD5--7zvz__B1_G1UBD5,0.6752136154502357,0.49991958829205535,True
3b5m__B1_Q7UTD8--3b5m__A1_Q7UTD8,0.6201263948276429,0.5,True
6v0a__B1_B3E641--6v0a__A1_B3E641,0.9779644986105609,0.5,True
3bpj__C1_O75822--3bpj__A1_O75822,0.8657204855882176,0.5,True
7y51__A1_Q8RBF4--7y51__A2_Q8RBF4,0.5899256449636008,0.5,True
6u11__A1_A0A1L8HDP6--6u11__A2_A0A1L8HDP6,0.5962979529429838,0.5,True
8i5w__A1_Q8BZN6--8i5w__B1_P63000,0.7997662688197498,0.5,False
3rv1__B1_A7TR32--3rv1__A1_A7TR32,0.773306333015202,0.5,True
4k3z__A1_Q8YCV0--4k3z__A2_Q8YCV0,0.949010285790644,0.5,True
5v5t__A1_Q830T5--5v5t__D1_Q830T5,0.7011905007819588,0.5,True
6fp5__B1_Q960Q9--6fp5__A1_Q960Q9,0.2506568965743001,0.5,True
3isx__A1_Q9X0E0--3isx__A2_Q9X0E0,0.5893437162831686,0.5,True
2vkj__A1_Q9X1W9--2vkj__B1_Q9X1W9,0.8981518377745082,0.5,True
5csr__D1_Q9HLB6--5csr__A1_Q9HLB6,0.5872711035822462,0.5,True
7tur__B1_P00503--7tur__A1_P00503,0.8800087128102214,0.5,True
3vol__A1_Q9I6V6--3vol__A2_Q9I6V6,0.9090720328117755,0.5,True
3jqz__A1_P02768--3jqz__B1_P02768,0.7863769920719187,0.5,True
1vkd__A1_Q9X0V2--1vkd__B1_Q9X0V2,0.6293432089371043,0.5,True
8b31__B1_A0A2W4LV58--8b31__A1_A0A2W4LV58,0.6950317867095779,0.5,True
5vlb__A1_G7IKX3--5vlb__B1_G7IKX3,0.8537650705171358,0.5,True
2oer__B1_Q9I3U1--2oer__A1_Q9I3U1,0.42084317198191157,0.5,True
2ylz__A1_Q47PU3--2ylz__A2_Q47PU3,0.5848163164213831,0.5,True
8bjp__B1_A0A1W6VSR4--8bjp__A1_A0A1W6VSR4,0.771834871720653,0.5,True
6kcx__A1_Q9WZL1--6kcx__A2_Q9WZL1,0.7377298920006627,0.5,True
7xmj__C1_A9QSE8--7xmj__A1_A9QSE8,0.7503879501739457,0.5,True
1pix__A1_Q06700--1pix__B1_Q06700,0.7269909895493157,0.5,True
3l8i__B1_Q9BUL8--3l8i__A1_Q9BUL8,0.7200395140082425,0.5,True
6l2u__A1_Q27RN2--6l2u__B1_Q27RN2,0.3791727904112484,0.5,True
6sl2__A1_C4LWU6--6sl2__A2_C4LWU6,0.5872625613982371,0.5,True
1u6z__B1_P0AFL6--1u6z__A1_P0AFL6,0.8790464228478743,0.5,True
3pm9__A1_Q6NAV4--3pm9__B1_Q6NAV4,0.7337912162148537,0.5,True
3a5y__B1_P0A8N7--3a5y__A1_P0A8N7,0.7094875692070035,0.5,True
6bn1__B1_Q9VCR6--6bn1__A1_Q8T0S6,0.6401946921643366,0.5,False
8ji6__A1_A0A861B387--8ji6__B1_A0A861B387,0.7809172300359741,0.5,True
2pjs__A1_A9CIG0--2pjs__B1_A9CIG0,0.915778878865759,0.5201693326419083,True
8ke8__A1_Q9HXS0--8ke8__B1_Q9HXS0,0.4733349838883606,0.5,True
3h7l__A1_Q87LX4--3h7l__A2_Q87LX4,0.6847579603465143,0.5,True
7zs8__A1_A0A1D3HIT0--7zs8__B1_A0A1D3HIT0,0.7975209703999819,0.5,True
2vc4__A1_P02879--2vc4__A2_P02879,0.4048480637947979,0.5,True
1xe8__B1_Q03629--1xe8__A1_Q03629,0.8075804171523523,0.5,True
7tn6__A1_Q84Y01--7tn6__A2_Q84Y01,0.46855900876232204,0.5,True
7yo6__A1_G8GLP2--7yo6__A2_G8GLP2,0.9748871800638694,0.5,True
8k76__A1_Q8R6D8--8k76__B1_Q8R6D8,0.6108956363382854,0.5,True
1vgx__B1_Q9RRU8--1vgx__A1_Q9RRU8,0.73399192657386,0.5,True
3cet__B1_Q6M145--3cet__A1_Q6M145,0.9321668926036482,0.5,True
4zlh__B1_P0AB60--4zlh__A1_P0AB60,0.5768261449768299,0.5,True
2y84__A1_Q7WT50--2y84__E1_Q7WT50,0.9593055480218194,0.5,True
4me9__A1_Q736B0--4me9__B1_Q736B0,0.9415857592778488,0.5,True
2z51__A1_Q93W20--2z51__A2_Q93W20,0.6500821980581784,0.5,True
8ajq__A1_Q9I0C0--8ajq__B1_Q9I0C0,0.7291189462676095,0.5,True
3gdm__A1_P03962--3gdm__B1_P03962,0.7310828104975959,0.5,True
7yfj__A2_Q15007--7yfj__B1_Q15007,0.8233067160502567,0.5,True
2rkl__F1_Q06263--2rkl__E1_Q06263,0.5442666662343354,0.5,True
8cwp__A1_Q06282--8cwp__A2_Q06282,0.3988891858360659,0.5,True
5j1l__B1_O26069--5j1l__A1_O26068,0.7633735608334121,0.5,False
6j26__A1_Q5JIZ3--6j26__B1_Q5JIZ3,0.8050626569147941,0.5,True
6jqv__A1_Q8LC68--6jqv__B1_Q8LC68,0.8155997414854637,0.5,True
2ns9__A1_Q9Y9R3--2ns9__B1_Q9Y9R3,0.7195330814087185,0.5,True
5l8s__A1_E1VFE0--5l8s__C1_E1VFE0,0.9604473249295805,0.5,True
6zrw__A1_B3VS76--6zrw__B1_B3VS76,0.640477231557249,0.5,True
5fcn__B1_Q66GS9--5fcn__A1_Q66GS9,0.791024936488027,0.5,True
7vl1__A1_I0AIT9--7vl1__B1_I0AIT9,0.6787153178147565,0.5,True
2rek__B2_Q9ADD9--2rek__A1_Q9ADD9,0.7833950343838333,0.5,True
2zrt__A1_O75340--2zrt__B1_O75340,0.7608444664357579,0.5,True
2f1m__A1_P0AE06--2f1m__B1_P0AE06,0.6959036183410541,0.5,True
3t5t__B1_Q15JG1--3t5t__A1_Q15JG1,0.9226397151971466,0.5,True
4z9r__B1_Q8EGK4--4z9r__A1_Q8EGK4,0.9125301880559518,0.5,True
2oze__A1_Q57280--2oze__A2_Q57280,0.723897564356882,0.5,True
1x6m__A1_Q51669--1x6m__D1_Q51669,0.4725026415337834,0.5,True
4pfc__A1_P14735--4pfc__B1_P14735,0.9420984436954631,0.5,True
6byi__A1_Q8PI23--6byi__B1_Q8PI23,0.6705949455833379,0.5,True
3aaa__A1_P13127--3aaa__B1_P14315,0.9641193480421955,0.5,False
1xgm__A1_P56218--1xgm__B1_P56218,0.5313275776661242,0.5,True
5mrv__A1_Q8IVL8--5mrv__C1_P86912,0.7553273918406931,0.5,False
1vhq__A1_P0ABU5--1vhq__B1_P0ABU5,0.722698504741841,0.5,True
2pqv__B1_A0A0H2UMZ7--2pqv__A1_A0A0H2UMZ7,0.5995237833076414,0.5,True
8pq4__A1_P69782--8pq4__A2_P69782,0.7279014602418858,0.5076923076923077,True
8a14__A1_A0A0D1E4Q7--8a14__C2_A0A0D1E4Q7,0.6003043481504136,0.5,True
1dtd__A1_P48052--1dtd__B1_P81511,0.5692538971044364,0.5,False
3c6n__B1_Q570C0--3c6n__A1_Q39255,0.8727249267974132,0.5,False
3ctz__A1_Q9NQW7--3ctz__A2_Q9NQW7,0.7916061635645973,0.5,True
1wab__A1_Q29460--1wab__A2_Q29460,0.5963993362440564,0.5,True
1zl5__A1_Q00496--1zl5__B1_Q00496,0.8492410120063569,0.5,True
5dbj__A1_Q4KCZ0--5dbj__A2_Q4KCZ0,0.9456260448479699,0.5,True
7qsq__B1_Q9X053--7qsq__A1_Q9X053,0.33418810756741724,0.5,True
7duc__B1_Q2G2U4--7duc__A1_Q2G2U4,0.7631948653153104,0.5,True
2cdu__A1_Q9F1X5--2cdu__B1_Q9F1X5,0.8702901711403663,0.5,True
8g0f__A1_Q6NK15--8g0f__B1_Q6NK15,0.6755081922382353,0.5,True
8a45__B1_B7V7R4--8a45__A1_B7V7R4,0.6443350555661747,0.5,True
6no3__A1_B3FHP0--6no3__B1_B3FHP0,0.6175917669640929,0.5,True
3g7p__A1_B7JA91--3g7p__A2_B7JA91,0.8473295809881175,0.5,True
8khq__A1_A0A1I5R890--8khq__C1_A0A1I5R890,0.8127236422972011,0.5,True
7owz__B1_Q9JMA2--7owz__A1_B8ZXI1,0.9486122833314299,0.5,False
6dk7__D1_Q9HUV7--6dk7__A1_Q9HUV7,0.8277753893124415,0.5,True
8f2l__A1_P9WJY9--8f2l__B1_P9WJY9,0.9606581984084048,0.5,True
8h1l__B1_A0A7U4E834--8h1l__A1_A0A7U4E834,0.6604947080977466,0.5,True
1nye__A1_P0C0L2--1nye__B1_P0C0L2,0.8816780658098686,0.5,True
2ou6__A1_Q9RVG4--2ou6__A2_Q9RVG4,0.564119298245614,0.5,True
6hp3__A1_O31927--6hp3__B1_O31927,0.863392572277089,0.5,True
8hs0__A1_Q9LIR4--8hs0__A2_Q9LIR4,0.6929429566593637,0.5,True
6gz1__A1_P10151--6gz1__A2_P10151,0.3713225434851474,0.5,True
8pbu__A1_P27708--8pbu__A2_P27708,0.859726179254186,0.5,True
7p0h__A1_O26008--7p0h__C1_O26008,0.813121967267045,0.5,True
7vzy__B1_Q84G19--7vzy__A1_Q84G19,0.9642044099659424,0.5,True
2q3t__A1_Q9LUJ3--2q3t__A2_Q9LUJ3,0.810639464425742,0.5,True
7pt0__A1_Q9KYU4--7pt0__B1_Q9KYU4,0.4775422775494664,0.5,True
6m09__B1_Q8LDU1--6m09__A1_Q8LDU1,0.8375558383222224,0.5,True
7uxs__B1_J8G6Z1--7uxs__A1_J8G6Z1,0.6790902362249305,0.5,True
2q03__A1_Q12ML0--2q03__B1_Q12ML0,0.940336016420943,0.5074626865671642,True
6kcp__B1_Q9VAA9--6kcp__A1_Q9VAA9,0.2773521279732069,0.5,True
6sj4__B1_A0A022MQ12--6sj4__A1_A0A022MQ12,0.9270400237555021,0.5,True
5cyy__A1_P9WG63--5cyy__B1_P9WG63,0.6974088668652311,0.5,True
3tj3__A1_P52294--3tj3__B1_Q9UKX7,0.5591022898165461,0.5,False
3i32__A1_Q72GF3--3i32__A2_Q72GF3,0.9801311130791766,0.5,True
1jk9__B1_P40202--1jk9__A1_P00445,0.5009585577262062,0.5,False
4e4w__A1_P38920--4e4w__B1_P14242,0.7045532377350584,0.5,False
5yw5__A1_Q5NII9--5yw5__D1_Q5NII9,0.8317596929695261,0.5,True
3ab8__A1_Q5SLE3--3ab8__B1_Q5SLE3,0.504048159863993,0.5,True
3mxt__A1_Q9PIK2--3mxt__A2_Q9PIK2,0.5926325461960626,0.5,True
7war__B1_A0A1B6PFV1--7war__A1_A0A1B6PFV1,0.9078547747894423,0.5,True
7fn1__B1_P32357--7fn1__A1_P33334,0.7873144251367332,0.5,False
7xl7__A1_A0A2J0R8J6--7xl7__B1_A0A2J0R8J6,0.7967466346066268,0.5,True
8vc5__A1_Q9XCL6--8vc5__B1_Q9XCL6,0.9347820371736273,0.5,True
5jfz__A1_P20605--5jfz__B1_P0ADX5,0.6449808151741112,0.5,False
5g37__B1_P10565--5g37__A1_P06575,0.6172651983952868,0.5,False
2gjx__A1_P06865--2gjx__B1_P07686,0.9697621333124199,0.5,False
3aqb__B1_O66129--3aqb__A1_O66127,0.693528975188781,0.5,False
8q1a__A1_Q16790--8q1a__C2_Q16790,0.5437461676144384,0.5,True
5ez1__B1_P56112--5ez1__A1_P56112,0.7036270152369697,0.5,True
3lwd__A1_Q1QTX1--3lwd__A2_Q1QTX1,0.4938878414564174,0.5,True
8dye__A1_P31040--8dye__B1_Q5VUM1,0.4011627812232279,0.5,False
2ch6__A1_Q9UJ70--2ch6__D1_Q9UJ70,0.8231715772299278,0.5,True
3gpn__A1_P15873--3gpn__A2_P15873,0.9308619967569077,0.5,True
7th0__A1_P31667--7th0__A2_P31667,0.7808921262807307,0.5,True
1vbi__A1_Q53W84--1vbi__A2_Q53W84,0.8793720309979922,0.5,True
6saz__B1_Q9UGM5--6saz__A1_P07584,0.585074233944725,0.5,False
6l9x__A1_F6VRB7--6l9x__A2_F6VRB7,0.47032732100172275,0.5,True
3ica__B1_Q7MXR4--3ica__A1_Q7MXR4,0.7105837383423736,0.5,True
6o15__A1_P39353--6o15__B1_P39353,0.9169388998365284,0.5,True
2ohc__A1_Q9HIY5--2ohc__B1_Q9HIY5,0.9521223021582734,0.5,True
8qfo__A1_A0A840P3H4--8qfo__B1_A0A840P3H4,0.6886511753440909,0.5,True
5zmy__A1_F1LJ99--5zmy__B1_F1LJ99,0.6329280482130673,0.5,True
6tx3__B1_Q9NWY4--6tx3__A1_Q9UGN5,0.795036630839753,0.5,False
4tx5__A1_Q9NR28--4tx5__B1_Q9NR28,0.3867758068662507,0.5,True
7wnk__B1_A0A1E5TT85--7wnk__A1_A0A1E5TT85,0.7673788273368563,0.5,True
2fn0__B1_Q9X9I8--2fn0__A1_Q9X9I8,0.8258941317841695,0.5,True
5x89__A1_Q8TGZ7--5x89__A2_Q8TGZ7,0.8702952685182292,0.5,True
2j0t__A1_P03956--2j0t__D1_P01033,0.44130387653377634,0.5,False
2i9i__A1_O25234--2i9i__A2_O25234,0.5464890439765889,0.5,True
3rtr__G1_Q13616--3rtr__H1_P62877,0.9159447137910667,0.5,False
7lq2__A1_A0A023X3Z4--7lq2__B1_A0A023X3Z4,0.6924604114073627,0.5,True
6aht__A1_A1BZ87--6aht__B1_A1BYM8,0.8462058741288256,0.5,False
8czp__A1_A0A0D5ZBI4--8czp__B1_A0A0D5ZBI4,0.8564865999789566,0.5,True
4ro3__A1_M1RHE3--4ro3__B1_M1RHE3,0.4088253813479029,0.5,True
1c0n__A1_P77444--1c0n__A2_P77444,0.810276543727799,0.5,True
7tq0__A1_P00459--7tq0__A2_P00459,0.5060349894919001,0.5,True
1o4w__A1_O29664--1o4w__A2_O29664,0.6142439895177667,0.5,True
4jzp__A1_P51572--4jzp__B1_P51572,0.7445173947697242,0.5,True
5xdf__B1_Q5SL04--5xdf__A1_Q5SL04,0.7393158459623186,0.5,True
6kr4__A1_P10586--6kr4__E1_P60469,0.7313578694735895,0.5,False
1itv__A1_P14780--1itv__B1_P14780,0.7938734616377319,0.5,True
2qgi__A1_P05449--2qgi__B1_P05449,0.7534711567382976,0.5,True
1a19__A1_P11540--1a19__B1_P11540,0.4480694262413226,0.5,True
8a9x__A1_P15752--8a9x__C1_P15752,0.24475939875300384,0.5,True
8e9e__B1_Q02293--8e9e__A1_Q04631,0.8279218124196611,0.5,False
2h4c__A1_Q7T2R1--2h4c__B1_Q7T3T5,0.5491030688388489,0.5,False
2bdt__A1_Q9K6P2--2bdt__A2_Q9K6P2,0.4688914459884602,0.5,True
5vbn__A1_P56282--5vbn__B1_Q07864,0.9203146972293271,0.5,False
8gt0__A1_Q8I6U4--8gt0__B1_P01040,0.6587730384241768,0.5,False
5lrr__A1_P22262--5lrr__B1_P22262,0.8142613393373905,0.5,True
4y7i__A1_Q96EF0--4y7i__B1_Q96EF0,0.8497799647085003,0.5,True
1who__A1_P43214--1who__A2_P43214,0.7402222172364192,0.5,True
4g10__A1_Q9WXJ9--4g10__A2_Q9WXJ9,0.6215340666709502,0.5,True
8q4k__A1_O51180--8q4k__B1_O51180,0.47040648787370964,0.5,True
7rzb__A1_A0A229LVN5--7rzb__A2_A0A229LVN5,0.79691442193087,0.5,True
7toc__A1_A0A2H0ZMH9--7toc__B1_A0A2H0ZMH9,0.7540538867147929,0.5,True
7ula__B1_Q88ND0--7ula__A1_Q88NC7,0.9184776815354909,0.5,False
8bes__A1_A0A856TAI5--8bes__B1_A0A856TAI5,0.864369129681301,0.5,True
6j9n__A1_X5EPV9--6j9n__B1_A0A425B395,0.8181178883770791,0.5,False
1kll__A1_O05205--1kll__A2_O05205,0.9771559699111948,0.5342141820763745,True
7xky__A1_Q58690--7xky__B1_Q58034,0.798919987883063,0.4999909895298337,False
4p04__A1_A0A0D6H805--4p04__B1_A0A0D6H805,0.5805415743600071,0.5,True
1txz__A1_Q04299--1txz__A2_Q04299,0.6133092850834816,0.5,True
4af5__A1_Q8NQ97--4af5__A2_Q8NQ97,0.7552884452966748,0.5,True
8af9__A1_Q2YPZ9--8af9__H1_Q2YPZ9,0.8559509508523865,0.5,True
8gm9__D1_P9WPD3--8gm9__A1_P9WPD3,0.7992559870535988,0.5,True
7wsx__A1_D9PYV4--7wsx__B1_D9PYV4,0.7183928463771111,0.5,True
4g86__A1_Q79PF6--4g86__B1_Q79PF6,0.7463208485889536,0.5,True
3bq3__A1_Q12395--3bq3__A2_Q12395,0.6521623878135733,0.5,True
7eva__A1_P31490--7eva__A2_P31490,0.43580484324286695,0.5,True
8r7d__B1_G5EI71--8r7d__A1_Q8LJL3,0.3766391607058225,0.5,False
7pwy__A1_Q8TDX5--7pwy__B1_Q8TDX5,0.8711808173520437,0.5,True
3ut4__A1_A3DJ21--3ut4__B1_A3DJ21,0.5946996135134854,0.5,True
3ucy__A1_P0DP23--3ucy__A2_P0DP23,0.6480605487228004,0.5,True
8eei__B1_A0A807MR40--8eei__A1_A0A807MR40,0.9650093956006552,0.5,True
8bp5__B1_A0A369SI82--8bp5__A1_A0A369SI82,0.5087651379768567,0.5,True
3l34__B1_Q9HT87--3l34__A1_Q9HT87,0.37020956137921684,0.5,True
8god__A1_Q9UM07--8god__A2_Q9UM07,0.9774400650195959,0.5,True
1h9g__A1_P0A8V6--1h9g__A2_P0A8V6,0.9376756111196427,0.5114591860713049,True
8sz3__B2_Q9NY97--8sz3__A1_Q9NY97,0.5847612488813004,0.5,True
5a10__A1_G1FNI6--5a10__A2_G1FNI6,0.8701859938575349,0.5,True
7qoc__A1_Q8NQV9--7qoc__B1_Q8NQV9,0.6271680087424258,0.5,True
8a90__B1_A0A7S9SWM2--8a90__A1_A0A7S9SWM2,0.7692130542771228,0.5,True
3iaa__A1_Q8KNE0--3iaa__B1_Q8KNE0,0.7329065609746024,0.5,True
3n50__B1_Q9H4W6--3n50__A1_Q9H4W6,0.5017430738305868,0.5,True
2qg3__A1_O28220--2qg3__A2_O28220,0.5658878254166957,0.5,True
7ysk__A1_Q6D6Z8--7ysk__B1_Q6D6Z8,0.9804452110625647,0.5,True
7spz__A1_A8B3G9--7spz__A2_A8B3G9,0.9242408943010009,0.5,True
4q2e__B1_Q9X1B7--4q2e__A1_Q9X1B7,0.8646179045001717,0.5,True
8cff__A1_Q7SIF4--8cff__B1_Q7SIF3,0.9001936504585359,0.5,False
8bxl__A1_A0A075TRK9--8bxl__D1_A0A075TRK9,0.7679205225416424,0.5,True
5d4v__C1_Q57913--5d4v__A1_Q57913,0.617530567322647,0.5,True
2p23__A1_O95750--2p23__B1_O95750,0.6542724232550163,0.5,True
7u55__A1_A0A151EDA9--7u55__A2_A0A151EDA9,0.8671101173552376,0.5,True
1rkw__A1_P0A0N4--1rkw__C1_P0A0N4,0.5892155080269639,0.5,True
1ps6__A1_P19624--1ps6__B1_P19624,0.7852552704872855,0.5,True
2y21__L1_O28769--2y21__K1_O28769,0.5903136507459938,0.5,True
2z5i__A1_P58772--2z5i__B1_P58772,0.8208490346856834,0.5,True
5l7u__B1_A6L2E5--5l7u__A1_A6L2E5,0.6631054646779372,0.5,True
3egq__A1_O28458--3egq__B1_O28458,0.8326523058534029,0.4999649110495105,True
7r3a__A1_Q6LYR8--7r3a__E1_Q6LYR8,0.9006617442945957,0.5,True
7yq0__A1_A0A101DF63--7yq0__B1_A0A101DF63,0.7149255557910885,0.5,True
3wsc__A1_Q25C86--3wsc__B1_Q25C86,0.6370369323358547,0.5,True
4pib__B1_Q2SVW5--4pib__A1_Q2SVW5,0.9266071692859245,0.5,True
7vmx__B1_P9WNN1--7vmx__A1_P9WNM1,0.771846139137697,0.5,False
1ykd__A1_P94182--1ykd__B1_P94182,0.3976962614146364,0.5,True
4ux7__A1_Q183F3--4ux7__B1_Q183F3,0.8515661546424576,0.5,True
3k3d__A1_P9WLZ7--3k3d__A2_P9WLZ7,0.8484930749636079,0.5,True
7q1d__D2_P29808--7q1d__A1_P29808,0.8440808672314281,0.5,True
1sj5__A1_Q9WY07--1sj5__B1_Q9WY07,0.9649649272694893,0.5,True
4c12__A1_Q2FZP6--4c12__A2_Q2FZP6,0.7424181871498939,0.5,True
3k9m__A1_P07858--3k9m__B1_P01040,0.57442026025386,0.5,False
1ccd__A1_P17559--1ccd__A2_P17559,0.5384618104542577,0.4995615477364902,True
8xiz__A1_T2B4K5--8xiz__B1_T2B4K5,0.8961622083717842,0.5,True
7wz6__A1_P15806--7wz6__B1_P10085,0.4784979518992585,0.5,False
2i00__A1_Q831Y9--2i00__B1_Q831Y9,0.7960201736272388,0.5,True
5ffi__A2_Q44501--5ffi__B1_Q44501,0.2676174900766889,0.5,True
3cnk__A1_P21333--3cnk__B1_P21333,0.6214649860517206,0.5,True
8gt9__A1_A8MW95--8gt9__B1_A8MW95,0.7963900236393351,0.5,True
4l2w__B1_Q13464--4l2w__A1_Q13464,0.9669609880779748,0.5,True
3d0j__A1_Q97DI0--3d0j__A2_Q97DI0,0.8450554315936974,0.5,True
4ct0__A1_P97784--4ct0__B1_O54943,0.5267769440463564,0.5,False
3av0__A1_Q58719--3av0__B1_Q58718,0.8714585502146609,0.5,False
8bln__A1_C9QZ65--8bln__H1_C9QZ65,0.6070764783553286,0.5,True
2riq__A1_P09874--2riq__A2_P09874,0.31241606719072956,0.5,True
8hd5__A1_Q99U17--8hd5__B1_Q99U17,0.5373017863612295,0.4994356659142212,True
6xrb__A1_A0A0H3NHS6--6xrb__B1_A0A0H3NHS6,0.8992750479359879,0.5,True
8tn3__A1_Q643B9--8tn3__B1_Q643B9,0.8951937144502069,0.5,True
5ghs__A1_Q5JGL0--5ghs__C1_Q5JF31,0.8302858782863902,0.5,False
5umw__A1_A0A125SA26--5umw__F1_A0A125SA26,0.6779618392868114,0.5,True
7zcv__B1_A0A0E7KI02--7zcv__A1_A0A0E7KI02,0.7560566309703562,0.5,True
6scq__A1_Q8NNN6--6scq__A2_Q8NNN6,0.7423000722538685,0.5,True
7yfu__A1_Q8CG73--7yfu__B1_Q8CG73,0.8279166242040765,0.5,True
3ix1__A1_Q9K9G5--3ix1__B1_Q9K9G5,0.7912071204389923,0.5,True
7khs__A1_Q2CEE3--7khs__B1_Q2CEE3,0.9474478822808929,0.49999749493977835,True
8k5l__A1_A0A829KK40--8k5l__B1_A0A829KK40,0.8911315859692213,0.5,True
2g0t__B1_Q9WZQ3--2g0t__A1_Q9WZQ3,0.6865373596889789,0.5,True
3lr3__A1_Q63T74--3lr3__A2_Q63T74,0.8005685275932846,0.5,True
4pxq__A1_F1QR43--4pxq__B1_F1QR43,0.8943142998166385,0.5,True
4z5y__A1_Q88QV5--4z5y__A2_Q88QV5,0.8893283175677813,0.5,True
7zhf__A1_A0A0U2WWJ1--7zhf__A2_A0A0U2WWJ1,0.9070833327352401,0.5,True
6h86__A1_B5KM66--6h86__B1_B5KM66,0.5478943979855994,0.5,True
5un7__A1_Q9NUX5--5un7__B1_Q96AP0,0.6649782597857357,0.5,False
8juk__A1_V5VGC6--8juk__B1_V5VGC6,0.9727744357978816,0.5,True
8snp__A1_O09118--8snp__A2_O09118,0.7023378232773393,0.5,True
6wjc__A1_P11229--6wjc__B1_Q8QGR0,0.8714957805907173,0.5,False
8ard__A1_Q64331--8ard__A2_Q64331,0.6125148187657913,0.5,True
3mqi__A1_Q9UH73--3mqi__B1_Q9UH73,0.25549927249035603,0.5,True
3q01__A1_P04637--3q01__B1_P04637,0.7781563424518354,0.5,True
7ylq__A1_Q93CA6--7ylq__B1_Q93CA6,0.6788674553778492,0.5,True
2yvo__A1_Q5SJY9--2yvo__A2_Q5SJY9,0.6931590299221491,0.5031446540880503,True
3v78__B1_P95092--3v78__A1_P95092,0.3717001910586848,0.5,True
7pzh__A1_A0A174J845--7pzh__B1_A0A174J845,0.7478807515469406,0.5,True
3m0f__A1_Q4KDJ6--3m0f__B1_Q4KDJ6,0.7106473594548551,0.5,True
1y4h__A1_P0C1S6--1y4h__C1_Q9EYW6,0.6615252483127954,0.5,False
2o4c__A1_Q9I3W9--2o4c__B1_Q9I3W9,0.8221860064546067,0.5,True
1ynh__A1_P76216--1ynh__D1_P76216,0.8851394327655332,0.5,True
8ohx__A1_U4Q148--8ohx__B1_U4Q148,0.6418785420286258,0.5,True
3a6m__A1_Q56236--3a6m__B1_Q56236,0.6929146111342972,0.5,True
4bvp__A1_Q5ZUA2--4bvp__B1_Q5ZUA2,0.5690068491703733,0.5,True
6qpq__A1_G0SGH3--6qpq__B1_Q12158,0.7622351227991017,0.5,False
3ct6__A1_Q9CIV6--3ct6__B1_Q9CIV6,0.8367652508933225,0.5,True
3q5w__B1_P38937--3q5w__A1_P38937,0.8941190494300655,0.5,True
8gol__B1_G9I933--8gol__A1_G9I933,0.6221965708811384,0.5,True
7epj__A1_P62554--7epj__A2_P62554,0.30293202252741824,0.5,True
1ag9__A1_P61949--1ag9__B1_P61949,0.97705686443814,0.5,True
3gwh__B1_O31691--3gwh__A1_O31691,0.40188627998210746,0.5,True
5gw1__A1_P57768--5gw1__B1_P57768,0.5732193814838489,0.5,True
3l2o__B1_Q9UKT5--3l2o__A1_P63208,0.9571522754632902,0.5,False
3wrf__A1_E8MGH8--3wrf__A2_E8MGH8,0.9038396781766606,0.5,True
7yyl__A1_Q3AET9--7yyl__B1_Q3AET9,0.626748025940511,0.5,True
8syb__B1_Q72KY0--8syb__A1_Q72KY0,0.9921328474360314,0.5,True
8qc3__A1_A0A1C9WRL0--8qc3__B1_A0A1C9WRL0,0.864076303297408,0.5,True
3wtf__B1_Q9BUH6--3wtf__A1_Q9BUH6,0.48246701656394453,0.5,True
2x0e__B1_Q7BG50--2x0e__A1_Q7BG50,0.6847951917830291,0.5,True
5hwt__A1_A5W4E3--5hwt__B1_A5W4E3,0.8717066889583152,0.5,True
1ojh__A1_Q8YNP7--1ojh__B1_Q8YNP7,0.6724883534136546,0.5066666666666667,True
3eyy__A1_Q9K4F8--3eyy__B1_Q9K4F8,0.8069601520543229,0.5,True
8bwv__D2_A0A482M8M0--8bwv__A1_A0A482M8M0,0.6672719617619085,0.5,True
7cm9__A1_A0A7V8UZ53--7cm9__B1_A0A7V8UZ53,0.6170555141506797,0.5,True
4nc8__A1_P12464--4nc8__A2_P12464,0.1482631729900266,0.5,True
1zhh__A1_P54300--1zhh__B1_P54302,0.4143897120008981,0.5,False
8c0u__A1_Q9I5Q5--8c0u__B1_Q9I5Q5,0.8679969218637587,0.5,True
2fbq__A1_Q9HZJ9--2fbq__A2_Q9HZJ9,0.7059237152280035,0.5,True
7fch__A1_O95256--7fch__C2_O95256,0.8431066792761092,0.5,True
8c7t__B1_A0A1B4XP18--8c7t__A1_A0A1B4XP18,0.7889094330268736,0.5,True
4iwn__A1_P76290--4iwn__B1_P76290,0.535007840047581,0.5,True
7saf__B1_Q6TLP8--7saf__A1_Q6TLP8,0.7410401750753447,0.5,True
7zj1__B1_P55265--7zj1__A1_P55265,0.7549322077263284,0.5,True
4g9k__A1_P32340--4g9k__B1_P32340,0.5760837473691147,0.5,True
8b35__A1_Q96562--8b35__B1_Q96562,0.7518596161873234,0.5,True
2rdz__A1_P0ABK9--2rdz__B1_P0ABK9,0.593448727266359,0.5,True
6bzf__B1_P53061--6bzf__A1_P17122,0.4381856273560551,0.5,False
5ydd__B1_P9WME7--5ydd__A1_P9WME7,0.837472723644772,0.5,True
4czd__B1_B8J3A4--4czd__A1_B8J364,0.8753706195131782,0.5,False
3ft7__B1_Q54323--3ft7__A1_Q54323,0.856995234288611,0.5487628926280489,True
4pz1__A1_Q99XU0--4pz1__A2_Q99XU0,0.7613521859451536,0.49984089944845145,True
2w1t__A1_P37554--2w1t__B1_P37554,0.9768152078252373,0.5036447728577929,True
7qz5__A1_A2RI36--7qz5__B1_A2RI36,0.870710408307765,0.499813153961136,True
5h31__A1_Q14790--5h31__B1_Q14790,0.24206711318401347,0.5,True
8oru__A1_O93732--8oru__B1_O93732,0.8796699770206016,0.5,True
8slg__B1_G7CIG9--8slg__A1_G7CIG9,0.5719716932150606,0.5,True
3l2e__B1_Q6AW42--3l2e__A1_Q6AW43,0.9428631603234785,0.5,False
3b0a__A1_P0CG48--3b0a__B1_Q9WUB0,0.650995362818337,0.5,False
6etz__A1_A0A023UGN9--6etz__A2_A0A023UGN9,0.6722036628185933,0.5,True
7wwf__A1_A0R6Y0--7wwf__B1_A0R6Y0,0.533580330375113,0.5,True
8vdw__B1_T0TAB9--8vdw__A1_T0TAB9,0.809347232680723,0.5,True
8ri0__A1_E4THH1--8ri0__B1_E4THH1,0.6026424824848327,0.5,True
5z2i__B1_Q54LT0--5z2i__A1_Q54LT0,0.785407575262035,0.5,True
4miv__A1_P51688--4miv__B1_P51688,0.8104613147837936,0.5,True
3vh1__A1_P38862--3vh1__A2_P38862,0.5828184364309228,0.5,True
7z98__A1_E6V140--7z98__A2_E6V140,0.9232808608886953,0.5,True
2ond__A1_Q99LI7--2ond__B1_Q99LI7,0.4684727822488123,0.5,True
7vt9__A1_P21517--7vt9__B1_P21517,0.761974849429124,0.5,True
1gju__A1_O33838--1gju__A2_O33838,0.7105253055827395,0.5,True
6hta__A1_A0A3F2YM29--6hta__B1_A0A3F2YM29,0.9131483431625084,0.5,True
3h7h__A1_P63272--3h7h__B1_O00267,0.44363001503893884,0.5,False
4z39__A1_A0A0S2E5N6--4z39__B1_A0A0S2E5N6,0.7239882181438875,0.5,True
5ca9__A1_Q9C0L9--5ca9__A2_Q9C0L9,0.7104699341374192,0.5,True
6x0a__A1_F7Y4W0--6x0a__S1_F7YBW8,0.49745016007328424,0.5,False
7spq__A1_C5AMM8--7spq__A2_C5AMM8,0.8464238476323624,0.5,True
7spn__A1_A0A7C2VFT1--7spn__B1_A0A7C2VFT1,0.9836621543430888,0.5,True
1tv8__A1_P65388--1tv8__B1_P65388,0.7651037635113169,0.5,True
3mkr__B1_Q27954--3mkr__A1_Q28104,0.9517936844104133,0.5,False
1dqn__A1_Q24973--1dqn__B1_Q24973,0.5809532623089668,0.5,True
7xoi__A1_A0A5N6DPG0--7xoi__B1_A0A5N6EXS6,0.2924034531848618,0.5,False
8h62__A1_P0DJM0--8h62__B1_P12830,0.5378412746436184,0.5,False
2qh0__A1_Q97H22--2qh0__A2_Q97H22,0.75940165410453,0.5,True
5ubb__A1_Q5VVY1--5ubb__A2_Q5VVY1,0.8788974295881181,0.5,True
5kvs__B1_O54512--5kvs__A1_O54512,0.9437213487210102,0.5,True
3frs__A1_P53990--3frs__A2_P53990,0.20376666784134462,0.5,True
3obv__A1_O08808--3obv__C1_O08808,0.5513478904665892,0.5,True
4wkz__A1_A0AEF5--4wkz__B1_W5IDC3,0.865356679791018,0.5,False
3kt0__A1_Q12109--3kt0__A2_Q12109,0.7588812985223471,0.5,True
5i90__A1_G3XCY5--5i90__B1_G3XCY5,0.8538030079233907,0.5,True
3bat__B1_P24733--3bat__A1_P24733,0.8100789880808991,0.5,True
2ps1__A1_P13298--2ps1__B1_P13298,0.61948952511122,0.5,True
1fcd__A1_Q06530--1fcd__B1_Q06529,0.9189163374012602,0.5,False
8hy8__A1_A0A085BE66--8hy8__A2_A0A085BE66,0.8074023166076085,0.5,True
8har__A1_Q2L6E4--8har__B1_Q2L6E4,0.7427317851421239,0.5,True
4je4__A1_Q06124--4je4__B1_P02751,0.4851114269706061,0.5,False
2a6c__A1_Q82UW4--2a6c__A2_Q82UW4,0.9226401486027667,0.5675958875681266,True
5k9l__B1_A8MW95--5k9l__A1_A8MW95,0.8096741829660473,0.5,True
5mzg__A1_P53368--5mzg__B1_P53368,0.8198044629092778,0.5,True
8d0x__A1_Q9Y231--8d0x__A2_Q9Y231,0.512117664605207,0.5,True
6ano__B1_Q9UKL3--6ano__A1_Q9UKL3,0.3375728803293155,0.5,True
6et2__A1_Q9I4X1--6et2__B1_Q9I4X2,0.8034918090626928,0.5,False
6d0a__A1_Q8N5Z0--6d0a__A2_Q8N5Z0,0.7771539686785566,0.5,True
2xga__B1_P35530--2xga__A1_P35530,0.5640978402584887,0.5,True
2i3o__A1_Q9HJH4--2i3o__B1_Q9HJH4,0.9217612450240347,0.5,True
1ijx__A1_P97401--1ijx__C1_P97401,0.4634830997131316,0.5,True
6h2u__A1_Q9NRN9--6h2u__B1_Q9UI30,0.5308986430908199,0.5,False
8h2v__A1_Q93HT8--8h2v__B1_Q93HT8,0.9057762810969598,0.5,True
1wat__B1_P02941--1wat__A1_P02941,0.42952868463972405,0.5,True
2nyh__A1_Q13JM0--2nyh__B1_Q13JM0,0.43290356586755485,0.5,True
7yuj__B1_Q9BYM8--7yuj__A1_Q9BYM8,0.46340401341712595,0.5,True
8c5k__A1_P87252--8c5k__A2_P87252,0.8607645875251508,0.5,True
2spc__A1_P13395--2spc__B1_P13395,0.3270833901882502,0.5,True
6q2e__A1_A5UMY5--6q2e__B1_A5UMY5,0.6319731622110334,0.5,True
4p8i__A1_P40746--4p8i__B1_P40746,0.928133500208594,0.5,True
3a4l__B1_Q58933--3a4l__A1_Q58933,0.42609533110875997,0.5,True
1z52__A1_P09167--1z52__B1_P09167,0.618283086111237,0.5,True
6c0g__A1_A0A3F2YLX1--6c0g__B2_A0A3F2YLX1,0.6357183636320294,0.5,True
1k3r__B1_O26109--1k3r__A1_O26109,0.9610299002531175,0.5202903362348361,True
7fga__A1_Q8DIJ4--7fga__B2_Q8DIJ4,0.7833892804336814,0.5,True
5akq__A1_O52063--5akq__B1_O52063,0.8919875881638981,0.5,True
7y86__B1_A0A0K2E3A3--7y86__A1_A0A0K2E3A3,0.9178477042883822,0.4998696219035202,True
8d1u__A1_P0A6R0--8d1u__A2_P0A6R0,0.7205197749124427,0.5,True
1vqw__A1_Q9HFE4--1vqw__B1_Q9HFE4,0.928962029307423,0.5,True
7uld__A1_O28028--7uld__A2_O28028,0.8179182647908501,0.5,True
4c0f__B1_Q9NZN8--4c0f__A1_Q9NZN8,0.11719184191567464,0.5,True
8b21__A1_Q9S5X0--8b21__B1_Q9S5X0,0.8320166388163154,0.5,True
3swk__A1_P08670--3swk__B1_P08670,0.6207114809601281,0.5,True
8txn__B1_P08120--8txn__A1_P08120,0.132545677462885,0.5,True
8dak__A1_F2X702--8dak__B1_F2X702,0.6274365525703687,0.5,True
2rde__B1_A0A0H3ADR8--2rde__A1_A0A0H3ADR8,0.4742001395338477,0.5,True
2pih__A1_O31779--2pih__B1_O31779,0.8407064979390249,0.5,True
7ykv__B1_Q58241--7ykv__A1_Q58241,0.48455774605500285,0.5,True
7y4g__A1_Q8A028--7y4g__A2_Q8A028,0.5845452807557274,0.5,True
8cci__A1_A0R7I9--8cci__A2_A0R7I9,0.753232736028283,0.5,True
6p35__A1_P75913--6p35__A2_P75913,0.9927546137566569,0.5,True
6p3j__A1_Q0KJL4--6p3j__B1_Q0KJL4,0.5986296746243462,0.5,True
4o6p__A1_Q8RDI4--4o6p__B1_Q8RDI4,0.5234735380683279,0.5,True
8ozv__A1_A0A179UH34--8ozv__A2_A0A179UH34,0.8480022473630267,0.5,True
2cim__A1_Q46AN5--2cim__B1_Q46AN5,0.7035963333931703,0.5,True
6tpo__A1_P24474--6tpo__A2_P24474,0.7208510858539352,0.5,True
7wwo__B1_Q5SH57--7wwo__A1_Q5SH57,0.5200961259811447,0.5,True
4pmv__A1_Q8PEU1--4pmv__B1_Q8PEU1,0.6176147569142552,0.5,True
6rmr__B1_P19926--6rmr__A1_P19926,0.35063268237171336,0.5,True
6hhb__A1_E0SCP7--6hhb__C1_E0SCP7,0.7765309848798343,0.5,True
7e5c__A1_A0A1I7CHQ2--7e5c__B1_A0A1I7CHQ2,0.9362214001123057,0.5,True
2wfh__A1_O94813--2wfh__B1_O94813,0.31419541190282285,0.5,True
3zco__A1_P06701--3zco__A2_P06701,0.39851640820064993,0.5,True
2ghy__A1_P03051--2ghy__B1_P03051,0.5044058341771928,0.5,True
3htr__A1_Q6N0K4--3htr__B1_Q6N0K4,0.616900936269364,0.5,True
8aeu__A1_Q00987--8aeu__A2_Q00987,0.039574445351887616,0.5,True
1xuv__A1_Q8PZJ2--1xuv__C1_Q8PZJ2,0.7225805078600389,0.5,True
2o8p__A1_Q5CYG0--2o8p__A2_Q5CYG0,0.815737673023993,0.5,True
4zmu__A1_Q9I072--4zmu__B1_Q9I072,0.7290808139142644,0.5,True
3dl3__G2_Q5E3X2--3dl3__C1_Q5E3X2,0.9266591840853236,0.5,True
7yvz__A1_A7LPG5--7yvz__A2_A7LPG5,0.3963446266289745,0.5,True
4ia6__A1_Q5FL96--4ia6__B1_Q5FL96,0.934258580007184,0.5,True
8bou__A1_A0A7G5MNS2--8bou__B1_A0A7G5MNS2,0.9778705797602107,0.5,True
5gk1__A1_Q7N4Z6--5gk1__B1_Q7N4Z6,0.7672064702718475,0.5,True
5x03__B1_P94426--5x03__A1_P94426,0.9777105567951707,0.5,True
1c81__A1_P07953--1c81__A2_P07953,0.62926890013839,0.5,True
1k3e__B1_P58233--1k3e__A1_P58233,0.8390401102300463,0.5,True
6u18__A1_Q9EVJ6--6u18__B1_Q9EVJ6,0.7311946234840818,0.5,True
7wpy__A1_A0A097ZPD5--7wpy__C1_A0A097ZPD5,0.601445225238118,0.5,True
7xn2__A1_Q8YR38--7xn2__A2_Q8YR38,0.711233193385969,0.5,True
3uws__B1_A7A9N3--3uws__A1_A7A9N3,0.2583334196298741,0.5,True
4u04__B1_Q9BVA6--4u04__A1_Q9BVA6,0.7191865697213788,0.5,True
2kin__A1_P56536--2kin__B1_Q6QLM7,0.3154071919107062,0.5,False
8b2a__A1_Q2YWJ9--8b2a__A2_Q2YWJ9,0.9317889158986559,0.5,True
8qff__A1_K9TLZ5--8qff__A2_K9TLZ5,0.8146709428390806,0.5,True
8c8c__A1_P48426--8c8c__A2_P48426,0.8916296939202846,0.5,True
8iup__B1_A9A1Y1--8iup__A1_A9A1Y1,0.9421351417696489,0.5,True
3o7o__A1_Q9S5X8--3o7o__B1_Q9S5X8,0.8554695833771541,0.5,True
4bg8__A1_Q8TX37--4bg8__B1_Q8TX37,0.9396671836446263,0.5,True
7qxo__A1_G8UIQ1--7qxo__B1_G8UIQ1,0.6180248296353368,0.5,True
4xiz__A1_Q05776--4xiz__D1_O60200,0.891720152299068,0.5,False
7pwe__A1_Q6AL91--7pwe__B1_Q6AL91,0.5095559467573565,0.5,True
6uxu__A1_E2JB04--6uxu__B1_E2JB04,0.7458184114001599,0.5,True
3bid__A1_Q7DDI1--3bid__B1_Q7DDI1,0.873058059359956,0.5,True
4f7w__A1_B5XYG3--4f7w__B1_B5XYG3,0.950666115971172,0.5,True
2rae__A1_Q0S3N9--2rae__A2_Q0S3N9,0.6245645607002384,0.5,True
7yn1__A1_E9JES9--7yn1__C1_E9JES9,0.6158397874623649,0.5,True
3t7y__A1_O84093--3t7y__B1_O84093,0.858062670746456,0.5,True
7u6p__A1_P11926--7u6p__B1_P11926,0.5594390890250935,0.5,True
4mis__A1_Q57ES7--4mis__B1_Q57ES7,0.7340532676812892,0.5,True
2blf__A1_Q9LA16--2blf__B1_Q9LA15,0.9453925724912841,0.5,False
3ke3__A1_Q4FVA8--3ke3__A2_Q4FVA8,0.8404936748102153,0.5,True
7ywc__A1_Q9L0T8--7ywc__B1_Q9L0T8,0.966746927894124,0.5,True
4wwr__B1_P46379--4wwr__A1_P11441,0.5064087279248561,0.5,False
7r0d__B1_Q9NV35--7r0d__A1_Q9NV35,0.6593441485671594,0.5,True
8w6x__A1_P21852--8w6x__B1_P21853,0.7839035171867904,0.5,False
3fmf__A1_P9WPQ5--3fmf__B1_P9WPQ5,0.6748071674796634,0.5,True
2xrm__A1_D0AB41--2xrm__A2_D0AB41,0.6916787011117014,0.5,True
4xj7__A1_P66881--4xj7__B1_P66881,0.9633766527078529,0.504,True
7yrt__E1_H9L4P6--7yrt__A1_H9L4P6,0.7228072379495438,0.5,True
7tye__A1_P0A7J0--7tye__A2_P0A7J0,0.5030670397095123,0.5,True
2zvd__B1_Q9RBY1--2zvd__A1_Q9RBY1,0.8818705107793838,0.5,True
3mtw__A1_Q9A4Z9--3mtw__A2_Q9A4Z9,0.7824698148121211,0.5,True
3n2o__A1_Q7MK24--3n2o__B1_Q7MK24,0.8204733566790138,0.5,True
7ywd__A1_Q8TB36--7ywd__A2_Q8TB36,0.5368933049222467,0.5,True
5upq__A1_A0A0A0V031--5upq__B1_A0A0A0V031,0.898374890491944,0.5,True
1vgu__A1_Q46893--1vgu__B1_Q46893,0.9246855387072075,0.5,True
2dp9__A1_Q5SM30--2dp9__A2_Q5SM30,0.41373569743869637,0.5,True
8a7l__A1_M1JS91--8a7l__A2_M1JS91,0.5889866721526831,0.5,True
7uqv__A1_A0A0L6JSP1--7uqv__B1_A0A0L6JSP1,0.8360638445043924,0.5,True
5d1r__A1_P9WMC9--5d1r__B1_P9WMC9,0.6432022145829691,0.5,True
3f6q__A1_Q13418--3f6q__B1_P48059,0.9394572868451394,0.5,False
1wz3__A1_Q9LVK3--1wz3__B1_Q9LVK3,0.2932626995756632,0.5,True
1nw1__A1_Q22942--1nw1__B1_Q22942,0.45815342672986337,0.5,True
1hrp__B1_P0DN86--1hrp__A1_P01215,0.6146886852085968,0.5,False
3qf4__B1_Q9WYC4--3qf4__A1_Q9WYC3,0.9541146788622911,0.5,False
7y4o__B1_A0A0G2JZC4--7y4o__A1_A0A0G2JZC4,0.4201816177423607,0.5,True
8hns__A1_A0A377JKY9--8hns__A2_A0A377JKY9,0.32946713681270345,0.5,True
3mpn__A1_O67854--3mpn__A2_O67854,0.9590814390482034,0.5,True
6vlg__A2_Q9WTS2--6vlg__C1_Q9WTS2,0.8490007834553068,0.5,True
1v71__A1_O59791--1v71__A2_O59791,0.5561728620412174,0.5,True
3fpk__A1_Q8ZKP5--3fpk__B1_Q8ZKP5,0.7879579512038252,0.5,True
8eb3__A1_K2K6A3--8eb3__B1_K2K6A3,0.8202158583525789,0.5,True
4z1i__C1_Q12931--4z1i__A1_Q12931,0.8874269199798729,0.5,True
8pz3__A1_D7SFB8--8pz3__B1_D7SFB8,0.1839854180310504,0.5,True
8bt3__A1_Q6F0T5--8bt3__A2_Q6F0T5,0.5597570465420856,0.5,True
4oag__A1_Q8BGV8--4oag__B1_Q8BGV8,0.49074281808741027,0.5,True
5bo9__A1_O43173--5bo9__B1_O43173,0.9553717041778698,0.5,True
7kws__A1_Q0P8H3--7kws__B1_Q0P8H3,0.6929668363709096,0.5,True
4qa0__A1_Q9BY41--4qa0__B1_Q9BY41,0.6932593082652203,0.5,True
6epi__B1_D5K9G7--6epi__A1_D5K9E3,0.7739040354153188,0.5,False
6z2f__B1_Q16222--6z2f__A1_Q16222,0.8556523207122698,0.5,True
7qgs__B1_Q09472--7qgs__A1_Q16665,0.28035460693010283,0.5,False
7tz7__A1_P42336--7tz7__B1_P27986,0.625935122044006,0.5,False
2zl1__A1_Q9UHA4--2zl1__B1_Q9JHS3,0.6633762357549017,0.5,False
4ija__A1_A0A0H3JS71--4ija__B1_A0A0H3JS71,0.7885420862744272,0.5,True
3ijt__B1_Q8DVN6--3ijt__A1_Q8DVN6,0.5284397724818202,0.5,True
7qgt__A1_P35520--7qgt__B1_P35520,0.7450248661651819,0.5,True
8i4q__A1_Q8NQI2--8i4q__B1_Q8NQI2,0.9194276418336783,0.5,True
5lxv__A1_G9FCX2--5lxv__B1_A0A1L1QK37,0.6177872374739359,0.5,False
8h25__A1_A0A5R8LFD3--8h25__C1_A0A5R8LFD3,0.9306772188874151,0.5,True
6kjl__A1_Q9RC94--6kjl__B1_Q9RC94,0.7392420495393733,0.5,True
5f3o__A1_C4LU64--5f3o__B1_C4LU64,0.6363237815402004,0.5,True
8arv__A1_Q9HW35--8arv__B1_Q9HW35,0.8477931985245861,0.5,True
2i1a__B1_P40087--2i1a__A1_P40087,0.4322596072385353,0.5,True
2y9x__A1_C7FF04--2y9x__E1_G1K3P4,0.7066028579869221,0.5,False
8waa__A1_P29401--8waa__B1_P29401,0.821105021341707,0.5,True
6n2f__B1_Q94A94--6n2f__A1_Q94A94,0.6405829469057538,0.5,True
8b08__B1_P0A2K1--8b08__A1_P00929,0.8475124041464877,0.5,False
5ja2__A1_P11454--5ja2__B1_Q9I169,0.5291444456040449,0.5,False
4g3w__A1_O66591--4g3w__A2_O66591,0.5517086692760824,0.5,True
5cm2__A1_Q6C999--5cm2__B1_Q6C4P5,0.9546171456991085,0.5,False
2zz8__A1_O34094--2zz8__B1_O34094,0.6312406100929816,0.5,True
8b8h__A1_P9WQA9--8b8h__B1_P9WQA9,0.559728740512442,0.5,True
7u2s__A1_A0A2W1NDJ7--7u2s__B1_A0A2W1NDJ7,0.5753228721477062,0.5,True
1d2g__A1_P13255--1d2g__B1_P13255,0.5171062310703317,0.5,True
1sc1__A1_P29466--1sc1__B1_P29466,0.33469170083409344,0.5,True
5amt__A1_A0Q7H2--5amt__A2_A0Q7H2,0.589691741373266,0.5,True
7qfz__B1_B7L3Y3--7qfz__A1_B7L3Y3,0.6826613316233124,0.5,True
3hml__A1_A6T9H1--3hml__B1_A6T9H1,0.8894719713014316,0.5,True
1xk6__A1_P31572--1xk6__C1_P31572,0.8073534795488146,0.5,True
7r3s__A1_A0A4R2M5S2--7r3s__B1_A0A4R2M5S2,0.6396856455242889,0.5,True
2grx__A1_P06971--2grx__C1_P02929,0.766333323071733,0.5,False
3q34__A1_Q48EL2--3q34__C1_Q48EL2,0.7313757490902115,0.5,True
4r2k__A1_Q8ZP84--4r2k__A2_Q8ZP84,0.903433146902545,0.5,True
3cgw__A1_Q8PVT6--3cgw__A2_Q8PVT6,0.8762532674456195,0.5,True
7r2f__A1_P21836--7r2f__B1_P21836,0.9075101256019238,0.5,True
4g19__A1_I6ZUH3--4g19__B1_I6ZUH3,0.8965668219040548,0.5,True
3dg8__C1_P13922--3dg8__A1_P13922,0.2738605265325609,0.5,True
6m10__A1_Q9HUW0--6m10__C1_Q9HUW0,0.7800867658877935,0.5,True
8tt2__B1_Q4K977--8tt2__A1_Q4K977,0.9726445772983896,0.5,True
1h31__A1_Q939U1--1h31__B1_Q939U4,0.9587484674874756,0.5,False
7p7i__B1_R8APY9--7p7i__A1_R8APY9,0.9271571837140663,0.5,True
7xgs__A1_Q9FVC1--7xgs__A2_Q9FVC1,0.7818637913461776,0.5,True
6iju__A1_Q9KJN4--6iju__A2_Q9KJN4,0.1782400639084397,0.5,True
4kqd__B1_P06626--4kqd__A1_P06626,0.7786713902136465,0.5,True
2fu3__B1_Q03555--2fu3__A1_Q03555,0.6388141187605079,0.5,True
1jgt__B1_P0DJQ7--1jgt__A1_P0DJQ7,0.9066200717361285,0.5,True
6l4b__A1_Q9UGV2--6l4b__C2_Q9UGV2,0.8919764465425969,0.5,True
3lzk__A1_Q92LT4--3lzk__B1_Q92LT4,0.6671686321964903,0.5,True
1ht8__A1_P05979--1ht8__B1_P05979,0.868530043625414,0.5,True
1z8h__A1_Q8YWS4--1z8h__B1_Q8YWS4,0.7445636801658608,0.5,True
8gk6__A1_W6USS8--8gk6__E1_W6USS8,0.7368717359615389,0.5,True
4mjf__A1_A6L2I4--4mjf__A2_A6L2I4,0.9734748497191936,0.5,True
7m4s__A1_Q8YLC3--7m4s__D1_Q8YLC3,0.9254979552208066,0.5,True
6fju__A1_E6N8B9--6fju__B1_E6N8B9,0.9268772713878792,0.5,True
6lgq__A1_P21865--6lgq__B1_P21866,0.7956303765128392,0.5,False
2y27__B1_B4E7B5--2y27__A1_B4E7B5,0.8025037371433927,0.5,True
2tdx__A1_P0DJL7--2tdx__A2_P0DJL7,0.6900571495432447,0.5,True
8fj8__A1_P02638--8fj8__A2_P02638,0.8492882713944766,0.5341629730651211,True
3uv0__B1_Q9W061--3uv0__A1_Q9W061,0.19821341872402287,0.5,True
8alo__B1_P24003--8alo__A1_P15795,0.7511342744685129,0.5,False
6xa0__A1_D1A230--6xa0__B1_D1A230,0.7950093775897413,0.5,True
1zbo__B1_Q7WAM7--1zbo__A1_Q7WAM7,0.5422521735021735,0.5,True
6xb5__A1_A0A7E5VPD6--6xb5__B1_A0A7E5VPD6,0.6198776688911387,0.5,True
8duy__D1_A0A0H3GVN6--8duy__A1_A0A0H3GVN6,0.7064330049258849,0.5,True
7th5__A1_Q5SLG6--7th5__B1_Q5SLG6,0.5164199985793954,0.5,True
3t2l__A1_Q5LE95--3t2l__A2_Q5LE95,0.3489799492409556,0.5,True
3uet__A1_B7GNN8--3uet__B1_B7GNN8,0.7395186983034976,0.5,True
8fdb__B1_Q12KP2--8fdb__A1_Q12KP2,0.6780284533394547,0.5,True
6ok3__A1_C3X9N1--6ok3__B1_C3X9N1,0.723729200178429,0.5,True
8hp3__A1_A0A2K0XCZ3--8hp3__B1_A0A2K0XCZ3,0.792818946684059,0.5,True
7xkg__A1_A7NHS9--7xkg__B1_A7NHS9,0.7566851775956417,0.5,True
1l7e__A1_Q2RSB2--1l7e__B1_Q2RSB2,0.7051248466082511,0.5,True
8hn2__A1_Q9F722--8hn2__B1_Q9F722,0.4440148891220304,0.5,True
8gst__A1_Q1NEI7--8gst__B1_Q1NEI7,0.7197905457289743,0.5,True
7cq3__A1_P38324--7cq3__B1_Q12098,0.8115501403808594,0.5,False
5htf__A1_Q8Y759--5htf__B1_Q8Y759,0.8743693827896122,0.5,True
6e1j__A1_C5J4P1--6e1j__B1_C5J4P1,0.7492998744026729,0.5,True
3ccd__A1_P0AA04--3ccd__B1_P0AA04,0.721968121968122,0.5,True
3dzl__B1_Q396C9--3dzl__A1_Q396C9,0.7186605109264388,0.5,True
2y1h__B1_Q17R31--2y1h__A1_Q17R31,0.7125860261013919,0.5,True
7lfs__A1_P00533--7lfs__E1_O14944,0.6426561490173148,0.5,False
6jiw__A1_A0A0H3JU78--6jiw__A2_A0A0H3JU78,0.4825505175955639,0.5,True
8ees__A1_A0A0H3GMB7--8ees__B1_A0A0H3GMB7,0.8524730532687622,0.5,True
4a5b__B1_Q27895--4a5b__A1_Q27895,0.5932204872253971,0.5,True
3nb6__A1_O66874--3nb6__A2_O66874,0.5280240820540585,0.5,True
5f8c__A1_O53532--5f8c__A2_O53532,0.7712867820753583,0.5,True
8jt3__A1_H8Y6N2--8jt3__C1_H8Y6N2,0.6767552057471894,0.5,True
1ije__A1_P02994--1ije__B1_P32471,0.5555829296967008,0.5,False
6on4__A1_P0A8W0--6on4__B1_P0A8W0,0.7494592703683198,0.5,True
4zvc__A1_P0AA89--4zvc__B1_P0AA89,0.9393504596897072,0.5,True
4qoa__A1_A7VAB9--4qoa__A2_A7VAB9,0.2515938289910584,0.5,True
6wmv__A1_U5WZP7--6wmv__B1_U5WZP7,0.8083577280269495,0.5,True
3e3c__A1_Q7DB61--3e3c__B1_Q7DB61,0.34229688038588924,0.5,True
8a9w__A1_P15751--8a9w__A2_P15751,0.7578698060048341,0.5,True
2gj9__A1_P25522--2gj9__B1_P25522,0.9513559707494474,0.5,True
3cm7__C1_P98170--3cm7__D1_P98170,0.8042374607532938,0.5,True
8f5v__A1_O53728--8f5v__B1_O53728,0.4014671584095293,0.5,True
1ecj__A1_P0AG16--1ecj__B1_P0AG16,0.8383452629840478,0.5,True
3s5r__A1_Q2LS68--3s5r__B1_Q2LS68,0.8079126804648802,0.5,True
3im3__A1_P00514--3im3__A2_P00514,0.5185337741543515,0.5,True
7vw1__B1_V5J1S8--7vw1__A1_V5J1S8,0.9211511211136116,0.5,True
3p12__A1_Q2G1A5--3p12__D1_Q2G1A5,0.8546544276952532,0.49994411846884607,True
8aq0__A1_Q6DTN4--8aq0__B1_Q6DTN4,0.7844935666255239,0.5,True
3wpm__A1_G2IKE5--3wpm__B1_G2IKE5,0.7331236959539995,0.5,True
7xof__B1_Q0DFB6--7xof__A1_Q0DFB6,0.5122251193169689,0.5,True
8a8f__A1_P32598--8a8f__B1_P42073,0.7250056801336108,0.5,False
3qta__A1_Q5V4K4--3qta__B1_Q5V4K4,0.7237692484201257,0.5,True
8oqj__B1_P06959--8oqj__A1_P06959,0.5474385536096762,0.5,True
1tbp__A1_P13393--1tbp__B1_P13393,0.4402070878241716,0.5,True
7qfk__C1_Q5FLN0--7qfk__A1_Q5FLN0,0.65532861945289,0.5,True
7r3o__B1_Q460N3--7r3o__A1_Q460N3,0.43902703448670277,0.5,True
1wli__A1_Q46604--1wli__B1_Q46604,0.9330043436293437,0.49996621621621623,True
8b3e__A1_M4SY06--8b3e__A2_M4SY06,0.555914183806271,0.5,True
1d8i__A1_O13297--1d8i__A2_O13297,0.5101813082430349,0.5,True
8eh0__B1_P50909--8eh0__A1_P50909,0.6620518262404478,0.5,True
3seo__B1_Q87GE5--3seo__A1_Q87GE5,0.5035145845620261,0.5,True
3iey__B1_Q74MS9--3iey__A1_Q74MP4,0.92754194075172,0.5,False
4yto__B1_Q15431--4yto__A1_Q15431,0.3843370175555891,0.5,True
6csm__A1_L1J207--6csm__B1_L1J207,0.5948626271768206,0.5,True
4ndt__A1_A7UNK4--4ndt__A2_A7UNK4,0.5543517153309439,0.5,True
8j3p__A1_B9WHT3--8j3p__A2_B9WHT3,0.982710154127768,0.49999651349278296,True
7pv7__B1_Q7MVV4--7pv7__A1_Q7MVV4,0.6276726174456506,0.5,True
7uj6__A1_Q8RMD9--7uj6__B1_Q8RMD9,0.5569433188260121,0.5,True
3k9i__A1_Q9KFK0--3k9i__A2_Q9KFK0,0.9307780044147135,0.4998692712807679,True
7z1s__A1_A0A3Q7HTY9--7z1s__A2_A0A3Q7HTY9,0.44679543706260905,0.5,True
2e89__A1_O67728--2e89__B1_O67728,0.6148454818731128,0.5,True
2woz__A1_Q9ER30--2woz__A2_Q9ER30,0.5251962029634925,0.5,True
7xxs__A1_B2CKP3--7xxs__B1_B2CKP3,0.7933801600622734,0.5,True
8fir__A1_O83132--8fir__B1_O83132,0.6224689168438369,0.5,True
3i6s__A1_O82777--3i6s__B1_O82777,0.8797644810339873,0.5,True
7yhe__B1_A6YEH4--7yhe__A1_A6YEH4,0.6671775624861049,0.5,True
1ku2__A1_Q9EZJ8--1ku2__B1_Q9EZJ8,0.5040355030379441,0.5,True
6qwo__B1_Q9S5W7--6qwo__A1_Q9S5W7,0.8220338066989377,0.5,True
1mxi__A1_P44868--1mxi__A2_P44868,0.6603244875502214,0.5,True
2vhl__A1_O34450--2vhl__A2_O34450,0.859855945482369,0.5,True
5wan__A1_P75898--5wan__A2_P75898,0.8930252293564301,0.5108661355327851,True
4x7z__B1_Q49492--4x7z__A1_Q49492,0.919903485088291,0.5,True
6a1k__A1_P71018--6a1k__B1_P71018,0.8056709394251271,0.5,True
7pjh__A1_Q9Y312--7pjh__B1_Q6P2Q9,0.7730678293969555,0.5,False
4joi__A1_Q9H668--4joi__C1_Q86WV5,0.9353512451285212,0.5,False
8axz__A1_P31153--8axz__A2_P31153,0.5523550136303573,0.5,True
8ogi__B1_P11678--8ogi__A1_P11678,0.2719107644019378,0.5,True
8cxl__A1_A7KH32--8cxl__B1_A7KH32,0.9556949740391395,0.5,True
7win__B1_Q9UIF8--7win__A1_Q9UIF8,0.40927593429228226,0.5,True
4bwv__A1_Q8L5D0--4bwv__B1_Q8L5D0,0.7231932530165219,0.5,True
7drj__A1_P63756--7drj__B1_P63756,0.8840520463190356,0.5,True
3qth__A1_Q47ZP9--3qth__B1_Q47ZP9,0.6806536141064817,0.5,True
8b28__A1_F6GSX7--8b28__A2_F6GSX7,0.7583084052417097,0.5,True
6scx__A1_Q9BQG2--6scx__B1_Q9BQG2,0.604969201524806,0.5,True
8hpc__A1_P60327--8hpc__H1_P60327,0.9580830959892331,0.5,True
5n76__A1_P72320--5n76__B1_P72320,0.634003011716311,0.5,True
3cq3__A1_Q53W28--3cq3__A2_Q53W28,0.5542202247650602,0.5,True
3kbu__A1_P11277--3kbu__D1_P16157,0.7813825040105713,0.5,False
7pck__A1_P43235--7pck__C2_P43235,0.8503507361299802,0.5,True
5o4z__A1_Q9X1T1--5o4z__A2_Q9X1T1,0.585512892135869,0.5,True
1vla__A1_Q9X021--1vla__B1_Q9X021,0.8479782818788392,0.5,True
5oed__A1_Q6EAT3--5oed__B1_Q13637,0.8486924934303425,0.5,False
7yva__A1_Q9URB4--7yva__B1_Q9URB4,0.8643662317664161,0.5,True
7s6n__B1_Q5RGJ8--7s6n__A1_Q5RGJ8,0.4922657313597175,0.5,True
4cz8__A1_Q9UZ55--4cz8__B1_Q9UZ55,0.9409647819760426,0.5,True
6ebn__A1_A0A4P1LYB6--6ebn__B1_A0A4P1LYB6,0.8477563635371688,0.5,True
3ffe__B1_Q93AT8--3ffe__A1_Q93AT8,0.8504219811982369,0.5,True
7zg6__A1_A0A2J0RDY6--7zg6__B1_A0A2J0RDY6,0.8181342988264062,0.5,True
8f4q__A1_Q00972--8f4q__A2_Q00972,0.891301836942912,0.5,True
4rz3__A1_A4IMB4--4rz3__B1_A4IMB4,0.4582185658679625,0.5,True
8f8k__A1_O53507--8f8k__A2_O53507,0.8604443212622143,0.5,True
3zw5__A1_A6NK44--3zw5__B1_A6NK44,0.8172620078740158,0.5,True
6l3q__B1_G0SEI5--6l3q__A1_G0SEI5,0.9064211994075998,0.5,True
8ag8__A1_A0A1I5SVP7--8ag8__A2_A0A1I5SVP7,0.9409766881028938,0.5,True
2i2w__A1_P63224--2i2w__D1_P63224,0.8418688948839967,0.5,True
2f22__B1_Q9RC77--2f22__A1_Q9RC77,0.9095719302263445,0.5,True
3tng__A1_Q8Y7B7--3tng__A2_Q8Y7B7,0.9855147351080982,0.5,True
8gr8__B1_P08679--8gr8__A1_P08679,0.9594143765666471,0.5,True
7ae8__A1_A0A0B0QJR1--7ae8__B1_A0A0B0QJR1,0.6441669438186736,0.5,True
2w54__B1_O54051--2w54__A1_O54050,0.9040650036486527,0.5,False
4b0z__A1_P50524--4b0z__B1_P50524,0.9332687478559176,0.5,True
2re7__A1_Q4FV99--2re7__A2_Q4FV99,0.40708268098113765,0.5,True
8h0t__A1_O34614--8h0t__A2_O34614,0.9605144635552021,0.5,True
1te2__A1_P77247--1te2__B1_P77247,0.9910983848476234,0.5,True
7xt2__A1_Q6ZMU5--7xt2__B1_Q6ZMU5,0.8841663476373778,0.5,True
1ev7__A1_P50187--1ev7__B1_P50187,0.9056647685964405,0.5,True
1ogl__A1_O15923--1ogl__A2_O15923,0.9543779838528257,0.5,True
3lrt__B1_Q97CA5--3lrt__A1_Q97CA5,0.9168528937271003,0.5,True
3fou__A1_Q5SGZ9--3fou__B1_Q5SGZ9,0.8285358854119357,0.5,True
5jnq__A1_R0BTE9--5jnq__A2_R0BTE9,0.9463697068689202,0.5,True
4g12__A1_A5U5K3--4g12__B1_A5U5K3,0.38274333655007886,0.5,True
3evj__B1_P01008--3evj__A1_P01008,0.8594735708539686,0.5,True
2oq2__B1_P18408--2oq2__A1_P18408,0.8537376193481532,0.5,True
8he6__A1_Q8YSS0--8he6__B1_Q8YSS0,0.7999601940520336,0.5,True
2xij__A1_P22033--2xij__A2_P22033,0.7647316318636017,0.5,True
1nr5__A1_P07547--1nr5__A2_P07547,0.8662282144031569,0.5,True
1gmj__A1_P01096--1gmj__B1_P01096,0.980250179092963,0.5,True
4yba__B1_Q93K36--4yba__A1_Q93K36,0.47077699823695246,0.5,True
8ok7__A1_M4T0B2--8ok7__D1_M4T0B2,0.7102381665629725,0.5,True
7f76__B1_A0A223KLJ1--7f76__A1_A0A223KLJ1,0.657095203369692,0.5,True
8jmq__A1_A9CQD5--8jmq__B1_A9CQD3,0.7752843308854305,0.5,False
7zgt__A1_W8R3D8--7zgt__B1_W8R3D8,0.9633273808364624,0.49999298019009647,True
7xgt__B1_Q6H8B1--7xgt__A1_Q6H8B1,0.9462019010853444,0.5,True
3i2t__A1_P04412--3i2t__A2_P04412,0.6857284594602351,0.5,True
8tjk__A1_A0A0F7G196--8tjk__B1_A0A0F7G196,0.7815313441008265,0.5,True
7wt0__A1_Q04760--7wt0__B1_Q04760,0.8833972853331233,0.5,True
3if0__A1_Q74MS9--3if0__A2_Q74MS9,0.9471704876610102,0.4999785646917603,True
3qrh__A1_Q8SSM8--3qrh__A2_Q8SSM8,0.6588305469349618,0.5,True
8q70__A1_Q8U2C1--8q70__A2_Q8U2C1,0.9091379139471337,0.5,True
7vso__A1_P02945--7vso__A2_P02945,0.6171361346282588,0.5,True
5f8b__A1_Q4WB03--5f8b__A2_Q4WB03,0.5185857847362154,0.5,True
8ax0__A1_A0A384E145--8ax0__B1_A0A384E145,0.9742850236625488,0.5,True
7r5y__E2_R7PD89--7r5y__A1_R7PD89,0.636423506383329,0.5,True
7qow__B1_Q93P54--7qow__A1_Q93P54,0.6806089718440297,0.5,True
5il7__A1_Q8KC98--5il7__B1_Q8KC98,0.7267760680968461,0.5,True
3ct9__B1_Q8A1V9--3ct9__A1_Q8A1V9,0.9678042293374903,0.5044642857142857,True
8pvm__A1_P29166--8pvm__B1_P29166,0.8813555289305037,0.5,True
8ct0__F1_S4S3E3--8ct0__A1_S4S3E3,0.7123181157419655,0.49998620765750856,True
3q2j__B1_P0A3Y5--3q2j__A1_P0A3Y5,0.7133525657864134,0.5,True
7xzp__B1_A0A379CIH2--7xzp__A1_A0A379CIH2,0.838895619279237,0.5,True
3qvf__A1_Q56187--3qvf__A2_Q56187,0.4430245680769419,0.5,True
6gxs__A1_Q7NZ70--6gxs__D1_Q7NZ70,0.5279227280964444,0.5,True
2hr8__A1_O58456--2hr8__B1_O58456,0.8748466682237735,0.5,True
2zyf__A1_O87198--2zyf__A2_O87198,0.6593796166463096,0.5,True
7s3v__A1_Q16719--7s3v__A2_Q16719,0.9556391710961275,0.5,True
6a29__A1_O32504--6a29__B1_O32504,0.44648478597739877,0.5,True
4ml6__C1_A6GV51--4ml6__A1_A6GV51,0.9051561259793477,0.5,True
4cht__A1_Q13472--4cht__B1_Q9H9A7,0.44174767754139443,0.5,False
1n4p__B1_P53610--1n4p__A1_Q04631,0.7708743165920164,0.5,False
1tec__A1_P04072--1tec__B1_P01051,0.9020063394157457,0.5,False
6b9t__A1_A9A1T2--6b9t__B1_A9A1T2,0.83106628632002,0.5,True
3g0k__A1_Q2G4A7--3g0k__A2_Q2G4A7,0.7154677779791025,0.5,True
8hy5__A1_P14920--8hy5__B1_P14920,0.8736292754694363,0.5,True
8fts__A1_R9UTR3--8fts__A2_R9UTR3,0.8594904731888526,0.5,True
1jrk__A1_Q8ZTD8--1jrk__B1_Q8ZTD8,0.7854425771653206,0.5,True
2ejn__A1_P30440--2ejn__B1_P30440,0.7088934200233395,0.5,True
8ju7__A1_Q9I2U4--8ju7__B1_Q9I2U4,0.8845689335965341,0.5,True
3nel__A1_Q52428--3nel__B1_Q52428,0.7612061596893469,0.5,True
2dc1__A1_O28440--2dc1__B1_O28440,0.6179382203407713,0.5,True
8fzk__B1_P52292--8fzk__A1_P52292,0.5681725583033886,0.5,True
3wnz__A1_P39641--3wnz__A2_P39641,0.7897324168475603,0.5,True
8e1u__A1_A0A160VN62--8e1u__F2_A0A160VN62,0.7935067925594086,0.5,True
1v7c__A1_P83823--1v7c__B1_P83823,0.8159631560540379,0.5,True
3egg__A1_P62136--3egg__C1_O35274,0.7135903760898435,0.5,False
4yke__B1_G0RYR3--4yke__A1_G0RYR3,0.5252240978917894,0.5,True
1tq9__A1_P00669--1tq9__B1_P00669,0.577201587027689,0.5,True
4oh3__B1_Q05085--4oh3__A1_Q05085,0.6675314299382823,0.5,True
4q62__A1_Q5ZUB7--4q62__A2_Q5ZUB7,0.6088293539490488,0.5,True
2we5__A1_P0A2X7--2we5__B1_P0A2X7,0.9679114240742427,0.49999478846374334,True
5t51__A1_Q6CLK3--5t51__B1_Q6CPD1,0.30378267580881957,0.5,False
3i0z__A1_A0A0H2UN25--3i0z__B1_A0A0H2UN25,0.7245172225411096,0.5,True
8p6k__A1_A0A0H2UWN1--8p6k__B1_A0A0H2UWN1,0.8061245319189159,0.5,True
7z9z__A1_P02754--7z9z__A2_P02754,0.3846869695342098,0.5,True
6d0i__A1_A0A0C5XL88--6d0i__B1_A0A0C5XKJ0,0.8441345637506013,0.5,False
3gs3__A1_Q8MSU4--3gs3__A2_Q8MSU4,0.2187519825618067,0.5,True
2f4m__A1_Q9JI78--2f4m__B1_P54728,0.8015021274033108,0.5,False
4yh8__A1_Q09176--4yh8__B1_P36629,0.7181108341048109,0.5,False
1e44__B1_P00646--1e44__A1_P02984,0.682390996187046,0.5,False
2yri__A1_Q5SLX0--2yri__B1_Q5SLX0,0.8974730388787804,0.5,True
1gcj__A1_P70168--1gcj__B1_P70168,0.385053143299515,0.5,True
7qbp__A1_A4F7B2--7qbp__A2_A4F7B2,0.949724634646512,0.5,True
4hdd__A1_P09391--4hdd__A2_P09391,0.5795350976007174,0.5,True
3e4q__A1_P13633--3e4q__B1_P13633,0.940299051810663,0.5,True
8ein__B1_Q6FCQ4--8ein__A1_Q6FCQ4,0.9659165415791054,0.5,True
6ygu__A1_G0RZ64--6ygu__B1_G0S1V1,0.51728890375322,0.5,False
2yyh__A1_O67435--2yyh__B1_O67435,0.7207096181512488,0.5,True
5wk0__A1_A0A2C9TMM3--5wk0__A2_A0A2C9TMM3,0.9411084161899425,0.5096153846153846,True
8h4j__A1_W8UQZ7--8h4j__D1_W8UQZ7,0.49169404439525055,0.5,True
1z83__A1_P00568--1z83__B1_P00568,0.553507188488177,0.5,True
8h2c__A1_Q0P8U0--8h2c__B1_Q0P8U0,0.8999474342563164,0.5,True
2dkh__A1_Q6SSJ6--2dkh__A2_Q6SSJ6,0.5725137162520524,0.5,True
7c7e__A1_A0A0H3MRW3--7c7e__A2_A0A0H3MRW3,0.3618623203618528,0.5,True
3dpt__B1_Q8KC98--3dpt__A1_Q8KC98,0.8932701534647776,0.5,True
3fgw__A1_Q3TCN2--3fgw__A2_Q3TCN2,0.66142000436335,0.5,True
7wh0__A1_Q9U2E4--7wh0__B2_Q9U2E4,0.9846190887450993,0.5,True
8dq3__A1_A0A142G3G1--8dq3__B1_A0A142G3G1,0.5841351660801755,0.5,True
6t2b__A1_B2UQL7--6t2b__C1_B2UQL7,0.8970961671300748,0.5,True
8jh0__B1_S2D3K4--8jh0__A1_S2D3K4,0.5953932863438922,0.5,True
7t2s__A1_A0A494K842--7t2s__A2_A0A494K842,0.4817800216096306,0.5,True
3frw__B1_A5ZMD8--3frw__A1_A5ZMD8,0.608168466189932,0.5,True
5ab5__A1_C9ZUV7--5ab5__B1_C9ZUV7,0.7402433544085549,0.5,True
5myd__C2_A0A2D0TC86--5myd__A1_A0A2D0TC86,0.4973648703765353,0.5,True
5cde__A1_Q8P839--5cde__B1_Q8P839,0.7919371938551276,0.5,True
6pi4__A1_A0R1Z9--6pi4__A2_A0R1Z9,0.28143287304580566,0.5,True
3ipf__A1_Q251Q8--3ipf__B1_Q251Q8,0.25720151330596047,0.4996259085079094,True
2p3y__A1_Q87I71--2p3y__B1_Q87I71,0.9602126606901565,0.5,True
5jbr__A1_C5C6I1--5jbr__B1_C5C6I1,0.9520101151207843,0.5,True
8ttz__A1_G8E2R2--8ttz__B2_G8E2R2,0.7009962662603846,0.5,True
3vba__A1_Q58673--3vba__B1_Q58673,0.7694536132415819,0.5,True
4o6y__B1_Q9SWS1--4o6y__A1_Q9SWS1,0.631181166335814,0.5,True
4e5r__A1_Q6IRB5--4e5r__A2_Q6IRB5,0.5022007445335901,0.5,True
7ywv__A1_Q0SBK1--7ywv__C1_Q0SBK1,0.965301410094942,0.5,True
8eer__A1_P01116--8eer__A2_P01116,0.3344289978072961,0.5,True
3f84__B1_E3PPC4--3f84__A1_E3PPC4,0.38701762132335965,0.5,True
5mu7__A1_G0S6G7--5mu7__B1_G0S6I4,0.8179579447816048,0.5,False
8hfp__B1_Q96T68--8hfp__A1_Q8N8R7,0.5688365397479463,0.5,False
4rmn__B1_Q6NC13--4rmn__A2_Q6NC13,0.7430133387036036,0.5,True
3mx1__A1_Q46944--3mx1__A2_Q46944,0.9613762720228596,0.5,True
5gl5__A1_Q06321--5gl5__B1_Q06321,0.4080917799838067,0.5,True
5gl4__A1_B6YTD8--5gl4__B1_B6YTD8,0.9926522153313975,0.5,True
7wf9__A1_Q3ZT31--7wf9__B1_Q3ZT31,0.34050481899627316,0.5,True
8fw0__B1_P39897--8fw0__A1_P39897,0.4772081626244032,0.5,True
8ou8__B1_P0A8M3--8ou8__A1_P0A8M3,0.8072581408533277,0.5,True
7acm__B1_P75811--7acm__A1_P75811,0.4145235737885873,0.5,True
4trb__A1_Q97W95--4trb__B1_Q97W95,0.7215004111194695,0.5,True
2ia9__B1_P28015--2ia9__A1_P28015,0.402049775901366,0.5,True
3sy6__A1_Q5LE92--3sy6__B1_Q5LE92,0.801560422911072,0.5,True
6xz3__A1_Q9H1K6--6xz3__A2_Q9H1K6,0.4678463711678693,0.5,True
2h8e__A1_P0AG74--2h8e__A2_P0AG74,0.4666746380494026,0.5,True
4e0u__A1_D1D8L6--4e0u__A2_D1D8L6,0.6807889243678374,0.5,True
6teu__A1_O60568--6teu__A2_O60568,0.8969082500152549,0.5,True
6xt5__B1_P49046--6xt5__A1_P49046,0.9669830876765264,0.5,True
8g1t__A1_Q07812--8g1t__B1_Q07812,0.1978531286388047,0.5,True
7xp7__B1_W9FXI8--7xp7__A1_W9FXI8,0.8902499114996625,0.5,True
8i55__A1_Q58380--8i55__B1_Q58380,0.9824435572096218,0.5337853641783135,True
1h65__A1_Q41009--1h65__A2_Q41009,0.7458590693019991,0.5,True
3ol4__A1_A0QRC4--3ol4__B1_A0QRC4,0.27050149017175734,0.5,True
8idq__A1_A0A0B8MZ29--8idq__C1_A0A0B8MZ29,0.9220367502027509,0.5,True
3f6g__B1_Q8F3Q1--3f6g__A1_Q8F3Q1,0.8004121793839907,0.5,True
6akj__B1_G2TRN4--6akj__A1_G2TRN4,0.7380775358470525,0.5,True
3qhy__B1_O87916--3qhy__A1_Q93T42,0.9402841424772235,0.5,False
4j5p__B1_P97612--4j5p__A1_P97612,0.7842597718855843,0.5,True
4icq__A1_A0A0H2UN95--4icq__B1_A0A0H2UN95,0.9292080886759816,0.5,True
1klf__B1_P08191--1klf__A1_P31697,0.8617211600628061,0.5,False
6y4l__A1_Q15006--6y4l__B1_Q9Y3B6,0.5855197240736286,0.5,False
6dex__B1_Q74ZQ8--6dex__A1_Q75DL0,0.5107637198302845,0.5,False
2z02__A1_Q58987--2z02__B1_Q58987,0.9922058920176524,0.5,True
4l7w__A1_Q7Z4H3--4l7w__A2_Q7Z4H3,0.7478187186208204,0.5,True
6tct__A1_Q9KL67--6tct__B1_Q9KL67,0.49134611733434597,0.5,True
6sul__A1_A8FAR5--6sul__B1_A8FAR5,0.8438449106068037,0.5,True
3l8d__A1_A0RD96--3l8d__A2_A0RD96,0.7125151908619167,0.5,True
1b8m__B1_P34130--1b8m__A1_P23560,0.4528676366295157,0.5,False
1irq__B1_Q57468--1irq__A1_Q57468,0.8697168429617574,0.504,True
7xi6__A1_A5GXY1--7xi6__B1_A5GXY1,0.6380906508918558,0.5228436267592894,True
7vrx__D1_A0A6J4AG16--7vrx__B1_A0A6J4AG16,0.8957416700486794,0.5,True
6iik__A1_P54578--6iik__B1_P54578,0.8705144722609801,0.5,True
3nau__A1_Q9Y6X8--3nau__B1_Q9Y6X8,0.09767499334469376,0.5,True
4jzy__B1_O77059--4jzy__A1_O77059,0.8887210108193776,0.5,True
7yxg__A1_Q9VU77--7yxg__B1_Q9VU77,0.7939020095805512,0.5,True
5cio__A1_A0A1A9TAI5--5cio__B1_A0A1A9TAI5,0.871130761766539,0.5,True
8jwj__A1_Q9DAG9--8jwj__B1_P62837,0.7940196607590956,0.5,False
6ia6__A1_A0A1C7D1B7--6ia6__A2_A0A1C7D1B7,0.6641495980588095,0.5,True
8h1g__A1_O67518--8h1g__A2_O67518,0.7725065073229684,0.5,True
6x61__A1_Q79V60--6x61__B1_Q8DMT2,0.9002927087730093,0.5,False
7x0d__A1_A5YW95--7x0d__B1_A5YW95,0.9326710801762381,0.4999968259006507,True
1ghd__B1_O86089--1ghd__A1_O86089,0.33250442976666317,0.5,True
2x6f__A1_Q9W1M7--2x6f__B1_Q9W1M7,0.5391879403219525,0.5,True
8oik__A1_Q9UPU9--8oik__C1_Q9UPU9,0.535796270021255,0.5,True
6nxl__A1_B4DV12--6nxl__E1_B4DV12,0.38228185604068604,0.5,True
8wmy__A1_A0A4U7IGH6--8wmy__B2_A0A4U7IGH6,0.9048070260946018,0.5,True
3trf__A1_Q83AJ3--3trf__A2_Q83AJ3,0.5955761282870681,0.5,True
5h4s__A1_A0A090BWT0--5h4s__A2_A0A090BWT0,0.7128043485424731,0.5,True
2zvb__A1_Q53WA6--2zvb__A2_Q53WA6,0.8310508079963864,0.5,True
8wa7__A1_P27302--8wa7__B1_P27302,0.7783350661682115,0.5,True
3b0z__B1_P40727--3b0z__A1_P40727,0.19902376235791736,0.5,True
4usp__A1_B3GA02--4usp__B1_B3GA02,0.568717923203221,0.5,True
7cms__A1_P00953--7cms__B1_P00953,0.713210359337188,0.5,True
7t8q__A1_Q7S860--7t8q__D1_Q7S860,0.5582206178879257,0.5,True
6j9k__A1_A0A425B3G2--6j9k__A2_A0A425B3G2,0.8204670222250027,0.5,True
7xp0__A1_Q9I5E1--7xp0__A2_Q9I5E1,0.6422291882935909,0.5,True
8ih4__A1_Q8WVV5--8ih4__B1_Q8WVV5,0.6999390480802872,0.5,True
1tfe__A1_P43895--1tfe__A2_P43895,0.8739607134633438,0.5,True
4iwq__A1_Q9UHD2--4iwq__A2_Q9UHD2,0.7300991041209205,0.5,True
5hs5__A1_Q2G0D1--5hs5__B1_Q2G0D1,0.9827906782840705,0.539144814552327,True
3v89__A1_Q9K0U9--3v89__B1_P02787,0.7303551311740755,0.5,False
8e3g__B1_P43026--8e3g__A1_P12643,0.6807693983084668,0.5,False
2w8b__A1_P0A855--2w8b__H1_P0A912,0.5243696724988784,0.5,False
5f7p__B1_Q8YAF1--5f7p__A1_Q8YAF1,0.6378423250508966,0.5,True
8f71__B1_Q6N5G3--8f71__A1_Q6N5G3,0.9487363650516003,0.5,True
8hwi__B1_A0A327WNX5--8hwi__A1_A0A327WNX5,0.7788605670882986,0.4999817231421574,True
7r3i__B1_P54292--7r3i__A1_P54292,0.8334060217130574,0.5,True
8afj__A1_A0A179QS89--8afj__B1_A0A179QS89,0.6356818725183647,0.5,True
3pub__B1_E5EVW2--3pub__A1_E5EVW2,0.8501978699473736,0.5,True
8es5__A1_A0A0H2Z732--8es5__B1_A0A0H2Z732,0.8817185217942825,0.5,True
7txn__B1_Q8YVV6--7txn__A1_Q8YVV6,0.9515843986305081,0.5286860513805759,True
3py6__A1_Q2YQ74--3py6__A2_Q2YQ74,0.8731235451627932,0.5,True
1hjr__A1_P0A814--1hjr__C1_P0A814,0.48301254498293716,0.5,True
8k3b__A1_A0A071KWR3--8k3b__A2_A0A071KWR3,0.6373925497393564,0.5,True
3w2z__A1_Q8YXY7--3w2z__A2_Q8YXY7,0.4800450722899794,0.5,True
8f78__A1_P55212--8f78__B1_P55212,0.846346488005691,0.5,True
6wg4__A1_Q14683--6wg4__B1_Q9UQE7,0.8406613191384219,0.5,False
7zry__A1_O60341--7zry__B1_Q9UKL0,0.8096367002278838,0.5,False
1uix__A1_Q28021--1uix__B1_Q28021,0.6874133462702192,0.5,True
7vrc__A1_P38956--7vrc__B1_P22082,0.40825162907359064,0.5,False
1oz0__A1_P31335--1oz0__B1_P31335,0.8141497020351341,0.5,True
7eft__B1_P16926--7eft__A1_P16926,0.652889070756014,0.5,True
8e2b__B1_Q2FYI5--8e2b__A1_Q2FYI5,0.5889495511147956,0.5,True
7jw6__A1_Q9VIF1--7jw6__A2_Q9VIF1,0.7968303821778375,0.5,True
1jkw__A1_P51946--1jkw__A2_P51946,0.6625692391024446,0.5,True
4pfp__B1_F1RQI7--4pfp__A1_F1RQI7,0.9390898807421763,0.5,True
8h1s__A1_Q9I5U2--8h1s__B1_Q9HX32,0.7192197507386326,0.5,False
7t0y__A1_P62136--7t0y__B1_Q14684,0.5772635078984891,0.5,False
1tz9__A1_Q82ZC9--1tz9__B1_Q82ZC9,0.7780562742187973,0.5,True
2wns__B1_P11172--2wns__A1_P11172,0.917705201779827,0.5,True
6s8v__B1_P08195--6s8v__A1_P80188,0.5972067933823513,0.5,False
2gt4__A1_P32056--2gt4__B1_P32056,0.6759034958677391,0.5,True
3bof__A1_Q9WYA5--3bof__B1_Q9WYA5,0.9974238788153907,0.4999991521788157,True
6trj__A1_O75475--6trj__A2_O75475,0.19069915937130483,0.5,True
8h4z__A1_A0A2X5A3P4--8h4z__B1_A0A2X5A3P4,0.8988502940544565,0.5,True
2hre__A1_P22830--2hre__B1_P22830,0.5314431047638868,0.5,True
5yjc__A1_Q5HK94--5yjc__B1_Q5HK94,0.6647496771191325,0.5,True
8d6k__A1_Q9L1K2--8d6k__B1_Q9L1K2,0.6915824281009879,0.5,True
2zew__B1_Q9ZA17--2zew__A1_Q9ZA17,0.30316703445189014,0.5,True
5wpi__A1_Q58PW8--5wpi__B1_Q58PW8,0.9621554485158248,0.5,True
8fk6__A1_A0A0C9S461--8fk6__B1_P80098,0.841921502790113,0.5,False
7tm7__A1_A0A0H3GYH4--7tm7__B1_A0A0H3GYH4,0.9097129627655841,0.5,True
7x4b__A1_A0A2D0TCG3--7x4b__B1_A0A2D0TCG3,0.867704104645918,0.5,True
4aqp__B1_P54253--4aqp__A1_P54253,0.13867034864548652,0.5,True
3npi__A1_Q6NFU8--3npi__B1_Q6NFU8,0.7082873970549006,0.5,True
