system_id,auroc,bacc,is_homodimer
3c07__A1_Q9KZ96--3c07__B1_Q9KZ96,0.683370822933258,0.5,True
3iqy__A1_P28366--3iqy__A2_P28366,0.7858628684307805,0.5,True
7e76__A1_A0A3B6LNA8--7e76__B1_A0A3B6LNA8,0.6189786889933372,0.5,True
3cqc__A1_P57740--3cqc__B1_Q8WUM0,0.9083619880443,0.5,False
7x1k__A1_Q6DL91--7x1k__B1_Q6DL91,0.5553107961465327,0.5,True
8sgd__A1_P25342--8sgd__B1_P32457,0.6601005241359527,0.5,False
3ecf__A1_Q3M5E4--3ecf__B1_Q3M5E4,0.4645752167902476,0.5,True
6j94__A1_Q93VK5--6j94__B1_Q93VK5,0.7874213141526233,0.5,True
7xsh__A1_K1KV82--7xsh__B2_K1KV82,0.8793773303171085,0.5,True
8v14__A1_G5EEF9--8v14__B1_G5EEF9,0.6424588631264025,0.5,True
6r76__A1_H3ZMH8--6r76__B1_H3ZMH8,0.9318096149416841,0.5,True
8ap0__A1_A0A5S9CYM0--8ap0__A2_A0A5S9CYM0,0.5267569134390157,0.5,True
3qph__A1_Q9HGZ9--3qph__A2_Q9HGZ9,0.8640280955261035,0.5,True
3o6j__A1_O67987--3o6j__B1_O67987,0.9105590946546247,0.5,True
6o6z__A1_B6YWC3--6o6z__B1_B6YWC3,0.8944388060516366,0.5,True
3fil__A1_P19909--3fil__B1_P19909,0.18688975766419524,0.5,True
6do2__A1_P11021--6do2__B1_P11021,0.8140060462799947,0.5,True
7f4q__B1_Q22GC0--7f4q__A1_I7M8B9,0.7403191439414449,0.5,False
4hfg__A1_Q9NQG5--4hfg__B1_Q9NQG5,0.3319895162988791,0.5,True
7yh2__A1_A0A1Q9P883--7yh2__B1_A0A1Q9P883,0.9542887151032267,0.5,True
3axs__A1_O67010--3axs__A2_O67010,0.9083530812649221,0.5,True
3cqr__A1_Q39249--3cqr__B1_Q39249,0.46274715366394126,0.5,True
3s8k__A1_P80691--3s8k__B1_P80691,0.8117050119089849,0.5,True
4oun__A1_O31418--4oun__A2_O31418,0.9421604150649152,0.5,True
3o3n__A1_Q5U924--3o3n__B1_Q5U923,0.7327113805621167,0.5,False
6f3z__A1_P0ADC3--6f3z__B1_P61316,0.9441874374482597,0.5,False
1hr7__A1_P11914--1hr7__B1_P10507,0.7805396284953645,0.5,False
8gko__B1_P28296--8gko__A1_P28296,0.9472167656841871,0.5,True
2gkv__A1_P00777--2gkv__B1_P68390,0.8581992732392151,0.5,False
8stx__A1_Q4E4E1--8stx__B1_Q4E4E1,0.7092772040418335,0.5,True
4m36__A1_Q582G4--4m36__A2_Q582G4,0.7692524581158569,0.5,True
5wpu__A1_A0A076NBW8--5wpu__A2_A0A076NBW8,0.7074034259353914,0.5,True
5yps__A1_A0A0W4ZF97--5yps__B1_A0A0W4ZF97,0.9573637402536066,0.5,True
5oge__E1_P40107--5oge__A1_P40107,0.4508213723858522,0.5,True
5fey__B1_Q13049--5fey__A1_Q13049,0.4933448570648433,0.5,True
8hce__B1_Q91XB0--8hce__A1_Q91XB0,0.7665411254802517,0.5,True
1ggp__B1_Q7SIF1--1ggp__A1_Q7SIF0,0.7900137285708446,0.5,False
5z50__A1_O05926--5z50__B1_O05926,0.9616131560739043,0.5,True
7t9u__A1_Q86WV6--7t9u__A2_Q86WV6,0.9390776604805912,0.5,True
6ey4__A1_Q5EGM3--6ey4__A2_Q5EGM3,0.8246090643502437,0.5,True
2hvg__A1_A5KBL5--2hvg__B1_A5KBL5,0.9203098550940307,0.5,True
6wp7__A1_Q82H41--6wp7__B1_Q82H41,0.9022274652811892,0.5,True
6kfs__A1_B7FR28--6kfs__A2_B7FR28,0.40587909036954256,0.5,True
3shg__A1_E6Z0R3--3shg__B1_E6Z0R4,0.6731793754231551,0.5,False
4wjm__A1_Q2YNY7--4wjm__A2_Q2YNY7,0.9660117400906478,0.5,True
8hmo__A1_A0A0H4P0S7--8hmo__B1_A0A0H4P0S7,0.975963337418113,0.5,True
8dfk__A1_P39694--8dfk__B1_P39694,0.7601436076918804,0.5,True
6n91__A1_Q9KNI7--6n91__B1_Q9KNI7,0.8910487670534135,0.5,True
1dev__A1_Q15796--1dev__B1_O95405,0.499184435044696,0.5,False
8c9j__B1_P15559--8c9j__A1_P15559,0.9593878631806476,0.5,True
3rd7__B1_A0A0H2ZY91--3rd7__A1_A0A0H2ZY91,0.9563962147509157,0.5,True
5x1j__A1_G2IQS7--5x1j__A2_G2IQS7,0.6779012636268686,0.5,True
3r2p__A1_P02647--3r2p__A2_P02647,0.8254449687305006,0.5,True
1pdk__A1_P15319--1pdk__B1_P62532,0.866216232143699,0.5041666666666667,False
7bjg__A1_Q8IGY1--7bjg__A2_Q8IGY1,0.67866353970484,0.5,True
3kcp__A1_Q06851--3kcp__B1_A3DF10,0.8270169503588395,0.5,False
7bbq__A1_Q6I6B7--7bbq__A2_Q6I6B7,0.9831550125742177,0.5,True
3dpj__E1_Q5LS67--3dpj__F1_Q5LS67,0.5182681736979524,0.5,True
6okh__A1_Q04QG8--6okh__B1_Q04QG8,0.8033177657341246,0.5,True
7tq1__A1_P0AC13--7tq1__A2_P0AC13,0.709322903990175,0.5,True
7t5y__A1_P0A7E1--7t5y__B1_P0A7E1,0.8803565154656117,0.5,True
5o47__A1_J7HDY4--5o47__A2_J7HDY4,0.8911678978460567,0.5,True
1oo0__A1_P49028--1oo0__B1_Q9V535,0.7689379652605459,0.5,False
3edj__A1_Q8KKG0--3edj__B1_Q8KKG0,0.787175448146108,0.5,True
5yr0__A1_O88597--5yr0__B1_Q8K245,0.7540928549784143,0.5,False
5c21__A1_P09986--5c21__B1_P09986,0.8294408297985691,0.5,True
2gok__A1_Q8U8Z6--2gok__B1_Q8U8Z6,0.954341012065522,0.5,True
1ww1__A1_Q9WZW8--1ww1__B1_Q9WZW8,0.9888297359252829,0.5,True
1fm0__B1_P30749--1fm0__A1_P30748,0.9753254720196305,0.5,False
4jgo__B1_O31671--4jgo__A1_O31671,0.5922116676763451,0.5,True
3l2k__A1_Q8GPH0--3l2k__B1_Q8GPH0,0.4915918135559026,0.5,True
1yov__A1_Q13564--1yov__B1_Q8TBC4,0.9651733784888332,0.5,False
7zvd__A1_P11413--7zvd__A2_P11413,0.963069757842639,0.5,True
8grh__B1_P51553--8grh__A1_P50213,0.7934931785818503,0.5,False
1lxd__A1_Q03386--1lxd__B1_Q03386,0.6012753076493802,0.5,True
5m97__A1_Q10113--5m97__B1_Q10113,0.7549054976452212,0.5,True
7ax1__A1_Q9ULM6--7ax1__B1_Q9UIV1,0.9512993007615249,0.5,False
8d4w__A1_A0A8B4R830--8d4w__A2_A0A8B4R830,0.7267322290151151,0.5,True
7ynw__B2_Q57834--7ynw__A1_Q57834,0.8401871053702141,0.5,True
4rgp__A1_Q8DTU7--4rgp__B1_Q8DTU7,0.6636963495837135,0.5,True
8twd__C1_P0AEV1--8twd__A1_W8SRD3,0.566376501387625,0.5,False
3fb9__A1_A0A0H2US72--3fb9__B1_A0A0H2US72,0.9783844395566481,0.5,True
8a39__A1_A0A024L404--8a39__C2_A0A024L404,0.7993924051730069,0.5,True
3ps8__A1_P01034--3ps8__A2_P01034,0.32800733374601054,0.5,True
7vwp__A2_A0A136PK59--7vwp__B1_A0A136PK59,0.8482513569871786,0.5,True
3a7p__A1_Q03818--3a7p__B1_Q03818,0.8558165207327685,0.5,True
4ql6__A1_A0A0H3MDM0--4ql6__C1_A0A0H3MDM0,0.8661552771579226,0.5,True
5nck__A1_Q8RDN7--5nck__B1_Q8RDN7,0.8568101032797192,0.5,True
3w8i__A1_Q9BUL8--3w8i__B1_Q9P289,0.9607761683857277,0.5,False
4oky__A1_Q52612--4oky__A2_Q52612,0.9375555995820076,0.5,True
7x20__A1_P54708--7x20__B1_P07340,0.8814727700678803,0.5,False
3hnw__A1_D0VWZ2--3hnw__B1_D0VWZ2,0.6160622331612273,0.5,True
8r37__A1_A0A086IRG1--8r37__B1_A0A086IRG1,0.798413482870449,0.5,True
1rqg__A1_Q9V011--1rqg__A2_Q9V011,0.586551793878589,0.5,True
8brl__A1_F7J213--8brl__A2_F7J213,0.6689047129160434,0.5,True
7qiu__A1_P94538--7qiu__B1_P94538,0.8226284730852167,0.5,True
6sjs__A1_B8FUR2--6sjs__B1_B8FUR2,0.9669766091823407,0.5039156195584525,True
8hlg__A1_Q9RR88--8hlg__B1_Q9RR88,0.8116624384926581,0.5,True
6mpc__A1_B3DQP5--6mpc__B1_B3DQP5,0.9909409048299901,0.5,True
7pcr__A1_P56185--7pcr__A2_P56185,0.8129966722087537,0.5,True
3bvq__B1_Q2I6W2--3bvq__A1_Q2I6W2,0.7311595506125806,0.5,True
6bsu__A1_Q9LZJ3--6bsu__B1_Q9LZJ3,0.803176553658001,0.5,True
4e5u__B1_Q9HZN8--4e5u__A1_Q9HZN8,0.6787144213204281,0.5,True
8a52__A1_P23222--8a52__B1_P23222,0.7812420292167986,0.5,True
1d0v__A1_Q05603--1d0v__A2_Q05603,0.9441735703140812,0.5,True
3gwq__A1_Q145Q0--3gwq__B1_Q145Q0,0.8167735629848748,0.5,True
1yhc__A1_O67648--1yhc__B1_O67648,0.7871551544729578,0.5,True
7lxs__A1_Q8ZMZ2--7lxs__C1_Q8ZMZ2,0.34916104223034916,0.5,True
6w08__B1_Q9KL63--6w08__A1_Q9KL63,0.5322431445987472,0.5,True
7wrm__A1_D0IVL9--7wrm__B1_D0IVL9,0.4652080129875701,0.5,True
2yww__B1_Q58801--2yww__A1_Q58801,0.6886777120671752,0.5,True
3lm6__A1_P40869--3lm6__B1_P40869,0.7414673546002579,0.5,True
7trw__A1_A0A380PDL3--7trw__A2_A0A380PDL3,0.21354829216090992,0.5,True
8syc__A1_Q13370--8syc__B1_Q13370,0.4711969474334401,0.5,True
1gk6__A1_P03069--1gk6__B1_P03069,0.5937778211562385,0.5,True
1reo__A1_Q6STF1--1reo__A2_Q6STF1,0.6349070416377843,0.5,True
6s3b__A1_Q88JK6--6s3b__B1_Q88JK6,0.4320554831769294,0.5,True
7tl5__A1_A0A3F3B310--7tl5__B1_A0A3F3B310,0.7878248412433023,0.5,True
2asf__A1_P9WLL7--2asf__A2_P9WLL7,0.5700473075952003,0.5,True
8ilj__A1_A0A242MJ43--8ilj__B1_A0A242MJ43,0.9464722496311115,0.5,True
4usc__A1_A0A0A0Y4H8--4usc__B1_A0A0A0Y4H8,0.44053390577599877,0.5,True
5yp3__A1_Q6F3I7--5yp3__B1_Q6F3I7,0.9038247302630735,0.5,True
8aid__A1_Q9HWJ8--8aid__B1_Q9HWJ8,0.24661496011921935,0.5,True
7yp6__B1_E5L4T5--7yp6__A1_E5L4T5,0.5695929105011014,0.5,True
4aql__A1_Q9Y2T3--4aql__A2_Q9Y2T3,0.9741360126286485,0.5,True
3idf__A1_O34252--3idf__B1_O34252,0.6909249103564649,0.5,True
8fjr__A1_D1A807--8fjr__B1_D1A807,0.7769453212714024,0.5,True
7z56__B1_F0NGX6--7z56__A1_F0NGX6,0.9330446396640774,0.4999841867231728,True
7olf__A1_A9CEY7--7olf__B1_A9CEY7,0.8855100880470985,0.5,True
3zta__A1_Q2RIF4--3zta__A2_Q2RIF4,0.8797194675189337,0.5,True
3abi__A1_O59312--3abi__B1_O59312,0.8717187144018086,0.5,True
5ab8__A1_P9WN25--5ab8__A2_P9WN25,0.2193311436000384,0.5,True
1guq__A1_P09148--1guq__B1_P09148,0.9381613395135698,0.5,True
6zdw__B1_A0A162MUP0--6zdw__A1_A0A162MUP0,0.7322937565590468,0.5,True
8csd__A1_Q6U8B0--8csd__A2_Q6U8B0,0.7736053618500316,0.5,True
8bfr__A1_P30177--8bfr__A2_P30177,0.9876342002146346,0.5,True
7yk3__A1_O53604--7yk3__B1_O53605,0.8960195854897959,0.5,False
6xiv__A1_P16114--6xiv__B2_P16114,0.6560805098832626,0.5,True
8ajx__A1_P17117--8ajx__A2_P17117,0.7687093501914828,0.5028818443804035,True
8ayj__A1_D5EHC5--8ayj__B1_D5EHC5,0.9761852720263879,0.5,True
8a6e__B2_P02699--8a6e__A1_P02699,0.9220798320870182,0.5,True
4jb7__A1_Q9KTQ6--4jb7__A2_Q9KTQ6,0.45638091306607953,0.5,True
6h3f__A1_A0A0H3JT80--6h3f__A2_A0A0H3JT80,0.9249234074178845,0.5,True
6wxw__A1_F2NWD3--6wxw__B1_F2NWD3,0.6763069595488955,0.5,True
2zw2__A1_F9VNF4--2zw2__B1_F9VNF4,0.63653265603939,0.4999359467076608,True
2wo2__A1_P54764--2wo2__B1_P52799,0.8965293030492243,0.5,False
1ord__A1_P43099--1ord__B1_P43099,0.6833726875335953,0.5,True
8aa9__A1_Q9V1Y9--8aa9__B1_Q9V1Y9,0.5209871942259975,0.5,True
4i6y__B1_P13702--4i6y__A1_P13702,0.8797631662565122,0.5,True
1vh4__B1_P77689--1vh4__A1_P77689,0.8107068749115549,0.5,True
3ocd__A1_D7A6E5--3ocd__B1_Q7BQR5,0.724034647496405,0.5,False
8pq7__A1_M1C5B8--8pq7__B1_D0N0Z8,0.48221043501467836,0.5,False
5abr__A1_P82802--5abr__B1_P82802,0.9541405424841007,0.5,True
2zmf__A1_Q9Y233--2zmf__B1_Q9Y233,0.4050260781476439,0.5,True
2vzk__B1_P0DJQ5--2vzk__A1_P0DJQ5,0.31318076458064575,0.5,True
7wm5__A1_A0A0C2W699--7wm5__A2_A0A0C2W699,0.61631378075332,0.5,True
1zee__A1_Q8E972--1zee__B1_Q8E972,0.4350475698173536,0.5,True
1f3u__B1_P35269--1f3u__A1_P13984,0.7707921663589677,0.5,False
7tvh__B1_Q9I2Q1--7tvh__A1_Q9I2Q1,0.6493284299924924,0.5,True
5vgm__B1_Q9KL24--5vgm__A1_Q9KL24,0.8924033555288193,0.5,True
4zzh__A1_Q96EB6--4zzh__A2_Q96EB6,0.40310703259507746,0.5,True
6m4v__A1_P0AEX9--6m4v__B1_P62942,0.8788435281557445,0.5,False
7y28__A1_P07814--7y28__B1_P07814,0.5594838166434363,0.5,True
7y7u__A1_A0A222F232--7y7u__B1_A0A222F232,0.8909470171047142,0.5,True
3fgc__A1_P07740--3fgc__B1_P07739,0.6436037391420559,0.5,False
1rve__A1_P04390--1rve__B1_P04390,0.8912770194350811,0.5,True
7zy1__A1_Q9F8A8--7zy1__A2_Q9F8A8,0.7480007882076114,0.5,True
3jxo__B1_A0A0F6AN26--3jxo__A1_A0A0F6AN26,0.6051047023859708,0.5,True
8dqb__A1_A0A0H3FX83--8dqb__A2_A0A0H3FX83,0.7495987388556267,0.5,True
5l16__A1_Q4Q0M0--5l16__A2_Q4Q0M0,0.5568772065025395,0.5,True
3qt7__A1_Q9FD73--3qt7__B1_Q9FD73,0.9652404657415465,0.5,True
4aye__D1_Q9JXV4--4aye__A1_P08603,0.4604626055281035,0.5,False
7r3n__A1_P43432--7r3n__B1_P43432,0.7847738514326457,0.5,True
7a0x__B1_Q8ZRZ3--7a0x__A1_Q8ZRZ3,0.9515794284651178,0.5,True
7wjk__A1_P93836--7wjk__A2_P93836,0.8273817169457793,0.5,True
7g99__B1_Q92974--7g99__A1_P61586,0.5634665752206891,0.5,False
7u0r__B1_M9SC49--7u0r__A1_M9SC49,0.7373717311886888,0.5,True
7wbt__A1_Q288C4--7wbt__B1_Q288C4,0.8017514524405124,0.5,True
7txe__A1_Q8I6T6--7txe__B1_Q8I6T6,0.3556734517470287,0.5,True
6pyp__A1_P21695--6pyp__B1_P21695,0.6678501472501883,0.5,True
8b2d__A1_F5SYD3--8b2d__B1_F5SYD3,0.8199402564581935,0.5,True
6b8l__B1_P0DP23--6b8l__A1_P56696,0.6928552926912447,0.5,False
8sj5__A1_A0A2I4FN75--8sj5__C1_A0A2I4FN75,0.26577468376965596,0.5,True
3nr1__A1_Q8N4P3--3nr1__B1_Q8N4P3,0.58283960365776,0.5,True
3h3l__A1_A6LFX0--3h3l__A2_A6LFX0,0.8026530627807137,0.5,True
6jdh__A1_A0A2K0XYW4--6jdh__B1_A0A2K0XYW4,0.5387612855767892,0.5,True
3vjz__A1_Q9K0P4--3vjz__B1_Q9K0P4,0.40724580616053485,0.5,True
3et4__A1_Q4QMM5--3et4__A2_Q4QMM5,0.6585794302469246,0.5,True
5or3__A1_Q2UNF9--5or3__D1_Q2UNF9,0.7996966995840261,0.5,True
3fh3__B1_A0A6L8PES2--3fh3__A1_A0A6L8PES2,0.22304503885276883,0.5,True
1go3__A1_Q57840--1go3__B1_Q60351,0.8988843904633378,0.5,False
3zxq__B1_P9WGK1--3zxq__A1_P9WGK1,0.42437557853015023,0.5,True
1zlh__A1_P00730--1zlh__B1_Q5EPH2,0.6563683344427187,0.5,False
4h1h__A1_Q8Y6P6--4h1h__B1_Q8Y6P6,0.9347055514772478,0.5,True
2gh1__A1_Q81E32--2gh1__B1_Q81E32,0.5335032783442611,0.5,True
7dl7__F1_B0VJ11--7dl7__A1_B0VJ11,0.9445849598348227,0.5,True
7yu0__B1_Q79F77--7yu0__A1_Q79F77,0.5981659670229948,0.5,True
3cbu__B1_Q473P3--3cbu__A1_Q473P3,0.6759297895190473,0.5,True
3ihk__A1_Q8DVV9--3ihk__A2_Q8DVV9,0.7826429471912362,0.5,True
4y67__A1_Q8IKG4--4y67__B1_Q8IKG4,0.8291826107113243,0.5,True
6ejp__B1_P69986--6ejp__A1_P69986,0.24071234509897138,0.5,True
1poy__A1_P0AFK9--1poy__B1_P0AFK9,0.682742935766897,0.5,True
3a7o__A1_Q03818--3a7o__B1_Q03818,0.8925632810183113,0.5,True
5n47__B1_P02751--5n47__A1_P80188,0.7297673855409401,0.5,False
8ejm__A1_O43143--8ejm__B1_Q8IWZ8,0.823434718202983,0.5,False
7jl6__A1_Q9L523--7jl6__B1_Q9L523,0.8037678508897121,0.5,True
1npd__B1_P0A6D5--1npd__A1_P0A6D5,0.5555308579404441,0.5,True
8h0h__A1_P9WLU7--8h0h__C1_P9WLU7,0.3355895672700681,0.5,True
3t8l__A1_Q7CUX4--3t8l__B1_Q7CUX4,0.824751808483963,0.5,True
7ol3__B1_Q8WXF7--7ol3__A1_Q8WXF7,0.6928182759188368,0.5,True
3ent__A1_Q2YAE2--3ent__B1_Q2YAE2,0.7732833044509827,0.5,True
2y4g__A1_D3Y1I2--2y4g__B1_D3Y1I2,0.9492272630795,0.5,True
7ec7__A1_A0A0H2XGN0--7ec7__A2_A0A0H2XGN0,0.9712303899444719,0.5,True
2o11__A1_P9WPY1--2o11__A2_P9WPY1,0.5998029434270358,0.5,True
8abq__A1_Q13596--8abq__B1_Q9Y5X3,0.6675825974668723,0.5,False
2sak__A1_P68802--2sak__A2_P68802,0.5470434662549737,0.5,True
8h5e__A1_Q5SMG8--8h5e__B1_Q5SMG8,0.6988325866963541,0.5,True
8bgm__B1_A0A5P3XKL3--8bgm__A1_A0A5P3XKM0,0.9061762942839022,0.5,False
2ps8__A1_P13513--2ps8__B1_P13513,0.8273680850797331,0.5,True
6awl__A1_O75208--6awl__B1_O75208,0.7136392866136634,0.5,True
4qds__A1_O60462--4qds__B1_O60462,0.285240344324821,0.5,True
6qky__B1_Q97P33--6qky__A1_Q97P33,0.31798141470875046,0.5,True
8p3m__A1_W0DP94--8p3m__B1_W0DP94,0.714306955082101,0.5,True
5v7y__A1_A0A4Y1WAP5--5v7y__B1_A0A4Y1WAP5,0.5427559813022445,0.5,True
4aps__A1_Q5M4H8--4aps__B1_Q5M4H8,0.7402177301561169,0.5,True
7ucn__A1_P50120--7ucn__B1_P50120,0.38485156317325125,0.5,True
1ni5__A1_P52097--1ni5__A2_P52097,0.8557984445845512,0.5,True
4a5o__B1_Q9I2U6--4a5o__A1_Q9I2U6,0.9184743303374561,0.5,True
8q5k__A1_A0A0H2Z7A6--8q5k__A2_A0A0H2Z7A6,0.7200223266255557,0.5,True
1ww5__A1_Q6WY08--1ww5__D1_Q6WY08,0.47143703113170754,0.5,True
7ww2__A1_A0A4Q9D6T1--7ww2__B1_A0A4Q9D6T1,0.7174504755702935,0.5,True
2pfk__A1_P0A796--2pfk__B1_P0A796,0.897082087187299,0.5,True
1i2m__B1_P18754--1i2m__A1_P62826,0.7726677307501788,0.5,False
8i2e__A1_O34841--8i2e__B1_P54421,0.8168878573558155,0.5,False
3pfl__A1_P09373--3pfl__B1_P09373,0.9634078494869442,0.5,True
6gho__B1_Q5L1S1--6gho__A1_O31602,0.7457789088476741,0.5,False
1glj__A1_P0A6F3--1glj__B1_P0A6F3,0.8484172274484867,0.5,True
4zq8__B1_A0A0M3KL36--4zq8__A1_A0A0M3KL36,0.5524927962256168,0.5,True
5h4h__B1_O58236--5h4h__A1_O58236,0.6194442462087422,0.5,True
4iv9__A1_P06617--4iv9__B1_P06617,0.6012519088121189,0.5,True
6sdk__A1_P26497--6sdk__B1_P26497,0.5005987559976861,0.5,True
2fq4__A1_Q81BJ4--2fq4__A2_Q81BJ4,0.8795924179334693,0.5,True
7zeq__B1_Q9WXT1--7zeq__A1_Q9WXT1,0.8963881869514163,0.5,True
5z5h__A1_Q2I2N4--5z5h__A2_Q2I2N4,0.699000692217586,0.5,True
2fe1__A1_Q8ZZP3--2fe1__A2_Q8ZZP3,0.9033602235993562,0.5,True
7wik__B1_A0R1E6--7wik__A1_A0R1E6,0.8685885613816243,0.5,True
7t8o__B1_Q8Y8Y9--7t8o__A1_Q8Y8Y9,0.8777957210834739,0.5,True
7t91__A1_P08151--7t91__B1_P08151,0.05498554616962706,0.5,True
3lg6__A1_D2YW48--3lg6__B1_D2YW48,0.8871838378866721,0.5,True
2o9a__A1_P16528--2o9a__D1_P16528,0.8109681277849161,0.5,True
1zhq__A1_Q9RHG4--1zhq__B1_Q9RHG4,0.7143937701200791,0.5,True
2e0k__B1_Q8KFD9--2e0k__A1_Q8KFD9,0.7468521138128493,0.5,True
6izb__A1_P13693--6izb__A2_P13693,0.7686034376067902,0.5,True
3a2f__A1_P61875--3a2f__B1_O73947,0.9572656510911686,0.5,False
3vf0__B1_Q8IY67--3vf0__A2_P18206,0.7417051885233801,0.5,False
8ehe__A1_A0A0A7KVG3--8ehe__B1_A0A1D3UUC0,0.8251194653004372,0.5,False
6hpc__A1_P67697--6hpc__B1_P67697,0.7983981428925877,0.5320473385652281,True
2x3o__A1_Q9I585--2x3o__B1_Q9I585,0.52186365641459,0.5,True
5y40__A1_P55892--5y40__B1_P55892,0.6733880131035663,0.5,True
1y42__A1_P12063--1y42__A2_P12063,0.915561825165038,0.5,True
2e91__A1_Q12051--2e91__B1_Q12051,0.7014796024333103,0.5,True
3iuw__B1_Q8KUB7--3iuw__A1_Q8KUB7,0.9438866300423145,0.5086206896551724,True
8e7y__A1_Q9RFC8--8e7y__B1_Q9RFC8,0.8785336272948392,0.5,True
4kzn__A1_P15692--4kzn__A2_P15692,0.7067898253515938,0.5,True
7z7o__A1_A0A1S4NYF2--7z7o__C1_A0A1S4NYF2,0.7093654494605239,0.5,True
8brp__A1_D8G6F7--8brp__B1_D8G6F7,0.9621872578318348,0.5,True
3qir__A1_Q8TC59--3qir__A2_Q8TC59,0.3004975622177027,0.5,True
8bay__A1_O75874--8bay__B1_O75874,0.8161948459594484,0.5,True
6mhm__B1_Q13510--6mhm__A1_Q13510,0.41396007275436636,0.5,True
8bj7__A1_P07598--8bj7__B1_P07603,0.892004876839147,0.5,False
8b80__A1_W8QF82--8b80__B1_W8QF82,0.9410165900114406,0.5,True
5wxx__A1_Q9RNB4--5wxx__A2_Q9RNB4,0.8703741267105871,0.5,True
8f7l__A1_P43490--8f7l__B1_P43490,0.7101205187499089,0.5,True
3cz1__A1_Q9U9J6--3cz1__B1_Q9U9J6,0.7436603966133405,0.5,True
8a0c__A1_Q2ERG0--8a0c__B1_Q2ERG0,0.9010760604241832,0.5,True
5mpy__A1_Q9LPZ1--5mpy__B1_Q9LPZ1,0.29523625641502377,0.5,True
1anu__A1_Q06851--1anu__A2_Q06851,0.4189554707451557,0.5,True
3vs8__A1_C1DM33--3vs8__C1_C1DM33,0.9508751743166488,0.5,True
7zi8__A1_P27707--7zi8__A2_P27707,0.8242473227241767,0.5,True
1peu__A1_Q08698--1peu__A2_Q08698,0.6369548763840767,0.5,True
5uk5__B1_Q63722--5uk5__A1_Q07008,0.47910462830999867,0.5,False
7vg5__A1_Q49135--7vg5__B1_Q49135,0.6702863125925578,0.5,True
4jkz__A1_A0R6I8--4jkz__A2_A0R6I8,0.5930102594770976,0.5,True
4aa8__A1_P00794--4aa8__A2_P00794,0.674322601980007,0.5,True
5yew__A1_Q8IWA4--5yew__B1_Q8IWA4,0.8503261580386435,0.5,True
1hf2__B1_Q9X0D7--1hf2__A1_Q9X0D7,0.8943037481998521,0.49995459086368177,True
3au0__A1_Q7A382--3au0__A2_Q7A382,0.17775868141374912,0.5,True
3gif__A1_O34757--3gif__B1_O34757,0.7519529890532753,0.5,True
5c6u__A1_O69689--5c6u__A2_O69689,0.9398344617376545,0.5,True
4nv4__A1_A0A6L7HM74--4nv4__A2_A0A6L7HM74,0.3691761967672567,0.5,True
6axf__A1_Q7LDG7--6axf__B1_P61224,0.7025666053690109,0.5,False
5yf1__B1_Q8N4J0--5yf1__A1_Q8N4J0,0.8688413789914343,0.5,True
8j83__A1_C5ATT7--8j83__B1_C5ATT6,0.7168799719848729,0.5,False
3fjy__B1_A0ZZM4--3fjy__A1_A0ZZM4,0.6411581608192942,0.5,True
4rg1__A1_Q5T280--4rg1__B1_Q5T280,0.8997702770984474,0.5,True
1ux4__A1_P41832--1ux4__A2_P41832,0.4987288460500386,0.5,True
6rbm__A1_P0ACT4--6rbm__A2_P0ACT4,0.594176355673189,0.5,True
7wis__A1_P46881--7wis__B1_P46881,0.9170734037822956,0.5,True
5a3l__A1_A0A1A9TAD0--5a3l__C1_A0A1A9TAD0,0.27146811631535467,0.5,True
2gz4__A1_Q7D028--2gz4__C1_Q7D028,0.5510143189131749,0.5,True
2f9w__A1_Q9HWC1--2f9w__B1_Q9HWC1,0.7342107954641789,0.5,True
2ox1__A1_O30011--2ox1__B1_O30011,0.992976784880421,0.5,True
2guh__A1_Q0S8Y3--2guh__B1_Q0S8Y3,0.723448768808912,0.5,True
7br1__A1_A0A7I6N400--7br1__B1_A0A7I6N400,0.5422803308717641,0.5,True
2p04__A1_D0VWX5--2p04__B1_D0VWX5,0.9707012174181087,0.5,True
4h5b__A1_Q9RUY5--4h5b__B1_Q9RUY5,0.5558780083122324,0.5,True
4e1o__A1_P19113--4e1o__B1_P19113,0.6503945484384548,0.5,True
7pu4__B1_Q9X053--7pu4__A1_Q9X053,0.3157910883088523,0.5,True
3m1u__A1_Q72DN3--3m1u__B1_Q72DN3,0.8635898403518154,0.5,True
7qii__A1_P0C2N2--7qii__B1_P0C2N4,0.886954038940722,0.5,False
6ird__A1_Q91UZ1--6ird__B1_Q8NI35,0.5700016142635201,0.5,False
6gg2__A1_Q4WD43--6gg2__A2_Q4WD43,0.7543180304342925,0.5,True
6oei__A1_Q8KG60--6oei__A2_Q8KG60,0.6377145856658852,0.5,True
8hyi__A1_P22223--8hyi__B1_P22223,0.6610894874467939,0.5,True
4b8v__A1_B3VBK9--4b8v__A2_B3VBK9,0.428442129361959,0.5,True
4lqb__A1_D2Q399--4lqb__B1_D2Q399,0.7231702126452111,0.5,True
2vxb__A1_P87074--2vxb__B1_P87074,0.18336411587286197,0.5,True
1t72__A1_O67053--1t72__B1_O67053,0.8436182902584494,0.5,True
5z1o__A1_D0VWU8--5z1o__B1_D0VWU8,0.7497995647778224,0.5,True
6h40__A1_K5B7F3--6h40__A2_K5B7F3,0.5168647375307691,0.5,True
2etk__A1_Q13464--2etk__B1_Q13464,0.6074698910524683,0.5,True
2p69__A1_Q96GD0--2p69__A2_Q96GD0,0.7751193474365125,0.5,True
4doy__A1_Q6WNP1--4doy__C1_Q6WNP1,0.8659159984553528,0.5,True
6zxw__A1_O29011--6zxw__B1_A0A117KMN5,0.5117353485436258,0.5,False
3lhk__A1_Q60329--3lhk__B1_Q60329,0.6431531511630475,0.5,True
6e52__A1_P03069--6e52__B1_P03069,0.5532423386285195,0.5,True
1fwl__A1_Q58504--1fwl__B1_Q58504,0.9903935476531328,0.5,True
5nkk__A1_O62301--5nkk__B1_Q9XWJ1,0.7529459062369483,0.5,False
1ygt__A1_Q94524--1ygt__A2_Q94524,0.7997098095229486,0.5022148494354394,True
6p40__A1_M1GSK9--6p40__B1_M1GSK9,0.8105693346233143,0.5,True
2wyn__B1_P13482--2wyn__D1_P13482,0.6918421996302602,0.5,True
7yui__A1_P0CG48--7yui__B1_Q9BYM8,0.863555990819485,0.5,False
8dml__B1_Q87GI3--8dml__A1_Q87GI4,0.9410975204781935,0.5,False
2oi2__A1_A0A0H2UNK6--2oi2__A2_A0A0H2UNK6,0.6582982989232989,0.5,True
4wud__A1_P0AES6--4wud__A2_P0AES6,0.711187045581267,0.5,True
5yzj__A1_A8K0B5--5yzj__B1_A8K0B5,0.41339444580907214,0.5,True
8f61__A1_Q28943--8f61__B1_Q28943,0.8048622568315275,0.5,True
5ho3__A1_W6KHH6--5ho3__B1_W6KHH6,0.44388213713045277,0.5,True
1cmc__A1_P0A8U6--1cmc__B1_P0A8U6,0.7352429303984492,0.5113083769153133,True
6oe2__A1_Q8A9F0--6oe2__A2_Q8A9F0,0.28207723802795276,0.5,True
3gzi__A1_A3QIY5--3gzi__A2_A3QIY5,0.8059163722199563,0.5,True
8pr6__B1_A0A1Q6BKH4--8pr6__A1_A0A1Q6BKH4,0.48009490926227116,0.5,True
8j64__A1_Q967S9--8j64__B1_O00816,0.3992696266399935,0.5,False
8ohw__A1_Q63T97--8ohw__B1_Q63T97,0.5124484049577906,0.5,True
5y4r__A1_O87131--5y4r__B1_Q9HVI1,0.6709168043021306,0.5,False
3ddh__A1_Q8A5Q8--3ddh__B1_Q8A5Q8,0.6219809053528849,0.5,True
8d3t__B1_A0A2K2AMS7--8d3t__A1_A0A2K2AMS7,0.5780532153401968,0.5,True
1zk8__A1_Q815X4--1zk8__B1_Q815X4,0.8912587317195839,0.5,True
2w82__A1_Q47730--2w82__B1_Q47730,0.9703042084800084,0.5,True
6l08__A1_O65896--6l08__B1_O65896,0.7452802103028494,0.5,True
4p94__B1_Q4J9K8--4p94__A1_Q4J9K8,0.946411416443253,0.5,True
4yii__A1_O00762--4yii__B1_Q9UJX6,0.4631430283567036,0.5,False
4rus__A1_P68512--4rus__B1_P68512,0.7120432587442942,0.5,True
2o48__A1_Q9TQS6--2o48__A2_Q9TQS6,0.7089173119166692,0.5,True
7pvw__B1_P00523--7pvw__A1_P00523,0.35257331264854874,0.5,True
2wcu__A1_Q8R2K1--2wcu__B1_Q8R2K1,0.9648045584872791,0.5,True
2p35__A1_Q8UH15--2p35__B1_Q8UH15,0.7928016590217684,0.5,True
5jj8__A1_Q9HVB9--5jj8__A2_Q9HVB9,0.7655236585979946,0.5,True
6ije__A1_A0A083ZID3--6ije__B1_A0A083ZID3,0.30366904286247437,0.5,True
8avu__A1_Q8GPI4--8avu__A2_Q8GPI4,0.8061239172350283,0.5,True
7xdu__B1_A0A1I1Z0X1--7xdu__A1_A0A1I1Z0X1,0.8954754971952599,0.4999916358587464,True
1xr4__A1_Q8ZRY1--1xr4__B1_Q8ZRY1,0.9036801868806914,0.5,True
2fuq__A1_C6XZB6--2fuq__B1_C6XZB6,0.899433419110981,0.5,True
5xrw__A1_O25306--5xrw__C1_O25674,0.9420885667752835,0.4999715197083618,False
5l0o__A1_P46940--5l0o__B1_P46940,0.3384302277845944,0.5,True
2zcx__A1_Q9FBX0--2zcx__A2_Q9FBX0,0.664173764363334,0.5,True
5way__A1_Q97P44--5way__B1_Q97P44,0.801453826858252,0.5,True
7xey__A1_Q9SU72--7xey__B1_Q9S745,0.7600577606318046,0.5,False
4xlo__C1_Q9KHK2--4xlo__A1_Q9KHK2,0.7085817234515575,0.5,True
6kd6__B1_Q9VAA9--6kd6__A1_Q9VAA9,0.39029476727845586,0.5,True
8k72__A1_Q9NWT6--8k72__A2_Q9NWT6,0.8967690939184736,0.5,True
8b5v__A1_Q4E4A3--8b5v__B1_Q4E4A3,0.38391328127187374,0.5,True
4yo3__A1_D3GUX1--4yo3__A2_D3GUX1,0.5592406460814213,0.5,True
6hrx__A1_O53623--6hrx__B1_O53623,0.3757641023097462,0.5,True
3mdo__A1_A6LDR8--3mdo__B1_A6LDR8,0.8523062211348384,0.5,True
8iw0__A1_Q14678--8iw0__B1_Q14678,0.506302752394459,0.5,True
2rb7__A1_Q313A9--2rb7__B1_Q313A9,0.7166222400266385,0.5,True
3lsj__A1_Q9HUS3--3lsj__B1_Q9HUS3,0.47314870828865874,0.5,True
8g0q__A1_P40460--8g0q__B1_P33895,0.6679324209132811,0.5,False
6ms4__A1_Q9ULC4--6ms4__B1_O43583,0.8446330537511446,0.5,False
7y6b__A1_A0A411GZY8--7y6b__B1_A0A411H025,0.6561986526454157,0.5,False
7zyt__A1_P09622--7zyt__B1_P09622,0.6924907161090732,0.5,True
7lle__A1_Q6QVT7--7lle__B1_Q6QVT7,0.8609480243076186,0.5,True
4csw__A1_D0MK34--4csw__B1_D0MK34,0.8989709753145967,0.5,True
7tev__A1_P04181--7tev__A2_P04181,0.661964188826055,0.5,True
2hsa__B1_Q9FEW9--2hsa__A1_Q9FEW9,0.6054829374773497,0.5,True
4tsd__A1_O25673--4tsd__B1_O25673,0.6846029133520428,0.5,True
7qh0__B1_P48499--7qh0__A1_P48499,0.8851002312976296,0.5,True
1ayf__B1_P00257--1ayf__A1_P00257,0.23550062816147055,0.5,True
3neu__A1_Q92AT3--3neu__A2_Q92AT3,0.7518685649935649,0.5,True
8f9x__A1_Q5LVE1--8f9x__B1_Q5LVE1,0.6923985335439752,0.5,True
3pui__A1_Q9L9D7--3pui__A2_Q9L9D7,0.9091878922669079,0.5,True
1rqi__A1_P22939--1rqi__B1_P22939,0.9233526232338323,0.5,True
1r27__A1_P09152--1r27__B1_P11349,0.9439479840236734,0.5,False
7zuv__A1_A0A2K3DY10--7zuv__D2_A0A2K3DY10,0.6357032186819673,0.5,True
2aho__A1_Q980A5--2aho__B1_Q97Z79,0.9809866733986156,0.5,False
6mni__A1_A0A2V0QX35--6mni__B1_A0A2V0QX35,0.772060298920324,0.5,True
4kif__B1_Q643C8--4kif__A1_Q643C8,0.8911747482283275,0.4999955880276719,True
7vyu__A1_A0A022MLV4--7vyu__B1_A0A022MLV4,0.8456093855472973,0.5,True
3g23__A1_Q2G8F3--3g23__B1_Q2G8F3,0.8254473007942265,0.5,True
3ui3__A1_O05728--3ui3__B1_O05728,0.727146773262722,0.5,True
8ohy__A1_Q556V8--8ohy__A2_Q556V8,0.76247397879771,0.5,True
5zgo__A1_Q5SHW6--5zgo__B1_Q5SHW6,0.7336927649886162,0.5,True
5uph__B1_Q14108--5uph__A1_Q14108,0.7041976472622529,0.5,True
6u3w__A1_P53622--6u3w__B1_P40509,0.9418215740623249,0.5,False
2gsv__B1_P71066--2gsv__A1_P71066,0.45498519962457584,0.5,True
7yh1__A1_A0A5B9DB95--7yh1__B1_A0A5B9DB95,0.7214132635341753,0.49996188152778837,True
6c6r__A1_Q14534--6c6r__B1_Q14534,0.9031850005745192,0.5,True
6p4o__B1_Q970I1--6p4o__A1_Q970I2,0.8333565843518277,0.5,False
2oys__A1_A0A0H2URW2--2oys__B1_A0A0H2URW2,0.7630380560026336,0.5,True
8i85__A1_D2B3F1--8i85__B1_D2B3F1,0.823255733785105,0.5,True
2b0a__A1_Q58193--2b0a__A2_Q58193,0.9146648051703132,0.5,True
3ayh__B1_O94285--3ayh__A1_Q9C0Z9,0.8926500830259421,0.5,False
2g38__B1_Q79FE1--2g38__A1_Q7D756,0.826568624288272,0.5,False
2z6k__A1_P15927--2z6k__C1_P35244,0.6435048343494508,0.5,False
3p8b__B1_Q8TZK1--3p8b__A1_Q8U440,0.843720806408674,0.5,False
6z68__A1_A0A1M6Y2K1--6z68__B1_A0A1M6Y2K1,0.6740320006595646,0.5,True
5yz5__A1_Q16555--5yz5__A2_Q16555,0.779245458814402,0.5,True
6dk9__A1_A7A1Y4--6dk9__A2_A7A1Y4,0.8825744467984935,0.5,True
8ai1__B1_Q45595--8ai1__A1_Q45595,0.7498503836471898,0.5,True
7px0__B1_Q9VF53--7px0__A1_Q9VF53,0.9194042122372443,0.5,True
4cmz__B1_Q9BXM0--4cmz__A1_Q9BXM0,0.011535476969254036,0.5,True
8gyz__B1_Q93ZE2--8gyz__A1_Q93ZE2,0.5320866302486411,0.5,True
2ikb__A1_Q7DDI9--2ikb__C1_Q7DDI9,0.8815077179871207,0.5261900349465213,True
7zam__A1_Q07666--7zam__B1_Q07666,0.13725358417529962,0.5,True
3egv__A1_Q84BQ9--3egv__B1_Q5SLP6,0.6535718724817481,0.5,False
2g9w__A1_P9WMJ5--2g9w__B1_P9WMJ5,0.735246661291369,0.5,True
2afv__A1_Q8EXP7--2afv__B1_Q8EXP7,0.9643860608298639,0.5,True
7w93__A1_A0A140N873--7w93__A2_A0A140N873,0.8498536009565759,0.5,True
1wl3__B1_Q9X1M1--1wl3__A1_Q9X1M1,0.5332712726413013,0.5,True
4kbx__A1_P45550--4kbx__A2_P45550,0.8297187213439433,0.5,True
8brn__C1_P80366--8brn__A1_P80366,0.9648107243755628,0.5,True
8h5a__A1_P67661--8h5a__B1_P67661,0.2613671765047912,0.5,True
8b4l__B1_D5SK09--8b4l__A1_D5SK09,0.8755226092230405,0.5,True
1nrj__B1_P36057--1nrj__A1_P32916,0.8890900126995446,0.5,False
4rdw__A1_Q9HU77--4rdw__A2_Q9HU77,0.8174437797713497,0.5,True
7vpr__A1_Q6FX18--7vpr__B1_Q6FX18,0.4526939539451759,0.5,True
5a6k__A1_A0A0H2US73--5a6k__B1_A0A0H2US73,0.9550796436392774,0.5,True
7ucd__B1_P17535--7ucd__A1_P53539,0.6228126297351555,0.5,False
1qc9__A1_P00642--1qc9__A2_P00642,0.8861979828148003,0.5,True
3ooc__A1_P77239--3ooc__B1_P77239,0.5360247219343796,0.5,True
8pm1__A1_B8GAY9--8pm1__B1_B8GAY9,0.5202503267252452,0.5,True
1vbg__A1_P11155--1vbg__A2_P11155,0.7954708426028612,0.5,True
4ovo__A1_P67954--4ovo__A2_P67954,0.8884856177650846,0.4996760609005507,True
2qgs__A1_A0A0H2VIU2--2qgs__B1_A0A0H2VIU2,0.7825066504926685,0.5,True
8bol__A1_Q04609--8bol__A2_Q04609,0.914990234572103,0.5,True
3mii__B1_Q08914--3mii__A1_Q08914,0.9192149888664127,0.5,True
3i23__A1_Q835X4--3i23__B1_Q835X4,0.9044620128082226,0.5,True
3itf__A1_P0AE85--3itf__B1_P0AE85,0.33768075346663606,0.5,True
6mw5__A1_K3WC47--6mw5__A2_K3WC47,0.619121121659286,0.5,True
5vht__A1_P0A9J8--5vht__B1_P0A9J8,0.9743706512074368,0.5,True
6j6x__B1_P53611--6j6x__A1_Q7Z6K3,0.8259196925999012,0.5,False
4tvb__A1_O32323--4tvb__B1_O32323,0.6847672525751026,0.5,True
3jyu__A1_P35123--3jyu__B1_P35123,0.7167727512606641,0.5,True
8dtc__A1_L8GT25--8dtc__B1_L8GT25,0.6598002785597162,0.5,True
8fny__A1_O00418--8fny__B1_P0DP23,0.7833554865595338,0.5,False
7v0b__A1_A0A1E7MYN1--7v0b__B1_A0A1E7MYN1,0.8386244603798809,0.5,True
2vvo__A1_P9WKD7--2vvo__B1_P9WKD7,0.5400944150324164,0.5,True
5yjh__A1_Q15063--5yjh__A2_Q15063,0.6149208142745874,0.5,True
2z5e__A1_Q9BT73--2z5e__B1_Q9BT73,0.6038788619814953,0.5,True
1a8l__A1_Q51760--1a8l__A2_Q51760,0.994263480992593,0.5,True
8h0r__A1_Q9WVJ5--8h0r__B1_Q9WVJ5,0.275484596226536,0.5,True
2j7j__A1_P03001--2j7j__A2_P03001,0.386587846142805,0.5,True
7zbg__A1_Q02880--7zbg__A2_Q02880,0.5096968641462044,0.5,True
1rku__A1_Q9I2Y2--1rku__B1_Q9I2Y2,0.8721439080940357,0.5,True
2wvl__A1_Q72K30--2wvl__B1_Q72K30,0.8261118696323289,0.5,True
8ewa__B1_Q9HW02--8ewa__A1_Q9HW02,0.9095439506566586,0.5,True
2ft0__A1_Q8FBQ3--2ft0__B1_Q8FBQ3,0.435704696981795,0.5,True
2r01__A1_Q8KFI1--2r01__A2_Q8KFI1,0.7349386641440352,0.5,True
8hno__A1_B6YTS4--8hno__B1_B6YTS4,0.9415628047298128,0.5,True
6x88__A1_P52731--6x88__B1_P52731,0.6440125370304106,0.5,True
2x76__A1_Q939Q9--2x76__A2_Q939Q9,0.9774303751778765,0.5,True
7x2p__A1_Q5ZWH7--7x2p__B1_Q5ZWH7,0.5071415807457156,0.5,True
2aeu__A1_Q57622--2aeu__A2_Q57622,0.8761161674811221,0.5,True
5kbg__A1_Q43965--5kbg__B1_Q43965,0.8444783463804283,0.5,True
4p9g__A1_Q9REI7--4p9g__A2_Q9REI7,0.9157932036809198,0.4999676228712038,True
7tcv__A1_Q60932--7tcv__A2_Q60932,0.6228508645376902,0.5,True
7vkb__A1_Q5ZSZ6--7vkb__B1_Q5ZSZ7,0.8059200378976307,0.5,False
7r2p__A1_Q46877--7r2p__A2_Q46877,0.5657033262552742,0.5,True
6ggl__B1_C9K1X5--6ggl__A1_C9K1X5,0.6744266671734884,0.5,True
7yi7__A1_Q9Y251--7yi7__B1_Q9Y251,0.33142493559369124,0.5,True
7yka__B1_Q9Y3D6--7yka__A1_Q9Y3D6,0.227150853395708,0.5,True
8jea__A1_K1QRB6--8jea__D1_K1QRB6,0.6730997022348745,0.5,True
8huc__C1_A0A0H2Z790--8huc__A1_A0A0H2Z790,0.8850349418839123,0.5,True
5mpr__A1_O15382--5mpr__A2_O15382,0.7253005738717688,0.5,True
4ooj__B1_Q5ZSK6--4ooj__A1_Q5ZSK6,0.5615308508754348,0.5,True
8a5v__A1_Q9Y617--8a5v__C1_Q9Y617,0.6938641765591705,0.5,True
3lm2__A1_A9CH74--3lm2__B1_A9CH74,0.9647724407151756,0.5,True
7zwt__A1_P41182--7zwt__A2_P41182,0.0749358582695179,0.5,True
5zwl__B1_Q8DLU1--5zwl__A1_Q8DLG7,0.9536188922165434,0.5,False
6wmz__A1_P23246--6wmz__B1_Q15233,0.5031005345959816,0.5,False
1i4m__A1_P04156--1i4m__A2_P04156,0.27568831331705806,0.5,True
2gjg__A1_Q88EQ6--2gjg__A2_Q88EQ6,0.7620195619855687,0.5,True
4ghm__A1_Q9KTK0--4ghm__B1_Q9KTK0,0.5926903159189079,0.5,True
1tve__A1_P31116--1tve__B1_P31116,0.939910413408594,0.5,True
3onx__A1_P41697--3onx__B1_P41697,0.792576553327248,0.5,True
8cp4__A1_Q6LXV7--8cp4__A2_Q6LXV7,0.7525550994220638,0.5,True
1ob9__A1_Q97YX6--1ob9__A2_Q97YX6,0.8400093674717343,0.5,True
7zcc__B1_P46327--7zcc__A1_P46327,0.9317745813953549,0.5,True
4kwd__A1_Q9UR08--4kwd__B1_Q9UR08,0.9974493904481189,0.5,True
7wuy__A1_A0A1R3S1W7--7wuy__B1_A0A1R3S1W7,0.7455948751432997,0.5,True
5gtw__A1_I3NX86--5gtw__D1_I3NX86,0.87116705274298,0.5,True
6loh__A1_O15033--6loh__A2_O15033,0.6769853251292437,0.5,True
3a9y__A1_Q68FT9--3a9y__B1_Q68FT9,0.711653782068677,0.5,True
8ay6__B1_Q9CAJ0--8ay6__A1_A0A067E666,0.78912334164435,0.5,False
8u5m__A1_Q8TF42--8u5m__F1_Q8TF42,0.9029589450521267,0.5,True
7twa__D1_F8JJ25--7twa__A1_F8JJ25,0.7572491326924085,0.5,True
8fju__B1_P34897--8fju__A1_P34897,0.7198252139243275,0.5,True
1fjj__A1_P12994--1fjj__A2_P12994,0.8599678560841856,0.5,True
8iyi__A1_Q6CVU4--8iyi__B1_Q6CVU4,0.8717443468183188,0.5,True
1uus__A1_O00910--1uus__A2_O00910,0.8705871040544819,0.5,True
1zt2__A1_Q97Z83--1zt2__C1_Q9UWW1,0.9837765170970102,0.5,False
7uex__A1_Q9H999--7uex__A2_Q9H999,0.9577467095604086,0.5029903552143298,True
6jqy__A1_P9WF13--6jqy__B1_P9WF13,0.5733388115493684,0.5,True
6l6w__A1_A0A3B6UEU3--6l6w__A2_A0A3B6UEU3,0.8448626792675152,0.5,True
8grj__B1_Q8GQE7--8grj__A1_A0A0H3KLY3,0.8286167901109913,0.5,False
2j0n__B1_P18013--2j0n__A1_P18013,0.5041702420516733,0.5,True
5ae6__B1_Q92458--5ae6__A1_Q92458,0.9207353730373096,0.5,True
7qi3__A1_W7NDP8--7qi3__C1_W7NDP8,0.9119905504053691,0.5,True
2yve__A1_Q8NMG3--2yve__B1_Q8NMG3,0.7957843404950319,0.5038408601911749,True
5ynx__A1_B2GM84--5ynx__B1_B2GM84,0.7687295872766607,0.5,True
2r6u__A1_Q0S814--2r6u__C1_Q0S814,0.8450551725887618,0.5030675762935052,True
8b6m__A1_Q9H2K2--8b6m__B1_Q9H2K2,0.42192779144665,0.5,True
3kc2__A1_P36151--3kc2__B1_P36151,0.9634440503888494,0.5,True
3vp5__A1_Q9CHR1--3vp5__A2_Q9CHR1,0.835895029239766,0.5,True
7pvh__A1_B2RLE7--7pvh__B1_B2RLE7,0.5761479843240849,0.5,True
4nqf__B2_Q7CW19--4nqf__A1_Q7CW19,0.9519841745517853,0.5,True
1vjh__A1_P0C0B0--1vjh__B1_P0C0B0,0.8086763428056511,0.5,True
5xw4__B1_Q00684--5xw4__A1_Q00684,0.5018658219098591,0.5,True
8aai__A1_O00560--8aai__C1_O00560,0.4043981898922501,0.5,True
4xdl__A1_P57789--4xdl__B1_P57789,0.620294919143989,0.5,True
6ukl__A1_P0A901--6ukl__F1_P0A901,0.1625431127274726,0.5,True
5dot__A1_P31327--5dot__B1_P31327,0.844148446243715,0.5,True
5by4__A1_P0ABV6--5by4__A2_P0ABV6,0.9755172399634849,0.5,True
7zxs__A1_Q86TI2--7zxs__C1_Q86TI2,0.9013233983113348,0.5,True
1v6u__A1_Q7SI98--1v6u__B1_Q7SI98,0.6361393574058423,0.5,True
6e27__A1_Q9H257--6e27__B1_Q9H257,0.2329441120793987,0.5,True
7szd__A1_Q96S44--7szd__B1_Q9Y3C4,0.9813511027594739,0.5,False
1h9r__A1_P0A9G8--1h9r__B1_P0A9G8,0.6450540474974892,0.5,True
3on6__A1_A7M0J6--3on6__B1_A7M0J6,0.6953867557441382,0.5,True
8fwy__A1_Q4DGA2--8fwy__B1_Q4DGA2,0.46208472657937744,0.5,True
1yu6__A1_P00780--1yu6__C1_P68390,0.9107459575693938,0.5,False
6ek1__A1_A0A452CST7--6ek1__A2_A0A452CST7,0.8609777472434903,0.5,True
6ckj__A1_P0A0Z8--6ckj__A2_P0A0Z8,0.9212764909666286,0.5,True
1w33__A1_O50957--1w33__B1_O50957,0.4254441922218496,0.5,True
4usk__B1_H7C745--4usk__B2_H7C745,0.5229519989654462,0.5,True
6cmv__B1_Q4J9G1--6cmv__A1_Q4J9G1,0.9054781605023954,0.5,True
7y70__A1_F4KCC2--7y70__A2_F4KCC2,0.5884400457530973,0.5,True
3cwx__A1_P94837--3cwx__B1_P94837,0.9040066596011757,0.5,True
3p1y__A1_O29362--3p1y__B1_O29362,0.7032009849867054,0.5,True
8a8i__A1_Q9R9V9--8a8i__B1_Q9R9V9,0.9728122847270814,0.5,True
5d1l__A1_P62837--5d1l__B1_Q96BH1,0.6160972647083139,0.5,False
8og3__A1_P38489--8og3__B1_P38489,0.7665492014929128,0.5,True
4neh__A1_P20702--4neh__B1_P05107,0.7974906209729737,0.5,False
2prv__A1_O34596--2prv__B1_O34596,0.661063933895777,0.5,True
6kvn__A1_A0A1S4CVP6--6kvn__A2_A0A1S4CVP6,0.805820027673128,0.5,True
5tgq__A1_A0A1S4NYF7--5tgq__A2_A0A1S4NYF7,0.9062941373620985,0.5,True
6b3i__A1_P27216--6b3i__B1_P27216,0.5074616100180742,0.5,True
1rqn__A1_O31156--1rqn__B1_O31156,0.9554376885381085,0.5,True
7tcr__A1_A0A2D2D5M1--7tcr__D1_A0A2D2CY73,0.9278716316713937,0.5,False
5l7z__A1_P28750--5l7z__A2_P28750,0.7375041377027475,0.5,True
7ljh__A1_Q769D3--7ljh__B2_Q769D3,0.9553527132505264,0.5,True
7xmw__B1_U2Q5N5--7xmw__A1_U2Q5N5,0.3531823240251461,0.5,True
7w2o__A1_Q9HZP1--7w2o__B1_Q9HZP1,0.8130258536245253,0.5,True
7uay__A1_P08684--7uay__A2_P08684,0.9910729107731503,0.5,True
5czf__D1_A0A0H3JHG3--5czf__A1_Q8XAD5,0.5497000579303616,0.5,False
2p6p__A1_Q9RPA7--2p6p__B1_Q9RPA7,0.6511884149959812,0.5,True
4u64__A1_Q5ZXA3--4u64__A2_Q5ZXA3,0.838745567010547,0.5,True
7qbm__A1_P43235--7qbm__B1_P43235,0.37637105980068775,0.5,True
3nvm__A1_Q8U4M1--3nvm__B1_Q8U4M2,0.8940583653084476,0.5,False
3wws__A1_Q13188--3wws__D1_Q13188,0.885592402419501,0.5,True
4c87__A1_F9UMG7--4c87__B1_F9UMG7,0.8083388071466107,0.5,True
2d7e__A1_P17888--2d7e__B1_P17888,0.4089876407874192,0.5,True
7xro__A1_Q9RQ20--7xro__B1_Q9RQ20,0.4667117087541402,0.5,True
5yrj__A1_B6F0T7--5yrj__B1_A0A2Z5V8U8,0.5858148835052741,0.5,False
6yev__C1_P0A744--6yev__A1_P0AA25,0.9018774660711962,0.5,False
8glr__A1_Q8ZJX7--8glr__A2_Q8ZJX7,0.7165531832078168,0.5,True
5fwt__A1_Q96MU8--5fwt__A2_Q96MU8,0.67944216322739,0.5,True
4e6s__A1_Q3URR7--4e6s__A2_Q3URR7,0.28018956490686636,0.5,True
8enb__B1_A7DT38--8enb__A1_A0T3A2,0.5488478247636881,0.5,False
8h4p__A1_I1S104--8h4p__B1_I1S104,0.8636867598748705,0.5,True
7yo8__A1_P60520--7yo8__A2_P60520,0.5659416227431339,0.5,True
8elf__B1_Q6DYE4--8elf__A1_Q6DYE4,0.7161606422192428,0.5,True
1ax2__A1_P16404--1ax2__A2_P16404,0.49797634932822454,0.5,True
8i33__C1_A0A6Q8PFJ0--8i33__A1_A0A6Q8PFJ0,0.7245564128958403,0.5,True
3q9l__A1_P0AEZ3--3q9l__B1_P0AEZ3,0.7689417507160561,0.5,True
2yk4__A1_P72097--2yk4__A2_P72097,0.29749242129574693,0.5,True
7u5f__C1_Q9HTM2--7u5f__A1_Q9HTM2,0.6349257520092779,0.5,True
5xt3__B1_A0A0U1MUE2--5xt3__A1_A0A0U1MUE2,0.9316815467673936,0.5,True
5iws__A1_Q63GK8--5iws__A2_Q63GK8,0.8257069958494873,0.5,True
2owl__A1_P36767--2owl__B1_P36767,0.7966310043095657,0.5,True
8bca__A1_O75643--8bca__B1_Q6P2Q9,0.7646040098567207,0.5,False
3mcb__B1_P20290--3mcb__A1_Q13765,0.8016266459077692,0.5,False
8gy8__A1_Q8TZT0--8gy8__B1_Q8TZT0,0.8370125966751609,0.5,True
8dkd__A1_G7CIP4--8dkd__A2_G7CIP4,0.7813036479470379,0.5,True
7dus__A1_P08965--7dus__A2_P08965,0.1038887258911531,0.5,True
8gb1__A1_Q9Y3Z3--8gb1__B1_Q9Y3Z3,0.47425335991484385,0.5,True
6ikj__A1_Q9I4L6--6ikj__B1_Q9I4L6,0.3597805275847398,0.5,True
8b2q__A1_D0EM77--8b2q__B1_G8UM88,0.5920561342639624,0.5,False
5x42__A1_Q5ZYB7--5x42__B1_Q5ZYC6,0.6886725645221006,0.5,False
1vkh__A1_Q04066--1vkh__B1_Q04066,0.7953342700665825,0.5,True
5omd__A1_Q04377--5omd__A2_Q04377,0.8934312232068454,0.5,True
2vsg__A1_P26329--2vsg__B1_P26329,0.4911018216599738,0.5,True
1jql__A1_P0A988--1jql__B1_P28630,0.9325481524060761,0.5,False
1w9c__A1_O14980--1w9c__B1_O14980,0.06060847174147133,0.5,True
3upl__A1_Q2YIM3--3upl__B1_Q2YIM3,0.8595768505707855,0.5,True
3tm2__A1_Q83XN4--3tm2__B1_Q83XN4,0.6469066179280891,0.5,True
3kxa__A1_Q5F9C2--3kxa__B1_Q5F9C2,0.7424946753005418,0.5,True
7yls__B1_C5CSP6--7yls__A1_C5CSP7,0.914713288133111,0.5,False
7psg__A1_Q6D515--7psg__B1_Q6D515,0.8961169081915425,0.5,True
8pte__A1_P00698--8pte__A2_P00698,0.7504695886660594,0.5,True
7ykc__A1_P14843--7ykc__B1_P14843,0.8985118857583739,0.5,True
3wxe__A1_E7FEV5--3wxe__B1_P0CG48,0.5758402364644563,0.5,False
2vjf__A1_Q00987--2vjf__B1_O15151,0.5165836201149399,0.5,False
7pvo__A1_P56137--7pvo__A2_P56137,0.6400661315282289,0.5,True
3kkd__A1_Q9HXU1--3kkd__A2_Q9HXU1,0.8100443941266884,0.5,True
3mph__A1_P19801--3mph__B1_P19801,0.8903386277352686,0.5,True
6jc4__A1_A6TE44--6jc4__D1_A6TE44,0.5448306577567515,0.5,True
2rf4__A1_P46669--2rf4__B1_P50106,0.5181876184277603,0.5,False
4huz__A1_Q9ZBB0--4huz__A2_Q9ZBB0,0.8397101620892204,0.5,True
5gtj__B1_Q9BV47--5gtj__A1_Q9BV47,0.5006378843097917,0.5,True
2xw7__A1_A0QP85--2xw7__B1_A0QP85,0.5044152726472557,0.5,True
6l6h__A1_Q5ZZ22--6l6h__B1_Q5ZZ22,0.9654708815115618,0.5,True
8p7m__A1_P0A434--8p7m__A2_P0A434,0.8905681941388178,0.5,True
6gou__A2_P97275--6gou__C1_P97275,0.7102049908195661,0.5,True
2wwo__A1_Q66ED7--2wwo__B1_Q66ED7,0.4437968963868137,0.5,True
8i3n__A1_Q12178--8i3n__C1_Q12178,0.7506363132919983,0.5,True
1s7i__A1_Q9I3Z5--1s7i__A2_Q9I3Z5,0.6889094624089435,0.5,True
3szw__A1_B7JBP8--3szw__A2_B7JBP8,0.932220995346314,0.5,True
2nys__A1_Q8U561--2nys__B1_Q8U561,0.8586218620899241,0.5,True
3gr5__A1_O52135--3gr5__A2_O52135,0.5031277982132136,0.5,True
3ded__A1_Q7P1I2--3ded__B1_Q7P1I2,0.7170204908569568,0.5,True
5b5x__A1_Q75NZ1--5b5x__A2_Q75NZ1,0.4291859811771316,0.5,True
7qga__A1_P21589--7qga__A2_P21589,0.956005222900889,0.5,True
8ow9__A1_G8UQH9--8ow9__B1_G8UQH9,0.7589980081170591,0.5,True
3bcw__B1_A0A0H3LK92--3bcw__A1_A0A0H3LK92,0.7511861699752285,0.5114245860685774,True
6duy__A1_Q61301--6duy__B2_Q61301,0.4877498258286396,0.5,True
5zyf__A1_Q99ZW0--5zyf__B1_Q99ZW0,0.6146156012390875,0.49992102977177605,True
2b7o__A1_O53512--2b7o__B1_O53512,0.8974426941371025,0.5,True
1v57__A1_P77202--1v57__A2_P77202,0.7297781966300905,0.5,True
7cov__A1_Q06801--7cov__A2_Q06801,0.8734521035428345,0.5,True
6ign__A1_Q61768--6ign__A2_Q61768,0.7918525104466214,0.5,True
3be5__A1_Q8XBR1--3be5__B1_Q8XBR1,0.6561365950821323,0.5,True
4hn3__B1_Q8Y6D1--4hn3__A1_Q8Y6D1,0.879023329423862,0.5,True
4o8y__A1_Q08723--4o8y__B1_P43588,0.7628735423436852,0.5,False
7uoi__A1_A0A1S8KJG1--7uoi__A2_A0A1S8KJG1,0.9293357713672596,0.5,True
7vma__A1_C5A758--7vma__A2_C5A758,0.862617506613438,0.5,True
7d9m__A1_A0A4D6NYT7--7d9m__B2_A0A4D6NYT7,0.541310433638476,0.5,True
2py8__C1_Q55670--2py8__B1_Q55670,0.6771981578095772,0.5,True
7ytl__A1_E1BR24--7ytl__A2_E1BR24,0.6132921447825528,0.5,True
7vxt__A1_Q63W52--7vxt__B1_Q63W52,0.6527392615135609,0.5,True
5cv3__A1_E3M3V1--5cv3__A2_E3M3V1,0.7796746689796127,0.5,True
8c9v__A1_Q1JXV1--8c9v__A2_Q1JXV1,0.9825077214068523,0.572411233749132,True
3tsn__A1_Q9PN58--3tsn__B1_Q9PN58,0.8417548490890964,0.5,True
8j51__A1_A0A0E9MUN5--8j51__B1_A0A0E9MUN5,0.9760278683684288,0.5,True
6cz9__A1_Q7WTU0--6cz9__B1_Q7WTT9,0.8981599184519395,0.5,False
8pzo__A1_F9UT68--8pzo__A2_F9UT68,0.5835143967312596,0.5,True
3tqg__B1_Q83DG4--3tqg__A1_Q83DG4,0.7613010002164942,0.5,True
7czg__C1_Q8TDY2--7czg__A1_Q8TDY2,0.5219867001786062,0.5,True
7eev__B1_A0A3D9R4E8--7eev__A1_A0A3D9R4E8,0.8007018925343533,0.5,True
8ori__A1_Q2KB35--8ori__B1_Q2KB35,0.8420789777630531,0.5,True
7o6z__A1_A0A7R8L7W4--7o6z__B1_A0A7R8L7W4,0.9157556811984282,0.5,True
8pmr__A1_Q4WL81--8pmr__B1_Q4WL81,0.6396979270459311,0.5,True
7u34__A1_Q4X1J1--7u34__A2_Q4X1J1,0.8554117133389241,0.5,True
3fmy__A1_Q46864--3fmy__A2_Q46864,0.8515449346002988,0.5,True
7f0o__B1_A0A2I1C3W8--7f0o__A1_A0A2I1C3W8,0.8626157615067531,0.5,True
3ojm__B1_P21802--3ojm__A1_P05230,0.6249545997701127,0.5,False
6xgz__A1_P63386--6xgz__B1_P64602,0.9159486999107848,0.5,False
7x2y__A1_A0A076PYH9--7x2y__B1_A0A076PYH9,0.899449448501112,0.5,True
5i4h__B1_P07711--5i4h__A1_P07711,0.25827676861894017,0.5,True
4e6h__A1_Q6CII8--4e6h__A2_Q6CII8,0.6363421334573103,0.5,True
6x7p__A1_Q8GGP1--6x7p__A2_Q8GGP1,0.7297626959574983,0.5,True
3exq__A1_Q03S37--3exq__A2_Q03S37,0.7215528937949326,0.5,True
2qvc__A1_Q9WXW9--2qvc__B2_Q9WXW9,0.9135687992676148,0.5,True
6yoa__A1_O82015--6yoa__B1_O82015,0.6029285588553324,0.5,True
7qnm__A1_G0L7V6--7qnm__B1_G0L7V6,0.9921912327831562,0.5,True
3p8v__A1_Q9V228--3p8v__B1_Q9V228,0.5596545525498475,0.5,True
4re1__A1_P28347--4re1__D1_P46937,0.49370373846769355,0.5,False
8iw5__A1_Q8C8U0--8iw5__B1_Q8C8U0,0.7632328050174674,0.5,True
7sq2__B1_Q01970--7sq2__A1_P21279,0.7172749539129329,0.5,False
3owf__A1_P00644--3owf__A2_P00644,0.589448425703519,0.5,True
2dpl__A1_O59072--2dpl__B1_O59072,0.7497000159301366,0.5,True
4ap5__A1_Q9Y2G5--4ap5__B1_Q9Y2G5,0.8132249676080712,0.5,True
8evy__A1_Q9LCT6--8evy__A2_Q9LCT6,0.4226900369466604,0.5,True
5npo__A1_P62593--5npo__B1_D3INY1,0.7219340059641799,0.5,False
5uhs__A1_B0SR19--5uhs__B1_B0SR19,0.5631588639915586,0.5,True
4hsl__A1_Q1LCS4--4hsl__A2_Q1LCS4,0.6369151943608162,0.5,True
8b3s__A1_O31597--8b3s__B1_A0A164W157,0.9487562236344242,0.5,False
5euv__A1_D1LZK0--5euv__B1_D1LZK0,0.5858533873388,0.5,True
7tmg__A1_A0A0H3GLR2--7tmg__B1_A0A0H3GLR2,0.7744124973738709,0.5,True
7tgn__B1_A0A1Q5L7T0--7tgn__A1_A0A1Q5L7T0,0.6877090897157417,0.5,True
4fz2__A1_C7DIA5--4fz2__B1_C7DIA5,0.6799857315859437,0.5,True
6j2l__A1_P37793--6j2l__B1_P37793,0.5491035141223433,0.5,True
5grk__A1_Q89XR0--5grk__B1_Q89XR0,0.7336363415217532,0.5,True
3qxs__A1_O24872--3qxs__A2_O24872,0.9763721664177649,0.49998946103745545,True
8q3y__A1_E8URK0--8q3y__B1_E8URK0,0.8513894249586718,0.5,True
1pyb__A1_O66738--1pyb__B1_O66738,0.7287586419312683,0.49995910689457757,True
7yto__A1_Q9RHU9--7yto__B1_Q9RHU9,0.8584928187219878,0.5,True
5vae__A1_Q9AET9--5vae__B1_Q9AET7,0.9171482938435507,0.5,False
1zrs__A1_Q9HTZ1--1zrs__B1_Q9HTZ1,0.8571095323498532,0.5,True
2cg5__A1_Q9NRN7--2cg5__B1_P49327,0.6659773465633528,0.5,False
4yk8__B1_O36019--4yk8__A1_O13978,0.6302151572745323,0.5,False
2iml__A1_O28442--2iml__C1_O28442,0.7661074654006313,0.5,True
6iru__A1_Q9RVF9--6iru__A2_Q9RVF9,0.9197501715722822,0.5,True
8iev__A1_Q0PAW2--8iev__B1_Q0PAW2,0.7313801365867667,0.5,True
3cyg__A1_A7HM60--3cyg__B1_A7HM60,0.6225537340619308,0.5,True
5kvr__A1_P0ACL9--5kvr__A2_P0ACL9,0.9014974932163184,0.499883628915887,True
1na8__A1_Q9UJY5--1na8__B1_Q9UJY5,0.3692075350008915,0.5,True
5fis__A1_H9IUR0--5fis__B1_H9IUR0,0.8442758400819256,0.5,True
7z6m__A1_A0A0H3LM39--7z6m__A2_A0A0H3LM39,0.8081515823540026,0.5,True
2yxd__A1_Q57836--2yxd__B1_Q57836,0.8970867517631975,0.5,True
1aua__A1_P24280--1aua__A2_P24280,0.9911539088254097,0.5,True
7zw3__A1_P27338--7zw3__B1_P27338,0.6761011169355048,0.5,True
5xjx__I1_C0LGW6--5xjx__A1_Q9SSD1,0.3950146917133767,0.5,False
7xub__A1_Q96KQ7--7xub__B1_Q96KQ7,0.7122722221273544,0.5,True
5xlu__A1_Q65KZ6--5xlu__B1_A9YTT0,0.3401387789118996,0.5,False
8smq__A1_Q182N1--8smq__B1_Q182N1,0.3621214683440882,0.5,True
8eni__A1_A0A0H3JRH8--8eni__A2_A0A0H3JRH8,0.8774370651203899,0.5,True
1q77__A1_O66565--1q77__B1_O66565,0.5724585833012275,0.5,True
6nbp__A1_A0A4P1LYI6--6nbp__A2_A0A4P1LYI6,0.9843754998814075,0.5,True
4wu2__A1_Q7WUJ1--4wu2__B1_Q7WUJ1,0.9634753417560747,0.5,True
2nvn__A1_Q31MH7--2nvn__A2_Q31MH7,0.41982276169312704,0.5,True
3zyh__A1_Q05097--3zyh__B1_Q05097,0.9798152128629155,0.5,True
8a21__A1_A0QJI1--8a21__A2_A0QJI1,0.9105201539103831,0.5,True
8ho2__A1_A0A191T7N6--8ho2__B1_A0A191T7N6,0.5643136078783985,0.5,True
2j8q__A1_O43809--2j8q__B1_O43809,0.869645180131446,0.5,True
1cx8__A1_P02786--1cx8__B1_P02786,0.9321933153019147,0.5,True
5zfk__A1_Q31LX1--5zfk__B1_Q31LX1,0.9784557384382677,0.5,True
2qti__A1_Q8EF26--2qti__A2_Q8EF26,0.9375614627242809,0.5041748265549332,True
5djo__B1_Q9EQW7--5djo__A1_Q9EQW7,0.4132278088133509,0.5,True
1kve__B1_P19972--1kve__A1_P19972,0.30158654792890566,0.5,True
4kjq__A1_P37019--4kjq__B1_P37019,0.7447699515499108,0.5,True
8qyw__A1_Q9NVS9--8qyw__A2_Q9NVS9,0.6188803826717919,0.5,True
7t1e__A1_P78556--7t1e__B1_P78556,0.4375431878383047,0.5,True
2ev4__A1_P9WMU9--2ev4__B1_P9WMU9,0.8455695108344948,0.5,True
4m1j__A1_Q9I194--4m1j__B1_Q9I194,0.32458516564479023,0.5,True
8bj3__A1_A0A072U7F9--8bj3__B1_A0A072U7F9,0.8904842947808623,0.5,True
5fcl__A1_Q6D0X0--5fcl__B1_Q6D0X0,0.4469056732901311,0.5,True
2evr__A1_B2J9B4--2evr__A2_B2J9B4,0.6765973843961846,0.5,True
4ftw__A1_Q3J2V1--4ftw__A2_Q3J2V1,0.7712254729602859,0.5,True
2q6q__B1_P36094--2q6q__A1_P36094,0.6887326016765192,0.5,True
8hx8__A1_Q6L8Q5--8hx8__B1_Q6L8Q5,0.7446578108654095,0.5,True
7zgn__A1_U6RE59--7zgn__B1_U6RE59,0.8254368766687702,0.5,True
7fiw__A1_B3CP63--7fiw__B1_Q73HD5,0.6180106814249451,0.5,False
4xd9__A1_C8VMF9--4xd9__B1_Q5B6T5,0.8209981172276983,0.5,False
3dme__A1_Q7VU70--3dme__B1_Q7VU70,0.5933533444533438,0.5,True
8d0m__A1_P28907--8d0m__A2_P28907,0.8075409619954004,0.5,True
2w6a__A1_Q9Z272--2w6a__B1_Q9Z272,0.934539549148163,0.5,True
6oje__B1_Q5S007--6oje__A1_Q5S007,0.25642707075869337,0.5,True
7mu0__A1_P9WQK3--7mu0__B1_P9WQK3,0.16407290683804876,0.5,True
4az3__A1_P10619--4az3__B1_P10619,0.2861790687811976,0.5,True
7ug8__B1_Q0I6F8--7ug8__A1_Q0I6F8,0.6291213604127929,0.5,True
6mxv__B1_Q5NFU2--6mxv__A1_Q5NFU2,0.6004637278474888,0.5,True
8ug3__B1_P50053--8ug3__A1_P50053,0.8838267119649228,0.5,True
4atm__A1_P49418--4atm__A2_P49418,0.4518929637018628,0.5,True
7x6f__B1_P0AD45--7x6f__A1_P0AD45,0.7448946030500623,0.5,True
5n0s__B1_A0A2R2JFI5--5n0s__A1_A0A2R2JFI5,0.7000881193241122,0.5,True
6m9g__A1_Q5D6Y4--6m9g__B2_Q5D6Y4,0.7747055999436216,0.5,True
7zvz__A1_G1UBD5--7zvz__B1_G1UBD5,0.7289059113093823,0.5,True
3b5m__B1_Q7UTD8--3b5m__A1_Q7UTD8,0.6685854936791247,0.5,True
6v0a__B1_B3E641--6v0a__A1_B3E641,0.9840994536260341,0.5,True
3bpj__C1_O75822--3bpj__A1_O75822,0.775467592313716,0.5,True
7y51__A1_Q8RBF4--7y51__A2_Q8RBF4,0.5776996071975609,0.5,True
6zef__A1_P62136--6zef__C1_Q9C0D0,0.6840574526620006,0.5,False
8i5w__A1_Q8BZN6--8i5w__B1_P63000,0.6570076760905995,0.5,False
3rv1__B1_A7TR32--3rv1__A1_A7TR32,0.8697827749870554,0.5,True
4k3z__A1_Q8YCV0--4k3z__A2_Q8YCV0,0.9042418308232852,0.5,True
5v5t__A1_Q830T5--5v5t__D1_Q830T5,0.7187232851375588,0.5,True
6fp5__B1_Q960Q9--6fp5__A1_Q960Q9,0.34780995572488055,0.5,True
3isx__A1_Q9X0E0--3isx__A2_Q9X0E0,0.7496052612999923,0.5,True
2vkj__A1_Q9X1W9--2vkj__B1_Q9X1W9,0.9005137662797668,0.5,True
5csr__D1_Q9HLB6--5csr__A1_Q9HLB6,0.6899921335637003,0.5,True
1iq8__A1_O58843--1iq8__B1_O58843,0.7197293756794457,0.5,True
3tbm__A1_Q8XVB9--3tbm__B1_Q8XVB9,0.35149624537676993,0.5,True
7tur__B1_P00503--7tur__A1_P00503,0.8263780834443477,0.5,True
3vol__A1_Q9I6V6--3vol__A2_Q9I6V6,0.6582651197492728,0.5,True
3jqz__A1_P02768--3jqz__B1_P02768,0.7260318557695928,0.5,True
1vkd__A1_Q9X0V2--1vkd__B1_Q9X0V2,0.8133588126103827,0.5,True
8b31__B1_A0A2W4LV58--8b31__A1_A0A2W4LV58,0.7128721557611409,0.5,True
7bzk__A1_Q9SJ89--7bzk__B1_Q6NPF9,0.6190590238969609,0.49992016605460643,False
3cgh__A1_Q8A0N7--3cgh__A2_Q8A0N7,0.8991145173947729,0.5,True
5vlb__A1_G7IKX3--5vlb__B1_G7IKX3,0.7689285430772446,0.5,True
2oer__B1_Q9I3U1--2oer__A1_Q9I3U1,0.5718875377869308,0.5,True
2ylz__A1_Q47PU3--2ylz__A2_Q47PU3,0.49208296314159594,0.5,True
8bjp__B1_A0A1W6VSR4--8bjp__A1_A0A1W6VSR4,0.84106963045034,0.5,True
6kcx__A1_Q9WZL1--6kcx__A2_Q9WZL1,0.7142703102221746,0.5,True
4q69__A1_Q8A5I0--4q69__B1_Q8A5I0,0.9570498738783215,0.5,True
7xmj__C1_A9QSE8--7xmj__A1_A9QSE8,0.9235392772881525,0.5,True
1pix__A1_Q06700--1pix__B1_Q06700,0.6763547795003756,0.5,True
3l8i__B1_Q9BUL8--3l8i__A1_Q9BUL8,0.7984817730986847,0.5,True
6l2u__A1_Q27RN2--6l2u__B1_Q27RN2,0.3017910890102976,0.5,True
6sl2__A1_C4LWU6--6sl2__A2_C4LWU6,0.6708347245267078,0.5,True
1u6z__B1_P0AFL6--1u6z__A1_P0AFL6,0.9326363881333137,0.5,True
3pm9__A1_Q6NAV4--3pm9__B1_Q6NAV4,0.6819190709248605,0.5,True
3a5y__B1_P0A8N7--3a5y__A1_P0A8N7,0.6541457282932075,0.5,True
6bn1__B1_Q9VCR6--6bn1__A1_Q8T0S6,0.6136672669805657,0.5,False
8ji6__A1_A0A861B387--8ji6__B1_A0A861B387,0.8371457543302203,0.5,True
2pjs__A1_A9CIG0--2pjs__B1_A9CIG0,0.9454747753343629,0.4997734823316219,True
8ke8__A1_Q9HXS0--8ke8__B1_Q9HXS0,0.4384699429809399,0.5,True
3h7l__A1_Q87LX4--3h7l__A2_Q87LX4,0.6974767679579764,0.5,True
7zs8__A1_A0A1D3HIT0--7zs8__B1_A0A1D3HIT0,0.9270077005361886,0.5,True
2vc4__A1_P02879--2vc4__A2_P02879,0.33343085455153865,0.5,True
1xe8__B1_Q03629--1xe8__A1_Q03629,0.9510596215371643,0.4999875995139009,True
7tn6__A1_Q84Y01--7tn6__A2_Q84Y01,0.48860196467688943,0.5,True
7yo6__A1_G8GLP2--7yo6__A2_G8GLP2,0.8381236230285408,0.5,True
8k76__A1_Q8R6D8--8k76__B1_Q8R6D8,0.6367162778201926,0.5,True
1vgx__B1_Q9RRU8--1vgx__A1_Q9RRU8,0.8771035973444496,0.5,True
3cet__B1_Q6M145--3cet__A1_Q6M145,0.865871507193118,0.5,True
4zlh__B1_P0AB60--4zlh__A1_P0AB60,0.6178361900964641,0.5,True
2y84__A1_Q7WT50--2y84__E1_Q7WT50,0.9144448841914092,0.5,True
4me9__A1_Q736B0--4me9__B1_Q736B0,0.9568151863232669,0.5,True
2z51__A1_Q93W20--2z51__A2_Q93W20,0.754499699275397,0.5,True
8ajq__A1_Q9I0C0--8ajq__B1_Q9I0C0,0.6782434567841502,0.5,True
7yfj__A2_Q15007--7yfj__B1_Q15007,0.7723902811349774,0.5,True
2rkl__F1_Q06263--2rkl__E1_Q06263,0.4500718660623396,0.5,True
8cwp__A1_Q06282--8cwp__A2_Q06282,0.4087131167575702,0.5,True
5j1l__B1_O26069--5j1l__A1_O26068,0.6927529213272511,0.5,False
6j26__A1_Q5JIZ3--6j26__B1_Q5JIZ3,0.6927100903389444,0.5,True
2ns9__A1_Q9Y9R3--2ns9__B1_Q9Y9R3,0.9628496998527579,0.5,True
5l8s__A1_E1VFE0--5l8s__C1_E1VFE0,0.9695959416471659,0.5,True
6zrw__A1_B3VS76--6zrw__B1_B3VS76,0.7686056801382555,0.5,True
5fcn__B1_Q66GS9--5fcn__A1_Q66GS9,0.9152074871024799,0.5,True
7vl1__A1_I0AIT9--7vl1__B1_I0AIT9,0.8083882681029761,0.5,True
2rek__B2_Q9ADD9--2rek__A1_Q9ADD9,0.7844777032443151,0.5,True
2zrt__A1_O75340--2zrt__B1_O75340,0.889972841795452,0.5,True
2f1m__A1_P0AE06--2f1m__B1_P0AE06,0.6345860141712044,0.5,True
3t5t__B1_Q15JG1--3t5t__A1_Q15JG1,0.8957142523358588,0.5,True
4z9r__B1_Q8EGK4--4z9r__A1_Q8EGK4,0.910391105346801,0.5,True
2oze__A1_Q57280--2oze__A2_Q57280,0.8799868130381858,0.5,True
1x6m__A1_Q51669--1x6m__D1_Q51669,0.5078241827376775,0.5,True
4pfc__A1_P14735--4pfc__B1_P14735,0.9039550170704651,0.5,True
6byi__A1_Q8PI23--6byi__B1_Q8PI23,0.7472594914940064,0.5,True
3aaa__A1_P13127--3aaa__B1_P14315,0.9623191270610135,0.5,False
1xgm__A1_P56218--1xgm__B1_P56218,0.72925624513481,0.5,True
5mrv__A1_Q8IVL8--5mrv__C1_P86912,0.8385020669127218,0.5,False
1vhq__A1_P0ABU5--1vhq__B1_P0ABU5,0.6517371381553281,0.5,True
2pqv__B1_A0A0H2UMZ7--2pqv__A1_A0A0H2UMZ7,0.5167125449607282,0.5,True
8pq4__A1_P69782--8pq4__A2_P69782,0.8006837843008057,0.5,True
8a14__A1_A0A0D1E4Q7--8a14__C2_A0A0D1E4Q7,0.5280108875743569,0.5,True
1dtd__A1_P48052--1dtd__B1_P81511,0.6658000320172893,0.5,False
3c6n__B1_Q570C0--3c6n__A1_Q39255,0.8821974662081554,0.5,False
3ctz__A1_Q9NQW7--3ctz__A2_Q9NQW7,0.7199078059795012,0.5,True
1wab__A1_Q29460--1wab__A2_Q29460,0.6945750554898606,0.5,True
1zl5__A1_Q00496--1zl5__B1_Q00496,0.8525663715612481,0.5,True
5dbj__A1_Q4KCZ0--5dbj__A2_Q4KCZ0,0.9718252558052481,0.5,True
7qsq__B1_Q9X053--7qsq__A1_Q9X053,0.3319377314641644,0.5,True
7duc__B1_Q2G2U4--7duc__A1_Q2G2U4,0.6602512193230232,0.5,True
2cdu__A1_Q9F1X5--2cdu__B1_Q9F1X5,0.8116048994327681,0.5,True
8g0f__A1_Q6NK15--8g0f__B1_Q6NK15,0.6650130600272299,0.5,True
8a45__B1_B7V7R4--8a45__A1_B7V7R4,0.6242743982783969,0.5,True
6no3__A1_B3FHP0--6no3__B1_B3FHP0,0.572092318501543,0.5,True
3g7p__A1_B7JA91--3g7p__A2_B7JA91,0.8210141755263706,0.5,True
8khq__A1_A0A1I5R890--8khq__C1_A0A1I5R890,0.821979300166344,0.5,True
7owz__B1_Q9JMA2--7owz__A1_B8ZXI1,0.9429257181689068,0.5,False
6dk7__D1_Q9HUV7--6dk7__A1_Q9HUV7,0.7548188827175637,0.5,True
5t3v__B1_Q9Y2C4--5t3v__A1_Q9Y2C4,0.8881825266002874,0.5,True
8f2l__A1_P9WJY9--8f2l__B1_P9WJY9,0.9605979116085688,0.5,True
8h1l__B1_A0A7U4E834--8h1l__A1_A0A7U4E834,0.59871906914776,0.5,True
1nye__A1_P0C0L2--1nye__B1_P0C0L2,0.8285275044743858,0.5,True
2ou6__A1_Q9RVG4--2ou6__A2_Q9RVG4,0.6069836257309941,0.5,True
6hp3__A1_O31927--6hp3__B1_O31927,0.7472962900586086,0.5,True
8hs0__A1_Q9LIR4--8hs0__A2_Q9LIR4,0.626627479651596,0.5,True
6gz1__A1_P10151--6gz1__A2_P10151,0.41994987695364355,0.5,True
8pbu__A1_P27708--8pbu__A2_P27708,0.9033026952872973,0.5,True
7p0h__A1_O26008--7p0h__C1_O26008,0.7931710392850289,0.5,True
5b3g__B1_Q9SZF7--5b3g__A1_Q9M384,0.641248223492452,0.5,False
7vzy__B1_Q84G19--7vzy__A1_Q84G19,0.9292571703969282,0.5,True
2q3t__A1_Q9LUJ3--2q3t__A2_Q9LUJ3,0.687458328615818,0.5,True
7pt0__A1_Q9KYU4--7pt0__B1_Q9KYU4,0.4930281814829459,0.5,True
6m09__B1_Q8LDU1--6m09__A1_Q8LDU1,0.9231242155113706,0.5,True
7uxs__B1_J8G6Z1--7uxs__A1_J8G6Z1,0.5564153748351972,0.5,True
2q03__A1_Q12ML0--2q03__B1_Q12ML0,0.9731180478741998,0.5074626865671642,True
6kcp__B1_Q9VAA9--6kcp__A1_Q9VAA9,0.37431011371287015,0.5,True
6sj4__B1_A0A022MQ12--6sj4__A1_A0A022MQ12,0.9122235671216727,0.5,True
5cyy__A1_P9WG63--5cyy__B1_P9WG63,0.6764280630937634,0.5,True
3tj3__A1_P52294--3tj3__B1_Q9UKX7,0.6324778365596383,0.5,False
3i32__A1_Q72GF3--3i32__A2_Q72GF3,0.98009982621394,0.5,True
1jk9__B1_P40202--1jk9__A1_P00445,0.7505854982433533,0.5,False
4e4w__A1_P38920--4e4w__B1_P14242,0.7178369093526228,0.5,False
5yw5__A1_Q5NII9--5yw5__D1_Q5NII9,0.9586608907377685,0.5623853549084477,True
3ab8__A1_Q5SLE3--3ab8__B1_Q5SLE3,0.4505073388450153,0.5,True
3mxt__A1_Q9PIK2--3mxt__A2_Q9PIK2,0.6848020303610091,0.5,True
1wr8__B1_O50129--1wr8__A1_O50129,0.8255978546416951,0.5,True
7war__B1_A0A1B6PFV1--7war__A1_A0A1B6PFV1,0.8765385076103519,0.5,True
7fn1__B1_P32357--7fn1__A1_P33334,0.6864009829616096,0.5,False
7xl7__A1_A0A2J0R8J6--7xl7__B1_A0A2J0R8J6,0.849076452265151,0.5,True
8vc5__A1_Q9XCL6--8vc5__B1_Q9XCL6,0.9081916634481146,0.5,True
5jfz__A1_P20605--5jfz__B1_P0ADX5,0.6651540819035208,0.5,False
5g37__B1_P10565--5g37__A1_P06575,0.6032110558592158,0.5,False
2gjx__A1_P06865--2gjx__B1_P07686,0.9713052684733076,0.5,False
3aqb__B1_O66129--3aqb__A1_O66127,0.7975529665587919,0.5,False
8q1a__A1_Q16790--8q1a__C2_Q16790,0.5491006425077707,0.5,True
5ez1__B1_P56112--5ez1__A1_P56112,0.7629059440564336,0.5,True
3lwd__A1_Q1QTX1--3lwd__A2_Q1QTX1,0.7093419126819327,0.5,True
8dye__A1_P31040--8dye__B1_Q5VUM1,0.369156178995791,0.5,False
2ch6__A1_Q9UJ70--2ch6__D1_Q9UJ70,0.9150111355435273,0.5,True
3gpn__A1_P15873--3gpn__A2_P15873,0.946034882418727,0.5,True
7th0__A1_P31667--7th0__A2_P31667,0.7440015734581489,0.5,True
3k1i__D1_O25709--3k1i__A1_O25448,0.43226334001971445,0.5,False
1vbi__A1_Q53W84--1vbi__A2_Q53W84,0.7175420084964551,0.5,True
2oqb__A1_Q4AE70--2oqb__B1_Q4AE70,0.586883375566575,0.5,True
6saz__B1_Q9UGM5--6saz__A1_P07584,0.48226158217477544,0.5,False
6l9x__A1_F6VRB7--6l9x__A2_F6VRB7,0.5057811235041112,0.5,True
3ica__B1_Q7MXR4--3ica__A1_Q7MXR4,0.7061608010616945,0.5,True
6o15__A1_P39353--6o15__B1_P39353,0.7766678749720701,0.5,True
2ohc__A1_Q9HIY5--2ohc__B1_Q9HIY5,0.9000520740432447,0.5,True
8qfo__A1_A0A840P3H4--8qfo__B1_A0A840P3H4,0.7386497720284985,0.5,True
5zmy__A1_F1LJ99--5zmy__B1_F1LJ99,0.6719265916693793,0.5,True
6tx3__B1_Q9NWY4--6tx3__A1_Q9UGN5,0.8074670116240403,0.5,False
4tx5__A1_Q9NR28--4tx5__B1_Q9NR28,0.44293967263020667,0.5,True
7wnk__B1_A0A1E5TT85--7wnk__A1_A0A1E5TT85,0.6842942024221891,0.5,True
2fn0__B1_Q9X9I8--2fn0__A1_Q9X9I8,0.8959878067562042,0.5,True
5x89__A1_Q8TGZ7--5x89__A2_Q8TGZ7,0.8925302258739729,0.5,True
2j0t__A1_P03956--2j0t__D1_P01033,0.4737611173799856,0.5,False
2i9i__A1_O25234--2i9i__A2_O25234,0.505510226333495,0.5,True
3rtr__G1_Q13616--3rtr__H1_P62877,0.8798192692825333,0.5,False
7lq2__A1_A0A023X3Z4--7lq2__B1_A0A023X3Z4,0.6860578708260958,0.5,True
6aht__A1_A1BZ87--6aht__B1_A1BYM8,0.8931155463404082,0.5,False
8czp__A1_A0A0D5ZBI4--8czp__B1_A0A0D5ZBI4,0.874796701610825,0.5,True
4ro3__A1_M1RHE3--4ro3__B1_M1RHE3,0.4001909700290551,0.5,True
1c0n__A1_P77444--1c0n__A2_P77444,0.7651286409952399,0.5,True
7tq0__A1_P00459--7tq0__A2_P00459,0.608011628232282,0.5,True
1o4w__A1_O29664--1o4w__A2_O29664,0.4619202197390599,0.5,True
4jzp__A1_P51572--4jzp__B1_P51572,0.8499219083573337,0.5,True
2or2__A1_P08954--2or2__B1_P08954,0.8365019792481938,0.5,True
5xdf__B1_Q5SL04--5xdf__A1_Q5SL04,0.9151484099311423,0.5,True
6kr4__A1_P10586--6kr4__E1_P60469,0.7771503991392943,0.5,False
1itv__A1_P14780--1itv__B1_P14780,0.8986841137772834,0.5,True
2qgi__A1_P05449--2qgi__B1_P05449,0.7876617250878587,0.5,True
1a19__A1_P11540--1a19__B1_P11540,0.6110260080246438,0.5,True
8a9x__A1_P15752--8a9x__C1_P15752,0.18919905028424971,0.5,True
8e9e__B1_Q02293--8e9e__A1_Q04631,0.7999831925320755,0.5,False
2h4c__A1_Q7T2R1--2h4c__B1_Q7T3T5,0.5223022056764459,0.5,False
2bdt__A1_Q9K6P2--2bdt__A2_Q9K6P2,0.518931009145482,0.5,True
5vbn__A1_P56282--5vbn__B1_Q07864,0.8649570041424886,0.5,False
8gt0__A1_Q8I6U4--8gt0__B1_P01040,0.49318499073535604,0.5,False
5lrr__A1_P22262--5lrr__B1_P22262,0.7522268862666238,0.5,True
4y7i__A1_Q96EF0--4y7i__B1_Q96EF0,0.8575046352425928,0.5,True
1who__A1_P43214--1who__A2_P43214,0.6548328634214076,0.5,True
4g10__A1_Q9WXJ9--4g10__A2_Q9WXJ9,0.5559300776801936,0.5,True
8q4k__A1_O51180--8q4k__B1_O51180,0.5144185532488215,0.5,True
7rzb__A1_A0A229LVN5--7rzb__A2_A0A229LVN5,0.9677835518474375,0.5,True
7toc__A1_A0A2H0ZMH9--7toc__B1_A0A2H0ZMH9,0.6891597207134683,0.5,True
7ula__B1_Q88ND0--7ula__A1_Q88NC7,0.9264479997238618,0.5,False
8bes__A1_A0A856TAI5--8bes__B1_A0A856TAI5,0.8672317275238663,0.5,True
7wjt__B1_Q8BZB3--7wjt__A1_Q8BZB3,0.8266586898198645,0.5,True
6j9n__A1_X5EPV9--6j9n__B1_A0A425B395,0.7557187159979131,0.5,False
1kll__A1_O05205--1kll__A2_O05205,0.9580691301618662,0.4999104744852283,True
7xky__A1_Q58690--7xky__B1_Q58034,0.9005432884440291,0.5,False
4p04__A1_A0A0D6H805--4p04__B1_A0A0D6H805,0.6736535814983888,0.5,True
1txz__A1_Q04299--1txz__A2_Q04299,0.6592404458493842,0.5,True
4af5__A1_Q8NQ97--4af5__A2_Q8NQ97,0.7875386983307185,0.5188489754992778,True
8af9__A1_Q2YPZ9--8af9__H1_Q2YPZ9,0.9211977392229072,0.5,True
8gm9__D1_P9WPD3--8gm9__A1_P9WPD3,0.8886839431339401,0.5,True
7wsx__A1_D9PYV4--7wsx__B1_D9PYV4,0.6949942776159483,0.5,True
4g86__A1_Q79PF6--4g86__B1_Q79PF6,0.738508558587491,0.5,True
3bq3__A1_Q12395--3bq3__A2_Q12395,0.5937630995386984,0.5,True
7eva__A1_P31490--7eva__A2_P31490,0.49538096522599184,0.5,True
8r7d__B1_G5EI71--8r7d__A1_Q8LJL3,0.3608924496583302,0.5,False
7pwy__A1_Q8TDX5--7pwy__B1_Q8TDX5,0.7527599047775333,0.5,True
3ut4__A1_A3DJ21--3ut4__B1_A3DJ21,0.8696590565789362,0.5,True
3ucy__A1_P0DP23--3ucy__A2_P0DP23,0.25919043113934315,0.5,True
8eei__B1_A0A807MR40--8eei__A1_A0A807MR40,0.9916066702699093,0.5,True
8bp5__B1_A0A369SI82--8bp5__A1_A0A369SI82,0.6080249475106144,0.5,True
3l34__B1_Q9HT87--3l34__A1_Q9HT87,0.27949488753372537,0.5,True
8god__A1_Q9UM07--8god__A2_Q9UM07,0.9666686757734245,0.5,True
1h9g__A1_P0A8V6--1h9g__A2_P0A8V6,0.8660225459385187,0.5,True
7qg6__D1_Q9HAU5--7qg6__C1_Q9H1J1,0.49229693382853307,0.5,False
8sz3__B2_Q9NY97--8sz3__A1_Q9NY97,0.6045479501615371,0.5,True
5a10__A1_G1FNI6--5a10__A2_G1FNI6,0.9037819474865741,0.5,True
7qoc__A1_Q8NQV9--7qoc__B1_Q8NQV9,0.8643994716259119,0.5,True
8a90__B1_A0A7S9SWM2--8a90__A1_A0A7S9SWM2,0.8124788477178762,0.5,True
3iaa__A1_Q8KNE0--3iaa__B1_Q8KNE0,0.5293866054047501,0.5,True
3n50__B1_Q9H4W6--3n50__A1_Q9H4W6,0.6224174831761815,0.5,True
2qg3__A1_O28220--2qg3__A2_O28220,0.5474228547998239,0.5,True
7ysk__A1_Q6D6Z8--7ysk__B1_Q6D6Z8,0.9865419194562797,0.5,True
7spz__A1_A8B3G9--7spz__A2_A8B3G9,0.9207787044621119,0.5,True
4q2e__B1_Q9X1B7--4q2e__A1_Q9X1B7,0.8174364273445551,0.5,True
8cff__A1_Q7SIF4--8cff__B1_Q7SIF3,0.83901117638185,0.5,False
5d4v__C1_Q57913--5d4v__A1_Q57913,0.7267317328169375,0.5,True
2p23__A1_O95750--2p23__B1_O95750,0.47604398902418116,0.5,True
7u55__A1_A0A151EDA9--7u55__A2_A0A151EDA9,0.9427763712519028,0.5,True
1rkw__A1_P0A0N4--1rkw__C1_P0A0N4,0.8867146018595828,0.5,True
1ps6__A1_P19624--1ps6__B1_P19624,0.6779407698491322,0.5,True
2y21__L1_O28769--2y21__K1_O28769,0.7048169484528344,0.5,True
2z5i__A1_P58772--2z5i__B1_P58772,0.8816065465159889,0.5,True
5l7u__B1_A6L2E5--5l7u__A1_A6L2E5,0.8095939368408305,0.5,True
3egq__A1_O28458--3egq__B1_O28458,0.809067437567136,0.5,True
7r3a__A1_Q6LYR8--7r3a__E1_Q6LYR8,0.8467483920749408,0.5,True
7yq0__A1_A0A101DF63--7yq0__B1_A0A101DF63,0.9028630370789635,0.5,True
3wsc__A1_Q25C86--3wsc__B1_Q25C86,0.5271743420315949,0.5,True
4pib__B1_Q2SVW5--4pib__A1_Q2SVW5,0.8775462377264531,0.5,True
7vmx__B1_P9WNN1--7vmx__A1_P9WNM1,0.7600539029069651,0.5,False
1ykd__A1_P94182--1ykd__B1_P94182,0.43599708814974325,0.5,True
4ux7__A1_Q183F3--4ux7__B1_Q183F3,0.8111378605617445,0.5,True
3k3d__A1_P9WLZ7--3k3d__A2_P9WLZ7,0.8827053769449975,0.5,True
1sj5__A1_Q9WY07--1sj5__B1_Q9WY07,0.9739106114132886,0.5,True
4c12__A1_Q2FZP6--4c12__A2_Q2FZP6,0.6511523292644386,0.5,True
3k9m__A1_P07858--3k9m__B1_P01040,0.5085858316756654,0.5,False
1ccd__A1_P17559--1ccd__A2_P17559,0.5315420436825746,0.4999451934670613,True
8xiz__A1_T2B4K5--8xiz__B1_T2B4K5,0.8709974399307947,0.5,True
7wz6__A1_P15806--7wz6__B1_P10085,0.5789138944330331,0.5,False
2i00__A1_Q831Y9--2i00__B1_Q831Y9,0.7244206114289442,0.5,True
5ffi__A2_Q44501--5ffi__B1_Q44501,0.3460345292689506,0.5,True
3cnk__A1_P21333--3cnk__B1_P21333,0.6002150209641379,0.5,True
8gt9__A1_A8MW95--8gt9__B1_A8MW95,0.8408818180238905,0.5,True
4l2w__B1_Q13464--4l2w__A1_Q13464,0.9731180270288036,0.5,True
3d0j__A1_Q97DI0--3d0j__A2_Q97DI0,0.86881744084801,0.5,True
4ct0__A1_P97784--4ct0__B1_O54943,0.5665504440622078,0.5,False
3av0__A1_Q58719--3av0__B1_Q58718,0.8860797787191709,0.5,False
8bln__A1_C9QZ65--8bln__H1_C9QZ65,0.7116058495100402,0.5,True
2riq__A1_P09874--2riq__A2_P09874,0.502782276967565,0.5,True
8hd5__A1_Q99U17--8hd5__B1_Q99U17,0.4511009988812848,0.49981188863807374,True
6xrb__A1_A0A0H3NHS6--6xrb__B1_A0A0H3NHS6,0.8578461046374134,0.5,True
8a1g__A1_Q13596--8a1g__C1_Q9Y5X3,0.6363679812843036,0.5,False
8tn3__A1_Q643B9--8tn3__B1_Q643B9,0.8421005404820818,0.5,True
5ghs__A1_Q5JGL0--5ghs__C1_Q5JF31,0.8234383020689193,0.5,False
5umw__A1_A0A125SA26--5umw__F1_A0A125SA26,0.568277123878093,0.5,True
7zcv__B1_A0A0E7KI02--7zcv__A1_A0A0E7KI02,0.7753977383571136,0.5,True
6scq__A1_Q8NNN6--6scq__A2_Q8NNN6,0.9275809534004072,0.5,True
4ml9__A1_D1AMR0--4ml9__B1_D1AMR0,0.8494740778329375,0.5,True
7yfu__A1_Q8CG73--7yfu__B1_Q8CG73,0.8249316677110899,0.5,True
3ix1__A1_Q9K9G5--3ix1__B1_Q9K9G5,0.8647529748951324,0.5,True
7khs__A1_Q2CEE3--7khs__B1_Q2CEE3,0.9769951263994584,0.5,True
8k5l__A1_A0A829KK40--8k5l__B1_A0A829KK40,0.7011976291743152,0.5,True
2g0t__B1_Q9WZQ3--2g0t__A1_Q9WZQ3,0.8966603444839587,0.5,True
3lr3__A1_Q63T74--3lr3__A2_Q63T74,0.9320256682216478,0.5,True
4pxq__A1_F1QR43--4pxq__B1_F1QR43,0.7771615686097257,0.5,True
4z5y__A1_Q88QV5--4z5y__A2_Q88QV5,0.9319905265678089,0.4999890903536907,True
7zhf__A1_A0A0U2WWJ1--7zhf__A2_A0A0U2WWJ1,0.9060695321810883,0.5,True
6h86__A1_B5KM66--6h86__B1_B5KM66,0.5786682713101036,0.5,True
5un7__A1_Q9NUX5--5un7__B1_Q96AP0,0.6052185995470081,0.5,False
8juk__A1_V5VGC6--8juk__B1_V5VGC6,0.8806528632143936,0.5,True
8snp__A1_O09118--8snp__A2_O09118,0.7943063159886056,0.5,True
6wjc__A1_P11229--6wjc__B1_Q8QGR0,0.880068776371308,0.5,False
8ard__A1_Q64331--8ard__A2_Q64331,0.5402086534373147,0.5,True
3mqi__A1_Q9UH73--3mqi__B1_Q9UH73,0.34246420709818587,0.5,True
3q01__A1_P04637--3q01__B1_P04637,0.852262606719489,0.5,True
7ylq__A1_Q93CA6--7ylq__B1_Q93CA6,0.8302312421672602,0.5,True
2yvo__A1_Q5SJY9--2yvo__A2_Q5SJY9,0.7546328438681391,0.5,True
5vpa__B1_P17535--5vpa__A1_P53539,0.6516884272294785,0.5,False
3v78__B1_P95092--3v78__A1_P95092,0.5288688420186511,0.5,True
7pzh__A1_A0A174J845--7pzh__B1_A0A174J845,0.9020627367327125,0.5,True
3m0f__A1_Q4KDJ6--3m0f__B1_Q4KDJ6,0.8789109170073481,0.5,True
1y4h__A1_P0C1S6--1y4h__C1_Q9EYW6,0.5691013950271325,0.5,False
2o4c__A1_Q9I3W9--2o4c__B1_Q9I3W9,0.9496825130494739,0.5,True
1ynh__A1_P76216--1ynh__D1_P76216,0.7320287223436075,0.5,True
8ohx__A1_U4Q148--8ohx__B1_U4Q148,0.8331736317944899,0.5,True
3a6m__A1_Q56236--3a6m__B1_Q56236,0.8254742438672902,0.5,True
4bvp__A1_Q5ZUA2--4bvp__B1_Q5ZUA2,0.6836929551511164,0.5,True
7oc6__A1_A0A2U8U2L5--7oc6__A2_A0A2U8U2L5,0.6902789139578759,0.5,True
6qpq__A1_G0SGH3--6qpq__B1_Q12158,0.8498840475044996,0.5,False
3ct6__A1_Q9CIV6--3ct6__B1_Q9CIV6,0.9736620971625738,0.5073962943217785,True
1qae__A1_P13717--1qae__B1_P13717,0.6955708831975329,0.5,True
3q5w__B1_P38937--3q5w__A1_P38937,0.8988911638301285,0.5,True
8gol__B1_G9I933--8gol__A1_G9I933,0.6281936913096237,0.5,True
7epj__A1_P62554--7epj__A2_P62554,0.563380594802885,0.5,True
1ag9__A1_P61949--1ag9__B1_P61949,0.984463749728336,0.5,True
3gwh__B1_O31691--3gwh__A1_O31691,0.40627287952713503,0.5,True
5gw1__A1_P57768--5gw1__B1_P57768,0.688035547470377,0.5,True
3l2o__B1_Q9UKT5--3l2o__A1_P63208,0.9421824501816696,0.5,False
3wrf__A1_E8MGH8--3wrf__A2_E8MGH8,0.8958622268438428,0.5,True
7yyl__A1_Q3AET9--7yyl__B1_Q3AET9,0.7169214705052886,0.5,True
8syb__B1_Q72KY0--8syb__A1_Q72KY0,0.9949595665981795,0.5,True
8qc3__A1_A0A1C9WRL0--8qc3__B1_A0A1C9WRL0,0.9177223031585887,0.5,True
3wtf__B1_Q9BUH6--3wtf__A1_Q9BUH6,0.6335963080219569,0.5,True
2x0e__B1_Q7BG50--2x0e__A1_Q7BG50,0.6296887404336403,0.5,True
1ojh__A1_Q8YNP7--1ojh__B1_Q8YNP7,0.6122152610441768,0.5,True
3eyy__A1_Q9K4F8--3eyy__B1_Q9K4F8,0.8983912005094483,0.5,True
8bwv__D2_A0A482M8M0--8bwv__A1_A0A482M8M0,0.8363476928109723,0.5,True
7cm9__A1_A0A7V8UZ53--7cm9__B1_A0A7V8UZ53,0.6434423180874606,0.5,True
4nc8__A1_P12464--4nc8__A2_P12464,0.12878089300885864,0.5,True
1zhh__A1_P54300--1zhh__B1_P54302,0.5958896822114256,0.5,False
8c0u__A1_Q9I5Q5--8c0u__B1_Q9I5Q5,0.7584885505292924,0.5,True
2fbq__A1_Q9HZJ9--2fbq__A2_Q9HZJ9,0.6303542625357106,0.5,True
7fch__A1_O95256--7fch__C2_O95256,0.7209949412381079,0.5,True
8c7t__B1_A0A1B4XP18--8c7t__A1_A0A1B4XP18,0.6174821321360149,0.5,True
4iwn__A1_P76290--4iwn__B1_P76290,0.6132774874771654,0.5,True
7saf__B1_Q6TLP8--7saf__A1_Q6TLP8,0.8621684773559608,0.5,True
7zj1__B1_P55265--7zj1__A1_P55265,0.6940975934628094,0.5,True
4g9k__A1_P32340--4g9k__B1_P32340,0.7572256160273768,0.5,True
8b35__A1_Q96562--8b35__B1_Q96562,0.7743072505296703,0.5,True
2rdz__A1_P0ABK9--2rdz__B1_P0ABK9,0.4050766718373962,0.5,True
6bzf__B1_P53061--6bzf__A1_P17122,0.36663187951194326,0.5,False
5ydd__B1_P9WME7--5ydd__A1_P9WME7,0.7386489814515449,0.5,True
4czd__B1_B8J3A4--4czd__A1_B8J364,0.802953736844398,0.5,False
3ft7__B1_Q54323--3ft7__A1_Q54323,0.9172337148316404,0.5080719062567022,True
4pz1__A1_Q99XU0--4pz1__A2_Q99XU0,0.8640540025841786,0.5,True
2w1t__A1_P37554--2w1t__B1_P37554,0.9485284794785165,0.4999049068086725,True
7qz5__A1_A2RI36--7qz5__B1_A2RI36,0.8748239713633861,0.5,True
5h31__A1_Q14790--5h31__B1_Q14790,0.23992664049216167,0.5,True
8p33__A1_O51254--8p33__A2_O51254,0.5784187967009358,0.5,True
8oru__A1_O93732--8oru__B1_O93732,0.9196308062302789,0.5,True
8slg__B1_G7CIG9--8slg__A1_G7CIG9,0.6224447179856557,0.5,True
3l2e__B1_Q6AW42--3l2e__A1_Q6AW43,0.9471952875164354,0.5,False
3b0a__A1_P0CG48--3b0a__B1_Q9WUB0,0.744816315451311,0.5,False
6etz__A1_A0A023UGN9--6etz__A2_A0A023UGN9,0.6371144072792393,0.5,True
7sfz__B1_Q9NYP9--7sfz__A1_Q9NYP9,0.6194649363119266,0.5,True
8vdw__B1_T0TAB9--8vdw__A1_T0TAB9,0.8063152895673604,0.5,True
8ri0__A1_E4THH1--8ri0__B1_E4THH1,0.7044278489827063,0.5,True
5z2i__B1_Q54LT0--5z2i__A1_Q54LT0,0.7683973430515971,0.5,True
4miv__A1_P51688--4miv__B1_P51688,0.917107384724933,0.5,True
3vh1__A1_P38862--3vh1__A2_P38862,0.585872058198655,0.5,True
7z98__A1_E6V140--7z98__A2_E6V140,0.8768352792388354,0.5,True
2ond__A1_Q99LI7--2ond__B1_Q99LI7,0.44017065070286476,0.5,True
7vt9__A1_P21517--7vt9__B1_P21517,0.8692773829611656,0.5,True
1gju__A1_O33838--1gju__A2_O33838,0.7589161893733787,0.5,True
6hta__A1_A0A3F2YM29--6hta__B1_A0A3F2YM29,0.9308746409091299,0.5,True
3h7h__A1_P63272--3h7h__B1_O00267,0.5412255793757076,0.5,False
4z39__A1_A0A0S2E5N6--4z39__B1_A0A0S2E5N6,0.749667192489708,0.5,True
5ca9__A1_Q9C0L9--5ca9__A2_Q9C0L9,0.7189757403611314,0.5,True
2zvx__A1_P00974--2zvx__B1_P00974,0.647420674658808,0.5,True
6x0a__A1_F7Y4W0--6x0a__S1_F7YBW8,0.5463964623331979,0.5,False
7spq__A1_C5AMM8--7spq__A2_C5AMM8,0.7858400292532707,0.5,True
7spn__A1_A0A7C2VFT1--7spn__B1_A0A7C2VFT1,0.9086200117413425,0.5,True
1tv8__A1_P65388--1tv8__B1_P65388,0.8279210450612566,0.5,True
3mkr__B1_Q27954--3mkr__A1_Q28104,0.9432337853931019,0.5,False
7xoi__A1_A0A5N6DPG0--7xoi__B1_A0A5N6EXS6,0.27336168783545195,0.5,False
8h62__A1_P0DJM0--8h62__B1_P12830,0.5954852668843567,0.5,False
2qh0__A1_Q97H22--2qh0__A2_Q97H22,0.6924265950678787,0.5,True
5ubb__A1_Q5VVY1--5ubb__A2_Q5VVY1,0.8566582961658109,0.5,True
5kvs__B1_O54512--5kvs__A1_O54512,0.9029484025929764,0.5,True
3frs__A1_P53990--3frs__A2_P53990,0.2829078691677239,0.5,True
3obv__A1_O08808--3obv__C1_O08808,0.6015041198546236,0.5,True
4wkz__A1_A0AEF5--4wkz__B1_W5IDC3,0.8347826585344937,0.5,False
3kt0__A1_Q12109--3kt0__A2_Q12109,0.7299093738893858,0.5,True
5i90__A1_G3XCY5--5i90__B1_G3XCY5,0.8528403328122194,0.5,True
3bat__B1_P24733--3bat__A1_P24733,0.8593219400107893,0.5,True
2ps1__A1_P13298--2ps1__B1_P13298,0.8084989436636558,0.5,True
1fcd__A1_Q06530--1fcd__B1_Q06529,0.953535848804297,0.5,False
8hy8__A1_A0A085BE66--8hy8__A2_A0A085BE66,0.7690383267063194,0.5,True
8har__A1_Q2L6E4--8har__B1_Q2L6E4,0.7607324161896627,0.5,True
4je4__A1_Q06124--4je4__B1_P02751,0.5621336197274902,0.5,False
2a6c__A1_Q82UW4--2a6c__A2_Q82UW4,0.8566908667814301,0.6178411773911505,True
5k9l__B1_A8MW95--5k9l__A1_A8MW95,0.8514503127003196,0.5,True
5mzg__A1_P53368--5mzg__B1_P53368,0.7944497231890943,0.5,True
7ucc__B1_P17535--7ucc__A1_P53539,0.624858108439542,0.5,False
8d0x__A1_Q9Y231--8d0x__A2_Q9Y231,0.6244716104924007,0.5,True
6ano__B1_Q9UKL3--6ano__A1_Q9UKL3,0.3439664400929053,0.5,True
6d0a__A1_Q8N5Z0--6d0a__A2_Q8N5Z0,0.6861609690765473,0.5,True
2xga__B1_P35530--2xga__A1_P35530,0.692514360485989,0.5,True
2i3o__A1_Q9HJH4--2i3o__B1_Q9HJH4,0.8329557555092792,0.5,True
1ijx__A1_P97401--1ijx__C1_P97401,0.3942109201853611,0.5,True
6h2u__A1_Q9NRN9--6h2u__B1_Q9UI30,0.5153374589278872,0.5,False
8h2v__A1_Q93HT8--8h2v__B1_Q93HT8,0.8951577540134575,0.5,True
1wat__B1_P02941--1wat__A1_P02941,0.6121772582113333,0.5,True
7yuj__B1_Q9BYM8--7yuj__A1_Q9BYM8,0.4699409277042965,0.5,True
8c5k__A1_P87252--8c5k__A2_P87252,0.5688247263877717,0.5,True
2spc__A1_P13395--2spc__B1_P13395,0.32122695951720365,0.5,True
6q2e__A1_A5UMY5--6q2e__B1_A5UMY5,0.5384601752974493,0.5,True
4p8i__A1_P40746--4p8i__B1_P40746,0.9188560700876095,0.5,True
8a82__A1_K7WEY7--8a82__B1_K7XCU4,0.826205781981631,0.5,False
3a4l__B1_Q58933--3a4l__A1_Q58933,0.5183784440489123,0.5,True
1z52__A1_P09167--1z52__B1_P09167,0.5393129517481203,0.5,True
6c0g__A1_A0A3F2YLX1--6c0g__B2_A0A3F2YLX1,0.6445787532801259,0.49979186901623424,True
1k3r__B1_O26109--1k3r__A1_O26109,0.8576381388700569,0.5,True
7fga__A1_Q8DIJ4--7fga__B2_Q8DIJ4,0.8011017083428491,0.5,True
5akq__A1_O52063--5akq__B1_O52063,0.7963934804556012,0.5,True
7y86__B1_A0A0K2E3A3--7y86__A1_A0A0K2E3A3,0.9783977589062335,0.5466454068148984,True
8d1u__A1_P0A6R0--8d1u__A2_P0A6R0,0.7152915389859344,0.5,True
1vqw__A1_Q9HFE4--1vqw__B1_Q9HFE4,0.8583671340184782,0.5,True
7uld__A1_O28028--7uld__A2_O28028,0.8494005590923919,0.5,True
4c0f__B1_Q9NZN8--4c0f__A1_Q9NZN8,0.17968671933233327,0.5,True
8b21__A1_Q9S5X0--8b21__B1_Q9S5X0,0.8279403017454331,0.5,True
3swk__A1_P08670--3swk__B1_P08670,0.7277874251687279,0.5,True
8txn__B1_P08120--8txn__A1_P08120,0.15903920366053764,0.5,True
8dak__A1_F2X702--8dak__B1_F2X702,0.6309576846365532,0.5,True
2rde__B1_A0A0H3ADR8--2rde__A1_A0A0H3ADR8,0.66353246633311,0.5,True
2pih__A1_O31779--2pih__B1_O31779,0.7880066648009955,0.5,True
7ykv__B1_Q58241--7ykv__A1_Q58241,0.5250962814748348,0.5,True
7y4g__A1_Q8A028--7y4g__A2_Q8A028,0.8083225110039908,0.5,True
8cci__A1_A0R7I9--8cci__A2_A0R7I9,0.6799769414603329,0.5,True
6p35__A1_P75913--6p35__A2_P75913,0.9745613642309753,0.5,True
6p3j__A1_Q0KJL4--6p3j__B1_Q0KJL4,0.641571235937608,0.5,True
4o6p__A1_Q8RDI4--4o6p__B1_Q8RDI4,0.5570011258855941,0.5,True
8ozv__A1_A0A179UH34--8ozv__A2_A0A179UH34,0.8914671585650464,0.5,True
2cim__A1_Q46AN5--2cim__B1_Q46AN5,0.7429063506243618,0.5,True
6tpo__A1_P24474--6tpo__A2_P24474,0.9210575611222229,0.5,True
7wwo__B1_Q5SH57--7wwo__A1_Q5SH57,0.6044965409444886,0.5,True
4pmv__A1_Q8PEU1--4pmv__B1_Q8PEU1,0.6896674244319941,0.5,True
6rmr__B1_P19926--6rmr__A1_P19926,0.5935168829340779,0.5,True
6hhb__A1_E0SCP7--6hhb__C1_E0SCP7,0.6728333169193235,0.5,True
7e5c__A1_A0A1I7CHQ2--7e5c__B1_A0A1I7CHQ2,0.9624090213443932,0.5,True
2wfh__A1_O94813--2wfh__B1_O94813,0.42867265298064144,0.5,True
3zco__A1_P06701--3zco__A2_P06701,0.3335195036820487,0.5,True
2ghy__A1_P03051--2ghy__B1_P03051,0.4090586082538329,0.5,True
8aeu__A1_Q00987--8aeu__A2_Q00987,0.04660010876835995,0.5,True
1xuv__A1_Q8PZJ2--1xuv__C1_Q8PZJ2,0.8988835780990876,0.5,True
2o8p__A1_Q5CYG0--2o8p__A2_Q5CYG0,0.758130840185627,0.5,True
4zmu__A1_Q9I072--4zmu__B1_Q9I072,0.6344325255483348,0.5,True
3dl3__G2_Q5E3X2--3dl3__C1_Q5E3X2,0.8955447310002792,0.5,True
7yvz__A1_A7LPG5--7yvz__A2_A7LPG5,0.39307721977333404,0.5,True
4ia6__A1_Q5FL96--4ia6__B1_Q5FL96,0.9457350583017837,0.5,True
8bou__A1_A0A7G5MNS2--8bou__B1_A0A7G5MNS2,0.9699855358562026,0.5,True
5gk1__A1_Q7N4Z6--5gk1__B1_Q7N4Z6,0.7673448908217246,0.5,True
5x03__B1_P94426--5x03__A1_P94426,0.9776274809633725,0.5,True
3gku__A1_D0VX24--3gku__B1_D0VX24,0.6256128624440391,0.5,True
1c81__A1_P07953--1c81__A2_P07953,0.5387108552676064,0.5,True
1k3e__B1_P58233--1k3e__A1_P58233,0.6608431782694517,0.5,True
6u18__A1_Q9EVJ6--6u18__B1_Q9EVJ6,0.7507760850393888,0.5,True
7wpy__A1_A0A097ZPD5--7wpy__C1_A0A097ZPD5,0.6596498975187882,0.5,True
7xn2__A1_Q8YR38--7xn2__A2_Q8YR38,0.7252645095133474,0.5,True
3uws__B1_A7A9N3--3uws__A1_A7A9N3,0.2911845494673346,0.5,True
4u04__B1_Q9BVA6--4u04__A1_Q9BVA6,0.9591098830587436,0.5,True
2kin__A1_P56536--2kin__B1_Q6QLM7,0.34087200889294883,0.5,False
3ulc__A1_Q08236--3ulc__A2_Q08236,0.7423524555146888,0.5,True
8b2a__A1_Q2YWJ9--8b2a__A2_Q2YWJ9,0.9574728735527016,0.5,True
8qff__A1_K9TLZ5--8qff__A2_K9TLZ5,0.8557059482931518,0.5,True
8c8c__A1_P48426--8c8c__A2_P48426,0.9708416433500646,0.5,True
8iup__B1_A9A1Y1--8iup__A1_A9A1Y1,0.8369090771221634,0.5,True
3o7o__A1_Q9S5X8--3o7o__B1_Q9S5X8,0.9306449916615334,0.5,True
4bg8__A1_Q8TX37--4bg8__B1_Q8TX37,0.9169820102081185,0.5,True
7qxo__A1_G8UIQ1--7qxo__B1_G8UIQ1,0.6870019818253255,0.5,True
4xiz__A1_Q05776--4xiz__D1_O60200,0.9328310569035216,0.5,False
7pwe__A1_Q6AL91--7pwe__B1_Q6AL91,0.474958929690688,0.5,True
6uxu__A1_E2JB04--6uxu__B1_E2JB04,0.7365177296861436,0.5,True
3bid__A1_Q7DDI1--3bid__B1_Q7DDI1,0.9223977712685147,0.5229885057471264,True
4f7w__A1_B5XYG3--4f7w__B1_B5XYG3,0.9430686754520143,0.5,True
2rae__A1_Q0S3N9--2rae__A2_Q0S3N9,0.8241462140177659,0.5,True
7yn1__A1_E9JES9--7yn1__C1_E9JES9,0.5734992441742122,0.5,True
3t7y__A1_O84093--3t7y__B1_O84093,0.9713409068105867,0.5,True
7u6p__A1_P11926--7u6p__B1_P11926,0.6321235041051056,0.5,True
4mis__A1_Q57ES7--4mis__B1_Q57ES7,0.6994869499345776,0.5083333333333333,True
2blf__A1_Q9LA16--2blf__B1_Q9LA15,0.8974883136866577,0.5,False
3ke3__A1_Q4FVA8--3ke3__A2_Q4FVA8,0.9154842895248666,0.5,True
7ywc__A1_Q9L0T8--7ywc__B1_Q9L0T8,0.9491409838715883,0.49999370697141704,True
4wwr__B1_P46379--4wwr__A1_P11441,0.33942393524624437,0.5,False
7r0d__B1_Q9NV35--7r0d__A1_Q9NV35,0.6679447498087766,0.5,True
8w6x__A1_P21852--8w6x__B1_P21853,0.683270508406598,0.5,False
3fmf__A1_P9WPQ5--3fmf__B1_P9WPQ5,0.8347789371673655,0.5,True
4xj7__A1_P66881--4xj7__B1_P66881,0.9627538700418765,0.5,True
7yrt__E1_H9L4P6--7yrt__A1_H9L4P6,0.6703561367966946,0.5,True
7tye__A1_P0A7J0--7tye__A2_P0A7J0,0.5789215813800219,0.5,True
2zvd__B1_Q9RBY1--2zvd__A1_Q9RBY1,0.8171854661624361,0.5,True
3mtw__A1_Q9A4Z9--3mtw__A2_Q9A4Z9,0.7946066298317163,0.5,True
3n2o__A1_Q7MK24--3n2o__B1_Q7MK24,0.8278653106921834,0.5,True
7ywd__A1_Q8TB36--7ywd__A2_Q8TB36,0.6490986244559095,0.5,True
5upq__A1_A0A0A0V031--5upq__B1_A0A0A0V031,0.9463012102234817,0.5,True
1vgu__A1_Q46893--1vgu__B1_Q46893,0.9473915419401705,0.5,True
7pxo__A1_F4F7G1--7pxo__C1_F4F7G1,0.5766686182669789,0.5,True
2dp9__A1_Q5SM30--2dp9__A2_Q5SM30,0.4300258761841644,0.5,True
8a7l__A1_M1JS91--8a7l__A2_M1JS91,0.4865361333821537,0.5,True
7uqv__A1_A0A0L6JSP1--7uqv__B1_A0A0L6JSP1,0.8851654452587164,0.5,True
5d1r__A1_P9WMC9--5d1r__B1_P9WMC9,0.6248931265617692,0.5,True
3f6q__A1_Q13418--3f6q__B1_P48059,0.9248961663711204,0.5,False
8cok__B1_Q9NXR8--8cok__A1_Q9NXR8,0.5794652786089727,0.5,True
1wz3__A1_Q9LVK3--1wz3__B1_Q9LVK3,0.31522985545074333,0.5,True
1nw1__A1_Q22942--1nw1__B1_Q22942,0.5494627874875496,0.5,True
1hrp__B1_P0DN86--1hrp__A1_P01215,0.7119404532291701,0.5,False
3qf4__B1_Q9WYC4--3qf4__A1_Q9WYC3,0.9555951517483664,0.5,False
7y4o__B1_A0A0G2JZC4--7y4o__A1_A0A0G2JZC4,0.6347918527838786,0.5,True
8hns__A1_A0A377JKY9--8hns__A2_A0A377JKY9,0.3078226387514873,0.5,True
3mpn__A1_O67854--3mpn__A2_O67854,0.9647534539424554,0.5,True
6vlg__A2_Q9WTS2--6vlg__C1_Q9WTS2,0.8567122701542197,0.5,True
1v71__A1_O59791--1v71__A2_O59791,0.6840604162328909,0.5,True
3fpk__A1_Q8ZKP5--3fpk__B1_Q8ZKP5,0.9627698088341339,0.5,True
8eb3__A1_K2K6A3--8eb3__B1_K2K6A3,0.9140529638183217,0.5,True
4z1i__C1_Q12931--4z1i__A1_Q12931,0.9163123628694224,0.5,True
8pz3__A1_D7SFB8--8pz3__B1_D7SFB8,0.20375918640251126,0.5,True
5vpb__B1_P17535--5vpb__A1_P53539,0.6420740056648523,0.5,False
8bt3__A1_Q6F0T5--8bt3__A2_Q6F0T5,0.4608107791327568,0.5,True
1r7h__A1_O69271--1r7h__B1_O69271,0.40700604468063206,0.5,True
5bo9__A1_O43173--5bo9__B1_O43173,0.9237841471696204,0.5,True
7kws__A1_Q0P8H3--7kws__B1_Q0P8H3,0.7028629025537124,0.5,True
4qa0__A1_Q9BY41--4qa0__B1_Q9BY41,0.7761233573879613,0.5,True
6epi__B1_D5K9G7--6epi__A1_D5K9E3,0.831143668276105,0.5,False
6z2f__B1_Q16222--6z2f__A1_Q16222,0.8060427454880646,0.5,True
7qgs__B1_Q09472--7qgs__A1_Q16665,0.3004905056649568,0.5,False
7tz7__A1_P42336--7tz7__B1_P27986,0.5792904139496761,0.5,False
2zl1__A1_Q9UHA4--2zl1__B1_Q9JHS3,0.6997926645117145,0.5,False
4ija__A1_A0A0H3JS71--4ija__B1_A0A0H3JS71,0.9072492716560022,0.5,True
3ijt__B1_Q8DVN6--3ijt__A1_Q8DVN6,0.3005629801115437,0.5,True
7qgt__A1_P35520--7qgt__B1_P35520,0.805522541182991,0.5,True
8i4q__A1_Q8NQI2--8i4q__B1_Q8NQI2,0.9400190342181524,0.5,True
5lxv__A1_G9FCX2--5lxv__B1_A0A1L1QK37,0.647274676690936,0.5,False
8h25__A1_A0A5R8LFD3--8h25__C1_A0A5R8LFD3,0.8950608661977233,0.5,True
6kjl__A1_Q9RC94--6kjl__B1_Q9RC94,0.7367487617254023,0.5,True
5f3o__A1_C4LU64--5f3o__B1_C4LU64,0.5664605432474951,0.5,True
8arv__A1_Q9HW35--8arv__B1_Q9HW35,0.8254360869386176,0.5,True
2i1a__B1_P40087--2i1a__A1_P40087,0.4818276740009317,0.5,True
2y9x__A1_C7FF04--2y9x__E1_G1K3P4,0.6629704742360095,0.5,False
8waa__A1_P29401--8waa__B1_P29401,0.8381995232398475,0.5,True
6n2f__B1_Q94A94--6n2f__A1_Q94A94,0.6123922704293618,0.5,True
8b08__B1_P0A2K1--8b08__A1_P00929,0.8525435375409973,0.5,False
5ja2__A1_P11454--5ja2__B1_Q9I169,0.5645135639166828,0.5,False
4g3w__A1_O66591--4g3w__A2_O66591,0.5061882802856295,0.5,True
5cm2__A1_Q6C999--5cm2__B1_Q6C4P5,0.8891323059170667,0.5,False
6g70__B1_Q8K2Z2--6g70__A1_Q8K2Z2,0.4017102662268792,0.5,True
7xac__A1_P47929--7xac__B1_P47929,0.9335721333821615,0.5,True
2zz8__A1_O34094--2zz8__B1_O34094,0.6346829728217461,0.5,True
8b8h__A1_P9WQA9--8b8h__B1_P9WQA9,0.5549930093549067,0.5,True
7u2s__A1_A0A2W1NDJ7--7u2s__B1_A0A2W1NDJ7,0.6322734905207127,0.5,True
1d2g__A1_P13255--1d2g__B1_P13255,0.5550598888374902,0.5,True
1sc1__A1_P29466--1sc1__B1_P29466,0.35316904272098104,0.5,True
5amt__A1_A0Q7H2--5amt__A2_A0Q7H2,0.6774498234587069,0.5,True
7qfz__B1_B7L3Y3--7qfz__A1_B7L3Y3,0.7107916173887557,0.5,True
3hml__A1_A6T9H1--3hml__B1_A6T9H1,0.8087787202856154,0.5,True
1xk6__A1_P31572--1xk6__C1_P31572,0.7024713198168868,0.5,True
7r3s__A1_A0A4R2M5S2--7r3s__B1_A0A4R2M5S2,0.7459140457765097,0.5,True
2grx__A1_P06971--2grx__C1_P02929,0.6009288923586024,0.5,False
7vsf__A1_P25440--7vsf__B1_P25440,0.12160957901801112,0.5,True
3q34__A1_Q48EL2--3q34__C1_Q48EL2,0.65004223251073,0.5,True
4r2k__A1_Q8ZP84--4r2k__A2_Q8ZP84,0.7783312050984488,0.5,True
3cgw__A1_Q8PVT6--3cgw__A2_Q8PVT6,0.9220600378700411,0.5,True
7r2f__A1_P21836--7r2f__B1_P21836,0.7784818403319232,0.5,True
4g19__A1_I6ZUH3--4g19__B1_I6ZUH3,0.8553733758443292,0.5,True
3dg8__C1_P13922--3dg8__A1_P13922,0.30675924773503993,0.5,True
6m10__A1_Q9HUW0--6m10__C1_Q9HUW0,0.6822508636614195,0.5,True
8tt2__B1_Q4K977--8tt2__A1_Q4K977,0.9723623918900229,0.5,True
1h31__A1_Q939U1--1h31__B1_Q939U4,0.9475136790155666,0.5,False
7p7i__B1_R8APY9--7p7i__A1_R8APY9,0.9463127808159298,0.5,True
3hzu__A1_P9WHF7--3hzu__A2_P9WHF7,0.9240997571741425,0.5,True
7xgs__A1_Q9FVC1--7xgs__A2_Q9FVC1,0.8315122656459459,0.5,True
6iju__A1_Q9KJN4--6iju__A2_Q9KJN4,0.24171579018817485,0.5,True
4kqd__B1_P06626--4kqd__A1_P06626,0.8287479304679299,0.5,True
2fu3__B1_Q03555--2fu3__A1_Q03555,0.6355183148770014,0.5,True
1jgt__B1_P0DJQ7--1jgt__A1_P0DJQ7,0.7957565802157872,0.5,True
6l4b__A1_Q9UGV2--6l4b__C2_Q9UGV2,0.8386660587131078,0.5,True
3lzk__A1_Q92LT4--3lzk__B1_Q92LT4,0.762753753249752,0.5,True
1ht8__A1_P05979--1ht8__B1_P05979,0.810257803651124,0.5,True
1z8h__A1_Q8YWS4--1z8h__B1_Q8YWS4,0.9402185457034292,0.5,True
8gk6__A1_W6USS8--8gk6__E1_W6USS8,0.9253489647033789,0.5,True
4mjf__A1_A6L2I4--4mjf__A2_A6L2I4,0.8545723934864207,0.5,True
7m4s__A1_Q8YLC3--7m4s__D1_Q8YLC3,0.8419160541829711,0.5,True
6fju__A1_E6N8B9--6fju__B1_E6N8B9,0.9032008152440821,0.5,True
6lgq__A1_P21865--6lgq__B1_P21866,0.7235219828890092,0.5,False
2y27__B1_B4E7B5--2y27__A1_B4E7B5,0.9635074004176387,0.5,True
2tdx__A1_P0DJL7--2tdx__A2_P0DJL7,0.5725843306476908,0.5,True
8fj8__A1_P02638--8fj8__A2_P02638,0.8269121491078533,0.5056540515967723,True
3uv0__B1_Q9W061--3uv0__A1_Q9W061,0.1457396071289469,0.5,True
8alo__B1_P24003--8alo__A1_P15795,0.7037530546130617,0.5,False
6xa0__A1_D1A230--6xa0__B1_D1A230,0.7221882496619706,0.49997797356828194,True
1zbo__B1_Q7WAM7--1zbo__A1_Q7WAM7,0.6120445095445095,0.5,True
6xb5__A1_A0A7E5VPD6--6xb5__B1_A0A7E5VPD6,0.5505432399577921,0.5,True
8duy__D1_A0A0H3GVN6--8duy__A1_A0A0H3GVN6,0.6705561943758791,0.5,True
7th5__A1_Q5SLG6--7th5__B1_Q5SLG6,0.5408034520457001,0.5,True
3t2l__A1_Q5LE95--3t2l__A2_Q5LE95,0.40762852870570676,0.5,True
3uet__A1_B7GNN8--3uet__B1_B7GNN8,0.8788472820566705,0.5,True
8fdb__B1_Q12KP2--8fdb__A1_Q12KP2,0.7636095614265844,0.5,True
6ok3__A1_C3X9N1--6ok3__B1_C3X9N1,0.7043401674799605,0.5,True
8hp3__A1_A0A2K0XCZ3--8hp3__B1_A0A2K0XCZ3,0.8575714937206823,0.5,True
7xkg__A1_A7NHS9--7xkg__B1_A7NHS9,0.6977641075308978,0.5,True
1l7e__A1_Q2RSB2--1l7e__B1_Q2RSB2,0.8421028163748587,0.5,True
8gst__A1_Q1NEI7--8gst__B1_Q1NEI7,0.7302914937010274,0.5,True
7cq3__A1_P38324--7cq3__B1_Q12098,0.5535043596147418,0.5,False
5htf__A1_Q8Y759--5htf__B1_Q8Y759,0.9221729811145869,0.5,True
6c90__A1_P42285--6c90__B1_Q6NZY4,0.6963639349804107,0.5,False
6e1j__A1_C5J4P1--6e1j__B1_C5J4P1,0.74460185726686,0.5,True
3ccd__A1_P0AA04--3ccd__B1_P0AA04,0.6480249480249481,0.5,True
3dzl__B1_Q396C9--3dzl__A1_Q396C9,0.7379405355493999,0.5,True
2y1h__B1_Q17R31--2y1h__A1_Q17R31,0.7768082450747611,0.5,True
7lfs__A1_P00533--7lfs__E1_O14944,0.7198734233662022,0.5,False
6jiw__A1_A0A0H3JU78--6jiw__A2_A0A0H3JU78,0.469413928758442,0.5,True
8ees__A1_A0A0H3GMB7--8ees__B1_A0A0H3GMB7,0.9307497247339094,0.5,True
3nb6__A1_O66874--3nb6__A2_O66874,0.6210520273000705,0.5,True
5f8c__A1_O53532--5f8c__A2_O53532,0.8395276744352758,0.5,True
8jt3__A1_H8Y6N2--8jt3__C1_H8Y6N2,0.740629838613079,0.5,True
1ije__A1_P02994--1ije__B1_P32471,0.5716734898032965,0.5,False
6on4__A1_P0A8W0--6on4__B1_P0A8W0,0.6680884252672987,0.5,True
4zvc__A1_P0AA89--4zvc__B1_P0AA89,0.9029267796706317,0.5,True
4qoa__A1_A7VAB9--4qoa__A2_A7VAB9,0.2892239756272892,0.5,True
6wmv__A1_U5WZP7--6wmv__B1_U5WZP7,0.8985142844662172,0.5,True
3e3c__A1_Q7DB61--3e3c__B1_Q7DB61,0.3113769250038002,0.5,True
6ekk__A1_Q8TEH3--6ekk__C1_Q15286,0.6913202164067984,0.5,False
8a9w__A1_P15751--8a9w__A2_P15751,0.49825542073927154,0.5,True
2gj9__A1_P25522--2gj9__B1_P25522,0.9437826929210757,0.5,True
3cm7__C1_P98170--3cm7__D1_P98170,0.9501318838823849,0.5,True
8f5v__A1_O53728--8f5v__B1_O53728,0.4676999184911995,0.5,True
1ecj__A1_P0AG16--1ecj__B1_P0AG16,0.8175158948196524,0.5,True
3s5r__A1_Q2LS68--3s5r__B1_Q2LS68,0.77807625622114,0.5,True
3im3__A1_P00514--3im3__A2_P00514,0.6676589971540642,0.5,True
4mcj__B1_A6L9R1--4mcj__A1_A6L9R1,0.8151656948696506,0.5,True
7vw1__B1_V5J1S8--7vw1__A1_V5J1S8,0.7316576167851487,0.5,True
3p12__A1_Q2G1A5--3p12__D1_Q2G1A5,0.7298205836413688,0.5,True
8aq0__A1_Q6DTN4--8aq0__B1_Q6DTN4,0.7931562159822401,0.5,True
3wpm__A1_G2IKE5--3wpm__B1_G2IKE5,0.7645210594397952,0.5,True
7xof__B1_Q0DFB6--7xof__A1_Q0DFB6,0.4852567964808022,0.5,True
8a8f__A1_P32598--8a8f__B1_P42073,0.732276251155306,0.5,False
3qta__A1_Q5V4K4--3qta__B1_Q5V4K4,0.7395833720937444,0.5,True
8oqj__B1_P06959--8oqj__A1_P06959,0.6349680987778759,0.5,True
1tbp__A1_P13393--1tbp__B1_P13393,0.34577839375778885,0.5,True
7qfk__C1_Q5FLN0--7qfk__A1_Q5FLN0,0.7630548114113125,0.5,True
7r3o__B1_Q460N3--7r3o__A1_Q460N3,0.5390327380304839,0.5,True
1wli__A1_Q46604--1wli__B1_Q46604,0.9809757078507079,0.5888803088803088,True
8b3e__A1_M4SY06--8b3e__A2_M4SY06,0.6122613463679586,0.5,True
1d8i__A1_O13297--1d8i__A2_O13297,0.5250628928140588,0.5,True
8eh0__B1_P50909--8eh0__A1_P50909,0.6777351084367178,0.5,True
3seo__B1_Q87GE5--3seo__A1_Q87GE5,0.6639463367289629,0.5,True
3iey__B1_Q74MS9--3iey__A1_Q74MP4,0.934230654459361,0.4999573706198312,False
4yto__B1_Q15431--4yto__A1_Q15431,0.46354635651084464,0.5,True
6csm__A1_L1J207--6csm__B1_L1J207,0.6257824489243827,0.5,True
4ndt__A1_A7UNK4--4ndt__A2_A7UNK4,0.6520031215876912,0.5,True
8j3p__A1_B9WHT3--8j3p__A2_B9WHT3,0.8896692225330396,0.5,True
7pv7__B1_Q7MVV4--7pv7__A1_Q7MVV4,0.6739307731024818,0.5,True
7uj6__A1_Q8RMD9--7uj6__B1_Q8RMD9,0.5700233430604308,0.5,True
3k9i__A1_Q9KFK0--3k9i__A2_Q9KFK0,0.7888132960065641,0.5,True
7z1s__A1_A0A3Q7HTY9--7z1s__A2_A0A3Q7HTY9,0.4741001616564858,0.5,True
2e89__A1_O67728--2e89__B1_O67728,0.661684499908662,0.5,True
2woz__A1_Q9ER30--2woz__A2_Q9ER30,0.5959965827849598,0.5,True
7xxs__A1_B2CKP3--7xxs__B1_B2CKP3,0.9210012406042473,0.5,True
8fir__A1_O83132--8fir__B1_O83132,0.7516019995436485,0.5,True
3i6s__A1_O82777--3i6s__B1_O82777,0.7620107509045138,0.5,True
7yhe__B1_A6YEH4--7yhe__A1_A6YEH4,0.8158519324769182,0.5,True
1ku2__A1_Q9EZJ8--1ku2__B1_Q9EZJ8,0.5842154366275732,0.5,True
6qwo__B1_Q9S5W7--6qwo__A1_Q9S5W7,0.9263247485548671,0.5,True
1mxi__A1_P44868--1mxi__A2_P44868,0.6270778207129514,0.5,True
2vhl__A1_O34450--2vhl__A2_O34450,0.7063027600768685,0.5,True
5wan__A1_P75898--5wan__A2_P75898,0.8152807410584146,0.5,True
4x7z__B1_Q49492--4x7z__A1_Q49492,0.8345726876543373,0.5,True
6a1k__A1_P71018--6a1k__B1_P71018,0.8049786911297313,0.5,True
7pjh__A1_Q9Y312--7pjh__B1_Q6P2Q9,0.8421084135203303,0.5,False
4joi__A1_Q9H668--4joi__C1_Q86WV5,0.9401850854535861,0.5,False
8axz__A1_P31153--8axz__A2_P31153,0.7083879206808276,0.5,True
8ogi__B1_P11678--8ogi__A1_P11678,0.2956583771076783,0.5,True
8cxl__A1_A7KH32--8cxl__B1_A7KH32,0.909181979886551,0.5,True
7win__B1_Q9UIF8--7win__A1_Q9UIF8,0.4365206937493075,0.5,True
4bwv__A1_Q8L5D0--4bwv__B1_Q8L5D0,0.649232715629022,0.5,True
7drj__A1_P63756--7drj__B1_P63756,0.8082041388550737,0.5,True
3qth__A1_Q47ZP9--3qth__B1_Q47ZP9,0.8058442194860029,0.5,True
8b28__A1_F6GSX7--8b28__A2_F6GSX7,0.7370234057754153,0.5,True
6scx__A1_Q9BQG2--6scx__B1_Q9BQG2,0.6448264005100652,0.5,True
8hpc__A1_P60327--8hpc__H1_P60327,0.9715119245083144,0.5,True
5n76__A1_P72320--5n76__B1_P72320,0.5397542472137543,0.5,True
3cq3__A1_Q53W28--3cq3__A2_Q53W28,0.5226260596578418,0.5,True
3kbu__A1_P11277--3kbu__D1_P16157,0.86582298240202,0.5,False
7pck__A1_P43235--7pck__C2_P43235,0.7735409099731057,0.5,True
5o4z__A1_Q9X1T1--5o4z__A2_Q9X1T1,0.7116913098816584,0.5,True
1vla__A1_Q9X021--1vla__B1_Q9X021,0.7128731664371954,0.5,True
5oed__A1_Q6EAT3--5oed__B1_Q13637,0.7803706536000541,0.5,False
7yva__A1_Q9URB4--7yva__B1_Q9URB4,0.8858198522973111,0.5,True
7s6n__B1_Q5RGJ8--7s6n__A1_Q5RGJ8,0.4449639938883381,0.5,True
4cz8__A1_Q9UZ55--4cz8__B1_Q9UZ55,0.9474796038955299,0.5,True
6ebn__A1_A0A4P1LYB6--6ebn__B1_A0A4P1LYB6,0.7945787462167468,0.5,True
3lf4__B1_D1MPT3--3lf4__A1_D1MPT3,0.29176864825524074,0.5,True
3ffe__B1_Q93AT8--3ffe__A1_Q93AT8,0.8801387011432674,0.5,True
7zg6__A1_A0A2J0RDY6--7zg6__B1_A0A2J0RDY6,0.8465182988894073,0.5,True
8f4q__A1_Q00972--8f4q__A2_Q00972,0.8699922170095504,0.5,True
4rz3__A1_A4IMB4--4rz3__B1_A4IMB4,0.5322733432328904,0.5,True
8f8k__A1_O53507--8f8k__A2_O53507,0.7179696911496103,0.5,True
3zw5__A1_A6NK44--3zw5__B1_A6NK44,0.7570540354330708,0.5,True
6l3q__B1_G0SEI5--6l3q__A1_G0SEI5,0.9228252738696543,0.5,True
8ag8__A1_A0A1I5SVP7--8ag8__A2_A0A1I5SVP7,0.8101241514826724,0.5,True
2i2w__A1_P63224--2i2w__D1_P63224,0.7903659042638871,0.5,True
2f22__B1_Q9RC77--2f22__A1_Q9RC77,0.8874166407660052,0.5,True
3tng__A1_Q8Y7B7--3tng__A2_Q8Y7B7,0.9402906891012967,0.5,True
8gr8__B1_P08679--8gr8__A1_P08679,0.9814512515637728,0.5,True
7ae8__A1_A0A0B0QJR1--7ae8__B1_A0A0B0QJR1,0.5292936075151075,0.5,True
2w54__B1_O54051--2w54__A1_O54050,0.7744422385586845,0.5,False
4b0z__A1_P50524--4b0z__B1_P50524,0.9355575986277873,0.5,True
2re7__A1_Q4FV99--2re7__A2_Q4FV99,0.6058823529411765,0.5,True
8h0t__A1_O34614--8h0t__A2_O34614,0.9641271499602391,0.5095354528238467,True
1te2__A1_P77247--1te2__B1_P77247,0.9976394521904451,0.5,True
7xt2__A1_Q6ZMU5--7xt2__B1_Q6ZMU5,0.8463765331670343,0.5,True
1ev7__A1_P50187--1ev7__B1_P50187,0.8442460337220767,0.5,True
1ogl__A1_O15923--1ogl__A2_O15923,0.850413844243924,0.5,True
3lrt__B1_Q97CA5--3lrt__A1_Q97CA5,0.958271598987068,0.5,True
3fou__A1_Q5SGZ9--3fou__B1_Q5SGZ9,0.9220004300458716,0.5,True
5jnq__A1_R0BTE9--5jnq__A2_R0BTE9,0.9421459624542547,0.5,True
4g12__A1_A5U5K3--4g12__B1_A5U5K3,0.3722262557711,0.5,True
3evj__B1_P01008--3evj__A1_P01008,0.7760901040412507,0.5,True
2oq2__B1_P18408--2oq2__A1_P18408,0.9577132498642631,0.5,True
8he6__A1_Q8YSS0--8he6__B1_Q8YSS0,0.9170976360605773,0.5,True
2xij__A1_P22033--2xij__A2_P22033,0.6948096250176268,0.5,True
1nr5__A1_P07547--1nr5__A2_P07547,0.7524495289602736,0.5,True
1gmj__A1_P01096--1gmj__B1_P01096,0.9171212872651127,0.5,True
4yba__B1_Q93K36--4yba__A1_Q93K36,0.8820658111275961,0.5,True
8ok7__A1_M4T0B2--8ok7__D1_M4T0B2,0.6689098479059099,0.5,True
7f76__B1_A0A223KLJ1--7f76__A1_A0A223KLJ1,0.7076708496871886,0.5,True
7vp6__A1_Q9C9L2--7vp6__B1_Q9C9L2,0.5573535368532856,0.5,True
8jmq__A1_A9CQD5--8jmq__B1_A9CQD3,0.7827076595258932,0.5,False
7zgt__A1_W8R3D8--7zgt__B1_W8R3D8,0.9784534860602427,0.49999298019009647,True
7xgt__B1_Q6H8B1--7xgt__A1_Q6H8B1,0.9108983200033267,0.5,True
3i2t__A1_P04412--3i2t__A2_P04412,0.6360191638285839,0.5,True
8tjk__A1_A0A0F7G196--8tjk__B1_A0A0F7G196,0.8221909675345959,0.5,True
7wt0__A1_Q04760--7wt0__B1_Q04760,0.7896002586591805,0.5,True
3if0__A1_Q74MS9--3if0__A2_Q74MS9,0.9625341802776569,0.505874049227864,True
3qrh__A1_Q8SSM8--3qrh__A2_Q8SSM8,0.6120465845763674,0.5,True
8q70__A1_Q8U2C1--8q70__A2_Q8U2C1,0.8983881864903512,0.5,True
7vso__A1_P02945--7vso__A2_P02945,0.7057104450029384,0.5,True
5f8b__A1_Q4WB03--5f8b__A2_Q4WB03,0.45926659018725563,0.5,True
8ax0__A1_A0A384E145--8ax0__B1_A0A384E145,0.9732258746901988,0.5,True
7r5y__E2_R7PD89--7r5y__A1_R7PD89,0.49142368550833004,0.5,True
7qow__B1_Q93P54--7qow__A1_Q93P54,0.6478089184327778,0.5,True
5il7__A1_Q8KC98--5il7__B1_Q8KC98,0.734205606308605,0.5,True
3ct9__B1_Q8A1V9--3ct9__A1_Q8A1V9,0.9644213663402508,0.5044642857142857,True
8pvm__A1_P29166--8pvm__B1_P29166,0.789560212429318,0.5,True
8ct0__F1_S4S3E3--8ct0__A1_S4S3E3,0.7033926632929032,0.5,True
3q2j__B1_P0A3Y5--3q2j__A1_P0A3Y5,0.5534082793607014,0.5,True
7xzp__B1_A0A379CIH2--7xzp__A1_A0A379CIH2,0.7831625952353365,0.5,True
3qvf__A1_Q56187--3qvf__A2_Q56187,0.39866086479836726,0.5,True
6gxs__A1_Q7NZ70--6gxs__D1_Q7NZ70,0.6062493043012065,0.5,True
2hr8__A1_O58456--2hr8__B1_O58456,0.9379121791711001,0.5,True
2zyf__A1_O87198--2zyf__A2_O87198,0.6760553123995477,0.5,True
7s3v__A1_Q16719--7s3v__A2_Q16719,0.9812940378477188,0.5,True
6a29__A1_O32504--6a29__B1_O32504,0.5511751677512131,0.5,True
4ml6__C1_A6GV51--4ml6__A1_A6GV51,0.9239142199587563,0.5,True
4cht__A1_Q13472--4cht__B1_Q9H9A7,0.4909379401642317,0.5,False
1n4p__B1_P53610--1n4p__A1_Q04631,0.8345714026778535,0.5,False
1tec__A1_P04072--1tec__B1_P01051,0.926336674376767,0.5,False
6b9t__A1_A9A1T2--6b9t__B1_A9A1T2,0.7704872595785854,0.5,True
3g0k__A1_Q2G4A7--3g0k__A2_Q2G4A7,0.6928834588736745,0.5,True
8hy5__A1_P14920--8hy5__B1_P14920,0.9386890644527826,0.5,True
8fts__A1_R9UTR3--8fts__A2_R9UTR3,0.8058569918205357,0.5,True
1jrk__A1_Q8ZTD8--1jrk__B1_Q8ZTD8,0.8155845200844624,0.5,True
2ejn__A1_P30440--2ejn__B1_P30440,0.5724220623501199,0.5,True
8ju7__A1_Q9I2U4--8ju7__B1_Q9I2U4,0.9107867802568427,0.5,True
3nel__A1_Q52428--3nel__B1_Q52428,0.7603829532679435,0.5,True
2dc1__A1_O28440--2dc1__B1_O28440,0.7353898566253483,0.5,True
8fzk__B1_P52292--8fzk__A1_P52292,0.5495202035016523,0.5,True
8e1u__A1_A0A160VN62--8e1u__F2_A0A160VN62,0.8405739291657056,0.5,True
1v7c__A1_P83823--1v7c__B1_P83823,0.7471733129458077,0.5,True
3egg__A1_P62136--3egg__C1_O35274,0.657733636410251,0.5,False
4yke__B1_G0RYR3--4yke__A1_G0RYR3,0.7116516961452013,0.5,True
1tq9__A1_P00669--1tq9__B1_P00669,0.468990906880356,0.5,True
4oh3__B1_Q05085--4oh3__A1_Q05085,0.6760377114364606,0.5,True
4q62__A1_Q5ZUB7--4q62__A2_Q5ZUB7,0.7080567182964694,0.5,True
2we5__A1_P0A2X7--2we5__B1_P0A2X7,0.959871367485481,0.5,True
5t51__A1_Q6CLK3--5t51__B1_Q6CPD1,0.27678704253867653,0.5,False
3i0z__A1_A0A0H2UN25--3i0z__B1_A0A0H2UN25,0.8162053232628947,0.5,True
8p6k__A1_A0A0H2UWN1--8p6k__B1_A0A0H2UWN1,0.8405730449599073,0.5,True
7z9z__A1_P02754--7z9z__A2_P02754,0.6146744370181229,0.5,True
6d0i__A1_A0A0C5XL88--6d0i__B1_A0A0C5XKJ0,0.7632187693319751,0.5,False
3gs3__A1_Q8MSU4--3gs3__A2_Q8MSU4,0.2796052896326551,0.5,True
2f4m__A1_Q9JI78--2f4m__B1_P54728,0.8655403550141725,0.5,False
4yh8__A1_Q09176--4yh8__B1_P36629,0.7593780290895029,0.5,False
1e44__B1_P00646--1e44__A1_P02984,0.676981550326987,0.5,False
2yri__A1_Q5SLX0--2yri__B1_Q5SLX0,0.7826375167560359,0.5,True
1gcj__A1_P70168--1gcj__B1_P70168,0.40099181990192845,0.5,True
7qbp__A1_A4F7B2--7qbp__A2_A4F7B2,0.8513281149833782,0.5,True
4hdd__A1_P09391--4hdd__A2_P09391,0.465595430985442,0.5,True
3e4q__A1_P13633--3e4q__B1_P13633,0.6585115862071649,0.5,True
8ein__B1_Q6FCQ4--8ein__A1_Q6FCQ4,0.9676766463797386,0.5,True
1zmb__A1_Q97LM8--1zmb__B1_Q97LM8,0.9107141926027666,0.5,True
6ygu__A1_G0RZ64--6ygu__B1_G0S1V1,0.43235382944987916,0.5,False
2yyh__A1_O67435--2yyh__B1_O67435,0.779157783439932,0.5,True
5wk0__A1_A0A2C9TMM3--5wk0__A2_A0A2C9TMM3,0.9340060138912417,0.5,True
8h4j__A1_W8UQZ7--8h4j__D1_W8UQZ7,0.5618707779179618,0.5,True
1z83__A1_P00568--1z83__B1_P00568,0.49730117790954287,0.5,True
8h2c__A1_Q0P8U0--8h2c__B1_Q0P8U0,0.8421834356719757,0.5,True
2dkh__A1_Q6SSJ6--2dkh__A2_Q6SSJ6,0.6660379561240458,0.5,True
7c7e__A1_A0A0H3MRW3--7c7e__A2_A0A0H3MRW3,0.5333322778715645,0.5,True
3dpt__B1_Q8KC98--3dpt__A1_Q8KC98,0.7583186898823939,0.5,True
3fgw__A1_Q3TCN2--3fgw__A2_Q3TCN2,0.7565157461783514,0.5,True
7wh0__A1_Q9U2E4--7wh0__B2_Q9U2E4,0.9684912754748272,0.5,True
8dq3__A1_A0A142G3G1--8dq3__B1_A0A142G3G1,0.5299422065675163,0.5,True
6t2b__A1_B2UQL7--6t2b__C1_B2UQL7,0.7825759001672246,0.5,True
7t2s__A1_A0A494K842--7t2s__A2_A0A494K842,0.620489228650928,0.5,True
3frw__B1_A5ZMD8--3frw__A1_A5ZMD8,0.6204895302409777,0.4999062792877226,True
5ab5__A1_C9ZUV7--5ab5__B1_C9ZUV7,0.7159655431622154,0.5,True
5myd__C2_A0A2D0TC86--5myd__A1_A0A2D0TC86,0.5501411355069892,0.5,True
5cde__A1_Q8P839--5cde__B1_Q8P839,0.7717437801612079,0.5,True
6pi4__A1_A0R1Z9--6pi4__A2_A0R1Z9,0.27583541172415194,0.5,True
3ipf__A1_Q251Q8--3ipf__B1_Q251Q8,0.2870279993869337,0.5,True
2p3y__A1_Q87I71--2p3y__B1_Q87I71,0.9814908851872957,0.5,True
5jbr__A1_C5C6I1--5jbr__B1_C5C6I1,0.9626294272125958,0.5,True
8ttz__A1_G8E2R2--8ttz__B2_G8E2R2,0.681796998509572,0.5,True
3vba__A1_Q58673--3vba__B1_Q58673,0.7950497522168095,0.5,True
4o6y__B1_Q9SWS1--4o6y__A1_Q9SWS1,0.5681239845650379,0.5,True
4e5r__A1_Q6IRB5--4e5r__A2_Q6IRB5,0.4962338108501373,0.5,True
7ywv__A1_Q0SBK1--7ywv__C1_Q0SBK1,0.9512662610973537,0.5,True
8eer__A1_P01116--8eer__A2_P01116,0.6410340438309786,0.5,True
3f84__B1_E3PPC4--3f84__A1_E3PPC4,0.42221914392575155,0.5,True
5mu7__A1_G0S6G7--5mu7__B1_G0S6I4,0.7080196764624294,0.5,False
8hfp__B1_Q96T68--8hfp__A1_Q8N8R7,0.6906371266243903,0.5,False
4rmn__B1_Q6NC13--4rmn__A2_Q6NC13,0.7626061826012851,0.5,True
3mx1__A1_Q46944--3mx1__A2_Q46944,0.9492305182013188,0.5,True
5gl5__A1_Q06321--5gl5__B1_Q06321,0.522360882718282,0.5,True
8e77__A1_Q1QD54--8e77__A2_Q1QD54,0.9691134231778562,0.5,True
5gl4__A1_B6YTD8--5gl4__B1_B6YTD8,0.9579988433030827,0.5,True
7wf9__A1_Q3ZT31--7wf9__B1_Q3ZT31,0.4190557703833364,0.5,True
8fw0__B1_P39897--8fw0__A1_P39897,0.578216771473743,0.5,True
8ou8__B1_P0A8M3--8ou8__A1_P0A8M3,0.855470515481223,0.5,True
7acm__B1_P75811--7acm__A1_P75811,0.584441588541084,0.5,True
4trb__A1_Q97W95--4trb__B1_Q97W95,0.8671867182169661,0.5,True
2ia9__B1_P28015--2ia9__A1_P28015,0.5373074510883697,0.5,True
3sy6__A1_Q5LE92--3sy6__B1_Q5LE92,0.638073462872973,0.5,True
6xz3__A1_Q9H1K6--6xz3__A2_Q9H1K6,0.3587754869283367,0.5,True
2h8e__A1_P0AG74--2h8e__A2_P0AG74,0.5387569735759733,0.5,True
3gyx__A1_T2G6Z9--3gyx__B1_T2G899,0.7239752618680813,0.5,False
4e0u__A1_D1D8L6--4e0u__A2_D1D8L6,0.5948462046373968,0.5,True
6teu__A1_O60568--6teu__A2_O60568,0.7810128958927051,0.5,True
6xt5__B1_P49046--6xt5__A1_P49046,0.8108006903064049,0.5,True
8g1t__A1_Q07812--8g1t__B1_Q07812,0.1960004193400636,0.5,True
7xp7__B1_W9FXI8--7xp7__A1_W9FXI8,0.8224081733670462,0.5,True
8i55__A1_Q58380--8i55__B1_Q58380,0.9739965685033612,0.5112781954887218,True
1h65__A1_Q41009--1h65__A2_Q41009,0.7838579787256612,0.5,True
3ol4__A1_A0QRC4--3ol4__B1_A0QRC4,0.23869278343411374,0.5,True
8idq__A1_A0A0B8MZ29--8idq__C1_A0A0B8MZ29,0.8088306161692044,0.5,True
3f6g__B1_Q8F3Q1--3f6g__A1_Q8F3Q1,0.8048470233605671,0.5,True
6akj__B1_G2TRN4--6akj__A1_G2TRN4,0.8135820499203399,0.5,True
3qhy__B1_O87916--3qhy__A1_Q93T42,0.7705844451471607,0.5,False
4j5p__B1_P97612--4j5p__A1_P97612,0.8445414962878656,0.5,True
4icq__A1_A0A0H2UN95--4icq__B1_A0A0H2UN95,0.8804397570849956,0.5,True
1klf__B1_P08191--1klf__A1_P31697,0.8365022051353099,0.5,False
6y4l__A1_Q15006--6y4l__B1_Q9Y3B6,0.6121623996719199,0.5,False
6dex__B1_Q74ZQ8--6dex__A1_Q75DL0,0.4966196007511998,0.5,False
2z02__A1_Q58987--2z02__B1_Q58987,0.9892017240487746,0.5,True
4l7w__A1_Q7Z4H3--4l7w__A2_Q7Z4H3,0.5462090132826452,0.5,True
6sul__A1_A8FAR5--6sul__B1_A8FAR5,0.8612118239778858,0.5,True
4qqv__A1_P26954--4qqv__B1_P26954,0.6036441565107554,0.5,True
3l8d__A1_A0RD96--3l8d__A2_A0RD96,0.6976216770711556,0.5,True
7yqa__B1_A0A1C9ZZ39--7yqa__A1_A0A1C9ZZ39,0.7131038284527376,0.5,True
1b8m__B1_P34130--1b8m__A1_P23560,0.5973575404522986,0.5,False
1irq__B1_Q57468--1irq__A1_Q57468,0.7794613506916191,0.5,True
7xi6__A1_A5GXY1--7xi6__B1_A5GXY1,0.6071267050182713,0.5076250949744926,True
7vrx__D1_A0A6J4AG16--7vrx__B1_A0A6J4AG16,0.9424520988879083,0.5,True
6iik__A1_P54578--6iik__B1_P54578,0.9077395367237076,0.5,True
3nau__A1_Q9Y6X8--3nau__B1_Q9Y6X8,0.22143214949142392,0.5,True
3cis__B1_P9WFD7--3cis__A1_P9WFD7,0.8943856497393201,0.5,True
4jzy__B1_O77059--4jzy__A1_O77059,0.8068043129832352,0.5,True
7yxg__A1_Q9VU77--7yxg__B1_Q9VU77,0.6462640845379706,0.5,True
5cio__A1_A0A1A9TAI5--5cio__B1_A0A1A9TAI5,0.8215551210649632,0.5,True
8jwj__A1_Q9DAG9--8jwj__B1_P62837,0.8210894459157947,0.5,False
6ia6__A1_A0A1C7D1B7--6ia6__A2_A0A1C7D1B7,0.7550307549681897,0.5,True
8h1g__A1_O67518--8h1g__A2_O67518,0.8103512904575021,0.5,True
6x61__A1_Q79V60--6x61__B1_Q8DMT2,0.8429335879376632,0.5,False
7x0d__A1_A5YW95--7x0d__B1_A5YW95,0.9290920186516124,0.5,True
1ghd__B1_O86089--1ghd__A1_O86089,0.39514881998320217,0.5,True
2x6f__A1_Q9W1M7--2x6f__B1_Q9W1M7,0.6045813519546983,0.5,True
8oik__A1_Q9UPU9--8oik__C1_Q9UPU9,0.58476074276234,0.5,True
6nxl__A1_B4DV12--6nxl__E1_B4DV12,0.40872588758371264,0.5,True
8wmy__A1_A0A4U7IGH6--8wmy__B2_A0A4U7IGH6,0.5745564491081199,0.5,True
3trf__A1_Q83AJ3--3trf__A2_Q83AJ3,0.537510772930771,0.5,True
5h4s__A1_A0A090BWT0--5h4s__A2_A0A090BWT0,0.735299852567717,0.5,True
2zvb__A1_Q53WA6--2zvb__A2_Q53WA6,0.9172035787213194,0.5,True
8wa7__A1_P27302--8wa7__B1_P27302,0.8866661671504901,0.5,True
3b0z__B1_P40727--3b0z__A1_P40727,0.17266515785094588,0.5,True
4usp__A1_B3GA02--4usp__B1_B3GA02,0.3980412343514986,0.5,True
7cms__A1_P00953--7cms__B1_P00953,0.68546321971003,0.5,True
7t8q__A1_Q7S860--7t8q__D1_Q7S860,0.5470769047481316,0.5,True
6j9k__A1_A0A425B3G2--6j9k__A2_A0A425B3G2,0.7890478126906173,0.5,True
7xp0__A1_Q9I5E1--7xp0__A2_Q9I5E1,0.7921276802470967,0.5,True
8ih4__A1_Q8WVV5--8ih4__B1_Q8WVV5,0.6779734282478826,0.5,True
1tfe__A1_P43895--1tfe__A2_P43895,0.9008416703299533,0.4999478283552889,True
4iwq__A1_Q9UHD2--4iwq__A2_Q9UHD2,0.7462189982148879,0.5,True
5hs5__A1_Q2G0D1--5hs5__B1_Q2G0D1,0.9697252678534206,0.5,True
3v89__A1_Q9K0U9--3v89__B1_P02787,0.6817074069565436,0.5,False
8e3g__B1_P43026--8e3g__A1_P12643,0.6039556915595093,0.5,False
2w8b__A1_P0A855--2w8b__H1_P0A912,0.6146140272169882,0.5,False
5f7p__B1_Q8YAF1--5f7p__A1_Q8YAF1,0.8210610828255362,0.5,True
8f71__B1_Q6N5G3--8f71__A1_Q6N5G3,0.8244473259014948,0.5,True
8hwi__B1_A0A327WNX5--8hwi__A1_A0A327WNX5,0.7285208786303955,0.5,True
7r3i__B1_P54292--7r3i__A1_P54292,0.8398150229079653,0.5,True
8afj__A1_A0A179QS89--8afj__B1_A0A179QS89,0.5931243173305456,0.5,True
3pub__B1_E5EVW2--3pub__A1_E5EVW2,0.8324238258559322,0.5,True
8es5__A1_A0A0H2Z732--8es5__B1_A0A0H2Z732,0.7031069851263385,0.5,True
7txn__B1_Q8YVV6--7txn__A1_Q8YVV6,0.9835710239168453,0.538421512845144,True
3py6__A1_Q2YQ74--3py6__A2_Q2YQ74,0.7534677849527538,0.5,True
1hjr__A1_P0A814--1hjr__C1_P0A814,0.5436353097914876,0.5,True
8k3b__A1_A0A071KWR3--8k3b__A2_A0A071KWR3,0.7633231174279359,0.5,True
3w2z__A1_Q8YXY7--3w2z__A2_Q8YXY7,0.6428967957016125,0.5,True
8f78__A1_P55212--8f78__B1_P55212,0.8901574362383234,0.5,True
6wg4__A1_Q14683--6wg4__B1_Q9UQE7,0.9288878306522483,0.5,False
7zry__A1_O60341--7zry__B1_Q9UKL0,0.7480020995598334,0.5,False
1uix__A1_Q28021--1uix__B1_Q28021,0.7828625778082556,0.5,True
7vrc__A1_P38956--7vrc__B1_P22082,0.4241560685087813,0.5,False
1oz0__A1_P31335--1oz0__B1_P31335,0.8255122288796859,0.5,True
7eft__B1_P16926--7eft__A1_P16926,0.6591788528994286,0.5,True
8e2b__B1_Q2FYI5--8e2b__A1_Q2FYI5,0.48001276349518235,0.5,True
7jw6__A1_Q9VIF1--7jw6__A2_Q9VIF1,0.7707112348761282,0.5,True
1jkw__A1_P51946--1jkw__A2_P51946,0.5174904321727626,0.5,True
4pfp__B1_F1RQI7--4pfp__A1_F1RQI7,0.9780386287034877,0.5,True
8h1s__A1_Q9I5U2--8h1s__B1_Q9HX32,0.7824497221240702,0.5,False
7t0y__A1_P62136--7t0y__B1_Q14684,0.6067508974518963,0.5,False
1tz9__A1_Q82ZC9--1tz9__B1_Q82ZC9,0.8913566329576268,0.5,True
2wns__B1_P11172--2wns__A1_P11172,0.8202502950077648,0.5,True
6s8v__B1_P08195--6s8v__A1_P80188,0.6039250215635916,0.5,False
2gt4__A1_P32056--2gt4__B1_P32056,0.6109210521606231,0.5,True
3bof__A1_Q9WYA5--3bof__B1_Q9WYA5,0.9961941196928403,0.5,True
6trj__A1_O75475--6trj__A2_O75475,0.2068317581747824,0.5,True
8h4z__A1_A0A2X5A3P4--8h4z__B1_A0A2X5A3P4,0.9266391932568459,0.5,True
2hre__A1_P22830--2hre__B1_P22830,0.6211268491060125,0.5,True
5yjc__A1_Q5HK94--5yjc__B1_Q5HK94,0.7829028086643052,0.5,True
8d6k__A1_Q9L1K2--8d6k__B1_Q9L1K2,0.7871946959385291,0.5,True
2zew__B1_Q9ZA17--2zew__A1_Q9ZA17,0.12760197578044652,0.5,True
5wpi__A1_Q58PW8--5wpi__B1_Q58PW8,0.9118998058869382,0.5,True
8fk6__A1_A0A0C9S461--8fk6__B1_P80098,0.8103071081554809,0.5,False
7tm7__A1_A0A0H3GYH4--7tm7__B1_A0A0H3GYH4,0.9434456210340937,0.5,True
7x4b__A1_A0A2D0TCG3--7x4b__B1_A0A2D0TCG3,0.9850699142986018,0.5,True
4aqp__B1_P54253--4aqp__A1_P54253,0.1760631016752528,0.5,True
3npi__A1_Q6NFU8--3npi__B1_Q6NFU8,0.7340054169635291,0.5,True
