system_id,auroc,bacc,is_homodimer
8iyi__A1_Q6CVU4--8iyi__B1_Q6CVU4,0.9657264958592751,0.5,True
1uus__A1_O00910--1uus__A2_O00910,0.9506014504964506,0.5,True
1zt2__A1_Q97Z83--1zt2__C1_Q9UWW1,0.9925807473609257,0.5,False
7uex__A1_Q9H999--7uex__A2_Q9H999,0.9695554783738487,0.5,True
6jqy__A1_P9WF13--6jqy__B1_P9WF13,0.9738901018922853,0.6497270742358079,True
6l6w__A1_A0A3B6UEU3--6l6w__A2_A0A3B6UEU3,0.9965381548956104,0.5,True
8h56__A1_Q8BB16--8h56__B1_Q8BB16,0.9618660504914432,0.5,True
8grj__B1_Q8GQE7--8grj__A1_A0A0H3KLY3,0.9522870116784301,0.5,False
2j0n__B1_P18013--2j0n__A1_P18013,0.822802309107828,0.5,True
5djt__A1_O49004--5djt__B1_UNDEFINED,0.9572323683211359,0.5,False
5ae6__B1_Q92458--5ae6__A1_Q92458,0.9667508910029814,0.5,True
3v1e__A1_UNDEFINED--3v1e__B1_UNDEFINED,0.9264035087719298,0.5,True
7qi3__A1_W7NDP8--7qi3__C1_W7NDP8,0.9686573861394461,0.5,True
2yve__A1_Q8NMG3--2yve__B1_Q8NMG3,0.9817641651764804,0.5118110236220472,True
5ynx__A1_B2GM84--5ynx__B1_B2GM84,0.9706251919167942,0.5,True
2r6u__A1_Q0S814--2r6u__C1_Q0S814,0.9393382792206749,0.5028593225434953,True
8b6m__A1_Q9H2K2--8b6m__B1_Q9H2K2,0.8367301942760303,0.5103122485241086,True
3kc2__A1_P36151--3kc2__B1_P36151,0.9944643276226238,0.5041666666666667,True
3vp5__A1_Q9CHR1--3vp5__A2_Q9CHR1,0.985296595270884,0.5,True
7pvh__A1_B2RLE7--7pvh__B1_B2RLE7,0.7791940240215134,0.5,True
4nqf__B2_Q7CW19--4nqf__A1_Q7CW19,0.929596952756327,0.5,True
1vjh__A1_P0C0B0--1vjh__B1_P0C0B0,0.9178507645680792,0.5,True
5xw4__B1_Q00684--5xw4__A1_Q00684,0.9132527225568778,0.5,True
8aai__A1_O00560--8aai__C1_O00560,0.8757945077205321,0.5,True
4xdl__A1_P57789--4xdl__B1_P57789,0.890495335484571,0.5,True
6ukl__A1_P0A901--6ukl__F1_P0A901,0.9159320084521358,0.5035714285714286,True
5dot__A1_P31327--5dot__B1_P31327,0.9589543106432067,0.5,True
5by4__A1_P0ABV6--5by4__A2_P0ABV6,0.9788287601977922,0.5102280124961123,True
7zxs__A1_Q86TI2--7zxs__C1_Q86TI2,0.9804730420359605,0.5,True
1v6u__A1_Q7SI98--1v6u__B1_Q7SI98,0.921966183431961,0.5,True
6e27__A1_Q9H257--6e27__B1_Q9H257,0.8399411740458544,0.5,True
7szd__A1_Q96S44--7szd__B1_Q9Y3C4,0.977942149308215,0.5,False
1h9r__A1_P0A9G8--1h9r__B1_P0A9G8,0.9161380502229026,0.5,True
3on6__A1_A7M0J6--3on6__B1_A7M0J6,0.9834745906106606,0.5,True
8fwy__A1_Q4DGA2--8fwy__B1_Q4DGA2,0.9686209444504428,0.5,True
1yu6__A1_P00780--1yu6__C1_P68390,0.9666516057091402,0.5,False
6ek1__A1_A0A452CST7--6ek1__A2_A0A452CST7,0.9826626532505849,0.5036231884057971,True
6ckj__A1_P0A0Z8--6ckj__A2_P0A0Z8,0.980210854963007,0.5,True
7yj0__B1_UNDEFINED--7yj0__A1_UNDEFINED,0.971918936623169,0.5,True
1w33__A1_O50957--1w33__B1_O50957,0.962627404478663,0.5,True
4usk__B1_H7C745--4usk__B2_H7C745,0.9672457689987043,0.5,True
6cmv__B1_Q4J9G1--6cmv__A1_Q4J9G1,0.9876941448057327,0.5211267605633803,True
7y70__A1_F4KCC2--7y70__A2_F4KCC2,0.9614557652251665,0.5,True
3cwx__A1_P94837--3cwx__B1_P94837,0.9629220429483202,0.5,True
3p1y__A1_O29362--3p1y__B1_O29362,0.9466768953409603,0.5,True
8a8i__A1_Q9R9V9--8a8i__B1_Q9R9V9,0.9928056775945314,0.5,True
5d1l__A1_P62837--5d1l__B1_Q96BH1,0.8944488011058536,0.5,False
8bcs__A1_UNDEFINED--8bcs__A2_UNDEFINED,0.9711176932841685,0.5904763344012574,True
8og3__A1_P38489--8og3__B1_P38489,0.9680687031676194,0.5,True
3c07__A1_Q9KZ96--3c07__B1_Q9KZ96,0.9900430364854239,0.5,True
3iqy__A1_P28366--3iqy__A2_P28366,0.9825788592300001,0.5,True
4afi__A1_P70280--4afi__B1_P70280,0.945161408707966,0.5,True
7e76__A1_A0A3B6LNA8--7e76__B1_A0A3B6LNA8,0.8764834564624642,0.5,True
3cqc__A1_P57740--3cqc__B1_Q8WUM0,0.973470411233701,0.5,False
7x1k__A1_Q6DL91--7x1k__B1_Q6DL91,0.9791239915105712,0.5,True
6ydr__A1_A0A3S8UVN5--6ydr__A2_A0A3S8UVN5,0.9065713756446186,0.513963287574407,True
8egw__B1_Q6V0I7--8egw__A1_Q96JQ0,0.8789146415769793,0.5,False
8sgd__A1_P25342--8sgd__B1_P32457,0.9148478487866396,0.5,False
3ecf__A1_Q3M5E4--3ecf__B1_Q3M5E4,0.9548320277427919,0.5,True
6j94__A1_Q93VK5--6j94__B1_Q93VK5,0.9666376227342723,0.5,True
7xsh__A1_K1KV82--7xsh__B2_K1KV82,0.978938146747017,0.5,True
7fct__B1_A0A4Y1LJC5--7fct__A1_A0A4Y1LJC5,0.9763362127749495,0.5,True
8v14__A1_G5EEF9--8v14__B1_G5EEF9,0.9236803683737645,0.5,True
6r76__A1_H3ZMH8--6r76__B1_H3ZMH8,0.9617183595307913,0.5,True
8ap0__A1_A0A5S9CYM0--8ap0__A2_A0A5S9CYM0,0.9892796753001066,0.5,True
5j10__A1_UNDEFINED--5j10__B1_UNDEFINED,0.9829020106077131,0.5335000081741514,True
3qph__A1_Q9HGZ9--3qph__A2_Q9HGZ9,0.926088096194173,0.5,True
3o6j__A1_O67987--3o6j__B1_O67987,0.9806697515473685,0.5,True
6o6z__A1_B6YWC3--6o6z__B1_B6YWC3,0.9677275757543521,0.5,True
7edp__B1_Q5JT35--7edp__A1_Q8TEK3,0.93596740430622,0.5,False
3fil__A1_P19909--3fil__B1_P19909,0.9827570215600469,0.5253121864433933,True
6do2__A1_P11021--6do2__B1_P11021,0.992718292451688,0.5,True
7f4q__B1_Q22GC0--7f4q__A1_I7M8B9,0.9480161635621084,0.5,False
4hfg__A1_Q9NQG5--4hfg__B1_Q9NQG5,0.9456889688003818,0.5,True
7yh2__A1_A0A1Q9P883--7yh2__B1_A0A1Q9P883,0.9968667532120752,0.5344415690663606,True
3axs__A1_O67010--3axs__A2_O67010,0.9896745517923824,0.5,True
3cqr__A1_Q39249--3cqr__B1_Q39249,0.8878229586286129,0.5,True
3s8k__A1_P80691--3s8k__B1_P80691,0.9594144136409296,0.5,True
4oun__A1_O31418--4oun__A2_O31418,0.9746011844803074,0.5069444444444444,True
2iab__A1_Q825J7--2iab__B1_Q825J7,0.9784823264800203,0.5099901404393843,True
3o3n__A1_Q5U924--3o3n__B1_Q5U923,0.9289311885179081,0.5,False
6f3z__A1_P0ADC3--6f3z__B1_P61316,0.9644293849592366,0.5,False
1hr7__A1_P11914--1hr7__B1_P10507,0.9571077685736087,0.5,False
8gko__B1_P28296--8gko__A1_P28296,0.9806220364546879,0.5,True
2gkv__A1_P00777--2gkv__B1_P68390,0.9389537128630949,0.5,False
8stx__A1_Q4E4E1--8stx__B1_Q4E4E1,0.982630420579134,0.5,True
4m36__A1_Q582G4--4m36__A2_Q582G4,0.982237530730925,0.5,True
5wpu__A1_A0A076NBW8--5wpu__A2_A0A076NBW8,0.9286366799466582,0.5,True
5yps__A1_A0A0W4ZF97--5yps__B1_A0A0W4ZF97,0.960791372178072,0.5,True
5oge__E1_P40107--5oge__A1_P40107,0.970047545806812,0.5,True
5fey__B1_Q13049--5fey__A1_Q13049,0.9183406050309852,0.5,True
8hce__B1_Q91XB0--8hce__A1_Q91XB0,0.9728932312242333,0.5,True
1ggp__B1_Q7SIF1--1ggp__A1_Q7SIF0,0.9589458723576356,0.5,False
5z50__A1_O05926--5z50__B1_O05926,0.9862699075676202,0.5,True
6eyy__A1_A0A1S5PRR0--6eyy__B1_A0A1S5PRR0,0.8416705155627128,0.5,True
7t9u__A1_Q86WV6--7t9u__A2_Q86WV6,0.9798972185463796,0.5,True
6ey4__A1_Q5EGM3--6ey4__A2_Q5EGM3,0.9595700769468165,0.5,True
2hvg__A1_A5KBL5--2hvg__B1_A5KBL5,0.9630569711932728,0.5,True
6wp7__A1_Q82H41--6wp7__B1_Q82H41,0.9663623057832693,0.5174733178884005,True
7dnu__A1_P32092--7dnu__A2_P32092,0.9332371705207694,0.5,True
3w8i__A1_Q9BUL8--3w8i__B1_Q9P289,0.9750033756413718,0.4999591369728669,False
4oky__A1_Q52612--4oky__A2_Q52612,0.9983779935964411,0.5,True
7t63__B1_UNDEFINED--7t63__A1_UNDEFINED,0.9473326109058409,0.5,True
7x20__A1_P54708--7x20__B1_P07340,0.9488832770228612,0.5,False
3hnw__A1_D0VWZ2--3hnw__B1_D0VWZ2,0.9664617342977612,0.5,True
8r37__A1_A0A086IRG1--8r37__B1_A0A086IRG1,0.9442487594545053,0.4998953865467099,True
7zm5__A1_Q6WGM0--7zm5__B1_Q6WGM0,0.9719001899179476,0.5,True
2z7j__A1_P25220--2z7j__A2_P25220,0.5615121177074391,0.49993555039958754,True
1rqg__A1_Q9V011--1rqg__A2_Q9V011,0.883354274484639,0.5,True
8brl__A1_F7J213--8brl__A2_F7J213,0.9648510235890776,0.5,True
6noi__A1_UNDEFINED--6noi__B1_UNDEFINED,0.9694248565420268,0.5,True
7qiu__A1_P94538--7qiu__B1_P94538,0.9954558164563292,0.5164434575167174,True
6sjs__A1_B8FUR2--6sjs__B1_B8FUR2,0.9929624528494579,0.527537384063055,True
8hlg__A1_Q9RR88--8hlg__B1_Q9RR88,0.9620623809703986,0.5,True
6mpc__A1_B3DQP5--6mpc__B1_B3DQP5,0.9907703624095063,0.5,True
4uae__A1_O00629--4uae__B1_P31345,0.9228087995862877,0.5,False
7pcr__A1_P56185--7pcr__A2_P56185,0.9354511536830308,0.5,True
3bvq__B1_Q2I6W2--3bvq__A1_Q2I6W2,0.9699916125848026,0.5,True
7a67__B1_UNDEFINED--7a67__A1_Q9V1Z9,0.9602189472642928,0.5542679672156148,False
6bsu__A1_Q9LZJ3--6bsu__B1_Q9LZJ3,0.9522058864288612,0.5,True
4e5u__B1_Q9HZN8--4e5u__A1_Q9HZN8,0.9830622335279998,0.5262550095456476,True
8a52__A1_P23222--8a52__B1_P23222,0.9687913024450838,0.5,True
1d0v__A1_Q05603--1d0v__A2_Q05603,0.9885312349684088,0.5,True
3gwq__A1_Q145Q0--3gwq__B1_Q145Q0,0.972344015749282,0.5,True
1yhc__A1_O67648--1yhc__B1_O67648,0.8536925793690575,0.5,True
7lxs__A1_Q8ZMZ2--7lxs__C1_Q8ZMZ2,0.98821411773219,0.5135135135135135,True
6w08__B1_Q9KL63--6w08__A1_Q9KL63,0.9647803586668089,0.5,True
7wrm__A1_D0IVL9--7wrm__B1_D0IVL9,0.9729852924276771,0.5,True
2yww__B1_Q58801--2yww__A1_Q58801,0.9943510915281394,0.5,True
3lm6__A1_P40869--3lm6__B1_P40869,0.9928949855613308,0.5,True
7trw__A1_A0A380PDL3--7trw__A2_A0A380PDL3,0.8862107496850237,0.5,True
8syc__A1_Q13370--8syc__B1_Q13370,0.8891465537944284,0.5,True
1gk6__A1_P03069--1gk6__B1_P03069,0.9426233484022428,0.5,True
1reo__A1_Q6STF1--1reo__A2_Q6STF1,0.9909045212103907,0.5,True
6s3b__A1_Q88JK6--6s3b__B1_Q88JK6,0.9767188749947372,0.538297334849059,True
7tl5__A1_A0A3F3B310--7tl5__B1_A0A3F3B310,0.946287607954563,0.5,True
2asf__A1_P9WLL7--2asf__A2_P9WLL7,0.9410655032843939,0.5,True
8ilj__A1_A0A242MJ43--8ilj__B1_A0A242MJ43,0.9777576108702146,0.5,True
8ezg__A1_P01116--8ezg__B1_UNDEFINED,0.9613126533473537,0.5069444444444444,False
7uh4__A1_UNDEFINED--7uh4__B1_UNDEFINED,0.9799080974711103,0.5,True
4usc__A1_A0A0A0Y4H8--4usc__B1_A0A0A0Y4H8,0.9914009198509057,0.5,True
5yp3__A1_Q6F3I7--5yp3__B1_Q6F3I7,0.9955497183328016,0.5,True
8aid__A1_Q9HWJ8--8aid__B1_Q9HWJ8,0.9687377390398492,0.5064935064935064,True
7yp6__B1_E5L4T5--7yp6__A1_E5L4T5,0.9747550027320473,0.5,True
4aql__A1_Q9Y2T3--4aql__A2_Q9Y2T3,0.9881142055631338,0.5,True
3idf__A1_O34252--3idf__B1_O34252,0.9715754716981133,0.5,True
8fjr__A1_D1A807--8fjr__B1_D1A807,0.8956309034832098,0.5,True
7z56__B1_F0NGX6--7z56__A1_F0NGX6,0.9933263451304609,0.5,True
7olf__A1_A9CEY7--7olf__B1_A9CEY7,0.9771201417603752,0.5,True
6ikj__A1_Q9I4L6--6ikj__B1_Q9I4L6,0.6437576092971776,0.5,True
8b2q__A1_D0EM77--8b2q__B1_G8UM88,0.9697308873194839,0.5,False
5x42__A1_Q5ZYB7--5x42__B1_Q5ZYC6,0.969742418569824,0.515,False
1vkh__A1_Q04066--1vkh__B1_Q04066,0.9736297352865407,0.5,True
5omd__A1_Q04377--5omd__A2_Q04377,0.8657173651701696,0.5,True
2vsg__A1_P26329--2vsg__B1_P26329,0.9556282862307723,0.5,True
1jql__A1_P0A988--1jql__B1_P28630,0.9901024772354228,0.5,False
1w9c__A1_O14980--1w9c__B1_O14980,0.9935069359321721,0.5,True
7n35__A1_UNDEFINED--7n35__B2_UNDEFINED,0.9652082044939189,0.5,True
3upl__A1_Q2YIM3--3upl__B1_Q2YIM3,0.9732420291950923,0.5,True
3tm2__A1_Q83XN4--3tm2__B1_Q83XN4,0.9554883102401567,0.5,True
3kxa__A1_Q5F9C2--3kxa__B1_Q5F9C2,0.8289847004000165,0.5,True
7yls__B1_C5CSP6--7yls__A1_C5CSP7,0.9403389768665877,0.5,False
7psg__A1_Q6D515--7psg__B1_Q6D515,0.9886148659649395,0.5,True
8pte__A1_P00698--8pte__A2_P00698,0.9756629034737679,0.5,True
7ytu__B1_P68623--7ytu__A1_P68458,0.941657433565176,0.5173171410837244,False
7ykc__A1_P14843--7ykc__B1_P14843,0.9704897304919254,0.5,True
3wxe__A1_E7FEV5--3wxe__B1_P0CG48,0.9274594384449861,0.5,False
7zr3__A1_A0A8E4HNI8--7zr3__B1_A0A8E4HNI8,0.98645709914341,0.5,True
2vjf__A1_Q00987--2vjf__B1_O15151,0.9260863761268012,0.5,False
7pvo__A1_P56137--7pvo__A2_P56137,0.9608634354597034,0.5,True
3kkd__A1_Q9HXU1--3kkd__A2_Q9HXU1,0.9616919107640588,0.5,True
3mph__A1_P19801--3mph__B1_P19801,0.9292725037914524,0.5,True
6jc4__A1_A6TE44--6jc4__D1_A6TE44,0.9532208377350103,0.5,True
2rf4__A1_P46669--2rf4__B1_P50106,0.9429705874214881,0.5,False
4huz__A1_Q9ZBB0--4huz__A2_Q9ZBB0,0.8617108267787206,0.5,True
5gtj__B1_Q9BV47--5gtj__A1_Q9BV47,0.9861960329291846,0.5,True
2xw7__A1_A0QP85--2xw7__B1_A0QP85,0.974441235885217,0.5,True
6l6h__A1_Q5ZZ22--6l6h__B1_Q5ZZ22,0.9836150729383895,0.5,True
8p7m__A1_P0A434--8p7m__A2_P0A434,0.9870439698954767,0.5,True
6dm9__A1_UNDEFINED--6dm9__B1_UNDEFINED,0.9305093124899347,0.5,True
6gou__A2_P97275--6gou__C1_P97275,0.9457778394950969,0.5,True
2wwo__A1_Q66ED7--2wwo__B1_Q66ED7,0.9902606326311579,0.5,True
8i3n__A1_Q12178--8i3n__C1_Q12178,0.9876694323502833,0.5335883864759244,True
1s7i__A1_Q9I3Z5--1s7i__A2_Q9I3Z5,0.850350699768375,0.5,True
3szw__A1_B7JBP8--3szw__A2_B7JBP8,0.9869272575958657,0.5,True
5x7r__A1_A0A193PKW5--5x7r__B1_A0A193PKW5,0.8894588545867392,0.5,True
2nys__A1_Q8U561--2nys__B1_Q8U561,0.9850659832500026,0.5084745762711864,True
3gr5__A1_O52135--3gr5__A2_O52135,0.8825613117938609,0.5,True
3ded__A1_Q7P1I2--3ded__B1_Q7P1I2,0.9082219320885929,0.5,True
5b5x__A1_Q75NZ1--5b5x__A2_Q75NZ1,0.9045079656790904,0.5,True
7qga__A1_P21589--7qga__A2_P21589,0.9960629601322654,0.5,True
8ow9__A1_G8UQH9--8ow9__B1_G8UQH9,0.9845661720736986,0.5,True
3bcw__B1_A0A0H3LK92--3bcw__A1_A0A0H3LK92,0.9761410076539071,0.5036156104413293,True
6duy__A1_Q61301--6duy__B2_Q61301,0.9148483479275457,0.5,True
5zyf__A1_Q99ZW0--5zyf__B1_Q99ZW0,0.9519217793327501,0.5176758715481694,True
1mml__A1_P03355--1mml__A2_P03355,0.9409629422997638,0.5,True
2b7o__A1_O53512--2b7o__B1_O53512,0.9823573209405186,0.5,True
1v57__A1_P77202--1v57__A2_P77202,0.9645726317114056,0.5,True
2hsa__B1_Q9FEW9--2hsa__A1_Q9FEW9,0.9917058232249572,0.5,True
4tsd__A1_O25673--4tsd__B1_O25673,0.9835269281311806,0.5,True
7qh0__B1_P48499--7qh0__A1_P48499,0.9888847333298039,0.5,True
1ayf__B1_P00257--1ayf__A1_P00257,0.9804346954056801,0.5,True
3neu__A1_Q92AT3--3neu__A2_Q92AT3,0.9298524066806542,0.5,True
8f9x__A1_Q5LVE1--8f9x__B1_Q5LVE1,0.9851277395027812,0.5066225165562914,True
6ne2__A1_UNDEFINED--6ne2__B1_O75084,0.9494180946843798,0.5,False
2b4h__A1_P12473--2b4h__B1_P12473,0.9333096331901616,0.5,True
3pui__A1_Q9L9D7--3pui__A2_Q9L9D7,0.9897066334822986,0.5,True
1myl__A1_P03050--1myl__B1_P03050,0.9185684000498815,0.5142696809363476,True
1rqi__A1_P22939--1rqi__B1_P22939,0.9918630056608165,0.5,True
3x1b__A1_UNDEFINED--3x1b__B1_UNDEFINED,0.9890634570661953,0.5,True
6pya__A1_P04278--6pya__A2_P04278,0.9722656240171694,0.5,True
1r27__A1_P09152--1r27__B1_P11349,0.9763164003518889,0.5,False
7zuv__A1_A0A2K3DY10--7zuv__D2_A0A2K3DY10,0.9501679897764734,0.5,True
2aho__A1_Q980A5--2aho__B1_Q97Z79,0.9589537375247117,0.5,False
6mni__A1_A0A2V0QX35--6mni__B1_A0A2V0QX35,0.9919274636252199,0.5,True
4kif__B1_Q643C8--4kif__A1_Q643C8,0.9815175600964492,0.5,True
7vyu__A1_A0A022MLV4--7vyu__B1_A0A022MLV4,0.9715912376211578,0.5,True
7vmv__B1_Q5I3B6--7vmv__A1_Q58HT7,0.6600153342174215,0.5037593984962406,False
3g23__A1_Q2G8F3--3g23__B1_Q2G8F3,0.9855771486572538,0.5,True
3ui3__A1_O05728--3ui3__B1_O05728,0.9059964257196091,0.5084033613445378,True
8ohy__A1_Q556V8--8ohy__A2_Q556V8,0.9937194137468486,0.5,True
5zgo__A1_Q5SHW6--5zgo__B1_Q5SHW6,0.9799435028248586,0.5,True
5uph__B1_Q14108--5uph__A1_Q14108,0.9877773950515948,0.5,True
6u3w__A1_P53622--6u3w__B1_P40509,0.9726135491288788,0.5,False
2gsv__B1_P71066--2gsv__A1_P71066,0.9687991816178785,0.5,True
7yh1__A1_A0A5B9DB95--7yh1__B1_A0A5B9DB95,0.976111693803483,0.5092592592592593,True
6c6r__A1_Q14534--6c6r__B1_Q14534,0.9967899993282455,0.5,True
6p4o__B1_Q970I1--6p4o__A1_Q970I2,0.946632197668456,0.5,False
8i8y__B1_UNDEFINED--8i8y__A1_UNDEFINED,0.8597974861450497,0.5,True
2oys__A1_A0A0H2URW2--2oys__B1_A0A0H2URW2,0.9748143792882272,0.5,True
8i85__A1_D2B3F1--8i85__B1_D2B3F1,0.861845002737237,0.5,True
2b0a__A1_Q58193--2b0a__A2_Q58193,0.9803209145138634,0.5,True
3ayh__B1_O94285--3ayh__A1_Q9C0Z9,0.8988992998559221,0.5,False
7yji__A1_UNDEFINED--7yji__A2_UNDEFINED,0.9900973018922633,0.5,True
2g38__B1_Q79FE1--2g38__A1_Q7D756,0.9488153344646408,0.5,False
2z6k__A1_P15927--2z6k__C1_P35244,0.9564520544195341,0.5,False
3p8b__B1_Q8TZK1--3p8b__A1_Q8U440,0.9454779177803233,0.5111111111111111,False
6z68__A1_A0A1M6Y2K1--6z68__B1_A0A1M6Y2K1,0.9742944458655001,0.5,True
5yz5__A1_Q16555--5yz5__A2_Q16555,0.9627013301782757,0.5,True
6dk9__A1_A7A1Y4--6dk9__A2_A7A1Y4,0.9728935251523663,0.5,True
6fls__A1_UNDEFINED--6fls__B1_UNDEFINED,0.9952493104810121,0.5,True
2p19__A1_Q8NTZ4--2p19__C1_Q8NTZ4,0.961598565651009,0.5055555555555555,True
8ai1__B1_Q45595--8ai1__A1_Q45595,0.9871526510480888,0.5,True
7px0__B1_Q9VF53--7px0__A1_Q9VF53,0.9883616893785782,0.5,True
4cmz__B1_Q9BXM0--4cmz__A1_Q9BXM0,0.8896968497264374,0.5266058477114499,True
8gyz__B1_Q93ZE2--8gyz__A1_Q93ZE2,0.9733010619061803,0.5,True
5j1l__B1_O26069--5j1l__A1_O26068,0.9905909920027406,0.5,False
7ubk__B1_P03047--7ubk__A1_P03047,0.9149626451759486,0.5,True
6j26__A1_Q5JIZ3--6j26__B1_Q5JIZ3,0.9767692638433165,0.5,True
8ic1__A1_UNDEFINED--8ic1__B1_UNDEFINED,0.941323556422766,0.5,True
2ns9__A1_Q9Y9R3--2ns9__B1_Q9Y9R3,0.9810961984875027,0.49997828258697824,True
5l8s__A1_E1VFE0--5l8s__C1_E1VFE0,0.9796859432208924,0.5,True
6zrw__A1_B3VS76--6zrw__B1_B3VS76,0.9716838029956842,0.5,True
5fcn__B1_Q66GS9--5fcn__A1_Q66GS9,0.9156058125255834,0.5,True
7vl1__A1_I0AIT9--7vl1__B1_I0AIT9,0.9729761400642887,0.5,True
2rek__B2_Q9ADD9--2rek__A1_Q9ADD9,0.9901311769541838,0.5103166799982225,True
2zrt__A1_O75340--2zrt__B1_O75340,0.9746420882842933,0.5048543689320388,True
8h3t__A1_UNDEFINED--8h3t__B1_UNDEFINED,0.971805716024172,0.5,True
2f1m__A1_P0AE06--2f1m__B1_P0AE06,0.8576885378581426,0.5,True
3t5t__B1_Q15JG1--3t5t__A1_Q15JG1,0.959542075053226,0.5,True
4z9r__B1_Q8EGK4--4z9r__A1_Q8EGK4,0.9794968840310591,0.5,True
2oze__A1_Q57280--2oze__A2_Q57280,0.9839398518169181,0.5,True
1x6m__A1_Q51669--1x6m__D1_Q51669,0.8839103666412798,0.5,True
4pfc__A1_P14735--4pfc__B1_P14735,0.9611354449140277,0.5,True
6byi__A1_Q8PI23--6byi__B1_Q8PI23,0.9523560789060045,0.5,True
3aaa__A1_P13127--3aaa__B1_P14315,0.9717637528855987,0.5,False
1xgm__A1_P56218--1xgm__B1_P56218,0.9598611209397778,0.5,True
5mrv__A1_Q8IVL8--5mrv__C1_P86912,0.8470262234402969,0.5,False
5e4v__A1_Q89933--5e4v__A2_Q89933,0.943644410197749,0.5,True
1vhq__A1_P0ABU5--1vhq__B1_P0ABU5,0.9880792853959179,0.53125,True
2pqv__B1_A0A0H2UMZ7--2pqv__A1_A0A0H2UMZ7,0.9642372421281217,0.5,True
1zva__A1_P59594--1zva__A2_P59594,0.9721263557548342,0.5328766824068595,True
8pq4__A1_P69782--8pq4__A2_P69782,0.9564717214806661,0.5,True
8a14__A1_A0A0D1E4Q7--8a14__C2_A0A0D1E4Q7,0.9492524356953268,0.5,True
1dtd__A1_P48052--1dtd__B1_P81511,0.9685211625219868,0.5,False
3c6n__B1_Q570C0--3c6n__A1_Q39255,0.9496690268547131,0.5,False
3ctz__A1_Q9NQW7--3ctz__A2_Q9NQW7,0.9792792876931339,0.5,True
1wab__A1_Q29460--1wab__A2_Q29460,0.9553192845034013,0.5,True
1zl5__A1_Q00496--1zl5__B1_Q00496,0.9182782203335057,0.5,True
5dbj__A1_Q4KCZ0--5dbj__A2_Q4KCZ0,0.9817315533404819,0.5,True
7qsq__B1_Q9X053--7qsq__A1_Q9X053,0.9649571521453258,0.5156756827221872,True
7duc__B1_Q2G2U4--7duc__A1_Q2G2U4,0.9438577586206895,0.5,True
2cdu__A1_Q9F1X5--2cdu__B1_Q9F1X5,0.979546694676917,0.5,True
8g0f__A1_Q6NK15--8g0f__B1_Q6NK15,0.953313809935737,0.5,True
8a45__B1_B7V7R4--8a45__A1_B7V7R4,0.9388462352820007,0.5,True
6no3__A1_B3FHP0--6no3__B1_B3FHP0,0.8420805252825458,0.5,True
3g7p__A1_B7JA91--3g7p__A2_B7JA91,0.9713078648085857,0.5,True
8khq__A1_A0A1I5R890--8khq__C1_A0A1I5R890,0.9476379524491928,0.5,True
7owz__B1_Q9JMA2--7owz__A1_B8ZXI1,0.9614988802423309,0.5,False
7xbe__A1_UNDEFINED--7xbe__A2_UNDEFINED,0.9824423799568671,0.5,True
6dk7__D1_Q9HUV7--6dk7__A1_Q9HUV7,0.9881170640985385,0.5,True
4hsl__A1_Q1LCS4--4hsl__A2_Q1LCS4,0.9857154015547769,0.5,True
8b3s__A1_O31597--8b3s__B1_A0A164W157,0.9378332148379294,0.5,False
5euv__A1_D1LZK0--5euv__B1_D1LZK0,0.9525065438156286,0.5,True
8gz4__A1_A0A7H0DN78--8gz4__A2_A0A7H0DN78,0.9823267929699262,0.5,True
7tmg__A1_A0A0H3GLR2--7tmg__B1_A0A0H3GLR2,0.9765998202756597,0.5146458565418424,True
4hsr__B1_UNDEFINED--4hsr__A1_UNDEFINED,0.9555075558491553,0.5,True
7tgn__B1_A0A1Q5L7T0--7tgn__A1_A0A1Q5L7T0,0.9797452445104957,0.5,True
4fz2__A1_C7DIA5--4fz2__B1_C7DIA5,0.9489723101194842,0.5,True
6j2l__A1_P37793--6j2l__B1_P37793,0.9562450663904855,0.5021154177531444,True
5grk__A1_Q89XR0--5grk__B1_Q89XR0,0.9808466859800263,0.5,True
3qxs__A1_O24872--3qxs__A2_O24872,0.9751701396975376,0.5,True
8q3y__A1_E8URK0--8q3y__B1_E8URK0,0.9916276875966434,0.5,True
1pyb__A1_O66738--1pyb__B1_O66738,0.9263582450321819,0.49995596653456625,True
7yto__A1_Q9RHU9--7yto__B1_Q9RHU9,0.9663344743857032,0.5,True
5vae__A1_Q9AET9--5vae__B1_Q9AET7,0.9241802947510598,0.5,False
1zrs__A1_Q9HTZ1--1zrs__B1_Q9HTZ1,0.9809977203390132,0.5,True
2cg5__A1_Q9NRN7--2cg5__B1_P49327,0.9385344881840207,0.5,False
4yk8__B1_O36019--4yk8__A1_O13978,0.9619988444756364,0.5,False
2iml__A1_O28442--2iml__C1_O28442,0.9430011922570208,0.5,True
6iru__A1_Q9RVF9--6iru__A2_Q9RVF9,0.9959529560092356,0.5078125,True
8iev__A1_Q0PAW2--8iev__B1_Q0PAW2,0.9677927564674398,0.5,True
3cyg__A1_A7HM60--3cyg__B1_A7HM60,0.6365886856892571,0.5,True
5kvr__A1_P0ACL9--5kvr__A2_P0ACL9,0.9403265148158899,0.5,True
1na8__A1_Q9UJY5--1na8__B1_Q9UJY5,0.969529728884699,0.5,True
5fis__A1_H9IUR0--5fis__B1_H9IUR0,0.9590596766420476,0.5,True
7z6m__A1_A0A0H3LM39--7z6m__A2_A0A0H3LM39,0.8959589535833177,0.5,True
7vua__A1_UNDEFINED--7vua__B1_UNDEFINED,0.9973910140052985,0.5,True
2yxd__A1_Q57836--2yxd__B1_Q57836,0.9842649859100859,0.5,True
1aua__A1_P24280--1aua__A2_P24280,0.9958187648664468,0.5,True
7zw3__A1_P27338--7zw3__B1_P27338,0.9470587872147188,0.5,True
5xjx__I1_C0LGW6--5xjx__A1_Q9SSD1,0.8744510989663897,0.5,False
7xca__A1_W5X1V8--7xca__B1_W5X1V8,0.9860284085239404,0.5,True
7xub__A1_Q96KQ7--7xub__B1_Q96KQ7,0.9638949055683323,0.5,True
5xlu__A1_Q65KZ6--5xlu__B1_A9YTT0,0.9345344391114347,0.5008417508417509,False
8smq__A1_Q182N1--8smq__B1_Q182N1,0.9337679356265272,0.5260225880809776,True
8eni__A1_A0A0H3JRH8--8eni__A2_A0A0H3JRH8,0.9818842837881987,0.5,True
1q77__A1_O66565--1q77__B1_O66565,0.9835045919185289,0.5,True
6nbp__A1_A0A4P1LYI6--6nbp__A2_A0A4P1LYI6,0.9954814284058958,0.5,True
4wu2__A1_Q7WUJ1--4wu2__B1_Q7WUJ1,0.9820979995711179,0.5,True
2nvn__A1_Q31MH7--2nvn__A2_Q31MH7,0.9367428267551038,0.5,True
3zyh__A1_Q05097--3zyh__B1_Q05097,0.986581215007611,0.5,True
8a21__A1_A0QJI1--8a21__A2_A0QJI1,0.9818608372910755,0.5,True
8ho2__A1_A0A191T7N6--8ho2__B1_A0A191T7N6,0.9048766403397547,0.5,True
2j8q__A1_O43809--2j8q__B1_O43809,0.9368200223145301,0.5,True
1cx8__A1_P02786--1cx8__B1_P02786,0.9675400273801784,0.5,True
5zfk__A1_Q31LX1--5zfk__B1_Q31LX1,0.990008296938514,0.5,True
2qti__A1_Q8EF26--2qti__A2_Q8EF26,0.9416864012722339,0.5198527251041469,True
5djo__B1_Q9EQW7--5djo__A1_Q9EQW7,0.9532344569938555,0.5,True
1kve__B1_P19972--1kve__A1_P19972,0.8893481804564279,0.4998926116838488,True
4kjq__A1_P37019--4kjq__B1_P37019,0.9528012719576286,0.5,True
8qyw__A1_Q9NVS9--8qyw__A2_Q9NVS9,0.9355307628460858,0.5,True
4djb__A1_P04489--4djb__B1_P04489,0.9540843442814793,0.5,True
7t1e__A1_P78556--7t1e__B1_P78556,0.8296232290739853,0.5,True
2ev4__A1_P9WMU9--2ev4__B1_P9WMU9,0.9671891234608712,0.5,True
4m1j__A1_Q9I194--4m1j__B1_Q9I194,0.9593688316997039,0.5,True
8bj3__A1_A0A072U7F9--8bj3__B1_A0A072U7F9,0.9797448197267713,0.5,True
5fcl__A1_Q6D0X0--5fcl__B1_Q6D0X0,0.9750473511349377,0.5,True
2evr__A1_B2J9B4--2evr__A2_B2J9B4,0.8043249748493311,0.5,True
4ftw__A1_Q3J2V1--4ftw__A2_Q3J2V1,0.8750334539481569,0.5,True
2q6q__B1_P36094--2q6q__A1_P36094,0.9746000701356241,0.5,True
8hx8__A1_Q6L8Q5--8hx8__B1_Q6L8Q5,0.9799186426499402,0.5,True
7zgn__A1_U6RE59--7zgn__B1_U6RE59,0.9807745965673322,0.5,True
7fiw__A1_B3CP63--7fiw__B1_Q73HD5,0.8972370651724306,0.5,False
4xd9__A1_C8VMF9--4xd9__B1_Q5B6T5,0.9220566833389076,0.4999513831493996,False
3dme__A1_Q7VU70--3dme__B1_Q7VU70,0.9227648895328862,0.5,True
8d0m__A1_P28907--8d0m__A2_P28907,0.9118790272689548,0.5,True
2w6a__A1_Q9Z272--2w6a__B1_Q9Z272,0.9371099905452254,0.5,True
6oje__B1_Q5S007--6oje__A1_Q5S007,0.9678685097139337,0.5029761904761905,True
7mu0__A1_P9WQK3--7mu0__B1_P9WQK3,0.8916346058551863,0.5,True
4az3__A1_P10619--4az3__B1_P10619,0.8863691225520095,0.5,True
7ug8__B1_Q0I6F8--7ug8__A1_Q0I6F8,0.9795562502965536,0.5,True
6mxv__B1_Q5NFU2--6mxv__A1_Q5NFU2,0.88310960760829,0.5,True
8ug3__B1_P50053--8ug3__A1_P50053,0.9901239082391216,0.5,True
7veo__A1_UNDEFINED--7veo__B1_UNDEFINED,0.9833053592235004,0.5,True
4atm__A1_P49418--4atm__A2_P49418,0.9868035387875441,0.5,True
7x6f__B1_P0AD45--7x6f__A1_P0AD45,0.9878273671160701,0.5,True
1nkn__B1_Q17042--1nkn__A1_Q17042,0.9596376198533559,0.5,True
7pjo__B1_UNDEFINED--7pjo__A1_UNDEFINED,0.9843820982668429,0.5,True
5n0s__B1_A0A2R2JFI5--5n0s__A1_A0A2R2JFI5,0.937596066146883,0.5,True
6m9g__A1_Q5D6Y4--6m9g__B2_Q5D6Y4,0.9829239209808217,0.5,True
7zvz__A1_G1UBD5--7zvz__B1_G1UBD5,0.910371563837729,0.5,True
3b5m__B1_Q7UTD8--3b5m__A1_Q7UTD8,0.9431177897402239,0.5,True
6v0a__B1_B3E641--6v0a__A1_B3E641,0.9833892644475641,0.5,True
3bpj__C1_O75822--3bpj__A1_O75822,0.9260353535353535,0.5,True
8tn8__B1_A0A482N9T7--8tn8__A1_A0A482N9T7,0.9894761427759968,0.5,True
7y51__A1_Q8RBF4--7y51__A2_Q8RBF4,0.93413738891458,0.5,True
6zef__A1_P62136--6zef__C1_Q9C0D0,0.8672035297260141,0.5,False
8i5w__A1_Q8BZN6--8i5w__B1_P63000,0.9347671877812266,0.5,False
3rv1__B1_A7TR32--3rv1__A1_A7TR32,0.9204851381922526,0.5,True
8i59__A1_UNDEFINED--8i59__B1_UNDEFINED,0.9502956371445526,0.5,True
8g1h__A1_UNDEFINED--8g1h__A2_UNDEFINED,0.9760641790214317,0.5,True
7vwk__A1_L8PIV2--7vwk__B1_L8PIV2,0.9716993266084656,0.5,True
4k3z__A1_Q8YCV0--4k3z__A2_Q8YCV0,0.9319073105912032,0.5,True
5v5t__A1_Q830T5--5v5t__D1_Q830T5,0.8807343700242614,0.5,True
6fp5__B1_Q960Q9--6fp5__A1_Q960Q9,0.9188206398019091,0.5,True
2ikb__A1_Q7DDI9--2ikb__C1_Q7DDI9,0.9912177915393356,0.5175438596491229,True
7zam__A1_Q07666--7zam__B1_Q07666,0.9704137401562832,0.5,True
3o10__A1_Q9NZJ4--3o10__B1_Q9NZJ4,0.9295776633714419,0.5,True
3egv__A1_Q84BQ9--3egv__B1_Q5SLP6,0.884130407259139,0.5,False
2g9w__A1_P9WMJ5--2g9w__B1_P9WMJ5,0.9724475143788117,0.5,True
2afv__A1_Q8EXP7--2afv__B1_Q8EXP7,0.9543114856123122,0.5,True
7w93__A1_A0A140N873--7w93__A2_A0A140N873,0.9925367492129595,0.5,True
1wl3__B1_Q9X1M1--1wl3__A1_Q9X1M1,0.9846708648713642,0.5,True
4kbx__A1_P45550--4kbx__A2_P45550,0.956659376112273,0.5,True
8brn__C1_P80366--8brn__A1_P80366,0.9497674741823444,0.5,True
8h5a__A1_P67661--8h5a__B1_P67661,0.9397546706759494,0.49990178264499335,True
8b4l__B1_D5SK09--8b4l__A1_D5SK09,0.9316921408373091,0.5,True
3r24__A1_P0C6X7--3r24__B1_P0C6U8,0.9496609382054699,0.5,False
1nrj__B1_P36057--1nrj__A1_P32916,0.9646910934933219,0.5,False
4rdw__A1_Q9HU77--4rdw__A2_Q9HU77,0.9539062863952247,0.5,True
7vpr__A1_Q6FX18--7vpr__B1_Q6FX18,0.9978354813220348,0.5,True
5a6k__A1_A0A0H2US73--5a6k__B1_A0A0H2US73,0.9850709761217289,0.5,True
7ucd__B1_P17535--7ucd__A1_P53539,0.9556888785337061,0.5,False
1qc9__A1_P00642--1qc9__A2_P00642,0.9149186568471872,0.5,True
3ooc__A1_P77239--3ooc__B1_P77239,0.9627498362842648,0.5,True
8pm1__A1_B8GAY9--8pm1__B1_B8GAY9,0.9700545808966862,0.5,True
1vbg__A1_P11155--1vbg__A2_P11155,0.9922409302400628,0.5,True
4ovo__A1_P67954--4ovo__A2_P67954,0.9014762367532048,0.5085843861354066,True
2qgs__A1_A0A0H2VIU2--2qgs__B1_A0A0H2VIU2,0.9876002193726986,0.5,True
8cnx__A1_Q68T42--8cnx__B1_Q68T42,0.9717041529820685,0.5,True
8bol__A1_Q04609--8bol__A2_Q04609,0.9741129442059627,0.5,True
3mii__B1_Q08914--3mii__A1_Q08914,0.964340857603762,0.5,True
3i23__A1_Q835X4--3i23__B1_Q835X4,0.9156715932288941,0.5,True
3itf__A1_P0AE85--3itf__B1_P0AE85,0.8935550925162522,0.5,True
8d05__A1_UNDEFINED--8d05__A2_UNDEFINED,0.9754309364261511,0.5277439644953883,True
6mw5__A1_K3WC47--6mw5__A2_K3WC47,0.9616419497715294,0.5,True
5vht__A1_P0A9J8--5vht__B1_P0A9J8,0.9430596967228333,0.5,True
6j6x__B1_P53611--6j6x__A1_Q7Z6K3,0.933822558663058,0.5,False
4tvb__A1_O32323--4tvb__B1_O32323,0.9663263089093003,0.5,True
3nkh__B1_UNDEFINED--3nkh__A1_UNDEFINED,0.9803013619381671,0.5,True
3jyu__A1_P35123--3jyu__B1_P35123,0.943636563627288,0.5,True
8dtc__A1_L8GT25--8dtc__B1_L8GT25,0.9656999052514792,0.5,True
7n1j__A1_P22455--7n1j__B1_UNDEFINED,0.9820055615559103,0.5,False
8fny__A1_O00418--8fny__B1_P0DP23,0.9256476833718625,0.5,False
7v0b__A1_A0A1E7MYN1--7v0b__B1_A0A1E7MYN1,0.9901373367375116,0.5,True
2vvo__A1_P9WKD7--2vvo__B1_P9WKD7,0.9176721465235717,0.5,True
5yjh__A1_Q15063--5yjh__A2_Q15063,0.963756419462669,0.5,True
2z5e__A1_Q9BT73--2z5e__B1_Q9BT73,0.9579018924393671,0.526723178276183,True
1a8l__A1_Q51760--1a8l__A2_Q51760,0.9931767395836335,0.5,True
8h0r__A1_Q9WVJ5--8h0r__B1_Q9WVJ5,0.9562368680758946,0.5,True
2j7j__A1_P03001--2j7j__A2_P03001,0.43035134193663366,0.5,True
8u1v__A1_K4L8Z7--8u1v__B1_K4L8Z7,0.9631319728257576,0.5,True
7zbg__A1_Q02880--7zbg__A2_Q02880,0.9795133290890622,0.5,True
1rku__A1_Q9I2Y2--1rku__B1_Q9I2Y2,0.9899479647155162,0.5,True
2wvl__A1_Q72K30--2wvl__B1_Q72K30,0.9437017093133778,0.5,True
6kfs__A1_B7FR28--6kfs__A2_B7FR28,0.9628095591598098,0.5,True
3shg__A1_E6Z0R3--3shg__B1_E6Z0R4,0.9713041784899572,0.5,False
7zal__A1_E3T5W0--7zal__E2_E3T5W0,0.9768056715085938,0.5,True
4wjm__A1_Q2YNY7--4wjm__A2_Q2YNY7,0.9957000772835352,0.5,True
8hmo__A1_A0A0H4P0S7--8hmo__B1_A0A0H4P0S7,0.983527375679087,0.5031812441859255,True
7f9g__B1_C0HM62--7f9g__A1_C0HM62,0.9770275022859957,0.5,True
8dfk__A1_P39694--8dfk__B1_P39694,0.7975401113294041,0.5,True
6n91__A1_Q9KNI7--6n91__B1_Q9KNI7,0.9501329023180084,0.5,True
4oyd__A1_P0C6Z1--4oyd__B1_UNDEFINED,0.9753752088750385,0.5126582278481012,False
1dev__A1_Q15796--1dev__B1_O95405,0.9305795128642088,0.5,False
8c9j__B1_P15559--8c9j__A1_P15559,0.9706891193149263,0.5,True
3rd7__B1_A0A0H2ZY91--3rd7__A1_A0A0H2ZY91,0.9760228491540304,0.5,True
5x1j__A1_G2IQS7--5x1j__A2_G2IQS7,0.9810148408457772,0.5,True
3r2p__A1_P02647--3r2p__A2_P02647,0.9533837323797679,0.5,True
1pdk__A1_P15319--1pdk__B1_P62532,0.9305373648754504,0.5540726669799989,False
7bjg__A1_Q8IGY1--7bjg__A2_Q8IGY1,0.8931942374565326,0.5,True
3kcp__A1_Q06851--3kcp__B1_A3DF10,0.983268301284237,0.5,False
7bbq__A1_Q6I6B7--7bbq__A2_Q6I6B7,0.9675072343943779,0.5,True
3dpj__E1_Q5LS67--3dpj__F1_Q5LS67,0.8597002508196072,0.5,True
6okh__A1_Q04QG8--6okh__B1_Q04QG8,0.9664886974897541,0.5,True
7tq1__A1_P0AC13--7tq1__A2_P0AC13,0.9922197328686542,0.5110777715543938,True
7t5y__A1_P0A7E1--7t5y__B1_P0A7E1,0.9531424127454083,0.5,True
5o47__A1_J7HDY4--5o47__A2_J7HDY4,0.9897941998841924,0.5,True
1oo0__A1_P49028--1oo0__B1_Q9V535,0.9269809458741365,0.5,False
3edj__A1_Q8KKG0--3edj__B1_Q8KKG0,0.9658914065080128,0.5,True
5yr0__A1_O88597--5yr0__B1_Q8K245,0.9540887691729745,0.5,False
5c21__A1_P09986--5c21__B1_P09986,0.8572546761741376,0.5,True
2gok__A1_Q8U8Z6--2gok__B1_Q8U8Z6,0.9909442094894014,0.5,True
1ww1__A1_Q9WZW8--1ww1__B1_Q9WZW8,0.9835896191843725,0.5,True
1fm0__B1_P30749--1fm0__A1_P30748,0.9588572266408749,0.5,False
4jgo__B1_O31671--4jgo__A1_O31671,0.9583916678660683,0.5,True
3l2k__A1_Q8GPH0--3l2k__B1_Q8GPH0,0.9160443694003021,0.5,True
1yov__A1_Q13564--1yov__B1_Q8TBC4,0.966308082389626,0.5,False
7zvd__A1_P11413--7zvd__A2_P11413,0.9892513424776175,0.5,True
2snw__A1_P03316--2snw__B1_P03316,0.8713328673059726,0.5,True
8grh__B1_P51553--8grh__A1_P50213,0.9742435540537246,0.5,False
1lxd__A1_Q03386--1lxd__B1_Q03386,0.9407174605280615,0.5,True
5m97__A1_Q10113--5m97__B1_Q10113,0.9529780811959734,0.5,True
7ax1__A1_Q9ULM6--7ax1__B1_Q9UIV1,0.9887781257621359,0.5,False
8d4w__A1_A0A8B4R830--8d4w__A2_A0A8B4R830,0.9515600249842389,0.5,True
7ynw__B2_Q57834--7ynw__A1_Q57834,0.9974674680682961,0.5,True
4rgp__A1_Q8DTU7--4rgp__B1_Q8DTU7,0.9760179589217131,0.5,True
8twd__C1_P0AEV1--8twd__A1_W8SRD3,0.9667282209648607,0.5,False
3fb9__A1_A0A0H2US72--3fb9__B1_A0A0H2US72,0.8840995398293348,0.5,True
8a39__A1_A0A024L404--8a39__C2_A0A024L404,0.9925994137567977,0.5,True
3ps8__A1_P01034--3ps8__A2_P01034,0.8509882392285826,0.5,True
7vwp__A2_A0A136PK59--7vwp__B1_A0A136PK59,0.9922154845622256,0.5,True
3a7p__A1_Q03818--3a7p__B1_Q03818,0.9523260868270783,0.5,True
4ql6__A1_A0A0H3MDM0--4ql6__C1_A0A0H3MDM0,0.9437474114019637,0.5,True
5nck__A1_Q8RDN7--5nck__B1_Q8RDN7,0.9780852901116178,0.5,True
3qt7__A1_Q9FD73--3qt7__B1_Q9FD73,0.9961635462909348,0.5,True
4aye__D1_Q9JXV4--4aye__A1_P08603,0.9619282657070427,0.5,False
7r3n__A1_P43432--7r3n__B1_P43432,0.9850821464132646,0.5,True
7a0x__B1_Q8ZRZ3--7a0x__A1_Q8ZRZ3,0.9815234933704433,0.5,True
7wjk__A1_P93836--7wjk__A2_P93836,0.9537736648943433,0.5,True
7g99__B1_Q92974--7g99__A1_P61586,0.9636517794221283,0.5,False
2if9__A1_Q98ZP7--2if9__B1_Q98ZP7,0.6979449390970476,0.5,True
7u0r__B1_M9SC49--7u0r__A1_M9SC49,0.988993198508239,0.5,True
7wbt__A1_Q288C4--7wbt__B1_Q288C4,0.9864222069568306,0.5,True
7txe__A1_Q8I6T6--7txe__B1_Q8I6T6,0.9092195644433984,0.5,True
6pyp__A1_P21695--6pyp__B1_P21695,0.9808836859541086,0.5198241977115217,True
8b2d__A1_F5SYD3--8b2d__B1_F5SYD3,0.9587988807005112,0.5,True
1vmg__A1_Q97U11--1vmg__A2_Q97U11,0.9485549242117646,0.5041576956491239,True
6b8l__B1_P0DP23--6b8l__A1_P56696,0.92606530160487,0.5189738319234722,False
8sj5__A1_A0A2I4FN75--8sj5__C1_A0A2I4FN75,0.9384930809750884,0.4999218994064355,True
3nr1__A1_Q8N4P3--3nr1__B1_Q8N4P3,0.9861269553415951,0.5,True
3h3l__A1_A6LFX0--3h3l__A2_A6LFX0,0.9876679407758886,0.5,True
7uav__A1_P0DW58--7uav__B1_P0DW58,0.9024286476441746,0.5,True
6jdh__A1_A0A2K0XYW4--6jdh__B1_A0A2K0XYW4,0.9866870502463723,0.5,True
3vjz__A1_Q9K0P4--3vjz__B1_Q9K0P4,0.9832208867889584,0.5073886082947255,True
3et4__A1_Q4QMM5--3et4__A2_Q4QMM5,0.9844701530730242,0.5,True
5or3__A1_Q2UNF9--5or3__D1_Q2UNF9,0.9416604820276679,0.5,True
3fh3__B1_A0A6L8PES2--3fh3__A1_A0A6L8PES2,0.9840099528548979,0.5,True
1go3__A1_Q57840--1go3__B1_Q60351,0.9521321625899222,0.5,False
3zxq__B1_P9WGK1--3zxq__A1_P9WGK1,0.8840481807934094,0.4999334486889392,True
1zlh__A1_P00730--1zlh__B1_Q5EPH2,0.9545485266288186,0.5,False
4h1h__A1_Q8Y6P6--4h1h__B1_Q8Y6P6,0.9689486427673856,0.5,True
2gh1__A1_Q81E32--2gh1__B1_Q81E32,0.9653199829934513,0.5,True
7dl7__F1_B0VJ11--7dl7__A1_B0VJ11,0.9887371796950066,0.5,True
7skp__B1_UNDEFINED--7skp__A1_UNDEFINED,0.975809042143373,0.6246742456628482,True
7yu0__B1_Q79F77--7yu0__A1_Q79F77,0.9748129988628854,0.5,True
3cbu__B1_Q473P3--3cbu__A1_Q473P3,0.9595588906657204,0.5,True
8b1s__A1_B0LPL6--8b1s__A2_B0LPL6,0.9860859592660198,0.5,True
3ihk__A1_Q8DVV9--3ihk__A2_Q8DVV9,0.9747788931022663,0.5,True
4y67__A1_Q8IKG4--4y67__B1_Q8IKG4,0.973506134878985,0.5,True
6ejp__B1_P69986--6ejp__A1_P69986,0.9544134652447642,0.5,True
1poy__A1_P0AFK9--1poy__B1_P0AFK9,0.9847273387336208,0.5,True
3a7o__A1_Q03818--3a7o__B1_Q03818,0.9351383018788969,0.5,True
4a2l__A1_Q89YR8--4a2l__B1_Q89YR8,0.9526281264509721,0.5,True
5n47__B1_P02751--5n47__A1_P80188,0.9344329443734015,0.5,False
8ejm__A1_O43143--8ejm__B1_Q8IWZ8,0.9403945021066261,0.5,False
7jl6__A1_Q9L523--7jl6__B1_Q9L523,0.9845232974910395,0.5414516129032257,True
1npd__B1_P0A6D5--1npd__A1_P0A6D5,0.9641590182035603,0.5,True
8h0h__A1_P9WLU7--8h0h__C1_P9WLU7,0.9670435046277311,0.5036231884057971,True
3t8l__A1_Q7CUX4--3t8l__B1_Q7CUX4,0.9615745812469126,0.5,True
7ol3__B1_Q8WXF7--7ol3__A1_Q8WXF7,0.8822859494501285,0.5,True
8ewa__B1_Q9HW02--8ewa__A1_Q9HW02,0.965603799928003,0.5,True
2ft0__A1_Q8FBQ3--2ft0__B1_Q8FBQ3,0.9390006401918543,0.5,True
2r01__A1_Q8KFI1--2r01__A2_Q8KFI1,0.9552142323552,0.5158592387320482,True
8hno__A1_B6YTS4--8hno__B1_B6YTS4,0.9793730174292139,0.5,True
6x88__A1_P52731--6x88__B1_P52731,0.9892047265712763,0.5,True
2x76__A1_Q939Q9--2x76__A2_Q939Q9,0.9935435319873095,0.5,True
7x2p__A1_Q5ZWH7--7x2p__B1_Q5ZWH7,0.7781264408370827,0.5,True
2aeu__A1_Q57622--2aeu__A2_Q57622,0.985888833879567,0.5,True
5kbg__A1_Q43965--5kbg__B1_Q43965,0.9789321139050511,0.5028448972594353,True
4p9g__A1_Q9REI7--4p9g__A2_Q9REI7,0.9721304972978333,0.5055332440874609,True
7tcv__A1_Q60932--7tcv__A2_Q60932,0.9367018752558237,0.5,True
7vkb__A1_Q5ZSZ6--7vkb__B1_Q5ZSZ7,0.8733412005639688,0.5,False
7r2p__A1_Q46877--7r2p__A2_Q46877,0.9458112925172388,0.5,True
6ggl__B1_C9K1X5--6ggl__A1_C9K1X5,0.9875606980402014,0.5,True
7yi7__A1_Q9Y251--7yi7__B1_Q9Y251,0.9403271708878981,0.5,True
7yka__B1_Q9Y3D6--7yka__A1_Q9Y3D6,0.9368308043485402,0.5,True
8jea__A1_K1QRB6--8jea__D1_K1QRB6,0.9332121579319399,0.5,True
8huc__C1_A0A0H2Z790--8huc__A1_A0A0H2Z790,0.9769674802952174,0.5,True
7unh__A1_UNDEFINED--7unh__B1_UNDEFINED,0.9858895060595595,0.5,True
5mpr__A1_O15382--5mpr__A2_O15382,0.967511606036425,0.5,True
4ooj__B1_Q5ZSK6--4ooj__A1_Q5ZSK6,0.9250357180672415,0.5,True
8a5v__A1_Q9Y617--8a5v__C1_Q9Y617,0.9779548208200602,0.5,True
3lm2__A1_A9CH74--3lm2__B1_A9CH74,0.9782000485608335,0.5,True
7zwt__A1_P41182--7zwt__A2_P41182,0.9356826525260764,0.5,True
6ket__A1_A0A0A0WDC6--6ket__B1_A0A0A0WDC6,0.9667209044444229,0.5,True
5zwl__B1_Q8DLU1--5zwl__A1_Q8DLG7,0.949487783668546,0.5,False
6wmz__A1_P23246--6wmz__B1_Q15233,0.9155461897847212,0.5,False
1i4m__A1_P04156--1i4m__A2_P04156,0.8318300975501256,0.5,True
2gjg__A1_Q88EQ6--2gjg__A2_Q88EQ6,0.9066046682620933,0.5,True
6k62__B2_A0A0H2X6K9--6k62__A1_A0A0H2X6K9,0.8819794654990185,0.5,True
4ghm__A1_Q9KTK0--4ghm__B1_Q9KTK0,0.9463943383116744,0.5,True
1tve__A1_P31116--1tve__B1_P31116,0.985103963381281,0.5,True
3onx__A1_P41697--3onx__B1_P41697,0.9402542213176542,0.5,True
8cp4__A1_Q6LXV7--8cp4__A2_Q6LXV7,0.9784973193119494,0.5,True
1ob9__A1_Q97YX6--1ob9__A2_Q97YX6,0.9904725335646778,0.5084745762711864,True
7zcc__B1_P46327--7zcc__A1_P46327,0.9787723532308104,0.5,True
4kwd__A1_Q9UR08--4kwd__B1_Q9UR08,0.9668135463873339,0.5,True
7wuy__A1_A0A1R3S1W7--7wuy__B1_A0A1R3S1W7,0.9663929107551146,0.5,True
5gtw__A1_I3NX86--5gtw__D1_I3NX86,0.9453292176851581,0.5,True
7ekn__B1_Q5JT35--7ekn__A1_UNDEFINED,0.9118734710132559,0.5,False
8gja__B1_UNDEFINED--8gja__A1_UNDEFINED,0.8725947548368524,0.5,True
6loh__A1_O15033--6loh__A2_O15033,0.9523915145729809,0.5,True
3a9y__A1_Q68FT9--3a9y__B1_Q68FT9,0.9781113575281736,0.5,True
8ay6__B1_Q9CAJ0--8ay6__A1_A0A067E666,0.9795306762729251,0.5,False
8u5m__A1_Q8TF42--8u5m__F1_Q8TF42,0.9899454765183666,0.5,True
7twa__D1_F8JJ25--7twa__A1_F8JJ25,0.993574255898833,0.5,True
8fju__B1_P34897--8fju__A1_P34897,0.9608276818725717,0.5,True
1fjj__A1_P12994--1fjj__A2_P12994,0.9751464412024756,0.5,True
7qlr__A1_A0A1J1J928--7qlr__D2_A0A1J1J928,0.9797936136130992,0.5,True
3vf0__B1_Q8IY67--3vf0__A2_P18206,0.9296957969676722,0.5,False
8ehe__A1_A0A0A7KVG3--8ehe__B1_A0A1D3UUC0,0.976009042830027,0.5,False
6hpc__A1_P67697--6hpc__B1_P67697,0.9513875618787339,0.5,True
2x3o__A1_Q9I585--2x3o__B1_Q9I585,0.9277901961450232,0.5,True
5y40__A1_P55892--5y40__B1_P55892,0.9152213827343613,0.5,True
1y42__A1_P12063--1y42__A2_P12063,0.9789280056857168,0.5,True
2e91__A1_Q12051--2e91__B1_Q12051,0.9663792308020622,0.5,True
8ja2__A1_A0A0A1E3Q0--8ja2__A2_A0A0A1E3Q0,0.9648077516375028,0.5,True
3iuw__B1_Q8KUB7--3iuw__A1_Q8KUB7,0.9791207708183568,0.49991593813046403,True
8e7y__A1_Q9RFC8--8e7y__B1_Q9RFC8,0.9538837594128039,0.5,True
4kzn__A1_P15692--4kzn__A2_P15692,0.937557611834738,0.5,True
7z7o__A1_A0A1S4NYF2--7z7o__C1_A0A1S4NYF2,0.9522410687833108,0.5,True
8brp__A1_D8G6F7--8brp__B1_D8G6F7,0.9721845009972745,0.5,True
3qir__A1_Q8TC59--3qir__A2_Q8TC59,0.9546491425059392,0.5,True
8bay__A1_O75874--8bay__B1_O75874,0.9716561095772756,0.5,True
6mhm__B1_Q13510--6mhm__A1_Q13510,0.9273970140965508,0.5,True
8bj7__A1_P07598--8bj7__B1_P07603,0.9295909458595121,0.5,False
8b80__A1_W8QF82--8b80__B1_W8QF82,0.9891166638194239,0.5,True
5wxx__A1_Q9RNB4--5wxx__A2_Q9RNB4,0.964583183967909,0.5089991107629782,True
8f7l__A1_P43490--8f7l__B1_P43490,0.9375932520974484,0.5,True
3cz1__A1_Q9U9J6--3cz1__B1_Q9U9J6,0.9765390920911301,0.5102040816326531,True
8a0c__A1_Q2ERG0--8a0c__B1_Q2ERG0,0.9407855435148021,0.5,True
5mpy__A1_Q9LPZ1--5mpy__B1_Q9LPZ1,0.9686388203412412,0.5,True
1anu__A1_Q06851--1anu__A2_Q06851,0.9792655502392343,0.5,True
3vs8__A1_C1DM33--3vs8__C1_C1DM33,0.9815028081229038,0.5,True
7zi8__A1_P27707--7zi8__A2_P27707,0.9910122763808542,0.5,True
1peu__A1_Q08698--1peu__A2_Q08698,0.9932602740425429,0.5,True
5uk5__B1_Q63722--5uk5__A1_Q07008,0.721978355424232,0.5,False
7vg5__A1_Q49135--7vg5__B1_Q49135,0.983097289510215,0.5185973565588968,True
4jkz__A1_A0R6I8--4jkz__A2_A0R6I8,0.9815748068883502,0.5,True
4aa8__A1_P00794--4aa8__A2_P00794,0.8548385241422943,0.5,True
5yew__A1_Q8IWA4--5yew__B1_Q8IWA4,0.9491361729036148,0.5,True
1hf2__B1_Q9X0D7--1hf2__A1_Q9X0D7,0.9893260168650793,0.5089285714285714,True
3au0__A1_Q7A382--3au0__A2_Q7A382,0.9442839026922836,0.5,True
3gif__A1_O34757--3gif__B1_O34757,0.9688871205859251,0.5,True
8c66__A1_UNDEFINED--8c66__D1_UNDEFINED,0.9759755325880616,0.5,True
7zcl__B1_UNDEFINED--7zcl__A1_UNDEFINED,0.9913465865192769,0.5217391304347826,True
5c6u__A1_O69689--5c6u__A2_O69689,0.9427269242568534,0.5,True
4nv4__A1_A0A6L7HM74--4nv4__A2_A0A6L7HM74,0.9559711707346618,0.5052247996285305,True
6axf__A1_Q7LDG7--6axf__B1_P61224,0.9566551748033678,0.5,False
5yf1__B1_Q8N4J0--5yf1__A1_Q8N4J0,0.9542715291530999,0.5,True
8j83__A1_C5ATT7--8j83__B1_C5ATT6,0.9787149828627141,0.5,False
3fjy__B1_A0ZZM4--3fjy__A1_A0ZZM4,0.9565113701064349,0.5,True
4rg1__A1_Q5T280--4rg1__B1_Q5T280,0.9856557270111903,0.5,True
1ux4__A1_P41832--1ux4__A2_P41832,0.9654860643379252,0.5,True
6rbm__A1_P0ACT4--6rbm__A2_P0ACT4,0.9672374519201754,0.5,True
2cme__B1_P59636--2cme__A1_P59636,0.8735252608911711,0.5183435481199271,True
7wis__A1_P46881--7wis__B1_P46881,0.9345351285806799,0.5,True
5a3l__A1_A0A1A9TAD0--5a3l__C1_A0A1A9TAD0,0.9727470994503817,0.5,True
3gzi__A1_A3QIY5--3gzi__A2_A3QIY5,0.9785151431131686,0.5,True
8pr6__B1_A0A1Q6BKH4--8pr6__A1_A0A1Q6BKH4,0.9677614246204491,0.5106703022765083,True
8j64__A1_Q967S9--8j64__B1_O00816,0.8957484137348792,0.5,False
8ohw__A1_Q63T97--8ohw__B1_Q63T97,0.9158675984472652,0.5,True
5y4r__A1_O87131--5y4r__B1_Q9HVI1,0.971566325453778,0.5,False
3ddh__A1_Q8A5Q8--3ddh__B1_Q8A5Q8,0.9706132212838541,0.5,True
8d3t__B1_A0A2K2AMS7--8d3t__A1_A0A2K2AMS7,0.9806338058119635,0.5,True
1zk8__A1_Q815X4--1zk8__B1_Q815X4,0.9906127815947822,0.5197368314961077,True
2w82__A1_Q47730--2w82__B1_Q47730,0.9886585372460006,0.5,True
6l08__A1_O65896--6l08__B1_O65896,0.9598358968804159,0.5,True
4p94__B1_Q4J9K8--4p94__A1_Q4J9K8,0.9687283909574468,0.5,True
4yii__A1_O00762--4yii__B1_Q9UJX6,0.9887540041519447,0.5,False
4rus__A1_P68512--4rus__B1_P68512,0.9116598990301813,0.5,True
2o48__A1_Q9TQS6--2o48__A2_Q9TQS6,0.9841780870155099,0.5,True
7pvw__B1_P00523--7pvw__A1_P00523,0.7402588358514953,0.5,True
2wcu__A1_Q8R2K1--2wcu__B1_Q8R2K1,0.9676203977715485,0.5,True
2p35__A1_Q8UH15--2p35__B1_Q8UH15,0.949745079201177,0.5,True
6rfg__A1_Q49PR7--6rfg__D1_Q49PR7,0.8646034816247582,0.5,True
5jj8__A1_Q9HVB9--5jj8__A2_Q9HVB9,0.8846493063469724,0.5,True
6ije__A1_A0A083ZID3--6ije__B1_A0A083ZID3,0.9770937517586715,0.5258732499990184,True
8avu__A1_Q8GPI4--8avu__A2_Q8GPI4,0.9658263547152436,0.5,True
7xdu__B1_A0A1I1Z0X1--7xdu__A1_A0A1I1Z0X1,0.9780430011316087,0.5,True
1xr4__A1_Q8ZRY1--1xr4__B1_Q8ZRY1,0.9033514102637724,0.5,True
2fuq__A1_C6XZB6--2fuq__B1_C6XZB6,0.9687220315223838,0.5,True
5xrw__A1_O25306--5xrw__C1_O25674,0.935941011447457,0.5257016361988738,False
5l0o__A1_P46940--5l0o__B1_P46940,0.9958186856143001,0.49998138565206063,True
8vsy__B1_UNDEFINED--8vsy__A1_UNDEFINED,0.906083378451543,0.5,True
2zcx__A1_Q9FBX0--2zcx__A2_Q9FBX0,0.9787519915259756,0.5104656338838087,True
5way__A1_Q97P44--5way__B1_Q97P44,0.9522662510899481,0.5,True
7xey__A1_Q9SU72--7xey__B1_Q9S745,0.9185020469195069,0.5,False
4xlo__C1_Q9KHK2--4xlo__A1_Q9KHK2,0.9807632806583886,0.5,True
6kd6__B1_Q9VAA9--6kd6__A1_Q9VAA9,0.9060601392612397,0.5,True
8k72__A1_Q9NWT6--8k72__A2_Q9NWT6,0.9747825292265808,0.5,True
8b5v__A1_Q4E4A3--8b5v__B1_Q4E4A3,0.9900497686297465,0.5,True
4yo3__A1_D3GUX1--4yo3__A2_D3GUX1,0.9818959917969818,0.5,True
6hrx__A1_O53623--6hrx__B1_O53623,0.9930403731234513,0.5,True
3mdo__A1_A6LDR8--3mdo__B1_A6LDR8,0.9908017139668738,0.5,True
8iw0__A1_Q14678--8iw0__B1_Q14678,0.9624436066542936,0.49992610109370383,True
2rb7__A1_Q313A9--2rb7__B1_Q313A9,0.9530342686745894,0.5,True
8h6s__A1_Q76KY5--8h6s__C1_Q76KY0,0.9908831124117748,0.5,False
3lsj__A1_Q9HUS3--3lsj__B1_Q9HUS3,0.9468353108002576,0.5,True
7pxq__A1_UNDEFINED--7pxq__A2_UNDEFINED,0.9442453536421572,0.5,True
8g0q__A1_P40460--8g0q__B1_P33895,0.921063640048642,0.5,False
6ms4__A1_Q9ULC4--6ms4__B1_O43583,0.8199422193711534,0.5,False
7y6b__A1_A0A411GZY8--7y6b__B1_A0A411H025,0.9341358284272497,0.5147058823529411,False
7zyt__A1_P09622--7zyt__B1_P09622,0.9571802156991327,0.5,True
7lle__A1_Q6QVT7--7lle__B1_Q6QVT7,0.9617524209205218,0.5,True
4csw__A1_D0MK34--4csw__B1_D0MK34,0.9684660338380882,0.5,True
7tev__A1_P04181--7tev__A2_P04181,0.9581085179728834,0.5,True
3zta__A1_Q2RIF4--3zta__A2_Q2RIF4,0.9896529075281253,0.5,True
3abi__A1_O59312--3abi__B1_O59312,0.9985564114057278,0.5,True
5ab8__A1_P9WN25--5ab8__A2_P9WN25,0.9837255521929626,0.5,True
1guq__A1_P09148--1guq__B1_P09148,0.9767038319684971,0.5,True
6zdw__B1_A0A162MUP0--6zdw__A1_A0A162MUP0,0.9497373657344688,0.5,True
8csd__A1_Q6U8B0--8csd__A2_Q6U8B0,0.9609852497380735,0.5,True
3na2__A1_UNDEFINED--3na2__B2_UNDEFINED,0.9284428688301064,0.5,True
8bfr__A1_P30177--8bfr__A2_P30177,0.9984179115579751,0.5,True
7yk3__A1_O53604--7yk3__B1_O53605,0.9492042056859518,0.5,False
6xiv__A1_P16114--6xiv__B2_P16114,0.9846343713455334,0.5,True
8ajx__A1_P17117--8ajx__A2_P17117,0.9633842476120072,0.5,True
8ayj__A1_D5EHC5--8ayj__B1_D5EHC5,0.9699444177986818,0.5,True
4tt0__B1_P10220--4tt0__A1_P10220,0.929439246719423,0.5,True
8a6e__B2_P02699--8a6e__A1_P02699,0.9780465171283625,0.5,True
4jb7__A1_Q9KTQ6--4jb7__A2_Q9KTQ6,0.9355349783860603,0.5,True
6h3f__A1_A0A0H3JT80--6h3f__A2_A0A0H3JT80,0.9842829528235306,0.5,True
6wxw__A1_F2NWD3--6wxw__B1_F2NWD3,0.9961288434390386,0.5,True
2zw2__A1_F9VNF4--2zw2__B1_F9VNF4,0.91909129823274,0.49985935302391,True
2wo2__A1_P54764--2wo2__B1_P52799,0.9672849344112152,0.505414049485458,False
4u66__A1_A8MI53--4u66__A2_A8MI53,0.9845235516403109,0.5,True
1ord__A1_P43099--1ord__B1_P43099,0.9380463955788705,0.5,True
8aa9__A1_Q9V1Y9--8aa9__B1_Q9V1Y9,0.7424568163550845,0.5,True
4i6y__B1_P13702--4i6y__A1_P13702,0.9432345967978182,0.5,True
1vh4__B1_P77689--1vh4__A1_P77689,0.9544735125436545,0.5,True
3ocd__A1_D7A6E5--3ocd__B1_Q7BQR5,0.9479393787040071,0.5,False
8pq7__A1_M1C5B8--8pq7__B1_D0N0Z8,0.8447283644778828,0.5,False
8gic__A1_Q70AZ9--8gic__D1_Q70AZ5,0.9225423081101214,0.5,False
5abr__A1_P82802--5abr__B1_P82802,0.9753963212254017,0.5,True
2zmf__A1_Q9Y233--2zmf__B1_Q9Y233,0.9911866615472327,0.5,True
2vzk__B1_P0DJQ5--2vzk__A1_P0DJQ5,0.956000914597183,0.5293446708349064,True
7wm5__A1_A0A0C2W699--7wm5__A2_A0A0C2W699,0.9891085420104251,0.5,True
1zee__A1_Q8E972--1zee__B1_Q8E972,0.9182252111661089,0.5,True
1f3u__B1_P35269--1f3u__A1_P13984,0.9529584172665948,0.5085590677670777,False
7tvh__B1_Q9I2Q1--7tvh__A1_Q9I2Q1,0.9818473129133677,0.5,True
5vgm__B1_Q9KL24--5vgm__A1_Q9KL24,0.9889490783458159,0.5,True
2b5l__A1_Q16531--2b5l__C1_P11207,0.9087646098938904,0.5,False
4zzh__A1_Q96EB6--4zzh__A2_Q96EB6,0.9322098322382582,0.5,True
8in9__A1_E0D202--8in9__B1_E0D202,0.975601915134322,0.5,True
6m4v__A1_P0AEX9--6m4v__B1_P62942,0.9609453530471385,0.5052462144857229,False
7y28__A1_P07814--7y28__B1_P07814,0.979555614767016,0.5,True
7y7u__A1_A0A222F232--7y7u__B1_A0A222F232,0.9825889212358971,0.5,True
3fgc__A1_P07740--3fgc__B1_P07739,0.9721454580957385,0.5,False
1rve__A1_P04390--1rve__B1_P04390,0.9910991401981861,0.49997476319464307,True
7zy1__A1_Q9F8A8--7zy1__A2_Q9F8A8,0.9805081432903903,0.5,True
3jxo__B1_A0A0F6AN26--3jxo__A1_A0A0F6AN26,0.9725902974504249,0.5679709631728045,True
8dqb__A1_A0A0H3FX83--8dqb__A2_A0A0H3FX83,0.945737214306606,0.4999963439602223,True
5l16__A1_Q4Q0M0--5l16__A2_Q4Q0M0,0.9613251257545017,0.5,True
2gz4__A1_Q7D028--2gz4__C1_Q7D028,0.9605520501399544,0.5,True
2f9w__A1_Q9HWC1--2f9w__B1_Q9HWC1,0.9740711705655132,0.5,True
2ox1__A1_O30011--2ox1__B1_O30011,0.9952315680622082,0.5175438596491229,True
2guh__A1_Q0S8Y3--2guh__B1_Q0S8Y3,0.9834556194277385,0.5,True
7br1__A1_A0A7I6N400--7br1__B1_A0A7I6N400,0.974509914375845,0.5,True
2p04__A1_D0VWX5--2p04__B1_D0VWX5,0.9844851981201602,0.5,True
4h5b__A1_Q9RUY5--4h5b__B1_Q9RUY5,0.9381408616502039,0.5,True
4e1o__A1_P19113--4e1o__B1_P19113,0.9680805347436184,0.5,True
7pu4__B1_Q9X053--7pu4__A1_Q9X053,0.9804368359942305,0.5062111801242236,True
3m1u__A1_Q72DN3--3m1u__B1_Q72DN3,0.9539357128674648,0.5,True
7qii__A1_P0C2N2--7qii__B1_P0C2N4,0.939055321558264,0.5,False
4pww__A1_UNDEFINED--4pww__A2_UNDEFINED,0.9156913315179444,0.49986035469906437,True
6ird__A1_Q91UZ1--6ird__B1_Q8NI35,0.7511770878919787,0.5,False
6gg2__A1_Q4WD43--6gg2__A2_Q4WD43,0.9640077298272337,0.5,True
6oei__A1_Q8KG60--6oei__A2_Q8KG60,0.9808445327906862,0.5,True
8hyi__A1_P22223--8hyi__B1_P22223,0.9284103695272931,0.5,True
4b8v__A1_B3VBK9--4b8v__A2_B3VBK9,0.9649722222222222,0.5,True
4lqb__A1_D2Q399--4lqb__B1_D2Q399,0.9795500634067585,0.5134827349262303,True
2vxb__A1_P87074--2vxb__B1_P87074,0.986652777774284,0.5,True
1t72__A1_O67053--1t72__B1_O67053,0.9840050275317214,0.5,True
5z1o__A1_D0VWU8--5z1o__B1_D0VWU8,0.79289599879132,0.5,True
6h40__A1_K5B7F3--6h40__A2_K5B7F3,0.9838720409376369,0.5,True
2etk__A1_Q13464--2etk__B1_Q13464,0.9621029126475186,0.5,True
2p69__A1_Q96GD0--2p69__A2_Q96GD0,0.9932626227868196,0.5,True
4doy__A1_Q6WNP1--4doy__C1_Q6WNP1,0.9701121204560003,0.5,True
6zxw__A1_O29011--6zxw__B1_A0A117KMN5,0.9376221988923537,0.5,False
3lhk__A1_Q60329--3lhk__B1_Q60329,0.9819999010194992,0.525,True
6e52__A1_P03069--6e52__B1_P03069,0.9392929368732622,0.5,True
2ijd__A1_Q1PHW8--2ijd__A2_Q1PHW8,0.9081947490657423,0.5,True
1fwl__A1_Q58504--1fwl__B1_Q58504,0.996850424505987,0.5135135135135135,True
5nkk__A1_O62301--5nkk__B1_Q9XWJ1,0.9822874674266403,0.5,False
1ygt__A1_Q94524--1ygt__A2_Q94524,0.9188388533947991,0.5037966766924272,True
7zq1__B1_Q32ZE1--7zq1__A1_Q32ZE1,0.8259870803741042,0.5171232876712328,True
6p40__A1_M1GSK9--6p40__B1_M1GSK9,0.9575565392937949,0.5,True
2wyn__B1_P13482--2wyn__D1_P13482,0.9762055549641341,0.5,True
7yui__A1_P0CG48--7yui__B1_Q9BYM8,0.9235617780589336,0.5,False
8dml__B1_Q87GI3--8dml__A1_Q87GI4,0.93294951943523,0.5,False
2oi2__A1_A0A0H2UNK6--2oi2__A2_A0A0H2UNK6,0.9792337763177208,0.5,True
4wud__A1_P0AES6--4wud__A2_P0AES6,0.9582079219389035,0.5,True
5yzj__A1_A8K0B5--5yzj__B1_A8K0B5,0.8802599586413827,0.5,True
8f61__A1_Q28943--8f61__B1_Q28943,0.9261652152234767,0.5,True
7udi__B1_Q9RYE6--7udi__A1_Q9RYE6,0.9442965756922354,0.5,True
5ho3__A1_W6KHH6--5ho3__B1_W6KHH6,0.9261156892412858,0.5,True
1cmc__A1_P0A8U6--1cmc__B1_P0A8U6,0.9840193327096975,0.5158730158730158,True
6oe2__A1_Q8A9F0--6oe2__A2_Q8A9F0,0.9956801044931743,0.5,True
3ent__A1_Q2YAE2--3ent__B1_Q2YAE2,0.9785911770614281,0.5314960629921259,True
2y4g__A1_D3Y1I2--2y4g__B1_D3Y1I2,0.9772096725358178,0.5,True
7ec7__A1_A0A0H2XGN0--7ec7__A2_A0A0H2XGN0,0.9957745371183789,0.5,True
2o11__A1_P9WPY1--2o11__A2_P9WPY1,0.9502724588777387,0.5,True
8abq__A1_Q13596--8abq__B1_Q9Y5X3,0.9690392627390899,0.5,False
6shw__A1_Q96724--6shw__A2_Q96724,0.9201418098786203,0.537053410476076,True
7wn7__B1_Q99H25--7wn7__A1_Q99H25,0.9402308553424358,0.5,True
2sak__A1_P68802--2sak__A2_P68802,0.7570863809328503,0.5,True
8h5e__A1_Q5SMG8--8h5e__B1_Q5SMG8,0.929034409354664,0.5,True
8bgm__B1_A0A5P3XKL3--8bgm__A1_A0A5P3XKM0,0.9677855981288067,0.5,False
8sua__A1_UNDEFINED--8sua__A2_UNDEFINED,0.9831788035521535,0.5,True
2ps8__A1_P13513--2ps8__B1_P13513,0.9910863742049921,0.5,True
6awl__A1_O75208--6awl__B1_O75208,0.982825684568312,0.5,True
4qds__A1_O60462--4qds__B1_O60462,0.9658091928572894,0.5,True
6qky__B1_Q97P33--6qky__A1_Q97P33,0.9301276191857694,0.5013368983957219,True
8p3m__A1_W0DP94--8p3m__B1_W0DP94,0.9871382666825048,0.5,True
5v7y__A1_A0A4Y1WAP5--5v7y__B1_A0A4Y1WAP5,0.9924184508527416,0.5,True
4aps__A1_Q5M4H8--4aps__B1_Q5M4H8,0.9142076123415541,0.5,True
7ucn__A1_P50120--7ucn__B1_P50120,0.775570235507474,0.5,True
1ni5__A1_P52097--1ni5__A2_P52097,0.9624249819523965,0.5,True
8d04__B1_UNDEFINED--8d04__A1_UNDEFINED,0.9410845940398822,0.4997535124476214,True
4a5o__B1_Q9I2U6--4a5o__A1_Q9I2U6,0.9668474223789602,0.5,True
8q5k__A1_A0A0H2Z7A6--8q5k__A2_A0A0H2Z7A6,0.926837690181685,0.5,True
1ww5__A1_Q6WY08--1ww5__D1_Q6WY08,0.9866184294132674,0.5,True
7ww2__A1_A0A4Q9D6T1--7ww2__B1_A0A4Q9D6T1,0.9788115405737275,0.5,True
2pfk__A1_P0A796--2pfk__B1_P0A796,0.9647506878453292,0.5,True
1i2m__B1_P18754--1i2m__A1_P62826,0.9297550905975878,0.5,False
8i2e__A1_O34841--8i2e__B1_P54421,0.9222974852564816,0.5,False
3pfl__A1_P09373--3pfl__B1_P09373,0.9945239387550605,0.5,True
6gho__B1_Q5L1S1--6gho__A1_O31602,0.8544024517778294,0.5,False
1glj__A1_P0A6F3--1glj__B1_P0A6F3,0.9791446437183259,0.5,True
4zq8__B1_A0A0M3KL36--4zq8__A1_A0A0M3KL36,0.967998813296864,0.5,True
5h4h__B1_O58236--5h4h__A1_O58236,0.9725982604559852,0.5,True
4iv9__A1_P06617--4iv9__B1_P06617,0.971510485766145,0.5,True
6sdk__A1_P26497--6sdk__B1_P26497,0.9622318988301721,0.5,True
2fq4__A1_Q81BJ4--2fq4__A2_Q81BJ4,0.9861862751018293,0.5,True
7zeq__B1_Q9WXT1--7zeq__A1_Q9WXT1,0.9206988017734851,0.5,True
5z5h__A1_Q2I2N4--5z5h__A2_Q2I2N4,0.9736710675859361,0.5,True
2fe1__A1_Q8ZZP3--2fe1__A2_Q8ZZP3,0.984346396043966,0.5104895414758154,True
7wik__B1_A0R1E6--7wik__A1_A0R1E6,0.9416202081342253,0.5,True
7t8o__B1_Q8Y8Y9--7t8o__A1_Q8Y8Y9,0.9492712283456675,0.5,True
7t91__A1_P08151--7t91__B1_P08151,0.9312200046594703,0.5,True
3lg6__A1_D2YW48--3lg6__B1_D2YW48,0.9797052025654276,0.5,True
2o9a__A1_P16528--2o9a__D1_P16528,0.9804157498710578,0.5,True
1zhq__A1_Q9RHG4--1zhq__B1_Q9RHG4,0.9377629808351138,0.5,True
2e0k__B1_Q8KFD9--2e0k__A1_Q8KFD9,0.9690386080011473,0.5032051282051282,True
6izb__A1_P13693--6izb__A2_P13693,0.9531222292149832,0.5,True
3a2f__A1_P61875--3a2f__B1_O73947,0.9949159827506627,0.5,False
3isx__A1_Q9X0E0--3isx__A2_Q9X0E0,0.9000691027601715,0.5,True
2vkj__A1_Q9X1W9--2vkj__B1_Q9X1W9,0.9202558322385445,0.5,True
5csr__D1_Q9HLB6--5csr__A1_Q9HLB6,0.9848339462917278,0.5,True
1iq8__A1_O58843--1iq8__B1_O58843,0.9169254517411762,0.5,True
3tbm__A1_Q8XVB9--3tbm__B1_Q8XVB9,0.9386066460440666,0.5057471264367817,True
7tur__B1_P00503--7tur__A1_P00503,0.9435286391804956,0.5,True
3vol__A1_Q9I6V6--3vol__A2_Q9I6V6,0.9098952137014119,0.5,True
3jqz__A1_P02768--3jqz__B1_P02768,0.9589039567599352,0.5,True
1vkd__A1_Q9X0V2--1vkd__B1_Q9X0V2,0.9638343438091996,0.5,True
8b31__B1_A0A2W4LV58--8b31__A1_A0A2W4LV58,0.9852184529158365,0.5,True
7bzk__A1_Q9SJ89--7bzk__B1_Q6NPF9,0.9421975830106769,0.5,False
3cgh__A1_Q8A0N7--3cgh__A2_Q8A0N7,0.9878626759498266,0.5,True
5vlb__A1_G7IKX3--5vlb__B1_G7IKX3,0.938478829245345,0.5,True
2oer__B1_Q9I3U1--2oer__A1_Q9I3U1,0.9961454196774606,0.5,True
2ylz__A1_Q47PU3--2ylz__A2_Q47PU3,0.8786651027003546,0.5,True
8bjp__B1_A0A1W6VSR4--8bjp__A1_A0A1W6VSR4,0.9092207440335417,0.5,True
6kcx__A1_Q9WZL1--6kcx__A2_Q9WZL1,0.9899308630263187,0.5,True
4q69__A1_Q8A5I0--4q69__B1_Q8A5I0,0.9906602982637631,0.5,True
7xmj__C1_A9QSE8--7xmj__A1_A9QSE8,0.9773858891306854,0.5,True
1pix__A1_Q06700--1pix__B1_Q06700,0.9275564481243518,0.5,True
3l8i__B1_Q9BUL8--3l8i__A1_Q9BUL8,0.9713312980377762,0.5,True
6l2u__A1_Q27RN2--6l2u__B1_Q27RN2,0.9139938933772866,0.5,True
6sl2__A1_C4LWU6--6sl2__A2_C4LWU6,0.922651957751863,0.5,True
1u6z__B1_P0AFL6--1u6z__A1_P0AFL6,0.9696833592836199,0.5,True
3pm9__A1_Q6NAV4--3pm9__B1_Q6NAV4,0.9198424583954444,0.5,True
3a5y__B1_P0A8N7--3a5y__A1_P0A8N7,0.9636181198459692,0.5,True
7xgn__A1_UNDEFINED--7xgn__B1_UNDEFINED,0.9321361817121866,0.5,True
6bn1__B1_Q9VCR6--6bn1__A1_Q8T0S6,0.7718175905489982,0.49972811310494836,False
8ji6__A1_A0A861B387--8ji6__B1_A0A861B387,0.9919244698923115,0.5,True
2pjs__A1_A9CIG0--2pjs__B1_A9CIG0,0.953266760337214,0.5047169811320755,True
8ke8__A1_Q9HXS0--8ke8__B1_Q9HXS0,0.9824921938129109,0.5042372881355932,True
3h7l__A1_Q87LX4--3h7l__A2_Q87LX4,0.9678828998056296,0.5,True
7zs8__A1_A0A1D3HIT0--7zs8__B1_A0A1D3HIT0,0.9690636951210713,0.5,True
2vc4__A1_P02879--2vc4__A2_P02879,0.9043339845163157,0.5,True
1xe8__B1_Q03629--1xe8__A1_Q03629,0.9919331395348838,0.5,True
7tn6__A1_Q84Y01--7tn6__A2_Q84Y01,0.9654880570409983,0.5,True
7yo6__A1_G8GLP2--7yo6__A2_G8GLP2,0.9921280171838199,0.5,True
8k76__A1_Q8R6D8--8k76__B1_Q8R6D8,0.9889634829542204,0.5,True
1vgx__B1_Q9RRU8--1vgx__A1_Q9RRU8,0.94970018952859,0.5,True
3cet__B1_Q6M145--3cet__A1_Q6M145,0.9552592222123825,0.5,True
4zlh__B1_P0AB60--4zlh__A1_P0AB60,0.9824277345801693,0.5,True
2y84__A1_Q7WT50--2y84__E1_Q7WT50,0.9873513751268594,0.5,True
4me9__A1_Q736B0--4me9__B1_Q736B0,0.982035841975601,0.5,True
2z51__A1_Q93W20--2z51__A2_Q93W20,0.9237230920746259,0.5,True
8ajq__A1_Q9I0C0--8ajq__B1_Q9I0C0,0.9498486427966446,0.5,True
5khn__A1_UNDEFINED--5khn__B1_UNDEFINED,0.917072203341589,0.5,True
7yfj__A2_Q15007--7yfj__B1_Q15007,0.9107861765712247,0.5,True
2rkl__F1_Q06263--2rkl__E1_Q06263,0.959127683259267,0.5095804079342957,True
8cwp__A1_Q06282--8cwp__A2_Q06282,0.9911080165003051,0.5,True
4neh__A1_P20702--4neh__B1_P05107,0.9662428843359171,0.5,False
2prv__A1_O34596--2prv__B1_O34596,0.969290406723988,0.5,True
6kvn__A1_A0A1S4CVP6--6kvn__A2_A0A1S4CVP6,0.9768320110819719,0.5288294731863705,True
5tgq__A1_A0A1S4NYF7--5tgq__A2_A0A1S4NYF7,0.9811386024978257,0.5,True
6b3i__A1_P27216--6b3i__B1_P27216,0.9722685602750428,0.5,True
1rqn__A1_O31156--1rqn__B1_O31156,0.997203590991188,0.5,True
7tcr__A1_A0A2D2D5M1--7tcr__D1_A0A2D2CY73,0.9761843099390644,0.5,False
5l7z__A1_P28750--5l7z__A2_P28750,0.9675113592420725,0.5,True
7ljh__A1_Q769D3--7ljh__B2_Q769D3,0.9945009083251258,0.5,True
7xmw__B1_U2Q5N5--7xmw__A1_U2Q5N5,0.8772997957405906,0.5,True
7w2o__A1_Q9HZP1--7w2o__B1_Q9HZP1,0.9934372025449627,0.5,True
7uay__A1_P08684--7uay__A2_P08684,0.9995776414506589,0.5,True
5czf__D1_A0A0H3JHG3--5czf__A1_Q8XAD5,0.7458165062725554,0.5,False
8p4l__A1_UNDEFINED--8p4l__B1_UNDEFINED,0.9900658411702288,0.5,True
2p6p__A1_Q9RPA7--2p6p__B1_Q9RPA7,0.9523414490714424,0.5,True
4u64__A1_Q5ZXA3--4u64__A2_Q5ZXA3,0.9598917404799757,0.5,True
7qbm__A1_P43235--7qbm__B1_P43235,0.8790760583763498,0.5,True
3nvm__A1_Q8U4M1--3nvm__B1_Q8U4M2,0.9573902491665904,0.5,False
7q86__A1_UNDEFINED--7q86__B1_UNDEFINED,0.9671094462520937,0.5,True
3wws__A1_Q13188--3wws__D1_Q13188,0.7798048780487805,0.5,True
4c87__A1_F9UMG7--4c87__B1_F9UMG7,0.9573765338473883,0.5,True
2d7e__A1_P17888--2d7e__B1_P17888,0.9344794744810838,0.5,True
7xro__A1_Q9RQ20--7xro__B1_Q9RQ20,0.9808054319215939,0.5,True
5yrj__A1_B6F0T7--5yrj__B1_A0A2Z5V8U8,0.9813144329896908,0.5,False
6yev__C1_P0A744--6yev__A1_P0AA25,0.9258521346036475,0.5,False
8glr__A1_Q8ZJX7--8glr__A2_Q8ZJX7,0.9669505291656412,0.5,True
5fwt__A1_Q96MU8--5fwt__A2_Q96MU8,0.939546070030161,0.5,True
4e6s__A1_Q3URR7--4e6s__A2_Q3URR7,0.9446564733757921,0.5,True
8enb__B1_A7DT38--8enb__A1_A0T3A2,0.9064516129032257,0.5,False
8h4p__A1_I1S104--8h4p__B1_I1S104,0.9861185518677673,0.5031202881752045,True
4cu5__A1_B6SBV8--4cu5__F1_B6SBV8,0.9899782502032178,0.5394736842105263,True
7yo8__A1_P60520--7yo8__A2_P60520,0.7242732950473301,0.5,True
8elf__B1_Q6DYE4--8elf__A1_Q6DYE4,0.8674866410029458,0.5,True
1ax2__A1_P16404--1ax2__A2_P16404,0.9899758466554662,0.49998247765901527,True
8i33__C1_A0A6Q8PFJ0--8i33__A1_A0A6Q8PFJ0,0.9474665762449138,0.5,True
3q9l__A1_P0AEZ3--3q9l__B1_P0AEZ3,0.9296318463697973,0.5,True
8ak1__A1_UNDEFINED--8ak1__B1_O25273,0.9859356814409189,0.49995945507622447,False
2yk4__A1_P72097--2yk4__A2_P72097,0.9458482558228214,0.5,True
7u5f__C1_Q9HTM2--7u5f__A1_Q9HTM2,0.990252521790133,0.5,True
5xt3__B1_A0A0U1MUE2--5xt3__A1_A0A0U1MUE2,0.98461943237371,0.5,True
5iws__A1_Q63GK8--5iws__A2_Q63GK8,0.9612256820860058,0.503030303030303,True
2owl__A1_P36767--2owl__B1_P36767,0.9399896964737728,0.5,True
8bca__A1_O75643--8bca__B1_Q6P2Q9,0.8793359761047579,0.5,False
4ml7__A1_P61626--4ml7__B1_UNDEFINED,0.7791260477405247,0.5,False
3mcb__B1_P20290--3mcb__A1_Q13765,0.9470453097550144,0.5225448367729106,False
8gy8__A1_Q8TZT0--8gy8__B1_Q8TZT0,0.9759642133174325,0.5,True
8dkd__A1_G7CIP4--8dkd__A2_G7CIP4,0.9607784888321279,0.5,True
7dus__A1_P08965--7dus__A2_P08965,0.925589988081049,0.5083333333333333,True
8gb1__A1_Q9Y3Z3--8gb1__B1_Q9Y3Z3,0.9790721929223012,0.5,True
7cov__A1_Q06801--7cov__A2_Q06801,0.9415721747660855,0.5,True
6ign__A1_Q61768--6ign__A2_Q61768,0.8699508535361093,0.5,True
1fzr__A1_P00641--1fzr__B1_P00641,0.969712746372103,0.5,True
3be5__A1_Q8XBR1--3be5__B1_Q8XBR1,0.9538347453493681,0.5,True
2ecs__A1_P03040--2ecs__B1_P03040,0.9059215465465464,0.5,True
4hn3__B1_Q8Y6D1--4hn3__A1_Q8Y6D1,0.9309391755593547,0.5,True
4o8y__A1_Q08723--4o8y__B1_P43588,0.9770121104646768,0.5,False
7uoi__A1_A0A1S8KJG1--7uoi__A2_A0A1S8KJG1,0.9848517575842635,0.5,True
7vma__A1_C5A758--7vma__A2_C5A758,0.9914813671482481,0.5,True
7d9m__A1_A0A4D6NYT7--7d9m__B2_A0A4D6NYT7,0.9869967397073319,0.5,True
2py8__C1_Q55670--2py8__B1_Q55670,0.9229179921246303,0.503731343283582,True
7ytl__A1_E1BR24--7ytl__A2_E1BR24,0.9941053612749332,0.5,True
7vxt__A1_Q63W52--7vxt__B1_Q63W52,0.9567157639759897,0.4999383401159206,True
5cv3__A1_E3M3V1--5cv3__A2_E3M3V1,0.9723243347735906,0.5,True
8c9v__A1_Q1JXV1--8c9v__A2_Q1JXV1,0.9891921448546298,0.509090909090909,True
3tsn__A1_Q9PN58--3tsn__B1_Q9PN58,0.9356995720889556,0.5,True
8j51__A1_A0A0E9MUN5--8j51__B1_A0A0E9MUN5,0.9847123568316575,0.5,True
6cz9__A1_Q7WTU0--6cz9__B1_Q7WTT9,0.9453802667038135,0.5,False
8pzo__A1_F9UT68--8pzo__A2_F9UT68,0.9842977654315944,0.5153846153846153,True
3tqg__B1_Q83DG4--3tqg__A1_Q83DG4,0.9712187976230497,0.5,True
7czg__C1_Q8TDY2--7czg__A1_Q8TDY2,0.9500242718446603,0.5,True
7eev__B1_A0A3D9R4E8--7eev__A1_A0A3D9R4E8,0.9718538701681348,0.5,True
8ori__A1_Q2KB35--8ori__B1_Q2KB35,0.9065525023476594,0.5,True
7o6z__A1_A0A7R8L7W4--7o6z__B1_A0A7R8L7W4,0.9828379914946601,0.5,True
8pmr__A1_Q4WL81--8pmr__B1_Q4WL81,0.8602338927098276,0.5,True
7u34__A1_Q4X1J1--7u34__A2_Q4X1J1,0.9649067351779216,0.5,True
3fmy__A1_Q46864--3fmy__A2_Q46864,0.9843628986092872,0.5436197258982389,True
7f0o__B1_A0A2I1C3W8--7f0o__A1_A0A2I1C3W8,0.982482233385032,0.5,True
3ojm__B1_P21802--3ojm__A1_P05230,0.8884331313472146,0.5,False
6xgz__A1_P63386--6xgz__B1_P64602,0.9638156675193711,0.5,False
7x2y__A1_A0A076PYH9--7x2y__B1_A0A076PYH9,0.9928584323099524,0.5113550770648141,True
8i34__A1_A0AA52HX42--8i34__B1_A0AA52HX50,0.9697757377049181,0.5,False
5i4h__B1_P07711--5i4h__A1_P07711,0.9653442223417043,0.5,True
4e6h__A1_Q6CII8--4e6h__A2_Q6CII8,0.9866474890608427,0.5,True
6x7p__A1_Q8GGP1--6x7p__A2_Q8GGP1,0.9689825084836405,0.5,True
3exq__A1_Q03S37--3exq__A2_Q03S37,0.9452108599779494,0.5,True
2qvc__A1_Q9WXW9--2qvc__B2_Q9WXW9,0.9921271037563432,0.5,True
6yoa__A1_O82015--6yoa__B1_O82015,0.9430450828042943,0.5,True
7qnm__A1_G0L7V6--7qnm__B1_G0L7V6,0.9934877804623969,0.5,True
3p8v__A1_Q9V228--3p8v__B1_Q9V228,0.9883399510860658,0.5,True
4re1__A1_P28347--4re1__D1_P46937,0.9141952196979867,0.5,False
8iw5__A1_Q8C8U0--8iw5__B1_Q8C8U0,0.9064188795147933,0.5166067748976656,True
7sq2__B1_Q01970--7sq2__A1_P21279,0.9435696310671601,0.5,False
3owf__A1_P00644--3owf__A2_P00644,0.9247807473691807,0.5,True
2dpl__A1_O59072--2dpl__B1_O59072,0.9813070093187061,0.5,True
4ap5__A1_Q9Y2G5--4ap5__B1_Q9Y2G5,0.9795347715875902,0.5,True
8evy__A1_Q9LCT6--8evy__A2_Q9LCT6,0.9975771665501001,0.5,True
5npo__A1_P62593--5npo__B1_D3INY1,0.9441410012851998,0.5,False
5uhs__A1_B0SR19--5uhs__B1_B0SR19,0.8478172555392082,0.5,True
5t3v__B1_Q9Y2C4--5t3v__A1_Q9Y2C4,0.9574928238491403,0.5,True
8f2l__A1_P9WJY9--8f2l__B1_P9WJY9,0.9640052651936367,0.5,True
8h1l__B1_A0A7U4E834--8h1l__A1_A0A7U4E834,0.9176010012417785,0.5,True
1nye__A1_P0C0L2--1nye__B1_P0C0L2,0.9468672114205462,0.4999504631693664,True
2ou6__A1_Q9RVG4--2ou6__A2_Q9RVG4,0.9768162740424303,0.5,True
3k1i__D1_O25709--3k1i__A1_O25448,0.835400693603757,0.5,False
1vbi__A1_Q53W84--1vbi__A2_Q53W84,0.9507554582433408,0.5,True
2oqb__A1_Q4AE70--2oqb__B1_Q4AE70,0.9185898966041434,0.5,True
8ajy__A1_A0AEF6--8ajy__B1_UNDEFINED,0.9634653595231315,0.5,False
6saz__B1_Q9UGM5--6saz__A1_P07584,0.9039758789860998,0.5,False
8gzy__A1_P0A9A6--8gzy__B1_UNDEFINED,0.9116801201185786,0.5,False
6l9x__A1_F6VRB7--6l9x__A2_F6VRB7,0.9426123659593886,0.5,True
3ica__B1_Q7MXR4--3ica__A1_Q7MXR4,0.96420461358531,0.5,True
6o15__A1_P39353--6o15__B1_P39353,0.965958059143686,0.503836253671666,True
2ohc__A1_Q9HIY5--2ohc__B1_Q9HIY5,0.9494040181849803,0.5,True
8qfo__A1_A0A840P3H4--8qfo__B1_A0A840P3H4,0.9543938166918114,0.5,True
5zmy__A1_F1LJ99--5zmy__B1_F1LJ99,0.9477433856328387,0.5,True
6tx3__B1_Q9NWY4--6tx3__A1_Q9UGN5,0.9895677901761946,0.5,False
4tx5__A1_Q9NR28--4tx5__B1_Q9NR28,0.9512379331810744,0.5,True
7wnk__B1_A0A1E5TT85--7wnk__A1_A0A1E5TT85,0.9914831858407079,0.5,True
2fn0__B1_Q9X9I8--2fn0__A1_Q9X9I8,0.9991143936193061,0.5,True
5x89__A1_Q8TGZ7--5x89__A2_Q8TGZ7,0.9049688364802978,0.5,True
2j0t__A1_P03956--2j0t__D1_P01033,0.9359532908116422,0.5,False
2i9i__A1_O25234--2i9i__A2_O25234,0.9308749554641691,0.5,True
3rtr__G1_Q13616--3rtr__H1_P62877,0.939078450231159,0.49998277169044175,False
8bjd__A1_UNDEFINED--8bjd__A2_UNDEFINED,0.9839216307971689,0.5,True
7lq2__A1_A0A023X3Z4--7lq2__B1_A0A023X3Z4,0.9564156513071697,0.5,True
6aht__A1_A1BZ87--6aht__B1_A1BYM8,0.9588028290099612,0.5,False
8tto__A1_UNDEFINED--8tto__B1_UNDEFINED,0.8890652477792308,0.5074626865671642,True
8czp__A1_A0A0D5ZBI4--8czp__B1_A0A0D5ZBI4,0.9594637538052415,0.5,True
4ro3__A1_M1RHE3--4ro3__B1_M1RHE3,0.9739185750636132,0.5,True
1c0n__A1_P77444--1c0n__A2_P77444,0.9582486486665918,0.5,True
7tq0__A1_P00459--7tq0__A2_P00459,0.9916652008605409,0.5,True
1o4w__A1_O29664--1o4w__A2_O29664,0.9935090621691872,0.5902617515122299,True
4jzp__A1_P51572--4jzp__B1_P51572,0.9731105862739651,0.5,True
2or2__A1_P08954--2or2__B1_P08954,0.9845155016308489,0.5,True
5xdf__B1_Q5SL04--5xdf__A1_Q5SL04,0.9622575615157711,0.5,True
6kr4__A1_P10586--6kr4__E1_P60469,0.9367778568137611,0.5,False
1itv__A1_P14780--1itv__B1_P14780,0.9764528530426311,0.5,True
8e51__A1_A0A5N5MKD0--8e51__B1_UNDEFINED,0.7128047981980565,0.5,False
2qgi__A1_P05449--2qgi__B1_P05449,0.9683777816306138,0.5,True
1a19__A1_P11540--1a19__B1_P11540,0.925744237388073,0.5,True
8a9x__A1_P15752--8a9x__C1_P15752,0.9940068525280424,0.5695253892543654,True
3onm__A1_UNDEFINED--3onm__B1_UNDEFINED,0.9486303724052947,0.5,True
7wrs__A1_Q5ZJ86--7wrs__B1_UNDEFINED,0.9156241846830799,0.5,False
8e9e__B1_Q02293--8e9e__A1_Q04631,0.9049454419750872,0.5,False
2h4c__A1_Q7T2R1--2h4c__B1_Q7T3T5,0.947049681417266,0.5,False
2bdt__A1_Q9K6P2--2bdt__A2_Q9K6P2,0.9824316313202119,0.5,True
5vbn__A1_P56282--5vbn__B1_Q07864,0.9188941757110726,0.5,False
8gt0__A1_Q8I6U4--8gt0__B1_P01040,0.9295220355968019,0.5,False
5lrr__A1_P22262--5lrr__B1_P22262,0.9876595193765952,0.5,True
4y7i__A1_Q96EF0--4y7i__B1_Q96EF0,0.9886382946932025,0.5,True
1who__A1_P43214--1who__A2_P43214,0.9272040800023544,0.5,True
4g10__A1_Q9WXJ9--4g10__A2_Q9WXJ9,0.9831090265207824,0.5,True
8q4k__A1_O51180--8q4k__B1_O51180,0.9534253460861211,0.5021026339231754,True
6hp3__A1_O31927--6hp3__B1_O31927,0.960120611499576,0.5,True
8hs0__A1_Q9LIR4--8hs0__A2_Q9LIR4,0.9729264917759304,0.5,True
6gz1__A1_P10151--6gz1__A2_P10151,0.9856905529045503,0.5,True
8pbu__A1_P27708--8pbu__A2_P27708,0.9296634922407445,0.5,True
7zjc__A1_P0DV83--7zjc__A2_P0DV83,0.9314756544305047,0.5,True
6ecu__B1_Q8RJY3--6ecu__A1_Q8RJY3,0.9715690583452368,0.5,True
7p0h__A1_O26008--7p0h__C1_O26008,0.9819255757720522,0.5,True
5b3g__B1_Q9SZF7--5b3g__A1_Q9M384,0.9596701614052059,0.5,False
7vzy__B1_Q84G19--7vzy__A1_Q84G19,0.9771405289429289,0.5,True
2q3t__A1_Q9LUJ3--2q3t__A2_Q9LUJ3,0.9346519626909495,0.5207990138879356,True
8j3t__A1_A0A0G2TMR2--8j3t__B1_A0A0G2TMR2,0.9854151619997227,0.5,True
7pt0__A1_Q9KYU4--7pt0__B1_Q9KYU4,0.9908395210830798,0.5185059380032206,True
6m09__B1_Q8LDU1--6m09__A1_Q8LDU1,0.9831947630484026,0.5,True
7uxs__B1_J8G6Z1--7uxs__A1_J8G6Z1,0.9646492155387076,0.5,True
2q03__A1_Q12ML0--2q03__B1_Q12ML0,0.9162487231144657,0.5,True
6kcp__B1_Q9VAA9--6kcp__A1_Q9VAA9,0.906041072486063,0.5,True
3zn4__A1_C8CHL4--3zn4__A2_C8CHL4,0.9508187886100662,0.5,True
6sj4__B1_A0A022MQ12--6sj4__A1_A0A022MQ12,0.9704695233777575,0.5,True
5cyy__A1_P9WG63--5cyy__B1_P9WG63,0.9725109594556408,0.5,True
3tj3__A1_P52294--3tj3__B1_Q9UKX7,0.8587991286614758,0.5,False
3i32__A1_Q72GF3--3i32__A2_Q72GF3,0.9817933738574294,0.5,True
1jk9__B1_P40202--1jk9__A1_P00445,0.9545407238499837,0.5,False
4z3u__B1_G3G955--4z3u__A1_G3G8X8,0.9530982570743953,0.5,False
4e4w__A1_P38920--4e4w__B1_P14242,0.9605908195920687,0.5,False
5yw5__A1_Q5NII9--5yw5__D1_Q5NII9,0.9549041588845237,0.5312177980292394,True
3ab8__A1_Q5SLE3--3ab8__B1_Q5SLE3,0.9549762350771245,0.5,True
3mxt__A1_Q9PIK2--3mxt__A2_Q9PIK2,0.9619203629032258,0.5,True
1wr8__B1_O50129--1wr8__A1_O50129,0.9801939741762898,0.5,True
7war__B1_A0A1B6PFV1--7war__A1_A0A1B6PFV1,0.9534704391900047,0.5,True
7fn1__B1_P32357--7fn1__A1_P33334,0.9932618176702308,0.5,False
7xl7__A1_A0A2J0R8J6--7xl7__B1_A0A2J0R8J6,0.9317404875148632,0.5,True
8vc5__A1_Q9XCL6--8vc5__B1_Q9XCL6,0.9839790884985689,0.5,True
5jfz__A1_P20605--5jfz__B1_P0ADX5,0.9347366021618898,0.5,False
1gkh__A1_P69543--1gkh__A2_P69543,0.9567543620501635,0.5,True
5g37__B1_P10565--5g37__A1_P06575,0.8970964864012065,0.5,False
2gjx__A1_P06865--2gjx__B1_P07686,0.9532092395371758,0.5,False
3aqb__B1_O66129--3aqb__A1_O66127,0.9717322841934737,0.5,False
8q1a__A1_Q16790--8q1a__C2_Q16790,0.8710204353463182,0.5,True
8ezt__D2_UNDEFINED--8ezt__A1_UNDEFINED,0.9516908441541513,0.5056179775280899,True
5ez1__B1_P56112--5ez1__A1_P56112,0.9478176904084992,0.5,True
3lwd__A1_Q1QTX1--3lwd__A2_Q1QTX1,0.9938677388684378,0.5121747975741616,True
4wic__A1_Q2FAE9--4wic__B1_Q2FAE9,0.9101403394419972,0.5,True
8dye__A1_P31040--8dye__B1_Q5VUM1,0.9035859493493417,0.5,False
6xnr__A1_UNDEFINED--6xnr__A2_UNDEFINED,0.9315881093324233,0.5,True
2ch6__A1_Q9UJ70--2ch6__D1_Q9UJ70,0.9719647733362824,0.5,True
3gpn__A1_P15873--3gpn__A2_P15873,0.9705696162142157,0.5,True
5y69__A1_A8ATW7--5y69__B1_A8ATW7,0.9377570266272189,0.5,True
7th0__A1_P31667--7th0__A2_P31667,0.9147676577684536,0.5,True
2qh0__A1_Q97H22--2qh0__A2_Q97H22,0.9719357181768659,0.5125,True
7uln__A1_P09514--7uln__B1_P09514,0.9583807993685414,0.5,True
5ubb__A1_Q5VVY1--5ubb__A2_Q5VVY1,0.9951936549101918,0.5,True
5kvs__B1_O54512--5kvs__A1_O54512,0.9811170694299765,0.5,True
3frs__A1_P53990--3frs__A2_P53990,0.8881042778123261,0.5,True
3obv__A1_O08808--3obv__C1_O08808,0.9774689759945651,0.5,True
4wkz__A1_A0AEF5--4wkz__B1_W5IDC3,0.9723777168605404,0.5,False
3kt0__A1_Q12109--3kt0__A2_Q12109,0.981577535738178,0.5,True
5i90__A1_G3XCY5--5i90__B1_G3XCY5,0.9674911511777007,0.5,True
3bat__B1_P24733--3bat__A1_P24733,0.9489638225643794,0.5,True
2ps1__A1_P13298--2ps1__B1_P13298,0.9797822079468061,0.5125950534038255,True
1fcd__A1_Q06530--1fcd__B1_Q06529,0.9935072764855724,0.5,False
8hy8__A1_A0A085BE66--8hy8__A2_A0A085BE66,0.9859314467384372,0.5,True
8har__A1_Q2L6E4--8har__B1_Q2L6E4,0.9894087561545399,0.5,True
8a60__A1_P06971--8a60__B1_Q38162,0.8615303599582301,0.5,False
4je4__A1_Q06124--4je4__B1_P02751,0.9224763594118895,0.5,False
2a6c__A1_Q82UW4--2a6c__A2_Q82UW4,0.9582820004927953,0.5815768168625581,True
5k9l__B1_A8MW95--5k9l__A1_A8MW95,0.9519613434727503,0.5,True
5mzg__A1_P53368--5mzg__B1_P53368,0.957084470359379,0.5,True
6lfn__A1_UNDEFINED--6lfn__B1_UNDEFINED,0.7557526626166153,0.5,True
7ucc__B1_P17535--7ucc__A1_P53539,0.9571660739272387,0.5,False
8d0x__A1_Q9Y231--8d0x__A2_Q9Y231,0.9328695506253408,0.5,True
6ano__B1_Q9UKL3--6ano__A1_Q9UKL3,0.9617242102653584,0.5,True
6d0a__A1_Q8N5Z0--6d0a__A2_Q8N5Z0,0.9699138550292626,0.5,True
2xga__B1_P35530--2xga__A1_P35530,0.9923224642152024,0.5,True
2i3o__A1_Q9HJH4--2i3o__B1_Q9HJH4,0.9777271853380889,0.5,True
1ijx__A1_P97401--1ijx__C1_P97401,0.935826731078905,0.5,True
6h2u__A1_Q9NRN9--6h2u__B1_Q9UI30,0.971531949821991,0.5116279069767442,False
8h2v__A1_Q93HT8--8h2v__B1_Q93HT8,0.9726059621382739,0.5,True
1wat__B1_P02941--1wat__A1_P02941,0.9720098804965893,0.5,True
7y9b__A1_A3EXD6--7y9b__B1_A3EXD6,0.9392604344976404,0.5,True
7yuj__B1_Q9BYM8--7yuj__A1_Q9BYM8,0.8172289832085367,0.5,True
8c5k__A1_P87252--8c5k__A2_P87252,0.9224726450576248,0.5,True
2spc__A1_P13395--2spc__B1_P13395,0.9009563165174151,0.5,True
6q2e__A1_A5UMY5--6q2e__B1_A5UMY5,0.9564438697443736,0.5,True
4p8i__A1_P40746--4p8i__B1_P40746,0.9522956007115491,0.5,True
8gp6__B1_P16710--8gp6__A1_P07611,0.8874414296346276,0.5,False
8a82__A1_K7WEY7--8a82__B1_K7XCU4,0.9483295038021774,0.5,False
3a4l__B1_Q58933--3a4l__A1_Q58933,0.9828563512132553,0.5072463768115942,True
1z52__A1_P09167--1z52__B1_P09167,0.8718561308349769,0.5,True
6c0g__A1_A0A3F2YLX1--6c0g__B2_A0A3F2YLX1,0.9174825594613606,0.4999608426658313,True
8owi__A1_Q02224--8owi__B1_Q02224,0.8739666090961428,0.5,True
1k3r__B1_O26109--1k3r__A1_O26109,0.9833929445095015,0.5162529209476322,True
7fga__A1_Q8DIJ4--7fga__B2_Q8DIJ4,0.9806202709003354,0.5,True
5akq__A1_O52063--5akq__B1_O52063,0.9840081853276913,0.5,True
7y86__B1_A0A0K2E3A3--7y86__A1_A0A0K2E3A3,0.9775438696329055,0.5537532569417063,True
8d1u__A1_P0A6R0--8d1u__A2_P0A6R0,0.9859824072059018,0.5,True
1vqw__A1_Q9HFE4--1vqw__B1_Q9HFE4,0.97230733203898,0.5,True
7rzb__A1_A0A229LVN5--7rzb__A2_A0A229LVN5,0.9714867853006212,0.5,True
6qta__A1_G0SHE6--6qta__B1_G0SC29,0.9232013626915082,0.5,False
7toc__A1_A0A2H0ZMH9--7toc__B1_A0A2H0ZMH9,0.9090049228546606,0.5,True
7ula__B1_Q88ND0--7ula__A1_Q88NC7,0.9887661533850426,0.5,False
8bes__A1_A0A856TAI5--8bes__B1_A0A856TAI5,0.9759491463701769,0.5,True
7wjt__B1_Q8BZB3--7wjt__A1_Q8BZB3,0.9548785235718311,0.5,True
6j9n__A1_X5EPV9--6j9n__B1_A0A425B395,0.7893418752080654,0.5,False
1kll__A1_O05205--1kll__A2_O05205,0.9846173037512252,0.5103125278446048,True
8uel__A1_UNDEFINED--8uel__B1_UNDEFINED,0.9904649321768857,0.5,True
7xky__A1_Q58690--7xky__B1_Q58034,0.9839697113930028,0.5119047619047619,False
4p04__A1_A0A0D6H805--4p04__B1_A0A0D6H805,0.927862973605623,0.5,True
1txz__A1_Q04299--1txz__A2_Q04299,0.9866486309885083,0.5,True
4af5__A1_Q8NQ97--4af5__A2_Q8NQ97,0.9161792070910098,0.5285714285714286,True
8af9__A1_Q2YPZ9--8af9__H1_Q2YPZ9,0.9924483597906391,0.5,True
8gm9__D1_P9WPD3--8gm9__A1_P9WPD3,0.9653557401988956,0.5,True
7wsx__A1_D9PYV4--7wsx__B1_D9PYV4,0.9915694082503456,0.5,True
4g86__A1_Q79PF6--4g86__B1_Q79PF6,0.9368024656066393,0.5,True
3bq3__A1_Q12395--3bq3__A2_Q12395,0.9254204723906647,0.5,True
7eva__A1_P31490--7eva__A2_P31490,0.9470546902867426,0.5,True
8r7d__B1_G5EI71--8r7d__A1_Q8LJL3,0.896384160207546,0.5,False
7pwy__A1_Q8TDX5--7pwy__B1_Q8TDX5,0.9856002459693346,0.5,True
3ut4__A1_A3DJ21--3ut4__B1_A3DJ21,0.9859475173255119,0.5,True
8eei__B1_A0A807MR40--8eei__A1_A0A807MR40,0.9897282164285858,0.5,True
8bp5__B1_A0A369SI82--8bp5__A1_A0A369SI82,0.9867538122255104,0.5,True
3l34__B1_Q9HT87--3l34__A1_Q9HT87,0.9503674603653556,0.5068877659911126,True
8god__A1_Q9UM07--8god__A2_Q9UM07,0.9755522225815345,0.5,True
1h9g__A1_P0A8V6--1h9g__A2_P0A8V6,0.9853349985899037,0.5,True
7qg6__D1_Q9HAU5--7qg6__C1_Q9H1J1,0.8788609644110811,0.5,False
8sz3__B2_Q9NY97--8sz3__A1_Q9NY97,0.9708780439645098,0.5,True
5a10__A1_G1FNI6--5a10__A2_G1FNI6,0.9526115857001205,0.5,True
7qoc__A1_Q8NQV9--7qoc__B1_Q8NQV9,0.980812274522503,0.5,True
8a90__B1_A0A7S9SWM2--8a90__A1_A0A7S9SWM2,0.977134322402921,0.5,True
3iaa__A1_Q8KNE0--3iaa__B1_Q8KNE0,0.9279941944570469,0.5,True
3n50__B1_Q9H4W6--3n50__A1_Q9H4W6,0.9596642468239566,0.5,True
2qg3__A1_O28220--2qg3__A2_O28220,0.9526938978280303,0.5,True
7ysk__A1_Q6D6Z8--7ysk__B1_Q6D6Z8,0.99089812928621,0.5,True
7spz__A1_A8B3G9--7spz__A2_A8B3G9,0.9791713627301436,0.5,True
4q2e__B1_Q9X1B7--4q2e__A1_Q9X1B7,0.8848826705237078,0.5,True
8cff__A1_Q7SIF4--8cff__B1_Q7SIF3,0.9240598921510357,0.5,False
7uqo__A1_UNDEFINED--7uqo__A2_UNDEFINED,0.8493710518076506,0.5,True
5d4v__C1_Q57913--5d4v__A1_Q57913,0.9537545714046542,0.5,True
2p23__A1_O95750--2p23__B1_O95750,0.7579984314149719,0.5,True
7u55__A1_A0A151EDA9--7u55__A2_A0A151EDA9,0.9472277082984933,0.5,True
1rkw__A1_P0A0N4--1rkw__C1_P0A0N4,0.9808649066908345,0.5458024185962865,True
1ps6__A1_P19624--1ps6__B1_P19624,0.952371745087388,0.5,True
2y21__L1_O28769--2y21__K1_O28769,0.9838528818120654,0.6611067503924647,True
2z5i__A1_P58772--2z5i__B1_P58772,0.9525666714374316,0.5,True
5l7u__B1_A6L2E5--5l7u__A1_A6L2E5,0.9777817142780992,0.5,True
3egq__A1_O28458--3egq__B1_O28458,0.9835360329444063,0.5,True
7r3a__A1_Q6LYR8--7r3a__E1_Q6LYR8,0.9835910148193485,0.5,True
7yq0__A1_A0A101DF63--7yq0__B1_A0A101DF63,0.9872090044526929,0.5,True
3wsc__A1_Q25C86--3wsc__B1_Q25C86,0.8262151529039767,0.5,True
4pib__B1_Q2SVW5--4pib__A1_Q2SVW5,0.9503687851513939,0.5,True
7vmx__B1_P9WNN1--7vmx__A1_P9WNM1,0.9539019262945644,0.5,False
1ykd__A1_P94182--1ykd__B1_P94182,0.9669367803942426,0.5,True
4ux7__A1_Q183F3--4ux7__B1_Q183F3,0.9258351747867842,0.5,True
3k3d__A1_P9WLZ7--3k3d__A2_P9WLZ7,0.9605317648184014,0.5035745881452789,True
1sj5__A1_Q9WY07--1sj5__B1_Q9WY07,0.9844587500509193,0.5,True
4c12__A1_Q2FZP6--4c12__A2_Q2FZP6,0.9555719700787719,0.5,True
3k9m__A1_P07858--3k9m__B1_P01040,0.9375333190960935,0.5,False
1ccd__A1_P17559--1ccd__A2_P17559,0.9467192877725943,0.5159576820181742,True
8xiz__A1_T2B4K5--8xiz__B1_T2B4K5,0.976515953878054,0.5,True
7wz6__A1_P15806--7wz6__B1_P10085,0.9654656218984586,0.5254237288135594,False
2i00__A1_Q831Y9--2i00__B1_Q831Y9,0.9738683680558924,0.5,True
5ffi__A2_Q44501--5ffi__B1_Q44501,0.9431065560026827,0.5,True
3cnk__A1_P21333--3cnk__B1_P21333,0.982177267742441,0.5458356180479398,True
8gt9__A1_A8MW95--8gt9__B1_A8MW95,0.9546955846716471,0.5,True
4l2w__B1_Q13464--4l2w__A1_Q13464,0.9543113815108586,0.5,True
3d0j__A1_Q97DI0--3d0j__A2_Q97DI0,0.9320754605909928,0.5,True
7qaj__F1_UNDEFINED--7qaj__A1_Q8JIV8,0.9091295387714872,0.5,False
4ct0__A1_P97784--4ct0__B1_O54943,0.9155417324720077,0.5,False
3av0__A1_Q58719--3av0__B1_Q58718,0.967873376183403,0.5,False
8bln__A1_C9QZ65--8bln__H1_C9QZ65,0.9643281527920524,0.5,True
2riq__A1_P09874--2riq__A2_P09874,0.8699980599773324,0.5,True
8hd5__A1_Q99U17--8hd5__B1_Q99U17,0.9386080157336741,0.5076856927872729,True
6xrb__A1_A0A0H3NHS6--6xrb__B1_A0A0H3NHS6,0.9570181886721327,0.5074074074074074,True
8a1g__A1_Q13596--8a1g__C1_Q9Y5X3,0.9673564096008868,0.5,False
8tn3__A1_Q643B9--8tn3__B1_Q643B9,0.9661561925159914,0.5,True
5ghs__A1_Q5JGL0--5ghs__C1_Q5JF31,0.9363021413510503,0.5,False
5umw__A1_A0A125SA26--5umw__F1_A0A125SA26,0.9587439084427186,0.5,True
7x7j__A1_UNDEFINED--7x7j__B1_UNDEFINED,0.9746733971374549,0.5,True
7zcv__B1_A0A0E7KI02--7zcv__A1_A0A0E7KI02,0.9040396248918852,0.5,True
6scq__A1_Q8NNN6--6scq__A2_Q8NNN6,0.9399599898939277,0.49990266692622154,True
4ml9__A1_D1AMR0--4ml9__B1_D1AMR0,0.9540373286069221,0.5,True
7yfu__A1_Q8CG73--7yfu__B1_Q8CG73,0.9707957133075368,0.5,True
2yn3__C1_Q8ZKG6--2yn3__A1_Q8ZKG6,0.8334654391968079,0.5,True
3ix1__A1_Q9K9G5--3ix1__B1_Q9K9G5,0.9511343623015666,0.5,True
7khs__A1_Q2CEE3--7khs__B1_Q2CEE3,0.9809673376666421,0.5,True
8k5l__A1_A0A829KK40--8k5l__B1_A0A829KK40,0.9850491818924738,0.5,True
2g0t__B1_Q9WZQ3--2g0t__A1_Q9WZQ3,0.9849677388071018,0.5,True
3lr3__A1_Q63T74--3lr3__A2_Q63T74,0.9882401452650525,0.5135825580175094,True
4pxq__A1_F1QR43--4pxq__B1_F1QR43,0.9577866591473214,0.5,True
4z5y__A1_Q88QV5--4z5y__A2_Q88QV5,0.9685596168004666,0.5,True
7zhf__A1_A0A0U2WWJ1--7zhf__A2_A0A0U2WWJ1,0.9648321328178601,0.5,True
6h86__A1_B5KM66--6h86__B1_B5KM66,0.8947119085687215,0.5,True
7saf__B1_Q6TLP8--7saf__A1_Q6TLP8,0.9594745301275954,0.5,True
7zj1__B1_P55265--7zj1__A1_P55265,0.925088086771559,0.5,True
4g9k__A1_P32340--4g9k__B1_P32340,0.9878969868351977,0.5,True
8b35__A1_Q96562--8b35__B1_Q96562,0.9796677033510339,0.5,True
2rdz__A1_P0ABK9--2rdz__B1_P0ABK9,0.9715389667010784,0.5,True
6bzf__B1_P53061--6bzf__A1_P17122,0.9607857063986368,0.5,False
5ydd__B1_P9WME7--5ydd__A1_P9WME7,0.9502916337456223,0.49982597800361966,True
4czd__B1_B8J3A4--4czd__A1_B8J364,0.9294443901384877,0.5,False
3ft7__B1_Q54323--3ft7__A1_Q54323,0.9226727082427025,0.5288992070431453,True
4pz1__A1_Q99XU0--4pz1__A2_Q99XU0,0.9103419798548684,0.5,True
2w1t__A1_P37554--2w1t__B1_P37554,0.9787113823597724,0.5,True
7qz5__A1_A2RI36--7qz5__B1_A2RI36,0.9679580014482259,0.5,True
5h31__A1_Q14790--5h31__B1_Q14790,0.9725240391341249,0.5,True
8p33__A1_O51254--8p33__A2_O51254,0.9745654522242955,0.5,True
8orv__A1_A0A7H0DNF0--8orv__A2_A0A7H0DNF0,0.9626946977645066,0.5,True
8oru__A1_O93732--8oru__B1_O93732,0.9790917290393435,0.5,True
8slg__B1_G7CIG9--8slg__A1_G7CIG9,0.9667858574417277,0.5,True
3l2e__B1_Q6AW42--3l2e__A1_Q6AW43,0.9373704168946981,0.5,False
3b0a__A1_P0CG48--3b0a__B1_Q9WUB0,0.8898424053996178,0.5,False
6etz__A1_A0A023UGN9--6etz__A2_A0A023UGN9,0.9214498996486128,0.5,True
7sfz__B1_Q9NYP9--7sfz__A1_Q9NYP9,0.9698820614703418,0.5,True
8vdw__B1_T0TAB9--8vdw__A1_T0TAB9,0.9946480227869641,0.5,True
8ri0__A1_E4THH1--8ri0__B1_E4THH1,0.954247640199889,0.5,True
5z2i__B1_Q54LT0--5z2i__A1_Q54LT0,0.8856289703190612,0.5,True
4miv__A1_P51688--4miv__B1_P51688,0.9483525682718389,0.5,True
3vh1__A1_P38862--3vh1__A2_P38862,0.9777799775535002,0.5,True
7z98__A1_E6V140--7z98__A2_E6V140,0.9865964735642001,0.5,True
2ond__A1_Q99LI7--2ond__B1_Q99LI7,0.9715579741552156,0.5,True
7vt9__A1_P21517--7vt9__B1_P21517,0.913364242396073,0.5,True
1gju__A1_O33838--1gju__A2_O33838,0.9567061284207056,0.5,True
6hta__A1_A0A3F2YM29--6hta__B1_A0A3F2YM29,0.9326584373386779,0.5,True
3h7h__A1_P63272--3h7h__B1_O00267,0.9543565378439334,0.5410591987332326,False
1dek__A1_P04531--1dek__B1_P04531,0.9902667736930234,0.5,True
4z39__A1_A0A0S2E5N6--4z39__B1_A0A0S2E5N6,0.9558092069005683,0.5,True
5ca9__A1_Q9C0L9--5ca9__A2_Q9C0L9,0.9386285106235976,0.5,True
2zvx__A1_P00974--2zvx__B1_P00974,0.7345512931782676,0.5,True
6x0a__A1_F7Y4W0--6x0a__S1_F7YBW8,0.8096303875175853,0.5,False
7spq__A1_C5AMM8--7spq__A2_C5AMM8,0.9705484682014741,0.5,True
7spn__A1_A0A7C2VFT1--7spn__B1_A0A7C2VFT1,0.9790648684286651,0.5,True
1tv8__A1_P65388--1tv8__B1_P65388,0.8872801359260284,0.5,True
3mkr__B1_Q27954--3mkr__A1_Q28104,0.9754418555255007,0.4999892414119571,False
7tdq__A1_Q2HR80--7tdq__B1_Q2HR80,0.8587408687893827,0.5,True
7xoi__A1_A0A5N6DPG0--7xoi__B1_A0A5N6EXS6,0.9483187925489188,0.5,False
8h62__A1_P0DJM0--8h62__B1_P12830,0.9432628309968667,0.5,False
7dyc__A1_UNDEFINED--7dyc__A2_UNDEFINED,0.8846924659817674,0.5,True
8bbt__A1_A0A0B4VFQ3--8bbt__A2_A0A0B4VFQ3,0.945471287042758,0.5,True
3t2l__A1_Q5LE95--3t2l__A2_Q5LE95,0.9775313992650179,0.5,True
3uet__A1_B7GNN8--3uet__B1_B7GNN8,0.9379985010153595,0.5,True
8fdb__B1_Q12KP2--8fdb__A1_Q12KP2,0.9560596615522932,0.5,True
6ok3__A1_C3X9N1--6ok3__B1_C3X9N1,0.7253517876068093,0.5,True
8hp3__A1_A0A2K0XCZ3--8hp3__B1_A0A2K0XCZ3,0.9497499207087391,0.5,True
7xkg__A1_A7NHS9--7xkg__B1_A7NHS9,0.9155660585027197,0.5,True
1l7e__A1_Q2RSB2--1l7e__B1_Q2RSB2,0.9840307372641294,0.5,True
8gst__A1_Q1NEI7--8gst__B1_Q1NEI7,0.9832240563922483,0.5,True
7cq3__A1_P38324--7cq3__B1_Q12098,0.9749160053210841,0.5,False
5htf__A1_Q8Y759--5htf__B1_Q8Y759,0.9843396546193852,0.5,True
6c90__A1_P42285--6c90__B1_Q6NZY4,0.9391850854522698,0.5,False
6e1j__A1_C5J4P1--6e1j__B1_C5J4P1,0.9457181714491023,0.5,True
3ccd__A1_P0AA04--3ccd__B1_P0AA04,0.6887456687456688,0.5,True
3dzl__B1_Q396C9--3dzl__A1_Q396C9,0.9420011356262168,0.5,True
4ir7__A1_UNDEFINED--4ir7__A2_UNDEFINED,0.9685132668225791,0.5,True
7nlj__B1_UNDEFINED--7nlj__A1_K3YAU1,0.7655134977213748,0.5,False
2y1h__B1_Q17R31--2y1h__A1_Q17R31,0.8531212250041307,0.5,True
7unj__A1_UNDEFINED--7unj__B1_UNDEFINED,0.9909500116448942,0.5,True
7lfs__A1_P00533--7lfs__E1_O14944,0.9419985570297693,0.5,False
6jiw__A1_A0A0H3JU78--6jiw__A2_A0A0H3JU78,0.8042804155444402,0.5,True
8ees__A1_A0A0H3GMB7--8ees__B1_A0A0H3GMB7,0.9925079402974066,0.5,True
3nb6__A1_O66874--3nb6__A2_O66874,0.9447165451473475,0.5,True
5f8c__A1_O53532--5f8c__A2_O53532,0.9785238570187573,0.5,True
5yet__A1_Q5UQV1--5yet__B1_Q5UQV1,0.9727633763865142,0.5,True
8jt3__A1_H8Y6N2--8jt3__C1_H8Y6N2,0.9519074478702276,0.5,True
1ije__A1_P02994--1ije__B1_P32471,0.9220531351791531,0.5,False
6on4__A1_P0A8W0--6on4__B1_P0A8W0,0.9652771683334099,0.5,True
4zvc__A1_P0AA89--4zvc__B1_P0AA89,0.9531738344187376,0.5253484332785846,True
4qoa__A1_A7VAB9--4qoa__A2_A7VAB9,0.9712186051827992,0.5,True
6wmv__A1_U5WZP7--6wmv__B1_U5WZP7,0.971767908473325,0.5,True
3e3c__A1_Q7DB61--3e3c__B1_Q7DB61,0.9742321780127617,0.5080645161290323,True
7zc8__B1_UNDEFINED--7zc8__A1_UNDEFINED,0.9511132730448626,0.5,True
6ekk__A1_Q8TEH3--6ekk__C1_Q15286,0.9523729439041555,0.5,False
8a9w__A1_P15751--8a9w__A2_P15751,0.9936978854301689,0.6345982704250421,True
2gj9__A1_P25522--2gj9__B1_P25522,0.9629486770115837,0.5,True
3cm7__C1_P98170--3cm7__D1_P98170,0.9825941876269452,0.5,True
8f5v__A1_O53728--8f5v__B1_O53728,0.9737413998832161,0.5,True
1ecj__A1_P0AG16--1ecj__B1_P0AG16,0.9665629408077356,0.5,True
3s5r__A1_Q2LS68--3s5r__B1_Q2LS68,0.9528259654867717,0.5,True
3im3__A1_P00514--3im3__A2_P00514,0.9117433124891435,0.5061664061142956,True
4mcj__B1_A6L9R1--4mcj__A1_A6L9R1,0.9899933658449009,0.5,True
7vw1__B1_V5J1S8--7vw1__A1_V5J1S8,0.9489356785951534,0.5,True
3p12__A1_Q2G1A5--3p12__D1_Q2G1A5,0.9734980483522353,0.5,True
8aq0__A1_Q6DTN4--8aq0__B1_Q6DTN4,0.9509832682090014,0.5,True
3wpm__A1_G2IKE5--3wpm__B1_G2IKE5,0.9526054658083225,0.5,True
7xof__B1_Q0DFB6--7xof__A1_Q0DFB6,0.9763108679560711,0.5,True
8a8f__A1_P32598--8a8f__B1_P42073,0.8072511198162013,0.5,False
5un7__A1_Q9NUX5--5un7__B1_Q96AP0,0.9368061026069368,0.5,False
8juk__A1_V5VGC6--8juk__B1_V5VGC6,0.9852586854803116,0.5,True
8snp__A1_O09118--8snp__A2_O09118,0.9521168698092971,0.5,True
8ic6__A1_UNDEFINED--8ic6__B1_UNDEFINED,0.9812349032423415,0.5,True
6wjc__A1_P11229--6wjc__B1_Q8QGR0,0.9350677108826889,0.5,False
8ard__A1_Q64331--8ard__A2_Q64331,0.9181512650964534,0.5,True
3mqi__A1_Q9UH73--3mqi__B1_Q9UH73,0.875592835399311,0.5,True
3q01__A1_P04637--3q01__B1_P04637,0.9616033167169531,0.5,True
7ylq__A1_Q93CA6--7ylq__B1_Q93CA6,0.9393132253454448,0.5,True
2yvo__A1_Q5SJY9--2yvo__A2_Q5SJY9,0.9285074602661294,0.5,True
5vpa__B1_P17535--5vpa__A1_P53539,0.9173846800462331,0.5,False
3v78__B1_P95092--3v78__A1_P95092,0.9829719100157768,0.5244592205264111,True
7pzh__A1_A0A174J845--7pzh__B1_A0A174J845,0.9618348281048567,0.5,True
3m0f__A1_Q4KDJ6--3m0f__B1_Q4KDJ6,0.9656803656233938,0.5,True
1y4h__A1_P0C1S6--1y4h__C1_Q9EYW6,0.9071154670466525,0.5,False
2o4c__A1_Q9I3W9--2o4c__B1_Q9I3W9,0.9958274829018838,0.5,True
1ynh__A1_P76216--1ynh__D1_P76216,0.9968704303259472,0.5,True
8ohx__A1_U4Q148--8ohx__B1_U4Q148,0.9645253660680114,0.5,True
3a6m__A1_Q56236--3a6m__B1_Q56236,0.9497497442642117,0.5,True
4bvp__A1_Q5ZUA2--4bvp__B1_Q5ZUA2,0.959005729478106,0.5,True
7oc6__A1_A0A2U8U2L5--7oc6__A2_A0A2U8U2L5,0.9744047392943154,0.5,True
6qpq__A1_G0SGH3--6qpq__B1_Q12158,0.9841805088309504,0.5,False
3ct6__A1_Q9CIV6--3ct6__B1_Q9CIV6,0.9713835735313502,0.5,True
1qae__A1_P13717--1qae__B1_P13717,0.9575608097538932,0.5,True
3q5w__B1_P38937--3q5w__A1_P38937,0.940400045374579,0.5,True
8gol__B1_G9I933--8gol__A1_G9I933,0.9492127213126409,0.5,True
7epj__A1_P62554--7epj__A2_P62554,0.9857795672364391,0.5,True
1ag9__A1_P61949--1ag9__B1_P61949,0.9941627826148951,0.5,True
3gwh__B1_O31691--3gwh__A1_O31691,0.9373291234815335,0.5029940119760479,True
5gw1__A1_P57768--5gw1__B1_P57768,0.9413722796823922,0.5,True
3l2o__B1_Q9UKT5--3l2o__A1_P63208,0.9663209757582318,0.5,False
7y3u__A1_A0A8B9XNB5--7y3u__B1_A0A8B9XNB5,0.9653472301141736,0.5,True
3wrf__A1_E8MGH8--3wrf__A2_E8MGH8,0.9770623084231952,0.5,True
7yyl__A1_Q3AET9--7yyl__B1_Q3AET9,0.8918776901739728,0.5,True
8syb__B1_Q72KY0--8syb__A1_Q72KY0,0.9955328690230287,0.5,True
8qc3__A1_A0A1C9WRL0--8qc3__B1_A0A1C9WRL0,0.9886583484548424,0.5,True
3wtf__B1_Q9BUH6--3wtf__A1_Q9BUH6,0.982933378957391,0.5,True
2x0e__B1_Q7BG50--2x0e__A1_Q7BG50,0.9582170983990024,0.5,True
1ojh__A1_Q8YNP7--1ojh__B1_Q8YNP7,0.7685906810035843,0.5,True
3eyy__A1_Q9K4F8--3eyy__B1_Q9K4F8,0.9765580497448254,0.5,True
8bwv__D2_A0A482M8M0--8bwv__A1_A0A482M8M0,0.6602316669207634,0.5,True
7cm9__A1_A0A7V8UZ53--7cm9__B1_A0A7V8UZ53,0.9256227210763575,0.5,True
4nc8__A1_P12464--4nc8__A2_P12464,0.9696100766241094,0.5120967741935484,True
1zhh__A1_P54300--1zhh__B1_P54302,0.9185016671166255,0.5,False
8c0u__A1_Q9I5Q5--8c0u__B1_Q9I5Q5,0.952117683011362,0.5,True
2fbq__A1_Q9HZJ9--2fbq__A2_Q9HZJ9,0.9767482779356841,0.5,True
7fch__A1_O95256--7fch__C2_O95256,0.9610676466846179,0.5,True
8c7t__B1_A0A1B4XP18--8c7t__A1_A0A1B4XP18,0.9515133888714749,0.5,True
4iwn__A1_P76290--4iwn__B1_P76290,0.9926296770652273,0.5,True
1sc1__A1_P29466--1sc1__B1_P29466,0.893389911265803,0.5,True
5amt__A1_A0Q7H2--5amt__A2_A0Q7H2,0.9867234824933828,0.5,True
4ueb__C1_P48598--4ueb__D1_UNDEFINED,0.8931800090250419,0.5,False
7qfz__B1_B7L3Y3--7qfz__A1_B7L3Y3,0.9376826609386368,0.5,True
3hml__A1_A6T9H1--3hml__B1_A6T9H1,0.9739691360039118,0.5,True
1xk6__A1_P31572--1xk6__C1_P31572,0.9166415854973096,0.5,True
7r3s__A1_A0A4R2M5S2--7r3s__B1_A0A4R2M5S2,0.9385140807156581,0.5,True
2grx__A1_P06971--2grx__C1_P02929,0.8335286885027676,0.5,False
7vsf__A1_P25440--7vsf__B1_P25440,0.9234892521704262,0.5,True
3q34__A1_Q48EL2--3q34__C1_Q48EL2,0.9593674593068767,0.5,True
4r2k__A1_Q8ZP84--4r2k__A2_Q8ZP84,0.9809969554417795,0.5,True
3cgw__A1_Q8PVT6--3cgw__A2_Q8PVT6,0.9866074682605358,0.5,True
7r2f__A1_P21836--7r2f__B1_P21836,0.9903925246034498,0.5,True
4g19__A1_I6ZUH3--4g19__B1_I6ZUH3,0.983330931516313,0.5,True
3dg8__C1_P13922--3dg8__A1_P13922,0.9106482896601551,0.5,True
6m10__A1_Q9HUW0--6m10__C1_Q9HUW0,0.956067110148899,0.5,True
8tt2__B1_Q4K977--8tt2__A1_Q4K977,0.9641165052640462,0.5,True
1h31__A1_Q939U1--1h31__B1_Q939U4,0.9537730145458777,0.5,False
5iib__A1_P04552--5iib__B1_Q8WR62,0.970759431230832,0.5,False
6a5g__A1_UNDEFINED--6a5g__C1_UNDEFINED,0.9764551167837691,0.5477445544784265,True
7p7i__B1_R8APY9--7p7i__A1_R8APY9,0.9856494912903401,0.5,True
3hzu__A1_P9WHF7--3hzu__A2_P9WHF7,0.9768834229432758,0.5,True
5dob__A1_P16794--5dob__B1_P16791,0.9607295666327452,0.5,False
7xgs__A1_Q9FVC1--7xgs__A2_Q9FVC1,0.8580211636500178,0.5,True
6iju__A1_Q9KJN4--6iju__A2_Q9KJN4,0.9779370779290385,0.5,True
4kqd__B1_P06626--4kqd__A1_P06626,0.9347312237895539,0.5,True
2fu3__B1_Q03555--2fu3__A1_Q03555,0.9003009385275473,0.5,True
1jgt__B1_P0DJQ7--1jgt__A1_P0DJQ7,0.9738437575434333,0.5,True
6l4b__A1_Q9UGV2--6l4b__C2_Q9UGV2,0.9916710793916694,0.5,True
3lzk__A1_Q92LT4--3lzk__B1_Q92LT4,0.9479267865202313,0.5,True
1ht8__A1_P05979--1ht8__B1_P05979,0.9403046149678967,0.5,True
1z8h__A1_Q8YWS4--1z8h__B1_Q8YWS4,0.9639973747843781,0.5,True
8gk6__A1_W6USS8--8gk6__E1_W6USS8,0.9911790821572111,0.5096153846153846,True
4mjf__A1_A6L2I4--4mjf__A2_A6L2I4,0.977900361868235,0.5,True
7m4s__A1_Q8YLC3--7m4s__D1_Q8YLC3,0.9663219534796619,0.5,True
6fju__A1_E6N8B9--6fju__B1_E6N8B9,0.9848351883561643,0.5,True
6lgq__A1_P21865--6lgq__B1_P21866,0.8585138289596153,0.5,False
2y27__B1_B4E7B5--2y27__A1_B4E7B5,0.9841294239361278,0.5,True
2tdx__A1_P0DJL7--2tdx__A2_P0DJL7,0.991477936594485,0.5,True
8aim__C1_Q6GJ88--8aim__A1_A0A141HSF0,0.8983676450518845,0.5,False
8fj8__A1_P02638--8fj8__A2_P02638,0.9568630595950955,0.499937624750499,True
3uv0__B1_Q9W061--3uv0__A1_Q9W061,0.9916312927873413,0.585997362764401,True
8alo__B1_P24003--8alo__A1_P15795,0.955340593141798,0.5,False
2zb6__A1_P08362--2zb6__A2_P08362,0.9849309447770478,0.5,True
6xa0__A1_D1A230--6xa0__B1_D1A230,0.9503731678881445,0.5049080466243415,True
1zbo__B1_Q7WAM7--1zbo__A1_Q7WAM7,0.9352079213073801,0.5,True
6xb5__A1_A0A7E5VPD6--6xb5__B1_A0A7E5VPD6,0.9865897010063068,0.5,True
8duy__D1_A0A0H3GVN6--8duy__A1_A0A0H3GVN6,0.9824240487505793,0.5,True
7th5__A1_Q5SLG6--7th5__B1_Q5SLG6,0.9153133441672145,0.5,True
3uws__B1_A7A9N3--3uws__A1_A7A9N3,0.9799790933924724,0.5151515151515151,True
4u04__B1_Q9BVA6--4u04__A1_Q9BVA6,0.9852143176946848,0.5,True
2kin__A1_P56536--2kin__B1_Q6QLM7,0.9320541525183926,0.5041242218449349,False
3ulc__A1_Q08236--3ulc__A2_Q08236,0.9491908028455285,0.4997459349593496,True
8b2a__A1_Q2YWJ9--8b2a__A2_Q2YWJ9,0.993931854038804,0.5,True
8qff__A1_K9TLZ5--8qff__A2_K9TLZ5,0.9678992127655893,0.5,True
6w9q__A1_P0DTD1--6w9q__A2_P0DTD1,0.9821097036086529,0.5,True
8c8c__A1_P48426--8c8c__A2_P48426,0.9830588270890538,0.5,True
8iup__B1_A9A1Y1--8iup__A1_A9A1Y1,0.9790355944316844,0.5,True
3o7o__A1_Q9S5X8--3o7o__B1_Q9S5X8,0.9717565750473519,0.5,True
4bg8__A1_Q8TX37--4bg8__B1_Q8TX37,0.9837553426593336,0.5,True
7qxo__A1_G8UIQ1--7qxo__B1_G8UIQ1,0.953404016152216,0.5,True
4xiz__A1_Q05776--4xiz__D1_O60200,0.9612448691117502,0.5,False
2x3l__B1_UNDEFINED--2x3l__A1_UNDEFINED,0.96429675228551,0.5,True
7pwe__A1_Q6AL91--7pwe__B1_Q6AL91,0.9078501657479258,0.5,True
6uxu__A1_E2JB04--6uxu__B1_E2JB04,0.9270701853864173,0.5,True
3bid__A1_Q7DDI1--3bid__B1_Q7DDI1,0.916344096144724,0.5,True
4f7w__A1_B5XYG3--4f7w__B1_B5XYG3,0.9612090369287414,0.5,True
2rae__A1_Q0S3N9--2rae__A2_Q0S3N9,0.9927428707617716,0.5046296296296297,True
7ads__A1_A0A0R8HV90--7ads__A2_A0A0R8HV90,0.9434072337512035,0.5,True
7yn1__A1_E9JES9--7yn1__C1_E9JES9,0.9437801926798519,0.5,True
3t7y__A1_O84093--3t7y__B1_O84093,0.9094764525867559,0.5,True
8hhj__B1_UNDEFINED--8hhj__A1_A0A0Y5KAW3,0.8356793377958466,0.5,False
7u6p__A1_P11926--7u6p__B1_P11926,0.9318201993920766,0.5,True
4mis__A1_Q57ES7--4mis__B1_Q57ES7,0.9818932452588962,0.5947146459265573,True
2blf__A1_Q9LA16--2blf__B1_Q9LA15,0.9451817234528209,0.5,False
3ke3__A1_Q4FVA8--3ke3__A2_Q4FVA8,0.9755603205190395,0.5,True
7ywc__A1_Q9L0T8--7ywc__B1_Q9L0T8,0.9876367604780396,0.5,True
4wwr__B1_P46379--4wwr__A1_P11441,0.929021523647692,0.5297619047619048,False
7r0d__B1_Q9NV35--7r0d__A1_Q9NV35,0.9848652954396745,0.503968253968254,True
8w6x__A1_P21852--8w6x__B1_P21853,0.9588006413547108,0.5,False
8hdv__A1_UNDEFINED--8hdv__B1_UNDEFINED,0.8394641732152923,0.5,True
3fmf__A1_P9WPQ5--3fmf__B1_P9WPQ5,0.9215368568974222,0.5,True
2xrm__A1_D0AB41--2xrm__A2_D0AB41,0.9640196272543853,0.5,True
4xj7__A1_P66881--4xj7__B1_P66881,0.9587019317193923,0.5,True
7yrt__E1_H9L4P6--7yrt__A1_H9L4P6,0.8969061096853901,0.5,True
7tye__A1_P0A7J0--7tye__A2_P0A7J0,0.9767856719095093,0.5,True
2zvd__B1_Q9RBY1--2zvd__A1_Q9RBY1,0.9970623928949363,0.5,True
3mtw__A1_Q9A4Z9--3mtw__A2_Q9A4Z9,0.9948723685553983,0.5,True
3n2o__A1_Q7MK24--3n2o__B1_Q7MK24,0.9112687366483002,0.5,True
7ywd__A1_Q8TB36--7ywd__A2_Q8TB36,0.9972841765906643,0.5111111111111111,True
5upq__A1_A0A0A0V031--5upq__B1_A0A0A0V031,0.9477417411798436,0.5,True
1vgu__A1_Q46893--1vgu__B1_Q46893,0.9761265433440884,0.5,True
7pxo__A1_F4F7G1--7pxo__C1_F4F7G1,0.9840600836607936,0.5089285714285714,True
2dp9__A1_Q5SM30--2dp9__A2_Q5SM30,0.9783182071978102,0.5,True
8a7l__A1_M1JS91--8a7l__A2_M1JS91,0.9857926407046441,0.5,True
7uqv__A1_A0A0L6JSP1--7uqv__B1_A0A0L6JSP1,0.9908632113078757,0.506578947368421,True
5d1r__A1_P9WMC9--5d1r__B1_P9WMC9,0.940637041409618,0.5,True
3f6q__A1_Q13418--3f6q__B1_P48059,0.9464188983960663,0.5,False
7xyk__A1_Q77J90--7xyk__B1_Q77J90,0.9696550456939703,0.5,True
7xxk__A1_P0DTC9--7xxk__B1_P0DTC9,0.9135108402914047,0.5,True
3qta__A1_Q5V4K4--3qta__B1_Q5V4K4,0.9957728532809891,0.5,True
8oqj__B1_P06959--8oqj__A1_P06959,0.9508835616438357,0.5,True
1tbp__A1_P13393--1tbp__B1_P13393,0.9806541109182062,0.5252236367858966,True
7qfk__C1_Q5FLN0--7qfk__A1_Q5FLN0,0.9537035819914558,0.5,True
7r3o__B1_Q460N3--7r3o__A1_Q460N3,0.9619582685138982,0.5,True
2z0l__A1_P03191--2z0l__B1_P03191,0.9526967736708181,0.5,True
1wli__A1_Q46604--1wli__B1_Q46604,0.9869964607464607,0.6242567567567567,True
8b3e__A1_M4SY06--8b3e__A2_M4SY06,0.9544804732277151,0.5,True
1d8i__A1_O13297--1d8i__A2_O13297,0.861068783529133,0.5,True
7vo4__B2_F1CLA7--7vo4__A1_F1CLA7,0.9919466460356617,0.5,True
8eh0__B1_P50909--8eh0__A1_P50909,0.977165997940902,0.5,True
7q39__A1_UNDEFINED--7q39__A2_UNDEFINED,0.985602905158881,0.5,True
3seo__B1_Q87GE5--3seo__A1_Q87GE5,0.9480714968914397,0.5,True
3iey__B1_Q74MS9--3iey__A1_Q74MP4,0.9827671036247925,0.5573775594908689,False
4yto__B1_Q15431--4yto__A1_Q15431,0.8429875877102728,0.5,True
6csm__A1_L1J207--6csm__B1_L1J207,0.9804477229097578,0.5,True
4ndt__A1_A7UNK4--4ndt__A2_A7UNK4,0.9312494987569171,0.5,True
8j3p__A1_B9WHT3--8j3p__A2_B9WHT3,0.987972780081341,0.5,True
7pv7__B1_Q7MVV4--7pv7__A1_Q7MVV4,0.9400806377521584,0.5,True
7uj6__A1_Q8RMD9--7uj6__B1_Q8RMD9,0.976127774219482,0.5107156467015838,True
3k9i__A1_Q9KFK0--3k9i__A2_Q9KFK0,0.9114963415325598,0.5237949045590132,True
7z1s__A1_A0A3Q7HTY9--7z1s__A2_A0A3Q7HTY9,0.984653526296536,0.5,True
2e89__A1_O67728--2e89__B1_O67728,0.9902534262273559,0.5,True
2woz__A1_Q9ER30--2woz__A2_Q9ER30,0.9371360720597836,0.5,True
7xxs__A1_B2CKP3--7xxs__B1_B2CKP3,0.9741661525807115,0.5099742957022414,True
8fir__A1_O83132--8fir__B1_O83132,0.993538515993409,0.5,True
3i6s__A1_O82777--3i6s__B1_O82777,0.9781443441420865,0.5,True
7yhe__B1_A6YEH4--7yhe__A1_A6YEH4,0.8885216154672714,0.5,True
1ku2__A1_Q9EZJ8--1ku2__B1_Q9EZJ8,0.9103840466717593,0.5,True
6qwo__B1_Q9S5W7--6qwo__A1_Q9S5W7,0.9811074828693185,0.5,True
1mxi__A1_P44868--1mxi__A2_P44868,0.963279080496084,0.5043271828434901,True
8fuq__A1_P22363--8fuq__B1_P22363,0.9493428345209818,0.5066666666666667,True
6hhk__B1_A8AST9--6hhk__A1_A8AST9,0.9671469896053492,0.5,True
2vhl__A1_O34450--2vhl__A2_O34450,0.9925484088336413,0.5,True
8h1i__A1_W6EBY7--8h1i__B1_P0A9Y6,0.949638596326238,0.5,False
5wan__A1_P75898--5wan__A2_P75898,0.9856333091128165,0.5144798385099228,True
4x7z__B1_Q49492--4x7z__A1_Q49492,0.9927716747196644,0.5,True
5c6k__B1_P36932--5c6k__A1_P36932,0.9268858507736147,0.5,True
6a1k__A1_P71018--6a1k__B1_P71018,0.9892700805808016,0.5,True
7pjh__A1_Q9Y312--7pjh__B1_Q6P2Q9,0.9272280650035643,0.5,False
4joi__A1_Q9H668--4joi__C1_Q86WV5,0.9320327756638682,0.5,False
8axz__A1_P31153--8axz__A2_P31153,0.9681254021377784,0.5,True
8ogi__B1_P11678--8ogi__A1_P11678,0.8656491281262672,0.5,True
8cxl__A1_A7KH32--8cxl__B1_A7KH32,0.9269031561196925,0.5,True
7win__B1_Q9UIF8--7win__A1_Q9UIF8,0.9028766748701121,0.5,True
4bwv__A1_Q8L5D0--4bwv__B1_Q8L5D0,0.9474897892934975,0.5,True
7drj__A1_P63756--7drj__B1_P63756,0.9519481760895301,0.5,True
6t2b__A1_B2UQL7--6t2b__C1_B2UQL7,0.9791671397611295,0.5,True
7t2s__A1_A0A494K842--7t2s__A2_A0A494K842,0.9594554116590567,0.5,True
3frw__B1_A5ZMD8--3frw__A1_A5ZMD8,0.9240036498935172,0.5,True
5ab5__A1_C9ZUV7--5ab5__B1_C9ZUV7,0.9829125341117648,0.5,True
8jqp__A2_UNDEFINED--8jqp__B1_UNDEFINED,0.9902123389570218,0.5,True
5myd__C2_A0A2D0TC86--5myd__A1_A0A2D0TC86,0.9917976552408171,0.5256410256410257,True
5cde__A1_Q8P839--5cde__B1_Q8P839,0.9409727601248291,0.5,True
6pi4__A1_A0R1Z9--6pi4__A2_A0R1Z9,0.9894862115969382,0.6786853832442068,True
3ipf__A1_Q251Q8--3ipf__B1_Q251Q8,0.9859725154962196,0.658685120223418,True
4c11__B1_Q6YMS4--4c11__A1_Q6YMS4,0.9645324879049024,0.5,True
2p3y__A1_Q87I71--2p3y__B1_Q87I71,0.969548397896535,0.5,True
5jbr__A1_C5C6I1--5jbr__B1_C5C6I1,0.9662103259754937,0.5,True
8ttz__A1_G8E2R2--8ttz__B2_G8E2R2,0.995430070710436,0.5,True
3vba__A1_Q58673--3vba__B1_Q58673,0.9847158186745781,0.5,True
4o6y__B1_Q9SWS1--4o6y__A1_Q9SWS1,0.9499479281372006,0.5,True
4e5r__A1_Q6IRB5--4e5r__A2_Q6IRB5,0.8699399443780145,0.5,True
7ywv__A1_Q0SBK1--7ywv__C1_Q0SBK1,0.9793871075727364,0.5,True
8eer__A1_P01116--8eer__A2_P01116,0.983731298296176,0.5,True
3f84__B1_E3PPC4--3f84__A1_E3PPC4,0.957933321181701,0.5,True
5mu7__A1_G0S6G7--5mu7__B1_G0S6I4,0.9469976538076121,0.5,False
8hfp__B1_Q96T68--8hfp__A1_Q8N8R7,0.7809690121554528,0.5,False
4rmn__B1_Q6NC13--4rmn__A2_Q6NC13,0.8861412209618819,0.5,True
3mx1__A1_Q46944--3mx1__A2_Q46944,0.9642563419803073,0.5,True
5gl5__A1_Q06321--5gl5__B1_Q06321,0.9785854092828189,0.5,True
8e77__A1_Q1QD54--8e77__A2_Q1QD54,0.9803944911001593,0.5,True
5gl4__A1_B6YTD8--5gl4__B1_B6YTD8,0.9914599304529429,0.5,True
7wf9__A1_Q3ZT31--7wf9__B1_Q3ZT31,0.9214499017898621,0.5,True
8fw0__B1_P39897--8fw0__A1_P39897,0.9799999617354923,0.5,True
8ou8__B1_P0A8M3--8ou8__A1_P0A8M3,0.976555713922993,0.5,True
7acm__B1_P75811--7acm__A1_P75811,0.9691089169701411,0.5036601616313562,True
4trb__A1_Q97W95--4trb__B1_Q97W95,0.9657344263047921,0.5,True
7y55__A1_A0A9E8RZN7--7y55__C2_A0A9E8RZN7,0.989513666918149,0.5,True
2ia9__B1_P28015--2ia9__A1_P28015,0.9388807478993156,0.5,True
3sy6__A1_Q5LE92--3sy6__B1_Q5LE92,0.9917824263403365,0.5,True
6xz3__A1_Q9H1K6--6xz3__A2_Q9H1K6,0.9817511249421759,0.5189541191807898,True
2h8e__A1_P0AG74--2h8e__A2_P0AG74,0.812458828361737,0.5,True
3gyx__A1_T2G6Z9--3gyx__B1_T2G899,0.882450808111089,0.5,False
4e0u__A1_D1D8L6--4e0u__A2_D1D8L6,0.9979702737840603,0.5,True
6teu__A1_O60568--6teu__A2_O60568,0.9204390761606599,0.5,True
6xt5__B1_P49046--6xt5__A1_P49046,0.9916983287859376,0.5,True
8g1t__A1_Q07812--8g1t__B1_Q07812,0.8794824607599463,0.5,True
7xp7__B1_W9FXI8--7xp7__A1_W9FXI8,0.9633070295746793,0.5,True
8i55__A1_Q58380--8i55__B1_Q58380,0.9745196026353042,0.5225207454367007,True
1h65__A1_Q41009--1h65__A2_Q41009,0.9706407165034723,0.5,True
3ol4__A1_A0QRC4--3ol4__B1_A0QRC4,0.989626435340721,0.5090357518928947,True
8idq__A1_A0A0B8MZ29--8idq__C1_A0A0B8MZ29,0.9015739089821821,0.5,True
5hcb__A1_P83003--5hcb__B1_P83003,0.9780588839567843,0.5,True
3f6g__B1_Q8F3Q1--3f6g__A1_Q8F3Q1,0.9374549517769497,0.5,True
6akj__B1_G2TRN4--6akj__A1_G2TRN4,0.965611668396172,0.49987028709789,True
8ju7__A1_Q9I2U4--8ju7__B1_Q9I2U4,0.9614170083437865,0.5,True
3nel__A1_Q52428--3nel__B1_Q52428,0.9810383082191074,0.5,True
2dc1__A1_O28440--2dc1__B1_O28440,0.9844099771992092,0.5,True
8fzk__B1_P52292--8fzk__A1_P52292,0.8777890126378026,0.5,True
8e1u__A1_A0A160VN62--8e1u__F2_A0A160VN62,0.9728727693444738,0.5,True
1v7c__A1_P83823--1v7c__B1_P83823,0.9812150531512553,0.5,True
7skr__A1_Q0QDZ2--7skr__A2_Q0QDZ2,0.9262174570048417,0.5,True
3egg__A1_P62136--3egg__C1_O35274,0.9161772136966633,0.5,False
8imd__A1_UNDEFINED--8imd__B1_UNDEFINED,0.9884017021035839,0.5,True
4yke__B1_G0RYR3--4yke__A1_G0RYR3,0.9904667579544818,0.5,True
1tq9__A1_P00669--1tq9__B1_P00669,0.9366899640360996,0.5,True
4oh3__B1_Q05085--4oh3__A1_Q05085,0.9707258906159051,0.5,True
4q62__A1_Q5ZUB7--4q62__A2_Q5ZUB7,0.9383545409473042,0.5,True
2we5__A1_P0A2X7--2we5__B1_P0A2X7,0.9915276905197463,0.5031446540880503,True
5t51__A1_Q6CLK3--5t51__B1_Q6CPD1,0.9585725172556449,0.5,False
3i0z__A1_A0A0H2UN25--3i0z__B1_A0A0H2UN25,0.9525612033845599,0.5,True
3wof__A1_Q8RQE9--3wof__B1_A7XX65,0.7785932721712538,0.5,False
8p6k__A1_A0A0H2UWN1--8p6k__B1_A0A0H2UWN1,0.9642935819048463,0.5,True
7z9z__A1_P02754--7z9z__A2_P02754,0.9824785276753636,0.5,True
6d0i__A1_A0A0C5XL88--6d0i__B1_A0A0C5XKJ0,0.8900236065964426,0.5,False
3gs3__A1_Q8MSU4--3gs3__A2_Q8MSU4,0.9945239389899019,0.5,True
2f4m__A1_Q9JI78--2f4m__B1_P54728,0.9816478915203661,0.4999721386381366,False
4yh8__A1_Q09176--4yh8__B1_P36629,0.8692812173363474,0.5,False
6ago__A1_Q9NR48--6ago__C1_Q9UBU8,0.9600726794661905,0.5,False
7rmx__A1_UNDEFINED--7rmx__A2_UNDEFINED,0.9701122735550862,0.5,True
1e44__B1_P00646--1e44__A1_P02984,0.9293548821762323,0.5,False
2yri__A1_Q5SLX0--2yri__B1_Q5SLX0,0.9851657752001978,0.5,True
1gcj__A1_P70168--1gcj__B1_P70168,0.9739494185457386,0.5,True
7qbp__A1_A4F7B2--7qbp__A2_A4F7B2,0.9706601065040039,0.5,True
4hdd__A1_P09391--4hdd__A2_P09391,0.8613648244361366,0.5,True
3e4q__A1_P13633--3e4q__B1_P13633,0.9783007121578849,0.5,True
8ein__B1_Q6FCQ4--8ein__A1_Q6FCQ4,0.979240964661291,0.5,True
1zmb__A1_Q97LM8--1zmb__B1_Q97LM8,0.9186248766119927,0.5,True
6ygu__A1_G0RZ64--6ygu__B1_G0S1V1,0.9077852159402962,0.5,False
2yyh__A1_O67435--2yyh__B1_O67435,0.9855500018110036,0.5,True
5wk0__A1_A0A2C9TMM3--5wk0__A2_A0A2C9TMM3,0.9847833125936459,0.5191275998679432,True
8h4j__A1_W8UQZ7--8h4j__D1_W8UQZ7,0.9285132815056196,0.5,True
1z83__A1_P00568--1z83__B1_P00568,0.9081715801806334,0.5,True
8h2c__A1_Q0P8U0--8h2c__B1_Q0P8U0,0.9487345128563651,0.5,True
2dkh__A1_Q6SSJ6--2dkh__A2_Q6SSJ6,0.9732164999151708,0.5,True
7c7e__A1_A0A0H3MRW3--7c7e__A2_A0A0H3MRW3,0.9759126794258373,0.5,True
7px2__A1_UNDEFINED--7px2__B1_UNDEFINED,0.8163426720030493,0.5,True
3dpt__B1_Q8KC98--3dpt__A1_Q8KC98,0.9691125183774472,0.5,True
3fgw__A1_Q3TCN2--3fgw__A2_Q3TCN2,0.9951391073113545,0.5,True
7wh0__A1_Q9U2E4--7wh0__B2_Q9U2E4,0.9994552979777401,0.5,True
8dq3__A1_A0A142G3G1--8dq3__B1_A0A142G3G1,0.943493163640755,0.5,True
8hci__B1_A0A8T8BZJ9--8hci__A1_A0A8T8BZN3,0.9313729253375911,0.5,False
3qth__A1_Q47ZP9--3qth__B1_Q47ZP9,0.943063340359895,0.5,True
8b28__A1_F6GSX7--8b28__A2_F6GSX7,0.9949884490990297,0.5,True
6scx__A1_Q9BQG2--6scx__B1_Q9BQG2,0.9279157003160795,0.5,True
8hpc__A1_P60327--8hpc__H1_P60327,0.9812234901196771,0.5,True
5n76__A1_P72320--5n76__B1_P72320,0.959093667625626,0.5085078685623485,True
8hpi__A1_A0A8D3X086--8hpi__B1_A0A8D3X086,0.9918037072338919,0.5,True
3cq3__A1_Q53W28--3cq3__A2_Q53W28,0.9212000092281782,0.5,True
3kbu__A1_P11277--3kbu__D1_P16157,0.939662287714873,0.5,False
7pck__A1_P43235--7pck__C2_P43235,0.9913325119089352,0.5,True
5o4z__A1_Q9X1T1--5o4z__A2_Q9X1T1,0.9766988205618616,0.5,True
1vla__A1_Q9X021--1vla__B1_Q9X021,0.9432322968182516,0.5027624309392266,True
5oed__A1_Q6EAT3--5oed__B1_Q13637,0.9601829278149325,0.5,False
8hyn__A1_UNDEFINED--8hyn__B1_UNDEFINED,0.9776082257268418,0.5,True
7yva__A1_Q9URB4--7yva__B1_Q9URB4,0.9787788382772324,0.5035971223021583,True
7s6n__B1_Q5RGJ8--7s6n__A1_Q5RGJ8,0.9016305181123833,0.5,True
4cz8__A1_Q9UZ55--4cz8__B1_Q9UZ55,0.9719509769711514,0.5,True
6ebn__A1_A0A4P1LYB6--6ebn__B1_A0A4P1LYB6,0.9494873401212016,0.5,True
3lf4__B1_D1MPT3--3lf4__A1_D1MPT3,0.9173516169551695,0.5030674846625767,True
3ffe__B1_Q93AT8--3ffe__A1_Q93AT8,0.9423261233985639,0.5,True
7zg6__A1_A0A2J0RDY6--7zg6__B1_A0A2J0RDY6,0.9416153361387246,0.5171576101319346,True
1p65__A1_Q9YJI1--1p65__B1_Q9YJI1,0.8938708007876405,0.5138595572794279,True
8f4q__A1_Q00972--8f4q__A2_Q00972,0.9009247695315018,0.5,True
4rz3__A1_A4IMB4--4rz3__B1_A4IMB4,0.9809642651790411,0.5,True
7tjl__A1_UNDEFINED--7tjl__A2_UNDEFINED,0.9915572027528603,0.5,True
8f8k__A1_O53507--8f8k__A2_O53507,0.9790210937274725,0.4999959819670682,True
3zw5__A1_A6NK44--3zw5__B1_A6NK44,0.9265805063606884,0.5,True
6l3q__B1_G0SEI5--6l3q__A1_G0SEI5,0.9650739984689972,0.5,True
8ag8__A1_A0A1I5SVP7--8ag8__A2_A0A1I5SVP7,0.9121940871739909,0.5,True
2i2w__A1_P63224--2i2w__D1_P63224,0.9857786455546004,0.5049019607843137,True
2f22__B1_Q9RC77--2f22__A1_Q9RC77,0.9927283343138829,0.5,True
6yex__A1_UNDEFINED--6yex__B1_UNDEFINED,0.8238290088719622,0.5,True
3tng__A1_Q8Y7B7--3tng__A2_Q8Y7B7,0.9812349666302846,0.5,True
8gr8__B1_P08679--8gr8__A1_P08679,0.9822241947369891,0.5,True
7ae8__A1_A0A0B0QJR1--7ae8__B1_A0A0B0QJR1,0.9565130782458953,0.5,True
2w54__B1_O54051--2w54__A1_O54050,0.9336866874736318,0.5,False
4cuc__A1_A0A0H2UP19--4cuc__A2_A0A0H2UP19,0.9149359072097812,0.5,True
4b0z__A1_P50524--4b0z__B1_P50524,0.9947783231493539,0.5,True
2re7__A1_Q4FV99--2re7__A2_Q4FV99,0.950258891435362,0.5,True
8h0t__A1_O34614--8h0t__A2_O34614,0.9910199053731288,0.5,True
1te2__A1_P77247--1te2__B1_P77247,0.9892335494867026,0.5,True
7xt2__A1_Q6ZMU5--7xt2__B1_Q6ZMU5,0.9389874986992844,0.5,True
1ev7__A1_P50187--1ev7__B1_P50187,0.9822061548260088,0.5,True
1ogl__A1_O15923--1ogl__A2_O15923,0.9850481185508733,0.5,True
3lrt__B1_Q97CA5--3lrt__A1_Q97CA5,0.9838154594712032,0.5064516129032258,True
3rvb__A1_P26663--3rvb__A2_P26663,0.8397541638205539,0.5,True
3fou__A1_Q5SGZ9--3fou__B1_Q5SGZ9,0.990404967658207,0.5,True
5jnq__A1_R0BTE9--5jnq__A2_R0BTE9,0.9772082693387063,0.5,True
4g12__A1_A5U5K3--4g12__B1_A5U5K3,0.9868928714553353,0.5,True
3evj__B1_P01008--3evj__A1_P01008,0.9860658671666296,0.5,True
2oq2__B1_P18408--2oq2__A1_P18408,0.9951043512409811,0.5,True
8he6__A1_Q8YSS0--8he6__B1_Q8YSS0,0.9663290358088656,0.5896081351737761,True
2xij__A1_P22033--2xij__A2_P22033,0.9900387441398248,0.5,True
1nr5__A1_P07547--1nr5__A2_P07547,0.9759238947396452,0.5,True
1gmj__A1_P01096--1gmj__B1_P01096,0.9391372035829516,0.5,True
4yba__B1_Q93K36--4yba__A1_Q93K36,0.986923807436628,0.5640187699011228,True
8ok7__A1_M4T0B2--8ok7__D1_M4T0B2,0.9768270506234474,0.5018450184501845,True
7f76__B1_A0A223KLJ1--7f76__A1_A0A223KLJ1,0.91150596829417,0.5,True
7vp6__A1_Q9C9L2--7vp6__B1_Q9C9L2,0.9092007399856532,0.5275229357798165,True
8jmq__A1_A9CQD5--8jmq__B1_A9CQD3,0.9697736959142126,0.5,False
7zgt__A1_W8R3D8--7zgt__B1_W8R3D8,0.9911649756405098,0.5,True
7xgt__B1_Q6H8B1--7xgt__A1_Q6H8B1,0.9848093728017752,0.5,True
3i2t__A1_P04412--3i2t__A2_P04412,0.9387747524851627,0.5,True
8tjk__A1_A0A0F7G196--8tjk__B1_A0A0F7G196,0.9736888785274084,0.5,True
7wt0__A1_Q04760--7wt0__B1_Q04760,0.8991372524330995,0.5,True
3if0__A1_Q74MS9--3if0__A2_Q74MS9,0.9938914714831839,0.5120481927710844,True
3qrh__A1_Q8SSM8--3qrh__A2_Q8SSM8,0.9885312092850534,0.5,True
8q70__A1_Q8U2C1--8q70__A2_Q8U2C1,0.9751211280562304,0.5,True
7vso__A1_P02945--7vso__A2_P02945,0.9763662501489879,0.5,True
5f8b__A1_Q4WB03--5f8b__A2_Q4WB03,0.9772366123574533,0.5,True
8ax0__A1_A0A384E145--8ax0__B1_A0A384E145,0.990720113395304,0.5,True
8ant__B1_A0A1P8CWW1--8ant__A1_A0A1P8CWW1,0.8989148012263549,0.5,True
7r5y__E2_R7PD89--7r5y__A1_R7PD89,0.989426329684873,0.5071369489328085,True
7qow__B1_Q93P54--7qow__A1_Q93P54,0.9746177207829456,0.5,True
5il7__A1_Q8KC98--5il7__B1_Q8KC98,0.9091993476717871,0.5,True
3ct9__B1_Q8A1V9--3ct9__A1_Q8A1V9,0.9686536479452845,0.5,True
8pvm__A1_P29166--8pvm__B1_P29166,0.941338119534614,0.5,True
8ct0__F1_S4S3E3--8ct0__A1_S4S3E3,0.9541010625401884,0.5043329380358206,True
3q2j__B1_P0A3Y5--3q2j__A1_P0A3Y5,0.9635598882853074,0.5,True
7xzp__B1_A0A379CIH2--7xzp__A1_A0A379CIH2,0.983493217194772,0.5,True
7tvm__A1_UNDEFINED--7tvm__B1_UNDEFINED,0.9858726862842012,0.5,True
3qvf__A1_Q56187--3qvf__A2_Q56187,0.990017535222028,0.5,True
6gxs__A1_Q7NZ70--6gxs__D1_Q7NZ70,0.8862376879857614,0.5,True
2hr8__A1_O58456--2hr8__B1_O58456,0.9457397555342173,0.5,True
2zyf__A1_O87198--2zyf__A2_O87198,0.9330093024156639,0.5,True
7s3v__A1_Q16719--7s3v__A2_Q16719,0.9465161180740103,0.5,True
6a29__A1_O32504--6a29__B1_O32504,0.9778500957968274,0.5,True
4ml6__C1_A6GV51--4ml6__A1_A6GV51,0.980415834934403,0.5,True
4cht__A1_Q13472--4cht__B1_Q9H9A7,0.9331776776076843,0.5,False
1n4p__B1_P53610--1n4p__A1_Q04631,0.9719921668443248,0.5,False
1tec__A1_P04072--1tec__B1_P01051,0.9637412867100902,0.5,False
6b9t__A1_A9A1T2--6b9t__B1_A9A1T2,0.9145553700182966,0.5,True
3g0k__A1_Q2G4A7--3g0k__A2_Q2G4A7,0.9750468654634232,0.5118066713999228,True
7zoo__B1_A0A979GQH9--7zoo__A1_A0A979GQH9,0.7859295182670547,0.5,True
8hy5__A1_P14920--8hy5__B1_P14920,0.9635323381667441,0.5,True
8fts__A1_R9UTR3--8fts__A2_R9UTR3,0.973038235768604,0.5,True
1jrk__A1_Q8ZTD8--1jrk__B1_Q8ZTD8,0.9513677128809509,0.5,True
7y8v__A1_UNDEFINED--7y8v__B1_UNDEFINED,0.969989726418325,0.5,True
2ejn__A1_P30440--2ejn__B1_P30440,0.9862572613310975,0.5314322084709477,True
5hs5__A1_Q2G0D1--5hs5__B1_Q2G0D1,0.983392318783589,0.5,True
3v89__A1_Q9K0U9--3v89__B1_P02787,0.940968501214105,0.5,False
8e3g__B1_P43026--8e3g__A1_P12643,0.9070142339219386,0.5,False
2w8b__A1_P0A855--2w8b__H1_P0A912,0.9250621316838821,0.5,False
5f7p__B1_Q8YAF1--5f7p__A1_Q8YAF1,0.985948225429667,0.5,True
8f71__B1_Q6N5G3--8f71__A1_Q6N5G3,0.978385861895086,0.5,True
8hwi__B1_A0A327WNX5--8hwi__A1_A0A327WNX5,0.9605692267930387,0.5,True
7r3i__B1_P54292--7r3i__A1_P54292,0.967043565215179,0.5,True
8afj__A1_A0A179QS89--8afj__B1_A0A179QS89,0.994922212801676,0.5,True
3pub__B1_E5EVW2--3pub__A1_E5EVW2,0.96323882577809,0.5,True
8es5__A1_A0A0H2Z732--8es5__B1_A0A0H2Z732,0.9695387628140144,0.5,True
7txn__B1_Q8YVV6--7txn__A1_Q8YVV6,0.9931060841992017,0.6150625690099374,True
3py6__A1_Q2YQ74--3py6__A2_Q2YQ74,0.9790506537130069,0.5,True
1hjr__A1_P0A814--1hjr__C1_P0A814,0.9836683361008445,0.5,True
8k3b__A1_A0A071KWR3--8k3b__A2_A0A071KWR3,0.9624188234541801,0.5,True
3w2z__A1_Q8YXY7--3w2z__A2_Q8YXY7,0.9788406537358119,0.5,True
8f78__A1_P55212--8f78__B1_P55212,0.9624559227993196,0.499992051000779,True
6wg4__A1_Q14683--6wg4__B1_Q9UQE7,0.824318981908545,0.5,False
7zry__A1_O60341--7zry__B1_Q9UKL0,0.9527306929328849,0.5,False
1uix__A1_Q28021--1uix__B1_Q28021,0.939382153237575,0.5,True
7vrc__A1_P38956--7vrc__B1_P22082,0.9339815017114558,0.4998067259373792,False
1oz0__A1_P31335--1oz0__B1_P31335,0.9830008518759465,0.5,True
7eft__B1_P16926--7eft__A1_P16926,0.8991675818690096,0.5,True
5jsn__A1_P10415--5jsn__B1_UNDEFINED,0.9743211493974225,0.5,False
8e2b__B1_Q2FYI5--8e2b__A1_Q2FYI5,0.9226586729993123,0.5,True
7jw6__A1_Q9VIF1--7jw6__A2_Q9VIF1,0.9847928436911488,0.5,True
1jkw__A1_P51946--1jkw__A2_P51946,0.9862152664565447,0.5,True
4pfp__B1_F1RQI7--4pfp__A1_F1RQI7,0.9721635317358069,0.5,True
8h1s__A1_Q9I5U2--8h1s__B1_Q9HX32,0.8574237673358847,0.5,False
7t0y__A1_P62136--7t0y__B1_Q14684,0.8376959979394056,0.5,False
1tz9__A1_Q82ZC9--1tz9__B1_Q82ZC9,0.9756763275590352,0.5,True
2wns__B1_P11172--2wns__A1_P11172,0.9875580599209322,0.5,True
6s8v__B1_P08195--6s8v__A1_P80188,0.8475849499276217,0.5,False
6hq6__A1_UNDEFINED--6hq6__B1_UNDEFINED,0.9727623613397367,0.5,True
2gt4__A1_P32056--2gt4__B1_P32056,0.93959556480644,0.5,True
3bof__A1_Q9WYA5--3bof__B1_Q9WYA5,0.9993602931411935,0.5259676009524218,True
6trj__A1_O75475--6trj__A2_O75475,0.947074908412005,0.4999295476962097,True
8h4z__A1_A0A2X5A3P4--8h4z__B1_A0A2X5A3P4,0.995576280670745,0.5,True
2hre__A1_P22830--2hre__B1_P22830,0.9640295194029649,0.5,True
5yjc__A1_Q5HK94--5yjc__B1_Q5HK94,0.8909365164349545,0.5,True
8d6k__A1_Q9L1K2--8d6k__B1_Q9L1K2,0.9638788627231188,0.5,True
2zew__B1_Q9ZA17--2zew__A1_Q9ZA17,0.9838572917040923,0.5,True
5wpi__A1_Q58PW8--5wpi__B1_Q58PW8,0.9719605494882886,0.5,True
8fk6__A1_A0A0C9S461--8fk6__B1_P80098,0.8886689711567054,0.5,False
7tm7__A1_A0A0H3GYH4--7tm7__B1_A0A0H3GYH4,0.9869958180934858,0.5,True
8gy0__A1_A0A8H4VHP2--8gy0__B1_A0A8H4VHP2,0.9322251309553815,0.5,True
7x4b__A1_A0A2D0TCG3--7x4b__B1_A0A2D0TCG3,0.9703375466124268,0.5,True
4aqp__B1_P54253--4aqp__A1_P54253,0.9205072807995176,0.49996802660186723,True
3npi__A1_Q6NFU8--3npi__B1_Q6NFU8,0.967786449658561,0.5,True
8cok__B1_Q9NXR8--8cok__A1_Q9NXR8,0.9370528662542686,0.4999489639685618,True
1wz3__A1_Q9LVK3--1wz3__B1_Q9LVK3,0.9079174407747177,0.514344262295082,True
1nw1__A1_Q22942--1nw1__B1_Q22942,0.9954475227364309,0.5,True
1hrp__B1_P0DN86--1hrp__A1_P01215,0.874731987344842,0.5,False
3qf4__B1_Q9WYC4--3qf4__A1_Q9WYC3,0.9551865225128833,0.5,False
7y4o__B1_A0A0G2JZC4--7y4o__A1_A0A0G2JZC4,0.9960938151869173,0.5,True
8hns__A1_A0A377JKY9--8hns__A2_A0A377JKY9,0.9463735800256161,0.5078740157480315,True
3mpn__A1_O67854--3mpn__A2_O67854,0.979077474014368,0.5,True
6vlg__A2_Q9WTS2--6vlg__C1_Q9WTS2,0.960463364060447,0.5,True
1v71__A1_O59791--1v71__A2_O59791,0.9980583621296668,0.5080645161290323,True
3fpk__A1_Q8ZKP5--3fpk__B1_Q8ZKP5,0.9921884284321315,0.5,True
8eb3__A1_K2K6A3--8eb3__B1_K2K6A3,0.9717337439055683,0.5,True
4z1i__C1_Q12931--4z1i__A1_Q12931,0.9701890117869054,0.5,True
8pz3__A1_D7SFB8--8pz3__B1_D7SFB8,0.8926313678027515,0.5,True
5vpb__B1_P17535--5vpb__A1_P53539,0.949929203258241,0.5,False
8bt3__A1_Q6F0T5--8bt3__A2_Q6F0T5,0.9821732281383229,0.5,True
1r7h__A1_O69271--1r7h__B1_O69271,0.8833913090587019,0.49981227707903136,True
5bo9__A1_O43173--5bo9__B1_O43173,0.9121370596326686,0.5,True
7kws__A1_Q0P8H3--7kws__B1_Q0P8H3,0.9909250676357572,0.5,True
4qa0__A1_Q9BY41--4qa0__B1_Q9BY41,0.9892962170090149,0.5,True
6epi__B1_D5K9G7--6epi__A1_D5K9E3,0.9618441585001974,0.5,False
7qgs__B1_Q09472--7qgs__A1_Q16665,0.8852258377853328,0.5137931034482759,False
7tz7__A1_P42336--7tz7__B1_P27986,0.8977280060350973,0.5,False
2zl1__A1_Q9UHA4--2zl1__B1_Q9JHS3,0.9637823444417932,0.5056818181818182,False
4ija__A1_A0A0H3JS71--4ija__B1_A0A0H3JS71,0.9681775067382876,0.5,True
3ijt__B1_Q8DVN6--3ijt__A1_Q8DVN6,0.910122390763834,0.5,True
7qgt__A1_P35520--7qgt__B1_P35520,0.9626026114679955,0.5,True
8i4q__A1_Q8NQI2--8i4q__B1_Q8NQI2,0.984925124257924,0.5,True
5lxv__A1_G9FCX2--5lxv__B1_A0A1L1QK37,0.9654908626524715,0.5,False
8h25__A1_A0A5R8LFD3--8h25__C1_A0A5R8LFD3,0.9708013588890866,0.5,True
6kjl__A1_Q9RC94--6kjl__B1_Q9RC94,0.9069801102752754,0.5,True
5f3o__A1_C4LU64--5f3o__B1_C4LU64,0.9754449039669963,0.5,True
8arv__A1_Q9HW35--8arv__B1_Q9HW35,0.9903903046318874,0.5,True
2i1a__B1_P40087--2i1a__A1_P40087,0.9690955314308346,0.5,True
2y9x__A1_C7FF04--2y9x__E1_G1K3P4,0.9441704113993119,0.5,False
8waa__A1_P29401--8waa__B1_P29401,0.9693189221196885,0.5,True
6n2f__B1_Q94A94--6n2f__A1_Q94A94,0.9498192772466364,0.5,True
8b08__B1_P0A2K1--8b08__A1_P00929,0.9106515798428729,0.5,False
5ja2__A1_P11454--5ja2__B1_Q9I169,0.9485069802043813,0.5,False
4g3w__A1_O66591--4g3w__A2_O66591,0.9970914090447968,0.6495728549308559,True
5cm2__A1_Q6C999--5cm2__B1_Q6C4P5,0.9660438071098171,0.5,False
6g70__B1_Q8K2Z2--6g70__A1_Q8K2Z2,0.9805300884210157,0.5,True
7xac__A1_P47929--7xac__B1_P47929,0.9479826276086118,0.5,True
4d4t__A1_P0DOE7--4d4t__A2_P0DOE7,0.9411665953308688,0.5,True
2zz8__A1_O34094--2zz8__B1_O34094,0.9564921122922833,0.5,True
8b8h__A1_P9WQA9--8b8h__B1_P9WQA9,0.9751442399976897,0.5,True
7u2s__A1_A0A2W1NDJ7--7u2s__B1_A0A2W1NDJ7,0.9696019696347968,0.5,True
1d2g__A1_P13255--1d2g__B1_P13255,0.9407589805385315,0.5,True
7uld__A1_O28028--7uld__A2_O28028,0.971706304724058,0.5,True
4c0f__B1_Q9NZN8--4c0f__A1_Q9NZN8,0.9577530262741962,0.5,True
8co8__A1_Q9Q6P4--8co8__A2_Q9Q6P4,0.9759126222354906,0.5,True
3lcr__B1_A4KCE5--3lcr__A1_A4KCE5,0.9987197706672918,0.5,True
8b21__A1_Q9S5X0--8b21__B1_Q9S5X0,0.9731217893104785,0.5,True
3swk__A1_P08670--3swk__B1_P08670,0.9272394140711129,0.5,True
8txn__B1_P08120--8txn__A1_P08120,0.9375929378161459,0.5,True
8dak__A1_F2X702--8dak__B1_F2X702,0.9697000483481064,0.5,True
2rde__B1_A0A0H3ADR8--2rde__A1_A0A0H3ADR8,0.9225252700593167,0.5,True
6sek__A1_UNDEFINED--6sek__B1_UNDEFINED,0.9700024039154352,0.5,True
2pih__A1_O31779--2pih__B1_O31779,0.9580662534903388,0.5,True
6v7v__A1_A0SML3--6v7v__B1_A0SML3,0.963643369037528,0.5257301379363489,True
7ykv__B1_Q58241--7ykv__A1_Q58241,0.9773348733275854,0.5,True
7y4g__A1_Q8A028--7y4g__A2_Q8A028,0.973685862060559,0.5,True
8cci__A1_A0R7I9--8cci__A2_A0R7I9,0.9717244578245849,0.5,True
6p35__A1_P75913--6p35__A2_P75913,0.9835722101810348,0.5,True
6p3j__A1_Q0KJL4--6p3j__B1_Q0KJL4,0.9818426531674045,0.5,True
4o6p__A1_Q8RDI4--4o6p__B1_Q8RDI4,0.8767996390696018,0.5,True
8ozv__A1_A0A179UH34--8ozv__A2_A0A179UH34,0.9724918379038503,0.5,True
2cim__A1_Q46AN5--2cim__B1_Q46AN5,0.9728690314271342,0.5,True
6tpo__A1_P24474--6tpo__A2_P24474,0.9809088221494874,0.5,True
7wwo__B1_Q5SH57--7wwo__A1_Q5SH57,0.930596031872028,0.5,True
4pmv__A1_Q8PEU1--4pmv__B1_Q8PEU1,0.9639214194922824,0.5,True
7xge__A1_UNDEFINED--7xge__B1_Q07820,0.9813117399197003,0.5,False
6rmr__B1_P19926--6rmr__A1_P19926,0.9954982391939219,0.5,True
6hhb__A1_E0SCP7--6hhb__C1_E0SCP7,0.9856677939418884,0.5,True
7e5c__A1_A0A1I7CHQ2--7e5c__B1_A0A1I7CHQ2,0.980741231582404,0.5,True
2gn5__A1_P69542--2gn5__A2_P69542,0.861490604086336,0.5,True
2wfh__A1_O94813--2wfh__B1_O94813,0.9533486715304897,0.5,True
3zco__A1_P06701--3zco__A2_P06701,0.8887124341754721,0.5,True
2ghy__A1_P03051--2ghy__B1_P03051,0.9421906693711968,0.5801435145804706,True
3htr__A1_Q6N0K4--3htr__B1_Q6N0K4,0.8340559251500221,0.5,True
8aeu__A1_Q00987--8aeu__A2_Q00987,0.9334137522396632,0.5034231962369614,True
1xuv__A1_Q8PZJ2--1xuv__C1_Q8PZJ2,0.9773314724752025,0.5,True
2o8p__A1_Q5CYG0--2o8p__A2_Q5CYG0,0.9706155278892592,0.5,True
4zmu__A1_Q9I072--4zmu__B1_Q9I072,0.9933863459601351,0.5229841643764689,True
3dl3__G2_Q5E3X2--3dl3__C1_Q5E3X2,0.944128109739989,0.5,True
7yvz__A1_A7LPG5--7yvz__A2_A7LPG5,0.9103762919896641,0.5074915213178295,True
4ia6__A1_Q5FL96--4ia6__B1_Q5FL96,0.9869778702485783,0.5,True
8bou__A1_A0A7G5MNS2--8bou__B1_A0A7G5MNS2,0.9836017469613315,0.5,True
5gk1__A1_Q7N4Z6--5gk1__B1_Q7N4Z6,0.9910359330918858,0.5,True
5x03__B1_P94426--5x03__A1_P94426,0.9791633980547546,0.5,True
3gku__A1_D0VX24--3gku__B1_D0VX24,0.9525792627763834,0.5,True
1k3e__B1_P58233--1k3e__A1_P58233,0.9242485115932898,0.5,True
6u18__A1_Q9EVJ6--6u18__B1_Q9EVJ6,0.9848448150354047,0.5388293296274237,True
6b9p__A1_C0HJB3--6b9p__B1_C0HJB3,0.9846280899142498,0.5,True
7wpy__A1_A0A097ZPD5--7wpy__C1_A0A097ZPD5,0.9770200201650444,0.5,True
7xn2__A1_Q8YR38--7xn2__A2_Q8YR38,0.9463940725274407,0.5,True
3qhy__B1_O87916--3qhy__A1_Q93T42,0.9795861658994297,0.5,False
4j5p__B1_P97612--4j5p__A1_P97612,0.9916130876007474,0.5,True
4icq__A1_A0A0H2UN95--4icq__B1_A0A0H2UN95,0.9901291403854574,0.5,True
1klf__B1_P08191--1klf__A1_P31697,0.9617696014016645,0.5208245729303548,False
6y4l__A1_Q15006--6y4l__B1_Q9Y3B6,0.9585703092593446,0.5,False
6dex__B1_Q74ZQ8--6dex__A1_Q75DL0,0.9719323309894128,0.5,False
2z02__A1_Q58987--2z02__B1_Q58987,0.9911529292903904,0.5,True
4l7w__A1_Q7Z4H3--4l7w__A2_Q7Z4H3,0.9738843802710473,0.5,True
6sul__A1_A8FAR5--6sul__B1_A8FAR5,0.9713522978040117,0.5,True
4qqv__A1_P26954--4qqv__B1_P26954,0.9105728417234995,0.5,True
3l8d__A1_A0RD96--3l8d__A2_A0RD96,0.978310937218476,0.5,True
7yqa__B1_A0A1C9ZZ39--7yqa__A1_A0A1C9ZZ39,0.8440636683978825,0.5,True
1b8m__B1_P34130--1b8m__A1_P23560,0.9217508051886653,0.5,False
1irq__B1_Q57468--1irq__A1_Q57468,0.9374872025145936,0.5233264481365065,True
7xi6__A1_A5GXY1--7xi6__B1_A5GXY1,0.9006250226129745,0.5422455588118239,True
6iik__A1_P54578--6iik__B1_P54578,0.9859927181182486,0.5,True
3nau__A1_Q9Y6X8--3nau__B1_Q9Y6X8,0.8989765352818854,0.5,True
3cis__B1_P9WFD7--3cis__A1_P9WFD7,0.9827242868726898,0.5,True
4jzy__B1_O77059--4jzy__A1_O77059,0.9239908903805074,0.5,True
8d03__A1_UNDEFINED--8d03__A2_UNDEFINED,0.9823392323938533,0.586119000801107,True
7yxg__A1_Q9VU77--7yxg__B1_Q9VU77,0.9891724176285674,0.5,True
5cio__A1_A0A1A9TAI5--5cio__B1_A0A1A9TAI5,0.9675634285819605,0.5,True
8jwj__A1_Q9DAG9--8jwj__B1_P62837,0.9199048020188537,0.5,False
6ia6__A1_A0A1C7D1B7--6ia6__A2_A0A1C7D1B7,0.9971263308311229,0.5,True
8h1g__A1_O67518--8h1g__A2_O67518,0.9798128806285696,0.5,True
6x61__A1_Q79V60--6x61__B1_Q8DMT2,0.8324295915542503,0.5,False
7kqt__A1_UNDEFINED--7kqt__B1_UNDEFINED,0.9776450840335895,0.5,True
7x0d__A1_A5YW95--7x0d__B1_A5YW95,0.9371560525114595,0.5,True
1ghd__B1_O86089--1ghd__A1_O86089,0.9560886496301543,0.5,True
2x6f__A1_Q9W1M7--2x6f__B1_Q9W1M7,0.9492939227812021,0.5,True
8oik__A1_Q9UPU9--8oik__C1_Q9UPU9,0.9373883125475311,0.5026881720430108,True
6nxl__A1_B4DV12--6nxl__E1_B4DV12,0.9579374510566292,0.5438382007458559,True
8wmy__A1_A0A4U7IGH6--8wmy__B2_A0A4U7IGH6,0.9665036009395147,0.5,True
3trf__A1_Q83AJ3--3trf__A2_Q83AJ3,0.8911814830272677,0.5,True
5h4s__A1_A0A090BWT0--5h4s__A2_A0A090BWT0,0.9187039143808199,0.5,True
2zvb__A1_Q53WA6--2zvb__A2_Q53WA6,0.9095969867545047,0.5,True
8wa7__A1_P27302--8wa7__B1_P27302,0.9897817851057832,0.5,True
3b0z__B1_P40727--3b0z__A1_P40727,0.9387075899047795,0.517092436802153,True
4usp__A1_B3GA02--4usp__B1_B3GA02,0.895787868519146,0.5,True
7cms__A1_P00953--7cms__B1_P00953,0.9863254524513748,0.5,True
7t8q__A1_Q7S860--7t8q__D1_Q7S860,0.9450353635430075,0.5,True
6j9k__A1_A0A425B3G2--6j9k__A2_A0A425B3G2,0.9901889963787104,0.5235294117647059,True
7xp0__A1_Q9I5E1--7xp0__A2_Q9I5E1,0.945015510901843,0.5,True
8ih4__A1_Q8WVV5--8ih4__B1_Q8WVV5,0.9556480036829257,0.5,True
7qej__A1_P0DV33--7qej__B1_P0DV33,0.9874547620438527,0.5,True
1tfe__A1_P43895--1tfe__A2_P43895,0.9763241805765334,0.5,True
4iwq__A1_Q9UHD2--4iwq__A2_Q9UHD2,0.9063015336775665,0.5,True
