system_id,auroc,bacc,is_homodimer
8iyi__A1_Q6CVU4--8iyi__B1_Q6CVU4,0.9691759062048995,0.5,True
1uus__A1_O00910--1uus__A2_O00910,0.9469446157722266,0.5,True
1zt2__A1_Q97Z83--1zt2__C1_Q9UWW1,0.989826394910464,0.5,False
7uex__A1_Q9H999--7uex__A2_Q9H999,0.972732634249027,0.5,True
6jqy__A1_P9WF13--6jqy__B1_P9WF13,0.9631641193595342,0.6889374090247453,True
6l6w__A1_A0A3B6UEU3--6l6w__A2_A0A3B6UEU3,0.9991342492581406,0.5,True
8h56__A1_Q8BB16--8h56__B1_Q8BB16,0.9611708264730828,0.5,True
8grj__B1_Q8GQE7--8grj__A1_A0A0H3KLY3,0.9612086402361342,0.5,False
2j0n__B1_P18013--2j0n__A1_P18013,0.9109308182512049,0.5,True
3rq1__A1_D1BN29--3rq1__C1_D1BN29,0.958282872760345,0.5,True
5djt__A1_O49004--5djt__B1_UNDEFINED,0.9676043577221399,0.5,False
5ae6__B1_Q92458--5ae6__A1_Q92458,0.9631282658537712,0.5,True
3v1e__A1_UNDEFINED--3v1e__B1_UNDEFINED,0.953377192982456,0.54,True
7qi3__A1_W7NDP8--7qi3__C1_W7NDP8,0.97599565053371,0.5,True
2yve__A1_Q8NMG3--2yve__B1_Q8NMG3,0.9758105129262005,0.523572002203558,True
5ynx__A1_B2GM84--5ynx__B1_B2GM84,0.9725966365816486,0.5,True
2r6u__A1_Q0S814--2r6u__C1_Q0S814,0.9365502881613632,0.5028901734104047,True
8b6m__A1_Q9H2K2--8b6m__B1_Q9H2K2,0.8269759404542144,0.5117438276275004,True
3kc2__A1_P36151--3kc2__B1_P36151,0.990278429685259,0.5,True
3vp5__A1_Q9CHR1--3vp5__A2_Q9CHR1,0.983759840116421,0.5052083333333334,True
7pvh__A1_B2RLE7--7pvh__B1_B2RLE7,0.7761332600753167,0.5,True
4nqf__B2_Q7CW19--4nqf__A1_Q7CW19,0.9257559545975427,0.5,True
1vjh__A1_P0C0B0--1vjh__B1_P0C0B0,0.9279532595402895,0.5,True
5xw4__B1_Q00684--5xw4__A1_Q00684,0.9306805054664051,0.5,True
4xdl__A1_P57789--4xdl__B1_P57789,0.8925129487790642,0.5,True
6ukl__A1_P0A901--6ukl__F1_P0A901,0.9302631930885067,0.5070492417150346,True
5by4__A1_P0ABV6--5by4__A2_P0ABV6,0.9647637083887897,0.5,True
7zxs__A1_Q86TI2--7zxs__C1_Q86TI2,0.985502744644159,0.5,True
1v6u__A1_Q7SI98--1v6u__B1_Q7SI98,0.8872924600195653,0.5,True
6e27__A1_Q9H257--6e27__B1_Q9H257,0.8437152880226322,0.5,True
7szd__A1_Q96S44--7szd__B1_Q9Y3C4,0.9833421490261128,0.5,False
1h9r__A1_P0A9G8--1h9r__B1_P0A9G8,0.937811822507832,0.5,True
3on6__A1_A7M0J6--3on6__B1_A7M0J6,0.9882854970812985,0.5,True
8fwy__A1_Q4DGA2--8fwy__B1_Q4DGA2,0.9741003225545238,0.5,True
1yu6__A1_P00780--1yu6__C1_P68390,0.9783090014799806,0.5,False
6ek1__A1_A0A452CST7--6ek1__A2_A0A452CST7,0.9886854124756912,0.5,True
6ckj__A1_P0A0Z8--6ckj__A2_P0A0Z8,0.9848100876180426,0.5,True
7yj0__B1_UNDEFINED--7yj0__A1_UNDEFINED,0.9759301802244446,0.5,True
1w33__A1_O50957--1w33__B1_O50957,0.9510902271635858,0.5,True
4usk__B1_H7C745--4usk__B2_H7C745,0.9749845201238391,0.5,True
6cmv__B1_Q4J9G1--6cmv__A1_Q4J9G1,0.9876086874779948,0.5,True
7y70__A1_F4KCC2--7y70__A2_F4KCC2,0.9637299138407786,0.5,True
3cwx__A1_P94837--3cwx__B1_P94837,0.9830624317769351,0.5,True
3p1y__A1_O29362--3p1y__B1_O29362,0.9438548337907897,0.5,True
8a8i__A1_Q9R9V9--8a8i__B1_Q9R9V9,0.9959024666723604,0.5,True
5d1l__A1_P62837--5d1l__B1_Q96BH1,0.9025459147807492,0.5,False
8bcs__A1_UNDEFINED--8bcs__A2_UNDEFINED,0.9665538294142537,0.6640784621894457,True
8og3__A1_P38489--8og3__B1_P38489,0.9648943952679048,0.5,True
3c07__A1_Q9KZ96--3c07__B1_Q9KZ96,0.986875788797007,0.5,True
3iqy__A1_P28366--3iqy__A2_P28366,0.983396814043952,0.5,True
4afi__A1_P70280--4afi__B1_P70280,0.9429588561546762,0.5,True
7e76__A1_A0A3B6LNA8--7e76__B1_A0A3B6LNA8,0.8950857044446263,0.5,True
3cqc__A1_P57740--3cqc__B1_Q8WUM0,0.9840818651606995,0.5,False
7x1k__A1_Q6DL91--7x1k__B1_Q6DL91,0.9687636344812796,0.49989277289298734,True
6ydr__A1_A0A3S8UVN5--6ydr__A2_A0A3S8UVN5,0.9078070459242514,0.5069816437872036,True
8egw__B1_Q6V0I7--8egw__A1_Q96JQ0,0.8800144046897294,0.5,False
8sgd__A1_P25342--8sgd__B1_P32457,0.91602707651476,0.5,False
3ecf__A1_Q3M5E4--3ecf__B1_Q3M5E4,0.9685700449101662,0.5,True
6j94__A1_Q93VK5--6j94__B1_Q93VK5,0.987117216801506,0.5,True
7xsh__A1_K1KV82--7xsh__B2_K1KV82,0.9740481880806577,0.5,True
7fct__B1_A0A4Y1LJC5--7fct__A1_A0A4Y1LJC5,0.9766764105092626,0.5,True
8v14__A1_G5EEF9--8v14__B1_G5EEF9,0.9309391846361186,0.5,True
6r76__A1_H3ZMH8--6r76__B1_H3ZMH8,0.9776259738362505,0.5,True
8ap0__A1_A0A5S9CYM0--8ap0__A2_A0A5S9CYM0,0.987635262958759,0.5,True
5j10__A1_UNDEFINED--5j10__B1_UNDEFINED,0.982895004192172,0.5884326414887231,True
3qph__A1_Q9HGZ9--3qph__A2_Q9HGZ9,0.9175564962298666,0.5,True
3o6j__A1_O67987--3o6j__B1_O67987,0.9870675407506566,0.5,True
6o6z__A1_B6YWC3--6o6z__B1_B6YWC3,0.96747653071389,0.5,True
7edp__B1_Q5JT35--7edp__A1_Q8TEK3,0.9193954346092503,0.5,False
3fil__A1_P19909--3fil__B1_P19909,0.9704297675359826,0.5376394404674576,True
6do2__A1_P11021--6do2__B1_P11021,0.9807258862258896,0.5,True
7f4q__B1_Q22GC0--7f4q__A1_I7M8B9,0.9522700255844189,0.5,False
4hfg__A1_Q9NQG5--4hfg__B1_Q9NQG5,0.9595132343065867,0.5099032143552488,True
7yh2__A1_A0A1Q9P883--7yh2__B1_A0A1Q9P883,0.9965450485894708,0.5086206896551724,True
3axs__A1_O67010--3axs__A2_O67010,0.9888516965564078,0.5,True
3cqr__A1_Q39249--3cqr__B1_Q39249,0.9049068273008077,0.5,True
3s8k__A1_P80691--3s8k__B1_P80691,0.9697333287543035,0.5,True
4oun__A1_O31418--4oun__A2_O31418,0.9808254213192167,0.5,True
2iab__A1_Q825J7--2iab__B1_Q825J7,0.9774824837133587,0.5050283311181799,True
3o3n__A1_Q5U924--3o3n__B1_Q5U923,0.9594536303242043,0.5,False
6f3z__A1_P0ADC3--6f3z__B1_P61316,0.972423554173615,0.5,False
1hr7__A1_P11914--1hr7__B1_P10507,0.9637691140406676,0.5,False
8gko__B1_P28296--8gko__A1_P28296,0.9838089135556629,0.5,True
2gkv__A1_P00777--2gkv__B1_P68390,0.920638539640279,0.5,False
8stx__A1_Q4E4E1--8stx__B1_Q4E4E1,0.9910026209115996,0.5,True
4m36__A1_Q582G4--4m36__A2_Q582G4,0.9791695292415643,0.5,True
5wpu__A1_A0A076NBW8--5wpu__A2_A0A076NBW8,0.9455839176252381,0.5,True
5yps__A1_A0A0W4ZF97--5yps__B1_A0A0W4ZF97,0.9606091167673646,0.5,True
5oge__E1_P40107--5oge__A1_P40107,0.9759390666844266,0.5,True
5fey__B1_Q13049--5fey__A1_Q13049,0.9137145504739475,0.5,True
8hce__B1_Q91XB0--8hce__A1_Q91XB0,0.9717618738721013,0.5,True
1ggp__B1_Q7SIF1--1ggp__A1_Q7SIF0,0.9747774709455539,0.5,False
5z50__A1_O05926--5z50__B1_O05926,0.9770283423751389,0.5,True
6eyy__A1_A0A1S5PRR0--6eyy__B1_A0A1S5PRR0,0.8838946546861031,0.5,True
7t9u__A1_Q86WV6--7t9u__A2_Q86WV6,0.9878087270912281,0.5245741731451209,True
6ey4__A1_Q5EGM3--6ey4__A2_Q5EGM3,0.9515612621365168,0.5,True
2hvg__A1_A5KBL5--2hvg__B1_A5KBL5,0.9409499746092025,0.5,True
6wp7__A1_Q82H41--6wp7__B1_Q82H41,0.9647398452866554,0.5087484159043206,True
7dnu__A1_P32092--7dnu__A2_P32092,0.8905096226322153,0.5,True
3w8i__A1_Q9BUL8--3w8i__B1_Q9P289,0.9732551487414187,0.5163043478260869,False
4oky__A1_Q52612--4oky__A2_Q52612,0.9975299596824295,0.5,True
7t63__B1_UNDEFINED--7t63__A1_UNDEFINED,0.9709556315769012,0.5,True
7x20__A1_P54708--7x20__B1_P07340,0.9634721729970441,0.5,False
3hnw__A1_D0VWZ2--3hnw__B1_D0VWZ2,0.9762301487764633,0.5,True
8r37__A1_A0A086IRG1--8r37__B1_A0A086IRG1,0.9449341579415784,0.5,True
7zm5__A1_Q6WGM0--7zm5__B1_Q6WGM0,0.9831880860801279,0.5,True
2z7j__A1_P25220--2z7j__A2_P25220,0.532394497777967,0.5,True
1rqg__A1_Q9V011--1rqg__A2_Q9V011,0.9178200519327153,0.5,True
8brl__A1_F7J213--8brl__A2_F7J213,0.9675469435151992,0.5,True
6noi__A1_UNDEFINED--6noi__B1_UNDEFINED,0.981553404040502,0.5,True
7qiu__A1_P94538--7qiu__B1_P94538,0.9919397837132744,0.5054945054945055,True
6sjs__A1_B8FUR2--6sjs__B1_B8FUR2,0.9935322138953611,0.5,True
8hlg__A1_Q9RR88--8hlg__B1_Q9RR88,0.9555261266033525,0.5,True
4uae__A1_O00629--4uae__B1_P31345,0.9133296564786049,0.5,False
7pcr__A1_P56185--7pcr__A2_P56185,0.9522487256058598,0.5,True
3bvq__B1_Q2I6W2--3bvq__A1_Q2I6W2,0.9730329156674014,0.5,True
7a67__B1_UNDEFINED--7a67__A1_Q9V1Z9,0.9666571179500073,0.5681170411618384,False
6bsu__A1_Q9LZJ3--6bsu__B1_Q9LZJ3,0.9507186573237687,0.5,True
4e5u__B1_Q9HZN8--4e5u__A1_Q9HZN8,0.9813997425490206,0.5328582688852833,True
8a52__A1_P23222--8a52__B1_P23222,0.9649120540765413,0.5,True
1d0v__A1_Q05603--1d0v__A2_Q05603,0.9885269967378056,0.5,True
3gwq__A1_Q145Q0--3gwq__B1_Q145Q0,0.9722870029853756,0.5,True
7lxs__A1_Q8ZMZ2--7lxs__C1_Q8ZMZ2,0.987997033177756,0.5,True
6w08__B1_Q9KL63--6w08__A1_Q9KL63,0.9778628296974384,0.5,True
7wrm__A1_D0IVL9--7wrm__B1_D0IVL9,0.9695146417673481,0.5,True
2yww__B1_Q58801--2yww__A1_Q58801,0.9945904265972361,0.52,True
3lm6__A1_P40869--3lm6__B1_P40869,0.9921926128317358,0.5,True
7trw__A1_A0A380PDL3--7trw__A2_A0A380PDL3,0.9193179888544127,0.5,True
8syc__A1_Q13370--8syc__B1_Q13370,0.9575926526861489,0.5,True
1gk6__A1_P03069--1gk6__B1_P03069,0.9747337071457676,0.5135135135135135,True
1reo__A1_Q6STF1--1reo__A2_Q6STF1,0.9914515746719967,0.5,True
6s3b__A1_Q88JK6--6s3b__B1_Q88JK6,0.9845431069569001,0.5189570965433035,True
7tl5__A1_A0A3F3B310--7tl5__B1_A0A3F3B310,0.9351402343792106,0.5,True
2asf__A1_P9WLL7--2asf__A2_P9WLL7,0.946943195069132,0.49996735866301084,True
8ilj__A1_A0A242MJ43--8ilj__B1_A0A242MJ43,0.9854789213068156,0.5,True
8ezg__A1_P01116--8ezg__B1_UNDEFINED,0.968593914300736,0.5,False
7uh4__A1_UNDEFINED--7uh4__B1_UNDEFINED,0.9860645899625969,0.5,True
4usc__A1_A0A0A0Y4H8--4usc__B1_A0A0A0Y4H8,0.9976423123490281,0.5,True
5yp3__A1_Q6F3I7--5yp3__B1_Q6F3I7,0.9955758421424633,0.5,True
8aid__A1_Q9HWJ8--8aid__B1_Q9HWJ8,0.9623329704485786,0.5194805194805194,True
7yp6__B1_E5L4T5--7yp6__A1_E5L4T5,0.9861789485078317,0.5,True
4aql__A1_Q9Y2T3--4aql__A2_Q9Y2T3,0.9900746893451042,0.5,True
3idf__A1_O34252--3idf__B1_O34252,0.9752938005390837,0.5125,True
8fjr__A1_D1A807--8fjr__B1_D1A807,0.9114552683593127,0.5,True
7z56__B1_F0NGX6--7z56__A1_F0NGX6,0.9928053059862713,0.5,True
6ikj__A1_Q9I4L6--6ikj__B1_Q9I4L6,0.63300498063088,0.5,True
8b2q__A1_D0EM77--8b2q__B1_G8UM88,0.9646292920125282,0.5,False
5x42__A1_Q5ZYB7--5x42__B1_Q5ZYC6,0.9530565331336578,0.5,False
1vkh__A1_Q04066--1vkh__B1_Q04066,0.972875837868534,0.5,True
5omd__A1_Q04377--5omd__A2_Q04377,0.8993616051071591,0.5,True
2vsg__A1_P26329--2vsg__B1_P26329,0.966791505345476,0.5,True
1jql__A1_P0A988--1jql__B1_P28630,0.9923380222174456,0.5,False
1w9c__A1_O14980--1w9c__B1_O14980,0.9958621600883827,0.5,True
7n35__A1_UNDEFINED--7n35__B2_UNDEFINED,0.9512033601319315,0.5,True
3upl__A1_Q2YIM3--3upl__B1_Q2YIM3,0.9739379789338263,0.5,True
3tm2__A1_Q83XN4--3tm2__B1_Q83XN4,0.9606879248173223,0.5,True
7yls__B1_C5CSP6--7yls__A1_C5CSP7,0.9626820722182979,0.5,False
7psg__A1_Q6D515--7psg__B1_Q6D515,0.9875310293607207,0.5,True
8pte__A1_P00698--8pte__A2_P00698,0.69950938124553,0.5,True
7ytu__B1_P68623--7ytu__A1_P68458,0.9532331324287795,0.5174418604651163,False
7ykc__A1_P14843--7ykc__B1_P14843,0.9776055717402293,0.5,True
3wxe__A1_E7FEV5--3wxe__B1_P0CG48,0.9318987338605997,0.5,False
7zr3__A1_A0A8E4HNI8--7zr3__B1_A0A8E4HNI8,0.9860926501189801,0.5,True
2vjf__A1_Q00987--2vjf__B1_O15151,0.9261921613173781,0.5,False
7pvo__A1_P56137--7pvo__A2_P56137,0.9753189839698404,0.5,True
3kkd__A1_Q9HXU1--3kkd__A2_Q9HXU1,0.9743772030484934,0.5,True
3mph__A1_P19801--3mph__B1_P19801,0.9276627902338727,0.5,True
6jc4__A1_A6TE44--6jc4__D1_A6TE44,0.9428909784038729,0.5,True
2rf4__A1_P46669--2rf4__B1_P50106,0.9437600878042481,0.5,False
4huz__A1_Q9ZBB0--4huz__A2_Q9ZBB0,0.937648241198474,0.5,True
5gtj__B1_Q9BV47--5gtj__A1_Q9BV47,0.9825913740811187,0.5153061224489796,True
2xw7__A1_A0QP85--2xw7__B1_A0QP85,0.9705888065886253,0.5,True
6l6h__A1_Q5ZZ22--6l6h__B1_Q5ZZ22,0.9860132884090987,0.5,True
8p7m__A1_P0A434--8p7m__A2_P0A434,0.9869504203150794,0.5,True
6dm9__A1_UNDEFINED--6dm9__B1_UNDEFINED,0.9414846801769241,0.5,True
6gou__A2_P97275--6gou__C1_P97275,0.9566681822082491,0.5,True
2wwo__A1_Q66ED7--2wwo__B1_Q66ED7,0.9900681581459082,0.5098039215686274,True
8i3n__A1_Q12178--8i3n__C1_Q12178,0.986996397178768,0.5,True
1s7i__A1_Q9I3Z5--1s7i__A2_Q9I3Z5,0.8811626920692918,0.5,True
3szw__A1_B7JBP8--3szw__A2_B7JBP8,0.9926816519691923,0.5,True
5x7r__A1_A0A193PKW5--5x7r__B1_A0A193PKW5,0.9117307064113647,0.5,True
2nys__A1_Q8U561--2nys__B1_Q8U561,0.9793389620871461,0.5083586207980881,True
3gr5__A1_O52135--3gr5__A2_O52135,0.8468249632200655,0.5,True
3ded__A1_Q7P1I2--3ded__B1_Q7P1I2,0.9519780363621717,0.5,True
5b5x__A1_Q75NZ1--5b5x__A2_Q75NZ1,0.899220676569785,0.5,True
7qga__A1_P21589--7qga__A2_P21589,0.9967891051731473,0.5,True
8ow9__A1_G8UQH9--8ow9__B1_G8UQH9,0.9868527751663301,0.5,True
3bcw__B1_A0A0H3LK92--3bcw__A1_A0A0H3LK92,0.9644539938079066,0.5,True
6duy__A1_Q61301--6duy__B2_Q61301,0.9402731148109806,0.5,True
5zyf__A1_Q99ZW0--5zyf__B1_Q99ZW0,0.9423453704860678,0.5321579407722105,True
1mml__A1_P03355--1mml__A2_P03355,0.9474357843609819,0.5,True
2b7o__A1_O53512--2b7o__B1_O53512,0.9821042879347395,0.5,True
1v57__A1_P77202--1v57__A2_P77202,0.9803881121552449,0.5,True
2hsa__B1_Q9FEW9--2hsa__A1_Q9FEW9,0.9850181350566247,0.5,True
4tsd__A1_O25673--4tsd__B1_O25673,0.9799059440110792,0.5,True
7qh0__B1_P48499--7qh0__A1_P48499,0.9854840059361877,0.5,True
3neu__A1_Q92AT3--3neu__A2_Q92AT3,0.9415569591355301,0.5,True
8f9x__A1_Q5LVE1--8f9x__B1_Q5LVE1,0.9865020424566017,0.5033112582781457,True
6ne2__A1_UNDEFINED--6ne2__B1_O75084,0.9534901436251428,0.5,False
2b4h__A1_P12473--2b4h__B1_P12473,0.8888134585578833,0.5,True
3pui__A1_Q9L9D7--3pui__A2_Q9L9D7,0.9859980123144098,0.5,True
1myl__A1_P03050--1myl__B1_P03050,0.914649136871359,0.5490353268131046,True
1rqi__A1_P22939--1rqi__B1_P22939,0.9939282441171717,0.5,True
3x1b__A1_UNDEFINED--3x1b__B1_UNDEFINED,0.9872289654224348,0.5,True
6pya__A1_P04278--6pya__A2_P04278,0.9817894874562523,0.5,True
1r27__A1_P09152--1r27__B1_P11349,0.9765201157233145,0.5,False
7zuv__A1_A0A2K3DY10--7zuv__D2_A0A2K3DY10,0.9454624429077783,0.5,True
2aho__A1_Q980A5--2aho__B1_Q97Z79,0.9539361684435491,0.5,False
6mni__A1_A0A2V0QX35--6mni__B1_A0A2V0QX35,0.9923668922880136,0.5,True
4kif__B1_Q643C8--4kif__A1_Q643C8,0.9841807769104081,0.5,True
7vmv__B1_Q5I3B6--7vmv__A1_Q58HT7,0.6252292977223309,0.5,False
3g23__A1_Q2G8F3--3g23__B1_Q2G8F3,0.9879377390921321,0.5,True
3ui3__A1_O05728--3ui3__B1_O05728,0.8941960355322081,0.5,True
8ohy__A1_Q556V8--8ohy__A2_Q556V8,0.996260996535345,0.5,True
5zgo__A1_Q5SHW6--5zgo__B1_Q5SHW6,0.9815382831604689,0.5,True
5uph__B1_Q14108--5uph__A1_Q14108,0.9931811630315822,0.5,True
6u3w__A1_P53622--6u3w__B1_P40509,0.9771041194594614,0.5,False
2gsv__B1_P71066--2gsv__A1_P71066,0.9759119364879516,0.5270695624803273,True
7yh1__A1_A0A5B9DB95--7yh1__B1_A0A5B9DB95,0.9749754436786202,0.5044048768576788,True
6c6r__A1_Q14534--6c6r__B1_Q14534,0.9962567942123971,0.5,True
6p4o__B1_Q970I1--6p4o__A1_Q970I2,0.957880400318512,0.5,False
8i8y__B1_UNDEFINED--8i8y__A1_UNDEFINED,0.8599332407008129,0.5,True
2oys__A1_A0A0H2URW2--2oys__B1_A0A0H2URW2,0.97947919298723,0.5,True
8i85__A1_D2B3F1--8i85__B1_D2B3F1,0.930850325626223,0.5,True
2b0a__A1_Q58193--2b0a__A2_Q58193,0.983995326181344,0.5,True
3ayh__B1_O94285--3ayh__A1_Q9C0Z9,0.8842427875909651,0.5,False
7yji__A1_UNDEFINED--7yji__A2_UNDEFINED,0.9952269674831513,0.5,True
2g38__B1_Q79FE1--2g38__A1_Q7D756,0.9546439005615718,0.4998862861041619,False
2z6k__A1_P15927--2z6k__C1_P35244,0.9630047083299117,0.5,False
3p8b__B1_Q8TZK1--3p8b__A1_Q8U440,0.9400012727504136,0.5164948453608248,False
5yz5__A1_Q16555--5yz5__A2_Q16555,0.9480454127466272,0.5,True
6dk9__A1_A7A1Y4--6dk9__A2_A7A1Y4,0.9854353183928468,0.5,True
6fls__A1_UNDEFINED--6fls__B1_UNDEFINED,0.995073751109744,0.5,True
2p19__A1_Q8NTZ4--2p19__C1_Q8NTZ4,0.924760092906696,0.5111111111111111,True
8ai1__B1_Q45595--8ai1__A1_Q45595,0.9826120079673717,0.5,True
7px0__B1_Q9VF53--7px0__A1_Q9VF53,0.984479368486821,0.5,True
4cmz__B1_Q9BXM0--4cmz__A1_Q9BXM0,0.8963453007787986,0.5096845084214735,True
8gyz__B1_Q93ZE2--8gyz__A1_Q93ZE2,0.9692254208352297,0.5,True
5j1l__B1_O26069--5j1l__A1_O26068,0.9883382863721684,0.5064102564102564,False
7ubk__B1_P03047--7ubk__A1_P03047,0.8655816616102892,0.5,True
6j26__A1_Q5JIZ3--6j26__B1_Q5JIZ3,0.9809692546643287,0.5,True
8ic1__A1_UNDEFINED--8ic1__B1_UNDEFINED,0.933397535672096,0.5,True
6jqv__A1_Q8LC68--6jqv__B1_Q8LC68,0.9858821906670152,0.5,True
2ns9__A1_Q9Y9R3--2ns9__B1_Q9Y9R3,0.9726800306510451,0.5,True
5l8s__A1_E1VFE0--5l8s__C1_E1VFE0,0.9856881071079742,0.5,True
6zrw__A1_B3VS76--6zrw__B1_B3VS76,0.9601686130151477,0.5,True
5fcn__B1_Q66GS9--5fcn__A1_Q66GS9,0.9463057715923046,0.5214285714285715,True
7vl1__A1_I0AIT9--7vl1__B1_I0AIT9,0.9631839776120742,0.5,True
2rek__B2_Q9ADD9--2rek__A1_Q9ADD9,0.9913962860507488,0.5052083333333334,True
2zrt__A1_O75340--2zrt__B1_O75340,0.9652780711105449,0.5,True
8h3t__A1_UNDEFINED--8h3t__B1_UNDEFINED,0.9780280108912713,0.5,True
2f1m__A1_P0AE06--2f1m__B1_P0AE06,0.8414223150607211,0.5,True
3t5t__B1_Q15JG1--3t5t__A1_Q15JG1,0.9594766955284952,0.5,True
4z9r__B1_Q8EGK4--4z9r__A1_Q8EGK4,0.966614015439086,0.5,True
2oze__A1_Q57280--2oze__A2_Q57280,0.9908388508985306,0.5,True
1x6m__A1_Q51669--1x6m__D1_Q51669,0.9170937735008551,0.5,True
4pfc__A1_P14735--4pfc__B1_P14735,0.932898229157941,0.5,True
6byi__A1_Q8PI23--6byi__B1_Q8PI23,0.9488921882648635,0.5,True
3aaa__A1_P13127--3aaa__B1_P14315,0.9771402659450477,0.5,False
1xgm__A1_P56218--1xgm__B1_P56218,0.943634385393815,0.5,True
5mrv__A1_Q8IVL8--5mrv__C1_P86912,0.8463263923301746,0.5,False
5e4v__A1_Q89933--5e4v__A2_Q89933,0.9541770070642891,0.5,True
1vhq__A1_P0ABU5--1vhq__B1_P0ABU5,0.9875576835884667,0.5104166666666666,True
2pqv__B1_A0A0H2UMZ7--2pqv__A1_A0A0H2UMZ7,0.9663578990228013,0.5,True
1zva__A1_P59594--1zva__A2_P59594,0.9709071196241417,0.6236631095684222,True
8pq4__A1_P69782--8pq4__A2_P69782,0.9587798724829136,0.5037567084078712,True
8a14__A1_A0A0D1E4Q7--8a14__C2_A0A0D1E4Q7,0.9471989220708126,0.5,True
1dtd__A1_P48052--1dtd__B1_P81511,0.9623446205023661,0.5,False
3c6n__B1_Q570C0--3c6n__A1_Q39255,0.9373133505908492,0.5,False
3ctz__A1_Q9NQW7--3ctz__A2_Q9NQW7,0.9834015307423729,0.5,True
1wab__A1_Q29460--1wab__A2_Q29460,0.9318511743471325,0.5,True
1zl5__A1_Q00496--1zl5__B1_Q00496,0.9473147055972079,0.5,True
5dbj__A1_Q4KCZ0--5dbj__A2_Q4KCZ0,0.987386613034234,0.5,True
7qsq__B1_Q9X053--7qsq__A1_Q9X053,0.9665136560732496,0.5052044785337055,True
7duc__B1_Q2G2U4--7duc__A1_Q2G2U4,0.9372169540229885,0.5,True
2cdu__A1_Q9F1X5--2cdu__B1_Q9F1X5,0.977978763709549,0.5,True
8g0f__A1_Q6NK15--8g0f__B1_Q6NK15,0.9405144662415383,0.5,True
8a45__B1_B7V7R4--8a45__A1_B7V7R4,0.935267104307555,0.5,True
6no3__A1_B3FHP0--6no3__B1_B3FHP0,0.9006532458992822,0.5,True
3g7p__A1_B7JA91--3g7p__A2_B7JA91,0.9802712371189065,0.5,True
8khq__A1_A0A1I5R890--8khq__C1_A0A1I5R890,0.9492603975784458,0.5,True
7owz__B1_Q9JMA2--7owz__A1_B8ZXI1,0.9571191052231827,0.5,False
7xbe__A1_UNDEFINED--7xbe__A2_UNDEFINED,0.9813115094748689,0.5,True
6dk7__D1_Q9HUV7--6dk7__A1_Q9HUV7,0.9894632539621537,0.5197919503089503,True
4hsl__A1_Q1LCS4--4hsl__A2_Q1LCS4,0.9883267032179469,0.5,True
8b3s__A1_O31597--8b3s__B1_A0A164W157,0.9469909641121523,0.5,False
5euv__A1_D1LZK0--5euv__B1_D1LZK0,0.9406311632565569,0.5,True
8gz4__A1_A0A7H0DN78--8gz4__A2_A0A7H0DN78,0.954359714457918,0.5,True
7tmg__A1_A0A0H3GLR2--7tmg__B1_A0A0H3GLR2,0.9825328420632636,0.5,True
4hsr__B1_UNDEFINED--4hsr__A1_UNDEFINED,0.9548104596153609,0.5,True
7tgn__B1_A0A1Q5L7T0--7tgn__A1_A0A1Q5L7T0,0.9808056139545374,0.5,True
4fz2__A1_C7DIA5--4fz2__B1_C7DIA5,0.9462982141672813,0.5,True
6j2l__A1_P37793--6j2l__B1_P37793,0.9665604148133158,0.5043668122270742,True
5grk__A1_Q89XR0--5grk__B1_Q89XR0,0.9784606395907584,0.5,True
3qxs__A1_O24872--3qxs__A2_O24872,0.9818882395054335,0.5,True
8q3y__A1_E8URK0--8q3y__B1_E8URK0,0.9905779624288162,0.5,True
1pyb__A1_O66738--1pyb__B1_O66738,0.9231531708779523,0.5,True
7yto__A1_Q9RHU9--7yto__B1_Q9RHU9,0.9751664285001734,0.5,True
5vae__A1_Q9AET9--5vae__B1_Q9AET7,0.9231174193619378,0.5,False
1zrs__A1_Q9HTZ1--1zrs__B1_Q9HTZ1,0.9823080130729669,0.5,True
2cg5__A1_Q9NRN7--2cg5__B1_P49327,0.9415170002202713,0.5,False
4yk8__B1_O36019--4yk8__A1_O13978,0.9263329587922052,0.5,False
2iml__A1_O28442--2iml__C1_O28442,0.95998539838917,0.5,True
6iru__A1_Q9RVF9--6iru__A2_Q9RVF9,0.9954699082513063,0.5,True
4x36__A1_P06653--4x36__A2_P06653,0.99282948746961,0.5,True
8iev__A1_Q0PAW2--8iev__B1_Q0PAW2,0.9761383764495986,0.5,True
3cyg__A1_A7HM60--3cyg__B1_A7HM60,0.7183813887987935,0.5,True
5kvr__A1_P0ACL9--5kvr__A2_P0ACL9,0.9147507090952607,0.5,True
1na8__A1_Q9UJY5--1na8__B1_Q9UJY5,0.956062393312205,0.5,True
5fis__A1_H9IUR0--5fis__B1_H9IUR0,0.9635709707996563,0.5,True
5yo8__A1_A0A094YZ24--5yo8__B1_A0A094YZ24,0.990337095140263,0.5,True
7z6m__A1_A0A0H3LM39--7z6m__A2_A0A0H3LM39,0.9559372252057031,0.5,True
7vua__A1_UNDEFINED--7vua__B1_UNDEFINED,0.997851584288793,0.5,True
2yxd__A1_Q57836--2yxd__B1_Q57836,0.9783595681195755,0.5,True
1aua__A1_P24280--1aua__A2_P24280,0.9896988068380547,0.5,True
7zw3__A1_P27338--7zw3__B1_P27338,0.9378217184526614,0.5,True
5xjx__I1_C0LGW6--5xjx__A1_Q9SSD1,0.8716613478814295,0.5,False
7xca__A1_W5X1V8--7xca__B1_W5X1V8,0.9860536021443229,0.5108695652173914,True
7xub__A1_Q96KQ7--7xub__B1_Q96KQ7,0.9689794875368782,0.5,True
5xlu__A1_Q65KZ6--5xlu__B1_A9YTT0,0.9484695081292149,0.5,False
8smq__A1_Q182N1--8smq__B1_Q182N1,0.9244785422456158,0.5033958441050879,True
8eni__A1_A0A0H3JRH8--8eni__A2_A0A0H3JRH8,0.9885616685156577,0.5,True
1q77__A1_O66565--1q77__B1_O66565,0.97785534884076,0.5,True
5xor__A1_A9YPG7--5xor__E1_A9YPG7,0.953736122971819,0.5,True
6nbp__A1_A0A4P1LYI6--6nbp__A2_A0A4P1LYI6,0.995989850476616,0.5190145124941768,True
4wu2__A1_Q7WUJ1--4wu2__B1_Q7WUJ1,0.9864302198531589,0.5,True
2nvn__A1_Q31MH7--2nvn__A2_Q31MH7,0.9228807590185506,0.5,True
3zyh__A1_Q05097--3zyh__B1_Q05097,0.9848532361222717,0.5,True
8a21__A1_A0QJI1--8a21__A2_A0QJI1,0.9750199772733331,0.5,True
8ho2__A1_A0A191T7N6--8ho2__B1_A0A191T7N6,0.9030318214454849,0.5,True
2j8q__A1_O43809--2j8q__B1_O43809,0.9357485290976467,0.5,True
1cx8__A1_P02786--1cx8__B1_P02786,0.984271757938965,0.5,True
5zfk__A1_Q31LX1--5zfk__B1_Q31LX1,0.992612531309398,0.5,True
2qti__A1_Q8EF26--2qti__A2_Q8EF26,0.9533840767181591,0.5080119617638416,True
5djo__B1_Q9EQW7--5djo__A1_Q9EQW7,0.9612253522027957,0.5,True
1kve__B1_P19972--1kve__A1_P19972,0.9082782624019737,0.5025641025641026,True
4kjq__A1_P37019--4kjq__B1_P37019,0.9571527167133597,0.5,True
8qyw__A1_Q9NVS9--8qyw__A2_Q9NVS9,0.9374939499976316,0.5,True
4djb__A1_P04489--4djb__B1_P04489,0.931536706194414,0.5,True
7t1e__A1_P78556--7t1e__B1_P78556,0.8496509479159537,0.5,True
2ev4__A1_P9WMU9--2ev4__B1_P9WMU9,0.966520886954028,0.5,True
4m1j__A1_Q9I194--4m1j__B1_Q9I194,0.9651861170350406,0.5,True
8bj3__A1_A0A072U7F9--8bj3__B1_A0A072U7F9,0.9805571403202109,0.5,True
5fcl__A1_Q6D0X0--5fcl__B1_Q6D0X0,0.9753660590582484,0.5,True
2evr__A1_B2J9B4--2evr__A2_B2J9B4,0.5890751135305898,0.5,True
4ftw__A1_Q3J2V1--4ftw__A2_Q3J2V1,0.9482190349434904,0.5,True
2q6q__B1_P36094--2q6q__A1_P36094,0.9747283670088867,0.5056179775280899,True
8hx8__A1_Q6L8Q5--8hx8__B1_Q6L8Q5,0.9814813304241619,0.5,True
7zgn__A1_U6RE59--7zgn__B1_U6RE59,0.977644669451767,0.5,True
7fiw__A1_B3CP63--7fiw__B1_Q73HD5,0.9234432446948813,0.5,False
4xd9__A1_C8VMF9--4xd9__B1_Q5B6T5,0.9418840519872932,0.5,False
3dme__A1_Q7VU70--3dme__B1_Q7VU70,0.916801287235836,0.5,True
8d0m__A1_P28907--8d0m__A2_P28907,0.9084844102843497,0.5,True
2w6a__A1_Q9Z272--2w6a__B1_Q9Z272,0.9507445635045697,0.5,True
6oje__B1_Q5S007--6oje__A1_Q5S007,0.9660557454044194,0.5029617454539451,True
7mu0__A1_P9WQK3--7mu0__B1_P9WQK3,0.8832097811077415,0.5,True
4az3__A1_P10619--4az3__B1_P10619,0.9083084370498228,0.5,True
7ug8__B1_Q0I6F8--7ug8__A1_Q0I6F8,0.9759941086702352,0.5,True
6mxv__B1_Q5NFU2--6mxv__A1_Q5NFU2,0.8820453401992591,0.5,True
8ug3__B1_P50053--8ug3__A1_P50053,0.9941585972328681,0.5,True
7veo__A1_UNDEFINED--7veo__B1_UNDEFINED,0.9839502669456012,0.5,True
4atm__A1_P49418--4atm__A2_P49418,0.985427527605599,0.5,True
7x6f__B1_P0AD45--7x6f__A1_P0AD45,0.9884963066274085,0.5,True
1nkn__B1_Q17042--1nkn__A1_Q17042,0.9647892998146805,0.5,True
7pjo__B1_UNDEFINED--7pjo__A1_UNDEFINED,0.9615332942252032,0.5,True
5n0s__B1_A0A2R2JFI5--5n0s__A1_A0A2R2JFI5,0.9453875585740984,0.5,True
6m9g__A1_Q5D6Y4--6m9g__B2_Q5D6Y4,0.9864919866251585,0.5035714285714286,True
7zvz__A1_G1UBD5--7zvz__B1_G1UBD5,0.9359213025523753,0.5,True
3b5m__B1_Q7UTD8--3b5m__A1_Q7UTD8,0.9444564138886258,0.5,True
6v0a__B1_B3E641--6v0a__A1_B3E641,0.9898616642759771,0.5,True
3bpj__C1_O75822--3bpj__A1_O75822,0.9165896464646465,0.50625,True
8tn8__B1_A0A482N9T7--8tn8__A1_A0A482N9T7,0.9871313637055358,0.5,True
7y51__A1_Q8RBF4--7y51__A2_Q8RBF4,0.9391241079886155,0.5,True
6zef__A1_P62136--6zef__C1_Q9C0D0,0.8765065745808525,0.5,False
6u11__A1_A0A1L8HDP6--6u11__A2_A0A1L8HDP6,0.975092713240453,0.5,True
8i5w__A1_Q8BZN6--8i5w__B1_P63000,0.9432916104871281,0.5,False
3rv1__B1_A7TR32--3rv1__A1_A7TR32,0.9250441964313951,0.5,True
8i59__A1_UNDEFINED--8i59__B1_UNDEFINED,0.9610163058762108,0.5,True
8g1h__A1_UNDEFINED--8g1h__A2_UNDEFINED,0.9838311152925941,0.5,True
7vwk__A1_L8PIV2--7vwk__B1_L8PIV2,0.9811939560087055,0.5,True
4k3z__A1_Q8YCV0--4k3z__A2_Q8YCV0,0.9485012031216937,0.5,True
5v5t__A1_Q830T5--5v5t__D1_Q830T5,0.8426900331739822,0.5,True
6fp5__B1_Q960Q9--6fp5__A1_Q960Q9,0.9442409840648588,0.5070729661727705,True
2ikb__A1_Q7DDI9--2ikb__C1_Q7DDI9,0.9910065478456334,0.5087719298245614,True
7zam__A1_Q07666--7zam__B1_Q07666,0.9828001003374988,0.5,True
3o10__A1_Q9NZJ4--3o10__B1_Q9NZJ4,0.9532877722185966,0.5,True
3egv__A1_Q84BQ9--3egv__B1_Q5SLP6,0.9294205646291261,0.5,False
2g9w__A1_P9WMJ5--2g9w__B1_P9WMJ5,0.9708439514315694,0.5087719298245614,True
2afv__A1_Q8EXP7--2afv__B1_Q8EXP7,0.9575693825869392,0.5,True
1wl3__B1_Q9X1M1--1wl3__A1_Q9X1M1,0.9873735501844261,0.5,True
4kbx__A1_P45550--4kbx__A2_P45550,0.9581014738979496,0.5,True
8h5a__A1_P67661--8h5a__B1_P67661,0.958181757511424,0.49988950547561756,True
8b4l__B1_D5SK09--8b4l__A1_D5SK09,0.9028187867037821,0.5,True
3r24__A1_P0C6X7--3r24__B1_P0C6U8,0.9486654553941253,0.5,False
1nrj__B1_P36057--1nrj__A1_P32916,0.9513896626431446,0.5,False
4rdw__A1_Q9HU77--4rdw__A2_Q9HU77,0.9788197142875572,0.5,True
7vpr__A1_Q6FX18--7vpr__B1_Q6FX18,0.992291581519123,0.5,True
5a6k__A1_A0A0H2US73--5a6k__B1_A0A0H2US73,0.990354734345441,0.5,True
7ucd__B1_P17535--7ucd__A1_P53539,0.9655405405405405,0.5,False
1qc9__A1_P00642--1qc9__A2_P00642,0.9228992356986226,0.5,True
3ooc__A1_P77239--3ooc__B1_P77239,0.9308633803775705,0.5,True
8pm1__A1_B8GAY9--8pm1__B1_B8GAY9,0.9796705653021444,0.5111111111111111,True
1vbg__A1_P11155--1vbg__A2_P11155,0.9903768522798246,0.5,True
2qgs__A1_A0A0H2VIU2--2qgs__B1_A0A0H2VIU2,0.9858086756679116,0.5,True
8cnx__A1_Q68T42--8cnx__B1_Q68T42,0.9719117093368774,0.5,True
8bol__A1_Q04609--8bol__A2_Q04609,0.990272236356529,0.5,True
3mii__B1_Q08914--3mii__A1_Q08914,0.9893464390161859,0.5,True
3i23__A1_Q835X4--3i23__B1_Q835X4,0.9224471672267194,0.5,True
3itf__A1_P0AE85--3itf__B1_P0AE85,0.9264479555482269,0.5,True
8d05__A1_UNDEFINED--8d05__A2_UNDEFINED,0.9775581799097219,0.5629552321010222,True
6mw5__A1_K3WC47--6mw5__A2_K3WC47,0.9412301183839942,0.5,True
5vht__A1_P0A9J8--5vht__B1_P0A9J8,0.9608460594968647,0.5,True
6j6x__B1_P53611--6j6x__A1_Q7Z6K3,0.9485609390094605,0.5,False
4tvb__A1_O32323--4tvb__B1_O32323,0.9654472341109798,0.5,True
3nkh__B1_UNDEFINED--3nkh__A1_UNDEFINED,0.9802767845543837,0.5,True
3jyu__A1_P35123--3jyu__B1_P35123,0.9388508158927993,0.5,True
8dtc__A1_L8GT25--8dtc__B1_L8GT25,0.9586060728213648,0.5,True
7n1j__A1_P22455--7n1j__B1_UNDEFINED,0.9725942074120212,0.5087719298245614,False
8fny__A1_O00418--8fny__B1_P0DP23,0.9335160414694544,0.5,False
7v0b__A1_A0A1E7MYN1--7v0b__B1_A0A1E7MYN1,0.9886168091504766,0.5,True
2vvo__A1_P9WKD7--2vvo__B1_P9WKD7,0.9544273376105962,0.5,True
5yjh__A1_Q15063--5yjh__A2_Q15063,0.9776020190518501,0.5,True
2z5e__A1_Q9BT73--2z5e__B1_Q9BT73,0.9558123619906199,0.5067567567567568,True
1a8l__A1_Q51760--1a8l__A2_Q51760,0.9809489773371376,0.5,True
8h0r__A1_Q9WVJ5--8h0r__B1_Q9WVJ5,0.9686286291862982,0.5,True
2j7j__A1_P03001--2j7j__A2_P03001,0.526687850876127,0.5,True
8u1v__A1_K4L8Z7--8u1v__B1_K4L8Z7,0.961277041266336,0.5,True
7zbg__A1_Q02880--7zbg__A2_Q02880,0.976109022569992,0.5,True
1rku__A1_Q9I2Y2--1rku__B1_Q9I2Y2,0.988907950065476,0.5,True
2wvl__A1_Q72K30--2wvl__B1_Q72K30,0.945917016000041,0.5,True
6kfs__A1_B7FR28--6kfs__A2_B7FR28,0.9619643967308598,0.5,True
3shg__A1_E6Z0R3--3shg__B1_E6Z0R4,0.9534336226562065,0.5,False
7zal__A1_E3T5W0--7zal__E2_E3T5W0,0.9823163811043026,0.5,True
4wjm__A1_Q2YNY7--4wjm__A2_Q2YNY7,0.9953942879535114,0.5,True
8hmo__A1_A0A0H4P0S7--8hmo__B1_A0A0H4P0S7,0.9790417731495856,0.5032051282051282,True
7f9g__B1_C0HM62--7f9g__A1_C0HM62,0.976905394949708,0.49994091580502215,True
6n91__A1_Q9KNI7--6n91__B1_Q9KNI7,0.958471965174841,0.5,True
4oyd__A1_P0C6Z1--4oyd__B1_UNDEFINED,0.9800476015677729,0.5,False
1dev__A1_Q15796--1dev__B1_O95405,0.8886513362982666,0.5,False
8c9j__B1_P15559--8c9j__A1_P15559,0.9727435939285132,0.5,True
3rd7__B1_A0A0H2ZY91--3rd7__A1_A0A0H2ZY91,0.9791574728416929,0.5,True
5x1j__A1_G2IQS7--5x1j__A2_G2IQS7,0.9837903430791578,0.5,True
3r2p__A1_P02647--3r2p__A2_P02647,0.9578649720149255,0.5,True
1pdk__A1_P15319--1pdk__B1_P62532,0.9228758681915505,0.49998433338555537,False
7bjg__A1_Q8IGY1--7bjg__A2_Q8IGY1,0.8912549199434445,0.5,True
3kcp__A1_Q06851--3kcp__B1_A3DF10,0.9756687365105344,0.5,False
7bbq__A1_Q6I6B7--7bbq__A2_Q6I6B7,0.966819588824247,0.49994051160023795,True
3dpj__E1_Q5LS67--3dpj__F1_Q5LS67,0.9208980131927164,0.5,True
6okh__A1_Q04QG8--6okh__B1_Q04QG8,0.9759181288422131,0.5,True
7tq1__A1_P0AC13--7tq1__A2_P0AC13,0.9913831322587624,0.5166533308439798,True
7t5y__A1_P0A7E1--7t5y__B1_P0A7E1,0.9455878282965169,0.5,True
5o47__A1_J7HDY4--5o47__A2_J7HDY4,0.9895989440192354,0.5,True
3edj__A1_Q8KKG0--3edj__B1_Q8KKG0,0.9787613660071833,0.5,True
5yr0__A1_O88597--5yr0__B1_Q8K245,0.9347379526980042,0.5,False
5c21__A1_P09986--5c21__B1_P09986,0.8985323704889352,0.5,True
2gok__A1_Q8U8Z6--2gok__B1_Q8U8Z6,0.994076035080405,0.5,True
1ww1__A1_Q9WZW8--1ww1__B1_Q9WZW8,0.9814070060502718,0.5,True
1fm0__B1_P30749--1fm0__A1_P30748,0.9553871837347847,0.5,False
4jgo__B1_O31671--4jgo__A1_O31671,0.9647875937636101,0.5,True
3l2k__A1_Q8GPH0--3l2k__B1_Q8GPH0,0.9042109243086469,0.5,True
1yov__A1_Q13564--1yov__B1_Q8TBC4,0.9688338123953261,0.5,False
7zvd__A1_P11413--7zvd__A2_P11413,0.9924040389759058,0.5,True
2snw__A1_P03316--2snw__B1_P03316,0.8512437177826627,0.5,True
8grh__B1_P51553--8grh__A1_P50213,0.9729170924170524,0.5,False
1lxd__A1_Q03386--1lxd__B1_Q03386,0.9594251691654504,0.5,True
5m97__A1_Q10113--5m97__B1_Q10113,0.9598971749448211,0.49988279418659165,True
7ax1__A1_Q9ULM6--7ax1__B1_Q9UIV1,0.9849145262484656,0.5,False
8d4w__A1_A0A8B4R830--8d4w__A2_A0A8B4R830,0.9337637213193969,0.5,True
7ynw__B2_Q57834--7ynw__A1_Q57834,0.9986256810885626,0.5,True
4rgp__A1_Q8DTU7--4rgp__B1_Q8DTU7,0.9705976140537524,0.5,True
8twd__C1_P0AEV1--8twd__A1_W8SRD3,0.9535800219400694,0.5,False
3fb9__A1_A0A0H2US72--3fb9__B1_A0A0H2US72,0.9496403520528973,0.5,True
8a39__A1_A0A024L404--8a39__C2_A0A024L404,0.9920136648574213,0.5,True
3ps8__A1_P01034--3ps8__A2_P01034,0.8580502759043531,0.5,True
7vwp__A2_A0A136PK59--7vwp__B1_A0A136PK59,0.9914886810182478,0.5,True
3a7p__A1_Q03818--3a7p__B1_Q03818,0.95431932262732,0.5,True
4ql6__A1_A0A0H3MDM0--4ql6__C1_A0A0H3MDM0,0.9295506166524818,0.5,True
5nck__A1_Q8RDN7--5nck__B1_Q8RDN7,0.9900618280267521,0.5,True
3qt7__A1_Q9FD73--3qt7__B1_Q9FD73,0.9968032233159622,0.5,True
4aye__D1_Q9JXV4--4aye__A1_P08603,0.9663651000989079,0.5,False
7r3n__A1_P43432--7r3n__B1_P43432,0.9789357764405385,0.5,True
7a0x__B1_Q8ZRZ3--7a0x__A1_Q8ZRZ3,0.9851375129084453,0.5,True
7wjk__A1_P93836--7wjk__A2_P93836,0.9491703173284788,0.5,True
7g99__B1_Q92974--7g99__A1_P61586,0.957054452330615,0.5,False
5x8z__A1_A3QAQ5--5x8z__B1_A3QAQ5,0.9819973113140593,0.5,True
2if9__A1_Q98ZP7--2if9__B1_Q98ZP7,0.5500359956308751,0.5,True
7u0r__B1_M9SC49--7u0r__A1_M9SC49,0.9873599412697467,0.5,True
7wbt__A1_Q288C4--7wbt__B1_Q288C4,0.9846410538565104,0.5,True
7txe__A1_Q8I6T6--7txe__B1_Q8I6T6,0.9012963809881336,0.5,True
6pyp__A1_P21695--6pyp__B1_P21695,0.9826494319452067,0.5079365079365079,True
8b2d__A1_F5SYD3--8b2d__B1_F5SYD3,0.9707512294891137,0.5,True
1vmg__A1_Q97U11--1vmg__A2_Q97U11,0.9373310345944021,0.5083153912982479,True
6b8l__B1_P0DP23--6b8l__A1_P56696,0.9238003004190055,0.5152304530002372,False
8sj5__A1_A0A2I4FN75--8sj5__C1_A0A2I4FN75,0.9224721441216286,0.5,True
3nr1__A1_Q8N4P3--3nr1__B1_Q8N4P3,0.9820013630535933,0.5,True
3h3l__A1_A6LFX0--3h3l__A2_A6LFX0,0.9866082333816616,0.5,True
7uav__A1_P0DW58--7uav__B1_P0DW58,0.9061063792574175,0.5025380710659898,True
6jdh__A1_A0A2K0XYW4--6jdh__B1_A0A2K0XYW4,0.983877246589111,0.5,True
3vjz__A1_Q9K0P4--3vjz__B1_Q9K0P4,0.9855416720627083,0.4999812008873181,True
3et4__A1_Q4QMM5--3et4__A2_Q4QMM5,0.9704892398273359,0.5,True
5or3__A1_Q2UNF9--5or3__D1_Q2UNF9,0.9541945715693962,0.5,True
3fh3__B1_A0A6L8PES2--3fh3__A1_A0A6L8PES2,0.985242102626005,0.5,True
1go3__A1_Q57840--1go3__B1_Q60351,0.9497969466335673,0.5,False
8fin__A1_UNDEFINED--8fin__B1_UNDEFINED,0.9240867784461795,0.5,True
3zxq__B1_P9WGK1--3zxq__A1_P9WGK1,0.8573396083955952,0.4999667243444696,True
1zlh__A1_P00730--1zlh__B1_Q5EPH2,0.9323234883301793,0.5,False
4h1h__A1_Q8Y6P6--4h1h__B1_Q8Y6P6,0.977794377561206,0.5,True
2gh1__A1_Q81E32--2gh1__B1_Q81E32,0.9230903228954148,0.5,True
7dl7__F1_B0VJ11--7dl7__A1_B0VJ11,0.9841137529138622,0.5,True
7yu0__B1_Q79F77--7yu0__A1_Q79F77,0.9798969602811431,0.5,True
3cbu__B1_Q473P3--3cbu__A1_Q473P3,0.9464267313456587,0.5,True
8b1s__A1_B0LPL6--8b1s__A2_B0LPL6,0.985671954558555,0.5,True
3ihk__A1_Q8DVV9--3ihk__A2_Q8DVV9,0.982862709654089,0.5,True
4y67__A1_Q8IKG4--4y67__B1_Q8IKG4,0.9754260181111469,0.5,True
6ejp__B1_P69986--6ejp__A1_P69986,0.9178440190158037,0.5,True
1poy__A1_P0AFK9--1poy__B1_P0AFK9,0.9855136757943608,0.5,True
3a7o__A1_Q03818--3a7o__B1_Q03818,0.9441631446067149,0.5,True
4a2l__A1_Q89YR8--4a2l__B1_Q89YR8,0.9665762521033046,0.5,True
5n47__B1_P02751--5n47__A1_P80188,0.9606580856980472,0.5,False
8ejm__A1_O43143--8ejm__B1_Q8IWZ8,0.9116082873773865,0.5,False
1npd__B1_P0A6D5--1npd__A1_P0A6D5,0.9664474907367401,0.5,True
8h0h__A1_P9WLU7--8h0h__C1_P9WLU7,0.9640682124586197,0.49995212333030115,True
3t8l__A1_Q7CUX4--3t8l__B1_Q7CUX4,0.9543162197863418,0.5,True
7ol3__B1_Q8WXF7--7ol3__A1_Q8WXF7,0.8312091894181446,0.5,True
8ewa__B1_Q9HW02--8ewa__A1_Q9HW02,0.9658530297395183,0.5,True
2ft0__A1_Q8FBQ3--2ft0__B1_Q8FBQ3,0.9525516218193643,0.5,True
2r01__A1_Q8KFI1--2r01__A2_Q8KFI1,0.9535060126650559,0.5052910052910053,True
8hno__A1_B6YTS4--8hno__B1_B6YTS4,0.9858290284097468,0.5,True
6x88__A1_P52731--6x88__B1_P52731,0.9918440076366682,0.5,True
2x76__A1_Q939Q9--2x76__A2_Q939Q9,0.9945428038332764,0.5,True
7x2p__A1_Q5ZWH7--7x2p__B1_Q5ZWH7,0.8923978963648492,0.5,True
2aeu__A1_Q57622--2aeu__A2_Q57622,0.9906902243354401,0.5,True
5kbg__A1_Q43965--5kbg__B1_Q43965,0.9754627611373711,0.5,True
4p9g__A1_Q9REI7--4p9g__A2_Q9REI7,0.9741107640438297,0.5,True
7tcv__A1_Q60932--7tcv__A2_Q60932,0.9631418232398422,0.5,True
7vkb__A1_Q5ZSZ6--7vkb__B1_Q5ZSZ7,0.8774533373301899,0.5,False
7r2p__A1_Q46877--7r2p__A2_Q46877,0.955736618793169,0.5,True
6ggl__B1_C9K1X5--6ggl__A1_C9K1X5,0.982848213284777,0.5,True
7yi7__A1_Q9Y251--7yi7__B1_Q9Y251,0.9274731647167284,0.5,True
7yka__B1_Q9Y3D6--7yka__A1_Q9Y3D6,0.968104410943607,0.5,True
8jea__A1_K1QRB6--8jea__D1_K1QRB6,0.9508377932613014,0.5,True
8huc__C1_A0A0H2Z790--8huc__A1_A0A0H2Z790,0.9637397933041895,0.5,True
7unh__A1_UNDEFINED--7unh__B1_UNDEFINED,0.985160689953139,0.5,True
5mpr__A1_O15382--5mpr__A2_O15382,0.971132622128269,0.5,True
4ooj__B1_Q5ZSK6--4ooj__A1_Q5ZSK6,0.9385898480171951,0.5,True
8a5v__A1_Q9Y617--8a5v__C1_Q9Y617,0.9787488810771336,0.5,True
3lm2__A1_A9CH74--3lm2__B1_A9CH74,0.9786604797589618,0.5,True
7zwt__A1_P41182--7zwt__A2_P41182,0.9649321135131985,0.5,True
6ket__A1_A0A0A0WDC6--6ket__B1_A0A0A0WDC6,0.9744765442321571,0.5,True
5zwl__B1_Q8DLU1--5zwl__A1_Q8DLG7,0.9701164128026032,0.5,False
6wmz__A1_P23246--6wmz__B1_Q15233,0.9105046550445921,0.5,False
1i4m__A1_P04156--1i4m__A2_P04156,0.7990753392011694,0.5,True
2gjg__A1_Q88EQ6--2gjg__A2_Q88EQ6,0.9204849972134672,0.5,True
6k62__B2_A0A0H2X6K9--6k62__A1_A0A0H2X6K9,0.9030156812838377,0.5,True
4ghm__A1_Q9KTK0--4ghm__B1_Q9KTK0,0.9614413492386938,0.5,True
1tve__A1_P31116--1tve__B1_P31116,0.9843455813520291,0.5,True
6qj2__A1_G0S2G2--6qj2__B1_G0SBJ6,0.9840354161622451,0.5,False
3onx__A1_P41697--3onx__B1_P41697,0.9508946743554954,0.5,True
8cp4__A1_Q6LXV7--8cp4__A2_Q6LXV7,0.988725032412111,0.5,True
1ob9__A1_Q97YX6--1ob9__A2_Q97YX6,0.9924964285832845,0.5169165090743308,True
7zcc__B1_P46327--7zcc__A1_P46327,0.9751187399806163,0.5,True
4kwd__A1_Q9UR08--4kwd__B1_Q9UR08,0.9830735496280963,0.5,True
7wuy__A1_A0A1R3S1W7--7wuy__B1_A0A1R3S1W7,0.9730658200039555,0.5,True
5gtw__A1_I3NX86--5gtw__D1_I3NX86,0.9541521161395201,0.5,True
7ekn__B1_Q5JT35--7ekn__A1_UNDEFINED,0.9329331892055905,0.5155411427812862,False
6loh__A1_O15033--6loh__A2_O15033,0.9671532366578277,0.5,True
3a9y__A1_Q68FT9--3a9y__B1_Q68FT9,0.976496822047774,0.5,True
8ay6__B1_Q9CAJ0--8ay6__A1_A0A067E666,0.944570175060159,0.5,False
8u5m__A1_Q8TF42--8u5m__F1_Q8TF42,0.9902413097345962,0.5,True
7twa__D1_F8JJ25--7twa__A1_F8JJ25,0.9940624444572119,0.5,True
8fju__B1_P34897--8fju__A1_P34897,0.9644443617819648,0.5,True
1fjj__A1_P12994--1fjj__A2_P12994,0.9766120722161544,0.5,True
7qlr__A1_A0A1J1J928--7qlr__D2_A0A1J1J928,0.9761662234453803,0.5,True
3vf0__B1_Q8IY67--3vf0__A2_P18206,0.9083787776825623,0.5,False
8ehe__A1_A0A0A7KVG3--8ehe__B1_A0A1D3UUC0,0.9788660203128826,0.5,False
6hpc__A1_P67697--6hpc__B1_P67697,0.9303668196584186,0.5,True
2x3o__A1_Q9I585--2x3o__B1_Q9I585,0.9275290502316094,0.5,True
5y40__A1_P55892--5y40__B1_P55892,0.9073914202280524,0.5,True
1y42__A1_P12063--1y42__A2_P12063,0.993463287754245,0.5,True
2e91__A1_Q12051--2e91__B1_Q12051,0.9652635765229605,0.5,True
8ja2__A1_A0A0A1E3Q0--8ja2__A2_A0A0A1E3Q0,0.9733920830300921,0.5,True
3iuw__B1_Q8KUB7--3iuw__A1_Q8KUB7,0.971389977506203,0.5,True
8e7y__A1_Q9RFC8--8e7y__B1_Q9RFC8,0.9528803155306236,0.5,True
4kzn__A1_P15692--4kzn__A2_P15692,0.9089909824954323,0.5,True
7z7o__A1_A0A1S4NYF2--7z7o__C1_A0A1S4NYF2,0.9472478456937458,0.5,True
8brp__A1_D8G6F7--8brp__B1_D8G6F7,0.9712893557920239,0.5,True
3qir__A1_Q8TC59--3qir__A2_Q8TC59,0.9330039673628265,0.5,True
8bay__A1_O75874--8bay__B1_O75874,0.9716552156826179,0.5,True
6mhm__B1_Q13510--6mhm__A1_Q13510,0.9205758880929243,0.5,True
8bj7__A1_P07598--8bj7__B1_P07603,0.9458689910876694,0.5,False
5wxx__A1_Q9RNB4--5wxx__A2_Q9RNB4,0.9842774833272516,0.5,True
8f7l__A1_P43490--8f7l__B1_P43490,0.9433997523119388,0.5,True
3cz1__A1_Q9U9J6--3cz1__B1_Q9U9J6,0.9759607818571016,0.5,True
8a0c__A1_Q2ERG0--8a0c__B1_Q2ERG0,0.9602352479624096,0.5,True
5mpy__A1_Q9LPZ1--5mpy__B1_Q9LPZ1,0.9603525451783669,0.5,True
1anu__A1_Q06851--1anu__A2_Q06851,0.9895633971291865,0.5,True
3vs8__A1_C1DM33--3vs8__C1_C1DM33,0.9786436550601696,0.5,True
7zi8__A1_P27707--7zi8__A2_P27707,0.9950947577180824,0.5078125,True
1peu__A1_Q08698--1peu__A2_Q08698,0.982253445490171,0.5,True
5uk5__B1_Q63722--5uk5__A1_Q07008,0.7909928907850501,0.5,False
7vg5__A1_Q49135--7vg5__B1_Q49135,0.984131861908183,0.5061749963104496,True
4jkz__A1_A0R6I8--4jkz__A2_A0R6I8,0.9802503455038456,0.5,True
4aa8__A1_P00794--4aa8__A2_P00794,0.8662659726416089,0.5,True
5yew__A1_Q8IWA4--5yew__B1_Q8IWA4,0.9429895520415722,0.5,True
1hf2__B1_Q9X0D7--1hf2__A1_Q9X0D7,0.9896311649659864,0.5089285714285714,True
3au0__A1_Q7A382--3au0__A2_Q7A382,0.9432664265701507,0.5,True
3gif__A1_O34757--3gif__B1_O34757,0.9684363061384788,0.5040650406504065,True
8c66__A1_UNDEFINED--8c66__D1_UNDEFINED,0.9758003723301817,0.5,True
7zcl__B1_UNDEFINED--7zcl__A1_UNDEFINED,0.9885469465033154,0.5271739130434783,True
4axv__A1_A7N805--4axv__A2_A7N805,0.9423130686398177,0.5,True
5c6u__A1_O69689--5c6u__A2_O69689,0.9608142106314527,0.5,True
4nv4__A1_A0A6L7HM74--4nv4__A2_A0A6L7HM74,0.9460355722447661,0.5130811782044293,True
6axf__A1_Q7LDG7--6axf__B1_P61224,0.9756779621865723,0.5,False
5yf1__B1_Q8N4J0--5yf1__A1_Q8N4J0,0.9664467380325357,0.5,True
8j83__A1_C5ATT7--8j83__B1_C5ATT6,0.9854154960354623,0.5,False
3fjy__B1_A0ZZM4--3fjy__A1_A0ZZM4,0.9654937943930848,0.5,True
4rg1__A1_Q5T280--4rg1__B1_Q5T280,0.9867714293717059,0.5085407782503218,True
1ux4__A1_P41832--1ux4__A2_P41832,0.970286569831928,0.5,True
6rbm__A1_P0ACT4--6rbm__A2_P0ACT4,0.9731466985819193,0.5,True
2cme__B1_P59636--2cme__A1_P59636,0.8963471923140633,0.5580122577439126,True
7wis__A1_P46881--7wis__B1_P46881,0.937737599023872,0.5,True
5a3l__A1_A0A1A9TAD0--5a3l__C1_A0A1A9TAD0,0.9777724501809887,0.5,True
3gzi__A1_A3QIY5--3gzi__A2_A3QIY5,0.9829049783210573,0.5,True
8pr6__B1_A0A1Q6BKH4--8pr6__A1_A0A1Q6BKH4,0.9616808140080828,0.5106703022765083,True
8j64__A1_Q967S9--8j64__B1_O00816,0.8445811952282332,0.5,False
8ohw__A1_Q63T97--8ohw__B1_Q63T97,0.8776343516389106,0.5,True
5y4r__A1_O87131--5y4r__B1_Q9HVI1,0.9387348780651599,0.5,False
8d3t__B1_A0A2K2AMS7--8d3t__A1_A0A2K2AMS7,0.9840572486228825,0.5,True
1zk8__A1_Q815X4--1zk8__B1_Q815X4,0.9901770593359542,0.5197694058470638,True
2w82__A1_Q47730--2w82__B1_Q47730,0.9921255491692714,0.5,True
6l08__A1_O65896--6l08__B1_O65896,0.9745627785342906,0.5,True
4p94__B1_Q4J9K8--4p94__A1_Q4J9K8,0.9702293882978723,0.4999667553191489,True
4yii__A1_O00762--4yii__B1_Q9UJX6,0.9864659173264148,0.5,False
4rus__A1_P68512--4rus__B1_P68512,0.9438867327648879,0.5,True
2o48__A1_Q9TQS6--2o48__A2_Q9TQS6,0.9587172417243162,0.5,True
7pvw__B1_P00523--7pvw__A1_P00523,0.7918630498729776,0.5108219681775639,True
2wcu__A1_Q8R2K1--2wcu__B1_Q8R2K1,0.9694912192336368,0.5,True
2p35__A1_Q8UH15--2p35__B1_Q8UH15,0.9376364761015661,0.5,True
6rfg__A1_Q49PR7--6rfg__D1_Q49PR7,0.9104781685004916,0.5,True
5jj8__A1_Q9HVB9--5jj8__A2_Q9HVB9,0.8858966798479033,0.5043437983266784,True
6ije__A1_A0A083ZID3--6ije__B1_A0A083ZID3,0.9749761475046167,0.5,True
8avu__A1_Q8GPI4--8avu__A2_Q8GPI4,0.9828484272928717,0.6463998963998964,True
7xdu__B1_A0A1I1Z0X1--7xdu__A1_A0A1I1Z0X1,0.9888130213952999,0.5,True
1xr4__A1_Q8ZRY1--1xr4__B1_Q8ZRY1,0.9143083168578101,0.5,True
2fuq__A1_C6XZB6--2fuq__B1_C6XZB6,0.9749151776963524,0.5,True
5xrw__A1_O25306--5xrw__C1_O25674,0.9269295604470559,0.5103308804966263,False
5l0o__A1_P46940--5l0o__B1_P46940,0.995228344865365,0.5,True
8vsy__B1_UNDEFINED--8vsy__A1_UNDEFINED,0.9237615508476364,0.5,True
2zcx__A1_Q9FBX0--2zcx__A2_Q9FBX0,0.9812944326100336,0.5034965034965035,True
5way__A1_Q97P44--5way__B1_Q97P44,0.9677099072326909,0.5,True
7xey__A1_Q9SU72--7xey__B1_Q9S745,0.9359766843539726,0.5,False
4xlo__C1_Q9KHK2--4xlo__A1_Q9KHK2,0.9765692611608844,0.5,True
6kd6__B1_Q9VAA9--6kd6__A1_Q9VAA9,0.8630988805680118,0.5,True
8k72__A1_Q9NWT6--8k72__A2_Q9NWT6,0.9682904009144441,0.5,True
8b5v__A1_Q4E4A3--8b5v__B1_Q4E4A3,0.9884678891868989,0.5,True
4yo3__A1_D3GUX1--4yo3__A2_D3GUX1,0.9865843727229865,0.5127776513915128,True
8p8p__A1_P49773--8p8p__B1_P49773,0.967266079043036,0.5063709605913316,True
6hrx__A1_O53623--6hrx__B1_O53623,0.9877123905463434,0.5384615384615384,True
3mdo__A1_A6LDR8--3mdo__B1_A6LDR8,0.9910190936683411,0.5,True
8iw0__A1_Q14678--8iw0__B1_Q14678,0.9610855628189162,0.5163195437166547,True
2rb7__A1_Q313A9--2rb7__B1_Q313A9,0.9462052211073695,0.5,True
8h6s__A1_Q76KY5--8h6s__C1_Q76KY0,0.9809137545188501,0.5,False
3lsj__A1_Q9HUS3--3lsj__B1_Q9HUS3,0.9618365010481031,0.5,True
7pxq__A1_UNDEFINED--7pxq__A2_UNDEFINED,0.9465418923892033,0.5,True
8g0q__A1_P40460--8g0q__B1_P33895,0.9275381081558625,0.5,False
6ms4__A1_Q9ULC4--6ms4__B1_O43583,0.9207340882467786,0.5,False
7y6b__A1_A0A411GZY8--7y6b__B1_A0A411H025,0.9207193390392322,0.5,False
7zyt__A1_P09622--7zyt__B1_P09622,0.9683234235772796,0.5,True
7lle__A1_Q6QVT7--7lle__B1_Q6QVT7,0.968520875662791,0.5,True
4csw__A1_D0MK34--4csw__B1_D0MK34,0.9730103933805265,0.5,True
7tev__A1_P04181--7tev__A2_P04181,0.9627941437812387,0.5,True
3zta__A1_Q2RIF4--3zta__A2_Q2RIF4,0.9913293697554876,0.5298507462686567,True
3abi__A1_O59312--3abi__B1_O59312,0.9988133555856179,0.5,True
5ab8__A1_P9WN25--5ab8__A2_P9WN25,0.9761540719996386,0.5,True
1guq__A1_P09148--1guq__B1_P09148,0.9759185824691043,0.5,True
6zdw__B1_A0A162MUP0--6zdw__A1_A0A162MUP0,0.9739134773562997,0.515625,True
8csd__A1_Q6U8B0--8csd__A2_Q6U8B0,0.978310078050037,0.5,True
3na2__A1_UNDEFINED--3na2__B2_UNDEFINED,0.9034870626734468,0.5,True
8bfr__A1_P30177--8bfr__A2_P30177,0.9980032307437556,0.5,True
7yk3__A1_O53604--7yk3__B1_O53605,0.9608835887873768,0.5,False
6xiv__A1_P16114--6xiv__B2_P16114,0.9919744879649248,0.5,True
8ajx__A1_P17117--8ajx__A2_P17117,0.9572185563335318,0.5057636887608069,True
8ayj__A1_D5EHC5--8ayj__B1_D5EHC5,0.9815790644242969,0.5,True
4tt0__B1_P10220--4tt0__A1_P10220,0.9401129920865471,0.5033557046979866,True
8a6e__B2_P02699--8a6e__A1_P02699,0.9647018646432175,0.5,True
4jb7__A1_Q9KTQ6--4jb7__A2_Q9KTQ6,0.9524867156602415,0.5,True
6h3f__A1_A0A0H3JT80--6h3f__A2_A0A0H3JT80,0.9871417053832547,0.5,True
6wxw__A1_F2NWD3--6wxw__B1_F2NWD3,0.995859802706332,0.5,True
2zw2__A1_F9VNF4--2zw2__B1_F9VNF4,0.9209576224545956,0.5,True
2wo2__A1_P54764--2wo2__B1_P52799,0.9579809453583045,0.5,False
4u66__A1_A8MI53--4u66__A2_A8MI53,0.988677743348462,0.5,True
1ord__A1_P43099--1ord__B1_P43099,0.9570703095910137,0.5,True
7zcm__A1_P42196--7zcm__B1_P42259,0.9060060382043396,0.5,False
8aa9__A1_Q9V1Y9--8aa9__B1_Q9V1Y9,0.6232138604429626,0.5,True
4i6y__B1_P13702--4i6y__A1_P13702,0.9599095640679755,0.5,True
1vh4__B1_P77689--1vh4__A1_P77689,0.9660428438691487,0.5,True
3ocd__A1_D7A6E5--3ocd__B1_Q7BQR5,0.9488568208947957,0.5,False
8pq7__A1_M1C5B8--8pq7__B1_D0N0Z8,0.843680358034886,0.5,False
8gic__A1_Q70AZ9--8gic__D1_Q70AZ5,0.8712073524162761,0.5,False
5abr__A1_P82802--5abr__B1_P82802,0.9705188875644475,0.5,True
2zmf__A1_Q9Y233--2zmf__B1_Q9Y233,0.9910433173932773,0.4999476421515585,True
2vzk__B1_P0DJQ5--2vzk__A1_P0DJQ5,0.9573808776352869,0.5084115051162584,True
7wm5__A1_A0A0C2W699--7wm5__A2_A0A0C2W699,0.9788963092395659,0.5,True
1zee__A1_Q8E972--1zee__B1_Q8E972,0.9213032101934151,0.5,True
1f3u__B1_P35269--1f3u__A1_P13984,0.9532512983094353,0.5,False
7tvh__B1_Q9I2Q1--7tvh__A1_Q9I2Q1,0.9901435811698895,0.5,True
5vgm__B1_Q9KL24--5vgm__A1_Q9KL24,0.9918520427206466,0.5,True
2b5l__A1_Q16531--2b5l__C1_P11207,0.8915906156103056,0.5,False
4zzh__A1_Q96EB6--4zzh__A2_Q96EB6,0.924565904613552,0.5,True
8in9__A1_E0D202--8in9__B1_E0D202,0.9551302973562606,0.5,True
6m4v__A1_P0AEX9--6m4v__B1_P62942,0.9570379354010237,0.5261124685655175,False
7y28__A1_P07814--7y28__B1_P07814,0.9736878281531814,0.5,True
7y7u__A1_A0A222F232--7y7u__B1_A0A222F232,0.985220155958926,0.5,True
3fgc__A1_P07740--3fgc__B1_P07739,0.9675992266785884,0.5,False
1rve__A1_P04390--1rve__B1_P04390,0.9943296212286907,0.5,True
7zy1__A1_Q9F8A8--7zy1__A2_Q9F8A8,0.9761144187440943,0.5,True
3jxo__B1_A0A0F6AN26--3jxo__A1_A0A0F6AN26,0.9689199716713881,0.5614376770538243,True
8dqb__A1_A0A0H3FX83--8dqb__A2_A0A0H3FX83,0.9721962875527513,0.5,True
5l16__A1_Q4Q0M0--5l16__A2_Q4Q0M0,0.9928767560438405,0.5,True
2gz4__A1_Q7D028--2gz4__C1_Q7D028,0.9749264267281234,0.5,True
7xyv__A1_Q9C0D3--7xyv__B1_Q9C0D3,0.9651374104914259,0.5,True
2f9w__A1_Q9HWC1--2f9w__B1_Q9HWC1,0.9800149269037499,0.5,True
2ox1__A1_O30011--2ox1__B1_O30011,0.993269037710677,0.5087719298245614,True
2guh__A1_Q0S8Y3--2guh__B1_Q0S8Y3,0.9897562337812711,0.5,True
7br1__A1_A0A7I6N400--7br1__B1_A0A7I6N400,0.9749435960989589,0.5096153846153846,True
2p04__A1_D0VWX5--2p04__B1_D0VWX5,0.9835710833572067,0.5182926829268293,True
4h5b__A1_Q9RUY5--4h5b__B1_Q9RUY5,0.9256823341071195,0.4999778162296464,True
4e1o__A1_P19113--4e1o__B1_P19113,0.9694193357076311,0.5,True
7pu4__B1_Q9X053--7pu4__A1_Q9X053,0.9744838846569788,0.49997495491885396,True
3m1u__A1_Q72DN3--3m1u__B1_Q72DN3,0.9259033696188591,0.5,True
4pww__A1_UNDEFINED--4pww__A2_UNDEFINED,0.9225034038542104,0.5,True
6ird__A1_Q91UZ1--6ird__B1_Q8NI35,0.8039760696305314,0.5,False
6gg2__A1_Q4WD43--6gg2__A2_Q4WD43,0.9520517702503055,0.5,True
6oei__A1_Q8KG60--6oei__A2_Q8KG60,0.9860308992915127,0.5,True
8hyi__A1_P22223--8hyi__B1_P22223,0.8985650255841553,0.5,True
4b8v__A1_B3VBK9--4b8v__A2_B3VBK9,0.9869912280701754,0.5,True
4lqb__A1_D2Q399--4lqb__B1_D2Q399,0.9766322352139349,0.5045147288034278,True
2vxb__A1_P87074--2vxb__B1_P87074,0.9861982276317687,0.5,True
5z1o__A1_D0VWU8--5z1o__B1_D0VWU8,0.7970179213016744,0.5,True
6h40__A1_K5B7F3--6h40__A2_K5B7F3,0.9914996026809038,0.5,True
2etk__A1_Q13464--2etk__B1_Q13464,0.9820939537640783,0.5,True
2p69__A1_Q96GD0--2p69__A2_Q96GD0,0.9941201990815655,0.5,True
4doy__A1_Q6WNP1--4doy__C1_Q6WNP1,0.9735145721150882,0.5,True
6zxw__A1_O29011--6zxw__B1_A0A117KMN5,0.9725395258465348,0.5,False
3lhk__A1_Q60329--3lhk__B1_Q60329,0.9852766504998515,0.514925764624369,True
1qpa__A1_P11542--1qpa__B1_P11542,0.9795170415104817,0.5,True
6e52__A1_P03069--6e52__B1_P03069,0.945901113691673,0.5,True
2ijd__A1_Q1PHW8--2ijd__A2_Q1PHW8,0.9089463186860821,0.5,True
1fwl__A1_Q58504--1fwl__B1_Q58504,0.9957719790529345,0.5,True
5nkk__A1_O62301--5nkk__B1_Q9XWJ1,0.9817335455197055,0.5,False
1ygt__A1_Q94524--1ygt__A2_Q94524,0.8960576882703022,0.49976611469735244,True
7zq1__B1_Q32ZE1--7zq1__A1_Q32ZE1,0.8141938217219182,0.5273141209324361,True
6p40__A1_M1GSK9--6p40__B1_M1GSK9,0.9655978453315704,0.5,True
2wyn__B1_P13482--2wyn__D1_P13482,0.9766939587796416,0.5,True
7yui__A1_P0CG48--7yui__B1_Q9BYM8,0.9100865224666186,0.5,False
2oi2__A1_A0A0H2UNK6--2oi2__A2_A0A0H2UNK6,0.9805585558432596,0.5,True
4wud__A1_P0AES6--4wud__A2_P0AES6,0.9680578315077368,0.5,True
5yzj__A1_A8K0B5--5yzj__B1_A8K0B5,0.9001758679747233,0.5,True
8f61__A1_Q28943--8f61__B1_Q28943,0.9154505734042311,0.5,True
7udi__B1_Q9RYE6--7udi__A1_Q9RYE6,0.9510095358534961,0.5,True
5ho3__A1_W6KHH6--5ho3__B1_W6KHH6,0.9369906424317989,0.5079365079365079,True
1u5i__A1_Q07009--1u5i__B1_Q64537,0.9692599612391197,0.5,False
1cmc__A1_P0A8U6--1cmc__B1_P0A8U6,0.9842405749328107,0.5592431734152968,True
6oe2__A1_Q8A9F0--6oe2__A2_Q8A9F0,0.9960536010487954,0.5,True
3ent__A1_Q2YAE2--3ent__B1_Q2YAE2,0.9813130017057851,0.5039370078740157,True
2y4g__A1_D3Y1I2--2y4g__B1_D3Y1I2,0.9846145131580346,0.5,True
7ec7__A1_A0A0H2XGN0--7ec7__A2_A0A0H2XGN0,0.995332167588386,0.5,True
2o11__A1_P9WPY1--2o11__A2_P9WPY1,0.9473715051229145,0.5,True
8abq__A1_Q13596--8abq__B1_Q9Y5X3,0.972985078126832,0.5,False
6shw__A1_Q96724--6shw__A2_Q96724,0.9214337219084245,0.5561488145312206,True
7wn7__B1_Q99H25--7wn7__A1_Q99H25,0.9419075779021924,0.5,True
2sak__A1_P68802--2sak__A2_P68802,0.7842413470959511,0.5,True
8h5e__A1_Q5SMG8--8h5e__B1_Q5SMG8,0.9172015194045303,0.5,True
8bgm__B1_A0A5P3XKL3--8bgm__A1_A0A5P3XKM0,0.963166004379207,0.5,False
8sua__A1_UNDEFINED--8sua__A2_UNDEFINED,0.9920998173000221,0.5,True
2ps8__A1_P13513--2ps8__B1_P13513,0.9820457069577169,0.5,True
6awl__A1_O75208--6awl__B1_O75208,0.9838807244973465,0.5,True
4qds__A1_O60462--4qds__B1_O60462,0.956452836377801,0.49996924780121776,True
6qky__B1_Q97P33--6qky__A1_Q97P33,0.9295925897729759,0.49999198409644735,True
7nli__B1_P08405--7nli__A1_P08405,0.9694095450012689,0.520345357085178,True
8p3m__A1_W0DP94--8p3m__B1_W0DP94,0.9925497940826742,0.5,True
5v7y__A1_A0A4Y1WAP5--5v7y__B1_A0A4Y1WAP5,0.9763857051164496,0.5,True
4aps__A1_Q5M4H8--4aps__B1_Q5M4H8,0.9198064597699602,0.5,True
7ucn__A1_P50120--7ucn__B1_P50120,0.8046306767018064,0.5,True
1ni5__A1_P52097--1ni5__A2_P52097,0.9663955622617266,0.5,True
8d04__B1_UNDEFINED--8d04__A1_UNDEFINED,0.9447526216757737,0.534406977794156,True
4a5o__B1_Q9I2U6--4a5o__A1_Q9I2U6,0.9726047245622558,0.5,True
8q5k__A1_A0A0H2Z7A6--8q5k__A2_A0A0H2Z7A6,0.9460624652379122,0.49998784667363455,True
1ww5__A1_Q6WY08--1ww5__D1_Q6WY08,0.9888490808792367,0.5,True
7ww2__A1_A0A4Q9D6T1--7ww2__B1_A0A4Q9D6T1,0.9804143731404174,0.5,True
2pfk__A1_P0A796--2pfk__B1_P0A796,0.9728739723995029,0.5,True
1i2m__B1_P18754--1i2m__A1_P62826,0.8980584401754762,0.5,False
8i2e__A1_O34841--8i2e__B1_P54421,0.9583648603538444,0.5,False
3pfl__A1_P09373--3pfl__B1_P09373,0.9969904507320131,0.5,True
6gho__B1_Q5L1S1--6gho__A1_O31602,0.832421421101557,0.5,False
1glj__A1_P0A6F3--1glj__B1_P0A6F3,0.9919862432198141,0.5,True
4zq8__B1_A0A0M3KL36--4zq8__A1_A0A0M3KL36,0.9727747271243465,0.5,True
5h4h__B1_O58236--5h4h__A1_O58236,0.9751192837409809,0.5,True
4iv9__A1_P06617--4iv9__B1_P06617,0.9719941111371413,0.5,True
6sdk__A1_P26497--6sdk__B1_P26497,0.9499858902354171,0.5,True
2fq4__A1_Q81BJ4--2fq4__A2_Q81BJ4,0.9853258635769511,0.5,True
7zeq__B1_Q9WXT1--7zeq__A1_Q9WXT1,0.9420421591730491,0.5,True
5z5h__A1_Q2I2N4--5z5h__A2_Q2I2N4,0.9712157258408579,0.5,True
2fe1__A1_Q8ZZP3--2fe1__A2_Q8ZZP3,0.9872550583504879,0.5159574468085106,True
7wik__B1_A0R1E6--7wik__A1_A0R1E6,0.9426970505468832,0.5,True
7t8o__B1_Q8Y8Y9--7t8o__A1_Q8Y8Y9,0.954956983678856,0.4999896426721906,True
7t91__A1_P08151--7t91__B1_P08151,0.9370412363128058,0.5,True
3lg6__A1_D2YW48--3lg6__B1_D2YW48,0.9824453671161474,0.5,True
2o9a__A1_P16528--2o9a__D1_P16528,0.9779481252491851,0.5,True
1zhq__A1_Q9RHG4--1zhq__B1_Q9RHG4,0.9466613649281007,0.5,True
2e0k__B1_Q8KFD9--2e0k__A1_Q8KFD9,0.9540507753341099,0.5,True
3a2f__A1_P61875--3a2f__B1_O73947,0.9939215520328625,0.5,False
3isx__A1_Q9X0E0--3isx__A2_Q9X0E0,0.9271673605485748,0.5,True
2vkj__A1_Q9X1W9--2vkj__B1_Q9X1W9,0.9008780703849676,0.5,True
5csr__D1_Q9HLB6--5csr__A1_Q9HLB6,0.9754709689787558,0.5,True
7tur__B1_P00503--7tur__A1_P00503,0.9494118321970899,0.5,True
3vol__A1_Q9I6V6--3vol__A2_Q9I6V6,0.8863009970152591,0.5,True
3jqz__A1_P02768--3jqz__B1_P02768,0.9522432927410838,0.5,True
1vkd__A1_Q9X0V2--1vkd__B1_Q9X0V2,0.9472705998769266,0.5,True
8b31__B1_A0A2W4LV58--8b31__A1_A0A2W4LV58,0.9759885315842594,0.5,True
5vlb__A1_G7IKX3--5vlb__B1_G7IKX3,0.9434444271882293,0.5,True
2oer__B1_Q9I3U1--2oer__A1_Q9I3U1,0.9956698049597638,0.5,True
2ylz__A1_Q47PU3--2ylz__A2_Q47PU3,0.9394793542759352,0.5,True
8bjp__B1_A0A1W6VSR4--8bjp__A1_A0A1W6VSR4,0.945813491061219,0.5,True
6kcx__A1_Q9WZL1--6kcx__A2_Q9WZL1,0.993970292911464,0.5,True
7xmj__C1_A9QSE8--7xmj__A1_A9QSE8,0.9733087445649571,0.5,True
1pix__A1_Q06700--1pix__B1_Q06700,0.9495258936825178,0.5,True
3l8i__B1_Q9BUL8--3l8i__A1_Q9BUL8,0.9818171788842286,0.5,True
6l2u__A1_Q27RN2--6l2u__B1_Q27RN2,0.940873841498014,0.5,True
6sl2__A1_C4LWU6--6sl2__A2_C4LWU6,0.9346197667036732,0.5,True
1u6z__B1_P0AFL6--1u6z__A1_P0AFL6,0.9757474063104444,0.5,True
3pm9__A1_Q6NAV4--3pm9__B1_Q6NAV4,0.9202232998469594,0.5,True
3a5y__B1_P0A8N7--3a5y__A1_P0A8N7,0.9680004581599786,0.5,True
7xgn__A1_UNDEFINED--7xgn__B1_UNDEFINED,0.9195891883727025,0.5,True
6bn1__B1_Q9VCR6--6bn1__A1_Q8T0S6,0.8151382358272292,0.5,False
8ji6__A1_A0A861B387--8ji6__B1_A0A861B387,0.9938833663037938,0.5046728971962616,True
2pjs__A1_A9CIG0--2pjs__B1_A9CIG0,0.9554114041317976,0.5023584905660378,True
8ke8__A1_Q9HXS0--8ke8__B1_Q9HXS0,0.9804709779865307,0.5,True
3h7l__A1_Q87LX4--3h7l__A2_Q87LX4,0.9658908420167336,0.5,True
7zs8__A1_A0A1D3HIT0--7zs8__B1_A0A1D3HIT0,0.9694244863878609,0.5,True
2vc4__A1_P02879--2vc4__A2_P02879,0.8916384035163881,0.5,True
1xe8__B1_Q03629--1xe8__A1_Q03629,0.9905289279636983,0.5,True
7tn6__A1_Q84Y01--7tn6__A2_Q84Y01,0.9756945454545455,0.5,True
7yo6__A1_G8GLP2--7yo6__A2_G8GLP2,0.9896105142599914,0.5,True
8k76__A1_Q8R6D8--8k76__B1_Q8R6D8,0.9897029425174482,0.5,True
1vgx__B1_Q9RRU8--1vgx__A1_Q9RRU8,0.9504746419450706,0.5,True
3cet__B1_Q6M145--3cet__A1_Q6M145,0.9672298665683339,0.5,True
4zlh__B1_P0AB60--4zlh__A1_P0AB60,0.987359993570297,0.5,True
2y84__A1_Q7WT50--2y84__E1_Q7WT50,0.9840258456011834,0.5,True
4me9__A1_Q736B0--4me9__B1_Q736B0,0.9768093668696078,0.5,True
2z51__A1_Q93W20--2z51__A2_Q93W20,0.9128398236181453,0.5,True
8ajq__A1_Q9I0C0--8ajq__B1_Q9I0C0,0.9622067265366123,0.5,True
3gdm__A1_P03962--3gdm__B1_P03962,0.9901649461958848,0.5,True
5khn__A1_UNDEFINED--5khn__B1_UNDEFINED,0.9592891440377251,0.5,True
7yfj__A2_Q15007--7yfj__B1_Q15007,0.9243908387387978,0.5,True
2rkl__F1_Q06263--2rkl__E1_Q06263,0.962344526545531,0.6071725963519069,True
8cwp__A1_Q06282--8cwp__A2_Q06282,0.9877814398796513,0.5,True
4neh__A1_P20702--4neh__B1_P05107,0.9578055571435737,0.5,False
2prv__A1_O34596--2prv__B1_O34596,0.9790043098358719,0.5,True
6kvn__A1_A0A1S4CVP6--6kvn__A2_A0A1S4CVP6,0.9828084709372834,0.5144704630431874,True
5tgq__A1_A0A1S4NYF7--5tgq__A2_A0A1S4NYF7,0.9825046582328136,0.5,True
6b3i__A1_P27216--6b3i__B1_P27216,0.95842234681382,0.5,True
1rqn__A1_O31156--1rqn__B1_O31156,0.9985411967802869,0.5,True
5l7z__A1_P28750--5l7z__A2_P28750,0.9597745451215045,0.5,True
7ljh__A1_Q769D3--7ljh__B2_Q769D3,0.9928234353948068,0.5,True
7xmw__B1_U2Q5N5--7xmw__A1_U2Q5N5,0.8871710822744886,0.4998986212489862,True
7w2o__A1_Q9HZP1--7w2o__B1_Q9HZP1,0.9898606770381733,0.5,True
7uay__A1_P08684--7uay__A2_P08684,0.997477121618971,0.5,True
5czf__D1_A0A0H3JHG3--5czf__A1_Q8XAD5,0.7524918370854098,0.5,False
8p4l__A1_UNDEFINED--8p4l__B1_UNDEFINED,0.9839021588354847,0.5,True
2p6p__A1_Q9RPA7--2p6p__B1_Q9RPA7,0.9575747607834082,0.5,True
4u64__A1_Q5ZXA3--4u64__A2_Q5ZXA3,0.9453728518434401,0.5,True
7qbm__A1_P43235--7qbm__B1_P43235,0.885985006247397,0.5,True
3nvm__A1_Q8U4M1--3nvm__B1_Q8U4M2,0.9539988410856259,0.5,False
7q86__A1_UNDEFINED--7q86__B1_UNDEFINED,0.9644247742945622,0.5,True
3wws__A1_Q13188--3wws__D1_Q13188,0.784217636022514,0.5,True
4c87__A1_F9UMG7--4c87__B1_F9UMG7,0.9459153668512829,0.5,True
2d7e__A1_P17888--2d7e__B1_P17888,0.9529050844302243,0.5,True
7xro__A1_Q9RQ20--7xro__B1_Q9RQ20,0.9801027345079194,0.5,True
5yrj__A1_B6F0T7--5yrj__B1_A0A2Z5V8U8,0.9296179061155039,0.5,False
6yev__C1_P0A744--6yev__A1_P0AA25,0.8470419679524979,0.5,False
8glr__A1_Q8ZJX7--8glr__A2_Q8ZJX7,0.9701161544385604,0.5,True
5fwt__A1_Q96MU8--5fwt__A2_Q96MU8,0.9746141700543395,0.5,True
4e6s__A1_Q3URR7--4e6s__A2_Q3URR7,0.9285329983276218,0.5,True
8enb__B1_A7DT38--8enb__A1_A0T3A2,0.8995262500538354,0.5,False
8h4p__A1_I1S104--8h4p__B1_I1S104,0.9853863931923555,0.5,True
4cu5__A1_B6SBV8--4cu5__F1_B6SBV8,0.9895608298609331,0.5131578947368421,True
8elf__B1_Q6DYE4--8elf__A1_Q6DYE4,0.9059874209341203,0.5,True
1ax2__A1_P16404--1ax2__A2_P16404,0.9916013014632872,0.5,True
8i33__C1_A0A6Q8PFJ0--8i33__A1_A0A6Q8PFJ0,0.94996124782019,0.5,True
3q9l__A1_P0AEZ3--3q9l__B1_P0AEZ3,0.966061427224536,0.5,True
8ak1__A1_UNDEFINED--8ak1__B1_O25273,0.9821733510141001,0.5,False
2yk4__A1_P72097--2yk4__A2_P72097,0.9489374399414285,0.5,True
7u5f__C1_Q9HTM2--7u5f__A1_Q9HTM2,0.9910156763272604,0.5,True
5xt3__B1_A0A0U1MUE2--5xt3__A1_A0A0U1MUE2,0.982441324913996,0.5,True
5iws__A1_Q63GK8--5iws__A2_Q63GK8,0.9382382708089214,0.5,True
2owl__A1_P36767--2owl__B1_P36767,0.8969366730593433,0.5,True
8bca__A1_O75643--8bca__B1_Q6P2Q9,0.8700269792107864,0.5,False
4ml7__A1_P61626--4ml7__B1_UNDEFINED,0.7643181714650146,0.5,False
3mcb__B1_P20290--3mcb__A1_Q13765,0.9350103283847179,0.5341454468232978,False
8gy8__A1_Q8TZT0--8gy8__B1_Q8TZT0,0.97010420787111,0.5,True
8dkd__A1_G7CIP4--8dkd__A2_G7CIP4,0.9835923823097081,0.5,True
7dus__A1_P08965--7dus__A2_P08965,0.9291055820421136,0.5041666666666667,True
8gb1__A1_Q9Y3Z3--8gb1__B1_Q9Y3Z3,0.9831255544098711,0.5,True
7cov__A1_Q06801--7cov__A2_Q06801,0.9567357507189446,0.5,True
6ign__A1_Q61768--6ign__A2_Q61768,0.8905882173018711,0.5,True
1fzr__A1_P00641--1fzr__B1_P00641,0.967885260991986,0.5,True
3be5__A1_Q8XBR1--3be5__B1_Q8XBR1,0.9511280705374993,0.5,True
2ecs__A1_P03040--2ecs__B1_P03040,0.9049303209459459,0.5,True
4hn3__B1_Q8Y6D1--4hn3__A1_Q8Y6D1,0.9528896478358164,0.5,True
4o8y__A1_Q08723--4o8y__B1_P43588,0.9772194912867365,0.5,False
7uoi__A1_A0A1S8KJG1--7uoi__A2_A0A1S8KJG1,0.9881927916482707,0.5,True
7vma__A1_C5A758--7vma__A2_C5A758,0.977944537565014,0.5,True
7d9m__A1_A0A4D6NYT7--7d9m__B2_A0A4D6NYT7,0.9515126241564941,0.5,True
2py8__C1_Q55670--2py8__B1_Q55670,0.9097330885893116,0.5,True
7ytl__A1_E1BR24--7ytl__A2_E1BR24,0.9948695604286898,0.5,True
7vxt__A1_Q63W52--7vxt__B1_Q63W52,0.9688021038552966,0.5161985027175466,True
5cv3__A1_E3M3V1--5cv3__A2_E3M3V1,0.9592123343138228,0.5,True
8c9v__A1_Q1JXV1--8c9v__A2_Q1JXV1,0.9894764798700183,0.5,True
3tsn__A1_Q9PN58--3tsn__B1_Q9PN58,0.9587360616566716,0.5,True
8j51__A1_A0A0E9MUN5--8j51__B1_A0A0E9MUN5,0.9845777292359968,0.5,True
6cz9__A1_Q7WTU0--6cz9__B1_Q7WTT9,0.961667700470293,0.5,False
8pzo__A1_F9UT68--8pzo__A2_F9UT68,0.985386453695004,0.5153514236692676,True
3tqg__B1_Q83DG4--3tqg__A1_Q83DG4,0.9670491422105926,0.5,True
7czg__C1_Q8TDY2--7czg__A1_Q8TDY2,0.9658583406884377,0.5,True
7eev__B1_A0A3D9R4E8--7eev__A1_A0A3D9R4E8,0.9720415880859844,0.5,True
8ori__A1_Q2KB35--8ori__B1_Q2KB35,0.9095831250608737,0.5,True
7o6z__A1_A0A7R8L7W4--7o6z__B1_A0A7R8L7W4,0.9922370144657853,0.5,True
8pmr__A1_Q4WL81--8pmr__B1_Q4WL81,0.8603386573849623,0.505464480874317,True
3fmy__A1_Q46864--3fmy__A2_Q46864,0.9835336902717446,0.5087719298245614,True
7f0o__B1_A0A2I1C3W8--7f0o__A1_A0A2I1C3W8,0.9816713864261262,0.5,True
3ojm__B1_P21802--3ojm__A1_P05230,0.8489330704233272,0.5,False
6xgz__A1_P63386--6xgz__B1_P64602,0.9745756152513788,0.5,False
7x2y__A1_A0A076PYH9--7x2y__B1_A0A076PYH9,0.99264934549895,0.5037835991384677,True
8i34__A1_A0AA52HX42--8i34__B1_A0AA52HX50,0.9680125901639345,0.5,False
5i4h__B1_P07711--5i4h__A1_P07711,0.9528276753531004,0.5,True
4e6h__A1_Q6CII8--4e6h__A2_Q6CII8,0.9853391010188618,0.5,True
6x7p__A1_Q8GGP1--6x7p__A2_Q8GGP1,0.9804569291420309,0.5,True
3exq__A1_Q03S37--3exq__A2_Q03S37,0.9514503960962065,0.5,True
2qvc__A1_Q9WXW9--2qvc__B2_Q9WXW9,0.9938868085005848,0.5,True
6yoa__A1_O82015--6yoa__B1_O82015,0.9395583211390872,0.5,True
7qnm__A1_G0L7V6--7qnm__B1_G0L7V6,0.989651059229997,0.5,True
3p8v__A1_Q9V228--3p8v__B1_Q9V228,0.9875516012521997,0.5,True
4re1__A1_P28347--4re1__D1_P46937,0.9159722947339112,0.5,False
8iw5__A1_Q8C8U0--8iw5__B1_Q8C8U0,0.8928057673829611,0.5161124595244575,True
7sq2__B1_Q01970--7sq2__A1_P21279,0.9605155149375351,0.5,False
4lqx__B1_Q97VD2--4lqx__A1_Q97VD2,0.9943085865701303,0.5,True
3owf__A1_P00644--3owf__A2_P00644,0.9451231677654061,0.5,True
2dpl__A1_O59072--2dpl__B1_O59072,0.9648800185979689,0.5,True
4ap5__A1_Q9Y2G5--4ap5__B1_Q9Y2G5,0.9894311731966716,0.5,True
8evy__A1_Q9LCT6--8evy__A2_Q9LCT6,0.9985759651762971,0.5,True
5npo__A1_P62593--5npo__B1_D3INY1,0.9404147756509524,0.5,False
5uhs__A1_B0SR19--5uhs__B1_B0SR19,0.8802770702035618,0.5,True
5t3v__B1_Q9Y2C4--5t3v__A1_Q9Y2C4,0.9531361793390883,0.5,True
8f2l__A1_P9WJY9--8f2l__B1_P9WJY9,0.9584745384863311,0.5,True
8h1l__B1_A0A7U4E834--8h1l__A1_A0A7U4E834,0.9032319741500195,0.5,True
1nye__A1_P0C0L2--1nye__B1_P0C0L2,0.9514232763357265,0.5038167938931297,True
2ou6__A1_Q9RVG4--2ou6__A2_Q9RVG4,0.976135888744428,0.5,True
1vbi__A1_Q53W84--1vbi__A2_Q53W84,0.9670004064737077,0.5,True
2oqb__A1_Q4AE70--2oqb__B1_Q4AE70,0.9034100188791948,0.5,True
8ajy__A1_A0AEF6--8ajy__B1_UNDEFINED,0.9531394481968649,0.5,False
6saz__B1_Q9UGM5--6saz__A1_P07584,0.897442656108792,0.5,False
8gzy__A1_P0A9A6--8gzy__B1_UNDEFINED,0.9369056632829845,0.5,False
6l9x__A1_F6VRB7--6l9x__A2_F6VRB7,0.9209930141346979,0.5,True
3ica__B1_Q7MXR4--3ica__A1_Q7MXR4,0.9728038354941503,0.5,True
6o15__A1_P39353--6o15__B1_P39353,0.9672646008296253,0.5,True
2ohc__A1_Q9HIY5--2ohc__B1_Q9HIY5,0.960723938741289,0.5,True
8qfo__A1_A0A840P3H4--8qfo__B1_A0A840P3H4,0.9692120215853188,0.5,True
5zmy__A1_F1LJ99--5zmy__B1_F1LJ99,0.9526428772909272,0.5,True
6tx3__B1_Q9NWY4--6tx3__A1_Q9UGN5,0.9912350422681682,0.5,False
4tx5__A1_Q9NR28--4tx5__B1_Q9NR28,0.9759221770004597,0.5,True
7wnk__B1_A0A1E5TT85--7wnk__A1_A0A1E5TT85,0.9951554993678888,0.5,True
2fn0__B1_Q9X9I8--2fn0__A1_Q9X9I8,0.9986128926328044,0.5,True
5x89__A1_Q8TGZ7--5x89__A2_Q8TGZ7,0.9187003771459359,0.5,True
2j0t__A1_P03956--2j0t__D1_P01033,0.9435216205822539,0.5,False
2i9i__A1_O25234--2i9i__A2_O25234,0.9325376516482786,0.5,True
3rtr__G1_Q13616--3rtr__H1_P62877,0.9374053067188409,0.5,False
8bjd__A1_UNDEFINED--8bjd__A2_UNDEFINED,0.9829948176618861,0.5,True
7lq2__A1_A0A023X3Z4--7lq2__B1_A0A023X3Z4,0.9435705925730484,0.5,True
6aht__A1_A1BZ87--6aht__B1_A1BYM8,0.963906305920772,0.5071145550346366,False
8tto__A1_UNDEFINED--8tto__B1_UNDEFINED,0.8940253415700952,0.5074626865671642,True
8czp__A1_A0A0D5ZBI4--8czp__B1_A0A0D5ZBI4,0.9554091526869054,0.5,True
4ro3__A1_M1RHE3--4ro3__B1_M1RHE3,0.965618042302799,0.5,True
1c0n__A1_P77444--1c0n__A2_P77444,0.9709527192240204,0.5,True
7tq0__A1_P00459--7tq0__A2_P00459,0.9880493895539831,0.5,True
1o4w__A1_O29664--1o4w__A2_O29664,0.9929757578766483,0.5841379608557853,True
4jzp__A1_P51572--4jzp__B1_P51572,0.9687899416504584,0.5,True
5xdf__B1_Q5SL04--5xdf__A1_Q5SL04,0.9656370210611043,0.5,True
6kr4__A1_P10586--6kr4__E1_P60469,0.9404014534554577,0.5,False
1itv__A1_P14780--1itv__B1_P14780,0.9793076511221704,0.5,True
8e51__A1_A0A5N5MKD0--8e51__B1_UNDEFINED,0.7812959325318876,0.5,False
2qgi__A1_P05449--2qgi__B1_P05449,0.9586628374095305,0.5,True
1a19__A1_P11540--1a19__B1_P11540,0.921047760088856,0.5,True
8a9x__A1_P15752--8a9x__C1_P15752,0.9906181160426463,0.5348030367281993,True
3onm__A1_UNDEFINED--3onm__B1_UNDEFINED,0.9025424483986852,0.5,True
7wrs__A1_Q5ZJ86--7wrs__B1_UNDEFINED,0.907795848719827,0.5,False
8e9e__B1_Q02293--8e9e__A1_Q04631,0.9403625725819549,0.5,False
2h4c__A1_Q7T2R1--2h4c__B1_Q7T3T5,0.9414109856389342,0.5,False
2bdt__A1_Q9K6P2--2bdt__A2_Q9K6P2,0.9920593637693197,0.5079365079365079,True
5vbn__A1_P56282--5vbn__B1_Q07864,0.9247532929889453,0.5,False
8gt0__A1_Q8I6U4--8gt0__B1_P01040,0.9061259612661482,0.5,False
5lrr__A1_P22262--5lrr__B1_P22262,0.9847439675474398,0.5,True
4y7i__A1_Q96EF0--4y7i__B1_Q96EF0,0.9921316714848117,0.5,True
1who__A1_P43214--1who__A2_P43214,0.8863620119154231,0.5,True
4g10__A1_Q9WXJ9--4g10__A2_Q9WXJ9,0.9747823763877533,0.5,True
8q4k__A1_O51180--8q4k__B1_O51180,0.9417173879822563,0.5,True
6hp3__A1_O31927--6hp3__B1_O31927,0.9604077934309748,0.5,True
8hs0__A1_Q9LIR4--8hs0__A2_Q9LIR4,0.9676202799028153,0.5,True
6gz1__A1_P10151--6gz1__A2_P10151,0.986390962111016,0.5,True
8pbu__A1_P27708--8pbu__A2_P27708,0.9250571431562564,0.5,True
7zjc__A1_P0DV83--7zjc__A2_P0DV83,0.9397921032923269,0.5,True
6ecu__B1_Q8RJY3--6ecu__A1_Q8RJY3,0.9779516691600529,0.5,True
4x2d__A1_UNDEFINED--4x2d__C2_UNDEFINED,0.9916443669478394,0.5,True
7p0h__A1_O26008--7p0h__C1_O26008,0.9825102563442062,0.5,True
5b3g__B1_Q9SZF7--5b3g__A1_Q9M384,0.9542529310651655,0.5,False
7vzy__B1_Q84G19--7vzy__A1_Q84G19,0.9785299447731628,0.5,True
2q3t__A1_Q9LUJ3--2q3t__A2_Q9LUJ3,0.9350819090763494,0.5,True
8j3t__A1_A0A0G2TMR2--8j3t__B1_A0A0G2TMR2,0.9907716262290239,0.5,True
7pt0__A1_Q9KYU4--7pt0__B1_Q9KYU4,0.9848064650802172,0.5092592592592593,True
6m09__B1_Q8LDU1--6m09__A1_Q8LDU1,0.9873213574144077,0.5,True
7uxs__B1_J8G6Z1--7uxs__A1_J8G6Z1,0.9763983206778979,0.49997364467754263,True
2q03__A1_Q12ML0--2q03__B1_Q12ML0,0.9248823314511094,0.5,True
6kcp__B1_Q9VAA9--6kcp__A1_Q9VAA9,0.8792207527006146,0.5,True
3zn4__A1_C8CHL4--3zn4__A2_C8CHL4,0.9724575451749268,0.5,True
6sj4__B1_A0A022MQ12--6sj4__A1_A0A022MQ12,0.9691121831188096,0.5,True
5cyy__A1_P9WG63--5cyy__B1_P9WG63,0.9729036298672917,0.5,True
3tj3__A1_P52294--3tj3__B1_Q9UKX7,0.8254566802620196,0.5,False
3i32__A1_Q72GF3--3i32__A2_Q72GF3,0.9940000469720819,0.5,True
1jk9__B1_P40202--1jk9__A1_P00445,0.9338792688898239,0.5,False
4z3u__B1_G3G955--4z3u__A1_G3G8X8,0.9433991551018371,0.5,False
4e4w__A1_P38920--4e4w__B1_P14242,0.964782502394187,0.5,False
5yw5__A1_Q5NII9--5yw5__D1_Q5NII9,0.9559886273373263,0.5,True
3ab8__A1_Q5SLE3--3ab8__B1_Q5SLE3,0.9078040162380177,0.5,True
3mxt__A1_Q9PIK2--3mxt__A2_Q9PIK2,0.9168859263368695,0.5,True
7war__B1_A0A1B6PFV1--7war__A1_A0A1B6PFV1,0.9656034215550047,0.5,True
7fn1__B1_P32357--7fn1__A1_P33334,0.9758026167698368,0.5,False
7xl7__A1_A0A2J0R8J6--7xl7__B1_A0A2J0R8J6,0.8618831747919143,0.5,True
8vc5__A1_Q9XCL6--8vc5__B1_Q9XCL6,0.9912216428646992,0.5,True
5jfz__A1_P20605--5jfz__B1_P0ADX5,0.9535649586697539,0.5,False
1gkh__A1_P69543--1gkh__A2_P69543,0.9764790076335877,0.5,True
5g37__B1_P10565--5g37__A1_P06575,0.8901408420516153,0.5,False
2gjx__A1_P06865--2gjx__B1_P07686,0.9550106828182305,0.5,False
3aqb__B1_O66129--3aqb__A1_O66127,0.9706053228419348,0.5,False
8q1a__A1_Q16790--8q1a__C2_Q16790,0.9073352420824183,0.5,True
8ezt__D2_UNDEFINED--8ezt__A1_UNDEFINED,0.955328724561499,0.5168539325842697,True
5ez1__B1_P56112--5ez1__A1_P56112,0.966606618472243,0.5,True
3lwd__A1_Q1QTX1--3lwd__A2_Q1QTX1,0.9891265822031823,0.5,True
4wic__A1_Q2FAE9--4wic__B1_Q2FAE9,0.9362729783381869,0.5,True
8dye__A1_P31040--8dye__B1_Q5VUM1,0.897776705030653,0.5,False
6xnr__A1_UNDEFINED--6xnr__A2_UNDEFINED,0.9037209026304467,0.5,True
2ch6__A1_Q9UJ70--2ch6__D1_Q9UJ70,0.9777259158280379,0.5,True
3gpn__A1_P15873--3gpn__A2_P15873,0.9554836568773851,0.5,True
5y69__A1_A8ATW7--5y69__B1_A8ATW7,0.9311217948717948,0.5,True
7th0__A1_P31667--7th0__A2_P31667,0.9214714606091297,0.5108695652173914,True
2qh0__A1_Q97H22--2qh0__A2_Q97H22,0.9548922583378731,0.5041364021548332,True
7uln__A1_P09514--7uln__B1_P09514,0.9582360200236928,0.5,True
5ubb__A1_Q5VVY1--5ubb__A2_Q5VVY1,0.997614455757083,0.5,True
5kvs__B1_O54512--5kvs__A1_O54512,0.9832891610298649,0.5,True
3frs__A1_P53990--3frs__A2_P53990,0.9012003731221156,0.5,True
3obv__A1_O08808--3obv__C1_O08808,0.9856825868370935,0.5,True
4wkz__A1_A0AEF5--4wkz__B1_W5IDC3,0.9821941375893755,0.5,False
3kt0__A1_Q12109--3kt0__A2_Q12109,0.9905250539759269,0.5,True
5i90__A1_G3XCY5--5i90__B1_G3XCY5,0.9703816044819402,0.5,True
3bat__B1_P24733--3bat__A1_P24733,0.9540275272360553,0.5,True
2ps1__A1_P13298--2ps1__B1_P13298,0.9856721320887466,0.5125950534038255,True
1fcd__A1_Q06530--1fcd__B1_Q06529,0.9903791445692571,0.5,False
8hy8__A1_A0A085BE66--8hy8__A2_A0A085BE66,0.9892493734693683,0.5,True
8har__A1_Q2L6E4--8har__B1_Q2L6E4,0.9898960414380865,0.5,True
8a60__A1_P06971--8a60__B1_Q38162,0.8708468983121412,0.5,False
4je4__A1_Q06124--4je4__B1_P02751,0.9408548086892433,0.5,False
2a6c__A1_Q82UW4--2a6c__A2_Q82UW4,0.9571748111218132,0.5,True
5k9l__B1_A8MW95--5k9l__A1_A8MW95,0.9399450781580059,0.5,True
5mzg__A1_P53368--5mzg__B1_P53368,0.93267147430715,0.5,True
6lfn__A1_UNDEFINED--6lfn__B1_UNDEFINED,0.8427667841044696,0.5,True
7ucc__B1_P17535--7ucc__A1_P53539,0.9508949393656716,0.5078125,False
8d0x__A1_Q9Y231--8d0x__A2_Q9Y231,0.9266483908590306,0.5,True
6ano__B1_Q9UKL3--6ano__A1_Q9UKL3,0.9641842348656045,0.5,True
6et2__A1_Q9I4X1--6et2__B1_Q9I4X2,0.9382167824064059,0.5,False
6d0a__A1_Q8N5Z0--6d0a__A2_Q8N5Z0,0.9727790821209275,0.5,True
2xga__B1_P35530--2xga__A1_P35530,0.9945140259953933,0.5416666666666666,True
2i3o__A1_Q9HJH4--2i3o__B1_Q9HJH4,0.9879439819589975,0.5,True
1ijx__A1_P97401--1ijx__C1_P97401,0.9417777777777777,0.5,True
6h2u__A1_Q9NRN9--6h2u__B1_Q9UI30,0.9817608951766345,0.5406763351671856,False
8h2v__A1_Q93HT8--8h2v__B1_Q93HT8,0.9693920648984595,0.5,True
1wat__B1_P02941--1wat__A1_P02941,0.9765680436460801,0.5087719298245614,True
2nyh__A1_Q13JM0--2nyh__B1_Q13JM0,0.954709419154385,0.5,True
7y9b__A1_A3EXD6--7y9b__B1_A3EXD6,0.9243477541012094,0.5,True
7yuj__B1_Q9BYM8--7yuj__A1_Q9BYM8,0.8266069910734439,0.5,True
8c5k__A1_P87252--8c5k__A2_P87252,0.8734825916630525,0.5,True
2spc__A1_P13395--2spc__B1_P13395,0.9208289054197663,0.5,True
6q2e__A1_A5UMY5--6q2e__B1_A5UMY5,0.9649905014610246,0.5,True
4p8i__A1_P40746--4p8i__B1_P40746,0.9591846264367814,0.5,True
8gp6__B1_P16710--8gp6__A1_P07611,0.8889437899763503,0.5,False
3a4l__B1_Q58933--3a4l__A1_Q58933,0.9908022914236095,0.5,True
1z52__A1_P09167--1z52__B1_P09167,0.850091929651545,0.5,True
6c0g__A1_A0A3F2YLX1--6c0g__B2_A0A3F2YLX1,0.9087661713752643,0.5021634858376375,True
8owi__A1_Q02224--8owi__B1_Q02224,0.8891283822682787,0.5,True
1k3r__B1_O26109--1k3r__A1_O26109,0.9869196888797044,0.540650406504065,True
7fga__A1_Q8DIJ4--7fga__B2_Q8DIJ4,0.9841482752686584,0.5,True
5akq__A1_O52063--5akq__B1_O52063,0.9866814141100927,0.5,True
7y86__B1_A0A0K2E3A3--7y86__A1_A0A0K2E3A3,0.9761821529756557,0.5063055610882352,True
8d1u__A1_P0A6R0--8d1u__A2_P0A6R0,0.9878750051252521,0.5,True
1vqw__A1_Q9HFE4--1vqw__B1_Q9HFE4,0.9811090693727299,0.5,True
7rzb__A1_A0A229LVN5--7rzb__A2_A0A229LVN5,0.9753985469095503,0.5,True
6qta__A1_G0SHE6--6qta__B1_G0SC29,0.9722943452151822,0.5,False
7toc__A1_A0A2H0ZMH9--7toc__B1_A0A2H0ZMH9,0.9187013993336884,0.5,True
7ula__B1_Q88ND0--7ula__A1_Q88NC7,0.9679866718872628,0.5,False
8bes__A1_A0A856TAI5--8bes__B1_A0A856TAI5,0.9754820218755026,0.5,True
7ztw__A1_Q66578--7ztw__B1_Q66578,0.9768490575859513,0.5244231345519929,True
7wjt__B1_Q8BZB3--7wjt__A1_Q8BZB3,0.9406709241041077,0.5,True
6j9n__A1_X5EPV9--6j9n__B1_A0A425B395,0.7283194742070309,0.5,False
1kll__A1_O05205--1kll__A2_O05205,0.9812844159315691,0.506896551724138,True
8uel__A1_UNDEFINED--8uel__B1_UNDEFINED,0.9897656229534236,0.5,True
7xky__A1_Q58690--7xky__B1_Q58034,0.9766274730099695,0.5,False
4p04__A1_A0A0D6H805--4p04__B1_A0A0D6H805,0.9016604516782036,0.5,True
1txz__A1_Q04299--1txz__A2_Q04299,0.9863649415955904,0.5,True
4af5__A1_Q8NQ97--4af5__A2_Q8NQ97,0.9332784083107241,0.5094906651136143,True
8af9__A1_Q2YPZ9--8af9__H1_Q2YPZ9,0.9676309044306115,0.5,True
8gm9__D1_P9WPD3--8gm9__A1_P9WPD3,0.9665160466696572,0.5,True
7wsx__A1_D9PYV4--7wsx__B1_D9PYV4,0.9931569754824093,0.5,True
4g86__A1_Q79PF6--4g86__B1_Q79PF6,0.9354912442508501,0.5,True
3bq3__A1_Q12395--3bq3__A2_Q12395,0.9343948662340242,0.5,True
7eva__A1_P31490--7eva__A2_P31490,0.9656184854639022,0.5,True
8r7d__B1_G5EI71--8r7d__A1_Q8LJL3,0.8855964944590352,0.5,False
7pwy__A1_Q8TDX5--7pwy__B1_Q8TDX5,0.991121763797623,0.5,True
3ut4__A1_A3DJ21--3ut4__B1_A3DJ21,0.9865403483271472,0.5,True
8eei__B1_A0A807MR40--8eei__A1_A0A807MR40,0.994184545953158,0.5,True
8bp5__B1_A0A369SI82--8bp5__A1_A0A369SI82,0.985123367198839,0.5,True
3l34__B1_Q9HT87--3l34__A1_Q9HT87,0.952397213394898,0.5243352031396653,True
8god__A1_Q9UM07--8god__A2_Q9UM07,0.9728671235150763,0.5,True
1h9g__A1_P0A8V6--1h9g__A2_P0A8V6,0.9812915648456744,0.5,True
7qg6__D1_Q9HAU5--7qg6__C1_Q9H1J1,0.9111183986207718,0.5,False
8sz3__B2_Q9NY97--8sz3__A1_Q9NY97,0.9799549090249926,0.5,True
5a10__A1_G1FNI6--5a10__A2_G1FNI6,0.9563864586609201,0.5,True
7qoc__A1_Q8NQV9--7qoc__B1_Q8NQV9,0.9794305645638401,0.5,True
8a90__B1_A0A7S9SWM2--8a90__A1_A0A7S9SWM2,0.9690051622116648,0.5,True
3iaa__A1_Q8KNE0--3iaa__B1_Q8KNE0,0.9345235582482019,0.5,True
3n50__B1_Q9H4W6--3n50__A1_Q9H4W6,0.9514132553606237,0.5042859783558513,True
2qg3__A1_O28220--2qg3__A2_O28220,0.9805350951897756,0.5,True
7ysk__A1_Q6D6Z8--7ysk__B1_Q6D6Z8,0.9899947967501794,0.5,True
7spz__A1_A8B3G9--7spz__A2_A8B3G9,0.9857502741042099,0.5,True
4q2e__B1_Q9X1B7--4q2e__A1_Q9X1B7,0.9151704879061708,0.5,True
8cff__A1_Q7SIF4--8cff__B1_Q7SIF3,0.9556203094608583,0.5,False
8bxl__A1_A0A075TRK9--8bxl__D1_A0A075TRK9,0.9910832105783134,0.5,True
7uqo__A1_UNDEFINED--7uqo__A2_UNDEFINED,0.7395095493305338,0.5,True
5d4v__C1_Q57913--5d4v__A1_Q57913,0.9497153779485534,0.5,True
2p23__A1_O95750--2p23__B1_O95750,0.8804562418866293,0.5,True
7u55__A1_A0A151EDA9--7u55__A2_A0A151EDA9,0.945274797325291,0.5,True
1rkw__A1_P0A0N4--1rkw__C1_P0A0N4,0.9832164183430924,0.5509189530064447,True
1ps6__A1_P19624--1ps6__B1_P19624,0.9854035402144645,0.5,True
2y21__L1_O28769--2y21__K1_O28769,0.9817223592733797,0.7794348508634223,True
2z5i__A1_P58772--2z5i__B1_P58772,0.951326272601498,0.5,True
5l7u__B1_A6L2E5--5l7u__A1_A6L2E5,0.9728834155216278,0.5,True
3egq__A1_O28458--3egq__B1_O28458,0.9831633493479753,0.5,True
7r3a__A1_Q6LYR8--7r3a__E1_Q6LYR8,0.983068413880755,0.5,True
7yq0__A1_A0A101DF63--7yq0__B1_A0A101DF63,0.9927469682040095,0.5,True
3wsc__A1_Q25C86--3wsc__B1_Q25C86,0.8582936863262542,0.5,True
4pib__B1_Q2SVW5--4pib__A1_Q2SVW5,0.9230912448303753,0.5,True
7vmx__B1_P9WNN1--7vmx__A1_P9WNM1,0.9550850282327394,0.5,False
1ykd__A1_P94182--1ykd__B1_P94182,0.9704547173715687,0.5,True
4ux7__A1_Q183F3--4ux7__B1_Q183F3,0.976690134995426,0.5,True
3k3d__A1_P9WLZ7--3k3d__A2_P9WLZ7,0.9701226597805035,0.5,True
7q1d__D2_P29808--7q1d__A1_P29808,0.896151091914812,0.5,True
1sj5__A1_Q9WY07--1sj5__B1_Q9WY07,0.989350952093739,0.5064102564102564,True
4c12__A1_Q2FZP6--4c12__A2_Q2FZP6,0.9808530224988491,0.5,True
3k9m__A1_P07858--3k9m__B1_P01040,0.9571142696691425,0.5,False
1ccd__A1_P17559--1ccd__A2_P17559,0.9638653666158143,0.515872006898229,True
8xiz__A1_T2B4K5--8xiz__B1_T2B4K5,0.9835446715561499,0.5,True
7wz6__A1_P15806--7wz6__B1_P10085,0.9665019822447894,0.5081510563747128,False
2i00__A1_Q831Y9--2i00__B1_Q831Y9,0.9794562268839759,0.5,True
5ffi__A2_Q44501--5ffi__B1_Q44501,0.9223360999329309,0.5,True
3cnk__A1_P21333--3cnk__B1_P21333,0.9786542378192072,0.5531460520131599,True
8gt9__A1_A8MW95--8gt9__B1_A8MW95,0.9461840964746835,0.5,True
4l2w__B1_Q13464--4l2w__A1_Q13464,0.9223075601590554,0.5,True
3d0j__A1_Q97DI0--3d0j__A2_Q97DI0,0.9430390862157266,0.5,True
7qaj__F1_UNDEFINED--7qaj__A1_Q8JIV8,0.9082215355820498,0.5,False
4ct0__A1_P97784--4ct0__B1_O54943,0.9203663557816105,0.5,False
3av0__A1_Q58719--3av0__B1_Q58718,0.9567785112350604,0.5,False
8bln__A1_C9QZ65--8bln__H1_C9QZ65,0.9621410445498271,0.5,True
2riq__A1_P09874--2riq__A2_P09874,0.8776732166411247,0.5,True
8hd5__A1_Q99U17--8hd5__B1_Q99U17,0.9592833454759715,0.5076229889999642,True
6xrb__A1_A0A0H3NHS6--6xrb__B1_A0A0H3NHS6,0.9434223490203135,0.5,True
8a1g__A1_Q13596--8a1g__C1_Q9Y5X3,0.9705533138787519,0.4999874871743537,False
8tn3__A1_Q643B9--8tn3__B1_Q643B9,0.9805297291378401,0.5,True
5ghs__A1_Q5JGL0--5ghs__C1_Q5JF31,0.9417481401177593,0.5,False
5umw__A1_A0A125SA26--5umw__F1_A0A125SA26,0.9693931398416886,0.5233796872493542,True
7x7j__A1_UNDEFINED--7x7j__B1_UNDEFINED,0.9815548558936681,0.5,True
7zcv__B1_A0A0E7KI02--7zcv__A1_A0A0E7KI02,0.9225057249057258,0.5,True
6scq__A1_Q8NNN6--6scq__A2_Q8NNN6,0.9698308889616011,0.5106382978723404,True
7yfu__A1_Q8CG73--7yfu__B1_Q8CG73,0.9651109094093855,0.5,True
2yn3__C1_Q8ZKG6--2yn3__A1_Q8ZKG6,0.8021448391594291,0.5,True
3ix1__A1_Q9K9G5--3ix1__B1_Q9K9G5,0.9601352758857951,0.5,True
7khs__A1_Q2CEE3--7khs__B1_Q2CEE3,0.9834790140185359,0.5,True
8k5l__A1_A0A829KK40--8k5l__B1_A0A829KK40,0.9884382288553653,0.5,True
2g0t__B1_Q9WZQ3--2g0t__A1_Q9WZQ3,0.977795848184976,0.5,True
3lr3__A1_Q63T74--3lr3__A2_Q63T74,0.9845025170159607,0.5066171708295394,True
4pxq__A1_F1QR43--4pxq__B1_F1QR43,0.9646798976391103,0.5,True
4z5y__A1_Q88QV5--4z5y__A2_Q88QV5,0.9718413226540444,0.5,True
7zhf__A1_A0A0U2WWJ1--7zhf__A2_A0A0U2WWJ1,0.9772446065038926,0.5,True
6h86__A1_B5KM66--6h86__B1_B5KM66,0.893342663055629,0.5,True
7saf__B1_Q6TLP8--7saf__A1_Q6TLP8,0.964411060451996,0.5172067875925258,True
7zj1__B1_P55265--7zj1__A1_P55265,0.8291295240878758,0.4999269326318866,True
4g9k__A1_P32340--4g9k__B1_P32340,0.9719363775264055,0.5,True
8b35__A1_Q96562--8b35__B1_Q96562,0.9807300515176736,0.5032258064516129,True
2rdz__A1_P0ABK9--2rdz__B1_P0ABK9,0.9843159537608698,0.5,True
6bzf__B1_P53061--6bzf__A1_P17122,0.9610179595149916,0.5,False
5ydd__B1_P9WME7--5ydd__A1_P9WME7,0.9467090406461144,0.49982597800361966,True
4czd__B1_B8J3A4--4czd__A1_B8J364,0.9249235128688265,0.5,False
3ft7__B1_Q54323--3ft7__A1_Q54323,0.9173834577398361,0.5333571665467828,True
4pz1__A1_Q99XU0--4pz1__A2_Q99XU0,0.916785025058338,0.5,True
2w1t__A1_P37554--2w1t__B1_P37554,0.9760655531332278,0.5,True
7qz5__A1_A2RI36--7qz5__B1_A2RI36,0.9605918194290941,0.5,True
5h31__A1_Q14790--5h31__B1_Q14790,0.9659919062666658,0.5,True
8p33__A1_O51254--8p33__A2_O51254,0.9775480501690852,0.5,True
8orv__A1_A0A7H0DNF0--8orv__A2_A0A7H0DNF0,0.9683117486234349,0.5,True
8oru__A1_O93732--8oru__B1_O93732,0.9801367164844552,0.5,True
8slg__B1_G7CIG9--8slg__A1_G7CIG9,0.9563541814220557,0.5,True
3l2e__B1_Q6AW42--3l2e__A1_Q6AW43,0.943456941510397,0.5,False
3b0a__A1_P0CG48--3b0a__B1_Q9WUB0,0.9031967037586353,0.5,False
6etz__A1_A0A023UGN9--6etz__A2_A0A023UGN9,0.9214991784797245,0.5,True
7sfz__B1_Q9NYP9--7sfz__A1_Q9NYP9,0.9497041356711009,0.5,True
7wwf__A1_A0R6Y0--7wwf__B1_A0R6Y0,0.9857741288335704,0.5,True
8vdw__B1_T0TAB9--8vdw__A1_T0TAB9,0.9934604927311064,0.5,True
8ri0__A1_E4THH1--8ri0__B1_E4THH1,0.9751891310383121,0.5,True
5z2i__B1_Q54LT0--5z2i__A1_Q54LT0,0.8580583569608441,0.5,True
4miv__A1_P51688--4miv__B1_P51688,0.9652997426215295,0.5,True
3vh1__A1_P38862--3vh1__A2_P38862,0.9814779030624744,0.5,True
7z98__A1_E6V140--7z98__A2_E6V140,0.9861889836676739,0.5,True
2ond__A1_Q99LI7--2ond__B1_Q99LI7,0.9626390061706287,0.5,True
7vt9__A1_P21517--7vt9__B1_P21517,0.9250635520441256,0.5,True
1gju__A1_O33838--1gju__A2_O33838,0.9682199709446093,0.5,True
6hta__A1_A0A3F2YM29--6hta__B1_A0A3F2YM29,0.9264852212635077,0.5,True
3h7h__A1_P63272--3h7h__B1_O00267,0.958470556830569,0.5320650507558208,False
1dek__A1_P04531--1dek__B1_P04531,0.9822833837763443,0.5,True
4z39__A1_A0A0S2E5N6--4z39__B1_A0A0S2E5N6,0.8893800232615148,0.5,True
5ca9__A1_Q9C0L9--5ca9__A2_Q9C0L9,0.9372418385418435,0.5,True
6x0a__A1_F7Y4W0--6x0a__S1_F7YBW8,0.8487762671253435,0.5,False
7spq__A1_C5AMM8--7spq__A2_C5AMM8,0.9875456783292131,0.5,True
7spn__A1_A0A7C2VFT1--7spn__B1_A0A7C2VFT1,0.9904117811547808,0.5,True
1tv8__A1_P65388--1tv8__B1_P65388,0.8636839234234454,0.5,True
3mkr__B1_Q27954--3mkr__A1_Q28104,0.9819877957345533,0.5,False
1dqn__A1_Q24973--1dqn__B1_Q24973,0.9903057486393834,0.5,True
7tdq__A1_Q2HR80--7tdq__B1_Q2HR80,0.8519637911485344,0.5,True
7xoi__A1_A0A5N6DPG0--7xoi__B1_A0A5N6EXS6,0.9564111923213819,0.5,False
8h62__A1_P0DJM0--8h62__B1_P12830,0.9668469211432121,0.5,False
7dyc__A1_UNDEFINED--7dyc__A2_UNDEFINED,0.8700582074853523,0.5465257526929105,True
8bbt__A1_A0A0B4VFQ3--8bbt__A2_A0A0B4VFQ3,0.9611387562813489,0.5,True
3t2l__A1_Q5LE95--3t2l__A2_Q5LE95,0.9827694558062682,0.5,True
3uet__A1_B7GNN8--3uet__B1_B7GNN8,0.9554988618351421,0.5,True
8fdb__B1_Q12KP2--8fdb__A1_Q12KP2,0.96038927081129,0.5,True
6ok3__A1_C3X9N1--6ok3__B1_C3X9N1,0.5951743309929125,0.5,True
8hp3__A1_A0A2K0XCZ3--8hp3__B1_A0A2K0XCZ3,0.9437226266967438,0.5,True
7xkg__A1_A7NHS9--7xkg__B1_A7NHS9,0.943242440733502,0.5,True
1l7e__A1_Q2RSB2--1l7e__B1_Q2RSB2,0.9700078265627942,0.5,True
8hn2__A1_Q9F722--8hn2__B1_Q9F722,0.9392279163857046,0.5,True
8gst__A1_Q1NEI7--8gst__B1_Q1NEI7,0.9853685606661653,0.5,True
7cq3__A1_P38324--7cq3__B1_Q12098,0.9533602135255593,0.5,False
5htf__A1_Q8Y759--5htf__B1_Q8Y759,0.989665054479597,0.5,True
6c90__A1_P42285--6c90__B1_Q6NZY4,0.9406668880483879,0.5,False
6e1j__A1_C5J4P1--6e1j__B1_C5J4P1,0.9514407765736379,0.5,True
3ccd__A1_P0AA04--3ccd__B1_P0AA04,0.8818711018711018,0.5,True
3dzl__B1_Q396C9--3dzl__A1_Q396C9,0.9411380597014926,0.5,True
4ir7__A1_UNDEFINED--4ir7__A2_UNDEFINED,0.9812085103220695,0.5,True
7nlj__B1_UNDEFINED--7nlj__A1_K3YAU1,0.7878452879255402,0.5,False
2y1h__B1_Q17R31--2y1h__A1_Q17R31,0.8791553078363897,0.5,True
7unj__A1_UNDEFINED--7unj__B1_UNDEFINED,0.9888895005398997,0.5,True
7lfs__A1_P00533--7lfs__E1_O14944,0.9435287687983885,0.5,False
6jiw__A1_A0A0H3JU78--6jiw__A2_A0A0H3JU78,0.9106721046556367,0.5,True
8ees__A1_A0A0H3GMB7--8ees__B1_A0A0H3GMB7,0.9914772968512726,0.5,True
4a5b__B1_Q27895--4a5b__A1_Q27895,0.9532041127276442,0.5,True
3nb6__A1_O66874--3nb6__A2_O66874,0.9607424692687662,0.5,True
5f8c__A1_O53532--5f8c__A2_O53532,0.9809781967547161,0.5,True
5yet__A1_Q5UQV1--5yet__B1_Q5UQV1,0.9933542915363751,0.5,True
8jt3__A1_H8Y6N2--8jt3__C1_H8Y6N2,0.9576808304535839,0.5,True
1ije__A1_P02994--1ije__B1_P32471,0.9309593810746559,0.5,False
6on4__A1_P0A8W0--6on4__B1_P0A8W0,0.9646160082577971,0.5,True
4zvc__A1_P0AA89--4zvc__B1_P0AA89,0.9818754713947158,0.5253484332785846,True
4qoa__A1_A7VAB9--4qoa__A2_A7VAB9,0.9765952247459494,0.5,True
6wmv__A1_U5WZP7--6wmv__B1_U5WZP7,0.975592203632111,0.5,True
3e3c__A1_Q7DB61--3e3c__B1_Q7DB61,0.9795798213728876,0.5,True
7zc8__B1_UNDEFINED--7zc8__A1_UNDEFINED,0.9350263669931678,0.5,True
6ekk__A1_Q8TEH3--6ekk__C1_Q15286,0.931157902883077,0.5,False
8a9w__A1_P15751--8a9w__A2_P15751,0.9945346205188725,0.6079291532047437,True
2gj9__A1_P25522--2gj9__B1_P25522,0.9624583086248487,0.5,True
3cm7__C1_P98170--3cm7__D1_P98170,0.9900925459293536,0.5,True
8f5v__A1_O53728--8f5v__B1_O53728,0.9660412805605626,0.5,True
1ecj__A1_P0AG16--1ecj__B1_P0AG16,0.9746069775742131,0.5,True
3s5r__A1_Q2LS68--3s5r__B1_Q2LS68,0.9705971594157701,0.5,True
3im3__A1_P00514--3im3__A2_P00514,0.9317624196630189,0.5259032482195588,True
4mcj__B1_A6L9R1--4mcj__A1_A6L9R1,0.9864427604256519,0.5,True
7vw1__B1_V5J1S8--7vw1__A1_V5J1S8,0.9580759693184959,0.5230946810749254,True
3p12__A1_Q2G1A5--3p12__D1_Q2G1A5,0.9874052202716262,0.5,True
8aq0__A1_Q6DTN4--8aq0__B1_Q6DTN4,0.9611667491751359,0.5,True
3wpm__A1_G2IKE5--3wpm__B1_G2IKE5,0.9507330415880962,0.5,True
7xof__B1_Q0DFB6--7xof__A1_Q0DFB6,0.9755752217077577,0.5,True
8a8f__A1_P32598--8a8f__B1_P42073,0.8130876786674406,0.5,False
5un7__A1_Q9NUX5--5un7__B1_Q96AP0,0.9408576350846051,0.5,False
8juk__A1_V5VGC6--8juk__B1_V5VGC6,0.9904705504845479,0.5,True
8snp__A1_O09118--8snp__A2_O09118,0.9163474596206675,0.5,True
8ic6__A1_UNDEFINED--8ic6__B1_UNDEFINED,0.9872946225353422,0.5,True
6wjc__A1_P11229--6wjc__B1_Q8QGR0,0.9199303855985207,0.5,False
8ard__A1_Q64331--8ard__A2_Q64331,0.9193899484489134,0.5,True
3mqi__A1_Q9UH73--3mqi__B1_Q9UH73,0.8562499403586117,0.5,True
3q01__A1_P04637--3q01__B1_P04637,0.9733025374597344,0.5,True
7ylq__A1_Q93CA6--7ylq__B1_Q93CA6,0.9450929417545721,0.5,True
2yvo__A1_Q5SJY9--2yvo__A2_Q5SJY9,0.9406009995354325,0.5,True
5vpa__B1_P17535--5vpa__A1_P53539,0.9400546390669329,0.5,False
3v78__B1_P95092--3v78__A1_P95092,0.9840645774732636,0.5147058823529411,True
7pzh__A1_A0A174J845--7pzh__B1_A0A174J845,0.9719046567011412,0.5,True
3m0f__A1_Q4KDJ6--3m0f__B1_Q4KDJ6,0.9593454228121655,0.5,True
1y4h__A1_P0C1S6--1y4h__C1_Q9EYW6,0.8832678784508626,0.5,False
2o4c__A1_Q9I3W9--2o4c__B1_Q9I3W9,0.9933820056770877,0.5,True
1ynh__A1_P76216--1ynh__D1_P76216,0.9938871606003946,0.5,True
8ohx__A1_U4Q148--8ohx__B1_U4Q148,0.9543476405800388,0.5,True
3a6m__A1_Q56236--3a6m__B1_Q56236,0.9500876808417359,0.5,True
4bvp__A1_Q5ZUA2--4bvp__B1_Q5ZUA2,0.9408905902858175,0.5,True
6qpq__A1_G0SGH3--6qpq__B1_Q12158,0.9861441938003124,0.5,False
3ct6__A1_Q9CIV6--3ct6__B1_Q9CIV6,0.9651202546245442,0.499939584340261,True
1qae__A1_P13717--1qae__B1_P13717,0.9532635002433258,0.5,True
3q5w__B1_P38937--3q5w__A1_P38937,0.9381946351467865,0.5,True
8gol__B1_G9I933--8gol__A1_G9I933,0.9697828673155757,0.5,True
7epj__A1_P62554--7epj__A2_P62554,0.9857264598359845,0.51875,True
1ag9__A1_P61949--1ag9__B1_P61949,0.9940558412276872,0.5,True
3gwh__B1_O31691--3gwh__A1_O31691,0.9189964537065012,0.505936641771436,True
5gw1__A1_P57768--5gw1__B1_P57768,0.9358682282219042,0.5,True
3l2o__B1_Q9UKT5--3l2o__A1_P63208,0.9775030986850832,0.5053763440860215,False
7y3u__A1_A0A8B9XNB5--7y3u__B1_A0A8B9XNB5,0.960994556292698,0.5,True
3wrf__A1_E8MGH8--3wrf__A2_E8MGH8,0.9780205543874384,0.5,True
7yyl__A1_Q3AET9--7yyl__B1_Q3AET9,0.9398862725676801,0.5,True
8syb__B1_Q72KY0--8syb__A1_Q72KY0,0.9954084378636514,0.5,True
8qc3__A1_A0A1C9WRL0--8qc3__B1_A0A1C9WRL0,0.990616035140083,0.5,True
3wtf__B1_Q9BUH6--3wtf__A1_Q9BUH6,0.9658474172815996,0.5,True
2x0e__B1_Q7BG50--2x0e__A1_Q7BG50,0.9526300478771641,0.5,True
5hwt__A1_A5W4E3--5hwt__B1_A5W4E3,0.979942915918195,0.510768466612552,True
1ojh__A1_Q8YNP7--1ojh__B1_Q8YNP7,0.7861792114695341,0.5,True
3eyy__A1_Q9K4F8--3eyy__B1_Q9K4F8,0.9821064574997188,0.5,True
8bwv__D2_A0A482M8M0--8bwv__A1_A0A482M8M0,0.7556998516999072,0.5,True
7cm9__A1_A0A7V8UZ53--7cm9__B1_A0A7V8UZ53,0.9374980784747186,0.5,True
4nc8__A1_P12464--4nc8__A2_P12464,0.9719594256092222,0.5,True
1zhh__A1_P54300--1zhh__B1_P54302,0.9265166072645297,0.5,False
8c0u__A1_Q9I5Q5--8c0u__B1_Q9I5Q5,0.9653893400304556,0.5,True
2fbq__A1_Q9HZJ9--2fbq__A2_Q9HZJ9,0.9696256785411431,0.5,True
7fch__A1_O95256--7fch__C2_O95256,0.9802199200328712,0.5,True
8c7t__B1_A0A1B4XP18--8c7t__A1_A0A1B4XP18,0.9592400329932917,0.5,True
4iwn__A1_P76290--4iwn__B1_P76290,0.9866965510932211,0.5,True
1sc1__A1_P29466--1sc1__B1_P29466,0.9150929326726878,0.5123535607988428,True
5amt__A1_A0Q7H2--5amt__A2_A0Q7H2,0.9762514877515855,0.5,True
4ueb__C1_P48598--4ueb__D1_UNDEFINED,0.8938492817993297,0.5,False
7qfz__B1_B7L3Y3--7qfz__A1_B7L3Y3,0.9467947662058487,0.5,True
3hml__A1_A6T9H1--3hml__B1_A6T9H1,0.9719188298088038,0.5,True
1xk6__A1_P31572--1xk6__C1_P31572,0.954127457981298,0.5,True
7r3s__A1_A0A4R2M5S2--7r3s__B1_A0A4R2M5S2,0.9498488208022575,0.5,True
2grx__A1_P06971--2grx__C1_P02929,0.9384641634195574,0.5,False
7vsf__A1_P25440--7vsf__B1_P25440,0.8927266213883357,0.5,True
3q34__A1_Q48EL2--3q34__C1_Q48EL2,0.9692174495402335,0.5,True
4r2k__A1_Q8ZP84--4r2k__A2_Q8ZP84,0.9727549070904041,0.5,True
3cgw__A1_Q8PVT6--3cgw__A2_Q8PVT6,0.990878765401012,0.5,True
7r2f__A1_P21836--7r2f__B1_P21836,0.9947554608425435,0.5,True
4g19__A1_I6ZUH3--4g19__B1_I6ZUH3,0.9947895238241913,0.5,True
3dg8__C1_P13922--3dg8__A1_P13922,0.8992875127746748,0.5,True
6m10__A1_Q9HUW0--6m10__C1_Q9HUW0,0.9451525349825243,0.49977025578189616,True
8tt2__B1_Q4K977--8tt2__A1_Q4K977,0.9635331350085448,0.5,True
1h31__A1_Q939U1--1h31__B1_Q939U4,0.9625508052538704,0.5,False
5iib__A1_P04552--5iib__B1_Q8WR62,0.9601947369549833,0.5,False
6a5g__A1_UNDEFINED--6a5g__C1_UNDEFINED,0.9871229089691913,0.5615546573937603,True
7p7i__B1_R8APY9--7p7i__A1_R8APY9,0.9899450604021934,0.5,True
3hzu__A1_P9WHF7--3hzu__A2_P9WHF7,0.9769324344947409,0.5,True
5dob__A1_P16794--5dob__B1_P16791,0.9393924771050917,0.5,False
7xgs__A1_Q9FVC1--7xgs__A2_Q9FVC1,0.8282831200394473,0.5,True
6iju__A1_Q9KJN4--6iju__A2_Q9KJN4,0.9869921749383643,0.5436964036874263,True
4kqd__B1_P06626--4kqd__A1_P06626,0.9495318407733985,0.5,True
2fu3__B1_Q03555--2fu3__A1_Q03555,0.8797338277174958,0.5,True
1jgt__B1_P0DJQ7--1jgt__A1_P0DJQ7,0.9777099800370039,0.5,True
6l4b__A1_Q9UGV2--6l4b__C2_Q9UGV2,0.9879734068121704,0.5,True
3lzk__A1_Q92LT4--3lzk__B1_Q92LT4,0.9477475821471497,0.5,True
1ht8__A1_P05979--1ht8__B1_P05979,0.9460510909843554,0.5,True
1z8h__A1_Q8YWS4--1z8h__B1_Q8YWS4,0.9825980729058774,0.5,True
8gk6__A1_W6USS8--8gk6__E1_W6USS8,0.9888599401813254,0.5,True
4mjf__A1_A6L2I4--4mjf__A2_A6L2I4,0.9790533655350595,0.5,True
7m4s__A1_Q8YLC3--7m4s__D1_Q8YLC3,0.9712839237705324,0.5,True
6fju__A1_E6N8B9--6fju__B1_E6N8B9,0.9861840588777661,0.4999670706006322,True
6lgq__A1_P21865--6lgq__B1_P21866,0.9133598094254305,0.5,False
2y27__B1_B4E7B5--2y27__A1_B4E7B5,0.986678695614092,0.5,True
2tdx__A1_P0DJL7--2tdx__A2_P0DJL7,0.9823043244015163,0.5,True
8aim__C1_Q6GJ88--8aim__A1_A0A141HSF0,0.9045095100660626,0.5,False
8fj8__A1_P02638--8fj8__A2_P02638,0.9549175458606596,0.5,True
3uv0__B1_Q9W061--3uv0__A1_Q9W061,0.9896425281335236,0.6203229710445982,True
8alo__B1_P24003--8alo__A1_P15795,0.9554716843080825,0.5,False
2zb6__A1_P08362--2zb6__A2_P08362,0.9802275481933108,0.5,True
6xa0__A1_D1A230--6xa0__B1_D1A230,0.963108536000047,0.504950495049505,True
1zbo__B1_Q7WAM7--1zbo__A1_Q7WAM7,0.9275681794524826,0.5,True
6xb5__A1_A0A7E5VPD6--6xb5__B1_A0A7E5VPD6,0.983794967886292,0.5,True
8duy__D1_A0A0H3GVN6--8duy__A1_A0A0H3GVN6,0.9799110334824621,0.5,True
7th5__A1_Q5SLG6--7th5__B1_Q5SLG6,0.9238888323327882,0.5,True
3uws__B1_A7A9N3--3uws__A1_A7A9N3,0.9774520505223764,0.5,True
4u04__B1_Q9BVA6--4u04__A1_Q9BVA6,0.9803291755702122,0.5,True
2kin__A1_P56536--2kin__B1_Q6QLM7,0.9235492713638936,0.5,False
3ulc__A1_Q08236--3ulc__A2_Q08236,0.9591857215447156,0.5,True
8b2a__A1_Q2YWJ9--8b2a__A2_Q2YWJ9,0.988589908171509,0.5,True
8qff__A1_K9TLZ5--8qff__A2_K9TLZ5,0.980510639997717,0.5,True
6w9q__A1_P0DTD1--6w9q__A2_P0DTD1,0.9731676147786591,0.5,True
8c8c__A1_P48426--8c8c__A2_P48426,0.9930576924531584,0.5,True
8iup__B1_A9A1Y1--8iup__A1_A9A1Y1,0.9772799838837655,0.5,True
3o7o__A1_Q9S5X8--3o7o__B1_Q9S5X8,0.9890895420962075,0.5,True
4bg8__A1_Q8TX37--4bg8__B1_Q8TX37,0.9840311558198964,0.5,True
7qxo__A1_G8UIQ1--7qxo__B1_G8UIQ1,0.963911382428744,0.5,True
4xiz__A1_Q05776--4xiz__D1_O60200,0.9366287028239776,0.5,False
2x3l__B1_UNDEFINED--2x3l__A1_UNDEFINED,0.9463162316263081,0.5,True
7pwe__A1_Q6AL91--7pwe__B1_Q6AL91,0.8935790635962951,0.5,True
6uxu__A1_E2JB04--6uxu__B1_E2JB04,0.8968175946130406,0.5,True
3bid__A1_Q7DDI1--3bid__B1_Q7DDI1,0.873058692747504,0.5,True
4f7w__A1_B5XYG3--4f7w__B1_B5XYG3,0.9645603992312566,0.5,True
2rae__A1_Q0S3N9--2rae__A2_Q0S3N9,0.9887595519377108,0.5092592592592593,True
7ads__A1_A0A0R8HV90--7ads__A2_A0A0R8HV90,0.9510581349653815,0.5,True
7yn1__A1_E9JES9--7yn1__C1_E9JES9,0.9357804793038819,0.5,True
3t7y__A1_O84093--3t7y__B1_O84093,0.9566883190647817,0.5,True
8hhj__B1_UNDEFINED--8hhj__A1_A0A0Y5KAW3,0.6518611402707352,0.5,False
7u6p__A1_P11926--7u6p__B1_P11926,0.9264924035485628,0.5,True
4mis__A1_Q57ES7--4mis__B1_Q57ES7,0.9779192414233966,0.5245738333688472,True
2blf__A1_Q9LA16--2blf__B1_Q9LA15,0.953145089845039,0.5,False
3ke3__A1_Q4FVA8--3ke3__A2_Q4FVA8,0.9840201156681903,0.5,True
7ywc__A1_Q9L0T8--7ywc__B1_Q9L0T8,0.9903518105006898,0.5,True
4wwr__B1_P46379--4wwr__A1_P11441,0.9066533155318204,0.5401798357405834,False
7r0d__B1_Q9NV35--7r0d__A1_Q9NV35,0.9858759013832838,0.5,True
8w6x__A1_P21852--8w6x__B1_P21853,0.9645246365270648,0.5,False
8hdv__A1_UNDEFINED--8hdv__B1_UNDEFINED,0.8521229152160217,0.5,True
3fmf__A1_P9WPQ5--3fmf__B1_P9WPQ5,0.9486823146000485,0.5,True
2xrm__A1_D0AB41--2xrm__A2_D0AB41,0.9770670267394856,0.5,True
4xj7__A1_P66881--4xj7__B1_P66881,0.9671488057524276,0.5,True
7yrt__E1_H9L4P6--7yrt__A1_H9L4P6,0.9127736671355288,0.5035213704651762,True
7tye__A1_P0A7J0--7tye__A2_P0A7J0,0.975241746021225,0.499988952961711,True
2zvd__B1_Q9RBY1--2zvd__A1_Q9RBY1,0.9968639078967461,0.5,True
3mtw__A1_Q9A4Z9--3mtw__A2_Q9A4Z9,0.9970841871320412,0.5,True
3n2o__A1_Q7MK24--3n2o__B1_Q7MK24,0.9314548416537571,0.5,True
7ywd__A1_Q8TB36--7ywd__A2_Q8TB36,0.998282602309448,0.5,True
5upq__A1_A0A0A0V031--5upq__B1_A0A0A0V031,0.9604047341776122,0.5,True
1vgu__A1_Q46893--1vgu__B1_Q46893,0.9771414578676847,0.5,True
2dp9__A1_Q5SM30--2dp9__A2_Q5SM30,0.9840269632328513,0.5,True
8a7l__A1_M1JS91--8a7l__A2_M1JS91,0.986752461042725,0.5,True
7uqv__A1_A0A0L6JSP1--7uqv__B1_A0A0L6JSP1,0.990530950164756,0.5131578947368421,True
5d1r__A1_P9WMC9--5d1r__B1_P9WMC9,0.9483986643337833,0.5,True
3f6q__A1_Q13418--3f6q__B1_P48059,0.9431561620366418,0.5,False
7xyk__A1_Q77J90--7xyk__B1_Q77J90,0.9833472862523448,0.5,True
7xxk__A1_P0DTC9--7xxk__B1_P0DTC9,0.9170872625582928,0.49995630516472955,True
3qta__A1_Q5V4K4--3qta__B1_Q5V4K4,0.9965879780291682,0.5,True
8oqj__B1_P06959--8oqj__A1_P06959,0.9635958904109589,0.54,True
1tbp__A1_P13393--1tbp__B1_P13393,0.9767004953083369,0.5062672346505133,True
7qfk__C1_Q5FLN0--7qfk__A1_Q5FLN0,0.9574055208675649,0.5,True
7r3o__B1_Q460N3--7r3o__A1_Q460N3,0.9554217176905692,0.5,True
2z0l__A1_P03191--2z0l__B1_P03191,0.9742827725533091,0.5,True
1wli__A1_Q46604--1wli__B1_Q46604,0.990365990990991,0.5891505791505791,True
8b3e__A1_M4SY06--8b3e__A2_M4SY06,0.9515317947800505,0.5,True
1d8i__A1_O13297--1d8i__A2_O13297,0.9324177705043754,0.5,True
7vo4__B2_F1CLA7--7vo4__A1_F1CLA7,0.992383089574464,0.5,True
8eh0__B1_P50909--8eh0__A1_P50909,0.9800032714641727,0.5,True
7q39__A1_UNDEFINED--7q39__A2_UNDEFINED,0.986852254973021,0.5,True
3seo__B1_Q87GE5--3seo__A1_Q87GE5,0.9635909851745575,0.5,True
3iey__B1_Q74MS9--3iey__A1_Q74MP4,0.9876500242114001,0.5144005949086884,False
4yto__B1_Q15431--4yto__A1_Q15431,0.8427558041983343,0.5,True
6csm__A1_L1J207--6csm__B1_L1J207,0.9829145616559046,0.5,True
4ndt__A1_A7UNK4--4ndt__A2_A7UNK4,0.9100723640782988,0.5,True
8j3p__A1_B9WHT3--8j3p__A2_B9WHT3,0.9902014678841633,0.5,True
7pv7__B1_Q7MVV4--7pv7__A1_Q7MVV4,0.9135180098072337,0.5,True
7uj6__A1_Q8RMD9--7uj6__B1_Q8RMD9,0.9787925232244578,0.5143440764282705,True
3k9i__A1_Q9KFK0--3k9i__A2_Q9KFK0,0.9522200418466169,0.5362451719431296,True
7z1s__A1_A0A3Q7HTY9--7z1s__A2_A0A3Q7HTY9,0.9867266200113552,0.5,True
2e89__A1_O67728--2e89__B1_O67728,0.9897491104826202,0.5,True
2woz__A1_Q9ER30--2woz__A2_Q9ER30,0.9427035962346959,0.5,True
7xxs__A1_B2CKP3--7xxs__B1_B2CKP3,0.9735556755089452,0.5,True
8fir__A1_O83132--8fir__B1_O83132,0.988739492632629,0.5,True
3i6s__A1_O82777--3i6s__B1_O82777,0.9713696525314403,0.5,True
7yhe__B1_A6YEH4--7yhe__A1_A6YEH4,0.8950157367786526,0.5,True
1ku2__A1_Q9EZJ8--1ku2__B1_Q9EZJ8,0.9076000410951868,0.5,True
6qwo__B1_Q9S5W7--6qwo__A1_Q9S5W7,0.9741535826933326,0.5,True
1mxi__A1_P44868--1mxi__A2_P44868,0.9629157594110752,0.4999793567565336,True
8fuq__A1_P22363--8fuq__B1_P22363,0.9504882554763789,0.5,True
6hhk__B1_A8AST9--6hhk__A1_A8AST9,0.9641321472329126,0.5,True
2vhl__A1_O34450--2vhl__A2_O34450,0.992947353583345,0.5,True
8h1i__A1_W6EBY7--8h1i__B1_P0A9Y6,0.9632055337327641,0.5,False
5wan__A1_P75898--5wan__A2_P75898,0.9887003989459769,0.5,True
4x7z__B1_Q49492--4x7z__A1_Q49492,0.9967512991156897,0.5,True
5c6k__B1_P36932--5c6k__A1_P36932,0.9107244557132376,0.5,True
6a1k__A1_P71018--6a1k__B1_P71018,0.9849802512778879,0.5,True
7pjh__A1_Q9Y312--7pjh__B1_Q6P2Q9,0.9538070813303094,0.5,False
4joi__A1_Q9H668--4joi__C1_Q86WV5,0.950498726061932,0.5,False
8axz__A1_P31153--8axz__A2_P31153,0.9679263514431325,0.5,True
8ogi__B1_P11678--8ogi__A1_P11678,0.8904663665380579,0.5,True
8cxl__A1_A7KH32--8cxl__B1_A7KH32,0.9538404243670668,0.5,True
7win__B1_Q9UIF8--7win__A1_Q9UIF8,0.8707647434144563,0.5,True
4bwv__A1_Q8L5D0--4bwv__B1_Q8L5D0,0.9512634124151024,0.5,True
7drj__A1_P63756--7drj__B1_P63756,0.9505749166923145,0.5,True
6t2b__A1_B2UQL7--6t2b__C1_B2UQL7,0.9851704719473907,0.5,True
8jh0__B1_S2D3K4--8jh0__A1_S2D3K4,0.9477404986965231,0.5,True
7t2s__A1_A0A494K842--7t2s__A2_A0A494K842,0.9713227208182527,0.5,True
3frw__B1_A5ZMD8--3frw__A1_A5ZMD8,0.9329546184494212,0.5,True
5ab5__A1_C9ZUV7--5ab5__B1_C9ZUV7,0.9862212083348306,0.5,True
8jqp__A2_UNDEFINED--8jqp__B1_UNDEFINED,0.991290307099634,0.5,True
5myd__C2_A0A2D0TC86--5myd__A1_A0A2D0TC86,0.9880992984540115,0.49998088831129117,True
5cde__A1_Q8P839--5cde__B1_Q8P839,0.9659858402923722,0.5,True
6pi4__A1_A0R1Z9--6pi4__A2_A0R1Z9,0.9877346125616022,0.6126515151515152,True
3ipf__A1_Q251Q8--3ipf__B1_Q251Q8,0.9865557523329473,0.6494767897282201,True
4c11__B1_Q6YMS4--4c11__A1_Q6YMS4,0.9738918131127106,0.5,True
2p3y__A1_Q87I71--2p3y__B1_Q87I71,0.9537728407004149,0.5,True
5jbr__A1_C5C6I1--5jbr__B1_C5C6I1,0.9634871891737488,0.5,True
8ttz__A1_G8E2R2--8ttz__B2_G8E2R2,0.9932791588738119,0.5,True
3vba__A1_Q58673--3vba__B1_Q58673,0.9891786592411703,0.5,True
4o6y__B1_Q9SWS1--4o6y__A1_Q9SWS1,0.9577549392904326,0.5,True
4e5r__A1_Q6IRB5--4e5r__A2_Q6IRB5,0.8853669841866963,0.5,True
7ywv__A1_Q0SBK1--7ywv__C1_Q0SBK1,0.9842461092242506,0.5,True
8eer__A1_P01116--8eer__A2_P01116,0.9901709604629414,0.5,True
3f84__B1_E3PPC4--3f84__A1_E3PPC4,0.9409151986791879,0.5,True
5mu7__A1_G0S6G7--5mu7__B1_G0S6I4,0.9550814075845128,0.5,False
8hfp__B1_Q96T68--8hfp__A1_Q8N8R7,0.8510643154710952,0.5,False
4rmn__B1_Q6NC13--4rmn__A2_Q6NC13,0.8906915962402808,0.5,True
3mx1__A1_Q46944--3mx1__A2_Q46944,0.9633378555448352,0.5,True
5gl5__A1_Q06321--5gl5__B1_Q06321,0.9828812837038712,0.5,True
5gl4__A1_B6YTD8--5gl4__B1_B6YTD8,0.9938756581762956,0.5,True
7wf9__A1_Q3ZT31--7wf9__B1_Q3ZT31,0.9061659581378743,0.5,True
8fw0__B1_P39897--8fw0__A1_P39897,0.9655980209596574,0.5,True
8ou8__B1_P0A8M3--8ou8__A1_P0A8M3,0.9828885074133158,0.5,True
7acm__B1_P75811--7acm__A1_P75811,0.9670072200711455,0.49996738208624175,True
4trb__A1_Q97W95--4trb__B1_Q97W95,0.9598350651667452,0.5,True
7y55__A1_A0A9E8RZN7--7y55__C2_A0A9E8RZN7,0.9870122060115245,0.5,True
2ia9__B1_P28015--2ia9__A1_P28015,0.9116846901992791,0.5,True
3sy6__A1_Q5LE92--3sy6__B1_Q5LE92,0.992086018979733,0.5,True
6xz3__A1_Q9H1K6--6xz3__A2_Q9H1K6,0.9808923840363346,0.5126582278481012,True
2h8e__A1_P0AG74--2h8e__A2_P0AG74,0.8234704079022975,0.5,True
3gyx__A1_T2G6Z9--3gyx__B1_T2G899,0.8727110001537521,0.5,False
4e0u__A1_D1D8L6--4e0u__A2_D1D8L6,0.9991607563885089,0.5,True
6teu__A1_O60568--6teu__A2_O60568,0.9312565122449943,0.5,True
6xt5__B1_P49046--6xt5__A1_P49046,0.995288484872625,0.5,True
8g1t__A1_Q07812--8g1t__B1_Q07812,0.8856466034058248,0.5044812461984224,True
7xp7__B1_W9FXI8--7xp7__A1_W9FXI8,0.971598063210857,0.5,True
8i55__A1_Q58380--8i55__B1_Q58380,0.9699258840764133,0.5411751557549324,True
1h65__A1_Q41009--1h65__A2_Q41009,0.9819013706031632,0.5,True
3ol4__A1_A0QRC4--3ol4__B1_A0QRC4,0.9852880710023567,0.5,True
8idq__A1_A0A0B8MZ29--8idq__C1_A0A0B8MZ29,0.9519921977181721,0.5,True
5hcb__A1_P83003--5hcb__B1_P83003,0.981881439816435,0.5,True
3f6g__B1_Q8F3Q1--3f6g__A1_Q8F3Q1,0.8840021762979291,0.5087357005658121,True
6akj__B1_G2TRN4--6akj__A1_G2TRN4,0.9658665902801798,0.5051650956992967,True
8ju7__A1_Q9I2U4--8ju7__B1_Q9I2U4,0.9686873981989403,0.5,True
3nel__A1_Q52428--3nel__B1_Q52428,0.9798810458502223,0.5,True
2dc1__A1_O28440--2dc1__B1_O28440,0.9790840111760221,0.5,True
8fzk__B1_P52292--8fzk__A1_P52292,0.9239358819111012,0.5,True
3wnz__A1_P39641--3wnz__A2_P39641,0.9727370537739594,0.5,True
8e1u__A1_A0A160VN62--8e1u__F2_A0A160VN62,0.9767219124061938,0.5,True
1v7c__A1_P83823--1v7c__B1_P83823,0.9766357654675439,0.5,True
7skr__A1_Q0QDZ2--7skr__A2_Q0QDZ2,0.9305274215164796,0.5,True
3egg__A1_P62136--3egg__C1_O35274,0.9078410155701059,0.5,False
8imd__A1_UNDEFINED--8imd__B1_UNDEFINED,0.9861750611749309,0.5,True
4yke__B1_G0RYR3--4yke__A1_G0RYR3,0.9921159260725942,0.5,True
1tq9__A1_P00669--1tq9__B1_P00669,0.9473614240430515,0.5,True
4oh3__B1_Q05085--4oh3__A1_Q05085,0.9374104154540163,0.5,True
4q62__A1_Q5ZUB7--4q62__A2_Q5ZUB7,0.9663075888988294,0.5,True
2we5__A1_P0A2X7--2we5__B1_P0A2X7,0.9886949550276395,0.5,True
5t51__A1_Q6CLK3--5t51__B1_Q6CPD1,0.9555494589239445,0.5037037037037037,False
3i0z__A1_A0A0H2UN25--3i0z__B1_A0A0H2UN25,0.9543531915783203,0.5,True
3wof__A1_Q8RQE9--3wof__B1_A7XX65,0.8246961499255077,0.5,False
8p6k__A1_A0A0H2UWN1--8p6k__B1_A0A0H2UWN1,0.9637844235333755,0.5,True
7z9z__A1_P02754--7z9z__A2_P02754,0.9830909340305344,0.5,True
6d0i__A1_A0A0C5XL88--6d0i__B1_A0A0C5XKJ0,0.853659580964296,0.5,False
3gs3__A1_Q8MSU4--3gs3__A2_Q8MSU4,0.9970188510907015,0.5,True
2f4m__A1_Q9JI78--2f4m__B1_P54728,0.9790550790694077,0.5,False
4yh8__A1_Q09176--4yh8__B1_P36629,0.8383480395731544,0.5,False
6ago__A1_Q9NR48--6ago__C1_Q9UBU8,0.9602105968150023,0.5,False
7rmx__A1_UNDEFINED--7rmx__A2_UNDEFINED,0.9740118847149123,0.5,True
1e44__B1_P00646--1e44__A1_P02984,0.9357133232405697,0.5,False
2yri__A1_Q5SLX0--2yri__B1_Q5SLX0,0.9869910757261673,0.5,True
1gcj__A1_P70168--1gcj__B1_P70168,0.9817897823793431,0.5,True
7qbp__A1_A4F7B2--7qbp__A2_A4F7B2,0.9606757895348499,0.5,True
4hdd__A1_P09391--4hdd__A2_P09391,0.8603017939686928,0.5,True
3e4q__A1_P13633--3e4q__B1_P13633,0.9710113728045677,0.5,True
8ein__B1_Q6FCQ4--8ein__A1_Q6FCQ4,0.9855752071643566,0.5,True
6ygu__A1_G0RZ64--6ygu__B1_G0S1V1,0.9217774836090343,0.5,False
2yyh__A1_O67435--2yyh__B1_O67435,0.9888249000929649,0.5055555555555555,True
5wk0__A1_A0A2C9TMM3--5wk0__A2_A0A2C9TMM3,0.9849741759148742,0.5480150214592275,True
8h4j__A1_W8UQZ7--8h4j__D1_W8UQZ7,0.9251029571739207,0.5,True
1z83__A1_P00568--1z83__B1_P00568,0.9620613560557767,0.5,True
8h2c__A1_Q0P8U0--8h2c__B1_Q0P8U0,0.9488344336775549,0.5,True
2dkh__A1_Q6SSJ6--2dkh__A2_Q6SSJ6,0.9651692692247695,0.5,True
7c7e__A1_A0A0H3MRW3--7c7e__A2_A0A0H3MRW3,0.9723552631578948,0.5,True
7px2__A1_UNDEFINED--7px2__B1_UNDEFINED,0.8427696779111874,0.5,True
3dpt__B1_Q8KC98--3dpt__A1_Q8KC98,0.9673228620880774,0.5,True
8u1j__A1_Q9RYE6--8u1j__A2_Q9RYE6,0.9676267694557055,0.5,True
3fgw__A1_Q3TCN2--3fgw__A2_Q3TCN2,0.9963639870556785,0.5,True
7wh0__A1_Q9U2E4--7wh0__B2_Q9U2E4,0.9982929160793672,0.5,True
8dq3__A1_A0A142G3G1--8dq3__B1_A0A142G3G1,0.954125827108155,0.5,True
8hci__B1_A0A8T8BZJ9--8hci__A1_A0A8T8BZN3,0.9295589680546521,0.5,False
3qth__A1_Q47ZP9--3qth__B1_Q47ZP9,0.9568570730739289,0.5045871559633027,True
8b28__A1_F6GSX7--8b28__A2_F6GSX7,0.994571129651561,0.5,True
6scx__A1_Q9BQG2--6scx__B1_Q9BQG2,0.9466748089601301,0.5,True
8hpc__A1_P60327--8hpc__H1_P60327,0.9758440141545068,0.5,True
5n76__A1_P72320--5n76__B1_P72320,0.9573286265571507,0.4994718774755743,True
8hpi__A1_A0A8D3X086--8hpi__B1_A0A8D3X086,0.9851624177052793,0.5,True
3cq3__A1_Q53W28--3cq3__A2_Q53W28,0.9357026680970343,0.5,True
3kbu__A1_P11277--3kbu__D1_P16157,0.9001142249358052,0.5,False
7pck__A1_P43235--7pck__C2_P43235,0.9942437568308828,0.5,True
5o4z__A1_Q9X1T1--5o4z__A2_Q9X1T1,0.981571478983229,0.5,True
1vla__A1_Q9X021--1vla__B1_Q9X021,0.946838476408261,0.5,True
5oed__A1_Q6EAT3--5oed__B1_Q13637,0.9732391654800165,0.5,False
8hyn__A1_UNDEFINED--8hyn__B1_UNDEFINED,0.986907395902741,0.5051344036335523,True
7yva__A1_Q9URB4--7yva__B1_Q9URB4,0.9734532903666336,0.4999955656855007,True
7s6n__B1_Q5RGJ8--7s6n__A1_Q5RGJ8,0.8838337364463819,0.5,True
4cz8__A1_Q9UZ55--4cz8__B1_Q9UZ55,0.9486113804713555,0.5,True
6ebn__A1_A0A4P1LYB6--6ebn__B1_A0A4P1LYB6,0.9425283327295803,0.5,True
3ffe__B1_Q93AT8--3ffe__A1_Q93AT8,0.9547495623211922,0.5,True
7zg6__A1_A0A2J0RDY6--7zg6__B1_A0A2J0RDY6,0.9301125544645701,0.5,True
1p65__A1_Q9YJI1--1p65__B1_Q9YJI1,0.9180562413368472,0.5186915887850467,True
8f4q__A1_Q00972--8f4q__A2_Q00972,0.9493235638947073,0.5,True
4rz3__A1_A4IMB4--4rz3__B1_A4IMB4,0.9778614771045131,0.5,True
7tjl__A1_UNDEFINED--7tjl__A2_UNDEFINED,0.9880231992434554,0.5,True
8f8k__A1_O53507--8f8k__A2_O53507,0.9894867931984629,0.5,True
3zw5__A1_A6NK44--3zw5__B1_A6NK44,0.9404252930905463,0.5,True
6l3q__B1_G0SEI5--6l3q__A1_G0SEI5,0.9600498810591904,0.5,True
8ag8__A1_A0A1I5SVP7--8ag8__A2_A0A1I5SVP7,0.9557609860664523,0.5,True
2i2w__A1_P63224--2i2w__D1_P63224,0.9762213038059034,0.5,True
2f22__B1_Q9RC77--2f22__A1_Q9RC77,0.9865456728055005,0.5069444444444444,True
6yex__A1_UNDEFINED--6yex__B1_UNDEFINED,0.8558928609631389,0.5,True
3tng__A1_Q8Y7B7--3tng__A2_Q8Y7B7,0.9775973132044894,0.5,True
8gr8__B1_P08679--8gr8__A1_P08679,0.983390735328153,0.5155990166408356,True
7ae8__A1_A0A0B0QJR1--7ae8__B1_A0A0B0QJR1,0.9593964289027213,0.5,True
2w54__B1_O54051--2w54__A1_O54050,0.9432645596753134,0.5,False
4cuc__A1_A0A0H2UP19--4cuc__A2_A0A0H2UP19,0.8608302578102972,0.5,True
4b0z__A1_P50524--4b0z__B1_P50524,0.9895718721827106,0.5,True
2re7__A1_Q4FV99--2re7__A2_Q4FV99,0.9702079619726679,0.5,True
8h0t__A1_O34614--8h0t__A2_O34614,0.9890855470672963,0.5,True
1te2__A1_P77247--1te2__B1_P77247,0.9912821352826748,0.5,True
7xt2__A1_Q6ZMU5--7xt2__B1_Q6ZMU5,0.9413171440745489,0.5,True
1ev7__A1_P50187--1ev7__B1_P50187,0.9809346592553994,0.5,True
1ogl__A1_O15923--1ogl__A2_O15923,0.9880423332947282,0.5,True
3lrt__B1_Q97CA5--3lrt__A1_Q97CA5,0.9777779104140281,0.5,True
3rvb__A1_P26663--3rvb__A2_P26663,0.8709933358481076,0.5,True
3fou__A1_Q5SGZ9--3fou__B1_Q5SGZ9,0.9830701271011866,0.5,True
5jnq__A1_R0BTE9--5jnq__A2_R0BTE9,0.9512844945382708,0.5,True
4g12__A1_A5U5K3--4g12__B1_A5U5K3,0.9882371459406258,0.5,True
3evj__B1_P01008--3evj__A1_P01008,0.995650905025154,0.5,True
2oq2__B1_P18408--2oq2__A1_P18408,0.9928009065762713,0.5,True
8he6__A1_Q8YSS0--8he6__B1_Q8YSS0,0.9717566199960901,0.5,True
2xij__A1_P22033--2xij__A2_P22033,0.9842683927328462,0.5,True
1nr5__A1_P07547--1nr5__A2_P07547,0.9753045447923568,0.5,True
1gmj__A1_P01096--1gmj__B1_P01096,0.9215157600234651,0.5,True
4yba__B1_Q93K36--4yba__A1_Q93K36,0.9846205411816271,0.5765879001173119,True
8ok7__A1_M4T0B2--8ok7__D1_M4T0B2,0.9803484041760833,0.5,True
7f76__B1_A0A223KLJ1--7f76__A1_A0A223KLJ1,0.9568833984100182,0.5,True
8jmq__A1_A9CQD5--8jmq__B1_A9CQD3,0.9643369120006845,0.5,False
7zgt__A1_W8R3D8--7zgt__B1_W8R3D8,0.9883433240132549,0.5,True
7xgt__B1_Q6H8B1--7xgt__A1_Q6H8B1,0.9941196592072379,0.5,True
3i2t__A1_P04412--3i2t__A2_P04412,0.9122856026399446,0.5,True
8tjk__A1_A0A0F7G196--8tjk__B1_A0A0F7G196,0.9804983697880647,0.5,True
7wt0__A1_Q04760--7wt0__B1_Q04760,0.8940958714348051,0.5,True
3if0__A1_Q74MS9--3if0__A2_Q74MS9,0.9893294127772506,0.5,True
3qrh__A1_Q8SSM8--3qrh__A2_Q8SSM8,0.9861809930827863,0.5,True
8q70__A1_Q8U2C1--8q70__A2_Q8U2C1,0.9659831826479424,0.5,True
7vso__A1_P02945--7vso__A2_P02945,0.9391516077322936,0.5,True
5f8b__A1_Q4WB03--5f8b__A2_Q4WB03,0.9867283214720084,0.5,True
8ax0__A1_A0A384E145--8ax0__B1_A0A384E145,0.990090912169435,0.5,True
8ant__B1_A0A1P8CWW1--8ant__A1_A0A1P8CWW1,0.8780663766538366,0.5,True
7r5y__E2_R7PD89--7r5y__A1_R7PD89,0.9930388625176402,0.5,True
7qow__B1_Q93P54--7qow__A1_Q93P54,0.9786228518893945,0.5,True
5il7__A1_Q8KC98--5il7__B1_Q8KC98,0.8902663572211305,0.5,True
3ct9__B1_Q8A1V9--3ct9__A1_Q8A1V9,0.9853769279826453,0.5,True
8pvm__A1_P29166--8pvm__B1_P29166,0.9654078727818189,0.5,True
8ct0__F1_S4S3E3--8ct0__A1_S4S3E3,0.9625308547286818,0.5,True
3q2j__B1_P0A3Y5--3q2j__A1_P0A3Y5,0.9570722540682721,0.5,True
7xzp__B1_A0A379CIH2--7xzp__A1_A0A379CIH2,0.9816513764961371,0.5,True
7tvm__A1_UNDEFINED--7tvm__B1_UNDEFINED,0.9847256924666667,0.5,True
3qvf__A1_Q56187--3qvf__A2_Q56187,0.9862266045455759,0.5,True
6gxs__A1_Q7NZ70--6gxs__D1_Q7NZ70,0.8185423342957849,0.5,True
2hr8__A1_O58456--2hr8__B1_O58456,0.9504427806468914,0.5,True
2zyf__A1_O87198--2zyf__A2_O87198,0.9276168149141799,0.5,True
7s3v__A1_Q16719--7s3v__A2_Q16719,0.9670910706812854,0.5,True
6a29__A1_O32504--6a29__B1_O32504,0.9658076428417945,0.5,True
4ml6__C1_A6GV51--4ml6__A1_A6GV51,0.9714961613526195,0.5,True
4cht__A1_Q13472--4cht__B1_Q9H9A7,0.9507077454318024,0.5,False
1n4p__B1_P53610--1n4p__A1_Q04631,0.9765147624802946,0.5,False
1tec__A1_P04072--1tec__B1_P01051,0.9794050203786233,0.5,False
6b9t__A1_A9A1T2--6b9t__B1_A9A1T2,0.9248026664088518,0.5,True
3g0k__A1_Q2G4A7--3g0k__A2_Q2G4A7,0.9660093045850304,0.5,True
7zoo__B1_A0A979GQH9--7zoo__A1_A0A979GQH9,0.8375779409727033,0.5,True
8hy5__A1_P14920--8hy5__B1_P14920,0.9642188882760568,0.5,True
8fts__A1_R9UTR3--8fts__A2_R9UTR3,0.9809660379102296,0.5,True
1jrk__A1_Q8ZTD8--1jrk__B1_Q8ZTD8,0.961373548806263,0.5,True
7y8v__A1_UNDEFINED--7y8v__B1_UNDEFINED,0.97850091320726,0.5,True
2ejn__A1_P30440--2ejn__B1_P30440,0.989645232323584,0.5189399281834174,True
5hs5__A1_Q2G0D1--5hs5__B1_Q2G0D1,0.9833180408091929,0.5,True
3v89__A1_Q9K0U9--3v89__B1_P02787,0.9143904949383804,0.5,False
8e3g__B1_P43026--8e3g__A1_P12643,0.8866633832552689,0.5,False
2w8b__A1_P0A855--2w8b__H1_P0A912,0.9020141756020346,0.5,False
5f7p__B1_Q8YAF1--5f7p__A1_Q8YAF1,0.9884344095937271,0.5,True
8f71__B1_Q6N5G3--8f71__A1_Q6N5G3,0.983559649232734,0.5,True
8hwi__B1_A0A327WNX5--8hwi__A1_A0A327WNX5,0.9643727693676596,0.5,True
7r3i__B1_P54292--7r3i__A1_P54292,0.9627430337274387,0.5,True
8afj__A1_A0A179QS89--8afj__B1_A0A179QS89,0.9949890591920556,0.5,True
3pub__B1_E5EVW2--3pub__A1_E5EVW2,0.9340241422055336,0.5,True
8es5__A1_A0A0H2Z732--8es5__B1_A0A0H2Z732,0.9729431691613397,0.5,True
7txn__B1_Q8YVV6--7txn__A1_Q8YVV6,0.9929928371223917,0.5478928965771072,True
3py6__A1_Q2YQ74--3py6__A2_Q2YQ74,0.9827983751094431,0.5,True
1hjr__A1_P0A814--1hjr__C1_P0A814,0.9827298373417609,0.5,True
8k3b__A1_A0A071KWR3--8k3b__A2_A0A071KWR3,0.958060846877175,0.5,True
3w2z__A1_Q8YXY7--3w2z__A2_Q8YXY7,0.9854538924306366,0.5,True
8f78__A1_P55212--8f78__B1_P55212,0.9689224336656015,0.5,True
6wg4__A1_Q14683--6wg4__B1_Q9UQE7,0.8719290649296862,0.5,False
7zry__A1_O60341--7zry__B1_Q9UKL0,0.9400979242087356,0.5,False
1uix__A1_Q28021--1uix__B1_Q28021,0.9338947381116057,0.5,True
7vrc__A1_P38956--7vrc__B1_P22082,0.9430765869481185,0.528792233183756,False
1oz0__A1_P31335--1oz0__B1_P31335,0.9843882867174732,0.5,True
7eft__B1_P16926--7eft__A1_P16926,0.924423699858005,0.5,True
5jsn__A1_P10415--5jsn__B1_UNDEFINED,0.9712147744299823,0.5,False
8e2b__B1_Q2FYI5--8e2b__A1_Q2FYI5,0.9362020563795781,0.5,True
7jw6__A1_Q9VIF1--7jw6__A2_Q9VIF1,0.9819199231010671,0.5,True
1jkw__A1_P51946--1jkw__A2_P51946,0.9745251120047338,0.5,True
4pfp__B1_F1RQI7--4pfp__A1_F1RQI7,0.952772653096281,0.5,True
8h1s__A1_Q9I5U2--8h1s__B1_Q9HX32,0.8638555413606672,0.5,False
7t0y__A1_P62136--7t0y__B1_Q14684,0.7806730858409584,0.5,False
1tz9__A1_Q82ZC9--1tz9__B1_Q82ZC9,0.9622965000596395,0.5,True
2wns__B1_P11172--2wns__A1_P11172,0.9916826178718963,0.5,True
6s8v__B1_P08195--6s8v__A1_P80188,0.933972864343322,0.5,False
2gt4__A1_P32056--2gt4__B1_P32056,0.9428882764831606,0.5,True
3bof__A1_Q9WYA5--3bof__B1_Q9WYA5,0.998021886043397,0.5,True
6trj__A1_O75475--6trj__A2_O75475,0.9516058721995209,0.4999295476962097,True
8h4z__A1_A0A2X5A3P4--8h4z__B1_A0A2X5A3P4,0.9954552664406142,0.5,True
2hre__A1_P22830--2hre__B1_P22830,0.9722514734173167,0.5,True
5yjc__A1_Q5HK94--5yjc__B1_Q5HK94,0.8903524789828069,0.5,True
8d6k__A1_Q9L1K2--8d6k__B1_Q9L1K2,0.9757019065441868,0.5,True
2zew__B1_Q9ZA17--2zew__A1_Q9ZA17,0.974964969640355,0.5,True
5wpi__A1_Q58PW8--5wpi__B1_Q58PW8,0.9754758175673919,0.5,True
8fk6__A1_A0A0C9S461--8fk6__B1_P80098,0.9137790848944395,0.5,False
7tm7__A1_A0A0H3GYH4--7tm7__B1_A0A0H3GYH4,0.9801831602422116,0.5,True
8gy0__A1_A0A8H4VHP2--8gy0__B1_A0A8H4VHP2,0.9683517631664541,0.5,True
7x4b__A1_A0A2D0TCG3--7x4b__B1_A0A2D0TCG3,0.9387863819071142,0.5,True
4aqp__B1_P54253--4aqp__A1_P54253,0.9439597683298924,0.5,True
3npi__A1_Q6NFU8--3npi__B1_Q6NFU8,0.9661835143758327,0.5,True
8cok__B1_Q9NXR8--8cok__A1_Q9NXR8,0.9410225599471246,0.49984689190568543,True
1wz3__A1_Q9LVK3--1wz3__B1_Q9LVK3,0.916884860853075,0.5325666855982211,True
1nw1__A1_Q22942--1nw1__B1_Q22942,0.9863171535007301,0.5,True
1hrp__B1_P0DN86--1hrp__A1_P01215,0.8356355551513548,0.5,False
3qf4__B1_Q9WYC4--3qf4__A1_Q9WYC3,0.9440100633011743,0.5,False
7y4o__B1_A0A0G2JZC4--7y4o__A1_A0A0G2JZC4,0.9951153250991143,0.5,True
8hns__A1_A0A377JKY9--8hns__A2_A0A377JKY9,0.9499058777558279,0.5078740157480315,True
3mpn__A1_O67854--3mpn__A2_O67854,0.9898821847674925,0.5,True
6vlg__A2_Q9WTS2--6vlg__C1_Q9WTS2,0.97463418894027,0.5,True
1v71__A1_O59791--1v71__A2_O59791,0.9958755755808795,0.5,True
3fpk__A1_Q8ZKP5--3fpk__B1_Q8ZKP5,0.9856796141849389,0.5,True
8eb3__A1_K2K6A3--8eb3__B1_K2K6A3,0.9828313061329227,0.5,True
4z1i__C1_Q12931--4z1i__A1_Q12931,0.9730471678149635,0.5,True
8pz3__A1_D7SFB8--8pz3__B1_D7SFB8,0.9328428350787823,0.5,True
5vpb__B1_P17535--5vpb__A1_P53539,0.9433188557973781,0.5,False
8bt3__A1_Q6F0T5--8bt3__A2_Q6F0T5,0.9807946834394641,0.5,True
1r7h__A1_O69271--1r7h__B1_O69271,0.8661585968908548,0.5,True
4oag__A1_Q8BGV8--4oag__B1_Q8BGV8,0.9407980580292575,0.5,True
5bo9__A1_O43173--5bo9__B1_O43173,0.920535280768792,0.5,True
7kws__A1_Q0P8H3--7kws__B1_Q0P8H3,0.9905133494743126,0.5,True
4qa0__A1_Q9BY41--4qa0__B1_Q9BY41,0.9920297351996846,0.5,True
6epi__B1_D5K9G7--6epi__A1_D5K9E3,0.9710335858897351,0.5,False
7qgs__B1_Q09472--7qgs__A1_Q16665,0.8956164573648789,0.506896551724138,False
7tz7__A1_P42336--7tz7__B1_P27986,0.8914373128424663,0.5,False
2zl1__A1_Q9UHA4--2zl1__B1_Q9JHS3,0.9731948752618045,0.5227272727272727,False
4ija__A1_A0A0H3JS71--4ija__B1_A0A0H3JS71,0.9767447174716736,0.5,True
3ijt__B1_Q8DVN6--3ijt__A1_Q8DVN6,0.9036192972650002,0.5,True
7qgt__A1_P35520--7qgt__B1_P35520,0.9716397537324769,0.5,True
8i4q__A1_Q8NQI2--8i4q__B1_Q8NQI2,0.9858350833965068,0.5,True
5lxv__A1_G9FCX2--5lxv__B1_A0A1L1QK37,0.9603415256229115,0.5,False
8h25__A1_A0A5R8LFD3--8h25__C1_A0A5R8LFD3,0.9770460693240106,0.5,True
6kjl__A1_Q9RC94--6kjl__B1_Q9RC94,0.8580931424796034,0.5,True
5f3o__A1_C4LU64--5f3o__B1_C4LU64,0.9791353614556582,0.5,True
8arv__A1_Q9HW35--8arv__B1_Q9HW35,0.9914011230649529,0.5,True
2i1a__B1_P40087--2i1a__A1_P40087,0.9559093721602996,0.5,True
2y9x__A1_C7FF04--2y9x__E1_G1K3P4,0.9318951904697639,0.5,False
8waa__A1_P29401--8waa__B1_P29401,0.9792460513979699,0.5,True
6n2f__B1_Q94A94--6n2f__A1_Q94A94,0.9609400689855054,0.5,True
8b08__B1_P0A2K1--8b08__A1_P00929,0.9550294921923245,0.5,False
5ja2__A1_P11454--5ja2__B1_Q9I169,0.9615227416604505,0.5,False
4g3w__A1_O66591--4g3w__A2_O66591,0.9967857333546906,0.549946606866357,True
5cm2__A1_Q6C999--5cm2__B1_Q6C4P5,0.9796425044676946,0.5,False
6g70__B1_Q8K2Z2--6g70__A1_Q8K2Z2,0.9780185077907572,0.5,True
7xac__A1_P47929--7xac__B1_P47929,0.9445635565222179,0.5,True
4d4t__A1_P0DOE7--4d4t__A2_P0DOE7,0.925513007879464,0.5,True
2zz8__A1_O34094--2zz8__B1_O34094,0.9807580530532338,0.5,True
8b8h__A1_P9WQA9--8b8h__B1_P9WQA9,0.9579273287763148,0.5,True
7u2s__A1_A0A2W1NDJ7--7u2s__B1_A0A2W1NDJ7,0.9814270953324994,0.5,True
1d2g__A1_P13255--1d2g__B1_P13255,0.9212259375622048,0.5,True
7uld__A1_O28028--7uld__A2_O28028,0.9723897357867517,0.5,True
4c0f__B1_Q9NZN8--4c0f__A1_Q9NZN8,0.9529491065285707,0.5,True
8co8__A1_Q9Q6P4--8co8__A2_Q9Q6P4,0.9750445636665961,0.5,True
3lcr__B1_A4KCE5--3lcr__A1_A4KCE5,0.9989986228316925,0.5,True
8b21__A1_Q9S5X0--8b21__B1_Q9S5X0,0.9720700222027846,0.5,True
3swk__A1_P08670--3swk__B1_P08670,0.9383370241484762,0.5,True
8txn__B1_P08120--8txn__A1_P08120,0.8977722040716652,0.5,True
8dak__A1_F2X702--8dak__B1_F2X702,0.9606184689766317,0.5,True
2rde__B1_A0A0H3ADR8--2rde__A1_A0A0H3ADR8,0.9474784865570315,0.5,True
6sek__A1_UNDEFINED--6sek__B1_UNDEFINED,0.9852038032624837,0.5,True
2pih__A1_O31779--2pih__B1_O31779,0.950763781545719,0.5,True
6v7v__A1_A0SML3--6v7v__B1_A0SML3,0.9568467288279263,0.533916416223575,True
7ykv__B1_Q58241--7ykv__A1_Q58241,0.9835630014902057,0.5,True
7y4g__A1_Q8A028--7y4g__A2_Q8A028,0.9844359677330051,0.5,True
8cci__A1_A0R7I9--8cci__A2_A0R7I9,0.9838643569289636,0.5,True
6p35__A1_P75913--6p35__A2_P75913,0.9863854813993566,0.5,True
6p3j__A1_Q0KJL4--6p3j__B1_Q0KJL4,0.985043455863784,0.5,True
4o6p__A1_Q8RDI4--4o6p__B1_Q8RDI4,0.9139977497549238,0.5,True
8ozv__A1_A0A179UH34--8ozv__A2_A0A179UH34,0.9755188608332166,0.5,True
2cim__A1_Q46AN5--2cim__B1_Q46AN5,0.9711989080689218,0.5,True
6tpo__A1_P24474--6tpo__A2_P24474,0.9792132251360884,0.5,True
7wwo__B1_Q5SH57--7wwo__A1_Q5SH57,0.9532871808828309,0.5,True
4pmv__A1_Q8PEU1--4pmv__B1_Q8PEU1,0.9842544680083156,0.5,True
7xge__A1_UNDEFINED--7xge__B1_Q07820,0.9830125031377539,0.5,False
6rmr__B1_P19926--6rmr__A1_P19926,0.9900443657950388,0.5,True
6hhb__A1_E0SCP7--6hhb__C1_E0SCP7,0.985857830710747,0.5,True
7e5c__A1_A0A1I7CHQ2--7e5c__B1_A0A1I7CHQ2,0.983536921304754,0.5,True
2gn5__A1_P69542--2gn5__A2_P69542,0.9418323139653415,0.5,True
2wfh__A1_O94813--2wfh__B1_O94813,0.9457377639195821,0.5,True
3zco__A1_P06701--3zco__A2_P06701,0.9339678783223656,0.5,True
2ghy__A1_P03051--2ghy__B1_P03051,0.9509295004616604,0.5784041091408755,True
3htr__A1_Q6N0K4--3htr__B1_Q6N0K4,0.8697149671562268,0.5,True
8aeu__A1_Q00987--8aeu__A2_Q00987,0.9366251157749134,0.5110764741331543,True
1xuv__A1_Q8PZJ2--1xuv__C1_Q8PZJ2,0.9782168042135146,0.5,True
2o8p__A1_Q5CYG0--2o8p__A2_Q5CYG0,0.975476010788856,0.5,True
4zmu__A1_Q9I072--4zmu__B1_Q9I072,0.9946426488069664,0.5057471264367817,True
3dl3__G2_Q5E3X2--3dl3__C1_Q5E3X2,0.9236997369815854,0.5,True
7yvz__A1_A7LPG5--7yvz__A2_A7LPG5,0.90202882751938,0.5074915213178295,True
4ia6__A1_Q5FL96--4ia6__B1_Q5FL96,0.98345841730366,0.5,True
8bou__A1_A0A7G5MNS2--8bou__B1_A0A7G5MNS2,0.9824528720797735,0.5,True
5gk1__A1_Q7N4Z6--5gk1__B1_Q7N4Z6,0.987998938017676,0.5,True
5x03__B1_P94426--5x03__A1_P94426,0.9772728006422426,0.5,True
1k3e__B1_P58233--1k3e__A1_P58233,0.9117628030703775,0.49997526344431803,True
6u18__A1_Q9EVJ6--6u18__B1_Q9EVJ6,0.9832780755740851,0.5499106611078023,True
6b9p__A1_C0HJB3--6b9p__B1_C0HJB3,0.9738940630029225,0.5,True
7wpy__A1_A0A097ZPD5--7wpy__C1_A0A097ZPD5,0.9764024819133909,0.5,True
7xn2__A1_Q8YR38--7xn2__A2_Q8YR38,0.896354778372265,0.5,True
3qhy__B1_O87916--3qhy__A1_Q93T42,0.9902769372977598,0.5,False
4j5p__B1_P97612--4j5p__A1_P97612,0.979199391142499,0.5,True
4icq__A1_A0A0H2UN95--4icq__B1_A0A0H2UN95,0.9926412360133591,0.5,True
1klf__B1_P08191--1klf__A1_P31697,0.9573742152138999,0.5249474375821288,False
6y4l__A1_Q15006--6y4l__B1_Q9Y3B6,0.9682383125163232,0.5,False
6dex__B1_Q74ZQ8--6dex__A1_Q75DL0,0.9669774400644878,0.5,False
2z02__A1_Q58987--2z02__B1_Q58987,0.9944613872119521,0.5,True
4l7w__A1_Q7Z4H3--4l7w__A2_Q7Z4H3,0.970106421056818,0.5,True
6tct__A1_Q9KL67--6tct__B1_Q9KL67,0.9684844587352627,0.5,True
6sul__A1_A8FAR5--6sul__B1_A8FAR5,0.9720167345437583,0.5,True
4qqv__A1_P26954--4qqv__B1_P26954,0.9106916246864492,0.5,True
3l8d__A1_A0RD96--3l8d__A2_A0RD96,0.9793442753707305,0.5,True
7yqa__B1_A0A1C9ZZ39--7yqa__A1_A0A1C9ZZ39,0.8389918522313938,0.5,True
1b8m__B1_P34130--1b8m__A1_P23560,0.9190203661022959,0.5,False
1irq__B1_Q57468--1irq__A1_Q57468,0.9083107319263584,0.5191019308486753,True
7xi6__A1_A5GXY1--7xi6__B1_A5GXY1,0.9080737363869893,0.6429592242845255,True
6iik__A1_P54578--6iik__B1_P54578,0.9917087542741987,0.5,True
3nau__A1_Q9Y6X8--3nau__B1_Q9Y6X8,0.8836500069542681,0.5099802227401173,True
3cis__B1_P9WFD7--3cis__A1_P9WFD7,0.9832593399365065,0.5,True
4jzy__B1_O77059--4jzy__A1_O77059,0.9271515185182393,0.5,True
8d03__A1_UNDEFINED--8d03__A2_UNDEFINED,0.9859494158161407,0.5744119146456923,True
7yxg__A1_Q9VU77--7yxg__B1_Q9VU77,0.9859960104728942,0.5,True
5cio__A1_A0A1A9TAI5--5cio__B1_A0A1A9TAI5,0.9799461534403157,0.5,True
8jwj__A1_Q9DAG9--8jwj__B1_P62837,0.8926295183740068,0.5,False
6ia6__A1_A0A1C7D1B7--6ia6__A2_A0A1C7D1B7,0.9989139200444507,0.5,True
8h1g__A1_O67518--8h1g__A2_O67518,0.9800247479004854,0.5,True
6x61__A1_Q79V60--6x61__B1_Q8DMT2,0.8524067073738318,0.5,False
7x0d__A1_A5YW95--7x0d__B1_A5YW95,0.9550864851138241,0.5,True
1ghd__B1_O86089--1ghd__A1_O86089,0.9525690934119266,0.5,True
2x6f__A1_Q9W1M7--2x6f__B1_Q9W1M7,0.964280870464376,0.5,True
8oik__A1_Q9UPU9--8oik__C1_Q9UPU9,0.9549260134570593,0.5,True
6nxl__A1_B4DV12--6nxl__E1_B4DV12,0.9554649551774557,0.6003469160884731,True
8wmy__A1_A0A4U7IGH6--8wmy__B2_A0A4U7IGH6,0.9802134720192477,0.5,True
3trf__A1_Q83AJ3--3trf__A2_Q83AJ3,0.9171009490291628,0.5,True
5h4s__A1_A0A090BWT0--5h4s__A2_A0A090BWT0,0.8293136905651126,0.5,True
2zvb__A1_Q53WA6--2zvb__A2_Q53WA6,0.9391449372360785,0.5,True
8wa7__A1_P27302--8wa7__B1_P27302,0.9895202021876451,0.5,True
3b0z__B1_P40727--3b0z__A1_P40727,0.9023998575630267,0.5,True
4usp__A1_B3GA02--4usp__B1_B3GA02,0.8975838698746188,0.5,True
7cms__A1_P00953--7cms__B1_P00953,0.9891109901178388,0.5,True
7t8q__A1_Q7S860--7t8q__D1_Q7S860,0.9515629384283835,0.5,True
6j9k__A1_A0A425B3G2--6j9k__A2_A0A425B3G2,0.985905770928646,0.5117647058823529,True
7xp0__A1_Q9I5E1--7xp0__A2_Q9I5E1,0.9665147261460014,0.5,True
8ih4__A1_Q8WVV5--8ih4__B1_Q8WVV5,0.9575755687723205,0.5,True
7qej__A1_P0DV33--7qej__B1_P0DV33,0.98875062277503,0.5,True
1tfe__A1_P43895--1tfe__A2_P43895,0.9781050615255331,0.5,True
4iwq__A1_Q9UHD2--4iwq__A2_Q9UHD2,0.8888376718532649,0.5,True
