system_id,auroc,bacc,is_homodimer
3c07__A1_Q9KZ96--3c07__B1_Q9KZ96,0.7800589127504469,0.5,True
3iqy__A1_P28366--3iqy__A2_P28366,0.7820218922322658,0.5,True
7e76__A1_A0A3B6LNA8--7e76__B1_A0A3B6LNA8,0.6226530538612672,0.5,True
3cqc__A1_P57740--3cqc__B1_Q8WUM0,0.9047963400282136,0.5,False
7x1k__A1_Q6DL91--7x1k__B1_Q6DL91,0.42591964531640447,0.5,True
8sgd__A1_P25342--8sgd__B1_P32457,0.6963233657651041,0.5,False
3ecf__A1_Q3M5E4--3ecf__B1_Q3M5E4,0.4619525674182945,0.5,True
6j94__A1_Q93VK5--6j94__B1_Q93VK5,0.7703897030960545,0.5,True
7xsh__A1_K1KV82--7xsh__B2_K1KV82,0.9018274105039588,0.5,True
8v14__A1_G5EEF9--8v14__B1_G5EEF9,0.5867366305160808,0.5,True
6r76__A1_H3ZMH8--6r76__B1_H3ZMH8,0.9488136657565401,0.5,True
8ap0__A1_A0A5S9CYM0--8ap0__A2_A0A5S9CYM0,0.4775809775293344,0.5,True
3qph__A1_Q9HGZ9--3qph__A2_Q9HGZ9,0.8686423490585884,0.5,True
3o6j__A1_O67987--3o6j__B1_O67987,0.9095678545349288,0.5,True
6o6z__A1_B6YWC3--6o6z__B1_B6YWC3,0.930197936023253,0.5,True
3fil__A1_P19909--3fil__B1_P19909,0.22446212623397568,0.5,True
6do2__A1_P11021--6do2__B1_P11021,0.8220535685755547,0.5,True
7f4q__B1_Q22GC0--7f4q__A1_I7M8B9,0.6162642497567115,0.5,False
4hfg__A1_Q9NQG5--4hfg__B1_Q9NQG5,0.3465150898212934,0.5,True
7yh2__A1_A0A1Q9P883--7yh2__B1_A0A1Q9P883,0.907756412144056,0.5,True
3axs__A1_O67010--3axs__A2_O67010,0.9357170285770913,0.5,True
3cqr__A1_Q39249--3cqr__B1_Q39249,0.4673670733467479,0.5,True
3s8k__A1_P80691--3s8k__B1_P80691,0.7745665045017652,0.5,True
4oun__A1_O31418--4oun__A2_O31418,0.9526011080030317,0.5,True
2iab__A1_Q825J7--2iab__B1_Q825J7,0.9342059285320496,0.5,True
6f3z__A1_P0ADC3--6f3z__B1_P61316,0.9546228632016607,0.5,False
1hr7__A1_P11914--1hr7__B1_P10507,0.7490364389535002,0.5,False
8gko__B1_P28296--8gko__A1_P28296,0.8860096706643328,0.5,True
2gkv__A1_P00777--2gkv__B1_P68390,0.8235071481035637,0.5,False
8stx__A1_Q4E4E1--8stx__B1_Q4E4E1,0.8038634004711253,0.5,True
4m36__A1_Q582G4--4m36__A2_Q582G4,0.7848487127613374,0.5,True
5wpu__A1_A0A076NBW8--5wpu__A2_A0A076NBW8,0.7422897285831118,0.5,True
5yps__A1_A0A0W4ZF97--5yps__B1_A0A0W4ZF97,0.962851829517709,0.5,True
5oge__E1_P40107--5oge__A1_P40107,0.4920928671651492,0.5,True
5fey__B1_Q13049--5fey__A1_Q13049,0.500941268774498,0.5,True
8hce__B1_Q91XB0--8hce__A1_Q91XB0,0.8569158975608918,0.5,True
1ggp__B1_Q7SIF1--1ggp__A1_Q7SIF0,0.7530954718304355,0.5,False
5z50__A1_O05926--5z50__B1_O05926,0.952761147015038,0.5,True
7t9u__A1_Q86WV6--7t9u__A2_Q86WV6,0.9621258725928767,0.5,True
6ey4__A1_Q5EGM3--6ey4__A2_Q5EGM3,0.841453182442522,0.5,True
2hvg__A1_A5KBL5--2hvg__B1_A5KBL5,0.9233788134938408,0.5,True
6wp7__A1_Q82H41--6wp7__B1_Q82H41,0.8944615253224015,0.5,True
3shg__A1_E6Z0R3--3shg__B1_E6Z0R4,0.6550366029113067,0.5,False
4wjm__A1_Q2YNY7--4wjm__A2_Q2YNY7,0.9631843315149938,0.5,True
8hmo__A1_A0A0H4P0S7--8hmo__B1_A0A0H4P0S7,0.9894446414365686,0.5,True
6n91__A1_Q9KNI7--6n91__B1_Q9KNI7,0.9392984057055387,0.5,True
1dev__A1_Q15796--1dev__B1_O95405,0.48621904482384437,0.5,False
8c9j__B1_P15559--8c9j__A1_P15559,0.9690613159623336,0.5,True
3rd7__B1_A0A0H2ZY91--3rd7__A1_A0A0H2ZY91,0.9580932750757036,0.5,True
5x1j__A1_G2IQS7--5x1j__A2_G2IQS7,0.6734059598512603,0.5,True
3r2p__A1_P02647--3r2p__A2_P02647,0.8208699277963096,0.5,True
1pdk__A1_P15319--1pdk__B1_P62532,0.8648113007401821,0.5,False
3kcp__A1_Q06851--3kcp__B1_A3DF10,0.8863564570063672,0.5,False
7bbq__A1_Q6I6B7--7bbq__A2_Q6I6B7,0.9921876162557105,0.5,True
3dpj__E1_Q5LS67--3dpj__F1_Q5LS67,0.5964242361779122,0.5,True
6okh__A1_Q04QG8--6okh__B1_Q04QG8,0.802327759779581,0.5,True
7tq1__A1_P0AC13--7tq1__A2_P0AC13,0.7409944104539617,0.5,True
7t5y__A1_P0A7E1--7t5y__B1_P0A7E1,0.8753845167087428,0.5,True
5o47__A1_J7HDY4--5o47__A2_J7HDY4,0.922428133031465,0.5,True
3edj__A1_Q8KKG0--3edj__B1_Q8KKG0,0.8488863681259534,0.5,True
5yr0__A1_O88597--5yr0__B1_Q8K245,0.7388766048197328,0.5,False
5c21__A1_P09986--5c21__B1_P09986,0.812557808602888,0.5,True
2gok__A1_Q8U8Z6--2gok__B1_Q8U8Z6,0.971047436827776,0.5,True
1ww1__A1_Q9WZW8--1ww1__B1_Q9WZW8,0.9838489003506622,0.5,True
1fm0__B1_P30749--1fm0__A1_P30748,0.9528394208204719,0.5,False
4jgo__B1_O31671--4jgo__A1_O31671,0.6060079025371778,0.5,True
3l2k__A1_Q8GPH0--3l2k__B1_Q8GPH0,0.5131717165679103,0.5,True
1yov__A1_Q13564--1yov__B1_Q8TBC4,0.9482771547254717,0.5,False
7zvd__A1_P11413--7zvd__A2_P11413,0.9669904390898683,0.5,True
8grh__B1_P51553--8grh__A1_P50213,0.7679370490324766,0.5,False
1lxd__A1_Q03386--1lxd__B1_Q03386,0.6111311405031006,0.5,True
5m97__A1_Q10113--5m97__B1_Q10113,0.7045527698659451,0.5,True
7ax1__A1_Q9ULM6--7ax1__B1_Q9UIV1,0.9584551501175285,0.5,False
8d4w__A1_A0A8B4R830--8d4w__A2_A0A8B4R830,0.7475979121914328,0.5,True
7ynw__B2_Q57834--7ynw__A1_Q57834,0.7873107827910335,0.5,True
4rgp__A1_Q8DTU7--4rgp__B1_Q8DTU7,0.6589006959884388,0.5,True
8twd__C1_P0AEV1--8twd__A1_W8SRD3,0.5530178031707509,0.5,False
3fb9__A1_A0A0H2US72--3fb9__B1_A0A0H2US72,0.9915556130590417,0.5,True
8a39__A1_A0A024L404--8a39__C2_A0A024L404,0.8056431940549317,0.5,True
3ps8__A1_P01034--3ps8__A2_P01034,0.33539836181524585,0.5,True
7vwp__A2_A0A136PK59--7vwp__B1_A0A136PK59,0.7579459509672151,0.5,True
3a7p__A1_Q03818--3a7p__B1_Q03818,0.8384681580463242,0.5,True
4ql6__A1_A0A0H3MDM0--4ql6__C1_A0A0H3MDM0,0.8467919258124535,0.5,True
5nck__A1_Q8RDN7--5nck__B1_Q8RDN7,0.9310752597480333,0.5,True
3w8i__A1_Q9BUL8--3w8i__B1_Q9P289,0.9373331935054039,0.5,False
4oky__A1_Q52612--4oky__A2_Q52612,0.8015072030420429,0.5,True
7x20__A1_P54708--7x20__B1_P07340,0.9062703458177556,0.5,False
3hnw__A1_D0VWZ2--3hnw__B1_D0VWZ2,0.6637577086756546,0.5,True
8r37__A1_A0A086IRG1--8r37__B1_A0A086IRG1,0.7947313985169626,0.5,True
1rqg__A1_Q9V011--1rqg__A2_Q9V011,0.5714147664966216,0.5,True
8brl__A1_F7J213--8brl__A2_F7J213,0.6267254262857358,0.5,True
7qiu__A1_P94538--7qiu__B1_P94538,0.6316212893321974,0.5,True
6sjs__A1_B8FUR2--6sjs__B1_B8FUR2,0.926352029949031,0.4999946529211092,True
8hlg__A1_Q9RR88--8hlg__B1_Q9RR88,0.7592335569985597,0.5,True
7pcr__A1_P56185--7pcr__A2_P56185,0.8622461297092545,0.5,True
3bvq__B1_Q2I6W2--3bvq__A1_Q2I6W2,0.6954514693614864,0.5,True
6bsu__A1_Q9LZJ3--6bsu__B1_Q9LZJ3,0.7631839321610162,0.5,True
4e5u__B1_Q9HZN8--4e5u__A1_Q9HZN8,0.736472988417801,0.5,True
8a52__A1_P23222--8a52__B1_P23222,0.8205270633055408,0.5,True
1d0v__A1_Q05603--1d0v__A2_Q05603,0.9594637295367223,0.5,True
3gwq__A1_Q145Q0--3gwq__B1_Q145Q0,0.8490543945210369,0.5,True
7lxs__A1_Q8ZMZ2--7lxs__C1_Q8ZMZ2,0.34246209906275915,0.4999694413885833,True
6w08__B1_Q9KL63--6w08__A1_Q9KL63,0.6158766520140297,0.5,True
7wrm__A1_D0IVL9--7wrm__B1_D0IVL9,0.6555143788168767,0.5,True
2yww__B1_Q58801--2yww__A1_Q58801,0.6704654417407792,0.5,True
3lm6__A1_P40869--3lm6__B1_P40869,0.7350024368607422,0.5,True
7trw__A1_A0A380PDL3--7trw__A2_A0A380PDL3,0.28618998090016506,0.5,True
8syc__A1_Q13370--8syc__B1_Q13370,0.4478751614967489,0.5,True
1gk6__A1_P03069--1gk6__B1_P03069,0.43888243005178273,0.5,True
1reo__A1_Q6STF1--1reo__A2_Q6STF1,0.6980887531733029,0.5,True
6s3b__A1_Q88JK6--6s3b__B1_Q88JK6,0.43525819499293655,0.5,True
7tl5__A1_A0A3F3B310--7tl5__B1_A0A3F3B310,0.8134112389026773,0.5,True
2asf__A1_P9WLL7--2asf__A2_P9WLL7,0.6220460396705607,0.5,True
8ilj__A1_A0A242MJ43--8ilj__B1_A0A242MJ43,0.9230964903545855,0.5,True
4usc__A1_A0A0A0Y4H8--4usc__B1_A0A0A0Y4H8,0.4719495408084446,0.5,True
5yp3__A1_Q6F3I7--5yp3__B1_Q6F3I7,0.786105033309556,0.5,True
8aid__A1_Q9HWJ8--8aid__B1_Q9HWJ8,0.36065723569899283,0.5,True
7yp6__B1_E5L4T5--7yp6__A1_E5L4T5,0.5478045188740736,0.5,True
4aql__A1_Q9Y2T3--4aql__A2_Q9Y2T3,0.9864669670777666,0.5,True
3idf__A1_O34252--3idf__B1_O34252,0.6950254429445265,0.5,True
8fjr__A1_D1A807--8fjr__B1_D1A807,0.8039919148497245,0.5,True
7z56__B1_F0NGX6--7z56__A1_F0NGX6,0.9614472310952277,0.5,True
3zta__A1_Q2RIF4--3zta__A2_Q2RIF4,0.8526929862235557,0.5,True
3abi__A1_O59312--3abi__B1_O59312,0.803198183358758,0.5,True
5ab8__A1_P9WN25--5ab8__A2_P9WN25,0.2097068901474523,0.5,True
1guq__A1_P09148--1guq__B1_P09148,0.9487378224442347,0.5,True
6zdw__B1_A0A162MUP0--6zdw__A1_A0A162MUP0,0.8762096940140338,0.5,True
8csd__A1_Q6U8B0--8csd__A2_Q6U8B0,0.8385076137996932,0.5,True
8bfr__A1_P30177--8bfr__A2_P30177,0.978278265894135,0.5,True
7yk3__A1_O53604--7yk3__B1_O53605,0.9530706825198123,0.5,False
6xiv__A1_P16114--6xiv__B2_P16114,0.6019941883361938,0.5,True
8ajx__A1_P17117--8ajx__A2_P17117,0.767709742353458,0.5,True
8ayj__A1_D5EHC5--8ayj__B1_D5EHC5,0.9636241314472775,0.5,True
8a6e__B2_P02699--8a6e__A1_P02699,0.9159854608796525,0.5,True
4jb7__A1_Q9KTQ6--4jb7__A2_Q9KTQ6,0.49993619733781186,0.5,True
6h3f__A1_A0A0H3JT80--6h3f__A2_A0A0H3JT80,0.9169651733766613,0.5,True
6wxw__A1_F2NWD3--6wxw__B1_F2NWD3,0.6764472447254999,0.5,True
2zw2__A1_F9VNF4--2zw2__B1_F9VNF4,0.6610255210596085,0.4999359467076608,True
2wo2__A1_P54764--2wo2__B1_P52799,0.7800253501549342,0.5,False
1ord__A1_P43099--1ord__B1_P43099,0.8164484786161992,0.5,True
7zcm__A1_P42196--7zcm__B1_P42259,0.9589077378102966,0.5,False
8aa9__A1_Q9V1Y9--8aa9__B1_Q9V1Y9,0.4639306368904556,0.5,True
4i6y__B1_P13702--4i6y__A1_P13702,0.9039078296986305,0.5,True
1vh4__B1_P77689--1vh4__A1_P77689,0.8301802310002961,0.5,True
3ocd__A1_D7A6E5--3ocd__B1_Q7BQR5,0.7260528003448219,0.5,False
8pq7__A1_M1C5B8--8pq7__B1_D0N0Z8,0.5369284316341962,0.5,False
5abr__A1_P82802--5abr__B1_P82802,0.9863704802355109,0.5,True
2zmf__A1_Q9Y233--2zmf__B1_Q9Y233,0.456083113863774,0.5,True
2vzk__B1_P0DJQ5--2vzk__A1_P0DJQ5,0.3126630926509082,0.5,True
7wm5__A1_A0A0C2W699--7wm5__A2_A0A0C2W699,0.6335031517478387,0.5,True
1zee__A1_Q8E972--1zee__B1_Q8E972,0.5344241200251046,0.5,True
7tvh__B1_Q9I2Q1--7tvh__A1_Q9I2Q1,0.7177376595345345,0.5,True
5vgm__B1_Q9KL24--5vgm__A1_Q9KL24,0.852451537053914,0.5,True
4zzh__A1_Q96EB6--4zzh__A2_Q96EB6,0.4794832736145652,0.5,True
6m4v__A1_P0AEX9--6m4v__B1_P62942,0.850381534901724,0.5,False
7y28__A1_P07814--7y28__B1_P07814,0.49171818040688164,0.5,True
7y7u__A1_A0A222F232--7y7u__B1_A0A222F232,0.9259432838974326,0.5,True
3fgc__A1_P07740--3fgc__B1_P07739,0.6169855296645862,0.5,False
1rve__A1_P04390--1rve__B1_P04390,0.9144830813221828,0.5,True
7zy1__A1_Q9F8A8--7zy1__A2_Q9F8A8,0.7637755369491348,0.5,True
3jxo__B1_A0A0F6AN26--3jxo__A1_A0A0F6AN26,0.694838915352837,0.5,True
8dqb__A1_A0A0H3FX83--8dqb__A2_A0A0H3FX83,0.8205156538828657,0.5,True
5l16__A1_Q4Q0M0--5l16__A2_Q4Q0M0,0.6427393993957853,0.5,True
3qt7__A1_Q9FD73--3qt7__B1_Q9FD73,0.9630974994307673,0.5,True
4aye__D1_Q9JXV4--4aye__A1_P08603,0.45422275507033105,0.5,False
7r3n__A1_P43432--7r3n__B1_P43432,0.7298391337284434,0.5,True
7a0x__B1_Q8ZRZ3--7a0x__A1_Q8ZRZ3,0.9553037105660991,0.5,True
7wjk__A1_P93836--7wjk__A2_P93836,0.75476206432326,0.5,True
5x8z__A1_A3QAQ5--5x8z__B1_A3QAQ5,0.923993963534156,0.5,True
7u0r__B1_M9SC49--7u0r__A1_M9SC49,0.8783360244929749,0.5,True
7wbt__A1_Q288C4--7wbt__B1_Q288C4,0.7656252872491675,0.5,True
7txe__A1_Q8I6T6--7txe__B1_Q8I6T6,0.3453233547541925,0.5,True
6pyp__A1_P21695--6pyp__B1_P21695,0.6840842929871078,0.5,True
8b2d__A1_F5SYD3--8b2d__B1_F5SYD3,0.8280287804394264,0.5,True
1vmg__A1_Q97U11--1vmg__A2_Q97U11,0.8624893301192272,0.4998523113277212,True
6b8l__B1_P0DP23--6b8l__A1_P56696,0.7899137039287856,0.5,False
8sj5__A1_A0A2I4FN75--8sj5__C1_A0A2I4FN75,0.22801090269528623,0.5,True
3nr1__A1_Q8N4P3--3nr1__B1_Q8N4P3,0.583775148919447,0.5,True
3h3l__A1_A6LFX0--3h3l__A2_A6LFX0,0.7696305446892229,0.5,True
6jdh__A1_A0A2K0XYW4--6jdh__B1_A0A2K0XYW4,0.6410214824437773,0.5,True
3vjz__A1_Q9K0P4--3vjz__B1_Q9K0P4,0.40608096468561583,0.5,True
3et4__A1_Q4QMM5--3et4__A2_Q4QMM5,0.6080239239541029,0.5,True
5or3__A1_Q2UNF9--5or3__D1_Q2UNF9,0.8148968300070998,0.5,True
3fh3__B1_A0A6L8PES2--3fh3__A1_A0A6L8PES2,0.31644944876141873,0.5,True
1go3__A1_Q57840--1go3__B1_Q60351,0.8388948268106163,0.5,False
3zxq__B1_P9WGK1--3zxq__A1_P9WGK1,0.43944843405126477,0.5,True
1zlh__A1_P00730--1zlh__B1_Q5EPH2,0.7112889209378005,0.5,False
4h1h__A1_Q8Y6P6--4h1h__B1_Q8Y6P6,0.9240263421916421,0.5,True
2gh1__A1_Q81E32--2gh1__B1_Q81E32,0.5164667771114793,0.5,True
7dl7__F1_B0VJ11--7dl7__A1_B0VJ11,0.8818851112298867,0.5,True
7yu0__B1_Q79F77--7yu0__A1_Q79F77,0.470451923362634,0.5,True
3cbu__B1_Q473P3--3cbu__A1_Q473P3,0.7782888775986753,0.5,True
3ihk__A1_Q8DVV9--3ihk__A2_Q8DVV9,0.8487755453758873,0.5,True
4y67__A1_Q8IKG4--4y67__B1_Q8IKG4,0.8220764324330879,0.5,True
6ejp__B1_P69986--6ejp__A1_P69986,0.22065093251672735,0.5,True
1poy__A1_P0AFK9--1poy__B1_P0AFK9,0.6370298264537093,0.5,True
3a7o__A1_Q03818--3a7o__B1_Q03818,0.9336438508043023,0.5,True
5n47__B1_P02751--5n47__A1_P80188,0.7932795664661296,0.5,False
8ejm__A1_O43143--8ejm__B1_Q8IWZ8,0.785207063538064,0.5,False
1npd__B1_P0A6D5--1npd__A1_P0A6D5,0.558162320449545,0.5,True
8h0h__A1_P9WLU7--8h0h__C1_P9WLU7,0.3608022117592723,0.5,True
3t8l__A1_Q7CUX4--3t8l__B1_Q7CUX4,0.8259608552713564,0.5,True
7ol3__B1_Q8WXF7--7ol3__A1_Q8WXF7,0.730494403464944,0.5,True
3ent__A1_Q2YAE2--3ent__B1_Q2YAE2,0.856979037107071,0.5,True
2y4g__A1_D3Y1I2--2y4g__B1_D3Y1I2,0.9596525821584124,0.5,True
7ec7__A1_A0A0H2XGN0--7ec7__A2_A0A0H2XGN0,0.9614232681822064,0.5,True
2o11__A1_P9WPY1--2o11__A2_P9WPY1,0.5700369792618257,0.5,True
2sak__A1_P68802--2sak__A2_P68802,0.5174781288047094,0.5,True
8h5e__A1_Q5SMG8--8h5e__B1_Q5SMG8,0.6932446179717662,0.5,True
8bgm__B1_A0A5P3XKL3--8bgm__A1_A0A5P3XKM0,0.8939268115136824,0.5,False
2ps8__A1_P13513--2ps8__B1_P13513,0.8814286883749892,0.5,True
6awl__A1_O75208--6awl__B1_O75208,0.7497032053818757,0.5,True
4qds__A1_O60462--4qds__B1_O60462,0.2664279261244651,0.5,True
6qky__B1_Q97P33--6qky__A1_Q97P33,0.31533569298559566,0.5,True
7nli__B1_P08405--7nli__A1_P08405,0.18498952815157405,0.5,True
8p3m__A1_W0DP94--8p3m__B1_W0DP94,0.7309704911661679,0.5,True
5v7y__A1_A0A4Y1WAP5--5v7y__B1_A0A4Y1WAP5,0.663004953040899,0.5,True
4aps__A1_Q5M4H8--4aps__B1_Q5M4H8,0.5275904584950379,0.5,True
7ucn__A1_P50120--7ucn__B1_P50120,0.39808035615468645,0.5,True
1ni5__A1_P52097--1ni5__A2_P52097,0.8665269108422045,0.5,True
4a5o__B1_Q9I2U6--4a5o__A1_Q9I2U6,0.9557131928143368,0.5,True
8q5k__A1_A0A0H2Z7A6--8q5k__A2_A0A0H2Z7A6,0.7403758813703774,0.5,True
1ww5__A1_Q6WY08--1ww5__D1_Q6WY08,0.37158815870976625,0.5,True
7ww2__A1_A0A4Q9D6T1--7ww2__B1_A0A4Q9D6T1,0.8292235013948801,0.5,True
2pfk__A1_P0A796--2pfk__B1_P0A796,0.8658180245487466,0.5,True
1i2m__B1_P18754--1i2m__A1_P62826,0.7273301523728075,0.5,False
8i2e__A1_O34841--8i2e__B1_P54421,0.8381120184185246,0.5,False
3pfl__A1_P09373--3pfl__B1_P09373,0.9597741347273419,0.5,True
6gho__B1_Q5L1S1--6gho__A1_O31602,0.7037269389963721,0.5,False
1glj__A1_P0A6F3--1glj__B1_P0A6F3,0.8927211806986632,0.5,True
4zq8__B1_A0A0M3KL36--4zq8__A1_A0A0M3KL36,0.6048349506951901,0.5,True
5h4h__B1_O58236--5h4h__A1_O58236,0.41153612845673504,0.5,True
4iv9__A1_P06617--4iv9__B1_P06617,0.4878907350042242,0.5,True
6sdk__A1_P26497--6sdk__B1_P26497,0.6080661377661605,0.5,True
2fq4__A1_Q81BJ4--2fq4__A2_Q81BJ4,0.9247635910806711,0.5,True
7zeq__B1_Q9WXT1--7zeq__A1_Q9WXT1,0.9079946102985231,0.5,True
5z5h__A1_Q2I2N4--5z5h__A2_Q2I2N4,0.6966958268062042,0.5,True
2fe1__A1_Q8ZZP3--2fe1__A2_Q8ZZP3,0.9036912094885114,0.5,True
7wik__B1_A0R1E6--7wik__A1_A0R1E6,0.9190294595233999,0.5,True
7t8o__B1_Q8Y8Y9--7t8o__A1_Q8Y8Y9,0.8846380242758523,0.5,True
7t91__A1_P08151--7t91__B1_P08151,0.04354438058568985,0.5,True
3lg6__A1_D2YW48--3lg6__B1_D2YW48,0.8770094974111218,0.5,True
2o9a__A1_P16528--2o9a__D1_P16528,0.8850074425122996,0.5,True
1zhq__A1_Q9RHG4--1zhq__B1_Q9RHG4,0.6708695736129386,0.5,True
2e0k__B1_Q8KFD9--2e0k__A1_Q8KFD9,0.705602389933901,0.5,True
3a2f__A1_P61875--3a2f__B1_O73947,0.9736122599195962,0.5,False
8ehe__A1_A0A0A7KVG3--8ehe__B1_A0A1D3UUC0,0.8417519606251803,0.5,False
6hpc__A1_P67697--6hpc__B1_P67697,0.7169831521203449,0.507880130921994,True
2x3o__A1_Q9I585--2x3o__B1_Q9I585,0.5108009534590794,0.5,True
5y40__A1_P55892--5y40__B1_P55892,0.6679337546648888,0.5,True
1y42__A1_P12063--1y42__A2_P12063,0.957224470892103,0.5,True
2e91__A1_Q12051--2e91__B1_Q12051,0.7399871004040026,0.5,True
3iuw__B1_Q8KUB7--3iuw__A1_Q8KUB7,0.9444634118584273,0.5,True
8e7y__A1_Q9RFC8--8e7y__B1_Q9RFC8,0.9076437577810136,0.5,True
4kzn__A1_P15692--4kzn__A2_P15692,0.8627764482769769,0.5,True
7z7o__A1_A0A1S4NYF2--7z7o__C1_A0A1S4NYF2,0.5625585168521234,0.5,True
8brp__A1_D8G6F7--8brp__B1_D8G6F7,0.9675965951070357,0.5,True
8bay__A1_O75874--8bay__B1_O75874,0.8367841546942562,0.5,True
6mhm__B1_Q13510--6mhm__A1_Q13510,0.4508086253369272,0.5,True
8bj7__A1_P07598--8bj7__B1_P07603,0.918444607136953,0.5,False
5wxx__A1_Q9RNB4--5wxx__A2_Q9RNB4,0.8345768888621488,0.5,True
8f7l__A1_P43490--8f7l__B1_P43490,0.746308758606418,0.5,True
3cz1__A1_Q9U9J6--3cz1__B1_Q9U9J6,0.6928624827196117,0.5,True
8a0c__A1_Q2ERG0--8a0c__B1_Q2ERG0,0.919962295962546,0.5,True
5mpy__A1_Q9LPZ1--5mpy__B1_Q9LPZ1,0.34164610760315883,0.5,True
1anu__A1_Q06851--1anu__A2_Q06851,0.2951076723463804,0.5,True
3vs8__A1_C1DM33--3vs8__C1_C1DM33,0.9455321221443491,0.5,True
7zi8__A1_P27707--7zi8__A2_P27707,0.8902349302594171,0.5,True
1peu__A1_Q08698--1peu__A2_Q08698,0.6074740471304374,0.5,True
5uk5__B1_Q63722--5uk5__A1_Q07008,0.6147724230683768,0.5,False
7vg5__A1_Q49135--7vg5__B1_Q49135,0.6888141549715596,0.5,True
4jkz__A1_A0R6I8--4jkz__A2_A0R6I8,0.6102427682718107,0.5,True
4aa8__A1_P00794--4aa8__A2_P00794,0.7591108569696385,0.5,True
5yew__A1_Q8IWA4--5yew__B1_Q8IWA4,0.8298667746589695,0.5,True
1hf2__B1_Q9X0D7--1hf2__A1_Q9X0D7,0.8737143538279901,0.5,True
3gif__A1_O34757--3gif__B1_O34757,0.6833259121978323,0.5,True
4axv__A1_A7N805--4axv__A2_A7N805,0.9060499203296437,0.5,True
5c6u__A1_O69689--5c6u__A2_O69689,0.9291980894995939,0.5,True
4nv4__A1_A0A6L7HM74--4nv4__A2_A0A6L7HM74,0.34541473151523683,0.5,True
6axf__A1_Q7LDG7--6axf__B1_P61224,0.6946078268726199,0.5,False
5yf1__B1_Q8N4J0--5yf1__A1_Q8N4J0,0.8593316056045328,0.5,True
3fjy__B1_A0ZZM4--3fjy__A1_A0ZZM4,0.47510389014656224,0.5,True
4rg1__A1_Q5T280--4rg1__B1_Q5T280,0.8626975919785582,0.5,True
1ux4__A1_P41832--1ux4__A2_P41832,0.4657088040735443,0.5,True
6rbm__A1_P0ACT4--6rbm__A2_P0ACT4,0.6235672338874749,0.5,True
7wis__A1_P46881--7wis__B1_P46881,0.9172659616791238,0.5,True
5a3l__A1_A0A1A9TAD0--5a3l__C1_A0A1A9TAD0,0.24117638030054495,0.5,True
2gz4__A1_Q7D028--2gz4__C1_Q7D028,0.6070070309694707,0.5,True
7xyv__A1_Q9C0D3--7xyv__B1_Q9C0D3,0.5031516612686611,0.5,True
2f9w__A1_Q9HWC1--2f9w__B1_Q9HWC1,0.8637007972635871,0.5,True
2ox1__A1_O30011--2ox1__B1_O30011,0.9822452975421949,0.5,True
2guh__A1_Q0S8Y3--2guh__B1_Q0S8Y3,0.7592227318874116,0.5,True
7br1__A1_A0A7I6N400--7br1__B1_A0A7I6N400,0.5491404188891833,0.5,True
2p04__A1_D0VWX5--2p04__B1_D0VWX5,0.9681397308512545,0.5,True
4h5b__A1_Q9RUY5--4h5b__B1_Q9RUY5,0.6547483391098522,0.5,True
4e1o__A1_P19113--4e1o__B1_P19113,0.7211228374229325,0.5,True
7pu4__B1_Q9X053--7pu4__A1_Q9X053,0.2834045016149259,0.5,True
3m1u__A1_Q72DN3--3m1u__B1_Q72DN3,0.8792640729508447,0.5,True
6ird__A1_Q91UZ1--6ird__B1_Q8NI35,0.5189730588829247,0.5,False
6gg2__A1_Q4WD43--6gg2__A2_Q4WD43,0.7395297668119167,0.5,True
6oei__A1_Q8KG60--6oei__A2_Q8KG60,0.7062221004921685,0.5,True
8hyi__A1_P22223--8hyi__B1_P22223,0.6771225445006577,0.5,True
4b8v__A1_B3VBK9--4b8v__A2_B3VBK9,0.3457123596335698,0.5,True
4lqb__A1_D2Q399--4lqb__B1_D2Q399,0.8256763275428611,0.5,True
2vxb__A1_P87074--2vxb__B1_P87074,0.12363667128587771,0.5,True
5z1o__A1_D0VWU8--5z1o__B1_D0VWU8,0.8154130288532009,0.5,True
6h40__A1_K5B7F3--6h40__A2_K5B7F3,0.48023160850248026,0.5,True
2etk__A1_Q13464--2etk__B1_Q13464,0.49060910253181206,0.5,True
2p69__A1_Q96GD0--2p69__A2_Q96GD0,0.8861679704228083,0.5,True
4doy__A1_Q6WNP1--4doy__C1_Q6WNP1,0.8620240934662942,0.5,True
6zxw__A1_O29011--6zxw__B1_A0A117KMN5,0.7209726690836582,0.5,False
3lhk__A1_Q60329--3lhk__B1_Q60329,0.5862402527115685,0.5,True
1qpa__A1_P11542--1qpa__B1_P11542,0.39752840450164234,0.5,True
6e52__A1_P03069--6e52__B1_P03069,0.5001290872450868,0.5,True
1fwl__A1_Q58504--1fwl__B1_Q58504,0.9665364810556514,0.5,True
5nkk__A1_O62301--5nkk__B1_Q9XWJ1,0.8179775384825287,0.5,False
1ygt__A1_Q94524--1ygt__A2_Q94524,0.8375275564722033,0.5062748686264963,True
6p40__A1_M1GSK9--6p40__B1_M1GSK9,0.7949157428363243,0.5,True
2wyn__B1_P13482--2wyn__D1_P13482,0.7475770247211853,0.5,True
7yui__A1_P0CG48--7yui__B1_Q9BYM8,0.8389662349257452,0.5,False
2oi2__A1_A0A0H2UNK6--2oi2__A2_A0A0H2UNK6,0.5611229048729048,0.5,True
4wud__A1_P0AES6--4wud__A2_P0AES6,0.7362151013376311,0.5,True
5yzj__A1_A8K0B5--5yzj__B1_A8K0B5,0.40696551651999024,0.5,True
8f61__A1_Q28943--8f61__B1_Q28943,0.8017562259340641,0.5,True
5ho3__A1_W6KHH6--5ho3__B1_W6KHH6,0.4397224692377747,0.5,True
1u5i__A1_Q07009--1u5i__B1_Q64537,0.8856065275730827,0.5,False
1cmc__A1_P0A8U6--1cmc__B1_P0A8U6,0.7565504043621303,0.5275483989356822,True
6oe2__A1_Q8A9F0--6oe2__A2_Q8A9F0,0.3441134297851328,0.5,True
3gzi__A1_A3QIY5--3gzi__A2_A3QIY5,0.8830941721665545,0.5,True
8pr6__B1_A0A1Q6BKH4--8pr6__A1_A0A1Q6BKH4,0.43027121385205824,0.5,True
8ohw__A1_Q63T97--8ohw__B1_Q63T97,0.6357977427679442,0.5,True
5y4r__A1_O87131--5y4r__B1_Q9HVI1,0.6706435710140708,0.5,False
8d3t__B1_A0A2K2AMS7--8d3t__A1_A0A2K2AMS7,0.5229353314618297,0.5,True
1zk8__A1_Q815X4--1zk8__B1_Q815X4,0.8894346934393932,0.5,True
2w82__A1_Q47730--2w82__B1_Q47730,0.9821541533126674,0.5,True
6l08__A1_O65896--6l08__B1_O65896,0.5358282955186253,0.5,True
4p94__B1_Q4J9K8--4p94__A1_Q4J9K8,0.9484491361334524,0.5499627643729521,True
4yii__A1_O00762--4yii__B1_Q9UJX6,0.5522738489164065,0.5,False
4rus__A1_P68512--4rus__B1_P68512,0.7356013984060393,0.5,True
2o48__A1_Q9TQS6--2o48__A2_Q9TQS6,0.7036161962650632,0.5,True
7pvw__B1_P00523--7pvw__A1_P00523,0.37072746798222633,0.5,True
2wcu__A1_Q8R2K1--2wcu__B1_Q8R2K1,0.9757108118898125,0.5,True
2p35__A1_Q8UH15--2p35__B1_Q8UH15,0.6904695156038574,0.5,True
5jj8__A1_Q9HVB9--5jj8__A2_Q9HVB9,0.8003860028079145,0.5,True
6ije__A1_A0A083ZID3--6ije__B1_A0A083ZID3,0.3226007269716518,0.5,True
8avu__A1_Q8GPI4--8avu__A2_Q8GPI4,0.9307174307174307,0.5,True
7xdu__B1_A0A1I1Z0X1--7xdu__A1_A0A1I1Z0X1,0.916948921142241,0.49996236136435873,True
1xr4__A1_Q8ZRY1--1xr4__B1_Q8ZRY1,0.9248903423040236,0.5,True
2fuq__A1_C6XZB6--2fuq__B1_C6XZB6,0.9329167911286831,0.5,True
5xrw__A1_O25306--5xrw__C1_O25674,0.9212096499063916,0.5,False
5l0o__A1_P46940--5l0o__B1_P46940,0.34079100079513835,0.5,True
2zcx__A1_Q9FBX0--2zcx__A2_Q9FBX0,0.6701668133826404,0.5,True
5way__A1_Q97P44--5way__B1_Q97P44,0.8195907594900012,0.5,True
7xey__A1_Q9SU72--7xey__B1_Q9S745,0.8102501606588661,0.5,False
4xlo__C1_Q9KHK2--4xlo__A1_Q9KHK2,0.7529442982800953,0.5,True
6kd6__B1_Q9VAA9--6kd6__A1_Q9VAA9,0.2708724454346558,0.5,True
8k72__A1_Q9NWT6--8k72__A2_Q9NWT6,0.8700203604231527,0.5,True
8b5v__A1_Q4E4A3--8b5v__B1_Q4E4A3,0.3437259689418529,0.5,True
4yo3__A1_D3GUX1--4yo3__A2_D3GUX1,0.6675800420013097,0.5,True
8p8p__A1_P49773--8p8p__B1_P49773,0.522386556403732,0.5,True
6hrx__A1_O53623--6hrx__B1_O53623,0.31196517607498936,0.5,True
3mdo__A1_A6LDR8--3mdo__B1_A6LDR8,0.8923426936841756,0.5,True
2rb7__A1_Q313A9--2rb7__B1_Q313A9,0.7963198777854389,0.5,True
3lsj__A1_Q9HUS3--3lsj__B1_Q9HUS3,0.4614816645517947,0.5,True
8g0q__A1_P40460--8g0q__B1_P33895,0.7383362844324607,0.5,False
6ms4__A1_Q9ULC4--6ms4__B1_O43583,0.9042303823153877,0.5,False
7y6b__A1_A0A411GZY8--7y6b__B1_A0A411H025,0.642994395150984,0.5,False
7zyt__A1_P09622--7zyt__B1_P09622,0.6972640136144133,0.5,True
7lle__A1_Q6QVT7--7lle__B1_Q6QVT7,0.8648816290845837,0.5,True
4csw__A1_D0MK34--4csw__B1_D0MK34,0.8633889852087462,0.5,True
7tev__A1_P04181--7tev__A2_P04181,0.7154698837997853,0.5,True
2hsa__B1_Q9FEW9--2hsa__A1_Q9FEW9,0.6670125264429068,0.5,True
4tsd__A1_O25673--4tsd__B1_O25673,0.6560561780366174,0.5,True
7qh0__B1_P48499--7qh0__A1_P48499,0.9718152219003788,0.5,True
3neu__A1_Q92AT3--3neu__A2_Q92AT3,0.6162644787644789,0.5,True
8f9x__A1_Q5LVE1--8f9x__B1_Q5LVE1,0.7415434940297967,0.5,True
3pui__A1_Q9L9D7--3pui__A2_Q9L9D7,0.9410354002627441,0.5,True
1rqi__A1_P22939--1rqi__B1_P22939,0.9628842912806349,0.5,True
6pya__A1_P04278--6pya__A2_P04278,0.3636246438393735,0.5,True
1r27__A1_P09152--1r27__B1_P11349,0.9512659643513743,0.5,False
7zuv__A1_A0A2K3DY10--7zuv__D2_A0A2K3DY10,0.750789035676952,0.5,True
2aho__A1_Q980A5--2aho__B1_Q97Z79,0.9736181820236353,0.5,False
6mni__A1_A0A2V0QX35--6mni__B1_A0A2V0QX35,0.8637251598737967,0.5,True
4kif__B1_Q643C8--4kif__A1_Q643C8,0.840629161167262,0.5,True
3g23__A1_Q2G8F3--3g23__B1_Q2G8F3,0.8617292108774098,0.5,True
3ui3__A1_O05728--3ui3__B1_O05728,0.6526366822826491,0.5,True
8ohy__A1_Q556V8--8ohy__A2_Q556V8,0.8007751431619745,0.5,True
5zgo__A1_Q5SHW6--5zgo__B1_Q5SHW6,0.6837565351210052,0.5,True
5uph__B1_Q14108--5uph__A1_Q14108,0.7220900128117576,0.5,True
6u3w__A1_P53622--6u3w__B1_P40509,0.9539692812943692,0.5,False
2gsv__B1_P71066--2gsv__A1_P71066,0.43364739008013864,0.5,True
7yh1__A1_A0A5B9DB95--7yh1__B1_A0A5B9DB95,0.7859612490435086,0.5,True
6c6r__A1_Q14534--6c6r__B1_Q14534,0.9325982186082605,0.5,True
6p4o__B1_Q970I1--6p4o__A1_Q970I2,0.8041365992973082,0.5,False
2oys__A1_A0A0H2URW2--2oys__B1_A0A0H2URW2,0.8083645017923771,0.5,True
8i85__A1_D2B3F1--8i85__B1_D2B3F1,0.6932499908822987,0.5,True
2b0a__A1_Q58193--2b0a__A2_Q58193,0.9586666781396795,0.5,True
3ayh__B1_O94285--3ayh__A1_Q9C0Z9,0.8907113681186154,0.5,False
2g38__B1_Q79FE1--2g38__A1_Q7D756,0.8989559978708646,0.5,False
2z6k__A1_P15927--2z6k__C1_P35244,0.6569486582381489,0.5,False
3p8b__B1_Q8TZK1--3p8b__A1_Q8U440,0.8043502988939712,0.5,False
5yz5__A1_Q16555--5yz5__A2_Q16555,0.7697364441602113,0.5,True
6dk9__A1_A7A1Y4--6dk9__A2_A7A1Y4,0.8841021264908977,0.5,True
2p19__A1_Q8NTZ4--2p19__C1_Q8NTZ4,0.9173101025429753,0.5,True
8ai1__B1_Q45595--8ai1__A1_Q45595,0.7779393032628166,0.5,True
7px0__B1_Q9VF53--7px0__A1_Q9VF53,0.9081880841278717,0.5,True
4cmz__B1_Q9BXM0--4cmz__A1_Q9BXM0,0.010773869001195355,0.5,True
8gyz__B1_Q93ZE2--8gyz__A1_Q93ZE2,0.5798795336043643,0.5,True
2ikb__A1_Q7DDI9--2ikb__C1_Q7DDI9,0.8804657519049132,0.5348541751763716,True
3egv__A1_Q84BQ9--3egv__B1_Q5SLP6,0.666032504359318,0.5,False
2g9w__A1_P9WMJ5--2g9w__B1_P9WMJ5,0.7196837842095996,0.5,True
2afv__A1_Q8EXP7--2afv__B1_Q8EXP7,0.9615110795260093,0.5,True
1wl3__B1_Q9X1M1--1wl3__A1_Q9X1M1,0.5686023461158042,0.5,True
4kbx__A1_P45550--4kbx__A2_P45550,0.8666189690519388,0.5,True
8h5a__A1_P67661--8h5a__B1_P67661,0.4051785473803822,0.5,True
8b4l__B1_D5SK09--8b4l__A1_D5SK09,0.8861120177815325,0.5,True
1nrj__B1_P36057--1nrj__A1_P32916,0.9193901137236518,0.5,False
4rdw__A1_Q9HU77--4rdw__A2_Q9HU77,0.854508641100161,0.5,True
5a6k__A1_A0A0H2US73--5a6k__B1_A0A0H2US73,0.9748049462778475,0.5,True
1qc9__A1_P00642--1qc9__A2_P00642,0.8626550512251148,0.5,True
3ooc__A1_P77239--3ooc__B1_P77239,0.49017836621487615,0.5,True
8pm1__A1_B8GAY9--8pm1__B1_B8GAY9,0.41988631667741083,0.5,True
1vbg__A1_P11155--1vbg__A2_P11155,0.6764008658138857,0.5,True
2qgs__A1_A0A0H2VIU2--2qgs__B1_A0A0H2VIU2,0.8199942539743345,0.5,True
8bol__A1_Q04609--8bol__A2_Q04609,0.9674794306106489,0.5,True
3mii__B1_Q08914--3mii__A1_Q08914,0.9362232319473875,0.5,True
3i23__A1_Q835X4--3i23__B1_Q835X4,0.865730470424353,0.5,True
3itf__A1_P0AE85--3itf__B1_P0AE85,0.30430552363441354,0.5,True
6mw5__A1_K3WC47--6mw5__A2_K3WC47,0.5149431011634433,0.5,True
5vht__A1_P0A9J8--5vht__B1_P0A9J8,0.9676522736063046,0.5,True
6j6x__B1_P53611--6j6x__A1_Q7Z6K3,0.8654270266010018,0.5,False
4tvb__A1_O32323--4tvb__B1_O32323,0.6522148812301807,0.5,True
8dtc__A1_L8GT25--8dtc__B1_L8GT25,0.7297950020384772,0.5,True
8fny__A1_O00418--8fny__B1_P0DP23,0.7786033995983406,0.5,False
7v0b__A1_A0A1E7MYN1--7v0b__B1_A0A1E7MYN1,0.8095386494803439,0.5,True
2vvo__A1_P9WKD7--2vvo__B1_P9WKD7,0.5373676623889673,0.5,True
5yjh__A1_Q15063--5yjh__A2_Q15063,0.7312599544750684,0.5,True
2z5e__A1_Q9BT73--2z5e__B1_Q9BT73,0.5556846177710459,0.5,True
1a8l__A1_Q51760--1a8l__A2_Q51760,0.9928869931117964,0.5,True
8h0r__A1_Q9WVJ5--8h0r__B1_Q9WVJ5,0.26106958525530144,0.5,True
2j7j__A1_P03001--2j7j__A2_P03001,0.3427754835004167,0.5,True
7zbg__A1_Q02880--7zbg__A2_Q02880,0.5627580199327964,0.5,True
1rku__A1_Q9I2Y2--1rku__B1_Q9I2Y2,0.8694252759740161,0.5,True
2wvl__A1_Q72K30--2wvl__B1_Q72K30,0.8911974306227127,0.5,True
8ewa__B1_Q9HW02--8ewa__A1_Q9HW02,0.9206546198990144,0.5,True
2ft0__A1_Q8FBQ3--2ft0__B1_Q8FBQ3,0.2683485208399872,0.5,True
2r01__A1_Q8KFI1--2r01__A2_Q8KFI1,0.7121202610028141,0.5,True
8hno__A1_B6YTS4--8hno__B1_B6YTS4,0.9595202398800601,0.5,True
6x88__A1_P52731--6x88__B1_P52731,0.6799932990987698,0.5,True
2x76__A1_Q939Q9--2x76__A2_Q939Q9,0.9885779402170971,0.5,True
7x2p__A1_Q5ZWH7--7x2p__B1_Q5ZWH7,0.46342470117045614,0.5,True
2aeu__A1_Q57622--2aeu__A2_Q57622,0.9441315628365787,0.5,True
5kbg__A1_Q43965--5kbg__B1_Q43965,0.9073773128681959,0.5,True
4p9g__A1_Q9REI7--4p9g__A2_Q9REI7,0.8477184916574932,0.5,True
7tcv__A1_Q60932--7tcv__A2_Q60932,0.7419006238139911,0.5,True
7vkb__A1_Q5ZSZ6--7vkb__B1_Q5ZSZ7,0.8363494537762374,0.5,False
7r2p__A1_Q46877--7r2p__A2_Q46877,0.6697539113123528,0.5,True
6ggl__B1_C9K1X5--6ggl__A1_C9K1X5,0.7232960446659058,0.5,True
7yi7__A1_Q9Y251--7yi7__B1_Q9Y251,0.3254343808133762,0.5,True
7yka__B1_Q9Y3D6--7yka__A1_Q9Y3D6,0.25601041336833397,0.5,True
8jea__A1_K1QRB6--8jea__D1_K1QRB6,0.6158149275220051,0.5,True
8huc__C1_A0A0H2Z790--8huc__A1_A0A0H2Z790,0.8690567196162111,0.5,True
5mpr__A1_O15382--5mpr__A2_O15382,0.8069177916691386,0.5,True
4ooj__B1_Q5ZSK6--4ooj__A1_Q5ZSK6,0.5710490455413353,0.5,True
8a5v__A1_Q9Y617--8a5v__C1_Q9Y617,0.6171026016925019,0.5,True
3lm2__A1_A9CH74--3lm2__B1_A9CH74,0.9646735502660153,0.5,True
7zwt__A1_P41182--7zwt__A2_P41182,0.25164400490648353,0.5,True
5zwl__B1_Q8DLU1--5zwl__A1_Q8DLG7,0.9340764944605401,0.5,False
1i4m__A1_P04156--1i4m__A2_P04156,0.2810240865124936,0.5,True
2gjg__A1_Q88EQ6--2gjg__A2_Q88EQ6,0.8144947242467095,0.5,True
4ghm__A1_Q9KTK0--4ghm__B1_Q9KTK0,0.6022113929438471,0.5,True
1tve__A1_P31116--1tve__B1_P31116,0.9614464337633029,0.5,True
3onx__A1_P41697--3onx__B1_P41697,0.7712081297429839,0.5,True
8cp4__A1_Q6LXV7--8cp4__A2_Q6LXV7,0.8609866947937053,0.5,True
1ob9__A1_Q97YX6--1ob9__A2_Q97YX6,0.9481598142926718,0.5,True
7zcc__B1_P46327--7zcc__A1_P46327,0.9343927752436765,0.50199203187251,True
4kwd__A1_Q9UR08--4kwd__B1_Q9UR08,0.9968210038147954,0.5,True
7wuy__A1_A0A1R3S1W7--7wuy__B1_A0A1R3S1W7,0.7584070631495667,0.5,True
5gtw__A1_I3NX86--5gtw__D1_I3NX86,0.8400692724261077,0.5,True
6loh__A1_O15033--6loh__A2_O15033,0.6803290992258579,0.5,True
3a9y__A1_Q68FT9--3a9y__B1_Q68FT9,0.6988879440330616,0.5,True
8ay6__B1_Q9CAJ0--8ay6__A1_A0A067E666,0.7800586789899906,0.5,False
8u5m__A1_Q8TF42--8u5m__F1_Q8TF42,0.863584303890516,0.5,True
7twa__D1_F8JJ25--7twa__A1_F8JJ25,0.7707396085461129,0.5,True
8fju__B1_P34897--8fju__A1_P34897,0.7266428863461397,0.5,True
1fjj__A1_P12994--1fjj__A2_P12994,0.9248601230176374,0.5,True
8iyi__A1_Q6CVU4--8iyi__B1_Q6CVU4,0.9182667944300185,0.5,True
1uus__A1_O00910--1uus__A2_O00910,0.7722177801873609,0.5,True
1zt2__A1_Q97Z83--1zt2__C1_Q9UWW1,0.9751065682306052,0.5,False
7uex__A1_Q9H999--7uex__A2_Q9H999,0.9541486312040193,0.5,True
6jqy__A1_P9WF13--6jqy__B1_P9WF13,0.4601927043052333,0.5,True
6l6w__A1_A0A3B6UEU3--6l6w__A2_A0A3B6UEU3,0.965224455976391,0.5,True
8grj__B1_Q8GQE7--8grj__A1_A0A0H3KLY3,0.7921678668342852,0.5,False
2j0n__B1_P18013--2j0n__A1_P18013,0.5726095902797956,0.5,True
3rq1__A1_D1BN29--3rq1__C1_D1BN29,0.8885568665382912,0.5,True
5ae6__B1_Q92458--5ae6__A1_Q92458,0.9226885195880935,0.5,True
7qi3__A1_W7NDP8--7qi3__C1_W7NDP8,0.8844620302654057,0.5,True
2yve__A1_Q8NMG3--2yve__B1_Q8NMG3,0.7844651589565983,0.49996795077238637,True
5ynx__A1_B2GM84--5ynx__B1_B2GM84,0.7381672332807092,0.5,True
2r6u__A1_Q0S814--2r6u__C1_Q0S814,0.7586335301045182,0.5,True
8b6m__A1_Q9H2K2--8b6m__B1_Q9H2K2,0.40171098539829914,0.5,True
3kc2__A1_P36151--3kc2__B1_P36151,0.9460311241086624,0.5,True
3vp5__A1_Q9CHR1--3vp5__A2_Q9CHR1,0.9078124269005848,0.5,True
7pvh__A1_B2RLE7--7pvh__B1_B2RLE7,0.6347769475652075,0.5,True
4nqf__B2_Q7CW19--4nqf__A1_Q7CW19,0.9661210122561547,0.5,True
1vjh__A1_P0C0B0--1vjh__B1_P0C0B0,0.810580948675114,0.5,True
5xw4__B1_Q00684--5xw4__A1_Q00684,0.5176558163340396,0.5,True
4xdl__A1_P57789--4xdl__B1_P57789,0.6884911005065668,0.5,True
6ukl__A1_P0A901--6ukl__F1_P0A901,0.18823715320877782,0.5,True
5by4__A1_P0ABV6--5by4__A2_P0ABV6,0.9596654107193936,0.5034246575342466,True
7zxs__A1_Q86TI2--7zxs__C1_Q86TI2,0.9497145690280491,0.5,True
1v6u__A1_Q7SI98--1v6u__B1_Q7SI98,0.6621098922542965,0.5,True
6e27__A1_Q9H257--6e27__B1_Q9H257,0.17403003272200504,0.5,True
7szd__A1_Q96S44--7szd__B1_Q9Y3C4,0.9836500573828231,0.5,False
1h9r__A1_P0A9G8--1h9r__B1_P0A9G8,0.7106627475392611,0.5,True
3on6__A1_A7M0J6--3on6__B1_A7M0J6,0.6636136779102992,0.5,True
8fwy__A1_Q4DGA2--8fwy__B1_Q4DGA2,0.4497947114571788,0.5,True
1yu6__A1_P00780--1yu6__C1_P68390,0.9068506542209009,0.5,False
6ek1__A1_A0A452CST7--6ek1__A2_A0A452CST7,0.842360367508775,0.5,True
6ckj__A1_P0A0Z8--6ckj__A2_P0A0Z8,0.9232124887056093,0.5,True
1w33__A1_O50957--1w33__B1_O50957,0.40998655833568043,0.5,True
4usk__B1_H7C745--4usk__B2_H7C745,0.42144329106118966,0.5,True
6cmv__B1_Q4J9G1--6cmv__A1_Q4J9G1,0.7930630669392901,0.5,True
7y70__A1_F4KCC2--7y70__A2_F4KCC2,0.6421412507518394,0.5,True
3cwx__A1_P94837--3cwx__B1_P94837,0.8845799415217865,0.5,True
3p1y__A1_O29362--3p1y__B1_O29362,0.7743613524745393,0.5,True
8a8i__A1_Q9R9V9--8a8i__B1_Q9R9V9,0.9848126029467867,0.5,True
5d1l__A1_P62837--5d1l__B1_Q96BH1,0.6330279281131794,0.5,False
8og3__A1_P38489--8og3__B1_P38489,0.7364266013163526,0.5,True
4neh__A1_P20702--4neh__B1_P05107,0.7920299396101467,0.5,False
2prv__A1_O34596--2prv__B1_O34596,0.6085183372925365,0.5,True
6kvn__A1_A0A1S4CVP6--6kvn__A2_A0A1S4CVP6,0.7373736761391652,0.5,True
5tgq__A1_A0A1S4NYF7--5tgq__A2_A0A1S4NYF7,0.8976037985746723,0.5,True
6b3i__A1_P27216--6b3i__B1_P27216,0.5713561942780847,0.5,True
1rqn__A1_O31156--1rqn__B1_O31156,0.9891867759392546,0.5,True
5l7z__A1_P28750--5l7z__A2_P28750,0.7748733517311144,0.5,True
7ljh__A1_Q769D3--7ljh__B2_Q769D3,0.9629679040688055,0.5,True
7xmw__B1_U2Q5N5--7xmw__A1_U2Q5N5,0.3397064567718352,0.5,True
7w2o__A1_Q9HZP1--7w2o__B1_Q9HZP1,0.8364777394109182,0.5,True
7uay__A1_P08684--7uay__A2_P08684,0.995310031428323,0.5,True
5czf__D1_A0A0H3JHG3--5czf__A1_Q8XAD5,0.49992949265199105,0.5,False
2p6p__A1_Q9RPA7--2p6p__B1_Q9RPA7,0.7609231068487456,0.5,True
4u64__A1_Q5ZXA3--4u64__A2_Q5ZXA3,0.8927159347851272,0.5,True
7qbm__A1_P43235--7qbm__B1_P43235,0.36690589743051033,0.5,True
3nvm__A1_Q8U4M1--3nvm__B1_Q8U4M2,0.8830128173151812,0.5,False
3wws__A1_Q13188--3wws__D1_Q13188,0.8315837314343637,0.5,True
4c87__A1_F9UMG7--4c87__B1_F9UMG7,0.7509206953932388,0.5,True
2d7e__A1_P17888--2d7e__B1_P17888,0.46752626706185485,0.5,True
7xro__A1_Q9RQ20--7xro__B1_Q9RQ20,0.4973466584106814,0.5,True
5yrj__A1_B6F0T7--5yrj__B1_A0A2Z5V8U8,0.664112669525907,0.5,False
6yev__C1_P0A744--6yev__A1_P0AA25,0.8990167030404641,0.5,False
8glr__A1_Q8ZJX7--8glr__A2_Q8ZJX7,0.7149673715603331,0.5,True
5fwt__A1_Q96MU8--5fwt__A2_Q96MU8,0.7630774767846844,0.5,True
8enb__B1_A7DT38--8enb__A1_A0T3A2,0.6104119039804813,0.5,False
8h4p__A1_I1S104--8h4p__B1_I1S104,0.8993210073544149,0.5,True
8elf__B1_Q6DYE4--8elf__A1_Q6DYE4,0.7009256496806738,0.5,True
1ax2__A1_P16404--1ax2__A2_P16404,0.34318744859494926,0.5,True
3q9l__A1_P0AEZ3--3q9l__B1_P0AEZ3,0.7959625991664283,0.5,True
2yk4__A1_P72097--2yk4__A2_P72097,0.3170405887820893,0.5,True
7u5f__C1_Q9HTM2--7u5f__A1_Q9HTM2,0.7169731834946793,0.5,True
5xt3__B1_A0A0U1MUE2--5xt3__A1_A0A0U1MUE2,0.9383052662202637,0.5,True
5iws__A1_Q63GK8--5iws__A2_Q63GK8,0.8187684634528265,0.5,True
2owl__A1_P36767--2owl__B1_P36767,0.8739040828408082,0.5,True
8bca__A1_O75643--8bca__B1_Q6P2Q9,0.7406363188877706,0.5,False
3mcb__B1_P20290--3mcb__A1_Q13765,0.7608894389109563,0.5,False
8gy8__A1_Q8TZT0--8gy8__B1_Q8TZT0,0.884599657139906,0.5,True
8dkd__A1_G7CIP4--8dkd__A2_G7CIP4,0.86293479493051,0.5,True
7dus__A1_P08965--7dus__A2_P08965,0.07580443828016643,0.5,True
8gb1__A1_Q9Y3Z3--8gb1__B1_Q9Y3Z3,0.4650821057253204,0.5,True
6ikj__A1_Q9I4L6--6ikj__B1_Q9I4L6,0.16347326620337538,0.5,True
8b2q__A1_D0EM77--8b2q__B1_G8UM88,0.4856523085084296,0.5,False
5x42__A1_Q5ZYB7--5x42__B1_Q5ZYC6,0.7312351757413622,0.5,False
1vkh__A1_Q04066--1vkh__B1_Q04066,0.8455499848313082,0.5,True
5omd__A1_Q04377--5omd__A2_Q04377,0.7944903435612164,0.5,True
2vsg__A1_P26329--2vsg__B1_P26329,0.47921086519142186,0.5,True
1jql__A1_P0A988--1jql__B1_P28630,0.9101055049253232,0.5,False
1w9c__A1_O14980--1w9c__B1_O14980,0.11722364847501164,0.5,True
3upl__A1_Q2YIM3--3upl__B1_Q2YIM3,0.8685319681975847,0.5,True
3tm2__A1_Q83XN4--3tm2__B1_Q83XN4,0.5725407760512544,0.5,True
7yls__B1_C5CSP6--7yls__A1_C5CSP7,0.9435180978406187,0.5,False
7psg__A1_Q6D515--7psg__B1_Q6D515,0.8601665277454277,0.5,True
8pte__A1_P00698--8pte__A2_P00698,0.4167785960199466,0.5,True
7ykc__A1_P14843--7ykc__B1_P14843,0.9291344248011281,0.5,True
3wxe__A1_E7FEV5--3wxe__B1_P0CG48,0.5523174551020781,0.5,False
2vjf__A1_Q00987--2vjf__B1_O15151,0.5832434072343277,0.5,False
7pvo__A1_P56137--7pvo__A2_P56137,0.5850408637231104,0.5,True
3kkd__A1_Q9HXU1--3kkd__A2_Q9HXU1,0.8371771110600305,0.5,True
3mph__A1_P19801--3mph__B1_P19801,0.8853728931466548,0.5,True
6jc4__A1_A6TE44--6jc4__D1_A6TE44,0.49392501204710393,0.5,True
2rf4__A1_P46669--2rf4__B1_P50106,0.4763540975337101,0.5,False
4huz__A1_Q9ZBB0--4huz__A2_Q9ZBB0,0.8595239360024436,0.5,True
5gtj__B1_Q9BV47--5gtj__A1_Q9BV47,0.5303416551547346,0.5,True
2xw7__A1_A0QP85--2xw7__B1_A0QP85,0.4606885940887022,0.5,True
6l6h__A1_Q5ZZ22--6l6h__B1_Q5ZZ22,0.9689817530151157,0.5,True
8p7m__A1_P0A434--8p7m__A2_P0A434,0.8303224682981883,0.5,True
6gou__A2_P97275--6gou__C1_P97275,0.7092095666444448,0.5,True
2wwo__A1_Q66ED7--2wwo__B1_Q66ED7,0.23638802310944002,0.5,True
8i3n__A1_Q12178--8i3n__C1_Q12178,0.8397573648377183,0.5,True
1s7i__A1_Q9I3Z5--1s7i__A2_Q9I3Z5,0.6534529915806188,0.5,True
3szw__A1_B7JBP8--3szw__A2_B7JBP8,0.9456835754949444,0.5,True
2nys__A1_Q8U561--2nys__B1_Q8U561,0.8454735562529525,0.5,True
3gr5__A1_O52135--3gr5__A2_O52135,0.5273692280492893,0.5,True
3ded__A1_Q7P1I2--3ded__B1_Q7P1I2,0.8121375934424168,0.5,True
5b5x__A1_Q75NZ1--5b5x__A2_Q75NZ1,0.46684109513589,0.5,True
7qga__A1_P21589--7qga__A2_P21589,0.941655126464092,0.5,True
8ow9__A1_G8UQH9--8ow9__B1_G8UQH9,0.831389436138193,0.5,True
3bcw__B1_A0A0H3LK92--3bcw__A1_A0A0H3LK92,0.8191436879890932,0.4999661131819722,True
6duy__A1_Q61301--6duy__B2_Q61301,0.5070782141522266,0.5,True
5zyf__A1_Q99ZW0--5zyf__B1_Q99ZW0,0.6562642016035426,0.5047169811320755,True
2b7o__A1_O53512--2b7o__B1_O53512,0.9497463458886908,0.5,True
1v57__A1_P77202--1v57__A2_P77202,0.6966878423327519,0.5,True
7cov__A1_Q06801--7cov__A2_Q06801,0.8792790883890869,0.5,True
6ign__A1_Q61768--6ign__A2_Q61768,0.8729367245366051,0.5,True
3be5__A1_Q8XBR1--3be5__B1_Q8XBR1,0.7213784495090221,0.5,True
4hn3__B1_Q8Y6D1--4hn3__A1_Q8Y6D1,0.8347981953783905,0.5,True
4o8y__A1_Q08723--4o8y__B1_P43588,0.7779672934696487,0.5,False
7uoi__A1_A0A1S8KJG1--7uoi__A2_A0A1S8KJG1,0.9418352363832894,0.5,True
7vma__A1_C5A758--7vma__A2_C5A758,0.8627769351173484,0.5,True
7d9m__A1_A0A4D6NYT7--7d9m__B2_A0A4D6NYT7,0.6739676940735142,0.5,True
2py8__C1_Q55670--2py8__B1_Q55670,0.6047968775898404,0.5,True
7ytl__A1_E1BR24--7ytl__A2_E1BR24,0.7005514047214558,0.5,True
7vxt__A1_Q63W52--7vxt__B1_Q63W52,0.740640690272245,0.5,True
8c9v__A1_Q1JXV1--8c9v__A2_Q1JXV1,0.9703435726769938,0.49997366341848826,True
3tsn__A1_Q9PN58--3tsn__B1_Q9PN58,0.8858141862291912,0.5,True
8j51__A1_A0A0E9MUN5--8j51__B1_A0A0E9MUN5,0.8882597638454576,0.5,True
6cz9__A1_Q7WTU0--6cz9__B1_Q7WTT9,0.9319487761110777,0.5,False
8pzo__A1_F9UT68--8pzo__A2_F9UT68,0.6300388559408688,0.5,True
3tqg__B1_Q83DG4--3tqg__A1_Q83DG4,0.7947689873592271,0.5,True
7czg__C1_Q8TDY2--7czg__A1_Q8TDY2,0.5836412354287216,0.5,True
7eev__B1_A0A3D9R4E8--7eev__A1_A0A3D9R4E8,0.823613526952661,0.5,True
8ori__A1_Q2KB35--8ori__B1_Q2KB35,0.8025325028764813,0.5,True
8pmr__A1_Q4WL81--8pmr__B1_Q4WL81,0.6553368781916317,0.5,True
3fmy__A1_Q46864--3fmy__A2_Q46864,0.7781507967767878,0.5,True
7f0o__B1_A0A2I1C3W8--7f0o__A1_A0A2I1C3W8,0.9115360354413296,0.49995599172644456,True
3ojm__B1_P21802--3ojm__A1_P05230,0.6679262860378808,0.5,False
6xgz__A1_P63386--6xgz__B1_P64602,0.8819515758207933,0.5,False
7x2y__A1_A0A076PYH9--7x2y__B1_A0A076PYH9,0.8732352657308041,0.5,True
5i4h__B1_P07711--5i4h__A1_P07711,0.2158198731112494,0.5,True
4e6h__A1_Q6CII8--4e6h__A2_Q6CII8,0.6399746833321338,0.5,True
6x7p__A1_Q8GGP1--6x7p__A2_Q8GGP1,0.761789823175266,0.5,True
3exq__A1_Q03S37--3exq__A2_Q03S37,0.780682760017927,0.5,True
2qvc__A1_Q9WXW9--2qvc__B2_Q9WXW9,0.9263533911652845,0.5,True
6yoa__A1_O82015--6yoa__B1_O82015,0.6500037719717354,0.5,True
7qnm__A1_G0L7V6--7qnm__B1_G0L7V6,0.9917936429691663,0.5,True
3p8v__A1_Q9V228--3p8v__B1_Q9V228,0.6276985423423809,0.5,True
4re1__A1_P28347--4re1__D1_P46937,0.38101273715605566,0.5,False
7sq2__B1_Q01970--7sq2__A1_P21279,0.7824193499275263,0.5,False
4lqx__B1_Q97VD2--4lqx__A1_Q97VD2,0.44706822204172036,0.5,True
3owf__A1_P00644--3owf__A2_P00644,0.5598472248501822,0.5,True
2dpl__A1_O59072--2dpl__B1_O59072,0.6732425466308263,0.5,True
4ap5__A1_Q9Y2G5--4ap5__B1_Q9Y2G5,0.8310319207734196,0.5,True
8evy__A1_Q9LCT6--8evy__A2_Q9LCT6,0.37522152908384016,0.5,True
5npo__A1_P62593--5npo__B1_D3INY1,0.6978553773759706,0.5,False
5uhs__A1_B0SR19--5uhs__B1_B0SR19,0.5557701305035986,0.5,True
4hsl__A1_Q1LCS4--4hsl__A2_Q1LCS4,0.6721098018365168,0.5,True
5euv__A1_D1LZK0--5euv__B1_D1LZK0,0.6060453443511429,0.5,True
7tmg__A1_A0A0H3GLR2--7tmg__B1_A0A0H3GLR2,0.7382555086922671,0.5,True
7tgn__B1_A0A1Q5L7T0--7tgn__A1_A0A1Q5L7T0,0.6831929204089027,0.5,True
4fz2__A1_C7DIA5--4fz2__B1_C7DIA5,0.7141226076937288,0.5,True
6j2l__A1_P37793--6j2l__B1_P37793,0.5548972126140986,0.5,True
5grk__A1_Q89XR0--5grk__B1_Q89XR0,0.7240046481508938,0.5,True
3qxs__A1_O24872--3qxs__A2_O24872,0.9797555637265043,0.49998946103745545,True
8q3y__A1_E8URK0--8q3y__B1_E8URK0,0.7465960539054309,0.5,True
1pyb__A1_O66738--1pyb__B1_O66738,0.6804412627094902,0.5,True
7yto__A1_Q9RHU9--7yto__B1_Q9RHU9,0.8271714675939801,0.5,True
5vae__A1_Q9AET9--5vae__B1_Q9AET7,0.905878018415954,0.5,False
1zrs__A1_Q9HTZ1--1zrs__B1_Q9HTZ1,0.8466771796369758,0.5,True
2cg5__A1_Q9NRN7--2cg5__B1_P49327,0.6204381817387636,0.5,False
4yk8__B1_O36019--4yk8__A1_O13978,0.5975545651804042,0.5,False
2iml__A1_O28442--2iml__C1_O28442,0.8467959735998214,0.5,True
6iru__A1_Q9RVF9--6iru__A2_Q9RVF9,0.9700801484547158,0.5,True
4x36__A1_P06653--4x36__A2_P06653,0.948820331647135,0.5,True
8iev__A1_Q0PAW2--8iev__B1_Q0PAW2,0.6708704758998842,0.5,True
3cyg__A1_A7HM60--3cyg__B1_A7HM60,0.6193788706739527,0.5,True
5kvr__A1_P0ACL9--5kvr__A2_P0ACL9,0.8444587563509085,0.4999922419277258,True
1na8__A1_Q9UJY5--1na8__B1_Q9UJY5,0.3217364871376438,0.5,True
5fis__A1_H9IUR0--5fis__B1_H9IUR0,0.8150804740170785,0.5,True
5yo8__A1_A0A094YZ24--5yo8__B1_A0A094YZ24,0.9302237641701263,0.5,True
7z6m__A1_A0A0H3LM39--7z6m__A2_A0A0H3LM39,0.7566729821130261,0.5,True
2yxd__A1_Q57836--2yxd__B1_Q57836,0.8503943645113243,0.5,True
1aua__A1_P24280--1aua__A2_P24280,0.9941484700731891,0.5,True
7zw3__A1_P27338--7zw3__B1_P27338,0.7426894808089026,0.5,True
5xjx__I1_C0LGW6--5xjx__A1_Q9SSD1,0.46610083149104653,0.5,False
7xub__A1_Q96KQ7--7xub__B1_Q96KQ7,0.620853769573607,0.5,True
5xlu__A1_Q65KZ6--5xlu__B1_A9YTT0,0.3125201899617863,0.5,False
8smq__A1_Q182N1--8smq__B1_Q182N1,0.3519789391343261,0.5,True
8eni__A1_A0A0H3JRH8--8eni__A2_A0A0H3JRH8,0.9241602026124198,0.5,True
1q77__A1_O66565--1q77__B1_O66565,0.3969722761689848,0.5,True
6nbp__A1_A0A4P1LYI6--6nbp__A2_A0A4P1LYI6,0.9842463581053873,0.5047401857766157,True
4wu2__A1_Q7WUJ1--4wu2__B1_Q7WUJ1,0.9286181022092984,0.5,True
2nvn__A1_Q31MH7--2nvn__A2_Q31MH7,0.43310404234600886,0.5,True
3zyh__A1_Q05097--3zyh__B1_Q05097,0.9776978825626016,0.5237757878942684,True
8a21__A1_A0QJI1--8a21__A2_A0QJI1,0.9361679186103755,0.5,True
8ho2__A1_A0A191T7N6--8ho2__B1_A0A191T7N6,0.5568874122720241,0.5,True
2j8q__A1_O43809--2j8q__B1_O43809,0.8192954279051913,0.5,True
1cx8__A1_P02786--1cx8__B1_P02786,0.8795730621146486,0.5,True
5zfk__A1_Q31LX1--5zfk__B1_Q31LX1,0.9863044985906885,0.5,True
2qti__A1_Q8EF26--2qti__A2_Q8EF26,0.9138349535033964,0.5,True
1kve__B1_P19972--1kve__A1_P19972,0.3079864359397453,0.5,True
4kjq__A1_P37019--4kjq__B1_P37019,0.7527315806897539,0.5,True
8qyw__A1_Q9NVS9--8qyw__A2_Q9NVS9,0.6112497788205528,0.5,True
7t1e__A1_P78556--7t1e__B1_P78556,0.3312075319590003,0.5,True
2ev4__A1_P9WMU9--2ev4__B1_P9WMU9,0.8591265067513917,0.5,True
4m1j__A1_Q9I194--4m1j__B1_Q9I194,0.3252445455096966,0.5,True
8bj3__A1_A0A072U7F9--8bj3__B1_A0A072U7F9,0.9227930289119854,0.5,True
5fcl__A1_Q6D0X0--5fcl__B1_Q6D0X0,0.5292678336573194,0.5,True
2evr__A1_B2J9B4--2evr__A2_B2J9B4,0.7121008578322838,0.5,True
4ftw__A1_Q3J2V1--4ftw__A2_Q3J2V1,0.9029900652891821,0.5,True
2q6q__B1_P36094--2q6q__A1_P36094,0.5853472241183939,0.5,True
8hx8__A1_Q6L8Q5--8hx8__B1_Q6L8Q5,0.6682022237879939,0.5,True
7zgn__A1_U6RE59--7zgn__B1_U6RE59,0.806592328821377,0.5,True
7fiw__A1_B3CP63--7fiw__B1_Q73HD5,0.6400434168812914,0.5,False
4xd9__A1_C8VMF9--4xd9__B1_Q5B6T5,0.8049339723813973,0.5,False
3dme__A1_Q7VU70--3dme__B1_Q7VU70,0.6526165790327271,0.5,True
2w6a__A1_Q9Z272--2w6a__B1_Q9Z272,0.948417414381263,0.5,True
6oje__B1_Q5S007--6oje__A1_Q5S007,0.15858641351353542,0.5,True
7mu0__A1_P9WQK3--7mu0__B1_P9WQK3,0.18236492262226053,0.5,True
4az3__A1_P10619--4az3__B1_P10619,0.2879526508311617,0.5,True
7ug8__B1_Q0I6F8--7ug8__A1_Q0I6F8,0.6271595375654885,0.5,True
6mxv__B1_Q5NFU2--6mxv__A1_Q5NFU2,0.5603603686642271,0.5,True
8ug3__B1_P50053--8ug3__A1_P50053,0.9412981059111492,0.5,True
7x6f__B1_P0AD45--7x6f__A1_P0AD45,0.788811616945143,0.5,True
5n0s__B1_A0A2R2JFI5--5n0s__A1_A0A2R2JFI5,0.7088985895483373,0.5,True
6m9g__A1_Q5D6Y4--6m9g__B2_Q5D6Y4,0.7171126419365921,0.5,True
7zvz__A1_G1UBD5--7zvz__B1_G1UBD5,0.6993900072720152,0.5,True
3b5m__B1_Q7UTD8--3b5m__A1_Q7UTD8,0.669055916699833,0.5,True
6v0a__B1_B3E641--6v0a__A1_B3E641,0.9870998723955193,0.5,True
3bpj__C1_O75822--3bpj__A1_O75822,0.8009287373501597,0.5,True
7y51__A1_Q8RBF4--7y51__A2_Q8RBF4,0.5230983666557538,0.5,True
6u11__A1_A0A1L8HDP6--6u11__A2_A0A1L8HDP6,0.7449856632638534,0.5,True
8i5w__A1_Q8BZN6--8i5w__B1_P63000,0.7133285955811218,0.5,False
3rv1__B1_A7TR32--3rv1__A1_A7TR32,0.8991669431703645,0.5,True
4k3z__A1_Q8YCV0--4k3z__A2_Q8YCV0,0.9393664655391017,0.5,True
5v5t__A1_Q830T5--5v5t__D1_Q830T5,0.6735053404124518,0.5,True
6fp5__B1_Q960Q9--6fp5__A1_Q960Q9,0.34514721462986125,0.5,True
3isx__A1_Q9X0E0--3isx__A2_Q9X0E0,0.8486240833382477,0.5,True
2vkj__A1_Q9X1W9--2vkj__B1_Q9X1W9,0.8689785297803935,0.5,True
5csr__D1_Q9HLB6--5csr__A1_Q9HLB6,0.7550460273473744,0.5,True
7tur__B1_P00503--7tur__A1_P00503,0.8303179620238633,0.5,True
3vol__A1_Q9I6V6--3vol__A2_Q9I6V6,0.7053933858888926,0.5,True
3jqz__A1_P02768--3jqz__B1_P02768,0.6991778113013343,0.5,True
1vkd__A1_Q9X0V2--1vkd__B1_Q9X0V2,0.6854684207031999,0.5,True
8b31__B1_A0A2W4LV58--8b31__A1_A0A2W4LV58,0.685328070580833,0.5,True
5vlb__A1_G7IKX3--5vlb__B1_G7IKX3,0.8048767629760449,0.5,True
2oer__B1_Q9I3U1--2oer__A1_Q9I3U1,0.520506488557545,0.5,True
2ylz__A1_Q47PU3--2ylz__A2_Q47PU3,0.515593824985641,0.5,True
8bjp__B1_A0A1W6VSR4--8bjp__A1_A0A1W6VSR4,0.750145517259212,0.5,True
6kcx__A1_Q9WZL1--6kcx__A2_Q9WZL1,0.5978040308802817,0.5,True
7xmj__C1_A9QSE8--7xmj__A1_A9QSE8,0.9404721282145927,0.5,True
1pix__A1_Q06700--1pix__B1_Q06700,0.6705246420311525,0.5,True
3l8i__B1_Q9BUL8--3l8i__A1_Q9BUL8,0.8261747349472909,0.4999888475007249,True
6l2u__A1_Q27RN2--6l2u__B1_Q27RN2,0.36171386302408126,0.5,True
6sl2__A1_C4LWU6--6sl2__A2_C4LWU6,0.6154476148741113,0.5,True
1u6z__B1_P0AFL6--1u6z__A1_P0AFL6,0.9372524264483622,0.5,True
3pm9__A1_Q6NAV4--3pm9__B1_Q6NAV4,0.7148254152626283,0.5,True
3a5y__B1_P0A8N7--3a5y__A1_P0A8N7,0.7091261304471381,0.5,True
6bn1__B1_Q9VCR6--6bn1__A1_Q8T0S6,0.6312009773785329,0.5,False
8ji6__A1_A0A861B387--8ji6__B1_A0A861B387,0.8711395364771859,0.5,True
2pjs__A1_A9CIG0--2pjs__B1_A9CIG0,0.9464196674321729,0.5,True
8ke8__A1_Q9HXS0--8ke8__B1_Q9HXS0,0.382648534033708,0.5,True
3h7l__A1_Q87LX4--3h7l__A2_Q87LX4,0.6396095630146073,0.5,True
7zs8__A1_A0A1D3HIT0--7zs8__B1_A0A1D3HIT0,0.9063801101777434,0.5,True
2vc4__A1_P02879--2vc4__A2_P02879,0.3355238787713438,0.5,True
1xe8__B1_Q03629--1xe8__A1_Q03629,0.9428644502864512,0.5,True
7tn6__A1_Q84Y01--7tn6__A2_Q84Y01,0.47457694414019713,0.5,True
7yo6__A1_G8GLP2--7yo6__A2_G8GLP2,0.8549963966823229,0.5,True
8k76__A1_Q8R6D8--8k76__B1_Q8R6D8,0.6258674016803065,0.5,True
1vgx__B1_Q9RRU8--1vgx__A1_Q9RRU8,0.8942868130129705,0.5,True
3cet__B1_Q6M145--3cet__A1_Q6M145,0.863315590527729,0.5,True
4zlh__B1_P0AB60--4zlh__A1_P0AB60,0.6083830876639096,0.5,True
2y84__A1_Q7WT50--2y84__E1_Q7WT50,0.8945157526514845,0.5,True
4me9__A1_Q736B0--4me9__B1_Q736B0,0.9801282002160936,0.5,True
2z51__A1_Q93W20--2z51__A2_Q93W20,0.7478587453578622,0.5,True
8ajq__A1_Q9I0C0--8ajq__B1_Q9I0C0,0.6458817410161022,0.5,True
3gdm__A1_P03962--3gdm__B1_P03962,0.47482322136449445,0.5,True
7yfj__A2_Q15007--7yfj__B1_Q15007,0.8368946802612847,0.5,True
2rkl__F1_Q06263--2rkl__E1_Q06263,0.32861434774095216,0.5,True
8cwp__A1_Q06282--8cwp__A2_Q06282,0.34750316343148724,0.5,True
5j1l__B1_O26069--5j1l__A1_O26068,0.6856956841959654,0.5,False
6j26__A1_Q5JIZ3--6j26__B1_Q5JIZ3,0.70908669035537,0.5,True
6jqv__A1_Q8LC68--6jqv__B1_Q8LC68,0.9535779272487666,0.5,True
2ns9__A1_Q9Y9R3--2ns9__B1_Q9Y9R3,0.5164797825348284,0.5,True
5l8s__A1_E1VFE0--5l8s__C1_E1VFE0,0.983483394788664,0.5,True
6zrw__A1_B3VS76--6zrw__B1_B3VS76,0.7816098236408686,0.5,True
5fcn__B1_Q66GS9--5fcn__A1_Q66GS9,0.7763662027260404,0.5,True
7vl1__A1_I0AIT9--7vl1__B1_I0AIT9,0.8178823000935622,0.5,True
2rek__B2_Q9ADD9--2rek__A1_Q9ADD9,0.7986407311310805,0.5,True
2zrt__A1_O75340--2zrt__B1_O75340,0.8952247357439442,0.5,True
2f1m__A1_P0AE06--2f1m__B1_P0AE06,0.6080984081498308,0.5,True
3t5t__B1_Q15JG1--3t5t__A1_Q15JG1,0.8766673541113035,0.5,True
4z9r__B1_Q8EGK4--4z9r__A1_Q8EGK4,0.9018515289152654,0.5,True
2oze__A1_Q57280--2oze__A2_Q57280,0.9351039459447275,0.5,True
1x6m__A1_Q51669--1x6m__D1_Q51669,0.6496691025237737,0.5,True
4pfc__A1_P14735--4pfc__B1_P14735,0.892005109100347,0.5,True
6byi__A1_Q8PI23--6byi__B1_Q8PI23,0.7568015963476095,0.5,True
3aaa__A1_P13127--3aaa__B1_P14315,0.9649478296038801,0.5,False
1xgm__A1_P56218--1xgm__B1_P56218,0.6428271176845235,0.5,True
5mrv__A1_Q8IVL8--5mrv__C1_P86912,0.7853098626952741,0.5,False
1vhq__A1_P0ABU5--1vhq__B1_P0ABU5,0.5783047696820094,0.5,True
2pqv__B1_A0A0H2UMZ7--2pqv__A1_A0A0H2UMZ7,0.44463682742420907,0.5,True
8pq4__A1_P69782--8pq4__A2_P69782,0.8335842880523733,0.5038461538461538,True
8a14__A1_A0A0D1E4Q7--8a14__C2_A0A0D1E4Q7,0.508546530373067,0.5,True
1dtd__A1_P48052--1dtd__B1_P81511,0.642195785724291,0.5,False
3c6n__B1_Q570C0--3c6n__A1_Q39255,0.8874484701508418,0.5,False
3ctz__A1_Q9NQW7--3ctz__A2_Q9NQW7,0.7481634350772073,0.5,True
1wab__A1_Q29460--1wab__A2_Q29460,0.7587842460414262,0.5,True
1zl5__A1_Q00496--1zl5__B1_Q00496,0.8143114971937881,0.5,True
5dbj__A1_Q4KCZ0--5dbj__A2_Q4KCZ0,0.9770401596967299,0.5,True
7qsq__B1_Q9X053--7qsq__A1_Q9X053,0.28123596619299596,0.5,True
7duc__B1_Q2G2U4--7duc__A1_Q2G2U4,0.5942982218807156,0.5,True
2cdu__A1_Q9F1X5--2cdu__B1_Q9F1X5,0.8021809715614744,0.5,True
8g0f__A1_Q6NK15--8g0f__B1_Q6NK15,0.6934558721876265,0.5,True
8a45__B1_B7V7R4--8a45__A1_B7V7R4,0.6712681704770674,0.5,True
6no3__A1_B3FHP0--6no3__B1_B3FHP0,0.6169121327593575,0.5,True
3g7p__A1_B7JA91--3g7p__A2_B7JA91,0.8491046487387951,0.5,True
8khq__A1_A0A1I5R890--8khq__C1_A0A1I5R890,0.8292665781264459,0.5,True
7owz__B1_Q9JMA2--7owz__A1_B8ZXI1,0.9159209311660118,0.5,False
6dk7__D1_Q9HUV7--6dk7__A1_Q9HUV7,0.8316299007104538,0.5,True
8f2l__A1_P9WJY9--8f2l__B1_P9WJY9,0.9763640907020513,0.5,True
8h1l__B1_A0A7U4E834--8h1l__A1_A0A7U4E834,0.543889131330979,0.5,True
1nye__A1_P0C0L2--1nye__B1_P0C0L2,0.8300043448716335,0.5,True
2ou6__A1_Q9RVG4--2ou6__A2_Q9RVG4,0.644806432748538,0.5,True
6hp3__A1_O31927--6hp3__B1_O31927,0.7197132854238588,0.5,True
8hs0__A1_Q9LIR4--8hs0__A2_Q9LIR4,0.664321557368781,0.5,True
6gz1__A1_P10151--6gz1__A2_P10151,0.4182597777935707,0.5,True
8pbu__A1_P27708--8pbu__A2_P27708,0.928794764450445,0.5,True
7p0h__A1_O26008--7p0h__C1_O26008,0.8138415988156921,0.5,True
7vzy__B1_Q84G19--7vzy__A1_Q84G19,0.9594216399591532,0.5,True
2q3t__A1_Q9LUJ3--2q3t__A2_Q9LUJ3,0.6772666612153159,0.5,True
7pt0__A1_Q9KYU4--7pt0__B1_Q9KYU4,0.37911892428714256,0.5,True
6m09__B1_Q8LDU1--6m09__A1_Q8LDU1,0.9318231218950979,0.5,True
7uxs__B1_J8G6Z1--7uxs__A1_J8G6Z1,0.6144579584816454,0.5,True
2q03__A1_Q12ML0--2q03__B1_Q12ML0,0.968913852297703,0.5223880597014925,True
6kcp__B1_Q9VAA9--6kcp__A1_Q9VAA9,0.2639581456208026,0.5,True
6sj4__B1_A0A022MQ12--6sj4__A1_A0A022MQ12,0.9352016958316824,0.5,True
5cyy__A1_P9WG63--5cyy__B1_P9WG63,0.6275953065007863,0.5,True
3tj3__A1_P52294--3tj3__B1_Q9UKX7,0.5908454012769908,0.5,False
3i32__A1_Q72GF3--3i32__A2_Q72GF3,0.9943644933875946,0.5,True
1jk9__B1_P40202--1jk9__A1_P00445,0.7815609842084149,0.5,False
4e4w__A1_P38920--4e4w__B1_P14242,0.7459948139931044,0.5,False
5yw5__A1_Q5NII9--5yw5__D1_Q5NII9,0.9524830216078701,0.5414865100942273,True
3ab8__A1_Q5SLE3--3ab8__B1_Q5SLE3,0.38282875939820515,0.5,True
3mxt__A1_Q9PIK2--3mxt__A2_Q9PIK2,0.5953629286037965,0.5,True
7war__B1_A0A1B6PFV1--7war__A1_A0A1B6PFV1,0.9257560009272329,0.5,True
7fn1__B1_P32357--7fn1__A1_P33334,0.758354531604784,0.5,False
7xl7__A1_A0A2J0R8J6--7xl7__B1_A0A2J0R8J6,0.8855629633677614,0.5,True
8vc5__A1_Q9XCL6--8vc5__B1_Q9XCL6,0.9402672283928531,0.5,True
5jfz__A1_P20605--5jfz__B1_P0ADX5,0.6185535365235647,0.5,False
5g37__B1_P10565--5g37__A1_P06575,0.6486320654899418,0.5,False
2gjx__A1_P06865--2gjx__B1_P07686,0.9629837789915947,0.5,False
3aqb__B1_O66129--3aqb__A1_O66127,0.8112757713052858,0.5,False
8q1a__A1_Q16790--8q1a__C2_Q16790,0.5161435875036566,0.5,True
5ez1__B1_P56112--5ez1__A1_P56112,0.7198880995653781,0.5,True
3lwd__A1_Q1QTX1--3lwd__A2_Q1QTX1,0.7893961818552953,0.5,True
8dye__A1_P31040--8dye__B1_Q5VUM1,0.3617163928930607,0.5,False
2ch6__A1_Q9UJ70--2ch6__D1_Q9UJ70,0.942117638559991,0.5,True
3gpn__A1_P15873--3gpn__A2_P15873,0.8323002176891203,0.5,True
7th0__A1_P31667--7th0__A2_P31667,0.6824208908711876,0.5,True
1vbi__A1_Q53W84--1vbi__A2_Q53W84,0.8472939395999665,0.5,True
6saz__B1_Q9UGM5--6saz__A1_P07584,0.5882885796375223,0.5,False
6l9x__A1_F6VRB7--6l9x__A2_F6VRB7,0.44402899117909994,0.5,True
3ica__B1_Q7MXR4--3ica__A1_Q7MXR4,0.7046664860030053,0.5,True
6o15__A1_P39353--6o15__B1_P39353,0.65459813472409,0.5,True
2ohc__A1_Q9HIY5--2ohc__B1_Q9HIY5,0.9364152149354896,0.5,True
8qfo__A1_A0A840P3H4--8qfo__B1_A0A840P3H4,0.6378511508917973,0.5,True
5zmy__A1_F1LJ99--5zmy__B1_F1LJ99,0.7251094706603918,0.5,True
6tx3__B1_Q9NWY4--6tx3__A1_Q9UGN5,0.8067028903230791,0.5,False
4tx5__A1_Q9NR28--4tx5__B1_Q9NR28,0.4282786260589119,0.5,True
7wnk__B1_A0A1E5TT85--7wnk__A1_A0A1E5TT85,0.6876857727996764,0.5,True
2fn0__B1_Q9X9I8--2fn0__A1_Q9X9I8,0.7950690649545143,0.5,True
5x89__A1_Q8TGZ7--5x89__A2_Q8TGZ7,0.8622408931862914,0.4999062763597738,True
2j0t__A1_P03956--2j0t__D1_P01033,0.4714571431110005,0.5,False
2i9i__A1_O25234--2i9i__A2_O25234,0.521090764428341,0.5,True
3rtr__G1_Q13616--3rtr__H1_P62877,0.923671757404434,0.5,False
7lq2__A1_A0A023X3Z4--7lq2__B1_A0A023X3Z4,0.6156274323631707,0.5,True
6aht__A1_A1BZ87--6aht__B1_A1BYM8,0.9016107163018419,0.5,False
8czp__A1_A0A0D5ZBI4--8czp__B1_A0A0D5ZBI4,0.8824336267852991,0.5,True
4ro3__A1_M1RHE3--4ro3__B1_M1RHE3,0.33169895228019197,0.5,True
1c0n__A1_P77444--1c0n__A2_P77444,0.7979328567251043,0.5,True
7tq0__A1_P00459--7tq0__A2_P00459,0.6124068378927168,0.5,True
1o4w__A1_O29664--1o4w__A2_O29664,0.650892623520208,0.5,True
4jzp__A1_P51572--4jzp__B1_P51572,0.7466427322066419,0.5,True
5xdf__B1_Q5SL04--5xdf__A1_Q5SL04,0.9133205300208069,0.531455189943814,True
6kr4__A1_P10586--6kr4__E1_P60469,0.7638714427841516,0.5,False
1itv__A1_P14780--1itv__B1_P14780,0.9526440690061311,0.5,True
2qgi__A1_P05449--2qgi__B1_P05449,0.7203096740563206,0.5,True
1a19__A1_P11540--1a19__B1_P11540,0.3824644438559855,0.5,True
8a9x__A1_P15752--8a9x__C1_P15752,0.10426383549284028,0.5,True
8e9e__B1_Q02293--8e9e__A1_Q04631,0.8221353388620629,0.5,False
2h4c__A1_Q7T2R1--2h4c__B1_Q7T3T5,0.5616314428319633,0.5,False
2bdt__A1_Q9K6P2--2bdt__A2_Q9K6P2,0.5966765921154042,0.5,True
5vbn__A1_P56282--5vbn__B1_Q07864,0.862458568271927,0.5,False
8gt0__A1_Q8I6U4--8gt0__B1_P01040,0.5259805307108598,0.5,False
5lrr__A1_P22262--5lrr__B1_P22262,0.6706806328809669,0.5,True
4y7i__A1_Q96EF0--4y7i__B1_Q96EF0,0.869022619176687,0.5,True
1who__A1_P43214--1who__A2_P43214,0.7555560541358481,0.5,True
4g10__A1_Q9WXJ9--4g10__A2_Q9WXJ9,0.48745082484780644,0.5,True
8q4k__A1_O51180--8q4k__B1_O51180,0.5403535274098029,0.5,True
7rzb__A1_A0A229LVN5--7rzb__A2_A0A229LVN5,0.9263876042908223,0.5,True
7toc__A1_A0A2H0ZMH9--7toc__B1_A0A2H0ZMH9,0.6803358486096143,0.5,True
7ula__B1_Q88ND0--7ula__A1_Q88NC7,0.9342647667951927,0.5,False
8bes__A1_A0A856TAI5--8bes__B1_A0A856TAI5,0.7926125556726187,0.5,True
6j9n__A1_X5EPV9--6j9n__B1_A0A425B395,0.7746945054709711,0.5,False
1kll__A1_O05205--1kll__A2_O05205,0.9591965342306464,0.503448275862069,True
7xky__A1_Q58690--7xky__B1_Q58034,0.8459353340009663,0.4999909895298337,False
4p04__A1_A0A0D6H805--4p04__B1_A0A0D6H805,0.6766035345059076,0.5,True
1txz__A1_Q04299--1txz__A2_Q04299,0.7578186789996915,0.5,True
4af5__A1_Q8NQ97--4af5__A2_Q8NQ97,0.8448610103254105,0.5093961100998758,True
8af9__A1_Q2YPZ9--8af9__H1_Q2YPZ9,0.883795466629906,0.5,True
8gm9__D1_P9WPD3--8gm9__A1_P9WPD3,0.8844101854366125,0.499992795389049,True
7wsx__A1_D9PYV4--7wsx__B1_D9PYV4,0.6948386579776799,0.5,True
4g86__A1_Q79PF6--4g86__B1_Q79PF6,0.7194658644440632,0.5,True
3bq3__A1_Q12395--3bq3__A2_Q12395,0.568270902909185,0.5,True
7eva__A1_P31490--7eva__A2_P31490,0.5590533081570559,0.5,True
8r7d__B1_G5EI71--8r7d__A1_Q8LJL3,0.491369950486527,0.5,False
7pwy__A1_Q8TDX5--7pwy__B1_Q8TDX5,0.7320577222448907,0.5,True
3ut4__A1_A3DJ21--3ut4__B1_A3DJ21,0.8602303387652319,0.5,True
3ucy__A1_P0DP23--3ucy__A2_P0DP23,0.5317723115736361,0.5,True
8eei__B1_A0A807MR40--8eei__A1_A0A807MR40,0.9921209895502955,0.5,True
8bp5__B1_A0A369SI82--8bp5__A1_A0A369SI82,0.5406651728552461,0.5,True
3l34__B1_Q9HT87--3l34__A1_Q9HT87,0.35012236705032607,0.5,True
8god__A1_Q9UM07--8god__A2_Q9UM07,0.9598632691018207,0.5,True
1h9g__A1_P0A8V6--1h9g__A2_P0A8V6,0.8656117202120615,0.49997369989830626,True
8sz3__B2_Q9NY97--8sz3__A1_Q9NY97,0.5872387849706018,0.5,True
5a10__A1_G1FNI6--5a10__A2_G1FNI6,0.8812174587136182,0.5,True
7qoc__A1_Q8NQV9--7qoc__B1_Q8NQV9,0.8564390132618551,0.5,True
8a90__B1_A0A7S9SWM2--8a90__A1_A0A7S9SWM2,0.8598911573752087,0.5,True
3iaa__A1_Q8KNE0--3iaa__B1_Q8KNE0,0.5500971909482514,0.5,True
3n50__B1_Q9H4W6--3n50__A1_Q9H4W6,0.6219292282892629,0.5,True
2qg3__A1_O28220--2qg3__A2_O28220,0.48001624910169927,0.5,True
7ysk__A1_Q6D6Z8--7ysk__B1_Q6D6Z8,0.9860768709444802,0.5,True
7spz__A1_A8B3G9--7spz__A2_A8B3G9,0.9590426711052331,0.5,True
4q2e__B1_Q9X1B7--4q2e__A1_Q9X1B7,0.830555108210237,0.5,True
8cff__A1_Q7SIF4--8cff__B1_Q7SIF3,0.8455661690693062,0.5,False
8bxl__A1_A0A075TRK9--8bxl__D1_A0A075TRK9,0.9025851686455323,0.5,True
5d4v__C1_Q57913--5d4v__A1_Q57913,0.6834853837484111,0.5,True
2p23__A1_O95750--2p23__B1_O95750,0.6253295961241638,0.5,True
7u55__A1_A0A151EDA9--7u55__A2_A0A151EDA9,0.9551367342635638,0.5,True
1rkw__A1_P0A0N4--1rkw__C1_P0A0N4,0.883401590222425,0.5,True
1ps6__A1_P19624--1ps6__B1_P19624,0.7875956543314772,0.5,True
2y21__L1_O28769--2y21__K1_O28769,0.7531106387123351,0.5,True
2z5i__A1_P58772--2z5i__B1_P58772,0.8189326424048888,0.5,True
5l7u__B1_A6L2E5--5l7u__A1_A6L2E5,0.6949904848799696,0.5,True
3egq__A1_O28458--3egq__B1_O28458,0.8998317994179762,0.49998245552475523,True
7r3a__A1_Q6LYR8--7r3a__E1_Q6LYR8,0.9151856548369768,0.5,True
7yq0__A1_A0A101DF63--7yq0__B1_A0A101DF63,0.9542610103782636,0.5,True
3wsc__A1_Q25C86--3wsc__B1_Q25C86,0.7442028009143595,0.5,True
4pib__B1_Q2SVW5--4pib__A1_Q2SVW5,0.8522117813215513,0.5,True
7vmx__B1_P9WNN1--7vmx__A1_P9WNM1,0.7176066416933811,0.5,False
1ykd__A1_P94182--1ykd__B1_P94182,0.5277545828071548,0.5,True
4ux7__A1_Q183F3--4ux7__B1_Q183F3,0.8172801055827595,0.5,True
3k3d__A1_P9WLZ7--3k3d__A2_P9WLZ7,0.9012873653339645,0.5,True
7q1d__D2_P29808--7q1d__A1_P29808,0.8252677246688301,0.5,True
1sj5__A1_Q9WY07--1sj5__B1_Q9WY07,0.9688754523836982,0.5,True
4c12__A1_Q2FZP6--4c12__A2_Q2FZP6,0.6819303147512414,0.5,True
3k9m__A1_P07858--3k9m__B1_P01040,0.5588278215875722,0.5,False
1ccd__A1_P17559--1ccd__A2_P17559,0.5025075462113364,0.5,True
8xiz__A1_T2B4K5--8xiz__B1_T2B4K5,0.854336332639503,0.5,True
7wz6__A1_P15806--7wz6__B1_P10085,0.5775405363594083,0.5,False
2i00__A1_Q831Y9--2i00__B1_Q831Y9,0.8297608268608119,0.5,True
5ffi__A2_Q44501--5ffi__B1_Q44501,0.38263878184130407,0.5,True
3cnk__A1_P21333--3cnk__B1_P21333,0.5157098585814369,0.5,True
8gt9__A1_A8MW95--8gt9__B1_A8MW95,0.8420247603326879,0.5,True
4l2w__B1_Q13464--4l2w__A1_Q13464,0.9732705594671235,0.5,True
3d0j__A1_Q97DI0--3d0j__A2_Q97DI0,0.838311115712181,0.4999463893207527,True
4ct0__A1_P97784--4ct0__B1_O54943,0.5731733432953571,0.5,False
3av0__A1_Q58719--3av0__B1_Q58718,0.8592170678247067,0.5,False
8bln__A1_C9QZ65--8bln__H1_C9QZ65,0.6764846823844619,0.5,True
2riq__A1_P09874--2riq__A2_P09874,0.2895549431714982,0.5,True
8hd5__A1_Q99U17--8hd5__B1_Q99U17,0.4442135352594344,0.49993729621269123,True
6xrb__A1_A0A0H3NHS6--6xrb__B1_A0A0H3NHS6,0.8334692724788733,0.5,True
8tn3__A1_Q643B9--8tn3__B1_Q643B9,0.8572920896706766,0.5,True
5ghs__A1_Q5JGL0--5ghs__C1_Q5JF31,0.8176511132716601,0.5,False
5umw__A1_A0A125SA26--5umw__F1_A0A125SA26,0.6393908406374212,0.5,True
7zcv__B1_A0A0E7KI02--7zcv__A1_A0A0E7KI02,0.8217576259048681,0.5,True
6scq__A1_Q8NNN6--6scq__A2_Q8NNN6,0.936994257524599,0.5,True
7yfu__A1_Q8CG73--7yfu__B1_Q8CG73,0.960297435578205,0.5,True
3ix1__A1_Q9K9G5--3ix1__B1_Q9K9G5,0.9130162037222125,0.5,True
7khs__A1_Q2CEE3--7khs__B1_Q2CEE3,0.9815692840382643,0.5,True
8k5l__A1_A0A829KK40--8k5l__B1_A0A829KK40,0.7086927238883942,0.5,True
2g0t__B1_Q9WZQ3--2g0t__A1_Q9WZQ3,0.9446243179928696,0.5,True
3lr3__A1_Q63T74--3lr3__A2_Q63T74,0.9571862723535658,0.5,True
4pxq__A1_F1QR43--4pxq__B1_F1QR43,0.8569723250255812,0.5,True
4z5y__A1_Q88QV5--4z5y__A2_Q88QV5,0.9408540946871211,0.5,True
7zhf__A1_A0A0U2WWJ1--7zhf__A2_A0A0U2WWJ1,0.8895003068544217,0.5,True
6h86__A1_B5KM66--6h86__B1_B5KM66,0.5631501514650877,0.5,True
5un7__A1_Q9NUX5--5un7__B1_Q96AP0,0.6313221541199942,0.5,False
8juk__A1_V5VGC6--8juk__B1_V5VGC6,0.9093501661447538,0.5,True
8snp__A1_O09118--8snp__A2_O09118,0.8470480148927595,0.5,True
6wjc__A1_P11229--6wjc__B1_Q8QGR0,0.8485493670886075,0.5,False
8ard__A1_Q64331--8ard__A2_Q64331,0.5785233289120275,0.5,True
3mqi__A1_Q9UH73--3mqi__B1_Q9UH73,0.46940641703299113,0.5,True
3q01__A1_P04637--3q01__B1_P04637,0.8677496887348238,0.5,True
7ylq__A1_Q93CA6--7ylq__B1_Q93CA6,0.8325264258592013,0.5,True
2yvo__A1_Q5SJY9--2yvo__A2_Q5SJY9,0.7244970127455554,0.5,True
3v78__B1_P95092--3v78__A1_P95092,0.6855834516008752,0.5,True
7pzh__A1_A0A174J845--7pzh__B1_A0A174J845,0.9049238046604133,0.5,True
3m0f__A1_Q4KDJ6--3m0f__B1_Q4KDJ6,0.8699894267758211,0.5,True
1y4h__A1_P0C1S6--1y4h__C1_Q9EYW6,0.5690989792856525,0.5,False
2o4c__A1_Q9I3W9--2o4c__B1_Q9I3W9,0.9583711293988721,0.5,True
1ynh__A1_P76216--1ynh__D1_P76216,0.828333510107974,0.5,True
8ohx__A1_U4Q148--8ohx__B1_U4Q148,0.8744359642591213,0.5,True
3a6m__A1_Q56236--3a6m__B1_Q56236,0.7009543734237945,0.5,True
4bvp__A1_Q5ZUA2--4bvp__B1_Q5ZUA2,0.6427700001492869,0.5,True
6qpq__A1_G0SGH3--6qpq__B1_Q12158,0.7275224694924394,0.5,False
3ct6__A1_Q9CIV6--3ct6__B1_Q9CIV6,0.9523690140454282,0.5072967059536998,True
3q5w__B1_P38937--3q5w__A1_P38937,0.9262676751973726,0.5,True
8gol__B1_G9I933--8gol__A1_G9I933,0.6172411201652656,0.5,True
7epj__A1_P62554--7epj__A2_P62554,0.6782024997529889,0.5,True
1ag9__A1_P61949--1ag9__B1_P61949,0.917203386843821,0.5,True
3gwh__B1_O31691--3gwh__A1_O31691,0.3979417488094097,0.5,True
5gw1__A1_P57768--5gw1__B1_P57768,0.6178358326368061,0.5,True
3l2o__B1_Q9UKT5--3l2o__A1_P63208,0.9563166494932299,0.5,False
3wrf__A1_E8MGH8--3wrf__A2_E8MGH8,0.8634828942427935,0.5,True
7yyl__A1_Q3AET9--7yyl__B1_Q3AET9,0.758823927675188,0.5,True
8syb__B1_Q72KY0--8syb__A1_Q72KY0,0.9844549223731945,0.5,True
8qc3__A1_A0A1C9WRL0--8qc3__B1_A0A1C9WRL0,0.9220386815755882,0.5,True
3wtf__B1_Q9BUH6--3wtf__A1_Q9BUH6,0.611276814088983,0.5,True
2x0e__B1_Q7BG50--2x0e__A1_Q7BG50,0.6369038415277832,0.5,True
5hwt__A1_A5W4E3--5hwt__B1_A5W4E3,0.7538322900450285,0.5,True
1ojh__A1_Q8YNP7--1ojh__B1_Q8YNP7,0.6202923694779117,0.5,True
3eyy__A1_Q9K4F8--3eyy__B1_Q9K4F8,0.9536376695275999,0.5,True
8bwv__D2_A0A482M8M0--8bwv__A1_A0A482M8M0,0.6498673298156551,0.5,True
7cm9__A1_A0A7V8UZ53--7cm9__B1_A0A7V8UZ53,0.6189248537492531,0.5,True
4nc8__A1_P12464--4nc8__A2_P12464,0.11891001185122653,0.5,True
1zhh__A1_P54300--1zhh__B1_P54302,0.5903939556427426,0.5,False
8c0u__A1_Q9I5Q5--8c0u__B1_Q9I5Q5,0.6713145264847402,0.5,True
2fbq__A1_Q9HZJ9--2fbq__A2_Q9HZJ9,0.7896197804776095,0.5,True
7fch__A1_O95256--7fch__C2_O95256,0.7817369135420122,0.5,True
8c7t__B1_A0A1B4XP18--8c7t__A1_A0A1B4XP18,0.6938102648534785,0.5,True
4iwn__A1_P76290--4iwn__B1_P76290,0.4943771796684007,0.5,True
7saf__B1_Q6TLP8--7saf__A1_Q6TLP8,0.836479102252892,0.5,True
7zj1__B1_P55265--7zj1__A1_P55265,0.7287425579083568,0.5,True
4g9k__A1_P32340--4g9k__B1_P32340,0.7427779389852824,0.5,True
8b35__A1_Q96562--8b35__B1_Q96562,0.7218634251888174,0.5,True
2rdz__A1_P0ABK9--2rdz__B1_P0ABK9,0.540251592025626,0.5,True
6bzf__B1_P53061--6bzf__A1_P17122,0.40550593339287994,0.5,False
5ydd__B1_P9WME7--5ydd__A1_P9WME7,0.738631748663792,0.5,True
4czd__B1_B8J3A4--4czd__A1_B8J364,0.8096133711027563,0.5,False
3ft7__B1_Q54323--3ft7__A1_Q54323,0.8738493077045204,0.5159780849694866,True
4pz1__A1_Q99XU0--4pz1__A2_Q99XU0,0.8369412195780461,0.49994696648281717,True
2w1t__A1_P37554--2w1t__B1_P37554,0.9681235036806659,0.5073212434460281,True
7qz5__A1_A2RI36--7qz5__B1_A2RI36,0.9308551648178742,0.5,True
5h31__A1_Q14790--5h31__B1_Q14790,0.24372414249872154,0.5,True
8oru__A1_O93732--8oru__B1_O93732,0.9409183894994574,0.5,True
8slg__B1_G7CIG9--8slg__A1_G7CIG9,0.5635985747071502,0.5,True
3l2e__B1_Q6AW42--3l2e__A1_Q6AW43,0.9384477945587152,0.5,False
3b0a__A1_P0CG48--3b0a__B1_Q9WUB0,0.7790562624800028,0.5,False
6etz__A1_A0A023UGN9--6etz__A2_A0A023UGN9,0.7007756450286312,0.5,True
7wwf__A1_A0R6Y0--7wwf__B1_A0R6Y0,0.8214388130002629,0.5,True
8vdw__B1_T0TAB9--8vdw__A1_T0TAB9,0.9465941607338444,0.5,True
8ri0__A1_E4THH1--8ri0__B1_E4THH1,0.7830842235431597,0.5,True
5z2i__B1_Q54LT0--5z2i__A1_Q54LT0,0.676231447304895,0.5,True
4miv__A1_P51688--4miv__B1_P51688,0.9439693344757104,0.5,True
3vh1__A1_P38862--3vh1__A2_P38862,0.5972101405753216,0.5,True
7z98__A1_E6V140--7z98__A2_E6V140,0.868704113172102,0.5,True
2ond__A1_Q99LI7--2ond__B1_Q99LI7,0.5929742958656118,0.5,True
7vt9__A1_P21517--7vt9__B1_P21517,0.8959593072728298,0.5,True
1gju__A1_O33838--1gju__A2_O33838,0.7871711919657787,0.5,True
6hta__A1_A0A3F2YM29--6hta__B1_A0A3F2YM29,0.903059508356265,0.5,True
3h7h__A1_P63272--3h7h__B1_O00267,0.6554385165698982,0.5,False
4z39__A1_A0A0S2E5N6--4z39__B1_A0A0S2E5N6,0.6616999901675366,0.5,True
5ca9__A1_Q9C0L9--5ca9__A2_Q9C0L9,0.6344516554585627,0.5,True
6x0a__A1_F7Y4W0--6x0a__S1_F7YBW8,0.5719184712293062,0.5,False
7spq__A1_C5AMM8--7spq__A2_C5AMM8,0.8085180141846054,0.5,True
7spn__A1_A0A7C2VFT1--7spn__B1_A0A7C2VFT1,0.9477411354071541,0.5,True
1tv8__A1_P65388--1tv8__B1_P65388,0.7592688726581105,0.5,True
3mkr__B1_Q27954--3mkr__A1_Q28104,0.9492230873079158,0.5,False
1dqn__A1_Q24973--1dqn__B1_Q24973,0.8442549855870236,0.5,True
7xoi__A1_A0A5N6DPG0--7xoi__B1_A0A5N6EXS6,0.29643465715168915,0.5,False
8h62__A1_P0DJM0--8h62__B1_P12830,0.5556598327875806,0.5,False
2qh0__A1_Q97H22--2qh0__A2_Q97H22,0.679116930309794,0.5,True
5ubb__A1_Q5VVY1--5ubb__A2_Q5VVY1,0.7007267561077225,0.5,True
5kvs__B1_O54512--5kvs__A1_O54512,0.8872318378106747,0.5,True
3frs__A1_P53990--3frs__A2_P53990,0.36627833071547955,0.5,True
3obv__A1_O08808--3obv__C1_O08808,0.7464262596704643,0.5,True
4wkz__A1_A0AEF5--4wkz__B1_W5IDC3,0.8760552479432526,0.5,False
3kt0__A1_Q12109--3kt0__A2_Q12109,0.6791194352489001,0.5,True
5i90__A1_G3XCY5--5i90__B1_G3XCY5,0.8665602344254764,0.5,True
3bat__B1_P24733--3bat__A1_P24733,0.8336233617448462,0.5,True
2ps1__A1_P13298--2ps1__B1_P13298,0.885653631509711,0.5,True
1fcd__A1_Q06530--1fcd__B1_Q06529,0.9602520671287524,0.5,False
8hy8__A1_A0A085BE66--8hy8__A2_A0A085BE66,0.7777193641134184,0.5,True
8har__A1_Q2L6E4--8har__B1_Q2L6E4,0.8150135399004772,0.5,True
4je4__A1_Q06124--4je4__B1_P02751,0.645824594181935,0.5,False
2a6c__A1_Q82UW4--2a6c__A2_Q82UW4,0.8701426831508685,0.6262153923616545,True
5k9l__B1_A8MW95--5k9l__A1_A8MW95,0.8472521111536065,0.5,True
5mzg__A1_P53368--5mzg__B1_P53368,0.8132441414014099,0.5,True
8d0x__A1_Q9Y231--8d0x__A2_Q9Y231,0.4773414116401987,0.5,True
6ano__B1_Q9UKL3--6ano__A1_Q9UKL3,0.6904913738649167,0.5,True
6et2__A1_Q9I4X1--6et2__B1_Q9I4X2,0.9073181281689395,0.5,False
6d0a__A1_Q8N5Z0--6d0a__A2_Q8N5Z0,0.7306580792398086,0.5,True
2xga__B1_P35530--2xga__A1_P35530,0.5354595355516505,0.5,True
2i3o__A1_Q9HJH4--2i3o__B1_Q9HJH4,0.7731961798349594,0.5,True
1ijx__A1_P97401--1ijx__C1_P97401,0.42036741214057505,0.5,True
6h2u__A1_Q9NRN9--6h2u__B1_Q9UI30,0.3994538156986345,0.5,False
8h2v__A1_Q93HT8--8h2v__B1_Q93HT8,0.9101902495751644,0.5,True
1wat__B1_P02941--1wat__A1_P02941,0.6541980990900549,0.5,True
2nyh__A1_Q13JM0--2nyh__B1_Q13JM0,0.5748621953608104,0.5,True
7yuj__B1_Q9BYM8--7yuj__A1_Q9BYM8,0.3921281001590441,0.5,True
8c5k__A1_P87252--8c5k__A2_P87252,0.6481979077181093,0.5,True
2spc__A1_P13395--2spc__B1_P13395,0.2766098566804388,0.5,True
6q2e__A1_A5UMY5--6q2e__B1_A5UMY5,0.4289250594393199,0.5,True
4p8i__A1_P40746--4p8i__B1_P40746,0.94615502711723,0.5,True
3a4l__B1_Q58933--3a4l__A1_Q58933,0.6755699142371518,0.5,True
1z52__A1_P09167--1z52__B1_P09167,0.5939173483628999,0.5,True
6c0g__A1_A0A3F2YLX1--6c0g__B2_A0A3F2YLX1,0.5977683835282511,0.499653115027057,True
1k3r__B1_O26109--1k3r__A1_O26109,0.8319590059124256,0.5,True
7fga__A1_Q8DIJ4--7fga__B2_Q8DIJ4,0.8634397235371352,0.5,True
5akq__A1_O52063--5akq__B1_O52063,0.8468334520470903,0.5,True
7y86__B1_A0A0K2E3A3--7y86__A1_A0A0K2E3A3,0.9656083723880333,0.5,True
8d1u__A1_P0A6R0--8d1u__A2_P0A6R0,0.6284404522297212,0.5,True
1vqw__A1_Q9HFE4--1vqw__B1_Q9HFE4,0.8845774171366351,0.5,True
7uld__A1_O28028--7uld__A2_O28028,0.9113822498916297,0.5,True
4c0f__B1_Q9NZN8--4c0f__A1_Q9NZN8,0.12672366742660748,0.5,True
8b21__A1_Q9S5X0--8b21__B1_Q9S5X0,0.780353777105397,0.5,True
3swk__A1_P08670--3swk__B1_P08670,0.5459010813198266,0.5,True
8txn__B1_P08120--8txn__A1_P08120,0.18828181160086588,0.5,True
8dak__A1_F2X702--8dak__B1_F2X702,0.6274560153572689,0.5,True
2rde__B1_A0A0H3ADR8--2rde__A1_A0A0H3ADR8,0.6625579893858673,0.5,True
2pih__A1_O31779--2pih__B1_O31779,0.8091115991248012,0.5,True
7ykv__B1_Q58241--7ykv__A1_Q58241,0.6209801895023261,0.5,True
7y4g__A1_Q8A028--7y4g__A2_Q8A028,0.8653420692014223,0.5,True
8cci__A1_A0R7I9--8cci__A2_A0R7I9,0.6888664208705738,0.5,True
6p35__A1_P75913--6p35__A2_P75913,0.9738630329212274,0.5,True
6p3j__A1_Q0KJL4--6p3j__B1_Q0KJL4,0.588719833053851,0.5,True
4o6p__A1_Q8RDI4--4o6p__B1_Q8RDI4,0.6663959352271863,0.5,True
8ozv__A1_A0A179UH34--8ozv__A2_A0A179UH34,0.8965782249834064,0.5,True
2cim__A1_Q46AN5--2cim__B1_Q46AN5,0.642604664529363,0.5,True
6tpo__A1_P24474--6tpo__A2_P24474,0.8815688967694595,0.5,True
7wwo__B1_Q5SH57--7wwo__A1_Q5SH57,0.6589469919781975,0.5,True
4pmv__A1_Q8PEU1--4pmv__B1_Q8PEU1,0.5381413790763463,0.5,True
6rmr__B1_P19926--6rmr__A1_P19926,0.5742883933971481,0.5,True
6hhb__A1_E0SCP7--6hhb__C1_E0SCP7,0.6950764660214235,0.5,True
7e5c__A1_A0A1I7CHQ2--7e5c__B1_A0A1I7CHQ2,0.9728476532848414,0.5,True
2wfh__A1_O94813--2wfh__B1_O94813,0.37025961376875716,0.5,True
3zco__A1_P06701--3zco__A2_P06701,0.2817577425953575,0.5,True
2ghy__A1_P03051--2ghy__B1_P03051,0.3349411074988008,0.5,True
3htr__A1_Q6N0K4--3htr__B1_Q6N0K4,0.7074241670357942,0.5,True
8aeu__A1_Q00987--8aeu__A2_Q00987,0.04421566766160884,0.5,True
1xuv__A1_Q8PZJ2--1xuv__C1_Q8PZJ2,0.8973329045466106,0.5,True
2o8p__A1_Q5CYG0--2o8p__A2_Q5CYG0,0.7844055957060866,0.5,True
4zmu__A1_Q9I072--4zmu__B1_Q9I072,0.611534286990109,0.5,True
3dl3__G2_Q5E3X2--3dl3__C1_Q5E3X2,0.8979788736872079,0.5,True
7yvz__A1_A7LPG5--7yvz__A2_A7LPG5,0.41053701749328053,0.5,True
4ia6__A1_Q5FL96--4ia6__B1_Q5FL96,0.9502203296600302,0.5,True
8bou__A1_A0A7G5MNS2--8bou__B1_A0A7G5MNS2,0.9758408239527172,0.5,True
5gk1__A1_Q7N4Z6--5gk1__B1_Q7N4Z6,0.7297571106190056,0.5,True
5x03__B1_P94426--5x03__A1_P94426,0.9550841141865195,0.5,True
1c81__A1_P07953--1c81__A2_P07953,0.7264027191135833,0.5,True
1k3e__B1_P58233--1k3e__A1_P58233,0.734251765969646,0.5,True
6u18__A1_Q9EVJ6--6u18__B1_Q9EVJ6,0.7664926578952042,0.49996004900655194,True
7wpy__A1_A0A097ZPD5--7wpy__C1_A0A097ZPD5,0.6212949684714665,0.5,True
7xn2__A1_Q8YR38--7xn2__A2_Q8YR38,0.7052645544883976,0.5,True
3uws__B1_A7A9N3--3uws__A1_A7A9N3,0.3251551180320937,0.5,True
4u04__B1_Q9BVA6--4u04__A1_Q9BVA6,0.9731512660921676,0.5,True
2kin__A1_P56536--2kin__B1_Q6QLM7,0.36104370655987517,0.5,False
8b2a__A1_Q2YWJ9--8b2a__A2_Q2YWJ9,0.9839221993944636,0.5,True
8qff__A1_K9TLZ5--8qff__A2_K9TLZ5,0.8904917117920302,0.5,True
8c8c__A1_P48426--8c8c__A2_P48426,0.9813064985038935,0.5,True
8iup__B1_A9A1Y1--8iup__A1_A9A1Y1,0.7951261378324627,0.5,True
3o7o__A1_Q9S5X8--3o7o__B1_Q9S5X8,0.8786580327228474,0.5,True
4bg8__A1_Q8TX37--4bg8__B1_Q8TX37,0.9400262458225318,0.5,True
7qxo__A1_G8UIQ1--7qxo__B1_G8UIQ1,0.733609145966695,0.5,True
4xiz__A1_Q05776--4xiz__D1_O60200,0.9094682975958462,0.5,False
7pwe__A1_Q6AL91--7pwe__B1_Q6AL91,0.5395541475426608,0.5,True
6uxu__A1_E2JB04--6uxu__B1_E2JB04,0.7521351168737024,0.5,True
3bid__A1_Q7DDI1--3bid__B1_Q7DDI1,0.9091806999091468,0.5057471264367817,True
4f7w__A1_B5XYG3--4f7w__B1_B5XYG3,0.9505295162759522,0.5,True
2rae__A1_Q0S3N9--2rae__A2_Q0S3N9,0.8396165491197194,0.5,True
7yn1__A1_E9JES9--7yn1__C1_E9JES9,0.6492227843991549,0.5,True
3t7y__A1_O84093--3t7y__B1_O84093,0.8661148987852546,0.5,True
7u6p__A1_P11926--7u6p__B1_P11926,0.6356922315653517,0.5,True
4mis__A1_Q57ES7--4mis__B1_Q57ES7,0.7693690746734615,0.5,True
2blf__A1_Q9LA16--2blf__B1_Q9LA15,0.9062387870092179,0.5,False
3ke3__A1_Q4FVA8--3ke3__A2_Q4FVA8,0.9617710778439361,0.5,True
7ywc__A1_Q9L0T8--7ywc__B1_Q9L0T8,0.9744214092023222,0.5,True
4wwr__B1_P46379--4wwr__A1_P11441,0.44126172113745293,0.5,False
7r0d__B1_Q9NV35--7r0d__A1_Q9NV35,0.5961473694196893,0.5,True
8w6x__A1_P21852--8w6x__B1_P21853,0.7291700611537946,0.5,False
3fmf__A1_P9WPQ5--3fmf__B1_P9WPQ5,0.9245795956990909,0.5,True
2xrm__A1_D0AB41--2xrm__A2_D0AB41,0.8513008905115779,0.5,True
4xj7__A1_P66881--4xj7__B1_P66881,0.9521695133236093,0.5,True
7yrt__E1_H9L4P6--7yrt__A1_H9L4P6,0.6709552966750456,0.5,True
7tye__A1_P0A7J0--7tye__A2_P0A7J0,0.4808346478915432,0.5,True
2zvd__B1_Q9RBY1--2zvd__A1_Q9RBY1,0.8792547792271936,0.5,True
3mtw__A1_Q9A4Z9--3mtw__A2_Q9A4Z9,0.7622640556061269,0.5,True
3n2o__A1_Q7MK24--3n2o__B1_Q7MK24,0.8035853018783958,0.5,True
7ywd__A1_Q8TB36--7ywd__A2_Q8TB36,0.5596455031823713,0.5,True
5upq__A1_A0A0A0V031--5upq__B1_A0A0A0V031,0.9410373093433474,0.5,True
1vgu__A1_Q46893--1vgu__B1_Q46893,0.9381064532736478,0.5,True
2dp9__A1_Q5SM30--2dp9__A2_Q5SM30,0.46962472223305135,0.5,True
8a7l__A1_M1JS91--8a7l__A2_M1JS91,0.4870017552090854,0.5,True
7uqv__A1_A0A0L6JSP1--7uqv__B1_A0A0L6JSP1,0.9116988492189178,0.5,True
5d1r__A1_P9WMC9--5d1r__B1_P9WMC9,0.5848713119806895,0.5,True
3f6q__A1_Q13418--3f6q__B1_P48059,0.9346505196038746,0.5,False
1wz3__A1_Q9LVK3--1wz3__B1_Q9LVK3,0.30342369569862926,0.5,True
1nw1__A1_Q22942--1nw1__B1_Q22942,0.5043595212630351,0.5,True
1hrp__B1_P0DN86--1hrp__A1_P01215,0.7544703637070893,0.5,False
3qf4__B1_Q9WYC4--3qf4__A1_Q9WYC3,0.9377975353916275,0.5,False
7y4o__B1_A0A0G2JZC4--7y4o__A1_A0A0G2JZC4,0.5241719575061077,0.5,True
8hns__A1_A0A377JKY9--8hns__A2_A0A377JKY9,0.30119841754715676,0.5,True
3mpn__A1_O67854--3mpn__A2_O67854,0.9810222271377698,0.5,True
6vlg__A2_Q9WTS2--6vlg__C1_Q9WTS2,0.8584309626244744,0.5,True
1v71__A1_O59791--1v71__A2_O59791,0.44304556818614244,0.5,True
3fpk__A1_Q8ZKP5--3fpk__B1_Q8ZKP5,0.958614844035919,0.5,True
8eb3__A1_K2K6A3--8eb3__B1_K2K6A3,0.9317891711573005,0.5,True
4z1i__C1_Q12931--4z1i__A1_Q12931,0.9089799761845312,0.5,True
8pz3__A1_D7SFB8--8pz3__B1_D7SFB8,0.18070896471367567,0.5,True
8bt3__A1_Q6F0T5--8bt3__A2_Q6F0T5,0.5991473314613899,0.5,True
4oag__A1_Q8BGV8--4oag__B1_Q8BGV8,0.48766142828305964,0.5,True
5bo9__A1_O43173--5bo9__B1_O43173,0.9023775967494737,0.5,True
7kws__A1_Q0P8H3--7kws__B1_Q0P8H3,0.7026985197024218,0.5,True
4qa0__A1_Q9BY41--4qa0__B1_Q9BY41,0.7408784787715561,0.5,True
6epi__B1_D5K9G7--6epi__A1_D5K9E3,0.905921919598692,0.5,False
6z2f__B1_Q16222--6z2f__A1_Q16222,0.90079430614734,0.5,True
7qgs__B1_Q09472--7qgs__A1_Q16665,0.36328198262178346,0.5,False
7tz7__A1_P42336--7tz7__B1_P27986,0.606425861427847,0.5,False
2zl1__A1_Q9UHA4--2zl1__B1_Q9JHS3,0.7182655781799305,0.5,False
4ija__A1_A0A0H3JS71--4ija__B1_A0A0H3JS71,0.9175760033068383,0.5,True
3ijt__B1_Q8DVN6--3ijt__A1_Q8DVN6,0.2385770144608074,0.5,True
7qgt__A1_P35520--7qgt__B1_P35520,0.8556536271540566,0.5,True
8i4q__A1_Q8NQI2--8i4q__B1_Q8NQI2,0.9530084015652638,0.5,True
5lxv__A1_G9FCX2--5lxv__B1_A0A1L1QK37,0.6476634290546847,0.5,False
8h25__A1_A0A5R8LFD3--8h25__C1_A0A5R8LFD3,0.8882048314420183,0.5,True
6kjl__A1_Q9RC94--6kjl__B1_Q9RC94,0.7571382544549128,0.5,True
5f3o__A1_C4LU64--5f3o__B1_C4LU64,0.5636271516831622,0.5,True
8arv__A1_Q9HW35--8arv__B1_Q9HW35,0.7278053778810767,0.5,True
2i1a__B1_P40087--2i1a__A1_P40087,0.37495859275859234,0.5,True
2y9x__A1_C7FF04--2y9x__E1_G1K3P4,0.7671342098772702,0.5,False
8waa__A1_P29401--8waa__B1_P29401,0.7969732885268548,0.5,True
6n2f__B1_Q94A94--6n2f__A1_Q94A94,0.6244034227501507,0.5,True
8b08__B1_P0A2K1--8b08__A1_P00929,0.8474769430509279,0.5,False
5ja2__A1_P11454--5ja2__B1_Q9I169,0.4875999521708507,0.5,False
4g3w__A1_O66591--4g3w__A2_O66591,0.6523097528867638,0.5,True
5cm2__A1_Q6C999--5cm2__B1_Q6C4P5,0.9299374125528428,0.5,False
2zz8__A1_O34094--2zz8__B1_O34094,0.6853135717554115,0.5,True
8b8h__A1_P9WQA9--8b8h__B1_P9WQA9,0.5405622172316791,0.5,True
7u2s__A1_A0A2W1NDJ7--7u2s__B1_A0A2W1NDJ7,0.7455192061322496,0.5,True
1d2g__A1_P13255--1d2g__B1_P13255,0.6477204470832219,0.5,True
1sc1__A1_P29466--1sc1__B1_P29466,0.36697480997057164,0.5,True
5amt__A1_A0Q7H2--5amt__A2_A0Q7H2,0.6871995041819001,0.5,True
7qfz__B1_B7L3Y3--7qfz__A1_B7L3Y3,0.7492904851578029,0.5,True
3hml__A1_A6T9H1--3hml__B1_A6T9H1,0.8387945769298062,0.5,True
1xk6__A1_P31572--1xk6__C1_P31572,0.7244291194852464,0.5,True
7r3s__A1_A0A4R2M5S2--7r3s__B1_A0A4R2M5S2,0.8083831823588141,0.5,True
2grx__A1_P06971--2grx__C1_P02929,0.7631850806356082,0.5,False
3q34__A1_Q48EL2--3q34__C1_Q48EL2,0.676023529950724,0.5,True
4r2k__A1_Q8ZP84--4r2k__A2_Q8ZP84,0.7840569849445171,0.5,True
3cgw__A1_Q8PVT6--3cgw__A2_Q8PVT6,0.9834777628965964,0.5,True
7r2f__A1_P21836--7r2f__B1_P21836,0.8869277596370464,0.5,True
4g19__A1_I6ZUH3--4g19__B1_I6ZUH3,0.8432008019070635,0.5,True
3dg8__C1_P13922--3dg8__A1_P13922,0.27915692619609367,0.5,True
6m10__A1_Q9HUW0--6m10__C1_Q9HUW0,0.6313695292677076,0.5,True
8tt2__B1_Q4K977--8tt2__A1_Q4K977,0.9722087986359738,0.5,True
1h31__A1_Q939U1--1h31__B1_Q939U4,0.9490113630723288,0.5,False
7p7i__B1_R8APY9--7p7i__A1_R8APY9,0.9605592068909933,0.5,True
7xgs__A1_Q9FVC1--7xgs__A2_Q9FVC1,0.763476385900125,0.5,True
6iju__A1_Q9KJN4--6iju__A2_Q9KJN4,0.21419848165243,0.5,True
4kqd__B1_P06626--4kqd__A1_P06626,0.873684387681472,0.5,True
2fu3__B1_Q03555--2fu3__A1_Q03555,0.6209307763226137,0.5,True
1jgt__B1_P0DJQ7--1jgt__A1_P0DJQ7,0.8320910043708278,0.5,True
6l4b__A1_Q9UGV2--6l4b__C2_Q9UGV2,0.7677454231991765,0.5,True
3lzk__A1_Q92LT4--3lzk__B1_Q92LT4,0.7994165145127083,0.5,True
1ht8__A1_P05979--1ht8__B1_P05979,0.837318747005319,0.5,True
1z8h__A1_Q8YWS4--1z8h__B1_Q8YWS4,0.9462575092180247,0.5,True
8gk6__A1_W6USS8--8gk6__E1_W6USS8,0.9245823519737654,0.5,True
4mjf__A1_A6L2I4--4mjf__A2_A6L2I4,0.7860706860706861,0.5,True
7m4s__A1_Q8YLC3--7m4s__D1_Q8YLC3,0.8626138695607402,0.5,True
6fju__A1_E6N8B9--6fju__B1_E6N8B9,0.9317920636479717,0.5,True
6lgq__A1_P21865--6lgq__B1_P21866,0.7174473897245731,0.5,False
2y27__B1_B4E7B5--2y27__A1_B4E7B5,0.9756361384546097,0.5,True
2tdx__A1_P0DJL7--2tdx__A2_P0DJL7,0.5523917779150005,0.5,True
8fj8__A1_P02638--8fj8__A2_P02638,0.8277361063757246,0.49988066825775657,True
3uv0__B1_Q9W061--3uv0__A1_Q9W061,0.14743184842721851,0.5,True
8alo__B1_P24003--8alo__A1_P15795,0.7124624585722961,0.5,False
6xa0__A1_D1A230--6xa0__B1_D1A230,0.8015047760282636,0.5,True
1zbo__B1_Q7WAM7--1zbo__A1_Q7WAM7,0.5935925392175392,0.5,True
6xb5__A1_A0A7E5VPD6--6xb5__B1_A0A7E5VPD6,0.6188694821923408,0.5,True
8duy__D1_A0A0H3GVN6--8duy__A1_A0A0H3GVN6,0.5850472905299733,0.5,True
7th5__A1_Q5SLG6--7th5__B1_Q5SLG6,0.49432176318002463,0.5,True
3t2l__A1_Q5LE95--3t2l__A2_Q5LE95,0.35655478449258127,0.5,True
3uet__A1_B7GNN8--3uet__B1_B7GNN8,0.8584788658430251,0.5,True
8fdb__B1_Q12KP2--8fdb__A1_Q12KP2,0.811643200572193,0.5,True
6ok3__A1_C3X9N1--6ok3__B1_C3X9N1,0.6212439509860906,0.5,True
8hp3__A1_A0A2K0XCZ3--8hp3__B1_A0A2K0XCZ3,0.8783323274389693,0.5,True
7xkg__A1_A7NHS9--7xkg__B1_A7NHS9,0.7039264195593353,0.5,True
1l7e__A1_Q2RSB2--1l7e__B1_Q2RSB2,0.7637193903331145,0.5,True
8hn2__A1_Q9F722--8hn2__B1_Q9F722,0.29829982322760523,0.5,True
8gst__A1_Q1NEI7--8gst__B1_Q1NEI7,0.7327458519067755,0.5,True
7cq3__A1_P38324--7cq3__B1_Q12098,0.6616909611332524,0.5,False
5htf__A1_Q8Y759--5htf__B1_Q8Y759,0.9138379926179717,0.5,True
6e1j__A1_C5J4P1--6e1j__B1_C5J4P1,0.695467628262522,0.5,True
3ccd__A1_P0AA04--3ccd__B1_P0AA04,0.6427442827442827,0.5,True
3dzl__B1_Q396C9--3dzl__A1_Q396C9,0.7103587565404741,0.5,True
2y1h__B1_Q17R31--2y1h__A1_Q17R31,0.6835073281538405,0.5,True
7lfs__A1_P00533--7lfs__E1_O14944,0.6700236815247949,0.5,False
6jiw__A1_A0A0H3JU78--6jiw__A2_A0A0H3JU78,0.5825613931443763,0.5,True
8ees__A1_A0A0H3GMB7--8ees__B1_A0A0H3GMB7,0.9381136705240769,0.5,True
4a5b__B1_Q27895--4a5b__A1_Q27895,0.6084940278713642,0.5,True
3nb6__A1_O66874--3nb6__A2_O66874,0.43596542105117797,0.5,True
5f8c__A1_O53532--5f8c__A2_O53532,0.8444434660538931,0.5,True
8jt3__A1_H8Y6N2--8jt3__C1_H8Y6N2,0.7433587088794588,0.5,True
1ije__A1_P02994--1ije__B1_P32471,0.5791540765588111,0.5,False
6on4__A1_P0A8W0--6on4__B1_P0A8W0,0.7819101731222509,0.5,True
4zvc__A1_P0AA89--4zvc__B1_P0AA89,0.8354584706462721,0.5,True
4qoa__A1_A7VAB9--4qoa__A2_A7VAB9,0.25836604828059606,0.5,True
6wmv__A1_U5WZP7--6wmv__B1_U5WZP7,0.920191868521113,0.5,True
3e3c__A1_Q7DB61--3e3c__B1_Q7DB61,0.35671420343968985,0.5,True
8a9w__A1_P15751--8a9w__A2_P15751,0.4374406420666058,0.5,True
2gj9__A1_P25522--2gj9__B1_P25522,0.9641034278597823,0.5,True
3cm7__C1_P98170--3cm7__D1_P98170,0.9051941911916079,0.5,True
8f5v__A1_O53728--8f5v__B1_O53728,0.511374512762987,0.5,True
1ecj__A1_P0AG16--1ecj__B1_P0AG16,0.8109941552312687,0.5,True
3s5r__A1_Q2LS68--3s5r__B1_Q2LS68,0.8354008156331496,0.5028409090909091,True
3im3__A1_P00514--3im3__A2_P00514,0.8283154751224948,0.5,True
7vw1__B1_V5J1S8--7vw1__A1_V5J1S8,0.6949808880791626,0.5,True
3p12__A1_Q2G1A5--3p12__D1_Q2G1A5,0.6802532074624746,0.5,True
8aq0__A1_Q6DTN4--8aq0__B1_Q6DTN4,0.7787056054839843,0.5,True
3wpm__A1_G2IKE5--3wpm__B1_G2IKE5,0.8291054224412182,0.5,True
7xof__B1_Q0DFB6--7xof__A1_Q0DFB6,0.4529981635168791,0.5,True
8a8f__A1_P32598--8a8f__B1_P42073,0.724423532809984,0.5,False
3qta__A1_Q5V4K4--3qta__B1_Q5V4K4,0.7354350778619136,0.5,True
8oqj__B1_P06959--8oqj__A1_P06959,0.6404548569988661,0.5,True
1tbp__A1_P13393--1tbp__B1_P13393,0.30070030560110245,0.5,True
7qfk__C1_Q5FLN0--7qfk__A1_Q5FLN0,0.7424845670954812,0.5,True
7r3o__B1_Q460N3--7r3o__A1_Q460N3,0.5685246905944057,0.5,True
1wli__A1_Q46604--1wli__B1_Q46604,0.9860730373230372,0.5950691763191763,True
8b3e__A1_M4SY06--8b3e__A2_M4SY06,0.6089547913155994,0.5,True
1d8i__A1_O13297--1d8i__A2_O13297,0.4849167832849447,0.5,True
8eh0__B1_P50909--8eh0__A1_P50909,0.5996890671257822,0.5,True
3seo__B1_Q87GE5--3seo__A1_Q87GE5,0.6925869135807431,0.5,True
3iey__B1_Q74MS9--3iey__A1_Q74MP4,0.9416969444571968,0.5,False
4yto__B1_Q15431--4yto__A1_Q15431,0.6165942636308686,0.5,True
6csm__A1_L1J207--6csm__B1_L1J207,0.6950684947204957,0.5,True
4ndt__A1_A7UNK4--4ndt__A2_A7UNK4,0.5648577703473846,0.5,True
8j3p__A1_B9WHT3--8j3p__A2_B9WHT3,0.9492220560974483,0.5,True
7pv7__B1_Q7MVV4--7pv7__A1_Q7MVV4,0.6325290123069285,0.5,True
7uj6__A1_Q8RMD9--7uj6__B1_Q8RMD9,0.515403640556997,0.5,True
3k9i__A1_Q9KFK0--3k9i__A2_Q9KFK0,0.7654933270656429,0.5,True
7z1s__A1_A0A3Q7HTY9--7z1s__A2_A0A3Q7HTY9,0.49227002382783913,0.5,True
2e89__A1_O67728--2e89__B1_O67728,0.5640624878774393,0.5,True
2woz__A1_Q9ER30--2woz__A2_Q9ER30,0.547020523730991,0.5,True
7xxs__A1_B2CKP3--7xxs__B1_B2CKP3,0.9107716071906394,0.4999878372132623,True
8fir__A1_O83132--8fir__B1_O83132,0.7887115281141741,0.5,True
3i6s__A1_O82777--3i6s__B1_O82777,0.8901438708154604,0.5,True
7yhe__B1_A6YEH4--7yhe__A1_A6YEH4,0.8744916811402893,0.5,True
1ku2__A1_Q9EZJ8--1ku2__B1_Q9EZJ8,0.5768468718191749,0.5,True
6qwo__B1_Q9S5W7--6qwo__A1_Q9S5W7,0.9438261029517515,0.5,True
1mxi__A1_P44868--1mxi__A2_P44868,0.5535546058636367,0.5,True
2vhl__A1_O34450--2vhl__A2_O34450,0.7157431789782385,0.5,True
5wan__A1_P75898--5wan__A2_P75898,0.7861776055711598,0.5,True
4x7z__B1_Q49492--4x7z__A1_Q49492,0.9264203474891493,0.5,True
6a1k__A1_P71018--6a1k__B1_P71018,0.7702912748309104,0.5,True
7pjh__A1_Q9Y312--7pjh__B1_Q6P2Q9,0.8388467219725512,0.5,False
4joi__A1_Q9H668--4joi__C1_Q86WV5,0.8858944817823156,0.5,False
8axz__A1_P31153--8axz__A2_P31153,0.8029539595592201,0.5,True
8ogi__B1_P11678--8ogi__A1_P11678,0.27459417177513024,0.5,True
8cxl__A1_A7KH32--8cxl__B1_A7KH32,0.933460041544238,0.5,True
7win__B1_Q9UIF8--7win__A1_Q9UIF8,0.49895302283723014,0.5,True
4bwv__A1_Q8L5D0--4bwv__B1_Q8L5D0,0.5784974713399743,0.5,True
7drj__A1_P63756--7drj__B1_P63756,0.8281202434162587,0.5,True
3qth__A1_Q47ZP9--3qth__B1_Q47ZP9,0.8672286218329142,0.5,True
8b28__A1_F6GSX7--8b28__A2_F6GSX7,0.7995587596811911,0.5,True
6scx__A1_Q9BQG2--6scx__B1_Q9BQG2,0.7132079081667025,0.5,True
8hpc__A1_P60327--8hpc__H1_P60327,0.9716666434355966,0.5,True
5n76__A1_P72320--5n76__B1_P72320,0.74322873944573,0.5,True
3cq3__A1_Q53W28--3cq3__A2_Q53W28,0.569998772893211,0.5,True
3kbu__A1_P11277--3kbu__D1_P16157,0.7364664737367596,0.5,False
7pck__A1_P43235--7pck__C2_P43235,0.7316244766684227,0.5,True
5o4z__A1_Q9X1T1--5o4z__A2_Q9X1T1,0.6718085264654623,0.5,True
1vla__A1_Q9X021--1vla__B1_Q9X021,0.7142769672738827,0.5,True
5oed__A1_Q6EAT3--5oed__B1_Q13637,0.7945282812937122,0.5,False
7yva__A1_Q9URB4--7yva__B1_Q9URB4,0.8003813382160004,0.5,True
7s6n__B1_Q5RGJ8--7s6n__A1_Q5RGJ8,0.48936055674064916,0.5,True
4cz8__A1_Q9UZ55--4cz8__B1_Q9UZ55,0.9439447581889485,0.5,True
6ebn__A1_A0A4P1LYB6--6ebn__B1_A0A4P1LYB6,0.7412241736696344,0.5,True
3ffe__B1_Q93AT8--3ffe__A1_Q93AT8,0.8191441874546898,0.5,True
7zg6__A1_A0A2J0RDY6--7zg6__B1_A0A2J0RDY6,0.8841221277860795,0.5043859649122807,True
8f4q__A1_Q00972--8f4q__A2_Q00972,0.9038895224642578,0.5,True
4rz3__A1_A4IMB4--4rz3__B1_A4IMB4,0.6500847704816421,0.5,True
8f8k__A1_O53507--8f8k__A2_O53507,0.7861744929112642,0.5,True
3zw5__A1_A6NK44--3zw5__B1_A6NK44,0.726387598425197,0.5,True
6l3q__B1_G0SEI5--6l3q__A1_G0SEI5,0.9327577838841649,0.5,True
8ag8__A1_A0A1I5SVP7--8ag8__A2_A0A1I5SVP7,0.7912357091818507,0.5,True
2i2w__A1_P63224--2i2w__D1_P63224,0.7081953231757857,0.5,True
2f22__B1_Q9RC77--2f22__A1_Q9RC77,0.8590138391323551,0.5,True
3tng__A1_Q8Y7B7--3tng__A2_Q8Y7B7,0.9629737896481536,0.5,True
8gr8__B1_P08679--8gr8__A1_P08679,0.9720211423580434,0.5,True
7ae8__A1_A0A0B0QJR1--7ae8__B1_A0A0B0QJR1,0.4084595159357175,0.5,True
2w54__B1_O54051--2w54__A1_O54050,0.8316759322781377,0.5,False
4b0z__A1_P50524--4b0z__B1_P50524,0.9163608919382504,0.5,True
2re7__A1_Q4FV99--2re7__A2_Q4FV99,0.6603945000053253,0.5,True
8h0t__A1_O34614--8h0t__A2_O34614,0.9813413067003336,0.528766222054616,True
1te2__A1_P77247--1te2__B1_P77247,0.9969112700927005,0.5,True
7xt2__A1_Q6ZMU5--7xt2__B1_Q6ZMU5,0.8346404456399801,0.5,True
1ev7__A1_P50187--1ev7__B1_P50187,0.8568951114939896,0.5,True
1ogl__A1_O15923--1ogl__A2_O15923,0.8108889277709734,0.5,True
3lrt__B1_Q97CA5--3lrt__A1_Q97CA5,0.9600906565368207,0.5,True
3fou__A1_Q5SGZ9--3fou__B1_Q5SGZ9,0.8847395454855118,0.5,True
5jnq__A1_R0BTE9--5jnq__A2_R0BTE9,0.9428433062915977,0.5,True
4g12__A1_A5U5K3--4g12__B1_A5U5K3,0.4602954956944291,0.5,True
3evj__B1_P01008--3evj__A1_P01008,0.7774859813993469,0.5,True
2oq2__B1_P18408--2oq2__A1_P18408,0.9688391052448249,0.5,True
8he6__A1_Q8YSS0--8he6__B1_Q8YSS0,0.9229766683756268,0.5,True
2xij__A1_P22033--2xij__A2_P22033,0.5877030703078112,0.5,True
1nr5__A1_P07547--1nr5__A2_P07547,0.7661210832142563,0.5,True
1gmj__A1_P01096--1gmj__B1_P01096,0.9467368343711542,0.5,True
4yba__B1_Q93K36--4yba__A1_Q93K36,0.8714288508338851,0.5,True
8ok7__A1_M4T0B2--8ok7__D1_M4T0B2,0.7175607970782512,0.5,True
7f76__B1_A0A223KLJ1--7f76__A1_A0A223KLJ1,0.7136032869137249,0.5,True
8jmq__A1_A9CQD5--8jmq__B1_A9CQD3,0.7609013165404666,0.5,False
7zgt__A1_W8R3D8--7zgt__B1_W8R3D8,0.9772859331614461,0.5,True
7xgt__B1_Q6H8B1--7xgt__A1_Q6H8B1,0.8527509310212588,0.5,True
3i2t__A1_P04412--3i2t__A2_P04412,0.6109714360730129,0.5,True
8tjk__A1_A0A0F7G196--8tjk__B1_A0A0F7G196,0.8340424804634464,0.5,True
7wt0__A1_Q04760--7wt0__B1_Q04760,0.7982201784953633,0.5,True
3if0__A1_Q74MS9--3if0__A2_Q74MS9,0.96746585071315,0.5300133053865121,True
3qrh__A1_Q8SSM8--3qrh__A2_Q8SSM8,0.5516200111789635,0.5,True
8q70__A1_Q8U2C1--8q70__A2_Q8U2C1,0.9226448443318089,0.5,True
7vso__A1_P02945--7vso__A2_P02945,0.6321401005360285,0.5,True
5f8b__A1_Q4WB03--5f8b__A2_Q4WB03,0.4981728157301901,0.5,True
8ax0__A1_A0A384E145--8ax0__B1_A0A384E145,0.9889503195292852,0.5,True
7r5y__E2_R7PD89--7r5y__A1_R7PD89,0.5605296535722479,0.5,True
7qow__B1_Q93P54--7qow__A1_Q93P54,0.6792730809478701,0.5,True
5il7__A1_Q8KC98--5il7__B1_Q8KC98,0.7465660757908221,0.5,True
3ct9__B1_Q8A1V9--3ct9__A1_Q8A1V9,0.9839054120135104,0.5,True
8pvm__A1_P29166--8pvm__B1_P29166,0.7991256741672591,0.5,True
8ct0__F1_S4S3E3--8ct0__A1_S4S3E3,0.7367335733803213,0.49998620765750856,True
3q2j__B1_P0A3Y5--3q2j__A1_P0A3Y5,0.6118765784771645,0.5,True
7xzp__B1_A0A379CIH2--7xzp__A1_A0A379CIH2,0.7327009374382695,0.5,True
3qvf__A1_Q56187--3qvf__A2_Q56187,0.3547999243346467,0.5,True
6gxs__A1_Q7NZ70--6gxs__D1_Q7NZ70,0.6616124765478928,0.5,True
2hr8__A1_O58456--2hr8__B1_O58456,0.9315775222969056,0.5,True
2zyf__A1_O87198--2zyf__A2_O87198,0.5966018548463304,0.5,True
7s3v__A1_Q16719--7s3v__A2_Q16719,0.9847460572661477,0.5,True
6a29__A1_O32504--6a29__B1_O32504,0.462142602334977,0.5,True
4ml6__C1_A6GV51--4ml6__A1_A6GV51,0.9371231908413181,0.5,True
4cht__A1_Q13472--4cht__B1_Q9H9A7,0.5433475779043307,0.5,False
1n4p__B1_P53610--1n4p__A1_Q04631,0.8279039143789597,0.5,False
1tec__A1_P04072--1tec__B1_P01051,0.9235802278762957,0.5,False
6b9t__A1_A9A1T2--6b9t__B1_A9A1T2,0.8303267910580846,0.5,True
3g0k__A1_Q2G4A7--3g0k__A2_Q2G4A7,0.70990366612309,0.5,True
8hy5__A1_P14920--8hy5__B1_P14920,0.9399122987793505,0.5,True
8fts__A1_R9UTR3--8fts__A2_R9UTR3,0.923211440342252,0.5,True
1jrk__A1_Q8ZTD8--1jrk__B1_Q8ZTD8,0.7686708084529817,0.5,True
2ejn__A1_P30440--2ejn__B1_P30440,0.6386514317957398,0.5,True
8ju7__A1_Q9I2U4--8ju7__B1_Q9I2U4,0.9410683728915431,0.499997269579843,True
3nel__A1_Q52428--3nel__B1_Q52428,0.7188239857617295,0.5,True
2dc1__A1_O28440--2dc1__B1_O28440,0.7316235667754728,0.5,True
8fzk__B1_P52292--8fzk__A1_P52292,0.5388062457762793,0.5,True
3wnz__A1_P39641--3wnz__A2_P39641,0.6283349345833864,0.5,True
8e1u__A1_A0A160VN62--8e1u__F2_A0A160VN62,0.8455522116415767,0.5,True
1v7c__A1_P83823--1v7c__B1_P83823,0.7974363770933135,0.5,True
3egg__A1_P62136--3egg__C1_O35274,0.6080970126037573,0.5,False
4yke__B1_G0RYR3--4yke__A1_G0RYR3,0.7453368595747948,0.5,True
1tq9__A1_P00669--1tq9__B1_P00669,0.483463389382058,0.5,True
4oh3__B1_Q05085--4oh3__A1_Q05085,0.6726867200878645,0.5,True
4q62__A1_Q5ZUB7--4q62__A2_Q5ZUB7,0.7860576053808417,0.5,True
2we5__A1_P0A2X7--2we5__B1_P0A2X7,0.9839929466609425,0.5,True
5t51__A1_Q6CLK3--5t51__B1_Q6CPD1,0.32407888407888413,0.5,False
3i0z__A1_A0A0H2UN25--3i0z__B1_A0A0H2UN25,0.8215770902719175,0.5,True
8p6k__A1_A0A0H2UWN1--8p6k__B1_A0A0H2UWN1,0.7716408845418938,0.5,True
7z9z__A1_P02754--7z9z__A2_P02754,0.22900612073150065,0.5,True
6d0i__A1_A0A0C5XL88--6d0i__B1_A0A0C5XKJ0,0.6968274153314515,0.5,False
3gs3__A1_Q8MSU4--3gs3__A2_Q8MSU4,0.22848432769659485,0.5,True
2f4m__A1_Q9JI78--2f4m__B1_P54728,0.8407659857865597,0.5,False
4yh8__A1_Q09176--4yh8__B1_P36629,0.7843607108604823,0.5,False
1e44__B1_P00646--1e44__A1_P02984,0.6343769864776037,0.5,False
2yri__A1_Q5SLX0--2yri__B1_Q5SLX0,0.7910308439178928,0.5,True
1gcj__A1_P70168--1gcj__B1_P70168,0.5144791139922394,0.5,True
7qbp__A1_A4F7B2--7qbp__A2_A4F7B2,0.8635144708695675,0.5,True
4hdd__A1_P09391--4hdd__A2_P09391,0.5338648440859863,0.5,True
3e4q__A1_P13633--3e4q__B1_P13633,0.8694552052832508,0.5,True
8ein__B1_Q6FCQ4--8ein__A1_Q6FCQ4,0.967812832619197,0.5,True
6ygu__A1_G0RZ64--6ygu__B1_G0S1V1,0.5167991429496103,0.5,False
2yyh__A1_O67435--2yyh__B1_O67435,0.7936635871480653,0.5,True
5wk0__A1_A0A2C9TMM3--5wk0__A2_A0A2C9TMM3,0.9186479495432568,0.5,True
8h4j__A1_W8UQZ7--8h4j__D1_W8UQZ7,0.5737319036550986,0.5,True
1z83__A1_P00568--1z83__B1_P00568,0.6391604452440954,0.5,True
8h2c__A1_Q0P8U0--8h2c__B1_Q0P8U0,0.8750890697323528,0.5,True
2dkh__A1_Q6SSJ6--2dkh__A2_Q6SSJ6,0.6420769657900752,0.5,True
7c7e__A1_A0A0H3MRW3--7c7e__A2_A0A0H3MRW3,0.5290034387811933,0.5,True
3dpt__B1_Q8KC98--3dpt__A1_Q8KC98,0.8757033846419776,0.5,True
3fgw__A1_Q3TCN2--3fgw__A2_Q3TCN2,0.8206248651372265,0.5,True
7wh0__A1_Q9U2E4--7wh0__B2_Q9U2E4,0.9710416987528779,0.5,True
8dq3__A1_A0A142G3G1--8dq3__B1_A0A142G3G1,0.4915952543444131,0.5,True
6t2b__A1_B2UQL7--6t2b__C1_B2UQL7,0.7687114706562008,0.5,True
8jh0__B1_S2D3K4--8jh0__A1_S2D3K4,0.6605213626988347,0.5,True
7t2s__A1_A0A494K842--7t2s__A2_A0A494K842,0.6721514119035704,0.5,True
3frw__B1_A5ZMD8--3frw__A1_A5ZMD8,0.6463044510919105,0.49976569821930644,True
5ab5__A1_C9ZUV7--5ab5__B1_C9ZUV7,0.5967236228806554,0.5,True
5myd__C2_A0A2D0TC86--5myd__A1_A0A2D0TC86,0.5233114262806734,0.5,True
5cde__A1_Q8P839--5cde__B1_Q8P839,0.7461114071193142,0.5,True
6pi4__A1_A0R1Z9--6pi4__A2_A0R1Z9,0.2525761907658617,0.5,True
3ipf__A1_Q251Q8--3ipf__B1_Q251Q8,0.3015056426307001,0.5,True
2p3y__A1_Q87I71--2p3y__B1_Q87I71,0.9443539608603897,0.5,True
5jbr__A1_C5C6I1--5jbr__B1_C5C6I1,0.9679651621192378,0.5,True
8ttz__A1_G8E2R2--8ttz__B2_G8E2R2,0.7513099537602401,0.5,True
3vba__A1_Q58673--3vba__B1_Q58673,0.6416353991460731,0.5,True
4o6y__B1_Q9SWS1--4o6y__A1_Q9SWS1,0.6253891989391209,0.5,True
4e5r__A1_Q6IRB5--4e5r__A2_Q6IRB5,0.5844550666347836,0.5,True
7ywv__A1_Q0SBK1--7ywv__C1_Q0SBK1,0.9637714471868544,0.5,True
8eer__A1_P01116--8eer__A2_P01116,0.4150248885911754,0.5,True
3f84__B1_E3PPC4--3f84__A1_E3PPC4,0.38346291037539826,0.5,True
5mu7__A1_G0S6G7--5mu7__B1_G0S6I4,0.6605712684843672,0.5,False
8hfp__B1_Q96T68--8hfp__A1_Q8N8R7,0.6749500798258993,0.5,False
4rmn__B1_Q6NC13--4rmn__A2_Q6NC13,0.7630258900052664,0.5,True
3mx1__A1_Q46944--3mx1__A2_Q46944,0.9673874630382094,0.5,True
5gl5__A1_Q06321--5gl5__B1_Q06321,0.48874062748837377,0.5,True
5gl4__A1_B6YTD8--5gl4__B1_B6YTD8,0.9809773351331253,0.5,True
7wf9__A1_Q3ZT31--7wf9__B1_Q3ZT31,0.32105945809928144,0.5,True
8fw0__B1_P39897--8fw0__A1_P39897,0.4847830593381831,0.5,True
8ou8__B1_P0A8M3--8ou8__A1_P0A8M3,0.8835355694939017,0.5,True
7acm__B1_P75811--7acm__A1_P75811,0.6201619008196659,0.5,True
4trb__A1_Q97W95--4trb__B1_Q97W95,0.8799597627753188,0.5,True
2ia9__B1_P28015--2ia9__A1_P28015,0.7059535282150123,0.5,True
3sy6__A1_Q5LE92--3sy6__B1_Q5LE92,0.5790532736163697,0.5,True
6xz3__A1_Q9H1K6--6xz3__A2_Q9H1K6,0.3278898072583892,0.5,True
2h8e__A1_P0AG74--2h8e__A2_P0AG74,0.37274296387081485,0.5,True
4e0u__A1_D1D8L6--4e0u__A2_D1D8L6,0.5179076785970719,0.5,True
6teu__A1_O60568--6teu__A2_O60568,0.8465390321844327,0.5,True
6xt5__B1_P49046--6xt5__A1_P49046,0.649688379154263,0.5,True
8g1t__A1_Q07812--8g1t__B1_Q07812,0.20603150791441968,0.5,True
7xp7__B1_W9FXI8--7xp7__A1_W9FXI8,0.8092267382853722,0.5,True
8i55__A1_Q58380--8i55__B1_Q58380,0.9461582189377756,0.5,True
1h65__A1_Q41009--1h65__A2_Q41009,0.744833037802832,0.5,True
3ol4__A1_A0QRC4--3ol4__B1_A0QRC4,0.22684031905180285,0.5,True
8idq__A1_A0A0B8MZ29--8idq__C1_A0A0B8MZ29,0.8939698396393144,0.5,True
3f6g__B1_Q8F3Q1--3f6g__A1_Q8F3Q1,0.7192444226120154,0.5,True
6akj__B1_G2TRN4--6akj__A1_G2TRN4,0.8784818109399894,0.5,True
3qhy__B1_O87916--3qhy__A1_Q93T42,0.8288680619561078,0.5,False
4j5p__B1_P97612--4j5p__A1_P97612,0.8551168308650559,0.5,True
4icq__A1_A0A0H2UN95--4icq__B1_A0A0H2UN95,0.7893032875671357,0.5,True
1klf__B1_P08191--1klf__A1_P31697,0.8098212801330009,0.5,False
6y4l__A1_Q15006--6y4l__B1_Q9Y3B6,0.6907306140408829,0.5,False
6dex__B1_Q74ZQ8--6dex__A1_Q75DL0,0.512312721708284,0.5,False
2z02__A1_Q58987--2z02__B1_Q58987,0.9830767813992929,0.5,True
4l7w__A1_Q7Z4H3--4l7w__A2_Q7Z4H3,0.6497409621982377,0.5,True
6tct__A1_Q9KL67--6tct__B1_Q9KL67,0.2792388667383921,0.5,True
6sul__A1_A8FAR5--6sul__B1_A8FAR5,0.927609233581524,0.5,True
3l8d__A1_A0RD96--3l8d__A2_A0RD96,0.5457690850364812,0.5,True
1b8m__B1_P34130--1b8m__A1_P23560,0.5920112911506705,0.5,False
1irq__B1_Q57468--1irq__A1_Q57468,0.6695362082994305,0.5,True
7xi6__A1_A5GXY1--7xi6__B1_A5GXY1,0.5893257715546872,0.5363571402728029,True
7vrx__D1_A0A6J4AG16--7vrx__B1_A0A6J4AG16,0.9214707353891677,0.5,True
6iik__A1_P54578--6iik__B1_P54578,0.931126988454623,0.5,True
3nau__A1_Q9Y6X8--3nau__B1_Q9Y6X8,0.14101064018924264,0.5,True
4jzy__B1_O77059--4jzy__A1_O77059,0.8426253976236404,0.5,True
7yxg__A1_Q9VU77--7yxg__B1_Q9VU77,0.6012503461329245,0.5,True
5cio__A1_A0A1A9TAI5--5cio__B1_A0A1A9TAI5,0.8674324172761346,0.5,True
8jwj__A1_Q9DAG9--8jwj__B1_P62837,0.7964846109117909,0.5,False
6ia6__A1_A0A1C7D1B7--6ia6__A2_A0A1C7D1B7,0.6832791943991818,0.5,True
8h1g__A1_O67518--8h1g__A2_O67518,0.8840974513398316,0.5,True
6x61__A1_Q79V60--6x61__B1_Q8DMT2,0.926721353587167,0.5,False
7x0d__A1_A5YW95--7x0d__B1_A5YW95,0.9086514612193076,0.5,True
1ghd__B1_O86089--1ghd__A1_O86089,0.34231423814597506,0.5,True
2x6f__A1_Q9W1M7--2x6f__B1_Q9W1M7,0.573259771987243,0.5,True
8oik__A1_Q9UPU9--8oik__C1_Q9UPU9,0.602835747629384,0.5,True
6nxl__A1_B4DV12--6nxl__E1_B4DV12,0.394323689443578,0.5,True
8wmy__A1_A0A4U7IGH6--8wmy__B2_A0A4U7IGH6,0.6655924922471174,0.5,True
3trf__A1_Q83AJ3--3trf__A2_Q83AJ3,0.48004412558546694,0.5,True
5h4s__A1_A0A090BWT0--5h4s__A2_A0A090BWT0,0.6403087338029961,0.5,True
2zvb__A1_Q53WA6--2zvb__A2_Q53WA6,0.913974317137329,0.5,True
8wa7__A1_P27302--8wa7__B1_P27302,0.8653851240251516,0.5,True
3b0z__B1_P40727--3b0z__A1_P40727,0.16145692450291954,0.5,True
4usp__A1_B3GA02--4usp__B1_B3GA02,0.3040304339672467,0.5,True
7cms__A1_P00953--7cms__B1_P00953,0.5951165265097177,0.5,True
7t8q__A1_Q7S860--7t8q__D1_Q7S860,0.4829721902571985,0.5,True
6j9k__A1_A0A425B3G2--6j9k__A2_A0A425B3G2,0.7473606831724979,0.5,True
7xp0__A1_Q9I5E1--7xp0__A2_Q9I5E1,0.8150004858067716,0.5,True
8ih4__A1_Q8WVV5--8ih4__B1_Q8WVV5,0.66760580006656,0.5,True
1tfe__A1_P43895--1tfe__A2_P43895,0.9406154643839962,0.5,True
4iwq__A1_Q9UHD2--4iwq__A2_Q9UHD2,0.6815568937337968,0.5,True
5hs5__A1_Q2G0D1--5hs5__B1_Q2G0D1,0.9301524436847737,0.5,True
3v89__A1_Q9K0U9--3v89__B1_P02787,0.7041149199609978,0.5,False
8e3g__B1_P43026--8e3g__A1_P12643,0.6065494676512042,0.5,False
2w8b__A1_P0A855--2w8b__H1_P0A912,0.6403822341857336,0.5,False
5f7p__B1_Q8YAF1--5f7p__A1_Q8YAF1,0.8286231792012839,0.5,True
8f71__B1_Q6N5G3--8f71__A1_Q6N5G3,0.8615461821177549,0.5,True
8hwi__B1_A0A327WNX5--8hwi__A1_A0A327WNX5,0.7573491520225061,0.5,True
7r3i__B1_P54292--7r3i__A1_P54292,0.9138168927794479,0.5,True
8afj__A1_A0A179QS89--8afj__B1_A0A179QS89,0.4987983454983272,0.5,True
3pub__B1_E5EVW2--3pub__A1_E5EVW2,0.7028208617409778,0.5,True
8es5__A1_A0A0H2Z732--8es5__B1_A0A0H2Z732,0.7963468797563423,0.5,True
7txn__B1_Q8YVV6--7txn__A1_Q8YVV6,0.9704410822926673,0.49987992315081653,True
3py6__A1_Q2YQ74--3py6__A2_Q2YQ74,0.677261976668468,0.5,True
1hjr__A1_P0A814--1hjr__C1_P0A814,0.41137570567854925,0.5,True
8k3b__A1_A0A071KWR3--8k3b__A2_A0A071KWR3,0.7757836825831801,0.5,True
3w2z__A1_Q8YXY7--3w2z__A2_Q8YXY7,0.6448323687251456,0.5,True
8f78__A1_P55212--8f78__B1_P55212,0.8619330254580229,0.5,True
6wg4__A1_Q14683--6wg4__B1_Q9UQE7,0.8978122724551403,0.5,False
7zry__A1_O60341--7zry__B1_Q9UKL0,0.7934114609391223,0.5,False
1uix__A1_Q28021--1uix__B1_Q28021,0.8043352748950294,0.5,True
7vrc__A1_P38956--7vrc__B1_P22082,0.5522336594250747,0.5,False
1oz0__A1_P31335--1oz0__B1_P31335,0.7708341479490016,0.5,True
7eft__B1_P16926--7eft__A1_P16926,0.6667076177347077,0.5,True
8e2b__B1_Q2FYI5--8e2b__A1_Q2FYI5,0.5290982753505253,0.5,True
7jw6__A1_Q9VIF1--7jw6__A2_Q9VIF1,0.7870916714678958,0.5,True
1jkw__A1_P51946--1jkw__A2_P51946,0.5147359634868626,0.5,True
4pfp__B1_F1RQI7--4pfp__A1_F1RQI7,0.9273661266351625,0.5,True
8h1s__A1_Q9I5U2--8h1s__B1_Q9HX32,0.7558246174959931,0.5,False
7t0y__A1_P62136--7t0y__B1_Q14684,0.6095745606222503,0.5,False
1tz9__A1_Q82ZC9--1tz9__B1_Q82ZC9,0.8958497217037222,0.5,True
2wns__B1_P11172--2wns__A1_P11172,0.8678388064776484,0.5,True
6s8v__B1_P08195--6s8v__A1_P80188,0.6758963953651501,0.5,False
2gt4__A1_P32056--2gt4__B1_P32056,0.5790459112270792,0.5,True
3bof__A1_Q9WYA5--3bof__B1_Q9WYA5,0.990351640772923,0.5,True
6trj__A1_O75475--6trj__A2_O75475,0.16689403457253574,0.5,True
8h4z__A1_A0A2X5A3P4--8h4z__B1_A0A2X5A3P4,0.8750000249359297,0.5,True
2hre__A1_P22830--2hre__B1_P22830,0.5628108795935002,0.5,True
5yjc__A1_Q5HK94--5yjc__B1_Q5HK94,0.7861970930715598,0.5,True
8d6k__A1_Q9L1K2--8d6k__B1_Q9L1K2,0.7737907003293085,0.5,True
2zew__B1_Q9ZA17--2zew__A1_Q9ZA17,0.3151808456867554,0.5,True
5wpi__A1_Q58PW8--5wpi__B1_Q58PW8,0.9175071656570711,0.5,True
8fk6__A1_A0A0C9S461--8fk6__B1_P80098,0.8232616704143634,0.5,False
7tm7__A1_A0A0H3GYH4--7tm7__B1_A0A0H3GYH4,0.9288056029076855,0.5,True
7x4b__A1_A0A2D0TCG3--7x4b__B1_A0A2D0TCG3,0.9956247180875056,0.5,True
4aqp__B1_P54253--4aqp__A1_P54253,0.20650562022469926,0.5,True
3npi__A1_Q6NFU8--3npi__B1_Q6NFU8,0.7519514828483926,0.5,True
