system_id,auroc,bacc,is_homodimer
8iyi__A1_Q6CVU4--8iyi__B1_Q6CVU4,0.9835774338983128,0.5,True
1uus__A1_O00910--1uus__A2_O00910,0.9629809616205772,0.5,True
1zt2__A1_Q97Z83--1zt2__C1_Q9UWW1,0.9923759577945285,0.5,False
7uex__A1_Q9H999--7uex__A2_Q9H999,0.9634887187568341,0.5,True
6jqy__A1_P9WF13--6jqy__B1_P9WF13,0.9559406841339155,0.6319687045123726,True
6l6w__A1_A0A3B6UEU3--6l6w__A2_A0A3B6UEU3,0.9990578302969754,0.5,True
8h56__A1_Q8BB16--8h56__B1_Q8BB16,0.9511275757122187,0.5,True
8grj__B1_Q8GQE7--8grj__A1_A0A0H3KLY3,0.9648083805553866,0.5,False
2j0n__B1_P18013--2j0n__A1_P18013,0.898703544692241,0.5,True
3rq1__A1_D1BN29--3rq1__C1_D1BN29,0.9691448507886327,0.5,True
5djt__A1_O49004--5djt__B1_UNDEFINED,0.9612943792777174,0.5,False
5ae6__B1_Q92458--5ae6__A1_Q92458,0.9679827791641461,0.5,True
3v1e__A1_UNDEFINED--3v1e__B1_UNDEFINED,0.8651754385964912,0.5,True
7qi3__A1_W7NDP8--7qi3__C1_W7NDP8,0.9679430778246867,0.5,True
2yve__A1_Q8NMG3--2yve__B1_Q8NMG3,0.9740771944093517,0.5118110236220472,True
5ynx__A1_B2GM84--5ynx__B1_B2GM84,0.9554903744897133,0.5,True
2r6u__A1_Q0S814--2r6u__C1_Q0S814,0.9481116951178236,0.5027976208096765,True
8b6m__A1_Q9H2K2--8b6m__B1_Q9H2K2,0.8198013699433853,0.5190527244778411,True
3kc2__A1_P36151--3kc2__B1_P36151,0.9905796924300503,0.5,True
3vp5__A1_Q9CHR1--3vp5__A2_Q9CHR1,0.9766596345239142,0.5052083333333334,True
7pvh__A1_B2RLE7--7pvh__B1_B2RLE7,0.8240220378706105,0.5,True
4nqf__B2_Q7CW19--4nqf__A1_Q7CW19,0.9290904601542845,0.5,True
1vjh__A1_P0C0B0--1vjh__B1_P0C0B0,0.9178319983235488,0.5,True
5xw4__B1_Q00684--5xw4__A1_Q00684,0.9340748984295755,0.5,True
4xdl__A1_P57789--4xdl__B1_P57789,0.9000284118264525,0.5,True
6ukl__A1_P0A901--6ukl__F1_P0A901,0.929686789525771,0.5097781314360607,True
5by4__A1_P0ABV6--5by4__A2_P0ABV6,0.9746728332957677,0.5,True
7zxs__A1_Q86TI2--7zxs__C1_Q86TI2,0.9784363555299074,0.5,True
1v6u__A1_Q7SI98--1v6u__B1_Q7SI98,0.9293222662411493,0.5,True
6e27__A1_Q9H257--6e27__B1_Q9H257,0.8158849601680059,0.5,True
7szd__A1_Q96S44--7szd__B1_Q9Y3C4,0.9842513643166146,0.5,False
1h9r__A1_P0A9G8--1h9r__B1_P0A9G8,0.927986344917213,0.5,True
3on6__A1_A7M0J6--3on6__B1_A7M0J6,0.9841106467383345,0.5,True
8fwy__A1_Q4DGA2--8fwy__B1_Q4DGA2,0.9722700955517166,0.5,True
1yu6__A1_P00780--1yu6__C1_P68390,0.9242301471716702,0.5,False
6ek1__A1_A0A452CST7--6ek1__A2_A0A452CST7,0.9898405173977216,0.5,True
6ckj__A1_P0A0Z8--6ckj__A2_P0A0Z8,0.9887424557237559,0.5,True
7yj0__B1_UNDEFINED--7yj0__A1_UNDEFINED,0.9769903289325423,0.5,True
1w33__A1_O50957--1w33__B1_O50957,0.9709510841483949,0.5,True
4usk__B1_H7C745--4usk__B2_H7C745,0.9829764389360922,0.5,True
6cmv__B1_Q4J9G1--6cmv__A1_Q4J9G1,0.9898898284130803,0.49995955019820404,True
7y70__A1_F4KCC2--7y70__A2_F4KCC2,0.9717540404901823,0.5,True
3cwx__A1_P94837--3cwx__B1_P94837,0.9695477674814172,0.5,True
3p1y__A1_O29362--3p1y__B1_O29362,0.9561779573418402,0.5,True
8a8i__A1_Q9R9V9--8a8i__B1_Q9R9V9,0.9933521262880642,0.5,True
5d1l__A1_P62837--5d1l__B1_Q96BH1,0.9456554486327468,0.5,False
8bcs__A1_UNDEFINED--8bcs__A2_UNDEFINED,0.9643897721090492,0.5695641661125551,True
8og3__A1_P38489--8og3__B1_P38489,0.9632263525870809,0.5,True
3c07__A1_Q9KZ96--3c07__B1_Q9KZ96,0.9905735346052593,0.5,True
3iqy__A1_P28366--3iqy__A2_P28366,0.9808038119632277,0.5,True
4afi__A1_P70280--4afi__B1_P70280,0.9238053562992535,0.5,True
7e76__A1_A0A3B6LNA8--7e76__B1_A0A3B6LNA8,0.9019592356039812,0.5,True
3cqc__A1_P57740--3cqc__B1_Q8WUM0,0.9844778901923161,0.5,False
7x1k__A1_Q6DL91--7x1k__B1_Q6DL91,0.9815125677564391,0.5,True
6ydr__A1_A0A3S8UVN5--6ydr__A2_A0A3S8UVN5,0.9004169266767342,0.5,True
8egw__B1_Q6V0I7--8egw__A1_Q96JQ0,0.8506089324271142,0.5,False
8sgd__A1_P25342--8sgd__B1_P32457,0.9136415653376755,0.5,False
3ecf__A1_Q3M5E4--3ecf__B1_Q3M5E4,0.9595844310230155,0.4999673266679736,True
6j94__A1_Q93VK5--6j94__B1_Q93VK5,0.987731391992964,0.5,True
7xsh__A1_K1KV82--7xsh__B2_K1KV82,0.9837413809715769,0.5,True
7fct__B1_A0A4Y1LJC5--7fct__A1_A0A4Y1LJC5,0.9729127857398702,0.5,True
8v14__A1_G5EEF9--8v14__B1_G5EEF9,0.935818171608266,0.5,True
6r76__A1_H3ZMH8--6r76__B1_H3ZMH8,0.9876763412165586,0.5,True
8ap0__A1_A0A5S9CYM0--8ap0__A2_A0A5S9CYM0,0.9937362271982022,0.5,True
5j10__A1_UNDEFINED--5j10__B1_UNDEFINED,0.987000763699294,0.555971918286511,True
3qph__A1_Q9HGZ9--3qph__A2_Q9HGZ9,0.9092869372685496,0.5,True
3o6j__A1_O67987--3o6j__B1_O67987,0.9861996306569885,0.5,True
6o6z__A1_B6YWC3--6o6z__B1_B6YWC3,0.9677193150427477,0.5,True
7edp__B1_Q5JT35--7edp__A1_Q8TEK3,0.9269088915470495,0.5,False
3fil__A1_P19909--3fil__B1_P19909,0.9383637298796785,0.5,True
6do2__A1_P11021--6do2__B1_P11021,0.9798321785039534,0.5,True
7f4q__B1_Q22GC0--7f4q__A1_I7M8B9,0.9571575822028213,0.5,False
4hfg__A1_Q9NQG5--4hfg__B1_Q9NQG5,0.9664830474343163,0.526428945266789,True
7yh2__A1_A0A1Q9P883--7yh2__B1_A0A1Q9P883,0.9949748743718593,0.5086206896551724,True
3axs__A1_O67010--3axs__A2_O67010,0.9923052444230376,0.5,True
3cqr__A1_Q39249--3cqr__B1_Q39249,0.8868354864325018,0.5,True
3s8k__A1_P80691--3s8k__B1_P80691,0.9819314347531187,0.5,True
4oun__A1_O31418--4oun__A2_O31418,0.9812067339634368,0.4999678518613772,True
2iab__A1_Q825J7--2iab__B1_Q825J7,0.9776289660541734,0.5,True
3o3n__A1_Q5U924--3o3n__B1_Q5U923,0.9546619874145166,0.5,False
6f3z__A1_P0ADC3--6f3z__B1_P61316,0.9833674958310172,0.5,False
1hr7__A1_P11914--1hr7__B1_P10507,0.972092627864074,0.5,False
8gko__B1_P28296--8gko__A1_P28296,0.9791630603010617,0.5,True
2gkv__A1_P00777--2gkv__B1_P68390,0.8874207985055141,0.5,False
8stx__A1_Q4E4E1--8stx__B1_Q4E4E1,0.9873488300332885,0.5,True
4m36__A1_Q582G4--4m36__A2_Q582G4,0.9827430051888257,0.5,True
5wpu__A1_A0A076NBW8--5wpu__A2_A0A076NBW8,0.895244362934684,0.5,True
5yps__A1_A0A0W4ZF97--5yps__B1_A0A0W4ZF97,0.9658361699718223,0.5,True
5oge__E1_P40107--5oge__A1_P40107,0.9870120900459671,0.5,True
5fey__B1_Q13049--5fey__A1_Q13049,0.927240390741134,0.5,True
8hce__B1_Q91XB0--8hce__A1_Q91XB0,0.9739643315000016,0.5,True
1ggp__B1_Q7SIF1--1ggp__A1_Q7SIF0,0.9819063603188729,0.5,False
5z50__A1_O05926--5z50__B1_O05926,0.9857569867943288,0.5,True
6eyy__A1_A0A1S5PRR0--6eyy__B1_A0A1S5PRR0,0.8042515276206659,0.5,True
7t9u__A1_Q86WV6--7t9u__A2_Q86WV6,0.9898419166297917,0.5081647397328647,True
6ey4__A1_Q5EGM3--6ey4__A2_Q5EGM3,0.9495266298091304,0.5,True
2hvg__A1_A5KBL5--2hvg__B1_A5KBL5,0.9559397118381044,0.5,True
6wp7__A1_Q82H41--6wp7__B1_Q82H41,0.9725188276371893,0.5043742079521603,True
7dnu__A1_P32092--7dnu__A2_P32092,0.9041409491554618,0.5,True
3w8i__A1_Q9BUL8--3w8i__B1_Q9P289,0.9708788748809642,0.5107469761359922,False
4oky__A1_Q52612--4oky__A2_Q52612,0.99736898319785,0.5,True
7t63__B1_UNDEFINED--7t63__A1_UNDEFINED,0.942281279807988,0.5,True
7x20__A1_P54708--7x20__B1_P07340,0.9766379442156403,0.5,False
3hnw__A1_D0VWZ2--3hnw__B1_D0VWZ2,0.9669975275020605,0.5,True
8r37__A1_A0A086IRG1--8r37__B1_A0A086IRG1,0.9382484306693663,0.5,True
7zm5__A1_Q6WGM0--7zm5__B1_Q6WGM0,0.9851332899858809,0.5,True
2z7j__A1_P25220--2z7j__A2_P25220,0.4917055138111355,0.5,True
1rqg__A1_Q9V011--1rqg__A2_Q9V011,0.9141599275985246,0.5,True
8brl__A1_F7J213--8brl__A2_F7J213,0.979080229122145,0.5,True
6noi__A1_UNDEFINED--6noi__B1_UNDEFINED,0.9607776790925023,0.5,True
7qiu__A1_P94538--7qiu__B1_P94538,0.9940916985847124,0.5,True
6sjs__A1_B8FUR2--6sjs__B1_B8FUR2,0.9908746088011957,0.5,True
8hlg__A1_Q9RR88--8hlg__B1_Q9RR88,0.9406475210311905,0.5,True
4uae__A1_O00629--4uae__B1_P31345,0.9256053253553522,0.5,False
7pcr__A1_P56185--7pcr__A2_P56185,0.9606116789948328,0.5,True
3bvq__B1_Q2I6W2--3bvq__A1_Q2I6W2,0.9710459895023118,0.5,True
7a67__B1_UNDEFINED--7a67__A1_Q9V1Z9,0.9793088240446303,0.5340209096286099,False
6bsu__A1_Q9LZJ3--6bsu__B1_Q9LZJ3,0.9636017526752485,0.5,True
4e5u__B1_Q9HZN8--4e5u__A1_Q9HZN8,0.9877138173889455,0.5131335827656275,True
8a52__A1_P23222--8a52__B1_P23222,0.9580316951747239,0.5,True
1d0v__A1_Q05603--1d0v__A2_Q05603,0.9875705693650294,0.5,True
3gwq__A1_Q145Q0--3gwq__B1_Q145Q0,0.9754728747687195,0.5,True
7lxs__A1_Q8ZMZ2--7lxs__C1_Q8ZMZ2,0.9828141394406456,0.5,True
6w08__B1_Q9KL63--6w08__A1_Q9KL63,0.9856410556651954,0.5,True
7wrm__A1_D0IVL9--7wrm__B1_D0IVL9,0.9687448840644747,0.5,True
2yww__B1_Q58801--2yww__A1_Q58801,0.9929981974764671,0.5199499299018626,True
3lm6__A1_P40869--3lm6__B1_P40869,0.9836393918400403,0.506578947368421,True
7trw__A1_A0A380PDL3--7trw__A2_A0A380PDL3,0.9063989160779787,0.5,True
8syc__A1_Q13370--8syc__B1_Q13370,0.9410454922555395,0.5,True
1gk6__A1_P03069--1gk6__B1_P03069,0.9599057061368619,0.5,True
1reo__A1_Q6STF1--1reo__A2_Q6STF1,0.9889507860852418,0.5,True
6s3b__A1_Q88JK6--6s3b__B1_Q88JK6,0.9809299257575119,0.4998905309250137,True
7tl5__A1_A0A3F3B310--7tl5__B1_A0A3F3B310,0.9555793189349597,0.5,True
2asf__A1_P9WLL7--2asf__A2_P9WLL7,0.9474283128705917,0.5,True
8ilj__A1_A0A242MJ43--8ilj__B1_A0A242MJ43,0.9901291788497922,0.5,True
8ezg__A1_P01116--8ezg__B1_UNDEFINED,0.9609073781983877,0.5,False
7uh4__A1_UNDEFINED--7uh4__B1_UNDEFINED,0.9770732149835315,0.5,True
4usc__A1_A0A0A0Y4H8--4usc__B1_A0A0A0Y4H8,0.9961359128261934,0.5,True
5yp3__A1_Q6F3I7--5yp3__B1_Q6F3I7,0.9970293530093439,0.5,True
8aid__A1_Q9HWJ8--8aid__B1_Q9HWJ8,0.9817424316089168,0.5,True
7yp6__B1_E5L4T5--7yp6__A1_E5L4T5,0.9734671866365404,0.5,True
4aql__A1_Q9Y2T3--4aql__A2_Q9Y2T3,0.9894476615677024,0.5,True
3idf__A1_O34252--3idf__B1_O34252,0.9611981132075471,0.5,True
8fjr__A1_D1A807--8fjr__B1_D1A807,0.9097514647182143,0.5,True
7z56__B1_F0NGX6--7z56__A1_F0NGX6,0.9907348734196684,0.5,True
6ikj__A1_Q9I4L6--6ikj__B1_Q9I4L6,0.4087963475373547,0.5,True
8b2q__A1_D0EM77--8b2q__B1_G8UM88,0.9804377105268032,0.5,False
5x42__A1_Q5ZYB7--5x42__B1_Q5ZYC6,0.9638689629352303,0.5,False
1vkh__A1_Q04066--1vkh__B1_Q04066,0.9591242295189447,0.5,True
5omd__A1_Q04377--5omd__A2_Q04377,0.8954897815362932,0.5,True
2vsg__A1_P26329--2vsg__B1_P26329,0.9589596839448784,0.5,True
1jql__A1_P0A988--1jql__B1_P28630,0.9918711896201344,0.5,False
1w9c__A1_O14980--1w9c__B1_O14980,0.9940680826135267,0.5,True
7n35__A1_UNDEFINED--7n35__B2_UNDEFINED,0.9570964749536178,0.5,True
3upl__A1_Q2YIM3--3upl__B1_Q2YIM3,0.9824844593044374,0.5,True
3tm2__A1_Q83XN4--3tm2__B1_Q83XN4,0.9582467234826135,0.5,True
7yls__B1_C5CSP6--7yls__A1_C5CSP7,0.9521900261282078,0.5,False
7psg__A1_Q6D515--7psg__B1_Q6D515,0.9919273433186158,0.5,True
8pte__A1_P00698--8pte__A2_P00698,0.9211200010694687,0.5,True
7ytu__B1_P68623--7ytu__A1_P68458,0.942927830984935,0.5390763224605104,False
7ykc__A1_P14843--7ykc__B1_P14843,0.9640231496262006,0.5,True
3wxe__A1_E7FEV5--3wxe__B1_P0CG48,0.9509768504523355,0.5,False
7zr3__A1_A0A8E4HNI8--7zr3__B1_A0A8E4HNI8,0.9848169748200364,0.5,True
2vjf__A1_Q00987--2vjf__B1_O15151,0.9483415652682031,0.5,False
7pvo__A1_P56137--7pvo__A2_P56137,0.9689277926770652,0.5,True
3kkd__A1_Q9HXU1--3kkd__A2_Q9HXU1,0.9889018931930087,0.5,True
3mph__A1_P19801--3mph__B1_P19801,0.9446129485735668,0.5,True
6jc4__A1_A6TE44--6jc4__D1_A6TE44,0.9661267698159004,0.5,True
2rf4__A1_P46669--2rf4__B1_P50106,0.9380306761480498,0.5,False
4huz__A1_Q9ZBB0--4huz__A2_Q9ZBB0,0.9298231170842091,0.5,True
5gtj__B1_Q9BV47--5gtj__A1_Q9BV47,0.9851587342385677,0.5560504806456588,True
2xw7__A1_A0QP85--2xw7__B1_A0QP85,0.9795906595217689,0.5,True
6l6h__A1_Q5ZZ22--6l6h__B1_Q5ZZ22,0.9819748853232667,0.5,True
8p7m__A1_P0A434--8p7m__A2_P0A434,0.9774091175466405,0.5,True
6dm9__A1_UNDEFINED--6dm9__B1_UNDEFINED,0.9318351204275545,0.5,True
6gou__A2_P97275--6gou__C1_P97275,0.9693367014346675,0.5,True
2wwo__A1_Q66ED7--2wwo__B1_Q66ED7,0.9930748789113706,0.5,True
8i3n__A1_Q12178--8i3n__C1_Q12178,0.9901908204339815,0.5,True
1s7i__A1_Q9I3Z5--1s7i__A2_Q9I3Z5,0.8546191237399277,0.5,True
3szw__A1_B7JBP8--3szw__A2_B7JBP8,0.9884626671997785,0.5,True
5x7r__A1_A0A193PKW5--5x7r__B1_A0A193PKW5,0.9240167735812701,0.5,True
2nys__A1_Q8U561--2nys__B1_Q8U561,0.9825031707598294,0.592563257968827,True
3gr5__A1_O52135--3gr5__A2_O52135,0.9146360333852299,0.5,True
3ded__A1_Q7P1I2--3ded__B1_Q7P1I2,0.9215632310444475,0.5,True
5b5x__A1_Q75NZ1--5b5x__A2_Q75NZ1,0.9476247806580455,0.5,True
7qga__A1_P21589--7qga__A2_P21589,0.9953411322438263,0.5,True
8ow9__A1_G8UQH9--8ow9__B1_G8UQH9,0.9841176893176085,0.5,True
3bcw__B1_A0A0H3LK92--3bcw__A1_A0A0H3LK92,0.9673816579563325,0.5038759689922481,True
6duy__A1_Q61301--6duy__B2_Q61301,0.9593969187242504,0.5,True
5zyf__A1_Q99ZW0--5zyf__B1_Q99ZW0,0.9433637385980257,0.5556766212670249,True
1mml__A1_P03355--1mml__A2_P03355,0.9582047106168352,0.5,True
2b7o__A1_O53512--2b7o__B1_O53512,0.9736597052707712,0.5,True
1v57__A1_P77202--1v57__A2_P77202,0.9801881238399555,0.5,True
2hsa__B1_Q9FEW9--2hsa__A1_Q9FEW9,0.9847771802283034,0.5,True
4tsd__A1_O25673--4tsd__B1_O25673,0.9610527125025994,0.5089285714285714,True
7qh0__B1_P48499--7qh0__A1_P48499,0.9901321126236207,0.5,True
3neu__A1_Q92AT3--3neu__A2_Q92AT3,0.9447186377785266,0.5,True
8f9x__A1_Q5LVE1--8f9x__B1_Q5LVE1,0.9824530984762601,0.5033016960375215,True
6ne2__A1_UNDEFINED--6ne2__B1_O75084,0.9601958616332332,0.5,False
2b4h__A1_P12473--2b4h__B1_P12473,0.9157154425321122,0.5,True
3pui__A1_Q9L9D7--3pui__A2_Q9L9D7,0.9933810825111657,0.5,True
1myl__A1_P03050--1myl__B1_P03050,0.9105160957012809,0.6391160280049168,True
1rqi__A1_P22939--1rqi__B1_P22939,0.9926659657041657,0.5,True
3x1b__A1_UNDEFINED--3x1b__B1_UNDEFINED,0.9880473041401961,0.5,True
6pya__A1_P04278--6pya__A2_P04278,0.9949911812584759,0.5285844850534283,True
1r27__A1_P09152--1r27__B1_P11349,0.9802496168350044,0.5,False
7zuv__A1_A0A2K3DY10--7zuv__D2_A0A2K3DY10,0.9281089251932637,0.5,True
2aho__A1_Q980A5--2aho__B1_Q97Z79,0.9601749675108607,0.5,False
6mni__A1_A0A2V0QX35--6mni__B1_A0A2V0QX35,0.9933065074881415,0.5,True
4kif__B1_Q643C8--4kif__A1_Q643C8,0.9809592751152397,0.5,True
7vmv__B1_Q5I3B6--7vmv__A1_Q58HT7,0.641158496656915,0.5,False
3g23__A1_Q2G8F3--3g23__B1_Q2G8F3,0.9832638619573595,0.5,True
3ui3__A1_O05728--3ui3__B1_O05728,0.9061368229853725,0.5,True
8ohy__A1_Q556V8--8ohy__A2_Q556V8,0.9950231955718924,0.5,True
5zgo__A1_Q5SHW6--5zgo__B1_Q5SHW6,0.9773660827219832,0.5,True
5uph__B1_Q14108--5uph__A1_Q14108,0.9898237586642693,0.5,True
6u3w__A1_P53622--6u3w__B1_P40509,0.9761557539625105,0.5,False
2gsv__B1_P71066--2gsv__A1_P71066,0.9674395831147483,0.5,True
7yh1__A1_A0A5B9DB95--7yh1__B1_A0A5B9DB95,0.974908156583314,0.5135892185262877,True
6c6r__A1_Q14534--6c6r__B1_Q14534,0.9975260085809333,0.5,True
6p4o__B1_Q970I1--6p4o__A1_Q970I2,0.9616104454443676,0.5,False
8i8y__B1_UNDEFINED--8i8y__A1_UNDEFINED,0.8819294715154999,0.5,True
2oys__A1_A0A0H2URW2--2oys__B1_A0A0H2URW2,0.9682790238877335,0.5,True
8i85__A1_D2B3F1--8i85__B1_D2B3F1,0.8496711474733176,0.5,True
2b0a__A1_Q58193--2b0a__A2_Q58193,0.9761524462256299,0.5,True
3ayh__B1_O94285--3ayh__A1_Q9C0Z9,0.8631136732736602,0.5,False
7yji__A1_UNDEFINED--7yji__A2_UNDEFINED,0.9967655660227195,0.5,True
2g38__B1_Q79FE1--2g38__A1_Q7D756,0.9583573881959144,0.49996209536805397,False
2z6k__A1_P15927--2z6k__C1_P35244,0.9699563384522736,0.51010101010101,False
3p8b__B1_Q8TZK1--3p8b__A1_Q8U440,0.9371617665775741,0.5111111111111111,False
5yz5__A1_Q16555--5yz5__A2_Q16555,0.9642242902550786,0.5,True
6dk9__A1_A7A1Y4--6dk9__A2_A7A1Y4,0.979072237825032,0.5,True
6fls__A1_UNDEFINED--6fls__B1_UNDEFINED,0.9937019178317448,0.5,True
2p19__A1_Q8NTZ4--2p19__C1_Q8NTZ4,0.9739896906166274,0.5109506636920225,True
8ai1__B1_Q45595--8ai1__A1_Q45595,0.9780892725030825,0.5,True
7px0__B1_Q9VF53--7px0__A1_Q9VF53,0.9929017701222306,0.5,True
4cmz__B1_Q9BXM0--4cmz__A1_Q9BXM0,0.9083874889473498,0.5751334967454078,True
8gyz__B1_Q93ZE2--8gyz__A1_Q93ZE2,0.9707003907047326,0.49998900083593645,True
5j1l__B1_O26069--5j1l__A1_O26068,0.991951532616776,0.5,False
7ubk__B1_P03047--7ubk__A1_P03047,0.9022927442096682,0.5,True
6j26__A1_Q5JIZ3--6j26__B1_Q5JIZ3,0.9827970624265937,0.5,True
8ic1__A1_UNDEFINED--8ic1__B1_UNDEFINED,0.9124389879350356,0.5,True
6jqv__A1_Q8LC68--6jqv__B1_Q8LC68,0.9848394653037914,0.5,True
2ns9__A1_Q9Y9R3--2ns9__B1_Q9Y9R3,0.9626849264530424,0.5123239615993239,True
5l8s__A1_E1VFE0--5l8s__C1_E1VFE0,0.9891025281337534,0.5,True
6zrw__A1_B3VS76--6zrw__B1_B3VS76,0.9775392443090463,0.5,True
5fcn__B1_Q66GS9--5fcn__A1_Q66GS9,0.9317079410560787,0.5,True
7vl1__A1_I0AIT9--7vl1__B1_I0AIT9,0.9781468657546338,0.5,True
2rek__B2_Q9ADD9--2rek__A1_Q9ADD9,0.9926103602852953,0.5,True
2zrt__A1_O75340--2zrt__B1_O75340,0.954462146231734,0.5048543689320388,True
8h3t__A1_UNDEFINED--8h3t__B1_UNDEFINED,0.9817471140427829,0.5,True
2f1m__A1_P0AE06--2f1m__B1_P0AE06,0.8216780588312091,0.5,True
3t5t__B1_Q15JG1--3t5t__A1_Q15JG1,0.9640216930107502,0.5,True
4z9r__B1_Q8EGK4--4z9r__A1_Q8EGK4,0.9855815435652635,0.5,True
2oze__A1_Q57280--2oze__A2_Q57280,0.9859413783260524,0.5,True
1x6m__A1_Q51669--1x6m__D1_Q51669,0.9279917835821729,0.5,True
4pfc__A1_P14735--4pfc__B1_P14735,0.9658259708280861,0.5,True
6byi__A1_Q8PI23--6byi__B1_Q8PI23,0.9607182754911309,0.5,True
3aaa__A1_P13127--3aaa__B1_P14315,0.9738978446363582,0.5,False
1xgm__A1_P56218--1xgm__B1_P56218,0.952871877432595,0.5,True
5mrv__A1_Q8IVL8--5mrv__C1_P86912,0.8192453555283624,0.5,False
5e4v__A1_Q89933--5e4v__A2_Q89933,0.9603943355414561,0.5,True
1vhq__A1_P0ABU5--1vhq__B1_P0ABU5,0.9837214367776344,0.578021255994098,True
2pqv__B1_A0A0H2UMZ7--2pqv__A1_A0A0H2UMZ7,0.9740346769815419,0.5,True
1zva__A1_P59594--1zva__A2_P59594,0.9750890598378853,0.5487277449691617,True
8pq4__A1_P69782--8pq4__A2_P69782,0.9714935094720426,0.5038163387000596,True
8a14__A1_A0A0D1E4Q7--8a14__C2_A0A0D1E4Q7,0.9193503860309519,0.5,True
1dtd__A1_P48052--1dtd__B1_P81511,0.9606270744864842,0.5,False
3c6n__B1_Q570C0--3c6n__A1_Q39255,0.953603271791942,0.5,False
3ctz__A1_Q9NQW7--3ctz__A2_Q9NQW7,0.9790156648695864,0.5,True
1wab__A1_Q29460--1wab__A2_Q29460,0.9511149306195292,0.5,True
1zl5__A1_Q00496--1zl5__B1_Q00496,0.9314152986039297,0.5,True
5dbj__A1_Q4KCZ0--5dbj__A2_Q4KCZ0,0.989042410966441,0.5,True
7qsq__B1_Q9X053--7qsq__A1_Q9X053,0.9668327133063813,0.5208801612558926,True
7duc__B1_Q2G2U4--7duc__A1_Q2G2U4,0.9462471264367815,0.5,True
2cdu__A1_Q9F1X5--2cdu__B1_Q9F1X5,0.9839217145740764,0.5,True
8g0f__A1_Q6NK15--8g0f__B1_Q6NK15,0.9424833592825984,0.5,True
8a45__B1_B7V7R4--8a45__A1_B7V7R4,0.9610795475893579,0.5,True
6no3__A1_B3FHP0--6no3__B1_B3FHP0,0.8657231740364683,0.5,True
3g7p__A1_B7JA91--3g7p__A2_B7JA91,0.9775815580116397,0.5,True
8khq__A1_A0A1I5R890--8khq__C1_A0A1I5R890,0.9305196384874695,0.5,True
7owz__B1_Q9JMA2--7owz__A1_B8ZXI1,0.9704707611418051,0.5,False
7xbe__A1_UNDEFINED--7xbe__A2_UNDEFINED,0.9926799708604165,0.5,True
6dk7__D1_Q9HUV7--6dk7__A1_Q9HUV7,0.9890038651816075,0.5,True
4hsl__A1_Q1LCS4--4hsl__A2_Q1LCS4,0.9907288924578385,0.5,True
8b3s__A1_O31597--8b3s__B1_A0A164W157,0.9110705971312588,0.5,False
5euv__A1_D1LZK0--5euv__B1_D1LZK0,0.9574545748333362,0.5,True
8gz4__A1_A0A7H0DN78--8gz4__A2_A0A7H0DN78,0.9814330287598042,0.5,True
7tmg__A1_A0A0H3GLR2--7tmg__B1_A0A0H3GLR2,0.9660556686433991,0.5029261700178136,True
4hsr__B1_UNDEFINED--4hsr__A1_UNDEFINED,0.9504336569895132,0.5,True
7tgn__B1_A0A1Q5L7T0--7tgn__A1_A0A1Q5L7T0,0.985221627911894,0.5,True
4fz2__A1_C7DIA5--4fz2__B1_C7DIA5,0.9620049324892146,0.5,True
6j2l__A1_P37793--6j2l__B1_P37793,0.9585381445578612,0.5,True
5grk__A1_Q89XR0--5grk__B1_Q89XR0,0.9807457492941862,0.5,True
3qxs__A1_O24872--3qxs__A2_O24872,0.9807844108539454,0.5,True
8q3y__A1_E8URK0--8q3y__B1_E8URK0,0.9923783685363364,0.5,True
1pyb__A1_O66738--1pyb__B1_O66738,0.9056672006895453,0.5106382978723404,True
7yto__A1_Q9RHU9--7yto__B1_Q9RHU9,0.970043571617014,0.5,True
5vae__A1_Q9AET9--5vae__B1_Q9AET7,0.9178286600858484,0.5,False
1zrs__A1_Q9HTZ1--1zrs__B1_Q9HTZ1,0.9847525117703035,0.5,True
2cg5__A1_Q9NRN7--2cg5__B1_P49327,0.9287147172661192,0.5,False
4yk8__B1_O36019--4yk8__A1_O13978,0.9429964944368237,0.5,False
2iml__A1_O28442--2iml__C1_O28442,0.9393138538059286,0.5,True
6iru__A1_Q9RVF9--6iru__A2_Q9RVF9,0.9956533296876899,0.5,True
4x36__A1_P06653--4x36__A2_P06653,0.9951874519255837,0.5,True
8iev__A1_Q0PAW2--8iev__B1_Q0PAW2,0.9783518287243532,0.5,True
3cyg__A1_A7HM60--3cyg__B1_A7HM60,0.7629300666151044,0.5,True
5kvr__A1_P0ACL9--5kvr__A2_P0ACL9,0.9144273514719137,0.5,True
1na8__A1_Q9UJY5--1na8__B1_Q9UJY5,0.9863423831428152,0.5,True
5fis__A1_H9IUR0--5fis__B1_H9IUR0,0.9555134229259569,0.5,True
5yo8__A1_A0A094YZ24--5yo8__B1_A0A094YZ24,0.9935783793933771,0.5,True
7z6m__A1_A0A0H3LM39--7z6m__A2_A0A0H3LM39,0.9230575968846177,0.5,True
7vua__A1_UNDEFINED--7vua__B1_UNDEFINED,0.9947248506635747,0.5,True
2yxd__A1_Q57836--2yxd__B1_Q57836,0.9750008786483054,0.5070102617110301,True
1aua__A1_P24280--1aua__A2_P24280,0.99509369692701,0.5,True
7zw3__A1_P27338--7zw3__B1_P27338,0.9397610708844295,0.5,True
5xjx__I1_C0LGW6--5xjx__A1_Q9SSD1,0.8215491986696783,0.5,False
7xca__A1_W5X1V8--7xca__B1_W5X1V8,0.9859007114480798,0.5054347826086957,True
7xub__A1_Q96KQ7--7xub__B1_Q96KQ7,0.9655496550282249,0.5,True
5xlu__A1_Q65KZ6--5xlu__B1_A9YTT0,0.9453533794206326,0.5025252525252525,False
8smq__A1_Q182N1--8smq__B1_Q182N1,0.9305867508362656,0.5157434303304931,True
8eni__A1_A0A0H3JRH8--8eni__A2_A0A0H3JRH8,0.9874973511644296,0.5,True
1q77__A1_O66565--1q77__B1_O66565,0.9820674702842179,0.5,True
5xor__A1_A9YPG7--5xor__E1_A9YPG7,0.9713039069171647,0.5,True
6nbp__A1_A0A4P1LYI6--6nbp__A2_A0A4P1LYI6,0.9960141286158071,0.552331292550789,True
4wu2__A1_Q7WUJ1--4wu2__B1_Q7WUJ1,0.9921614128603377,0.5,True
2nvn__A1_Q31MH7--2nvn__A2_Q31MH7,0.9183469812486929,0.5,True
3zyh__A1_Q05097--3zyh__B1_Q05097,0.9869111315811823,0.5,True
8a21__A1_A0QJI1--8a21__A2_A0QJI1,0.9873954564024294,0.5,True
8ho2__A1_A0A191T7N6--8ho2__B1_A0A191T7N6,0.9161520952046318,0.5,True
2j8q__A1_O43809--2j8q__B1_O43809,0.9322075379344101,0.5,True
1cx8__A1_P02786--1cx8__B1_P02786,0.9813168148138519,0.5,True
5zfk__A1_Q31LX1--5zfk__B1_Q31LX1,0.9930895251418368,0.5072463768115942,True
2qti__A1_Q8EF26--2qti__A2_Q8EF26,0.943846164188077,0.5444792080805287,True
5djo__B1_Q9EQW7--5djo__A1_Q9EQW7,0.9527684790842684,0.5,True
1kve__B1_P19972--1kve__A1_P19972,0.8979866067494934,0.5142033439069522,True
4kjq__A1_P37019--4kjq__B1_P37019,0.9465097339522709,0.5,True
8qyw__A1_Q9NVS9--8qyw__A2_Q9NVS9,0.9459309314566483,0.5,True
4djb__A1_P04489--4djb__B1_P04489,0.9083271571227961,0.5,True
7t1e__A1_P78556--7t1e__B1_P78556,0.8493971437045149,0.5,True
2ev4__A1_P9WMU9--2ev4__B1_P9WMU9,0.9609432777031596,0.5,True
4m1j__A1_Q9I194--4m1j__B1_Q9I194,0.9738930108118311,0.5,True
8bj3__A1_A0A072U7F9--8bj3__B1_A0A072U7F9,0.9809337847455347,0.5,True
5fcl__A1_Q6D0X0--5fcl__B1_Q6D0X0,0.973483773471816,0.5,True
2evr__A1_B2J9B4--2evr__A2_B2J9B4,0.7626431237600955,0.5,True
4ftw__A1_Q3J2V1--4ftw__A2_Q3J2V1,0.8245543605723178,0.5,True
2q6q__B1_P36094--2q6q__A1_P36094,0.9792586721558723,0.5,True
8hx8__A1_Q6L8Q5--8hx8__B1_Q6L8Q5,0.9864570302449377,0.5,True
7zgn__A1_U6RE59--7zgn__B1_U6RE59,0.9724307805194952,0.5,True
7fiw__A1_B3CP63--7fiw__B1_Q73HD5,0.9178903573908607,0.5,False
4xd9__A1_C8VMF9--4xd9__B1_Q5B6T5,0.9162695679769844,0.4999756915746998,False
3dme__A1_Q7VU70--3dme__B1_Q7VU70,0.9597883380530559,0.5,True
8d0m__A1_P28907--8d0m__A2_P28907,0.9078800812645911,0.5,True
2w6a__A1_Q9Z272--2w6a__B1_Q9Z272,0.9569098644815632,0.5,True
6oje__B1_Q5S007--6oje__A1_Q5S007,0.9568853918177891,0.5,True
7mu0__A1_P9WQK3--7mu0__B1_P9WQK3,0.9117202252350465,0.5,True
4az3__A1_P10619--4az3__B1_P10619,0.9002349897689469,0.5,True
7ug8__B1_Q0I6F8--7ug8__A1_Q0I6F8,0.9763286059808738,0.5,True
6mxv__B1_Q5NFU2--6mxv__A1_Q5NFU2,0.8869009084841626,0.5,True
8ug3__B1_P50053--8ug3__A1_P50053,0.9927315098985836,0.5,True
7veo__A1_UNDEFINED--7veo__B1_UNDEFINED,0.9872305337958777,0.5,True
4atm__A1_P49418--4atm__A2_P49418,0.9897014755986545,0.5,True
7x6f__B1_P0AD45--7x6f__A1_P0AD45,0.9830817707526215,0.5,True
1nkn__B1_Q17042--1nkn__A1_Q17042,0.9626792764483121,0.5,True
7pjo__B1_UNDEFINED--7pjo__A1_UNDEFINED,0.9828891171541331,0.5,True
5n0s__B1_A0A2R2JFI5--5n0s__A1_A0A2R2JFI5,0.9393388696224944,0.5,True
6m9g__A1_Q5D6Y4--6m9g__B2_Q5D6Y4,0.9864242476651678,0.5,True
7zvz__A1_G1UBD5--7zvz__B1_G1UBD5,0.9263853321111668,0.5,True
3b5m__B1_Q7UTD8--3b5m__A1_Q7UTD8,0.9495327411826237,0.5,True
6v0a__B1_B3E641--6v0a__A1_B3E641,0.9911112658277211,0.5,True
3bpj__C1_O75822--3bpj__A1_O75822,0.9228484848484849,0.50625,True
8tn8__B1_A0A482N9T7--8tn8__A1_A0A482N9T7,0.9822430255587831,0.5,True
7y51__A1_Q8RBF4--7y51__A2_Q8RBF4,0.9445340270782,0.5,True
6zef__A1_P62136--6zef__C1_Q9C0D0,0.8527154783635579,0.5,False
6u11__A1_A0A1L8HDP6--6u11__A2_A0A1L8HDP6,0.9850368638566378,0.5,True
8i5w__A1_Q8BZN6--8i5w__B1_P63000,0.9538804141550334,0.5,False
3rv1__B1_A7TR32--3rv1__A1_A7TR32,0.9275276036626376,0.5,True
8i59__A1_UNDEFINED--8i59__B1_UNDEFINED,0.9673343998046241,0.5,True
8g1h__A1_UNDEFINED--8g1h__A2_UNDEFINED,0.9843017344724503,0.5,True
7vwk__A1_L8PIV2--7vwk__B1_L8PIV2,0.9891227773637794,0.5,True
4k3z__A1_Q8YCV0--4k3z__A2_Q8YCV0,0.9500682139734766,0.5,True
5v5t__A1_Q830T5--5v5t__D1_Q830T5,0.8451728221983572,0.5,True
6fp5__B1_Q960Q9--6fp5__A1_Q960Q9,0.9308558648508327,0.5214285714285715,True
2ikb__A1_Q7DDI9--2ikb__C1_Q7DDI9,0.9898815688459501,0.5087719298245614,True
7zam__A1_Q07666--7zam__B1_Q07666,0.9812465794034481,0.5,True
3o10__A1_Q9NZJ4--3o10__B1_Q9NZJ4,0.9441448327814437,0.5,True
3egv__A1_Q84BQ9--3egv__B1_Q5SLP6,0.9021431708248641,0.5,False
2g9w__A1_P9WMJ5--2g9w__B1_P9WMJ5,0.9630621674858711,0.5,True
2afv__A1_Q8EXP7--2afv__B1_Q8EXP7,0.9703508140290868,0.5,True
1wl3__B1_Q9X1M1--1wl3__A1_Q9X1M1,0.9887101813858741,0.5,True
4kbx__A1_P45550--4kbx__A2_P45550,0.9549667576999514,0.5,True
8h5a__A1_P67661--8h5a__B1_P67661,0.9674422060121614,0.5,True
8b4l__B1_D5SK09--8b4l__A1_D5SK09,0.9168389905060037,0.5,True
3r24__A1_P0C6X7--3r24__B1_P0C6U8,0.9608496502505065,0.5,False
1nrj__B1_P36057--1nrj__A1_P32916,0.9472337690164988,0.5,False
4rdw__A1_Q9HU77--4rdw__A2_Q9HU77,0.9747220435102634,0.5,True
7vpr__A1_Q6FX18--7vpr__B1_Q6FX18,0.9948117671634742,0.5,True
5a6k__A1_A0A0H2US73--5a6k__B1_A0A0H2US73,0.9859975915607654,0.5,True
7ucd__B1_P17535--7ucd__A1_P53539,0.9759785647716682,0.5,False
1qc9__A1_P00642--1qc9__A2_P00642,0.9364891471497143,0.5,True
3ooc__A1_P77239--3ooc__B1_P77239,0.9133903810893225,0.5,True
8pm1__A1_B8GAY9--8pm1__B1_B8GAY9,0.9312319688109161,0.5,True
1vbg__A1_P11155--1vbg__A2_P11155,0.9898725809809535,0.5,True
2qgs__A1_A0A0H2VIU2--2qgs__B1_A0A0H2VIU2,0.984397639131911,0.5,True
8cnx__A1_Q68T42--8cnx__B1_Q68T42,0.9824163670719364,0.5,True
8bol__A1_Q04609--8bol__A2_Q04609,0.9877779886639589,0.5,True
3mii__B1_Q08914--3mii__A1_Q08914,0.9772133235037865,0.5,True
3i23__A1_Q835X4--3i23__B1_Q835X4,0.9371154835604827,0.5,True
3itf__A1_P0AE85--3itf__B1_P0AE85,0.929447300963888,0.5,True
8d05__A1_UNDEFINED--8d05__A2_UNDEFINED,0.9784042880120052,0.5415451051448961,True
6mw5__A1_K3WC47--6mw5__A2_K3WC47,0.9372422255723452,0.5,True
5vht__A1_P0A9J8--5vht__B1_P0A9J8,0.950943442166422,0.5,True
6j6x__B1_P53611--6j6x__A1_Q7Z6K3,0.9558930028587269,0.5,False
4tvb__A1_O32323--4tvb__B1_O32323,0.9702740691801869,0.5,True
3nkh__B1_UNDEFINED--3nkh__A1_UNDEFINED,0.9547746429459802,0.5,True
3jyu__A1_P35123--3jyu__B1_P35123,0.9131370705048707,0.5,True
8dtc__A1_L8GT25--8dtc__B1_L8GT25,0.9708643798513619,0.5,True
7n1j__A1_P22455--7n1j__B1_UNDEFINED,0.9834500641633039,0.5,False
8fny__A1_O00418--8fny__B1_P0DP23,0.8459176726112967,0.5,False
7v0b__A1_A0A1E7MYN1--7v0b__B1_A0A1E7MYN1,0.9924540041010935,0.5,True
2vvo__A1_P9WKD7--2vvo__B1_P9WKD7,0.9455795044894154,0.5,True
5yjh__A1_Q15063--5yjh__A2_Q15063,0.9538140277231624,0.5,True
2z5e__A1_Q9BT73--2z5e__B1_Q9BT73,0.9734082157782361,0.5,True
1a8l__A1_Q51760--1a8l__A2_Q51760,0.9809067066316972,0.5,True
8h0r__A1_Q9WVJ5--8h0r__B1_Q9WVJ5,0.9582663472558257,0.4999363300649433,True
2j7j__A1_P03001--2j7j__A2_P03001,0.5562333422444731,0.5,True
8u1v__A1_K4L8Z7--8u1v__B1_K4L8Z7,0.9574701112510071,0.5,True
7zbg__A1_Q02880--7zbg__A2_Q02880,0.978245190282583,0.5,True
1rku__A1_Q9I2Y2--1rku__B1_Q9I2Y2,0.9874412184410836,0.5,True
2wvl__A1_Q72K30--2wvl__B1_Q72K30,0.955785344210029,0.5,True
6kfs__A1_B7FR28--6kfs__A2_B7FR28,0.963266495865841,0.5,True
3shg__A1_E6Z0R3--3shg__B1_E6Z0R4,0.9515010362766372,0.5052083333333334,False
7zal__A1_E3T5W0--7zal__E2_E3T5W0,0.9826848424085372,0.5,True
4wjm__A1_Q2YNY7--4wjm__A2_Q2YNY7,0.9932224625814665,0.5,True
8hmo__A1_A0A0H4P0S7--8hmo__B1_A0A0H4P0S7,0.9781745995293011,0.5031931861955269,True
7f9g__B1_C0HM62--7f9g__A1_C0HM62,0.9755194485475136,0.5,True
6n91__A1_Q9KNI7--6n91__B1_Q9KNI7,0.9674824489906746,0.5,True
4oyd__A1_P0C6Z1--4oyd__B1_UNDEFINED,0.9643036999527049,0.5,False
1dev__A1_Q15796--1dev__B1_O95405,0.8896021239453011,0.5,False
8c9j__B1_P15559--8c9j__A1_P15559,0.9678379733003668,0.5,True
3rd7__B1_A0A0H2ZY91--3rd7__A1_A0A0H2ZY91,0.9837741384636972,0.5,True
5x1j__A1_G2IQS7--5x1j__A2_G2IQS7,0.9824705023502802,0.5,True
3r2p__A1_P02647--3r2p__A2_P02647,0.9637639925373135,0.5,True
1pdk__A1_P15319--1pdk__B1_P62532,0.9380194788239595,0.5373433338555538,False
7bjg__A1_Q8IGY1--7bjg__A2_Q8IGY1,0.9017683136535596,0.5,True
3kcp__A1_Q06851--3kcp__B1_A3DF10,0.9702013751037534,0.5,False
7bbq__A1_Q6I6B7--7bbq__A2_Q6I6B7,0.9596124179513809,0.5,True
3dpj__E1_Q5LS67--3dpj__F1_Q5LS67,0.927781974562547,0.5,True
6okh__A1_Q04QG8--6okh__B1_Q04QG8,0.9846124701161202,0.5,True
7tq1__A1_P0AC13--7tq1__A2_P0AC13,0.9857801604447646,0.5,True
7t5y__A1_P0A7E1--7t5y__B1_P0A7E1,0.9601136502138814,0.5,True
5o47__A1_J7HDY4--5o47__A2_J7HDY4,0.9871970110693832,0.5,True
3edj__A1_Q8KKG0--3edj__B1_Q8KKG0,0.9629536813279855,0.5,True
5yr0__A1_O88597--5yr0__B1_Q8K245,0.9396615805165014,0.5,False
5c21__A1_P09986--5c21__B1_P09986,0.904591984479162,0.5,True
2gok__A1_Q8U8Z6--2gok__B1_Q8U8Z6,0.9958212566154383,0.5,True
1ww1__A1_Q9WZW8--1ww1__B1_Q9WZW8,0.981823008981924,0.5,True
1fm0__B1_P30749--1fm0__A1_P30748,0.9485718548395394,0.5,False
4jgo__B1_O31671--4jgo__A1_O31671,0.9869810407316786,0.5,True
3l2k__A1_Q8GPH0--3l2k__B1_Q8GPH0,0.9196142156585527,0.5,True
1yov__A1_Q13564--1yov__B1_Q8TBC4,0.96636398763376,0.5,False
7zvd__A1_P11413--7zvd__A2_P11413,0.986773716108502,0.5,True
2snw__A1_P03316--2snw__B1_P03316,0.802077250136409,0.5,True
8grh__B1_P51553--8grh__A1_P50213,0.9719523050211321,0.5,False
1lxd__A1_Q03386--1lxd__B1_Q03386,0.9764287846623325,0.5,True
5m97__A1_Q10113--5m97__B1_Q10113,0.9593177304740382,0.5,True
7ax1__A1_Q9ULM6--7ax1__B1_Q9UIV1,0.9829925626764843,0.5,False
8d4w__A1_A0A8B4R830--8d4w__A2_A0A8B4R830,0.8671529127731044,0.5,True
7ynw__B2_Q57834--7ynw__A1_Q57834,0.9983401253748291,0.5,True
4rgp__A1_Q8DTU7--4rgp__B1_Q8DTU7,0.9647486777266873,0.5,True
8twd__C1_P0AEV1--8twd__A1_W8SRD3,0.9673851092695054,0.5,False
3fb9__A1_A0A0H2US72--3fb9__B1_A0A0H2US72,0.9206361971138811,0.5,True
8a39__A1_A0A024L404--8a39__C2_A0A024L404,0.989384773203667,0.5,True
3ps8__A1_P01034--3ps8__A2_P01034,0.8435234007766197,0.5,True
7vwp__A2_A0A136PK59--7vwp__B1_A0A136PK59,0.9961805139670752,0.5,True
3a7p__A1_Q03818--3a7p__B1_Q03818,0.9297931441024634,0.5,True
4ql6__A1_A0A0H3MDM0--4ql6__C1_A0A0H3MDM0,0.96656604519699,0.5,True
5nck__A1_Q8RDN7--5nck__B1_Q8RDN7,0.9848556704224196,0.5,True
3qt7__A1_Q9FD73--3qt7__B1_Q9FD73,0.9947667760406614,0.5,True
4aye__D1_Q9JXV4--4aye__A1_P08603,0.9574080862422363,0.5,False
7r3n__A1_P43432--7r3n__B1_P43432,0.9894676176457855,0.5,True
7a0x__B1_Q8ZRZ3--7a0x__A1_Q8ZRZ3,0.9853577157988325,0.5,True
7wjk__A1_P93836--7wjk__A2_P93836,0.9505040652884564,0.5,True
7g99__B1_Q92974--7g99__A1_P61586,0.9662205527031108,0.5,False
5x8z__A1_A3QAQ5--5x8z__B1_A3QAQ5,0.9893429949352279,0.5,True
2if9__A1_Q98ZP7--2if9__B1_Q98ZP7,0.6137834304249967,0.5,True
7u0r__B1_M9SC49--7u0r__A1_M9SC49,0.9899177590707315,0.5,True
7wbt__A1_Q288C4--7wbt__B1_Q288C4,0.9863707123440443,0.5,True
7txe__A1_Q8I6T6--7txe__B1_Q8I6T6,0.9131218167110845,0.5020712947472908,True
6pyp__A1_P21695--6pyp__B1_P21695,0.9839783482037003,0.5,True
8b2d__A1_F5SYD3--8b2d__B1_F5SYD3,0.9797108149765597,0.5,True
1vmg__A1_Q97U11--1vmg__A2_Q97U11,0.9567192246882402,0.5167899675694343,True
6b8l__B1_P0DP23--6b8l__A1_P56696,0.9229417345244684,0.5148707407700214,False
8sj5__A1_A0A2I4FN75--8sj5__C1_A0A2I4FN75,0.9138457125230127,0.49953139643861294,True
3nr1__A1_Q8N4P3--3nr1__B1_Q8N4P3,0.9859768133691122,0.5,True
3h3l__A1_A6LFX0--3h3l__A2_A6LFX0,0.9900307543605289,0.5,True
7uav__A1_P0DW58--7uav__B1_P0DW58,0.894329553409156,0.5,True
6jdh__A1_A0A2K0XYW4--6jdh__B1_A0A2K0XYW4,0.9884732003376071,0.5,True
3vjz__A1_Q9K0P4--3vjz__B1_Q9K0P4,0.9868141631122418,0.5257755330244709,True
3et4__A1_Q4QMM5--3et4__A2_Q4QMM5,0.9802318103619351,0.5,True
5or3__A1_Q2UNF9--5or3__D1_Q2UNF9,0.9439105061874654,0.5,True
3fh3__B1_A0A6L8PES2--3fh3__A1_A0A6L8PES2,0.9877661876238413,0.5,True
1go3__A1_Q57840--1go3__B1_Q60351,0.9512986827091777,0.5,False
8fin__A1_UNDEFINED--8fin__B1_UNDEFINED,0.7248675284781773,0.5,True
3zxq__B1_P9WGK1--3zxq__A1_P9WGK1,0.842477463841436,0.5021458380694701,True
1zlh__A1_P00730--1zlh__B1_Q5EPH2,0.9284553257637199,0.5,False
4h1h__A1_Q8Y6P6--4h1h__B1_Q8Y6P6,0.9696550683859662,0.5,True
2gh1__A1_Q81E32--2gh1__B1_Q81E32,0.9427157606298397,0.5,True
7dl7__F1_B0VJ11--7dl7__A1_B0VJ11,0.9904867135620578,0.5,True
7yu0__B1_Q79F77--7yu0__A1_Q79F77,0.9871330997808283,0.5,True
3cbu__B1_Q473P3--3cbu__A1_Q473P3,0.9698421590852766,0.5,True
8b1s__A1_B0LPL6--8b1s__A2_B0LPL6,0.9866969089249688,0.5,True
3ihk__A1_Q8DVV9--3ihk__A2_Q8DVV9,0.9837846592829593,0.5,True
4y67__A1_Q8IKG4--4y67__B1_Q8IKG4,0.9888770889911602,0.5,True
6ejp__B1_P69986--6ejp__A1_P69986,0.8874444301683155,0.5,True
1poy__A1_P0AFK9--1poy__B1_P0AFK9,0.9852024621096622,0.5,True
3a7o__A1_Q03818--3a7o__B1_Q03818,0.9391276450321518,0.5,True
4a2l__A1_Q89YR8--4a2l__B1_Q89YR8,0.9725459715126129,0.5,True
5n47__B1_P02751--5n47__A1_P80188,0.9348983705801162,0.5,False
8ejm__A1_O43143--8ejm__B1_Q8IWZ8,0.9430678816617724,0.5,False
1npd__B1_P0A6D5--1npd__A1_P0A6D5,0.9460607250873954,0.5,True
8h0h__A1_P9WLU7--8h0h__C1_P9WLU7,0.9679077132090345,0.5072224384767448,True
3t8l__A1_Q7CUX4--3t8l__B1_Q7CUX4,0.8652808697790516,0.5,True
7ol3__B1_Q8WXF7--7ol3__A1_Q8WXF7,0.8729661905449633,0.5,True
8ewa__B1_Q9HW02--8ewa__A1_Q9HW02,0.9314879057038696,0.5,True
2ft0__A1_Q8FBQ3--2ft0__B1_Q8FBQ3,0.954292333956589,0.5,True
2r01__A1_Q8KFI1--2r01__A2_Q8KFI1,0.9679355632182701,0.5132275132275133,True
8hno__A1_B6YTS4--8hno__B1_B6YTS4,0.980763909377617,0.5,True
6x88__A1_P52731--6x88__B1_P52731,0.9908769776851856,0.5,True
2x76__A1_Q939Q9--2x76__A2_Q939Q9,0.9925198722072253,0.5,True
7x2p__A1_Q5ZWH7--7x2p__B1_Q5ZWH7,0.8697249100501346,0.5,True
2aeu__A1_Q57622--2aeu__A2_Q57622,0.979300788528827,0.5,True
5kbg__A1_Q43965--5kbg__B1_Q43965,0.9756458153293891,0.5256408121280399,True
4p9g__A1_Q9REI7--4p9g__A2_Q9REI7,0.9781203827656305,0.4999107541276216,True
7tcv__A1_Q60932--7tcv__A2_Q60932,0.9178826670144058,0.5,True
7vkb__A1_Q5ZSZ6--7vkb__B1_Q5ZSZ7,0.85688072797722,0.5,False
7r2p__A1_Q46877--7r2p__A2_Q46877,0.9499239326600245,0.5,True
6ggl__B1_C9K1X5--6ggl__A1_C9K1X5,0.9847241029055567,0.5,True
7yi7__A1_Q9Y251--7yi7__B1_Q9Y251,0.9359755945058557,0.5,True
7yka__B1_Q9Y3D6--7yka__A1_Q9Y3D6,0.9656831953887083,0.5,True
8jea__A1_K1QRB6--8jea__D1_K1QRB6,0.9682560840149451,0.4999747551247097,True
8huc__C1_A0A0H2Z790--8huc__A1_A0A0H2Z790,0.9769501738817604,0.5,True
7unh__A1_UNDEFINED--7unh__B1_UNDEFINED,0.9688073028276981,0.5,True
5mpr__A1_O15382--5mpr__A2_O15382,0.9747567248529942,0.5,True
4ooj__B1_Q5ZSK6--4ooj__A1_Q5ZSK6,0.9348088556379214,0.5,True
8a5v__A1_Q9Y617--8a5v__C1_Q9Y617,0.9799476427681458,0.5,True
3lm2__A1_A9CH74--3lm2__B1_A9CH74,0.9746345521366767,0.5,True
7zwt__A1_P41182--7zwt__A2_P41182,0.9758710492933441,0.49997064004697594,True
6ket__A1_A0A0A0WDC6--6ket__B1_A0A0A0WDC6,0.9761212897273893,0.5,True
5zwl__B1_Q8DLU1--5zwl__A1_Q8DLG7,0.9471971163286488,0.5,False
6wmz__A1_P23246--6wmz__B1_Q15233,0.9178655179861226,0.5,False
1i4m__A1_P04156--1i4m__A2_P04156,0.830084840011439,0.5,True
2gjg__A1_Q88EQ6--2gjg__A2_Q88EQ6,0.9080333517541106,0.5,True
6k62__B2_A0A0H2X6K9--6k62__A1_A0A0H2X6K9,0.852066392010526,0.5,True
4ghm__A1_Q9KTK0--4ghm__B1_Q9KTK0,0.9597403224175495,0.5,True
1tve__A1_P31116--1tve__B1_P31116,0.9847934783492436,0.5,True
6qj2__A1_G0S2G2--6qj2__B1_G0SBJ6,0.9841474698211753,0.5,False
3onx__A1_P41697--3onx__B1_P41697,0.9542594791195538,0.5,True
8cp4__A1_Q6LXV7--8cp4__A2_Q6LXV7,0.990751614008287,0.5,True
1ob9__A1_Q97YX6--1ob9__A2_Q97YX6,0.9934104456884618,0.5,True
7zcc__B1_P46327--7zcc__A1_P46327,0.978627463108521,0.5,True
4kwd__A1_Q9UR08--4kwd__B1_Q9UR08,0.9659482851960625,0.5,True
7wuy__A1_A0A1R3S1W7--7wuy__B1_A0A1R3S1W7,0.9754735106354452,0.5,True
5gtw__A1_I3NX86--5gtw__D1_I3NX86,0.9680990563246755,0.5,True
7ekn__B1_Q5JT35--7ekn__A1_UNDEFINED,0.9345641083992339,0.5233117141719292,False
6loh__A1_O15033--6loh__A2_O15033,0.9704181442772377,0.5,True
3a9y__A1_Q68FT9--3a9y__B1_Q68FT9,0.9868757326522493,0.5,True
8ay6__B1_Q9CAJ0--8ay6__A1_A0A067E666,0.9755277689896171,0.5,False
8u5m__A1_Q8TF42--8u5m__F1_Q8TF42,0.9901363555455627,0.5,True
7twa__D1_F8JJ25--7twa__A1_F8JJ25,0.9927830074095128,0.5,True
8fju__B1_P34897--8fju__A1_P34897,0.9793972111872145,0.5,True
1fjj__A1_P12994--1fjj__A2_P12994,0.9534695675352368,0.5,True
7qlr__A1_A0A1J1J928--7qlr__D2_A0A1J1J928,0.9748265297942713,0.5,True
3vf0__B1_Q8IY67--3vf0__A2_P18206,0.9056122283969945,0.5,False
8ehe__A1_A0A0A7KVG3--8ehe__B1_A0A1D3UUC0,0.974862185816189,0.5,False
6hpc__A1_P67697--6hpc__B1_P67697,0.9345743932909572,0.5,True
2x3o__A1_Q9I585--2x3o__B1_Q9I585,0.9370491695302666,0.5,True
5y40__A1_P55892--5y40__B1_P55892,0.8827346832092127,0.5,True
1y42__A1_P12063--1y42__A2_P12063,0.9920456077069106,0.5,True
2e91__A1_Q12051--2e91__B1_Q12051,0.9605982869925265,0.5025773195876289,True
8ja2__A1_A0A0A1E3Q0--8ja2__A2_A0A0A1E3Q0,0.9765849958864665,0.5,True
3iuw__B1_Q8KUB7--3iuw__A1_Q8KUB7,0.9831528418709273,0.5,True
8e7y__A1_Q9RFC8--8e7y__B1_Q9RFC8,0.953112294492633,0.5,True
4kzn__A1_P15692--4kzn__A2_P15692,0.9364083220368952,0.5,True
7z7o__A1_A0A1S4NYF2--7z7o__C1_A0A1S4NYF2,0.9774024846506297,0.5,True
8brp__A1_D8G6F7--8brp__B1_D8G6F7,0.9648593477511722,0.5,True
3qir__A1_Q8TC59--3qir__A2_Q8TC59,0.9680444092490377,0.5,True
8bay__A1_O75874--8bay__B1_O75874,0.9744716223505426,0.5,True
6mhm__B1_Q13510--6mhm__A1_Q13510,0.9534810414975678,0.5,True
8bj7__A1_P07598--8bj7__B1_P07603,0.9383666028819831,0.5,False
5wxx__A1_Q9RNB4--5wxx__A2_Q9RNB4,0.9836648621539938,0.5224928277844302,True
8f7l__A1_P43490--8f7l__B1_P43490,0.9524674349546269,0.5,True
3cz1__A1_Q9U9J6--3cz1__B1_Q9U9J6,0.9789890800971134,0.5,True
8a0c__A1_Q2ERG0--8a0c__B1_Q2ERG0,0.9618860995469529,0.5,True
5mpy__A1_Q9LPZ1--5mpy__B1_Q9LPZ1,0.9705993671748444,0.5,True
1anu__A1_Q06851--1anu__A2_Q06851,0.9928588516746413,0.5,True
3vs8__A1_C1DM33--3vs8__C1_C1DM33,0.9714875653481949,0.5,True
7zi8__A1_P27707--7zi8__A2_P27707,0.9941314890123528,0.5,True
1peu__A1_Q08698--1peu__A2_Q08698,0.989660280447792,0.5,True
5uk5__B1_Q63722--5uk5__A1_Q07008,0.7099032279126238,0.5,False
7vg5__A1_Q49135--7vg5__B1_Q49135,0.9780881911164617,0.5,True
4jkz__A1_A0R6I8--4jkz__A2_A0R6I8,0.978906819357424,0.5,True
4aa8__A1_P00794--4aa8__A2_P00794,0.8941784334589097,0.5,True
5yew__A1_Q8IWA4--5yew__B1_Q8IWA4,0.8805018244608975,0.5,True
1hf2__B1_Q9X0D7--1hf2__A1_Q9X0D7,0.9930958581349206,0.5178571428571429,True
3au0__A1_Q7A382--3au0__A2_Q7A382,0.9442972104444969,0.5,True
3gif__A1_O34757--3gif__B1_O34757,0.9721307228246789,0.5,True
8c66__A1_UNDEFINED--8c66__D1_UNDEFINED,0.9802967636620415,0.5,True
7zcl__B1_UNDEFINED--7zcl__A1_UNDEFINED,0.9910759617262253,0.5108695652173914,True
4axv__A1_A7N805--4axv__A2_A7N805,0.9488112620686298,0.5,True
5c6u__A1_O69689--5c6u__A2_O69689,0.9407792998906259,0.5,True
4nv4__A1_A0A6L7HM74--4nv4__A2_A0A6L7HM74,0.9518006177699716,0.5,True
6axf__A1_Q7LDG7--6axf__B1_P61224,0.9693998821939642,0.5,False
5yf1__B1_Q8N4J0--5yf1__A1_Q8N4J0,0.9762799205678347,0.5,True
8j83__A1_C5ATT7--8j83__B1_C5ATT6,0.9803785469403907,0.5,False
3fjy__B1_A0ZZM4--3fjy__A1_A0ZZM4,0.9672945878041532,0.5,True
4rg1__A1_Q5T280--4rg1__B1_Q5T280,0.9917391590973886,0.5,True
1ux4__A1_P41832--1ux4__A2_P41832,0.9596821081897386,0.5,True
6rbm__A1_P0ACT4--6rbm__A2_P0ACT4,0.9748614618377367,0.5070305458385455,True
2cme__B1_P59636--2cme__A1_P59636,0.8784601623322843,0.5376809673678979,True
7wis__A1_P46881--7wis__B1_P46881,0.9348703186920089,0.5,True
5a3l__A1_A0A1A9TAD0--5a3l__C1_A0A1A9TAD0,0.981357042719807,0.5,True
3gzi__A1_A3QIY5--3gzi__A2_A3QIY5,0.9800254360903162,0.5038200346380882,True
8pr6__B1_A0A1Q6BKH4--8pr6__A1_A0A1Q6BKH4,0.9668826417347458,0.4998352282089306,True
8j64__A1_Q967S9--8j64__B1_O00816,0.9025661658334103,0.5,False
8ohw__A1_Q63T97--8ohw__B1_Q63T97,0.8221336090607632,0.5,True
5y4r__A1_O87131--5y4r__B1_Q9HVI1,0.9425078667638821,0.5,False
8d3t__B1_A0A2K2AMS7--8d3t__A1_A0A2K2AMS7,0.9746258646324907,0.5,True
1zk8__A1_Q815X4--1zk8__B1_Q815X4,0.9915967850083162,0.499983712824522,True
2w82__A1_Q47730--2w82__B1_Q47730,0.9769584554461881,0.5,True
6l08__A1_O65896--6l08__B1_O65896,0.9826482421391434,0.5,True
4p94__B1_Q4J9K8--4p94__A1_Q4J9K8,0.9690192819148935,0.5124335106382979,True
4yii__A1_O00762--4yii__B1_Q9UJX6,0.9884456525368304,0.520311926137022,False
4rus__A1_P68512--4rus__B1_P68512,0.9296518309942506,0.5,True
2o48__A1_Q9TQS6--2o48__A2_Q9TQS6,0.983148299822231,0.5,True
7pvw__B1_P00523--7pvw__A1_P00523,0.8202982239158533,0.5063427597272363,True
2wcu__A1_Q8R2K1--2wcu__B1_Q8R2K1,0.9709724138036617,0.5084745762711864,True
2p35__A1_Q8UH15--2p35__B1_Q8UH15,0.9398116794308657,0.5,True
6rfg__A1_Q49PR7--6rfg__D1_Q49PR7,0.9265644322541776,0.5,True
5jj8__A1_Q9HVB9--5jj8__A2_Q9HVB9,0.8654580751053113,0.5,True
6ije__A1_A0A083ZID3--6ije__B1_A0A083ZID3,0.9795529473046353,0.5,True
8avu__A1_Q8GPI4--8avu__A2_Q8GPI4,0.9869924314368759,0.5183242683242684,True
7xdu__B1_A0A1I1Z0X1--7xdu__A1_A0A1I1Z0X1,0.988143109029185,0.5031603989578673,True
1xr4__A1_Q8ZRY1--1xr4__B1_Q8ZRY1,0.9343776063457426,0.5,True
2fuq__A1_C6XZB6--2fuq__B1_C6XZB6,0.9589020370309227,0.5,True
5xrw__A1_O25306--5xrw__C1_O25674,0.9232906102151037,0.5018084023608885,False
5l0o__A1_P46940--5l0o__B1_P46940,0.9955336201715712,0.5,True
8vsy__B1_UNDEFINED--8vsy__A1_UNDEFINED,0.9223945605017614,0.5,True
2zcx__A1_Q9FBX0--2zcx__A2_Q9FBX0,0.9845551754963913,0.5,True
5way__A1_Q97P44--5way__B1_Q97P44,0.9721887278548711,0.5,True
7xey__A1_Q9SU72--7xey__B1_Q9S745,0.9524285478671118,0.5,False
4xlo__C1_Q9KHK2--4xlo__A1_Q9KHK2,0.9685722061793961,0.5,True
6kd6__B1_Q9VAA9--6kd6__A1_Q9VAA9,0.8872936484494574,0.5,True
8k72__A1_Q9NWT6--8k72__A2_Q9NWT6,0.9801879049178852,0.5,True
8b5v__A1_Q4E4A3--8b5v__B1_Q4E4A3,0.9952920254677153,0.5,True
4yo3__A1_D3GUX1--4yo3__A2_D3GUX1,0.9827570669154828,0.5,True
8p8p__A1_P49773--8p8p__B1_P49773,0.9711205958455252,0.5159863452067162,True
6hrx__A1_O53623--6hrx__B1_O53623,0.9842350296547936,0.5064102564102564,True
3mdo__A1_A6LDR8--3mdo__B1_A6LDR8,0.9942380148284602,0.5,True
8iw0__A1_Q14678--8iw0__B1_Q14678,0.9720819623672848,0.5286885245901639,True
2rb7__A1_Q313A9--2rb7__B1_Q313A9,0.959830418051018,0.5,True
8h6s__A1_Q76KY5--8h6s__C1_Q76KY0,0.9769061800654156,0.5,False
3lsj__A1_Q9HUS3--3lsj__B1_Q9HUS3,0.9556872439682691,0.5,True
7pxq__A1_UNDEFINED--7pxq__A2_UNDEFINED,0.9524443920798401,0.5,True
8g0q__A1_P40460--8g0q__B1_P33895,0.9249995322877367,0.5,False
6ms4__A1_Q9ULC4--6ms4__B1_O43583,0.8921877614771015,0.5,False
7y6b__A1_A0A411GZY8--7y6b__B1_A0A411H025,0.9305675802701232,0.5,False
7zyt__A1_P09622--7zyt__B1_P09622,0.9780051305108587,0.5,True
7lle__A1_Q6QVT7--7lle__B1_Q6QVT7,0.967185905510316,0.5,True
4csw__A1_D0MK34--4csw__B1_D0MK34,0.9766593592541338,0.5,True
7tev__A1_P04181--7tev__A2_P04181,0.9696470000283486,0.5,True
3zta__A1_Q2RIF4--3zta__A2_Q2RIF4,0.9914816281606781,0.5,True
3abi__A1_O59312--3abi__B1_O59312,0.9990638153698009,0.5,True
5ab8__A1_P9WN25--5ab8__A2_P9WN25,0.9841411084511495,0.5,True
1guq__A1_P09148--1guq__B1_P09148,0.9800610838111133,0.5,True
6zdw__B1_A0A162MUP0--6zdw__A1_A0A162MUP0,0.9817199293593961,0.5,True
8csd__A1_Q6U8B0--8csd__A2_Q6U8B0,0.9877065100483475,0.5,True
3na2__A1_UNDEFINED--3na2__B2_UNDEFINED,0.9628482972136223,0.5,True
8bfr__A1_P30177--8bfr__A2_P30177,0.99666869525852,0.5,True
7yk3__A1_O53604--7yk3__B1_O53605,0.9795027345961471,0.5,False
6xiv__A1_P16114--6xiv__B2_P16114,0.9678911404766861,0.5,True
8ajx__A1_P17117--8ajx__A2_P17117,0.9538469499175786,0.5057636887608069,True
8ayj__A1_D5EHC5--8ayj__B1_D5EHC5,0.9837768241173376,0.5,True
4tt0__B1_P10220--4tt0__A1_P10220,0.9524427526795552,0.5,True
8a6e__B2_P02699--8a6e__A1_P02699,0.9711355595136384,0.5,True
4jb7__A1_Q9KTQ6--4jb7__A2_Q9KTQ6,0.9241454557322186,0.5,True
6h3f__A1_A0A0H3JT80--6h3f__A2_A0A0H3JT80,0.9908051291774318,0.5,True
6wxw__A1_F2NWD3--6wxw__B1_F2NWD3,0.993965843748924,0.5,True
2zw2__A1_F9VNF4--2zw2__B1_F9VNF4,0.9114162538983672,0.5,True
2wo2__A1_P54764--2wo2__B1_P52799,0.9628845543640521,0.5,False
4u66__A1_A8MI53--4u66__A2_A8MI53,0.9902673521832965,0.5,True
1ord__A1_P43099--1ord__B1_P43099,0.9564194758163186,0.5,True
7zcm__A1_P42196--7zcm__B1_P42259,0.9365480657994979,0.5,False
8aa9__A1_Q9V1Y9--8aa9__B1_Q9V1Y9,0.6182749985115503,0.5,True
4i6y__B1_P13702--4i6y__A1_P13702,0.9348934354322255,0.5,True
1vh4__B1_P77689--1vh4__A1_P77689,0.9808769472301432,0.5,True
3ocd__A1_D7A6E5--3ocd__B1_Q7BQR5,0.9690692475411968,0.5,False
8pq7__A1_M1C5B8--8pq7__B1_D0N0Z8,0.8712364029319714,0.5,False
8gic__A1_Q70AZ9--8gic__D1_Q70AZ5,0.8955197243862318,0.5,False
5abr__A1_P82802--5abr__B1_P82802,0.9519156418107889,0.5,True
2zmf__A1_Q9Y233--2zmf__B1_Q9Y233,0.9878427402934368,0.4999650947677057,True
2vzk__B1_P0DJQ5--2vzk__A1_P0DJQ5,0.966416327956848,0.49998634327542885,True
7wm5__A1_A0A0C2W699--7wm5__A2_A0A0C2W699,0.9684430205685342,0.5,True
1zee__A1_Q8E972--1zee__B1_Q8E972,0.9620160880613327,0.5,True
1f3u__B1_P35269--1f3u__A1_P13984,0.9515736955283758,0.49993837811190533,False
7tvh__B1_Q9I2Q1--7tvh__A1_Q9I2Q1,0.9796588961441806,0.5,True
5vgm__B1_Q9KL24--5vgm__A1_Q9KL24,0.9860352197134905,0.5,True
2b5l__A1_Q16531--2b5l__C1_P11207,0.961476351131471,0.5,False
4zzh__A1_Q96EB6--4zzh__A2_Q96EB6,0.9461601598899233,0.5,True
8in9__A1_E0D202--8in9__B1_E0D202,0.96599434097931,0.5,True
6m4v__A1_P0AEX9--6m4v__B1_P62942,0.9525555119584798,0.5,False
7y28__A1_P07814--7y28__B1_P07814,0.9795896856670169,0.5,True
7y7u__A1_A0A222F232--7y7u__B1_A0A222F232,0.9758418217896265,0.5,True
3fgc__A1_P07740--3fgc__B1_P07739,0.9756041926875856,0.5,False
1rve__A1_P04390--1rve__B1_P04390,0.9888261282678902,0.49997476319464307,True
7zy1__A1_Q9F8A8--7zy1__A2_Q9F8A8,0.9845879096740104,0.5,True
3jxo__B1_A0A0F6AN26--3jxo__A1_A0A0F6AN26,0.9594900849858358,0.5557542492917847,True
8dqb__A1_A0A0H3FX83--8dqb__A2_A0A0H3FX83,0.960191785400911,0.4999963439602223,True
5l16__A1_Q4Q0M0--5l16__A2_Q4Q0M0,0.9921227844637015,0.5,True
2gz4__A1_Q7D028--2gz4__C1_Q7D028,0.9658394664995695,0.5,True
7xyv__A1_Q9C0D3--7xyv__B1_Q9C0D3,0.9673837469167481,0.49999172281358123,True
2f9w__A1_Q9HWC1--2f9w__B1_Q9HWC1,0.979097890862684,0.5,True
2ox1__A1_O30011--2ox1__B1_O30011,0.993791799815501,0.5350355802956648,True
2guh__A1_Q0S8Y3--2guh__B1_Q0S8Y3,0.9815195884784874,0.5,True
7br1__A1_A0A7I6N400--7br1__B1_A0A7I6N400,0.9791229735038883,0.5192119920037901,True
2p04__A1_D0VWX5--2p04__B1_D0VWX5,0.9859766485228736,0.49995516901282167,True
4h5b__A1_Q9RUY5--4h5b__B1_Q9RUY5,0.9462061885799579,0.5,True
4e1o__A1_P19113--4e1o__B1_P19113,0.9748520682222775,0.5,True
7pu4__B1_Q9X053--7pu4__A1_Q9X053,0.9740604516701491,0.5061861350430775,True
3m1u__A1_Q72DN3--3m1u__B1_Q72DN3,0.9343932945933698,0.5,True
4pww__A1_UNDEFINED--4pww__A2_UNDEFINED,0.9476308301913141,0.5,True
6ird__A1_Q91UZ1--6ird__B1_Q8NI35,0.8175575629502527,0.5,False
6gg2__A1_Q4WD43--6gg2__A2_Q4WD43,0.9668712837293834,0.5,True
6oei__A1_Q8KG60--6oei__A2_Q8KG60,0.9829079110747232,0.5,True
8hyi__A1_P22223--8hyi__B1_P22223,0.9172352372289994,0.5,True
4b8v__A1_B3VBK9--4b8v__A2_B3VBK9,0.9922415204678362,0.5,True
4lqb__A1_D2Q399--4lqb__B1_D2Q399,0.9787578979123256,0.508998731864829,True
2vxb__A1_P87074--2vxb__B1_P87074,0.985137442932827,0.5,True
5z1o__A1_D0VWU8--5z1o__B1_D0VWU8,0.7762933762332506,0.5,True
6h40__A1_K5B7F3--6h40__A2_K5B7F3,0.9939862392707259,0.5,True
2etk__A1_Q13464--2etk__B1_Q13464,0.9839730514989851,0.5,True
2p69__A1_Q96GD0--2p69__A2_Q96GD0,0.9960949312311654,0.5,True
4doy__A1_Q6WNP1--4doy__C1_Q6WNP1,0.9699159829009748,0.5,True
6zxw__A1_O29011--6zxw__B1_A0A117KMN5,0.9539017464321841,0.5,False
3lhk__A1_Q60329--3lhk__B1_Q60329,0.9827194892606157,0.509925764624369,True
1qpa__A1_P11542--1qpa__B1_P11542,0.9867149104539775,0.5,True
6e52__A1_P03069--6e52__B1_P03069,0.9596400554750417,0.5053963902238396,True
2ijd__A1_Q1PHW8--2ijd__A2_Q1PHW8,0.9053193130036776,0.5,True
1fwl__A1_Q58504--1fwl__B1_Q58504,0.9964555950728169,0.5044987905453021,True
5nkk__A1_O62301--5nkk__B1_Q9XWJ1,0.9823190427796415,0.5,False
1ygt__A1_Q94524--1ygt__A2_Q94524,0.9312701334730015,0.5,True
7zq1__B1_Q32ZE1--7zq1__A1_Q32ZE1,0.8807166839019457,0.5,True
6p40__A1_M1GSK9--6p40__B1_M1GSK9,0.9765936316430843,0.5,True
2wyn__B1_P13482--2wyn__D1_P13482,0.9797015535167037,0.5,True
7yui__A1_P0CG48--7yui__B1_Q9BYM8,0.9279646148890923,0.5,False
2oi2__A1_A0A0H2UNK6--2oi2__A2_A0A0H2UNK6,0.9781623561495876,0.5,True
4wud__A1_P0AES6--4wud__A2_P0AES6,0.970878674929839,0.5,True
5yzj__A1_A8K0B5--5yzj__B1_A8K0B5,0.8938939042049454,0.5,True
8f61__A1_Q28943--8f61__B1_Q28943,0.9316670882063138,0.5,True
7udi__B1_Q9RYE6--7udi__A1_Q9RYE6,0.9450199650323104,0.5,True
5ho3__A1_W6KHH6--5ho3__B1_W6KHH6,0.9672993794090208,0.5,True
1u5i__A1_Q07009--1u5i__B1_Q64537,0.9662024991317565,0.5,False
1cmc__A1_P0A8U6--1cmc__B1_P0A8U6,0.981776471112299,0.5748823258645522,True
6oe2__A1_Q8A9F0--6oe2__A2_Q8A9F0,0.9956339540567039,0.5,True
3ent__A1_Q2YAE2--3ent__B1_Q2YAE2,0.9812653929982688,0.6607168361807598,True
2y4g__A1_D3Y1I2--2y4g__B1_D3Y1I2,0.971209870717068,0.5,True
7ec7__A1_A0A0H2XGN0--7ec7__A2_A0A0H2XGN0,0.985139959115261,0.5,True
2o11__A1_P9WPY1--2o11__A2_P9WPY1,0.9565902389047962,0.5,True
8abq__A1_Q13596--8abq__B1_Q9Y5X3,0.971796956219271,0.5,False
6shw__A1_Q96724--6shw__A2_Q96724,0.9248888354765052,0.5687074012395489,True
7wn7__B1_Q99H25--7wn7__A1_Q99H25,0.9454330440247514,0.5,True
2sak__A1_P68802--2sak__A2_P68802,0.7776505571125846,0.5,True
8h5e__A1_Q5SMG8--8h5e__B1_Q5SMG8,0.89739893740835,0.5,True
8bgm__B1_A0A5P3XKL3--8bgm__A1_A0A5P3XKM0,0.9649950275087605,0.5,False
8sua__A1_UNDEFINED--8sua__A2_UNDEFINED,0.9920073838419543,0.5,True
2ps8__A1_P13513--2ps8__B1_P13513,0.9885496899868963,0.5,True
6awl__A1_O75208--6awl__B1_O75208,0.9890499810070856,0.5,True
4qds__A1_O60462--4qds__B1_O60462,0.9770342579494433,0.5,True
6qky__B1_Q97P33--6qky__A1_Q97P33,0.9239869226749078,0.5,True
7nli__B1_P08405--7nli__A1_P08405,0.967963721099544,0.5,True
8p3m__A1_W0DP94--8p3m__B1_W0DP94,0.9915852638445313,0.5,True
5v7y__A1_A0A4Y1WAP5--5v7y__B1_A0A4Y1WAP5,0.9846692760865579,0.5,True
4aps__A1_Q5M4H8--4aps__B1_Q5M4H8,0.9414193021034503,0.5,True
7ucn__A1_P50120--7ucn__B1_P50120,0.7934842792583379,0.49997172905122694,True
1ni5__A1_P52097--1ni5__A2_P52097,0.9749194551897027,0.5,True
8d04__B1_UNDEFINED--8d04__A1_UNDEFINED,0.9382731716602766,0.5295797265208404,True
4a5o__B1_Q9I2U6--4a5o__A1_Q9I2U6,0.9769081135515646,0.5,True
8q5k__A1_A0A0H2Z7A6--8q5k__A2_A0A0H2Z7A6,0.9176590691695847,0.5,True
1ww5__A1_Q6WY08--1ww5__D1_Q6WY08,0.9949857106197365,0.5148862081321743,True
7ww2__A1_A0A4Q9D6T1--7ww2__B1_A0A4Q9D6T1,0.97652705760371,0.5,True
2pfk__A1_P0A796--2pfk__B1_P0A796,0.9700421583965473,0.5,True
1i2m__B1_P18754--1i2m__A1_P62826,0.9281349897267556,0.5,False
8i2e__A1_O34841--8i2e__B1_P54421,0.94802492489151,0.5,False
3pfl__A1_P09373--3pfl__B1_P09373,0.9955657251966671,0.5,True
6gho__B1_Q5L1S1--6gho__A1_O31602,0.874226992795724,0.5,False
1glj__A1_P0A6F3--1glj__B1_P0A6F3,0.9939435059664146,0.5,True
4zq8__B1_A0A0M3KL36--4zq8__A1_A0A0M3KL36,0.9773043549572121,0.5,True
5h4h__B1_O58236--5h4h__A1_O58236,0.971759605946225,0.5195686052277396,True
4iv9__A1_P06617--4iv9__B1_P06617,0.9598616029268147,0.5,True
6sdk__A1_P26497--6sdk__B1_P26497,0.969519467095153,0.5,True
2fq4__A1_Q81BJ4--2fq4__A2_Q81BJ4,0.9906589735448291,0.5,True
7zeq__B1_Q9WXT1--7zeq__A1_Q9WXT1,0.9596647079207146,0.5,True
5z5h__A1_Q2I2N4--5z5h__A2_Q2I2N4,0.984053162505152,0.5,True
2fe1__A1_Q8ZZP3--2fe1__A2_Q8ZZP3,0.9852104491556967,0.5581833742255172,True
7wik__B1_A0R1E6--7wik__A1_A0R1E6,0.9311588251300837,0.5,True
7t8o__B1_Q8Y8Y9--7t8o__A1_Q8Y8Y9,0.9609978115968661,0.512086416865739,True
7t91__A1_P08151--7t91__B1_P08151,0.9288219305738914,0.5,True
3lg6__A1_D2YW48--3lg6__B1_D2YW48,0.987867705617107,0.5,True
2o9a__A1_P16528--2o9a__D1_P16528,0.9792814490432914,0.5,True
1zhq__A1_Q9RHG4--1zhq__B1_Q9RHG4,0.9304371463167519,0.5,True
2e0k__B1_Q8KFD9--2e0k__A1_Q8KFD9,0.9548522213361594,0.5,True
3a2f__A1_P61875--3a2f__B1_O73947,0.9747943354279853,0.5,False
3isx__A1_Q9X0E0--3isx__A2_Q9X0E0,0.9160344948648171,0.5,True
2vkj__A1_Q9X1W9--2vkj__B1_Q9X1W9,0.9374328197778574,0.5,True
5csr__D1_Q9HLB6--5csr__A1_Q9HLB6,0.986610768897028,0.5,True
7tur__B1_P00503--7tur__A1_P00503,0.9209308753121359,0.5,True
3vol__A1_Q9I6V6--3vol__A2_Q9I6V6,0.9223336851326269,0.5,True
3jqz__A1_P02768--3jqz__B1_P02768,0.9558432954536505,0.5,True
1vkd__A1_Q9X0V2--1vkd__B1_Q9X0V2,0.9499565958445009,0.5,True
8b31__B1_A0A2W4LV58--8b31__A1_A0A2W4LV58,0.98114269300718,0.5031055900621118,True
5vlb__A1_G7IKX3--5vlb__B1_G7IKX3,0.9386679240511189,0.5,True
2oer__B1_Q9I3U1--2oer__A1_Q9I3U1,0.9935712425641428,0.5,True
2ylz__A1_Q47PU3--2ylz__A2_Q47PU3,0.9648872004033903,0.5,True
8bjp__B1_A0A1W6VSR4--8bjp__A1_A0A1W6VSR4,0.9115967652312877,0.5,True
6kcx__A1_Q9WZL1--6kcx__A2_Q9WZL1,0.9892909557015657,0.5,True
7xmj__C1_A9QSE8--7xmj__A1_A9QSE8,0.9726157946589599,0.5,True
1pix__A1_Q06700--1pix__B1_Q06700,0.9534342368096955,0.5,True
3l8i__B1_Q9BUL8--3l8i__A1_Q9BUL8,0.9828196175614727,0.5,True
6l2u__A1_Q27RN2--6l2u__B1_Q27RN2,0.93939041854684,0.5,True
6sl2__A1_C4LWU6--6sl2__A2_C4LWU6,0.9664216603029432,0.5,True
1u6z__B1_P0AFL6--1u6z__A1_P0AFL6,0.9667742067120043,0.5,True
3pm9__A1_Q6NAV4--3pm9__B1_Q6NAV4,0.9377878475433367,0.5,True
3a5y__B1_P0A8N7--3a5y__A1_P0A8N7,0.9733405856885504,0.5,True
7xgn__A1_UNDEFINED--7xgn__B1_UNDEFINED,0.957498485797596,0.5,True
6bn1__B1_Q9VCR6--6bn1__A1_Q8T0S6,0.7316183134482721,0.5,False
8ji6__A1_A0A861B387--8ji6__B1_A0A861B387,0.9944254881725185,0.5046728971962616,True
2pjs__A1_A9CIG0--2pjs__B1_A9CIG0,0.9562972856128213,0.5115469536485193,True
8ke8__A1_Q9HXS0--8ke8__B1_Q9HXS0,0.9852121604324882,0.5,True
3h7l__A1_Q87LX4--3h7l__A2_Q87LX4,0.9776037157944466,0.5,True
7zs8__A1_A0A1D3HIT0--7zs8__B1_A0A1D3HIT0,0.9732522240204518,0.5,True
2vc4__A1_P02879--2vc4__A2_P02879,0.8934727950220678,0.5,True
1xe8__B1_Q03629--1xe8__A1_Q03629,0.9918668462847419,0.5,True
7tn6__A1_Q84Y01--7tn6__A2_Q84Y01,0.9794554010695187,0.5,True
7yo6__A1_G8GLP2--7yo6__A2_G8GLP2,0.9895244534782791,0.5,True
8k76__A1_Q8R6D8--8k76__B1_Q8R6D8,0.9919916492384822,0.5,True
1vgx__B1_Q9RRU8--1vgx__A1_Q9RRU8,0.913421856110237,0.5,True
3cet__B1_Q6M145--3cet__A1_Q6M145,0.9846675532107948,0.5,True
4zlh__B1_P0AB60--4zlh__A1_P0AB60,0.993395031221425,0.5,True
2y84__A1_Q7WT50--2y84__E1_Q7WT50,0.9871778575420629,0.5,True
4me9__A1_Q736B0--4me9__B1_Q736B0,0.9820115844212229,0.5,True
2z51__A1_Q93W20--2z51__A2_Q93W20,0.929685672205152,0.5,True
8ajq__A1_Q9I0C0--8ajq__B1_Q9I0C0,0.9552276258084558,0.5,True
3gdm__A1_P03962--3gdm__B1_P03962,0.9888996311247842,0.5,True
5khn__A1_UNDEFINED--5khn__B1_UNDEFINED,0.9582147000077891,0.5,True
7yfj__A2_Q15007--7yfj__B1_Q15007,0.94541026929041,0.5,True
2rkl__F1_Q06263--2rkl__E1_Q06263,0.9555952913127701,0.6270039531234934,True
8cwp__A1_Q06282--8cwp__A2_Q06282,0.9925244692410387,0.5,True
4neh__A1_P20702--4neh__B1_P05107,0.9703521634084077,0.5,False
2prv__A1_O34596--2prv__B1_O34596,0.971486920211681,0.5,True
6kvn__A1_A0A1S4CVP6--6kvn__A2_A0A1S4CVP6,0.9845542433188025,0.5215608057947755,True
5tgq__A1_A0A1S4NYF7--5tgq__A2_A0A1S4NYF7,0.9838032517644167,0.5,True
6b3i__A1_P27216--6b3i__B1_P27216,0.9742986287131421,0.5,True
1rqn__A1_O31156--1rqn__B1_O31156,0.9986971276208944,0.524390243902439,True
5l7z__A1_P28750--5l7z__A2_P28750,0.9742623488826474,0.5,True
7ljh__A1_Q769D3--7ljh__B2_Q769D3,0.9923521185280888,0.5151452599910078,True
7xmw__B1_U2Q5N5--7xmw__A1_U2Q5N5,0.8456715028085668,0.5,True
7w2o__A1_Q9HZP1--7w2o__B1_Q9HZP1,0.9927563877766773,0.5,True
7uay__A1_P08684--7uay__A2_P08684,0.999068857219513,0.5,True
5czf__D1_A0A0H3JHG3--5czf__A1_Q8XAD5,0.7462488185255198,0.5,False
8p4l__A1_UNDEFINED--8p4l__B1_UNDEFINED,0.9907965690672554,0.5,True
2p6p__A1_Q9RPA7--2p6p__B1_Q9RPA7,0.9542410558772536,0.5,True
4u64__A1_Q5ZXA3--4u64__A2_Q5ZXA3,0.9635559088500264,0.5,True
7qbm__A1_P43235--7qbm__B1_P43235,0.9027551651458358,0.5,True
3nvm__A1_Q8U4M1--3nvm__B1_Q8U4M2,0.9656086587794801,0.5,False
7q86__A1_UNDEFINED--7q86__B1_UNDEFINED,0.9647413965845858,0.5,True
3wws__A1_Q13188--3wws__D1_Q13188,0.7358649155722327,0.5,True
4c87__A1_F9UMG7--4c87__B1_F9UMG7,0.8918781924574828,0.5,True
2d7e__A1_P17888--2d7e__B1_P17888,0.9180052074376639,0.5,True
7xro__A1_Q9RQ20--7xro__B1_Q9RQ20,0.9568701511566152,0.5,True
5yrj__A1_B6F0T7--5yrj__B1_A0A2Z5V8U8,0.9442961165048543,0.5,False
6yev__C1_P0A744--6yev__A1_P0AA25,0.8426475912650385,0.5,False
8glr__A1_Q8ZJX7--8glr__A2_Q8ZJX7,0.9612487726903421,0.5,True
5fwt__A1_Q96MU8--5fwt__A2_Q96MU8,0.9807367045988244,0.5,True
4e6s__A1_Q3URR7--4e6s__A2_Q3URR7,0.9581401882286839,0.5,True
8enb__B1_A7DT38--8enb__A1_A0T3A2,0.8534433007450795,0.5,False
8h4p__A1_I1S104--8h4p__B1_I1S104,0.9789166749123601,0.5,True
4cu5__A1_B6SBV8--4cu5__F1_B6SBV8,0.9903517315621041,0.49993042994295256,True
8elf__B1_Q6DYE4--8elf__A1_Q6DYE4,0.9222528117876039,0.5,True
1ax2__A1_P16404--1ax2__A2_P16404,0.9825058321909454,0.5,True
8i33__C1_A0A6Q8PFJ0--8i33__A1_A0A6Q8PFJ0,0.9588015888393723,0.5288461538461539,True
3q9l__A1_P0AEZ3--3q9l__B1_P0AEZ3,0.9389488944925173,0.5,True
8ak1__A1_UNDEFINED--8ak1__B1_O25273,0.9851689053824579,0.5,False
2yk4__A1_P72097--2yk4__A2_P72097,0.9588451404035937,0.5,True
7u5f__C1_Q9HTM2--7u5f__A1_Q9HTM2,0.9909837790384348,0.5,True
5xt3__B1_A0A0U1MUE2--5xt3__A1_A0A0U1MUE2,0.9642218714165007,0.5,True
5iws__A1_Q63GK8--5iws__A2_Q63GK8,0.9536663599167716,0.5,True
2owl__A1_P36767--2owl__B1_P36767,0.955755441739415,0.5,True
8bca__A1_O75643--8bca__B1_Q6P2Q9,0.8669124686749965,0.5,False
4ml7__A1_P61626--4ml7__B1_UNDEFINED,0.7864358275197834,0.5,False
3mcb__B1_P20290--3mcb__A1_Q13765,0.9210679742852178,0.5378945539489179,False
8gy8__A1_Q8TZT0--8gy8__B1_Q8TZT0,0.9774711955265034,0.5,True
8dkd__A1_G7CIP4--8dkd__A2_G7CIP4,0.9743340999147043,0.5,True
7dus__A1_P08965--7dus__A2_P08965,0.9224572904251093,0.5,True
8gb1__A1_Q9Y3Z3--8gb1__B1_Q9Y3Z3,0.9678397379287889,0.5,True
7cov__A1_Q06801--7cov__A2_Q06801,0.9727609091674183,0.5,True
6ign__A1_Q61768--6ign__A2_Q61768,0.9002733150759153,0.5,True
1fzr__A1_P00641--1fzr__B1_P00641,0.9575906974225686,0.5,True
3be5__A1_Q8XBR1--3be5__B1_Q8XBR1,0.9602792070563274,0.5,True
2ecs__A1_P03040--2ecs__B1_P03040,0.8970122466216216,0.5,True
4hn3__B1_Q8Y6D1--4hn3__A1_Q8Y6D1,0.9641813651493367,0.5,True
4o8y__A1_Q08723--4o8y__B1_P43588,0.969048216171886,0.5,False
7uoi__A1_A0A1S8KJG1--7uoi__A2_A0A1S8KJG1,0.987223073391947,0.5,True
7vma__A1_C5A758--7vma__A2_C5A758,0.9813138695650688,0.5,True
7d9m__A1_A0A4D6NYT7--7d9m__B2_A0A4D6NYT7,0.9831383054902655,0.5,True
2py8__C1_Q55670--2py8__B1_Q55670,0.9156584230345965,0.5,True
7ytl__A1_E1BR24--7ytl__A2_E1BR24,0.9916067609724558,0.5,True
7vxt__A1_Q63W52--7vxt__B1_Q63W52,0.9788451454621834,0.4999383401159206,True
5cv3__A1_E3M3V1--5cv3__A2_E3M3V1,0.9533879133337861,0.5,True
8c9v__A1_Q1JXV1--8c9v__A2_Q1JXV1,0.9904430106182984,0.5,True
3tsn__A1_Q9PN58--3tsn__B1_Q9PN58,0.9745899706396801,0.5,True
8j51__A1_A0A0E9MUN5--8j51__B1_A0A0E9MUN5,0.9579886322071298,0.5,True
6cz9__A1_Q7WTU0--6cz9__B1_Q7WTT9,0.9682838684581256,0.5,False
8pzo__A1_F9UT68--8pzo__A2_F9UT68,0.9873003390661383,0.5,True
3tqg__B1_Q83DG4--3tqg__A1_Q83DG4,0.9563454300721277,0.5,True
7czg__C1_Q8TDY2--7czg__A1_Q8TDY2,0.9554015887025595,0.5199448367166813,True
7eev__B1_A0A3D9R4E8--7eev__A1_A0A3D9R4E8,0.9600600181819203,0.5,True
8ori__A1_Q2KB35--8ori__B1_Q2KB35,0.9218808002348579,0.5,True
7o6z__A1_A0A7R8L7W4--7o6z__B1_A0A7R8L7W4,0.9898727192513941,0.5,True
8pmr__A1_Q4WL81--8pmr__B1_Q4WL81,0.8726659674924873,0.5027322404371585,True
3fmy__A1_Q46864--3fmy__A2_Q46864,0.9831717008452032,0.5261958278614002,True
7f0o__B1_A0A2I1C3W8--7f0o__A1_A0A2I1C3W8,0.9864040062655772,0.5,True
3ojm__B1_P21802--3ojm__A1_P05230,0.8735797118768776,0.5,False
6xgz__A1_P63386--6xgz__B1_P64602,0.9852731223751366,0.5,False
7x2y__A1_A0A076PYH9--7x2y__B1_A0A076PYH9,0.9920917914768058,0.5,True
8i34__A1_A0AA52HX42--8i34__B1_A0AA52HX50,0.9680500983606557,0.5,False
5i4h__B1_P07711--5i4h__A1_P07711,0.9646287142929306,0.5,True
4e6h__A1_Q6CII8--4e6h__A2_Q6CII8,0.9857071896473851,0.5,True
6x7p__A1_Q8GGP1--6x7p__A2_Q8GGP1,0.9840566490807411,0.5,True
3exq__A1_Q03S37--3exq__A2_Q03S37,0.9690463065049614,0.5,True
2qvc__A1_Q9WXW9--2qvc__B2_Q9WXW9,0.9973201523530513,0.5,True
6yoa__A1_O82015--6yoa__B1_O82015,0.9195873634967223,0.5,True
7qnm__A1_G0L7V6--7qnm__B1_G0L7V6,0.9925550246047048,0.5,True
3p8v__A1_Q9V228--3p8v__B1_Q9V228,0.9869050250265673,0.5,True
4re1__A1_P28347--4re1__D1_P46937,0.8933904145348229,0.5,False
8iw5__A1_Q8C8U0--8iw5__B1_Q8C8U0,0.8930445939115897,0.5268540992074292,True
7sq2__B1_Q01970--7sq2__A1_P21279,0.9539906324846481,0.5,False
4lqx__B1_Q97VD2--4lqx__A1_Q97VD2,0.9956233134393034,0.5,True
3owf__A1_P00644--3owf__A2_P00644,0.9264166521630238,0.5,True
2dpl__A1_O59072--2dpl__B1_O59072,0.978062404791487,0.5,True
4ap5__A1_Q9Y2G5--4ap5__B1_Q9Y2G5,0.9857309403758197,0.5,True
8evy__A1_Q9LCT6--8evy__A2_Q9LCT6,0.9984262655540825,0.5,True
5npo__A1_P62593--5npo__B1_D3INY1,0.906277237332735,0.5,False
5uhs__A1_B0SR19--5uhs__B1_B0SR19,0.8902479193658184,0.5,True
5t3v__B1_Q9Y2C4--5t3v__A1_Q9Y2C4,0.9629033704460219,0.5,True
8f2l__A1_P9WJY9--8f2l__B1_P9WJY9,0.9847458760664303,0.5,True
8h1l__B1_A0A7U4E834--8h1l__A1_A0A7U4E834,0.9306621163938423,0.5,True
1nye__A1_P0C0L2--1nye__B1_P0C0L2,0.9578885890208988,0.5018588601159313,True
2ou6__A1_Q9RVG4--2ou6__A2_Q9RVG4,0.982280316163117,0.5,True
1vbi__A1_Q53W84--1vbi__A2_Q53W84,0.9647469745600122,0.5,True
2oqb__A1_Q4AE70--2oqb__B1_Q4AE70,0.9238116557613524,0.5,True
8ajy__A1_A0AEF6--8ajy__B1_UNDEFINED,0.969052662227754,0.5,False
6saz__B1_Q9UGM5--6saz__A1_P07584,0.9232700939842942,0.5,False
8gzy__A1_P0A9A6--8gzy__B1_UNDEFINED,0.9446921961423457,0.5,False
6l9x__A1_F6VRB7--6l9x__A2_F6VRB7,0.9358888780244016,0.5,True
3ica__B1_Q7MXR4--3ica__A1_Q7MXR4,0.9679493428890057,0.5,True
6o15__A1_P39353--6o15__B1_P39353,0.9780828694337593,0.5,True
2ohc__A1_Q9HIY5--2ohc__B1_Q9HIY5,0.9736870864027208,0.5,True
8qfo__A1_A0A840P3H4--8qfo__B1_A0A840P3H4,0.9655034871212212,0.5,True
5zmy__A1_F1LJ99--5zmy__B1_F1LJ99,0.9547295762677714,0.5,True
6tx3__B1_Q9NWY4--6tx3__A1_Q9UGN5,0.9913460195458298,0.5,False
4tx5__A1_Q9NR28--4tx5__B1_Q9NR28,0.9737951786024966,0.5,True
7wnk__B1_A0A1E5TT85--7wnk__A1_A0A1E5TT85,0.9868313527180784,0.5,True
2fn0__B1_Q9X9I8--2fn0__A1_Q9X9I8,0.9991763914758899,0.5,True
5x89__A1_Q8TGZ7--5x89__A2_Q8TGZ7,0.9441791565645434,0.5,True
2j0t__A1_P03956--2j0t__D1_P01033,0.8674442292568173,0.5,False
2i9i__A1_O25234--2i9i__A2_O25234,0.9442763908766463,0.5,True
3rtr__G1_Q13616--3rtr__H1_P62877,0.9498066933730432,0.5,False
8bjd__A1_UNDEFINED--8bjd__A2_UNDEFINED,0.9701864650493993,0.5034246575342466,True
7lq2__A1_A0A023X3Z4--7lq2__B1_A0A023X3Z4,0.9469419694704345,0.5,True
6aht__A1_A1BZ87--6aht__B1_A1BYM8,0.9563459767611581,0.5,False
8tto__A1_UNDEFINED--8tto__B1_UNDEFINED,0.8566262343869775,0.5,True
8czp__A1_A0A0D5ZBI4--8czp__B1_A0A0D5ZBI4,0.9625213395201975,0.5,True
4ro3__A1_M1RHE3--4ro3__B1_M1RHE3,0.9600429389312977,0.5,True
1c0n__A1_P77444--1c0n__A2_P77444,0.9704011058120011,0.5,True
7tq0__A1_P00459--7tq0__A2_P00459,0.989915898165455,0.5,True
1o4w__A1_O29664--1o4w__A2_O29664,0.9929557389467479,0.6140922856653251,True
4jzp__A1_P51572--4jzp__B1_P51572,0.9790775215337594,0.5,True
5xdf__B1_Q5SL04--5xdf__A1_Q5SL04,0.9596277616984379,0.5,True
6kr4__A1_P10586--6kr4__E1_P60469,0.9277119555749189,0.5,False
1itv__A1_P14780--1itv__B1_P14780,0.982577173903503,0.5,True
8e51__A1_A0A5N5MKD0--8e51__B1_UNDEFINED,0.7518205390115502,0.5,False
2qgi__A1_P05449--2qgi__B1_P05449,0.956378300122677,0.5,True
1a19__A1_P11540--1a19__B1_P11540,0.9476737010983587,0.5,True
8a9x__A1_P15752--8a9x__C1_P15752,0.9862911911615148,0.5,True
3onm__A1_UNDEFINED--3onm__B1_UNDEFINED,0.941518403853645,0.5,True
7wrs__A1_Q5ZJ86--7wrs__B1_UNDEFINED,0.9119110824774596,0.5,False
8e9e__B1_Q02293--8e9e__A1_Q04631,0.9342632177556329,0.5,False
2h4c__A1_Q7T2R1--2h4c__B1_Q7T3T5,0.9545907314882166,0.5,False
2bdt__A1_Q9K6P2--2bdt__A2_Q9K6P2,0.9849152130942885,0.5,True
5vbn__A1_P56282--5vbn__B1_Q07864,0.965936795278807,0.5,False
8gt0__A1_Q8I6U4--8gt0__B1_P01040,0.9457791429754047,0.5,False
5lrr__A1_P22262--5lrr__B1_P22262,0.9805632344056323,0.5,True
4y7i__A1_Q96EF0--4y7i__B1_Q96EF0,0.9942529215940272,0.5,True
1who__A1_P43214--1who__A2_P43214,0.8419377488511328,0.5,True
4g10__A1_Q9WXJ9--4g10__A2_Q9WXJ9,0.9655953022624091,0.5,True
8q4k__A1_O51180--8q4k__B1_O51180,0.9559134282852689,0.5,True
6hp3__A1_O31927--6hp3__B1_O31927,0.9643008350329146,0.5,True
8hs0__A1_Q9LIR4--8hs0__A2_Q9LIR4,0.9718487195307786,0.5,True
6gz1__A1_P10151--6gz1__A2_P10151,0.9870734260505458,0.5,True
8pbu__A1_P27708--8pbu__A2_P27708,0.9524883590811962,0.5,True
7zjc__A1_P0DV83--7zjc__A2_P0DV83,0.9518952214526645,0.5,True
6ecu__B1_Q8RJY3--6ecu__A1_Q8RJY3,0.9874098084459584,0.5,True
4x2d__A1_UNDEFINED--4x2d__C2_UNDEFINED,0.9881829293625817,0.5,True
7p0h__A1_O26008--7p0h__C1_O26008,0.9818168944307537,0.5,True
5b3g__B1_Q9SZF7--5b3g__A1_Q9M384,0.9499697652320104,0.5,False
7vzy__B1_Q84G19--7vzy__A1_Q84G19,0.9705638944486092,0.5,True
2q3t__A1_Q9LUJ3--2q3t__A2_Q9LUJ3,0.9406292660977266,0.5,True
8j3t__A1_A0A0G2TMR2--8j3t__B1_A0A0G2TMR2,0.9889106421453233,0.509603677481057,True
7pt0__A1_Q9KYU4--7pt0__B1_Q9KYU4,0.985539396582573,0.5092466787439613,True
6m09__B1_Q8LDU1--6m09__A1_Q8LDU1,0.9914563880542363,0.5,True
7uxs__B1_J8G6Z1--7uxs__A1_J8G6Z1,0.9681035523395555,0.49994728935508526,True
2q03__A1_Q12ML0--2q03__B1_Q12ML0,0.9697165314113841,0.5,True
6kcp__B1_Q9VAA9--6kcp__A1_Q9VAA9,0.8911490630381659,0.5,True
3zn4__A1_C8CHL4--3zn4__A2_C8CHL4,0.9568413724275543,0.5,True
6sj4__B1_A0A022MQ12--6sj4__A1_A0A022MQ12,0.9758818980889348,0.5,True
5cyy__A1_P9WG63--5cyy__B1_P9WG63,0.9509205331448337,0.5,True
3tj3__A1_P52294--3tj3__B1_Q9UKX7,0.8510659992584353,0.5,False
3i32__A1_Q72GF3--3i32__A2_Q72GF3,0.9923375948698396,0.5,True
1jk9__B1_P40202--1jk9__A1_P00445,0.8975460172702303,0.5,False
4z3u__B1_G3G955--4z3u__A1_G3G8X8,0.9380250527727064,0.5,False
4e4w__A1_P38920--4e4w__B1_P14242,0.9561729728485114,0.5,False
5yw5__A1_Q5NII9--5yw5__D1_Q5NII9,0.9596831326077156,0.5,True
3ab8__A1_Q5SLE3--3ab8__B1_Q5SLE3,0.8920561405184618,0.5,True
3mxt__A1_Q9PIK2--3mxt__A2_Q9PIK2,0.9329576206971205,0.5,True
7war__B1_A0A1B6PFV1--7war__A1_A0A1B6PFV1,0.9582968532586078,0.5,True
7fn1__B1_P32357--7fn1__A1_P33334,0.988860438942037,0.5,False
7xl7__A1_A0A2J0R8J6--7xl7__B1_A0A2J0R8J6,0.9337532203725722,0.5,True
8vc5__A1_Q9XCL6--8vc5__B1_Q9XCL6,0.989747709251103,0.5,True
5jfz__A1_P20605--5jfz__B1_P0ADX5,0.9421868439048385,0.49988602689765216,False
1gkh__A1_P69543--1gkh__A2_P69543,0.9763631406761177,0.5083333333333333,True
5g37__B1_P10565--5g37__A1_P06575,0.9112018354517676,0.5,False
2gjx__A1_P06865--2gjx__B1_P07686,0.9504840036820462,0.5,False
3aqb__B1_O66129--3aqb__A1_O66127,0.9733885674612359,0.5,False
8q1a__A1_Q16790--8q1a__C2_Q16790,0.9333398098827256,0.5,True
8ezt__D2_UNDEFINED--8ezt__A1_UNDEFINED,0.9539897001770355,0.5331805502560736,True
5ez1__B1_P56112--5ez1__A1_P56112,0.9421202234213677,0.5,True
3lwd__A1_Q1QTX1--3lwd__A2_Q1QTX1,0.993697708104271,0.5,True
4wic__A1_Q2FAE9--4wic__B1_Q2FAE9,0.9178991924185711,0.5,True
8dye__A1_P31040--8dye__B1_Q5VUM1,0.8910848341171822,0.5,False
6xnr__A1_UNDEFINED--6xnr__A2_UNDEFINED,0.9406909023172394,0.5,True
2ch6__A1_Q9UJ70--2ch6__D1_Q9UJ70,0.9812313382048949,0.5,True
3gpn__A1_P15873--3gpn__A2_P15873,0.9556706359842247,0.5,True
5y69__A1_A8ATW7--5y69__B1_A8ATW7,0.9219834812623274,0.5,True
7th0__A1_P31667--7th0__A2_P31667,0.9557259639730883,0.5,True
2qh0__A1_Q97H22--2qh0__A2_Q97H22,0.9650444888323952,0.5,True
7uln__A1_P09514--7uln__B1_P09514,0.9681710098937371,0.5,True
5ubb__A1_Q5VVY1--5ubb__A2_Q5VVY1,0.9973630807495278,0.5,True
5kvs__B1_O54512--5kvs__A1_O54512,0.9843763706856845,0.5,True
3frs__A1_P53990--3frs__A2_P53990,0.9281308073038836,0.5,True
3obv__A1_O08808--3obv__C1_O08808,0.9836439097420095,0.5,True
4wkz__A1_A0AEF5--4wkz__B1_W5IDC3,0.9683502272666372,0.5,False
3kt0__A1_Q12109--3kt0__A2_Q12109,0.9884551632431389,0.5,True
5i90__A1_G3XCY5--5i90__B1_G3XCY5,0.9837385294495702,0.5,True
3bat__B1_P24733--3bat__A1_P24733,0.9466286947999375,0.5,True
2ps1__A1_P13298--2ps1__B1_P13298,0.9868937646377247,0.5083933727315566,True
1fcd__A1_Q06530--1fcd__B1_Q06529,0.9889862247880736,0.5,False
8hy8__A1_A0A085BE66--8hy8__A2_A0A085BE66,0.9929222095760262,0.5,True
8har__A1_Q2L6E4--8har__B1_Q2L6E4,0.991218857998549,0.5,True
8a60__A1_P06971--8a60__B1_Q38162,0.9057135861367622,0.5,False
4je4__A1_Q06124--4je4__B1_P02751,0.9102266623362023,0.5,False
2a6c__A1_Q82UW4--2a6c__A2_Q82UW4,0.937315801768303,0.5327868852459017,True
5k9l__B1_A8MW95--5k9l__A1_A8MW95,0.9550021123785384,0.5,True
5mzg__A1_P53368--5mzg__B1_P53368,0.9688021611994059,0.5,True
6lfn__A1_UNDEFINED--6lfn__B1_UNDEFINED,0.7560399404336092,0.5,True
7ucc__B1_P17535--7ucc__A1_P53539,0.9710492945429104,0.5,False
8d0x__A1_Q9Y231--8d0x__A2_Q9Y231,0.8586729267428952,0.5,True
6ano__B1_Q9UKL3--6ano__A1_Q9UKL3,0.9579078348923024,0.5,True
6et2__A1_Q9I4X1--6et2__B1_Q9I4X2,0.9629663898381322,0.5,False
6d0a__A1_Q8N5Z0--6d0a__A2_Q8N5Z0,0.9649218416429655,0.4999973036810147,True
2xga__B1_P35530--2xga__A1_P35530,0.9904483896841065,0.5,True
2i3o__A1_Q9HJH4--2i3o__B1_Q9HJH4,0.9837337486896163,0.5,True
1ijx__A1_P97401--1ijx__C1_P97401,0.9417771336553946,0.5,True
6h2u__A1_Q9NRN9--6h2u__B1_Q9UI30,0.9722435890437335,0.5116279069767442,False
8h2v__A1_Q93HT8--8h2v__B1_Q93HT8,0.960292959534703,0.5,True
1wat__B1_P02941--1wat__A1_P02941,0.9844670691989987,0.5175438596491229,True
2nyh__A1_Q13JM0--2nyh__B1_Q13JM0,0.9707668881571722,0.5,True
7y9b__A1_A3EXD6--7y9b__B1_A3EXD6,0.923928533799658,0.5,True
7yuj__B1_Q9BYM8--7yuj__A1_Q9BYM8,0.8503410336907662,0.5,True
8c5k__A1_P87252--8c5k__A2_P87252,0.8795934618310571,0.5,True
2spc__A1_P13395--2spc__B1_P13395,0.9083613673848349,0.5,True
6q2e__A1_A5UMY5--6q2e__B1_A5UMY5,0.9650179312672593,0.5,True
4p8i__A1_P40746--4p8i__B1_P40746,0.9612298166392994,0.5,True
8gp6__B1_P16710--8gp6__A1_P07611,0.8944998831280673,0.5,False
3a4l__B1_Q58933--3a4l__A1_Q58933,0.9954407093751872,0.5,True
1z52__A1_P09167--1z52__B1_P09167,0.8635549309664694,0.5,True
6c0g__A1_A0A3F2YLX1--6c0g__B2_A0A3F2YLX1,0.9162276272759985,0.5216740157105434,True
8owi__A1_Q02224--8owi__B1_Q02224,0.8688773747841105,0.5,True
1k3r__B1_O26109--1k3r__A1_O26109,0.9911710696511701,0.5365853658536586,True
7fga__A1_Q8DIJ4--7fga__B2_Q8DIJ4,0.9723035460469238,0.5,True
5akq__A1_O52063--5akq__B1_O52063,0.9864227576786508,0.5,True
7y86__B1_A0A0K2E3A3--7y86__A1_A0A0K2E3A3,0.9783202513688302,0.5533020612731847,True
8d1u__A1_P0A6R0--8d1u__A2_P0A6R0,0.9867613610506969,0.5028248587570622,True
1vqw__A1_Q9HFE4--1vqw__B1_Q9HFE4,0.9812224556678932,0.5,True
7rzb__A1_A0A229LVN5--7rzb__A2_A0A229LVN5,0.9777645572285985,0.5,True
6qta__A1_G0SHE6--6qta__B1_G0SC29,0.9584966125182848,0.5,False
7toc__A1_A0A2H0ZMH9--7toc__B1_A0A2H0ZMH9,0.9413170484047703,0.5,True
7ula__B1_Q88ND0--7ula__A1_Q88NC7,0.9784290914256906,0.5,False
8bes__A1_A0A856TAI5--8bes__B1_A0A856TAI5,0.9821427003153745,0.5,True
7ztw__A1_Q66578--7ztw__B1_Q66578,0.9728189836250547,0.5173559085006493,True
7wjt__B1_Q8BZB3--7wjt__A1_Q8BZB3,0.942454863996374,0.5,True
6j9n__A1_X5EPV9--6j9n__B1_A0A425B395,0.768510791732898,0.5,False
1kll__A1_O05205--1kll__A2_O05205,0.9831332976922391,0.5516272387062283,True
8uel__A1_UNDEFINED--8uel__B1_UNDEFINED,0.9878357748019122,0.5,True
7xky__A1_Q58690--7xky__B1_Q58034,0.9781220251931548,0.4999903145823648,False
4p04__A1_A0A0D6H805--4p04__B1_A0A0D6H805,0.9033820557092764,0.5,True
1txz__A1_Q04299--1txz__A2_Q04299,0.9877843775993185,0.5,True
4af5__A1_Q8NQ97--4af5__A2_Q8NQ97,0.9224076730887907,0.5047619047619047,True
8af9__A1_Q2YPZ9--8af9__H1_Q2YPZ9,0.991201240657376,0.5147058823529411,True
8gm9__D1_P9WPD3--8gm9__A1_P9WPD3,0.963805355299828,0.5,True
7wsx__A1_D9PYV4--7wsx__B1_D9PYV4,0.9882161219064818,0.5,True
4g86__A1_Q79PF6--4g86__B1_Q79PF6,0.9415772278544193,0.5,True
3bq3__A1_Q12395--3bq3__A2_Q12395,0.916918492862346,0.5,True
7eva__A1_P31490--7eva__A2_P31490,0.9756070673810288,0.49996325420739324,True
8r7d__B1_G5EI71--8r7d__A1_Q8LJL3,0.8967024453910704,0.5,False
7pwy__A1_Q8TDX5--7pwy__B1_Q8TDX5,0.9918352095227836,0.5,True
3ut4__A1_A3DJ21--3ut4__B1_A3DJ21,0.97658057985309,0.5,True
8eei__B1_A0A807MR40--8eei__A1_A0A807MR40,0.9962217939282183,0.5,True
8bp5__B1_A0A369SI82--8bp5__A1_A0A369SI82,0.9589396452604,0.5,True
3l34__B1_Q9HT87--3l34__A1_Q9HT87,0.9513747320524841,0.5103491891536514,True
8god__A1_Q9UM07--8god__A2_Q9UM07,0.9781772920112807,0.5,True
1h9g__A1_P0A8V6--1h9g__A2_P0A8V6,0.9746543874833462,0.5,True
7qg6__D1_Q9HAU5--7qg6__C1_Q9H1J1,0.9222708936683228,0.5,False
8sz3__B2_Q9NY97--8sz3__A1_Q9NY97,0.9858102618384041,0.5,True
5a10__A1_G1FNI6--5a10__A2_G1FNI6,0.9705393645376323,0.5,True
7qoc__A1_Q8NQV9--7qoc__B1_Q8NQV9,0.9826593026115743,0.5,True
8a90__B1_A0A7S9SWM2--8a90__A1_A0A7S9SWM2,0.9669095565366449,0.5,True
3iaa__A1_Q8KNE0--3iaa__B1_Q8KNE0,0.9327001063220083,0.5,True
3n50__B1_Q9H4W6--3n50__A1_Q9H4W6,0.9575435235598574,0.5043103448275862,True
2qg3__A1_O28220--2qg3__A2_O28220,0.9859465221908144,0.5,True
7ysk__A1_Q6D6Z8--7ysk__B1_Q6D6Z8,0.9901041519061768,0.5128205128205128,True
7spz__A1_A8B3G9--7spz__A2_A8B3G9,0.9811252442864864,0.5,True
4q2e__B1_Q9X1B7--4q2e__A1_Q9X1B7,0.9125569032923284,0.5,True
8cff__A1_Q7SIF4--8cff__B1_Q7SIF3,0.9673456143597062,0.5,False
8bxl__A1_A0A075TRK9--8bxl__D1_A0A075TRK9,0.9947016820606955,0.5,True
7uqo__A1_UNDEFINED--7uqo__A2_UNDEFINED,0.7385711917785514,0.5,True
5d4v__C1_Q57913--5d4v__A1_Q57913,0.9576930735665984,0.5,True
2p23__A1_O95750--2p23__B1_O95750,0.8358935525746429,0.5,True
7u55__A1_A0A151EDA9--7u55__A2_A0A151EDA9,0.9448240023773973,0.5,True
1rkw__A1_P0A0N4--1rkw__C1_P0A0N4,0.9867948570813334,0.5356273241512965,True
1ps6__A1_P19624--1ps6__B1_P19624,0.9671514712480896,0.5,True
2y21__L1_O28769--2y21__K1_O28769,0.9834043507512895,0.6601255886970172,True
2z5i__A1_P58772--2z5i__B1_P58772,0.9545286484423454,0.5138888888888888,True
5l7u__B1_A6L2E5--5l7u__A1_A6L2E5,0.9807331678462041,0.5,True
3egq__A1_O28458--3egq__B1_O28458,0.9855380919698009,0.5,True
7r3a__A1_Q6LYR8--7r3a__E1_Q6LYR8,0.9882831183530282,0.5,True
7yq0__A1_A0A101DF63--7yq0__B1_A0A101DF63,0.9881156998614977,0.5,True
3wsc__A1_Q25C86--3wsc__B1_Q25C86,0.8801698093409815,0.5,True
4pib__B1_Q2SVW5--4pib__A1_Q2SVW5,0.9315986011638185,0.5,True
7vmx__B1_P9WNN1--7vmx__A1_P9WNM1,0.9451980004422195,0.5,False
1ykd__A1_P94182--1ykd__B1_P94182,0.9676245861812872,0.5,True
4ux7__A1_Q183F3--4ux7__B1_Q183F3,0.9860889206237285,0.5,True
3k3d__A1_P9WLZ7--3k3d__A2_P9WLZ7,0.9722726729311624,0.5,True
7q1d__D2_P29808--7q1d__A1_P29808,0.9314630307305766,0.5,True
1sj5__A1_Q9WY07--1sj5__B1_Q9WY07,0.9894954974132958,0.5128205128205128,True
4c12__A1_Q2FZP6--4c12__A2_Q2FZP6,0.97712610800561,0.5,True
3k9m__A1_P07858--3k9m__B1_P01040,0.9423739806531729,0.5,False
1ccd__A1_P17559--1ccd__A2_P17559,0.9710270696529513,0.5161290322580645,True
8xiz__A1_T2B4K5--8xiz__B1_T2B4K5,0.9741410747096793,0.5,True
7wz6__A1_P15806--7wz6__B1_P10085,0.9716234667076092,0.5163021127494256,False
2i00__A1_Q831Y9--2i00__B1_Q831Y9,0.9869942499261689,0.5,True
5ffi__A2_Q44501--5ffi__B1_Q44501,0.9393601190476191,0.5,True
3cnk__A1_P21333--3cnk__B1_P21333,0.9794512768290772,0.49987270875763745,True
8gt9__A1_A8MW95--8gt9__B1_A8MW95,0.954946472371361,0.5,True
4l2w__B1_Q13464--4l2w__A1_Q13464,0.9408612287824888,0.5,True
3d0j__A1_Q97DI0--3d0j__A2_Q97DI0,0.9381805355786796,0.5,True
7qaj__F1_UNDEFINED--7qaj__A1_Q8JIV8,0.9020886109745977,0.5,False
4ct0__A1_P97784--4ct0__B1_O54943,0.9171546769185317,0.5,False
3av0__A1_Q58719--3av0__B1_Q58718,0.961462133416897,0.5,False
8bln__A1_C9QZ65--8bln__H1_C9QZ65,0.9668184926579542,0.5,True
2riq__A1_P09874--2riq__A2_P09874,0.8453908681555026,0.5,True
8hd5__A1_Q99U17--8hd5__B1_Q99U17,0.9592723971956477,0.5152459779999283,True
6xrb__A1_A0A0H3NHS6--6xrb__B1_A0A0H3NHS6,0.93811464946325,0.5,True
8a1g__A1_Q13596--8a1g__C1_Q9Y5X3,0.973044429363627,0.5,False
8tn3__A1_Q643B9--8tn3__B1_Q643B9,0.98337793651434,0.5,True
5ghs__A1_Q5JGL0--5ghs__C1_Q5JF31,0.9146667130808402,0.5,False
5umw__A1_A0A125SA26--5umw__F1_A0A125SA26,0.9757648672718121,0.5,True
7x7j__A1_UNDEFINED--7x7j__B1_UNDEFINED,0.9816360651559362,0.5,True
7zcv__B1_A0A0E7KI02--7zcv__A1_A0A0E7KI02,0.9067421851226902,0.5,True
6scq__A1_Q8NNN6--6scq__A2_Q8NNN6,0.9588426062069508,0.5,True
7yfu__A1_Q8CG73--7yfu__B1_Q8CG73,0.9621172311661014,0.5,True
2yn3__C1_Q8ZKG6--2yn3__A1_Q8ZKG6,0.7184036687498481,0.5,True
3ix1__A1_Q9K9G5--3ix1__B1_Q9K9G5,0.9398777507234933,0.5,True
7khs__A1_Q2CEE3--7khs__B1_Q2CEE3,0.9819301761472005,0.5,True
8k5l__A1_A0A829KK40--8k5l__B1_A0A829KK40,0.9898346486283353,0.5178195629999464,True
2g0t__B1_Q9WZQ3--2g0t__A1_Q9WZQ3,0.9793045775257669,0.5,True
3lr3__A1_Q63T74--3lr3__A2_Q63T74,0.9845830784870132,0.5273585695674803,True
4pxq__A1_F1QR43--4pxq__B1_F1QR43,0.9696665867212663,0.5,True
4z5y__A1_Q88QV5--4z5y__A2_Q88QV5,0.9821957267761987,0.5,True
7zhf__A1_A0A0U2WWJ1--7zhf__A2_A0A0U2WWJ1,0.967189023699443,0.5,True
6h86__A1_B5KM66--6h86__B1_B5KM66,0.8999230177059276,0.5,True
7saf__B1_Q6TLP8--7saf__A1_Q6TLP8,0.9651299460972436,0.5,True
7zj1__B1_P55265--7zj1__A1_P55265,0.7525029632877068,0.5,True
4g9k__A1_P32340--4g9k__B1_P32340,0.9810731010482715,0.5,True
8b35__A1_Q96562--8b35__B1_Q96562,0.9862935342535174,0.5,True
2rdz__A1_P0ABK9--2rdz__B1_P0ABK9,0.9863804597296364,0.5,True
6bzf__B1_P53061--6bzf__A1_P17122,0.9586798353860341,0.5,False
5ydd__B1_P9WME7--5ydd__A1_P9WME7,0.9542959476831118,0.499477934010859,True
4czd__B1_B8J3A4--4czd__A1_B8J364,0.9271618545971115,0.5,False
3ft7__B1_Q54323--3ft7__A1_Q54323,0.9089585603590488,0.5841348328157506,True
4pz1__A1_Q99XU0--4pz1__A2_Q99XU0,0.9179604038872424,0.5,True
2w1t__A1_P37554--2w1t__B1_P37554,0.9777513696344193,0.5073529411764706,True
7qz5__A1_A2RI36--7qz5__B1_A2RI36,0.9581503201341515,0.4999547429398986,True
5h31__A1_Q14790--5h31__B1_Q14790,0.973034285176496,0.5,True
8p33__A1_O51254--8p33__A2_O51254,0.984849057126382,0.5,True
8orv__A1_A0A7H0DNF0--8orv__A2_A0A7H0DNF0,0.980401380741823,0.5,True
8oru__A1_O93732--8oru__B1_O93732,0.9798920287891262,0.5,True
8slg__B1_G7CIG9--8slg__A1_G7CIG9,0.9560132909700558,0.5,True
3l2e__B1_Q6AW42--3l2e__A1_Q6AW43,0.928650136628876,0.5,False
3b0a__A1_P0CG48--3b0a__B1_Q9WUB0,0.8941828002189034,0.5,False
6etz__A1_A0A023UGN9--6etz__A2_A0A023UGN9,0.9045233610462761,0.5,True
7sfz__B1_Q9NYP9--7sfz__A1_Q9NYP9,0.9128716521038408,0.5,True
7wwf__A1_A0R6Y0--7wwf__B1_A0R6Y0,0.9933057168771744,0.5,True
8vdw__B1_T0TAB9--8vdw__A1_T0TAB9,0.9951642437021417,0.5,True
8ri0__A1_E4THH1--8ri0__B1_E4THH1,0.9721116306912826,0.5,True
5z2i__B1_Q54LT0--5z2i__A1_Q54LT0,0.8720066037397266,0.5,True
4miv__A1_P51688--4miv__B1_P51688,0.9619403744517063,0.5,True
3vh1__A1_P38862--3vh1__A2_P38862,0.9854730882777321,0.5,True
7z98__A1_E6V140--7z98__A2_E6V140,0.988140477641437,0.5,True
2ond__A1_Q99LI7--2ond__B1_Q99LI7,0.9680411781180392,0.5,True
7vt9__A1_P21517--7vt9__B1_P21517,0.9315998874241482,0.5,True
1gju__A1_O33838--1gju__A2_O33838,0.9590913493241016,0.5,True
6hta__A1_A0A3F2YM29--6hta__B1_A0A3F2YM29,0.9149101530472807,0.5,True
3h7h__A1_P63272--3h7h__B1_O00267,0.9640250609706208,0.554730584648544,False
1dek__A1_P04531--1dek__B1_P04531,0.9881968763193367,0.5,True
4z39__A1_A0A0S2E5N6--4z39__B1_A0A0S2E5N6,0.8909551303114227,0.5,True
5ca9__A1_Q9C0L9--5ca9__A2_Q9C0L9,0.9326182299808657,0.5,True
6x0a__A1_F7Y4W0--6x0a__S1_F7YBW8,0.8781774380042335,0.5,False
7spq__A1_C5AMM8--7spq__A2_C5AMM8,0.9868106958737037,0.5,True
7spn__A1_A0A7C2VFT1--7spn__B1_A0A7C2VFT1,0.9907218464342191,0.5,True
1tv8__A1_P65388--1tv8__B1_P65388,0.88917016166845,0.5,True
3mkr__B1_Q27954--3mkr__A1_Q28104,0.9779246356503495,0.5,False
1dqn__A1_Q24973--1dqn__B1_Q24973,0.9864205319577549,0.5,True
7tdq__A1_Q2HR80--7tdq__B1_Q2HR80,0.8439980297031543,0.5,True
7xoi__A1_A0A5N6DPG0--7xoi__B1_A0A5N6EXS6,0.9505790513345213,0.5,False
8h62__A1_P0DJM0--8h62__B1_P12830,0.9352520883707004,0.5,False
7dyc__A1_UNDEFINED--7dyc__A2_UNDEFINED,0.8465452956932592,0.5406475247448872,True
8bbt__A1_A0A0B4VFQ3--8bbt__A2_A0A0B4VFQ3,0.9541312597608539,0.5,True
3t2l__A1_Q5LE95--3t2l__A2_Q5LE95,0.974426957770133,0.5,True
3uet__A1_B7GNN8--3uet__B1_B7GNN8,0.9366315954058146,0.5,True
8fdb__B1_Q12KP2--8fdb__A1_Q12KP2,0.9612792399196108,0.5,True
6ok3__A1_C3X9N1--6ok3__B1_C3X9N1,0.625346095250712,0.5,True
8hp3__A1_A0A2K0XCZ3--8hp3__B1_A0A2K0XCZ3,0.950484062753539,0.5,True
7xkg__A1_A7NHS9--7xkg__B1_A7NHS9,0.9281183080263681,0.5,True
1l7e__A1_Q2RSB2--1l7e__B1_Q2RSB2,0.9654908637859843,0.5,True
8hn2__A1_Q9F722--8hn2__B1_Q9F722,0.9111697274999008,0.5,True
8gst__A1_Q1NEI7--8gst__B1_Q1NEI7,0.9890769770746953,0.5,True
7cq3__A1_P38324--7cq3__B1_Q12098,0.9835521079679825,0.5,False
5htf__A1_Q8Y759--5htf__B1_Q8Y759,0.9816164918379819,0.5,True
6c90__A1_P42285--6c90__B1_Q6NZY4,0.9160976090030111,0.5,False
6e1j__A1_C5J4P1--6e1j__B1_C5J4P1,0.9493682500081533,0.5,True
3ccd__A1_P0AA04--3ccd__B1_P0AA04,0.8114483714483715,0.5,True
3dzl__B1_Q396C9--3dzl__A1_Q396C9,0.9487218797317759,0.5,True
4ir7__A1_UNDEFINED--4ir7__A2_UNDEFINED,0.9788812154150588,0.5,True
7nlj__B1_UNDEFINED--7nlj__A1_K3YAU1,0.6741214172742701,0.5,False
2y1h__B1_Q17R31--2y1h__A1_Q17R31,0.9400729802854546,0.5,True
7unj__A1_UNDEFINED--7unj__B1_UNDEFINED,0.990620002399554,0.5,True
7lfs__A1_P00533--7lfs__E1_O14944,0.9432843482912916,0.5,False
6jiw__A1_A0A0H3JU78--6jiw__A2_A0A0H3JU78,0.7441979222777992,0.5,True
8ees__A1_A0A0H3GMB7--8ees__B1_A0A0H3GMB7,0.9935461049174648,0.5,True
4a5b__B1_Q27895--4a5b__A1_Q27895,0.9594253003804315,0.5,True
3nb6__A1_O66874--3nb6__A2_O66874,0.9742340104034594,0.5,True
5f8c__A1_O53532--5f8c__A2_O53532,0.9821752811132429,0.5035047501802026,True
5yet__A1_Q5UQV1--5yet__B1_Q5UQV1,0.9910516013040405,0.5,True
8jt3__A1_H8Y6N2--8jt3__C1_H8Y6N2,0.9608183659965794,0.5,True
1ije__A1_P02994--1ije__B1_P32471,0.9324849200772303,0.5,False
6on4__A1_P0A8W0--6on4__B1_P0A8W0,0.9653005013463496,0.5,True
4zvc__A1_P0AA89--4zvc__B1_P0AA89,0.9825276072993278,0.5,True
4qoa__A1_A7VAB9--4qoa__A2_A7VAB9,0.969482399983446,0.4999677294436556,True
6wmv__A1_U5WZP7--6wmv__B1_U5WZP7,0.9790099575537062,0.5,True
3e3c__A1_Q7DB61--3e3c__B1_Q7DB61,0.9856023196392086,0.5,True
7zc8__B1_UNDEFINED--7zc8__A1_UNDEFINED,0.9510538505759835,0.5051020408163265,True
6ekk__A1_Q8TEH3--6ekk__C1_Q15286,0.9502422788859068,0.5,False
8a9w__A1_P15751--8a9w__A2_P15751,0.9946700458511483,0.6215321441699394,True
2gj9__A1_P25522--2gj9__B1_P25522,0.96645772903759,0.5,True
3cm7__C1_P98170--3cm7__D1_P98170,0.978589209083551,0.5,True
8f5v__A1_O53728--8f5v__B1_O53728,0.9621764113500385,0.5,True
1ecj__A1_P0AG16--1ecj__B1_P0AG16,0.9753641213211086,0.5,True
3s5r__A1_Q2LS68--3s5r__B1_Q2LS68,0.9621053751494361,0.5,True
3im3__A1_P00514--3im3__A2_P00514,0.9327123501823866,0.519118030224075,True
4mcj__B1_A6L9R1--4mcj__A1_A6L9R1,0.9864834349495145,0.5,True
7vw1__B1_V5J1S8--7vw1__A1_V5J1S8,0.9520178576586166,0.5078715222333626,True
3p12__A1_Q2G1A5--3p12__D1_Q2G1A5,0.9803430156719757,0.5,True
8aq0__A1_Q6DTN4--8aq0__B1_Q6DTN4,0.951203520596673,0.5,True
3wpm__A1_G2IKE5--3wpm__B1_G2IKE5,0.9424085679286199,0.5,True
7xof__B1_Q0DFB6--7xof__A1_Q0DFB6,0.9849829218176865,0.5,True
8a8f__A1_P32598--8a8f__B1_P42073,0.8489368673536752,0.5,False
5un7__A1_Q9NUX5--5un7__B1_Q96AP0,0.9374871122877269,0.5,False
8juk__A1_V5VGC6--8juk__B1_V5VGC6,0.98594702082396,0.5,True
8snp__A1_O09118--8snp__A2_O09118,0.9420527572774502,0.5,True
8ic6__A1_UNDEFINED--8ic6__B1_UNDEFINED,0.9831356101802713,0.5,True
6wjc__A1_P11229--6wjc__B1_Q8QGR0,0.9025338554413445,0.5,False
8ard__A1_Q64331--8ard__A2_Q64331,0.9188707943967793,0.5,True
3mqi__A1_Q9UH73--3mqi__B1_Q9UH73,0.9183755912449624,0.5,True
3q01__A1_P04637--3q01__B1_P04637,0.9722679992566355,0.5,True
7ylq__A1_Q93CA6--7ylq__B1_Q93CA6,0.9494724943506421,0.5,True
2yvo__A1_Q5SJY9--2yvo__A2_Q5SJY9,0.9358157641943475,0.5,True
5vpa__B1_P17535--5vpa__A1_P53539,0.9470368813701797,0.5,False
3v78__B1_P95092--3v78__A1_P95092,0.9843730370005964,0.5293105979155673,True
7pzh__A1_A0A174J845--7pzh__B1_A0A174J845,0.9675729283165861,0.5,True
3m0f__A1_Q4KDJ6--3m0f__B1_Q4KDJ6,0.9460613212927699,0.5,True
1y4h__A1_P0C1S6--1y4h__C1_Q9EYW6,0.8993460304220391,0.5,False
2o4c__A1_Q9I3W9--2o4c__B1_Q9I3W9,0.9971780290191387,0.5,True
1ynh__A1_P76216--1ynh__D1_P76216,0.9968555628026179,0.5,True
8ohx__A1_U4Q148--8ohx__B1_U4Q148,0.9679978879328675,0.5,True
3a6m__A1_Q56236--3a6m__B1_Q56236,0.9496044213876306,0.5,True
4bvp__A1_Q5ZUA2--4bvp__B1_Q5ZUA2,0.970196442981667,0.5,True
6qpq__A1_G0SGH3--6qpq__B1_Q12158,0.9934796647843326,0.5,False
3ct6__A1_Q9CIV6--3ct6__B1_Q9CIV6,0.9721820213981283,0.53403049343117,True
1qae__A1_P13717--1qae__B1_P13717,0.9600595170849555,0.5,True
3q5w__B1_P38937--3q5w__A1_P38937,0.937089896158833,0.5,True
8gol__B1_G9I933--8gol__A1_G9I933,0.9720228227447176,0.5,True
7epj__A1_P62554--7epj__A2_P62554,0.9852262622270527,0.5,True
1ag9__A1_P61949--1ag9__B1_P61949,0.993307251517231,0.5,True
3gwh__B1_O31691--3gwh__A1_O31691,0.91393146293991,0.5148159133382603,True
5gw1__A1_P57768--5gw1__B1_P57768,0.9423410725083,0.5,True
3l2o__B1_Q9UKT5--3l2o__A1_P63208,0.9746023116773972,0.5,False
7y3u__A1_A0A8B9XNB5--7y3u__B1_A0A8B9XNB5,0.9387286287349335,0.5,True
3wrf__A1_E8MGH8--3wrf__A2_E8MGH8,0.9810037753673976,0.5,True
7yyl__A1_Q3AET9--7yyl__B1_Q3AET9,0.9349025446584884,0.5,True
8syb__B1_Q72KY0--8syb__A1_Q72KY0,0.995525539277315,0.5,True
8qc3__A1_A0A1C9WRL0--8qc3__B1_A0A1C9WRL0,0.9898534475899561,0.5067000755538763,True
3wtf__B1_Q9BUH6--3wtf__A1_Q9BUH6,0.9735382944537014,0.4999702451797191,True
2x0e__B1_Q7BG50--2x0e__A1_Q7BG50,0.9392381474495308,0.5,True
5hwt__A1_A5W4E3--5hwt__B1_A5W4E3,0.9845392394454522,0.5108358656824449,True
1ojh__A1_Q8YNP7--1ojh__B1_Q8YNP7,0.7365964157706093,0.5,True
3eyy__A1_Q9K4F8--3eyy__B1_Q9K4F8,0.9749883695164155,0.5,True
8bwv__D2_A0A482M8M0--8bwv__A1_A0A482M8M0,0.8019951213427395,0.5,True
7cm9__A1_A0A7V8UZ53--7cm9__B1_A0A7V8UZ53,0.9561868573973462,0.5,True
4nc8__A1_P12464--4nc8__A2_P12464,0.9571566812742911,0.5,True
1zhh__A1_P54300--1zhh__B1_P54302,0.9568935593866341,0.5,False
8c0u__A1_Q9I5Q5--8c0u__B1_Q9I5Q5,0.9478183921514368,0.5,True
2fbq__A1_Q9HZJ9--2fbq__A2_Q9HZJ9,0.9781976178382787,0.5,True
7fch__A1_O95256--7fch__C2_O95256,0.9877233562833848,0.5,True
8c7t__B1_A0A1B4XP18--8c7t__A1_A0A1B4XP18,0.9628679996500196,0.5,True
4iwn__A1_P76290--4iwn__B1_P76290,0.9924366480651359,0.5,True
1sc1__A1_P29466--1sc1__B1_P29466,0.8882658479104838,0.5062111801242236,True
5amt__A1_A0Q7H2--5amt__A2_A0Q7H2,0.9885909438118416,0.5,True
4ueb__C1_P48598--4ueb__D1_UNDEFINED,0.8373041827858311,0.5,False
7qfz__B1_B7L3Y3--7qfz__A1_B7L3Y3,0.9516288282325783,0.5,True
3hml__A1_A6T9H1--3hml__B1_A6T9H1,0.971842194097793,0.5,True
1xk6__A1_P31572--1xk6__C1_P31572,0.9498584435890145,0.5,True
7r3s__A1_A0A4R2M5S2--7r3s__B1_A0A4R2M5S2,0.9558342412590355,0.5,True
2grx__A1_P06971--2grx__C1_P02929,0.901553264592082,0.5,False
7vsf__A1_P25440--7vsf__B1_P25440,0.9101947007546554,0.5,True
3q34__A1_Q48EL2--3q34__C1_Q48EL2,0.9618348218285213,0.5,True
4r2k__A1_Q8ZP84--4r2k__A2_Q8ZP84,0.9711375402868399,0.5,True
3cgw__A1_Q8PVT6--3cgw__A2_Q8PVT6,0.9965509606910474,0.5,True
7r2f__A1_P21836--7r2f__B1_P21836,0.9988687393499363,0.5,True
4g19__A1_I6ZUH3--4g19__B1_I6ZUH3,0.9900577151129659,0.5,True
3dg8__C1_P13922--3dg8__A1_P13922,0.8887478271474576,0.5,True
6m10__A1_Q9HUW0--6m10__C1_Q9HUW0,0.9466124111552201,0.5089324276029744,True
8tt2__B1_Q4K977--8tt2__A1_Q4K977,0.9691513175939405,0.5,True
1h31__A1_Q939U1--1h31__B1_Q939U4,0.9613943015826276,0.5,False
5iib__A1_P04552--5iib__B1_Q8WR62,0.9617389066420743,0.5,False
6a5g__A1_UNDEFINED--6a5g__C1_UNDEFINED,0.973029695737342,0.5136540410256473,True
7p7i__B1_R8APY9--7p7i__A1_R8APY9,0.9816716065258415,0.5,True
3hzu__A1_P9WHF7--3hzu__A2_P9WHF7,0.9751480618425996,0.5,True
5dob__A1_P16794--5dob__B1_P16791,0.9448874994553437,0.5,False
7xgs__A1_Q9FVC1--7xgs__A2_Q9FVC1,0.824130027088977,0.5,True
6iju__A1_Q9KJN4--6iju__A2_Q9KJN4,0.9889805981348483,0.4999464036874263,True
4kqd__B1_P06626--4kqd__A1_P06626,0.9448827765672053,0.5045871559633027,True
2fu3__B1_Q03555--2fu3__A1_Q03555,0.8931385657788609,0.5,True
1jgt__B1_P0DJQ7--1jgt__A1_P0DJQ7,0.9401023046361761,0.5,True
6l4b__A1_Q9UGV2--6l4b__C2_Q9UGV2,0.9723013611605189,0.5,True
3lzk__A1_Q92LT4--3lzk__B1_Q92LT4,0.9552268335880968,0.5,True
1ht8__A1_P05979--1ht8__B1_P05979,0.9517043261988688,0.5,True
1z8h__A1_Q8YWS4--1z8h__B1_Q8YWS4,0.9846901142046236,0.5,True
8gk6__A1_W6USS8--8gk6__E1_W6USS8,0.9863947565193008,0.5,True
4mjf__A1_A6L2I4--4mjf__A2_A6L2I4,0.9859200359461129,0.5,True
7m4s__A1_Q8YLC3--7m4s__D1_Q8YLC3,0.9669697957900946,0.5,True
6fju__A1_E6N8B9--6fju__B1_E6N8B9,0.9814932659378294,0.5060853530031613,True
6lgq__A1_P21865--6lgq__B1_P21866,0.926551015399143,0.5,False
2y27__B1_B4E7B5--2y27__A1_B4E7B5,0.9851455241372384,0.5,True
2tdx__A1_P0DJL7--2tdx__A2_P0DJL7,0.9799318105104637,0.5,True
8aim__C1_Q6GJ88--8aim__A1_A0A141HSF0,0.8575846757277236,0.5,False
8fj8__A1_P02638--8fj8__A2_P02638,0.9419628005892976,0.499937624750499,True
3uv0__B1_Q9W061--3uv0__A1_Q9W061,0.9829410595906866,0.5602924441393761,True
8alo__B1_P24003--8alo__A1_P15795,0.9556952506381802,0.5,False
2zb6__A1_P08362--2zb6__A2_P08362,0.9824530586738245,0.5,True
6xa0__A1_D1A230--6xa0__B1_D1A230,0.9608684359394425,0.5,True
1zbo__B1_Q7WAM7--1zbo__A1_Q7WAM7,0.9276025294056418,0.5,True
6xb5__A1_A0A7E5VPD6--6xb5__B1_A0A7E5VPD6,0.980829413316175,0.5,True
8duy__D1_A0A0H3GVN6--8duy__A1_A0A0H3GVN6,0.9754361106401923,0.5,True
7th5__A1_Q5SLG6--7th5__B1_Q5SLG6,0.8628305202826633,0.5,True
3uws__B1_A7A9N3--3uws__A1_A7A9N3,0.97305889079474,0.50905279207166,True
4u04__B1_Q9BVA6--4u04__A1_Q9BVA6,0.9830282901255577,0.5,True
2kin__A1_P56536--2kin__B1_Q6QLM7,0.9213262238256932,0.5020833333333333,False
3ulc__A1_Q08236--3ulc__A2_Q08236,0.9512188770325204,0.5,True
8b2a__A1_Q2YWJ9--8b2a__A2_Q2YWJ9,0.9957963932678846,0.5,True
8qff__A1_K9TLZ5--8qff__A2_K9TLZ5,0.9730157678205908,0.5,True
6w9q__A1_P0DTD1--6w9q__A2_P0DTD1,0.9829567108497346,0.5,True
8c8c__A1_P48426--8c8c__A2_P48426,0.9915259339944479,0.5,True
8iup__B1_A9A1Y1--8iup__A1_A9A1Y1,0.9760361462252909,0.5,True
3o7o__A1_Q9S5X8--3o7o__B1_Q9S5X8,0.9842198863554212,0.5,True
4bg8__A1_Q8TX37--4bg8__B1_Q8TX37,0.985872984458981,0.5,True
7qxo__A1_G8UIQ1--7qxo__B1_G8UIQ1,0.9619804628300261,0.5,True
4xiz__A1_Q05776--4xiz__D1_O60200,0.9231597431275642,0.5,False
2x3l__B1_UNDEFINED--2x3l__A1_UNDEFINED,0.9575789026013302,0.5,True
7pwe__A1_Q6AL91--7pwe__B1_Q6AL91,0.9281297380091177,0.5,True
6uxu__A1_E2JB04--6uxu__B1_E2JB04,0.9462037458031413,0.5,True
3bid__A1_Q7DDI1--3bid__B1_Q7DDI1,0.8930791875930144,0.5,True
4f7w__A1_B5XYG3--4f7w__B1_B5XYG3,0.9518108609715945,0.5,True
2rae__A1_Q0S3N9--2rae__A2_Q0S3N9,0.9882796490251864,0.5046296296296297,True
7ads__A1_A0A0R8HV90--7ads__A2_A0A0R8HV90,0.9395814455348472,0.5091186575035009,True
7yn1__A1_E9JES9--7yn1__C1_E9JES9,0.924905445122602,0.5,True
3t7y__A1_O84093--3t7y__B1_O84093,0.9543509616212104,0.5,True
8hhj__B1_UNDEFINED--8hhj__A1_A0A0Y5KAW3,0.6763966732723032,0.5,False
7u6p__A1_P11926--7u6p__B1_P11926,0.9433572726952144,0.5,True
4mis__A1_Q57ES7--4mis__B1_Q57ES7,0.9776386817245544,0.6275685417998438,True
2blf__A1_Q9LA16--2blf__B1_Q9LA15,0.9585838537722866,0.5,False
3ke3__A1_Q4FVA8--3ke3__A2_Q4FVA8,0.9818399506806748,0.5,True
7ywc__A1_Q9L0T8--7ywc__B1_Q9L0T8,0.9854496029833678,0.5,True
4wwr__B1_P46379--4wwr__A1_P11441,0.9119229679977343,0.5172199296031071,False
7r0d__B1_Q9NV35--7r0d__A1_Q9NV35,0.9883526310299375,0.503968253968254,True
8w6x__A1_P21852--8w6x__B1_P21853,0.957220022801973,0.5,False
8hdv__A1_UNDEFINED--8hdv__B1_UNDEFINED,0.8313998308962498,0.5,True
3fmf__A1_P9WPQ5--3fmf__B1_P9WPQ5,0.9271860514056576,0.5,True
2xrm__A1_D0AB41--2xrm__A2_D0AB41,0.9747249388666488,0.5,True
4xj7__A1_P66881--4xj7__B1_P66881,0.9624459015427231,0.5,True
7yrt__E1_H9L4P6--7yrt__A1_H9L4P6,0.9260776516276564,0.5,True
7tye__A1_P0A7J0--7tye__A2_P0A7J0,0.9796378535359115,0.5,True
2zvd__B1_Q9RBY1--2zvd__A1_Q9RBY1,0.9956362917778027,0.5,True
3mtw__A1_Q9A4Z9--3mtw__A2_Q9A4Z9,0.997163096573909,0.5,True
3n2o__A1_Q7MK24--3n2o__B1_Q7MK24,0.9291007505496269,0.5,True
7ywd__A1_Q8TB36--7ywd__A2_Q8TB36,0.9983718617946806,0.5,True
5upq__A1_A0A0A0V031--5upq__B1_A0A0A0V031,0.9744061473392435,0.5,True
1vgu__A1_Q46893--1vgu__B1_Q46893,0.9685404581546836,0.5,True
2dp9__A1_Q5SM30--2dp9__A2_Q5SM30,0.9778572625453769,0.5176663560846724,True
8a7l__A1_M1JS91--8a7l__A2_M1JS91,0.9888317416807869,0.5,True
7uqv__A1_A0A0L6JSP1--7uqv__B1_A0A0L6JSP1,0.9916669612244177,0.5,True
5d1r__A1_P9WMC9--5d1r__B1_P9WMC9,0.9607081022045917,0.5,True
3f6q__A1_Q13418--3f6q__B1_P48059,0.9611103101629128,0.5,False
7xyk__A1_Q77J90--7xyk__B1_Q77J90,0.9719431800377999,0.5,True
7xxk__A1_P0DTC9--7xxk__B1_P0DTC9,0.909017223709612,0.5021853376021863,True
3qta__A1_Q5V4K4--3qta__B1_Q5V4K4,0.9954839265113555,0.5133333333333333,True
8oqj__B1_P06959--8oqj__A1_P06959,0.9581027397260274,0.53,True
1tbp__A1_P13393--1tbp__B1_P13393,0.9815486188976951,0.5062672346505133,True
7qfk__C1_Q5FLN0--7qfk__A1_Q5FLN0,0.9616118961551101,0.5,True
7r3o__B1_Q460N3--7r3o__A1_Q460N3,0.9687072558631014,0.5,True
2z0l__A1_P03191--2z0l__B1_P03191,0.9733288388379436,0.5,True
1wli__A1_Q46604--1wli__B1_Q46604,0.9902541827541828,0.5471122908622909,True
8b3e__A1_M4SY06--8b3e__A2_M4SY06,0.9587104594456702,0.5,True
1d8i__A1_O13297--1d8i__A2_O13297,0.9324132126878051,0.5,True
7vo4__B2_F1CLA7--7vo4__A1_F1CLA7,0.9957865582580222,0.5,True
8eh0__B1_P50909--8eh0__A1_P50909,0.978584466318352,0.5,True
7q39__A1_UNDEFINED--7q39__A2_UNDEFINED,0.9870565354048404,0.5,True
3seo__B1_Q87GE5--3seo__A1_Q87GE5,0.9410625896700144,0.5,True
3iey__B1_Q74MS9--3iey__A1_Q74MP4,0.9809490868843387,0.5048076923076923,False
4yto__B1_Q15431--4yto__A1_Q15431,0.8253584729876103,0.5,True
6csm__A1_L1J207--6csm__B1_L1J207,0.984750042820126,0.5,True
4ndt__A1_A7UNK4--4ndt__A2_A7UNK4,0.8862579196407089,0.5,True
8j3p__A1_B9WHT3--8j3p__A2_B9WHT3,0.9873403787185162,0.5,True
7pv7__B1_Q7MVV4--7pv7__A1_Q7MVV4,0.9096823152554623,0.5,True
7uj6__A1_Q8RMD9--7uj6__B1_Q8RMD9,0.9807616761543659,0.4999575893803809,True
3k9i__A1_Q9KFK0--3k9i__A2_Q9KFK0,0.9247182682747052,0.5356498325997038,True
7z1s__A1_A0A3Q7HTY9--7z1s__A2_A0A3Q7HTY9,0.9897470214501647,0.5,True
2e89__A1_O67728--2e89__B1_O67728,0.9871509854228183,0.5,True
2woz__A1_Q9ER30--2woz__A2_Q9ER30,0.9444161424169539,0.5,True
7xxs__A1_B2CKP3--7xxs__B1_B2CKP3,0.9739389265885255,0.5,True
8fir__A1_O83132--8fir__B1_O83132,0.9883770985794231,0.5,True
3i6s__A1_O82777--3i6s__B1_O82777,0.9811037141987672,0.5,True
7yhe__B1_A6YEH4--7yhe__A1_A6YEH4,0.8812464973929264,0.5,True
1ku2__A1_Q9EZJ8--1ku2__B1_Q9EZJ8,0.9034033884748991,0.5,True
6qwo__B1_Q9S5W7--6qwo__A1_Q9S5W7,0.983763778926491,0.5,True
1mxi__A1_P44868--1mxi__A2_P44868,0.9592394670094044,0.5,True
8fuq__A1_P22363--8fuq__B1_P22363,0.9221483240960675,0.5,True
6hhk__B1_A8AST9--6hhk__A1_A8AST9,0.981559777223388,0.5045236583145584,True
2vhl__A1_O34450--2vhl__A2_O34450,0.9952580706615879,0.5,True
8h1i__A1_W6EBY7--8h1i__B1_P0A9Y6,0.9715817893815608,0.5,False
5wan__A1_P75898--5wan__A2_P75898,0.9875283680150918,0.5,True
4x7z__B1_Q49492--4x7z__A1_Q49492,0.996515862886316,0.5,True
5c6k__B1_P36932--5c6k__A1_P36932,0.9507871941110422,0.5,True
6a1k__A1_P71018--6a1k__B1_P71018,0.9898562958575661,0.5,True
7pjh__A1_Q9Y312--7pjh__B1_Q6P2Q9,0.9511678092199003,0.5,False
4joi__A1_Q9H668--4joi__C1_Q86WV5,0.947909093688321,0.5,False
8axz__A1_P31153--8axz__A2_P31153,0.9647859739680253,0.5,True
8ogi__B1_P11678--8ogi__A1_P11678,0.8728349910103046,0.5,True
8cxl__A1_A7KH32--8cxl__B1_A7KH32,0.9473912427241257,0.5,True
7win__B1_Q9UIF8--7win__A1_Q9UIF8,0.8443897548081305,0.5,True
4bwv__A1_Q8L5D0--4bwv__B1_Q8L5D0,0.9533742546225309,0.5,True
7drj__A1_P63756--7drj__B1_P63756,0.9502312517003801,0.5,True
6t2b__A1_B2UQL7--6t2b__C1_B2UQL7,0.9853819997601048,0.5,True
8jh0__B1_S2D3K4--8jh0__A1_S2D3K4,0.9504085132221916,0.5,True
7t2s__A1_A0A494K842--7t2s__A2_A0A494K842,0.9759682170239168,0.5,True
3frw__B1_A5ZMD8--3frw__A1_A5ZMD8,0.9334306199054256,0.5033044218723493,True
5ab5__A1_C9ZUV7--5ab5__B1_C9ZUV7,0.9870123261894078,0.5,True
8jqp__A2_UNDEFINED--8jqp__B1_UNDEFINED,0.9937861078753452,0.5,True
5myd__C2_A0A2D0TC86--5myd__A1_A0A2D0TC86,0.9866571010214463,0.5511291577723808,True
5cde__A1_Q8P839--5cde__B1_Q8P839,0.9549337685594669,0.5,True
6pi4__A1_A0R1Z9--6pi4__A2_A0R1Z9,0.9901384083044983,0.6677985739750445,True
3ipf__A1_Q251Q8--3ipf__B1_Q251Q8,0.9765470676384442,0.6477845514610722,True
4c11__B1_Q6YMS4--4c11__A1_Q6YMS4,0.982374316434089,0.5,True
2p3y__A1_Q87I71--2p3y__B1_Q87I71,0.9750065645356987,0.5,True
5jbr__A1_C5C6I1--5jbr__B1_C5C6I1,0.9715704888266671,0.5046481287809449,True
8ttz__A1_G8E2R2--8ttz__B2_G8E2R2,0.9959472292762556,0.5,True
3vba__A1_Q58673--3vba__B1_Q58673,0.9870912860418899,0.5,True
4o6y__B1_Q9SWS1--4o6y__A1_Q9SWS1,0.9658807178910882,0.5,True
4e5r__A1_Q6IRB5--4e5r__A2_Q6IRB5,0.8026595101503405,0.5,True
7ywv__A1_Q0SBK1--7ywv__C1_Q0SBK1,0.9840099722264791,0.5,True
8eer__A1_P01116--8eer__A2_P01116,0.9811893942991159,0.5,True
3f84__B1_E3PPC4--3f84__A1_E3PPC4,0.9528264345202767,0.5,True
5mu7__A1_G0S6G7--5mu7__B1_G0S6I4,0.9628384072948527,0.5,False
8hfp__B1_Q96T68--8hfp__A1_Q8N8R7,0.8136529133139303,0.5,False
4rmn__B1_Q6NC13--4rmn__A2_Q6NC13,0.8445254337766076,0.5,True
3mx1__A1_Q46944--3mx1__A2_Q46944,0.9607646188913279,0.5,True
5gl5__A1_Q06321--5gl5__B1_Q06321,0.9678667068325393,0.5,True
5gl4__A1_B6YTD8--5gl4__B1_B6YTD8,0.9930401249137193,0.5,True
7wf9__A1_Q3ZT31--7wf9__B1_Q3ZT31,0.9165189132592838,0.5,True
8fw0__B1_P39897--8fw0__A1_P39897,0.9611937761138184,0.5,True
8ou8__B1_P0A8M3--8ou8__A1_P0A8M3,0.971955745686398,0.5,True
7acm__B1_P75811--7acm__A1_P75811,0.9735730142405974,0.5,True
4trb__A1_Q97W95--4trb__B1_Q97W95,0.9586898119446168,0.5,True
7y55__A1_A0A9E8RZN7--7y55__C2_A0A9E8RZN7,0.9898438135919593,0.5,True
2ia9__B1_P28015--2ia9__A1_P28015,0.9408855953948793,0.5,True
3sy6__A1_Q5LE92--3sy6__B1_Q5LE92,0.9907959499942978,0.5,True
6xz3__A1_Q9H1K6--6xz3__A2_Q9H1K6,0.9830455443879053,0.5,True
2h8e__A1_P0AG74--2h8e__A2_P0AG74,0.9071400339448048,0.5,True
3gyx__A1_T2G6Z9--3gyx__B1_T2G899,0.8886724596330591,0.5,False
4e0u__A1_D1D8L6--4e0u__A2_D1D8L6,0.9992903729018392,0.5086206896551724,True
6teu__A1_O60568--6teu__A2_O60568,0.9538579397307082,0.5,True
6xt5__B1_P49046--6xt5__A1_P49046,0.9920763564184666,0.5,True
8g1t__A1_Q07812--8g1t__B1_Q07812,0.8814238158996792,0.5045871559633027,True
7xp7__B1_W9FXI8--7xp7__A1_W9FXI8,0.966390585810519,0.5,True
8i55__A1_Q58380--8i55__B1_Q58380,0.969112200905772,0.544934554251173,True
1h65__A1_Q41009--1h65__A2_Q41009,0.9767557889230892,0.5,True
3ol4__A1_A0QRC4--3ol4__B1_A0QRC4,0.9866479466479466,0.5181818181818182,True
8idq__A1_A0A0B8MZ29--8idq__C1_A0A0B8MZ29,0.9171639117426605,0.5,True
5hcb__A1_P83003--5hcb__B1_P83003,0.9622114907684599,0.5,True
3f6g__B1_Q8F3Q1--3f6g__A1_Q8F3Q1,0.9432827776273521,0.5,True
6akj__B1_G2TRN4--6akj__A1_G2TRN4,0.9700588392136514,0.5,True
8ju7__A1_Q9I2U4--8ju7__B1_Q9I2U4,0.9724224439743134,0.4999032694911975,True
3nel__A1_Q52428--3nel__B1_Q52428,0.9731034843409966,0.5,True
2dc1__A1_O28440--2dc1__B1_O28440,0.9618486946190952,0.5,True
8fzk__B1_P52292--8fzk__A1_P52292,0.9299639484542128,0.5,True
3wnz__A1_P39641--3wnz__A2_P39641,0.9647480584992982,0.5,True
8e1u__A1_A0A160VN62--8e1u__F2_A0A160VN62,0.9767863018819817,0.5,True
1v7c__A1_P83823--1v7c__B1_P83823,0.9832168262153216,0.5,True
7skr__A1_Q0QDZ2--7skr__A2_Q0QDZ2,0.8895773601711169,0.5,True
3egg__A1_P62136--3egg__C1_O35274,0.9218951801598299,0.5,False
8imd__A1_UNDEFINED--8imd__B1_UNDEFINED,0.9882565349417358,0.5,True
4yke__B1_G0RYR3--4yke__A1_G0RYR3,0.9909268369847227,0.5,True
1tq9__A1_P00669--1tq9__B1_P00669,0.9572758464857071,0.5,True
4oh3__B1_Q05085--4oh3__A1_Q05085,0.9789319430296857,0.5,True
4q62__A1_Q5ZUB7--4q62__A2_Q5ZUB7,0.9509799792220959,0.5,True
2we5__A1_P0A2X7--2we5__B1_P0A2X7,0.9841707663095982,0.5,True
5t51__A1_Q6CLK3--5t51__B1_Q6CPD1,0.9551131142900691,0.5036449147560258,False
3i0z__A1_A0A0H2UN25--3i0z__B1_A0A0H2UN25,0.9537097671939145,0.5,True
3wof__A1_Q8RQE9--3wof__B1_A7XX65,0.8085146632164981,0.5,False
8p6k__A1_A0A0H2UWN1--8p6k__B1_A0A0H2UWN1,0.961889252924826,0.5,True
7z9z__A1_P02754--7z9z__A2_P02754,0.9773077120249175,0.5,True
6d0i__A1_A0A0C5XL88--6d0i__B1_A0A0C5XKJ0,0.892747301438364,0.5,False
3gs3__A1_Q8MSU4--3gs3__A2_Q8MSU4,0.9938941071409358,0.5,True
2f4m__A1_Q9JI78--2f4m__B1_P54728,0.98646165253129,0.5101762202707897,False
4yh8__A1_Q09176--4yh8__B1_P36629,0.7685699701013636,0.5,False
6ago__A1_Q9NR48--6ago__C1_Q9UBU8,0.9477604554249144,0.5,False
7rmx__A1_UNDEFINED--7rmx__A2_UNDEFINED,0.9768386081291887,0.5,True
1e44__B1_P00646--1e44__A1_P02984,0.947162004708195,0.5,False
2yri__A1_Q5SLX0--2yri__B1_Q5SLX0,0.986996699259135,0.5,True
1gcj__A1_P70168--1gcj__B1_P70168,0.9853324511679751,0.5,True
7qbp__A1_A4F7B2--7qbp__A2_A4F7B2,0.9508837890642514,0.5,True
4hdd__A1_P09391--4hdd__A2_P09391,0.8851012660349954,0.4997454823110206,True
3e4q__A1_P13633--3e4q__B1_P13633,0.9794537019797679,0.5,True
8ein__B1_Q6FCQ4--8ein__A1_Q6FCQ4,0.9854188398796031,0.5,True
6ygu__A1_G0RZ64--6ygu__B1_G0S1V1,0.9171993456752815,0.5,False
2yyh__A1_O67435--2yyh__B1_O67435,0.9873628164728893,0.5055555555555555,True
5wk0__A1_A0A2C9TMM3--5wk0__A2_A0A2C9TMM3,0.9820401979581989,0.5382964674810169,True
8h4j__A1_W8UQZ7--8h4j__D1_W8UQZ7,0.9031194423952952,0.5,True
1z83__A1_P00568--1z83__B1_P00568,0.9466355929064494,0.5,True
8h2c__A1_Q0P8U0--8h2c__B1_Q0P8U0,0.9553742550161096,0.49999560017951267,True
2dkh__A1_Q6SSJ6--2dkh__A2_Q6SSJ6,0.9619617271656723,0.5,True
7c7e__A1_A0A0H3MRW3--7c7e__A2_A0A0H3MRW3,0.9778516746411483,0.4999736842105263,True
7px2__A1_UNDEFINED--7px2__B1_UNDEFINED,0.8510386887745378,0.5,True
3dpt__B1_Q8KC98--3dpt__A1_Q8KC98,0.9796032842394549,0.5,True
8u1j__A1_Q9RYE6--8u1j__A2_Q9RYE6,0.9104034026716288,0.5,True
3fgw__A1_Q3TCN2--3fgw__A2_Q3TCN2,0.9957174356558769,0.5,True
7wh0__A1_Q9U2E4--7wh0__B2_Q9U2E4,0.9970159011140333,0.5,True
8dq3__A1_A0A142G3G1--8dq3__B1_A0A142G3G1,0.9793306226553122,0.5,True
8hci__B1_A0A8T8BZJ9--8hci__A1_A0A8T8BZN3,0.9200992218108943,0.5,False
3qth__A1_Q47ZP9--3qth__B1_Q47ZP9,0.9592176092389805,0.5045493402016933,True
8b28__A1_F6GSX7--8b28__A2_F6GSX7,0.99452970573084,0.5,True
6scx__A1_Q9BQG2--6scx__B1_Q9BQG2,0.9567114357804278,0.5,True
8hpc__A1_P60327--8hpc__H1_P60327,0.9818947000119279,0.5,True
5n76__A1_P72320--5n76__B1_P72320,0.9246035606576515,0.4992078162133615,True
8hpi__A1_A0A8D3X086--8hpi__B1_A0A8D3X086,0.9865263886040161,0.5,True
3cq3__A1_Q53W28--3cq3__A2_Q53W28,0.9277087586946742,0.5,True
3kbu__A1_P11277--3kbu__D1_P16157,0.9077800575352306,0.5,False
7pck__A1_P43235--7pck__C2_P43235,0.9946783556389581,0.5,True
5o4z__A1_Q9X1T1--5o4z__A2_Q9X1T1,0.9876674104564838,0.5,True
1vla__A1_Q9X021--1vla__B1_Q9X021,0.9546033830171814,0.5110220121790088,True
5oed__A1_Q6EAT3--5oed__B1_Q13637,0.9725118922183671,0.5,False
8hyn__A1_UNDEFINED--8hyn__B1_UNDEFINED,0.9846931686897341,0.5,True
7yva__A1_Q9URB4--7yva__B1_Q9URB4,0.9799260177692872,0.4999955656855007,True
7s6n__B1_Q5RGJ8--7s6n__A1_Q5RGJ8,0.8967770327620969,0.5,True
4cz8__A1_Q9UZ55--4cz8__B1_Q9UZ55,0.9723991141333845,0.5,True
6ebn__A1_A0A4P1LYB6--6ebn__B1_A0A4P1LYB6,0.9683937173642803,0.5,True
3ffe__B1_Q93AT8--3ffe__A1_Q93AT8,0.9332251590588837,0.5,True
7zg6__A1_A0A2J0RDY6--7zg6__B1_A0A2J0RDY6,0.9331076822996076,0.5604378849789595,True
1p65__A1_Q9YJI1--1p65__B1_Q9YJI1,0.911185208540307,0.5372240432607364,True
8f4q__A1_Q00972--8f4q__A2_Q00972,0.9387998510709669,0.5,True
4rz3__A1_A4IMB4--4rz3__B1_A4IMB4,0.9778670205282539,0.5,True
7tjl__A1_UNDEFINED--7tjl__A2_UNDEFINED,0.9859569141289077,0.5,True
8f8k__A1_O53507--8f8k__A2_O53507,0.987958475284134,0.5,True
3zw5__A1_A6NK44--3zw5__B1_A6NK44,0.9262375280618608,0.5,True
6l3q__B1_G0SEI5--6l3q__A1_G0SEI5,0.9753866605207056,0.5,True
8ag8__A1_A0A1I5SVP7--8ag8__A2_A0A1I5SVP7,0.940532332976063,0.5,True
2i2w__A1_P63224--2i2w__D1_P63224,0.982042544082257,0.5098039215686274,True
2f22__B1_Q9RC77--2f22__A1_Q9RC77,0.9825506765791304,0.5,True
6yex__A1_UNDEFINED--6yex__B1_UNDEFINED,0.8864490348082612,0.5,True
3tng__A1_Q8Y7B7--3tng__A2_Q8Y7B7,0.9811032768931618,0.5,True
8gr8__B1_P08679--8gr8__A1_P08679,0.9855716897682097,0.5,True
7ae8__A1_A0A0B0QJR1--7ae8__B1_A0A0B0QJR1,0.9706212196531654,0.5,True
2w54__B1_O54051--2w54__A1_O54050,0.9479217866719775,0.5,False
4cuc__A1_A0A0H2UP19--4cuc__A2_A0A0H2UP19,0.8531020487705435,0.5,True
4b0z__A1_P50524--4b0z__B1_P50524,0.9846106380847441,0.5,True
2re7__A1_Q4FV99--2re7__A2_Q4FV99,0.913059163059163,0.5,True
8h0t__A1_O34614--8h0t__A2_O34614,0.9887946811129141,0.5,True
1te2__A1_P77247--1te2__B1_P77247,0.9884728908987549,0.5,True
7xt2__A1_Q6ZMU5--7xt2__B1_Q6ZMU5,0.9481103550614378,0.5,True
1ev7__A1_P50187--1ev7__B1_P50187,0.9930006948063227,0.5,True
1ogl__A1_O15923--1ogl__A2_O15923,0.9892382102656585,0.5,True
3lrt__B1_Q97CA5--3lrt__A1_Q97CA5,0.9729501233318173,0.5032258064516129,True
3rvb__A1_P26663--3rvb__A2_P26663,0.816956987164456,0.5,True
3fou__A1_Q5SGZ9--3fou__B1_Q5SGZ9,0.9841606326219512,0.5,True
5jnq__A1_R0BTE9--5jnq__A2_R0BTE9,0.9791805367467709,0.5,True
4g12__A1_A5U5K3--4g12__B1_A5U5K3,0.985819532507289,0.5,True
3evj__B1_P01008--3evj__A1_P01008,0.9934100343995264,0.5,True
2oq2__B1_P18408--2oq2__A1_P18408,0.9951150460346699,0.5,True
8he6__A1_Q8YSS0--8he6__B1_Q8YSS0,0.9817552146184401,0.49996506184054224,True
2xij__A1_P22033--2xij__A2_P22033,0.9910818001372682,0.5,True
1nr5__A1_P07547--1nr5__A2_P07547,0.979489174925867,0.5,True
1gmj__A1_P01096--1gmj__B1_P01096,0.8928555312380135,0.5,True
4yba__B1_Q93K36--4yba__A1_Q93K36,0.9885008572791378,0.5383777442600972,True
8ok7__A1_M4T0B2--8ok7__D1_M4T0B2,0.9797235238788374,0.5,True
7f76__B1_A0A223KLJ1--7f76__A1_A0A223KLJ1,0.91216223148539,0.5,True
8jmq__A1_A9CQD5--8jmq__B1_A9CQD3,0.9692209163725919,0.5,False
7zgt__A1_W8R3D8--7zgt__B1_W8R3D8,0.9843504691220075,0.5,True
7xgt__B1_Q6H8B1--7xgt__A1_Q6H8B1,0.9916805232275517,0.5,True
3i2t__A1_P04412--3i2t__A2_P04412,0.9314033348207991,0.5,True
8tjk__A1_A0A0F7G196--8tjk__B1_A0A0F7G196,0.9811401079565971,0.5,True
7wt0__A1_Q04760--7wt0__B1_Q04760,0.8905974246906433,0.5,True
3if0__A1_Q74MS9--3if0__A2_Q74MS9,0.9933935942703811,0.5,True
3qrh__A1_Q8SSM8--3qrh__A2_Q8SSM8,0.9792664018949431,0.5,True
8q70__A1_Q8U2C1--8q70__A2_Q8U2C1,0.9683876327780253,0.5,True
7vso__A1_P02945--7vso__A2_P02945,0.9624589218865162,0.5,True
5f8b__A1_Q4WB03--5f8b__A2_Q4WB03,0.9855951735847693,0.5,True
8ax0__A1_A0A384E145--8ax0__B1_A0A384E145,0.9904144322615445,0.5,True
8ant__B1_A0A1P8CWW1--8ant__A1_A0A1P8CWW1,0.9005554228614165,0.5060240963855421,True
7r5y__E2_R7PD89--7r5y__A1_R7PD89,0.9876294742030669,0.5,True
7qow__B1_Q93P54--7qow__A1_Q93P54,0.9805267157663377,0.5,True
5il7__A1_Q8KC98--5il7__B1_Q8KC98,0.8915226817802542,0.5,True
3ct9__B1_Q8A1V9--3ct9__A1_Q8A1V9,0.9702975960319273,0.5,True
8pvm__A1_P29166--8pvm__B1_P29166,0.9540057140585998,0.5,True
8ct0__F1_S4S3E3--8ct0__A1_S4S3E3,0.9513486735591524,0.49998306290437317,True
3q2j__B1_P0A3Y5--3q2j__A1_P0A3Y5,0.9390033540801492,0.5,True
7xzp__B1_A0A379CIH2--7xzp__A1_A0A379CIH2,0.9840812932561632,0.5,True
7tvm__A1_UNDEFINED--7tvm__B1_UNDEFINED,0.9922516216063499,0.5,True
3qvf__A1_Q56187--3qvf__A2_Q56187,0.9949227892402132,0.5,True
6gxs__A1_Q7NZ70--6gxs__D1_Q7NZ70,0.8434877169309538,0.5,True
2hr8__A1_O58456--2hr8__B1_O58456,0.9479813406690369,0.5,True
2zyf__A1_O87198--2zyf__A2_O87198,0.935308198481849,0.5,True
7s3v__A1_Q16719--7s3v__A2_Q16719,0.962079498141702,0.5,True
6a29__A1_O32504--6a29__B1_O32504,0.9807704298902251,0.5,True
4ml6__C1_A6GV51--4ml6__A1_A6GV51,0.9766991776189746,0.5032679738562091,True
4cht__A1_Q13472--4cht__B1_Q9H9A7,0.9279672237693564,0.5,False
1n4p__B1_P53610--1n4p__A1_Q04631,0.9794187518392456,0.5,False
1tec__A1_P04072--1tec__B1_P01051,0.9652961566297185,0.5,False
6b9t__A1_A9A1T2--6b9t__B1_A9A1T2,0.9244704597114038,0.5,True
3g0k__A1_Q2G4A7--3g0k__A2_Q2G4A7,0.9643604499084489,0.5,True
7zoo__B1_A0A979GQH9--7zoo__A1_A0A979GQH9,0.7955660246639878,0.5,True
8hy5__A1_P14920--8hy5__B1_P14920,0.9618542294979826,0.5,True
8fts__A1_R9UTR3--8fts__A2_R9UTR3,0.9763546691323458,0.5,True
1jrk__A1_Q8ZTD8--1jrk__B1_Q8ZTD8,0.9422730780755263,0.49997690211114704,True
7y8v__A1_UNDEFINED--7y8v__B1_UNDEFINED,0.9737707849777405,0.5,True
2ejn__A1_P30440--2ejn__B1_P30440,0.9849380832546608,0.5,True
5hs5__A1_Q2G0D1--5hs5__B1_Q2G0D1,0.9837345800381584,0.5368404188695184,True
3v89__A1_Q9K0U9--3v89__B1_P02787,0.9211627034981198,0.5,False
8e3g__B1_P43026--8e3g__A1_P12643,0.9048863165127058,0.5,False
2w8b__A1_P0A855--2w8b__H1_P0A912,0.9406540336443698,0.5,False
5f7p__B1_Q8YAF1--5f7p__A1_Q8YAF1,0.9884895796547741,0.5,True
8f71__B1_Q6N5G3--8f71__A1_Q6N5G3,0.9716336815345918,0.5,True
8hwi__B1_A0A327WNX5--8hwi__A1_A0A327WNX5,0.9638193653906479,0.5,True
7r3i__B1_P54292--7r3i__A1_P54292,0.981358990478199,0.5,True
8afj__A1_A0A179QS89--8afj__B1_A0A179QS89,0.9925766660405106,0.5,True
3pub__B1_E5EVW2--3pub__A1_E5EVW2,0.8303801089933163,0.5,True
8es5__A1_A0A0H2Z732--8es5__B1_A0A0H2Z732,0.9542182128766296,0.5,True
7txn__B1_Q8YVV6--7txn__A1_Q8YVV6,0.986647461849891,0.5191847626058153,True
3py6__A1_Q2YQ74--3py6__A2_Q2YQ74,0.9809514193861106,0.5,True
1hjr__A1_P0A814--1hjr__C1_P0A814,0.9900118511971718,0.5,True
8k3b__A1_A0A071KWR3--8k3b__A2_A0A071KWR3,0.9708127421828087,0.5,True
3w2z__A1_Q8YXY7--3w2z__A2_Q8YXY7,0.9862804092693531,0.5,True
8f78__A1_P55212--8f78__B1_P55212,0.9675944738557416,0.514960255003895,True
6wg4__A1_Q14683--6wg4__B1_Q9UQE7,0.868652354984929,0.5,False
7zry__A1_O60341--7zry__B1_Q9UKL0,0.9741468260709266,0.5,False
1uix__A1_Q28021--1uix__B1_Q28021,0.9337801657078766,0.5,True
7vrc__A1_P38956--7vrc__B1_P22082,0.9476591429835913,0.5071497397802838,False
1oz0__A1_P31335--1oz0__B1_P31335,0.9828626069188244,0.5,True
7eft__B1_P16926--7eft__A1_P16926,0.9085879259850905,0.5,True
5jsn__A1_P10415--5jsn__B1_UNDEFINED,0.9792437672630117,0.5,False
8e2b__B1_Q2FYI5--8e2b__A1_Q2FYI5,0.9340363838748235,0.5,True
7jw6__A1_Q9VIF1--7jw6__A2_Q9VIF1,0.9835502981795354,0.5,True
1jkw__A1_P51946--1jkw__A2_P51946,0.9833861053750196,0.5,True
4pfp__B1_F1RQI7--4pfp__A1_F1RQI7,0.9887376105814653,0.5,True
8h1s__A1_Q9I5U2--8h1s__B1_Q9HX32,0.8469980263610872,0.5,False
7t0y__A1_P62136--7t0y__B1_Q14684,0.7962390308671076,0.5,False
1tz9__A1_Q82ZC9--1tz9__B1_Q82ZC9,0.964026748747483,0.5,True
2wns__B1_P11172--2wns__A1_P11172,0.9932043157706416,0.5,True
6s8v__B1_P08195--6s8v__A1_P80188,0.9086846792885195,0.5,False
2gt4__A1_P32056--2gt4__B1_P32056,0.9415200833852017,0.5,True
3bof__A1_Q9WYA5--3bof__B1_Q9WYA5,0.9976643794841383,0.499998393744599,True
6trj__A1_O75475--6trj__A2_O75475,0.9454589086938143,0.5,True
8h4z__A1_A0A2X5A3P4--8h4z__B1_A0A2X5A3P4,0.9904182698455288,0.5,True
2hre__A1_P22830--2hre__B1_P22830,0.9798542453589041,0.5,True
5yjc__A1_Q5HK94--5yjc__B1_Q5HK94,0.9051598346753844,0.5,True
8d6k__A1_Q9L1K2--8d6k__B1_Q9L1K2,0.9731606835820612,0.5,True
2zew__B1_Q9ZA17--2zew__A1_Q9ZA17,0.9751571875112277,0.5,True
5wpi__A1_Q58PW8--5wpi__B1_Q58PW8,0.9716664114304131,0.5,True
8fk6__A1_A0A0C9S461--8fk6__B1_P80098,0.8640165031222123,0.5,False
7tm7__A1_A0A0H3GYH4--7tm7__B1_A0A0H3GYH4,0.9900010264013561,0.5,True
8gy0__A1_A0A8H4VHP2--8gy0__B1_A0A8H4VHP2,0.9573118314454296,0.5,True
7x4b__A1_A0A2D0TCG3--7x4b__B1_A0A2D0TCG3,0.8211051382633541,0.5,True
4aqp__B1_P54253--4aqp__A1_P54253,0.9514386887252663,0.5,True
3npi__A1_Q6NFU8--3npi__B1_Q6NFU8,0.9680357951469853,0.5,True
8cok__B1_Q9NXR8--8cok__A1_Q9NXR8,0.9522878795994328,0.5046953148923139,True
1wz3__A1_Q9LVK3--1wz3__B1_Q9LVK3,0.9088024508341114,0.5655677541079869,True
1nw1__A1_Q22942--1nw1__B1_Q22942,0.9934847502015333,0.5,True
1hrp__B1_P0DN86--1hrp__A1_P01215,0.8516040109575147,0.5,False
3qf4__B1_Q9WYC4--3qf4__A1_Q9WYC3,0.955801828952711,0.5,False
7y4o__B1_A0A0G2JZC4--7y4o__A1_A0A0G2JZC4,0.9903953915704163,0.5,True
8hns__A1_A0A377JKY9--8hns__A2_A0A377JKY9,0.9554632768186372,0.5,True
3mpn__A1_O67854--3mpn__A2_O67854,0.9931930278060654,0.5,True
6vlg__A2_Q9WTS2--6vlg__C1_Q9WTS2,0.9644592215865588,0.5,True
1v71__A1_O59791--1v71__A2_O59791,0.9933233256365783,0.5,True
3fpk__A1_Q8ZKP5--3fpk__B1_Q8ZKP5,0.9900008403281955,0.5,True
8eb3__A1_K2K6A3--8eb3__B1_K2K6A3,0.9882056966897613,0.5,True
4z1i__C1_Q12931--4z1i__A1_Q12931,0.9676087331040171,0.5,True
8pz3__A1_D7SFB8--8pz3__B1_D7SFB8,0.9491502979080204,0.5,True
5vpb__B1_P17535--5vpb__A1_P53539,0.9420898561792033,0.5,False
8bt3__A1_Q6F0T5--8bt3__A2_Q6F0T5,0.9541850701293078,0.5058823529411764,True
1r7h__A1_O69271--1r7h__B1_O69271,0.8716013017135701,0.5,True
4oag__A1_Q8BGV8--4oag__B1_Q8BGV8,0.8989290524405502,0.5,True
5bo9__A1_O43173--5bo9__B1_O43173,0.942296759522456,0.5,True
7kws__A1_Q0P8H3--7kws__B1_Q0P8H3,0.9931517646891598,0.5,True
4qa0__A1_Q9BY41--4qa0__B1_Q9BY41,0.9865315874767797,0.5,True
6epi__B1_D5K9G7--6epi__A1_D5K9E3,0.9748161999883527,0.5,False
7qgs__B1_Q09472--7qgs__A1_Q16665,0.8801054603482966,0.5,False
7tz7__A1_P42336--7tz7__B1_P27986,0.9084283907697294,0.5,False
2zl1__A1_Q9UHA4--2zl1__B1_Q9JHS3,0.965860209708635,0.5282997295792572,False
4ija__A1_A0A0H3JS71--4ija__B1_A0A0H3JS71,0.9837286247404139,0.5,True
3ijt__B1_Q8DVN6--3ijt__A1_Q8DVN6,0.8959427943642426,0.5,True
7qgt__A1_P35520--7qgt__B1_P35520,0.9642983016571793,0.5,True
8i4q__A1_Q8NQI2--8i4q__B1_Q8NQI2,0.9835128467012141,0.5,True
5lxv__A1_G9FCX2--5lxv__B1_A0A1L1QK37,0.9694525098326242,0.5,False
8h25__A1_A0A5R8LFD3--8h25__C1_A0A5R8LFD3,0.968734902939051,0.5,True
6kjl__A1_Q9RC94--6kjl__B1_Q9RC94,0.8815202992531586,0.5,True
5f3o__A1_C4LU64--5f3o__B1_C4LU64,0.9743885665400798,0.5,True
8arv__A1_Q9HW35--8arv__B1_Q9HW35,0.9890734956348192,0.5,True
2i1a__B1_P40087--2i1a__A1_P40087,0.9676353509597299,0.5061344635755565,True
2y9x__A1_C7FF04--2y9x__E1_G1K3P4,0.9423010152326954,0.5,False
8waa__A1_P29401--8waa__B1_P29401,0.9757376726491108,0.5,True
6n2f__B1_Q94A94--6n2f__A1_Q94A94,0.955474235680212,0.5,True
8b08__B1_P0A2K1--8b08__A1_P00929,0.9544868888879203,0.5,False
5ja2__A1_P11454--5ja2__B1_Q9I169,0.9731248271047591,0.5,False
4g3w__A1_O66591--4g3w__A2_O66591,0.9957632548454268,0.5745995514976774,True
5cm2__A1_Q6C999--5cm2__B1_Q6C4P5,0.9799720487085806,0.5,False
6g70__B1_Q8K2Z2--6g70__A1_Q8K2Z2,0.977076843453989,0.5,True
7xac__A1_P47929--7xac__B1_P47929,0.9147297092671107,0.5,True
4d4t__A1_P0DOE7--4d4t__A2_P0DOE7,0.9335741008917344,0.5,True
2zz8__A1_O34094--2zz8__B1_O34094,0.9741501768822749,0.5,True
8b8h__A1_P9WQA9--8b8h__B1_P9WQA9,0.9463531731100802,0.5,True
7u2s__A1_A0A2W1NDJ7--7u2s__B1_A0A2W1NDJ7,0.9727561538727747,0.5,True
1d2g__A1_P13255--1d2g__B1_P13255,0.9263971694999087,0.5,True
7uld__A1_O28028--7uld__A2_O28028,0.9698843164947466,0.5,True
4c0f__B1_Q9NZN8--4c0f__A1_Q9NZN8,0.9468203201993343,0.5,True
8co8__A1_Q9Q6P4--8co8__A2_Q9Q6P4,0.9666835606499786,0.5,True
3lcr__B1_A4KCE5--3lcr__A1_A4KCE5,0.9985737517580873,0.5,True
8b21__A1_Q9S5X0--8b21__B1_Q9S5X0,0.963258567925339,0.5,True
3swk__A1_P08670--3swk__B1_P08670,0.9500182144123934,0.5,True
8txn__B1_P08120--8txn__A1_P08120,0.9319721959012166,0.5,True
8dak__A1_F2X702--8dak__B1_F2X702,0.952071684125705,0.5,True
2rde__B1_A0A0H3ADR8--2rde__A1_A0A0H3ADR8,0.9181018696800483,0.5,True
6sek__A1_UNDEFINED--6sek__B1_UNDEFINED,0.9836821337673978,0.5,True
2pih__A1_O31779--2pih__B1_O31779,0.9546309584162753,0.5,True
6v7v__A1_A0SML3--6v7v__B1_A0SML3,0.9528807377154453,0.5508746243353626,True
7ykv__B1_Q58241--7ykv__A1_Q58241,0.9810364484202981,0.5,True
7y4g__A1_Q8A028--7y4g__A2_Q8A028,0.9844396695076729,0.5,True
8cci__A1_A0R7I9--8cci__A2_A0R7I9,0.9867211707190999,0.49999461560827474,True
6p35__A1_P75913--6p35__A2_P75913,0.9886815633651198,0.5,True
6p3j__A1_Q0KJL4--6p3j__B1_Q0KJL4,0.9849255761884025,0.5,True
4o6p__A1_Q8RDI4--4o6p__B1_Q8RDI4,0.9339367406351187,0.5,True
8ozv__A1_A0A179UH34--8ozv__A2_A0A179UH34,0.9698826617978977,0.5,True
2cim__A1_Q46AN5--2cim__B1_Q46AN5,0.9648799387081034,0.5,True
6tpo__A1_P24474--6tpo__A2_P24474,0.978414265376613,0.5,True
7wwo__B1_Q5SH57--7wwo__A1_Q5SH57,0.9682035697276211,0.5,True
4pmv__A1_Q8PEU1--4pmv__B1_Q8PEU1,0.970963471727089,0.5,True
7xge__A1_UNDEFINED--7xge__B1_Q07820,0.9906518428961927,0.5,False
6rmr__B1_P19926--6rmr__A1_P19926,0.9924783408808019,0.5,True
6hhb__A1_E0SCP7--6hhb__C1_E0SCP7,0.9822708126966821,0.5,True
7e5c__A1_A0A1I7CHQ2--7e5c__B1_A0A1I7CHQ2,0.9845156012687686,0.5,True
2gn5__A1_P69542--2gn5__A2_P69542,0.9604634800336834,0.5,True
2wfh__A1_O94813--2wfh__B1_O94813,0.9580866944503308,0.5,True
3zco__A1_P06701--3zco__A2_P06701,0.9328529267263155,0.5,True
2ghy__A1_P03051--2ghy__B1_P03051,0.9342006732244251,0.5732894937730376,True
3htr__A1_Q6N0K4--3htr__B1_Q6N0K4,0.8291012743704995,0.5,True
8aeu__A1_Q00987--8aeu__A2_Q00987,0.9348060846036554,0.5037593984962406,True
1xuv__A1_Q8PZJ2--1xuv__C1_Q8PZJ2,0.9896454163314037,0.5,True
2o8p__A1_Q5CYG0--2o8p__A2_Q5CYG0,0.9833173399705788,0.5,True
4zmu__A1_Q9I072--4zmu__B1_Q9I072,0.9932564042452816,0.5057471264367817,True
3dl3__G2_Q5E3X2--3dl3__C1_Q5E3X2,0.9194661872631297,0.5,True
7yvz__A1_A7LPG5--7yvz__A2_A7LPG5,0.880844234496124,0.5,True
4ia6__A1_Q5FL96--4ia6__B1_Q5FL96,0.9894352517635925,0.5,True
8bou__A1_A0A7G5MNS2--8bou__B1_A0A7G5MNS2,0.9820097360578635,0.5,True
5gk1__A1_Q7N4Z6--5gk1__B1_Q7N4Z6,0.9938212964576917,0.5,True
5x03__B1_P94426--5x03__A1_P94426,0.9786486844910449,0.5,True
1k3e__B1_P58233--1k3e__A1_P58233,0.9205141071761563,0.499950526888636,True
6u18__A1_Q9EVJ6--6u18__B1_Q9EVJ6,0.9806008867712263,0.4999851101846337,True
6b9p__A1_C0HJB3--6b9p__B1_C0HJB3,0.9842668845730703,0.5,True
7wpy__A1_A0A097ZPD5--7wpy__C1_A0A097ZPD5,0.9819675288232732,0.5,True
7xn2__A1_Q8YR38--7xn2__A2_Q8YR38,0.8905302535995477,0.5,True
3qhy__B1_O87916--3qhy__A1_Q93T42,0.9729499306028448,0.5,False
4j5p__B1_P97612--4j5p__A1_P97612,0.9835581574408396,0.5,True
4icq__A1_A0A0H2UN95--4icq__B1_A0A0H2UN95,0.9951830774860595,0.5,True
1klf__B1_P08191--1klf__A1_P31697,0.9466433785954154,0.5125,False
6y4l__A1_Q15006--6y4l__B1_Q9Y3B6,0.9747648676468329,0.5,False
6dex__B1_Q74ZQ8--6dex__A1_Q75DL0,0.9749102136878243,0.5,False
2z02__A1_Q58987--2z02__B1_Q58987,0.9936989111693778,0.5,True
4l7w__A1_Q7Z4H3--4l7w__A2_Q7Z4H3,0.9413018507297879,0.49998467667790375,True
6tct__A1_Q9KL67--6tct__B1_Q9KL67,0.9678070739549839,0.5,True
6sul__A1_A8FAR5--6sul__B1_A8FAR5,0.9594495676199362,0.5,True
4qqv__A1_P26954--4qqv__B1_P26954,0.9235831441718412,0.5,True
3l8d__A1_A0RD96--3l8d__A2_A0RD96,0.9839237936257776,0.5,True
7yqa__B1_A0A1C9ZZ39--7yqa__A1_A0A1C9ZZ39,0.8654864729282667,0.5,True
1b8m__B1_P34130--1b8m__A1_P23560,0.917638987382915,0.5,False
1irq__B1_Q57468--1irq__A1_Q57468,0.9076066457117198,0.5872851369555456,True
7xi6__A1_A5GXY1--7xi6__B1_A5GXY1,0.9042272694381128,0.6351984514635116,True
6iik__A1_P54578--6iik__B1_P54578,0.998444067280047,0.5,True
3nau__A1_Q9Y6X8--3nau__B1_Q9Y6X8,0.8936675452790698,0.5257731958762887,True
3cis__B1_P9WFD7--3cis__A1_P9WFD7,0.9888829663568679,0.5,True
4jzy__B1_O77059--4jzy__A1_O77059,0.9454138738673447,0.5,True
8d03__A1_UNDEFINED--8d03__A2_UNDEFINED,0.9867505228003371,0.5750101438871376,True
7yxg__A1_Q9VU77--7yxg__B1_Q9VU77,0.9888360558751534,0.5,True
5cio__A1_A0A1A9TAI5--5cio__B1_A0A1A9TAI5,0.9707676655109708,0.5,True
8jwj__A1_Q9DAG9--8jwj__B1_P62837,0.9251887847895639,0.5,False
6ia6__A1_A0A1C7D1B7--6ia6__A2_A0A1C7D1B7,0.9974756384966844,0.5,True
8h1g__A1_O67518--8h1g__A2_O67518,0.9793294175453148,0.5,True
6x61__A1_Q79V60--6x61__B1_Q8DMT2,0.821574112467345,0.5,False
7x0d__A1_A5YW95--7x0d__B1_A5YW95,0.964926115579214,0.5,True
1ghd__B1_O86089--1ghd__A1_O86089,0.9563512052395013,0.5,True
2x6f__A1_Q9W1M7--2x6f__B1_Q9W1M7,0.9713480932492439,0.5,True
8oik__A1_Q9UPU9--8oik__C1_Q9UPU9,0.9594365666424535,0.5053763440860215,True
6nxl__A1_B4DV12--6nxl__E1_B4DV12,0.9444455092574846,0.5291914692046942,True
8wmy__A1_A0A4U7IGH6--8wmy__B2_A0A4U7IGH6,0.9784515388327422,0.5,True
3trf__A1_Q83AJ3--3trf__A2_Q83AJ3,0.9150601979274767,0.5,True
5h4s__A1_A0A090BWT0--5h4s__A2_A0A090BWT0,0.8306284689902437,0.5,True
2zvb__A1_Q53WA6--2zvb__A2_Q53WA6,0.9502197370111366,0.5,True
8wa7__A1_P27302--8wa7__B1_P27302,0.9930819109278668,0.5,True
3b0z__B1_P40727--3b0z__A1_P40727,0.9116274451395094,0.5,True
4usp__A1_B3GA02--4usp__B1_B3GA02,0.9430824296848526,0.5,True
7cms__A1_P00953--7cms__B1_P00953,0.9902271832760704,0.5,True
7t8q__A1_Q7S860--7t8q__D1_Q7S860,0.9828751259539961,0.5,True
6j9k__A1_A0A425B3G2--6j9k__A2_A0A425B3G2,0.9869775215648503,0.5,True
7xp0__A1_Q9I5E1--7xp0__A2_Q9I5E1,0.9453409082535682,0.5,True
8ih4__A1_Q8WVV5--8ih4__B1_Q8WVV5,0.9433220578347408,0.5,True
7qej__A1_P0DV33--7qej__B1_P0DV33,0.9863545909431463,0.5,True
1tfe__A1_P43895--1tfe__A2_P43895,0.965905074189029,0.5,True
4iwq__A1_Q9UHD2--4iwq__A2_Q9UHD2,0.8931093505239001,0.5,True
