system_id,auroc,bacc,is_homodimer
8iyi__A1_Q6CVU4--8iyi__B1_Q6CVU4,0.9759337021381045,0.5,True
1uus__A1_O00910--1uus__A2_O00910,0.9600060859990937,0.5,True
1zt2__A1_Q97Z83--1zt2__C1_Q9UWW1,0.9929652319297854,0.5,False
7uex__A1_Q9H999--7uex__A2_Q9H999,0.9608774482521093,0.5029899711475164,True
6jqy__A1_P9WF13--6jqy__B1_P9WF13,0.9641284570596799,0.6889374090247453,True
6l6w__A1_A0A3B6UEU3--6l6w__A2_A0A3B6UEU3,0.9969285201517792,0.5,True
8h56__A1_Q8BB16--8h56__B1_Q8BB16,0.951186199670708,0.5,True
8grj__B1_Q8GQE7--8grj__A1_A0A0H3KLY3,0.9669819493571992,0.5,False
2j0n__B1_P18013--2j0n__A1_P18013,0.8284419338059241,0.5,True
5djt__A1_O49004--5djt__B1_UNDEFINED,0.9644543907686683,0.5,False
5ae6__B1_Q92458--5ae6__A1_Q92458,0.9665195012734696,0.5,True
3v1e__A1_UNDEFINED--3v1e__B1_UNDEFINED,0.904780701754386,0.5,True
7qi3__A1_W7NDP8--7qi3__C1_W7NDP8,0.9649966906546932,0.5,True
2yve__A1_Q8NMG3--2yve__B1_Q8NMG3,0.981735793184995,0.5039370078740157,True
5ynx__A1_B2GM84--5ynx__B1_B2GM84,0.9582794082463467,0.5,True
2r6u__A1_Q0S814--2r6u__C1_Q0S814,0.9457402799261434,0.5086088184973951,True
8b6m__A1_Q9H2K2--8b6m__B1_Q9H2K2,0.8384168390264026,0.5065378327819263,True
3kc2__A1_P36151--3kc2__B1_P36151,0.9934339878484446,0.5,True
3vp5__A1_Q9CHR1--3vp5__A2_Q9CHR1,0.9864997509449441,0.49998534970259895,True
7pvh__A1_B2RLE7--7pvh__B1_B2RLE7,0.771111065179171,0.5,True
4nqf__B2_Q7CW19--4nqf__A1_Q7CW19,0.9435093836387924,0.5,True
1vjh__A1_P0C0B0--1vjh__B1_P0C0B0,0.9592616108318763,0.5,True
5xw4__B1_Q00684--5xw4__A1_Q00684,0.9292230067247755,0.5,True
8aai__A1_O00560--8aai__C1_O00560,0.8365994305152117,0.5,True
4xdl__A1_P57789--4xdl__B1_P57789,0.9067816125723945,0.5,True
6ukl__A1_P0A901--6ukl__F1_P0A901,0.9253537325808436,0.5034778131436061,True
5dot__A1_P31327--5dot__B1_P31327,0.9372582309375846,0.5,True
5by4__A1_P0ABV6--5by4__A2_P0ABV6,0.972673253862223,0.5067573948552383,True
7zxs__A1_Q86TI2--7zxs__C1_Q86TI2,0.9912613423465263,0.5,True
1v6u__A1_Q7SI98--1v6u__B1_Q7SI98,0.9411725655094844,0.5,True
6e27__A1_Q9H257--6e27__B1_Q9H257,0.8142827854626239,0.5,True
7szd__A1_Q96S44--7szd__B1_Q9Y3C4,0.9809318680946678,0.5,False
1h9r__A1_P0A9G8--1h9r__B1_P0A9G8,0.9416311812688333,0.5,True
3on6__A1_A7M0J6--3on6__B1_A7M0J6,0.9773892069451068,0.5,True
8fwy__A1_Q4DGA2--8fwy__B1_Q4DGA2,0.9757249885283956,0.5,True
1yu6__A1_P00780--1yu6__C1_P68390,0.9671130934813242,0.5,False
6ek1__A1_A0A452CST7--6ek1__A2_A0A452CST7,0.977712613243529,0.5,True
6ckj__A1_P0A0Z8--6ckj__A2_P0A0Z8,0.9737431703000121,0.5,True
7yj0__B1_UNDEFINED--7yj0__A1_UNDEFINED,0.9743523509763854,0.5,True
1w33__A1_O50957--1w33__B1_O50957,0.9712007478622272,0.5,True
4usk__B1_H7C745--4usk__B2_H7C745,0.9846005400646891,0.5,True
6cmv__B1_Q4J9G1--6cmv__A1_Q4J9G1,0.9890808323771607,0.5140440572404575,True
7y70__A1_F4KCC2--7y70__A2_F4KCC2,0.9362928276453775,0.5,True
3cwx__A1_P94837--3cwx__B1_P94837,0.9562155843322793,0.5,True
3p1y__A1_O29362--3p1y__B1_O29362,0.9600246855604765,0.5,True
8a8i__A1_Q9R9V9--8a8i__B1_Q9R9V9,0.9940989641506734,0.5,True
5d1l__A1_P62837--5d1l__B1_Q96BH1,0.9058540237829409,0.5,False
8bcs__A1_UNDEFINED--8bcs__A2_UNDEFINED,0.9630719941969414,0.5063984766970925,True
8og3__A1_P38489--8og3__B1_P38489,0.9660177976109607,0.5,True
3c07__A1_Q9KZ96--3c07__B1_Q9KZ96,0.9900305959935015,0.5,True
3iqy__A1_P28366--3iqy__A2_P28366,0.984624896917446,0.5,True
4afi__A1_P70280--4afi__B1_P70280,0.9130437628316657,0.5,True
7e76__A1_A0A3B6LNA8--7e76__B1_A0A3B6LNA8,0.9017135277734016,0.5,True
3cqc__A1_P57740--3cqc__B1_Q8WUM0,0.9790951659325803,0.5125,False
7x1k__A1_Q6DL91--7x1k__B1_Q6DL91,0.964622449658722,0.5,True
6ydr__A1_A0A3S8UVN5--6ydr__A2_A0A3S8UVN5,0.9097503988718054,0.5523926332709879,True
8egw__B1_Q6V0I7--8egw__A1_Q96JQ0,0.8815288724379634,0.5,False
8sgd__A1_P25342--8sgd__B1_P32457,0.93449278321137,0.5,False
3ecf__A1_Q3M5E4--3ecf__B1_Q3M5E4,0.9581029415845581,0.5,True
6j94__A1_Q93VK5--6j94__B1_Q93VK5,0.9855240063990115,0.5,True
7xsh__A1_K1KV82--7xsh__B2_K1KV82,0.9809044152855343,0.5,True
7fct__B1_A0A4Y1LJC5--7fct__A1_A0A4Y1LJC5,0.9783644731655923,0.5,True
8v14__A1_G5EEF9--8v14__B1_G5EEF9,0.9290717654986522,0.5,True
6r76__A1_H3ZMH8--6r76__B1_H3ZMH8,0.9776809825449579,0.5,True
8ap0__A1_A0A5S9CYM0--8ap0__A2_A0A5S9CYM0,0.9919951386739129,0.5,True
5j10__A1_UNDEFINED--5j10__B1_UNDEFINED,0.9847120012891805,0.5168539325842697,True
3qph__A1_Q9HGZ9--3qph__A2_Q9HGZ9,0.936818643198144,0.5,True
3o6j__A1_O67987--3o6j__B1_O67987,0.9833590323551022,0.5,True
6o6z__A1_B6YWC3--6o6z__B1_B6YWC3,0.9758392318843804,0.5,True
7edp__B1_Q5JT35--7edp__A1_Q8TEK3,0.9158692185007974,0.5,False
3fil__A1_P19909--3fil__B1_P19909,0.9821330702619753,0.5509532120844189,True
6do2__A1_P11021--6do2__B1_P11021,0.9872605528103132,0.5,True
7f4q__B1_Q22GC0--7f4q__A1_I7M8B9,0.9581267417031594,0.5,False
4hfg__A1_Q9NQG5--4hfg__B1_Q9NQG5,0.9635241454095934,0.5,True
7yh2__A1_A0A1Q9P883--7yh2__B1_A0A1Q9P883,0.9968639125531559,0.508600094878008,True
3axs__A1_O67010--3axs__A2_O67010,0.9854021407597349,0.5,True
3cqr__A1_Q39249--3cqr__B1_Q39249,0.9005316658246167,0.5,True
3s8k__A1_P80691--3s8k__B1_P80691,0.9723702059704825,0.5,True
4oun__A1_O31418--4oun__A2_O31418,0.9800860141308929,0.5207690370560878,True
2iab__A1_Q825J7--2iab__B1_Q825J7,0.9746805049922705,0.5049396353888793,True
3o3n__A1_Q5U924--3o3n__B1_Q5U923,0.9481583589908706,0.5,False
6f3z__A1_P0ADC3--6f3z__B1_P61316,0.9690243132758941,0.5,False
1hr7__A1_P11914--1hr7__B1_P10507,0.9445505687003743,0.5,False
8gko__B1_P28296--8gko__A1_P28296,0.9860273459449336,0.5,True
2gkv__A1_P00777--2gkv__B1_P68390,0.9640315813086312,0.5,False
8stx__A1_Q4E4E1--8stx__B1_Q4E4E1,0.9896865787108593,0.5,True
4m36__A1_Q582G4--4m36__A2_Q582G4,0.983612227619523,0.5,True
5wpu__A1_A0A076NBW8--5wpu__A2_A0A076NBW8,0.9227088548987643,0.5,True
5yps__A1_A0A0W4ZF97--5yps__B1_A0A0W4ZF97,0.9556474530206037,0.5,True
5oge__E1_P40107--5oge__A1_P40107,0.9665141512244307,0.5,True
5fey__B1_Q13049--5fey__A1_Q13049,0.9147256703797371,0.5,True
8hce__B1_Q91XB0--8hce__A1_Q91XB0,0.9748005521515772,0.5,True
1ggp__B1_Q7SIF1--1ggp__A1_Q7SIF0,0.9747344459128728,0.5,False
5z50__A1_O05926--5z50__B1_O05926,0.987559005230621,0.5,True
6eyy__A1_A0A1S5PRR0--6eyy__B1_A0A1S5PRR0,0.8800885698901892,0.5,True
7t9u__A1_Q86WV6--7t9u__A2_Q86WV6,0.9853912343211622,0.5,True
6ey4__A1_Q5EGM3--6ey4__A2_Q5EGM3,0.9499405162973374,0.5,True
2hvg__A1_A5KBL5--2hvg__B1_A5KBL5,0.9602541366498025,0.5,True
6wp7__A1_Q82H41--6wp7__B1_Q82H41,0.9733995683339273,0.5087131450239595,True
7dnu__A1_P32092--7dnu__A2_P32092,0.9313761846474706,0.5,True
3w8i__A1_Q9BUL8--3w8i__B1_Q9P289,0.961145479483207,0.5054347826086957,False
4oky__A1_Q52612--4oky__A2_Q52612,0.9971550619759466,0.5,True
7t63__B1_UNDEFINED--7t63__A1_UNDEFINED,0.9521669535956507,0.5,True
7x20__A1_P54708--7x20__B1_P07340,0.9597582184517497,0.5,False
3hnw__A1_D0VWZ2--3hnw__B1_D0VWZ2,0.9706090125877276,0.5,True
8r37__A1_A0A086IRG1--8r37__B1_A0A086IRG1,0.9351007510009137,0.4999215399100324,True
7zm5__A1_Q6WGM0--7zm5__B1_Q6WGM0,0.9755929499646422,0.5,True
2z7j__A1_P25220--2z7j__A2_P25220,0.6257388052817926,0.49996777519979374,True
1rqg__A1_Q9V011--1rqg__A2_Q9V011,0.9010532518056007,0.5,True
8brl__A1_F7J213--8brl__A2_F7J213,0.9717660271508146,0.5,True
6noi__A1_UNDEFINED--6noi__B1_UNDEFINED,0.9681425152304438,0.5,True
7qiu__A1_P94538--7qiu__B1_P94538,0.9939837594785679,0.505470470114426,True
6sjs__A1_B8FUR2--6sjs__B1_B8FUR2,0.9916488797642941,0.5,True
8hlg__A1_Q9RR88--8hlg__B1_Q9RR88,0.9533636031127424,0.5,True
6mpc__A1_B3DQP5--6mpc__B1_B3DQP5,0.99609626357157,0.5,True
4uae__A1_O00629--4uae__B1_P31345,0.9333887506761842,0.5,False
7pcr__A1_P56185--7pcr__A2_P56185,0.9609967376214502,0.5,True
3bvq__B1_Q2I6W2--3bvq__A1_Q2I6W2,0.9779438747056219,0.4999914336622807,True
7a67__B1_UNDEFINED--7a67__A1_Q9V1Z9,0.9673248411581289,0.5670639344971776,False
6bsu__A1_Q9LZJ3--6bsu__B1_Q9LZJ3,0.9519683833107824,0.5,True
4e5u__B1_Q9HZN8--4e5u__A1_Q9HZN8,0.9759740143415039,0.5,True
8a52__A1_P23222--8a52__B1_P23222,0.9607127934744211,0.5,True
1d0v__A1_Q05603--1d0v__A2_Q05603,0.9899074732098618,0.4999874548374147,True
3gwq__A1_Q145Q0--3gwq__B1_Q145Q0,0.9658327226478337,0.5,True
1yhc__A1_O67648--1yhc__B1_O67648,0.8466187020771803,0.5,True
7lxs__A1_Q8ZMZ2--7lxs__C1_Q8ZMZ2,0.9865678931943993,0.5,True
6w08__B1_Q9KL63--6w08__A1_Q9KL63,0.9830655027802595,0.5,True
7wrm__A1_D0IVL9--7wrm__B1_D0IVL9,0.9693554258288057,0.5,True
2yww__B1_Q58801--2yww__A1_Q58801,0.9927148007210095,0.5499499299018626,True
3lm6__A1_P40869--3lm6__B1_P40869,0.9912373755561854,0.5,True
7trw__A1_A0A380PDL3--7trw__A2_A0A380PDL3,0.9077720759457897,0.5,True
8syc__A1_Q13370--8syc__B1_Q13370,0.9519516457474932,0.5,True
1gk6__A1_P03069--1gk6__B1_P03069,0.9522176519663956,0.5,True
1reo__A1_Q6STF1--1reo__A2_Q6STF1,0.991216981552256,0.5,True
6s3b__A1_Q88JK6--6s3b__B1_Q88JK6,0.9749196525058593,0.5063007873352701,True
7tl5__A1_A0A3F3B310--7tl5__B1_A0A3F3B310,0.9524716966824895,0.5,True
2asf__A1_P9WLL7--2asf__A2_P9WLL7,0.9531169100134618,0.5,True
8ilj__A1_A0A242MJ43--8ilj__B1_A0A242MJ43,0.9823010491821087,0.5,True
8ezg__A1_P01116--8ezg__B1_UNDEFINED,0.977576600654282,0.5,False
7uh4__A1_UNDEFINED--7uh4__B1_UNDEFINED,0.9785700329369732,0.5,True
4usc__A1_A0A0A0Y4H8--4usc__B1_A0A0A0Y4H8,0.996532823934354,0.5,True
5yp3__A1_Q6F3I7--5yp3__B1_Q6F3I7,0.9971542007922181,0.5,True
8aid__A1_Q9HWJ8--8aid__B1_Q9HWJ8,0.9719955420253865,0.5194805194805194,True
7yp6__B1_E5L4T5--7yp6__A1_E5L4T5,0.9730389487233044,0.5,True
4aql__A1_Q9Y2T3--4aql__A2_Q9Y2T3,0.9803660888261194,0.5,True
3idf__A1_O34252--3idf__B1_O34252,0.9613564690026953,0.5,True
8fjr__A1_D1A807--8fjr__B1_D1A807,0.9070899231147437,0.5,True
7z56__B1_F0NGX6--7z56__A1_F0NGX6,0.9924745100173444,0.5,True
7olf__A1_A9CEY7--7olf__B1_A9CEY7,0.9799065558833252,0.5,True
6ikj__A1_Q9I4L6--6ikj__B1_Q9I4L6,0.5579192030990592,0.5,True
8b2q__A1_D0EM77--8b2q__B1_G8UM88,0.9842198060794011,0.5,False
5x42__A1_Q5ZYB7--5x42__B1_Q5ZYC6,0.9759580681392735,0.5199625608386372,False
1vkh__A1_Q04066--1vkh__B1_Q04066,0.9587574591270374,0.5,True
5omd__A1_Q04377--5omd__A2_Q04377,0.8750487087012395,0.5,True
2vsg__A1_P26329--2vsg__B1_P26329,0.9665692702732608,0.5,True
1jql__A1_P0A988--1jql__B1_P28630,0.9837664994333281,0.5,False
1w9c__A1_O14980--1w9c__B1_O14980,0.992538739019832,0.5,True
7n35__A1_UNDEFINED--7n35__B2_UNDEFINED,0.9675170068027211,0.5,True
3upl__A1_Q2YIM3--3upl__B1_Q2YIM3,0.9812886047894238,0.5,True
3tm2__A1_Q83XN4--3tm2__B1_Q83XN4,0.9656717022617244,0.5,True
3kxa__A1_Q5F9C2--3kxa__B1_Q5F9C2,0.8902071563088512,0.5,True
7yls__B1_C5CSP6--7yls__A1_C5CSP7,0.9506688262488433,0.5,False
7psg__A1_Q6D515--7psg__B1_Q6D515,0.9896435546570541,0.5,True
8pte__A1_P00698--8pte__A2_P00698,0.924675984412494,0.5,True
7ytu__B1_P68623--7ytu__A1_P68458,0.9535724851641946,0.5230063751907047,False
7ykc__A1_P14843--7ykc__B1_P14843,0.9706640094979647,0.5,True
3wxe__A1_E7FEV5--3wxe__B1_P0CG48,0.9446386496609359,0.5,False
7zr3__A1_A0A8E4HNI8--7zr3__B1_A0A8E4HNI8,0.9844201672026577,0.5,True
2vjf__A1_Q00987--2vjf__B1_O15151,0.9289853940876154,0.49987280590180616,False
7pvo__A1_P56137--7pvo__A2_P56137,0.9750405501720281,0.5,True
3kkd__A1_Q9HXU1--3kkd__A2_Q9HXU1,0.9721362465006484,0.5,True
3mph__A1_P19801--3mph__B1_P19801,0.9380534854645941,0.5,True
6jc4__A1_A6TE44--6jc4__D1_A6TE44,0.9569722943071983,0.5,True
2rf4__A1_P46669--2rf4__B1_P50106,0.9267480147201239,0.5,False
4huz__A1_Q9ZBB0--4huz__A2_Q9ZBB0,0.92146602098867,0.5,True
5gtj__B1_Q9BV47--5gtj__A1_Q9BV47,0.9851477186772514,0.5051020408163265,True
2xw7__A1_A0QP85--2xw7__B1_A0QP85,0.9766852980232241,0.5044642857142857,True
6l6h__A1_Q5ZZ22--6l6h__B1_Q5ZZ22,0.9853190214144483,0.5,True
8p7m__A1_P0A434--8p7m__A2_P0A434,0.9851755768869834,0.5,True
6dm9__A1_UNDEFINED--6dm9__B1_UNDEFINED,0.9356177927919492,0.5,True
6gou__A2_P97275--6gou__C1_P97275,0.9580186202538559,0.5,True
2wwo__A1_Q66ED7--2wwo__B1_Q66ED7,0.9934408180561661,0.5,True
8i3n__A1_Q12178--8i3n__C1_Q12178,0.9898510755653613,0.520140005398364,True
1s7i__A1_Q9I3Z5--1s7i__A2_Q9I3Z5,0.8541976315531922,0.4998357963875205,True
3szw__A1_B7JBP8--3szw__A2_B7JBP8,0.9904421918881056,0.5,True
5x7r__A1_A0A193PKW5--5x7r__B1_A0A193PKW5,0.9367229439721851,0.5,True
2nys__A1_Q8U561--2nys__B1_Q8U561,0.9833351676572014,0.5168718488936407,True
3gr5__A1_O52135--3gr5__A2_O52135,0.9209094523241586,0.5,True
3ded__A1_Q7P1I2--3ded__B1_Q7P1I2,0.9395462951464522,0.5,True
5b5x__A1_Q75NZ1--5b5x__A2_Q75NZ1,0.916050652847635,0.5,True
7qga__A1_P21589--7qga__A2_P21589,0.9969620452210037,0.5,True
8ow9__A1_G8UQH9--8ow9__B1_G8UQH9,0.9835801818945793,0.5,True
3bcw__B1_A0A0H3LK92--3bcw__A1_A0A0H3LK92,0.9682846955880903,0.499888417763892,True
6duy__A1_Q61301--6duy__B2_Q61301,0.9267072177959783,0.5,True
5zyf__A1_Q99ZW0--5zyf__B1_Q99ZW0,0.9397925777833314,0.5369411470698489,True
1mml__A1_P03355--1mml__A2_P03355,0.9604200980301666,0.5,True
2b7o__A1_O53512--2b7o__B1_O53512,0.9774322724332896,0.5,True
1v57__A1_P77202--1v57__A2_P77202,0.9766126024097468,0.5,True
2hsa__B1_Q9FEW9--2hsa__A1_Q9FEW9,0.9865398631532333,0.5,True
4tsd__A1_O25673--4tsd__B1_O25673,0.9875179196403682,0.5089285714285714,True
7qh0__B1_P48499--7qh0__A1_P48499,0.9876524392847201,0.5,True
1ayf__B1_P00257--1ayf__A1_P00257,0.9889320479221265,0.5,True
3neu__A1_Q92AT3--3neu__A2_Q92AT3,0.9253327462938603,0.5,True
8f9x__A1_Q5LVE1--8f9x__B1_Q5LVE1,0.9885983895666963,0.5033112582781457,True
6ne2__A1_UNDEFINED--6ne2__B1_O75084,0.9355350403452112,0.5,False
2b4h__A1_P12473--2b4h__B1_P12473,0.9019595987479233,0.5,True
3pui__A1_Q9L9D7--3pui__A2_Q9L9D7,0.9862796455338458,0.5,True
1myl__A1_P03050--1myl__B1_P03050,0.9009910985219627,0.5226070226070226,True
1rqi__A1_P22939--1rqi__B1_P22939,0.9906924967991251,0.5042016806722689,True
3x1b__A1_UNDEFINED--3x1b__B1_UNDEFINED,0.9900021563988104,0.5,True
6pya__A1_P04278--6pya__A2_P04278,0.9865366374050507,0.5,True
1r27__A1_P09152--1r27__B1_P11349,0.9799126551774006,0.5,False
7zuv__A1_A0A2K3DY10--7zuv__D2_A0A2K3DY10,0.9421569185994816,0.5,True
2aho__A1_Q980A5--2aho__B1_Q97Z79,0.9541765867542511,0.5,False
6mni__A1_A0A2V0QX35--6mni__B1_A0A2V0QX35,0.9926087246175985,0.5,True
4kif__B1_Q643C8--4kif__A1_Q643C8,0.9831456679484801,0.5,True
7vyu__A1_A0A022MLV4--7vyu__B1_A0A022MLV4,0.9714498314933824,0.5,True
7vmv__B1_Q5I3B6--7vmv__A1_Q58HT7,0.704008839725337,0.5,False
3g23__A1_Q2G8F3--3g23__B1_Q2G8F3,0.9920345872653367,0.5,True
3ui3__A1_O05728--3ui3__B1_O05728,0.9071348135495061,0.5042016806722689,True
8ohy__A1_Q556V8--8ohy__A2_Q556V8,0.9944491620760483,0.5,True
5zgo__A1_Q5SHW6--5zgo__B1_Q5SHW6,0.9813153512100514,0.5,True
5uph__B1_Q14108--5uph__A1_Q14108,0.9913465202861163,0.5,True
6u3w__A1_P53622--6u3w__B1_P40509,0.9723568282894713,0.5,False
2gsv__B1_P71066--2gsv__A1_P71066,0.9677718322666387,0.5,True
7yh1__A1_A0A5B9DB95--7yh1__B1_A0A5B9DB95,0.9765882529217861,0.5092592592592593,True
6c6r__A1_Q14534--6c6r__B1_Q14534,0.9970240181432122,0.5,True
6p4o__B1_Q970I1--6p4o__A1_Q970I2,0.9498888453142571,0.5,False
8i8y__B1_UNDEFINED--8i8y__A1_UNDEFINED,0.8705580310798078,0.5,True
2oys__A1_A0A0H2URW2--2oys__B1_A0A0H2URW2,0.9729394643238936,0.5,True
8i85__A1_D2B3F1--8i85__B1_D2B3F1,0.918940015844736,0.5,True
2b0a__A1_Q58193--2b0a__A2_Q58193,0.9765873451232883,0.5,True
3ayh__B1_O94285--3ayh__A1_Q9C0Z9,0.897752319050906,0.5,False
7yji__A1_UNDEFINED--7yji__A2_UNDEFINED,0.9943614116991135,0.5,True
2g38__B1_Q79FE1--2g38__A1_Q7D756,0.9541563886799274,0.5,False
2z6k__A1_P15927--2z6k__C1_P35244,0.9513515917987464,0.5,False
3p8b__B1_Q8TZK1--3p8b__A1_Q8U440,0.9321114929362352,0.5166666666666667,False
6z68__A1_A0A1M6Y2K1--6z68__B1_A0A1M6Y2K1,0.9819825807668732,0.5,True
5yz5__A1_Q16555--5yz5__A2_Q16555,0.9619721533626711,0.5,True
6dk9__A1_A7A1Y4--6dk9__A2_A7A1Y4,0.9669723543684683,0.5,True
6fls__A1_UNDEFINED--6fls__B1_UNDEFINED,0.9934422546410753,0.5,True
2p19__A1_Q8NTZ4--2p19__C1_Q8NTZ4,0.965304646353514,0.5,True
8ai1__B1_Q45595--8ai1__A1_Q45595,0.989792203357678,0.5,True
7px0__B1_Q9VF53--7px0__A1_Q9VF53,0.9910579672789048,0.5,True
4cmz__B1_Q9BXM0--4cmz__A1_Q9BXM0,0.9016037127270036,0.5030805088401494,True
8gyz__B1_Q93ZE2--8gyz__A1_Q93ZE2,0.9650551148276665,0.5,True
5j1l__B1_O26069--5j1l__A1_O26068,0.9876937732973818,0.5,False
7ubk__B1_P03047--7ubk__A1_P03047,0.8730921641741176,0.5,True
6j26__A1_Q5JIZ3--6j26__B1_Q5JIZ3,0.9805911788440309,0.5,True
8ic1__A1_UNDEFINED--8ic1__B1_UNDEFINED,0.9020425521877369,0.5,True
2ns9__A1_Q9Y9R3--2ns9__B1_Q9Y9R3,0.9759038599618309,0.5,True
5l8s__A1_E1VFE0--5l8s__C1_E1VFE0,0.9879463602296163,0.5,True
6zrw__A1_B3VS76--6zrw__B1_B3VS76,0.9609286409410172,0.5,True
5fcn__B1_Q66GS9--5fcn__A1_Q66GS9,0.9283462955382726,0.5,True
7vl1__A1_I0AIT9--7vl1__B1_I0AIT9,0.9774265061060092,0.5,True
2rek__B2_Q9ADD9--2rek__A1_Q9ADD9,0.9894215493489757,0.5052083333333334,True
2zrt__A1_O75340--2zrt__B1_O75340,0.9600965217932923,0.5,True
8h3t__A1_UNDEFINED--8h3t__B1_UNDEFINED,0.9814046326184163,0.5,True
2f1m__A1_P0AE06--2f1m__B1_P0AE06,0.8596084843732034,0.5,True
3t5t__B1_Q15JG1--3t5t__A1_Q15JG1,0.9524158367721729,0.5,True
4z9r__B1_Q8EGK4--4z9r__A1_Q8EGK4,0.977875555799873,0.5,True
2oze__A1_Q57280--2oze__A2_Q57280,0.9902930152899128,0.5,True
1x6m__A1_Q51669--1x6m__D1_Q51669,0.8930334883691224,0.5,True
4pfc__A1_P14735--4pfc__B1_P14735,0.9594866788939735,0.5,True
6byi__A1_Q8PI23--6byi__B1_Q8PI23,0.959160902120823,0.5,True
3aaa__A1_P13127--3aaa__B1_P14315,0.9747835272261407,0.5,False
1xgm__A1_P56218--1xgm__B1_P56218,0.9453589625645743,0.5,True
5mrv__A1_Q8IVL8--5mrv__C1_P86912,0.8694127284311445,0.5,False
5e4v__A1_Q89933--5e4v__A2_Q89933,0.9575546249824006,0.5,True
1vhq__A1_P0ABU5--1vhq__B1_P0ABU5,0.9836615198112628,0.5364352791097996,True
2pqv__B1_A0A0H2UMZ7--2pqv__A1_A0A0H2UMZ7,0.9656406457353118,0.5,True
1zva__A1_P59594--1zva__A2_P59594,0.9697931270031017,0.5436849922755235,True
8pq4__A1_P69782--8pq4__A2_P69782,0.96232741617357,0.5,True
8a14__A1_A0A0D1E4Q7--8a14__C2_A0A0D1E4Q7,0.9551828924723484,0.5,True
1dtd__A1_P48052--1dtd__B1_P81511,0.9751484798751812,0.5,False
3c6n__B1_Q570C0--3c6n__A1_Q39255,0.9229929270364301,0.5,False
3ctz__A1_Q9NQW7--3ctz__A2_Q9NQW7,0.9769120543750592,0.5,True
1wab__A1_Q29460--1wab__A2_Q29460,0.9665986918323168,0.5,True
1zl5__A1_Q00496--1zl5__B1_Q00496,0.9479672149689762,0.5,True
5dbj__A1_Q4KCZ0--5dbj__A2_Q4KCZ0,0.9865783252061285,0.5,True
7qsq__B1_Q9X053--7qsq__A1_Q9X053,0.9568809955628557,0.5130890052356021,True
7duc__B1_Q2G2U4--7duc__A1_Q2G2U4,0.9536020114942528,0.5,True
2cdu__A1_Q9F1X5--2cdu__B1_Q9F1X5,0.9860759330363943,0.5,True
8g0f__A1_Q6NK15--8g0f__B1_Q6NK15,0.960647614719519,0.5,True
8a45__B1_B7V7R4--8a45__A1_B7V7R4,0.9387976117909314,0.5,True
6no3__A1_B3FHP0--6no3__B1_B3FHP0,0.8663480865012464,0.5,True
3g7p__A1_B7JA91--3g7p__A2_B7JA91,0.9754271450691441,0.5,True
8khq__A1_A0A1I5R890--8khq__C1_A0A1I5R890,0.9495566738428476,0.5,True
7owz__B1_Q9JMA2--7owz__A1_B8ZXI1,0.958506982512964,0.5,False
7xbe__A1_UNDEFINED--7xbe__A2_UNDEFINED,0.9869286266379755,0.5,True
6dk7__D1_Q9HUV7--6dk7__A1_Q9HUV7,0.9913844245951948,0.5,True
4hsl__A1_Q1LCS4--4hsl__A2_Q1LCS4,0.9887342394871675,0.4999834190018239,True
8b3s__A1_O31597--8b3s__B1_A0A164W157,0.9477799826176314,0.5,False
5euv__A1_D1LZK0--5euv__B1_D1LZK0,0.9623133546587107,0.5,True
8gz4__A1_A0A7H0DN78--8gz4__A2_A0A7H0DN78,0.9841062785176381,0.5,True
7tmg__A1_A0A0H3GLR2--7tmg__B1_A0A0H3GLR2,0.9719404049623691,0.5116746671657048,True
4hsr__B1_UNDEFINED--4hsr__A1_UNDEFINED,0.9585022214245145,0.5,True
7tgn__B1_A0A1Q5L7T0--7tgn__A1_A0A1Q5L7T0,0.9903499877832016,0.5,True
4fz2__A1_C7DIA5--4fz2__B1_C7DIA5,0.9570918474246224,0.5,True
6j2l__A1_P37793--6j2l__B1_P37793,0.9589355053506541,0.5021834061135371,True
5grk__A1_Q89XR0--5grk__B1_Q89XR0,0.9803530098229998,0.5,True
3qxs__A1_O24872--3qxs__A2_O24872,0.9809877282545879,0.5,True
8q3y__A1_E8URK0--8q3y__B1_E8URK0,0.9918217544343931,0.5,True
1pyb__A1_O66738--1pyb__B1_O66738,0.936705172526865,0.5052751154707364,True
7yto__A1_Q9RHU9--7yto__B1_Q9RHU9,0.9756851558117007,0.5,True
5vae__A1_Q9AET9--5vae__B1_Q9AET7,0.9259879737936398,0.5,False
1zrs__A1_Q9HTZ1--1zrs__B1_Q9HTZ1,0.9852799924441957,0.5,True
2cg5__A1_Q9NRN7--2cg5__B1_P49327,0.9342539491488089,0.5,False
4yk8__B1_O36019--4yk8__A1_O13978,0.9635525403222471,0.5,False
2iml__A1_O28442--2iml__C1_O28442,0.9569600252122425,0.5,True
6iru__A1_Q9RVF9--6iru__A2_Q9RVF9,0.9950267347186779,0.5156006957102929,True
8iev__A1_Q0PAW2--8iev__B1_Q0PAW2,0.9691693131132917,0.5,True
3cyg__A1_A7HM60--3cyg__B1_A7HM60,0.7169869902336657,0.5,True
5kvr__A1_P0ACL9--5kvr__A2_P0ACL9,0.9215475844930923,0.5,True
1na8__A1_Q9UJY5--1na8__B1_Q9UJY5,0.9528591934284265,0.5,True
5fis__A1_H9IUR0--5fis__B1_H9IUR0,0.962864859136938,0.5,True
7z6m__A1_A0A0H3LM39--7z6m__A2_A0A0H3LM39,0.9086603385465737,0.5,True
7vua__A1_UNDEFINED--7vua__B1_UNDEFINED,0.9977807464608099,0.5,True
2yxd__A1_Q57836--2yxd__B1_Q57836,0.981767371778177,0.4999680081899034,True
1aua__A1_P24280--1aua__A2_P24280,0.9951537937309417,0.5,True
7zw3__A1_P27338--7zw3__B1_P27338,0.9575817600565733,0.5,True
5xjx__I1_C0LGW6--5xjx__A1_Q9SSD1,0.8309005922439191,0.5,False
7xca__A1_W5X1V8--7xca__B1_W5X1V8,0.9821379701450659,0.5,True
7xub__A1_Q96KQ7--7xub__B1_Q96KQ7,0.9675615954654215,0.5,True
5xlu__A1_Q65KZ6--5xlu__B1_A9YTT0,0.9394422446953347,0.5,False
8smq__A1_Q182N1--8smq__B1_Q182N1,0.9401523624056437,0.5190842991744485,True
8eni__A1_A0A0H3JRH8--8eni__A2_A0A0H3JRH8,0.9752335685953475,0.5,True
1q77__A1_O66565--1q77__B1_O66565,0.9829215365941172,0.5,True
6nbp__A1_A0A4P1LYI6--6nbp__A2_A0A4P1LYI6,0.9957535327451402,0.5380455782650747,True
4wu2__A1_Q7WUJ1--4wu2__B1_Q7WUJ1,0.9933454339368318,0.5,True
2nvn__A1_Q31MH7--2nvn__A2_Q31MH7,0.9342658496987954,0.5,True
3zyh__A1_Q05097--3zyh__B1_Q05097,0.9805436328278968,0.5,True
8a21__A1_A0QJI1--8a21__A2_A0QJI1,0.9876937206578954,0.5,True
8ho2__A1_A0A191T7N6--8ho2__B1_A0A191T7N6,0.8087725140927909,0.5,True
2j8q__A1_O43809--2j8q__B1_O43809,0.9164791117024403,0.5,True
1cx8__A1_P02786--1cx8__B1_P02786,0.9816094717565658,0.5,True
5zfk__A1_Q31LX1--5zfk__B1_Q31LX1,0.9902580717079146,0.5144927536231884,True
2qti__A1_Q8EF26--2qti__A2_Q8EF26,0.9309874601226523,0.516260162601626,True
5djo__B1_Q9EQW7--5djo__A1_Q9EQW7,0.9600032381987269,0.5,True
1kve__B1_P19972--1kve__A1_P19972,0.8910245396070139,0.5076923076923077,True
4kjq__A1_P37019--4kjq__B1_P37019,0.9528609716570213,0.5,True
8qyw__A1_Q9NVS9--8qyw__A2_Q9NVS9,0.9225352547797594,0.5,True
4djb__A1_P04489--4djb__B1_P04489,0.965207618193166,0.5,True
7t1e__A1_P78556--7t1e__B1_P78556,0.8547897702644126,0.506578947368421,True
2ev4__A1_P9WMU9--2ev4__B1_P9WMU9,0.9708019317603684,0.5,True
4m1j__A1_Q9I194--4m1j__B1_Q9I194,0.9630865510583695,0.5,True
8bj3__A1_A0A072U7F9--8bj3__B1_A0A072U7F9,0.9780462591529826,0.5,True
5fcl__A1_Q6D0X0--5fcl__B1_Q6D0X0,0.9794120817094851,0.5,True
2evr__A1_B2J9B4--2evr__A2_B2J9B4,0.7023003224926898,0.5,True
4ftw__A1_Q3J2V1--4ftw__A2_Q3J2V1,0.8855308513541337,0.5,True
2q6q__B1_P36094--2q6q__A1_P36094,0.9724960014141167,0.5,True
8hx8__A1_Q6L8Q5--8hx8__B1_Q6L8Q5,0.9809315924502673,0.5,True
7zgn__A1_U6RE59--7zgn__B1_U6RE59,0.9841501402368459,0.5,True
7fiw__A1_B3CP63--7fiw__B1_Q73HD5,0.9217701178309562,0.5,False
4xd9__A1_C8VMF9--4xd9__B1_Q5B6T5,0.923775618820438,0.5,False
3dme__A1_Q7VU70--3dme__B1_Q7VU70,0.9464444164651804,0.5,True
8d0m__A1_P28907--8d0m__A2_P28907,0.8698639989205454,0.5,True
2w6a__A1_Q9Z272--2w6a__B1_Q9Z272,0.9575204853450993,0.5,True
6oje__B1_Q5S007--6oje__A1_Q5S007,0.9635574444141787,0.5,True
7mu0__A1_P9WQK3--7mu0__B1_P9WQK3,0.9165594917180366,0.5,True
4az3__A1_P10619--4az3__B1_P10619,0.8871091326749121,0.5,True
7ug8__B1_Q0I6F8--7ug8__A1_Q0I6F8,0.9774825545344423,0.5,True
6mxv__B1_Q5NFU2--6mxv__A1_Q5NFU2,0.8916323750982815,0.5,True
8ug3__B1_P50053--8ug3__A1_P50053,0.9897610251007751,0.4999944747107511,True
7veo__A1_UNDEFINED--7veo__B1_UNDEFINED,0.9802522216136113,0.5,True
4atm__A1_P49418--4atm__A2_P49418,0.9843424829395655,0.5,True
7x6f__B1_P0AD45--7x6f__A1_P0AD45,0.9849826953871584,0.4999767549976755,True
1nkn__B1_Q17042--1nkn__A1_Q17042,0.9574873096446701,0.5,True
7pjo__B1_UNDEFINED--7pjo__A1_UNDEFINED,0.9819482626872127,0.5,True
5n0s__B1_A0A2R2JFI5--5n0s__A1_A0A2R2JFI5,0.9398273013526413,0.5,True
6m9g__A1_Q5D6Y4--6m9g__B2_Q5D6Y4,0.985244532841385,0.5,True
7zvz__A1_G1UBD5--7zvz__B1_G1UBD5,0.8877113789062868,0.5,True
3b5m__B1_Q7UTD8--3b5m__A1_Q7UTD8,0.9465480633249787,0.5,True
6v0a__B1_B3E641--6v0a__A1_B3E641,0.9915576656357877,0.5,True
3bpj__C1_O75822--3bpj__A1_O75822,0.920199494949495,0.50625,True
8tn8__B1_A0A482N9T7--8tn8__A1_A0A482N9T7,0.9876373998504969,0.5,True
7y51__A1_Q8RBF4--7y51__A2_Q8RBF4,0.9338524440167623,0.5,True
6zef__A1_P62136--6zef__C1_Q9C0D0,0.8550443842476431,0.5,False
8i5w__A1_Q8BZN6--8i5w__B1_P63000,0.9518652133138402,0.5,False
3rv1__B1_A7TR32--3rv1__A1_A7TR32,0.9335714195356133,0.5,True
8i59__A1_UNDEFINED--8i59__B1_UNDEFINED,0.9641283422118105,0.5,True
8g1h__A1_UNDEFINED--8g1h__A2_UNDEFINED,0.979719267363693,0.49999241263145117,True
7vwk__A1_L8PIV2--7vwk__B1_L8PIV2,0.9871040215959059,0.5,True
4k3z__A1_Q8YCV0--4k3z__A2_Q8YCV0,0.9508523106684377,0.5,True
5v5t__A1_Q830T5--5v5t__D1_Q830T5,0.8911743006352688,0.5,True
6fp5__B1_Q960Q9--6fp5__A1_Q960Q9,0.9377271456527816,0.5,True
2ikb__A1_Q7DDI9--2ikb__C1_Q7DDI9,0.9903912474223662,0.526295586637206,True
7zam__A1_Q07666--7zam__B1_Q07666,0.9718703441880264,0.5,True
3o10__A1_Q9NZJ4--3o10__B1_Q9NZJ4,0.9503334501567045,0.5,True
3egv__A1_Q84BQ9--3egv__B1_Q5SLP6,0.9021076782165971,0.5,False
2g9w__A1_P9WMJ5--2g9w__B1_P9WMJ5,0.9696148161589705,0.49996252435916655,True
2afv__A1_Q8EXP7--2afv__B1_Q8EXP7,0.9508174383370849,0.5,True
7w93__A1_A0A140N873--7w93__A2_A0A140N873,0.989840183861155,0.49999468814074305,True
1wl3__B1_Q9X1M1--1wl3__A1_Q9X1M1,0.9867119703524301,0.5,True
4kbx__A1_P45550--4kbx__A2_P45550,0.9680730338019155,0.5,True
8brn__C1_P80366--8brn__A1_P80366,0.9721865804258838,0.5,True
8h5a__A1_P67661--8h5a__B1_P67661,0.9434733937999665,0.5,True
8b4l__B1_D5SK09--8b4l__A1_D5SK09,0.8978824161135167,0.5,True
3r24__A1_P0C6X7--3r24__B1_P0C6U8,0.9419993849120228,0.5,False
1nrj__B1_P36057--1nrj__A1_P32916,0.9676104087803252,0.5,False
4rdw__A1_Q9HU77--4rdw__A2_Q9HU77,0.9743570490539839,0.5,True
7vpr__A1_Q6FX18--7vpr__B1_Q6FX18,0.9976629156335431,0.5,True
5a6k__A1_A0A0H2US73--5a6k__B1_A0A0H2US73,0.9899489913418947,0.5,True
7ucd__B1_P17535--7ucd__A1_P53539,0.9455809257533396,0.5,False
1qc9__A1_P00642--1qc9__A2_P00642,0.903727780889354,0.5,True
3ooc__A1_P77239--3ooc__B1_P77239,0.9605639236037979,0.5,True
8pm1__A1_B8GAY9--8pm1__B1_B8GAY9,0.9421228070175438,0.49991228070175436,True
1vbg__A1_P11155--1vbg__A2_P11155,0.9942125462047003,0.5,True
4ovo__A1_P67954--4ovo__A2_P67954,0.9350072390472224,0.5,True
2qgs__A1_A0A0H2VIU2--2qgs__B1_A0A0H2VIU2,0.9896048679846439,0.5,True
8cnx__A1_Q68T42--8cnx__B1_Q68T42,0.9677059357608068,0.5081967213114754,True
8bol__A1_Q04609--8bol__A2_Q04609,0.9835576686607675,0.5,True
3mii__B1_Q08914--3mii__A1_Q08914,0.9867856058895319,0.5,True
3i23__A1_Q835X4--3i23__B1_Q835X4,0.8893479327155464,0.5,True
3itf__A1_P0AE85--3itf__B1_P0AE85,0.8999310437871951,0.5,True
8d05__A1_UNDEFINED--8d05__A2_UNDEFINED,0.9793302176333718,0.5139428238458806,True
6mw5__A1_K3WC47--6mw5__A2_K3WC47,0.9497360025242787,0.5,True
5vht__A1_P0A9J8--5vht__B1_P0A9J8,0.9518179484812301,0.5,True
6j6x__B1_P53611--6j6x__A1_Q7Z6K3,0.9418660306614139,0.5,False
4tvb__A1_O32323--4tvb__B1_O32323,0.9603850319564434,0.5,True
3nkh__B1_UNDEFINED--3nkh__A1_UNDEFINED,0.9845521690081351,0.5,True
3jyu__A1_P35123--3jyu__B1_P35123,0.9521454172605968,0.5,True
8dtc__A1_L8GT25--8dtc__B1_L8GT25,0.9624655628788397,0.5,True
7n1j__A1_P22455--7n1j__B1_UNDEFINED,0.9730028205349077,0.5,False
8fny__A1_O00418--8fny__B1_P0DP23,0.9099526747959132,0.49998576188170973,False
7v0b__A1_A0A1E7MYN1--7v0b__B1_A0A1E7MYN1,0.9888984436974322,0.5,True
2vvo__A1_P9WKD7--2vvo__B1_P9WKD7,0.9078329216194679,0.5,True
5yjh__A1_Q15063--5yjh__A2_Q15063,0.9470170378901305,0.5,True
2z5e__A1_Q9BT73--2z5e__B1_Q9BT73,0.9695886636129715,0.499898717083052,True
1a8l__A1_Q51760--1a8l__A2_Q51760,0.9953083359752524,0.5,True
8h0r__A1_Q9WVJ5--8h0r__B1_Q9WVJ5,0.9595616324971348,0.5078125,True
2j7j__A1_P03001--2j7j__A2_P03001,0.5298847222559766,0.5,True
8u1v__A1_K4L8Z7--8u1v__B1_K4L8Z7,0.9343749228514552,0.5,True
7zbg__A1_Q02880--7zbg__A2_Q02880,0.986261523800841,0.5,True
1rku__A1_Q9I2Y2--1rku__B1_Q9I2Y2,0.9888402857679236,0.5,True
2wvl__A1_Q72K30--2wvl__B1_Q72K30,0.9430393119339308,0.5,True
6kfs__A1_B7FR28--6kfs__A2_B7FR28,0.9107790484782857,0.5,True
3shg__A1_E6Z0R3--3shg__B1_E6Z0R4,0.9725317142380235,0.5259999374061092,False
7zal__A1_E3T5W0--7zal__E2_E3T5W0,0.9847206008210009,0.5,True
4wjm__A1_Q2YNY7--4wjm__A2_Q2YNY7,0.9958881845181609,0.5074626865671642,True
8hmo__A1_A0A0H4P0S7--8hmo__B1_A0A0H4P0S7,0.9848938171623214,0.5063983144006551,True
7f9g__B1_C0HM62--7f9g__A1_C0HM62,0.9747412252936625,0.5,True
8dfk__A1_P39694--8dfk__B1_P39694,0.7024496561886051,0.5,True
6n91__A1_Q9KNI7--6n91__B1_Q9KNI7,0.974624918239134,0.5,True
4oyd__A1_P0C6Z1--4oyd__B1_UNDEFINED,0.9834634354624018,0.5189873417721519,False
1dev__A1_Q15796--1dev__B1_O95405,0.8647647450018705,0.5,False
8c9j__B1_P15559--8c9j__A1_P15559,0.9707766938455181,0.5,True
3rd7__B1_A0A0H2ZY91--3rd7__A1_A0A0H2ZY91,0.9795897881010932,0.5,True
5x1j__A1_G2IQS7--5x1j__A2_G2IQS7,0.9790660656232034,0.5,True
3r2p__A1_P02647--3r2p__A2_P02647,0.9568742226368159,0.5,True
1pdk__A1_P15319--1pdk__B1_P62532,0.9424889028147684,0.5,False
7bjg__A1_Q8IGY1--7bjg__A2_Q8IGY1,0.9029206790477282,0.5,True
3kcp__A1_Q06851--3kcp__B1_A3DF10,0.9317426131640596,0.5,False
7bbq__A1_Q6I6B7--7bbq__A2_Q6I6B7,0.9594894080400085,0.5,True
3dpj__E1_Q5LS67--3dpj__F1_Q5LS67,0.8953058036595963,0.5,True
6okh__A1_Q04QG8--6okh__B1_Q04QG8,0.9703932798625342,0.5,True
7tq1__A1_P0AC13--7tq1__A2_P0AC13,0.9910217314639473,0.4999799962659697,True
7t5y__A1_P0A7E1--7t5y__B1_P0A7E1,0.9406700565674821,0.5,True
5o47__A1_J7HDY4--5o47__A2_J7HDY4,0.9922168269890854,0.5,True
1oo0__A1_P49028--1oo0__B1_Q9V535,0.9466109972418331,0.5,False
3edj__A1_Q8KKG0--3edj__B1_Q8KKG0,0.9524181095496446,0.5,True
5yr0__A1_O88597--5yr0__B1_Q8K245,0.9306375938166908,0.5,False
5c21__A1_P09986--5c21__B1_P09986,0.9143475131350232,0.5,True
2gok__A1_Q8U8Z6--2gok__B1_Q8U8Z6,0.9946598641211924,0.5,True
1ww1__A1_Q9WZW8--1ww1__B1_Q9WZW8,0.9778779924165937,0.5,True
1fm0__B1_P30749--1fm0__A1_P30748,0.9637085987097306,0.5,False
4jgo__B1_O31671--4jgo__A1_O31671,0.9648894650170377,0.5,True
3l2k__A1_Q8GPH0--3l2k__B1_Q8GPH0,0.8660934407290413,0.5,True
1yov__A1_Q13564--1yov__B1_Q8TBC4,0.9626012583734377,0.5,False
7zvd__A1_P11413--7zvd__A2_P11413,0.9910491068989211,0.5,True
2snw__A1_P03316--2snw__B1_P03316,0.8151149756904555,0.5,True
8grh__B1_P51553--8grh__A1_P50213,0.9703640709733582,0.5,False
1lxd__A1_Q03386--1lxd__B1_Q03386,0.9549140904869311,0.53125,True
5m97__A1_Q10113--5m97__B1_Q10113,0.9459404647144656,0.5,True
7ax1__A1_Q9ULM6--7ax1__B1_Q9UIV1,0.9788773544525354,0.5,False
8d4w__A1_A0A8B4R830--8d4w__A2_A0A8B4R830,0.93724433662347,0.5053763440860215,True
7ynw__B2_Q57834--7ynw__A1_Q57834,0.9979574353731813,0.5,True
4rgp__A1_Q8DTU7--4rgp__B1_Q8DTU7,0.9733349619326945,0.5,True
8twd__C1_P0AEV1--8twd__A1_W8SRD3,0.9595511366292897,0.5,False
3fb9__A1_A0A0H2US72--3fb9__B1_A0A0H2US72,0.9334137515078407,0.5,True
8a39__A1_A0A024L404--8a39__C2_A0A024L404,0.9826380478874804,0.5,True
3ps8__A1_P01034--3ps8__A2_P01034,0.8305174367835312,0.5,True
7vwp__A2_A0A136PK59--7vwp__B1_A0A136PK59,0.9927870244463285,0.5,True
3a7p__A1_Q03818--3a7p__B1_Q03818,0.9354617340407161,0.5,True
4ql6__A1_A0A0H3MDM0--4ql6__C1_A0A0H3MDM0,0.9318179420470538,0.5,True
5nck__A1_Q8RDN7--5nck__B1_Q8RDN7,0.9709624678637414,0.5,True
3qt7__A1_Q9FD73--3qt7__B1_Q9FD73,0.9955777520427203,0.5,True
4aye__D1_Q9JXV4--4aye__A1_P08603,0.9578048972974808,0.5,False
7r3n__A1_P43432--7r3n__B1_P43432,0.9757494913199706,0.5,True
7a0x__B1_Q8ZRZ3--7a0x__A1_Q8ZRZ3,0.9779184476179431,0.5,True
7wjk__A1_P93836--7wjk__A2_P93836,0.9675044229462707,0.5,True
7g99__B1_Q92974--7g99__A1_P61586,0.9519892655793818,0.5,False
2if9__A1_Q98ZP7--2if9__B1_Q98ZP7,0.7309119720640804,0.5,True
7u0r__B1_M9SC49--7u0r__A1_M9SC49,0.9838582939948091,0.5,True
7wbt__A1_Q288C4--7wbt__B1_Q288C4,0.9818223713562177,0.5,True
7txe__A1_Q8I6T6--7txe__B1_Q8I6T6,0.9175864282958353,0.5,True
6pyp__A1_P21695--6pyp__B1_P21695,0.9714713872460352,0.5,True
8b2d__A1_F5SYD3--8b2d__B1_F5SYD3,0.967074818836667,0.5,True
1vmg__A1_Q97U11--1vmg__A2_Q97U11,0.9597262018465457,0.5042372881355932,True
6b8l__B1_P0DP23--6b8l__A1_P56696,0.9338374575065223,0.5111787493082457,False
8sj5__A1_A0A2I4FN75--8sj5__C1_A0A2I4FN75,0.9080544798303989,0.5027541511202278,True
3nr1__A1_Q8N4P3--3nr1__B1_Q8N4P3,0.9796336830267444,0.5,True
3h3l__A1_A6LFX0--3h3l__A2_A6LFX0,0.9923887351170863,0.5,True
7uav__A1_P0DW58--7uav__B1_P0DW58,0.8959929174949801,0.5,True
6jdh__A1_A0A2K0XYW4--6jdh__B1_A0A2K0XYW4,0.9868832326459445,0.5,True
3vjz__A1_Q9K0P4--3vjz__B1_Q9K0P4,0.9838455743407429,0.5,True
3et4__A1_Q4QMM5--3et4__A2_Q4QMM5,0.9810848354901425,0.5,True
5or3__A1_Q2UNF9--5or3__D1_Q2UNF9,0.9344679958727797,0.5,True
3fh3__B1_A0A6L8PES2--3fh3__A1_A0A6L8PES2,0.9865647846584826,0.5,True
1go3__A1_Q57840--1go3__B1_Q60351,0.9394434742778621,0.5,False
3zxq__B1_P9WGK1--3zxq__A1_P9WGK1,0.8797944919072428,0.5066038924860625,True
1zlh__A1_P00730--1zlh__B1_Q5EPH2,0.9547366405334775,0.5,False
4h1h__A1_Q8Y6P6--4h1h__B1_Q8Y6P6,0.9777935362206139,0.5,True
2gh1__A1_Q81E32--2gh1__B1_Q81E32,0.977073619039369,0.5,True
7dl7__F1_B0VJ11--7dl7__A1_B0VJ11,0.9891979042528949,0.5,True
7skp__B1_UNDEFINED--7skp__A1_UNDEFINED,0.9838251952110793,0.6619811177207944,True
7yu0__B1_Q79F77--7yu0__A1_Q79F77,0.9794662201507404,0.5,True
3cbu__B1_Q473P3--3cbu__A1_Q473P3,0.9651321058411965,0.5,True
8b1s__A1_B0LPL6--8b1s__A2_B0LPL6,0.9909630488039196,0.5,True
3ihk__A1_Q8DVV9--3ihk__A2_Q8DVV9,0.9826024646230156,0.5,True
4y67__A1_Q8IKG4--4y67__B1_Q8IKG4,0.9750044146385137,0.5,True
6ejp__B1_P69986--6ejp__A1_P69986,0.9462443787742516,0.5,True
1poy__A1_P0AFK9--1poy__B1_P0AFK9,0.9717137681563982,0.5,True
3a7o__A1_Q03818--3a7o__B1_Q03818,0.9169677272367986,0.5,True
4a2l__A1_Q89YR8--4a2l__B1_Q89YR8,0.9502966646684834,0.5,True
5n47__B1_P02751--5n47__A1_P80188,0.9291816364226849,0.5,False
8ejm__A1_O43143--8ejm__B1_Q8IWZ8,0.9027806273262756,0.5,False
7jl6__A1_Q9L523--7jl6__B1_Q9L523,0.9824569892473118,0.5332795698924732,True
1npd__B1_P0A6D5--1npd__A1_P0A6D5,0.9628715450986554,0.5,True
8h0h__A1_P9WLU7--8h0h__C1_P9WLU7,0.9439353789854726,0.49995212333030115,True
3t8l__A1_Q7CUX4--3t8l__B1_Q7CUX4,0.9635351530622238,0.5,True
7ol3__B1_Q8WXF7--7ol3__A1_Q8WXF7,0.9006317596699023,0.5,True
8ewa__B1_Q9HW02--8ewa__A1_Q9HW02,0.9635187221931627,0.5,True
2ft0__A1_Q8FBQ3--2ft0__B1_Q8FBQ3,0.9707254491504755,0.5,True
2r01__A1_Q8KFI1--2r01__A2_Q8KFI1,0.9421387050478862,0.5132275132275133,True
8hno__A1_B6YTS4--8hno__B1_B6YTS4,0.9833050207106682,0.5,True
6x88__A1_P52731--6x88__B1_P52731,0.9886157481457913,0.5,True
2x76__A1_Q939Q9--2x76__A2_Q939Q9,0.9884727420494543,0.5,True
7x2p__A1_Q5ZWH7--7x2p__B1_Q5ZWH7,0.9025086046920682,0.5,True
2aeu__A1_Q57622--2aeu__A2_Q57622,0.9886353183881897,0.5,True
5kbg__A1_Q43965--5kbg__B1_Q43965,0.9823183365580075,0.5028571428571429,True
4p9g__A1_Q9REI7--4p9g__A2_Q9REI7,0.9797094551043682,0.5,True
7tcv__A1_Q60932--7tcv__A2_Q60932,0.927638018031724,0.5,True
7vkb__A1_Q5ZSZ6--7vkb__B1_Q5ZSZ7,0.8760808181775309,0.5,False
7r2p__A1_Q46877--7r2p__A2_Q46877,0.9415167224345642,0.5,True
6ggl__B1_C9K1X5--6ggl__A1_C9K1X5,0.989579946121678,0.5,True
7yi7__A1_Q9Y251--7yi7__B1_Q9Y251,0.925977891972535,0.5,True
7yka__B1_Q9Y3D6--7yka__A1_Q9Y3D6,0.9518558889217329,0.5,True
8jea__A1_K1QRB6--8jea__D1_K1QRB6,0.9322521794742333,0.5,True
8huc__C1_A0A0H2Z790--8huc__A1_A0A0H2Z790,0.9600014717264987,0.5,True
7unh__A1_UNDEFINED--7unh__B1_UNDEFINED,0.9933261396986043,0.5,True
5mpr__A1_O15382--5mpr__A2_O15382,0.9746941216066083,0.5,True
4ooj__B1_Q5ZSK6--4ooj__A1_Q5ZSK6,0.9417342899813999,0.5,True
8a5v__A1_Q9Y617--8a5v__C1_Q9Y617,0.9823351362045999,0.5,True
3lm2__A1_A9CH74--3lm2__B1_A9CH74,0.980477372307081,0.5,True
7zwt__A1_P41182--7zwt__A2_P41182,0.9572120147203185,0.5,True
6ket__A1_A0A0A0WDC6--6ket__B1_A0A0A0WDC6,0.9755520135261408,0.5,True
5zwl__B1_Q8DLU1--5zwl__A1_Q8DLG7,0.9555563970938876,0.5,False
6wmz__A1_P23246--6wmz__B1_Q15233,0.9067776854735139,0.5,False
1i4m__A1_P04156--1i4m__A2_P04156,0.8228539766769406,0.5,True
2gjg__A1_Q88EQ6--2gjg__A2_Q88EQ6,0.9214128658202476,0.5,True
6k62__B2_A0A0H2X6K9--6k62__A1_A0A0H2X6K9,0.8453277539311059,0.5,True
4ghm__A1_Q9KTK0--4ghm__B1_Q9KTK0,0.9552143692143639,0.5,True
1tve__A1_P31116--1tve__B1_P31116,0.9893362036092738,0.5,True
3onx__A1_P41697--3onx__B1_P41697,0.9315915686717926,0.5,True
8cp4__A1_Q6LXV7--8cp4__A2_Q6LXV7,0.9865169038993735,0.5,True
1ob9__A1_Q97YX6--1ob9__A2_Q97YX6,0.9904769597976326,0.49996735653195795,True
7zcc__B1_P46327--7zcc__A1_P46327,0.9764327396042185,0.5,True
4kwd__A1_Q9UR08--4kwd__B1_Q9UR08,0.9715135854407624,0.5,True
7wuy__A1_A0A1R3S1W7--7wuy__B1_A0A1R3S1W7,0.9778226105061438,0.5,True
5gtw__A1_I3NX86--5gtw__D1_I3NX86,0.9671169676428418,0.5,True
7ekn__B1_Q5JT35--7ekn__A1_UNDEFINED,0.9136561036202613,0.5,False
8gja__B1_UNDEFINED--8gja__A1_UNDEFINED,0.8724356727656545,0.5,True
6loh__A1_O15033--6loh__A2_O15033,0.9565975410665668,0.5,True
3a9y__A1_Q68FT9--3a9y__B1_Q68FT9,0.9832739244609695,0.5,True
8ay6__B1_Q9CAJ0--8ay6__A1_A0A067E666,0.9827726087415034,0.5,False
8u5m__A1_Q8TF42--8u5m__F1_Q8TF42,0.9916273783760996,0.5,True
7twa__D1_F8JJ25--7twa__A1_F8JJ25,0.9932879952988751,0.5,True
8fju__B1_P34897--8fju__A1_P34897,0.9714598498029615,0.5,True
1fjj__A1_P12994--1fjj__A2_P12994,0.9642893132053884,0.5,True
7qlr__A1_A0A1J1J928--7qlr__D2_A0A1J1J928,0.9783571512205689,0.5,True
3vf0__B1_Q8IY67--3vf0__A2_P18206,0.9175082944971111,0.5,False
8ehe__A1_A0A0A7KVG3--8ehe__B1_A0A1D3UUC0,0.9722477345089395,0.5,False
6hpc__A1_P67697--6hpc__B1_P67697,0.9461289962034489,0.5,True
2x3o__A1_Q9I585--2x3o__B1_Q9I585,0.935894981778962,0.5,True
5y40__A1_P55892--5y40__B1_P55892,0.9234461427335373,0.5,True
1y42__A1_P12063--1y42__A2_P12063,0.9902006490910082,0.5,True
2e91__A1_Q12051--2e91__B1_Q12051,0.9677710771292507,0.5,True
8ja2__A1_A0A0A1E3Q0--8ja2__A2_A0A0A1E3Q0,0.9728532892446919,0.5,True
3iuw__B1_Q8KUB7--3iuw__A1_Q8KUB7,0.9696391716717297,0.5258620689655172,True
8e7y__A1_Q9RFC8--8e7y__B1_Q9RFC8,0.9359424182114765,0.5,True
4kzn__A1_P15692--4kzn__A2_P15692,0.9223339423586963,0.5,True
7z7o__A1_A0A1S4NYF2--7z7o__C1_A0A1S4NYF2,0.9531158960419963,0.5,True
8brp__A1_D8G6F7--8brp__B1_D8G6F7,0.9735357817900816,0.5,True
3qir__A1_Q8TC59--3qir__A2_Q8TC59,0.984781926370684,0.5,True
8bay__A1_O75874--8bay__B1_O75874,0.9695607508455082,0.5,True
6mhm__B1_Q13510--6mhm__A1_Q13510,0.9394120006779563,0.5,True
8bj7__A1_P07598--8bj7__B1_P07603,0.9394079123648928,0.5,False
8b80__A1_W8QF82--8b80__B1_W8QF82,0.9929456454591604,0.5,True
5wxx__A1_Q9RNB4--5wxx__A2_Q9RNB4,0.9784239638141528,0.5044847080124428,True
8f7l__A1_P43490--8f7l__B1_P43490,0.9526211570794803,0.5,True
3cz1__A1_Q9U9J6--3cz1__B1_Q9U9J6,0.9807362340009748,0.5660644957241712,True
8a0c__A1_Q2ERG0--8a0c__B1_Q2ERG0,0.9405981815530938,0.5,True
5mpy__A1_Q9LPZ1--5mpy__B1_Q9LPZ1,0.9577182969231778,0.5,True
1anu__A1_Q06851--1anu__A2_Q06851,0.9760143540669857,0.5,True
3vs8__A1_C1DM33--3vs8__C1_C1DM33,0.9773783198116,0.5,True
7zi8__A1_P27707--7zi8__A2_P27707,0.9904660561887852,0.4999904538251523,True
1peu__A1_Q08698--1peu__A2_Q08698,0.9958844882971924,0.5,True
5uk5__B1_Q63722--5uk5__A1_Q07008,0.7475735534743031,0.5,False
7vg5__A1_Q49135--7vg5__B1_Q49135,0.9788466278258772,0.5,True
4jkz__A1_A0R6I8--4jkz__A2_A0R6I8,0.9817719293323233,0.5,True
4aa8__A1_P00794--4aa8__A2_P00794,0.9026313519109654,0.5,True
5yew__A1_Q8IWA4--5yew__B1_Q8IWA4,0.9369831333917757,0.5,True
1hf2__B1_Q9X0D7--1hf2__A1_Q9X0D7,0.9946964462868481,0.5534970238095238,True
3au0__A1_Q7A382--3au0__A2_Q7A382,0.9326648624616956,0.5,True
3gif__A1_O34757--3gif__B1_O34757,0.9623264081654473,0.5,True
8c66__A1_UNDEFINED--8c66__D1_UNDEFINED,0.9697553564495962,0.5,True
7zcl__B1_UNDEFINED--7zcl__A1_UNDEFINED,0.9903508995355865,0.5542990074968374,True
5c6u__A1_O69689--5c6u__A2_O69689,0.9540681004615799,0.5,True
4nv4__A1_A0A6L7HM74--4nv4__A2_A0A6L7HM74,0.9618432156340218,0.5052247996285305,True
6axf__A1_Q7LDG7--6axf__B1_P61224,0.9673600764584271,0.5,False
5yf1__B1_Q8N4J0--5yf1__A1_Q8N4J0,0.9654620370398626,0.5,True
8j83__A1_C5ATT7--8j83__B1_C5ATT6,0.9770024443268004,0.5,False
3fjy__B1_A0ZZM4--3fjy__A1_A0ZZM4,0.9650119645806541,0.5,True
4rg1__A1_Q5T280--4rg1__B1_Q5T280,0.9920224512202382,0.5,True
1ux4__A1_P41832--1ux4__A2_P41832,0.9802146814205641,0.5,True
6rbm__A1_P0ACT4--6rbm__A2_P0ACT4,0.9658727648632328,0.5,True
2cme__B1_P59636--2cme__A1_P59636,0.8723763458671525,0.5272545966539672,True
7wis__A1_P46881--7wis__B1_P46881,0.9527393157732124,0.5,True
5a3l__A1_A0A1A9TAD0--5a3l__C1_A0A1A9TAD0,0.9738514115738985,0.5,True
3gzi__A1_A3QIY5--3gzi__A2_A3QIY5,0.9844906151676249,0.5,True
8pr6__B1_A0A1Q6BKH4--8pr6__A1_A0A1Q6BKH4,0.9680183268753422,0.5265521768479688,True
8j64__A1_Q967S9--8j64__B1_O00816,0.844882398723073,0.5,False
8ohw__A1_Q63T97--8ohw__B1_Q63T97,0.8789419505576539,0.5,True
5y4r__A1_O87131--5y4r__B1_Q9HVI1,0.972323321597145,0.5,False
3ddh__A1_Q8A5Q8--3ddh__B1_Q8A5Q8,0.9648209011107876,0.5,True
8d3t__B1_A0A2K2AMS7--8d3t__A1_A0A2K2AMS7,0.9783809554593057,0.5,True
1zk8__A1_Q815X4--1zk8__B1_Q815X4,0.9917183744173302,0.5245896034927444,True
2w82__A1_Q47730--2w82__B1_Q47730,0.9878708754746827,0.5,True
6l08__A1_O65896--6l08__B1_O65896,0.9699348539242386,0.5,True
4p94__B1_Q4J9K8--4p94__A1_Q4J9K8,0.9683743351063829,0.5368351063829787,True
4yii__A1_O00762--4yii__B1_Q9UJX6,0.9869078225073111,0.5102040816326531,False
4rus__A1_P68512--4rus__B1_P68512,0.9250663593769649,0.5,True
2o48__A1_Q9TQS6--2o48__A2_Q9TQS6,0.985310320738353,0.5,True
7pvw__B1_P00523--7pvw__A1_P00523,0.7683221353122076,0.5041783660917235,True
2wcu__A1_Q8R2K1--2wcu__B1_Q8R2K1,0.9725309213719153,0.49997741848071536,True
2p35__A1_Q8UH15--2p35__B1_Q8UH15,0.9484725787810016,0.5,True
6rfg__A1_Q49PR7--6rfg__D1_Q49PR7,0.8820532231981482,0.5,True
5jj8__A1_Q9HVB9--5jj8__A2_Q9HVB9,0.8561255365052719,0.5,True
6ije__A1_A0A083ZID3--6ije__B1_A0A083ZID3,0.9702108835435451,0.5064431185060027,True
8avu__A1_Q8GPI4--8avu__A2_Q8GPI4,0.9758554202998646,0.5,True
7xdu__B1_A0A1I1Z0X1--7xdu__A1_A0A1I1Z0X1,0.9898681544251164,0.5,True
1xr4__A1_Q8ZRY1--1xr4__B1_Q8ZRY1,0.9112300430824678,0.5,True
2fuq__A1_C6XZB6--2fuq__B1_C6XZB6,0.9743537497560236,0.5,True
5xrw__A1_O25306--5xrw__C1_O25674,0.9257655924322592,0.5280960087589922,False
5l0o__A1_P46940--5l0o__B1_P46940,0.9951857977843608,0.5,True
8vsy__B1_UNDEFINED--8vsy__A1_UNDEFINED,0.8915051856643628,0.5,True
2zcx__A1_Q9FBX0--2zcx__A2_Q9FBX0,0.9842736653060897,0.49998806169714916,True
5way__A1_Q97P44--5way__B1_Q97P44,0.9634870948395987,0.5,True
7xey__A1_Q9SU72--7xey__B1_Q9S745,0.9530065059847523,0.5,False
4xlo__C1_Q9KHK2--4xlo__A1_Q9KHK2,0.9749421666678935,0.5,True
6kd6__B1_Q9VAA9--6kd6__A1_Q9VAA9,0.8895025516152693,0.5,True
8k72__A1_Q9NWT6--8k72__A2_Q9NWT6,0.9834695929150514,0.5,True
8b5v__A1_Q4E4A3--8b5v__B1_Q4E4A3,0.9922991126681402,0.5,True
4yo3__A1_D3GUX1--4yo3__A2_D3GUX1,0.9827817946629828,0.5319655591932819,True
6hrx__A1_O53623--6hrx__B1_O53623,0.9926213379973765,0.5448444664940073,True
3mdo__A1_A6LDR8--3mdo__B1_A6LDR8,0.9872040079883597,0.5,True
8iw0__A1_Q14678--8iw0__B1_Q14678,0.9706657685728546,0.5040244617494415,True
2rb7__A1_Q313A9--2rb7__B1_Q313A9,0.9546563550942986,0.5,True
8h6s__A1_Q76KY5--8h6s__C1_Q76KY0,0.9943770012050267,0.5,False
3lsj__A1_Q9HUS3--3lsj__B1_Q9HUS3,0.9564009645289016,0.5,True
7pxq__A1_UNDEFINED--7pxq__A2_UNDEFINED,0.9226719046904575,0.5,True
8g0q__A1_P40460--8g0q__B1_P33895,0.9294731481192771,0.5,False
6ms4__A1_Q9ULC4--6ms4__B1_O43583,0.8465048065301872,0.5,False
7y6b__A1_A0A411GZY8--7y6b__B1_A0A411H025,0.9382513728788403,0.5,False
7zyt__A1_P09622--7zyt__B1_P09622,0.9645246756149852,0.5,True
7lle__A1_Q6QVT7--7lle__B1_Q6QVT7,0.9743990598954916,0.5,True
4csw__A1_D0MK34--4csw__B1_D0MK34,0.9830625487900078,0.5,True
7tev__A1_P04181--7tev__A2_P04181,0.9616038744356564,0.5,True
3zta__A1_Q2RIF4--3zta__A2_Q2RIF4,0.9801772514604253,0.5,True
3abi__A1_O59312--3abi__B1_O59312,0.999097655809897,0.5,True
5ab8__A1_P9WN25--5ab8__A2_P9WN25,0.9832795067527892,0.5,True
1guq__A1_P09148--1guq__B1_P09148,0.9782007697407495,0.5,True
6zdw__B1_A0A162MUP0--6zdw__A1_A0A162MUP0,0.9605133842171473,0.5,True
8csd__A1_Q6U8B0--8csd__A2_Q6U8B0,0.9756835324516204,0.5,True
3na2__A1_UNDEFINED--3na2__B2_UNDEFINED,0.930795168353679,0.5,True
8bfr__A1_P30177--8bfr__A2_P30177,0.9982089721245895,0.5,True
7yk3__A1_O53604--7yk3__B1_O53605,0.9586806763862126,0.5,False
6xiv__A1_P16114--6xiv__B2_P16114,0.9886526616117691,0.5,True
8ajx__A1_P17117--8ajx__A2_P17117,0.9654373471790185,0.5,True
8ayj__A1_D5EHC5--8ayj__B1_D5EHC5,0.9814043305381069,0.5,True
4tt0__B1_P10220--4tt0__A1_P10220,0.9298058699789644,0.5033258539517179,True
8a6e__B2_P02699--8a6e__A1_P02699,0.9810274483397773,0.5,True
4jb7__A1_Q9KTQ6--4jb7__A2_Q9KTQ6,0.9461385665670774,0.5,True
6h3f__A1_A0A0H3JT80--6h3f__A2_A0A0H3JT80,0.9928601107837889,0.5,True
6wxw__A1_F2NWD3--6wxw__B1_F2NWD3,0.9928590366009021,0.5,True
2zw2__A1_F9VNF4--2zw2__B1_F9VNF4,0.9172775637497708,0.508625328685868,True
2wo2__A1_P54764--2wo2__B1_P52799,0.9530620118701637,0.4999792668767623,False
4u66__A1_A8MI53--4u66__A2_A8MI53,0.9858229356450857,0.5,True
1ord__A1_P43099--1ord__B1_P43099,0.964691053647896,0.5,True
8aa9__A1_Q9V1Y9--8aa9__B1_Q9V1Y9,0.704911604697547,0.5,True
4i6y__B1_P13702--4i6y__A1_P13702,0.9476356698136483,0.5,True
1vh4__B1_P77689--1vh4__A1_P77689,0.98361434109769,0.5,True
3ocd__A1_D7A6E5--3ocd__B1_Q7BQR5,0.9588111867280935,0.5,False
8pq7__A1_M1C5B8--8pq7__B1_D0N0Z8,0.8458064450357321,0.5,False
8gic__A1_Q70AZ9--8gic__D1_Q70AZ5,0.9081059506812751,0.5,False
5abr__A1_P82802--5abr__B1_P82802,0.978237128928416,0.5,True
2zmf__A1_Q9Y233--2zmf__B1_Q9Y233,0.9935062305839645,0.5,True
2vzk__B1_P0DJQ5--2vzk__A1_P0DJQ5,0.9564182226112948,0.5271939960198427,True
7wm5__A1_A0A0C2W699--7wm5__A2_A0A0C2W699,0.9783137574808152,0.5,True
1zee__A1_Q8E972--1zee__B1_Q8E972,0.9208031969609607,0.5,True
1f3u__B1_P35269--1f3u__A1_P13984,0.9486140741559217,0.5,False
7tvh__B1_Q9I2Q1--7tvh__A1_Q9I2Q1,0.9816264996898101,0.5,True
5vgm__B1_Q9KL24--5vgm__A1_Q9KL24,0.9951955140289617,0.5,True
2b5l__A1_Q16531--2b5l__C1_P11207,0.9683563866930983,0.5,False
4zzh__A1_Q96EB6--4zzh__A2_Q96EB6,0.9250017133226835,0.5,True
8in9__A1_E0D202--8in9__B1_E0D202,0.9713269740926793,0.5,True
6m4v__A1_P0AEX9--6m4v__B1_P62942,0.9581488879773137,0.5288457079669693,False
7y28__A1_P07814--7y28__B1_P07814,0.9755222792185251,0.5,True
7y7u__A1_A0A222F232--7y7u__B1_A0A222F232,0.9852486918038733,0.5,True
3fgc__A1_P07740--3fgc__B1_P07739,0.9773029274185974,0.5,False
1rve__A1_P04390--1rve__B1_P04390,0.99424107997892,0.4999831754630954,True
7zy1__A1_Q9F8A8--7zy1__A2_Q9F8A8,0.9817746557406349,0.5,True
3jxo__B1_A0A0F6AN26--3jxo__A1_A0A0F6AN26,0.9702779745042495,0.5739376770538244,True
8dqb__A1_A0A0H3FX83--8dqb__A2_A0A0H3FX83,0.9537044300756279,0.5,True
5l16__A1_Q4Q0M0--5l16__A2_Q4Q0M0,0.991332962373122,0.5,True
2gz4__A1_Q7D028--2gz4__C1_Q7D028,0.9712833117494428,0.5,True
2f9w__A1_Q9HWC1--2f9w__B1_Q9HWC1,0.9757528400998166,0.5,True
2ox1__A1_O30011--2ox1__B1_O30011,0.9907896909300546,0.5175438596491229,True
2guh__A1_Q0S8Y3--2guh__B1_Q0S8Y3,0.9834275239917996,0.4999650935492879,True
7br1__A1_A0A7I6N400--7br1__B1_A0A7I6N400,0.9801156388301497,0.5048076923076923,True
2p04__A1_D0VWX5--2p04__B1_D0VWX5,0.9798949424085831,0.5,True
4h5b__A1_Q9RUY5--4h5b__B1_Q9RUY5,0.9456351091339742,0.513717100349201,True
4e1o__A1_P19113--4e1o__B1_P19113,0.972170530877836,0.5,True
7pu4__B1_Q9X053--7pu4__A1_Q9X053,0.969988525930526,0.5,True
3m1u__A1_Q72DN3--3m1u__B1_Q72DN3,0.9657646040529054,0.5,True
7qii__A1_P0C2N2--7qii__B1_P0C2N4,0.9462979808213233,0.5,False
4pww__A1_UNDEFINED--4pww__A2_UNDEFINED,0.9020170018153889,0.5,True
6ird__A1_Q91UZ1--6ird__B1_Q8NI35,0.8679696114661405,0.5,False
6gg2__A1_Q4WD43--6gg2__A2_Q4WD43,0.971339172694412,0.5,True
6oei__A1_Q8KG60--6oei__A2_Q8KG60,0.9827727659545555,0.5,True
8hyi__A1_P22223--8hyi__B1_P22223,0.9268295994734008,0.5,True
4b8v__A1_B3VBK9--4b8v__A2_B3VBK9,0.9745254385964912,0.5,True
4lqb__A1_D2Q399--4lqb__B1_D2Q399,0.960413233297766,0.5043918258353212,True
2vxb__A1_P87074--2vxb__B1_P87074,0.9828823006928431,0.5,True
1t72__A1_O67053--1t72__B1_O67053,0.985711754847977,0.5,True
5z1o__A1_D0VWU8--5z1o__B1_D0VWU8,0.8013593024806461,0.5,True
6h40__A1_K5B7F3--6h40__A2_K5B7F3,0.9869122908797929,0.5,True
2etk__A1_Q13464--2etk__B1_Q13464,0.9657621562393347,0.5,True
2p69__A1_Q96GD0--2p69__A2_Q96GD0,0.9937177954664738,0.5,True
4doy__A1_Q6WNP1--4doy__C1_Q6WNP1,0.9731118729112036,0.5,True
6zxw__A1_O29011--6zxw__B1_A0A117KMN5,0.9571731511514334,0.5,False
3lhk__A1_Q60329--3lhk__B1_Q60329,0.9782148866673266,0.49997525487478967,True
6e52__A1_P03069--6e52__B1_P03069,0.9558378904670061,0.5,True
2ijd__A1_Q1PHW8--2ijd__A2_Q1PHW8,0.8948756305232465,0.5,True
1fwl__A1_Q58504--1fwl__B1_Q58504,0.9958464149538946,0.509009009009009,True
5nkk__A1_O62301--5nkk__B1_Q9XWJ1,0.9794742726279129,0.5,False
1ygt__A1_Q94524--1ygt__A2_Q94524,0.9381017942501784,0.5114368071378111,True
7zq1__B1_Q32ZE1--7zq1__A1_Q32ZE1,0.8768387461220623,0.5136986301369864,True
6p40__A1_M1GSK9--6p40__B1_M1GSK9,0.957389435080069,0.5,True
2wyn__B1_P13482--2wyn__D1_P13482,0.980789882905474,0.5,True
7yui__A1_P0CG48--7yui__B1_Q9BYM8,0.91924612951067,0.5,False
8dml__B1_Q87GI3--8dml__A1_Q87GI4,0.9297811941821892,0.5,False
2oi2__A1_A0A0H2UNK6--2oi2__A2_A0A0H2UNK6,0.9846279917132302,0.5,True
4wud__A1_P0AES6--4wud__A2_P0AES6,0.9761037056513359,0.5,True
5yzj__A1_A8K0B5--5yzj__B1_A8K0B5,0.904664816195877,0.5,True
8f61__A1_Q28943--8f61__B1_Q28943,0.9260462648085842,0.5,True
7udi__B1_Q9RYE6--7udi__A1_Q9RYE6,0.9567766005737968,0.5,True
5ho3__A1_W6KHH6--5ho3__B1_W6KHH6,0.9048593117868994,0.5,True
1cmc__A1_P0A8U6--1cmc__B1_P0A8U6,0.9816539712236625,0.5198412698412699,True
6oe2__A1_Q8A9F0--6oe2__A2_Q8A9F0,0.9974837279463967,0.5,True
3ent__A1_Q2YAE2--3ent__B1_Q2YAE2,0.9783914527274564,0.5511073669249535,True
2y4g__A1_D3Y1I2--2y4g__B1_D3Y1I2,0.985458547568943,0.5,True
7ec7__A1_A0A0H2XGN0--7ec7__A2_A0A0H2XGN0,0.9952145891027948,0.5,True
2o11__A1_P9WPY1--2o11__A2_P9WPY1,0.9382498238664149,0.5,True
8abq__A1_Q13596--8abq__B1_Q9Y5X3,0.975921771552297,0.5,False
6shw__A1_Q96724--6shw__A2_Q96724,0.915167304753893,0.545349975106014,True
7wn7__B1_Q99H25--7wn7__A1_Q99H25,0.9373173701583366,0.5,True
2sak__A1_P68802--2sak__A2_P68802,0.7765169640212364,0.5,True
8h5e__A1_Q5SMG8--8h5e__B1_Q5SMG8,0.9021840463882562,0.5,True
8bgm__B1_A0A5P3XKL3--8bgm__A1_A0A5P3XKM0,0.969113359995561,0.5,False
8sua__A1_UNDEFINED--8sua__A2_UNDEFINED,0.9889225441479802,0.5,True
2ps8__A1_P13513--2ps8__B1_P13513,0.9917048024065966,0.5,True
6awl__A1_O75208--6awl__B1_O75208,0.9777052826650682,0.5,True
4qds__A1_O60462--4qds__B1_O60462,0.9784837115853785,0.5166051622691022,True
6qky__B1_Q97P33--6qky__A1_Q97P33,0.9250462650518951,0.5026657808878912,True
8p3m__A1_W0DP94--8p3m__B1_W0DP94,0.9887365852138794,0.5,True
5v7y__A1_A0A4Y1WAP5--5v7y__B1_A0A4Y1WAP5,0.9838297152943334,0.5,True
4aps__A1_Q5M4H8--4aps__B1_Q5M4H8,0.94042355164455,0.5,True
7ucn__A1_P50120--7ucn__B1_P50120,0.8384066074442643,0.5,True
1ni5__A1_P52097--1ni5__A2_P52097,0.9694422876502602,0.5,True
8d04__B1_UNDEFINED--8d04__A1_UNDEFINED,0.9319743164851364,0.5,True
4a5o__B1_Q9I2U6--4a5o__A1_Q9I2U6,0.9861680247931013,0.5,True
8q5k__A1_A0A0H2Z7A6--8q5k__A2_A0A0H2Z7A6,0.9361239038771971,0.5,True
1ww5__A1_Q6WY08--1ww5__D1_Q6WY08,0.979179417213077,0.5,True
7ww2__A1_A0A4Q9D6T1--7ww2__B1_A0A4Q9D6T1,0.9660222773125768,0.5,True
2pfk__A1_P0A796--2pfk__B1_P0A796,0.9731459015587272,0.5,True
1i2m__B1_P18754--1i2m__A1_P62826,0.9318660347614344,0.5,False
8i2e__A1_O34841--8i2e__B1_P54421,0.943101841548904,0.5,False
3pfl__A1_P09373--3pfl__B1_P09373,0.9936497415493664,0.5,True
6gho__B1_Q5L1S1--6gho__A1_O31602,0.879539565419475,0.5,False
1glj__A1_P0A6F3--1glj__B1_P0A6F3,0.9922078081802752,0.5,True
4zq8__B1_A0A0M3KL36--4zq8__A1_A0A0M3KL36,0.9749363232463566,0.5026881720430108,True
5h4h__B1_O58236--5h4h__A1_O58236,0.9773696100952246,0.5196166729070321,True
4iv9__A1_P06617--4iv9__B1_P06617,0.9757618516555133,0.5,True
6sdk__A1_P26497--6sdk__B1_P26497,0.9676429622621675,0.5,True
2fq4__A1_Q81BJ4--2fq4__A2_Q81BJ4,0.9886085565851578,0.5,True
7zeq__B1_Q9WXT1--7zeq__A1_Q9WXT1,0.9554873742637757,0.5,True
5z5h__A1_Q2I2N4--5z5h__A2_Q2I2N4,0.9724511354915442,0.5,True
2fe1__A1_Q8ZZP3--2fe1__A2_Q8ZZP3,0.9855605014419875,0.5212765957446809,True
7wik__B1_A0R1E6--7wik__A1_A0R1E6,0.9476052285759795,0.5,True
7t8o__B1_Q8Y8Y9--7t8o__A1_Q8Y8Y9,0.9543118223885334,0.5080645161290323,True
7t91__A1_P08151--7t91__B1_P08151,0.932900520307525,0.5,True
3lg6__A1_D2YW48--3lg6__B1_D2YW48,0.9795942640253789,0.5,True
2o9a__A1_P16528--2o9a__D1_P16528,0.9830245116945505,0.5,True
1zhq__A1_Q9RHG4--1zhq__B1_Q9RHG4,0.9389592417615251,0.5,True
2e0k__B1_Q8KFD9--2e0k__A1_Q8KFD9,0.9763507575837067,0.5,True
6izb__A1_P13693--6izb__A2_P13693,0.9614353086531363,0.5,True
3a2f__A1_P61875--3a2f__B1_O73947,0.9900530480594495,0.5,False
3isx__A1_Q9X0E0--3isx__A2_Q9X0E0,0.9540959012729636,0.5,True
2vkj__A1_Q9X1W9--2vkj__B1_Q9X1W9,0.9331332855607309,0.5069444444444444,True
5csr__D1_Q9HLB6--5csr__A1_Q9HLB6,0.9808440159621429,0.5,True
1iq8__A1_O58843--1iq8__B1_O58843,0.8917593118512098,0.5,True
3tbm__A1_Q8XVB9--3tbm__B1_Q8XVB9,0.9447934260717742,0.5285980427507765,True
7tur__B1_P00503--7tur__A1_P00503,0.9435733818111376,0.5,True
3vol__A1_Q9I6V6--3vol__A2_Q9I6V6,0.9498919229513416,0.5048543689320388,True
3jqz__A1_P02768--3jqz__B1_P02768,0.9642663075578236,0.5,True
1vkd__A1_Q9X0V2--1vkd__B1_Q9X0V2,0.9535398438872082,0.5,True
8b31__B1_A0A2W4LV58--8b31__A1_A0A2W4LV58,0.9847121922314885,0.5124223602484472,True
7bzk__A1_Q9SJ89--7bzk__B1_Q6NPF9,0.9449086295905197,0.5,False
3cgh__A1_Q8A0N7--3cgh__A2_Q8A0N7,0.9895203350609018,0.5,True
5vlb__A1_G7IKX3--5vlb__B1_G7IKX3,0.9497767578365317,0.5,True
2oer__B1_Q9I3U1--2oer__A1_Q9I3U1,0.9925315118626715,0.5,True
2ylz__A1_Q47PU3--2ylz__A2_Q47PU3,0.9107562347595959,0.5,True
8bjp__B1_A0A1W6VSR4--8bjp__A1_A0A1W6VSR4,0.9241096808857499,0.49982549515749064,True
6kcx__A1_Q9WZL1--6kcx__A2_Q9WZL1,0.9929612577899767,0.5,True
4q69__A1_Q8A5I0--4q69__B1_Q8A5I0,0.9925568123835689,0.5,True
7xmj__C1_A9QSE8--7xmj__A1_A9QSE8,0.9637087699627356,0.5,True
1pix__A1_Q06700--1pix__B1_Q06700,0.9544625007318731,0.5,True
3l8i__B1_Q9BUL8--3l8i__A1_Q9BUL8,0.9566638223377205,0.5,True
6l2u__A1_Q27RN2--6l2u__B1_Q27RN2,0.9533113566970196,0.5,True
6sl2__A1_C4LWU6--6sl2__A2_C4LWU6,0.9458391107840417,0.5,True
1u6z__B1_P0AFL6--1u6z__A1_P0AFL6,0.9648551576511621,0.5,True
3pm9__A1_Q6NAV4--3pm9__B1_Q6NAV4,0.9302411459518952,0.5,True
3a5y__B1_P0A8N7--3a5y__A1_P0A8N7,0.967626097436708,0.5,True
7xgn__A1_UNDEFINED--7xgn__B1_UNDEFINED,0.9575264066039464,0.5,True
6bn1__B1_Q9VCR6--6bn1__A1_Q8T0S6,0.7837193061019949,0.5,False
8ji6__A1_A0A861B387--8ji6__B1_A0A861B387,0.991664346355676,0.5,True
2pjs__A1_A9CIG0--2pjs__B1_A9CIG0,0.9566877296729766,0.5023584905660378,True
8ke8__A1_Q9HXS0--8ke8__B1_Q9HXS0,0.9855146922004926,0.5042372881355932,True
3h7l__A1_Q87LX4--3h7l__A2_Q87LX4,0.9629753837203876,0.5,True
7zs8__A1_A0A1D3HIT0--7zs8__B1_A0A1D3HIT0,0.9659636391125223,0.5,True
2vc4__A1_P02879--2vc4__A2_P02879,0.8995153434990232,0.5,True
1xe8__B1_Q03629--1xe8__A1_Q03629,0.9933841463414634,0.5,True
7tn6__A1_Q84Y01--7tn6__A2_Q84Y01,0.9641798217468807,0.5,True
7yo6__A1_G8GLP2--7yo6__A2_G8GLP2,0.9890776424572221,0.5,True
8k76__A1_Q8R6D8--8k76__B1_Q8R6D8,0.9930011610585754,0.5,True
1vgx__B1_Q9RRU8--1vgx__A1_Q9RRU8,0.9331530915134498,0.5,True
3cet__B1_Q6M145--3cet__A1_Q6M145,0.9710854503687724,0.5,True
4zlh__B1_P0AB60--4zlh__A1_P0AB60,0.9904971528119023,0.5,True
2y84__A1_Q7WT50--2y84__E1_Q7WT50,0.9901962564589903,0.5,True
4me9__A1_Q736B0--4me9__B1_Q736B0,0.9890565538155899,0.5,True
2z51__A1_Q93W20--2z51__A2_Q93W20,0.9293122310878589,0.5,True
8ajq__A1_Q9I0C0--8ajq__B1_Q9I0C0,0.9563237526492397,0.5,True
5khn__A1_UNDEFINED--5khn__B1_UNDEFINED,0.9524097273385062,0.5,True
7yfj__A2_Q15007--7yfj__B1_Q15007,0.9209855781480916,0.5,True
2rkl__F1_Q06263--2rkl__E1_Q06263,0.9591539789809532,0.558600015777433,True
8cwp__A1_Q06282--8cwp__A2_Q06282,0.9695311895076031,0.5,True
4neh__A1_P20702--4neh__B1_P05107,0.9726366713308352,0.5,False
2prv__A1_O34596--2prv__B1_O34596,0.9768057836601939,0.5,True
6kvn__A1_A0A1S4CVP6--6kvn__A2_A0A1S4CVP6,0.9350336200095754,0.5,True
5tgq__A1_A0A1S4NYF7--5tgq__A2_A0A1S4NYF7,0.9750892042154178,0.5,True
6b3i__A1_P27216--6b3i__B1_P27216,0.9865097235684318,0.5,True
1rqn__A1_O31156--1rqn__B1_O31156,0.9971865937905532,0.5,True
7tcr__A1_A0A2D2D5M1--7tcr__D1_A0A2D2CY73,0.9779687379014377,0.5,False
5l7z__A1_P28750--5l7z__A2_P28750,0.9728367194814181,0.5,True
7ljh__A1_Q769D3--7ljh__B2_Q769D3,0.9936104483168311,0.5,True
7xmw__B1_U2Q5N5--7xmw__A1_U2Q5N5,0.8550621789672884,0.5,True
7w2o__A1_Q9HZP1--7w2o__B1_Q9HZP1,0.9929259491906653,0.5,True
7uay__A1_P08684--7uay__A2_P08684,0.9993642075929846,0.5,True
5czf__D1_A0A0H3JHG3--5czf__A1_Q8XAD5,0.753251739989689,0.5,False
8p4l__A1_UNDEFINED--8p4l__B1_UNDEFINED,0.987691940777228,0.5,True
2p6p__A1_Q9RPA7--2p6p__B1_Q9RPA7,0.9078118232955116,0.5,True
4u64__A1_Q5ZXA3--4u64__A2_Q5ZXA3,0.9623695964872435,0.5,True
7qbm__A1_P43235--7qbm__B1_P43235,0.8863825678694484,0.5,True
3nvm__A1_Q8U4M1--3nvm__B1_Q8U4M2,0.9474450512714041,0.5,False
7q86__A1_UNDEFINED--7q86__B1_UNDEFINED,0.9660695515462359,0.5,True
3wws__A1_Q13188--3wws__D1_Q13188,0.7563227016885553,0.5,True
4c87__A1_F9UMG7--4c87__B1_F9UMG7,0.9401847221950408,0.5,True
2d7e__A1_P17888--2d7e__B1_P17888,0.9561112189201113,0.5,True
7xro__A1_Q9RQ20--7xro__B1_Q9RQ20,0.9896762869926254,0.5,True
5yrj__A1_B6F0T7--5yrj__B1_A0A2Z5V8U8,0.9843728105294766,0.5,False
6yev__C1_P0A744--6yev__A1_P0AA25,0.9093142579317051,0.5,False
8glr__A1_Q8ZJX7--8glr__A2_Q8ZJX7,0.9724322035468258,0.5,True
5fwt__A1_Q96MU8--5fwt__A2_Q96MU8,0.9170467966986501,0.5,True
4e6s__A1_Q3URR7--4e6s__A2_Q3URR7,0.9318035445936599,0.5046467465485666,True
8enb__B1_A7DT38--8enb__A1_A0T3A2,0.8744562642663336,0.5,False
8h4p__A1_I1S104--8h4p__B1_I1S104,0.9865406724716348,0.5031202881752045,True
4cu5__A1_B6SBV8--4cu5__F1_B6SBV8,0.9887626049958623,0.5394736842105263,True
7yo8__A1_P60520--7yo8__A2_P60520,0.5937976054183693,0.49997440360397255,True
8elf__B1_Q6DYE4--8elf__A1_Q6DYE4,0.9162531270610991,0.5,True
1ax2__A1_P16404--1ax2__A2_P16404,0.9674534541344135,0.5,True
8i33__C1_A0A6Q8PFJ0--8i33__A1_A0A6Q8PFJ0,0.9563432474326682,0.5,True
3q9l__A1_P0AEZ3--3q9l__B1_P0AEZ3,0.9690732040613719,0.5,True
8ak1__A1_UNDEFINED--8ak1__B1_O25273,0.9894440098452614,0.49991891015244894,False
2yk4__A1_P72097--2yk4__A2_P72097,0.95608498192523,0.5,True
7u5f__C1_Q9HTM2--7u5f__A1_Q9HTM2,0.9903739219192454,0.5,True
5xt3__B1_A0A0U1MUE2--5xt3__A1_A0A0U1MUE2,0.9784780689842477,0.5,True
5iws__A1_Q63GK8--5iws__A2_Q63GK8,0.9637455226825246,0.5,True
2owl__A1_P36767--2owl__B1_P36767,0.9555598234079975,0.5,True
8bca__A1_O75643--8bca__B1_Q6P2Q9,0.8794770378900183,0.5,False
4ml7__A1_P61626--4ml7__B1_UNDEFINED,0.8290580422219909,0.5,False
3mcb__B1_P20290--3mcb__A1_Q13765,0.9202417035077898,0.5514643139828954,False
8gy8__A1_Q8TZT0--8gy8__B1_Q8TZT0,0.981655488402502,0.5,True
8dkd__A1_G7CIP4--8dkd__A2_G7CIP4,0.978206492651153,0.5,True
7dus__A1_P08965--7dus__A2_P08965,0.9285364521255463,0.5,True
8gb1__A1_Q9Y3Z3--8gb1__B1_Q9Y3Z3,0.9848271819944449,0.5,True
7cov__A1_Q06801--7cov__A2_Q06801,0.9414979195929644,0.5,True
6ign__A1_Q61768--6ign__A2_Q61768,0.8820512176284946,0.5,True
1fzr__A1_P00641--1fzr__B1_P00641,0.9604204570067144,0.5154337231968811,True
3be5__A1_Q8XBR1--3be5__B1_Q8XBR1,0.959252524956018,0.5,True
2ecs__A1_P03040--2ecs__B1_P03040,0.9148249812312312,0.5,True
4hn3__B1_Q8Y6D1--4hn3__A1_Q8Y6D1,0.9558436637014827,0.5,True
4o8y__A1_Q08723--4o8y__B1_P43588,0.9799661757433477,0.5,False
7uoi__A1_A0A1S8KJG1--7uoi__A2_A0A1S8KJG1,0.9930154336238681,0.5,True
7vma__A1_C5A758--7vma__A2_C5A758,0.9864405046398852,0.5,True
7d9m__A1_A0A4D6NYT7--7d9m__B2_A0A4D6NYT7,0.9624666178043992,0.5,True
2py8__C1_Q55670--2py8__B1_Q55670,0.9153704046014168,0.5,True
7ytl__A1_E1BR24--7ytl__A2_E1BR24,0.9939773743612127,0.5,True
7vxt__A1_Q63W52--7vxt__B1_Q63W52,0.9637941181483587,0.5040650406504065,True
5cv3__A1_E3M3V1--5cv3__A2_E3M3V1,0.9725424632055213,0.5,True
8c9v__A1_Q1JXV1--8c9v__A2_Q1JXV1,0.9927807027136808,0.5090765881881194,True
3tsn__A1_Q9PN58--3tsn__B1_Q9PN58,0.9533455537856071,0.5,True
8j51__A1_A0A0E9MUN5--8j51__B1_A0A0E9MUN5,0.98788426417326,0.5,True
6cz9__A1_Q7WTU0--6cz9__B1_Q7WTT9,0.9524291537879266,0.5,False
8pzo__A1_F9UT68--8pzo__A2_F9UT68,0.9896942277053802,0.5153846153846153,True
3tqg__B1_Q83DG4--3tqg__A1_Q83DG4,0.9570189791167358,0.5,True
7czg__C1_Q8TDY2--7czg__A1_Q8TDY2,0.9594858781994704,0.51,True
7eev__B1_A0A3D9R4E8--7eev__A1_A0A3D9R4E8,0.9730880811927498,0.5,True
8ori__A1_Q2KB35--8ori__B1_Q2KB35,0.8940828875383848,0.5,True
7o6z__A1_A0A7R8L7W4--7o6z__B1_A0A7R8L7W4,0.9831977142592627,0.5,True
8pmr__A1_Q4WL81--8pmr__B1_Q4WL81,0.8892919728339996,0.5,True
7u34__A1_Q4X1J1--7u34__A2_Q4X1J1,0.9702738043848226,0.5,True
3fmy__A1_Q46864--3fmy__A2_Q46864,0.9804651985048995,0.5,True
7f0o__B1_A0A2I1C3W8--7f0o__A1_A0A2I1C3W8,0.9842871877178226,0.5,True
3ojm__B1_P21802--3ojm__A1_P05230,0.8351138925208899,0.5,False
6xgz__A1_P63386--6xgz__B1_P64602,0.9747408226940389,0.5262972524181101,False
7x2y__A1_A0A076PYH9--7x2y__B1_A0A076PYH9,0.993541166077372,0.5,True
8i34__A1_A0AA52HX42--8i34__B1_A0AA52HX50,0.9675742950819671,0.5,False
5i4h__B1_P07711--5i4h__A1_P07711,0.9440533600161094,0.5,True
4e6h__A1_Q6CII8--4e6h__A2_Q6CII8,0.9859701409615759,0.5,True
6x7p__A1_Q8GGP1--6x7p__A2_Q8GGP1,0.979408106648465,0.5,True
3exq__A1_Q03S37--3exq__A2_Q03S37,0.958710033076075,0.5,True
2qvc__A1_Q9WXW9--2qvc__B2_Q9WXW9,0.9947867006654055,0.5,True
6yoa__A1_O82015--6yoa__B1_O82015,0.9507270382111251,0.5,True
7qnm__A1_G0L7V6--7qnm__B1_G0L7V6,0.9921849006876532,0.5,True
3p8v__A1_Q9V228--3p8v__B1_Q9V228,0.9887696422439436,0.5,True
4re1__A1_P28347--4re1__D1_P46937,0.8954011843852087,0.5047619047619047,False
8iw5__A1_Q8C8U0--8iw5__B1_Q8C8U0,0.9044027392847424,0.5442023471649069,True
7sq2__B1_Q01970--7sq2__A1_P21279,0.9583008365382166,0.5,False
3owf__A1_P00644--3owf__A2_P00644,0.9171398037975489,0.5,True
2dpl__A1_O59072--2dpl__B1_O59072,0.9686707890570794,0.5,True
4ap5__A1_Q9Y2G5--4ap5__B1_Q9Y2G5,0.9857032842894142,0.5,True
8evy__A1_Q9LCT6--8evy__A2_Q9LCT6,0.9983476389176442,0.5,True
5npo__A1_P62593--5npo__B1_D3INY1,0.9223176028464614,0.5,False
5uhs__A1_B0SR19--5uhs__B1_B0SR19,0.8353403126990053,0.5,True
5t3v__B1_Q9Y2C4--5t3v__A1_Q9Y2C4,0.9682022426122792,0.5,True
8f2l__A1_P9WJY9--8f2l__B1_P9WJY9,0.9483469062831051,0.5,True
8h1l__B1_A0A7U4E834--8h1l__A1_A0A7U4E834,0.8803060760211237,0.5,True
1nye__A1_P0C0L2--1nye__B1_P0C0L2,0.9412483735092154,0.5,True
2ou6__A1_Q9RVG4--2ou6__A2_Q9RVG4,0.9784366229156348,0.5,True
3k1i__D1_O25709--3k1i__A1_O25448,0.8352954249054044,0.5,False
1vbi__A1_Q53W84--1vbi__A2_Q53W84,0.9770987773182376,0.5,True
2oqb__A1_Q4AE70--2oqb__B1_Q4AE70,0.8965904379676256,0.5,True
8ajy__A1_A0AEF6--8ajy__B1_UNDEFINED,0.9325740147629575,0.5,False
6saz__B1_Q9UGM5--6saz__A1_P07584,0.9168190816370443,0.5,False
8gzy__A1_P0A9A6--8gzy__B1_UNDEFINED,0.9419843948513276,0.5,False
6l9x__A1_F6VRB7--6l9x__A2_F6VRB7,0.9260389165933313,0.5,True
3ica__B1_Q7MXR4--3ica__A1_Q7MXR4,0.9659129085479629,0.5,True
6o15__A1_P39353--6o15__B1_P39353,0.9623790006566266,0.5,True
2ohc__A1_Q9HIY5--2ohc__B1_Q9HIY5,0.9580504256430538,0.5,True
8qfo__A1_A0A840P3H4--8qfo__B1_A0A840P3H4,0.9529356758817795,0.5,True
5zmy__A1_F1LJ99--5zmy__B1_F1LJ99,0.9499470044704293,0.5,True
6tx3__B1_Q9NWY4--6tx3__A1_Q9UGN5,0.9836350002281776,0.5,False
4tx5__A1_Q9NR28--4tx5__B1_Q9NR28,0.9427852516042998,0.5,True
7wnk__B1_A0A1E5TT85--7wnk__A1_A0A1E5TT85,0.9887335018963337,0.5,True
2fn0__B1_Q9X9I8--2fn0__A1_Q9X9I8,0.9993701753522274,0.5,True
5x89__A1_Q8TGZ7--5x89__A2_Q8TGZ7,0.8960947028139006,0.5,True
2j0t__A1_P03956--2j0t__D1_P01033,0.9325727470837073,0.5,False
2i9i__A1_O25234--2i9i__A2_O25234,0.9398695326606159,0.5,True
3rtr__G1_Q13616--3rtr__H1_P62877,0.9479864850153655,0.5,False
8bjd__A1_UNDEFINED--8bjd__A2_UNDEFINED,0.985138743187697,0.5,True
7lq2__A1_A0A023X3Z4--7lq2__B1_A0A023X3Z4,0.9424971642097335,0.5,True
6aht__A1_A1BZ87--6aht__B1_A1BYM8,0.9625995509144101,0.5,False
8tto__A1_UNDEFINED--8tto__B1_UNDEFINED,0.8646345312711368,0.5074626865671642,True
8czp__A1_A0A0D5ZBI4--8czp__B1_A0A0D5ZBI4,0.9593946673497908,0.5,True
4ro3__A1_M1RHE3--4ro3__B1_M1RHE3,0.9764710559796438,0.5,True
1c0n__A1_P77444--1c0n__A2_P77444,0.9659874566605628,0.5,True
7tq0__A1_P00459--7tq0__A2_P00459,0.98817872022034,0.5,True
1o4w__A1_O29664--1o4w__A2_O29664,0.9934185766060386,0.5841047294321511,True
4jzp__A1_P51572--4jzp__B1_P51572,0.9539247013059183,0.5,True
2or2__A1_P08954--2or2__B1_P08954,0.9911531137874039,0.5,True
5xdf__B1_Q5SL04--5xdf__A1_Q5SL04,0.9709126700407764,0.5,True
6kr4__A1_P10586--6kr4__E1_P60469,0.9381833686200696,0.5,False
1itv__A1_P14780--1itv__B1_P14780,0.9852503927815959,0.5,True
8e51__A1_A0A5N5MKD0--8e51__B1_UNDEFINED,0.7785102537911526,0.5,False
2qgi__A1_P05449--2qgi__B1_P05449,0.9536904547689511,0.5,True
1a19__A1_P11540--1a19__B1_P11540,0.9779231286080602,0.5,True
8a9x__A1_P15752--8a9x__C1_P15752,0.9909183363292816,0.5581395348837209,True
3onm__A1_UNDEFINED--3onm__B1_UNDEFINED,0.9475304948685112,0.5,True
7wrs__A1_Q5ZJ86--7wrs__B1_UNDEFINED,0.9044561459843761,0.5,False
8e9e__B1_Q02293--8e9e__A1_Q04631,0.9210923736522292,0.5,False
2h4c__A1_Q7T2R1--2h4c__B1_Q7T3T5,0.9361212800546937,0.5,False
2bdt__A1_Q9K6P2--2bdt__A2_Q9K6P2,0.9883196796884073,0.5,True
5vbn__A1_P56282--5vbn__B1_Q07864,0.9581273647130453,0.5,False
8gt0__A1_Q8I6U4--8gt0__B1_P01040,0.906484870269917,0.5,False
5lrr__A1_P22262--5lrr__B1_P22262,0.983331196133312,0.5,True
4y7i__A1_Q96EF0--4y7i__B1_Q96EF0,0.9950834659747785,0.5,True
1who__A1_P43214--1who__A2_P43214,0.8436531661642341,0.5,True
4g10__A1_Q9WXJ9--4g10__A2_Q9WXJ9,0.9745128742700876,0.5,True
8q4k__A1_O51180--8q4k__B1_O51180,0.9443974754974913,0.502127659574468,True
6hp3__A1_O31927--6hp3__B1_O31927,0.9663855194687444,0.5,True
8hs0__A1_Q9LIR4--8hs0__A2_Q9LIR4,0.978407882124518,0.5,True
6gz1__A1_P10151--6gz1__A2_P10151,0.9857419416235029,0.5050505050505051,True
8pbu__A1_P27708--8pbu__A2_P27708,0.9397885034367319,0.5,True
7zjc__A1_P0DV83--7zjc__A2_P0DV83,0.9492058009045045,0.5064935064935064,True
6ecu__B1_Q8RJY3--6ecu__A1_Q8RJY3,0.9697134578054257,0.5,True
7p0h__A1_O26008--7p0h__C1_O26008,0.9829339558303938,0.5,True
5b3g__B1_Q9SZF7--5b3g__A1_Q9M384,0.9496771910433301,0.5,False
7vzy__B1_Q84G19--7vzy__A1_Q84G19,0.9817804834589806,0.5,True
2q3t__A1_Q9LUJ3--2q3t__A2_Q9LUJ3,0.9336328658262215,0.5,True
8j3t__A1_A0A0G2TMR2--8j3t__B1_A0A0G2TMR2,0.9915303385883358,0.5,True
7pt0__A1_Q9KYU4--7pt0__B1_Q9KYU4,0.9746269644241665,0.5,True
6m09__B1_Q8LDU1--6m09__A1_Q8LDU1,0.9891367717431496,0.5,True
7uxs__B1_J8G6Z1--7uxs__A1_J8G6Z1,0.9588782133564219,0.4998945787101705,True
2q03__A1_Q12ML0--2q03__B1_Q12ML0,0.9302749560183871,0.5,True
6kcp__B1_Q9VAA9--6kcp__A1_Q9VAA9,0.8925172383279673,0.5,True
3zn4__A1_C8CHL4--3zn4__A2_C8CHL4,0.9641580651645029,0.5,True
6sj4__B1_A0A022MQ12--6sj4__A1_A0A022MQ12,0.9758984440575582,0.5,True
5cyy__A1_P9WG63--5cyy__B1_P9WG63,0.9747728432788814,0.5,True
3tj3__A1_P52294--3tj3__B1_Q9UKX7,0.8220425472747497,0.5,False
3i32__A1_Q72GF3--3i32__A2_Q72GF3,0.993534933463147,0.5,True
1jk9__B1_P40202--1jk9__A1_P00445,0.9434623469983366,0.5,False
4z3u__B1_G3G955--4z3u__A1_G3G8X8,0.9556575550547695,0.5,False
4e4w__A1_P38920--4e4w__B1_P14242,0.9446025589094201,0.5,False
5yw5__A1_Q5NII9--5yw5__D1_Q5NII9,0.9719416849144501,0.5104005656812863,True
3ab8__A1_Q5SLE3--3ab8__B1_Q5SLE3,0.944897126365333,0.5,True
3mxt__A1_Q9PIK2--3mxt__A2_Q9PIK2,0.9162846395323663,0.5,True
1wr8__B1_O50129--1wr8__A1_O50129,0.9813323959380631,0.5,True
7war__B1_A0A1B6PFV1--7war__A1_A0A1B6PFV1,0.972368606552074,0.5,True
7fn1__B1_P32357--7fn1__A1_P33334,0.986698086662915,0.5,False
7xl7__A1_A0A2J0R8J6--7xl7__B1_A0A2J0R8J6,0.9025775366627031,0.5,True
8vc5__A1_Q9XCL6--8vc5__B1_Q9XCL6,0.9946147494896234,0.5,True
5jfz__A1_P20605--5jfz__B1_P0ADX5,0.9432401953139059,0.5,False
1gkh__A1_P69543--1gkh__A2_P69543,0.9846055979643765,0.5,True
5g37__B1_P10565--5g37__A1_P06575,0.8913169926021298,0.5,False
2gjx__A1_P06865--2gjx__B1_P07686,0.9609393520602032,0.5,False
3aqb__B1_O66129--3aqb__A1_O66127,0.964792131451053,0.5,False
8q1a__A1_Q16790--8q1a__C2_Q16790,0.8963199146561869,0.5,True
8ezt__D2_UNDEFINED--8ezt__A1_UNDEFINED,0.949027015113201,0.5504563347703159,True
5ez1__B1_P56112--5ez1__A1_P56112,0.9546635645013467,0.5,True
3lwd__A1_Q1QTX1--3lwd__A2_Q1QTX1,0.9940808969692885,0.5060873987870809,True
4wic__A1_Q2FAE9--4wic__B1_Q2FAE9,0.9058304083570142,0.5,True
8dye__A1_P31040--8dye__B1_Q5VUM1,0.9139257446564448,0.5,False
6xnr__A1_UNDEFINED--6xnr__A2_UNDEFINED,0.9243167547768234,0.5,True
2ch6__A1_Q9UJ70--2ch6__D1_Q9UJ70,0.9743884141621226,0.5,True
3gpn__A1_P15873--3gpn__A2_P15873,0.9800769932738574,0.5,True
5y69__A1_A8ATW7--5y69__B1_A8ATW7,0.922375493096647,0.5,True
7th0__A1_P31667--7th0__A2_P31667,0.8354554004195905,0.5,True
2qh0__A1_Q97H22--2qh0__A2_Q97H22,0.9646339002885216,0.5166364021548333,True
7uln__A1_P09514--7uln__B1_P09514,0.9428633964840166,0.5,True
5ubb__A1_Q5VVY1--5ubb__A2_Q5VVY1,0.9936565585525194,0.5,True
5kvs__B1_O54512--5kvs__A1_O54512,0.9761801190083297,0.5,True
3frs__A1_P53990--3frs__A2_P53990,0.8367490735588794,0.5,True
3obv__A1_O08808--3obv__C1_O08808,0.9825312588755353,0.5,True
4wkz__A1_A0AEF5--4wkz__B1_W5IDC3,0.9843191024396417,0.5,False
3kt0__A1_Q12109--3kt0__A2_Q12109,0.9915007825353324,0.5,True
5i90__A1_G3XCY5--5i90__B1_G3XCY5,0.9745009076117115,0.5,True
3bat__B1_P24733--3bat__A1_P24733,0.94769541070693,0.5,True
2ps1__A1_P13298--2ps1__B1_P13298,0.9816874309505651,0.5,True
1fcd__A1_Q06530--1fcd__B1_Q06529,0.9876188823234643,0.5,False
8hy8__A1_A0A085BE66--8hy8__A2_A0A085BE66,0.9801549906921276,0.5,True
8har__A1_Q2L6E4--8har__B1_Q2L6E4,0.9908300185484995,0.5,True
8a60__A1_P06971--8a60__B1_Q38162,0.9295536098200209,0.5,False
4je4__A1_Q06124--4je4__B1_P02751,0.8844328132612145,0.5,False
2a6c__A1_Q82UW4--2a6c__A2_Q82UW4,0.9524228567405753,0.5407884084312791,True
5k9l__B1_A8MW95--5k9l__A1_A8MW95,0.9525528094634558,0.5,True
5mzg__A1_P53368--5mzg__B1_P53368,0.9117603526376931,0.5,True
6lfn__A1_UNDEFINED--6lfn__B1_UNDEFINED,0.8815952828008626,0.5,True
7ucc__B1_P17535--7ucc__A1_P53539,0.944940823227612,0.5,False
8d0x__A1_Q9Y231--8d0x__A2_Q9Y231,0.9340960163676071,0.5,True
6ano__B1_Q9UKL3--6ano__A1_Q9UKL3,0.9636073686318258,0.5,True
6d0a__A1_Q8N5Z0--6d0a__A2_Q8N5Z0,0.9664389843716009,0.5,True
2xga__B1_P35530--2xga__A1_P35530,0.9922569101678184,0.5104166666666666,True
2i3o__A1_Q9HJH4--2i3o__B1_Q9HJH4,0.9867924649776242,0.5,True
1ijx__A1_P97401--1ijx__C1_P97401,0.9179787439613527,0.5,True
6h2u__A1_Q9NRN9--6h2u__B1_Q9UI30,0.9798726195568781,0.5174205212136972,False
8h2v__A1_Q93HT8--8h2v__B1_Q93HT8,0.9803951203451167,0.5,True
1wat__B1_P02941--1wat__A1_P02941,0.9767768475462942,0.5,True
7y9b__A1_A3EXD6--7y9b__B1_A3EXD6,0.9080889848540203,0.5,True
7yuj__B1_Q9BYM8--7yuj__A1_Q9BYM8,0.8210013523461095,0.5,True
8c5k__A1_P87252--8c5k__A2_P87252,0.9323630830921927,0.5,True
2spc__A1_P13395--2spc__B1_P13395,0.9046441762501383,0.5,True
6q2e__A1_A5UMY5--6q2e__B1_A5UMY5,0.9640365020984188,0.5,True
4p8i__A1_P40746--4p8i__B1_P40746,0.9549469759168034,0.5,True
8gp6__B1_P16710--8gp6__A1_P07611,0.9064331555141975,0.5,False
8a82__A1_K7WEY7--8a82__B1_K7XCU4,0.9786000328245528,0.5,False
3a4l__B1_Q58933--3a4l__A1_Q58933,0.9875570332908121,0.5072463768115942,True
1z52__A1_P09167--1z52__B1_P09167,0.8926062458908612,0.5,True
6c0g__A1_A0A3F2YLX1--6c0g__B2_A0A3F2YLX1,0.89425829281613,0.5,True
8owi__A1_Q02224--8owi__B1_Q02224,0.8766010362694301,0.5,True
1k3r__B1_O26109--1k3r__A1_O26109,0.9869407662140928,0.524390243902439,True
7fga__A1_Q8DIJ4--7fga__B2_Q8DIJ4,0.9802809755841947,0.5,True
5akq__A1_O52063--5akq__B1_O52063,0.9891516140672236,0.5,True
7y86__B1_A0A0K2E3A3--7y86__A1_A0A0K2E3A3,0.9797185514586628,0.5196686760455748,True
8d1u__A1_P0A6R0--8d1u__A2_P0A6R0,0.9899837929389119,0.5,True
1vqw__A1_Q9HFE4--1vqw__B1_Q9HFE4,0.981754227298474,0.5,True
7rzb__A1_A0A229LVN5--7rzb__A2_A0A229LVN5,0.978927029588291,0.5,True
6qta__A1_G0SHE6--6qta__B1_G0SC29,0.9535635922703827,0.5,False
7toc__A1_A0A2H0ZMH9--7toc__B1_A0A2H0ZMH9,0.9195534012292228,0.5,True
7ula__B1_Q88ND0--7ula__A1_Q88NC7,0.9866583521165071,0.5,False
8bes__A1_A0A856TAI5--8bes__B1_A0A856TAI5,0.9705389180251801,0.5,True
7wjt__B1_Q8BZB3--7wjt__A1_Q8BZB3,0.898065558338321,0.5,True
6j9n__A1_X5EPV9--6j9n__B1_A0A425B395,0.822903660255203,0.5,False
1kll__A1_O05205--1kll__A2_O05205,0.9871616323621135,0.5275539071549497,True
8uel__A1_UNDEFINED--8uel__B1_UNDEFINED,0.98899472851145,0.5,True
7xky__A1_Q58690--7xky__B1_Q58034,0.9819913495384206,0.5059523809523809,False
4p04__A1_A0A0D6H805--4p04__B1_A0A0D6H805,0.9404253872355627,0.5,True
1txz__A1_Q04299--1txz__A2_Q04299,0.9856750867964265,0.5,True
4af5__A1_Q8NQ97--4af5__A2_Q8NQ97,0.940920246657544,0.5142857142857142,True
8af9__A1_Q2YPZ9--8af9__H1_Q2YPZ9,0.9872401835139035,0.5,True
8gm9__D1_P9WPD3--8gm9__A1_P9WPD3,0.9664406650199165,0.5,True
7wsx__A1_D9PYV4--7wsx__B1_D9PYV4,0.98990455692585,0.5,True
4g86__A1_Q79PF6--4g86__B1_Q79PF6,0.9457231304887425,0.5,True
3bq3__A1_Q12395--3bq3__A2_Q12395,0.9358132916930761,0.5,True
7eva__A1_P31490--7eva__A2_P31490,0.9648916357613638,0.5060608151830029,True
8r7d__B1_G5EI71--8r7d__A1_Q8LJL3,0.8810864534623022,0.5,False
7pwy__A1_Q8TDX5--7pwy__B1_Q8TDX5,0.9919810293906425,0.5,True
3ut4__A1_A3DJ21--3ut4__B1_A3DJ21,0.9831816648064994,0.5,True
8eei__B1_A0A807MR40--8eei__A1_A0A807MR40,0.9945701465894565,0.5,True
8bp5__B1_A0A369SI82--8bp5__A1_A0A369SI82,0.985834919797184,0.5,True
3l34__B1_Q9HT87--3l34__A1_Q9HT87,0.9480649148087582,0.5033912624946092,True
8god__A1_Q9UM07--8god__A2_Q9UM07,0.9763036996629858,0.5,True
1h9g__A1_P0A8V6--1h9g__A2_P0A8V6,0.9880292318286286,0.5,True
7qg6__D1_Q9HAU5--7qg6__C1_Q9H1J1,0.8716486094552289,0.5,False
8sz3__B2_Q9NY97--8sz3__A1_Q9NY97,0.9724873029899881,0.5,True
5a10__A1_G1FNI6--5a10__A2_G1FNI6,0.9601337498947426,0.5,True
7qoc__A1_Q8NQV9--7qoc__B1_Q8NQV9,0.9859013354630343,0.5,True
8a90__B1_A0A7S9SWM2--8a90__A1_A0A7S9SWM2,0.9732317956771502,0.5,True
3iaa__A1_Q8KNE0--3iaa__B1_Q8KNE0,0.939810361374082,0.5,True
3n50__B1_Q9H4W6--3n50__A1_Q9H4W6,0.9446969315050077,0.5,True
2qg3__A1_O28220--2qg3__A2_O28220,0.9628327263173153,0.5,True
7ysk__A1_Q6D6Z8--7ysk__B1_Q6D6Z8,0.9899177871413603,0.5,True
7spz__A1_A8B3G9--7spz__A2_A8B3G9,0.9834988992062468,0.5,True
4q2e__B1_Q9X1B7--4q2e__A1_Q9X1B7,0.9152294891807129,0.5,True
8cff__A1_Q7SIF4--8cff__B1_Q7SIF3,0.9664960964014844,0.5,False
7uqo__A1_UNDEFINED--7uqo__A2_UNDEFINED,0.862881927178297,0.5,True
5d4v__C1_Q57913--5d4v__A1_Q57913,0.9617732599211105,0.5,True
2p23__A1_O95750--2p23__B1_O95750,0.8474348225876244,0.5,True
7u55__A1_A0A151EDA9--7u55__A2_A0A151EDA9,0.9312155083528038,0.5,True
1rkw__A1_P0A0N4--1rkw__C1_P0A0N4,0.9873751924098528,0.5305687641164646,True
1ps6__A1_P19624--1ps6__B1_P19624,0.9645597189995415,0.5,True
2y21__L1_O28769--2y21__K1_O28769,0.9812417902796912,0.6510989010989011,True
2z5i__A1_P58772--2z5i__B1_P58772,0.9416535470635943,0.5069444444444444,True
5l7u__B1_A6L2E5--5l7u__A1_A6L2E5,0.9826550372092203,0.5,True
3egq__A1_O28458--3egq__B1_O28458,0.98420384351407,0.5,True
7r3a__A1_Q6LYR8--7r3a__E1_Q6LYR8,0.9855411741533766,0.5,True
7yq0__A1_A0A101DF63--7yq0__B1_A0A101DF63,0.989230201779589,0.5079365079365079,True
3wsc__A1_Q25C86--3wsc__B1_Q25C86,0.833368739728068,0.5,True
4pib__B1_Q2SVW5--4pib__A1_Q2SVW5,0.958658263006089,0.5,True
7vmx__B1_P9WNN1--7vmx__A1_P9WNM1,0.9716992982241921,0.5,False
1ykd__A1_P94182--1ykd__B1_P94182,0.9728805441060956,0.5,True
4ux7__A1_Q183F3--4ux7__B1_Q183F3,0.9629395035529883,0.5,True
3k3d__A1_P9WLZ7--3k3d__A2_P9WLZ7,0.963650144657246,0.5,True
1sj5__A1_Q9WY07--1sj5__B1_Q9WY07,0.9836512673339404,0.5128205128205128,True
4c12__A1_Q2FZP6--4c12__A2_Q2FZP6,0.9702189233999204,0.5,True
3k9m__A1_P07858--3k9m__B1_P01040,0.936377334314121,0.5,False
1ccd__A1_P17559--1ccd__A2_P17559,0.9513070522599807,0.5052906689660763,True
8xiz__A1_T2B4K5--8xiz__B1_T2B4K5,0.9804641233857941,0.5,True
7wz6__A1_P15806--7wz6__B1_P10085,0.969419144701128,0.5338983050847458,False
2i00__A1_Q831Y9--2i00__B1_Q831Y9,0.9784186997253221,0.5,True
5ffi__A2_Q44501--5ffi__B1_Q44501,0.9337889315057009,0.5,True
3cnk__A1_P21333--3cnk__B1_P21333,0.9787854457151809,0.5076923076923077,True
8gt9__A1_A8MW95--8gt9__B1_A8MW95,0.9569958805223581,0.5,True
4l2w__B1_Q13464--4l2w__A1_Q13464,0.9332771862783302,0.5,True
3d0j__A1_Q97DI0--3d0j__A2_Q97DI0,0.9279083605923665,0.5,True
7qaj__F1_UNDEFINED--7qaj__A1_Q8JIV8,0.9320828095288521,0.5,False
4ct0__A1_P97784--4ct0__B1_O54943,0.9157099198416451,0.5,False
3av0__A1_Q58719--3av0__B1_Q58718,0.9650125451545004,0.5,False
8bln__A1_C9QZ65--8bln__H1_C9QZ65,0.9770767783617582,0.5,True
2riq__A1_P09874--2riq__A2_P09874,0.8758394775119813,0.5,True
8hd5__A1_Q99U17--8hd5__B1_Q99U17,0.9517409756311185,0.5155594969364721,True
6xrb__A1_A0A0H3NHS6--6xrb__B1_A0A0H3NHS6,0.9497255849418699,0.5111111111111111,True
8a1g__A1_Q13596--8a1g__C1_Q9Y5X3,0.9574435528442797,0.5,False
8tn3__A1_Q643B9--8tn3__B1_Q643B9,0.9753382306019386,0.5,True
5ghs__A1_Q5JGL0--5ghs__C1_Q5JF31,0.9296097977005091,0.5,False
5umw__A1_A0A125SA26--5umw__F1_A0A125SA26,0.9553116166896224,0.5,True
7x7j__A1_UNDEFINED--7x7j__B1_UNDEFINED,0.9866348412130981,0.5,True
7zcv__B1_A0A0E7KI02--7zcv__A1_A0A0E7KI02,0.9138515361934461,0.5,True
6scq__A1_Q8NNN6--6scq__A2_Q8NNN6,0.9380795977451862,0.5,True
4ml9__A1_D1AMR0--4ml9__B1_D1AMR0,0.9517940905069819,0.5,True
7yfu__A1_Q8CG73--7yfu__B1_Q8CG73,0.9694899600312107,0.5,True
2yn3__C1_Q8ZKG6--2yn3__A1_Q8ZKG6,0.8201626424111208,0.5,True
3ix1__A1_Q9K9G5--3ix1__B1_Q9K9G5,0.9671174236924756,0.5,True
7khs__A1_Q2CEE3--7khs__B1_Q2CEE3,0.9821877072021618,0.5,True
8k5l__A1_A0A829KK40--8k5l__B1_A0A829KK40,0.9904168381620468,0.5237594173332617,True
2g0t__B1_Q9WZQ3--2g0t__A1_Q9WZQ3,0.9820371771475456,0.5,True
3lr3__A1_Q63T74--3lr3__A2_Q63T74,0.9887500145752661,0.5204318730860026,True
4pxq__A1_F1QR43--4pxq__B1_F1QR43,0.9751092578943104,0.5,True
4z5y__A1_Q88QV5--4z5y__A2_Q88QV5,0.9825166254303277,0.5,True
7zhf__A1_A0A0U2WWJ1--7zhf__A2_A0A0U2WWJ1,0.9600720107218598,0.5,True
6h86__A1_B5KM66--6h86__B1_B5KM66,0.887961153550068,0.5,True
7saf__B1_Q6TLP8--7saf__A1_Q6TLP8,0.9611309738577098,0.5,True
7zj1__B1_P55265--7zj1__A1_P55265,0.929933265137123,0.5,True
4g9k__A1_P32340--4g9k__B1_P32340,0.9855865907398851,0.5,True
8b35__A1_Q96562--8b35__B1_Q96562,0.9843441431179121,0.5,True
2rdz__A1_P0ABK9--2rdz__B1_P0ABK9,0.9722149349547075,0.5,True
6bzf__B1_P53061--6bzf__A1_P17122,0.9541750351401277,0.5,False
5ydd__B1_P9WME7--5ydd__A1_P9WME7,0.9551579215716762,0.4992343032159265,True
4czd__B1_B8J3A4--4czd__A1_B8J364,0.935575719919088,0.5,False
3ft7__B1_Q54323--3ft7__A1_Q54323,0.9154409072701352,0.5320757723899401,True
4pz1__A1_Q99XU0--4pz1__A2_Q99XU0,0.9130533511219636,0.5,True
2w1t__A1_P37554--2w1t__B1_P37554,0.9883071181954981,0.5,True
7qz5__A1_A2RI36--7qz5__B1_A2RI36,0.9755016387819658,0.4999547429398986,True
5h31__A1_Q14790--5h31__B1_Q14790,0.9730593820240439,0.5,True
8p33__A1_O51254--8p33__A2_O51254,0.9711812296512287,0.5,True
8orv__A1_A0A7H0DNF0--8orv__A2_A0A7H0DNF0,0.960772674564306,0.5,True
8oru__A1_O93732--8oru__B1_O93732,0.9848320437417425,0.5,True
8slg__B1_G7CIG9--8slg__A1_G7CIG9,0.958886861596117,0.5,True
3l2e__B1_Q6AW42--3l2e__A1_Q6AW43,0.9170429160602485,0.5,False
3b0a__A1_P0CG48--3b0a__B1_Q9WUB0,0.8732442121459674,0.5,False
6etz__A1_A0A023UGN9--6etz__A2_A0A023UGN9,0.9133714693231482,0.5,True
7sfz__B1_Q9NYP9--7sfz__A1_Q9NYP9,0.9664551359947192,0.4999453492184938,True
8vdw__B1_T0TAB9--8vdw__A1_T0TAB9,0.9949960233788333,0.5,True
8ri0__A1_E4THH1--8ri0__B1_E4THH1,0.9641323396724043,0.5,True
5z2i__B1_Q54LT0--5z2i__A1_Q54LT0,0.8912550694469369,0.49993898718730934,True
4miv__A1_P51688--4miv__B1_P51688,0.964832732532984,0.5,True
3vh1__A1_P38862--3vh1__A2_P38862,0.9798487216286049,0.5,True
7z98__A1_E6V140--7z98__A2_E6V140,0.9884233593251985,0.5,True
2ond__A1_Q99LI7--2ond__B1_Q99LI7,0.961862656258391,0.5,True
7vt9__A1_P21517--7vt9__B1_P21517,0.9078697415942779,0.5,True
1gju__A1_O33838--1gju__A2_O33838,0.9746792186984834,0.5,True
6hta__A1_A0A3F2YM29--6hta__B1_A0A3F2YM29,0.9370534494202163,0.5,True
3h7h__A1_P63272--3h7h__B1_O00267,0.9559854513478826,0.5820733564791667,False
1dek__A1_P04531--1dek__B1_P04531,0.9822108451041647,0.5,True
4z39__A1_A0A0S2E5N6--4z39__B1_A0A0S2E5N6,0.9339098294677146,0.5,True
5ca9__A1_Q9C0L9--5ca9__A2_Q9C0L9,0.9423348877482627,0.5,True
2zvx__A1_P00974--2zvx__B1_P00974,0.6733206040617948,0.5,True
6x0a__A1_F7Y4W0--6x0a__S1_F7YBW8,0.8527957800334611,0.5,False
7spq__A1_C5AMM8--7spq__A2_C5AMM8,0.9773567438759712,0.5,True
7spn__A1_A0A7C2VFT1--7spn__B1_A0A7C2VFT1,0.9903589736326995,0.5,True
1tv8__A1_P65388--1tv8__B1_P65388,0.872436292767572,0.5,True
3mkr__B1_Q27954--3mkr__A1_Q28104,0.9787974025119353,0.5,False
7tdq__A1_Q2HR80--7tdq__B1_Q2HR80,0.8563932415100652,0.5,True
7xoi__A1_A0A5N6DPG0--7xoi__B1_A0A5N6EXS6,0.9560641920772852,0.5,False
8h62__A1_P0DJM0--8h62__B1_P12830,0.8919050317823822,0.5,False
7dyc__A1_UNDEFINED--7dyc__A2_UNDEFINED,0.8220169142752036,0.49968769519050593,True
8bbt__A1_A0A0B4VFQ3--8bbt__A2_A0A0B4VFQ3,0.9488124890904708,0.5,True
3t2l__A1_Q5LE95--3t2l__A2_Q5LE95,0.9777702232936948,0.5,True
3uet__A1_B7GNN8--3uet__B1_B7GNN8,0.9595258954660779,0.5,True
8fdb__B1_Q12KP2--8fdb__A1_Q12KP2,0.9766428335557447,0.5,True
6ok3__A1_C3X9N1--6ok3__B1_C3X9N1,0.7480941991786447,0.5,True
8hp3__A1_A0A2K0XCZ3--8hp3__B1_A0A2K0XCZ3,0.9684465624417196,0.5026315789473684,True
7xkg__A1_A7NHS9--7xkg__B1_A7NHS9,0.943686904715879,0.5,True
1l7e__A1_Q2RSB2--1l7e__B1_Q2RSB2,0.9796149264109288,0.5,True
8gst__A1_Q1NEI7--8gst__B1_Q1NEI7,0.9845718364735182,0.5,True
7cq3__A1_P38324--7cq3__B1_Q12098,0.979999744178643,0.5,False
5htf__A1_Q8Y759--5htf__B1_Q8Y759,0.9817483895637851,0.5,True
6c90__A1_P42285--6c90__B1_Q6NZY4,0.9573631453002305,0.5,False
6e1j__A1_C5J4P1--6e1j__B1_C5J4P1,0.9530402043998052,0.5,True
3ccd__A1_P0AA04--3ccd__B1_P0AA04,0.8952875952875952,0.5,True
3dzl__B1_Q396C9--3dzl__A1_Q396C9,0.9282646549859399,0.5,True
4ir7__A1_UNDEFINED--4ir7__A2_UNDEFINED,0.9755932916971858,0.5,True
7nlj__B1_UNDEFINED--7nlj__A1_K3YAU1,0.8146459609631003,0.5,False
2y1h__B1_Q17R31--2y1h__A1_Q17R31,0.9164806079987824,0.5,True
7unj__A1_UNDEFINED--7unj__B1_UNDEFINED,0.989694621470362,0.5,True
7lfs__A1_P00533--7lfs__E1_O14944,0.9286104658121321,0.5,False
6jiw__A1_A0A0H3JU78--6jiw__A2_A0A0H3JU78,0.8717463639861485,0.5,True
8ees__A1_A0A0H3GMB7--8ees__B1_A0A0H3GMB7,0.9899907732179245,0.5,True
3nb6__A1_O66874--3nb6__A2_O66874,0.9483108387254859,0.5,True
5f8c__A1_O53532--5f8c__A2_O53532,0.9813110282865879,0.5,True
5yet__A1_Q5UQV1--5yet__B1_Q5UQV1,0.9865530699747389,0.5,True
8jt3__A1_H8Y6N2--8jt3__C1_H8Y6N2,0.9568427055640936,0.5,True
1ije__A1_P02994--1ije__B1_P32471,0.9457323900651465,0.5,False
6on4__A1_P0A8W0--6on4__B1_P0A8W0,0.9637236075763337,0.5,True
4zvc__A1_P0AA89--4zvc__B1_P0AA89,0.9763036018065824,0.5,True
4qoa__A1_A7VAB9--4qoa__A2_A7VAB9,0.9685931121330394,0.5,True
6wmv__A1_U5WZP7--6wmv__B1_U5WZP7,0.9821582437222822,0.5,True
3e3c__A1_Q7DB61--3e3c__B1_Q7DB61,0.9664108423585481,0.5,True
7zc8__B1_UNDEFINED--7zc8__A1_UNDEFINED,0.9431202600216684,0.5,True
6ekk__A1_Q8TEH3--6ekk__C1_Q15286,0.9445526663119888,0.5,False
8a9w__A1_P15751--8a9w__A2_P15751,0.9937510882392773,0.6212637118148929,True
2gj9__A1_P25522--2gj9__B1_P25522,0.9398497098038795,0.5,True
3cm7__C1_P98170--3cm7__D1_P98170,0.9961210122020129,0.5,True
8f5v__A1_O53728--8f5v__B1_O53728,0.9643538382120219,0.5,True
1ecj__A1_P0AG16--1ecj__B1_P0AG16,0.95065504315607,0.5,True
3s5r__A1_Q2LS68--3s5r__B1_Q2LS68,0.9572547949477623,0.5,True
3im3__A1_P00514--3im3__A2_P00514,0.9219102831335765,0.5057538648601703,True
4mcj__B1_A6L9R1--4mcj__A1_A6L9R1,0.9891630445301881,0.5072221824827449,True
7vw1__B1_V5J1S8--7vw1__A1_V5J1S8,0.9525624997421202,0.4998700285937094,True
3p12__A1_Q2G1A5--3p12__D1_Q2G1A5,0.965415426437777,0.5,True
8aq0__A1_Q6DTN4--8aq0__B1_Q6DTN4,0.9762366784119899,0.5,True
3wpm__A1_G2IKE5--3wpm__B1_G2IKE5,0.9547682619003846,0.5,True
7xof__B1_Q0DFB6--7xof__A1_Q0DFB6,0.977065796598244,0.5,True
8a8f__A1_P32598--8a8f__B1_P42073,0.8039225409011228,0.5,False
5un7__A1_Q9NUX5--5un7__B1_Q96AP0,0.9393540290591582,0.5,False
8juk__A1_V5VGC6--8juk__B1_V5VGC6,0.9897975969362881,0.5,True
8snp__A1_O09118--8snp__A2_O09118,0.9711991993907715,0.5,True
8ic6__A1_UNDEFINED--8ic6__B1_UNDEFINED,0.9821621437380423,0.5,True
6wjc__A1_P11229--6wjc__B1_Q8QGR0,0.9383287105019851,0.5,False
8ard__A1_Q64331--8ard__A2_Q64331,0.9206650636646811,0.5,True
3mqi__A1_Q9UH73--3mqi__B1_Q9UH73,0.9499298617274055,0.5,True
3q01__A1_P04637--3q01__B1_P04637,0.9741537397787399,0.5,True
7ylq__A1_Q93CA6--7ylq__B1_Q93CA6,0.9538535988320841,0.5,True
2yvo__A1_Q5SJY9--2yvo__A2_Q5SJY9,0.9480863542140655,0.5,True
5vpa__B1_P17535--5vpa__A1_P53539,0.9373752232846485,0.5,False
3v78__B1_P95092--3v78__A1_P95092,0.9819020546776747,0.5390639360890374,True
7pzh__A1_A0A174J845--7pzh__B1_A0A174J845,0.9596504816422342,0.5,True
3m0f__A1_Q4KDJ6--3m0f__B1_Q4KDJ6,0.969612087259146,0.5,True
1y4h__A1_P0C1S6--1y4h__C1_Q9EYW6,0.9370300860760667,0.5,False
2o4c__A1_Q9I3W9--2o4c__B1_Q9I3W9,0.9959617510058871,0.5,True
1ynh__A1_P76216--1ynh__D1_P76216,0.9960941520664363,0.5,True
8ohx__A1_U4Q148--8ohx__B1_U4Q148,0.9559681063688037,0.5,True
3a6m__A1_Q56236--3a6m__B1_Q56236,0.9458262295614335,0.5,True
4bvp__A1_Q5ZUA2--4bvp__B1_Q5ZUA2,0.9605960401154909,0.5,True
7oc6__A1_A0A2U8U2L5--7oc6__A2_A0A2U8U2L5,0.9820275167326349,0.5,True
6qpq__A1_G0SGH3--6qpq__B1_Q12158,0.99019696924186,0.5,False
3ct6__A1_Q9CIV6--3ct6__B1_Q9CIV6,0.9678279746473922,0.544941012346764,True
1qae__A1_P13717--1qae__B1_P13717,0.9590772516337596,0.5,True
3q5w__B1_P38937--3q5w__A1_P38937,0.9459424673056664,0.5,True
8gol__B1_G9I933--8gol__A1_G9I933,0.9650727239864321,0.5,True
7epj__A1_P62554--7epj__A2_P62554,0.9838565853176564,0.53125,True
1ag9__A1_P61949--1ag9__B1_P61949,0.997210612150324,0.5,True
3gwh__B1_O31691--3gwh__A1_O31691,0.9257259809842857,0.5029940119760479,True
5gw1__A1_P57768--5gw1__B1_P57768,0.960579425057952,0.5,True
3l2o__B1_Q9UKT5--3l2o__A1_P63208,0.973608616474072,0.5268817204301075,False
7y3u__A1_A0A8B9XNB5--7y3u__B1_A0A8B9XNB5,0.9677272173426547,0.5,True
3wrf__A1_E8MGH8--3wrf__A2_E8MGH8,0.9803976520046392,0.5,True
7yyl__A1_Q3AET9--7yyl__B1_Q3AET9,0.9278450274238401,0.5,True
8syb__B1_Q72KY0--8syb__A1_Q72KY0,0.9961195977156324,0.5,True
8qc3__A1_A0A1C9WRL0--8qc3__B1_A0A1C9WRL0,0.9917080901269152,0.5,True
3wtf__B1_Q9BUH6--3wtf__A1_Q9BUH6,0.979199892882647,0.5187202451797192,True
2x0e__B1_Q7BG50--2x0e__A1_Q7BG50,0.9467450787497549,0.5,True
1ojh__A1_Q8YNP7--1ojh__B1_Q8YNP7,0.7789763440860215,0.5,True
3eyy__A1_Q9K4F8--3eyy__B1_Q9K4F8,0.9790175634803976,0.5304985503950884,True
8bwv__D2_A0A482M8M0--8bwv__A1_A0A482M8M0,0.7514483513742013,0.5,True
7cm9__A1_A0A7V8UZ53--7cm9__B1_A0A7V8UZ53,0.9355589643600992,0.5,True
4nc8__A1_P12464--4nc8__A2_P12464,0.9669377251129849,0.5040322580645161,True
1zhh__A1_P54300--1zhh__B1_P54302,0.9483547385209435,0.5,False
8c0u__A1_Q9I5Q5--8c0u__B1_Q9I5Q5,0.9543143038221196,0.5,True
2fbq__A1_Q9HZJ9--2fbq__A2_Q9HZJ9,0.9774908544285369,0.5,True
7fch__A1_O95256--7fch__C2_O95256,0.9677597315240267,0.5,True
8c7t__B1_A0A1B4XP18--8c7t__A1_A0A1B4XP18,0.9601352648510163,0.5,True
4iwn__A1_P76290--4iwn__B1_P76290,0.9897632878968072,0.5,True
1sc1__A1_P29466--1sc1__B1_P29466,0.9058413296668781,0.5092823704615332,True
5amt__A1_A0Q7H2--5amt__A2_A0Q7H2,0.9887952320892474,0.5,True
4ueb__C1_P48598--4ueb__D1_UNDEFINED,0.8518439647989562,0.5,False
7qfz__B1_B7L3Y3--7qfz__A1_B7L3Y3,0.9544822457641178,0.5,True
3hml__A1_A6T9H1--3hml__B1_A6T9H1,0.9707536460141674,0.5,True
1xk6__A1_P31572--1xk6__C1_P31572,0.9463451930060954,0.5,True
7r3s__A1_A0A4R2M5S2--7r3s__B1_A0A4R2M5S2,0.925234040707391,0.5,True
2grx__A1_P06971--2grx__C1_P02929,0.9294064822109498,0.5,False
7vsf__A1_P25440--7vsf__B1_P25440,0.8975045811508677,0.5,True
3q34__A1_Q48EL2--3q34__C1_Q48EL2,0.9674825852672022,0.5,True
4r2k__A1_Q8ZP84--4r2k__A2_Q8ZP84,0.9648285435097872,0.5,True
3cgw__A1_Q8PVT6--3cgw__A2_Q8PVT6,0.9925940275899757,0.5,True
7r2f__A1_P21836--7r2f__B1_P21836,0.9972278024860469,0.5,True
4g19__A1_I6ZUH3--4g19__B1_I6ZUH3,0.9941355328843586,0.5,True
3dg8__C1_P13922--3dg8__A1_P13922,0.9064344801980961,0.5,True
6m10__A1_Q9HUW0--6m10__C1_Q9HUW0,0.9648801811460718,0.5,True
8tt2__B1_Q4K977--8tt2__A1_Q4K977,0.9599930375340212,0.5,True
1h31__A1_Q939U1--1h31__B1_Q939U4,0.9523191329891713,0.5,False
5iib__A1_P04552--5iib__B1_Q8WR62,0.9576350612306175,0.5,False
6a5g__A1_UNDEFINED--6a5g__C1_UNDEFINED,0.9710378451609514,0.5410513012996199,True
7p7i__B1_R8APY9--7p7i__A1_R8APY9,0.9870360670705678,0.5,True
3hzu__A1_P9WHF7--3hzu__A2_P9WHF7,0.9823794668012772,0.5,True
5dob__A1_P16794--5dob__B1_P16791,0.9549991713079529,0.5,False
7xgs__A1_Q9FVC1--7xgs__A2_Q9FVC1,0.8560838788609013,0.5,True
6iju__A1_Q9KJN4--6iju__A2_Q9KJN4,0.9872641762246758,0.5184820184371315,True
4kqd__B1_P06626--4kqd__A1_P06626,0.9509483853141056,0.5,True
2fu3__B1_Q03555--2fu3__A1_Q03555,0.8945551180102729,0.5,True
1jgt__B1_P0DJQ7--1jgt__A1_P0DJQ7,0.9806473410146177,0.5,True
6l4b__A1_Q9UGV2--6l4b__C2_Q9UGV2,0.9758481964994113,0.5,True
3lzk__A1_Q92LT4--3lzk__B1_Q92LT4,0.945188154467195,0.5,True
1ht8__A1_P05979--1ht8__B1_P05979,0.94085223857654,0.5,True
1z8h__A1_Q8YWS4--1z8h__B1_Q8YWS4,0.9710626121669839,0.5,True
8gk6__A1_W6USS8--8gk6__E1_W6USS8,0.9844681745957566,0.5095850079446678,True
4mjf__A1_A6L2I4--4mjf__A2_A6L2I4,0.9844990411695325,0.5,True
7m4s__A1_Q8YLC3--7m4s__D1_Q8YLC3,0.9659552172864858,0.5,True
6fju__A1_E6N8B9--6fju__B1_E6N8B9,0.9838773544520548,0.49995060590094836,True
6lgq__A1_P21865--6lgq__B1_P21866,0.886465487504213,0.5,False
2y27__B1_B4E7B5--2y27__A1_B4E7B5,0.9891124855420275,0.5,True
2tdx__A1_P0DJL7--2tdx__A2_P0DJL7,0.9935056083502103,0.5,True
8aim__C1_Q6GJ88--8aim__A1_A0A141HSF0,0.8964153394358152,0.5,False
8fj8__A1_P02638--8fj8__A2_P02638,0.9557313943541488,0.5,True
3uv0__B1_Q9W061--3uv0__A1_Q9W061,0.9841838117086036,0.5086206896551724,True
8alo__B1_P24003--8alo__A1_P15795,0.972370250231696,0.5,False
2zb6__A1_P08362--2zb6__A2_P08362,0.9805964878955038,0.5,True
6xa0__A1_D1A230--6xa0__B1_D1A230,0.9395433558127865,0.5,True
1zbo__B1_Q7WAM7--1zbo__A1_Q7WAM7,0.9231328718642656,0.5,True
6xb5__A1_A0A7E5VPD6--6xb5__B1_A0A7E5VPD6,0.980960563612966,0.5,True
8duy__D1_A0A0H3GVN6--8duy__A1_A0A0H3GVN6,0.9859706977053916,0.5,True
7th5__A1_Q5SLG6--7th5__B1_Q5SLG6,0.9092237662729117,0.5,True
3uws__B1_A7A9N3--3uws__A1_A7A9N3,0.9764972769432462,0.5151133981322661,True
4u04__B1_Q9BVA6--4u04__A1_Q9BVA6,0.9840164144261323,0.5,True
2kin__A1_P56536--2kin__B1_Q6QLM7,0.9248410971986416,0.501977221279004,False
3ulc__A1_Q08236--3ulc__A2_Q08236,0.9510251524390243,0.5,True
8b2a__A1_Q2YWJ9--8b2a__A2_Q2YWJ9,0.9948425782191788,0.5,True
8qff__A1_K9TLZ5--8qff__A2_K9TLZ5,0.9787261474579784,0.5,True
6w9q__A1_P0DTD1--6w9q__A2_P0DTD1,0.9832547804774009,0.5,True
8c8c__A1_P48426--8c8c__A2_P48426,0.9876235429384044,0.5066666666666667,True
8iup__B1_A9A1Y1--8iup__A1_A9A1Y1,0.9779988369229327,0.5,True
3o7o__A1_Q9S5X8--3o7o__B1_Q9S5X8,0.9753538741812819,0.5,True
4bg8__A1_Q8TX37--4bg8__B1_Q8TX37,0.9883500947877172,0.5,True
7qxo__A1_G8UIQ1--7qxo__B1_G8UIQ1,0.9418991326385064,0.5,True
4xiz__A1_Q05776--4xiz__D1_O60200,0.9242196536632984,0.5,False
2x3l__B1_UNDEFINED--2x3l__A1_UNDEFINED,0.9741289243244058,0.5,True
7pwe__A1_Q6AL91--7pwe__B1_Q6AL91,0.9061708791748998,0.5,True
6uxu__A1_E2JB04--6uxu__B1_E2JB04,0.8912670032150967,0.5,True
3bid__A1_Q7DDI1--3bid__B1_Q7DDI1,0.9072481505755574,0.5,True
4f7w__A1_B5XYG3--4f7w__B1_B5XYG3,0.9595335898307776,0.5,True
2rae__A1_Q0S3N9--2rae__A2_Q0S3N9,0.9889996280440803,0.5046296296296297,True
7ads__A1_A0A0R8HV90--7ads__A2_A0A0R8HV90,0.9344143356997493,0.5,True
7yn1__A1_E9JES9--7yn1__C1_E9JES9,0.9444749689522001,0.5,True
3t7y__A1_O84093--3t7y__B1_O84093,0.8534280668780272,0.5,True
8hhj__B1_UNDEFINED--8hhj__A1_A0A0Y5KAW3,0.8170574638020718,0.5,False
7u6p__A1_P11926--7u6p__B1_P11926,0.942204691226846,0.5,True
4mis__A1_Q57ES7--4mis__B1_Q57ES7,0.9803466155266709,0.5411872292066198,True
2blf__A1_Q9LA16--2blf__B1_Q9LA15,0.9491656317222888,0.5,False
3ke3__A1_Q4FVA8--3ke3__A2_Q4FVA8,0.9781079659351284,0.5,True
7ywc__A1_Q9L0T8--7ywc__B1_Q9L0T8,0.9799411289236861,0.5,True
4wwr__B1_P46379--4wwr__A1_P11441,0.9241311647853705,0.5295495003438928,False
7r0d__B1_Q9NV35--7r0d__A1_Q9NV35,0.9869843843770616,0.5119047619047619,True
8w6x__A1_P21852--8w6x__B1_P21853,0.9675827318645897,0.5,False
8hdv__A1_UNDEFINED--8hdv__B1_UNDEFINED,0.8529501972877085,0.5,True
3fmf__A1_P9WPQ5--3fmf__B1_P9WPQ5,0.931340293677617,0.5,True
2xrm__A1_D0AB41--2xrm__A2_D0AB41,0.956466369079738,0.5,True
4xj7__A1_P66881--4xj7__B1_P66881,0.9642559122990555,0.5,True
7yrt__E1_H9L4P6--7yrt__A1_H9L4P6,0.9206845568163301,0.5,True
7tye__A1_P0A7J0--7tye__A2_P0A7J0,0.9696637076970035,0.5,True
2zvd__B1_Q9RBY1--2zvd__A1_Q9RBY1,0.998542048061239,0.5,True
3mtw__A1_Q9A4Z9--3mtw__A2_Q9A4Z9,0.995710160126876,0.5,True
3n2o__A1_Q7MK24--3n2o__B1_Q7MK24,0.9263568686685006,0.5,True
7ywd__A1_Q8TB36--7ywd__A2_Q8TB36,0.9969738398150031,0.5111026371093486,True
5upq__A1_A0A0A0V031--5upq__B1_A0A0A0V031,0.9491380179245131,0.5,True
1vgu__A1_Q46893--1vgu__B1_Q46893,0.9789858428347378,0.5,True
7pxo__A1_F4F7G1--7pxo__C1_F4F7G1,0.9827924958803397,0.508900842945874,True
2dp9__A1_Q5SM30--2dp9__A2_Q5SM30,0.9804889955987033,0.5,True
8a7l__A1_M1JS91--8a7l__A2_M1JS91,0.9864003602996603,0.5,True
7uqv__A1_A0A0L6JSP1--7uqv__B1_A0A0L6JSP1,0.993220262431319,0.5394139871729918,True
5d1r__A1_P9WMC9--5d1r__B1_P9WMC9,0.9594522064267161,0.5,True
3f6q__A1_Q13418--3f6q__B1_P48059,0.9508727924740108,0.5,False
7xyk__A1_Q77J90--7xyk__B1_Q77J90,0.9743616674902928,0.5,True
7xxk__A1_P0DTC9--7xxk__B1_P0DTC9,0.9141483876605785,0.5021416427669159,True
3qta__A1_Q5V4K4--3qta__B1_Q5V4K4,0.9931174130895191,0.5066537527764864,True
8oqj__B1_P06959--8oqj__A1_P06959,0.9606301369863013,0.54,True
1tbp__A1_P13393--1tbp__B1_P13393,0.9797208304825135,0.49996906036323135,True
7qfk__C1_Q5FLN0--7qfk__A1_Q5FLN0,0.9566726914229378,0.5,True
7r3o__B1_Q460N3--7r3o__A1_Q460N3,0.963239675364701,0.5,True
2z0l__A1_P03191--2z0l__B1_P03191,0.9715671571628728,0.5,True
1wli__A1_Q46604--1wli__B1_Q46604,0.9867824967824966,0.5594900257400257,True
8b3e__A1_M4SY06--8b3e__A2_M4SY06,0.9521493861026631,0.5,True
1d8i__A1_O13297--1d8i__A2_O13297,0.8535576500431362,0.5,True
7vo4__B2_F1CLA7--7vo4__A1_F1CLA7,0.9915547815733106,0.5,True
8eh0__B1_P50909--8eh0__A1_P50909,0.9860513427436037,0.5,True
7q39__A1_UNDEFINED--7q39__A2_UNDEFINED,0.9826719292416545,0.5,True
3seo__B1_Q87GE5--3seo__A1_Q87GE5,0.9593283715925395,0.5,True
3iey__B1_Q74MS9--3iey__A1_Q74MP4,0.9856335604593248,0.523926051466519,False
4yto__B1_Q15431--4yto__A1_Q15431,0.8288951501844093,0.5,True
6csm__A1_L1J207--6csm__B1_L1J207,0.9845889159708501,0.5,True
4ndt__A1_A7UNK4--4ndt__A2_A7UNK4,0.9126495246673288,0.5,True
8j3p__A1_B9WHT3--8j3p__A2_B9WHT3,0.9849140964898779,0.5,True
7pv7__B1_Q7MVV4--7pv7__A1_Q7MVV4,0.94545281591465,0.5,True
7uj6__A1_Q8RMD9--7uj6__B1_Q8RMD9,0.958712797450905,0.5036072244168772,True
3k9i__A1_Q9KFK0--3k9i__A2_Q9KFK0,0.8869857851495677,0.5121525977124034,True
7z1s__A1_A0A3Q7HTY9--7z1s__A2_A0A3Q7HTY9,0.98886481622053,0.5,True
2e89__A1_O67728--2e89__B1_O67728,0.9922065148942704,0.5,True
2woz__A1_Q9ER30--2woz__A2_Q9ER30,0.9161081262981,0.5,True
7xxs__A1_B2CKP3--7xxs__B1_B2CKP3,0.9634397491260538,0.5299871478511207,True
8fir__A1_O83132--8fir__B1_O83132,0.9935005990195152,0.5,True
3i6s__A1_O82777--3i6s__B1_O82777,0.9810506941572548,0.5,True
7yhe__B1_A6YEH4--7yhe__A1_A6YEH4,0.9161364520430304,0.5,True
1ku2__A1_Q9EZJ8--1ku2__B1_Q9EZJ8,0.875667589651304,0.5,True
6qwo__B1_Q9S5W7--6qwo__A1_Q9S5W7,0.9818850026694479,0.5,True
1mxi__A1_P44868--1mxi__A2_P44868,0.971842615911812,0.5,True
8fuq__A1_P22363--8fuq__B1_P22363,0.9334283452098179,0.4998020585906572,True
6hhk__B1_A8AST9--6hhk__A1_A8AST9,0.9768259756859952,0.5045402404125254,True
2vhl__A1_O34450--2vhl__A2_O34450,0.99399908626601,0.5064935064935064,True
8h1i__A1_W6EBY7--8h1i__B1_P0A9Y6,0.9457540068820748,0.5,False
5wan__A1_P75898--5wan__A2_P75898,0.9860295597618478,0.5,True
4x7z__B1_Q49492--4x7z__A1_Q49492,0.9947454189078312,0.5,True
5c6k__B1_P36932--5c6k__A1_P36932,0.9468659175756692,0.5,True
6a1k__A1_P71018--6a1k__B1_P71018,0.9877385948948224,0.5,True
7pjh__A1_Q9Y312--7pjh__B1_Q6P2Q9,0.9376087709816476,0.5,False
4joi__A1_Q9H668--4joi__C1_Q86WV5,0.947747288267914,0.5,False
8axz__A1_P31153--8axz__A2_P31153,0.9652058918738746,0.5,True
8ogi__B1_P11678--8ogi__A1_P11678,0.8547667561660663,0.5,True
8cxl__A1_A7KH32--8cxl__B1_A7KH32,0.9642775010695437,0.5,True
7win__B1_Q9UIF8--7win__A1_Q9UIF8,0.8607765928356576,0.5,True
4bwv__A1_Q8L5D0--4bwv__B1_Q8L5D0,0.955908250623098,0.5,True
7drj__A1_P63756--7drj__B1_P63756,0.9648722907276278,0.5,True
6t2b__A1_B2UQL7--6t2b__C1_B2UQL7,0.9855724748692222,0.5,True
7t2s__A1_A0A494K842--7t2s__A2_A0A494K842,0.9707607177979684,0.5,True
3frw__B1_A5ZMD8--3frw__A1_A5ZMD8,0.9273216600427249,0.5034246575342466,True
5ab5__A1_C9ZUV7--5ab5__B1_C9ZUV7,0.9918849300178124,0.5,True
8jqp__A2_UNDEFINED--8jqp__B1_UNDEFINED,0.9909993935665703,0.5,True
5myd__C2_A0A2D0TC86--5myd__A1_A0A2D0TC86,0.9867938231022093,0.5382704215744504,True
5cde__A1_Q8P839--5cde__B1_Q8P839,0.9740098654179856,0.5,True
6pi4__A1_A0R1Z9--6pi4__A2_A0R1Z9,0.9887687427912342,0.6601247771836007,True
3ipf__A1_Q251Q8--3ipf__B1_Q251Q8,0.9744440092636741,0.5563781418159526,True
4c11__B1_Q6YMS4--4c11__A1_Q6YMS4,0.971642673433782,0.5,True
2p3y__A1_Q87I71--2p3y__B1_Q87I71,0.9572429865988338,0.5,True
5jbr__A1_C5C6I1--5jbr__B1_C5C6I1,0.9696098488478521,0.5,True
8ttz__A1_G8E2R2--8ttz__B2_G8E2R2,0.9957757294583273,0.5,True
3vba__A1_Q58673--3vba__B1_Q58673,0.9883557575357578,0.5,True
4o6y__B1_Q9SWS1--4o6y__A1_Q9SWS1,0.9438394282953282,0.5,True
4e5r__A1_Q6IRB5--4e5r__A2_Q6IRB5,0.8472410689094597,0.5,True
7ywv__A1_Q0SBK1--7ywv__C1_Q0SBK1,0.9844380140113304,0.5,True
8eer__A1_P01116--8eer__A2_P01116,0.9853209560242867,0.5,True
3f84__B1_E3PPC4--3f84__A1_E3PPC4,0.9445618181653848,0.5,True
5mu7__A1_G0S6G7--5mu7__B1_G0S6I4,0.9462219538365783,0.5,False
8hfp__B1_Q96T68--8hfp__A1_Q8N8R7,0.7653438338184101,0.5,False
4rmn__B1_Q6NC13--4rmn__A2_Q6NC13,0.8827510522393991,0.5,True
3mx1__A1_Q46944--3mx1__A2_Q46944,0.9617083847699781,0.5,True
5gl5__A1_Q06321--5gl5__B1_Q06321,0.9862065265750743,0.5,True
8e77__A1_Q1QD54--8e77__A2_Q1QD54,0.9859659832000375,0.5,True
5gl4__A1_B6YTD8--5gl4__B1_B6YTD8,0.9937573068349668,0.5094267523548516,True
7wf9__A1_Q3ZT31--7wf9__B1_Q3ZT31,0.9129847427841477,0.5,True
8fw0__B1_P39897--8fw0__A1_P39897,0.9718881594033798,0.5,True
8ou8__B1_P0A8M3--8ou8__A1_P0A8M3,0.9737816356939748,0.5,True
7acm__B1_P75811--7acm__A1_P75811,0.9791696246637477,0.5073203232627124,True
4trb__A1_Q97W95--4trb__B1_Q97W95,0.9668044361782738,0.5,True
7y55__A1_A0A9E8RZN7--7y55__C2_A0A9E8RZN7,0.9913162616826972,0.5,True
2ia9__B1_P28015--2ia9__A1_P28015,0.9434685562006516,0.5064102564102564,True
3sy6__A1_Q5LE92--3sy6__B1_Q5LE92,0.9865754131106881,0.5,True
6xz3__A1_Q9H1K6--6xz3__A2_Q9H1K6,0.9853315951049244,0.5,True
2h8e__A1_P0AG74--2h8e__A2_P0AG74,0.8382075017354365,0.5,True
3gyx__A1_T2G6Z9--3gyx__B1_T2G899,0.8956799317031868,0.5,False
4e0u__A1_D1D8L6--4e0u__A2_D1D8L6,0.9987187547531235,0.5,True
6teu__A1_O60568--6teu__A2_O60568,0.9398267354130948,0.5,True
6xt5__B1_P49046--6xt5__A1_P49046,0.9954071486684946,0.5,True
8g1t__A1_Q07812--8g1t__B1_Q07812,0.9026679544257651,0.5,True
7xp7__B1_W9FXI8--7xp7__A1_W9FXI8,0.9761046593569799,0.5,True
8i55__A1_Q58380--8i55__B1_Q58380,0.9736882307000838,0.5300038968884391,True
1h65__A1_Q41009--1h65__A2_Q41009,0.9761984275473321,0.5,True
3ol4__A1_A0QRC4--3ol4__B1_A0QRC4,0.9908980594694881,0.5454545454545454,True
8idq__A1_A0A0B8MZ29--8idq__C1_A0A0B8MZ29,0.9427488785163088,0.5,True
5hcb__A1_P83003--5hcb__B1_P83003,0.9543863033806598,0.5,True
3f6g__B1_Q8F3Q1--3f6g__A1_Q8F3Q1,0.9297762557251762,0.5087719298245614,True
6akj__B1_G2TRN4--6akj__A1_G2TRN4,0.9539708362158422,0.5052083333333334,True
8ju7__A1_Q9I2U4--8ju7__B1_Q9I2U4,0.9779750872134749,0.508016150874631,True
3nel__A1_Q52428--3nel__B1_Q52428,0.9798095257433708,0.5,True
2dc1__A1_O28440--2dc1__B1_O28440,0.9796811247697853,0.5,True
8fzk__B1_P52292--8fzk__A1_P52292,0.9092875872017291,0.5,True
8e1u__A1_A0A160VN62--8e1u__F2_A0A160VN62,0.9696761722893406,0.5,True
1v7c__A1_P83823--1v7c__B1_P83823,0.9852278387325033,0.5,True
7skr__A1_Q0QDZ2--7skr__A2_Q0QDZ2,0.9449981471007003,0.5,True
3egg__A1_P62136--3egg__C1_O35274,0.9143368726044481,0.5,False
8imd__A1_UNDEFINED--8imd__B1_UNDEFINED,0.9834628547010711,0.5,True
4yke__B1_G0RYR3--4yke__A1_G0RYR3,0.9910213189998426,0.5,True
1tq9__A1_P00669--1tq9__B1_P00669,0.9437659572209152,0.5,True
4oh3__B1_Q05085--4oh3__A1_Q05085,0.9657874288325815,0.5,True
4q62__A1_Q5ZUB7--4q62__A2_Q5ZUB7,0.9591898208708733,0.5,True
2we5__A1_P0A2X7--2we5__B1_P0A2X7,0.991067086877593,0.5,True
5t51__A1_Q6CLK3--5t51__B1_Q6CPD1,0.941116990005879,0.5,False
3i0z__A1_A0A0H2UN25--3i0z__B1_A0A0H2UN25,0.9612533448399312,0.5,True
3wof__A1_Q8RQE9--3wof__B1_A7XX65,0.7595252097545675,0.5,False
8p6k__A1_A0A0H2UWN1--8p6k__B1_A0A0H2UWN1,0.9583764381159304,0.5,True
7z9z__A1_P02754--7z9z__A2_P02754,0.9800773959705879,0.5,True
6d0i__A1_A0A0C5XL88--6d0i__B1_A0A0C5XKJ0,0.9350288007923475,0.5,False
3gs3__A1_Q8MSU4--3gs3__A2_Q8MSU4,0.9905934903029896,0.4999919305380717,True
2f4m__A1_Q9JI78--2f4m__B1_P54728,0.9790459814818605,0.5203524405415794,False
4yh8__A1_Q09176--4yh8__B1_P36629,0.8831376552662923,0.5,False
6ago__A1_Q9NR48--6ago__C1_Q9UBU8,0.9432745448231383,0.5,False
7rmx__A1_UNDEFINED--7rmx__A2_UNDEFINED,0.9744208823509918,0.5,True
1e44__B1_P00646--1e44__A1_P02984,0.9352234807352394,0.5,False
2yri__A1_Q5SLX0--2yri__B1_Q5SLX0,0.9817710721969909,0.5,True
1gcj__A1_P70168--1gcj__B1_P70168,0.978059653452068,0.5,True
7qbp__A1_A4F7B2--7qbp__A2_A4F7B2,0.9674138016171325,0.5,True
4hdd__A1_P09391--4hdd__A2_P09391,0.9012898103004985,0.5,True
3e4q__A1_P13633--3e4q__B1_P13633,0.9682840524731584,0.5,True
8ein__B1_Q6FCQ4--8ein__A1_Q6FCQ4,0.9851424621901824,0.5,True
1zmb__A1_Q97LM8--1zmb__B1_Q97LM8,0.9439951484111693,0.5,True
6ygu__A1_G0RZ64--6ygu__B1_G0S1V1,0.9286754851594424,0.5,False
2yyh__A1_O67435--2yyh__B1_O67435,0.9876169606529271,0.5277234476680309,True
5wk0__A1_A0A2C9TMM3--5wk0__A2_A0A2C9TMM3,0.9868411445767833,0.5143611753053813,True
8h4j__A1_W8UQZ7--8h4j__D1_W8UQZ7,0.9191265512998985,0.5,True
1z83__A1_P00568--1z83__B1_P00568,0.9515851711493587,0.5,True
8h2c__A1_Q0P8U0--8h2c__B1_Q0P8U0,0.9592803258525011,0.5,True
2dkh__A1_Q6SSJ6--2dkh__A2_Q6SSJ6,0.9754652597644047,0.5,True
7c7e__A1_A0A0H3MRW3--7c7e__A2_A0A0H3MRW3,0.9760287081339714,0.5,True
7px2__A1_UNDEFINED--7px2__B1_UNDEFINED,0.8200328759291022,0.5,True
3dpt__B1_Q8KC98--3dpt__A1_Q8KC98,0.9824596213145051,0.5,True
3fgw__A1_Q3TCN2--3fgw__A2_Q3TCN2,0.995551580893732,0.5,True
7wh0__A1_Q9U2E4--7wh0__B2_Q9U2E4,0.9993131763692121,0.5,True
8dq3__A1_A0A142G3G1--8dq3__B1_A0A142G3G1,0.9494024407377313,0.5,True
8hci__B1_A0A8T8BZJ9--8hci__A1_A0A8T8BZN3,0.9505624100324159,0.5,False
3qth__A1_Q47ZP9--3qth__B1_Q47ZP9,0.9342637167134564,0.5,True
8b28__A1_F6GSX7--8b28__A2_F6GSX7,0.9946313005517877,0.5,True
6scx__A1_Q9BQG2--6scx__B1_Q9BQG2,0.9352317761777598,0.5,True
8hpc__A1_P60327--8hpc__H1_P60327,0.9752852769273588,0.5,True
5n76__A1_P72320--5n76__B1_P72320,0.948716523286034,0.5514433032674106,True
8hpi__A1_A0A8D3X086--8hpi__B1_A0A8D3X086,0.9909468769228913,0.5,True
3cq3__A1_Q53W28--3cq3__A2_Q53W28,0.9259813590799506,0.5,True
3kbu__A1_P11277--3kbu__D1_P16157,0.8963808751660924,0.5,False
7pck__A1_P43235--7pck__C2_P43235,0.9929188233353268,0.5,True
5o4z__A1_Q9X1T1--5o4z__A2_Q9X1T1,0.9814549175594454,0.5,True
1vla__A1_Q9X021--1vla__B1_Q9X021,0.9539436637400588,0.5027624309392266,True
5oed__A1_Q6EAT3--5oed__B1_Q13637,0.9586037646567825,0.5,False
8hyn__A1_UNDEFINED--8hyn__B1_UNDEFINED,0.9777663550115093,0.5,True
7yva__A1_Q9URB4--7yva__B1_Q9URB4,0.9775054562804345,0.5,True
7s6n__B1_Q5RGJ8--7s6n__A1_Q5RGJ8,0.8933200789784201,0.5,True
4cz8__A1_Q9UZ55--4cz8__B1_Q9UZ55,0.9550051995282662,0.5,True
6ebn__A1_A0A4P1LYB6--6ebn__B1_A0A4P1LYB6,0.9623020102869065,0.5,True
3lf4__B1_D1MPT3--3lf4__A1_D1MPT3,0.933018411235948,0.5061349693251533,True
3ffe__B1_Q93AT8--3ffe__A1_Q93AT8,0.9540388628477842,0.5,True
7zg6__A1_A0A2J0RDY6--7zg6__B1_A0A2J0RDY6,0.9157162895651644,0.5043859649122807,True
1p65__A1_Q9YJI1--1p65__B1_Q9YJI1,0.9085944424945122,0.5135412886607137,True
8f4q__A1_Q00972--8f4q__A2_Q00972,0.9352430504337299,0.5,True
4rz3__A1_A4IMB4--4rz3__B1_A4IMB4,0.9813284107730514,0.5,True
7tjl__A1_UNDEFINED--7tjl__A2_UNDEFINED,0.9880341319689292,0.5,True
8f8k__A1_O53507--8f8k__A2_O53507,0.9821724369558815,0.5,True
3zw5__A1_A6NK44--3zw5__B1_A6NK44,0.9141901035170864,0.5,True
6l3q__B1_G0SEI5--6l3q__A1_G0SEI5,0.9742877956028941,0.5,True
8ag8__A1_A0A1I5SVP7--8ag8__A2_A0A1I5SVP7,0.9297226688102895,0.5,True
2i2w__A1_P63224--2i2w__D1_P63224,0.9811307454248941,0.5146912084079978,True
2f22__B1_Q9RC77--2f22__A1_Q9RC77,0.986605100045759,0.5,True
6yex__A1_UNDEFINED--6yex__B1_UNDEFINED,0.8238904585098873,0.5,True
3tng__A1_Q8Y7B7--3tng__A2_Q8Y7B7,0.9829700224267042,0.5,True
8gr8__B1_P08679--8gr8__A1_P08679,0.9868737607807647,0.5,True
7ae8__A1_A0A0B0QJR1--7ae8__B1_A0A0B0QJR1,0.9566635191030157,0.5,True
2w54__B1_O54051--2w54__A1_O54050,0.9526029059485567,0.5,False
4cuc__A1_A0A0H2UP19--4cuc__A2_A0A0H2UP19,0.9119847618838894,0.5,True
4b0z__A1_P50524--4b0z__B1_P50524,0.9950932585395172,0.5,True
2re7__A1_Q4FV99--2re7__A2_Q4FV99,0.9621313980137509,0.5,True
8h0t__A1_O34614--8h0t__A2_O34614,0.9910444053457801,0.5,True
1te2__A1_P77247--1te2__B1_P77247,0.984860164079571,0.5,True
7xt2__A1_Q6ZMU5--7xt2__B1_Q6ZMU5,0.9377510803709148,0.5,True
1ev7__A1_P50187--1ev7__B1_P50187,0.9860258525852585,0.5,True
1ogl__A1_O15923--1ogl__A2_O15923,0.988233814794593,0.5,True
3lrt__B1_Q97CA5--3lrt__A1_Q97CA5,0.9842082749899628,0.5257879488559924,True
3rvb__A1_P26663--3rvb__A2_P26663,0.8156924295098569,0.5,True
3fou__A1_Q5SGZ9--3fou__B1_Q5SGZ9,0.9805530807102834,0.5,True
5jnq__A1_R0BTE9--5jnq__A2_R0BTE9,0.9814828174579052,0.5,True
4g12__A1_A5U5K3--4g12__B1_A5U5K3,0.9899197506126581,0.5,True
3evj__B1_P01008--3evj__A1_P01008,0.9895426784352893,0.5,True
2oq2__B1_P18408--2oq2__A1_P18408,0.9957503167797891,0.5,True
8he6__A1_Q8YSS0--8he6__B1_Q8YSS0,0.9696548345383728,0.5503871069555202,True
2xij__A1_P22033--2xij__A2_P22033,0.9901477081092531,0.5,True
1nr5__A1_P07547--1nr5__A2_P07547,0.9816001466213644,0.5,True
1gmj__A1_P01096--1gmj__B1_P01096,0.9340888066604995,0.5,True
4yba__B1_Q93K36--4yba__A1_Q93K36,0.9873921955369919,0.5128205128205128,True
8ok7__A1_M4T0B2--8ok7__D1_M4T0B2,0.9742032371880812,0.5,True
7f76__B1_A0A223KLJ1--7f76__A1_A0A223KLJ1,0.9227500175882932,0.5,True
7vp6__A1_Q9C9L2--7vp6__B1_Q9C9L2,0.8974780080794352,0.54502208630649,True
8jmq__A1_A9CQD5--8jmq__B1_A9CQD3,0.9706206900601179,0.5,False
7zgt__A1_W8R3D8--7zgt__B1_W8R3D8,0.9929271624333349,0.5,True
7xgt__B1_Q6H8B1--7xgt__A1_Q6H8B1,0.9886485814122397,0.506578947368421,True
3i2t__A1_P04412--3i2t__A2_P04412,0.9376281336924616,0.5,True
8tjk__A1_A0A0F7G196--8tjk__B1_A0A0F7G196,0.978857495685408,0.5,True
7wt0__A1_Q04760--7wt0__B1_Q04760,0.909772247689733,0.5,True
3if0__A1_Q74MS9--3if0__A2_Q74MS9,0.9956057161097597,0.5240737795199243,True
3qrh__A1_Q8SSM8--3qrh__A2_Q8SSM8,0.9800999502766257,0.5,True
8q70__A1_Q8U2C1--8q70__A2_Q8U2C1,0.9702839401474752,0.5,True
7vso__A1_P02945--7vso__A2_P02945,0.9752628877640128,0.5,True
5f8b__A1_Q4WB03--5f8b__A2_Q4WB03,0.9775954625916694,0.499978324482497,True
8ax0__A1_A0A384E145--8ax0__B1_A0A384E145,0.9944179178125929,0.49999138287605127,True
8ant__B1_A0A1P8CWW1--8ant__A1_A0A1P8CWW1,0.8828374923157042,0.5,True
7r5y__E2_R7PD89--7r5y__A1_R7PD89,0.9878850464891727,0.5071428571428571,True
7qow__B1_Q93P54--7qow__A1_Q93P54,0.9765446976508715,0.5,True
5il7__A1_Q8KC98--5il7__B1_Q8KC98,0.9214247261574191,0.5,True
3ct9__B1_Q8A1V9--3ct9__A1_Q8A1V9,0.987790986343744,0.5044642857142857,True
8pvm__A1_P29166--8pvm__B1_P29166,0.9407992726658486,0.5,True
8ct0__F1_S4S3E3--8ct0__A1_S4S3E3,0.9503087802643341,0.5,True
3q2j__B1_P0A3Y5--3q2j__A1_P0A3Y5,0.9689950748017522,0.5,True
7xzp__B1_A0A379CIH2--7xzp__A1_A0A379CIH2,0.9849128918141103,0.5,True
7tvm__A1_UNDEFINED--7tvm__B1_UNDEFINED,0.9922249926445612,0.5,True
3qvf__A1_Q56187--3qvf__A2_Q56187,0.9876055326899709,0.5,True
6gxs__A1_Q7NZ70--6gxs__D1_Q7NZ70,0.8359044820135283,0.5,True
2hr8__A1_O58456--2hr8__B1_O58456,0.9552621562470264,0.5,True
2zyf__A1_O87198--2zyf__A2_O87198,0.9272246600327905,0.5,True
7s3v__A1_Q16719--7s3v__A2_Q16719,0.9509580684062179,0.5,True
6a29__A1_O32504--6a29__B1_O32504,0.9766956442162806,0.5,True
4ml6__C1_A6GV51--4ml6__A1_A6GV51,0.9766289433388545,0.5065359477124183,True
4cht__A1_Q13472--4cht__B1_Q9H9A7,0.9225487827907269,0.5,False
1n4p__B1_P53610--1n4p__A1_Q04631,0.9768948400676107,0.5,False
1tec__A1_P04072--1tec__B1_P01051,0.9769009256085018,0.5,False
6b9t__A1_A9A1T2--6b9t__B1_A9A1T2,0.9360892834722442,0.5,True
3g0k__A1_Q2G4A7--3g0k__A2_Q2G4A7,0.9694479217268913,0.5059523809523809,True
7zoo__B1_A0A979GQH9--7zoo__A1_A0A979GQH9,0.8245217310978706,0.5,True
8hy5__A1_P14920--8hy5__B1_P14920,0.9715277722599575,0.5,True
8fts__A1_R9UTR3--8fts__A2_R9UTR3,0.978794540352597,0.5,True
1jrk__A1_Q8ZTD8--1jrk__B1_Q8ZTD8,0.9538012555927619,0.5,True
7y8v__A1_UNDEFINED--7y8v__B1_UNDEFINED,0.9825354819070812,0.5,True
2ejn__A1_P30440--2ejn__B1_P30440,0.9826358234269942,0.5063054071296834,True
5hs5__A1_Q2G0D1--5hs5__B1_Q2G0D1,0.9892107601112713,0.5092592592592593,True
3v89__A1_Q9K0U9--3v89__B1_P02787,0.9407961421258907,0.5,False
8e3g__B1_P43026--8e3g__A1_P12643,0.9062426693022899,0.5,False
2w8b__A1_P0A855--2w8b__H1_P0A912,0.9406928501933266,0.5,False
5f7p__B1_Q8YAF1--5f7p__A1_Q8YAF1,0.9865249124808271,0.5,True
8f71__B1_Q6N5G3--8f71__A1_Q6N5G3,0.9869491661967291,0.5,True
8hwi__B1_A0A327WNX5--8hwi__A1_A0A327WNX5,0.9661020334883391,0.5,True
7r3i__B1_P54292--7r3i__A1_P54292,0.961253850406991,0.5,True
8afj__A1_A0A179QS89--8afj__B1_A0A179QS89,0.987243339476432,0.5,True
3pub__B1_E5EVW2--3pub__A1_E5EVW2,0.9367647026644391,0.5,True
8es5__A1_A0A0H2Z732--8es5__B1_A0A0H2Z732,0.9636682177819756,0.5,True
7txn__B1_Q8YVV6--7txn__A1_Q8YVV6,0.991370218849976,0.5288461538461539,True
3py6__A1_Q2YQ74--3py6__A2_Q2YQ74,0.9851078131905463,0.5,True
1hjr__A1_P0A814--1hjr__C1_P0A814,0.9895593407966861,0.5069444444444444,True
8k3b__A1_A0A071KWR3--8k3b__A2_A0A071KWR3,0.9672433721789412,0.5,True
3w2z__A1_Q8YXY7--3w2z__A2_Q8YXY7,0.9844227703549091,0.5,True
8f78__A1_P55212--8f78__B1_P55212,0.9640992988982686,0.5,True
6wg4__A1_Q14683--6wg4__B1_Q9UQE7,0.8069700944002041,0.5,False
7zry__A1_O60341--7zry__B1_Q9UKL0,0.9575965070233255,0.5,False
1uix__A1_Q28021--1uix__B1_Q28021,0.93104550333466,0.5,True
7vrc__A1_P38956--7vrc__B1_P22082,0.9506590925642707,0.5070531027489734,False
1oz0__A1_P31335--1oz0__B1_P31335,0.9842698764597928,0.5,True
7eft__B1_P16926--7eft__A1_P16926,0.9331779222688144,0.5,True
5jsn__A1_P10415--5jsn__B1_UNDEFINED,0.970586149358738,0.5,False
8e2b__B1_Q2FYI5--8e2b__A1_Q2FYI5,0.9308700610915738,0.5,True
7jw6__A1_Q9VIF1--7jw6__A2_Q9VIF1,0.9910873744507219,0.5,True
1jkw__A1_P51946--1jkw__A2_P51946,0.9687558115663757,0.5,True
4pfp__B1_F1RQI7--4pfp__A1_F1RQI7,0.9678734003263764,0.5,True
8h1s__A1_Q9I5U2--8h1s__B1_Q9HX32,0.8598728274093328,0.5,False
7t0y__A1_P62136--7t0y__B1_Q14684,0.792261045780467,0.5,False
1tz9__A1_Q82ZC9--1tz9__B1_Q82ZC9,0.9553643339008759,0.5,True
2wns__B1_P11172--2wns__A1_P11172,0.9894846471611338,0.5,True
6s8v__B1_P08195--6s8v__A1_P80188,0.8296419457044995,0.5,False
6hq6__A1_UNDEFINED--6hq6__B1_UNDEFINED,0.9766409342632975,0.5,True
2gt4__A1_P32056--2gt4__B1_P32056,0.9321710584215979,0.5045045045045045,True
3bof__A1_Q9WYA5--3bof__B1_Q9WYA5,0.9985342189349475,0.499998393744599,True
6trj__A1_O75475--6trj__A2_O75475,0.9479841834577991,0.49985909539241935,True
8h4z__A1_A0A2X5A3P4--8h4z__B1_A0A2X5A3P4,0.9960903574303309,0.5,True
2hre__A1_P22830--2hre__B1_P22830,0.9712581871235175,0.5,True
5yjc__A1_Q5HK94--5yjc__B1_Q5HK94,0.923688589788593,0.5,True
8d6k__A1_Q9L1K2--8d6k__B1_Q9L1K2,0.9666274116786518,0.5,True
2zew__B1_Q9ZA17--2zew__A1_Q9ZA17,0.9802482664463048,0.5,True
5wpi__A1_Q58PW8--5wpi__B1_Q58PW8,0.9637232490479768,0.5,True
8fk6__A1_A0A0C9S461--8fk6__B1_P80098,0.9164796591584893,0.5,False
7tm7__A1_A0A0H3GYH4--7tm7__B1_A0A0H3GYH4,0.9894272048454518,0.5,True
8gy0__A1_A0A8H4VHP2--8gy0__B1_A0A8H4VHP2,0.9089848243987532,0.5,True
7x4b__A1_A0A2D0TCG3--7x4b__B1_A0A2D0TCG3,0.9794663179815003,0.5,True
4aqp__B1_P54253--4aqp__A1_P54253,0.9378796841028265,0.5,True
3npi__A1_Q6NFU8--3npi__B1_Q6NFU8,0.9594062129153481,0.5,True
8cok__B1_Q9NXR8--8cok__A1_Q9NXR8,0.9525910639446102,0.5,True
1wz3__A1_Q9LVK3--1wz3__B1_Q9LVK3,0.9074066497887048,0.5019757804453087,True
1nw1__A1_Q22942--1nw1__B1_Q22942,0.9945630908784556,0.5,True
1hrp__B1_P0DN86--1hrp__A1_P01215,0.8781100491655092,0.5,False
3qf4__B1_Q9WYC4--3qf4__A1_Q9WYC3,0.963060968331896,0.5,False
7y4o__B1_A0A0G2JZC4--7y4o__A1_A0A0G2JZC4,0.9882599832566745,0.5,True
8hns__A1_A0A377JKY9--8hns__A2_A0A377JKY9,0.9446648038628885,0.5078740157480315,True
3mpn__A1_O67854--3mpn__A2_O67854,0.9855755807703284,0.5,True
6vlg__A2_Q9WTS2--6vlg__C1_Q9WTS2,0.9807104096474607,0.5,True
1v71__A1_O59791--1v71__A2_O59791,0.9984220800900885,0.5,True
3fpk__A1_Q8ZKP5--3fpk__B1_Q8ZKP5,0.9869033110422606,0.5,True
8eb3__A1_K2K6A3--8eb3__B1_K2K6A3,0.9852009237875289,0.5,True
4z1i__C1_Q12931--4z1i__A1_Q12931,0.9696557063008061,0.5,True
8pz3__A1_D7SFB8--8pz3__B1_D7SFB8,0.9282450372497926,0.5,True
5vpb__B1_P17535--5vpb__A1_P53539,0.9417557591956217,0.5,False
8bt3__A1_Q6F0T5--8bt3__A2_Q6F0T5,0.9825285948586526,0.5,True
1r7h__A1_O69271--1r7h__B1_O69271,0.8647324066456432,0.5029802588560492,True
5bo9__A1_O43173--5bo9__B1_O43173,0.928144006139475,0.5,True
7kws__A1_Q0P8H3--7kws__B1_Q0P8H3,0.9929638344144,0.5,True
4qa0__A1_Q9BY41--4qa0__B1_Q9BY41,0.9940116428845974,0.5,True
6epi__B1_D5K9G7--6epi__A1_D5K9E3,0.9636802097610612,0.5,False
7qgs__B1_Q09472--7qgs__A1_Q16665,0.888782349268022,0.5368243946437244,False
7tz7__A1_P42336--7tz7__B1_P27986,0.9069062992274946,0.5,False
2zl1__A1_Q9UHA4--2zl1__B1_Q9JHS3,0.9723912351865108,0.5452358227948779,False
4ija__A1_A0A0H3JS71--4ija__B1_A0A0H3JS71,0.9751009401724401,0.5,True
3ijt__B1_Q8DVN6--3ijt__A1_Q8DVN6,0.8643987433263305,0.5,True
7qgt__A1_P35520--7qgt__B1_P35520,0.958433895456551,0.5,True
8i4q__A1_Q8NQI2--8i4q__B1_Q8NQI2,0.9862383983059508,0.5,True
5lxv__A1_G9FCX2--5lxv__B1_A0A1L1QK37,0.9614755951630906,0.5,False
8h25__A1_A0A5R8LFD3--8h25__C1_A0A5R8LFD3,0.9841619161570736,0.5,True
6kjl__A1_Q9RC94--6kjl__B1_Q9RC94,0.910949128452418,0.5,True
5f3o__A1_C4LU64--5f3o__B1_C4LU64,0.9799741988142725,0.5,True
8arv__A1_Q9HW35--8arv__B1_Q9HW35,0.9854831525263195,0.5,True
2i1a__B1_P40087--2i1a__A1_P40087,0.964025170820269,0.5,True
2y9x__A1_C7FF04--2y9x__E1_G1K3P4,0.9454603267919152,0.5,False
8waa__A1_P29401--8waa__B1_P29401,0.9760498643081748,0.5,True
6n2f__B1_Q94A94--6n2f__A1_Q94A94,0.9515602846980804,0.5,True
8b08__B1_P0A2K1--8b08__A1_P00929,0.9474254177001104,0.5,False
5ja2__A1_P11454--5ja2__B1_Q9I169,0.9361387476876268,0.5,False
4g3w__A1_O66591--4g3w__A2_O66591,0.9966829515724278,0.5498131240322495,True
5cm2__A1_Q6C999--5cm2__B1_Q6C4P5,0.9769221938622529,0.5,False
6g70__B1_Q8K2Z2--6g70__A1_Q8K2Z2,0.9795487955911423,0.5,True
7xac__A1_P47929--7xac__B1_P47929,0.9392396481471285,0.5,True
4d4t__A1_P0DOE7--4d4t__A2_P0DOE7,0.9299964073370162,0.5,True
2zz8__A1_O34094--2zz8__B1_O34094,0.9812254678771749,0.5,True
8b8h__A1_P9WQA9--8b8h__B1_P9WQA9,0.9786846280463879,0.5,True
7u2s__A1_A0A2W1NDJ7--7u2s__B1_A0A2W1NDJ7,0.971353876729734,0.5,True
1d2g__A1_P13255--1d2g__B1_P13255,0.9665459872583342,0.5,True
7uld__A1_O28028--7uld__A2_O28028,0.972545940892959,0.5020409519069028,True
4c0f__B1_Q9NZN8--4c0f__A1_Q9NZN8,0.9586725301697689,0.5,True
8co8__A1_Q9Q6P4--8co8__A2_Q9Q6P4,0.9733655071145655,0.5,True
3lcr__B1_A4KCE5--3lcr__A1_A4KCE5,0.999248417721519,0.5,True
8b21__A1_Q9S5X0--8b21__B1_Q9S5X0,0.9689731969218948,0.5,True
3swk__A1_P08670--3swk__B1_P08670,0.9359511757882527,0.5,True
8txn__B1_P08120--8txn__A1_P08120,0.948538980606188,0.5,True
8dak__A1_F2X702--8dak__B1_F2X702,0.9709197099113617,0.5,True
2rde__B1_A0A0H3ADR8--2rde__A1_A0A0H3ADR8,0.9290587698341863,0.5,True
6sek__A1_UNDEFINED--6sek__B1_UNDEFINED,0.9843845971499465,0.5,True
2pih__A1_O31779--2pih__B1_O31779,0.943892626846224,0.5081967213114754,True
6v7v__A1_A0SML3--6v7v__B1_A0SML3,0.9521255554699339,0.5255837250520151,True
7ykv__B1_Q58241--7ykv__A1_Q58241,0.9782682237171931,0.5,True
7y4g__A1_Q8A028--7y4g__A2_Q8A028,0.9826414002565541,0.5,True
8cci__A1_A0R7I9--8cci__A2_A0R7I9,0.9853934585156257,0.4999892312165495,True
6p35__A1_P75913--6p35__A2_P75913,0.987047621303194,0.5,True
6p3j__A1_Q0KJL4--6p3j__B1_Q0KJL4,0.9779088884606884,0.5,True
4o6p__A1_Q8RDI4--4o6p__B1_Q8RDI4,0.912213706443276,0.5,True
8ozv__A1_A0A179UH34--8ozv__A2_A0A179UH34,0.9736301196302134,0.5,True
2cim__A1_Q46AN5--2cim__B1_Q46AN5,0.9732814754415129,0.5,True
6tpo__A1_P24474--6tpo__A2_P24474,0.9703960338970655,0.5,True
7wwo__B1_Q5SH57--7wwo__A1_Q5SH57,0.94763482865761,0.5,True
4pmv__A1_Q8PEU1--4pmv__B1_Q8PEU1,0.9668398783783703,0.5,True
7xge__A1_UNDEFINED--7xge__B1_Q07820,0.98259637322647,0.5,False
6rmr__B1_P19926--6rmr__A1_P19926,0.99363591627401,0.5,True
6hhb__A1_E0SCP7--6hhb__C1_E0SCP7,0.9886696644720281,0.5,True
7e5c__A1_A0A1I7CHQ2--7e5c__B1_A0A1I7CHQ2,0.9841516686926415,0.5,True
2gn5__A1_P69542--2gn5__A2_P69542,0.9209408101759518,0.5,True
2wfh__A1_O94813--2wfh__B1_O94813,0.9537919992465447,0.5,True
3zco__A1_P06701--3zco__A2_P06701,0.8506146505850685,0.5,True
2ghy__A1_P03051--2ghy__B1_P03051,0.9307618486771794,0.5400717572902353,True
3htr__A1_Q6N0K4--3htr__B1_Q6N0K4,0.8493692341308591,0.5,True
8aeu__A1_Q00987--8aeu__A2_Q00987,0.9225804559812657,0.5185280306737796,True
1xuv__A1_Q8PZJ2--1xuv__C1_Q8PZJ2,0.9752486880238115,0.5,True
2o8p__A1_Q5CYG0--2o8p__A2_Q5CYG0,0.9696638395066046,0.5,True
4zmu__A1_Q9I072--4zmu__B1_Q9I072,0.9936586047912565,0.5229798230058114,True
3dl3__G2_Q5E3X2--3dl3__C1_Q5E3X2,0.9188331486278349,0.5,True
7yvz__A1_A7LPG5--7yvz__A2_A7LPG5,0.9166828165374677,0.5342326792635659,True
4ia6__A1_Q5FL96--4ia6__B1_Q5FL96,0.992362861881206,0.5,True
8bou__A1_A0A7G5MNS2--8bou__B1_A0A7G5MNS2,0.9878154532165732,0.5,True
5gk1__A1_Q7N4Z6--5gk1__B1_Q7N4Z6,0.9920230924667042,0.5,True
5x03__B1_P94426--5x03__A1_P94426,0.980228787983853,0.5,True
3gku__A1_D0VX24--3gku__B1_D0VX24,0.9517761056748881,0.49997308644633437,True
1k3e__B1_P58233--1k3e__A1_P58233,0.9006965922812159,0.499950526888636,True
6u18__A1_Q9EVJ6--6u18__B1_Q9EVJ6,0.984417973661571,0.5,True
6b9p__A1_C0HJB3--6b9p__B1_C0HJB3,0.9869733466869963,0.5,True
7wpy__A1_A0A097ZPD5--7wpy__C1_A0A097ZPD5,0.977341541514806,0.5,True
7xn2__A1_Q8YR38--7xn2__A2_Q8YR38,0.93291516232401,0.5,True
3qhy__B1_O87916--3qhy__A1_Q93T42,0.9854323443776609,0.5,False
4j5p__B1_P97612--4j5p__A1_P97612,0.9879446753432245,0.5,True
4icq__A1_A0A0H2UN95--4icq__B1_A0A0H2UN95,0.9927376719660228,0.5,True
1klf__B1_P08191--1klf__A1_P31697,0.9408465469411593,0.5,False
6y4l__A1_Q15006--6y4l__B1_Q9Y3B6,0.9630317555422409,0.5,False
6dex__B1_Q74ZQ8--6dex__A1_Q75DL0,0.9748935699325614,0.5,False
2z02__A1_Q58987--2z02__B1_Q58987,0.9921603618351589,0.5,True
4l7w__A1_Q7Z4H3--4l7w__A2_Q7Z4H3,0.9776637431483696,0.5,True
6sul__A1_A8FAR5--6sul__B1_A8FAR5,0.9652165040008611,0.5,True
4qqv__A1_P26954--4qqv__B1_P26954,0.9008985791136807,0.5,True
3l8d__A1_A0RD96--3l8d__A2_A0RD96,0.9791156733398044,0.5067567567567568,True
7yqa__B1_A0A1C9ZZ39--7yqa__A1_A0A1C9ZZ39,0.9044456034401068,0.5,True
1b8m__B1_P34130--1b8m__A1_P23560,0.9160323035782879,0.5,False
1irq__B1_Q57468--1irq__A1_Q57468,0.9223529411764705,0.522652896273013,True
7xi6__A1_A5GXY1--7xi6__B1_A5GXY1,0.9050526430044502,0.6189759036144578,True
6iik__A1_P54578--6iik__B1_P54578,0.9927912014094165,0.5,True
3nau__A1_Q9Y6X8--3nau__B1_Q9Y6X8,0.9108937760997073,0.5,True
3cis__B1_P9WFD7--3cis__A1_P9WFD7,0.9829336906834341,0.5,True
4jzy__B1_O77059--4jzy__A1_O77059,0.9389415079801142,0.5,True
8d03__A1_UNDEFINED--8d03__A2_UNDEFINED,0.9845708875641146,0.6074991936910225,True
7yxg__A1_Q9VU77--7yxg__B1_Q9VU77,0.9895252912738552,0.5,True
5cio__A1_A0A1A9TAI5--5cio__B1_A0A1A9TAI5,0.981837514038071,0.5,True
8jwj__A1_Q9DAG9--8jwj__B1_P62837,0.9247709057204476,0.5,False
6ia6__A1_A0A1C7D1B7--6ia6__A2_A0A1C7D1B7,0.9973610604376217,0.5,True
8h1g__A1_O67518--8h1g__A2_O67518,0.9815517699932834,0.5058139534883721,True
6x61__A1_Q79V60--6x61__B1_Q8DMT2,0.8938551200482587,0.5,False
7kqt__A1_UNDEFINED--7kqt__B1_UNDEFINED,0.9776132950578929,0.5,True
7x0d__A1_A5YW95--7x0d__B1_A5YW95,0.9552668164606196,0.5,True
1ghd__B1_O86089--1ghd__A1_O86089,0.9493928030643861,0.5,True
2x6f__A1_Q9W1M7--2x6f__B1_Q9W1M7,0.9441308504127048,0.5,True
8oik__A1_Q9UPU9--8oik__C1_Q9UPU9,0.9493346070818371,0.5,True
6nxl__A1_B4DV12--6nxl__E1_B4DV12,0.9479228844142402,0.5410159137830008,True
8wmy__A1_A0A4U7IGH6--8wmy__B2_A0A4U7IGH6,0.92914073738642,0.5,True
3trf__A1_Q83AJ3--3trf__A2_Q83AJ3,0.9224251379927507,0.5,True
5h4s__A1_A0A090BWT0--5h4s__A2_A0A090BWT0,0.9231518062689849,0.5,True
2zvb__A1_Q53WA6--2zvb__A2_Q53WA6,0.920958139011103,0.5,True
8wa7__A1_P27302--8wa7__B1_P27302,0.9924964860731501,0.5,True
3b0z__B1_P40727--3b0z__A1_P40727,0.9239879613365793,0.5,True
4usp__A1_B3GA02--4usp__B1_B3GA02,0.877322094205354,0.5,True
7cms__A1_P00953--7cms__B1_P00953,0.9884035476194519,0.5,True
7t8q__A1_Q7S860--7t8q__D1_Q7S860,0.939000660505166,0.5,True
6j9k__A1_A0A425B3G2--6j9k__A2_A0A425B3G2,0.9884571984343942,0.5176470588235295,True
7xp0__A1_Q9I5E1--7xp0__A2_Q9I5E1,0.9405230231889825,0.5176345322044639,True
8ih4__A1_Q8WVV5--8ih4__B1_Q8WVV5,0.9573523087080944,0.5,True
7qej__A1_P0DV33--7qej__B1_P0DV33,0.9912350592299869,0.5,True
1tfe__A1_P43895--1tfe__A2_P43895,0.9655491438923529,0.5,True
4iwq__A1_Q9UHD2--4iwq__A2_Q9UHD2,0.8933039314289362,0.5,True
