system_id,auroc,bacc,is_homodimer
3c07__A1_Q9KZ96--3c07__B1_Q9KZ96,0.661510567792049,0.5,True
3iqy__A1_P28366--3iqy__A2_P28366,0.750678755591117,0.5,True
7e76__A1_A0A3B6LNA8--7e76__B1_A0A3B6LNA8,0.652668214743964,0.5,True
3cqc__A1_P57740--3cqc__B1_Q8WUM0,0.860363278698746,0.5,False
7x1k__A1_Q6DL91--7x1k__B1_Q6DL91,0.5115129472122759,0.5,True
8sgd__A1_P25342--8sgd__B1_P32457,0.6816868505160014,0.5,False
3ecf__A1_Q3M5E4--3ecf__B1_Q3M5E4,0.48087499917318743,0.5,True
6j94__A1_Q93VK5--6j94__B1_Q93VK5,0.76091084460823,0.5,True
7xsh__A1_K1KV82--7xsh__B2_K1KV82,0.8699307943506741,0.5,True
8v14__A1_G5EEF9--8v14__B1_G5EEF9,0.5882783283470456,0.5,True
6r76__A1_H3ZMH8--6r76__B1_H3ZMH8,0.9230174477259967,0.5,True
8ap0__A1_A0A5S9CYM0--8ap0__A2_A0A5S9CYM0,0.4417486131564044,0.5,True
3qph__A1_Q9HGZ9--3qph__A2_Q9HGZ9,0.8279767265786614,0.5,True
3o6j__A1_O67987--3o6j__B1_O67987,0.9151429170471441,0.5,True
6o6z__A1_B6YWC3--6o6z__B1_B6YWC3,0.9110529722942051,0.5,True
3fil__A1_P19909--3fil__B1_P19909,0.25530143756303425,0.5,True
6do2__A1_P11021--6do2__B1_P11021,0.8264945214842456,0.5,True
7f4q__B1_Q22GC0--7f4q__A1_I7M8B9,0.7102983912469787,0.5,False
4hfg__A1_Q9NQG5--4hfg__B1_Q9NQG5,0.3016591393068589,0.5,True
7yh2__A1_A0A1Q9P883--7yh2__B1_A0A1Q9P883,0.9468301411085357,0.5,True
3axs__A1_O67010--3axs__A2_O67010,0.879656208123983,0.5,True
3cqr__A1_Q39249--3cqr__B1_Q39249,0.3960482921983648,0.5,True
3s8k__A1_P80691--3s8k__B1_P80691,0.8940469855909728,0.5,True
4oun__A1_O31418--4oun__A2_O31418,0.9489627466697202,0.5,True
3o3n__A1_Q5U924--3o3n__B1_Q5U923,0.7134258333926362,0.5,False
6f3z__A1_P0ADC3--6f3z__B1_P61316,0.9579434146145578,0.5,False
1hr7__A1_P11914--1hr7__B1_P10507,0.7139123086336148,0.5,False
8gko__B1_P28296--8gko__A1_P28296,0.9313833550694139,0.5,True
2gkv__A1_P00777--2gkv__B1_P68390,0.8871411517217667,0.5,False
8stx__A1_Q4E4E1--8stx__B1_Q4E4E1,0.7102359275599355,0.5,True
4m36__A1_Q582G4--4m36__A2_Q582G4,0.7934895939075536,0.5,True
5wpu__A1_A0A076NBW8--5wpu__A2_A0A076NBW8,0.6578063236897703,0.5,True
5yps__A1_A0A0W4ZF97--5yps__B1_A0A0W4ZF97,0.949401490265203,0.5,True
5oge__E1_P40107--5oge__A1_P40107,0.6084138659928446,0.5,True
5fey__B1_Q13049--5fey__A1_Q13049,0.5261027419780108,0.5,True
8hce__B1_Q91XB0--8hce__A1_Q91XB0,0.789933776438255,0.5,True
1ggp__B1_Q7SIF1--1ggp__A1_Q7SIF0,0.6688301386051427,0.5,False
5z50__A1_O05926--5z50__B1_O05926,0.939118428468176,0.5,True
7t9u__A1_Q86WV6--7t9u__A2_Q86WV6,0.9252458788040709,0.5,True
6ey4__A1_Q5EGM3--6ey4__A2_Q5EGM3,0.8074031415130641,0.5,True
2hvg__A1_A5KBL5--2hvg__B1_A5KBL5,0.947887867076282,0.5,True
6wp7__A1_Q82H41--6wp7__B1_Q82H41,0.9194325167260965,0.5,True
6kfs__A1_B7FR28--6kfs__A2_B7FR28,0.45766909345652373,0.5,True
3shg__A1_E6Z0R3--3shg__B1_E6Z0R4,0.6686435059805913,0.5,False
4wjm__A1_Q2YNY7--4wjm__A2_Q2YNY7,0.9745460803202569,0.5,True
8hmo__A1_A0A0H4P0S7--8hmo__B1_A0A0H4P0S7,0.9751215788439033,0.5,True
8dfk__A1_P39694--8dfk__B1_P39694,0.6976708887883621,0.5,True
6n91__A1_Q9KNI7--6n91__B1_Q9KNI7,0.9032376818073163,0.5,True
1dev__A1_Q15796--1dev__B1_O95405,0.4432638280590537,0.5,False
8c9j__B1_P15559--8c9j__A1_P15559,0.9520994614368804,0.5,True
3rd7__B1_A0A0H2ZY91--3rd7__A1_A0A0H2ZY91,0.9545285128587402,0.5,True
5x1j__A1_G2IQS7--5x1j__A2_G2IQS7,0.6212053572677285,0.5,True
3r2p__A1_P02647--3r2p__A2_P02647,0.824605290011119,0.5,True
1pdk__A1_P15319--1pdk__B1_P62532,0.8312453836845661,0.5,False
7bjg__A1_Q8IGY1--7bjg__A2_Q8IGY1,0.63811256433053,0.5,True
3kcp__A1_Q06851--3kcp__B1_A3DF10,0.8593877975445096,0.5,False
7bbq__A1_Q6I6B7--7bbq__A2_Q6I6B7,0.9814184312733442,0.5,True
3dpj__E1_Q5LS67--3dpj__F1_Q5LS67,0.5183861252347579,0.5,True
6okh__A1_Q04QG8--6okh__B1_Q04QG8,0.7601957366981551,0.5,True
7tq1__A1_P0AC13--7tq1__A2_P0AC13,0.7242345846866581,0.5,True
7t5y__A1_P0A7E1--7t5y__B1_P0A7E1,0.8071853459535075,0.5,True
5o47__A1_J7HDY4--5o47__A2_J7HDY4,0.9454545726754945,0.5,True
1oo0__A1_P49028--1oo0__B1_Q9V535,0.780394540942928,0.5,False
3edj__A1_Q8KKG0--3edj__B1_Q8KKG0,0.7656930981278767,0.5,True
5yr0__A1_O88597--5yr0__B1_Q8K245,0.7731485285448133,0.5,False
5c21__A1_P09986--5c21__B1_P09986,0.817507601816878,0.5,True
2gok__A1_Q8U8Z6--2gok__B1_Q8U8Z6,0.9369808186187882,0.5,True
1ww1__A1_Q9WZW8--1ww1__B1_Q9WZW8,0.9896891916045348,0.5,True
1fm0__B1_P30749--1fm0__A1_P30748,0.9696826586949959,0.5,False
4jgo__B1_O31671--4jgo__A1_O31671,0.5433440927197373,0.5,True
3l2k__A1_Q8GPH0--3l2k__B1_Q8GPH0,0.5010059552719475,0.5,True
1yov__A1_Q13564--1yov__B1_Q8TBC4,0.9614397068339595,0.5,False
7zvd__A1_P11413--7zvd__A2_P11413,0.964155485101659,0.5,True
8grh__B1_P51553--8grh__A1_P50213,0.8327354947122109,0.5,False
1lxd__A1_Q03386--1lxd__B1_Q03386,0.5957637894463497,0.5,True
5m97__A1_Q10113--5m97__B1_Q10113,0.7408227647384847,0.5,True
7ax1__A1_Q9ULM6--7ax1__B1_Q9UIV1,0.9525861442522301,0.5,False
8d4w__A1_A0A8B4R830--8d4w__A2_A0A8B4R830,0.7053872582822487,0.5,True
7ynw__B2_Q57834--7ynw__A1_Q57834,0.8388970010028006,0.5,True
4rgp__A1_Q8DTU7--4rgp__B1_Q8DTU7,0.6840143168570236,0.5,True
8twd__C1_P0AEV1--8twd__A1_W8SRD3,0.5360611116729025,0.5,False
3fb9__A1_A0A0H2US72--3fb9__B1_A0A0H2US72,0.9455384482684261,0.5,True
8a39__A1_A0A024L404--8a39__C2_A0A024L404,0.8052082594109212,0.5,True
3ps8__A1_P01034--3ps8__A2_P01034,0.31980008766824036,0.5,True
7vwp__A2_A0A136PK59--7vwp__B1_A0A136PK59,0.8466643142651371,0.5,True
3a7p__A1_Q03818--3a7p__B1_Q03818,0.8603656839108534,0.5,True
4ql6__A1_A0A0H3MDM0--4ql6__C1_A0A0H3MDM0,0.8734618125824493,0.5,True
5nck__A1_Q8RDN7--5nck__B1_Q8RDN7,0.8643079183071402,0.5,True
3w8i__A1_Q9BUL8--3w8i__B1_Q9P289,0.9608587079899324,0.5,False
4oky__A1_Q52612--4oky__A2_Q52612,0.8891246523898871,0.5,True
7x20__A1_P54708--7x20__B1_P07340,0.8416537502501438,0.5,False
3hnw__A1_D0VWZ2--3hnw__B1_D0VWZ2,0.6395883893766371,0.5,True
8r37__A1_A0A086IRG1--8r37__B1_A0A086IRG1,0.8164623955862398,0.5,True
1rqg__A1_Q9V011--1rqg__A2_Q9V011,0.5407399508990438,0.5,True
8brl__A1_F7J213--8brl__A2_F7J213,0.6889538492717793,0.5,True
7qiu__A1_P94538--7qiu__B1_P94538,0.7426397711190833,0.5,True
6sjs__A1_B8FUR2--6sjs__B1_B8FUR2,0.9425277435503913,0.5,True
8hlg__A1_Q9RR88--8hlg__B1_Q9RR88,0.7726118614835193,0.5,True
6mpc__A1_B3DQP5--6mpc__B1_B3DQP5,0.989473280709075,0.5,True
7pcr__A1_P56185--7pcr__A2_P56185,0.8921711308315556,0.5,True
3bvq__B1_Q2I6W2--3bvq__A1_Q2I6W2,0.7104733827183942,0.5,True
6bsu__A1_Q9LZJ3--6bsu__B1_Q9LZJ3,0.8233543269311981,0.5,True
4e5u__B1_Q9HZN8--4e5u__A1_Q9HZN8,0.7484198212458277,0.5,True
8a52__A1_P23222--8a52__B1_P23222,0.8194755028908953,0.5,True
1d0v__A1_Q05603--1d0v__A2_Q05603,0.9262566997512252,0.5,True
3gwq__A1_Q145Q0--3gwq__B1_Q145Q0,0.8426873648948165,0.5,True
1yhc__A1_O67648--1yhc__B1_O67648,0.74211969510201,0.5,True
7lxs__A1_Q8ZMZ2--7lxs__C1_Q8ZMZ2,0.4983300131814983,0.5,True
6w08__B1_Q9KL63--6w08__A1_Q9KL63,0.5602698523790143,0.5,True
7wrm__A1_D0IVL9--7wrm__B1_D0IVL9,0.4880332579017899,0.5,True
2yww__B1_Q58801--2yww__A1_Q58801,0.8187720644666154,0.5,True
3lm6__A1_P40869--3lm6__B1_P40869,0.6707501863685262,0.5,True
7trw__A1_A0A380PDL3--7trw__A2_A0A380PDL3,0.18888881335441876,0.5,True
8syc__A1_Q13370--8syc__B1_Q13370,0.3158855998985022,0.5,True
1gk6__A1_P03069--1gk6__B1_P03069,0.5844776349583899,0.5,True
1reo__A1_Q6STF1--1reo__A2_Q6STF1,0.5768417358810529,0.5,True
6s3b__A1_Q88JK6--6s3b__B1_Q88JK6,0.47357763281704,0.5,True
7tl5__A1_A0A3F3B310--7tl5__B1_A0A3F3B310,0.8227892797585766,0.5,True
2asf__A1_P9WLL7--2asf__A2_P9WLL7,0.560237477861999,0.5,True
8ilj__A1_A0A242MJ43--8ilj__B1_A0A242MJ43,0.9563953488372093,0.5,True
4usc__A1_A0A0A0Y4H8--4usc__B1_A0A0A0Y4H8,0.5519467124128904,0.5,True
5yp3__A1_Q6F3I7--5yp3__B1_Q6F3I7,0.773415097561618,0.5,True
8aid__A1_Q9HWJ8--8aid__B1_Q9HWJ8,0.27986665914676606,0.5,True
7yp6__B1_E5L4T5--7yp6__A1_E5L4T5,0.5426208858105206,0.5,True
4aql__A1_Q9Y2T3--4aql__A2_Q9Y2T3,0.97844068858224,0.5,True
3idf__A1_O34252--3idf__B1_O34252,0.6705296878295719,0.5,True
8fjr__A1_D1A807--8fjr__B1_D1A807,0.8436164732523408,0.5,True
7z56__B1_F0NGX6--7z56__A1_F0NGX6,0.9480760107724907,0.49993674689269113,True
7olf__A1_A9CEY7--7olf__B1_A9CEY7,0.8825312770725184,0.5,True
3zta__A1_Q2RIF4--3zta__A2_Q2RIF4,0.8918056335474299,0.5,True
3abi__A1_O59312--3abi__B1_O59312,0.8937873531791518,0.5,True
5ab8__A1_P9WN25--5ab8__A2_P9WN25,0.2795407403079261,0.5,True
1guq__A1_P09148--1guq__B1_P09148,0.9320104004419314,0.5,True
6zdw__B1_A0A162MUP0--6zdw__A1_A0A162MUP0,0.8570998466983559,0.5,True
8csd__A1_Q6U8B0--8csd__A2_Q6U8B0,0.81793411457052,0.5,True
8bfr__A1_P30177--8bfr__A2_P30177,0.9846379222309787,0.5,True
7yk3__A1_O53604--7yk3__B1_O53605,0.9115143136792238,0.5,False
6xiv__A1_P16114--6xiv__B2_P16114,0.7159299063952413,0.5,True
8ajx__A1_P17117--8ajx__A2_P17117,0.7469669359284045,0.5071958777841877,True
8ayj__A1_D5EHC5--8ayj__B1_D5EHC5,0.9600960073653115,0.5,True
8a6e__B2_P02699--8a6e__A1_P02699,0.9409542112238117,0.5,True
4jb7__A1_Q9KTQ6--4jb7__A2_Q9KTQ6,0.4641055043174115,0.5,True
6h3f__A1_A0A0H3JT80--6h3f__A2_A0A0H3JT80,0.9462470367762847,0.5,True
6wxw__A1_F2NWD3--6wxw__B1_F2NWD3,0.6692652601333244,0.5,True
2zw2__A1_F9VNF4--2zw2__B1_F9VNF4,0.6607525983357284,0.5,True
2wo2__A1_P54764--2wo2__B1_P52799,0.871282993878663,0.5,False
1ord__A1_P43099--1ord__B1_P43099,0.747698288166437,0.5,True
8aa9__A1_Q9V1Y9--8aa9__B1_Q9V1Y9,0.5271217684765946,0.5,True
4i6y__B1_P13702--4i6y__A1_P13702,0.8785543486415825,0.5,True
1vh4__B1_P77689--1vh4__A1_P77689,0.7394349532985697,0.5,True
3ocd__A1_D7A6E5--3ocd__B1_Q7BQR5,0.6967907936921428,0.5,False
8pq7__A1_M1C5B8--8pq7__B1_D0N0Z8,0.4884443110043591,0.5,False
5abr__A1_P82802--5abr__B1_P82802,0.9651003393334683,0.5,True
2zmf__A1_Q9Y233--2zmf__B1_Q9Y233,0.4439179958446364,0.5,True
2vzk__B1_P0DJQ5--2vzk__A1_P0DJQ5,0.2984159102144551,0.5,True
7wm5__A1_A0A0C2W699--7wm5__A2_A0A0C2W699,0.6769479887547223,0.5,True
1zee__A1_Q8E972--1zee__B1_Q8E972,0.49941567681990806,0.5,True
1f3u__B1_P35269--1f3u__A1_P13984,0.7539213848143251,0.5,False
7tvh__B1_Q9I2Q1--7tvh__A1_Q9I2Q1,0.7507929804804805,0.5,True
5vgm__B1_Q9KL24--5vgm__A1_Q9KL24,0.8377410989917474,0.5,True
4zzh__A1_Q96EB6--4zzh__A2_Q96EB6,0.5088940103370526,0.5,True
6m4v__A1_P0AEX9--6m4v__B1_P62942,0.8823462482401331,0.5,False
7y28__A1_P07814--7y28__B1_P07814,0.5914344500110041,0.5,True
7y7u__A1_A0A222F232--7y7u__B1_A0A222F232,0.914917788866985,0.5,True
3fgc__A1_P07740--3fgc__B1_P07739,0.6154955552790856,0.5,False
1rve__A1_P04390--1rve__B1_P04390,0.9054749173812686,0.5,True
7zy1__A1_Q9F8A8--7zy1__A2_Q9F8A8,0.7334259021698719,0.5,True
3jxo__B1_A0A0F6AN26--3jxo__A1_A0A0F6AN26,0.653242902158334,0.5,True
8dqb__A1_A0A0H3FX83--8dqb__A2_A0A0H3FX83,0.6918400678244676,0.5,True
5l16__A1_Q4Q0M0--5l16__A2_Q4Q0M0,0.6145665488978749,0.5,True
3qt7__A1_Q9FD73--3qt7__B1_Q9FD73,0.9378483626371228,0.5,True
4aye__D1_Q9JXV4--4aye__A1_P08603,0.3973742969106439,0.5,False
7r3n__A1_P43432--7r3n__B1_P43432,0.7512200882313622,0.5,True
7a0x__B1_Q8ZRZ3--7a0x__A1_Q8ZRZ3,0.9505698706108003,0.5,True
7wjk__A1_P93836--7wjk__A2_P93836,0.873174075144711,0.5,True
7g99__B1_Q92974--7g99__A1_P61586,0.6441391333024266,0.5,False
7u0r__B1_M9SC49--7u0r__A1_M9SC49,0.7440843186733135,0.5,True
7wbt__A1_Q288C4--7wbt__B1_Q288C4,0.8063155637267256,0.5,True
7txe__A1_Q8I6T6--7txe__B1_Q8I6T6,0.3457699815141486,0.5,True
6pyp__A1_P21695--6pyp__B1_P21695,0.6305257630755885,0.5,True
8b2d__A1_F5SYD3--8b2d__B1_F5SYD3,0.8332101264648462,0.5,True
6b8l__B1_P0DP23--6b8l__A1_P56696,0.6844412465651086,0.5,False
8sj5__A1_A0A2I4FN75--8sj5__C1_A0A2I4FN75,0.27092583895810507,0.5,True
3nr1__A1_Q8N4P3--3nr1__B1_Q8N4P3,0.6106086684399937,0.5,True
3h3l__A1_A6LFX0--3h3l__A2_A6LFX0,0.7794785685417762,0.5,True
6jdh__A1_A0A2K0XYW4--6jdh__B1_A0A2K0XYW4,0.5721417335633473,0.5,True
3vjz__A1_Q9K0P4--3vjz__B1_Q9K0P4,0.3431788414475753,0.5,True
3et4__A1_Q4QMM5--3et4__A2_Q4QMM5,0.6029101565963786,0.5,True
5or3__A1_Q2UNF9--5or3__D1_Q2UNF9,0.8341535408974264,0.5,True
3fh3__B1_A0A6L8PES2--3fh3__A1_A0A6L8PES2,0.2938874898518888,0.5,True
1go3__A1_Q57840--1go3__B1_Q60351,0.8814967161493478,0.5,False
3zxq__B1_P9WGK1--3zxq__A1_P9WGK1,0.4143510244017642,0.5,True
1zlh__A1_P00730--1zlh__B1_Q5EPH2,0.6754365123388311,0.5,False
4h1h__A1_Q8Y6P6--4h1h__B1_Q8Y6P6,0.9273666164371193,0.5,True
2gh1__A1_Q81E32--2gh1__B1_Q81E32,0.5223410065687873,0.5,True
7dl7__F1_B0VJ11--7dl7__A1_B0VJ11,0.8982783280102375,0.5,True
7yu0__B1_Q79F77--7yu0__A1_Q79F77,0.5109267452412447,0.5,True
3cbu__B1_Q473P3--3cbu__A1_Q473P3,0.6525422569413568,0.5,True
3ihk__A1_Q8DVV9--3ihk__A2_Q8DVV9,0.7184697721005249,0.5,True
4y67__A1_Q8IKG4--4y67__B1_Q8IKG4,0.8136023668649065,0.5,True
6ejp__B1_P69986--6ejp__A1_P69986,0.24296290174915364,0.5,True
1poy__A1_P0AFK9--1poy__B1_P0AFK9,0.4677635271020493,0.5,True
3a7o__A1_Q03818--3a7o__B1_Q03818,0.9098866152497288,0.5,True
5n47__B1_P02751--5n47__A1_P80188,0.6989326182828591,0.5,False
8ejm__A1_O43143--8ejm__B1_Q8IWZ8,0.7802432348478249,0.5,False
7jl6__A1_Q9L523--7jl6__B1_Q9L523,0.7206565900300839,0.5,True
1npd__B1_P0A6D5--1npd__A1_P0A6D5,0.5056933231968528,0.5,True
8h0h__A1_P9WLU7--8h0h__C1_P9WLU7,0.27963872887987995,0.5,True
3t8l__A1_Q7CUX4--3t8l__B1_Q7CUX4,0.7626491157704451,0.5,True
7ol3__B1_Q8WXF7--7ol3__A1_Q8WXF7,0.6748571957263557,0.5,True
3ent__A1_Q2YAE2--3ent__B1_Q2YAE2,0.8106739865582797,0.5,True
2y4g__A1_D3Y1I2--2y4g__B1_D3Y1I2,0.9171204806467576,0.5,True
7ec7__A1_A0A0H2XGN0--7ec7__A2_A0A0H2XGN0,0.964160130546215,0.5,True
2o11__A1_P9WPY1--2o11__A2_P9WPY1,0.5743719424725052,0.5,True
8abq__A1_Q13596--8abq__B1_Q9Y5X3,0.7104064669139305,0.5,False
2sak__A1_P68802--2sak__A2_P68802,0.49170338015087045,0.5,True
8h5e__A1_Q5SMG8--8h5e__B1_Q5SMG8,0.7090619710322843,0.5,True
8bgm__B1_A0A5P3XKL3--8bgm__A1_A0A5P3XKM0,0.9061853651751853,0.5,False
2ps8__A1_P13513--2ps8__B1_P13513,0.7861768247731111,0.5,True
6awl__A1_O75208--6awl__B1_O75208,0.7011458071014858,0.5,True
4qds__A1_O60462--4qds__B1_O60462,0.2758938203601934,0.5,True
6qky__B1_Q97P33--6qky__A1_Q97P33,0.31084032920946264,0.5,True
8p3m__A1_W0DP94--8p3m__B1_W0DP94,0.7685059822963051,0.5,True
5v7y__A1_A0A4Y1WAP5--5v7y__B1_A0A4Y1WAP5,0.5319975973195554,0.5,True
4aps__A1_Q5M4H8--4aps__B1_Q5M4H8,0.7468329214798606,0.5,True
7ucn__A1_P50120--7ucn__B1_P50120,0.38704389762100067,0.5,True
1ni5__A1_P52097--1ni5__A2_P52097,0.9113603989070099,0.5,True
4a5o__B1_Q9I2U6--4a5o__A1_Q9I2U6,0.8977791918382866,0.5,True
8q5k__A1_A0A0H2Z7A6--8q5k__A2_A0A0H2Z7A6,0.7211005435072826,0.5,True
1ww5__A1_Q6WY08--1ww5__D1_Q6WY08,0.5605456651907591,0.5,True
7ww2__A1_A0A4Q9D6T1--7ww2__B1_A0A4Q9D6T1,0.7498232801908065,0.5,True
2pfk__A1_P0A796--2pfk__B1_P0A796,0.8383121718179977,0.5,True
1i2m__B1_P18754--1i2m__A1_P62826,0.7819363255490726,0.5,False
8i2e__A1_O34841--8i2e__B1_P54421,0.8900433133468049,0.5,False
3pfl__A1_P09373--3pfl__B1_P09373,0.9563301010805867,0.5,True
6gho__B1_Q5L1S1--6gho__A1_O31602,0.7211036415390707,0.5,False
1glj__A1_P0A6F3--1glj__B1_P0A6F3,0.8263107605868847,0.5,True
4zq8__B1_A0A0M3KL36--4zq8__A1_A0A0M3KL36,0.5574205611895384,0.5,True
5h4h__B1_O58236--5h4h__A1_O58236,0.6247903657448706,0.5,True
4iv9__A1_P06617--4iv9__B1_P06617,0.5127105852996965,0.5,True
6sdk__A1_P26497--6sdk__B1_P26497,0.48891808222860694,0.5,True
2fq4__A1_Q81BJ4--2fq4__A2_Q81BJ4,0.9355504887376311,0.5,True
7zeq__B1_Q9WXT1--7zeq__A1_Q9WXT1,0.8937684772622685,0.5,True
5z5h__A1_Q2I2N4--5z5h__A2_Q2I2N4,0.5917387678592879,0.5,True
2fe1__A1_Q8ZZP3--2fe1__A2_Q8ZZP3,0.9247440313457973,0.5,True
7wik__B1_A0R1E6--7wik__A1_A0R1E6,0.8564762291379904,0.5,True
7t8o__B1_Q8Y8Y9--7t8o__A1_Q8Y8Y9,0.8732413872132659,0.5,True
7t91__A1_P08151--7t91__B1_P08151,0.05040948043526669,0.5,True
3lg6__A1_D2YW48--3lg6__B1_D2YW48,0.9033935516043274,0.5,True
2o9a__A1_P16528--2o9a__D1_P16528,0.8426874941689213,0.5,True
1zhq__A1_Q9RHG4--1zhq__B1_Q9RHG4,0.7185566782801074,0.5,True
2e0k__B1_Q8KFD9--2e0k__A1_Q8KFD9,0.6708088541401166,0.5,True
6izb__A1_P13693--6izb__A2_P13693,0.5894870681825878,0.5,True
3a2f__A1_P61875--3a2f__B1_O73947,0.9589760284294,0.5,False
3vf0__B1_Q8IY67--3vf0__A2_P18206,0.683904518456729,0.5,False
8ehe__A1_A0A0A7KVG3--8ehe__B1_A0A1D3UUC0,0.7811020340142284,0.5,False
6hpc__A1_P67697--6hpc__B1_P67697,0.8332885823921474,0.5240618446677837,True
2x3o__A1_Q9I585--2x3o__B1_Q9I585,0.4791380336633768,0.5,True
5y40__A1_P55892--5y40__B1_P55892,0.6773809192652553,0.5,True
1y42__A1_P12063--1y42__A2_P12063,0.9292205463022369,0.5,True
2e91__A1_Q12051--2e91__B1_Q12051,0.752440483382407,0.5,True
3iuw__B1_Q8KUB7--3iuw__A1_Q8KUB7,0.9383878042976712,0.5,True
8e7y__A1_Q9RFC8--8e7y__B1_Q9RFC8,0.9098915657808276,0.5,True
4kzn__A1_P15692--4kzn__A2_P15692,0.734415110530332,0.5,True
7z7o__A1_A0A1S4NYF2--7z7o__C1_A0A1S4NYF2,0.7275409479787401,0.5,True
8brp__A1_D8G6F7--8brp__B1_D8G6F7,0.945205258684855,0.5,True
3qir__A1_Q8TC59--3qir__A2_Q8TC59,0.2922437554405661,0.5,True
8bay__A1_O75874--8bay__B1_O75874,0.7778069581190837,0.5,True
6mhm__B1_Q13510--6mhm__A1_Q13510,0.4506002548281163,0.5,True
8bj7__A1_P07598--8bj7__B1_P07603,0.8597793983066859,0.5,False
8b80__A1_W8QF82--8b80__B1_W8QF82,0.9143065760550676,0.5,True
5wxx__A1_Q9RNB4--5wxx__A2_Q9RNB4,0.8839897776612675,0.5,True
8f7l__A1_P43490--8f7l__B1_P43490,0.7205173748821012,0.5,True
3cz1__A1_Q9U9J6--3cz1__B1_Q9U9J6,0.7359091906943996,0.5,True
8a0c__A1_Q2ERG0--8a0c__B1_Q2ERG0,0.896826336612974,0.5,True
5mpy__A1_Q9LPZ1--5mpy__B1_Q9LPZ1,0.300279364897753,0.5,True
1anu__A1_Q06851--1anu__A2_Q06851,0.27260713851214535,0.5,True
3vs8__A1_C1DM33--3vs8__C1_C1DM33,0.9421486883607353,0.5,True
7zi8__A1_P27707--7zi8__A2_P27707,0.8362366460110162,0.5,True
1peu__A1_Q08698--1peu__A2_Q08698,0.6898576826641241,0.5,True
5uk5__B1_Q63722--5uk5__A1_Q07008,0.5495687731827347,0.5,False
7vg5__A1_Q49135--7vg5__B1_Q49135,0.712645918349849,0.5,True
4jkz__A1_A0R6I8--4jkz__A2_A0R6I8,0.5751884258802293,0.5,True
4aa8__A1_P00794--4aa8__A2_P00794,0.6058284131697336,0.5,True
5yew__A1_Q8IWA4--5yew__B1_Q8IWA4,0.9131489113572449,0.5,True
1hf2__B1_Q9X0D7--1hf2__A1_Q9X0D7,0.8766485138238385,0.5,True
3au0__A1_Q7A382--3au0__A2_Q7A382,0.24750004270896203,0.5,True
3gif__A1_O34757--3gif__B1_O34757,0.7453081156194485,0.5,True
5c6u__A1_O69689--5c6u__A2_O69689,0.9677010138954923,0.5,True
4nv4__A1_A0A6L7HM74--4nv4__A2_A0A6L7HM74,0.3400591857457843,0.5,True
6axf__A1_Q7LDG7--6axf__B1_P61224,0.7045505373860399,0.5,False
5yf1__B1_Q8N4J0--5yf1__A1_Q8N4J0,0.8723588326338094,0.5,True
8j83__A1_C5ATT7--8j83__B1_C5ATT6,0.7439452942224011,0.5,False
3fjy__B1_A0ZZM4--3fjy__A1_A0ZZM4,0.5081216441525521,0.5,True
4rg1__A1_Q5T280--4rg1__B1_Q5T280,0.8877063910548503,0.5,True
1ux4__A1_P41832--1ux4__A2_P41832,0.5009861971876298,0.5,True
6rbm__A1_P0ACT4--6rbm__A2_P0ACT4,0.5833205513949851,0.5,True
7wis__A1_P46881--7wis__B1_P46881,0.9180792782358913,0.5,True
5a3l__A1_A0A1A9TAD0--5a3l__C1_A0A1A9TAD0,0.22254881286211742,0.5,True
2gz4__A1_Q7D028--2gz4__C1_Q7D028,0.47789174306180293,0.5,True
2f9w__A1_Q9HWC1--2f9w__B1_Q9HWC1,0.7227451201310013,0.5,True
2ox1__A1_O30011--2ox1__B1_O30011,0.992584827641721,0.5,True
2guh__A1_Q0S8Y3--2guh__B1_Q0S8Y3,0.6976206565860491,0.5,True
7br1__A1_A0A7I6N400--7br1__B1_A0A7I6N400,0.5602314489464407,0.5,True
2p04__A1_D0VWX5--2p04__B1_D0VWX5,0.9735500126482822,0.5,True
4h5b__A1_Q9RUY5--4h5b__B1_Q9RUY5,0.5488272606579142,0.5,True
4e1o__A1_P19113--4e1o__B1_P19113,0.6583774470546417,0.5,True
7pu4__B1_Q9X053--7pu4__A1_Q9X053,0.30521661496645885,0.5,True
3m1u__A1_Q72DN3--3m1u__B1_Q72DN3,0.8087762782425937,0.5,True
7qii__A1_P0C2N2--7qii__B1_P0C2N4,0.9031150509763812,0.5,False
6ird__A1_Q91UZ1--6ird__B1_Q8NI35,0.49207785492143,0.5,False
6gg2__A1_Q4WD43--6gg2__A2_Q4WD43,0.7730518253939935,0.5,True
6oei__A1_Q8KG60--6oei__A2_Q8KG60,0.6209335601740085,0.5,True
8hyi__A1_P22223--8hyi__B1_P22223,0.7044789795128885,0.5,True
4b8v__A1_B3VBK9--4b8v__A2_B3VBK9,0.45438894028163224,0.5,True
4lqb__A1_D2Q399--4lqb__B1_D2Q399,0.7006236911848998,0.5,True
2vxb__A1_P87074--2vxb__B1_P87074,0.1478146174760953,0.5,True
1t72__A1_O67053--1t72__B1_O67053,0.8759070320345965,0.5,True
5z1o__A1_D0VWU8--5z1o__B1_D0VWU8,0.7420356220708006,0.5,True
6h40__A1_K5B7F3--6h40__A2_K5B7F3,0.45051289185508936,0.5,True
2etk__A1_Q13464--2etk__B1_Q13464,0.6867324620533669,0.5,True
2p69__A1_Q96GD0--2p69__A2_Q96GD0,0.7727704041790497,0.5,True
4doy__A1_Q6WNP1--4doy__C1_Q6WNP1,0.8416973198353386,0.5,True
6zxw__A1_O29011--6zxw__B1_A0A117KMN5,0.5052623895702748,0.5,False
3lhk__A1_Q60329--3lhk__B1_Q60329,0.6017773752457531,0.5,True
6e52__A1_P03069--6e52__B1_P03069,0.5504493826424247,0.5,True
1fwl__A1_Q58504--1fwl__B1_Q58504,0.9854731595774966,0.5,True
5nkk__A1_O62301--5nkk__B1_Q9XWJ1,0.7734739384037946,0.5,False
1ygt__A1_Q94524--1ygt__A2_Q94524,0.8129659739719676,0.4996719698212235,True
6p40__A1_M1GSK9--6p40__B1_M1GSK9,0.8129885214761005,0.5,True
2wyn__B1_P13482--2wyn__D1_P13482,0.7119605199636482,0.5,True
7yui__A1_P0CG48--7yui__B1_Q9BYM8,0.8615913519025413,0.5,False
8dml__B1_Q87GI3--8dml__A1_Q87GI4,0.9142741618084766,0.5,False
2oi2__A1_A0A0H2UNK6--2oi2__A2_A0A0H2UNK6,0.5798653136393521,0.5,True
4wud__A1_P0AES6--4wud__A2_P0AES6,0.7344112848919804,0.5,True
5yzj__A1_A8K0B5--5yzj__B1_A8K0B5,0.39189443625066683,0.5,True
8f61__A1_Q28943--8f61__B1_Q28943,0.8075208411581217,0.5,True
5ho3__A1_W6KHH6--5ho3__B1_W6KHH6,0.3756599570951563,0.5,True
1cmc__A1_P0A8U6--1cmc__B1_P0A8U6,0.7207119627983927,0.5077071290944123,True
6oe2__A1_Q8A9F0--6oe2__A2_Q8A9F0,0.26644737051663386,0.5,True
3gzi__A1_A3QIY5--3gzi__A2_A3QIY5,0.7998912308118211,0.5,True
8pr6__B1_A0A1Q6BKH4--8pr6__A1_A0A1Q6BKH4,0.41648314975530065,0.5,True
8j64__A1_Q967S9--8j64__B1_O00816,0.43062551566843765,0.5,False
8ohw__A1_Q63T97--8ohw__B1_Q63T97,0.4641288166914773,0.5,True
5y4r__A1_O87131--5y4r__B1_Q9HVI1,0.6537184605337119,0.5,False
3ddh__A1_Q8A5Q8--3ddh__B1_Q8A5Q8,0.6383094572013294,0.5,True
8d3t__B1_A0A2K2AMS7--8d3t__A1_A0A2K2AMS7,0.5153074112316438,0.5,True
1zk8__A1_Q815X4--1zk8__B1_Q815X4,0.843899569063172,0.5,True
2w82__A1_Q47730--2w82__B1_Q47730,0.9902453633163453,0.5,True
6l08__A1_O65896--6l08__B1_O65896,0.5948284655189571,0.5,True
4p94__B1_Q4J9K8--4p94__A1_Q4J9K8,0.9437779267202859,0.5,True
4yii__A1_O00762--4yii__B1_Q9UJX6,0.5846326415452203,0.5,False
4rus__A1_P68512--4rus__B1_P68512,0.6428658331265654,0.5,True
2o48__A1_Q9TQS6--2o48__A2_Q9TQS6,0.762271422870662,0.5,True
7pvw__B1_P00523--7pvw__A1_P00523,0.39146153776904147,0.5,True
2wcu__A1_Q8R2K1--2wcu__B1_Q8R2K1,0.9653119442528945,0.4999785867237687,True
2p35__A1_Q8UH15--2p35__B1_Q8UH15,0.6258803567132417,0.5,True
5jj8__A1_Q9HVB9--5jj8__A2_Q9HVB9,0.7103052154525683,0.5,True
6ije__A1_A0A083ZID3--6ije__B1_A0A083ZID3,0.31304158290393497,0.5,True
8avu__A1_Q8GPI4--8avu__A2_Q8GPI4,0.9294799850355405,0.5,True
7xdu__B1_A0A1I1Z0X1--7xdu__A1_A0A1I1Z0X1,0.920001568011797,0.4999958179293732,True
1xr4__A1_Q8ZRY1--1xr4__B1_Q8ZRY1,0.9376499893144016,0.5,True
2fuq__A1_C6XZB6--2fuq__B1_C6XZB6,0.9069832225852295,0.5,True
5xrw__A1_O25306--5xrw__C1_O25674,0.9147389728530079,0.5,False
5l0o__A1_P46940--5l0o__B1_P46940,0.40013554085065955,0.5,True
2zcx__A1_Q9FBX0--2zcx__A2_Q9FBX0,0.640201497772183,0.5,True
5way__A1_Q97P44--5way__B1_Q97P44,0.8329779519429708,0.5,True
7xey__A1_Q9SU72--7xey__B1_Q9S745,0.7927598201120682,0.5,False
4xlo__C1_Q9KHK2--4xlo__A1_Q9KHK2,0.6527876076804929,0.5,True
6kd6__B1_Q9VAA9--6kd6__A1_Q9VAA9,0.276875903475554,0.5,True
8k72__A1_Q9NWT6--8k72__A2_Q9NWT6,0.9090006942554669,0.5,True
8b5v__A1_Q4E4A3--8b5v__B1_Q4E4A3,0.5150741973602608,0.5,True
4yo3__A1_D3GUX1--4yo3__A2_D3GUX1,0.6228711848070312,0.5,True
6hrx__A1_O53623--6hrx__B1_O53623,0.4136765490459412,0.5,True
3mdo__A1_A6LDR8--3mdo__B1_A6LDR8,0.8596004288020217,0.5,True
8iw0__A1_Q14678--8iw0__B1_Q14678,0.4922012953584108,0.5,True
2rb7__A1_Q313A9--2rb7__B1_Q313A9,0.7256773485278004,0.5,True
3lsj__A1_Q9HUS3--3lsj__B1_Q9HUS3,0.46905934101244984,0.5,True
8g0q__A1_P40460--8g0q__B1_P33895,0.6857646190887956,0.5,False
6ms4__A1_Q9ULC4--6ms4__B1_O43583,0.8792665481559183,0.5,False
7y6b__A1_A0A411GZY8--7y6b__B1_A0A411H025,0.6741086099244168,0.5,False
7zyt__A1_P09622--7zyt__B1_P09622,0.6373929969097096,0.5,True
7lle__A1_Q6QVT7--7lle__B1_Q6QVT7,0.839894301571207,0.5,True
4csw__A1_D0MK34--4csw__B1_D0MK34,0.9182142977413356,0.5,True
7tev__A1_P04181--7tev__A2_P04181,0.6596827649144321,0.5,True
2hsa__B1_Q9FEW9--2hsa__A1_Q9FEW9,0.6242122813079802,0.5,True
4tsd__A1_O25673--4tsd__B1_O25673,0.6869736166501376,0.5,True
7qh0__B1_P48499--7qh0__A1_P48499,0.8711220822421949,0.5,True
1ayf__B1_P00257--1ayf__A1_P00257,0.4215004793863854,0.5,True
3neu__A1_Q92AT3--3neu__A2_Q92AT3,0.7084917953667954,0.5,True
8f9x__A1_Q5LVE1--8f9x__B1_Q5LVE1,0.7090512031671977,0.5,True
3pui__A1_Q9L9D7--3pui__A2_Q9L9D7,0.9054266615545443,0.5,True
1rqi__A1_P22939--1rqi__B1_P22939,0.9109523426762789,0.5,True
1r27__A1_P09152--1r27__B1_P11349,0.9420988253037207,0.5,False
7zuv__A1_A0A2K3DY10--7zuv__D2_A0A2K3DY10,0.6446089265526475,0.5,True
2aho__A1_Q980A5--2aho__B1_Q97Z79,0.9653591064654152,0.5,False
6mni__A1_A0A2V0QX35--6mni__B1_A0A2V0QX35,0.589650994894253,0.5,True
4kif__B1_Q643C8--4kif__A1_Q643C8,0.8871993231704924,0.5,True
7vyu__A1_A0A022MLV4--7vyu__B1_A0A022MLV4,0.7997360043613644,0.5,True
3g23__A1_Q2G8F3--3g23__B1_Q2G8F3,0.832080658303561,0.5,True
3ui3__A1_O05728--3ui3__B1_O05728,0.606440107614489,0.5,True
8ohy__A1_Q556V8--8ohy__A2_Q556V8,0.7686679981604536,0.5,True
5zgo__A1_Q5SHW6--5zgo__B1_Q5SHW6,0.7285616409478033,0.5,True
5uph__B1_Q14108--5uph__A1_Q14108,0.6109313257688513,0.5,True
6u3w__A1_P53622--6u3w__B1_P40509,0.9222810072297876,0.5,False
2gsv__B1_P71066--2gsv__A1_P71066,0.3815735325969244,0.5,True
7yh1__A1_A0A5B9DB95--7yh1__B1_A0A5B9DB95,0.7273872752068985,0.5,True
6c6r__A1_Q14534--6c6r__B1_Q14534,0.9287761482120086,0.5,True
6p4o__B1_Q970I1--6p4o__A1_Q970I2,0.8473608660300002,0.5,False
2oys__A1_A0A0H2URW2--2oys__B1_A0A0H2URW2,0.7492412118662667,0.5,True
8i85__A1_D2B3F1--8i85__B1_D2B3F1,0.8897856640759072,0.5,True
2b0a__A1_Q58193--2b0a__A2_Q58193,0.9239434251389489,0.5,True
3ayh__B1_O94285--3ayh__A1_Q9C0Z9,0.9041377913194747,0.5,False
2g38__B1_Q79FE1--2g38__A1_Q7D756,0.8627615045889316,0.5,False
2z6k__A1_P15927--2z6k__C1_P35244,0.6535431996424904,0.5,False
3p8b__B1_Q8TZK1--3p8b__A1_Q8U440,0.8370192889469735,0.5,False
6z68__A1_A0A1M6Y2K1--6z68__B1_A0A1M6Y2K1,0.4501327427232415,0.5,True
5yz5__A1_Q16555--5yz5__A2_Q16555,0.7523231802983691,0.5,True
6dk9__A1_A7A1Y4--6dk9__A2_A7A1Y4,0.8789037978656622,0.5,True
8ai1__B1_Q45595--8ai1__A1_Q45595,0.6928983667763954,0.5,True
7px0__B1_Q9VF53--7px0__A1_Q9VF53,0.9308608498864188,0.5,True
4cmz__B1_Q9BXM0--4cmz__A1_Q9BXM0,0.00862863405684819,0.5,True
8gyz__B1_Q93ZE2--8gyz__A1_Q93ZE2,0.5450372887754922,0.5,True
2ikb__A1_Q7DDI9--2ikb__C1_Q7DDI9,0.9098923112610501,0.5,True
7zam__A1_Q07666--7zam__B1_Q07666,0.1302735072453503,0.5,True
3egv__A1_Q84BQ9--3egv__B1_Q5SLP6,0.6544643596169503,0.5,False
2g9w__A1_P9WMJ5--2g9w__B1_P9WMJ5,0.7422920084151212,0.5,True
2afv__A1_Q8EXP7--2afv__B1_Q8EXP7,0.9647523785299802,0.5,True
7w93__A1_A0A140N873--7w93__A2_A0A140N873,0.8910656555849661,0.5,True
1wl3__B1_Q9X1M1--1wl3__A1_Q9X1M1,0.542212526008694,0.5,True
4kbx__A1_P45550--4kbx__A2_P45550,0.8293151266159117,0.5,True
8brn__C1_P80366--8brn__A1_P80366,0.9578461863683837,0.5,True
8h5a__A1_P67661--8h5a__B1_P67661,0.38648140024286814,0.5,True
8b4l__B1_D5SK09--8b4l__A1_D5SK09,0.8951395563426334,0.5,True
1nrj__B1_P36057--1nrj__A1_P32916,0.9057502745698772,0.5,False
4rdw__A1_Q9HU77--4rdw__A2_Q9HU77,0.8143187959030105,0.5,True
7vpr__A1_Q6FX18--7vpr__B1_Q6FX18,0.42781263197768604,0.5,True
5a6k__A1_A0A0H2US73--5a6k__B1_A0A0H2US73,0.9484875921636566,0.5,True
7ucd__B1_P17535--7ucd__A1_P53539,0.5852041498188684,0.5,False
1qc9__A1_P00642--1qc9__A2_P00642,0.82955145249352,0.5,True
3ooc__A1_P77239--3ooc__B1_P77239,0.5065955894324261,0.5,True
8pm1__A1_B8GAY9--8pm1__B1_B8GAY9,0.574329793343283,0.5,True
1vbg__A1_P11155--1vbg__A2_P11155,0.7698922812460404,0.5,True
4ovo__A1_P67954--4ovo__A2_P67954,0.8711780144516504,0.5102040816326531,True
2qgs__A1_A0A0H2VIU2--2qgs__B1_A0A0H2VIU2,0.8195279746323607,0.5,True
8bol__A1_Q04609--8bol__A2_Q04609,0.9312700471372551,0.5,True
3mii__B1_Q08914--3mii__A1_Q08914,0.8929095581453358,0.5,True
3i23__A1_Q835X4--3i23__B1_Q835X4,0.8916628809360319,0.5,True
3itf__A1_P0AE85--3itf__B1_P0AE85,0.3516581437217498,0.5,True
6mw5__A1_K3WC47--6mw5__A2_K3WC47,0.6588971104917399,0.5,True
5vht__A1_P0A9J8--5vht__B1_P0A9J8,0.9627062385924113,0.5,True
6j6x__B1_P53611--6j6x__A1_Q7Z6K3,0.8400239509056882,0.5,False
4tvb__A1_O32323--4tvb__B1_O32323,0.6708752616514594,0.5,True
3jyu__A1_P35123--3jyu__B1_P35123,0.698678842279183,0.5,True
8dtc__A1_L8GT25--8dtc__B1_L8GT25,0.6542467059988277,0.5,True
8fny__A1_O00418--8fny__B1_P0DP23,0.8186017186860357,0.5,False
7v0b__A1_A0A1E7MYN1--7v0b__B1_A0A1E7MYN1,0.7473056787143971,0.5,True
2vvo__A1_P9WKD7--2vvo__B1_P9WKD7,0.5642512396432153,0.5,True
5yjh__A1_Q15063--5yjh__A2_Q15063,0.6778137005452588,0.5,True
2z5e__A1_Q9BT73--2z5e__B1_Q9BT73,0.623779586473712,0.5,True
1a8l__A1_Q51760--1a8l__A2_Q51760,0.9968473739324245,0.5,True
8h0r__A1_Q9WVJ5--8h0r__B1_Q9WVJ5,0.26964411557434814,0.5,True
2j7j__A1_P03001--2j7j__A2_P03001,0.33890741521917195,0.5,True
7zbg__A1_Q02880--7zbg__A2_Q02880,0.5025645863961743,0.5,True
1rku__A1_Q9I2Y2--1rku__B1_Q9I2Y2,0.824699422286854,0.5,True
2wvl__A1_Q72K30--2wvl__B1_Q72K30,0.7712120441666402,0.5,True
8ewa__B1_Q9HW02--8ewa__A1_Q9HW02,0.8944959347635935,0.5,True
2ft0__A1_Q8FBQ3--2ft0__B1_Q8FBQ3,0.34575490059086555,0.5,True
2r01__A1_Q8KFI1--2r01__A2_Q8KFI1,0.7200012944057825,0.5,True
8hno__A1_B6YTS4--8hno__B1_B6YTS4,0.9380883772631561,0.5,True
6x88__A1_P52731--6x88__B1_P52731,0.6905521586075625,0.5,True
2x76__A1_Q939Q9--2x76__A2_Q939Q9,0.9799352038482624,0.5,True
7x2p__A1_Q5ZWH7--7x2p__B1_Q5ZWH7,0.5146889725391479,0.5,True
2aeu__A1_Q57622--2aeu__A2_Q57622,0.8021409455655195,0.5,True
5kbg__A1_Q43965--5kbg__B1_Q43965,0.8670092138698025,0.5,True
4p9g__A1_Q9REI7--4p9g__A2_Q9REI7,0.9100610129004871,0.5,True
7tcv__A1_Q60932--7tcv__A2_Q60932,0.7797410020588527,0.5,True
7vkb__A1_Q5ZSZ6--7vkb__B1_Q5ZSZ7,0.8357879354894657,0.5,False
7r2p__A1_Q46877--7r2p__A2_Q46877,0.506848742887704,0.5,True
6ggl__B1_C9K1X5--6ggl__A1_C9K1X5,0.6287421614980161,0.5,True
7yi7__A1_Q9Y251--7yi7__B1_Q9Y251,0.31958440454553144,0.5,True
7yka__B1_Q9Y3D6--7yka__A1_Q9Y3D6,0.22678058895028752,0.5,True
8jea__A1_K1QRB6--8jea__D1_K1QRB6,0.6846025980825234,0.5,True
8huc__C1_A0A0H2Z790--8huc__A1_A0A0H2Z790,0.8379344862248921,0.5,True
5mpr__A1_O15382--5mpr__A2_O15382,0.7856165876406522,0.5,True
4ooj__B1_Q5ZSK6--4ooj__A1_Q5ZSK6,0.5602476791164823,0.5,True
8a5v__A1_Q9Y617--8a5v__C1_Q9Y617,0.6335611573370742,0.5,True
3lm2__A1_A9CH74--3lm2__B1_A9CH74,0.9451207452384249,0.5,True
7zwt__A1_P41182--7zwt__A2_P41182,0.06913609385998566,0.5,True
5zwl__B1_Q8DLU1--5zwl__A1_Q8DLG7,0.94842677893884,0.5,False
6wmz__A1_P23246--6wmz__B1_Q15233,0.4786999494095907,0.5,False
1i4m__A1_P04156--1i4m__A2_P04156,0.28198684868722024,0.5,True
2gjg__A1_Q88EQ6--2gjg__A2_Q88EQ6,0.7760462557561913,0.5,True
4ghm__A1_Q9KTK0--4ghm__B1_Q9KTK0,0.5614232115269414,0.5,True
1tve__A1_P31116--1tve__B1_P31116,0.9135319524868941,0.5,True
3onx__A1_P41697--3onx__B1_P41697,0.8272142799613402,0.5,True
8cp4__A1_Q6LXV7--8cp4__A2_Q6LXV7,0.580966678386266,0.5,True
1ob9__A1_Q97YX6--1ob9__A2_Q97YX6,0.8045888482301636,0.5,True
7zcc__B1_P46327--7zcc__A1_P46327,0.9388592763296876,0.5,True
4kwd__A1_Q9UR08--4kwd__B1_Q9UR08,0.9944307760524381,0.5,True
7wuy__A1_A0A1R3S1W7--7wuy__B1_A0A1R3S1W7,0.8266049151895108,0.5,True
5gtw__A1_I3NX86--5gtw__D1_I3NX86,0.8953113653428266,0.5,True
6loh__A1_O15033--6loh__A2_O15033,0.6553989903240619,0.5,True
3a9y__A1_Q68FT9--3a9y__B1_Q68FT9,0.6953207929188312,0.5,True
8ay6__B1_Q9CAJ0--8ay6__A1_A0A067E666,0.7497818525403472,0.5,False
8u5m__A1_Q8TF42--8u5m__F1_Q8TF42,0.8304354003216141,0.5,True
7twa__D1_F8JJ25--7twa__A1_F8JJ25,0.7919544261192489,0.5,True
8fju__B1_P34897--8fju__A1_P34897,0.6830355284034986,0.5,True
1fjj__A1_P12994--1fjj__A2_P12994,0.8621864347117236,0.5,True
8iyi__A1_Q6CVU4--8iyi__B1_Q6CVU4,0.8082977359542745,0.5,True
1uus__A1_O00910--1uus__A2_O00910,0.7546422865273308,0.5,True
1zt2__A1_Q97Z83--1zt2__C1_Q9UWW1,0.9645402106881306,0.5,False
7uex__A1_Q9H999--7uex__A2_Q9H999,0.9392390283244004,0.5,True
6jqy__A1_P9WF13--6jqy__B1_P9WF13,0.741265467904099,0.5,True
6l6w__A1_A0A3B6UEU3--6l6w__A2_A0A3B6UEU3,0.8192635067698624,0.5,True
8grj__B1_Q8GQE7--8grj__A1_A0A0H3KLY3,0.833098033110764,0.5,False
2j0n__B1_P18013--2j0n__A1_P18013,0.5781556934506513,0.5,True
5ae6__B1_Q92458--5ae6__A1_Q92458,0.8795529748122675,0.5,True
7qi3__A1_W7NDP8--7qi3__C1_W7NDP8,0.8682998893019327,0.5,True
2yve__A1_Q8NMG3--2yve__B1_Q8NMG3,0.8150108487897253,0.5,True
5ynx__A1_B2GM84--5ynx__B1_B2GM84,0.7955922439308257,0.5,True
2r6u__A1_Q0S814--2r6u__C1_Q0S814,0.8513237247451292,0.5,True
8b6m__A1_Q9H2K2--8b6m__B1_Q9H2K2,0.35234115719111125,0.5,True
3kc2__A1_P36151--3kc2__B1_P36151,0.9655419251814988,0.5,True
3vp5__A1_Q9CHR1--3vp5__A2_Q9CHR1,0.8495368421052631,0.5,True
7pvh__A1_B2RLE7--7pvh__B1_B2RLE7,0.5994293888423867,0.5,True
4nqf__B2_Q7CW19--4nqf__A1_Q7CW19,0.954451752632543,0.5,True
1vjh__A1_P0C0B0--1vjh__B1_P0C0B0,0.8756418170700667,0.5,True
5xw4__B1_Q00684--5xw4__A1_Q00684,0.5351427502568551,0.5,True
8aai__A1_O00560--8aai__C1_O00560,0.44038408435147197,0.5,True
4xdl__A1_P57789--4xdl__B1_P57789,0.6124891930722423,0.5,True
6ukl__A1_P0A901--6ukl__F1_P0A901,0.16687568419268697,0.5,True
5dot__A1_P31327--5dot__B1_P31327,0.8365575054237967,0.5,True
5by4__A1_P0ABV6--5by4__A2_P0ABV6,0.9784878540820112,0.5,True
7zxs__A1_Q86TI2--7zxs__C1_Q86TI2,0.8729468198585104,0.5,True
1v6u__A1_Q7SI98--1v6u__B1_Q7SI98,0.6358420589706967,0.5,True
6e27__A1_Q9H257--6e27__B1_Q9H257,0.2536222013616295,0.5,True
7szd__A1_Q96S44--7szd__B1_Q9Y3C4,0.9767365457309364,0.5,False
1h9r__A1_P0A9G8--1h9r__B1_P0A9G8,0.6468712214480834,0.5,True
3on6__A1_A7M0J6--3on6__B1_A7M0J6,0.6488689366835991,0.5,True
8fwy__A1_Q4DGA2--8fwy__B1_Q4DGA2,0.4712574025980125,0.5,True
1yu6__A1_P00780--1yu6__C1_P68390,0.9375489003702366,0.5,False
6ek1__A1_A0A452CST7--6ek1__A2_A0A452CST7,0.8722905292719153,0.5,True
6ckj__A1_P0A0Z8--6ckj__A2_P0A0Z8,0.8734846246408277,0.5,True
1w33__A1_O50957--1w33__B1_O50957,0.4372679946107866,0.5,True
4usk__B1_H7C745--4usk__B2_H7C745,0.48170093626135657,0.5,True
6cmv__B1_Q4J9G1--6cmv__A1_Q4J9G1,0.904728477118522,0.5,True
7y70__A1_F4KCC2--7y70__A2_F4KCC2,0.6247675332087617,0.5,True
3cwx__A1_P94837--3cwx__B1_P94837,0.8984715238159665,0.5,True
3p1y__A1_O29362--3p1y__B1_O29362,0.7647960305635704,0.5,True
8a8i__A1_Q9R9V9--8a8i__B1_Q9R9V9,0.9792112129052556,0.5,True
5d1l__A1_P62837--5d1l__B1_Q96BH1,0.6311459974038436,0.5,False
8og3__A1_P38489--8og3__B1_P38489,0.6919383493178328,0.5,True
4neh__A1_P20702--4neh__B1_P05107,0.7894817963899435,0.5,False
2prv__A1_O34596--2prv__B1_O34596,0.7058621197652364,0.5,True
6kvn__A1_A0A1S4CVP6--6kvn__A2_A0A1S4CVP6,0.7982756834329376,0.5,True
5tgq__A1_A0A1S4NYF7--5tgq__A2_A0A1S4NYF7,0.8945578693151508,0.5,True
6b3i__A1_P27216--6b3i__B1_P27216,0.5194695170152783,0.5,True
1rqn__A1_O31156--1rqn__B1_O31156,0.9564918386962923,0.5,True
7tcr__A1_A0A2D2D5M1--7tcr__D1_A0A2D2CY73,0.9244016895368925,0.5,False
5l7z__A1_P28750--5l7z__A2_P28750,0.6793855262646398,0.5,True
7ljh__A1_Q769D3--7ljh__B2_Q769D3,0.9327835092740103,0.5,True
7xmw__B1_U2Q5N5--7xmw__A1_U2Q5N5,0.4227228842851562,0.5,True
7w2o__A1_Q9HZP1--7w2o__B1_Q9HZP1,0.8564117423164364,0.5,True
7uay__A1_P08684--7uay__A2_P08684,0.9975895165142682,0.5,True
5czf__D1_A0A0H3JHG3--5czf__A1_Q8XAD5,0.47173798707238246,0.5,False
2p6p__A1_Q9RPA7--2p6p__B1_Q9RPA7,0.6146748798784136,0.5,True
4u64__A1_Q5ZXA3--4u64__A2_Q5ZXA3,0.8520205872842871,0.5,True
7qbm__A1_P43235--7qbm__B1_P43235,0.3032362683922656,0.5,True
3nvm__A1_Q8U4M1--3nvm__B1_Q8U4M2,0.8826837546466177,0.5,False
3wws__A1_Q13188--3wws__D1_Q13188,0.8861701808497873,0.5,True
4c87__A1_F9UMG7--4c87__B1_F9UMG7,0.7808122317831494,0.5,True
2d7e__A1_P17888--2d7e__B1_P17888,0.42012860544097896,0.5,True
7xro__A1_Q9RQ20--7xro__B1_Q9RQ20,0.4453080107180838,0.5,True
5yrj__A1_B6F0T7--5yrj__B1_A0A2Z5V8U8,0.6410735674819366,0.5,False
6yev__C1_P0A744--6yev__A1_P0AA25,0.9508611677193388,0.5,False
8glr__A1_Q8ZJX7--8glr__A2_Q8ZJX7,0.6341194925805509,0.5,True
5fwt__A1_Q96MU8--5fwt__A2_Q96MU8,0.7432287010196754,0.5,True
4e6s__A1_Q3URR7--4e6s__A2_Q3URR7,0.2804744578593886,0.5,True
8enb__B1_A7DT38--8enb__A1_A0T3A2,0.5560085620102526,0.5,False
8h4p__A1_I1S104--8h4p__B1_I1S104,0.8345220174972334,0.5,True
7yo8__A1_P60520--7yo8__A2_P60520,0.5653233750039295,0.5,True
8elf__B1_Q6DYE4--8elf__A1_Q6DYE4,0.7162464053335748,0.5,True
1ax2__A1_P16404--1ax2__A2_P16404,0.3892706011564428,0.5,True
8i33__C1_A0A6Q8PFJ0--8i33__A1_A0A6Q8PFJ0,0.7275274726308715,0.5,True
3q9l__A1_P0AEZ3--3q9l__B1_P0AEZ3,0.7766684766711431,0.5,True
2yk4__A1_P72097--2yk4__A2_P72097,0.3198812843637514,0.5,True
7u5f__C1_Q9HTM2--7u5f__A1_Q9HTM2,0.59389313768161,0.5,True
5xt3__B1_A0A0U1MUE2--5xt3__A1_A0A0U1MUE2,0.8987567604303783,0.5,True
5iws__A1_Q63GK8--5iws__A2_Q63GK8,0.795498296309453,0.5,True
2owl__A1_P36767--2owl__B1_P36767,0.7954005770926509,0.5,True
8bca__A1_O75643--8bca__B1_Q6P2Q9,0.7382085801189385,0.5,False
3mcb__B1_P20290--3mcb__A1_Q13765,0.7664810342189131,0.5,False
8gy8__A1_Q8TZT0--8gy8__B1_Q8TZT0,0.886837608618336,0.5,True
8dkd__A1_G7CIP4--8dkd__A2_G7CIP4,0.7439506956567741,0.5,True
7dus__A1_P08965--7dus__A2_P08965,0.07655439086264328,0.5,True
8gb1__A1_Q9Y3Z3--8gb1__B1_Q9Y3Z3,0.4988399161712414,0.5,True
6ikj__A1_Q9I4L6--6ikj__B1_Q9I4L6,0.3679353992341512,0.5,True
8b2q__A1_D0EM77--8b2q__B1_G8UM88,0.5807175705132326,0.5,False
5x42__A1_Q5ZYB7--5x42__B1_Q5ZYC6,0.7491251149514516,0.5,False
1vkh__A1_Q04066--1vkh__B1_Q04066,0.7451825831483817,0.5,True
5omd__A1_Q04377--5omd__A2_Q04377,0.9166495719476938,0.5,True
2vsg__A1_P26329--2vsg__B1_P26329,0.5133429469233789,0.5,True
1jql__A1_P0A988--1jql__B1_P28630,0.9216518461992126,0.5,False
1w9c__A1_O14980--1w9c__B1_O14980,0.10728719811313472,0.5,True
3upl__A1_Q2YIM3--3upl__B1_Q2YIM3,0.8511402403234309,0.5,True
3tm2__A1_Q83XN4--3tm2__B1_Q83XN4,0.5539677313980162,0.5,True
3kxa__A1_Q5F9C2--3kxa__B1_Q5F9C2,0.7747806986196283,0.5,True
7yls__B1_C5CSP6--7yls__A1_C5CSP7,0.9141998761820125,0.5,False
7psg__A1_Q6D515--7psg__B1_Q6D515,0.9245735400934123,0.5,True
8pte__A1_P00698--8pte__A2_P00698,0.6562971196846423,0.5,True
7ykc__A1_P14843--7ykc__B1_P14843,0.8922803928219863,0.5,True
3wxe__A1_E7FEV5--3wxe__B1_P0CG48,0.6025071439160604,0.5,False
2vjf__A1_Q00987--2vjf__B1_O15151,0.5785332228818106,0.5,False
7pvo__A1_P56137--7pvo__A2_P56137,0.5786767177625387,0.5,True
3kkd__A1_Q9HXU1--3kkd__A2_Q9HXU1,0.8211700179615993,0.5,True
3mph__A1_P19801--3mph__B1_P19801,0.8786677247936491,0.5,True
6jc4__A1_A6TE44--6jc4__D1_A6TE44,0.5022560206776513,0.5,True
2rf4__A1_P46669--2rf4__B1_P50106,0.4998628829631815,0.5,False
4huz__A1_Q9ZBB0--4huz__A2_Q9ZBB0,0.7987384494046202,0.5,True
5gtj__B1_Q9BV47--5gtj__A1_Q9BV47,0.5599888042919484,0.5,True
2xw7__A1_A0QP85--2xw7__B1_A0QP85,0.4943744703662608,0.5,True
6l6h__A1_Q5ZZ22--6l6h__B1_Q5ZZ22,0.9748420653653092,0.5,True
8p7m__A1_P0A434--8p7m__A2_P0A434,0.9226044410623042,0.5,True
6gou__A2_P97275--6gou__C1_P97275,0.7108888790374107,0.5,True
2wwo__A1_Q66ED7--2wwo__B1_Q66ED7,0.4878290649032251,0.5,True
8i3n__A1_Q12178--8i3n__C1_Q12178,0.6651401300858915,0.5,True
1s7i__A1_Q9I3Z5--1s7i__A2_Q9I3Z5,0.7790951467232107,0.5,True
3szw__A1_B7JBP8--3szw__A2_B7JBP8,0.9492991488395197,0.5,True
2nys__A1_Q8U561--2nys__B1_Q8U561,0.8618064853902697,0.5,True
3gr5__A1_O52135--3gr5__A2_O52135,0.5438575139232305,0.5,True
3ded__A1_Q7P1I2--3ded__B1_Q7P1I2,0.6916412178292004,0.5,True
5b5x__A1_Q75NZ1--5b5x__A2_Q75NZ1,0.4241120045252217,0.5,True
7qga__A1_P21589--7qga__A2_P21589,0.965594237370119,0.5,True
8ow9__A1_G8UQH9--8ow9__B1_G8UQH9,0.8102277841676251,0.5,True
3bcw__B1_A0A0H3LK92--3bcw__A1_A0A0H3LK92,0.7307356066397148,0.5115601333406886,True
6duy__A1_Q61301--6duy__B2_Q61301,0.4792021766948752,0.5,True
5zyf__A1_Q99ZW0--5zyf__B1_Q99ZW0,0.7130050555846107,0.499960514885888,True
2b7o__A1_O53512--2b7o__B1_O53512,0.914110150025814,0.5,True
1v57__A1_P77202--1v57__A2_P77202,0.6081004824144283,0.5,True
7cov__A1_Q06801--7cov__A2_Q06801,0.8741342898013922,0.5,True
6ign__A1_Q61768--6ign__A2_Q61768,0.8704881842454592,0.5,True
3be5__A1_Q8XBR1--3be5__B1_Q8XBR1,0.6542437171802129,0.5,True
4hn3__B1_Q8Y6D1--4hn3__A1_Q8Y6D1,0.8997752355170352,0.5,True
4o8y__A1_Q08723--4o8y__B1_P43588,0.7980688567345077,0.5,False
7uoi__A1_A0A1S8KJG1--7uoi__A2_A0A1S8KJG1,0.9648411022959024,0.5,True
7vma__A1_C5A758--7vma__A2_C5A758,0.8424002919778417,0.5,True
7d9m__A1_A0A4D6NYT7--7d9m__B2_A0A4D6NYT7,0.6019421348786429,0.5,True
2py8__C1_Q55670--2py8__B1_Q55670,0.6374787879744588,0.5,True
7ytl__A1_E1BR24--7ytl__A2_E1BR24,0.6600974646537912,0.5,True
7vxt__A1_Q63W52--7vxt__B1_Q63W52,0.6600825226395846,0.5,True
5cv3__A1_E3M3V1--5cv3__A2_E3M3V1,0.6882033278264311,0.5,True
8c9v__A1_Q1JXV1--8c9v__A2_Q1JXV1,0.9787339286996911,0.5453623674192544,True
3tsn__A1_Q9PN58--3tsn__B1_Q9PN58,0.8500453941206683,0.5,True
8j51__A1_A0A0E9MUN5--8j51__B1_A0A0E9MUN5,0.9587983327219396,0.5,True
6cz9__A1_Q7WTU0--6cz9__B1_Q7WTT9,0.8708958554613653,0.5,False
8pzo__A1_F9UT68--8pzo__A2_F9UT68,0.5308848386706344,0.5,True
3tqg__B1_Q83DG4--3tqg__A1_Q83DG4,0.7278804860683064,0.5,True
7czg__C1_Q8TDY2--7czg__A1_Q8TDY2,0.4505103302678777,0.5,True
7eev__B1_A0A3D9R4E8--7eev__A1_A0A3D9R4E8,0.824446225163351,0.5,True
8ori__A1_Q2KB35--8ori__B1_Q2KB35,0.7941531614872623,0.5,True
7o6z__A1_A0A7R8L7W4--7o6z__B1_A0A7R8L7W4,0.8792868071762016,0.5,True
8pmr__A1_Q4WL81--8pmr__B1_Q4WL81,0.6434368403519064,0.5,True
7u34__A1_Q4X1J1--7u34__A2_Q4X1J1,0.8210534393508191,0.5,True
3fmy__A1_Q46864--3fmy__A2_Q46864,0.7432907866016771,0.5,True
7f0o__B1_A0A2I1C3W8--7f0o__A1_A0A2I1C3W8,0.8704145353685467,0.5,True
3ojm__B1_P21802--3ojm__A1_P05230,0.6851011614031894,0.5,False
6xgz__A1_P63386--6xgz__B1_P64602,0.9374516526375086,0.5,False
7x2y__A1_A0A076PYH9--7x2y__B1_A0A076PYH9,0.9219920790375158,0.5,True
5i4h__B1_P07711--5i4h__A1_P07711,0.2681692996985221,0.5,True
4e6h__A1_Q6CII8--4e6h__A2_Q6CII8,0.6944129639679126,0.5,True
6x7p__A1_Q8GGP1--6x7p__A2_Q8GGP1,0.728813952691219,0.5,True
3exq__A1_Q03S37--3exq__A2_Q03S37,0.7047650767728983,0.5,True
2qvc__A1_Q9WXW9--2qvc__B2_Q9WXW9,0.9232870372138802,0.5,True
6yoa__A1_O82015--6yoa__B1_O82015,0.6391948097668921,0.5,True
7qnm__A1_G0L7V6--7qnm__B1_G0L7V6,0.9923731602434971,0.5,True
3p8v__A1_Q9V228--3p8v__B1_Q9V228,0.6451032194030206,0.5,True
4re1__A1_P28347--4re1__D1_P46937,0.43096140109826103,0.5,False
8iw5__A1_Q8C8U0--8iw5__B1_Q8C8U0,0.8144268460426477,0.5,True
7sq2__B1_Q01970--7sq2__A1_P21279,0.7147514676718029,0.5,False
3owf__A1_P00644--3owf__A2_P00644,0.5626820815176337,0.5,True
2dpl__A1_O59072--2dpl__B1_O59072,0.7227030577319205,0.5,True
4ap5__A1_Q9Y2G5--4ap5__B1_Q9Y2G5,0.8684513939855211,0.5,True
8evy__A1_Q9LCT6--8evy__A2_Q9LCT6,0.4865557656557108,0.5,True
5npo__A1_P62593--5npo__B1_D3INY1,0.7285569201617951,0.5,False
5uhs__A1_B0SR19--5uhs__B1_B0SR19,0.5817650835680939,0.5,True
4hsl__A1_Q1LCS4--4hsl__A2_Q1LCS4,0.6453686257367238,0.5,True
8b3s__A1_O31597--8b3s__B1_A0A164W157,0.9343146152532456,0.5,False
5euv__A1_D1LZK0--5euv__B1_D1LZK0,0.6456596330217035,0.5,True
7tmg__A1_A0A0H3GLR2--7tmg__B1_A0A0H3GLR2,0.7866522016231685,0.4999849935472253,True
7tgn__B1_A0A1Q5L7T0--7tgn__A1_A0A1Q5L7T0,0.7192835787081833,0.5,True
4fz2__A1_C7DIA5--4fz2__B1_C7DIA5,0.6275453896508425,0.5,True
6j2l__A1_P37793--6j2l__B1_P37793,0.5971015790000874,0.5,True
5grk__A1_Q89XR0--5grk__B1_Q89XR0,0.7013112853268769,0.5,True
3qxs__A1_O24872--3qxs__A2_O24872,0.9674166504678909,0.5,True
8q3y__A1_E8URK0--8q3y__B1_E8URK0,0.7439584207782006,0.5,True
1pyb__A1_O66738--1pyb__B1_O66738,0.7653457903593199,0.5,True
7yto__A1_Q9RHU9--7yto__B1_Q9RHU9,0.8146815692468227,0.5,True
5vae__A1_Q9AET9--5vae__B1_Q9AET7,0.9446948369208934,0.5,False
1zrs__A1_Q9HTZ1--1zrs__B1_Q9HTZ1,0.8359725893364164,0.5,True
2cg5__A1_Q9NRN7--2cg5__B1_P49327,0.590859130176584,0.5,False
4yk8__B1_O36019--4yk8__A1_O13978,0.7329503268671986,0.5,False
2iml__A1_O28442--2iml__C1_O28442,0.6709862867679515,0.5,True
6iru__A1_Q9RVF9--6iru__A2_Q9RVF9,0.9170686733865447,0.5,True
8iev__A1_Q0PAW2--8iev__B1_Q0PAW2,0.7292803618382676,0.5,True
3cyg__A1_A7HM60--3cyg__B1_A7HM60,0.6173369763205829,0.5,True
5kvr__A1_P0ACL9--5kvr__A2_P0ACL9,0.8952141494269563,0.4999456934940806,True
1na8__A1_Q9UJY5--1na8__B1_Q9UJY5,0.33658765179004374,0.5,True
5fis__A1_H9IUR0--5fis__B1_H9IUR0,0.7952251395999314,0.5,True
7z6m__A1_A0A0H3LM39--7z6m__A2_A0A0H3LM39,0.8477843551550922,0.5,True
2yxd__A1_Q57836--2yxd__B1_Q57836,0.8794210592419199,0.5,True
1aua__A1_P24280--1aua__A2_P24280,0.9940527535036253,0.5,True
7zw3__A1_P27338--7zw3__B1_P27338,0.658772445517317,0.5,True
5xjx__I1_C0LGW6--5xjx__A1_Q9SSD1,0.45522977023351596,0.5,False
7xub__A1_Q96KQ7--7xub__B1_Q96KQ7,0.603350776113796,0.5,True
5xlu__A1_Q65KZ6--5xlu__B1_A9YTT0,0.32469423982342893,0.5,False
8smq__A1_Q182N1--8smq__B1_Q182N1,0.3604151241548698,0.5,True
8eni__A1_A0A0H3JRH8--8eni__A2_A0A0H3JRH8,0.8385949060017288,0.5,True
1q77__A1_O66565--1q77__B1_O66565,0.5891726881737339,0.5,True
6nbp__A1_A0A4P1LYI6--6nbp__A2_A0A4P1LYI6,0.991518288075105,0.5,True
4wu2__A1_Q7WUJ1--4wu2__B1_Q7WUJ1,0.9786864116447742,0.5,True
2nvn__A1_Q31MH7--2nvn__A2_Q31MH7,0.4465547498368152,0.5,True
3zyh__A1_Q05097--3zyh__B1_Q05097,0.9773155421897072,0.5,True
8a21__A1_A0QJI1--8a21__A2_A0QJI1,0.9006904992017042,0.5,True
8ho2__A1_A0A191T7N6--8ho2__B1_A0A191T7N6,0.5943362607826512,0.5,True
2j8q__A1_O43809--2j8q__B1_O43809,0.8151367436689105,0.5,True
1cx8__A1_P02786--1cx8__B1_P02786,0.8805141879695072,0.5,True
5zfk__A1_Q31LX1--5zfk__B1_Q31LX1,0.983407905555653,0.5,True
2qti__A1_Q8EF26--2qti__A2_Q8EF26,0.9247637216849768,0.5,True
5djo__B1_Q9EQW7--5djo__A1_Q9EQW7,0.3572226200859175,0.5,True
1kve__B1_P19972--1kve__A1_P19972,0.3128033801504436,0.5,True
4kjq__A1_P37019--4kjq__B1_P37019,0.6954371356736709,0.5,True
8qyw__A1_Q9NVS9--8qyw__A2_Q9NVS9,0.5871837133904476,0.5,True
7t1e__A1_P78556--7t1e__B1_P78556,0.42815847057468615,0.5,True
2ev4__A1_P9WMU9--2ev4__B1_P9WMU9,0.8064069956408452,0.5,True
4m1j__A1_Q9I194--4m1j__B1_Q9I194,0.32383935743648945,0.5,True
8bj3__A1_A0A072U7F9--8bj3__B1_A0A072U7F9,0.890929736273834,0.5,True
5fcl__A1_Q6D0X0--5fcl__B1_Q6D0X0,0.4288238170767037,0.5,True
2evr__A1_B2J9B4--2evr__A2_B2J9B4,0.5804567751037524,0.5,True
4ftw__A1_Q3J2V1--4ftw__A2_Q3J2V1,0.8517202740369348,0.5,True
2q6q__B1_P36094--2q6q__A1_P36094,0.682438103267028,0.5,True
8hx8__A1_Q6L8Q5--8hx8__B1_Q6L8Q5,0.7220851016688079,0.5,True
7zgn__A1_U6RE59--7zgn__B1_U6RE59,0.7758468386459205,0.5,True
7fiw__A1_B3CP63--7fiw__B1_Q73HD5,0.5952957637305911,0.5,False
4xd9__A1_C8VMF9--4xd9__B1_Q5B6T5,0.7932097151078703,0.5,False
3dme__A1_Q7VU70--3dme__B1_Q7VU70,0.6018329647074384,0.5,True
8d0m__A1_P28907--8d0m__A2_P28907,0.7851220521340262,0.5,True
2w6a__A1_Q9Z272--2w6a__B1_Q9Z272,0.9599213945276738,0.5,True
6oje__B1_Q5S007--6oje__A1_Q5S007,0.2611228993632591,0.5,True
7mu0__A1_P9WQK3--7mu0__B1_P9WQK3,0.1636385629691005,0.5,True
4az3__A1_P10619--4az3__B1_P10619,0.28169574071770775,0.5,True
7ug8__B1_Q0I6F8--7ug8__A1_Q0I6F8,0.6370511644877106,0.5,True
6mxv__B1_Q5NFU2--6mxv__A1_Q5NFU2,0.5505292931915688,0.5,True
8ug3__B1_P50053--8ug3__A1_P50053,0.8794296610203267,0.5,True
4atm__A1_P49418--4atm__A2_P49418,0.4318683539399616,0.5,True
7x6f__B1_P0AD45--7x6f__A1_P0AD45,0.7566334991708127,0.5,True
5n0s__B1_A0A2R2JFI5--5n0s__A1_A0A2R2JFI5,0.6916641665443377,0.5,True
6m9g__A1_Q5D6Y4--6m9g__B2_Q5D6Y4,0.7734783604506734,0.5,True
7zvz__A1_G1UBD5--7zvz__B1_G1UBD5,0.6802852343127246,0.5,True
3b5m__B1_Q7UTD8--3b5m__A1_Q7UTD8,0.6294298285897004,0.5,True
6v0a__B1_B3E641--6v0a__A1_B3E641,0.9848238225651802,0.5,True
3bpj__C1_O75822--3bpj__A1_O75822,0.7099244303807,0.5,True
7y51__A1_Q8RBF4--7y51__A2_Q8RBF4,0.5623731802975384,0.5,True
6zef__A1_P62136--6zef__C1_Q9C0D0,0.6576403382977782,0.5,False
8i5w__A1_Q8BZN6--8i5w__B1_P63000,0.7009083902018934,0.5,False
3rv1__B1_A7TR32--3rv1__A1_A7TR32,0.8362103318583187,0.5,True
4k3z__A1_Q8YCV0--4k3z__A2_Q8YCV0,0.8632838093751476,0.5,True
5v5t__A1_Q830T5--5v5t__D1_Q830T5,0.7300938853619238,0.5,True
6fp5__B1_Q960Q9--6fp5__A1_Q960Q9,0.24171602096649222,0.5,True
3isx__A1_Q9X0E0--3isx__A2_Q9X0E0,0.739953079875511,0.5,True
2vkj__A1_Q9X1W9--2vkj__B1_Q9X1W9,0.8580612091984088,0.5,True
5csr__D1_Q9HLB6--5csr__A1_Q9HLB6,0.6738786236498424,0.5,True
1iq8__A1_O58843--1iq8__B1_O58843,0.6966765202066694,0.5,True
3tbm__A1_Q8XVB9--3tbm__B1_Q8XVB9,0.39225123805016954,0.5,True
7tur__B1_P00503--7tur__A1_P00503,0.8227520158473495,0.5,True
3vol__A1_Q9I6V6--3vol__A2_Q9I6V6,0.617285659840864,0.5,True
3jqz__A1_P02768--3jqz__B1_P02768,0.769615488502449,0.5,True
1vkd__A1_Q9X0V2--1vkd__B1_Q9X0V2,0.7039557364310871,0.5,True
8b31__B1_A0A2W4LV58--8b31__A1_A0A2W4LV58,0.6340880617832853,0.5,True
7bzk__A1_Q9SJ89--7bzk__B1_Q6NPF9,0.5849546277077013,0.5,False
3cgh__A1_Q8A0N7--3cgh__A2_Q8A0N7,0.8768157040720764,0.5,True
5vlb__A1_G7IKX3--5vlb__B1_G7IKX3,0.7636057482101021,0.5,True
2oer__B1_Q9I3U1--2oer__A1_Q9I3U1,0.5369557269266082,0.5,True
2ylz__A1_Q47PU3--2ylz__A2_Q47PU3,0.5956857810842161,0.5,True
8bjp__B1_A0A1W6VSR4--8bjp__A1_A0A1W6VSR4,0.8277992377109302,0.5,True
6kcx__A1_Q9WZL1--6kcx__A2_Q9WZL1,0.5853729516037078,0.5,True
4q69__A1_Q8A5I0--4q69__B1_Q8A5I0,0.960801892842938,0.5,True
7xmj__C1_A9QSE8--7xmj__A1_A9QSE8,0.8937263679230868,0.5,True
1pix__A1_Q06700--1pix__B1_Q06700,0.7030409430586908,0.5,True
3l8i__B1_Q9BUL8--3l8i__A1_Q9BUL8,0.7719145103660973,0.5,True
6l2u__A1_Q27RN2--6l2u__B1_Q27RN2,0.45657550485972276,0.5,True
6sl2__A1_C4LWU6--6sl2__A2_C4LWU6,0.646733834231774,0.5,True
1u6z__B1_P0AFL6--1u6z__A1_P0AFL6,0.9375749559841458,0.5,True
3pm9__A1_Q6NAV4--3pm9__B1_Q6NAV4,0.7354564107838215,0.5,True
3a5y__B1_P0A8N7--3a5y__A1_P0A8N7,0.6121822917939149,0.5,True
6bn1__B1_Q9VCR6--6bn1__A1_Q8T0S6,0.6502271790309633,0.5,False
8ji6__A1_A0A861B387--8ji6__B1_A0A861B387,0.8342877909311666,0.5,True
2pjs__A1_A9CIG0--2pjs__B1_A9CIG0,0.9279894633668219,0.5019432081740112,True
8ke8__A1_Q9HXS0--8ke8__B1_Q9HXS0,0.4758055726083775,0.5,True
3h7l__A1_Q87LX4--3h7l__A2_Q87LX4,0.6459827342206134,0.5,True
7zs8__A1_A0A1D3HIT0--7zs8__B1_A0A1D3HIT0,0.9386501070008243,0.5,True
2vc4__A1_P02879--2vc4__A2_P02879,0.3667655177910356,0.5,True
1xe8__B1_Q03629--1xe8__A1_Q03629,0.9453863991468465,0.5,True
7tn6__A1_Q84Y01--7tn6__A2_Q84Y01,0.472325737609529,0.5,True
7yo6__A1_G8GLP2--7yo6__A2_G8GLP2,0.838238709952614,0.5,True
8k76__A1_Q8R6D8--8k76__B1_Q8R6D8,0.5673405519743856,0.5,True
1vgx__B1_Q9RRU8--1vgx__A1_Q9RRU8,0.8559023732372868,0.5,True
3cet__B1_Q6M145--3cet__A1_Q6M145,0.8397461110733941,0.5,True
4zlh__B1_P0AB60--4zlh__A1_P0AB60,0.6520839859880956,0.5,True
2y84__A1_Q7WT50--2y84__E1_Q7WT50,0.8870237590597363,0.5,True
4me9__A1_Q736B0--4me9__B1_Q736B0,0.9474432754273978,0.5,True
2z51__A1_Q93W20--2z51__A2_Q93W20,0.7239793025098571,0.5,True
8ajq__A1_Q9I0C0--8ajq__B1_Q9I0C0,0.699663249308776,0.5,True
7yfj__A2_Q15007--7yfj__B1_Q15007,0.7761228606812318,0.5,True
2rkl__F1_Q06263--2rkl__E1_Q06263,0.5175275192346872,0.5,True
8cwp__A1_Q06282--8cwp__A2_Q06282,0.38220444487012595,0.5,True
5j1l__B1_O26069--5j1l__A1_O26068,0.7235266651391754,0.5,False
6j26__A1_Q5JIZ3--6j26__B1_Q5JIZ3,0.6661570860977932,0.5,True
2ns9__A1_Q9Y9R3--2ns9__B1_Q9Y9R3,0.9100330522348872,0.5,True
5l8s__A1_E1VFE0--5l8s__C1_E1VFE0,0.9629397442405961,0.5,True
6zrw__A1_B3VS76--6zrw__B1_B3VS76,0.755812355550003,0.5,True
5fcn__B1_Q66GS9--5fcn__A1_Q66GS9,0.81752240095595,0.5,True
7vl1__A1_I0AIT9--7vl1__B1_I0AIT9,0.7701939099861113,0.5,True
2rek__B2_Q9ADD9--2rek__A1_Q9ADD9,0.7892152364679575,0.5,True
2zrt__A1_O75340--2zrt__B1_O75340,0.8684823378260733,0.5,True
2f1m__A1_P0AE06--2f1m__B1_P0AE06,0.6454692636557566,0.5,True
3t5t__B1_Q15JG1--3t5t__A1_Q15JG1,0.8680058305402593,0.5,True
4z9r__B1_Q8EGK4--4z9r__A1_Q8EGK4,0.8490245398777776,0.5,True
2oze__A1_Q57280--2oze__A2_Q57280,0.8497778222352463,0.5,True
1x6m__A1_Q51669--1x6m__D1_Q51669,0.6126563747671013,0.5,True
4pfc__A1_P14735--4pfc__B1_P14735,0.8426800994269901,0.5,True
6byi__A1_Q8PI23--6byi__B1_Q8PI23,0.7417223315349738,0.5,True
3aaa__A1_P13127--3aaa__B1_P14315,0.9593912203907378,0.5,False
1xgm__A1_P56218--1xgm__B1_P56218,0.697880015568608,0.5,True
5mrv__A1_Q8IVL8--5mrv__C1_P86912,0.858915681741068,0.5,False
1vhq__A1_P0ABU5--1vhq__B1_P0ABU5,0.6607544386043311,0.5,True
2pqv__B1_A0A0H2UMZ7--2pqv__A1_A0A0H2UMZ7,0.4954160702488439,0.5,True
8pq4__A1_P69782--8pq4__A2_P69782,0.8080470593236551,0.5,True
8a14__A1_A0A0D1E4Q7--8a14__C2_A0A0D1E4Q7,0.439575395019721,0.5,True
1dtd__A1_P48052--1dtd__B1_P81511,0.6428231244872231,0.5,False
3c6n__B1_Q570C0--3c6n__A1_Q39255,0.8023092723849878,0.5,False
3ctz__A1_Q9NQW7--3ctz__A2_Q9NQW7,0.7192637011904929,0.5,True
1wab__A1_Q29460--1wab__A2_Q29460,0.6809257681785464,0.5,True
1zl5__A1_Q00496--1zl5__B1_Q00496,0.8374817123356386,0.5,True
5dbj__A1_Q4KCZ0--5dbj__A2_Q4KCZ0,0.9758073361098822,0.5,True
7qsq__B1_Q9X053--7qsq__A1_Q9X053,0.3232671002389258,0.5,True
7duc__B1_Q2G2U4--7duc__A1_Q2G2U4,0.6474329507617161,0.5,True
2cdu__A1_Q9F1X5--2cdu__B1_Q9F1X5,0.8029580476452802,0.5,True
8g0f__A1_Q6NK15--8g0f__B1_Q6NK15,0.6471356873871054,0.5,True
8a45__B1_B7V7R4--8a45__A1_B7V7R4,0.6114245159808623,0.5,True
6no3__A1_B3FHP0--6no3__B1_B3FHP0,0.6279699006940784,0.5,True
3g7p__A1_B7JA91--3g7p__A2_B7JA91,0.7198759641442568,0.5,True
8khq__A1_A0A1I5R890--8khq__C1_A0A1I5R890,0.7843452935997927,0.5,True
7owz__B1_Q9JMA2--7owz__A1_B8ZXI1,0.9094578671240023,0.5,False
6dk7__D1_Q9HUV7--6dk7__A1_Q9HUV7,0.7324285331674625,0.5,True
5t3v__B1_Q9Y2C4--5t3v__A1_Q9Y2C4,0.8744825395500944,0.5,True
8f2l__A1_P9WJY9--8f2l__B1_P9WJY9,0.9135658230884154,0.5,True
8h1l__B1_A0A7U4E834--8h1l__A1_A0A7U4E834,0.5661620898909188,0.5,True
1nye__A1_P0C0L2--1nye__B1_P0C0L2,0.814658515400093,0.5,True
2ou6__A1_Q9RVG4--2ou6__A2_Q9RVG4,0.6366014619883041,0.5,True
6hp3__A1_O31927--6hp3__B1_O31927,0.6974831192240306,0.5,True
8hs0__A1_Q9LIR4--8hs0__A2_Q9LIR4,0.6612713138685424,0.5,True
6gz1__A1_P10151--6gz1__A2_P10151,0.3585103294434543,0.5,True
8pbu__A1_P27708--8pbu__A2_P27708,0.8333935224345984,0.5,True
7p0h__A1_O26008--7p0h__C1_O26008,0.8036913671628697,0.5,True
5b3g__B1_Q9SZF7--5b3g__A1_Q9M384,0.6331467636258019,0.5,False
7vzy__B1_Q84G19--7vzy__A1_Q84G19,0.9438091357276582,0.5,True
2q3t__A1_Q9LUJ3--2q3t__A2_Q9LUJ3,0.7901659726677652,0.5069444444444444,True
7pt0__A1_Q9KYU4--7pt0__B1_Q9KYU4,0.5009302192455206,0.5,True
6m09__B1_Q8LDU1--6m09__A1_Q8LDU1,0.9236974655688412,0.5,True
7uxs__B1_J8G6Z1--7uxs__A1_J8G6Z1,0.596969909348487,0.5,True
2q03__A1_Q12ML0--2q03__B1_Q12ML0,0.9711987064995844,0.5,True
6kcp__B1_Q9VAA9--6kcp__A1_Q9VAA9,0.25568442098784333,0.5,True
6sj4__B1_A0A022MQ12--6sj4__A1_A0A022MQ12,0.9135007603770777,0.5,True
5cyy__A1_P9WG63--5cyy__B1_P9WG63,0.6350081019782382,0.5,True
3tj3__A1_P52294--3tj3__B1_Q9UKX7,0.6198587012748704,0.5,False
3i32__A1_Q72GF3--3i32__A2_Q72GF3,0.9802560046148446,0.5,True
1jk9__B1_P40202--1jk9__A1_P00445,0.7535996061221264,0.5,False
4e4w__A1_P38920--4e4w__B1_P14242,0.7017372982881165,0.5,False
5yw5__A1_Q5NII9--5yw5__D1_Q5NII9,0.9483667168921354,0.5311681106488912,True
3ab8__A1_Q5SLE3--3ab8__B1_Q5SLE3,0.3757085634567833,0.5,True
3mxt__A1_Q9PIK2--3mxt__A2_Q9PIK2,0.6068686747897891,0.5,True
1wr8__B1_O50129--1wr8__A1_O50129,0.8638077662362244,0.5,True
7war__B1_A0A1B6PFV1--7war__A1_A0A1B6PFV1,0.8901026909478849,0.5,True
7fn1__B1_P32357--7fn1__A1_P33334,0.6652223045896836,0.5,False
7xl7__A1_A0A2J0R8J6--7xl7__B1_A0A2J0R8J6,0.8524782775015027,0.5,True
8vc5__A1_Q9XCL6--8vc5__B1_Q9XCL6,0.9311100294218722,0.5,True
5jfz__A1_P20605--5jfz__B1_P0ADX5,0.6786466854895147,0.5,False
5g37__B1_P10565--5g37__A1_P06575,0.603650817115039,0.5,False
2gjx__A1_P06865--2gjx__B1_P07686,0.9668477355502676,0.5,False
3aqb__B1_O66129--3aqb__A1_O66127,0.8258695145631068,0.5,False
8q1a__A1_Q16790--8q1a__C2_Q16790,0.5154062356085819,0.5,True
5ez1__B1_P56112--5ez1__A1_P56112,0.6840389258930473,0.5,True
3lwd__A1_Q1QTX1--3lwd__A2_Q1QTX1,0.669909659150407,0.5,True
8dye__A1_P31040--8dye__B1_Q5VUM1,0.37780239645025515,0.5,False
2ch6__A1_Q9UJ70--2ch6__D1_Q9UJ70,0.9160851340493911,0.5,True
3gpn__A1_P15873--3gpn__A2_P15873,0.9213775625261756,0.5,True
7th0__A1_P31667--7th0__A2_P31667,0.7490515373869779,0.5,True
3k1i__D1_O25709--3k1i__A1_O25448,0.5214041745076549,0.5,False
1vbi__A1_Q53W84--1vbi__A2_Q53W84,0.7221900563053922,0.5,True
2oqb__A1_Q4AE70--2oqb__B1_Q4AE70,0.6324494706000119,0.5,True
6saz__B1_Q9UGM5--6saz__A1_P07584,0.4854480135441205,0.5,False
6l9x__A1_F6VRB7--6l9x__A2_F6VRB7,0.48577191508301004,0.5,True
3ica__B1_Q7MXR4--3ica__A1_Q7MXR4,0.7852365728555489,0.5,True
6o15__A1_P39353--6o15__B1_P39353,0.7941964895223661,0.5,True
2ohc__A1_Q9HIY5--2ohc__B1_Q9HIY5,0.9165642527300473,0.5,True
8qfo__A1_A0A840P3H4--8qfo__B1_A0A840P3H4,0.6646048820772762,0.5,True
5zmy__A1_F1LJ99--5zmy__B1_F1LJ99,0.5984475028183752,0.5,True
6tx3__B1_Q9NWY4--6tx3__A1_Q9UGN5,0.8116069373078603,0.5,False
4tx5__A1_Q9NR28--4tx5__B1_Q9NR28,0.4218135095671683,0.5,True
7wnk__B1_A0A1E5TT85--7wnk__A1_A0A1E5TT85,0.596688073626457,0.5,True
2fn0__B1_Q9X9I8--2fn0__A1_Q9X9I8,0.9009937184710552,0.5,True
5x89__A1_Q8TGZ7--5x89__A2_Q8TGZ7,0.9009624246305727,0.5,True
2j0t__A1_P03956--2j0t__D1_P01033,0.5036766208495855,0.5,False
2i9i__A1_O25234--2i9i__A2_O25234,0.4768182393504921,0.5,True
3rtr__G1_Q13616--3rtr__H1_P62877,0.8543925584118421,0.5,False
7lq2__A1_A0A023X3Z4--7lq2__B1_A0A023X3Z4,0.670606627740549,0.5,True
6aht__A1_A1BZ87--6aht__B1_A1BYM8,0.9032989875648271,0.5,False
8czp__A1_A0A0D5ZBI4--8czp__B1_A0A0D5ZBI4,0.8734579060344669,0.5,True
4ro3__A1_M1RHE3--4ro3__B1_M1RHE3,0.31178921646033353,0.5,True
1c0n__A1_P77444--1c0n__A2_P77444,0.7547254079436564,0.5,True
7tq0__A1_P00459--7tq0__A2_P00459,0.6436706956088554,0.5,True
1o4w__A1_O29664--1o4w__A2_O29664,0.5965435991568524,0.5,True
4jzp__A1_P51572--4jzp__B1_P51572,0.7993074220282071,0.5,True
2or2__A1_P08954--2or2__B1_P08954,0.7128875923778769,0.5,True
5xdf__B1_Q5SL04--5xdf__A1_Q5SL04,0.8860819153103288,0.5,True
6kr4__A1_P10586--6kr4__E1_P60469,0.7729802595497062,0.5,False
1itv__A1_P14780--1itv__B1_P14780,0.9379390705834255,0.5,True
2qgi__A1_P05449--2qgi__B1_P05449,0.7121731806646479,0.5,True
1a19__A1_P11540--1a19__B1_P11540,0.623776945741475,0.5,True
8a9x__A1_P15752--8a9x__C1_P15752,0.14729670708889836,0.5,True
8e9e__B1_Q02293--8e9e__A1_Q04631,0.8377242854443043,0.5,False
2h4c__A1_Q7T2R1--2h4c__B1_Q7T3T5,0.5639606635149158,0.5,False
2bdt__A1_Q9K6P2--2bdt__A2_Q9K6P2,0.4326432758807488,0.5,True
5vbn__A1_P56282--5vbn__B1_Q07864,0.8174024966120358,0.5,False
8gt0__A1_Q8I6U4--8gt0__B1_P01040,0.6093370121171363,0.5,False
5lrr__A1_P22262--5lrr__B1_P22262,0.7980589674641946,0.5,True
4y7i__A1_Q96EF0--4y7i__B1_Q96EF0,0.8562104179083723,0.5,True
1who__A1_P43214--1who__A2_P43214,0.7049601260410979,0.5,True
4g10__A1_Q9WXJ9--4g10__A2_Q9WXJ9,0.5539290119266804,0.5,True
8q4k__A1_O51180--8q4k__B1_O51180,0.5060832679861331,0.5,True
7rzb__A1_A0A229LVN5--7rzb__A2_A0A229LVN5,0.9718293206197853,0.5,True
7toc__A1_A0A2H0ZMH9--7toc__B1_A0A2H0ZMH9,0.7286742399044613,0.5,True
7ula__B1_Q88ND0--7ula__A1_Q88NC7,0.8962320586306387,0.5,False
8bes__A1_A0A856TAI5--8bes__B1_A0A856TAI5,0.8282586914074839,0.5,True
7wjt__B1_Q8BZB3--7wjt__A1_Q8BZB3,0.8155366021410088,0.5,True
6j9n__A1_X5EPV9--6j9n__B1_A0A425B395,0.8150791540325397,0.5,False
1kll__A1_O05205--1kll__A2_O05205,0.9621770135523107,0.4999701581617428,True
7xky__A1_Q58690--7xky__B1_Q58034,0.8690021376267796,0.5,False
4p04__A1_A0A0D6H805--4p04__B1_A0A0D6H805,0.5840407380057286,0.5,True
1txz__A1_Q04299--1txz__A2_Q04299,0.6754760545197249,0.5,True
4af5__A1_Q8NQ97--4af5__A2_Q8NQ97,0.8176571142092298,0.51896248609833,True
8af9__A1_Q2YPZ9--8af9__H1_Q2YPZ9,0.9136191470227194,0.5,True
8gm9__D1_P9WPD3--8gm9__A1_P9WPD3,0.8846007681998547,0.5,True
7wsx__A1_D9PYV4--7wsx__B1_D9PYV4,0.6394685540985289,0.5,True
4g86__A1_Q79PF6--4g86__B1_Q79PF6,0.7979299972526259,0.5,True
3bq3__A1_Q12395--3bq3__A2_Q12395,0.6364088331425249,0.5,True
7eva__A1_P31490--7eva__A2_P31490,0.5397998369923049,0.5,True
8r7d__B1_G5EI71--8r7d__A1_Q8LJL3,0.47551692847741445,0.5,False
7pwy__A1_Q8TDX5--7pwy__B1_Q8TDX5,0.8376200259899235,0.5,True
3ut4__A1_A3DJ21--3ut4__B1_A3DJ21,0.8118044592266671,0.5,True
3ucy__A1_P0DP23--3ucy__A2_P0DP23,0.5852367437041042,0.5,True
8eei__B1_A0A807MR40--8eei__A1_A0A807MR40,0.9892606775640195,0.5,True
8bp5__B1_A0A369SI82--8bp5__A1_A0A369SI82,0.5541819759606597,0.5,True
3l34__B1_Q9HT87--3l34__A1_Q9HT87,0.3434322147523158,0.5,True
8god__A1_Q9UM07--8god__A2_Q9UM07,0.9523651971052369,0.5,True
1h9g__A1_P0A8V6--1h9g__A2_P0A8V6,0.8819894283667857,0.5,True
7qg6__D1_Q9HAU5--7qg6__C1_Q9H1J1,0.4723320635831025,0.5,False
8sz3__B2_Q9NY97--8sz3__A1_Q9NY97,0.48020605229695734,0.5,True
5a10__A1_G1FNI6--5a10__A2_G1FNI6,0.8671542038528192,0.5,True
7qoc__A1_Q8NQV9--7qoc__B1_Q8NQV9,0.8181702236204405,0.5,True
8a90__B1_A0A7S9SWM2--8a90__A1_A0A7S9SWM2,0.8387290458390648,0.5,True
3iaa__A1_Q8KNE0--3iaa__B1_Q8KNE0,0.5628004081823138,0.5,True
3n50__B1_Q9H4W6--3n50__A1_Q9H4W6,0.6726798182153644,0.5,True
2qg3__A1_O28220--2qg3__A2_O28220,0.5051476618100471,0.5,True
7ysk__A1_Q6D6Z8--7ysk__B1_Q6D6Z8,0.9842080886046617,0.5,True
7spz__A1_A8B3G9--7spz__A2_A8B3G9,0.936930776398449,0.5,True
4q2e__B1_Q9X1B7--4q2e__A1_Q9X1B7,0.8428750532463072,0.5,True
8cff__A1_Q7SIF4--8cff__B1_Q7SIF3,0.8649580263356389,0.5,False
5d4v__C1_Q57913--5d4v__A1_Q57913,0.7100579970513404,0.5,True
2p23__A1_O95750--2p23__B1_O95750,0.6026624935688562,0.5,True
7u55__A1_A0A151EDA9--7u55__A2_A0A151EDA9,0.9464825603780695,0.5,True
1rkw__A1_P0A0N4--1rkw__C1_P0A0N4,0.8452066351138992,0.5,True
1ps6__A1_P19624--1ps6__B1_P19624,0.6650977738794779,0.5,True
2y21__L1_O28769--2y21__K1_O28769,0.6643407132983234,0.5,True
2z5i__A1_P58772--2z5i__B1_P58772,0.8104340053718962,0.5,True
5l7u__B1_A6L2E5--5l7u__A1_A6L2E5,0.7666139044731607,0.5,True
3egq__A1_O28458--3egq__B1_O28458,0.7748975912001439,0.5,True
7r3a__A1_Q6LYR8--7r3a__E1_Q6LYR8,0.8748234423697352,0.5,True
7yq0__A1_A0A101DF63--7yq0__B1_A0A101DF63,0.8292771273910544,0.5,True
3wsc__A1_Q25C86--3wsc__B1_Q25C86,0.6709248093626027,0.5,True
4pib__B1_Q2SVW5--4pib__A1_Q2SVW5,0.8633068130523425,0.5,True
7vmx__B1_P9WNN1--7vmx__A1_P9WNM1,0.7610756473873477,0.5,False
1ykd__A1_P94182--1ykd__B1_P94182,0.5024433471078975,0.5,True
4ux7__A1_Q183F3--4ux7__B1_Q183F3,0.7962109111671198,0.5,True
3k3d__A1_P9WLZ7--3k3d__A2_P9WLZ7,0.8837576995773366,0.5,True
1sj5__A1_Q9WY07--1sj5__B1_Q9WY07,0.9597746260307837,0.5,True
4c12__A1_Q2FZP6--4c12__A2_Q2FZP6,0.7024179660508116,0.5,True
3k9m__A1_P07858--3k9m__B1_P01040,0.5756402742256322,0.5,False
1ccd__A1_P17559--1ccd__A2_P17559,0.597131909306385,0.5,True
8xiz__A1_T2B4K5--8xiz__B1_T2B4K5,0.8756391489934874,0.5,True
7wz6__A1_P15806--7wz6__B1_P10085,0.5672108477065916,0.5,False
2i00__A1_Q831Y9--2i00__B1_Q831Y9,0.7538926626723244,0.5,True
5ffi__A2_Q44501--5ffi__B1_Q44501,0.355189506339358,0.5,True
3cnk__A1_P21333--3cnk__B1_P21333,0.6727406747836794,0.5,True
8gt9__A1_A8MW95--8gt9__B1_A8MW95,0.8765598712264258,0.5,True
4l2w__B1_Q13464--4l2w__A1_Q13464,0.9764757270259188,0.5,True
3d0j__A1_Q97DI0--3d0j__A2_Q97DI0,0.8530522038610782,0.5,True
4ct0__A1_P97784--4ct0__B1_O54943,0.511957497889434,0.5,False
3av0__A1_Q58719--3av0__B1_Q58718,0.8853452321857896,0.5,False
8bln__A1_C9QZ65--8bln__H1_C9QZ65,0.621052531116034,0.5,True
2riq__A1_P09874--2riq__A2_P09874,0.3720340675525538,0.5,True
8hd5__A1_Q99U17--8hd5__B1_Q99U17,0.4732981395885835,0.503968253968254,True
6xrb__A1_A0A0H3NHS6--6xrb__B1_A0A0H3NHS6,0.8633159964135205,0.5,True
8a1g__A1_Q13596--8a1g__C1_Q9Y5X3,0.6838522842010635,0.5,False
8tn3__A1_Q643B9--8tn3__B1_Q643B9,0.8145319502459603,0.5,True
5ghs__A1_Q5JGL0--5ghs__C1_Q5JF31,0.779140035653707,0.5,False
5umw__A1_A0A125SA26--5umw__F1_A0A125SA26,0.6608017019557287,0.5,True
7zcv__B1_A0A0E7KI02--7zcv__A1_A0A0E7KI02,0.819649604967762,0.5,True
6scq__A1_Q8NNN6--6scq__A2_Q8NNN6,0.8596503208053308,0.5,True
4ml9__A1_D1AMR0--4ml9__B1_D1AMR0,0.859524338804448,0.5,True
7yfu__A1_Q8CG73--7yfu__B1_Q8CG73,0.8452181831724326,0.5,True
3ix1__A1_Q9K9G5--3ix1__B1_Q9K9G5,0.8846547073760072,0.5,True
7khs__A1_Q2CEE3--7khs__B1_Q2CEE3,0.9741900940369029,0.5,True
8k5l__A1_A0A829KK40--8k5l__B1_A0A829KK40,0.6042074547486704,0.5,True
2g0t__B1_Q9WZQ3--2g0t__A1_Q9WZQ3,0.8345767182094606,0.5,True
3lr3__A1_Q63T74--3lr3__A2_Q63T74,0.9275234469590337,0.5,True
4pxq__A1_F1QR43--4pxq__B1_F1QR43,0.8219669739333276,0.5,True
4z5y__A1_Q88QV5--4z5y__A2_Q88QV5,0.9240700120243598,0.5,True
7zhf__A1_A0A0U2WWJ1--7zhf__A2_A0A0U2WWJ1,0.9139981597869204,0.5,True
6h86__A1_B5KM66--6h86__B1_B5KM66,0.5922701316935883,0.5,True
5un7__A1_Q9NUX5--5un7__B1_Q96AP0,0.6483004676061734,0.5,False
8juk__A1_V5VGC6--8juk__B1_V5VGC6,0.8883438677268142,0.5,True
8snp__A1_O09118--8snp__A2_O09118,0.8476881403516467,0.5,True
6wjc__A1_P11229--6wjc__B1_Q8QGR0,0.9073582278481013,0.5,False
8ard__A1_Q64331--8ard__A2_Q64331,0.6619340410223994,0.5,True
3mqi__A1_Q9UH73--3mqi__B1_Q9UH73,0.37019022442596927,0.5,True
3q01__A1_P04637--3q01__B1_P04637,0.8316452076039555,0.5,True
7ylq__A1_Q93CA6--7ylq__B1_Q93CA6,0.8487500489319364,0.5,True
2yvo__A1_Q5SJY9--2yvo__A2_Q5SJY9,0.7225694871728829,0.5,True
5vpa__B1_P17535--5vpa__A1_P53539,0.5891839555039924,0.5,False
3v78__B1_P95092--3v78__A1_P95092,0.5460418431044965,0.5,True
7pzh__A1_A0A174J845--7pzh__B1_A0A174J845,0.9362914637360731,0.5,True
3m0f__A1_Q4KDJ6--3m0f__B1_Q4KDJ6,0.8822780901116836,0.5,True
1y4h__A1_P0C1S6--1y4h__C1_Q9EYW6,0.5452089489235964,0.5,False
2o4c__A1_Q9I3W9--2o4c__B1_Q9I3W9,0.9420828821837649,0.5,True
1ynh__A1_P76216--1ynh__D1_P76216,0.6816871937379352,0.5,True
8ohx__A1_U4Q148--8ohx__B1_U4Q148,0.8191696528294863,0.5,True
3a6m__A1_Q56236--3a6m__B1_Q56236,0.782454225389793,0.5,True
4bvp__A1_Q5ZUA2--4bvp__B1_Q5ZUA2,0.6585334294215188,0.5,True
7oc6__A1_A0A2U8U2L5--7oc6__A2_A0A2U8U2L5,0.7176611743420035,0.5,True
6qpq__A1_G0SGH3--6qpq__B1_Q12158,0.7066208573839147,0.5,False
3ct6__A1_Q9CIV6--3ct6__B1_Q9CIV6,0.9755577444076919,0.49993360775461426,True
1qae__A1_P13717--1qae__B1_P13717,0.7587191619985287,0.5,True
3q5w__B1_P38937--3q5w__A1_P38937,0.890416287795103,0.5,True
8gol__B1_G9I933--8gol__A1_G9I933,0.6203900345102218,0.5,True
7epj__A1_P62554--7epj__A2_P62554,0.4232116391660903,0.5,True
1ag9__A1_P61949--1ag9__B1_P61949,0.9663988205372195,0.5,True
3gwh__B1_O31691--3gwh__A1_O31691,0.4283090037403681,0.5,True
5gw1__A1_P57768--5gw1__B1_P57768,0.6580389891341757,0.5,True
3l2o__B1_Q9UKT5--3l2o__A1_P63208,0.9436593486658322,0.5,False
3wrf__A1_E8MGH8--3wrf__A2_E8MGH8,0.8583753107979788,0.5,True
7yyl__A1_Q3AET9--7yyl__B1_Q3AET9,0.7010710082014879,0.5,True
8syb__B1_Q72KY0--8syb__A1_Q72KY0,0.9920250466539251,0.5,True
8qc3__A1_A0A1C9WRL0--8qc3__B1_A0A1C9WRL0,0.8842714052575856,0.5,True
3wtf__B1_Q9BUH6--3wtf__A1_Q9BUH6,0.5760262182203391,0.5,True
2x0e__B1_Q7BG50--2x0e__A1_Q7BG50,0.6149733019753966,0.5,True
1ojh__A1_Q8YNP7--1ojh__B1_Q8YNP7,0.638255421686747,0.5,True
3eyy__A1_Q9K4F8--3eyy__B1_Q9K4F8,0.899384449149278,0.5,True
8bwv__D2_A0A482M8M0--8bwv__A1_A0A482M8M0,0.7274657571590406,0.5,True
7cm9__A1_A0A7V8UZ53--7cm9__B1_A0A7V8UZ53,0.6574239706311602,0.5,True
4nc8__A1_P12464--4nc8__A2_P12464,0.11245975182774053,0.5,True
1zhh__A1_P54300--1zhh__B1_P54302,0.5143159539567705,0.5,False
8c0u__A1_Q9I5Q5--8c0u__B1_Q9I5Q5,0.6372264462429891,0.5,True
2fbq__A1_Q9HZJ9--2fbq__A2_Q9HZJ9,0.7465823344224396,0.5,True
7fch__A1_O95256--7fch__C2_O95256,0.8287662060614285,0.5,True
8c7t__B1_A0A1B4XP18--8c7t__A1_A0A1B4XP18,0.6381697088136228,0.5,True
4iwn__A1_P76290--4iwn__B1_P76290,0.5260115785530284,0.5,True
7saf__B1_Q6TLP8--7saf__A1_Q6TLP8,0.8626365983631699,0.5,True
7zj1__B1_P55265--7zj1__A1_P55265,0.7144297164270804,0.5,True
4g9k__A1_P32340--4g9k__B1_P32340,0.7243211756124159,0.5,True
8b35__A1_Q96562--8b35__B1_Q96562,0.6871219647146108,0.5,True
2rdz__A1_P0ABK9--2rdz__B1_P0ABK9,0.5685268158342421,0.5,True
6bzf__B1_P53061--6bzf__A1_P17122,0.388593228588788,0.5,False
5ydd__B1_P9WME7--5ydd__A1_P9WME7,0.7629873331007173,0.5,True
4czd__B1_B8J3A4--4czd__A1_B8J364,0.8446111977626662,0.5,False
3ft7__B1_Q54323--3ft7__A1_Q54323,0.9249017472418202,0.5245471738579423,True
4pz1__A1_Q99XU0--4pz1__A2_Q99XU0,0.8305211507308983,0.5,True
2w1t__A1_P37554--2w1t__B1_P37554,0.9658645742435429,0.5110294117647058,True
7qz5__A1_A2RI36--7qz5__B1_A2RI36,0.9243352214617261,0.5,True
5h31__A1_Q14790--5h31__B1_Q14790,0.2575030158708421,0.5,True
8p33__A1_O51254--8p33__A2_O51254,0.7393892030355702,0.5,True
8oru__A1_O93732--8oru__B1_O93732,0.9247966788072448,0.5,True
8slg__B1_G7CIG9--8slg__A1_G7CIG9,0.5652502814701483,0.5,True
3l2e__B1_Q6AW42--3l2e__A1_Q6AW43,0.935684058827894,0.5,False
3b0a__A1_P0CG48--3b0a__B1_Q9WUB0,0.7705519453836662,0.5,False
6etz__A1_A0A023UGN9--6etz__A2_A0A023UGN9,0.6497011034063844,0.5,True
7sfz__B1_Q9NYP9--7sfz__A1_Q9NYP9,0.628655005643247,0.5,True
8vdw__B1_T0TAB9--8vdw__A1_T0TAB9,0.8125658885542169,0.5,True
8ri0__A1_E4THH1--8ri0__B1_E4THH1,0.6306219952083412,0.5,True
5z2i__B1_Q54LT0--5z2i__A1_Q54LT0,0.6518429659393543,0.5,True
4miv__A1_P51688--4miv__B1_P51688,0.907283166074987,0.5,True
3vh1__A1_P38862--3vh1__A2_P38862,0.5600331746958047,0.5,True
7z98__A1_E6V140--7z98__A2_E6V140,0.8363764280210393,0.5,True
2ond__A1_Q99LI7--2ond__B1_Q99LI7,0.47931839700656687,0.5,True
7vt9__A1_P21517--7vt9__B1_P21517,0.8256932018551911,0.5,True
1gju__A1_O33838--1gju__A2_O33838,0.7786148470155355,0.5,True
6hta__A1_A0A3F2YM29--6hta__B1_A0A3F2YM29,0.884578087685174,0.5,True
3h7h__A1_P63272--3h7h__B1_O00267,0.489730415547768,0.5,False
4z39__A1_A0A0S2E5N6--4z39__B1_A0A0S2E5N6,0.8176770591529547,0.5,True
5ca9__A1_Q9C0L9--5ca9__A2_Q9C0L9,0.664516792760963,0.5,True
2zvx__A1_P00974--2zvx__B1_P00974,0.7021544447941404,0.5,True
6x0a__A1_F7Y4W0--6x0a__S1_F7YBW8,0.5310130183494036,0.5,False
7spq__A1_C5AMM8--7spq__A2_C5AMM8,0.7637806964148345,0.5,True
7spn__A1_A0A7C2VFT1--7spn__B1_A0A7C2VFT1,0.9588665708756723,0.5,True
1tv8__A1_P65388--1tv8__B1_P65388,0.8152830686022203,0.5,True
3mkr__B1_Q27954--3mkr__A1_Q28104,0.9158930393851512,0.5,False
7xoi__A1_A0A5N6DPG0--7xoi__B1_A0A5N6EXS6,0.26011133058604297,0.5,False
8h62__A1_P0DJM0--8h62__B1_P12830,0.5966530383253863,0.5,False
2qh0__A1_Q97H22--2qh0__A2_Q97H22,0.7625082219993746,0.5,True
5ubb__A1_Q5VVY1--5ubb__A2_Q5VVY1,0.8389441762009442,0.5,True
5kvs__B1_O54512--5kvs__A1_O54512,0.9065052418752237,0.5,True
3frs__A1_P53990--3frs__A2_P53990,0.25881580084509687,0.5,True
3obv__A1_O08808--3obv__C1_O08808,0.5069890763357854,0.5,True
4wkz__A1_A0AEF5--4wkz__B1_W5IDC3,0.8131791045156316,0.5,False
3kt0__A1_Q12109--3kt0__A2_Q12109,0.7483261800849275,0.5,True
5i90__A1_G3XCY5--5i90__B1_G3XCY5,0.8623290658462716,0.5,True
3bat__B1_P24733--3bat__A1_P24733,0.8942486450873365,0.5,True
2ps1__A1_P13298--2ps1__B1_P13298,0.8569764621118184,0.5,True
1fcd__A1_Q06530--1fcd__B1_Q06529,0.9554001118600285,0.5,False
8hy8__A1_A0A085BE66--8hy8__A2_A0A085BE66,0.8400150896527372,0.5,True
8har__A1_Q2L6E4--8har__B1_Q2L6E4,0.7532092060699549,0.5,True
4je4__A1_Q06124--4je4__B1_P02751,0.5356175666988107,0.5,False
2a6c__A1_Q82UW4--2a6c__A2_Q82UW4,0.8882451401315925,0.6008920248487777,True
5k9l__B1_A8MW95--5k9l__A1_A8MW95,0.8856148201816049,0.5,True
5mzg__A1_P53368--5mzg__B1_P53368,0.7503284402602313,0.5,True
7ucc__B1_P17535--7ucc__A1_P53539,0.5805012337701114,0.5,False
8d0x__A1_Q9Y231--8d0x__A2_Q9Y231,0.5994262542930051,0.5,True
6ano__B1_Q9UKL3--6ano__A1_Q9UKL3,0.5186662540233289,0.5,True
6d0a__A1_Q8N5Z0--6d0a__A2_Q8N5Z0,0.7128971917875798,0.5,True
2xga__B1_P35530--2xga__A1_P35530,0.6348208718326626,0.5,True
2i3o__A1_Q9HJH4--2i3o__B1_Q9HJH4,0.6732416212664317,0.5,True
1ijx__A1_P97401--1ijx__C1_P97401,0.5173403275479953,0.5,True
6h2u__A1_Q9NRN9--6h2u__B1_Q9UI30,0.41723372008177356,0.5,False
8h2v__A1_Q93HT8--8h2v__B1_Q93HT8,0.8686476539212943,0.5,True
1wat__B1_P02941--1wat__A1_P02941,0.6035684579590477,0.5,True
7yuj__B1_Q9BYM8--7yuj__A1_Q9BYM8,0.5102548981871475,0.5,True
8c5k__A1_P87252--8c5k__A2_P87252,0.5683762826107267,0.5,True
2spc__A1_P13395--2spc__B1_P13395,0.32752450661883853,0.5,True
6q2e__A1_A5UMY5--6q2e__B1_A5UMY5,0.6179973716920206,0.5,True
4p8i__A1_P40746--4p8i__B1_P40746,0.8916720066750105,0.5,True
8a82__A1_K7WEY7--8a82__B1_K7XCU4,0.8775679458597577,0.5,False
3a4l__B1_Q58933--3a4l__A1_Q58933,0.45982179822435165,0.5,True
1z52__A1_P09167--1z52__B1_P09167,0.5572968874580244,0.5,True
6c0g__A1_A0A3F2YLX1--6c0g__B2_A0A3F2YLX1,0.6361118564978127,0.5,True
1k3r__B1_O26109--1k3r__A1_O26109,0.8728376638168692,0.5,True
7fga__A1_Q8DIJ4--7fga__B2_Q8DIJ4,0.7940535722120031,0.5,True
5akq__A1_O52063--5akq__B1_O52063,0.8089684284126881,0.5,True
7y86__B1_A0A0K2E3A3--7y86__A1_A0A0K2E3A3,0.9646446315937842,0.5199443250290707,True
8d1u__A1_P0A6R0--8d1u__A2_P0A6R0,0.6309664693613553,0.5,True
1vqw__A1_Q9HFE4--1vqw__B1_Q9HFE4,0.8472933716414943,0.5,True
7uld__A1_O28028--7uld__A2_O28028,0.8492830307681323,0.5,True
4c0f__B1_Q9NZN8--4c0f__A1_Q9NZN8,0.14295162160560632,0.5,True
8b21__A1_Q9S5X0--8b21__B1_Q9S5X0,0.8359239125412699,0.5,True
3swk__A1_P08670--3swk__B1_P08670,0.6713525116933792,0.5,True
8txn__B1_P08120--8txn__A1_P08120,0.17501832143624896,0.5,True
8dak__A1_F2X702--8dak__B1_F2X702,0.6312095707689535,0.5,True
2rde__B1_A0A0H3ADR8--2rde__A1_A0A0H3ADR8,0.6616985441296523,0.5,True
2pih__A1_O31779--2pih__B1_O31779,0.7677735419336471,0.5,True
7ykv__B1_Q58241--7ykv__A1_Q58241,0.5646630211540419,0.5,True
7y4g__A1_Q8A028--7y4g__A2_Q8A028,0.732138003688725,0.5,True
8cci__A1_A0R7I9--8cci__A2_A0R7I9,0.5783520513726632,0.5,True
6p35__A1_P75913--6p35__A2_P75913,0.971243855694725,0.5,True
6p3j__A1_Q0KJL4--6p3j__B1_Q0KJL4,0.5351664040414025,0.5,True
4o6p__A1_Q8RDI4--4o6p__B1_Q8RDI4,0.5678433860556716,0.5,True
8ozv__A1_A0A179UH34--8ozv__A2_A0A179UH34,0.9253276416047538,0.5,True
2cim__A1_Q46AN5--2cim__B1_Q46AN5,0.7005876941898255,0.5,True
6tpo__A1_P24474--6tpo__A2_P24474,0.8955693596902162,0.5,True
7wwo__B1_Q5SH57--7wwo__A1_Q5SH57,0.5374054694388438,0.5,True
4pmv__A1_Q8PEU1--4pmv__B1_Q8PEU1,0.6727364058172627,0.5,True
6rmr__B1_P19926--6rmr__A1_P19926,0.42805760637998197,0.5,True
6hhb__A1_E0SCP7--6hhb__C1_E0SCP7,0.7128667654766478,0.5,True
7e5c__A1_A0A1I7CHQ2--7e5c__B1_A0A1I7CHQ2,0.9533609304798885,0.5,True
2wfh__A1_O94813--2wfh__B1_O94813,0.5093496916942539,0.5,True
3zco__A1_P06701--3zco__A2_P06701,0.39272620539637265,0.5,True
2ghy__A1_P03051--2ghy__B1_P03051,0.38248444041760676,0.5,True
8aeu__A1_Q00987--8aeu__A2_Q00987,0.056696131733287594,0.5,True
1xuv__A1_Q8PZJ2--1xuv__C1_Q8PZJ2,0.9538476251731437,0.5,True
2o8p__A1_Q5CYG0--2o8p__A2_Q5CYG0,0.6989461200853748,0.5,True
4zmu__A1_Q9I072--4zmu__B1_Q9I072,0.6414177715865204,0.5,True
3dl3__G2_Q5E3X2--3dl3__C1_Q5E3X2,0.9238158953249532,0.5,True
7yvz__A1_A7LPG5--7yvz__A2_A7LPG5,0.381056867403029,0.5,True
4ia6__A1_Q5FL96--4ia6__B1_Q5FL96,0.9507639340920688,0.5,True
8bou__A1_A0A7G5MNS2--8bou__B1_A0A7G5MNS2,0.9543673915557198,0.5,True
5gk1__A1_Q7N4Z6--5gk1__B1_Q7N4Z6,0.7476393362574972,0.5,True
5x03__B1_P94426--5x03__A1_P94426,0.9772424958558987,0.5,True
3gku__A1_D0VX24--3gku__B1_D0VX24,0.7157168252858058,0.5,True
1c81__A1_P07953--1c81__A2_P07953,0.5839338117626907,0.5,True
1k3e__B1_P58233--1k3e__A1_P58233,0.65387720137153,0.5,True
6u18__A1_Q9EVJ6--6u18__B1_Q9EVJ6,0.7360698284178815,0.5,True
7wpy__A1_A0A097ZPD5--7wpy__C1_A0A097ZPD5,0.5757921831977862,0.5,True
7xn2__A1_Q8YR38--7xn2__A2_Q8YR38,0.6584099970541343,0.5,True
3uws__B1_A7A9N3--3uws__A1_A7A9N3,0.3157677156011201,0.5,True
4u04__B1_Q9BVA6--4u04__A1_Q9BVA6,0.9352326513570379,0.5,True
2kin__A1_P56536--2kin__B1_Q6QLM7,0.3246310605473609,0.5,False
3ulc__A1_Q08236--3ulc__A2_Q08236,0.5681890206289195,0.5,True
8b2a__A1_Q2YWJ9--8b2a__A2_Q2YWJ9,0.9685160616848549,0.5,True
8qff__A1_K9TLZ5--8qff__A2_K9TLZ5,0.8358803745838195,0.5,True
8c8c__A1_P48426--8c8c__A2_P48426,0.9691023968050692,0.5,True
8iup__B1_A9A1Y1--8iup__A1_A9A1Y1,0.7492984891835409,0.5,True
3o7o__A1_Q9S5X8--3o7o__B1_Q9S5X8,0.9253324118451299,0.5,True
4bg8__A1_Q8TX37--4bg8__B1_Q8TX37,0.9379053835982967,0.5,True
7qxo__A1_G8UIQ1--7qxo__B1_G8UIQ1,0.6816465351603761,0.5,True
4xiz__A1_Q05776--4xiz__D1_O60200,0.9105849027635243,0.5,False
7pwe__A1_Q6AL91--7pwe__B1_Q6AL91,0.5036265347712939,0.5,True
6uxu__A1_E2JB04--6uxu__B1_E2JB04,0.7682911054115564,0.5,True
3bid__A1_Q7DDI1--3bid__B1_Q7DDI1,0.9250215823541166,0.5113302646807131,True
4f7w__A1_B5XYG3--4f7w__B1_B5XYG3,0.9511072005047206,0.5,True
2rae__A1_Q0S3N9--2rae__A2_Q0S3N9,0.823935643371314,0.5,True
7yn1__A1_E9JES9--7yn1__C1_E9JES9,0.6029265010396261,0.5,True
3t7y__A1_O84093--3t7y__B1_O84093,0.968924934355947,0.5,True
7u6p__A1_P11926--7u6p__B1_P11926,0.649216560317446,0.5,True
4mis__A1_Q57ES7--4mis__B1_Q57ES7,0.6994433349402015,0.5,True
2blf__A1_Q9LA16--2blf__B1_Q9LA15,0.9010136366503195,0.5,False
3ke3__A1_Q4FVA8--3ke3__A2_Q4FVA8,0.9024345817741757,0.5,True
7ywc__A1_Q9L0T8--7ywc__B1_Q9L0T8,0.9589649332947834,0.5,True
4wwr__B1_P46379--4wwr__A1_P11441,0.4487953163701868,0.5,False
7r0d__B1_Q9NV35--7r0d__A1_Q9NV35,0.618693485363265,0.5,True
8w6x__A1_P21852--8w6x__B1_P21853,0.6420037099133165,0.5,False
3fmf__A1_P9WPQ5--3fmf__B1_P9WPQ5,0.858072456045948,0.5,True
4xj7__A1_P66881--4xj7__B1_P66881,0.9684518891450619,0.5,True
7yrt__E1_H9L4P6--7yrt__A1_H9L4P6,0.6475266488471798,0.5,True
7tye__A1_P0A7J0--7tye__A2_P0A7J0,0.5590982603684547,0.5,True
2zvd__B1_Q9RBY1--2zvd__A1_Q9RBY1,0.9526125311501815,0.5,True
3mtw__A1_Q9A4Z9--3mtw__A2_Q9A4Z9,0.748231570211616,0.5,True
3n2o__A1_Q7MK24--3n2o__B1_Q7MK24,0.8011826864894511,0.5,True
7ywd__A1_Q8TB36--7ywd__A2_Q8TB36,0.4752090721213178,0.5,True
5upq__A1_A0A0A0V031--5upq__B1_A0A0A0V031,0.9338418101913465,0.5,True
1vgu__A1_Q46893--1vgu__B1_Q46893,0.9387244275233801,0.5,True
7pxo__A1_F4F7G1--7pxo__C1_F4F7G1,0.5512078904701856,0.5,True
2dp9__A1_Q5SM30--2dp9__A2_Q5SM30,0.5010760423570232,0.5,True
8a7l__A1_M1JS91--8a7l__A2_M1JS91,0.5547491382173597,0.5,True
7uqv__A1_A0A0L6JSP1--7uqv__B1_A0A0L6JSP1,0.8335967278644838,0.5,True
5d1r__A1_P9WMC9--5d1r__B1_P9WMC9,0.6678479822767232,0.5,True
3f6q__A1_Q13418--3f6q__B1_P48059,0.9463860310569983,0.5,False
8cok__B1_Q9NXR8--8cok__A1_Q9NXR8,0.4828040866312111,0.5,True
1wz3__A1_Q9LVK3--1wz3__B1_Q9LVK3,0.29253432472448637,0.5,True
1nw1__A1_Q22942--1nw1__B1_Q22942,0.47062009497874346,0.5,True
1hrp__B1_P0DN86--1hrp__A1_P01215,0.6536216057786854,0.5,False
3qf4__B1_Q9WYC4--3qf4__A1_Q9WYC3,0.9288079205874744,0.5,False
7y4o__B1_A0A0G2JZC4--7y4o__A1_A0A0G2JZC4,0.5380465822390273,0.5,True
8hns__A1_A0A377JKY9--8hns__A2_A0A377JKY9,0.3109848567077993,0.5,True
3mpn__A1_O67854--3mpn__A2_O67854,0.9702833914294668,0.5,True
6vlg__A2_Q9WTS2--6vlg__C1_Q9WTS2,0.8503033535585851,0.5,True
1v71__A1_O59791--1v71__A2_O59791,0.5637797286556814,0.5,True
3fpk__A1_Q8ZKP5--3fpk__B1_Q8ZKP5,0.9202716806398568,0.5,True
8eb3__A1_K2K6A3--8eb3__B1_K2K6A3,0.9509567359507314,0.5,True
4z1i__C1_Q12931--4z1i__A1_Q12931,0.9196771820031556,0.5,True
8pz3__A1_D7SFB8--8pz3__B1_D7SFB8,0.19348912377796917,0.5,True
5vpb__B1_P17535--5vpb__A1_P53539,0.5751834725848068,0.5,False
8bt3__A1_Q6F0T5--8bt3__A2_Q6F0T5,0.4952567637121556,0.5,True
1r7h__A1_O69271--1r7h__B1_O69271,0.3561961653291238,0.5,True
5bo9__A1_O43173--5bo9__B1_O43173,0.9386279303736974,0.5,True
7kws__A1_Q0P8H3--7kws__B1_Q0P8H3,0.6565114388314668,0.5,True
4qa0__A1_Q9BY41--4qa0__B1_Q9BY41,0.756440556290645,0.5,True
6epi__B1_D5K9G7--6epi__A1_D5K9E3,0.8976024587490282,0.5,False
6z2f__B1_Q16222--6z2f__A1_Q16222,0.7512389243042022,0.5,True
7qgs__B1_Q09472--7qgs__A1_Q16665,0.29640318803940296,0.5,False
7tz7__A1_P42336--7tz7__B1_P27986,0.6109348818402519,0.5,False
2zl1__A1_Q9UHA4--2zl1__B1_Q9JHS3,0.6831682219286034,0.5,False
4ija__A1_A0A0H3JS71--4ija__B1_A0A0H3JS71,0.8873088965475076,0.5,True
3ijt__B1_Q8DVN6--3ijt__A1_Q8DVN6,0.3718424098761056,0.5,True
7qgt__A1_P35520--7qgt__B1_P35520,0.8310058344675206,0.5,True
8i4q__A1_Q8NQI2--8i4q__B1_Q8NQI2,0.9273375463327611,0.5,True
5lxv__A1_G9FCX2--5lxv__B1_A0A1L1QK37,0.6014994591812507,0.5,False
8h25__A1_A0A5R8LFD3--8h25__C1_A0A5R8LFD3,0.8552282644800977,0.5,True
6kjl__A1_Q9RC94--6kjl__B1_Q9RC94,0.6572961460117357,0.5,True
5f3o__A1_C4LU64--5f3o__B1_C4LU64,0.6029687547730327,0.5,True
8arv__A1_Q9HW35--8arv__B1_Q9HW35,0.8289569134547732,0.5,True
2i1a__B1_P40087--2i1a__A1_P40087,0.3932163459505993,0.5,True
2y9x__A1_C7FF04--2y9x__E1_G1K3P4,0.6490346033882202,0.5,False
8waa__A1_P29401--8waa__B1_P29401,0.8145646469676522,0.5,True
6n2f__B1_Q94A94--6n2f__A1_Q94A94,0.6259331062246223,0.5,True
8b08__B1_P0A2K1--8b08__A1_P00929,0.9109782666905969,0.5,False
5ja2__A1_P11454--5ja2__B1_Q9I169,0.5505179655619636,0.5,False
4g3w__A1_O66591--4g3w__A2_O66591,0.5484106196971827,0.5,True
5cm2__A1_Q6C999--5cm2__B1_Q6C4P5,0.9164628997209823,0.5,False
6g70__B1_Q8K2Z2--6g70__A1_Q8K2Z2,0.3730190800918889,0.5,True
7xac__A1_P47929--7xac__B1_P47929,0.9266204833984375,0.5,True
2zz8__A1_O34094--2zz8__B1_O34094,0.6824287814693666,0.5,True
8b8h__A1_P9WQA9--8b8h__B1_P9WQA9,0.4833212568813588,0.5,True
7u2s__A1_A0A2W1NDJ7--7u2s__B1_A0A2W1NDJ7,0.5684789882892192,0.5,True
1d2g__A1_P13255--1d2g__B1_P13255,0.6233356038325462,0.5,True
1sc1__A1_P29466--1sc1__B1_P29466,0.34577310822416163,0.5,True
5amt__A1_A0Q7H2--5amt__A2_A0Q7H2,0.6841773300946562,0.5,True
7qfz__B1_B7L3Y3--7qfz__A1_B7L3Y3,0.7045436104351523,0.5,True
3hml__A1_A6T9H1--3hml__B1_A6T9H1,0.7846405276738817,0.5,True
1xk6__A1_P31572--1xk6__C1_P31572,0.7245181370677103,0.5,True
7r3s__A1_A0A4R2M5S2--7r3s__B1_A0A4R2M5S2,0.7791457489021076,0.5,True
2grx__A1_P06971--2grx__C1_P02929,0.7903471702738557,0.5,False
7vsf__A1_P25440--7vsf__B1_P25440,0.14134456446541485,0.5,True
3q34__A1_Q48EL2--3q34__C1_Q48EL2,0.706409034035109,0.5,True
4r2k__A1_Q8ZP84--4r2k__A2_Q8ZP84,0.7802449863573028,0.5,True
3cgw__A1_Q8PVT6--3cgw__A2_Q8PVT6,0.9029346510876091,0.5,True
7r2f__A1_P21836--7r2f__B1_P21836,0.7879669820391206,0.5,True
4g19__A1_I6ZUH3--4g19__B1_I6ZUH3,0.8859122474696414,0.5,True
3dg8__C1_P13922--3dg8__A1_P13922,0.32981595997147606,0.5,True
6m10__A1_Q9HUW0--6m10__C1_Q9HUW0,0.63723863985424,0.5,True
8tt2__B1_Q4K977--8tt2__A1_Q4K977,0.9713184641138751,0.5,True
1h31__A1_Q939U1--1h31__B1_Q939U4,0.9482807445451186,0.5,False
7p7i__B1_R8APY9--7p7i__A1_R8APY9,0.9534761518952413,0.5,True
3hzu__A1_P9WHF7--3hzu__A2_P9WHF7,0.935336481180996,0.5,True
7xgs__A1_Q9FVC1--7xgs__A2_Q9FVC1,0.8072378012945209,0.5,True
6iju__A1_Q9KJN4--6iju__A2_Q9KJN4,0.2056549048683194,0.5,True
4kqd__B1_P06626--4kqd__A1_P06626,0.7725525526157272,0.5,True
2fu3__B1_Q03555--2fu3__A1_Q03555,0.6298596348960295,0.5,True
1jgt__B1_P0DJQ7--1jgt__A1_P0DJQ7,0.8148802686628926,0.5,True
6l4b__A1_Q9UGV2--6l4b__C2_Q9UGV2,0.7945659230703721,0.5,True
3lzk__A1_Q92LT4--3lzk__B1_Q92LT4,0.7430151712106181,0.5,True
1ht8__A1_P05979--1ht8__B1_P05979,0.7462044634809163,0.5,True
1z8h__A1_Q8YWS4--1z8h__B1_Q8YWS4,0.9192982137637681,0.5,True
8gk6__A1_W6USS8--8gk6__E1_W6USS8,0.8770430473352636,0.5,True
4mjf__A1_A6L2I4--4mjf__A2_A6L2I4,0.9240820876567484,0.5,True
7m4s__A1_Q8YLC3--7m4s__D1_Q8YLC3,0.8207691045264645,0.5,True
6fju__A1_E6N8B9--6fju__B1_E6N8B9,0.9063804513309106,0.5,True
6lgq__A1_P21865--6lgq__B1_P21866,0.7207877904641412,0.5,False
2y27__B1_B4E7B5--2y27__A1_B4E7B5,0.9300467123066793,0.5,True
2tdx__A1_P0DJL7--2tdx__A2_P0DJL7,0.619481690582608,0.5,True
8fj8__A1_P02638--8fj8__A2_P02638,0.8363421979770429,0.5,True
3uv0__B1_Q9W061--3uv0__A1_Q9W061,0.096795652938094,0.5,True
8alo__B1_P24003--8alo__A1_P15795,0.6978974727805218,0.5,False
6xa0__A1_D1A230--6xa0__B1_D1A230,0.7814506913246391,0.5,True
1zbo__B1_Q7WAM7--1zbo__A1_Q7WAM7,0.5666202041202041,0.5,True
6xb5__A1_A0A7E5VPD6--6xb5__B1_A0A7E5VPD6,0.5315589544506076,0.5,True
8duy__D1_A0A0H3GVN6--8duy__A1_A0A0H3GVN6,0.67920982755222,0.5,True
7th5__A1_Q5SLG6--7th5__B1_Q5SLG6,0.5038347490494848,0.5,True
3t2l__A1_Q5LE95--3t2l__A2_Q5LE95,0.46389524157371764,0.5,True
3uet__A1_B7GNN8--3uet__B1_B7GNN8,0.8604774823538304,0.5,True
8fdb__B1_Q12KP2--8fdb__A1_Q12KP2,0.7418647446670273,0.5,True
6ok3__A1_C3X9N1--6ok3__B1_C3X9N1,0.6029875032103704,0.5,True
8hp3__A1_A0A2K0XCZ3--8hp3__B1_A0A2K0XCZ3,0.8499620650981795,0.5,True
7xkg__A1_A7NHS9--7xkg__B1_A7NHS9,0.7261767025802138,0.5,True
1l7e__A1_Q2RSB2--1l7e__B1_Q2RSB2,0.7537617474646593,0.5,True
8gst__A1_Q1NEI7--8gst__B1_Q1NEI7,0.6026978897164625,0.5,True
7cq3__A1_P38324--7cq3__B1_Q12098,0.53048816027942,0.5,False
5htf__A1_Q8Y759--5htf__B1_Q8Y759,0.913603511153042,0.5,True
6c90__A1_P42285--6c90__B1_Q6NZY4,0.6046094717928775,0.5,False
6e1j__A1_C5J4P1--6e1j__B1_C5J4P1,0.7531221482046191,0.5,True
3ccd__A1_P0AA04--3ccd__B1_P0AA04,0.8306444906444908,0.5,True
3dzl__B1_Q396C9--3dzl__A1_Q396C9,0.7206004309018161,0.5,True
2y1h__B1_Q17R31--2y1h__A1_Q17R31,0.7521363841348083,0.5,True
7lfs__A1_P00533--7lfs__E1_O14944,0.687707926098887,0.5,False
6jiw__A1_A0A0H3JU78--6jiw__A2_A0A0H3JU78,0.4061042710025645,0.5,True
8ees__A1_A0A0H3GMB7--8ees__B1_A0A0H3GMB7,0.8892531857100417,0.5,True
3nb6__A1_O66874--3nb6__A2_O66874,0.6094630839352506,0.5,True
5f8c__A1_O53532--5f8c__A2_O53532,0.7992346822140451,0.5,True
8jt3__A1_H8Y6N2--8jt3__C1_H8Y6N2,0.7692819065527919,0.5,True
1ije__A1_P02994--1ije__B1_P32471,0.5715340656993082,0.5,False
6on4__A1_P0A8W0--6on4__B1_P0A8W0,0.704075999990656,0.5,True
4zvc__A1_P0AA89--4zvc__B1_P0AA89,0.8974968109319514,0.5,True
4qoa__A1_A7VAB9--4qoa__A2_A7VAB9,0.29609060133646337,0.5,True
6wmv__A1_U5WZP7--6wmv__B1_U5WZP7,0.8867872300925488,0.5,True
3e3c__A1_Q7DB61--3e3c__B1_Q7DB61,0.37705025081517607,0.5,True
6ekk__A1_Q8TEH3--6ekk__C1_Q15286,0.747133333493337,0.5,False
8a9w__A1_P15751--8a9w__A2_P15751,0.5321053782191519,0.5,True
2gj9__A1_P25522--2gj9__B1_P25522,0.9180592273819121,0.5,True
3cm7__C1_P98170--3cm7__D1_P98170,0.9550914279681036,0.5,True
8f5v__A1_O53728--8f5v__B1_O53728,0.510190617610743,0.5,True
1ecj__A1_P0AG16--1ecj__B1_P0AG16,0.8255889085583504,0.5,True
3s5r__A1_Q2LS68--3s5r__B1_Q2LS68,0.7872439239624196,0.5,True
3im3__A1_P00514--3im3__A2_P00514,0.8143374228162075,0.5,True
4mcj__B1_A6L9R1--4mcj__A1_A6L9R1,0.8443522304792583,0.5434286035053781,True
7vw1__B1_V5J1S8--7vw1__A1_V5J1S8,0.7651895116636301,0.5,True
3p12__A1_Q2G1A5--3p12__D1_Q2G1A5,0.738384657313381,0.5,True
8aq0__A1_Q6DTN4--8aq0__B1_Q6DTN4,0.7768311063754103,0.5,True
3wpm__A1_G2IKE5--3wpm__B1_G2IKE5,0.773244098315769,0.5,True
7xof__B1_Q0DFB6--7xof__A1_Q0DFB6,0.4502400021420487,0.5,True
8a8f__A1_P32598--8a8f__B1_P42073,0.7100909362463219,0.5,False
3qta__A1_Q5V4K4--3qta__B1_Q5V4K4,0.7652012130458241,0.5,True
8oqj__B1_P06959--8oqj__A1_P06959,0.6277335265213557,0.5,True
1tbp__A1_P13393--1tbp__B1_P13393,0.40132772642858666,0.5,True
7qfk__C1_Q5FLN0--7qfk__A1_Q5FLN0,0.6479541611608918,0.5,True
7r3o__B1_Q460N3--7r3o__A1_Q460N3,0.482838813812087,0.5,True
1wli__A1_Q46604--1wli__B1_Q46604,0.9766537966537967,0.5296267696267696,True
8b3e__A1_M4SY06--8b3e__A2_M4SY06,0.5906136733795738,0.5,True
1d8i__A1_O13297--1d8i__A2_O13297,0.5173406087769421,0.5,True
8eh0__B1_P50909--8eh0__A1_P50909,0.7027115085323459,0.5,True
3seo__B1_Q87GE5--3seo__A1_Q87GE5,0.646141040280358,0.5,True
3iey__B1_Q74MS9--3iey__A1_Q74MP4,0.9101503833365032,0.49989342654957797,False
4yto__B1_Q15431--4yto__A1_Q15431,0.6802765021320436,0.5,True
6csm__A1_L1J207--6csm__B1_L1J207,0.5430437442617408,0.5,True
4ndt__A1_A7UNK4--4ndt__A2_A7UNK4,0.6683158849330956,0.5,True
8j3p__A1_B9WHT3--8j3p__A2_B9WHT3,0.8565870686503836,0.5,True
7pv7__B1_Q7MVV4--7pv7__A1_Q7MVV4,0.674502548191106,0.5,True
7uj6__A1_Q8RMD9--7uj6__B1_Q8RMD9,0.6195771047895211,0.5,True
3k9i__A1_Q9KFK0--3k9i__A2_Q9KFK0,0.8021912016079784,0.5,True
7z1s__A1_A0A3Q7HTY9--7z1s__A2_A0A3Q7HTY9,0.5072253670558486,0.5,True
2e89__A1_O67728--2e89__B1_O67728,0.6847926574839664,0.5,True
2woz__A1_Q9ER30--2woz__A2_Q9ER30,0.6669050350439274,0.5,True
7xxs__A1_B2CKP3--7xxs__B1_B2CKP3,0.9297788805371086,0.5,True
8fir__A1_O83132--8fir__B1_O83132,0.776186340139033,0.5,True
3i6s__A1_O82777--3i6s__B1_O82777,0.7677703674942227,0.5,True
7yhe__B1_A6YEH4--7yhe__A1_A6YEH4,0.7499157084785864,0.5,True
1ku2__A1_Q9EZJ8--1ku2__B1_Q9EZJ8,0.5642563929461873,0.5,True
6qwo__B1_Q9S5W7--6qwo__A1_Q9S5W7,0.9294034479454482,0.5,True
1mxi__A1_P44868--1mxi__A2_P44868,0.6276268222569116,0.5,True
2vhl__A1_O34450--2vhl__A2_O34450,0.6354855532437373,0.5,True
5wan__A1_P75898--5wan__A2_P75898,0.8583176412836206,0.5,True
4x7z__B1_Q49492--4x7z__A1_Q49492,0.8119126311729421,0.5,True
6a1k__A1_P71018--6a1k__B1_P71018,0.7856509355023757,0.5,True
7pjh__A1_Q9Y312--7pjh__B1_Q6P2Q9,0.8485561879174365,0.5,False
4joi__A1_Q9H668--4joi__C1_Q86WV5,0.9380980992796646,0.5,False
8axz__A1_P31153--8axz__A2_P31153,0.6520042011274247,0.5,True
8ogi__B1_P11678--8ogi__A1_P11678,0.2744963035483195,0.5,True
8cxl__A1_A7KH32--8cxl__B1_A7KH32,0.90870257447345,0.5,True
7win__B1_Q9UIF8--7win__A1_Q9UIF8,0.4914276583345344,0.5,True
4bwv__A1_Q8L5D0--4bwv__B1_Q8L5D0,0.6308041649454185,0.5,True
7drj__A1_P63756--7drj__B1_P63756,0.8222014799509838,0.5,True
3qth__A1_Q47ZP9--3qth__B1_Q47ZP9,0.7383330868090254,0.5,True
8b28__A1_F6GSX7--8b28__A2_F6GSX7,0.7077199047319063,0.5,True
6scx__A1_Q9BQG2--6scx__B1_Q9BQG2,0.6904815222622664,0.5,True
8hpc__A1_P60327--8hpc__H1_P60327,0.9669176861234623,0.5,True
5n76__A1_P72320--5n76__B1_P72320,0.7053864015703367,0.5,True
3cq3__A1_Q53W28--3cq3__A2_Q53W28,0.6026679346770153,0.5,True
3kbu__A1_P11277--3kbu__D1_P16157,0.7982786077377619,0.5,False
7pck__A1_P43235--7pck__C2_P43235,0.6611691435384146,0.5,True
5o4z__A1_Q9X1T1--5o4z__A2_Q9X1T1,0.7578520367344714,0.5,True
1vla__A1_Q9X021--1vla__B1_Q9X021,0.7346172685871637,0.5,True
5oed__A1_Q6EAT3--5oed__B1_Q13637,0.772114830248078,0.5,False
7yva__A1_Q9URB4--7yva__B1_Q9URB4,0.8432958158802686,0.5,True
7s6n__B1_Q5RGJ8--7s6n__A1_Q5RGJ8,0.5025965451049907,0.5,True
4cz8__A1_Q9UZ55--4cz8__B1_Q9UZ55,0.9141422843528538,0.5,True
6ebn__A1_A0A4P1LYB6--6ebn__B1_A0A4P1LYB6,0.7773576751646719,0.5,True
3lf4__B1_D1MPT3--3lf4__A1_D1MPT3,0.32067325469109786,0.5,True
3ffe__B1_Q93AT8--3ffe__A1_Q93AT8,0.8716966409203852,0.5,True
7zg6__A1_A0A2J0RDY6--7zg6__B1_A0A2J0RDY6,0.867118700128168,0.5,True
8f4q__A1_Q00972--8f4q__A2_Q00972,0.9243558077414724,0.5,True
4rz3__A1_A4IMB4--4rz3__B1_A4IMB4,0.5241298941211436,0.5,True
8f8k__A1_O53507--8f8k__A2_O53507,0.72677914862908,0.5,True
3zw5__A1_A6NK44--3zw5__B1_A6NK44,0.7335772637795276,0.5,True
6l3q__B1_G0SEI5--6l3q__A1_G0SEI5,0.9200854593748183,0.5,True
8ag8__A1_A0A1I5SVP7--8ag8__A2_A0A1I5SVP7,0.8491537156127187,0.5,True
2i2w__A1_P63224--2i2w__D1_P63224,0.7436488658898629,0.5,True
2f22__B1_Q9RC77--2f22__A1_Q9RC77,0.8630359392125109,0.5,True
3tng__A1_Q8Y7B7--3tng__A2_Q8Y7B7,0.966919721524954,0.5,True
8gr8__B1_P08679--8gr8__A1_P08679,0.9688645873527222,0.5,True
7ae8__A1_A0A0B0QJR1--7ae8__B1_A0A0B0QJR1,0.49444650129581635,0.5,True
2w54__B1_O54051--2w54__A1_O54050,0.7977588220907591,0.5,False
4b0z__A1_P50524--4b0z__B1_P50524,0.9050571526586622,0.5,True
2re7__A1_Q4FV99--2re7__A2_Q4FV99,0.6195524597671769,0.5,True
8h0t__A1_O34614--8h0t__A2_O34614,0.9642820178063437,0.5096153846153846,True
1te2__A1_P77247--1te2__B1_P77247,0.9949989459249847,0.5,True
7xt2__A1_Q6ZMU5--7xt2__B1_Q6ZMU5,0.8554394050743566,0.5,True
1ev7__A1_P50187--1ev7__B1_P50187,0.8377785482377078,0.5,True
1ogl__A1_O15923--1ogl__A2_O15923,0.8794810074903558,0.5,True
3lrt__B1_Q97CA5--3lrt__A1_Q97CA5,0.9545644167561287,0.5,True
3fou__A1_Q5SGZ9--3fou__B1_Q5SGZ9,0.9162797909664819,0.5,True
5jnq__A1_R0BTE9--5jnq__A2_R0BTE9,0.9270064990491362,0.5,True
4g12__A1_A5U5K3--4g12__B1_A5U5K3,0.27107853447775865,0.5,True
3evj__B1_P01008--3evj__A1_P01008,0.8580802794279287,0.5,True
2oq2__B1_P18408--2oq2__A1_P18408,0.9196233207651786,0.5,True
8he6__A1_Q8YSS0--8he6__B1_Q8YSS0,0.8662881306828486,0.5,True
2xij__A1_P22033--2xij__A2_P22033,0.6889044316626616,0.5,True
1nr5__A1_P07547--1nr5__A2_P07547,0.6587339721297,0.5,True
1gmj__A1_P01096--1gmj__B1_P01096,0.9091493543469076,0.5,True
4yba__B1_Q93K36--4yba__A1_Q93K36,0.8714428210995717,0.5,True
8ok7__A1_M4T0B2--8ok7__D1_M4T0B2,0.7368787583526035,0.5,True
7f76__B1_A0A223KLJ1--7f76__A1_A0A223KLJ1,0.7747606049002439,0.5,True
7vp6__A1_Q9C9L2--7vp6__B1_Q9C9L2,0.5538442287165242,0.5,True
8jmq__A1_A9CQD5--8jmq__B1_A9CQD3,0.7949180015981127,0.5,False
7zgt__A1_W8R3D8--7zgt__B1_W8R3D8,0.9730169829581661,0.5,True
7xgt__B1_Q6H8B1--7xgt__A1_Q6H8B1,0.9428783515610201,0.5,True
3i2t__A1_P04412--3i2t__A2_P04412,0.6526587818260252,0.5,True
8tjk__A1_A0A0F7G196--8tjk__B1_A0A0F7G196,0.8074042196144378,0.5,True
7wt0__A1_Q04760--7wt0__B1_Q04760,0.796200686678539,0.5,True
3if0__A1_Q74MS9--3if0__A2_Q74MS9,0.9689188030523879,0.5058311786113846,True
3qrh__A1_Q8SSM8--3qrh__A2_Q8SSM8,0.5426990001501651,0.5,True
8q70__A1_Q8U2C1--8q70__A2_Q8U2C1,0.8692699239710608,0.5,True
7vso__A1_P02945--7vso__A2_P02945,0.5109045576119653,0.5,True
5f8b__A1_Q4WB03--5f8b__A2_Q4WB03,0.3911447343133001,0.5,True
8ax0__A1_A0A384E145--8ax0__B1_A0A384E145,0.9856507077581647,0.5,True
7r5y__E2_R7PD89--7r5y__A1_R7PD89,0.43064375238674535,0.5,True
7qow__B1_Q93P54--7qow__A1_Q93P54,0.6647394964557733,0.5,True
5il7__A1_Q8KC98--5il7__B1_Q8KC98,0.6996693910694947,0.5,True
3ct9__B1_Q8A1V9--3ct9__A1_Q8A1V9,0.9781457661809572,0.5,True
8pvm__A1_P29166--8pvm__B1_P29166,0.7791490542419144,0.5,True
8ct0__F1_S4S3E3--8ct0__A1_S4S3E3,0.7912878289624257,0.5,True
3q2j__B1_P0A3Y5--3q2j__A1_P0A3Y5,0.5925050894344982,0.5,True
7xzp__B1_A0A379CIH2--7xzp__A1_A0A379CIH2,0.7252977204506285,0.5,True
3qvf__A1_Q56187--3qvf__A2_Q56187,0.39184049537643517,0.5,True
6gxs__A1_Q7NZ70--6gxs__D1_Q7NZ70,0.587737700448635,0.5,True
2hr8__A1_O58456--2hr8__B1_O58456,0.909483040510731,0.5,True
2zyf__A1_O87198--2zyf__A2_O87198,0.6108495773741851,0.5,True
7s3v__A1_Q16719--7s3v__A2_Q16719,0.9602677253953428,0.5,True
6a29__A1_O32504--6a29__B1_O32504,0.5886367315371903,0.5,True
4ml6__C1_A6GV51--4ml6__A1_A6GV51,0.9410697772233045,0.5,True
4cht__A1_Q13472--4cht__B1_Q9H9A7,0.4406235797565227,0.5,False
1n4p__B1_P53610--1n4p__A1_Q04631,0.8311614799165283,0.5,False
1tec__A1_P04072--1tec__B1_P01051,0.8827955110083097,0.4999742996658957,False
6b9t__A1_A9A1T2--6b9t__B1_A9A1T2,0.7851404688512063,0.5,True
3g0k__A1_Q2G4A7--3g0k__A2_Q2G4A7,0.6330619763759826,0.5,True
8hy5__A1_P14920--8hy5__B1_P14920,0.9392734365339784,0.5,True
8fts__A1_R9UTR3--8fts__A2_R9UTR3,0.8188776093126449,0.5,True
1jrk__A1_Q8ZTD8--1jrk__B1_Q8ZTD8,0.8154463019177933,0.5,True
2ejn__A1_P30440--2ejn__B1_P30440,0.6078405724618166,0.5,True
8ju7__A1_Q9I2U4--8ju7__B1_Q9I2U4,0.9215056170908096,0.5,True
3nel__A1_Q52428--3nel__B1_Q52428,0.7436759256036181,0.5,True
2dc1__A1_O28440--2dc1__B1_O28440,0.7278333592395567,0.5,True
8fzk__B1_P52292--8fzk__A1_P52292,0.564448079890949,0.5,True
8e1u__A1_A0A160VN62--8e1u__F2_A0A160VN62,0.8169699766040037,0.5,True
1v7c__A1_P83823--1v7c__B1_P83823,0.7163546128132345,0.5,True
3egg__A1_P62136--3egg__C1_O35274,0.6654019290043847,0.5,False
4yke__B1_G0RYR3--4yke__A1_G0RYR3,0.7045672449804137,0.5,True
1tq9__A1_P00669--1tq9__B1_P00669,0.4277541464400372,0.5,True
4oh3__B1_Q05085--4oh3__A1_Q05085,0.8597153024399775,0.5,True
4q62__A1_Q5ZUB7--4q62__A2_Q5ZUB7,0.6141155827092593,0.5,True
2we5__A1_P0A2X7--2we5__B1_P0A2X7,0.9716974248914378,0.5,True
5t51__A1_Q6CLK3--5t51__B1_Q6CPD1,0.3457852725826582,0.5,False
3i0z__A1_A0A0H2UN25--3i0z__B1_A0A0H2UN25,0.8056653537561964,0.5,True
8p6k__A1_A0A0H2UWN1--8p6k__B1_A0A0H2UWN1,0.7764616137026086,0.5,True
7z9z__A1_P02754--7z9z__A2_P02754,0.39858858401716446,0.5,True
6d0i__A1_A0A0C5XL88--6d0i__B1_A0A0C5XKJ0,0.8208245534989024,0.5,False
3gs3__A1_Q8MSU4--3gs3__A2_Q8MSU4,0.25351038368340345,0.5,True
2f4m__A1_Q9JI78--2f4m__B1_P54728,0.862597430142325,0.5,False
4yh8__A1_Q09176--4yh8__B1_P36629,0.7545314432028245,0.5,False
1e44__B1_P00646--1e44__A1_P02984,0.6399289714120492,0.5,False
2yri__A1_Q5SLX0--2yri__B1_Q5SLX0,0.7157276500594889,0.5,True
1gcj__A1_P70168--1gcj__B1_P70168,0.4830866680667669,0.5,True
7qbp__A1_A4F7B2--7qbp__A2_A4F7B2,0.8231678895222982,0.5,True
4hdd__A1_P09391--4hdd__A2_P09391,0.40352773383359974,0.5,True
3e4q__A1_P13633--3e4q__B1_P13633,0.7074150599296638,0.5,True
8ein__B1_Q6FCQ4--8ein__A1_Q6FCQ4,0.9498454736497366,0.5,True
1zmb__A1_Q97LM8--1zmb__B1_Q97LM8,0.9023638970758894,0.5,True
6ygu__A1_G0RZ64--6ygu__B1_G0S1V1,0.4466092398950612,0.5,False
2yyh__A1_O67435--2yyh__B1_O67435,0.7204172661039178,0.5,True
5wk0__A1_A0A2C9TMM3--5wk0__A2_A0A2C9TMM3,0.9042529711098659,0.5,True
8h4j__A1_W8UQZ7--8h4j__D1_W8UQZ7,0.5597700091501479,0.5,True
1z83__A1_P00568--1z83__B1_P00568,0.5421421980357342,0.5,True
8h2c__A1_Q0P8U0--8h2c__B1_Q0P8U0,0.8410599124321461,0.5,True
2dkh__A1_Q6SSJ6--2dkh__A2_Q6SSJ6,0.6239189401812605,0.5,True
7c7e__A1_A0A0H3MRW3--7c7e__A2_A0A0H3MRW3,0.593935157633938,0.5,True
3dpt__B1_Q8KC98--3dpt__A1_Q8KC98,0.8066104388998864,0.5,True
3fgw__A1_Q3TCN2--3fgw__A2_Q3TCN2,0.751293949101776,0.5,True
7wh0__A1_Q9U2E4--7wh0__B2_Q9U2E4,0.9728981175872728,0.5,True
8dq3__A1_A0A142G3G1--8dq3__B1_A0A142G3G1,0.5118770462553975,0.5,True
6t2b__A1_B2UQL7--6t2b__C1_B2UQL7,0.8478493296111596,0.5,True
7t2s__A1_A0A494K842--7t2s__A2_A0A494K842,0.5667577160936502,0.5,True
3frw__B1_A5ZMD8--3frw__A1_A5ZMD8,0.6470112079701121,0.5,True
5ab5__A1_C9ZUV7--5ab5__B1_C9ZUV7,0.6387067734630452,0.5,True
5myd__C2_A0A2D0TC86--5myd__A1_A0A2D0TC86,0.46833729071268837,0.5,True
5cde__A1_Q8P839--5cde__B1_Q8P839,0.8101327334896321,0.5,True
6pi4__A1_A0R1Z9--6pi4__A2_A0R1Z9,0.3135518685240383,0.5,True
3ipf__A1_Q251Q8--3ipf__B1_Q251Q8,0.3943569659667492,0.5,True
2p3y__A1_Q87I71--2p3y__B1_Q87I71,0.9846126013384724,0.5,True
5jbr__A1_C5C6I1--5jbr__B1_C5C6I1,0.9470244889195267,0.5,True
8ttz__A1_G8E2R2--8ttz__B2_G8E2R2,0.6723851477753862,0.5,True
3vba__A1_Q58673--3vba__B1_Q58673,0.8241485555759493,0.5,True
4o6y__B1_Q9SWS1--4o6y__A1_Q9SWS1,0.6726030826449236,0.5,True
4e5r__A1_Q6IRB5--4e5r__A2_Q6IRB5,0.37842456956737447,0.5,True
7ywv__A1_Q0SBK1--7ywv__C1_Q0SBK1,0.9611136328473155,0.5,True
8eer__A1_P01116--8eer__A2_P01116,0.4581204287734223,0.5,True
3f84__B1_E3PPC4--3f84__A1_E3PPC4,0.3746565775499838,0.5,True
5mu7__A1_G0S6G7--5mu7__B1_G0S6I4,0.658218929230664,0.5,False
8hfp__B1_Q96T68--8hfp__A1_Q8N8R7,0.6012342600272924,0.5,False
4rmn__B1_Q6NC13--4rmn__A2_Q6NC13,0.7509674897102117,0.5,True
3mx1__A1_Q46944--3mx1__A2_Q46944,0.9631371058569762,0.5,True
5gl5__A1_Q06321--5gl5__B1_Q06321,0.4999607986628484,0.5,True
8e77__A1_Q1QD54--8e77__A2_Q1QD54,0.9716455174228342,0.5,True
5gl4__A1_B6YTD8--5gl4__B1_B6YTD8,0.9547037323282036,0.5,True
7wf9__A1_Q3ZT31--7wf9__B1_Q3ZT31,0.3517915986278862,0.5,True
8fw0__B1_P39897--8fw0__A1_P39897,0.540874530170228,0.5,True
8ou8__B1_P0A8M3--8ou8__A1_P0A8M3,0.809469805662717,0.5,True
7acm__B1_P75811--7acm__A1_P75811,0.5671563033733843,0.5,True
4trb__A1_Q97W95--4trb__B1_Q97W95,0.8059425132520425,0.5,True
2ia9__B1_P28015--2ia9__A1_P28015,0.5843712235938385,0.5,True
3sy6__A1_Q5LE92--3sy6__B1_Q5LE92,0.6277269561853918,0.5,True
6xz3__A1_Q9H1K6--6xz3__A2_Q9H1K6,0.5481478044911989,0.5,True
2h8e__A1_P0AG74--2h8e__A2_P0AG74,0.3554096349660275,0.5,True
3gyx__A1_T2G6Z9--3gyx__B1_T2G899,0.7336459403424246,0.5,False
4e0u__A1_D1D8L6--4e0u__A2_D1D8L6,0.6283612948307754,0.5,True
6teu__A1_O60568--6teu__A2_O60568,0.7843999940110423,0.5,True
6xt5__B1_P49046--6xt5__A1_P49046,0.791423581922215,0.5,True
8g1t__A1_Q07812--8g1t__B1_Q07812,0.1800049671828959,0.5,True
7xp7__B1_W9FXI8--7xp7__A1_W9FXI8,0.8306723811397723,0.5,True
8i55__A1_Q58380--8i55__B1_Q58380,0.9658804423936391,0.5112781954887218,True
1h65__A1_Q41009--1h65__A2_Q41009,0.7335072186716132,0.5,True
3ol4__A1_A0QRC4--3ol4__B1_A0QRC4,0.22167898427136631,0.5,True
8idq__A1_A0A0B8MZ29--8idq__C1_A0A0B8MZ29,0.8631309081948846,0.5,True
3f6g__B1_Q8F3Q1--3f6g__A1_Q8F3Q1,0.80906189506802,0.5,True
6akj__B1_G2TRN4--6akj__A1_G2TRN4,0.8431127190653213,0.5,True
3qhy__B1_O87916--3qhy__A1_Q93T42,0.8741128614482747,0.5,False
4j5p__B1_P97612--4j5p__A1_P97612,0.8288368669083642,0.5,True
4icq__A1_A0A0H2UN95--4icq__B1_A0A0H2UN95,0.8762645221423346,0.5,True
1klf__B1_P08191--1klf__A1_P31697,0.8363763046088483,0.5,False
6y4l__A1_Q15006--6y4l__B1_Q9Y3B6,0.6224503049574754,0.5,False
6dex__B1_Q74ZQ8--6dex__A1_Q75DL0,0.5110582875426029,0.5,False
2z02__A1_Q58987--2z02__B1_Q58987,0.9826603141417778,0.5,True
4l7w__A1_Q7Z4H3--4l7w__A2_Q7Z4H3,0.5039131222818511,0.5,True
6sul__A1_A8FAR5--6sul__B1_A8FAR5,0.8895366489812296,0.5,True
4qqv__A1_P26954--4qqv__B1_P26954,0.4931115147775114,0.5,True
3l8d__A1_A0RD96--3l8d__A2_A0RD96,0.6819490973277945,0.5,True
7yqa__B1_A0A1C9ZZ39--7yqa__A1_A0A1C9ZZ39,0.7735139578211556,0.5,True
1b8m__B1_P34130--1b8m__A1_P23560,0.5783960075656125,0.5,False
1irq__B1_Q57468--1irq__A1_Q57468,0.738286411716843,0.5,True
7xi6__A1_A5GXY1--7xi6__B1_A5GXY1,0.5938709794131481,0.5072904229530736,True
7vrx__D1_A0A6J4AG16--7vrx__B1_A0A6J4AG16,0.9527849533711689,0.5,True
6iik__A1_P54578--6iik__B1_P54578,0.9567812829107394,0.5,True
3nau__A1_Q9Y6X8--3nau__B1_Q9Y6X8,0.16370570541948565,0.5,True
3cis__B1_P9WFD7--3cis__A1_P9WFD7,0.9017863653706326,0.5,True
4jzy__B1_O77059--4jzy__A1_O77059,0.7917912773618562,0.5,True
7yxg__A1_Q9VU77--7yxg__B1_Q9VU77,0.7170817940159306,0.5,True
5cio__A1_A0A1A9TAI5--5cio__B1_A0A1A9TAI5,0.8213303168228768,0.5,True
8jwj__A1_Q9DAG9--8jwj__B1_P62837,0.7574209282184905,0.5,False
6ia6__A1_A0A1C7D1B7--6ia6__A2_A0A1C7D1B7,0.5433096285005687,0.5,True
8h1g__A1_O67518--8h1g__A2_O67518,0.8074397569448694,0.5,True
6x61__A1_Q79V60--6x61__B1_Q8DMT2,0.8867026172406426,0.5,False
7x0d__A1_A5YW95--7x0d__B1_A5YW95,0.9353691024100483,0.5,True
1ghd__B1_O86089--1ghd__A1_O86089,0.35100248871262635,0.5,True
2x6f__A1_Q9W1M7--2x6f__B1_Q9W1M7,0.6218117040364933,0.5,True
8oik__A1_Q9UPU9--8oik__C1_Q9UPU9,0.4770531509866177,0.5,True
6nxl__A1_B4DV12--6nxl__E1_B4DV12,0.4609397914790413,0.5,True
8wmy__A1_A0A4U7IGH6--8wmy__B2_A0A4U7IGH6,0.6875261017694252,0.5,True
3trf__A1_Q83AJ3--3trf__A2_Q83AJ3,0.5723226989570701,0.5,True
5h4s__A1_A0A090BWT0--5h4s__A2_A0A090BWT0,0.6579983283453315,0.5,True
2zvb__A1_Q53WA6--2zvb__A2_Q53WA6,0.9152690873670292,0.5,True
8wa7__A1_P27302--8wa7__B1_P27302,0.8676320774553614,0.5,True
3b0z__B1_P40727--3b0z__A1_P40727,0.1572552286768445,0.5,True
4usp__A1_B3GA02--4usp__B1_B3GA02,0.4848033005851803,0.5,True
7cms__A1_P00953--7cms__B1_P00953,0.63868732497395,0.5,True
7t8q__A1_Q7S860--7t8q__D1_Q7S860,0.45416757913323247,0.5,True
6j9k__A1_A0A425B3G2--6j9k__A2_A0A425B3G2,0.7090722117084005,0.5,True
7xp0__A1_Q9I5E1--7xp0__A2_Q9I5E1,0.7838380780461363,0.5,True
8ih4__A1_Q8WVV5--8ih4__B1_Q8WVV5,0.676707817751701,0.5,True
1tfe__A1_P43895--1tfe__A2_P43895,0.9271841642955942,0.5061597965949951,True
4iwq__A1_Q9UHD2--4iwq__A2_Q9UHD2,0.7266852021614492,0.5,True
5hs5__A1_Q2G0D1--5hs5__B1_Q2G0D1,0.971231639360209,0.5,True
3v89__A1_Q9K0U9--3v89__B1_P02787,0.6587029075731591,0.5,False
8e3g__B1_P43026--8e3g__A1_P12643,0.5669554317171364,0.5,False
2w8b__A1_P0A855--2w8b__H1_P0A912,0.5849244803349782,0.5,False
5f7p__B1_Q8YAF1--5f7p__A1_Q8YAF1,0.7942636737296895,0.5,True
8f71__B1_Q6N5G3--8f71__A1_Q6N5G3,0.8075801659061747,0.5,True
8hwi__B1_A0A327WNX5--8hwi__A1_A0A327WNX5,0.7474811947623198,0.5,True
7r3i__B1_P54292--7r3i__A1_P54292,0.8225978901085208,0.5,True
8afj__A1_A0A179QS89--8afj__B1_A0A179QS89,0.5497581064800273,0.5,True
3pub__B1_E5EVW2--3pub__A1_E5EVW2,0.8862277888091238,0.5,True
8es5__A1_A0A0H2Z732--8es5__B1_A0A0H2Z732,0.6254938699034663,0.5,True
7txn__B1_Q8YVV6--7txn__A1_Q8YVV6,0.9776187529249489,0.5,True
3py6__A1_Q2YQ74--3py6__A2_Q2YQ74,0.7029409216274671,0.5,True
1hjr__A1_P0A814--1hjr__C1_P0A814,0.5711637509164053,0.5,True
8k3b__A1_A0A071KWR3--8k3b__A2_A0A071KWR3,0.7667610424613546,0.5,True
3w2z__A1_Q8YXY7--3w2z__A2_Q8YXY7,0.5283002714855314,0.5,True
8f78__A1_P55212--8f78__B1_P55212,0.8377122182182882,0.5,True
6wg4__A1_Q14683--6wg4__B1_Q9UQE7,0.895523987185239,0.5,False
7zry__A1_O60341--7zry__B1_Q9UKL0,0.8242842939986292,0.5,False
1uix__A1_Q28021--1uix__B1_Q28021,0.9011798361349612,0.5,True
7vrc__A1_P38956--7vrc__B1_P22082,0.3943341522143584,0.5,False
1oz0__A1_P31335--1oz0__B1_P31335,0.8205211343598469,0.5,True
7eft__B1_P16926--7eft__A1_P16926,0.6273376944285491,0.5,True
8e2b__B1_Q2FYI5--8e2b__A1_Q2FYI5,0.49514829420568873,0.5,True
7jw6__A1_Q9VIF1--7jw6__A2_Q9VIF1,0.8298201907688367,0.5,True
1jkw__A1_P51946--1jkw__A2_P51946,0.5157889128639548,0.5,True
4pfp__B1_F1RQI7--4pfp__A1_F1RQI7,0.9066541111317701,0.5,True
8h1s__A1_Q9I5U2--8h1s__B1_Q9HX32,0.7453606237992667,0.5,False
7t0y__A1_P62136--7t0y__B1_Q14684,0.552860265073653,0.5,False
1tz9__A1_Q82ZC9--1tz9__B1_Q82ZC9,0.9075572732646342,0.5,True
2wns__B1_P11172--2wns__A1_P11172,0.8599567462860098,0.5,True
6s8v__B1_P08195--6s8v__A1_P80188,0.62399476039584,0.5,False
2gt4__A1_P32056--2gt4__B1_P32056,0.6037045388654447,0.5,True
3bof__A1_Q9WYA5--3bof__B1_Q9WYA5,0.9957139886465513,0.4999991521788157,True
6trj__A1_O75475--6trj__A2_O75475,0.15232559414311253,0.5,True
8h4z__A1_A0A2X5A3P4--8h4z__B1_A0A2X5A3P4,0.923040040918863,0.5,True
2hre__A1_P22830--2hre__B1_P22830,0.5299484938348681,0.5,True
5yjc__A1_Q5HK94--5yjc__B1_Q5HK94,0.7693817566700243,0.5,True
8d6k__A1_Q9L1K2--8d6k__B1_Q9L1K2,0.7360129615806806,0.5,True
2zew__B1_Q9ZA17--2zew__A1_Q9ZA17,0.31458399774067947,0.5,True
5wpi__A1_Q58PW8--5wpi__B1_Q58PW8,0.8544277762251415,0.5,True
8fk6__A1_A0A0C9S461--8fk6__B1_P80098,0.7960488258908573,0.5,False
7tm7__A1_A0A0H3GYH4--7tm7__B1_A0A0H3GYH4,0.9407077305971205,0.5,True
7x4b__A1_A0A2D0TCG3--7x4b__B1_A0A2D0TCG3,0.9904826341903473,0.5,True
4aqp__B1_P54253--4aqp__A1_P54253,0.14550185602019966,0.5,True
3npi__A1_Q6NFU8--3npi__B1_Q6NFU8,0.7258140745661872,0.5,True
