system_id,auroc,bacc,is_homodimer
3c07__A1_Q9KZ96--3c07__B1_Q9KZ96,0.7510862300991794,0.5,True
3iqy__A1_P28366--3iqy__A2_P28366,0.7633540278232135,0.5,True
7e76__A1_A0A3B6LNA8--7e76__B1_A0A3B6LNA8,0.6684880050728407,0.5,True
3cqc__A1_P57740--3cqc__B1_Q8WUM0,0.9056194408722829,0.5,False
7x1k__A1_Q6DL91--7x1k__B1_Q6DL91,0.4228261194203206,0.5,True
8sgd__A1_P25342--8sgd__B1_P32457,0.6684977124187513,0.5,False
3ecf__A1_Q3M5E4--3ecf__B1_Q3M5E4,0.6672459866519383,0.5,True
6j94__A1_Q93VK5--6j94__B1_Q93VK5,0.7157960118009907,0.5,True
7xsh__A1_K1KV82--7xsh__B2_K1KV82,0.9246887440168903,0.5,True
8v14__A1_G5EEF9--8v14__B1_G5EEF9,0.7292656133133882,0.5,True
6r76__A1_H3ZMH8--6r76__B1_H3ZMH8,0.9424902184733965,0.5,True
8ap0__A1_A0A5S9CYM0--8ap0__A2_A0A5S9CYM0,0.46809116452434696,0.5,True
3qph__A1_Q9HGZ9--3qph__A2_Q9HGZ9,0.8774853945338522,0.5,True
3o6j__A1_O67987--3o6j__B1_O67987,0.912760895524225,0.5,True
6o6z__A1_B6YWC3--6o6z__B1_B6YWC3,0.9009632146053548,0.5,True
3fil__A1_P19909--3fil__B1_P19909,0.1615262466646102,0.5,True
6do2__A1_P11021--6do2__B1_P11021,0.8565983401176679,0.5,True
7f4q__B1_Q22GC0--7f4q__A1_I7M8B9,0.6442005868192495,0.5,False
4hfg__A1_Q9NQG5--4hfg__B1_Q9NQG5,0.41853434114150656,0.5,True
7yh2__A1_A0A1Q9P883--7yh2__B1_A0A1Q9P883,0.9612887529640085,0.5,True
3axs__A1_O67010--3axs__A2_O67010,0.9586759246113381,0.5,True
3cqr__A1_Q39249--3cqr__B1_Q39249,0.4011409456373161,0.5,True
3s8k__A1_P80691--3s8k__B1_P80691,0.8932171573844152,0.5,True
4oun__A1_O31418--4oun__A2_O31418,0.898059086224665,0.5,True
2iab__A1_Q825J7--2iab__B1_Q825J7,0.8390181186895418,0.5,True
6f3z__A1_P0ADC3--6f3z__B1_P61316,0.977632636718026,0.5,False
1hr7__A1_P11914--1hr7__B1_P10507,0.7914575091266889,0.5,False
8gko__B1_P28296--8gko__A1_P28296,0.9286438631294898,0.5,True
2gkv__A1_P00777--2gkv__B1_P68390,0.9127918260317152,0.5,False
8stx__A1_Q4E4E1--8stx__B1_Q4E4E1,0.6995696688344037,0.5,True
4m36__A1_Q582G4--4m36__A2_Q582G4,0.763816866252844,0.5,True
5wpu__A1_A0A076NBW8--5wpu__A2_A0A076NBW8,0.6546918127683501,0.5,True
5yps__A1_A0A0W4ZF97--5yps__B1_A0A0W4ZF97,0.9574716938167067,0.5,True
5oge__E1_P40107--5oge__A1_P40107,0.6175806187094932,0.5,True
5fey__B1_Q13049--5fey__A1_Q13049,0.4515459663122463,0.5,True
8hce__B1_Q91XB0--8hce__A1_Q91XB0,0.7487274795360834,0.5,True
1ggp__B1_Q7SIF1--1ggp__A1_Q7SIF0,0.8811380587248672,0.5,False
5z50__A1_O05926--5z50__B1_O05926,0.9059696454493615,0.5,True
7t9u__A1_Q86WV6--7t9u__A2_Q86WV6,0.9063138959487942,0.5,True
6ey4__A1_Q5EGM3--6ey4__A2_Q5EGM3,0.8104022336703935,0.5,True
2hvg__A1_A5KBL5--2hvg__B1_A5KBL5,0.9189036951952232,0.5,True
6wp7__A1_Q82H41--6wp7__B1_Q82H41,0.9150250401818022,0.5,True
3shg__A1_E6Z0R3--3shg__B1_E6Z0R4,0.7192800016926202,0.5,False
4wjm__A1_Q2YNY7--4wjm__A2_Q2YNY7,0.9753196106873462,0.5,True
8hmo__A1_A0A0H4P0S7--8hmo__B1_A0A0H4P0S7,0.9826914350069907,0.5096153846153846,True
6n91__A1_Q9KNI7--6n91__B1_Q9KNI7,0.9213973822946572,0.5,True
1dev__A1_Q15796--1dev__B1_O95405,0.4747925857469234,0.5,False
8c9j__B1_P15559--8c9j__A1_P15559,0.9387721124538886,0.5,True
3rd7__B1_A0A0H2ZY91--3rd7__A1_A0A0H2ZY91,0.9657501418270922,0.5,True
5x1j__A1_G2IQS7--5x1j__A2_G2IQS7,0.6612639946899477,0.5,True
3r2p__A1_P02647--3r2p__A2_P02647,0.82219574401704,0.5,True
1pdk__A1_P15319--1pdk__B1_P62532,0.8640919412883252,0.5083097606587776,False
3kcp__A1_Q06851--3kcp__B1_A3DF10,0.9151472412308881,0.5,False
7bbq__A1_Q6I6B7--7bbq__A2_Q6I6B7,0.9870106099611613,0.5334593235219713,True
3dpj__E1_Q5LS67--3dpj__F1_Q5LS67,0.679732948559388,0.5,True
6okh__A1_Q04QG8--6okh__B1_Q04QG8,0.7547611117839408,0.5,True
7tq1__A1_P0AC13--7tq1__A2_P0AC13,0.7209130990647722,0.5,True
7t5y__A1_P0A7E1--7t5y__B1_P0A7E1,0.8490264117296541,0.5,True
5o47__A1_J7HDY4--5o47__A2_J7HDY4,0.9215965446237042,0.5,True
3edj__A1_Q8KKG0--3edj__B1_Q8KKG0,0.6630579798681255,0.5,True
5yr0__A1_O88597--5yr0__B1_Q8K245,0.715108595814752,0.5,False
5c21__A1_P09986--5c21__B1_P09986,0.8162832519001086,0.5,True
2gok__A1_Q8U8Z6--2gok__B1_Q8U8Z6,0.9420423261725763,0.5,True
1ww1__A1_Q9WZW8--1ww1__B1_Q9WZW8,0.990402006094032,0.5,True
1fm0__B1_P30749--1fm0__A1_P30748,0.9687125719349153,0.5,False
4jgo__B1_O31671--4jgo__A1_O31671,0.42795985295956,0.5,True
3l2k__A1_Q8GPH0--3l2k__B1_Q8GPH0,0.4251825361836943,0.5,True
1yov__A1_Q13564--1yov__B1_Q8TBC4,0.9352661198453228,0.5,False
7zvd__A1_P11413--7zvd__A2_P11413,0.910284113196995,0.5,True
8grh__B1_P51553--8grh__A1_P50213,0.7859562015220116,0.5,False
1lxd__A1_Q03386--1lxd__B1_Q03386,0.4532587597519579,0.5,True
5m97__A1_Q10113--5m97__B1_Q10113,0.6949706430665177,0.5,True
7ax1__A1_Q9ULM6--7ax1__B1_Q9UIV1,0.9685501368075278,0.5,False
8d4w__A1_A0A8B4R830--8d4w__A2_A0A8B4R830,0.7841612963860228,0.5,True
7ynw__B2_Q57834--7ynw__A1_Q57834,0.84118498146038,0.5,True
4rgp__A1_Q8DTU7--4rgp__B1_Q8DTU7,0.7035852476010679,0.5,True
8twd__C1_P0AEV1--8twd__A1_W8SRD3,0.5007755530836733,0.5,False
3fb9__A1_A0A0H2US72--3fb9__B1_A0A0H2US72,0.9115970155690688,0.5,True
8a39__A1_A0A024L404--8a39__C2_A0A024L404,0.8152584119867798,0.5,True
3ps8__A1_P01034--3ps8__A2_P01034,0.3350873140771172,0.5,True
7vwp__A2_A0A136PK59--7vwp__B1_A0A136PK59,0.7993530036805205,0.5,True
3a7p__A1_Q03818--3a7p__B1_Q03818,0.6751329337878557,0.5,True
4ql6__A1_A0A0H3MDM0--4ql6__C1_A0A0H3MDM0,0.7929765189370056,0.5,True
5nck__A1_Q8RDN7--5nck__B1_Q8RDN7,0.8700712543835489,0.5,True
3w8i__A1_Q9BUL8--3w8i__B1_Q9P289,0.9163735626511376,0.5,False
4oky__A1_Q52612--4oky__A2_Q52612,0.7649267708761689,0.5,True
7x20__A1_P54708--7x20__B1_P07340,0.9171441876125647,0.5,False
3hnw__A1_D0VWZ2--3hnw__B1_D0VWZ2,0.6224194413315641,0.5,True
8r37__A1_A0A086IRG1--8r37__B1_A0A086IRG1,0.7737433888677886,0.5,True
1rqg__A1_Q9V011--1rqg__A2_Q9V011,0.5249544988777635,0.5,True
8brl__A1_F7J213--8brl__A2_F7J213,0.5960343296833381,0.5,True
7qiu__A1_P94538--7qiu__B1_P94538,0.7124274614871069,0.5,True
6sjs__A1_B8FUR2--6sjs__B1_B8FUR2,0.8856864003069139,0.5,True
8hlg__A1_Q9RR88--8hlg__B1_Q9RR88,0.8584788252593246,0.5,True
7pcr__A1_P56185--7pcr__A2_P56185,0.878919956953342,0.5,True
3bvq__B1_Q2I6W2--3bvq__A1_Q2I6W2,0.6649041563446706,0.5,True
6bsu__A1_Q9LZJ3--6bsu__B1_Q9LZJ3,0.8831878106049088,0.5,True
4e5u__B1_Q9HZN8--4e5u__A1_Q9HZN8,0.8123538476620407,0.5,True
8a52__A1_P23222--8a52__B1_P23222,0.7897396732490288,0.5,True
1d0v__A1_Q05603--1d0v__A2_Q05603,0.9417455243185169,0.5,True
3gwq__A1_Q145Q0--3gwq__B1_Q145Q0,0.7893404963010027,0.5,True
7lxs__A1_Q8ZMZ2--7lxs__C1_Q8ZMZ2,0.33764209754308766,0.5,True
6w08__B1_Q9KL63--6w08__A1_Q9KL63,0.6437831211088838,0.5,True
7wrm__A1_D0IVL9--7wrm__B1_D0IVL9,0.4879652506741768,0.5,True
2yww__B1_Q58801--2yww__A1_Q58801,0.845711706017787,0.5,True
3lm6__A1_P40869--3lm6__B1_P40869,0.6351260040373697,0.5,True
7trw__A1_A0A380PDL3--7trw__A2_A0A380PDL3,0.25779352860315713,0.5,True
8syc__A1_Q13370--8syc__B1_Q13370,0.449796157742139,0.5,True
1gk6__A1_P03069--1gk6__B1_P03069,0.2099386134865911,0.5,True
1reo__A1_Q6STF1--1reo__A2_Q6STF1,0.7120576857507449,0.5,True
6s3b__A1_Q88JK6--6s3b__B1_Q88JK6,0.43251656837474006,0.5,True
7tl5__A1_A0A3F3B310--7tl5__B1_A0A3F3B310,0.7845839806420337,0.5,True
2asf__A1_P9WLL7--2asf__A2_P9WLL7,0.6675844376993803,0.5,True
8ilj__A1_A0A242MJ43--8ilj__B1_A0A242MJ43,0.9462624584717609,0.5,True
4usc__A1_A0A0A0Y4H8--4usc__B1_A0A0A0Y4H8,0.5060677539080664,0.5,True
5yp3__A1_Q6F3I7--5yp3__B1_Q6F3I7,0.8955909665359627,0.5,True
8aid__A1_Q9HWJ8--8aid__B1_Q9HWJ8,0.3432431523712633,0.5,True
7yp6__B1_E5L4T5--7yp6__A1_E5L4T5,0.6091966083791778,0.5,True
4aql__A1_Q9Y2T3--4aql__A2_Q9Y2T3,0.987444115030796,0.5,True
3idf__A1_O34252--3idf__B1_O34252,0.7059817285382831,0.5,True
8fjr__A1_D1A807--8fjr__B1_D1A807,0.8202607957764381,0.5,True
7z56__B1_F0NGX6--7z56__A1_F0NGX6,0.9799487649830798,0.5076923076923077,True
3zta__A1_Q2RIF4--3zta__A2_Q2RIF4,0.8804267957666918,0.5,True
3abi__A1_O59312--3abi__B1_O59312,0.8771724188585225,0.5,True
5ab8__A1_P9WN25--5ab8__A2_P9WN25,0.23443863390692102,0.5,True
1guq__A1_P09148--1guq__B1_P09148,0.9168303700049576,0.5,True
6zdw__B1_A0A162MUP0--6zdw__A1_A0A162MUP0,0.8409537239953083,0.5,True
8csd__A1_Q6U8B0--8csd__A2_Q6U8B0,0.8242218225343022,0.5,True
8bfr__A1_P30177--8bfr__A2_P30177,0.9963108796630686,0.5,True
7yk3__A1_O53604--7yk3__B1_O53605,0.9193815832685208,0.5,False
6xiv__A1_P16114--6xiv__B2_P16114,0.6193933774505399,0.5,True
8ajx__A1_P17117--8ajx__A2_P17117,0.7395289455654918,0.5,True
8ayj__A1_D5EHC5--8ayj__B1_D5EHC5,0.9812408878426385,0.5,True
8a6e__B2_P02699--8a6e__A1_P02699,0.8849561816499818,0.5,True
4jb7__A1_Q9KTQ6--4jb7__A2_Q9KTQ6,0.4193976558255065,0.5,True
6h3f__A1_A0A0H3JT80--6h3f__A2_A0A0H3JT80,0.9387767165118044,0.5,True
6wxw__A1_F2NWD3--6wxw__B1_F2NWD3,0.7499886984172648,0.5,True
2zw2__A1_F9VNF4--2zw2__B1_F9VNF4,0.6510599427419265,0.4998078401229823,True
2wo2__A1_P54764--2wo2__B1_P52799,0.814548917315195,0.5,False
1ord__A1_P43099--1ord__B1_P43099,0.7909666965833617,0.5,True
7zcm__A1_P42196--7zcm__B1_P42259,0.944648212129721,0.5,False
8aa9__A1_Q9V1Y9--8aa9__B1_Q9V1Y9,0.48095282885025914,0.5,True
4i6y__B1_P13702--4i6y__A1_P13702,0.8827527906197006,0.5,True
1vh4__B1_P77689--1vh4__A1_P77689,0.8310364522571669,0.5,True
3ocd__A1_D7A6E5--3ocd__B1_Q7BQR5,0.7405652580332487,0.5,False
8pq7__A1_M1C5B8--8pq7__B1_D0N0Z8,0.5128903122497998,0.5,False
5abr__A1_P82802--5abr__B1_P82802,0.8649115710465403,0.5,True
2zmf__A1_Q9Y233--2zmf__B1_Q9Y233,0.38592984225659754,0.5,True
2vzk__B1_P0DJQ5--2vzk__A1_P0DJQ5,0.35083272400173315,0.5,True
7wm5__A1_A0A0C2W699--7wm5__A2_A0A0C2W699,0.7006652370549673,0.5,True
1zee__A1_Q8E972--1zee__B1_Q8E972,0.44551934101854984,0.5,True
7tvh__B1_Q9I2Q1--7tvh__A1_Q9I2Q1,0.7577620589339339,0.5,True
5vgm__B1_Q9KL24--5vgm__A1_Q9KL24,0.82603730651744,0.5,True
4zzh__A1_Q96EB6--4zzh__A2_Q96EB6,0.46433965828328366,0.5,True
6m4v__A1_P0AEX9--6m4v__B1_P62942,0.8791051156301706,0.5,False
7y28__A1_P07814--7y28__B1_P07814,0.5150450466832384,0.5,True
7y7u__A1_A0A222F232--7y7u__B1_A0A222F232,0.8616271054125239,0.5,True
3fgc__A1_P07740--3fgc__B1_P07739,0.6811712082453134,0.5,False
1rve__A1_P04390--1rve__B1_P04390,0.943413964765298,0.5050505050505051,True
7zy1__A1_Q9F8A8--7zy1__A2_Q9F8A8,0.7505826482218704,0.5,True
3jxo__B1_A0A0F6AN26--3jxo__A1_A0A0F6AN26,0.6588464821684512,0.5,True
8dqb__A1_A0A0H3FX83--8dqb__A2_A0A0H3FX83,0.7487978888201112,0.5,True
5l16__A1_Q4Q0M0--5l16__A2_Q4Q0M0,0.5577359534368329,0.5,True
3qt7__A1_Q9FD73--3qt7__B1_Q9FD73,0.9672493894394072,0.5,True
4aye__D1_Q9JXV4--4aye__A1_P08603,0.40591942355525024,0.5,False
7r3n__A1_P43432--7r3n__B1_P43432,0.7689922463348335,0.5,True
7a0x__B1_Q8ZRZ3--7a0x__A1_Q8ZRZ3,0.9507761643414325,0.5,True
7wjk__A1_P93836--7wjk__A2_P93836,0.9019446274229059,0.5,True
5x8z__A1_A3QAQ5--5x8z__B1_A3QAQ5,0.9576154795256377,0.5,True
7u0r__B1_M9SC49--7u0r__A1_M9SC49,0.7166539698684886,0.5,True
7wbt__A1_Q288C4--7wbt__B1_Q288C4,0.6469299382255902,0.5,True
7txe__A1_Q8I6T6--7txe__B1_Q8I6T6,0.359062244871594,0.5,True
6pyp__A1_P21695--6pyp__B1_P21695,0.6960149174387926,0.5,True
8b2d__A1_F5SYD3--8b2d__B1_F5SYD3,0.8442604456309998,0.5,True
1vmg__A1_Q97U11--1vmg__A2_Q97U11,0.8889018220777044,0.5081791989266288,True
6b8l__B1_P0DP23--6b8l__A1_P56696,0.7083331805418553,0.5,False
8sj5__A1_A0A2I4FN75--8sj5__C1_A0A2I4FN75,0.2469196509418615,0.5,True
3nr1__A1_Q8N4P3--3nr1__B1_Q8N4P3,0.6081020548518448,0.5,True
3h3l__A1_A6LFX0--3h3l__A2_A6LFX0,0.5871269416420745,0.5,True
6jdh__A1_A0A2K0XYW4--6jdh__B1_A0A2K0XYW4,0.6356110461471315,0.5,True
3vjz__A1_Q9K0P4--3vjz__B1_Q9K0P4,0.45225694871689703,0.5,True
3et4__A1_Q4QMM5--3et4__A2_Q4QMM5,0.5882435076642961,0.5,True
5or3__A1_Q2UNF9--5or3__D1_Q2UNF9,0.6815594348630224,0.5,True
3fh3__B1_A0A6L8PES2--3fh3__A1_A0A6L8PES2,0.3801265017499096,0.5,True
1go3__A1_Q57840--1go3__B1_Q60351,0.8165459289248762,0.5,False
3zxq__B1_P9WGK1--3zxq__A1_P9WGK1,0.48469915110566264,0.5,True
1zlh__A1_P00730--1zlh__B1_Q5EPH2,0.7006986046396964,0.5,False
4h1h__A1_Q8Y6P6--4h1h__B1_Q8Y6P6,0.8526984595212845,0.5,True
2gh1__A1_Q81E32--2gh1__B1_Q81E32,0.6933669593713461,0.5,True
7dl7__F1_B0VJ11--7dl7__A1_B0VJ11,0.9713479392222497,0.5,True
7yu0__B1_Q79F77--7yu0__A1_Q79F77,0.4842133610936641,0.5,True
3cbu__B1_Q473P3--3cbu__A1_Q473P3,0.857296967375359,0.5,True
3ihk__A1_Q8DVV9--3ihk__A2_Q8DVV9,0.7738954399141513,0.5,True
4y67__A1_Q8IKG4--4y67__B1_Q8IKG4,0.9070668113691971,0.5,True
6ejp__B1_P69986--6ejp__A1_P69986,0.2470981765644238,0.5,True
1poy__A1_P0AFK9--1poy__B1_P0AFK9,0.6200333584931905,0.5,True
3a7o__A1_Q03818--3a7o__B1_Q03818,0.8349695911261524,0.5,True
5n47__B1_P02751--5n47__A1_P80188,0.7507414028245132,0.5,False
8ejm__A1_O43143--8ejm__B1_Q8IWZ8,0.8462006577674147,0.5,False
1npd__B1_P0A6D5--1npd__A1_P0A6D5,0.6628918735192493,0.5,True
8h0h__A1_P9WLU7--8h0h__C1_P9WLU7,0.36947733716499676,0.5,True
3t8l__A1_Q7CUX4--3t8l__B1_Q7CUX4,0.6754282097937746,0.5,True
7ol3__B1_Q8WXF7--7ol3__A1_Q8WXF7,0.7746432926002524,0.5,True
3ent__A1_Q2YAE2--3ent__B1_Q2YAE2,0.8665384135262957,0.5078740157480315,True
2y4g__A1_D3Y1I2--2y4g__B1_D3Y1I2,0.906240626889547,0.5,True
7ec7__A1_A0A0H2XGN0--7ec7__A2_A0A0H2XGN0,0.925175956835176,0.5,True
2o11__A1_P9WPY1--2o11__A2_P9WPY1,0.5502935246494578,0.5,True
2sak__A1_P68802--2sak__A2_P68802,0.5728182149088125,0.5,True
8h5e__A1_Q5SMG8--8h5e__B1_Q5SMG8,0.6442240277289406,0.5,True
8bgm__B1_A0A5P3XKL3--8bgm__A1_A0A5P3XKM0,0.8688235734322666,0.5,False
2ps8__A1_P13513--2ps8__B1_P13513,0.759491732335595,0.5,True
6awl__A1_O75208--6awl__B1_O75208,0.8242638594092887,0.5,True
4qds__A1_O60462--4qds__B1_O60462,0.2550986057090815,0.5,True
6qky__B1_Q97P33--6qky__A1_Q97P33,0.4105097705277224,0.5,True
7nli__B1_P08405--7nli__A1_P08405,0.2855402030303884,0.5,True
8p3m__A1_W0DP94--8p3m__B1_W0DP94,0.7466521000327262,0.5,True
5v7y__A1_A0A4Y1WAP5--5v7y__B1_A0A4Y1WAP5,0.547713735393033,0.5,True
4aps__A1_Q5M4H8--4aps__B1_Q5M4H8,0.5906898870777857,0.5,True
7ucn__A1_P50120--7ucn__B1_P50120,0.3849842658661381,0.5,True
1ni5__A1_P52097--1ni5__A2_P52097,0.9409254181919036,0.5,True
4a5o__B1_Q9I2U6--4a5o__A1_Q9I2U6,0.9102556480574707,0.5,True
8q5k__A1_A0A0H2Z7A6--8q5k__A2_A0A0H2Z7A6,0.5506751254370806,0.5,True
1ww5__A1_Q6WY08--1ww5__D1_Q6WY08,0.44867612815159785,0.5,True
7ww2__A1_A0A4Q9D6T1--7ww2__B1_A0A4Q9D6T1,0.8354119747296138,0.5,True
2pfk__A1_P0A796--2pfk__B1_P0A796,0.7184808396002427,0.5,True
1i2m__B1_P18754--1i2m__A1_P62826,0.8252714592359042,0.5,False
8i2e__A1_O34841--8i2e__B1_P54421,0.8780222032663068,0.5,False
3pfl__A1_P09373--3pfl__B1_P09373,0.986334441157616,0.5,True
6gho__B1_Q5L1S1--6gho__A1_O31602,0.6929576875971858,0.5,False
1glj__A1_P0A6F3--1glj__B1_P0A6F3,0.8718961872129474,0.5,True
4zq8__B1_A0A0M3KL36--4zq8__A1_A0A0M3KL36,0.6403387334046367,0.5,True
5h4h__B1_O58236--5h4h__A1_O58236,0.6082450193279809,0.5,True
4iv9__A1_P06617--4iv9__B1_P06617,0.551289943610309,0.5,True
6sdk__A1_P26497--6sdk__B1_P26497,0.5674267886246187,0.5,True
2fq4__A1_Q81BJ4--2fq4__A2_Q81BJ4,0.9046864331527911,0.5,True
7zeq__B1_Q9WXT1--7zeq__A1_Q9WXT1,0.9474744063555222,0.5,True
5z5h__A1_Q2I2N4--5z5h__A2_Q2I2N4,0.6437871123618593,0.5,True
2fe1__A1_Q8ZZP3--2fe1__A2_Q8ZZP3,0.9622732185666255,0.5,True
7wik__B1_A0R1E6--7wik__A1_A0R1E6,0.8615461545079146,0.5,True
7t8o__B1_Q8Y8Y9--7t8o__A1_Q8Y8Y9,0.8526838510881842,0.5,True
7t91__A1_P08151--7t91__B1_P08151,0.07526244884282271,0.5,True
3lg6__A1_D2YW48--3lg6__B1_D2YW48,0.9382604324187798,0.5,True
2o9a__A1_P16528--2o9a__D1_P16528,0.7773122052380881,0.5,True
1zhq__A1_Q9RHG4--1zhq__B1_Q9RHG4,0.7473695970605031,0.5,True
2e0k__B1_Q8KFD9--2e0k__A1_Q8KFD9,0.7727561978556015,0.5,True
3a2f__A1_P61875--3a2f__B1_O73947,0.9646173671703817,0.5,False
8ehe__A1_A0A0A7KVG3--8ehe__B1_A0A1D3UUC0,0.8364679751836808,0.5,False
6hpc__A1_P67697--6hpc__B1_P67697,0.7430970257051672,0.5079854938974444,True
2x3o__A1_Q9I585--2x3o__B1_Q9I585,0.4016152734152862,0.5,True
5y40__A1_P55892--5y40__B1_P55892,0.5416605674067406,0.5,True
1y42__A1_P12063--1y42__A2_P12063,0.8971653579224583,0.5,True
2e91__A1_Q12051--2e91__B1_Q12051,0.7541544097652647,0.5,True
3iuw__B1_Q8KUB7--3iuw__A1_Q8KUB7,0.945358328936342,0.5,True
8e7y__A1_Q9RFC8--8e7y__B1_Q9RFC8,0.8877122573328562,0.5,True
4kzn__A1_P15692--4kzn__A2_P15692,0.8766223474336607,0.5,True
7z7o__A1_A0A1S4NYF2--7z7o__C1_A0A1S4NYF2,0.6842024469820894,0.5,True
8brp__A1_D8G6F7--8brp__B1_D8G6F7,0.9568567681139672,0.5,True
8bay__A1_O75874--8bay__B1_O75874,0.7954618089539266,0.5,True
6mhm__B1_Q13510--6mhm__A1_Q13510,0.4298679996618988,0.5,True
8bj7__A1_P07598--8bj7__B1_P07603,0.8889382911579244,0.5,False
5wxx__A1_Q9RNB4--5wxx__A2_Q9RNB4,0.9062547362118041,0.5,True
8f7l__A1_P43490--8f7l__B1_P43490,0.7612650249572075,0.5,True
3cz1__A1_Q9U9J6--3cz1__B1_Q9U9J6,0.635526451107626,0.5,True
8a0c__A1_Q2ERG0--8a0c__B1_Q2ERG0,0.926310319749566,0.5,True
5mpy__A1_Q9LPZ1--5mpy__B1_Q9LPZ1,0.29450971698810313,0.5,True
1anu__A1_Q06851--1anu__A2_Q06851,0.36568756128503055,0.5,True
3vs8__A1_C1DM33--3vs8__C1_C1DM33,0.9356896654915878,0.5,True
7zi8__A1_P27707--7zi8__A2_P27707,0.8124516461590856,0.5,True
1peu__A1_Q08698--1peu__A2_Q08698,0.7047992263078019,0.5,True
5uk5__B1_Q63722--5uk5__A1_Q07008,0.49540219565123667,0.5,False
7vg5__A1_Q49135--7vg5__B1_Q49135,0.6268264245848778,0.5,True
4jkz__A1_A0R6I8--4jkz__A2_A0R6I8,0.5665212869795668,0.5,True
4aa8__A1_P00794--4aa8__A2_P00794,0.7497805733339763,0.5,True
5yew__A1_Q8IWA4--5yew__B1_Q8IWA4,0.8294755614204784,0.5,True
1hf2__B1_Q9X0D7--1hf2__A1_Q9X0D7,0.8938634417530522,0.5,True
3gif__A1_O34757--3gif__B1_O34757,0.7231719710399177,0.5,True
4axv__A1_A7N805--4axv__A2_A7N805,0.9489681644509997,0.5,True
5c6u__A1_O69689--5c6u__A2_O69689,0.9273459405359883,0.5,True
4nv4__A1_A0A6L7HM74--4nv4__A2_A0A6L7HM74,0.4172638963924086,0.5,True
6axf__A1_Q7LDG7--6axf__B1_P61224,0.7670126916136639,0.5,False
5yf1__B1_Q8N4J0--5yf1__A1_Q8N4J0,0.909109677910731,0.5,True
3fjy__B1_A0ZZM4--3fjy__A1_A0ZZM4,0.6021140989749765,0.5,True
4rg1__A1_Q5T280--4rg1__B1_Q5T280,0.8331793457166,0.5,True
1ux4__A1_P41832--1ux4__A2_P41832,0.43026506265886144,0.5,True
6rbm__A1_P0ACT4--6rbm__A2_P0ACT4,0.6692202304197054,0.5,True
7wis__A1_P46881--7wis__B1_P46881,0.9155082014801154,0.5,True
5a3l__A1_A0A1A9TAD0--5a3l__C1_A0A1A9TAD0,0.30060484705147494,0.5,True
2gz4__A1_Q7D028--2gz4__C1_Q7D028,0.5925877305314132,0.5,True
7xyv__A1_Q9C0D3--7xyv__B1_Q9C0D3,0.5114621705282549,0.5,True
2f9w__A1_Q9HWC1--2f9w__B1_Q9HWC1,0.8472478080310483,0.5,True
2ox1__A1_O30011--2ox1__B1_O30011,0.9867338253608682,0.5,True
2guh__A1_Q0S8Y3--2guh__B1_Q0S8Y3,0.6588491453122106,0.5,True
7br1__A1_A0A7I6N400--7br1__B1_A0A7I6N400,0.5682476296356033,0.5,True
2p04__A1_D0VWX5--2p04__B1_D0VWX5,0.9413211842812844,0.5,True
4h5b__A1_Q9RUY5--4h5b__B1_Q9RUY5,0.5234974171449607,0.5,True
4e1o__A1_P19113--4e1o__B1_P19113,0.6429536010250951,0.5,True
7pu4__B1_Q9X053--7pu4__A1_Q9X053,0.2859504069155368,0.5,True
3m1u__A1_Q72DN3--3m1u__B1_Q72DN3,0.7723704219602329,0.5,True
6ird__A1_Q91UZ1--6ird__B1_Q8NI35,0.4447090912477903,0.5,False
6gg2__A1_Q4WD43--6gg2__A2_Q4WD43,0.7260545416350221,0.5,True
6oei__A1_Q8KG60--6oei__A2_Q8KG60,0.5892874454765986,0.5,True
8hyi__A1_P22223--8hyi__B1_P22223,0.582327772977909,0.5,True
4b8v__A1_B3VBK9--4b8v__A2_B3VBK9,0.43242305944213183,0.5,True
4lqb__A1_D2Q399--4lqb__B1_D2Q399,0.9005646703630348,0.5,True
2vxb__A1_P87074--2vxb__B1_P87074,0.18224055056561544,0.5,True
5z1o__A1_D0VWU8--5z1o__B1_D0VWU8,0.6268572674211019,0.5,True
6h40__A1_K5B7F3--6h40__A2_K5B7F3,0.6062658528860365,0.5,True
2etk__A1_Q13464--2etk__B1_Q13464,0.4763340040921954,0.5,True
2p69__A1_Q96GD0--2p69__A2_Q96GD0,0.7830773565882891,0.5,True
4doy__A1_Q6WNP1--4doy__C1_Q6WNP1,0.8965178555653989,0.5,True
6zxw__A1_O29011--6zxw__B1_A0A117KMN5,0.5934319870673531,0.5,False
3lhk__A1_Q60329--3lhk__B1_Q60329,0.44330314343148736,0.5,True
1qpa__A1_P11542--1qpa__B1_P11542,0.6588695882444494,0.5,True
6e52__A1_P03069--6e52__B1_P03069,0.23489530142306575,0.5,True
1fwl__A1_Q58504--1fwl__B1_Q58504,0.9911118592451088,0.5045045045045045,True
5nkk__A1_O62301--5nkk__B1_Q9XWJ1,0.8036044758704011,0.5,False
1ygt__A1_Q94524--1ygt__A2_Q94524,0.8047742597043337,0.49876988682958834,True
6p40__A1_M1GSK9--6p40__B1_M1GSK9,0.8274373829311329,0.5,True
2wyn__B1_P13482--2wyn__D1_P13482,0.7132994980036169,0.5,True
7yui__A1_P0CG48--7yui__B1_Q9BYM8,0.8536522967363027,0.5,False
2oi2__A1_A0A0H2UNK6--2oi2__A2_A0A0H2UNK6,0.6334245348668426,0.5,True
4wud__A1_P0AES6--4wud__A2_P0AES6,0.7572809476456821,0.5,True
5yzj__A1_A8K0B5--5yzj__B1_A8K0B5,0.38995083372739214,0.5,True
8f61__A1_Q28943--8f61__B1_Q28943,0.8329106250097632,0.5,True
5ho3__A1_W6KHH6--5ho3__B1_W6KHH6,0.4021919253483844,0.5,True
1u5i__A1_Q07009--1u5i__B1_Q64537,0.8236911763029443,0.5,False
1cmc__A1_P0A8U6--1cmc__B1_P0A8U6,0.7725916313860162,0.5311496467565832,True
6oe2__A1_Q8A9F0--6oe2__A2_Q8A9F0,0.3840110519427008,0.5,True
3gzi__A1_A3QIY5--3gzi__A2_A3QIY5,0.832937161222474,0.5,True
8pr6__B1_A0A1Q6BKH4--8pr6__A1_A0A1Q6BKH4,0.40621934381320335,0.5,True
8ohw__A1_Q63T97--8ohw__B1_Q63T97,0.5778779183719184,0.5,True
5y4r__A1_O87131--5y4r__B1_Q9HVI1,0.6912071480785104,0.5,False
8d3t__B1_A0A2K2AMS7--8d3t__A1_A0A2K2AMS7,0.5185695748408359,0.5,True
1zk8__A1_Q815X4--1zk8__B1_Q815X4,0.9151823682428144,0.4998951719180544,True
2w82__A1_Q47730--2w82__B1_Q47730,0.979873903220722,0.5,True
6l08__A1_O65896--6l08__B1_O65896,0.6391838671067327,0.5,True
4p94__B1_Q4J9K8--4p94__A1_Q4J9K8,0.9266430220434911,0.49996276437295206,True
4yii__A1_O00762--4yii__B1_Q9UJX6,0.4615328689654924,0.5,False
4rus__A1_P68512--4rus__B1_P68512,0.5931587436165779,0.5,True
2o48__A1_Q9TQS6--2o48__A2_Q9TQS6,0.5996821856816479,0.5,True
7pvw__B1_P00523--7pvw__A1_P00523,0.38835706688606575,0.5,True
2wcu__A1_Q8R2K1--2wcu__B1_Q8R2K1,0.979016441040903,0.5084103364424927,True
2p35__A1_Q8UH15--2p35__B1_Q8UH15,0.6085197895151105,0.5,True
5jj8__A1_Q9HVB9--5jj8__A2_Q9HVB9,0.6624465351268443,0.5,True
6ije__A1_A0A083ZID3--6ije__B1_A0A083ZID3,0.23882335968788515,0.5,True
8avu__A1_Q8GPI4--8avu__A2_Q8GPI4,0.6702638924861146,0.5,True
7xdu__B1_A0A1I1Z0X1--7xdu__A1_A0A1I1Z0X1,0.8938047864486512,0.49994145101122467,True
1xr4__A1_Q8ZRY1--1xr4__B1_Q8ZRY1,0.9241976842223231,0.5,True
2fuq__A1_C6XZB6--2fuq__B1_C6XZB6,0.9284502275908464,0.5,True
5xrw__A1_O25306--5xrw__C1_O25674,0.9174433950436457,0.5,False
5l0o__A1_P46940--5l0o__B1_P46940,0.2910073978768631,0.5,True
2zcx__A1_Q9FBX0--2zcx__A2_Q9FBX0,0.6270196951034285,0.5,True
5way__A1_Q97P44--5way__B1_Q97P44,0.8293965228313759,0.5,True
7xey__A1_Q9SU72--7xey__B1_Q9S745,0.8090111772947344,0.5,False
4xlo__C1_Q9KHK2--4xlo__A1_Q9KHK2,0.6556999893364028,0.5,True
6kd6__B1_Q9VAA9--6kd6__A1_Q9VAA9,0.29082888963501924,0.5,True
8k72__A1_Q9NWT6--8k72__A2_Q9NWT6,0.9152650246533999,0.5,True
8b5v__A1_Q4E4A3--8b5v__B1_Q4E4A3,0.480801329956664,0.5,True
4yo3__A1_D3GUX1--4yo3__A2_D3GUX1,0.631512908053308,0.5,True
8p8p__A1_P49773--8p8p__B1_P49773,0.5752177529849286,0.5,True
6hrx__A1_O53623--6hrx__B1_O53623,0.35910408070217603,0.5,True
3mdo__A1_A6LDR8--3mdo__B1_A6LDR8,0.8946737405703447,0.5,True
2rb7__A1_Q313A9--2rb7__B1_Q313A9,0.8401430452301217,0.5,True
3lsj__A1_Q9HUS3--3lsj__B1_Q9HUS3,0.44990724892862877,0.5,True
8g0q__A1_P40460--8g0q__B1_P33895,0.6333410700465231,0.5,False
6ms4__A1_Q9ULC4--6ms4__B1_O43583,0.8731922453559406,0.5,False
7y6b__A1_A0A411GZY8--7y6b__B1_A0A411H025,0.6552652718443057,0.5,False
7zyt__A1_P09622--7zyt__B1_P09622,0.6919094841984159,0.5,True
7lle__A1_Q6QVT7--7lle__B1_Q6QVT7,0.902454649711632,0.5,True
4csw__A1_D0MK34--4csw__B1_D0MK34,0.9275147086939897,0.5,True
7tev__A1_P04181--7tev__A2_P04181,0.747604450648226,0.5,True
2hsa__B1_Q9FEW9--2hsa__A1_Q9FEW9,0.6809839831535958,0.5,True
4tsd__A1_O25673--4tsd__B1_O25673,0.8082325758055326,0.5,True
7qh0__B1_P48499--7qh0__A1_P48499,0.9672154928960578,0.5,True
3neu__A1_Q92AT3--3neu__A2_Q92AT3,0.6883832046332047,0.5059523809523809,True
8f9x__A1_Q5LVE1--8f9x__B1_Q5LVE1,0.7351307761573617,0.5,True
3pui__A1_Q9L9D7--3pui__A2_Q9L9D7,0.9711660081773225,0.5,True
1rqi__A1_P22939--1rqi__B1_P22939,0.8676733658002526,0.5,True
6pya__A1_P04278--6pya__A2_P04278,0.5129117154943205,0.5,True
1r27__A1_P09152--1r27__B1_P11349,0.9523123415098206,0.5,False
7zuv__A1_A0A2K3DY10--7zuv__D2_A0A2K3DY10,0.6655425241334113,0.5,True
2aho__A1_Q980A5--2aho__B1_Q97Z79,0.9462789736327726,0.5,False
6mni__A1_A0A2V0QX35--6mni__B1_A0A2V0QX35,0.6812578622901138,0.5,True
4kif__B1_Q643C8--4kif__A1_Q643C8,0.8622758168849146,0.5,True
3g23__A1_Q2G8F3--3g23__B1_Q2G8F3,0.9122656494837976,0.5,True
3ui3__A1_O05728--3ui3__B1_O05728,0.6837370998404454,0.5,True
8ohy__A1_Q556V8--8ohy__A2_Q556V8,0.8386439349402313,0.5,True
5zgo__A1_Q5SHW6--5zgo__B1_Q5SHW6,0.8155888987267054,0.5,True
5uph__B1_Q14108--5uph__A1_Q14108,0.6957813129279098,0.5,True
6u3w__A1_P53622--6u3w__B1_P40509,0.9381093210299959,0.5,False
2gsv__B1_P71066--2gsv__A1_P71066,0.3451772435203234,0.5,True
7yh1__A1_A0A5B9DB95--7yh1__B1_A0A5B9DB95,0.787655050415209,0.5,True
6c6r__A1_Q14534--6c6r__B1_Q14534,0.9442327380595013,0.5,True
6p4o__B1_Q970I1--6p4o__A1_Q970I2,0.7504721265792927,0.5,False
2oys__A1_A0A0H2URW2--2oys__B1_A0A0H2URW2,0.6626691784329506,0.5,True
8i85__A1_D2B3F1--8i85__B1_D2B3F1,0.7720266801425459,0.5,True
2b0a__A1_Q58193--2b0a__A2_Q58193,0.96015978321742,0.5,True
3ayh__B1_O94285--3ayh__A1_Q9C0Z9,0.8775322623746746,0.5,False
2g38__B1_Q79FE1--2g38__A1_Q7D756,0.9070628417504073,0.5,False
2z6k__A1_P15927--2z6k__C1_P35244,0.7392329236300867,0.5,False
3p8b__B1_Q8TZK1--3p8b__A1_Q8U440,0.8794985357825698,0.5,False
5yz5__A1_Q16555--5yz5__A2_Q16555,0.7301474811167465,0.5,True
6dk9__A1_A7A1Y4--6dk9__A2_A7A1Y4,0.8414859934086629,0.5,True
2p19__A1_Q8NTZ4--2p19__C1_Q8NTZ4,0.8266481362696886,0.5,True
8ai1__B1_Q45595--8ai1__A1_Q45595,0.8598870842813574,0.5,True
7px0__B1_Q9VF53--7px0__A1_Q9VF53,0.9473131427499945,0.5,True
4cmz__B1_Q9BXM0--4cmz__A1_Q9BXM0,0.00815670672085785,0.5,True
8gyz__B1_Q93ZE2--8gyz__A1_Q93ZE2,0.5227730388679992,0.5,True
2ikb__A1_Q7DDI9--2ikb__C1_Q7DDI9,0.9117997458434819,0.5348362102439197,True
3egv__A1_Q84BQ9--3egv__B1_Q5SLP6,0.6460538310370152,0.5,False
2g9w__A1_P9WMJ5--2g9w__B1_P9WMJ5,0.7530504814598566,0.5,True
2afv__A1_Q8EXP7--2afv__B1_Q8EXP7,0.9601504860152832,0.5,True
1wl3__B1_Q9X1M1--1wl3__A1_Q9X1M1,0.5971665415294081,0.5,True
4kbx__A1_P45550--4kbx__A2_P45550,0.8927006620172357,0.5,True
8h5a__A1_P67661--8h5a__B1_P67661,0.5095597538258089,0.5,True
8b4l__B1_D5SK09--8b4l__A1_D5SK09,0.9090192373502536,0.5,True
1nrj__B1_P36057--1nrj__A1_P32916,0.8605691244797479,0.5,False
4rdw__A1_Q9HU77--4rdw__A2_Q9HU77,0.8959059277796977,0.5,True
5a6k__A1_A0A0H2US73--5a6k__B1_A0A0H2US73,0.9291920950227732,0.5,True
1qc9__A1_P00642--1qc9__A2_P00642,0.8064980597685515,0.5,True
3ooc__A1_P77239--3ooc__B1_P77239,0.5170630190205238,0.5,True
8pm1__A1_B8GAY9--8pm1__B1_B8GAY9,0.405947945776673,0.5,True
1vbg__A1_P11155--1vbg__A2_P11155,0.7107423642463735,0.5,True
2qgs__A1_A0A0H2VIU2--2qgs__B1_A0A0H2VIU2,0.7331015769648215,0.5,True
8bol__A1_Q04609--8bol__A2_Q04609,0.9019316445097915,0.5,True
3mii__B1_Q08914--3mii__A1_Q08914,0.9308022895329363,0.5,True
3i23__A1_Q835X4--3i23__B1_Q835X4,0.8813030235783772,0.5,True
3itf__A1_P0AE85--3itf__B1_P0AE85,0.3680298590362369,0.5,True
6mw5__A1_K3WC47--6mw5__A2_K3WC47,0.6671432681107134,0.5,True
5vht__A1_P0A9J8--5vht__B1_P0A9J8,0.9708973530857722,0.5,True
6j6x__B1_P53611--6j6x__A1_Q7Z6K3,0.8521943939346202,0.5,False
4tvb__A1_O32323--4tvb__B1_O32323,0.700226819185976,0.5,True
8dtc__A1_L8GT25--8dtc__B1_L8GT25,0.7010481483099227,0.5,True
8fny__A1_O00418--8fny__B1_P0DP23,0.703037640643037,0.5,False
7v0b__A1_A0A1E7MYN1--7v0b__B1_A0A1E7MYN1,0.7378107460503134,0.5,True
2vvo__A1_P9WKD7--2vvo__B1_P9WKD7,0.5385748694295329,0.5,True
5yjh__A1_Q15063--5yjh__A2_Q15063,0.7288110224298479,0.5,True
2z5e__A1_Q9BT73--2z5e__B1_Q9BT73,0.6777670310418453,0.5,True
1a8l__A1_Q51760--1a8l__A2_Q51760,0.9955846326771767,0.5,True
8h0r__A1_Q9WVJ5--8h0r__B1_Q9WVJ5,0.2157962253347428,0.5,True
2j7j__A1_P03001--2j7j__A2_P03001,0.32448085412282024,0.5,True
7zbg__A1_Q02880--7zbg__A2_Q02880,0.6335255160084732,0.5,True
1rku__A1_Q9I2Y2--1rku__B1_Q9I2Y2,0.9492644258658514,0.5,True
2wvl__A1_Q72K30--2wvl__B1_Q72K30,0.7935203324961857,0.5,True
8ewa__B1_Q9HW02--8ewa__A1_Q9HW02,0.9338304718658326,0.5,True
2ft0__A1_Q8FBQ3--2ft0__B1_Q8FBQ3,0.34548204946502714,0.5,True
2r01__A1_Q8KFI1--2r01__A2_Q8KFI1,0.647566760438093,0.5,True
8hno__A1_B6YTS4--8hno__B1_B6YTS4,0.968414492645335,0.5,True
6x88__A1_P52731--6x88__B1_P52731,0.5896583030420732,0.5,True
2x76__A1_Q939Q9--2x76__A2_Q939Q9,0.975811112727295,0.5,True
7x2p__A1_Q5ZWH7--7x2p__B1_Q5ZWH7,0.40817265990620144,0.5,True
2aeu__A1_Q57622--2aeu__A2_Q57622,0.943466721291182,0.5,True
5kbg__A1_Q43965--5kbg__B1_Q43965,0.8318798801262548,0.5,True
4p9g__A1_Q9REI7--4p9g__A2_Q9REI7,0.9182610603869427,0.5,True
7tcv__A1_Q60932--7tcv__A2_Q60932,0.6255923319366508,0.5,True
7vkb__A1_Q5ZSZ6--7vkb__B1_Q5ZSZ7,0.8238998404968801,0.5,False
7r2p__A1_Q46877--7r2p__A2_Q46877,0.67019338886222,0.5,True
6ggl__B1_C9K1X5--6ggl__A1_C9K1X5,0.65417283889887,0.5,True
7yi7__A1_Q9Y251--7yi7__B1_Q9Y251,0.359830327334545,0.5,True
7yka__B1_Q9Y3D6--7yka__A1_Q9Y3D6,0.22754409977222353,0.5,True
8jea__A1_K1QRB6--8jea__D1_K1QRB6,0.6587477504008377,0.5,True
8huc__C1_A0A0H2Z790--8huc__A1_A0A0H2Z790,0.776179205817026,0.5,True
5mpr__A1_O15382--5mpr__A2_O15382,0.7791108984055486,0.5,True
4ooj__B1_Q5ZSK6--4ooj__A1_Q5ZSK6,0.6041822346273856,0.5,True
8a5v__A1_Q9Y617--8a5v__C1_Q9Y617,0.6210796375648096,0.5,True
3lm2__A1_A9CH74--3lm2__B1_A9CH74,0.8886607884535511,0.5,True
7zwt__A1_P41182--7zwt__A2_P41182,0.12063426066010366,0.5,True
5zwl__B1_Q8DLU1--5zwl__A1_Q8DLG7,0.9627969570045322,0.5,False
1i4m__A1_P04156--1i4m__A2_P04156,0.27808000524456344,0.5,True
2gjg__A1_Q88EQ6--2gjg__A2_Q88EQ6,0.7559457037057181,0.5,True
4ghm__A1_Q9KTK0--4ghm__B1_Q9KTK0,0.6328979332849891,0.5,True
1tve__A1_P31116--1tve__B1_P31116,0.9695150867175663,0.5,True
3onx__A1_P41697--3onx__B1_P41697,0.6365741896656645,0.5,True
8cp4__A1_Q6LXV7--8cp4__A2_Q6LXV7,0.8157563211246615,0.5,True
1ob9__A1_Q97YX6--1ob9__A2_Q97YX6,0.7943644021145855,0.5,True
7zcc__B1_P46327--7zcc__A1_P46327,0.94408422325938,0.5,True
4kwd__A1_Q9UR08--4kwd__B1_Q9UR08,0.9848098903002036,0.5086206896551724,True
7wuy__A1_A0A1R3S1W7--7wuy__B1_A0A1R3S1W7,0.7608625856560407,0.5018656716417911,True
5gtw__A1_I3NX86--5gtw__D1_I3NX86,0.8941810221582911,0.5,True
6loh__A1_O15033--6loh__A2_O15033,0.7259091298858538,0.5,True
3a9y__A1_Q68FT9--3a9y__B1_Q68FT9,0.7225017325485675,0.5,True
8ay6__B1_Q9CAJ0--8ay6__A1_A0A067E666,0.7871043066055854,0.5,False
8u5m__A1_Q8TF42--8u5m__F1_Q8TF42,0.9570308097293863,0.5,True
7twa__D1_F8JJ25--7twa__A1_F8JJ25,0.7344212986015792,0.5,True
8fju__B1_P34897--8fju__A1_P34897,0.6938231426743929,0.5,True
1fjj__A1_P12994--1fjj__A2_P12994,0.887344220888296,0.5,True
8iyi__A1_Q6CVU4--8iyi__B1_Q6CVU4,0.8729939961708193,0.5,True
1uus__A1_O00910--1uus__A2_O00910,0.783977550821297,0.5,True
1zt2__A1_Q97Z83--1zt2__C1_Q9UWW1,0.9795600307926964,0.5,False
7uex__A1_Q9H999--7uex__A2_Q9H999,0.9394349387860278,0.5,True
6jqy__A1_P9WF13--6jqy__B1_P9WF13,0.7536687935034804,0.5,True
6l6w__A1_A0A3B6UEU3--6l6w__A2_A0A3B6UEU3,0.9484605389526016,0.5,True
8grj__B1_Q8GQE7--8grj__A1_A0A0H3KLY3,0.7905535353664972,0.5,False
2j0n__B1_P18013--2j0n__A1_P18013,0.5964051490084266,0.5,True
3rq1__A1_D1BN29--3rq1__C1_D1BN29,0.8724905873705813,0.5,True
5ae6__B1_Q92458--5ae6__A1_Q92458,0.9071659307360974,0.5,True
7qi3__A1_W7NDP8--7qi3__C1_W7NDP8,0.8199911216542565,0.5,True
2yve__A1_Q8NMG3--2yve__B1_Q8NMG3,0.7785641895557875,0.5039370078740157,True
5ynx__A1_B2GM84--5ynx__B1_B2GM84,0.7368544149953641,0.5,True
2r6u__A1_Q0S814--2r6u__C1_Q0S814,0.9031326801937649,0.5030999031830119,True
8b6m__A1_Q9H2K2--8b6m__B1_Q9H2K2,0.39539993402355095,0.5,True
3kc2__A1_P36151--3kc2__B1_P36151,0.9631135014756889,0.5,True
3vp5__A1_Q9CHR1--3vp5__A2_Q9CHR1,0.8080349415204678,0.5,True
7pvh__A1_B2RLE7--7pvh__B1_B2RLE7,0.6218906491443179,0.5,True
4nqf__B2_Q7CW19--4nqf__A1_Q7CW19,0.9468228788165185,0.5,True
1vjh__A1_P0C0B0--1vjh__B1_P0C0B0,0.8285211071874735,0.5,True
5xw4__B1_Q00684--5xw4__A1_Q00684,0.4602640020619183,0.5,True
4xdl__A1_P57789--4xdl__B1_P57789,0.693784938259587,0.5,True
6ukl__A1_P0A901--6ukl__F1_P0A901,0.19446164627638862,0.5,True
5by4__A1_P0ABV6--5by4__A2_P0ABV6,0.9670755224407623,0.5034246575342466,True
7zxs__A1_Q86TI2--7zxs__C1_Q86TI2,0.8536029156971996,0.5,True
1v6u__A1_Q7SI98--1v6u__B1_Q7SI98,0.6709304925432531,0.5,True
6e27__A1_Q9H257--6e27__B1_Q9H257,0.2434811416772497,0.5,True
7szd__A1_Q96S44--7szd__B1_Q9Y3C4,0.9863717095919318,0.5,False
1h9r__A1_P0A9G8--1h9r__B1_P0A9G8,0.6384298138542079,0.5,True
3on6__A1_A7M0J6--3on6__B1_A7M0J6,0.7308906525714709,0.5,True
8fwy__A1_Q4DGA2--8fwy__B1_Q4DGA2,0.4855736661234573,0.5,True
1yu6__A1_P00780--1yu6__C1_P68390,0.9281353127578189,0.5,False
6ek1__A1_A0A452CST7--6ek1__A2_A0A452CST7,0.8268700312827353,0.5,True
6ckj__A1_P0A0Z8--6ckj__A2_P0A0Z8,0.8956355476762461,0.5,True
1w33__A1_O50957--1w33__B1_O50957,0.40967818876542156,0.5,True
4usk__B1_H7C745--4usk__B2_H7C745,0.5886143027063121,0.5,True
6cmv__B1_Q4J9G1--6cmv__A1_Q4J9G1,0.8446373552779021,0.5,True
7y70__A1_F4KCC2--7y70__A2_F4KCC2,0.6137875335084807,0.5,True
3cwx__A1_P94837--3cwx__B1_P94837,0.8754359558331642,0.5,True
3p1y__A1_O29362--3p1y__B1_O29362,0.8068870064266644,0.5,True
8a8i__A1_Q9R9V9--8a8i__B1_Q9R9V9,0.9688612073906526,0.5,True
5d1l__A1_P62837--5d1l__B1_Q96BH1,0.6376328551572286,0.5,False
8og3__A1_P38489--8og3__B1_P38489,0.7158818616638941,0.5,True
4neh__A1_P20702--4neh__B1_P05107,0.7136226539205272,0.5,False
2prv__A1_O34596--2prv__B1_O34596,0.6597104388796375,0.5,True
6kvn__A1_A0A1S4CVP6--6kvn__A2_A0A1S4CVP6,0.738921931064078,0.5,True
5tgq__A1_A0A1S4NYF7--5tgq__A2_A0A1S4NYF7,0.9264517575197186,0.5,True
6b3i__A1_P27216--6b3i__B1_P27216,0.45586490342505015,0.5,True
1rqn__A1_O31156--1rqn__B1_O31156,0.9273646596203239,0.5,True
5l7z__A1_P28750--5l7z__A2_P28750,0.8098902364103086,0.5,True
7ljh__A1_Q769D3--7ljh__B2_Q769D3,0.9231379156985691,0.5,True
7xmw__B1_U2Q5N5--7xmw__A1_U2Q5N5,0.2855487261123026,0.5,True
7w2o__A1_Q9HZP1--7w2o__B1_Q9HZP1,0.7554674203640013,0.5,True
7uay__A1_P08684--7uay__A2_P08684,0.9981694102926345,0.5,True
5czf__D1_A0A0H3JHG3--5czf__A1_Q8XAD5,0.49598775077748647,0.5,False
2p6p__A1_Q9RPA7--2p6p__B1_Q9RPA7,0.6927690513837456,0.5,True
4u64__A1_Q5ZXA3--4u64__A2_Q5ZXA3,0.9093955601229508,0.5,True
7qbm__A1_P43235--7qbm__B1_P43235,0.4398125932306658,0.5,True
3nvm__A1_Q8U4M1--3nvm__B1_Q8U4M2,0.8980377123443561,0.5,False
3wws__A1_Q13188--3wws__D1_Q13188,0.8406229972603159,0.5,True
4c87__A1_F9UMG7--4c87__B1_F9UMG7,0.8565355277850761,0.5,True
2d7e__A1_P17888--2d7e__B1_P17888,0.48051619162839543,0.5,True
7xro__A1_Q9RQ20--7xro__B1_Q9RQ20,0.5250652746832476,0.5,True
5yrj__A1_B6F0T7--5yrj__B1_A0A2Z5V8U8,0.692622483675283,0.5,False
6yev__C1_P0A744--6yev__A1_P0AA25,0.8512586297436491,0.5,False
8glr__A1_Q8ZJX7--8glr__A2_Q8ZJX7,0.6826577465390841,0.5,True
5fwt__A1_Q96MU8--5fwt__A2_Q96MU8,0.6353537235726441,0.5,True
8enb__B1_A7DT38--8enb__A1_A0T3A2,0.5682372261697304,0.5,False
8h4p__A1_I1S104--8h4p__B1_I1S104,0.914827745270606,0.5,True
8elf__B1_Q6DYE4--8elf__A1_Q6DYE4,0.6968509987690565,0.5,True
1ax2__A1_P16404--1ax2__A2_P16404,0.4363612305903226,0.5,True
3q9l__A1_P0AEZ3--3q9l__B1_P0AEZ3,0.6965045365930652,0.49999313167944176,True
2yk4__A1_P72097--2yk4__A2_P72097,0.30125890545820533,0.5,True
7u5f__C1_Q9HTM2--7u5f__A1_Q9HTM2,0.8342271342411242,0.5,True
5xt3__B1_A0A0U1MUE2--5xt3__A1_A0A0U1MUE2,0.8708226621072512,0.5,True
5iws__A1_Q63GK8--5iws__A2_Q63GK8,0.8114970427851922,0.5,True
2owl__A1_P36767--2owl__B1_P36767,0.8059526651551678,0.5,True
8bca__A1_O75643--8bca__B1_Q6P2Q9,0.7420833259815618,0.5,False
3mcb__B1_P20290--3mcb__A1_Q13765,0.8529479630331944,0.5,False
8gy8__A1_Q8TZT0--8gy8__B1_Q8TZT0,0.8516035179840156,0.5,True
8dkd__A1_G7CIP4--8dkd__A2_G7CIP4,0.8587933888044981,0.5,True
7dus__A1_P08965--7dus__A2_P08965,0.12301682136633593,0.5,True
8gb1__A1_Q9Y3Z3--8gb1__B1_Q9Y3Z3,0.4409264047826298,0.5,True
6ikj__A1_Q9I4L6--6ikj__B1_Q9I4L6,0.46195486455821877,0.5,True
8b2q__A1_D0EM77--8b2q__B1_G8UM88,0.60495559760314,0.5,False
5x42__A1_Q5ZYB7--5x42__B1_Q5ZYC6,0.6739007356892908,0.5,False
1vkh__A1_Q04066--1vkh__B1_Q04066,0.8664216257644222,0.5,True
5omd__A1_Q04377--5omd__A2_Q04377,0.8728002871369667,0.5,True
2vsg__A1_P26329--2vsg__B1_P26329,0.4943812245878219,0.5,True
1jql__A1_P0A988--1jql__B1_P28630,0.9381602463458566,0.5,False
1w9c__A1_O14980--1w9c__B1_O14980,0.1500405626865019,0.5,True
3upl__A1_Q2YIM3--3upl__B1_Q2YIM3,0.8354533894655254,0.5,True
3tm2__A1_Q83XN4--3tm2__B1_Q83XN4,0.6029548980589583,0.5,True
7yls__B1_C5CSP6--7yls__A1_C5CSP7,0.8979092400837436,0.5,False
7psg__A1_Q6D515--7psg__B1_Q6D515,0.9368139912699807,0.5,True
8pte__A1_P00698--8pte__A2_P00698,0.4521148215048451,0.5,True
7ykc__A1_P14843--7ykc__B1_P14843,0.8854492577220847,0.5,True
3wxe__A1_E7FEV5--3wxe__B1_P0CG48,0.4187330791005084,0.5,False
2vjf__A1_Q00987--2vjf__B1_O15151,0.5025096143834661,0.5,False
7pvo__A1_P56137--7pvo__A2_P56137,0.6739565272263622,0.5,True
3kkd__A1_Q9HXU1--3kkd__A2_Q9HXU1,0.7154341864055229,0.5,True
3mph__A1_P19801--3mph__B1_P19801,0.8978328139855096,0.5,True
6jc4__A1_A6TE44--6jc4__D1_A6TE44,0.5095345087756774,0.5,True
2rf4__A1_P46669--2rf4__B1_P50106,0.4577785330080143,0.5,False
4huz__A1_Q9ZBB0--4huz__A2_Q9ZBB0,0.6913871726001747,0.5,True
5gtj__B1_Q9BV47--5gtj__A1_Q9BV47,0.5255482198732317,0.5,True
2xw7__A1_A0QP85--2xw7__B1_A0QP85,0.5346096628603265,0.5,True
6l6h__A1_Q5ZZ22--6l6h__B1_Q5ZZ22,0.9339428092532032,0.5,True
8p7m__A1_P0A434--8p7m__A2_P0A434,0.851315278497994,0.5,True
6gou__A2_P97275--6gou__C1_P97275,0.6561903059073081,0.5,True
2wwo__A1_Q66ED7--2wwo__B1_Q66ED7,0.45991798457538324,0.5,True
8i3n__A1_Q12178--8i3n__C1_Q12178,0.8792492371841508,0.5,True
1s7i__A1_Q9I3Z5--1s7i__A2_Q9I3Z5,0.6962064254089609,0.5,True
3szw__A1_B7JBP8--3szw__A2_B7JBP8,0.9520463432289522,0.5,True
2nys__A1_Q8U561--2nys__B1_Q8U561,0.8260017391461335,0.5,True
3gr5__A1_O52135--3gr5__A2_O52135,0.6558870537273896,0.5,True
3ded__A1_Q7P1I2--3ded__B1_Q7P1I2,0.6473034633301188,0.5,True
5b5x__A1_Q75NZ1--5b5x__A2_Q75NZ1,0.539350435832023,0.5,True
7qga__A1_P21589--7qga__A2_P21589,0.8698787768548988,0.5,True
8ow9__A1_G8UQH9--8ow9__B1_G8UQH9,0.8532089219323493,0.5,True
3bcw__B1_A0A0H3LK92--3bcw__A1_A0A0H3LK92,0.6531555457485179,0.5,True
6duy__A1_Q61301--6duy__B2_Q61301,0.439638198609234,0.5,True
5zyf__A1_Q99ZW0--5zyf__B1_Q99ZW0,0.6108175802628069,0.5,True
2b7o__A1_O53512--2b7o__B1_O53512,0.8311200951770006,0.5,True
1v57__A1_P77202--1v57__A2_P77202,0.730497077451603,0.5,True
7cov__A1_Q06801--7cov__A2_Q06801,0.9249975156272995,0.5,True
6ign__A1_Q61768--6ign__A2_Q61768,0.8926030187333853,0.5,True
3be5__A1_Q8XBR1--3be5__B1_Q8XBR1,0.7189164430042219,0.5,True
4hn3__B1_Q8Y6D1--4hn3__A1_Q8Y6D1,0.8916653037731519,0.5,True
4o8y__A1_Q08723--4o8y__B1_P43588,0.7566928357245308,0.5,False
7uoi__A1_A0A1S8KJG1--7uoi__A2_A0A1S8KJG1,0.9549766821637837,0.5,True
7vma__A1_C5A758--7vma__A2_C5A758,0.8553251455852945,0.5,True
7d9m__A1_A0A4D6NYT7--7d9m__B2_A0A4D6NYT7,0.7273144648806025,0.5,True
2py8__C1_Q55670--2py8__B1_Q55670,0.7057000165749782,0.5,True
7ytl__A1_E1BR24--7ytl__A2_E1BR24,0.5826212742695824,0.5,True
7vxt__A1_Q63W52--7vxt__B1_Q63W52,0.6788193791425169,0.5,True
8c9v__A1_Q1JXV1--8c9v__A2_Q1JXV1,0.9825627888045587,0.49998683170924413,True
3tsn__A1_Q9PN58--3tsn__B1_Q9PN58,0.7793178041632678,0.5,True
8j51__A1_A0A0E9MUN5--8j51__B1_A0A0E9MUN5,0.9421142981871432,0.5,True
6cz9__A1_Q7WTU0--6cz9__B1_Q7WTT9,0.9292099624574975,0.5,False
8pzo__A1_F9UT68--8pzo__A2_F9UT68,0.7560982124597773,0.5,True
3tqg__B1_Q83DG4--3tqg__A1_Q83DG4,0.7500145650881903,0.5,True
7czg__C1_Q8TDY2--7czg__A1_Q8TDY2,0.6581984315089896,0.5,True
7eev__B1_A0A3D9R4E8--7eev__A1_A0A3D9R4E8,0.7359305260108204,0.5,True
8ori__A1_Q2KB35--8ori__B1_Q2KB35,0.8209368261098862,0.5,True
8pmr__A1_Q4WL81--8pmr__B1_Q4WL81,0.5703377308120601,0.5,True
3fmy__A1_Q46864--3fmy__A2_Q46864,0.9065336106871481,0.5,True
7f0o__B1_A0A2I1C3W8--7f0o__A1_A0A2I1C3W8,0.9278676185994762,0.4999779958632223,True
3ojm__B1_P21802--3ojm__A1_P05230,0.5940781246313206,0.5,False
6xgz__A1_P63386--6xgz__B1_P64602,0.8553817521218933,0.5,False
7x2y__A1_A0A076PYH9--7x2y__B1_A0A076PYH9,0.8972779537026729,0.5,True
5i4h__B1_P07711--5i4h__A1_P07711,0.2773559921017118,0.5,True
4e6h__A1_Q6CII8--4e6h__A2_Q6CII8,0.7807472552658028,0.5,True
6x7p__A1_Q8GGP1--6x7p__A2_Q8GGP1,0.7315215248955248,0.5,True
3exq__A1_Q03S37--3exq__A2_Q03S37,0.66330402804467,0.5,True
2qvc__A1_Q9WXW9--2qvc__B2_Q9WXW9,0.9491111934492773,0.5,True
6yoa__A1_O82015--6yoa__B1_O82015,0.6851374255035583,0.5,True
7qnm__A1_G0L7V6--7qnm__B1_G0L7V6,0.9923652428705778,0.5,True
3p8v__A1_Q9V228--3p8v__B1_Q9V228,0.687724456669982,0.5,True
4re1__A1_P28347--4re1__D1_P46937,0.3435345302944873,0.5,False
7sq2__B1_Q01970--7sq2__A1_P21279,0.7302484714506228,0.5,False
4lqx__B1_Q97VD2--4lqx__A1_Q97VD2,0.6260145579311431,0.5,True
3owf__A1_P00644--3owf__A2_P00644,0.4372924613738028,0.5,True
2dpl__A1_O59072--2dpl__B1_O59072,0.7794599733961695,0.5,True
4ap5__A1_Q9Y2G5--4ap5__B1_Q9Y2G5,0.7892017654733753,0.5,True
8evy__A1_Q9LCT6--8evy__A2_Q9LCT6,0.44242006898382613,0.5,True
5npo__A1_P62593--5npo__B1_D3INY1,0.724332176156565,0.5,False
5uhs__A1_B0SR19--5uhs__B1_B0SR19,0.5836066675293907,0.5,True
4hsl__A1_Q1LCS4--4hsl__A2_Q1LCS4,0.5645199526961937,0.5,True
5euv__A1_D1LZK0--5euv__B1_D1LZK0,0.5647001810944906,0.5,True
7tmg__A1_A0A0H3GLR2--7tmg__B1_A0A0H3GLR2,0.743207373288161,0.5,True
7tgn__B1_A0A1Q5L7T0--7tgn__A1_A0A1Q5L7T0,0.647457300097245,0.5,True
4fz2__A1_C7DIA5--4fz2__B1_C7DIA5,0.6165396099700806,0.5,True
6j2l__A1_P37793--6j2l__B1_P37793,0.5564260764117548,0.5,True
5grk__A1_Q89XR0--5grk__B1_Q89XR0,0.740224579172722,0.5,True
3qxs__A1_O24872--3qxs__A2_O24872,0.979057650206889,0.5,True
8q3y__A1_E8URK0--8q3y__B1_E8URK0,0.7909312322890791,0.5,True
1pyb__A1_O66738--1pyb__B1_O66738,0.7548136405478632,0.5,True
7yto__A1_Q9RHU9--7yto__B1_Q9RHU9,0.7912156106921043,0.5,True
5vae__A1_Q9AET9--5vae__B1_Q9AET7,0.924883082535001,0.5,False
1zrs__A1_Q9HTZ1--1zrs__B1_Q9HTZ1,0.8256512049743235,0.5,True
2cg5__A1_Q9NRN7--2cg5__B1_P49327,0.5593973046830898,0.5,False
4yk8__B1_O36019--4yk8__A1_O13978,0.6023770863574007,0.5,False
2iml__A1_O28442--2iml__C1_O28442,0.7472298789747909,0.5,True
6iru__A1_Q9RVF9--6iru__A2_Q9RVF9,0.9605074179396151,0.49998735553701035,True
4x36__A1_P06653--4x36__A2_P06653,0.9295662080356333,0.5,True
8iev__A1_Q0PAW2--8iev__B1_Q0PAW2,0.7379200043075984,0.5,True
3cyg__A1_A7HM60--3cyg__B1_A7HM60,0.700467213114754,0.5,True
5kvr__A1_P0ACL9--5kvr__A2_P0ACL9,0.7576167479874751,0.5,True
1na8__A1_Q9UJY5--1na8__B1_Q9UJY5,0.30951372032243923,0.5,True
5fis__A1_H9IUR0--5fis__B1_H9IUR0,0.7512300981743459,0.5,True
5yo8__A1_A0A094YZ24--5yo8__B1_A0A094YZ24,0.9248025877504844,0.5,True
7z6m__A1_A0A0H3LM39--7z6m__A2_A0A0H3LM39,0.6228224806607645,0.5,True
2yxd__A1_Q57836--2yxd__B1_Q57836,0.9064386317907445,0.5,True
1aua__A1_P24280--1aua__A2_P24280,0.9821707948235567,0.5,True
7zw3__A1_P27338--7zw3__B1_P27338,0.7257520233367776,0.5,True
5xjx__I1_C0LGW6--5xjx__A1_Q9SSD1,0.3675064018027094,0.5,False
7xub__A1_Q96KQ7--7xub__B1_Q96KQ7,0.7113729797419216,0.5,True
5xlu__A1_Q65KZ6--5xlu__B1_A9YTT0,0.34422202851882827,0.5,False
8smq__A1_Q182N1--8smq__B1_Q182N1,0.33523224832769133,0.5,True
8eni__A1_A0A0H3JRH8--8eni__A2_A0A0H3JRH8,0.8607397494887306,0.5,True
1q77__A1_O66565--1q77__B1_O66565,0.5420565248500193,0.49997248059882216,True
6nbp__A1_A0A4P1LYI6--6nbp__A2_A0A4P1LYI6,0.977966882339638,0.5237950444859978,True
4wu2__A1_Q7WUJ1--4wu2__B1_Q7WUJ1,0.9733925348440791,0.5,True
2nvn__A1_Q31MH7--2nvn__A2_Q31MH7,0.4410350018012748,0.5,True
3zyh__A1_Q05097--3zyh__B1_Q05097,0.9713159041814328,0.5158055440425051,True
8a21__A1_A0QJI1--8a21__A2_A0QJI1,0.9312252034150772,0.5,True
8ho2__A1_A0A191T7N6--8ho2__B1_A0A191T7N6,0.5993691625153448,0.5,True
2j8q__A1_O43809--2j8q__B1_O43809,0.7758437468020004,0.5,True
1cx8__A1_P02786--1cx8__B1_P02786,0.9390165088598661,0.5,True
5zfk__A1_Q31LX1--5zfk__B1_Q31LX1,0.9888922492143364,0.5,True
2qti__A1_Q8EF26--2qti__A2_Q8EF26,0.9143966574398783,0.5463178029785489,True
1kve__B1_P19972--1kve__A1_P19972,0.35844721596723067,0.5,True
4kjq__A1_P37019--4kjq__B1_P37019,0.7260749500064869,0.5,True
8qyw__A1_Q9NVS9--8qyw__A2_Q9NVS9,0.6189323250104842,0.5,True
7t1e__A1_P78556--7t1e__B1_P78556,0.4294533859265231,0.5,True
2ev4__A1_P9WMU9--2ev4__B1_P9WMU9,0.8244146092116503,0.5,True
4m1j__A1_Q9I194--4m1j__B1_Q9I194,0.3005793175117949,0.5,True
8bj3__A1_A0A072U7F9--8bj3__B1_A0A072U7F9,0.9130927899599586,0.5,True
5fcl__A1_Q6D0X0--5fcl__B1_Q6D0X0,0.5102068415814078,0.5,True
2evr__A1_B2J9B4--2evr__A2_B2J9B4,0.6493998592291162,0.5,True
4ftw__A1_Q3J2V1--4ftw__A2_Q3J2V1,0.6257338899074905,0.5,True
2q6q__B1_P36094--2q6q__A1_P36094,0.47772741545728836,0.5,True
8hx8__A1_Q6L8Q5--8hx8__B1_Q6L8Q5,0.8055449851080702,0.5,True
7zgn__A1_U6RE59--7zgn__B1_U6RE59,0.790501024633526,0.5,True
7fiw__A1_B3CP63--7fiw__B1_Q73HD5,0.6004849942785166,0.5,False
4xd9__A1_C8VMF9--4xd9__B1_Q5B6T5,0.7708134817977379,0.5,False
3dme__A1_Q7VU70--3dme__B1_Q7VU70,0.7477615817987334,0.5,True
2w6a__A1_Q9Z272--2w6a__B1_Q9Z272,0.9000323806941547,0.5,True
6oje__B1_Q5S007--6oje__A1_Q5S007,0.14985761244708773,0.5,True
7mu0__A1_P9WQK3--7mu0__B1_P9WQK3,0.19307881267073743,0.5,True
4az3__A1_P10619--4az3__B1_P10619,0.27793059990799,0.5,True
7ug8__B1_Q0I6F8--7ug8__A1_Q0I6F8,0.6044965601874405,0.5,True
6mxv__B1_Q5NFU2--6mxv__A1_Q5NFU2,0.5617292345931247,0.5,True
8ug3__B1_P50053--8ug3__A1_P50053,0.8826714242361612,0.5,True
7x6f__B1_P0AD45--7x6f__A1_P0AD45,0.805109062413936,0.5,True
5n0s__B1_A0A2R2JFI5--5n0s__A1_A0A2R2JFI5,0.7035366085256547,0.5,True
6m9g__A1_Q5D6Y4--6m9g__B2_Q5D6Y4,0.7272814683004607,0.5,True
7zvz__A1_G1UBD5--7zvz__B1_G1UBD5,0.704445456388885,0.49993969121904147,True
3b5m__B1_Q7UTD8--3b5m__A1_Q7UTD8,0.6323967960776443,0.5,True
6v0a__B1_B3E641--6v0a__A1_B3E641,0.974075585200751,0.5,True
3bpj__C1_O75822--3bpj__A1_O75822,0.7853458093638938,0.5,True
7y51__A1_Q8RBF4--7y51__A2_Q8RBF4,0.6239567373081949,0.5,True
6u11__A1_A0A1L8HDP6--6u11__A2_A0A1L8HDP6,0.6717908487816433,0.5,True
8i5w__A1_Q8BZN6--8i5w__B1_P63000,0.7296065211353456,0.5,False
3rv1__B1_A7TR32--3rv1__A1_A7TR32,0.8597149697334909,0.5,True
4k3z__A1_Q8YCV0--4k3z__A2_Q8YCV0,0.9488433631414244,0.5,True
5v5t__A1_Q830T5--5v5t__D1_Q830T5,0.6863936891042379,0.5,True
6fp5__B1_Q960Q9--6fp5__A1_Q960Q9,0.3780132785506773,0.5,True
3isx__A1_Q9X0E0--3isx__A2_Q9X0E0,0.7510933908988746,0.5,True
2vkj__A1_Q9X1W9--2vkj__B1_Q9X1W9,0.8761392430930195,0.5,True
5csr__D1_Q9HLB6--5csr__A1_Q9HLB6,0.6738327957764705,0.5,True
7tur__B1_P00503--7tur__A1_P00503,0.8611877381672597,0.5,True
3vol__A1_Q9I6V6--3vol__A2_Q9I6V6,0.8485474975110905,0.5,True
3jqz__A1_P02768--3jqz__B1_P02768,0.7445430822153237,0.5,True
1vkd__A1_Q9X0V2--1vkd__B1_Q9X0V2,0.7305946090398272,0.5,True
8b31__B1_A0A2W4LV58--8b31__A1_A0A2W4LV58,0.6800182215033228,0.5,True
5vlb__A1_G7IKX3--5vlb__B1_G7IKX3,0.8176048946683876,0.5,True
2oer__B1_Q9I3U1--2oer__A1_Q9I3U1,0.45316956219563376,0.5,True
2ylz__A1_Q47PU3--2ylz__A2_Q47PU3,0.5584823719652279,0.5,True
8bjp__B1_A0A1W6VSR4--8bjp__A1_A0A1W6VSR4,0.7378321248905482,0.5,True
6kcx__A1_Q9WZL1--6kcx__A2_Q9WZL1,0.6983738862909531,0.5,True
7xmj__C1_A9QSE8--7xmj__A1_A9QSE8,0.9061641511929037,0.5,True
1pix__A1_Q06700--1pix__B1_Q06700,0.7217526222567583,0.5,True
3l8i__B1_Q9BUL8--3l8i__A1_Q9BUL8,0.7786767428995252,0.4999888475007249,True
6l2u__A1_Q27RN2--6l2u__B1_Q27RN2,0.34670823930095784,0.5,True
6sl2__A1_C4LWU6--6sl2__A2_C4LWU6,0.5639782535372344,0.5,True
1u6z__B1_P0AFL6--1u6z__A1_P0AFL6,0.9061488813141321,0.5,True
3pm9__A1_Q6NAV4--3pm9__B1_Q6NAV4,0.78126414877463,0.5,True
3a5y__B1_P0A8N7--3a5y__A1_P0A8N7,0.7587952687848499,0.5,True
6bn1__B1_Q9VCR6--6bn1__A1_Q8T0S6,0.590440579773038,0.5,False
8ji6__A1_A0A861B387--8ji6__B1_A0A861B387,0.8410982185388799,0.5,True
2pjs__A1_A9CIG0--2pjs__B1_A9CIG0,0.9423626505131552,0.5409804653442214,True
8ke8__A1_Q9HXS0--8ke8__B1_Q9HXS0,0.4190353130130283,0.5,True
3h7l__A1_Q87LX4--3h7l__A2_Q87LX4,0.7046812047386581,0.5,True
7zs8__A1_A0A1D3HIT0--7zs8__B1_A0A1D3HIT0,0.8798747030370254,0.5,True
2vc4__A1_P02879--2vc4__A2_P02879,0.3972854040176418,0.5,True
1xe8__B1_Q03629--1xe8__A1_Q03629,0.9303160883906649,0.5124875995139009,True
7tn6__A1_Q84Y01--7tn6__A2_Q84Y01,0.4411552317223439,0.5,True
7yo6__A1_G8GLP2--7yo6__A2_G8GLP2,0.9271282318746857,0.5,True
8k76__A1_Q8R6D8--8k76__B1_Q8R6D8,0.6426159695429574,0.5,True
1vgx__B1_Q9RRU8--1vgx__A1_Q9RRU8,0.8149752131931691,0.5,True
3cet__B1_Q6M145--3cet__A1_Q6M145,0.9571912565673201,0.5,True
4zlh__B1_P0AB60--4zlh__A1_P0AB60,0.5397057357673796,0.5,True
2y84__A1_Q7WT50--2y84__E1_Q7WT50,0.9416271061814807,0.5,True
4me9__A1_Q736B0--4me9__B1_Q736B0,0.9685307933394126,0.5,True
2z51__A1_Q93W20--2z51__A2_Q93W20,0.6859179737844521,0.5,True
8ajq__A1_Q9I0C0--8ajq__B1_Q9I0C0,0.7159071540186304,0.5,True
3gdm__A1_P03962--3gdm__B1_P03962,0.7069770604367942,0.5,True
7yfj__A2_Q15007--7yfj__B1_Q15007,0.8397590924263084,0.5,True
2rkl__F1_Q06263--2rkl__E1_Q06263,0.4960837094164807,0.5,True
8cwp__A1_Q06282--8cwp__A2_Q06282,0.4113077141727224,0.5,True
5j1l__B1_O26069--5j1l__A1_O26068,0.6815545001978796,0.5,False
6j26__A1_Q5JIZ3--6j26__B1_Q5JIZ3,0.7763877850260508,0.5,True
6jqv__A1_Q8LC68--6jqv__B1_Q8LC68,0.949785288438344,0.5,True
2ns9__A1_Q9Y9R3--2ns9__B1_Q9Y9R3,0.7314840556430771,0.5,True
5l8s__A1_E1VFE0--5l8s__C1_E1VFE0,0.9713431651330366,0.5,True
6zrw__A1_B3VS76--6zrw__B1_B3VS76,0.6886446686238991,0.5,True
5fcn__B1_Q66GS9--5fcn__A1_Q66GS9,0.717959712907194,0.5,True
7vl1__A1_I0AIT9--7vl1__B1_I0AIT9,0.7351784324169296,0.5,True
2rek__B2_Q9ADD9--2rek__A1_Q9ADD9,0.8043876302577734,0.5,True
2zrt__A1_O75340--2zrt__B1_O75340,0.8576833752609467,0.5,True
2f1m__A1_P0AE06--2f1m__B1_P0AE06,0.5897016269830806,0.5,True
3t5t__B1_Q15JG1--3t5t__A1_Q15JG1,0.8871322604148303,0.5,True
4z9r__B1_Q8EGK4--4z9r__A1_Q8EGK4,0.8776617249075961,0.5,True
2oze__A1_Q57280--2oze__A2_Q57280,0.8264925499301203,0.5,True
1x6m__A1_Q51669--1x6m__D1_Q51669,0.6222921254063122,0.5,True
4pfc__A1_P14735--4pfc__B1_P14735,0.9498084367351258,0.5,True
6byi__A1_Q8PI23--6byi__B1_Q8PI23,0.7014601776850106,0.5,True
3aaa__A1_P13127--3aaa__B1_P14315,0.9633179499325659,0.5,False
1xgm__A1_P56218--1xgm__B1_P56218,0.6337886561460617,0.5,True
5mrv__A1_Q8IVL8--5mrv__C1_P86912,0.8143884999514693,0.5,False
1vhq__A1_P0ABU5--1vhq__B1_P0ABU5,0.6816442963136354,0.5,True
2pqv__B1_A0A0H2UMZ7--2pqv__A1_A0A0H2UMZ7,0.5698182760772224,0.5,True
8pq4__A1_P69782--8pq4__A2_P69782,0.8127955023699704,0.5,True
8a14__A1_A0A0D1E4Q7--8a14__C2_A0A0D1E4Q7,0.5435466860756103,0.5,True
1dtd__A1_P48052--1dtd__B1_P81511,0.627199687831429,0.5,False
3c6n__B1_Q570C0--3c6n__A1_Q39255,0.8537767311428374,0.5,False
3ctz__A1_Q9NQW7--3ctz__A2_Q9NQW7,0.7710396167184832,0.5,True
1wab__A1_Q29460--1wab__A2_Q29460,0.7074322481313196,0.5,True
1zl5__A1_Q00496--1zl5__B1_Q00496,0.7499538435167016,0.5,True
5dbj__A1_Q4KCZ0--5dbj__A2_Q4KCZ0,0.9770231736607783,0.5,True
7qsq__B1_Q9X053--7qsq__A1_Q9X053,0.29594547707118735,0.5,True
7duc__B1_Q2G2U4--7duc__A1_Q2G2U4,0.6173463806308013,0.5,True
2cdu__A1_Q9F1X5--2cdu__B1_Q9F1X5,0.8753616921799663,0.5,True
8g0f__A1_Q6NK15--8g0f__B1_Q6NK15,0.7065333900425325,0.5,True
8a45__B1_B7V7R4--8a45__A1_B7V7R4,0.713824025547867,0.5,True
6no3__A1_B3FHP0--6no3__B1_B3FHP0,0.6508384541864025,0.5,True
3g7p__A1_B7JA91--3g7p__A2_B7JA91,0.7943693975401293,0.5,True
8khq__A1_A0A1I5R890--8khq__C1_A0A1I5R890,0.8360599979331509,0.5,True
7owz__B1_Q9JMA2--7owz__A1_B8ZXI1,0.9591439029510571,0.5,False
6dk7__D1_Q9HUV7--6dk7__A1_Q9HUV7,0.8737299062643006,0.5,True
8f2l__A1_P9WJY9--8f2l__B1_P9WJY9,0.9864075999393944,0.5,True
8h1l__B1_A0A7U4E834--8h1l__A1_A0A7U4E834,0.607702448747008,0.5,True
1nye__A1_P0C0L2--1nye__B1_P0C0L2,0.9028172465311929,0.5,True
2ou6__A1_Q9RVG4--2ou6__A2_Q9RVG4,0.47065804093567254,0.5,True
6hp3__A1_O31927--6hp3__B1_O31927,0.8018026487292278,0.5,True
8hs0__A1_Q9LIR4--8hs0__A2_Q9LIR4,0.6318936032925362,0.5,True
6gz1__A1_P10151--6gz1__A2_P10151,0.39329501190776156,0.5,True
8pbu__A1_P27708--8pbu__A2_P27708,0.8759932311164103,0.5,True
7p0h__A1_O26008--7p0h__C1_O26008,0.9117731721358665,0.5,True
7vzy__B1_Q84G19--7vzy__A1_Q84G19,0.9517479347498788,0.5,True
2q3t__A1_Q9LUJ3--2q3t__A2_Q9LUJ3,0.7664680592771509,0.5,True
7pt0__A1_Q9KYU4--7pt0__B1_Q9KYU4,0.5106191432797234,0.5,True
6m09__B1_Q8LDU1--6m09__A1_Q8LDU1,0.8994830874234669,0.5,True
7uxs__B1_J8G6Z1--7uxs__A1_J8G6Z1,0.5555493166162742,0.5,True
2q03__A1_Q12ML0--2q03__B1_Q12ML0,0.9745976565679781,0.5,True
6kcp__B1_Q9VAA9--6kcp__A1_Q9VAA9,0.2773684351863494,0.5,True
6sj4__B1_A0A022MQ12--6sj4__A1_A0A022MQ12,0.951147470335652,0.5,True
5cyy__A1_P9WG63--5cyy__B1_P9WG63,0.6506136103193221,0.5,True
3tj3__A1_P52294--3tj3__B1_Q9UKX7,0.6180201082237603,0.5,False
3i32__A1_Q72GF3--3i32__A2_Q72GF3,0.9912796660584603,0.5,True
1jk9__B1_P40202--1jk9__A1_P00445,0.612584033358052,0.5,False
4e4w__A1_P38920--4e4w__B1_P14242,0.6579966342886359,0.5,False
5yw5__A1_Q5NII9--5yw5__D1_Q5NII9,0.9291326143448306,0.5052083333333334,True
3ab8__A1_Q5SLE3--3ab8__B1_Q5SLE3,0.5265880370533316,0.5,True
3mxt__A1_Q9PIK2--3mxt__A2_Q9PIK2,0.6063717838980918,0.5,True
7war__B1_A0A1B6PFV1--7war__A1_A0A1B6PFV1,0.9104611443649226,0.5,True
7fn1__B1_P32357--7fn1__A1_P33334,0.6605208412376911,0.5,False
7xl7__A1_A0A2J0R8J6--7xl7__B1_A0A2J0R8J6,0.9014518097528098,0.5,True
8vc5__A1_Q9XCL6--8vc5__B1_Q9XCL6,0.9569650726080141,0.5,True
5jfz__A1_P20605--5jfz__B1_P0ADX5,0.6453823692656677,0.5,False
5g37__B1_P10565--5g37__A1_P06575,0.605846818623952,0.5,False
2gjx__A1_P06865--2gjx__B1_P07686,0.9732107214599521,0.5,False
3aqb__B1_O66129--3aqb__A1_O66127,0.7180986407766989,0.5,False
8q1a__A1_Q16790--8q1a__C2_Q16790,0.5708033574893077,0.5,True
5ez1__B1_P56112--5ez1__A1_P56112,0.7388342850021843,0.5,True
3lwd__A1_Q1QTX1--3lwd__A2_Q1QTX1,0.6077903721680115,0.5,True
8dye__A1_P31040--8dye__B1_Q5VUM1,0.39820999553022685,0.5,False
2ch6__A1_Q9UJ70--2ch6__D1_Q9UJ70,0.911315130595963,0.5,True
3gpn__A1_P15873--3gpn__A2_P15873,0.9501381459146088,0.5,True
7th0__A1_P31667--7th0__A2_P31667,0.757561425581654,0.5,True
1vbi__A1_Q53W84--1vbi__A2_Q53W84,0.8483448982421125,0.5,True
6saz__B1_Q9UGM5--6saz__A1_P07584,0.5207864690423344,0.5,False
6l9x__A1_F6VRB7--6l9x__A2_F6VRB7,0.5293295118385763,0.5,True
3ica__B1_Q7MXR4--3ica__A1_Q7MXR4,0.7226571001799338,0.5,True
6o15__A1_P39353--6o15__B1_P39353,0.8700471743736086,0.5,True
2ohc__A1_Q9HIY5--2ohc__B1_Q9HIY5,0.9676028103137324,0.5,True
8qfo__A1_A0A840P3H4--8qfo__B1_A0A840P3H4,0.7007081553397312,0.5,True
5zmy__A1_F1LJ99--5zmy__B1_F1LJ99,0.7066487449264648,0.5,True
6tx3__B1_Q9NWY4--6tx3__A1_Q9UGN5,0.743852771378561,0.5,False
4tx5__A1_Q9NR28--4tx5__B1_Q9NR28,0.36572026333464414,0.5,True
7wnk__B1_A0A1E5TT85--7wnk__A1_A0A1E5TT85,0.6992746074688376,0.5,True
2fn0__B1_Q9X9I8--2fn0__A1_Q9X9I8,0.769943914747713,0.5,True
5x89__A1_Q8TGZ7--5x89__A2_Q8TGZ7,0.8219533959198975,0.5,True
2j0t__A1_P03956--2j0t__D1_P01033,0.47329598663693145,0.5,False
2i9i__A1_O25234--2i9i__A2_O25234,0.5122484685661479,0.5,True
3rtr__G1_Q13616--3rtr__H1_P62877,0.9036416356181894,0.5,False
7lq2__A1_A0A023X3Z4--7lq2__B1_A0A023X3Z4,0.690563116215976,0.5,True
6aht__A1_A1BZ87--6aht__B1_A1BYM8,0.8737695404209073,0.5,False
8czp__A1_A0A0D5ZBI4--8czp__B1_A0A0D5ZBI4,0.887879355392739,0.5,True
4ro3__A1_M1RHE3--4ro3__B1_M1RHE3,0.3737716235314553,0.5,True
1c0n__A1_P77444--1c0n__A2_P77444,0.8116832013427739,0.5,True
7tq0__A1_P00459--7tq0__A2_P00459,0.564239058847678,0.5,True
1o4w__A1_O29664--1o4w__A2_O29664,0.6225137569349164,0.5,True
4jzp__A1_P51572--4jzp__B1_P51572,0.7108597706227959,0.5,True
5xdf__B1_Q5SL04--5xdf__A1_Q5SL04,0.8816965912449859,0.5,True
6kr4__A1_P10586--6kr4__E1_P60469,0.7277050225302364,0.5,False
1itv__A1_P14780--1itv__B1_P14780,0.8713027159809604,0.5,True
2qgi__A1_P05449--2qgi__B1_P05449,0.7729364900930431,0.5,True
1a19__A1_P11540--1a19__B1_P11540,0.32013937539176285,0.5,True
8a9x__A1_P15752--8a9x__C1_P15752,0.17863696738003187,0.5,True
8e9e__B1_Q02293--8e9e__A1_Q04631,0.8533501565100059,0.5,False
2h4c__A1_Q7T2R1--2h4c__B1_Q7T3T5,0.525399706788344,0.49997199663959674,False
2bdt__A1_Q9K6P2--2bdt__A2_Q9K6P2,0.4634532448720655,0.5,True
5vbn__A1_P56282--5vbn__B1_Q07864,0.9067470224663982,0.5,False
8gt0__A1_Q8I6U4--8gt0__B1_P01040,0.5260011067756981,0.5,False
5lrr__A1_P22262--5lrr__B1_P22262,0.7940310229727077,0.5,True
4y7i__A1_Q96EF0--4y7i__B1_Q96EF0,0.9098577534992023,0.5,True
1who__A1_P43214--1who__A2_P43214,0.7935279292215417,0.5,True
4g10__A1_Q9WXJ9--4g10__A2_Q9WXJ9,0.532605366353978,0.5,True
8q4k__A1_O51180--8q4k__B1_O51180,0.5419922428252923,0.5,True
7rzb__A1_A0A229LVN5--7rzb__A2_A0A229LVN5,0.8618445768772347,0.5,True
7toc__A1_A0A2H0ZMH9--7toc__B1_A0A2H0ZMH9,0.7036338721196898,0.5,True
7ula__B1_Q88ND0--7ula__A1_Q88NC7,0.8966753898929356,0.5,False
8bes__A1_A0A856TAI5--8bes__B1_A0A856TAI5,0.8781265987353407,0.5,True
6j9n__A1_X5EPV9--6j9n__B1_A0A425B395,0.751215404503252,0.5,False
1kll__A1_O05205--1kll__A2_O05205,0.9753308842445386,0.5309151154055918,True
7xky__A1_Q58690--7xky__B1_Q58034,0.8276346400231354,0.5,False
4p04__A1_A0A0D6H805--4p04__B1_A0A0D6H805,0.6329177995211243,0.5,True
1txz__A1_Q04299--1txz__A2_Q04299,0.6608150497220662,0.5,True
4af5__A1_Q8NQ97--4af5__A2_Q8NQ97,0.840210859450906,0.49995743352535543,True
8af9__A1_Q2YPZ9--8af9__H1_Q2YPZ9,0.9576235582950957,0.5,True
8gm9__D1_P9WPD3--8gm9__A1_P9WPD3,0.8558371582736963,0.499992795389049,True
7wsx__A1_D9PYV4--7wsx__B1_D9PYV4,0.630301256153482,0.5,True
4g86__A1_Q79PF6--4g86__B1_Q79PF6,0.7086591388087614,0.5,True
3bq3__A1_Q12395--3bq3__A2_Q12395,0.6541321382599463,0.5,True
7eva__A1_P31490--7eva__A2_P31490,0.610558808941639,0.5,True
8r7d__B1_G5EI71--8r7d__A1_Q8LJL3,0.4169219272874175,0.5,False
7pwy__A1_Q8TDX5--7pwy__B1_Q8TDX5,0.7475463693939824,0.5,True
3ut4__A1_A3DJ21--3ut4__B1_A3DJ21,0.7515055548557992,0.5,True
3ucy__A1_P0DP23--3ucy__A2_P0DP23,0.48595530927602826,0.5,True
8eei__B1_A0A807MR40--8eei__A1_A0A807MR40,0.9930450598831062,0.5,True
8bp5__B1_A0A369SI82--8bp5__A1_A0A369SI82,0.6248107141675298,0.5,True
3l34__B1_Q9HT87--3l34__A1_Q9HT87,0.3213560321932604,0.5,True
8god__A1_Q9UM07--8god__A2_Q9UM07,0.9722839249442837,0.5,True
1h9g__A1_P0A8V6--1h9g__A2_P0A8V6,0.8995095282950802,0.5114942528735632,True
8sz3__B2_Q9NY97--8sz3__A1_Q9NY97,0.6318659591619116,0.5,True
5a10__A1_G1FNI6--5a10__A2_G1FNI6,0.8645372089564228,0.5,True
7qoc__A1_Q8NQV9--7qoc__B1_Q8NQV9,0.7484001722837776,0.5,True
8a90__B1_A0A7S9SWM2--8a90__A1_A0A7S9SWM2,0.8085972425246762,0.5,True
3iaa__A1_Q8KNE0--3iaa__B1_Q8KNE0,0.7290830256201097,0.5,True
3n50__B1_Q9H4W6--3n50__A1_Q9H4W6,0.5486221705396246,0.5,True
2qg3__A1_O28220--2qg3__A2_O28220,0.5394915472795976,0.5,True
7ysk__A1_Q6D6Z8--7ysk__B1_Q6D6Z8,0.9804046050123687,0.5,True
7spz__A1_A8B3G9--7spz__A2_A8B3G9,0.922521775620698,0.5,True
4q2e__B1_Q9X1B7--4q2e__A1_Q9X1B7,0.8086591274476125,0.5,True
8cff__A1_Q7SIF4--8cff__B1_Q7SIF3,0.8745643262408959,0.5,False
8bxl__A1_A0A075TRK9--8bxl__D1_A0A075TRK9,0.8900708673904232,0.5,True
5d4v__C1_Q57913--5d4v__A1_Q57913,0.5979000271863106,0.5,True
2p23__A1_O95750--2p23__B1_O95750,0.7183694906534042,0.5,True
7u55__A1_A0A151EDA9--7u55__A2_A0A151EDA9,0.9259478605636766,0.5,True
1rkw__A1_P0A0N4--1rkw__C1_P0A0N4,0.6666279687838366,0.5,True
1ps6__A1_P19624--1ps6__B1_P19624,0.7600187783712715,0.5,True
2y21__L1_O28769--2y21__K1_O28769,0.631229163148249,0.5,True
2z5i__A1_P58772--2z5i__B1_P58772,0.7772202160340624,0.5,True
5l7u__B1_A6L2E5--5l7u__A1_A6L2E5,0.72779888159233,0.5,True
3egq__A1_O28458--3egq__B1_O28458,0.8701997466804154,0.499859644198042,True
7r3a__A1_Q6LYR8--7r3a__E1_Q6LYR8,0.8796259067800621,0.5,True
7yq0__A1_A0A101DF63--7yq0__B1_A0A101DF63,0.8738409409275969,0.5,True
3wsc__A1_Q25C86--3wsc__B1_Q25C86,0.7580998636341886,0.5,True
4pib__B1_Q2SVW5--4pib__A1_Q2SVW5,0.9194592569874157,0.5,True
7vmx__B1_P9WNN1--7vmx__A1_P9WNM1,0.7460058019481172,0.5,False
1ykd__A1_P94182--1ykd__B1_P94182,0.39450512937730364,0.5,True
4ux7__A1_Q183F3--4ux7__B1_Q183F3,0.8382900475442582,0.5,True
3k3d__A1_P9WLZ7--3k3d__A2_P9WLZ7,0.8911706589693049,0.5,True
7q1d__D2_P29808--7q1d__A1_P29808,0.8732063372726686,0.5,True
1sj5__A1_Q9WY07--1sj5__B1_Q9WY07,0.9669392148509732,0.5,True
4c12__A1_Q2FZP6--4c12__A2_Q2FZP6,0.7499775302299736,0.5,True
3k9m__A1_P07858--3k9m__B1_P01040,0.5374088282656058,0.5,False
1ccd__A1_P17559--1ccd__A2_P17559,0.5289054369259312,0.5,True
8xiz__A1_T2B4K5--8xiz__B1_T2B4K5,0.9043603409376813,0.5,True
7wz6__A1_P15806--7wz6__B1_P10085,0.4168306160042671,0.5,False
2i00__A1_Q831Y9--2i00__B1_Q831Y9,0.7756974967259465,0.5,True
5ffi__A2_Q44501--5ffi__B1_Q44501,0.43886686384831786,0.5,True
3cnk__A1_P21333--3cnk__B1_P21333,0.5140444901882495,0.5,True
8gt9__A1_A8MW95--8gt9__B1_A8MW95,0.7473579468388905,0.5,True
4l2w__B1_Q13464--4l2w__A1_Q13464,0.9721438798799613,0.5,True
3d0j__A1_Q97DI0--3d0j__A2_Q97DI0,0.7772062643154378,0.5,True
4ct0__A1_P97784--4ct0__B1_O54943,0.5366485278511429,0.5,False
3av0__A1_Q58719--3av0__B1_Q58718,0.8321492383187573,0.5,False
8bln__A1_C9QZ65--8bln__H1_C9QZ65,0.5883152224694312,0.5,True
2riq__A1_P09874--2riq__A2_P09874,0.30949407028278786,0.5,True
8hd5__A1_Q99U17--8hd5__B1_Q99U17,0.4218068842786675,0.5031531047332402,True
6xrb__A1_A0A0H3NHS6--6xrb__B1_A0A0H3NHS6,0.8499262457827389,0.5,True
8tn3__A1_Q643B9--8tn3__B1_Q643B9,0.8799605449865953,0.5,True
5ghs__A1_Q5JGL0--5ghs__C1_Q5JF31,0.8111999508994332,0.5,False
5umw__A1_A0A125SA26--5umw__F1_A0A125SA26,0.6619841363230716,0.5,True
7zcv__B1_A0A0E7KI02--7zcv__A1_A0A0E7KI02,0.8191038250764593,0.5,True
6scq__A1_Q8NNN6--6scq__A2_Q8NNN6,0.9120486786216214,0.5,True
7yfu__A1_Q8CG73--7yfu__B1_Q8CG73,0.8881779862590584,0.5,True
3ix1__A1_Q9K9G5--3ix1__B1_Q9K9G5,0.7095176356316005,0.5,True
7khs__A1_Q2CEE3--7khs__B1_Q2CEE3,0.966130880152556,0.5,True
8k5l__A1_A0A829KK40--8k5l__B1_A0A829KK40,0.847650820798198,0.5,True
2g0t__B1_Q9WZQ3--2g0t__A1_Q9WZQ3,0.824688672971325,0.5,True
3lr3__A1_Q63T74--3lr3__A2_Q63T74,0.8641655973362958,0.5,True
4pxq__A1_F1QR43--4pxq__B1_F1QR43,0.8686342067352015,0.5,True
4z5y__A1_Q88QV5--4z5y__A2_Q88QV5,0.8889241411473712,0.5034013605442177,True
7zhf__A1_A0A0U2WWJ1--7zhf__A2_A0A0U2WWJ1,0.9169155277993924,0.499992235663152,True
6h86__A1_B5KM66--6h86__B1_B5KM66,0.5491632482926039,0.5,True
5un7__A1_Q9NUX5--5un7__B1_Q96AP0,0.6473950693631061,0.5,False
8juk__A1_V5VGC6--8juk__B1_V5VGC6,0.9444360414265931,0.5,True
8snp__A1_O09118--8snp__A2_O09118,0.7855638018941294,0.5,True
6wjc__A1_P11229--6wjc__B1_Q8QGR0,0.8648236286919831,0.5,False
8ard__A1_Q64331--8ard__A2_Q64331,0.640374809586146,0.5,True
3mqi__A1_Q9UH73--3mqi__B1_Q9UH73,0.31021495050306014,0.5,True
3q01__A1_P04637--3q01__B1_P04637,0.8653936064917184,0.5,True
7ylq__A1_Q93CA6--7ylq__B1_Q93CA6,0.7890525057972002,0.5,True
2yvo__A1_Q5SJY9--2yvo__A2_Q5SJY9,0.7250704244162143,0.5,True
3v78__B1_P95092--3v78__A1_P95092,0.5646045480252935,0.5,True
7pzh__A1_A0A174J845--7pzh__B1_A0A174J845,0.8381249236726347,0.5,True
3m0f__A1_Q4KDJ6--3m0f__B1_Q4KDJ6,0.7356585564379072,0.5,True
1y4h__A1_P0C1S6--1y4h__C1_Q9EYW6,0.6509783752994248,0.5,False
2o4c__A1_Q9I3W9--2o4c__B1_Q9I3W9,0.9463931317651368,0.5,True
1ynh__A1_P76216--1ynh__D1_P76216,0.8563954095161325,0.5,True
8ohx__A1_U4Q148--8ohx__B1_U4Q148,0.8369889524902788,0.5,True
3a6m__A1_Q56236--3a6m__B1_Q56236,0.6180473066729448,0.5,True
4bvp__A1_Q5ZUA2--4bvp__B1_Q5ZUA2,0.5935634529891322,0.5,True
6qpq__A1_G0SGH3--6qpq__B1_Q12158,0.7487211764907453,0.5,False
3ct6__A1_Q9CIV6--3ct6__B1_Q9CIV6,0.9369888044837558,0.5,True
3q5w__B1_P38937--3q5w__A1_P38937,0.9006365126690064,0.5,True
8gol__B1_G9I933--8gol__A1_G9I933,0.6590608869998986,0.5,True
7epj__A1_P62554--7epj__A2_P62554,0.6313858561406975,0.5,True
1ag9__A1_P61949--1ag9__B1_P61949,0.9772242682690444,0.5,True
3gwh__B1_O31691--3gwh__A1_O31691,0.4275460045211504,0.5,True
5gw1__A1_P57768--5gw1__B1_P57768,0.5928980775849353,0.5,True
3l2o__B1_Q9UKT5--3l2o__A1_P63208,0.9534832885048594,0.5,False
3wrf__A1_E8MGH8--3wrf__A2_E8MGH8,0.8792374701017227,0.5,True
7yyl__A1_Q3AET9--7yyl__B1_Q3AET9,0.6578254001500704,0.5,True
8syb__B1_Q72KY0--8syb__A1_Q72KY0,0.9966679059915726,0.5,True
8qc3__A1_A0A1C9WRL0--8qc3__B1_A0A1C9WRL0,0.9132035422501865,0.5,True
3wtf__B1_Q9BUH6--3wtf__A1_Q9BUH6,0.3714253900231125,0.5,True
2x0e__B1_Q7BG50--2x0e__A1_Q7BG50,0.6392476532321285,0.5,True
5hwt__A1_A5W4E3--5hwt__B1_A5W4E3,0.616500255886038,0.5,True
1ojh__A1_Q8YNP7--1ojh__B1_Q8YNP7,0.6401124497991968,0.49987951807228914,True
3eyy__A1_Q9K4F8--3eyy__B1_Q9K4F8,0.9288205940377776,0.5,True
8bwv__D2_A0A482M8M0--8bwv__A1_A0A482M8M0,0.6917795978700074,0.5,True
7cm9__A1_A0A7V8UZ53--7cm9__B1_A0A7V8UZ53,0.6421745678768184,0.5,True
4nc8__A1_P12464--4nc8__A2_P12464,0.1396680574270392,0.5,True
1zhh__A1_P54300--1zhh__B1_P54302,0.5333448740595084,0.5,False
8c0u__A1_Q9I5Q5--8c0u__B1_Q9I5Q5,0.786477358277021,0.5,True
2fbq__A1_Q9HZJ9--2fbq__A2_Q9HZJ9,0.6581637961553277,0.5,True
7fch__A1_O95256--7fch__C2_O95256,0.7338510511381058,0.5,True
8c7t__B1_A0A1B4XP18--8c7t__A1_A0A1B4XP18,0.6985514417148475,0.5,True
4iwn__A1_P76290--4iwn__B1_P76290,0.579589517508796,0.5,True
7saf__B1_Q6TLP8--7saf__A1_Q6TLP8,0.6969911514294979,0.5,True
7zj1__B1_P55265--7zj1__A1_P55265,0.6929709589045957,0.5,True
4g9k__A1_P32340--4g9k__B1_P32340,0.6011474313731205,0.5,True
8b35__A1_Q96562--8b35__B1_Q96562,0.734096952271467,0.5,True
2rdz__A1_P0ABK9--2rdz__B1_P0ABK9,0.5944231223886749,0.5,True
6bzf__B1_P53061--6bzf__A1_P17122,0.4121295696167019,0.5,False
5ydd__B1_P9WME7--5ydd__A1_P9WME7,0.8098018816283545,0.5,True
4czd__B1_B8J3A4--4czd__A1_B8J364,0.8526741798109084,0.5,False
3ft7__B1_Q54323--3ft7__A1_Q54323,0.8785871657247586,0.5600421142935132,True
4pz1__A1_Q99XU0--4pz1__A2_Q99XU0,0.8260271628032554,0.5,True
2w1t__A1_P37554--2w1t__B1_P37554,0.9719894614369141,0.5146424868920562,True
7qz5__A1_A2RI36--7qz5__B1_A2RI36,0.8888020218708206,0.4999252615844544,True
5h31__A1_Q14790--5h31__B1_Q14790,0.2987897796324754,0.5,True
8oru__A1_O93732--8oru__B1_O93732,0.9183024575968773,0.5,True
8slg__B1_G7CIG9--8slg__A1_G7CIG9,0.5462591226740746,0.5,True
3l2e__B1_Q6AW42--3l2e__A1_Q6AW43,0.9298640457981355,0.5,False
3b0a__A1_P0CG48--3b0a__B1_Q9WUB0,0.7043683060916955,0.5,False
6etz__A1_A0A023UGN9--6etz__A2_A0A023UGN9,0.6818719876037977,0.5,True
7wwf__A1_A0R6Y0--7wwf__B1_A0R6Y0,0.7098770096125593,0.5,True
8vdw__B1_T0TAB9--8vdw__A1_T0TAB9,0.8638834884994524,0.5,True
8ri0__A1_E4THH1--8ri0__B1_E4THH1,0.7454213111430081,0.5,True
5z2i__B1_Q54LT0--5z2i__A1_Q54LT0,0.6788952483296734,0.5,True
4miv__A1_P51688--4miv__B1_P51688,0.8856578849631417,0.5,True
3vh1__A1_P38862--3vh1__A2_P38862,0.5137399833151587,0.5,True
7z98__A1_E6V140--7z98__A2_E6V140,0.8938470238471914,0.5,True
2ond__A1_Q99LI7--2ond__B1_Q99LI7,0.45683517577645294,0.5,True
7vt9__A1_P21517--7vt9__B1_P21517,0.7710387473279867,0.5,True
1gju__A1_O33838--1gju__A2_O33838,0.8091350669134993,0.5,True
6hta__A1_A0A3F2YM29--6hta__B1_A0A3F2YM29,0.8645354366910445,0.5,True
3h7h__A1_P63272--3h7h__B1_O00267,0.5690081949272412,0.5,False
4z39__A1_A0A0S2E5N6--4z39__B1_A0A0S2E5N6,0.7594449360676131,0.5,True
5ca9__A1_Q9C0L9--5ca9__A2_Q9C0L9,0.6942727738122689,0.5,True
6x0a__A1_F7Y4W0--6x0a__S1_F7YBW8,0.5490678918490117,0.5,False
7spq__A1_C5AMM8--7spq__A2_C5AMM8,0.8984651211286593,0.5,True
7spn__A1_A0A7C2VFT1--7spn__B1_A0A7C2VFT1,0.9679387058431299,0.5,True
1tv8__A1_P65388--1tv8__B1_P65388,0.7321284731747862,0.5,True
3mkr__B1_Q27954--3mkr__A1_Q28104,0.9466178901918948,0.5,False
1dqn__A1_Q24973--1dqn__B1_Q24973,0.7308715478028686,0.5,True
7xoi__A1_A0A5N6DPG0--7xoi__B1_A0A5N6EXS6,0.2906604253088729,0.5,False
8h62__A1_P0DJM0--8h62__B1_P12830,0.5318941989263155,0.5,False
2qh0__A1_Q97H22--2qh0__A2_Q97H22,0.8290773029685461,0.5,True
5ubb__A1_Q5VVY1--5ubb__A2_Q5VVY1,0.8511897681083375,0.5,True
5kvs__B1_O54512--5kvs__A1_O54512,0.9052281168759404,0.5,True
3frs__A1_P53990--3frs__A2_P53990,0.23089821541244623,0.5,True
3obv__A1_O08808--3obv__C1_O08808,0.6327752859365737,0.5,True
4wkz__A1_A0AEF5--4wkz__B1_W5IDC3,0.8588458609045189,0.5,False
3kt0__A1_Q12109--3kt0__A2_Q12109,0.7215279953262295,0.5,True
5i90__A1_G3XCY5--5i90__B1_G3XCY5,0.8969690409122868,0.5,True
3bat__B1_P24733--3bat__A1_P24733,0.8106867922717995,0.5,True
2ps1__A1_P13298--2ps1__B1_P13298,0.6888471462922355,0.5,True
1fcd__A1_Q06530--1fcd__B1_Q06529,0.9691173989041113,0.5,False
8hy8__A1_A0A085BE66--8hy8__A2_A0A085BE66,0.8187591240756812,0.499989720500406,True
8har__A1_Q2L6E4--8har__B1_Q2L6E4,0.7809350206949598,0.5,True
4je4__A1_Q06124--4je4__B1_P02751,0.6142171762830816,0.5,False
2a6c__A1_Q82UW4--2a6c__A2_Q82UW4,0.8789132402071185,0.6427630997012976,True
5k9l__B1_A8MW95--5k9l__A1_A8MW95,0.7556356758474689,0.5,True
5mzg__A1_P53368--5mzg__B1_P53368,0.8256654854128894,0.5,True
8d0x__A1_Q9Y231--8d0x__A2_Q9Y231,0.4867059855881698,0.5,True
6ano__B1_Q9UKL3--6ano__A1_Q9UKL3,0.33242239076192953,0.5,True
6et2__A1_Q9I4X1--6et2__B1_Q9I4X2,0.8998894812874327,0.5,False
6d0a__A1_Q8N5Z0--6d0a__A2_Q8N5Z0,0.7335038121283476,0.5,True
2xga__B1_P35530--2xga__A1_P35530,0.5835836970693271,0.5,True
2i3o__A1_Q9HJH4--2i3o__B1_Q9HJH4,0.9405869893944286,0.5,True
1ijx__A1_P97401--1ijx__C1_P97401,0.3928361588425486,0.5,True
6h2u__A1_Q9NRN9--6h2u__B1_Q9UI30,0.44988420767774984,0.5,False
8h2v__A1_Q93HT8--8h2v__B1_Q93HT8,0.8925799844442186,0.5,True
1wat__B1_P02941--1wat__A1_P02941,0.5280159978296823,0.5,True
2nyh__A1_Q13JM0--2nyh__B1_Q13JM0,0.6166648895180751,0.5,True
7yuj__B1_Q9BYM8--7yuj__A1_Q9BYM8,0.5001659376068859,0.5,True
8c5k__A1_P87252--8c5k__A2_P87252,0.830112726187248,0.5,True
2spc__A1_P13395--2spc__B1_P13395,0.26416776946092857,0.5,True
6q2e__A1_A5UMY5--6q2e__B1_A5UMY5,0.49873625697845025,0.5,True
4p8i__A1_P40746--4p8i__B1_P40746,0.9517642052565707,0.5,True
3a4l__B1_Q58933--3a4l__A1_Q58933,0.5572060962275435,0.5,True
1z52__A1_P09167--1z52__B1_P09167,0.6139005238116804,0.5,True
6c0g__A1_A0A3F2YLX1--6c0g__B2_A0A3F2YLX1,0.5771803783521772,0.504370597846318,True
1k3r__B1_O26109--1k3r__A1_O26109,0.9245366060025924,0.5,True
7fga__A1_Q8DIJ4--7fga__B2_Q8DIJ4,0.7476344486944619,0.5,True
5akq__A1_O52063--5akq__B1_O52063,0.8379945299786653,0.5,True
7y86__B1_A0A0K2E3A3--7y86__A1_A0A0K2E3A3,0.9566087599985905,0.4996088657105606,True
8d1u__A1_P0A6R0--8d1u__A2_P0A6R0,0.6802401648100863,0.5,True
1vqw__A1_Q9HFE4--1vqw__B1_Q9HFE4,0.9477121760211329,0.5,True
7uld__A1_O28028--7uld__A2_O28028,0.866182256634079,0.5,True
4c0f__B1_Q9NZN8--4c0f__A1_Q9NZN8,0.0942132429305231,0.5,True
8b21__A1_Q9S5X0--8b21__B1_Q9S5X0,0.7295152298113134,0.5,True
3swk__A1_P08670--3swk__B1_P08670,0.4558174561816033,0.5,True
8txn__B1_P08120--8txn__A1_P08120,0.19065207302917114,0.5,True
8dak__A1_F2X702--8dak__B1_F2X702,0.605680044842261,0.5,True
2rde__B1_A0A0H3ADR8--2rde__A1_A0A0H3ADR8,0.5821959557946624,0.5,True
2pih__A1_O31779--2pih__B1_O31779,0.8175419997790228,0.5,True
7ykv__B1_Q58241--7ykv__A1_Q58241,0.5536187421816842,0.5,True
7y4g__A1_Q8A028--7y4g__A2_Q8A028,0.70782730147551,0.5,True
8cci__A1_A0R7I9--8cci__A2_A0R7I9,0.7862985707671218,0.5,True
6p35__A1_P75913--6p35__A2_P75913,0.988395732670589,0.5,True
6p3j__A1_Q0KJL4--6p3j__B1_Q0KJL4,0.6743093300354802,0.5,True
4o6p__A1_Q8RDI4--4o6p__B1_Q8RDI4,0.6470775847400869,0.4999873292618028,True
8ozv__A1_A0A179UH34--8ozv__A2_A0A179UH34,0.8663040381081053,0.5,True
2cim__A1_Q46AN5--2cim__B1_Q46AN5,0.6624110976166168,0.5,True
6tpo__A1_P24474--6tpo__A2_P24474,0.8588166043002238,0.5,True
7wwo__B1_Q5SH57--7wwo__A1_Q5SH57,0.5722201155484853,0.5,True
4pmv__A1_Q8PEU1--4pmv__B1_Q8PEU1,0.6106949881457793,0.5,True
6rmr__B1_P19926--6rmr__A1_P19926,0.38154078511726175,0.5,True
6hhb__A1_E0SCP7--6hhb__C1_E0SCP7,0.6999928533122067,0.5,True
7e5c__A1_A0A1I7CHQ2--7e5c__B1_A0A1I7CHQ2,0.9447167154805172,0.5,True
2wfh__A1_O94813--2wfh__B1_O94813,0.3342498927657734,0.5,True
3zco__A1_P06701--3zco__A2_P06701,0.3865714093112824,0.5,True
2ghy__A1_P03051--2ghy__B1_P03051,0.3951038391159907,0.5,True
3htr__A1_Q6N0K4--3htr__B1_Q6N0K4,0.6580819220523898,0.5,True
8aeu__A1_Q00987--8aeu__A2_Q00987,0.05820038729225074,0.5,True
1xuv__A1_Q8PZJ2--1xuv__C1_Q8PZJ2,0.8233183257980372,0.5,True
2o8p__A1_Q5CYG0--2o8p__A2_Q5CYG0,0.8416385207628791,0.5,True
4zmu__A1_Q9I072--4zmu__B1_Q9I072,0.6154935295489766,0.5,True
3dl3__G2_Q5E3X2--3dl3__C1_Q5E3X2,0.9332110502613835,0.5,True
7yvz__A1_A7LPG5--7yvz__A2_A7LPG5,0.41315846575375825,0.5,True
4ia6__A1_Q5FL96--4ia6__B1_Q5FL96,0.9548078010444762,0.5,True
8bou__A1_A0A7G5MNS2--8bou__B1_A0A7G5MNS2,0.9739105044103384,0.5,True
5gk1__A1_Q7N4Z6--5gk1__B1_Q7N4Z6,0.7588987748454799,0.5,True
5x03__B1_P94426--5x03__A1_P94426,0.9802998467290038,0.5,True
1c81__A1_P07953--1c81__A2_P07953,0.6246455731009706,0.5,True
1k3e__B1_P58233--1k3e__A1_P58233,0.7506008942593806,0.5,True
6u18__A1_Q9EVJ6--6u18__B1_Q9EVJ6,0.7608512816870565,0.5,True
7wpy__A1_A0A097ZPD5--7wpy__C1_A0A097ZPD5,0.5871180479657161,0.5,True
7xn2__A1_Q8YR38--7xn2__A2_Q8YR38,0.6445194528335405,0.5,True
3uws__B1_A7A9N3--3uws__A1_A7A9N3,0.30183194611643993,0.5,True
4u04__B1_Q9BVA6--4u04__A1_Q9BVA6,0.9201030219671047,0.5,True
2kin__A1_P56536--2kin__B1_Q6QLM7,0.30276224139829455,0.5,False
8b2a__A1_Q2YWJ9--8b2a__A2_Q2YWJ9,0.9551316708810221,0.5,True
8qff__A1_K9TLZ5--8qff__A2_K9TLZ5,0.8294467305565579,0.5,True
8c8c__A1_P48426--8c8c__A2_P48426,0.9544478365632644,0.5,True
8iup__B1_A9A1Y1--8iup__A1_A9A1Y1,0.9172823956334313,0.5,True
3o7o__A1_Q9S5X8--3o7o__B1_Q9S5X8,0.9499331420243694,0.5,True
4bg8__A1_Q8TX37--4bg8__B1_Q8TX37,0.9382570847778784,0.5,True
7qxo__A1_G8UIQ1--7qxo__B1_G8UIQ1,0.6961813788398907,0.5,True
4xiz__A1_Q05776--4xiz__D1_O60200,0.916589593974446,0.5,False
7pwe__A1_Q6AL91--7pwe__B1_Q6AL91,0.47328989347002653,0.5,True
6uxu__A1_E2JB04--6uxu__B1_E2JB04,0.7916858731153057,0.5,True
3bid__A1_Q7DDI1--3bid__B1_Q7DDI1,0.917704316093839,0.49934404722859954,True
4f7w__A1_B5XYG3--4f7w__B1_B5XYG3,0.9560631018980017,0.5,True
2rae__A1_Q0S3N9--2rae__A2_Q0S3N9,0.7009208999598789,0.5,True
7yn1__A1_E9JES9--7yn1__C1_E9JES9,0.6296440322945571,0.5,True
3t7y__A1_O84093--3t7y__B1_O84093,0.8451443514306745,0.5,True
7u6p__A1_P11926--7u6p__B1_P11926,0.6178902153309035,0.5,True
4mis__A1_Q57ES7--4mis__B1_Q57ES7,0.7336598719096481,0.5164600693248859,True
2blf__A1_Q9LA16--2blf__B1_Q9LA15,0.9024375609886306,0.5,False
3ke3__A1_Q4FVA8--3ke3__A2_Q4FVA8,0.9210727842041502,0.5,True
7ywc__A1_Q9L0T8--7ywc__B1_Q9L0T8,0.9694942337244998,0.5,True
4wwr__B1_P46379--4wwr__A1_P11441,0.4649583226107376,0.5,False
7r0d__B1_Q9NV35--7r0d__A1_Q9NV35,0.6437275794391968,0.5,True
8w6x__A1_P21852--8w6x__B1_P21853,0.7480261294362531,0.5,False
3fmf__A1_P9WPQ5--3fmf__B1_P9WPQ5,0.8540997886530413,0.5,True
2xrm__A1_D0AB41--2xrm__A2_D0AB41,0.8359969115119024,0.5,True
4xj7__A1_P66881--4xj7__B1_P66881,0.9524080365124924,0.5,True
7yrt__E1_H9L4P6--7yrt__A1_H9L4P6,0.6792151268665068,0.5,True
7tye__A1_P0A7J0--7tye__A2_P0A7J0,0.6118707759716889,0.5,True
2zvd__B1_Q9RBY1--2zvd__A1_Q9RBY1,0.7052369085645146,0.5,True
3mtw__A1_Q9A4Z9--3mtw__A2_Q9A4Z9,0.687182501433562,0.5,True
3n2o__A1_Q7MK24--3n2o__B1_Q7MK24,0.8310327028342902,0.5,True
7ywd__A1_Q8TB36--7ywd__A2_Q8TB36,0.537528391573459,0.5,True
5upq__A1_A0A0A0V031--5upq__B1_A0A0A0V031,0.9383070443472312,0.5,True
1vgu__A1_Q46893--1vgu__B1_Q46893,0.9186443887801781,0.5,True
2dp9__A1_Q5SM30--2dp9__A2_Q5SM30,0.5725830620638571,0.5,True
8a7l__A1_M1JS91--8a7l__A2_M1JS91,0.4449013490072921,0.5,True
7uqv__A1_A0A0L6JSP1--7uqv__B1_A0A0L6JSP1,0.873634789921473,0.5,True
5d1r__A1_P9WMC9--5d1r__B1_P9WMC9,0.5352071957118362,0.5,True
3f6q__A1_Q13418--3f6q__B1_P48059,0.9550351879509014,0.5,False
1wz3__A1_Q9LVK3--1wz3__B1_Q9LVK3,0.3062608755380529,0.5,True
1nw1__A1_Q22942--1nw1__B1_Q22942,0.5128075076539577,0.5,True
1hrp__B1_P0DN86--1hrp__A1_P01215,0.7015762936670016,0.5,False
3qf4__B1_Q9WYC4--3qf4__A1_Q9WYC3,0.941240102053105,0.5,False
7y4o__B1_A0A0G2JZC4--7y4o__A1_A0A0G2JZC4,0.5183905077528337,0.5,True
8hns__A1_A0A377JKY9--8hns__A2_A0A377JKY9,0.35359261659838803,0.5,True
3mpn__A1_O67854--3mpn__A2_O67854,0.9745062060632042,0.5,True
6vlg__A2_Q9WTS2--6vlg__C1_Q9WTS2,0.8604473344866602,0.5,True
1v71__A1_O59791--1v71__A2_O59791,0.6045397718079236,0.5,True
3fpk__A1_Q8ZKP5--3fpk__B1_Q8ZKP5,0.8551678607751396,0.5,True
8eb3__A1_K2K6A3--8eb3__B1_K2K6A3,0.9130537336412625,0.5,True
4z1i__C1_Q12931--4z1i__A1_Q12931,0.9140433474925833,0.5,True
8pz3__A1_D7SFB8--8pz3__B1_D7SFB8,0.21466252808076508,0.5,True
8bt3__A1_Q6F0T5--8bt3__A2_Q6F0T5,0.4104123711340206,0.5,True
4oag__A1_Q8BGV8--4oag__B1_Q8BGV8,0.4893216736551268,0.5,True
5bo9__A1_O43173--5bo9__B1_O43173,0.9226155187770073,0.5,True
7kws__A1_Q0P8H3--7kws__B1_Q0P8H3,0.6248227921008818,0.5,True
4qa0__A1_Q9BY41--4qa0__B1_Q9BY41,0.7667917100682227,0.5,True
6epi__B1_D5K9G7--6epi__A1_D5K9E3,0.9093487876255142,0.5,False
6z2f__B1_Q16222--6z2f__A1_Q16222,0.8684483199440206,0.5,True
7qgs__B1_Q09472--7qgs__A1_Q16665,0.2860930459965481,0.5,False
7tz7__A1_P42336--7tz7__B1_P27986,0.5825449335532216,0.5,False
2zl1__A1_Q9UHA4--2zl1__B1_Q9JHS3,0.6615447231201189,0.5,False
4ija__A1_A0A0H3JS71--4ija__B1_A0A0H3JS71,0.8189483528850439,0.5,True
3ijt__B1_Q8DVN6--3ijt__A1_Q8DVN6,0.36839059133680774,0.5,True
7qgt__A1_P35520--7qgt__B1_P35520,0.7957884594260088,0.5,True
8i4q__A1_Q8NQI2--8i4q__B1_Q8NQI2,0.9503993531036418,0.5,True
5lxv__A1_G9FCX2--5lxv__B1_A0A1L1QK37,0.7191423455854207,0.5,False
8h25__A1_A0A5R8LFD3--8h25__C1_A0A5R8LFD3,0.915653043945208,0.5,True
6kjl__A1_Q9RC94--6kjl__B1_Q9RC94,0.7140524453588974,0.5,True
5f3o__A1_C4LU64--5f3o__B1_C4LU64,0.5601275640731915,0.5,True
8arv__A1_Q9HW35--8arv__B1_Q9HW35,0.7850023660996651,0.5,True
2i1a__B1_P40087--2i1a__A1_P40087,0.34238689645300496,0.5,True
2y9x__A1_C7FF04--2y9x__E1_G1K3P4,0.7383784175345581,0.5,False
8waa__A1_P29401--8waa__B1_P29401,0.7918813672095819,0.5,True
6n2f__B1_Q94A94--6n2f__A1_Q94A94,0.61576932844283,0.5,True
8b08__B1_P0A2K1--8b08__A1_P00929,0.7825743633647804,0.5,False
5ja2__A1_P11454--5ja2__B1_Q9I169,0.5677106305004178,0.5,False
4g3w__A1_O66591--4g3w__A2_O66591,0.647793764355693,0.5,True
5cm2__A1_Q6C999--5cm2__B1_Q6C4P5,0.9319130923454821,0.5,False
2zz8__A1_O34094--2zz8__B1_O34094,0.6904646064625848,0.5,True
8b8h__A1_P9WQA9--8b8h__B1_P9WQA9,0.5499242584088416,0.5,True
7u2s__A1_A0A2W1NDJ7--7u2s__B1_A0A2W1NDJ7,0.6660280997743315,0.5,True
1d2g__A1_P13255--1d2g__B1_P13255,0.6039890761402362,0.5,True
1sc1__A1_P29466--1sc1__B1_P29466,0.38825130643148836,0.5,True
5amt__A1_A0Q7H2--5amt__A2_A0Q7H2,0.6842023714128312,0.5,True
7qfz__B1_B7L3Y3--7qfz__A1_B7L3Y3,0.7263171101936647,0.5,True
3hml__A1_A6T9H1--3hml__B1_A6T9H1,0.8596882138395714,0.5,True
1xk6__A1_P31572--1xk6__C1_P31572,0.719588100377238,0.5,True
7r3s__A1_A0A4R2M5S2--7r3s__B1_A0A4R2M5S2,0.7696376797323815,0.5,True
2grx__A1_P06971--2grx__C1_P02929,0.7862452728661203,0.5,False
3q34__A1_Q48EL2--3q34__C1_Q48EL2,0.7168666626581571,0.5,True
4r2k__A1_Q8ZP84--4r2k__A2_Q8ZP84,0.8901888242440238,0.5,True
3cgw__A1_Q8PVT6--3cgw__A2_Q8PVT6,0.9263466494250219,0.5,True
7r2f__A1_P21836--7r2f__B1_P21836,0.9249385383235988,0.5,True
4g19__A1_I6ZUH3--4g19__B1_I6ZUH3,0.8545270921325001,0.5,True
3dg8__C1_P13922--3dg8__A1_P13922,0.2862830649893817,0.5,True
6m10__A1_Q9HUW0--6m10__C1_Q9HUW0,0.7835582429697329,0.5,True
8tt2__B1_Q4K977--8tt2__A1_Q4K977,0.9765663215354515,0.5,True
1h31__A1_Q939U1--1h31__B1_Q939U4,0.9686915454224363,0.5,False
7p7i__B1_R8APY9--7p7i__A1_R8APY9,0.9043734254422487,0.5,True
7xgs__A1_Q9FVC1--7xgs__A2_Q9FVC1,0.7749621646454807,0.5,True
6iju__A1_Q9KJN4--6iju__A2_Q9KJN4,0.19989661870052838,0.5,True
4kqd__B1_P06626--4kqd__A1_P06626,0.8851411454180683,0.5,True
2fu3__B1_Q03555--2fu3__A1_Q03555,0.612216111583449,0.5,True
1jgt__B1_P0DJQ7--1jgt__A1_P0DJQ7,0.8446941716525147,0.5,True
6l4b__A1_Q9UGV2--6l4b__C2_Q9UGV2,0.7679794053254267,0.5,True
3lzk__A1_Q92LT4--3lzk__B1_Q92LT4,0.8038445955769165,0.5,True
1ht8__A1_P05979--1ht8__B1_P05979,0.8376044703835299,0.5,True
1z8h__A1_Q8YWS4--1z8h__B1_Q8YWS4,0.8517269612924661,0.5,True
8gk6__A1_W6USS8--8gk6__E1_W6USS8,0.8112259129505942,0.5,True
4mjf__A1_A6L2I4--4mjf__A2_A6L2I4,0.9337673210976378,0.5,True
7m4s__A1_Q8YLC3--7m4s__D1_Q8YLC3,0.9013784216033127,0.5,True
6fju__A1_E6N8B9--6fju__B1_E6N8B9,0.9468326416854925,0.5,True
6lgq__A1_P21865--6lgq__B1_P21866,0.7079029246762807,0.5,False
2y27__B1_B4E7B5--2y27__A1_B4E7B5,0.9244584716394105,0.5,True
2tdx__A1_P0DJL7--2tdx__A2_P0DJL7,0.633558954265663,0.5,True
8fj8__A1_P02638--8fj8__A2_P02638,0.8365581316058643,0.5110097738379361,True
3uv0__B1_Q9W061--3uv0__A1_Q9W061,0.15849645997740008,0.5,True
8alo__B1_P24003--8alo__A1_P15795,0.762825747667716,0.5,False
6xa0__A1_D1A230--6xa0__B1_D1A230,0.7568486936799407,0.49997797356828194,True
1zbo__B1_Q7WAM7--1zbo__A1_Q7WAM7,0.6081799281799283,0.5,True
6xb5__A1_A0A7E5VPD6--6xb5__B1_A0A7E5VPD6,0.5648306008688749,0.5,True
8duy__D1_A0A0H3GVN6--8duy__A1_A0A0H3GVN6,0.611845057647133,0.5,True
7th5__A1_Q5SLG6--7th5__B1_Q5SLG6,0.5399467308600913,0.5,True
3t2l__A1_Q5LE95--3t2l__A2_Q5LE95,0.35678816371508754,0.5,True
3uet__A1_B7GNN8--3uet__B1_B7GNN8,0.7670590969253543,0.5,True
8fdb__B1_Q12KP2--8fdb__A1_Q12KP2,0.7257007000399726,0.5,True
6ok3__A1_C3X9N1--6ok3__B1_C3X9N1,0.6745138823179551,0.5,True
8hp3__A1_A0A2K0XCZ3--8hp3__B1_A0A2K0XCZ3,0.8393715313606003,0.5,True
7xkg__A1_A7NHS9--7xkg__B1_A7NHS9,0.6982938425526206,0.5,True
1l7e__A1_Q2RSB2--1l7e__B1_Q2RSB2,0.7586686404238838,0.5,True
8hn2__A1_Q9F722--8hn2__B1_Q9F722,0.34035332921343464,0.5,True
8gst__A1_Q1NEI7--8gst__B1_Q1NEI7,0.6754945922002991,0.5,True
7cq3__A1_P38324--7cq3__B1_Q12098,0.7378696750950169,0.5,False
5htf__A1_Q8Y759--5htf__B1_Q8Y759,0.8422399048832834,0.5,True
6e1j__A1_C5J4P1--6e1j__B1_C5J4P1,0.6964451498157818,0.5,True
3ccd__A1_P0AA04--3ccd__B1_P0AA04,0.41372141372141374,0.5,True
3dzl__B1_Q396C9--3dzl__A1_Q396C9,0.7190968297937826,0.5,True
2y1h__B1_Q17R31--2y1h__A1_Q17R31,0.686969257692967,0.5,True
7lfs__A1_P00533--7lfs__E1_O14944,0.642872450361611,0.5,False
6jiw__A1_A0A0H3JU78--6jiw__A2_A0A0H3JU78,0.5566463029847339,0.5,True
8ees__A1_A0A0H3GMB7--8ees__B1_A0A0H3GMB7,0.8906871019495552,0.5,True
4a5b__B1_Q27895--4a5b__A1_Q27895,0.6356316134534067,0.5,True
3nb6__A1_O66874--3nb6__A2_O66874,0.44185225213112567,0.5,True
5f8c__A1_O53532--5f8c__A2_O53532,0.788030087767277,0.5,True
8jt3__A1_H8Y6N2--8jt3__C1_H8Y6N2,0.7486434262200201,0.5,True
1ije__A1_P02994--1ije__B1_P32471,0.6151837385447991,0.5,False
6on4__A1_P0A8W0--6on4__B1_P0A8W0,0.6928030807397699,0.5,True
4zvc__A1_P0AA89--4zvc__B1_P0AA89,0.9092734677630709,0.5,True
4qoa__A1_A7VAB9--4qoa__A2_A7VAB9,0.2815249879739914,0.5,True
6wmv__A1_U5WZP7--6wmv__B1_U5WZP7,0.8789764956564918,0.5,True
3e3c__A1_Q7DB61--3e3c__B1_Q7DB61,0.27044363134986305,0.5,True
8a9w__A1_P15751--8a9w__A2_P15751,0.72211211761118,0.5,True
2gj9__A1_P25522--2gj9__B1_P25522,0.9468324703356035,0.5,True
3cm7__C1_P98170--3cm7__D1_P98170,0.6766580633547186,0.5,True
8f5v__A1_O53728--8f5v__B1_O53728,0.48958503143334436,0.5,True
1ecj__A1_P0AG16--1ecj__B1_P0AG16,0.8526469273491171,0.5,True
3s5r__A1_Q2LS68--3s5r__B1_Q2LS68,0.816406535330942,0.5,True
3im3__A1_P00514--3im3__A2_P00514,0.6495966130300391,0.5,True
7vw1__B1_V5J1S8--7vw1__A1_V5J1S8,0.7777861131949655,0.49984996249062263,True
3p12__A1_Q2G1A5--3p12__D1_Q2G1A5,0.726883596938425,0.5,True
8aq0__A1_Q6DTN4--8aq0__B1_Q6DTN4,0.7699137422107365,0.5,True
3wpm__A1_G2IKE5--3wpm__B1_G2IKE5,0.8234422239177503,0.5,True
7xof__B1_Q0DFB6--7xof__A1_Q0DFB6,0.43303579060355607,0.5,True
8a8f__A1_P32598--8a8f__B1_P42073,0.7739984949731893,0.5,False
3qta__A1_Q5V4K4--3qta__B1_Q5V4K4,0.7337254026431499,0.5,True
8oqj__B1_P06959--8oqj__A1_P06959,0.6601166183696611,0.5,True
1tbp__A1_P13393--1tbp__B1_P13393,0.3521467888777659,0.5,True
7qfk__C1_Q5FLN0--7qfk__A1_Q5FLN0,0.7312069997309032,0.5,True
7r3o__B1_Q460N3--7r3o__A1_Q460N3,0.5463568497540483,0.5,True
1wli__A1_Q46604--1wli__B1_Q46604,0.9876399613899615,0.5118709781209781,True
8b3e__A1_M4SY06--8b3e__A2_M4SY06,0.5744478872020944,0.5,True
1d8i__A1_O13297--1d8i__A2_O13297,0.5195035440049298,0.5,True
8eh0__B1_P50909--8eh0__A1_P50909,0.5756721129922789,0.5,True
3seo__B1_Q87GE5--3seo__A1_Q87GE5,0.5279426709963538,0.5,True
3iey__B1_Q74MS9--3iey__A1_Q74MP4,0.8964733205663805,0.4999147412396624,False
4yto__B1_Q15431--4yto__A1_Q15431,0.46205127795495515,0.5,True
6csm__A1_L1J207--6csm__B1_L1J207,0.603961242539418,0.5,True
4ndt__A1_A7UNK4--4ndt__A2_A7UNK4,0.5904273367181379,0.5,True
8j3p__A1_B9WHT3--8j3p__A2_B9WHT3,0.9568176007336457,0.5021575291500681,True
7pv7__B1_Q7MVV4--7pv7__A1_Q7MVV4,0.6997507067264079,0.5,True
7uj6__A1_Q8RMD9--7uj6__B1_Q8RMD9,0.635736344128745,0.5,True
3k9i__A1_Q9KFK0--3k9i__A2_Q9KFK0,0.8346659767348431,0.49998132446868115,True
7z1s__A1_A0A3Q7HTY9--7z1s__A2_A0A3Q7HTY9,0.4982887169098978,0.5,True
2e89__A1_O67728--2e89__B1_O67728,0.594689322131088,0.5,True
2woz__A1_Q9ER30--2woz__A2_Q9ER30,0.5229017343168014,0.5,True
7xxs__A1_B2CKP3--7xxs__B1_B2CKP3,0.9166547471356637,0.5,True
8fir__A1_O83132--8fir__B1_O83132,0.6967881862807825,0.5,True
3i6s__A1_O82777--3i6s__B1_O82777,0.909606043889449,0.5,True
7yhe__B1_A6YEH4--7yhe__A1_A6YEH4,0.7962811196620393,0.5,True
1ku2__A1_Q9EZJ8--1ku2__B1_Q9EZJ8,0.5458989493000385,0.5,True
6qwo__B1_Q9S5W7--6qwo__A1_Q9S5W7,0.8788180755050843,0.5,True
1mxi__A1_P44868--1mxi__A2_P44868,0.6488495363854271,0.5,True
2vhl__A1_O34450--2vhl__A2_O34450,0.7480647992613745,0.5,True
5wan__A1_P75898--5wan__A2_P75898,0.8876595374955986,0.5,True
4x7z__B1_Q49492--4x7z__A1_Q49492,0.9074425543422843,0.5,True
6a1k__A1_P71018--6a1k__B1_P71018,0.7697757876083238,0.5,True
7pjh__A1_Q9Y312--7pjh__B1_Q6P2Q9,0.8086276334412812,0.5,False
4joi__A1_Q9H668--4joi__C1_Q86WV5,0.9406290959972654,0.5,False
8axz__A1_P31153--8axz__A2_P31153,0.6475856045887027,0.5,True
8ogi__B1_P11678--8ogi__A1_P11678,0.26631944706650007,0.5,True
8cxl__A1_A7KH32--8cxl__B1_A7KH32,0.9556125888303977,0.5,True
7win__B1_Q9UIF8--7win__A1_Q9UIF8,0.3802173448021037,0.5,True
4bwv__A1_Q8L5D0--4bwv__B1_Q8L5D0,0.6179224208297666,0.5,True
7drj__A1_P63756--7drj__B1_P63756,0.8700946458425003,0.5,True
3qth__A1_Q47ZP9--3qth__B1_Q47ZP9,0.7585892676544475,0.5,True
8b28__A1_F6GSX7--8b28__A2_F6GSX7,0.7803186222667231,0.5,True
6scx__A1_Q9BQG2--6scx__B1_Q9BQG2,0.7004240617769608,0.5,True
8hpc__A1_P60327--8hpc__H1_P60327,0.9611414199139832,0.5,True
5n76__A1_P72320--5n76__B1_P72320,0.400415437290598,0.5,True
3cq3__A1_Q53W28--3cq3__A2_Q53W28,0.5338349132333241,0.5,True
3kbu__A1_P11277--3kbu__D1_P16157,0.8116703215283136,0.5,False
7pck__A1_P43235--7pck__C2_P43235,0.8071706823411984,0.5,True
5o4z__A1_Q9X1T1--5o4z__A2_Q9X1T1,0.6789244595693806,0.5,True
1vla__A1_Q9X021--1vla__B1_Q9X021,0.7842402960177929,0.5,True
5oed__A1_Q6EAT3--5oed__B1_Q13637,0.8484527007058832,0.5,False
7yva__A1_Q9URB4--7yva__B1_Q9URB4,0.7769410328101409,0.5,True
7s6n__B1_Q5RGJ8--7s6n__A1_Q5RGJ8,0.533391477073824,0.5,True
4cz8__A1_Q9UZ55--4cz8__B1_Q9UZ55,0.9433829738423316,0.5,True
6ebn__A1_A0A4P1LYB6--6ebn__B1_A0A4P1LYB6,0.7798491693837429,0.5,True
3ffe__B1_Q93AT8--3ffe__A1_Q93AT8,0.8983119569420939,0.5,True
7zg6__A1_A0A2J0RDY6--7zg6__B1_A0A2J0RDY6,0.8863557164710677,0.5043859649122807,True
8f4q__A1_Q00972--8f4q__A2_Q00972,0.8373440536905192,0.5,True
4rz3__A1_A4IMB4--4rz3__B1_A4IMB4,0.5589611983767377,0.5,True
8f8k__A1_O53507--8f8k__A2_O53507,0.7777452153053181,0.5,True
3zw5__A1_A6NK44--3zw5__B1_A6NK44,0.7566301181102362,0.5,True
6l3q__B1_G0SEI5--6l3q__A1_G0SEI5,0.9166974666790491,0.5,True
8ag8__A1_A0A1I5SVP7--8ag8__A2_A0A1I5SVP7,0.9195761879242585,0.5,True
2i2w__A1_P63224--2i2w__D1_P63224,0.8423553306856718,0.5,True
2f22__B1_Q9RC77--2f22__A1_Q9RC77,0.8410912630253062,0.5,True
3tng__A1_Q8Y7B7--3tng__A2_Q8Y7B7,0.9764670151121011,0.5,True
8gr8__B1_P08679--8gr8__A1_P08679,0.9648465774695957,0.49999763312489054,True
7ae8__A1_A0A0B0QJR1--7ae8__B1_A0A0B0QJR1,0.5577275208805276,0.5,True
2w54__B1_O54051--2w54__A1_O54050,0.8776657053550913,0.5,False
4b0z__A1_P50524--4b0z__B1_P50524,0.8899046312178388,0.5,True
2re7__A1_Q4FV99--2re7__A2_Q4FV99,0.5710531360833306,0.5,True
8h0t__A1_O34614--8h0t__A2_O34614,0.9735642251945007,0.5,True
1te2__A1_P77247--1te2__B1_P77247,0.9948248784912608,0.5,True
7xt2__A1_Q6ZMU5--7xt2__B1_Q6ZMU5,0.8693543834856671,0.5,True
1ev7__A1_P50187--1ev7__B1_P50187,0.9186926097262198,0.5,True
1ogl__A1_O15923--1ogl__A2_O15923,0.88879379441931,0.5,True
3lrt__B1_Q97CA5--3lrt__A1_Q97CA5,0.9530337184313227,0.5,True
3fou__A1_Q5SGZ9--3fou__B1_Q5SGZ9,0.781991580752112,0.5,True
5jnq__A1_R0BTE9--5jnq__A2_R0BTE9,0.9698802754055337,0.5,True
4g12__A1_A5U5K3--4g12__B1_A5U5K3,0.3337848074110463,0.5,True
3evj__B1_P01008--3evj__A1_P01008,0.7866276018530702,0.5,True
2oq2__B1_P18408--2oq2__A1_P18408,0.975508779901332,0.5,True
8he6__A1_Q8YSS0--8he6__B1_Q8YSS0,0.8937879952484105,0.5,True
2xij__A1_P22033--2xij__A2_P22033,0.6838356334432466,0.5,True
1nr5__A1_P07547--1nr5__A2_P07547,0.7646669617553778,0.5,True
1gmj__A1_P01096--1gmj__B1_P01096,0.9791425579985672,0.5,True
4yba__B1_Q93K36--4yba__A1_Q93K36,0.7415221442681397,0.4998910319276452,True
8ok7__A1_M4T0B2--8ok7__D1_M4T0B2,0.7370111121499405,0.5,True
7f76__B1_A0A223KLJ1--7f76__A1_A0A223KLJ1,0.6727702679873636,0.5,True
8jmq__A1_A9CQD5--8jmq__B1_A9CQD3,0.7976676115825121,0.5,False
7zgt__A1_W8R3D8--7zgt__B1_W8R3D8,0.975043217120003,0.5,True
7xgt__B1_Q6H8B1--7xgt__A1_Q6H8B1,0.8771082260233148,0.5,True
3i2t__A1_P04412--3i2t__A2_P04412,0.5545531847779398,0.5,True
8tjk__A1_A0A0F7G196--8tjk__B1_A0A0F7G196,0.806242524644713,0.5,True
7wt0__A1_Q04760--7wt0__B1_Q04760,0.7885096247332007,0.5,True
3if0__A1_Q74MS9--3if0__A2_Q74MS9,0.9663677431151338,0.5057240020701859,True
3qrh__A1_Q8SSM8--3qrh__A2_Q8SSM8,0.5135023525878466,0.5,True
8q70__A1_Q8U2C1--8q70__A2_Q8U2C1,0.935030680579349,0.5,True
7vso__A1_P02945--7vso__A2_P02945,0.5140769283004405,0.5,True
5f8b__A1_Q4WB03--5f8b__A2_Q4WB03,0.47448648830716983,0.5,True
8ax0__A1_A0A384E145--8ax0__B1_A0A384E145,0.9830304022183514,0.5,True
7r5y__E2_R7PD89--7r5y__A1_R7PD89,0.5747049201445501,0.5,True
7qow__B1_Q93P54--7qow__A1_Q93P54,0.7453172412242247,0.5,True
5il7__A1_Q8KC98--5il7__B1_Q8KC98,0.7061752258818704,0.5,True
3ct9__B1_Q8A1V9--3ct9__A1_Q8A1V9,0.9771407496786331,0.5044642857142857,True
8pvm__A1_P29166--8pvm__B1_P29166,0.7629383102097818,0.5,True
8ct0__F1_S4S3E3--8ct0__A1_S4S3E3,0.7383491445374855,0.5,True
3q2j__B1_P0A3Y5--3q2j__A1_P0A3Y5,0.7227018364376148,0.5,True
7xzp__B1_A0A379CIH2--7xzp__A1_A0A379CIH2,0.8064283472313182,0.5,True
3qvf__A1_Q56187--3qvf__A2_Q56187,0.48561753480220204,0.5,True
6gxs__A1_Q7NZ70--6gxs__D1_Q7NZ70,0.6092439347164319,0.5,True
2hr8__A1_O58456--2hr8__B1_O58456,0.9045617176619174,0.5,True
2zyf__A1_O87198--2zyf__A2_O87198,0.5997408466289813,0.5,True
7s3v__A1_Q16719--7s3v__A2_Q16719,0.971203822795426,0.5,True
6a29__A1_O32504--6a29__B1_O32504,0.4167354342837555,0.5,True
4ml6__C1_A6GV51--4ml6__A1_A6GV51,0.9352953993915986,0.5,True
4cht__A1_Q13472--4cht__B1_Q9H9A7,0.48931680248484843,0.5,False
1n4p__B1_P53610--1n4p__A1_Q04631,0.8005359791226255,0.5,False
1tec__A1_P04072--1tec__B1_P01051,0.94351477769211,0.5,False
6b9t__A1_A9A1T2--6b9t__B1_A9A1T2,0.8411477927288574,0.5,True
3g0k__A1_Q2G4A7--3g0k__A2_Q2G4A7,0.6964878903182943,0.5,True
8hy5__A1_P14920--8hy5__B1_P14920,0.8745830978496645,0.5,True
8fts__A1_R9UTR3--8fts__A2_R9UTR3,0.8935239491749476,0.5,True
1jrk__A1_Q8ZTD8--1jrk__B1_Q8ZTD8,0.7716806766676919,0.5,True
2ejn__A1_P30440--2ejn__B1_P30440,0.581516818630657,0.5,True
8ju7__A1_Q9I2U4--8ju7__B1_Q9I2U4,0.8810596390701634,0.5,True
3nel__A1_Q52428--3nel__B1_Q52428,0.7025446364109863,0.5,True
2dc1__A1_O28440--2dc1__B1_O28440,0.6533998631665314,0.5,True
8fzk__B1_P52292--8fzk__A1_P52292,0.5570028739029022,0.5,True
3wnz__A1_P39641--3wnz__A2_P39641,0.6336493852151034,0.5,True
8e1u__A1_A0A160VN62--8e1u__F2_A0A160VN62,0.805767001514127,0.5,True
1v7c__A1_P83823--1v7c__B1_P83823,0.7893925059576579,0.5,True
3egg__A1_P62136--3egg__C1_O35274,0.6720188182389303,0.5,False
4yke__B1_G0RYR3--4yke__A1_G0RYR3,0.5932357901834768,0.5,True
1tq9__A1_P00669--1tq9__B1_P00669,0.5913668469221895,0.5,True
4oh3__B1_Q05085--4oh3__A1_Q05085,0.6273794233929824,0.5,True
4q62__A1_Q5ZUB7--4q62__A2_Q5ZUB7,0.6717579529955224,0.5,True
2we5__A1_P0A2X7--2we5__B1_P0A2X7,0.9762469977126272,0.506284096639844,True
5t51__A1_Q6CLK3--5t51__B1_Q6CPD1,0.2870099060948734,0.5,False
3i0z__A1_A0A0H2UN25--3i0z__B1_A0A0H2UN25,0.7863692935856332,0.5,True
8p6k__A1_A0A0H2UWN1--8p6k__B1_A0A0H2UWN1,0.730125708515869,0.5,True
7z9z__A1_P02754--7z9z__A2_P02754,0.4101172541822127,0.5,True
6d0i__A1_A0A0C5XL88--6d0i__B1_A0A0C5XKJ0,0.7996425110179753,0.5,False
3gs3__A1_Q8MSU4--3gs3__A2_Q8MSU4,0.28674148247994424,0.5,True
2f4m__A1_Q9JI78--2f4m__B1_P54728,0.8708703386291234,0.5,False
4yh8__A1_Q09176--4yh8__B1_P36629,0.7311668367545106,0.5,False
1e44__B1_P00646--1e44__A1_P02984,0.6317291167396373,0.5,False
2yri__A1_Q5SLX0--2yri__B1_Q5SLX0,0.8521550601870943,0.5,True
1gcj__A1_P70168--1gcj__B1_P70168,0.39208771609392884,0.5,True
7qbp__A1_A4F7B2--7qbp__A2_A4F7B2,0.9028487455041183,0.5,True
4hdd__A1_P09391--4hdd__A2_P09391,0.486755192794298,0.5,True
3e4q__A1_P13633--3e4q__B1_P13633,0.851459448274923,0.5,True
8ein__B1_Q6FCQ4--8ein__A1_Q6FCQ4,0.9586322425697988,0.5,True
6ygu__A1_G0RZ64--6ygu__B1_G0S1V1,0.5730693413955197,0.5,False
2yyh__A1_O67435--2yyh__B1_O67435,0.7257402688945511,0.5,True
5wk0__A1_A0A2C9TMM3--5wk0__A2_A0A2C9TMM3,0.9158157032278241,0.5048076923076923,True
8h4j__A1_W8UQZ7--8h4j__D1_W8UQZ7,0.575930688376802,0.5,True
1z83__A1_P00568--1z83__B1_P00568,0.57053522452762,0.5,True
8h2c__A1_Q0P8U0--8h2c__B1_Q0P8U0,0.8832047060246879,0.5,True
2dkh__A1_Q6SSJ6--2dkh__A2_Q6SSJ6,0.5427550204542317,0.5,True
7c7e__A1_A0A0H3MRW3--7c7e__A2_A0A0H3MRW3,0.46374965950514174,0.5,True
3dpt__B1_Q8KC98--3dpt__A1_Q8KC98,0.8313027656531663,0.5,True
3fgw__A1_Q3TCN2--3fgw__A2_Q3TCN2,0.7869632909187269,0.5,True
7wh0__A1_Q9U2E4--7wh0__B2_Q9U2E4,0.967789375386253,0.5,True
8dq3__A1_A0A142G3G1--8dq3__B1_A0A142G3G1,0.5894158077416833,0.5,True
6t2b__A1_B2UQL7--6t2b__C1_B2UQL7,0.7351203587748134,0.5,True
8jh0__B1_S2D3K4--8jh0__A1_S2D3K4,0.5748581278396176,0.5,True
7t2s__A1_A0A494K842--7t2s__A2_A0A494K842,0.5554710931349582,0.5,True
3frw__B1_A5ZMD8--3frw__A1_A5ZMD8,0.6660795213824446,0.49962511715089036,True
5ab5__A1_C9ZUV7--5ab5__B1_C9ZUV7,0.7338869738503286,0.5,True
5myd__C2_A0A2D0TC86--5myd__A1_A0A2D0TC86,0.5665229223023497,0.5,True
5cde__A1_Q8P839--5cde__B1_Q8P839,0.7983783538441231,0.5,True
6pi4__A1_A0R1Z9--6pi4__A2_A0R1Z9,0.29370399659346674,0.5,True
3ipf__A1_Q251Q8--3ipf__B1_Q251Q8,0.2628239773488106,0.4995724668661821,True
2p3y__A1_Q87I71--2p3y__B1_Q87I71,0.9744967706504188,0.5,True
5jbr__A1_C5C6I1--5jbr__B1_C5C6I1,0.9695664041684451,0.5,True
8ttz__A1_G8E2R2--8ttz__B2_G8E2R2,0.6320908360496283,0.5,True
3vba__A1_Q58673--3vba__B1_Q58673,0.8296963715634563,0.5,True
4o6y__B1_Q9SWS1--4o6y__A1_Q9SWS1,0.553504292203119,0.5,True
4e5r__A1_Q6IRB5--4e5r__A2_Q6IRB5,0.5358729330298556,0.5,True
7ywv__A1_Q0SBK1--7ywv__C1_Q0SBK1,0.9785941661906654,0.5,True
8eer__A1_P01116--8eer__A2_P01116,0.41421087409524154,0.5,True
3f84__B1_E3PPC4--3f84__A1_E3PPC4,0.34141530452047836,0.5,True
5mu7__A1_G0S6G7--5mu7__B1_G0S6I4,0.7949993646156032,0.5,False
8hfp__B1_Q96T68--8hfp__A1_Q8N8R7,0.5716007099599533,0.5,False
4rmn__B1_Q6NC13--4rmn__A2_Q6NC13,0.7590383208479198,0.5,True
3mx1__A1_Q46944--3mx1__A2_Q46944,0.9596914511308418,0.5,True
5gl5__A1_Q06321--5gl5__B1_Q06321,0.4177676752757589,0.5,True
5gl4__A1_B6YTD8--5gl4__B1_B6YTD8,0.9867294025854388,0.5,True
7wf9__A1_Q3ZT31--7wf9__B1_Q3ZT31,0.43543437780975325,0.5,True
8fw0__B1_P39897--8fw0__A1_P39897,0.476050131092062,0.5,True
8ou8__B1_P0A8M3--8ou8__A1_P0A8M3,0.7602238018759221,0.5,True
7acm__B1_P75811--7acm__A1_P75811,0.4688746932778436,0.5,True
4trb__A1_Q97W95--4trb__B1_Q97W95,0.7900879970609331,0.5,True
2ia9__B1_P28015--2ia9__A1_P28015,0.6454759610236642,0.5,True
3sy6__A1_Q5LE92--3sy6__B1_Q5LE92,0.5949664837395111,0.5,True
6xz3__A1_Q9H1K6--6xz3__A2_Q9H1K6,0.45958307538925997,0.5,True
2h8e__A1_P0AG74--2h8e__A2_P0AG74,0.45434335181144136,0.5,True
4e0u__A1_D1D8L6--4e0u__A2_D1D8L6,0.6646982798708219,0.5,True
6teu__A1_O60568--6teu__A2_O60568,0.8848511292010278,0.5,True
6xt5__B1_P49046--6xt5__A1_P49046,0.7816521905029212,0.5,True
8g1t__A1_Q07812--8g1t__B1_Q07812,0.20215485879097772,0.5,True
7xp7__B1_W9FXI8--7xp7__A1_W9FXI8,0.8646305562866351,0.5,True
8i55__A1_Q58380--8i55__B1_Q58380,0.9702638166591907,0.5074449635607032,True
1h65__A1_Q41009--1h65__A2_Q41009,0.736208008728725,0.5,True
3ol4__A1_A0QRC4--3ol4__B1_A0QRC4,0.1992402708150292,0.49985787379192725,True
8idq__A1_A0A0B8MZ29--8idq__C1_A0A0B8MZ29,0.9011393125398469,0.5,True
3f6g__B1_Q8F3Q1--3f6g__A1_Q8F3Q1,0.7250615256569933,0.5,True
6akj__B1_G2TRN4--6akj__A1_G2TRN4,0.8952469463621879,0.5,True
3qhy__B1_O87916--3qhy__A1_Q93T42,0.8946966465766734,0.5,False
4j5p__B1_P97612--4j5p__A1_P97612,0.8715052247795666,0.5,True
4icq__A1_A0A0H2UN95--4icq__B1_A0A0H2UN95,0.8531140281251723,0.5,True
1klf__B1_P08191--1klf__A1_P31697,0.8301047150641914,0.5,False
6y4l__A1_Q15006--6y4l__B1_Q9Y3B6,0.6216067949486627,0.5,False
6dex__B1_Q74ZQ8--6dex__A1_Q75DL0,0.5293173123739306,0.5,False
2z02__A1_Q58987--2z02__B1_Q58987,0.9900342465259544,0.5,True
4l7w__A1_Q7Z4H3--4l7w__A2_Q7Z4H3,0.6779503674187397,0.5,True
6tct__A1_Q9KL67--6tct__B1_Q9KL67,0.35909541590194716,0.5,True
6sul__A1_A8FAR5--6sul__B1_A8FAR5,0.9142911520798966,0.5,True
3l8d__A1_A0RD96--3l8d__A2_A0RD96,0.7228077795696192,0.5,True
1b8m__B1_P34130--1b8m__A1_P23560,0.5140417982114132,0.5,False
1irq__B1_Q57468--1irq__A1_Q57468,0.7898388934092759,0.5234914564686737,True
7xi6__A1_A5GXY1--7xi6__B1_A5GXY1,0.5826436376135171,0.5375284923477694,True
7vrx__D1_A0A6J4AG16--7vrx__B1_A0A6J4AG16,0.9130210715505079,0.5,True
6iik__A1_P54578--6iik__B1_P54578,0.9582264151952058,0.5,True
3nau__A1_Q9Y6X8--3nau__B1_Q9Y6X8,0.10579156022395737,0.5,True
4jzy__B1_O77059--4jzy__A1_O77059,0.8606957779712964,0.5,True
7yxg__A1_Q9VU77--7yxg__B1_Q9VU77,0.7493649386888906,0.5,True
5cio__A1_A0A1A9TAI5--5cio__B1_A0A1A9TAI5,0.8222946962202108,0.5,True
8jwj__A1_Q9DAG9--8jwj__B1_P62837,0.842440578813946,0.5,False
6ia6__A1_A0A1C7D1B7--6ia6__A2_A0A1C7D1B7,0.7138959371523783,0.5,True
8h1g__A1_O67518--8h1g__A2_O67518,0.9065780994044061,0.5,True
6x61__A1_Q79V60--6x61__B1_Q8DMT2,0.870736257230146,0.5,False
7x0d__A1_A5YW95--7x0d__B1_A5YW95,0.9107481805609086,0.5,True
1ghd__B1_O86089--1ghd__A1_O86089,0.37073409014770564,0.5,True
2x6f__A1_Q9W1M7--2x6f__B1_Q9W1M7,0.5399508072170112,0.5,True
8oik__A1_Q9UPU9--8oik__C1_Q9UPU9,0.49770365311933484,0.5,True
6nxl__A1_B4DV12--6nxl__E1_B4DV12,0.41640813668472604,0.5,True
8wmy__A1_A0A4U7IGH6--8wmy__B2_A0A4U7IGH6,0.8089369591498349,0.5,True
3trf__A1_Q83AJ3--3trf__A2_Q83AJ3,0.4753842239379818,0.5,True
5h4s__A1_A0A090BWT0--5h4s__A2_A0A090BWT0,0.5905783750615278,0.5,True
2zvb__A1_Q53WA6--2zvb__A2_Q53WA6,0.9053728147492615,0.5,True
8wa7__A1_P27302--8wa7__B1_P27302,0.8448916882423766,0.5,True
3b0z__B1_P40727--3b0z__A1_P40727,0.1891329202044726,0.5,True
4usp__A1_B3GA02--4usp__B1_B3GA02,0.5586156219023526,0.5,True
7cms__A1_P00953--7cms__B1_P00953,0.6403249892487448,0.5,True
7t8q__A1_Q7S860--7t8q__D1_Q7S860,0.5119196755682084,0.5,True
6j9k__A1_A0A425B3G2--6j9k__A2_A0A425B3G2,0.7659336534401051,0.5,True
7xp0__A1_Q9I5E1--7xp0__A2_Q9I5E1,0.7406176393881903,0.5,True
8ih4__A1_Q8WVV5--8ih4__B1_Q8WVV5,0.7142152444576291,0.5,True
1tfe__A1_P43895--1tfe__A2_P43895,0.9051561365286855,0.5,True
4iwq__A1_Q9UHD2--4iwq__A2_Q9UHD2,0.7267636199538815,0.5,True
5hs5__A1_Q2G0D1--5hs5__B1_Q2G0D1,0.9646225038562555,0.5,True
3v89__A1_Q9K0U9--3v89__B1_P02787,0.7224387222709867,0.5,False
8e3g__B1_P43026--8e3g__A1_P12643,0.6516843065231128,0.5,False
2w8b__A1_P0A855--2w8b__H1_P0A912,0.5814454912516823,0.5,False
5f7p__B1_Q8YAF1--5f7p__A1_Q8YAF1,0.7134222693713361,0.5,True
8f71__B1_Q6N5G3--8f71__A1_Q6N5G3,0.8378468747310721,0.5,True
8hwi__B1_A0A327WNX5--8hwi__A1_A0A327WNX5,0.7950068998573856,0.5,True
7r3i__B1_P54292--7r3i__A1_P54292,0.8837967773829364,0.5,True
8afj__A1_A0A179QS89--8afj__B1_A0A179QS89,0.49752363852857484,0.5,True
3pub__B1_E5EVW2--3pub__A1_E5EVW2,0.6829833002392953,0.5,True
8es5__A1_A0A0H2Z732--8es5__B1_A0A0H2Z732,0.8243223809828604,0.5,True
7txn__B1_Q8YVV6--7txn__A1_Q8YVV6,0.9918640237444272,0.6246397694524496,True
3py6__A1_Q2YQ74--3py6__A2_Q2YQ74,0.7677507405778035,0.5,True
1hjr__A1_P0A814--1hjr__C1_P0A814,0.4607071485190519,0.5,True
8k3b__A1_A0A071KWR3--8k3b__A2_A0A071KWR3,0.6951984288086519,0.5,True
3w2z__A1_Q8YXY7--3w2z__A2_Q8YXY7,0.5814402539360117,0.5,True
8f78__A1_P55212--8f78__B1_P55212,0.9184874459177367,0.5,True
6wg4__A1_Q14683--6wg4__B1_Q9UQE7,0.9493009024193734,0.5,False
7zry__A1_O60341--7zry__B1_Q9UKL0,0.8144125146193169,0.5,False
1uix__A1_Q28021--1uix__B1_Q28021,0.8151149862533895,0.5,True
7vrc__A1_P38956--7vrc__B1_P22082,0.37272459315595174,0.5,False
1oz0__A1_P31335--1oz0__B1_P31335,0.7665967714319064,0.5,True
7eft__B1_P16926--7eft__A1_P16926,0.6279687976085195,0.5,True
8e2b__B1_Q2FYI5--8e2b__A1_Q2FYI5,0.5363416097576615,0.5,True
7jw6__A1_Q9VIF1--7jw6__A2_Q9VIF1,0.8000470648486012,0.5,True
1jkw__A1_P51946--1jkw__A2_P51946,0.5875159167798822,0.5,True
4pfp__B1_F1RQI7--4pfp__A1_F1RQI7,0.9623529866865991,0.5,True
8h1s__A1_Q9I5U2--8h1s__B1_Q9HX32,0.7715516048944735,0.5,False
7t0y__A1_P62136--7t0y__B1_Q14684,0.6359128975360313,0.5,False
1tz9__A1_Q82ZC9--1tz9__B1_Q82ZC9,0.7810603789522437,0.5,True
2wns__B1_P11172--2wns__A1_P11172,0.9413772612310896,0.5,True
6s8v__B1_P08195--6s8v__A1_P80188,0.6125349568545113,0.5,False
2gt4__A1_P32056--2gt4__B1_P32056,0.5114010315440589,0.5,True
3bof__A1_Q9WYA5--3bof__B1_Q9WYA5,0.9936301763034243,0.5324641411827951,True
6trj__A1_O75475--6trj__A2_O75475,0.1908519746449076,0.5,True
8h4z__A1_A0A2X5A3P4--8h4z__B1_A0A2X5A3P4,0.8832139201535575,0.5,True
2hre__A1_P22830--2hre__B1_P22830,0.5551830463208643,0.5,True
5yjc__A1_Q5HK94--5yjc__B1_Q5HK94,0.7619508169911849,0.5,True
8d6k__A1_Q9L1K2--8d6k__B1_Q9L1K2,0.682241062568606,0.5,True
2zew__B1_Q9ZA17--2zew__A1_Q9ZA17,0.22035277784756122,0.5,True
5wpi__A1_Q58PW8--5wpi__B1_Q58PW8,0.929504321900916,0.5,True
8fk6__A1_A0A0C9S461--8fk6__B1_P80098,0.8369567108416442,0.5,False
7tm7__A1_A0A0H3GYH4--7tm7__B1_A0A0H3GYH4,0.9169600108072912,0.5,True
7x4b__A1_A0A2D0TCG3--7x4b__B1_A0A2D0TCG3,0.8300631483987371,0.5,True
4aqp__B1_P54253--4aqp__A1_P54253,0.17204020760451483,0.5,True
3npi__A1_Q6NFU8--3npi__B1_Q6NFU8,0.7086267486738275,0.5,True
