system_id,auroc,bacc,is_homodimer
8iyi__A1_Q6CVU4--8iyi__B1_Q6CVU4,0.9583144106416557,0.5,True
1uus__A1_O00910--1uus__A2_O00910,0.9420216969139731,0.5,True
1zt2__A1_Q97Z83--1zt2__C1_Q9UWW1,0.9741899049050462,0.5,False
7uex__A1_Q9H999--7uex__A2_Q9H999,0.9349490485397389,0.5,True
6jqy__A1_P9WF13--6jqy__B1_P9WF13,0.9264919941775837,0.5577874818049491,True
6l6w__A1_A0A3B6UEU3--6l6w__A2_A0A3B6UEU3,0.9978283451490502,0.5,True
8h56__A1_Q8BB16--8h56__B1_Q8BB16,0.8918216459611834,0.5,True
8grj__B1_Q8GQE7--8grj__A1_A0A0H3KLY3,0.9531229996791272,0.5,False
2j0n__B1_P18013--2j0n__A1_P18013,0.8489833286283367,0.5,True
3rq1__A1_D1BN29--3rq1__C1_D1BN29,0.942751375241036,0.5,True
5djt__A1_O49004--5djt__B1_UNDEFINED,0.9395921516001953,0.5,False
5ae6__B1_Q92458--5ae6__A1_Q92458,0.924681111461278,0.5,True
3v1e__A1_UNDEFINED--3v1e__B1_UNDEFINED,0.9023026315789474,0.52,True
7qi3__A1_W7NDP8--7qi3__C1_W7NDP8,0.9486742011654008,0.5,True
2yve__A1_Q8NMG3--2yve__B1_Q8NMG3,0.9258755452085354,0.5,True
5ynx__A1_B2GM84--5ynx__B1_B2GM84,0.9487471483283694,0.5,True
2r6u__A1_Q0S814--2r6u__C1_Q0S814,0.8540978689362443,0.5,True
8b6m__A1_Q9H2K2--8b6m__B1_Q9H2K2,0.7660967730181307,0.5109431191255386,True
3kc2__A1_P36151--3kc2__B1_P36151,0.9832009961146313,0.5,True
3vp5__A1_Q9CHR1--3vp5__A2_Q9CHR1,0.9470138420893277,0.5,True
7pvh__A1_B2RLE7--7pvh__B1_B2RLE7,0.740969103606312,0.5,True
4nqf__B2_Q7CW19--4nqf__A1_Q7CW19,0.9078868380415083,0.5,True
1vjh__A1_P0C0B0--1vjh__B1_P0C0B0,0.961335280852488,0.5,True
5xw4__B1_Q00684--5xw4__A1_Q00684,0.8845554267158877,0.5,True
8aai__A1_O00560--8aai__C1_O00560,0.8019353883198288,0.5,True
4xdl__A1_P57789--4xdl__B1_P57789,0.8578682672844696,0.5,True
6ukl__A1_P0A901--6ukl__F1_P0A901,0.8533955653034477,0.5,True
5dot__A1_P31327--5dot__B1_P31327,0.8970248756325494,0.5,True
5by4__A1_P0ABV6--5by4__A2_P0ABV6,0.9637456605474667,0.5,True
7zxs__A1_Q86TI2--7zxs__C1_Q86TI2,0.9767827117939428,0.5,True
1v6u__A1_Q7SI98--1v6u__B1_Q7SI98,0.9095634232394714,0.5,True
6e27__A1_Q9H257--6e27__B1_Q9H257,0.7793120953885139,0.5,True
7szd__A1_Q96S44--7szd__B1_Q9Y3C4,0.9612740016051614,0.5,False
1h9r__A1_P0A9G8--1h9r__B1_P0A9G8,0.9093544831143016,0.5,True
3on6__A1_A7M0J6--3on6__B1_A7M0J6,0.973529231413222,0.5,True
8fwy__A1_Q4DGA2--8fwy__B1_Q4DGA2,0.9531955166270785,0.5,True
1yu6__A1_P00780--1yu6__C1_P68390,0.9603796649169482,0.5,False
6ek1__A1_A0A452CST7--6ek1__A2_A0A452CST7,0.9758176645489743,0.5,True
6ckj__A1_P0A0Z8--6ckj__A2_P0A0Z8,0.9766111495882942,0.5,True
7yj0__B1_UNDEFINED--7yj0__A1_UNDEFINED,0.9345561900546256,0.5,True
1w33__A1_O50957--1w33__B1_O50957,0.9705608489087308,0.5,True
4usk__B1_H7C745--4usk__B2_H7C745,0.9119263790937595,0.5,True
6cmv__B1_Q4J9G1--6cmv__A1_Q4J9G1,0.9814808273636643,0.5,True
7y70__A1_F4KCC2--7y70__A2_F4KCC2,0.8499036071098155,0.5,True
3cwx__A1_P94837--3cwx__B1_P94837,0.9547712184100251,0.5,True
3p1y__A1_O29362--3p1y__B1_O29362,0.910629994575294,0.5,True
8a8i__A1_Q9R9V9--8a8i__B1_Q9R9V9,0.9913101532607421,0.5,True
5d1l__A1_P62837--5d1l__B1_Q96BH1,0.7751401515822803,0.5,False
8bcs__A1_UNDEFINED--8bcs__A2_UNDEFINED,0.915160490842048,0.5209121682887021,True
8og3__A1_P38489--8og3__B1_P38489,0.9408114999947745,0.5,True
3c07__A1_Q9KZ96--3c07__B1_Q9KZ96,0.9477010605646308,0.5,True
3iqy__A1_P28366--3iqy__A2_P28366,0.9660151764028659,0.5,True
4afi__A1_P70280--4afi__B1_P70280,0.9197670121325641,0.5,True
7e76__A1_A0A3B6LNA8--7e76__B1_A0A3B6LNA8,0.8622458379745901,0.5,True
3cqc__A1_P57740--3cqc__B1_Q8WUM0,0.9722504469931534,0.5,False
7x1k__A1_Q6DL91--7x1k__B1_Q6DL91,0.8445428797503457,0.5,True
6ydr__A1_A0A3S8UVN5--6ydr__A2_A0A3S8UVN5,0.8695072428632037,0.5,True
8egw__B1_Q6V0I7--8egw__A1_Q96JQ0,0.8669686637219105,0.5,False
8sgd__A1_P25342--8sgd__B1_P32457,0.8557165075577615,0.5,False
3ecf__A1_Q3M5E4--3ecf__B1_Q3M5E4,0.9187552982269571,0.5,True
6j94__A1_Q93VK5--6j94__B1_Q93VK5,0.9649763004549242,0.5,True
7xsh__A1_K1KV82--7xsh__B2_K1KV82,0.9775906073408117,0.5,True
7fct__B1_A0A4Y1LJC5--7fct__A1_A0A4Y1LJC5,0.9434593613574339,0.5,True
8v14__A1_G5EEF9--8v14__B1_G5EEF9,0.9555736185983827,0.5,True
6r76__A1_H3ZMH8--6r76__B1_H3ZMH8,0.9666071015288452,0.5,True
8ap0__A1_A0A5S9CYM0--8ap0__A2_A0A5S9CYM0,0.9920347630676802,0.5,True
5j10__A1_UNDEFINED--5j10__B1_UNDEFINED,0.923763192496596,0.49989607150280607,True
3qph__A1_Q9HGZ9--3qph__A2_Q9HGZ9,0.9159908312140275,0.5,True
3o6j__A1_O67987--3o6j__B1_O67987,0.9772930722573652,0.5,True
6o6z__A1_B6YWC3--6o6z__B1_B6YWC3,0.9622991800860918,0.5,True
7edp__B1_Q5JT35--7edp__A1_Q8TEK3,0.8323489832535885,0.5,False
3fil__A1_P19909--3fil__B1_P19909,0.9631362827679828,0.5747856221384666,True
6do2__A1_P11021--6do2__B1_P11021,0.9908970659794805,0.5,True
7f4q__B1_Q22GC0--7f4q__A1_I7M8B9,0.9449684440274719,0.5,False
4hfg__A1_Q9NQG5--4hfg__B1_Q9NQG5,0.927701192182508,0.5,True
7yh2__A1_A0A1Q9P883--7yh2__B1_A0A1Q9P883,0.9887637736449346,0.5,True
3axs__A1_O67010--3axs__A2_O67010,0.9702397702392651,0.5,True
3cqr__A1_Q39249--3cqr__B1_Q39249,0.9190172852610279,0.5,True
3s8k__A1_P80691--3s8k__B1_P80691,0.9157626660256024,0.5,True
4oun__A1_O31418--4oun__A2_O31418,0.9694869514277347,0.5,True
2iab__A1_Q825J7--2iab__B1_Q825J7,0.915227936825347,0.5,True
3o3n__A1_Q5U924--3o3n__B1_Q5U923,0.9610579707704627,0.5,False
6f3z__A1_P0ADC3--6f3z__B1_P61316,0.9629376708124884,0.5,False
1hr7__A1_P11914--1hr7__B1_P10507,0.948520091420053,0.5,False
8gko__B1_P28296--8gko__A1_P28296,0.9589424394475606,0.5,True
2gkv__A1_P00777--2gkv__B1_P68390,0.9636951013668807,0.5,False
8stx__A1_Q4E4E1--8stx__B1_Q4E4E1,0.984157038071714,0.5,True
4m36__A1_Q582G4--4m36__A2_Q582G4,0.9643727054296285,0.5,True
5wpu__A1_A0A076NBW8--5wpu__A2_A0A076NBW8,0.8624985444685648,0.5,True
5yps__A1_A0A0W4ZF97--5yps__B1_A0A0W4ZF97,0.9580383562373849,0.5,True
5oge__E1_P40107--5oge__A1_P40107,0.8633231669021378,0.5,True
5fey__B1_Q13049--5fey__A1_Q13049,0.8855721152918009,0.5,True
8hce__B1_Q91XB0--8hce__A1_Q91XB0,0.9375629086951577,0.519210786016669,True
1ggp__B1_Q7SIF1--1ggp__A1_Q7SIF0,0.9503356669633003,0.5,False
5z50__A1_O05926--5z50__B1_O05926,0.9775789010364011,0.5,True
6eyy__A1_A0A1S5PRR0--6eyy__B1_A0A1S5PRR0,0.8045591820252027,0.5,True
7t9u__A1_Q86WV6--7t9u__A2_Q86WV6,0.9697784567892173,0.5,True
6ey4__A1_Q5EGM3--6ey4__A2_Q5EGM3,0.9078294361257531,0.5,True
2hvg__A1_A5KBL5--2hvg__B1_A5KBL5,0.9415206958655581,0.5,True
6wp7__A1_Q82H41--6wp7__B1_Q82H41,0.9364327980410017,0.5,True
7dnu__A1_P32092--7dnu__A2_P32092,0.8310497763378141,0.5,True
3w8i__A1_Q9BUL8--3w8i__B1_Q9P289,0.9208305499097459,0.5,False
4oky__A1_Q52612--4oky__A2_Q52612,0.9435834038753099,0.5,True
7t63__B1_UNDEFINED--7t63__A1_UNDEFINED,0.8336439876269729,0.5,True
7x20__A1_P54708--7x20__B1_P07340,0.9270323805765863,0.5,False
3hnw__A1_D0VWZ2--3hnw__B1_D0VWZ2,0.9133885592793752,0.5,True
8r37__A1_A0A086IRG1--8r37__B1_A0A086IRG1,0.8391944351826897,0.4999738466366775,True
7zm5__A1_Q6WGM0--7zm5__B1_Q6WGM0,0.9769817061375854,0.5,True
2z7j__A1_P25220--2z7j__A2_P25220,0.5023349676332924,0.5,True
1rqg__A1_Q9V011--1rqg__A2_Q9V011,0.8613933830334072,0.5,True
8brl__A1_F7J213--8brl__A2_F7J213,0.9665755607185216,0.5,True
6noi__A1_UNDEFINED--6noi__B1_UNDEFINED,0.9200580609781109,0.5,True
7qiu__A1_P94538--7qiu__B1_P94538,0.9863209633591636,0.5,True
6sjs__A1_B8FUR2--6sjs__B1_B8FUR2,0.9838657288730889,0.5,True
8hlg__A1_Q9RR88--8hlg__B1_Q9RR88,0.9210932435329878,0.49997300944669365,True
6mpc__A1_B3DQP5--6mpc__B1_B3DQP5,0.9901166037177529,0.5,True
4uae__A1_O00629--4uae__B1_P31345,0.9069483296101873,0.5,False
7pcr__A1_P56185--7pcr__A2_P56185,0.934865881344158,0.5,True
3bvq__B1_Q2I6W2--3bvq__A1_Q2I6W2,0.9673478424306996,0.5,True
7a67__B1_UNDEFINED--7a67__A1_Q9V1Z9,0.8988749688292792,0.5,False
6bsu__A1_Q9LZJ3--6bsu__B1_Q9LZJ3,0.9264977234875114,0.5,True
4e5u__B1_Q9HZN8--4e5u__A1_Q9HZN8,0.976627878409434,0.5,True
8a52__A1_P23222--8a52__B1_P23222,0.9379297947166062,0.5,True
1d0v__A1_Q05603--1d0v__A2_Q05603,0.9826967737006376,0.5,True
3gwq__A1_Q145Q0--3gwq__B1_Q145Q0,0.8917120859813956,0.5,True
1yhc__A1_O67648--1yhc__B1_O67648,0.9222554667036811,0.5,True
7lxs__A1_Q8ZMZ2--7lxs__C1_Q8ZMZ2,0.9384836643872788,0.5,True
6w08__B1_Q9KL63--6w08__A1_Q9KL63,0.9351095164715374,0.5,True
7wrm__A1_D0IVL9--7wrm__B1_D0IVL9,0.9137325672992289,0.5,True
2yww__B1_Q58801--2yww__A1_Q58801,0.9879060684958942,0.5,True
3lm6__A1_P40869--3lm6__B1_P40869,0.975532505271034,0.5,True
7trw__A1_A0A380PDL3--7trw__A2_A0A380PDL3,0.8382613311293903,0.5,True
8syc__A1_Q13370--8syc__B1_Q13370,0.9222499920610348,0.5,True
1gk6__A1_P03069--1gk6__B1_P03069,0.9216012494906967,0.5,True
1reo__A1_Q6STF1--1reo__A2_Q6STF1,0.9736416402482477,0.5,True
6s3b__A1_Q88JK6--6s3b__B1_Q88JK6,0.9714257645292128,0.5,True
7tl5__A1_A0A3F3B310--7tl5__B1_A0A3F3B310,0.9091784420589866,0.5,True
2asf__A1_P9WLL7--2asf__A2_P9WLL7,0.8858802580691637,0.5,True
8ilj__A1_A0A242MJ43--8ilj__B1_A0A242MJ43,0.9794094616491803,0.5,True
8ezg__A1_P01116--8ezg__B1_UNDEFINED,0.9222757112396308,0.5,False
7uh4__A1_UNDEFINED--7uh4__B1_UNDEFINED,0.94933672472506,0.5,True
4usc__A1_A0A0A0Y4H8--4usc__B1_A0A0A0Y4H8,0.9709995303647896,0.5,True
5yp3__A1_Q6F3I7--5yp3__B1_Q6F3I7,0.9926625309071876,0.5,True
8aid__A1_Q9HWJ8--8aid__B1_Q9HWJ8,0.9614115922299596,0.5,True
7yp6__B1_E5L4T5--7yp6__A1_E5L4T5,0.931868938666595,0.5,True
4aql__A1_Q9Y2T3--4aql__A2_Q9Y2T3,0.9660220015067258,0.5,True
3idf__A1_O34252--3idf__B1_O34252,0.9075316711590297,0.5,True
8fjr__A1_D1A807--8fjr__B1_D1A807,0.8785926110921117,0.5,True
7z56__B1_F0NGX6--7z56__A1_F0NGX6,0.9911953376224809,0.5,True
7olf__A1_A9CEY7--7olf__B1_A9CEY7,0.9744984003720326,0.5,True
6ikj__A1_Q9I4L6--6ikj__B1_Q9I4L6,0.5491311566131709,0.5,True
8b2q__A1_D0EM77--8b2q__B1_G8UM88,0.9739451719627471,0.5,False
5x42__A1_Q5ZYB7--5x42__B1_Q5ZYC6,0.9458172968925496,0.5,False
1vkh__A1_Q04066--1vkh__B1_Q04066,0.9305645737004922,0.5,True
5omd__A1_Q04377--5omd__A2_Q04377,0.8476599096298139,0.5,True
2vsg__A1_P26329--2vsg__B1_P26329,0.9442626669054885,0.5,True
1jql__A1_P0A988--1jql__B1_P28630,0.9752661159527904,0.5,False
1w9c__A1_O14980--1w9c__B1_O14980,0.9916440881406225,0.5,True
7n35__A1_UNDEFINED--7n35__B2_UNDEFINED,0.9003298289012575,0.5,True
3upl__A1_Q2YIM3--3upl__B1_Q2YIM3,0.9799742540347594,0.5,True
3tm2__A1_Q83XN4--3tm2__B1_Q83XN4,0.944849358034627,0.5,True
3kxa__A1_Q5F9C2--3kxa__B1_Q5F9C2,0.8879403961675396,0.5,True
7yls__B1_C5CSP6--7yls__A1_C5CSP7,0.915371801033384,0.5,False
7psg__A1_Q6D515--7psg__B1_Q6D515,0.9657692891253998,0.5,True
8pte__A1_P00698--8pte__A2_P00698,0.9341808872579491,0.5,True
7ytu__B1_P68623--7ytu__A1_P68458,0.8840399798128629,0.5,False
7ykc__A1_P14843--7ykc__B1_P14843,0.9623811923005294,0.5,True
3wxe__A1_E7FEV5--3wxe__B1_P0CG48,0.9105360707157114,0.5,False
7zr3__A1_A0A8E4HNI8--7zr3__B1_A0A8E4HNI8,0.9679872913700462,0.5,True
2vjf__A1_Q00987--2vjf__B1_O15151,0.8537217496870521,0.5,False
7pvo__A1_P56137--7pvo__A2_P56137,0.9732374198312009,0.5,True
3kkd__A1_Q9HXU1--3kkd__A2_Q9HXU1,0.9044584951886615,0.5,True
3mph__A1_P19801--3mph__B1_P19801,0.9176705577559234,0.5,True
6jc4__A1_A6TE44--6jc4__D1_A6TE44,0.9059796734291109,0.5,True
2rf4__A1_P46669--2rf4__B1_P50106,0.9080711657120721,0.5,False
4huz__A1_Q9ZBB0--4huz__A2_Q9ZBB0,0.9194870908571116,0.5,True
5gtj__B1_Q9BV47--5gtj__A1_Q9BV47,0.9716334608690543,0.5,True
2xw7__A1_A0QP85--2xw7__B1_A0QP85,0.9475011595547309,0.5,True
6l6h__A1_Q5ZZ22--6l6h__B1_Q5ZZ22,0.9565615817729813,0.5,True
8p7m__A1_P0A434--8p7m__A2_P0A434,0.9791448981571151,0.5,True
6dm9__A1_UNDEFINED--6dm9__B1_UNDEFINED,0.8772167021838377,0.5,True
6gou__A2_P97275--6gou__C1_P97275,0.933548804443647,0.5,True
2wwo__A1_Q66ED7--2wwo__B1_Q66ED7,0.9573538322620505,0.5,True
8i3n__A1_Q12178--8i3n__C1_Q12178,0.9748260201147739,0.5,True
1s7i__A1_Q9I3Z5--1s7i__A2_Q9I3Z5,0.8147235180895834,0.5,True
3szw__A1_B7JBP8--3szw__A2_B7JBP8,0.986301242002781,0.5,True
5x7r__A1_A0A193PKW5--5x7r__B1_A0A193PKW5,0.9271455639924975,0.5,True
2nys__A1_Q8U561--2nys__B1_Q8U561,0.9721392409043742,0.5,True
3gr5__A1_O52135--3gr5__A2_O52135,0.8603409940342708,0.5,True
3ded__A1_Q7P1I2--3ded__B1_Q7P1I2,0.7364631964745407,0.5,True
5b5x__A1_Q75NZ1--5b5x__A2_Q75NZ1,0.8397396816464031,0.5,True
7qga__A1_P21589--7qga__A2_P21589,0.992790304630466,0.5,True
3sd2__A1_Q8A1T7--3sd2__A2_Q8A1T7,0.653446516637379,0.5,True
8ow9__A1_G8UQH9--8ow9__B1_G8UQH9,0.9611462888471861,0.5,True
3bcw__B1_A0A0H3LK92--3bcw__A1_A0A0H3LK92,0.9413532993454419,0.5,True
6duy__A1_Q61301--6duy__B2_Q61301,0.9365447273046178,0.5,True
5zyf__A1_Q99ZW0--5zyf__B1_Q99ZW0,0.877554666999875,0.5041209546420092,True
1mml__A1_P03355--1mml__A2_P03355,0.9260288620829462,0.5,True
2b7o__A1_O53512--2b7o__B1_O53512,0.9394396806520485,0.5,True
1v57__A1_P77202--1v57__A2_P77202,0.979127848709963,0.5,True
2hsa__B1_Q9FEW9--2hsa__A1_Q9FEW9,0.9708925358921318,0.5,True
4tsd__A1_O25673--4tsd__B1_O25673,0.9704426870168887,0.5,True
7qh0__B1_P48499--7qh0__A1_P48499,0.9797022285751043,0.5,True
1ayf__B1_P00257--1ayf__A1_P00257,0.9660105899342141,0.5,True
3neu__A1_Q92AT3--3neu__A2_Q92AT3,0.9163948891328848,0.5,True
8f9x__A1_Q5LVE1--8f9x__B1_Q5LVE1,0.9672725665395796,0.5,True
6ne2__A1_UNDEFINED--6ne2__B1_O75084,0.9559059272677167,0.5,False
2b4h__A1_P12473--2b4h__B1_P12473,0.8809416026783905,0.5,True
3pui__A1_Q9L9D7--3pui__A2_Q9L9D7,0.9695496993221995,0.5,True
1myl__A1_P03050--1myl__B1_P03050,0.8434907570710041,0.5047565603121159,True
1rqi__A1_P22939--1rqi__B1_P22939,0.9816777149362899,0.5,True
3x1b__A1_UNDEFINED--3x1b__B1_UNDEFINED,0.9834225423159675,0.5,True
6pya__A1_P04278--6pya__A2_P04278,0.8986178100838095,0.5,True
1r27__A1_P09152--1r27__B1_P11349,0.9523292923219775,0.5,False
7zuv__A1_A0A2K3DY10--7zuv__D2_A0A2K3DY10,0.8577352387412698,0.5,True
2aho__A1_Q980A5--2aho__B1_Q97Z79,0.9448103038153587,0.5,False
6mni__A1_A0A2V0QX35--6mni__B1_A0A2V0QX35,0.9873541011565314,0.5,True
4kif__B1_Q643C8--4kif__A1_Q643C8,0.9785865138068375,0.5,True
7vyu__A1_A0A022MLV4--7vyu__B1_A0A022MLV4,0.9187654244458485,0.5024752475247525,True
7vmv__B1_Q5I3B6--7vmv__A1_Q58HT7,0.72167267863973,0.5,False
3g23__A1_Q2G8F3--3g23__B1_Q2G8F3,0.979544294585446,0.5,True
3ui3__A1_O05728--3ui3__B1_O05728,0.9282201429127167,0.5,True
8ohy__A1_Q556V8--8ohy__A2_Q556V8,0.9756176303501406,0.5,True
5zgo__A1_Q5SHW6--5zgo__B1_Q5SHW6,0.9313817564718779,0.5,True
5uph__B1_Q14108--5uph__A1_Q14108,0.9721806923598082,0.5,True
6u3w__A1_P53622--6u3w__B1_P40509,0.9702394150687137,0.5,False
2gsv__B1_P71066--2gsv__A1_P71066,0.900731822474032,0.5,True
7yh1__A1_A0A5B9DB95--7yh1__B1_A0A5B9DB95,0.9549065472424778,0.5,True
6c6r__A1_Q14534--6c6r__B1_Q14534,0.9950575846921758,0.5,True
6p4o__B1_Q970I1--6p4o__A1_Q970I2,0.9451779046940738,0.5,False
8i8y__B1_UNDEFINED--8i8y__A1_UNDEFINED,0.5370170731317777,0.5,True
2oys__A1_A0A0H2URW2--2oys__B1_A0A0H2URW2,0.9466155804777546,0.5,True
8i85__A1_D2B3F1--8i85__B1_D2B3F1,0.8131586716641941,0.5,True
2b0a__A1_Q58193--2b0a__A2_Q58193,0.9696531636474717,0.5,True
3ayh__B1_O94285--3ayh__A1_Q9C0Z9,0.856351635283957,0.5,False
7yji__A1_UNDEFINED--7yji__A2_UNDEFINED,0.9936455643707642,0.5,True
2g38__B1_Q79FE1--2g38__A1_Q7D756,0.9064408716899052,0.5,False
2z6k__A1_P15927--2z6k__C1_P35244,0.8643699871342148,0.5,False
3p8b__B1_Q8TZK1--3p8b__A1_Q8U440,0.8709609265623012,0.5,False
6z68__A1_A0A1M6Y2K1--6z68__B1_A0A1M6Y2K1,0.9288251965029052,0.5,True
5yz5__A1_Q16555--5yz5__A2_Q16555,0.9432587321428537,0.5,True
6dk9__A1_A7A1Y4--6dk9__A2_A7A1Y4,0.9487084694598881,0.5,True
6fls__A1_UNDEFINED--6fls__B1_UNDEFINED,0.986218148251508,0.5,True
2p19__A1_Q8NTZ4--2p19__C1_Q8NTZ4,0.8691497814858958,0.5,True
8ai1__B1_Q45595--8ai1__A1_Q45595,0.9261836668879826,0.5,True
7px0__B1_Q9VF53--7px0__A1_Q9VF53,0.9751669367867207,0.5,True
4cmz__B1_Q9BXM0--4cmz__A1_Q9BXM0,0.8320951883362844,0.5167947730325407,True
8gyz__B1_Q93ZE2--8gyz__A1_Q93ZE2,0.9609955217173987,0.5,True
5j1l__B1_O26069--5j1l__A1_O26068,0.9764893990842617,0.5,False
7ubk__B1_P03047--7ubk__A1_P03047,0.807204446939221,0.5,True
6j26__A1_Q5JIZ3--6j26__B1_Q5JIZ3,0.9641584447524338,0.5,True
8ic1__A1_UNDEFINED--8ic1__B1_UNDEFINED,0.8523285840595085,0.5,True
6jqv__A1_Q8LC68--6jqv__B1_Q8LC68,0.9629560259798084,0.5,True
2ns9__A1_Q9Y9R3--2ns9__B1_Q9Y9R3,0.9696985783942306,0.5,True
5l8s__A1_E1VFE0--5l8s__C1_E1VFE0,0.9731712756551959,0.5,True
6zrw__A1_B3VS76--6zrw__B1_B3VS76,0.945276402640264,0.5,True
5fcn__B1_Q66GS9--5fcn__A1_Q66GS9,0.9511205485059353,0.5,True
7vl1__A1_I0AIT9--7vl1__B1_I0AIT9,0.9753301561214036,0.5,True
2rek__B2_Q9ADD9--2rek__A1_Q9ADD9,0.9806668138692619,0.4999833355552593,True
2zrt__A1_O75340--2zrt__B1_O75340,0.933966120721687,0.5,True
8h3t__A1_UNDEFINED--8h3t__B1_UNDEFINED,0.9522905363013988,0.5,True
2f1m__A1_P0AE06--2f1m__B1_P0AE06,0.7213349705608201,0.5,True
3t5t__B1_Q15JG1--3t5t__A1_Q15JG1,0.9307335114982219,0.5,True
4z9r__B1_Q8EGK4--4z9r__A1_Q8EGK4,0.9603037479900493,0.5,True
2oze__A1_Q57280--2oze__A2_Q57280,0.9796397190230342,0.5,True
1x6m__A1_Q51669--1x6m__D1_Q51669,0.8590898712612185,0.5,True
4pfc__A1_P14735--4pfc__B1_P14735,0.9696228512260395,0.5,True
6byi__A1_Q8PI23--6byi__B1_Q8PI23,0.9367961997314667,0.5,True
3aaa__A1_P13127--3aaa__B1_P14315,0.9615565055681715,0.5,False
1xgm__A1_P56218--1xgm__B1_P56218,0.9591053357865686,0.5,True
5mrv__A1_Q8IVL8--5mrv__C1_P86912,0.9164874950698314,0.5,False
5e4v__A1_Q89933--5e4v__A2_Q89933,0.9384658971055906,0.5,True
1vhq__A1_P0ABU5--1vhq__B1_P0ABU5,0.9781128965326448,0.5,True
2pqv__B1_A0A0H2UMZ7--2pqv__A1_A0A0H2UMZ7,0.9440801627156472,0.5,True
1zva__A1_P59594--1zva__A2_P59594,0.9407379754325905,0.4999096494398265,True
8pq4__A1_P69782--8pq4__A2_P69782,0.9150447227191415,0.5,True
8a14__A1_A0A0D1E4Q7--8a14__C2_A0A0D1E4Q7,0.8887649639572653,0.5,True
1dtd__A1_P48052--1dtd__B1_P81511,0.9553428836374073,0.5,False
3c6n__B1_Q570C0--3c6n__A1_Q39255,0.9086183494222617,0.5,False
3ctz__A1_Q9NQW7--3ctz__A2_Q9NQW7,0.9768972648575986,0.5,True
1wab__A1_Q29460--1wab__A2_Q29460,0.9468368161412035,0.5,True
1zl5__A1_Q00496--1zl5__B1_Q00496,0.8719727168433299,0.5,True
5dbj__A1_Q4KCZ0--5dbj__A2_Q4KCZ0,0.9826065324700672,0.5,True
7qsq__B1_Q9X053--7qsq__A1_Q9X053,0.9367585544980063,0.5078222795808259,True
7duc__B1_Q2G2U4--7duc__A1_Q2G2U4,0.9055761494252874,0.5,True
2cdu__A1_Q9F1X5--2cdu__B1_Q9F1X5,0.9726030037076703,0.5,True
8g0f__A1_Q6NK15--8g0f__B1_Q6NK15,0.8863769363278774,0.5,True
8a45__B1_B7V7R4--8a45__A1_B7V7R4,0.8854841639920064,0.5,True
6no3__A1_B3FHP0--6no3__B1_B3FHP0,0.8581329165328557,0.5,True
3g7p__A1_B7JA91--3g7p__A2_B7JA91,0.9459861711783865,0.5,True
8khq__A1_A0A1I5R890--8khq__C1_A0A1I5R890,0.921139859811703,0.5,True
7owz__B1_Q9JMA2--7owz__A1_B8ZXI1,0.9301117633679772,0.5,False
7xbe__A1_UNDEFINED--7xbe__A2_UNDEFINED,0.908515100394033,0.5,True
6dk7__D1_Q9HUV7--6dk7__A1_Q9HUV7,0.9828741133727021,0.5,True
4hsl__A1_Q1LCS4--4hsl__A2_Q1LCS4,0.967745436457093,0.5,True
8b3s__A1_O31597--8b3s__B1_A0A164W157,0.8738919082301304,0.5,False
5euv__A1_D1LZK0--5euv__B1_D1LZK0,0.9406110309155972,0.5,True
8gz4__A1_A0A7H0DN78--8gz4__A2_A0A7H0DN78,0.9865975582844352,0.5,True
7tmg__A1_A0A0H3GLR2--7tmg__B1_A0A0H3GLR2,0.9634825916320489,0.5,True
4hsr__B1_UNDEFINED--4hsr__A1_UNDEFINED,0.9139411215462055,0.5,True
7tgn__B1_A0A1Q5L7T0--7tgn__A1_A0A1Q5L7T0,0.973234366357622,0.5,True
4fz2__A1_C7DIA5--4fz2__B1_C7DIA5,0.9281550347612243,0.5,True
6j2l__A1_P37793--6j2l__B1_P37793,0.9248870532229511,0.5,True
5grk__A1_Q89XR0--5grk__B1_Q89XR0,0.9505665057733692,0.5,True
3qxs__A1_O24872--3qxs__A2_O24872,0.9501340046504235,0.5,True
8q3y__A1_E8URK0--8q3y__B1_E8URK0,0.9881748623109918,0.5,True
1pyb__A1_O66738--1pyb__B1_O66738,0.8800275443379522,0.5,True
7yto__A1_Q9RHU9--7yto__B1_Q9RHU9,0.961202348360029,0.5,True
5vae__A1_Q9AET9--5vae__B1_Q9AET7,0.8829432398408747,0.5,False
1zrs__A1_Q9HTZ1--1zrs__B1_Q9HTZ1,0.9724088402909697,0.5,True
2cg5__A1_Q9NRN7--2cg5__B1_P49327,0.9543881179395198,0.5,False
4yk8__B1_O36019--4yk8__A1_O13978,0.9117402299312317,0.5,False
2iml__A1_O28442--2iml__C1_O28442,0.9231537464716172,0.5,True
6iru__A1_Q9RVF9--6iru__A2_Q9RVF9,0.990756774820756,0.4999756957102929,True
4x36__A1_P06653--4x36__A2_P06653,0.992192795408722,0.5,True
8iev__A1_Q0PAW2--8iev__B1_Q0PAW2,0.9400426048171275,0.5,True
3cyg__A1_A7HM60--3cyg__B1_A7HM60,0.6571137890216755,0.5,True
5kvr__A1_P0ACL9--5kvr__A2_P0ACL9,0.8037321071204876,0.5,True
1na8__A1_Q9UJY5--1na8__B1_Q9UJY5,0.9732192908903428,0.5,True
5fis__A1_H9IUR0--5fis__B1_H9IUR0,0.9427609083954616,0.5,True
5yo8__A1_A0A094YZ24--5yo8__B1_A0A094YZ24,0.9883847899289611,0.5,True
7z6m__A1_A0A0H3LM39--7z6m__A2_A0A0H3LM39,0.9298592464355255,0.5,True
7vua__A1_UNDEFINED--7vua__B1_UNDEFINED,0.9944432705935364,0.5,True
2yxd__A1_Q57836--2yxd__B1_Q57836,0.923768923606261,0.5,True
1aua__A1_P24280--1aua__A2_P24280,0.9953629306086245,0.5,True
7zw3__A1_P27338--7zw3__B1_P27338,0.904501165534531,0.5,True
5xjx__I1_C0LGW6--5xjx__A1_Q9SSD1,0.7205997180871785,0.5,False
7xca__A1_W5X1V8--7xca__B1_W5X1V8,0.9755488504299217,0.5,True
7xub__A1_Q96KQ7--7xub__B1_Q96KQ7,0.941016470369596,0.5,True
5xlu__A1_Q65KZ6--5xlu__B1_A9YTT0,0.8810256854346257,0.5,False
8smq__A1_Q182N1--8smq__B1_Q182N1,0.8865831428488758,0.5150104268487266,True
8eni__A1_A0A0H3JRH8--8eni__A2_A0A0H3JRH8,0.9398832454156664,0.5,True
1q77__A1_O66565--1q77__B1_O66565,0.9510414837660602,0.5,True
5xor__A1_A9YPG7--5xor__E1_A9YPG7,0.8546968403074295,0.5,True
6nbp__A1_A0A4P1LYI6--6nbp__A2_A0A4P1LYI6,0.9917276181963077,0.5,True
4wu2__A1_Q7WUJ1--4wu2__B1_Q7WUJ1,0.9659965383083663,0.5,True
2nvn__A1_Q31MH7--2nvn__A2_Q31MH7,0.9312964784908166,0.5,True
3zyh__A1_Q05097--3zyh__B1_Q05097,0.9510482200837531,0.5,True
8a21__A1_A0QJI1--8a21__A2_A0QJI1,0.9760920547795743,0.5,True
8ho2__A1_A0A191T7N6--8ho2__B1_A0A191T7N6,0.9077526390565088,0.5,True
2j8q__A1_O43809--2j8q__B1_O43809,0.854908119893165,0.5,True
1cx8__A1_P02786--1cx8__B1_P02786,0.9777291118161078,0.5,True
5zfk__A1_Q31LX1--5zfk__B1_Q31LX1,0.9830611393789512,0.5,True
2qti__A1_Q8EF26--2qti__A2_Q8EF26,0.8591919087156854,0.512077002414248,True
5djo__B1_Q9EQW7--5djo__A1_Q9EQW7,0.9586584398614475,0.5,True
1kve__B1_P19972--1kve__A1_P19972,0.7934542690985991,0.5,True
4kjq__A1_P37019--4kjq__B1_P37019,0.9411864915850392,0.5,True
8qyw__A1_Q9NVS9--8qyw__A2_Q9NVS9,0.8971746059860869,0.5,True
4djb__A1_P04489--4djb__B1_P04489,0.8825626072710251,0.5,True
7t1e__A1_P78556--7t1e__B1_P78556,0.7664145734948554,0.506578947368421,True
2ev4__A1_P9WMU9--2ev4__B1_P9WMU9,0.9373067315392317,0.5,True
4m1j__A1_Q9I194--4m1j__B1_Q9I194,0.9489833125405491,0.5,True
8bj3__A1_A0A072U7F9--8bj3__B1_A0A072U7F9,0.9687814317728383,0.5,True
5fcl__A1_Q6D0X0--5fcl__B1_Q6D0X0,0.9700887330579471,0.5,True
2evr__A1_B2J9B4--2evr__A2_B2J9B4,0.6080989855113342,0.5,True
4ftw__A1_Q3J2V1--4ftw__A2_Q3J2V1,0.8985329848540226,0.5,True
2q6q__B1_P36094--2q6q__A1_P36094,0.9203019823292441,0.5,True
8hx8__A1_Q6L8Q5--8hx8__B1_Q6L8Q5,0.9631209651577747,0.5,True
7zgn__A1_U6RE59--7zgn__B1_U6RE59,0.9608713786685277,0.5,True
7fiw__A1_B3CP63--7fiw__B1_Q73HD5,0.8768295763108025,0.5,False
4xd9__A1_C8VMF9--4xd9__B1_Q5B6T5,0.9085749130698951,0.5,False
3dme__A1_Q7VU70--3dme__B1_Q7VU70,0.9080902516213153,0.5,True
8d0m__A1_P28907--8d0m__A2_P28907,0.9432379433337321,0.5,True
2w6a__A1_Q9Z272--2w6a__B1_Q9Z272,0.9336550583044437,0.5,True
6oje__B1_Q5S007--6oje__A1_Q5S007,0.9442422141330099,0.5,True
7mu0__A1_P9WQK3--7mu0__B1_P9WQK3,0.8390668173078829,0.5,True
4az3__A1_P10619--4az3__B1_P10619,0.8565210093485437,0.5,True
7ug8__B1_Q0I6F8--7ug8__A1_Q0I6F8,0.9620982382381246,0.5,True
6mxv__B1_Q5NFU2--6mxv__A1_Q5NFU2,0.7620181514968304,0.5,True
8ug3__B1_P50053--8ug3__A1_P50053,0.9808650861660487,0.5,True
7veo__A1_UNDEFINED--7veo__B1_UNDEFINED,0.9432684685953037,0.5,True
4atm__A1_P49418--4atm__A2_P49418,0.9779619166742268,0.5,True
7x6f__B1_P0AD45--7x6f__A1_P0AD45,0.9669590371403481,0.5,True
1nkn__B1_Q17042--1nkn__A1_Q17042,0.9256254532269761,0.5,True
7pjo__B1_UNDEFINED--7pjo__A1_UNDEFINED,0.9358984393596702,0.5,True
5n0s__B1_A0A2R2JFI5--5n0s__A1_A0A2R2JFI5,0.8749699553113284,0.5,True
6m9g__A1_Q5D6Y4--6m9g__B2_Q5D6Y4,0.9802961297513356,0.5,True
7zvz__A1_G1UBD5--7zvz__B1_G1UBD5,0.8652233564537009,0.5,True
3b5m__B1_Q7UTD8--3b5m__A1_Q7UTD8,0.9028840120620505,0.5,True
6v0a__B1_B3E641--6v0a__A1_B3E641,0.9766976121080795,0.5,True
3bpj__C1_O75822--3bpj__A1_O75822,0.8152323232323233,0.5,True
8tn8__B1_A0A482N9T7--8tn8__A1_A0A482N9T7,0.9774432075043633,0.5,True
7y51__A1_Q8RBF4--7y51__A2_Q8RBF4,0.8581876551015221,0.5,True
6zef__A1_P62136--6zef__C1_Q9C0D0,0.8306637548252193,0.5,False
6u11__A1_A0A1L8HDP6--6u11__A2_A0A1L8HDP6,0.9817114246487851,0.5,True
8i5w__A1_Q8BZN6--8i5w__B1_P63000,0.9210836677792058,0.5,False
3rv1__B1_A7TR32--3rv1__A1_A7TR32,0.8637011045681768,0.5,True
8i59__A1_UNDEFINED--8i59__B1_UNDEFINED,0.9421756905768834,0.5,True
8g1h__A1_UNDEFINED--8g1h__A2_UNDEFINED,0.9392249250115076,0.5,True
7vwk__A1_L8PIV2--7vwk__B1_L8PIV2,0.953886929936683,0.5,True
4k3z__A1_Q8YCV0--4k3z__A2_Q8YCV0,0.9314308955383501,0.5,True
5v5t__A1_Q830T5--5v5t__D1_Q830T5,0.8628883646250021,0.5,True
6fp5__B1_Q960Q9--6fp5__A1_Q960Q9,0.8757118894524543,0.5,True
2ikb__A1_Q7DDI9--2ikb__C1_Q7DDI9,0.9795795399849576,0.5,True
7zam__A1_Q07666--7zam__B1_Q07666,0.9660895360150811,0.5,True
3o10__A1_Q9NZJ4--3o10__B1_Q9NZJ4,0.8217799047688107,0.5,True
3egv__A1_Q84BQ9--3egv__B1_Q5SLP6,0.8863595549544767,0.5,False
2g9w__A1_P9WMJ5--2g9w__B1_P9WMJ5,0.9039532198807617,0.5,True
2afv__A1_Q8EXP7--2afv__B1_Q8EXP7,0.9389292521928863,0.5,True
7w93__A1_A0A140N873--7w93__A2_A0A140N873,0.9729603345763085,0.5,True
1wl3__B1_Q9X1M1--1wl3__A1_Q9X1M1,0.9689157342597818,0.5,True
4kbx__A1_P45550--4kbx__A2_P45550,0.9289581425792779,0.5,True
8brn__C1_P80366--8brn__A1_P80366,0.9173268789005058,0.5,True
8h5a__A1_P67661--8h5a__B1_P67661,0.9144089266983733,0.5,True
8b4l__B1_D5SK09--8b4l__A1_D5SK09,0.8552595325881363,0.5,True
3r24__A1_P0C6X7--3r24__B1_P0C6U8,0.8273862468945691,0.5,False
1nrj__B1_P36057--1nrj__A1_P32916,0.9276435016546437,0.5,False
4rdw__A1_Q9HU77--4rdw__A2_Q9HU77,0.9571051840058942,0.5,True
7vpr__A1_Q6FX18--7vpr__B1_Q6FX18,0.9928921101150741,0.5,True
5a6k__A1_A0A0H2US73--5a6k__B1_A0A0H2US73,0.9868016111695036,0.5,True
7ucd__B1_P17535--7ucd__A1_P53539,0.9263668841255048,0.5,False
1qc9__A1_P00642--1qc9__A2_P00642,0.8730640673541613,0.5,True
3ooc__A1_P77239--3ooc__B1_P77239,0.9406321520764972,0.5,True
8pm1__A1_B8GAY9--8pm1__B1_B8GAY9,0.9329922027290448,0.5,True
1vbg__A1_P11155--1vbg__A2_P11155,0.9882391352930734,0.5,True
4ovo__A1_P67954--4ovo__A2_P67954,0.875911491904828,0.5,True
2qgs__A1_A0A0H2VIU2--2qgs__B1_A0A0H2VIU2,0.9629432503721501,0.5,True
8cnx__A1_Q68T42--8cnx__B1_Q68T42,0.9267546658818965,0.5,True
8bol__A1_Q04609--8bol__A2_Q04609,0.9816370249618155,0.5,True
3mii__B1_Q08914--3mii__A1_Q08914,0.9003439345307792,0.5,True
3i23__A1_Q835X4--3i23__B1_Q835X4,0.8171074820546895,0.5,True
3itf__A1_P0AE85--3itf__B1_P0AE85,0.8526098427498539,0.5,True
8d05__A1_UNDEFINED--8d05__A2_UNDEFINED,0.9451386699340276,0.5,True
6mw5__A1_K3WC47--6mw5__A2_K3WC47,0.9252488634902827,0.5,True
5vht__A1_P0A9J8--5vht__B1_P0A9J8,0.904474895480263,0.5,True
6j6x__B1_P53611--6j6x__A1_Q7Z6K3,0.9521546439254325,0.5,False
4tvb__A1_O32323--4tvb__B1_O32323,0.9555741685483516,0.5,True
3nkh__B1_UNDEFINED--3nkh__A1_UNDEFINED,0.9716981972894116,0.5,True
3jyu__A1_P35123--3jyu__B1_P35123,0.9588036531207706,0.5,True
8dtc__A1_L8GT25--8dtc__B1_L8GT25,0.9253656252701232,0.5,True
7n1j__A1_P22455--7n1j__B1_UNDEFINED,0.971737224213751,0.5,False
8fny__A1_O00418--8fny__B1_P0DP23,0.8667732080609035,0.5,False
7v0b__A1_A0A1E7MYN1--7v0b__B1_A0A1E7MYN1,0.9697364468676893,0.5,True
2vvo__A1_P9WKD7--2vvo__B1_P9WKD7,0.8919085040175956,0.5,True
5yjh__A1_Q15063--5yjh__A2_Q15063,0.9282781770677165,0.5,True
2z5e__A1_Q9BT73--2z5e__B1_Q9BT73,0.942117269193569,0.5,True
1a8l__A1_Q51760--1a8l__A2_Q51760,0.9840059178987617,0.5,True
8h0r__A1_Q9WVJ5--8h0r__B1_Q9WVJ5,0.8989677511778938,0.5,True
2j7j__A1_P03001--2j7j__A2_P03001,0.7810330441263437,0.5,True
8u1v__A1_K4L8Z7--8u1v__B1_K4L8Z7,0.9627566100873265,0.5,True
7zbg__A1_Q02880--7zbg__A2_Q02880,0.9626127881977424,0.5,True
1rku__A1_Q9I2Y2--1rku__B1_Q9I2Y2,0.958768544336527,0.5,True
2wvl__A1_Q72K30--2wvl__B1_Q72K30,0.8712886345935713,0.5,True
6kfs__A1_B7FR28--6kfs__A2_B7FR28,0.8762700696460073,0.5,True
3shg__A1_E6Z0R3--3shg__B1_E6Z0R4,0.9405636232125967,0.5,False
7zal__A1_E3T5W0--7zal__E2_E3T5W0,0.9625551684899969,0.5,True
4wjm__A1_Q2YNY7--4wjm__A2_Q2YNY7,0.990703267895235,0.5,True
8hmo__A1_A0A0H4P0S7--8hmo__B1_A0A0H4P0S7,0.9710963560948036,0.5,True
7f9g__B1_C0HM62--7f9g__A1_C0HM62,0.9543684321586832,0.5,True
8dfk__A1_P39694--8dfk__B1_P39694,0.7462344466273739,0.5,True
6n91__A1_Q9KNI7--6n91__B1_Q9KNI7,0.9135692490897815,0.5,True
4oyd__A1_P0C6Z1--4oyd__B1_UNDEFINED,0.9075781500863361,0.5,False
1dev__A1_Q15796--1dev__B1_O95405,0.8015516542665945,0.5,False
8c9j__B1_P15559--8c9j__A1_P15559,0.9550358502130438,0.5,True
3rd7__B1_A0A0H2ZY91--3rd7__A1_A0A0H2ZY91,0.9473128603886589,0.5,True
5x1j__A1_G2IQS7--5x1j__A2_G2IQS7,0.9581100065104049,0.5,True
3r2p__A1_P02647--3r2p__A2_P02647,0.9323403166459371,0.5,True
1pdk__A1_P15319--1pdk__B1_P62532,0.9110202882657057,0.5,False
7bjg__A1_Q8IGY1--7bjg__A2_Q8IGY1,0.7901966544384578,0.5,True
3kcp__A1_Q06851--3kcp__B1_A3DF10,0.9479175306375599,0.5,False
7bbq__A1_Q6I6B7--7bbq__A2_Q6I6B7,0.9127980721725366,0.5,True
3dpj__E1_Q5LS67--3dpj__F1_Q5LS67,0.830650785539361,0.5,True
6okh__A1_Q04QG8--6okh__B1_Q04QG8,0.9282970324240095,0.5,True
7tq1__A1_P0AC13--7tq1__A2_P0AC13,0.9825365920156948,0.5111111111111111,True
7t5y__A1_P0A7E1--7t5y__B1_P0A7E1,0.9495120118706288,0.5,True
5o47__A1_J7HDY4--5o47__A2_J7HDY4,0.989520436473014,0.5,True
1oo0__A1_P49028--1oo0__B1_Q9V535,0.9536759533389003,0.5,False
3edj__A1_Q8KKG0--3edj__B1_Q8KKG0,0.9435918594174953,0.5,True
5yr0__A1_O88597--5yr0__B1_Q8K245,0.8822165916666,0.5,False
5c21__A1_P09986--5c21__B1_P09986,0.8194061888282932,0.5,True
2gok__A1_Q8U8Z6--2gok__B1_Q8U8Z6,0.9920034433301559,0.5,True
1ww1__A1_Q9WZW8--1ww1__B1_Q9WZW8,0.9738588899359075,0.5,True
1fm0__B1_P30749--1fm0__A1_P30748,0.9307959234069699,0.5,False
4jgo__B1_O31671--4jgo__A1_O31671,0.9723153186327196,0.5,True
3l2k__A1_Q8GPH0--3l2k__B1_Q8GPH0,0.8026954168316112,0.5,True
1yov__A1_Q13564--1yov__B1_Q8TBC4,0.9495515767614613,0.5,False
7zvd__A1_P11413--7zvd__A2_P11413,0.9812850987375041,0.5,True
2snw__A1_P03316--2snw__B1_P03316,0.8873550274299521,0.5,True
8grh__B1_P51553--8grh__A1_P50213,0.9532778963613634,0.5,False
1lxd__A1_Q03386--1lxd__B1_Q03386,0.9434788377338463,0.5,True
5m97__A1_Q10113--5m97__B1_Q10113,0.9330056838234907,0.5,True
7ax1__A1_Q9ULM6--7ax1__B1_Q9UIV1,0.9604351366488613,0.5,False
8d4w__A1_A0A8B4R830--8d4w__A2_A0A8B4R830,0.9208918134549124,0.5,True
7ynw__B2_Q57834--7ynw__A1_Q57834,0.9954999617548657,0.5,True
4rgp__A1_Q8DTU7--4rgp__B1_Q8DTU7,0.94218019343713,0.5,True
8twd__C1_P0AEV1--8twd__A1_W8SRD3,0.9391744614192111,0.5,False
3fb9__A1_A0A0H2US72--3fb9__B1_A0A0H2US72,0.8493320823839521,0.5,True
8a39__A1_A0A024L404--8a39__C2_A0A024L404,0.9691300589354404,0.5,True
3ps8__A1_P01034--3ps8__A2_P01034,0.8426765509168942,0.5,True
7vwp__A2_A0A136PK59--7vwp__B1_A0A136PK59,0.9977668127710754,0.5,True
3a7p__A1_Q03818--3a7p__B1_Q03818,0.9254092162221706,0.5,True
4ql6__A1_A0A0H3MDM0--4ql6__C1_A0A0H3MDM0,0.8858881867526716,0.5,True
5nck__A1_Q8RDN7--5nck__B1_Q8RDN7,0.987033841123193,0.5,True
3qt7__A1_Q9FD73--3qt7__B1_Q9FD73,0.9856120118381264,0.5,True
4aye__D1_Q9JXV4--4aye__A1_P08603,0.9314545780415973,0.5,False
7r3n__A1_P43432--7r3n__B1_P43432,0.97743192345989,0.5,True
7a0x__B1_Q8ZRZ3--7a0x__A1_Q8ZRZ3,0.9707934345024105,0.5,True
7wjk__A1_P93836--7wjk__A2_P93836,0.9115300678703178,0.5,True
7g99__B1_Q92974--7g99__A1_P61586,0.9383156209100977,0.5,False
5x8z__A1_A3QAQ5--5x8z__B1_A3QAQ5,0.9612107619639141,0.5,True
6dt3__B1_A0A1W1Q5B1--6dt3__A1_A0A1W1Q5B1,0.9637512307762388,0.5,True
2if9__A1_Q98ZP7--2if9__B1_Q98ZP7,0.8954099364490932,0.5,True
7u0r__B1_M9SC49--7u0r__A1_M9SC49,0.9621349398397677,0.5,True
7wbt__A1_Q288C4--7wbt__B1_Q288C4,0.9529318250634647,0.5,True
7txe__A1_Q8I6T6--7txe__B1_Q8I6T6,0.8128044871556138,0.5,True
6pyp__A1_P21695--6pyp__B1_P21695,0.9692580398214201,0.5,True
8b2d__A1_F5SYD3--8b2d__B1_F5SYD3,0.9430033134239418,0.5,True
1vmg__A1_Q97U11--1vmg__A2_Q97U11,0.8646550002967855,0.5,True
6b8l__B1_P0DP23--6b8l__A1_P56696,0.8937101747173689,0.5,False
8sj5__A1_A0A2I4FN75--8sj5__C1_A0A2I4FN75,0.8570857377509781,0.49960949703217744,True
3nr1__A1_Q8N4P3--3nr1__B1_Q8N4P3,0.9757303597372221,0.5,True
3h3l__A1_A6LFX0--3h3l__A2_A6LFX0,0.9588102455955363,0.5,True
7uav__A1_P0DW58--7uav__B1_P0DW58,0.7846403775628354,0.5,True
6jdh__A1_A0A2K0XYW4--6jdh__B1_A0A2K0XYW4,0.9544575307287172,0.5,True
3vjz__A1_Q9K0P4--3vjz__B1_Q9K0P4,0.9728730196527317,0.5,True
3et4__A1_Q4QMM5--3et4__A2_Q4QMM5,0.9329239051451576,0.5,True
5or3__A1_Q2UNF9--5or3__D1_Q2UNF9,0.9299433166731675,0.5,True
3fh3__B1_A0A6L8PES2--3fh3__A1_A0A6L8PES2,0.9646425968524381,0.5,True
1go3__A1_Q57840--1go3__B1_Q60351,0.9315511804905179,0.5,False
8fin__A1_UNDEFINED--8fin__B1_UNDEFINED,0.8007749904006144,0.5,True
3zxq__B1_P9WGK1--3zxq__A1_P9WGK1,0.7769927406065474,0.5,True
1zlh__A1_P00730--1zlh__B1_Q5EPH2,0.9524353428854644,0.5,False
4h1h__A1_Q8Y6P6--4h1h__B1_Q8Y6P6,0.8690304330920888,0.5,True
2gh1__A1_Q81E32--2gh1__B1_Q81E32,0.8013417051753476,0.5,True
7dl7__F1_B0VJ11--7dl7__A1_B0VJ11,0.9843944029690396,0.5035971223021583,True
7skp__B1_UNDEFINED--7skp__A1_UNDEFINED,0.955550081031014,0.5118950147208354,True
7yu0__B1_Q79F77--7yu0__A1_Q79F77,0.9607123744321302,0.4999954322882409,True
3cbu__B1_Q473P3--3cbu__A1_Q473P3,0.8813600718964649,0.5,True
8b1s__A1_B0LPL6--8b1s__A2_B0LPL6,0.9428250192141416,0.5,True
3ihk__A1_Q8DVV9--3ihk__A2_Q8DVV9,0.9707998396070037,0.5,True
4y67__A1_Q8IKG4--4y67__B1_Q8IKG4,0.9496489048679466,0.5,True
6ejp__B1_P69986--6ejp__A1_P69986,0.8160066812283181,0.5,True
1poy__A1_P0AFK9--1poy__B1_P0AFK9,0.9747638483647825,0.5,True
3a7o__A1_Q03818--3a7o__B1_Q03818,0.8755259842007133,0.5,True
4a2l__A1_Q89YR8--4a2l__B1_Q89YR8,0.9644339918056606,0.5,True
5n47__B1_P02751--5n47__A1_P80188,0.8971003709454797,0.5,False
8ejm__A1_O43143--8ejm__B1_Q8IWZ8,0.854577306589945,0.5,False
7jl6__A1_Q9L523--7jl6__B1_Q9L523,0.9048279569892473,0.5,True
1npd__B1_P0A6D5--1npd__A1_P0A6D5,0.94761834932855,0.5,True
8h0h__A1_P9WLU7--8h0h__C1_P9WLU7,0.9376382091905165,0.5,True
3t8l__A1_Q7CUX4--3t8l__B1_Q7CUX4,0.8768212848652612,0.5,True
7ol3__B1_Q8WXF7--7ol3__A1_Q8WXF7,0.8703145004969217,0.5,True
8ewa__B1_Q9HW02--8ewa__A1_Q9HW02,0.9224148218274102,0.5,True
2ft0__A1_Q8FBQ3--2ft0__B1_Q8FBQ3,0.892916988456223,0.5,True
2r01__A1_Q8KFI1--2r01__A2_Q8KFI1,0.9362507632098727,0.5,True
8hno__A1_B6YTS4--8hno__B1_B6YTS4,0.934782621974871,0.5,True
6x88__A1_P52731--6x88__B1_P52731,0.9770823219187533,0.5,True
2x76__A1_Q939Q9--2x76__A2_Q939Q9,0.9939210698764989,0.5,True
7x2p__A1_Q5ZWH7--7x2p__B1_Q5ZWH7,0.8497720159906247,0.5,True
2aeu__A1_Q57622--2aeu__A2_Q57622,0.9769408299997977,0.5,True
5kbg__A1_Q43965--5kbg__B1_Q43965,0.9639355251786982,0.5199510176091695,True
4p9g__A1_Q9REI7--4p9g__A2_Q9REI7,0.9547796122762656,0.5,True
7tcv__A1_Q60932--7tcv__A2_Q60932,0.8464641991675994,0.5,True
7vkb__A1_Q5ZSZ6--7vkb__B1_Q5ZSZ7,0.8014866789210437,0.5,False
7r2p__A1_Q46877--7r2p__A2_Q46877,0.9017158844144479,0.5,True
6ggl__B1_C9K1X5--6ggl__A1_C9K1X5,0.9039252361847625,0.5,True
7yi7__A1_Q9Y251--7yi7__B1_Q9Y251,0.8744040691333897,0.5,True
7yka__B1_Q9Y3D6--7yka__A1_Q9Y3D6,0.9223691989358558,0.5,True
8jea__A1_K1QRB6--8jea__D1_K1QRB6,0.8725153993739271,0.5,True
8huc__C1_A0A0H2Z790--8huc__A1_A0A0H2Z790,0.900017374548943,0.5,True
7unh__A1_UNDEFINED--7unh__B1_UNDEFINED,0.976262811629846,0.5,True
5mpr__A1_O15382--5mpr__A2_O15382,0.9675471418867756,0.5,True
4ooj__B1_Q5ZSK6--4ooj__A1_Q5ZSK6,0.9474331152095543,0.5,True
8a5v__A1_Q9Y617--8a5v__C1_Q9Y617,0.952374108725984,0.5,True
3lm2__A1_A9CH74--3lm2__B1_A9CH74,0.9645012719627406,0.5,True
7zwt__A1_P41182--7zwt__A2_P41182,0.9139719758127777,0.5,True
6ket__A1_A0A0A0WDC6--6ket__B1_A0A0A0WDC6,0.9596039873935999,0.5,True
5zwl__B1_Q8DLU1--5zwl__A1_Q8DLG7,0.8819498443154086,0.5,False
6wmz__A1_P23246--6wmz__B1_Q15233,0.8710028008069088,0.5,False
1i4m__A1_P04156--1i4m__A2_P04156,0.8246860204632838,0.5,True
2gjg__A1_Q88EQ6--2gjg__A2_Q88EQ6,0.8787128208610621,0.5,True
6k62__B2_A0A0H2X6K9--6k62__A1_A0A0H2X6K9,0.8097994003580596,0.5,True
4ghm__A1_Q9KTK0--4ghm__B1_Q9KTK0,0.9225285892010652,0.5,True
1tve__A1_P31116--1tve__B1_P31116,0.9664375098762334,0.5,True
6qj2__A1_G0S2G2--6qj2__B1_G0SBJ6,0.9733196995376616,0.5,False
3onx__A1_P41697--3onx__B1_P41697,0.898124434644957,0.5,True
8cp4__A1_Q6LXV7--8cp4__A2_Q6LXV7,0.9659864643701348,0.5,True
1ob9__A1_Q97YX6--1ob9__A2_Q97YX6,0.9733131349569494,0.5,True
7zcc__B1_P46327--7zcc__A1_P46327,0.9668549522098175,0.5,True
4kwd__A1_Q9UR08--4kwd__B1_Q9UR08,0.9780989044878587,0.5,True
7wuy__A1_A0A1R3S1W7--7wuy__B1_A0A1R3S1W7,0.9514981761598864,0.5,True
5gtw__A1_I3NX86--5gtw__D1_I3NX86,0.9695264906389849,0.5,True
7ekn__B1_Q5JT35--7ekn__A1_UNDEFINED,0.8680093303749217,0.5,False
8gja__B1_UNDEFINED--8gja__A1_UNDEFINED,0.9173991848937685,0.5,True
6loh__A1_O15033--6loh__A2_O15033,0.9462353227817161,0.5,True
3a9y__A1_Q68FT9--3a9y__B1_Q68FT9,0.982989773191022,0.5,True
8ay6__B1_Q9CAJ0--8ay6__A1_A0A067E666,0.9450438369428705,0.5,False
8u5m__A1_Q8TF42--8u5m__F1_Q8TF42,0.9905651014586436,0.5,True
7twa__D1_F8JJ25--7twa__A1_F8JJ25,0.9887931663009453,0.5,True
8fju__B1_P34897--8fju__A1_P34897,0.950785024089645,0.5,True
1fjj__A1_P12994--1fjj__A2_P12994,0.9219310734904042,0.5,True
7qlr__A1_A0A1J1J928--7qlr__D2_A0A1J1J928,0.9560567019628159,0.5,True
3vf0__B1_Q8IY67--3vf0__A2_P18206,0.9062322344197733,0.5,False
8ehe__A1_A0A0A7KVG3--8ehe__B1_A0A1D3UUC0,0.9699470843283124,0.5,False
6hpc__A1_P67697--6hpc__B1_P67697,0.9373965683216938,0.5,True
2x3o__A1_Q9I585--2x3o__B1_Q9I585,0.8619029535474163,0.5,True
5y40__A1_P55892--5y40__B1_P55892,0.8410998836047506,0.5,True
1y42__A1_P12063--1y42__A2_P12063,0.9911803029953677,0.5,True
2e91__A1_Q12051--2e91__B1_Q12051,0.9237195556552265,0.5,True
8ja2__A1_A0A0A1E3Q0--8ja2__A2_A0A0A1E3Q0,0.8987849848115685,0.5,True
3iuw__B1_Q8KUB7--3iuw__A1_Q8KUB7,0.9418755652436054,0.5,True
8e7y__A1_Q9RFC8--8e7y__B1_Q9RFC8,0.8483725670409392,0.5,True
4kzn__A1_P15692--4kzn__A2_P15692,0.8640372487770377,0.5,True
7z7o__A1_A0A1S4NYF2--7z7o__C1_A0A1S4NYF2,0.9458911926712776,0.5,True
8brp__A1_D8G6F7--8brp__B1_D8G6F7,0.9681683775232088,0.5,True
3qir__A1_Q8TC59--3qir__A2_Q8TC59,0.9517468347116012,0.5,True
8bay__A1_O75874--8bay__B1_O75874,0.9455064519226768,0.5,True
6mhm__B1_Q13510--6mhm__A1_Q13510,0.8896226696317319,0.5,True
8bj7__A1_P07598--8bj7__B1_P07603,0.8946997209544093,0.5,False
8b80__A1_W8QF82--8b80__B1_W8QF82,0.9594226601128804,0.5,True
5wxx__A1_Q9RNB4--5wxx__A2_Q9RNB4,0.9821045062166335,0.5225126242764917,True
8f7l__A1_P43490--8f7l__B1_P43490,0.9295347194388157,0.5,True
3cz1__A1_Q9U9J6--3cz1__B1_Q9U9J6,0.9756559657628118,0.5051020408163265,True
8a0c__A1_Q2ERG0--8a0c__B1_Q2ERG0,0.9539646241113935,0.5,True
5mpy__A1_Q9LPZ1--5mpy__B1_Q9LPZ1,0.9076499174905001,0.5,True
1anu__A1_Q06851--1anu__A2_Q06851,0.9883373205741627,0.5,True
3vs8__A1_C1DM33--3vs8__C1_C1DM33,0.9424167272884199,0.5,True
7zi8__A1_P27707--7zi8__A2_P27707,0.9741832650781832,0.5,True
1peu__A1_Q08698--1peu__A2_Q08698,0.9906674594322629,0.5,True
5uk5__B1_Q63722--5uk5__A1_Q07008,0.7467179193772991,0.5,False
7vg5__A1_Q49135--7vg5__B1_Q49135,0.9607386891870328,0.5,True
4jkz__A1_A0R6I8--4jkz__A2_A0R6I8,0.9436614702600505,0.5,True
4aa8__A1_P00794--4aa8__A2_P00794,0.8065779004783405,0.5,True
5yew__A1_Q8IWA4--5yew__B1_Q8IWA4,0.9207187461612337,0.5,True
1hf2__B1_Q9X0D7--1hf2__A1_Q9X0D7,0.9939408836451247,0.5,True
3au0__A1_Q7A382--3au0__A2_Q7A382,0.9498776939992779,0.5,True
3gif__A1_O34757--3gif__B1_O34757,0.9131752963963632,0.5,True
8c66__A1_UNDEFINED--8c66__D1_UNDEFINED,0.8973625083682583,0.5,True
7zcl__B1_UNDEFINED--7zcl__A1_UNDEFINED,0.9798540536410179,0.5,True
4axv__A1_A7N805--4axv__A2_A7N805,0.8815129319944659,0.5,True
5c6u__A1_O69689--5c6u__A2_O69689,0.9297834931448781,0.5,True
4nv4__A1_A0A6L7HM74--4nv4__A2_A0A6L7HM74,0.950480285870026,0.5052247996285305,True
6axf__A1_Q7LDG7--6axf__B1_P61224,0.9469270815287066,0.5,False
5yf1__B1_Q8N4J0--5yf1__A1_Q8N4J0,0.8822598096282892,0.5,True
8j83__A1_C5ATT7--8j83__B1_C5ATT6,0.9667145176741888,0.5,False
3fjy__B1_A0ZZM4--3fjy__A1_A0ZZM4,0.9509174564544032,0.5,True
4rg1__A1_Q5T280--4rg1__B1_Q5T280,0.9599210871686666,0.5,True
1ux4__A1_P41832--1ux4__A2_P41832,0.9528169099539225,0.5,True
6rbm__A1_P0ACT4--6rbm__A2_P0ACT4,0.9615239379235585,0.5,True
2cme__B1_P59636--2cme__A1_P59636,0.8843955607089614,0.5193374192479708,True
7wis__A1_P46881--7wis__B1_P46881,0.9472710170973592,0.5,True
5a3l__A1_A0A1A9TAD0--5a3l__C1_A0A1A9TAD0,0.9599079329753292,0.5,True
3gzi__A1_A3QIY5--3gzi__A2_A3QIY5,0.949352444556958,0.5,True
8pr6__B1_A0A1Q6BKH4--8pr6__A1_A0A1Q6BKH4,0.9351366099887141,0.5,True
8j64__A1_Q967S9--8j64__B1_O00816,0.8977381156533477,0.5,False
8ohw__A1_Q63T97--8ohw__B1_Q63T97,0.8257161884655481,0.5,True
5y4r__A1_O87131--5y4r__B1_Q9HVI1,0.9287647142062244,0.5,False
3ddh__A1_Q8A5Q8--3ddh__B1_Q8A5Q8,0.9666012813579066,0.5,True
8d3t__B1_A0A2K2AMS7--8d3t__A1_A0A2K2AMS7,0.9852418546770961,0.5,True
1zk8__A1_Q815X4--1zk8__B1_Q815X4,0.9800461136702939,0.5,True
2w82__A1_Q47730--2w82__B1_Q47730,0.9733332611039183,0.5,True
6l08__A1_O65896--6l08__B1_O65896,0.9604223276182223,0.5,True
4p94__B1_Q4J9K8--4p94__A1_Q4J9K8,0.9823720079787235,0.5,True
4yii__A1_O00762--4yii__B1_Q9UJX6,0.9410027123157991,0.5,False
4rus__A1_P68512--4rus__B1_P68512,0.9058368510920464,0.5,True
2o48__A1_Q9TQS6--2o48__A2_Q9TQS6,0.927716123593622,0.5,True
7pvw__B1_P00523--7pvw__A1_P00523,0.6515771939207559,0.5,True
2wcu__A1_Q8R2K1--2wcu__B1_Q8R2K1,0.9739516433987713,0.5,True
2p35__A1_Q8UH15--2p35__B1_Q8UH15,0.8552227641651973,0.5,True
6rfg__A1_Q49PR7--6rfg__D1_Q49PR7,0.9174600469290041,0.5,True
5jj8__A1_Q9HVB9--5jj8__A2_Q9HVB9,0.837748484800977,0.5,True
6ije__A1_A0A083ZID3--6ije__B1_A0A083ZID3,0.9601372123794779,0.5,True
8avu__A1_Q8GPI4--8avu__A2_Q8GPI4,0.9620132953466286,0.4998057498057498,True
7xdu__B1_A0A1I1Z0X1--7xdu__A1_A0A1I1Z0X1,0.9856327798099951,0.5,True
1xr4__A1_Q8ZRY1--1xr4__B1_Q8ZRY1,0.9179814356401801,0.5,True
2fuq__A1_C6XZB6--2fuq__B1_C6XZB6,0.9740150770129676,0.5,True
5xrw__A1_O25306--5xrw__C1_O25674,0.8110412198809989,0.5,False
5l0o__A1_P46940--5l0o__B1_P46940,0.9916692815393533,0.5,True
8vsy__B1_UNDEFINED--8vsy__A1_UNDEFINED,0.9178322727624297,0.5,True
2zcx__A1_Q9FBX0--2zcx__A2_Q9FBX0,0.9578911847905688,0.5,True
5way__A1_Q97P44--5way__B1_Q97P44,0.944333620917445,0.5,True
7xey__A1_Q9SU72--7xey__B1_Q9S745,0.9369703475962164,0.5,False
4xlo__C1_Q9KHK2--4xlo__A1_Q9KHK2,0.9618784536515039,0.5,True
6kd6__B1_Q9VAA9--6kd6__A1_Q9VAA9,0.9012508638464877,0.5,True
8k72__A1_Q9NWT6--8k72__A2_Q9NWT6,0.9700817282634874,0.5049019607843137,True
8b5v__A1_Q4E4A3--8b5v__B1_Q4E4A3,0.9730870819973849,0.5,True
4yo3__A1_D3GUX1--4yo3__A2_D3GUX1,0.956894590557957,0.5,True
8p8p__A1_P49773--8p8p__B1_P49773,0.9410225175118291,0.5,True
6hrx__A1_O53623--6hrx__B1_O53623,0.9802531448656285,0.5,True
3mdo__A1_A6LDR8--3mdo__B1_A6LDR8,0.9789692254243725,0.5,True
8iw0__A1_Q14678--8iw0__B1_Q14678,0.9016102692827688,0.5,True
2rb7__A1_Q313A9--2rb7__B1_Q313A9,0.9581112476995254,0.5,True
8h6s__A1_Q76KY5--8h6s__C1_Q76KY0,0.9494839042864521,0.5,False
3lsj__A1_Q9HUS3--3lsj__B1_Q9HUS3,0.8970659320240036,0.5,True
7pxq__A1_UNDEFINED--7pxq__A2_UNDEFINED,0.9157086361166802,0.5,True
8g0q__A1_P40460--8g0q__B1_P33895,0.8908083523016641,0.5,False
6ms4__A1_Q9ULC4--6ms4__B1_O43583,0.8750441605771555,0.5,False
7y6b__A1_A0A411GZY8--7y6b__B1_A0A411H025,0.8850925147182507,0.49989486963835156,False
7zyt__A1_P09622--7zyt__B1_P09622,0.9435752904373671,0.5,True
7lle__A1_Q6QVT7--7lle__B1_Q6QVT7,0.9265949072705485,0.5,True
4csw__A1_D0MK34--4csw__B1_D0MK34,0.9634065516109573,0.5,True
7tev__A1_P04181--7tev__A2_P04181,0.9408730191389878,0.5,True
3zta__A1_Q2RIF4--3zta__A2_Q2RIF4,0.9751316670756587,0.5,True
3abi__A1_O59312--3abi__B1_O59312,0.9970577054479461,0.5,True
5ab8__A1_P9WN25--5ab8__A2_P9WN25,0.9534689913726908,0.5,True
1guq__A1_P09148--1guq__B1_P09148,0.9688059564219138,0.5,True
6zdw__B1_A0A162MUP0--6zdw__A1_A0A162MUP0,0.8805785211437972,0.5,True
8csd__A1_Q6U8B0--8csd__A2_Q6U8B0,0.9632751197088236,0.5,True
3na2__A1_UNDEFINED--3na2__B2_UNDEFINED,0.932647620269815,0.5,True
8bfr__A1_P30177--8bfr__A2_P30177,0.9971165410621656,0.5,True
7yk3__A1_O53604--7yk3__B1_O53605,0.9665376844488998,0.5,False
6xiv__A1_P16114--6xiv__B2_P16114,0.9170967416472223,0.5,True
8ajx__A1_P17117--8ajx__A2_P17117,0.9071241550786938,0.5,True
8ayj__A1_D5EHC5--8ayj__B1_D5EHC5,0.9550333415849244,0.5,True
4tt0__B1_P10220--4tt0__A1_P10220,0.8938247019933888,0.5,True
8a6e__B2_P02699--8a6e__A1_P02699,0.9348056677816876,0.5,True
4jb7__A1_Q9KTQ6--4jb7__A2_Q9KTQ6,0.8749123278079578,0.5,True
6h3f__A1_A0A0H3JT80--6h3f__A2_A0A0H3JT80,0.9891403894123824,0.5,True
6wxw__A1_F2NWD3--6wxw__B1_F2NWD3,0.9835657473401508,0.5,True
2zw2__A1_F9VNF4--2zw2__B1_F9VNF4,0.8377166269186082,0.49950773558368494,True
2wo2__A1_P54764--2wo2__B1_P52799,0.9150108713680977,0.5,False
4u66__A1_A8MI53--4u66__A2_A8MI53,0.971453667105841,0.5,True
1ord__A1_P43099--1ord__B1_P43099,0.9601970413410307,0.5,True
7zcm__A1_P42196--7zcm__B1_P42259,0.8609226601958183,0.5,False
8aa9__A1_Q9V1Y9--8aa9__B1_Q9V1Y9,0.6358782410990713,0.5,True
4i6y__B1_P13702--4i6y__A1_P13702,0.9448584494903626,0.5,True
1vh4__B1_P77689--1vh4__A1_P77689,0.9478663548108038,0.5,True
3ocd__A1_D7A6E5--3ocd__B1_Q7BQR5,0.9244957428212102,0.5,False
8pq7__A1_M1C5B8--8pq7__B1_D0N0Z8,0.7932659469268333,0.5,False
8gic__A1_Q70AZ9--8gic__D1_Q70AZ5,0.7474563727924517,0.5,False
5abr__A1_P82802--5abr__B1_P82802,0.9781015124802821,0.5,True
2zmf__A1_Q9Y233--2zmf__B1_Q9Y233,0.967932795792756,0.5066666666666667,True
2vzk__B1_P0DJQ5--2vzk__A1_P0DJQ5,0.9392636478505815,0.5020960479167791,True
7wm5__A1_A0A0C2W699--7wm5__A2_A0A0C2W699,0.9555882752670055,0.5,True
1zee__A1_Q8E972--1zee__B1_Q8E972,0.9316052181858174,0.5,True
1f3u__B1_P35269--1f3u__A1_P13984,0.9086122609141571,0.5,False
7tvh__B1_Q9I2Q1--7tvh__A1_Q9I2Q1,0.9808759976025992,0.5,True
5vgm__B1_Q9KL24--5vgm__A1_Q9KL24,0.9885997516109291,0.5,True
2b5l__A1_Q16531--2b5l__C1_P11207,0.9621288468995617,0.5,False
4zzh__A1_Q96EB6--4zzh__A2_Q96EB6,0.8719820436210062,0.5,True
8in9__A1_E0D202--8in9__B1_E0D202,0.9583868109970527,0.5,True
6m4v__A1_P0AEX9--6m4v__B1_P62942,0.9375713852574508,0.49998305659098613,False
7y28__A1_P07814--7y28__B1_P07814,0.9784059163004122,0.5,True
2plg__A1_Q8DKM0--2plg__B1_Q8DKM0,0.9141670727585691,0.5,True
7y7u__A1_A0A222F232--7y7u__B1_A0A222F232,0.9591778459190774,0.5,True
3fgc__A1_P07740--3fgc__B1_P07739,0.9680219941272453,0.5,False
1rve__A1_P04390--1rve__B1_P04390,0.9791428425276029,0.5151515151515151,True
7zy1__A1_Q9F8A8--7zy1__A2_Q9F8A8,0.9649069471598273,0.5,True
3jxo__B1_A0A0F6AN26--3jxo__A1_A0A0F6AN26,0.9550655099150142,0.4998583569405099,True
8dqb__A1_A0A0H3FX83--8dqb__A2_A0A0H3FX83,0.9481247910834413,0.5,True
5l16__A1_Q4Q0M0--5l16__A2_Q4Q0M0,0.9722952304682885,0.5,True
2gz4__A1_Q7D028--2gz4__C1_Q7D028,0.8894940019859277,0.5,True
7xyv__A1_Q9C0D3--7xyv__B1_Q9C0D3,0.9626271237880819,0.5,True
2f9w__A1_Q9HWC1--2f9w__B1_Q9HWC1,0.942421747701143,0.5,True
2ox1__A1_O30011--2ox1__B1_O30011,0.9857148280121821,0.5,True
2guh__A1_Q0S8Y3--2guh__B1_Q0S8Y3,0.9211974104521833,0.5,True
7br1__A1_A0A7I6N400--7br1__B1_A0A7I6N400,0.9611264458464774,0.5,True
2p04__A1_D0VWX5--2p04__B1_D0VWX5,0.9615448539493912,0.5,True
4h5b__A1_Q9RUY5--4h5b__B1_Q9RUY5,0.8440478908932978,0.5,True
4e1o__A1_P19113--4e1o__B1_P19113,0.9303961190528038,0.5,True
7pu4__B1_Q9X053--7pu4__A1_Q9X053,0.9620829916209427,0.5031055900621118,True
3m1u__A1_Q72DN3--3m1u__B1_Q72DN3,0.933251202679568,0.5,True
7qii__A1_P0C2N2--7qii__B1_P0C2N4,0.8562317765927024,0.5,False
4pww__A1_UNDEFINED--4pww__A2_UNDEFINED,0.7783436321742774,0.49972070939812874,True
6ird__A1_Q91UZ1--6ird__B1_Q8NI35,0.6717957981397074,0.5,False
6gg2__A1_Q4WD43--6gg2__A2_Q4WD43,0.9692638120429505,0.5,True
6oei__A1_Q8KG60--6oei__A2_Q8KG60,0.9408267144427138,0.5,True
8hyi__A1_P22223--8hyi__B1_P22223,0.8964774971302943,0.5,True
4b8v__A1_B3VBK9--4b8v__A2_B3VBK9,0.9408043859649122,0.5,True
4lqb__A1_D2Q399--4lqb__B1_D2Q399,0.9310257369988212,0.5,True
2vxb__A1_P87074--2vxb__B1_P87074,0.9622358634779903,0.5,True
1t72__A1_O67053--1t72__B1_O67053,0.978344266219775,0.5,True
3soo__A1_Q5T7N2--3soo__A2_Q5T7N2,0.7635894391170576,0.4996341017197219,True
5z1o__A1_D0VWU8--5z1o__B1_D0VWU8,0.8480003977543836,0.5,True
6h40__A1_K5B7F3--6h40__A2_K5B7F3,0.9839864222003377,0.5145631067961165,True
2etk__A1_Q13464--2etk__B1_Q13464,0.953409046002407,0.5,True
2p69__A1_Q96GD0--2p69__A2_Q96GD0,0.9868372782158874,0.5,True
4doy__A1_Q6WNP1--4doy__C1_Q6WNP1,0.9600755560266515,0.5,True
6zxw__A1_O29011--6zxw__B1_A0A117KMN5,0.8567746282455068,0.5,False
3lhk__A1_Q60329--3lhk__B1_Q60329,0.967809066613877,0.5,True
1qpa__A1_P11542--1qpa__B1_P11542,0.9050548382618353,0.5,True
6e52__A1_P03069--6e52__B1_P03069,0.9422851000002924,0.5,True
2ijd__A1_Q1PHW8--2ijd__A2_Q1PHW8,0.8917280884326187,0.5,True
1fwl__A1_Q58504--1fwl__B1_Q58504,0.9898652895510218,0.5,True
5nkk__A1_O62301--5nkk__B1_Q9XWJ1,0.9321738863711303,0.5,False
1ygt__A1_Q94524--1ygt__A2_Q94524,0.8687273619284819,0.49985966881841143,True
7zq1__B1_Q32ZE1--7zq1__A1_Q32ZE1,0.7591236885623044,0.5,True
6p40__A1_M1GSK9--6p40__B1_M1GSK9,0.960783905347746,0.5,True
2wyn__B1_P13482--2wyn__D1_P13482,0.9442136329092264,0.5,True
7yui__A1_P0CG48--7yui__B1_Q9BYM8,0.8205593168278185,0.5,False
8dml__B1_Q87GI3--8dml__A1_Q87GI4,0.819563345241133,0.5,False
2oi2__A1_A0A0H2UNK6--2oi2__A2_A0A0H2UNK6,0.9506311995312082,0.5,True
4wud__A1_P0AES6--4wud__A2_P0AES6,0.9624086970279202,0.5,True
5yzj__A1_A8K0B5--5yzj__B1_A8K0B5,0.8416136407440522,0.5,True
8f61__A1_Q28943--8f61__B1_Q28943,0.9032952438421502,0.5,True
7udi__B1_Q9RYE6--7udi__A1_Q9RYE6,0.922675034363133,0.5,True
5ho3__A1_W6KHH6--5ho3__B1_W6KHH6,0.8951489136952112,0.5079365079365079,True
1u5i__A1_Q07009--1u5i__B1_Q64537,0.9572625875503527,0.5,False
1cmc__A1_P0A8U6--1cmc__B1_P0A8U6,0.9354039526630733,0.5,True
6oe2__A1_Q8A9F0--6oe2__A2_Q8A9F0,0.9845275295403041,0.5,True
3ent__A1_Q2YAE2--3ent__B1_Q2YAE2,0.9673433296136611,0.5430121448651687,True
2y4g__A1_D3Y1I2--2y4g__B1_D3Y1I2,0.9712118714613449,0.5,True
7ec7__A1_A0A0H2XGN0--7ec7__A2_A0A0H2XGN0,0.9891657114809144,0.5,True
2o11__A1_P9WPY1--2o11__A2_P9WPY1,0.8568436134303594,0.5,True
8abq__A1_Q13596--8abq__B1_Q9Y5X3,0.9478510235826566,0.5,False
6shw__A1_Q96724--6shw__A2_Q96724,0.7831090013219565,0.5,True
7wn7__B1_Q99H25--7wn7__A1_Q99H25,0.8728700783756448,0.5,True
2sak__A1_P68802--2sak__A2_P68802,0.6747157472600087,0.5,True
8h5e__A1_Q5SMG8--8h5e__B1_Q5SMG8,0.8166329057058147,0.5,True
8bgm__B1_A0A5P3XKL3--8bgm__A1_A0A5P3XKM0,0.9376870446329106,0.5,False
8sua__A1_UNDEFINED--8sua__A2_UNDEFINED,0.9769838996490914,0.5,True
2ps8__A1_P13513--2ps8__B1_P13513,0.9799893732621688,0.5,True
6awl__A1_O75208--6awl__B1_O75208,0.9752027191705477,0.5,True
4qds__A1_O60462--4qds__B1_O60462,0.9765806630174058,0.5,True
6qky__B1_Q97P33--6qky__A1_Q97P33,0.8668111329669508,0.5013048347815113,True
7nli__B1_P08405--7nli__A1_P08405,0.9371169143451878,0.5102040816326531,True
8p3m__A1_W0DP94--8p3m__B1_W0DP94,0.9874791033897647,0.5,True
5v7y__A1_A0A4Y1WAP5--5v7y__B1_A0A4Y1WAP5,0.8549832087841556,0.5,True
4aps__A1_Q5M4H8--4aps__B1_Q5M4H8,0.8908813184875048,0.5,True
7ucn__A1_P50120--7ucn__B1_P50120,0.7320919245605438,0.5,True
1ni5__A1_P52097--1ni5__A2_P52097,0.9801341297291377,0.5,True
8d04__B1_UNDEFINED--8d04__A1_UNDEFINED,0.8535205011750867,0.5,True
4a5o__B1_Q9I2U6--4a5o__A1_Q9I2U6,0.9650923152269478,0.5,True
8q5k__A1_A0A0H2Z7A6--8q5k__A2_A0A0H2Z7A6,0.9148741701780249,0.5,True
1ww5__A1_Q6WY08--1ww5__D1_Q6WY08,0.9684300855024607,0.5,True
7ww2__A1_A0A4Q9D6T1--7ww2__B1_A0A4Q9D6T1,0.9534540360298687,0.5,True
2pfk__A1_P0A796--2pfk__B1_P0A796,0.8709986822375457,0.5,True
1i2m__B1_P18754--1i2m__A1_P62826,0.9187032523546469,0.5,False
8i2e__A1_O34841--8i2e__B1_P54421,0.956457243796595,0.5,False
3pfl__A1_P09373--3pfl__B1_P09373,0.9891605441311228,0.5,True
6gho__B1_Q5L1S1--6gho__A1_O31602,0.7711875435742506,0.5,False
1glj__A1_P0A6F3--1glj__B1_P0A6F3,0.9939473819556303,0.5,True
4zq8__B1_A0A0M3KL36--4zq8__A1_A0A0M3KL36,0.9433166255263661,0.5,True
5h4h__B1_O58236--5h4h__A1_O58236,0.9741136572926259,0.5,True
4iv9__A1_P06617--4iv9__B1_P06617,0.9676113317063616,0.5,True
6sdk__A1_P26497--6sdk__B1_P26497,0.898821177661646,0.5,True
2fq4__A1_Q81BJ4--2fq4__A2_Q81BJ4,0.9720380864073679,0.5,True
7zeq__B1_Q9WXT1--7zeq__A1_Q9WXT1,0.9538326691225822,0.5,True
5z5h__A1_Q2I2N4--5z5h__A2_Q2I2N4,0.9796229608001986,0.5,True
2fe1__A1_Q8ZZP3--2fe1__A2_Q8ZZP3,0.9770927809470276,0.5,True
7wik__B1_A0R1E6--7wik__A1_A0R1E6,0.9160064577360094,0.5,True
7t8o__B1_Q8Y8Y9--7t8o__A1_Q8Y8Y9,0.9346718230567481,0.5,True
7t91__A1_P08151--7t91__B1_P08151,0.8615484973208045,0.5,True
3lg6__A1_D2YW48--3lg6__B1_D2YW48,0.9733330180221224,0.5,True
2o9a__A1_P16528--2o9a__D1_P16528,0.9695683478036906,0.5,True
1zhq__A1_Q9RHG4--1zhq__B1_Q9RHG4,0.8692138600026509,0.5,True
2e0k__B1_Q8KFD9--2e0k__A1_Q8KFD9,0.9460722751819636,0.4999829491201746,True
6izb__A1_P13693--6izb__A2_P13693,0.9245569931281633,0.5,True
3a2f__A1_P61875--3a2f__B1_O73947,0.9902901951011945,0.5,False
3isx__A1_Q9X0E0--3isx__A2_Q9X0E0,0.939128988393819,0.5,True
2vkj__A1_Q9X1W9--2vkj__B1_Q9X1W9,0.9236210637366138,0.5,True
5csr__D1_Q9HLB6--5csr__A1_Q9HLB6,0.9801861577346268,0.5,True
1iq8__A1_O58843--1iq8__B1_O58843,0.8593183128449207,0.5,True
3tbm__A1_Q8XVB9--3tbm__B1_Q8XVB9,0.8993256536288818,0.4998624105668685,True
7tur__B1_P00503--7tur__A1_P00503,0.9565045238957379,0.5,True
3vol__A1_Q9I6V6--3vol__A2_Q9I6V6,0.8420501475455464,0.5,True
3jqz__A1_P02768--3jqz__B1_P02768,0.9355891580236413,0.5,True
1vkd__A1_Q9X0V2--1vkd__B1_Q9X0V2,0.9002422617370461,0.5,True
8b31__B1_A0A2W4LV58--8b31__A1_A0A2W4LV58,0.9665136866943564,0.5,True
7bzk__A1_Q9SJ89--7bzk__B1_Q6NPF9,0.9478939340607768,0.5,False
3cgh__A1_Q8A0N7--3cgh__A2_Q8A0N7,0.9844268018472211,0.5,True
5vlb__A1_G7IKX3--5vlb__B1_G7IKX3,0.8667562600549896,0.5,True
2oer__B1_Q9I3U1--2oer__A1_Q9I3U1,0.9897440403311093,0.5,True
2ylz__A1_Q47PU3--2ylz__A2_Q47PU3,0.9303493237748955,0.5,True
8bjp__B1_A0A1W6VSR4--8bjp__A1_A0A1W6VSR4,0.8875536717196534,0.5,True
6kcx__A1_Q9WZL1--6kcx__A2_Q9WZL1,0.9820938932780651,0.5,True
4q69__A1_Q8A5I0--4q69__B1_Q8A5I0,0.9485780146030386,0.5,True
7xmj__C1_A9QSE8--7xmj__A1_A9QSE8,0.9413668841153658,0.5,True
1pix__A1_Q06700--1pix__B1_Q06700,0.9450357584415302,0.5,True
3l8i__B1_Q9BUL8--3l8i__A1_Q9BUL8,0.937327720039943,0.5,True
6l2u__A1_Q27RN2--6l2u__B1_Q27RN2,0.8959604420546354,0.5,True
6sl2__A1_C4LWU6--6sl2__A2_C4LWU6,0.9052659492331184,0.5,True
1u6z__B1_P0AFL6--1u6z__A1_P0AFL6,0.9794131309577474,0.5,True
3pm9__A1_Q6NAV4--3pm9__B1_Q6NAV4,0.9011772101158021,0.5,True
3a5y__B1_P0A8N7--3a5y__A1_P0A8N7,0.9388377024838702,0.5,True
7xgn__A1_UNDEFINED--7xgn__B1_UNDEFINED,0.9368393412738256,0.5,True
6bn1__B1_Q9VCR6--6bn1__A1_Q8T0S6,0.6647741206324836,0.5,False
8ji6__A1_A0A861B387--8ji6__B1_A0A861B387,0.9825546810536122,0.5,True
2pjs__A1_A9CIG0--2pjs__B1_A9CIG0,0.9370144057066979,0.5,True
8ke8__A1_Q9HXS0--8ke8__B1_Q9HXS0,0.9303112108514133,0.5,True
3h7l__A1_Q87LX4--3h7l__A2_Q87LX4,0.9807604002867056,0.5,True
7zs8__A1_A0A1D3HIT0--7zs8__B1_A0A1D3HIT0,0.9484142364797767,0.5,True
2vc4__A1_P02879--2vc4__A2_P02879,0.9090512173504088,0.5,True
1xe8__B1_Q03629--1xe8__A1_Q03629,0.9792370958593306,0.5,True
7tn6__A1_Q84Y01--7tn6__A2_Q84Y01,0.9557370409982174,0.5,True
7yo6__A1_G8GLP2--7yo6__A2_G8GLP2,0.9751100928490583,0.49999912500524996,True
8k76__A1_Q8R6D8--8k76__B1_Q8R6D8,0.9826169780358729,0.5,True
1vgx__B1_Q9RRU8--1vgx__A1_Q9RRU8,0.9169655734318943,0.5,True
3cet__B1_Q6M145--3cet__A1_Q6M145,0.9550720050947252,0.5,True
4zlh__B1_P0AB60--4zlh__A1_P0AB60,0.9851385029931254,0.5,True
2y84__A1_Q7WT50--2y84__E1_Q7WT50,0.970268860341435,0.5,True
4me9__A1_Q736B0--4me9__B1_Q736B0,0.9466543487627824,0.5,True
2z51__A1_Q93W20--2z51__A2_Q93W20,0.850746993643034,0.5,True
8ajq__A1_Q9I0C0--8ajq__B1_Q9I0C0,0.8355877269336208,0.5,True
3gdm__A1_P03962--3gdm__B1_P03962,0.9687772003893427,0.5,True
5khn__A1_UNDEFINED--5khn__B1_UNDEFINED,0.9595801331953352,0.5,True
7yfj__A2_Q15007--7yfj__B1_Q15007,0.8372809603890479,0.5,True
2rkl__F1_Q06263--2rkl__E1_Q06263,0.944954289270469,0.5191608158685915,True
8cwp__A1_Q06282--8cwp__A2_Q06282,0.9685373592534701,0.5,True
4neh__A1_P20702--4neh__B1_P05107,0.928463949400643,0.5,False
2prv__A1_O34596--2prv__B1_O34596,0.960929700834058,0.5,True
6kvn__A1_A0A1S4CVP6--6kvn__A2_A0A1S4CVP6,0.9663392858873492,0.5,True
5tgq__A1_A0A1S4NYF7--5tgq__A2_A0A1S4NYF7,0.9873192611056689,0.5,True
6b3i__A1_P27216--6b3i__B1_P27216,0.9538944946535803,0.5,True
1rqn__A1_O31156--1rqn__B1_O31156,0.9933201001504621,0.5,True
7tcr__A1_A0A2D2D5M1--7tcr__D1_A0A2D2CY73,0.956908147127904,0.5,False
5l7z__A1_P28750--5l7z__A2_P28750,0.9481201917206009,0.5,True
7ljh__A1_Q769D3--7ljh__B2_Q769D3,0.9890982266809512,0.5,True
5frk__A1_D4I047--5frk__B1_D4I047,0.8789030328896963,0.5,True
7xmw__B1_U2Q5N5--7xmw__A1_U2Q5N5,0.8126088882881258,0.5,True
7w2o__A1_Q9HZP1--7w2o__B1_Q9HZP1,0.9888404183028701,0.5,True
7uay__A1_P08684--7uay__A2_P08684,0.9992048837273968,0.5,True
5czf__D1_A0A0H3JHG3--5czf__A1_Q8XAD5,0.7518017485822306,0.5,False
8p4l__A1_UNDEFINED--8p4l__B1_UNDEFINED,0.972374240525958,0.5,True
2p6p__A1_Q9RPA7--2p6p__B1_Q9RPA7,0.9162495595866783,0.5,True
4u64__A1_Q5ZXA3--4u64__A2_Q5ZXA3,0.9428196684079038,0.5,True
7qbm__A1_P43235--7qbm__B1_P43235,0.8645151010311359,0.5,True
3nvm__A1_Q8U4M1--3nvm__B1_Q8U4M2,0.9077829272050066,0.5,False
7q86__A1_UNDEFINED--7q86__B1_UNDEFINED,0.9263721681448065,0.5,True
3wws__A1_Q13188--3wws__D1_Q13188,0.7275272045028143,0.5,True
4c87__A1_F9UMG7--4c87__B1_F9UMG7,0.9304029590778324,0.5,True
2d7e__A1_P17888--2d7e__B1_P17888,0.8439625119181534,0.5,True
7xro__A1_Q9RQ20--7xro__B1_Q9RQ20,0.8992255967816605,0.5,True
5yrj__A1_B6F0T7--5yrj__B1_A0A2Z5V8U8,0.8532103893504154,0.5,False
6yev__C1_P0A744--6yev__A1_P0AA25,0.7896068025944201,0.5,False
8glr__A1_Q8ZJX7--8glr__A2_Q8ZJX7,0.9225322937921289,0.5,True
5fwt__A1_Q96MU8--5fwt__A2_Q96MU8,0.9350494679808995,0.5,True
4e6s__A1_Q3URR7--4e6s__A2_Q3URR7,0.8796364763972044,0.5,True
8enb__B1_A7DT38--8enb__A1_A0T3A2,0.7634340410870408,0.5,False
8h4p__A1_I1S104--8h4p__B1_I1S104,0.9562540050510762,0.5,True
4cu5__A1_B6SBV8--4cu5__F1_B6SBV8,0.9926328971168704,0.5,True
7yo8__A1_P60520--7yo8__A2_P60520,0.7889615929955849,0.5,True
8elf__B1_Q6DYE4--8elf__A1_Q6DYE4,0.8714946739147943,0.5,True
1ax2__A1_P16404--1ax2__A2_P16404,0.9093864775628141,0.5,True
8i33__C1_A0A6Q8PFJ0--8i33__A1_A0A6Q8PFJ0,0.9214057353226119,0.5,True
3q9l__A1_P0AEZ3--3q9l__B1_P0AEZ3,0.9432579103183574,0.5,True
8ak1__A1_UNDEFINED--8ak1__B1_O25273,0.9506449027875827,0.5,False
2yk4__A1_P72097--2yk4__A2_P72097,0.9397284017937493,0.5,True
7u5f__C1_Q9HTM2--7u5f__A1_Q9HTM2,0.975090121742906,0.5,True
5xt3__B1_A0A0U1MUE2--5xt3__A1_A0A0U1MUE2,0.9549897398756715,0.5,True
5iws__A1_Q63GK8--5iws__A2_Q63GK8,0.9056246519120632,0.5,True
2owl__A1_P36767--2owl__B1_P36767,0.8180936109945542,0.5,True
8bca__A1_O75643--8bca__B1_Q6P2Q9,0.716414412148807,0.5,False
4ml7__A1_P61626--4ml7__B1_UNDEFINED,0.7924099008225738,0.5,False
3mcb__B1_P20290--3mcb__A1_Q13765,0.8666769628757311,0.5107801308905577,False
8gy8__A1_Q8TZT0--8gy8__B1_Q8TZT0,0.9381244123781767,0.5,True
8dkd__A1_G7CIP4--8dkd__A2_G7CIP4,0.9624626542224444,0.5,True
7dus__A1_P08965--7dus__A2_P08965,0.9112251688518076,0.5,True
8gb1__A1_Q9Y3Z3--8gb1__B1_Q9Y3Z3,0.9814081394029395,0.5,True
7cov__A1_Q06801--7cov__A2_Q06801,0.9532932179975714,0.5,True
6ign__A1_Q61768--6ign__A2_Q61768,0.8385955406602603,0.5,True
1fzr__A1_P00641--1fzr__B1_P00641,0.9417545213341998,0.5,True
3be5__A1_Q8XBR1--3be5__B1_Q8XBR1,0.9236276315664651,0.5,True
2ecs__A1_P03040--2ecs__B1_P03040,0.7578711524024024,0.5,True
4hn3__B1_Q8Y6D1--4hn3__A1_Q8Y6D1,0.9456411255190087,0.5,True
4o8y__A1_Q08723--4o8y__B1_P43588,0.945735264389627,0.5,False
7uoi__A1_A0A1S8KJG1--7uoi__A2_A0A1S8KJG1,0.9680969120082181,0.5,True
7vma__A1_C5A758--7vma__A2_C5A758,0.9885154734368224,0.5,True
7d9m__A1_A0A4D6NYT7--7d9m__B2_A0A4D6NYT7,0.9590420468235314,0.5,True
2py8__C1_Q55670--2py8__B1_Q55670,0.8576699953573147,0.5,True
7ytl__A1_E1BR24--7ytl__A2_E1BR24,0.9929737733907559,0.5,True
7vxt__A1_Q63W52--7vxt__B1_Q63W52,0.9174148567234841,0.5,True
5cv3__A1_E3M3V1--5cv3__A2_E3M3V1,0.9197950898898124,0.5,True
8c9v__A1_Q1JXV1--8c9v__A2_Q1JXV1,0.9826831643466803,0.5,True
3tsn__A1_Q9PN58--3tsn__B1_Q9PN58,0.9632397082708646,0.5,True
8j51__A1_A0A0E9MUN5--8j51__B1_A0A0E9MUN5,0.9374105598456918,0.5,True
6cz9__A1_Q7WTU0--6cz9__B1_Q7WTT9,0.9371101662321187,0.5,False
8pzo__A1_F9UT68--8pzo__A2_F9UT68,0.9760519220556394,0.5,True
3tqg__B1_Q83DG4--3tqg__A1_Q83DG4,0.9270631931889128,0.5,True
7czg__C1_Q8TDY2--7czg__A1_Q8TDY2,0.9217850838481907,0.5,True
7eev__B1_A0A3D9R4E8--7eev__A1_A0A3D9R4E8,0.9233006084102783,0.5,True
8ori__A1_Q2KB35--8ori__B1_Q2KB35,0.9346648337158808,0.5,True
7o6z__A1_A0A7R8L7W4--7o6z__B1_A0A7R8L7W4,0.9869471118675507,0.5,True
8pmr__A1_Q4WL81--8pmr__B1_Q4WL81,0.7441413822819654,0.5,True
7u34__A1_Q4X1J1--7u34__A2_Q4X1J1,0.9525721778923172,0.5,True
3fmy__A1_Q46864--3fmy__A2_Q46864,0.9514176516146412,0.5087719298245614,True
7f0o__B1_A0A2I1C3W8--7f0o__A1_A0A2I1C3W8,0.955707565247138,0.5,True
3ojm__B1_P21802--3ojm__A1_P05230,0.8624843882538746,0.5,False
6xgz__A1_P63386--6xgz__B1_P64602,0.9168616309616959,0.5,False
7x2y__A1_A0A076PYH9--7x2y__B1_A0A076PYH9,0.9765166882983491,0.5,True
8i34__A1_A0AA52HX42--8i34__B1_A0AA52HX50,0.9643224918032787,0.5,False
5i4h__B1_P07711--5i4h__A1_P07711,0.8389165796500931,0.5,True
4e6h__A1_Q6CII8--4e6h__A2_Q6CII8,0.9763047305103979,0.5,True
6x7p__A1_Q8GGP1--6x7p__A2_Q8GGP1,0.9819922965553517,0.5,True
3exq__A1_Q03S37--3exq__A2_Q03S37,0.8673341857568704,0.5,True
2qvc__A1_Q9WXW9--2qvc__B2_Q9WXW9,0.9924612409314665,0.5,True
6yoa__A1_O82015--6yoa__B1_O82015,0.9391092557825907,0.5,True
7qnm__A1_G0L7V6--7qnm__B1_G0L7V6,0.9857082769732799,0.5,True
3p8v__A1_Q9V228--3p8v__B1_Q9V228,0.9749028372960504,0.5,True
4re1__A1_P28347--4re1__D1_P46937,0.846857301968506,0.5,False
8iw5__A1_Q8C8U0--8iw5__B1_Q8C8U0,0.818164146028537,0.5,True
7sq2__B1_Q01970--7sq2__A1_P21279,0.951630079872187,0.5,False
4lqx__B1_Q97VD2--4lqx__A1_Q97VD2,0.9828724739817398,0.5,True
3owf__A1_P00644--3owf__A2_P00644,0.9393993581607399,0.5,True
2dpl__A1_O59072--2dpl__B1_O59072,0.9664300684694506,0.5047619047619047,True
4ap5__A1_Q9Y2G5--4ap5__B1_Q9Y2G5,0.9667438144045848,0.5,True
8evy__A1_Q9LCT6--8evy__A2_Q9LCT6,0.9940605988190897,0.5,True
5npo__A1_P62593--5npo__B1_D3INY1,0.9019963273040315,0.5,False
5uhs__A1_B0SR19--5uhs__B1_B0SR19,0.8013653132479852,0.5,True
5t3v__B1_Q9Y2C4--5t3v__A1_Q9Y2C4,0.9457470077087495,0.5,True
8f2l__A1_P9WJY9--8f2l__B1_P9WJY9,0.9531249901601939,0.5,True
8h1l__B1_A0A7U4E834--8h1l__A1_A0A7U4E834,0.8685669225498538,0.5,True
1nye__A1_P0C0L2--1nye__B1_P0C0L2,0.8290107721808723,0.5,True
2ou6__A1_Q9RVG4--2ou6__A2_Q9RVG4,0.9462015152922238,0.5,True
3k1i__D1_O25709--3k1i__A1_O25448,0.7816464024422338,0.5,False
1vbi__A1_Q53W84--1vbi__A2_Q53W84,0.9247652058506245,0.5,True
2oqb__A1_Q4AE70--2oqb__B1_Q4AE70,0.8941463074784682,0.5,True
8ajy__A1_A0AEF6--8ajy__B1_UNDEFINED,0.89062884951958,0.5,False
6saz__B1_Q9UGM5--6saz__A1_P07584,0.946160639609618,0.5,False
8gzy__A1_P0A9A6--8gzy__B1_UNDEFINED,0.9018977067104705,0.5,False
6l9x__A1_F6VRB7--6l9x__A2_F6VRB7,0.8587094075595103,0.5,True
3ica__B1_Q7MXR4--3ica__A1_Q7MXR4,0.9277600818785878,0.5,True
6o15__A1_P39353--6o15__B1_P39353,0.9359080621731337,0.5,True
2ohc__A1_Q9HIY5--2ohc__B1_Q9HIY5,0.9527560026017183,0.5,True
8qfo__A1_A0A840P3H4--8qfo__B1_A0A840P3H4,0.9143295574042676,0.5,True
5zmy__A1_F1LJ99--5zmy__B1_F1LJ99,0.9271361329788901,0.5,True
6tx3__B1_Q9NWY4--6tx3__A1_Q9UGN5,0.9562338114921294,0.5,False
4tx5__A1_Q9NR28--4tx5__B1_Q9NR28,0.8757792708669605,0.5,True
7wnk__B1_A0A1E5TT85--7wnk__A1_A0A1E5TT85,0.9932465233881163,0.5,True
2fn0__B1_Q9X9I8--2fn0__A1_Q9X9I8,0.9968569358884818,0.5,True
5x89__A1_Q8TGZ7--5x89__A2_Q8TGZ7,0.8932688634192932,0.5,True
2j0t__A1_P03956--2j0t__D1_P01033,0.9396161961217723,0.5,False
2i9i__A1_O25234--2i9i__A2_O25234,0.8816748642789423,0.5,True
3rtr__G1_Q13616--3rtr__H1_P62877,0.9539185165876162,0.5,False
8bjd__A1_UNDEFINED--8bjd__A2_UNDEFINED,0.9694767210973138,0.5,True
7lq2__A1_A0A023X3Z4--7lq2__B1_A0A023X3Z4,0.8454533769018963,0.5,True
6aht__A1_A1BZ87--6aht__B1_A1BYM8,0.9433242777503945,0.5,False
8tto__A1_UNDEFINED--8tto__B1_UNDEFINED,0.8401497046489607,0.5074626865671642,True
8czp__A1_A0A0D5ZBI4--8czp__B1_A0A0D5ZBI4,0.9396533670653847,0.5,True
4ro3__A1_M1RHE3--4ro3__B1_M1RHE3,0.9478610050890586,0.5,True
1c0n__A1_P77444--1c0n__A2_P77444,0.9370036233720929,0.5,True
7tq0__A1_P00459--7tq0__A2_P00459,0.9726140556779062,0.5,True
1o4w__A1_O29664--1o4w__A2_O29664,0.9905094257129542,0.5,True
4jzp__A1_P51572--4jzp__B1_P51572,0.9308766323978883,0.5,True
2or2__A1_P08954--2or2__B1_P08954,0.9900957950368022,0.5,True
5xdf__B1_Q5SL04--5xdf__A1_Q5SL04,0.9430628407296283,0.5,True
6kr4__A1_P10586--6kr4__E1_P60469,0.9188124383372691,0.5,False
1itv__A1_P14780--1itv__B1_P14780,0.9458323458935671,0.5,True
8e51__A1_A0A5N5MKD0--8e51__B1_UNDEFINED,0.7284149184149185,0.5,False
2qgi__A1_P05449--2qgi__B1_P05449,0.94811327410783,0.5,True
1a19__A1_P11540--1a19__B1_P11540,0.8979098961975674,0.5,True
8a9x__A1_P15752--8a9x__C1_P15752,0.967362302089158,0.5116279069767442,True
3onm__A1_UNDEFINED--3onm__B1_UNDEFINED,0.8596128532911034,0.5,True
7wrs__A1_Q5ZJ86--7wrs__B1_UNDEFINED,0.9197719135237243,0.5,False
8e9e__B1_Q02293--8e9e__A1_Q04631,0.8952274039330761,0.5,False
2h4c__A1_Q7T2R1--2h4c__B1_Q7T3T5,0.8666046592973294,0.5,False
2bdt__A1_Q9K6P2--2bdt__A2_Q9K6P2,0.9554623111511831,0.5,True
5vbn__A1_P56282--5vbn__B1_Q07864,0.9490206059686946,0.5,False
8gt0__A1_Q8I6U4--8gt0__B1_P01040,0.9587281877001503,0.5,False
5lrr__A1_P22262--5lrr__B1_P22262,0.9776087814260879,0.5,True
4y7i__A1_Q96EF0--4y7i__B1_Q96EF0,0.9795138295326336,0.5,True
1who__A1_P43214--1who__A2_P43214,0.8459950471529539,0.5,True
4g10__A1_Q9WXJ9--4g10__A2_Q9WXJ9,0.9549615783379781,0.5,True
8q4k__A1_O51180--8q4k__B1_O51180,0.9186724371203889,0.5,True
6hp3__A1_O31927--6hp3__B1_O31927,0.9020572579965458,0.5,True
8hs0__A1_Q9LIR4--8hs0__A2_Q9LIR4,0.9579739518048387,0.5,True
6gz1__A1_P10151--6gz1__A2_P10151,0.9636314694726539,0.5,True
8pbu__A1_P27708--8pbu__A2_P27708,0.9173698909947039,0.5,True
7zjc__A1_P0DV83--7zjc__A2_P0DV83,0.9262230840237098,0.5,True
6ecu__B1_Q8RJY3--6ecu__A1_Q8RJY3,0.9616471069676761,0.5,True
4x2d__A1_UNDEFINED--4x2d__C2_UNDEFINED,0.9756644801048022,0.5,True
7p0h__A1_O26008--7p0h__C1_O26008,0.9750359300546858,0.5,True
5b3g__B1_Q9SZF7--5b3g__A1_Q9M384,0.9492103188859791,0.5,False
7vzy__B1_Q84G19--7vzy__A1_Q84G19,0.9688992224915678,0.5,True
2q3t__A1_Q9LUJ3--2q3t__A2_Q9LUJ3,0.8411858131039268,0.5,True
8j3t__A1_A0A0G2TMR2--8j3t__B1_A0A0G2TMR2,0.9891357793439322,0.5,True
7pt0__A1_Q9KYU4--7pt0__B1_Q9KYU4,0.962171322389217,0.5,True
6m09__B1_Q8LDU1--6m09__A1_Q8LDU1,0.95206904102901,0.5,True
7uxs__B1_J8G6Z1--7uxs__A1_J8G6Z1,0.9454750677022682,0.5,True
2q03__A1_Q12ML0--2q03__B1_Q12ML0,0.8996678324158673,0.5,True
6kcp__B1_Q9VAA9--6kcp__A1_Q9VAA9,0.8979654348551163,0.5,True
3zn4__A1_C8CHL4--3zn4__A2_C8CHL4,0.9342873555857507,0.5,True
6sj4__B1_A0A022MQ12--6sj4__A1_A0A022MQ12,0.9229651912126016,0.5,True
5cyy__A1_P9WG63--5cyy__B1_P9WG63,0.9202229152026968,0.5,True
3tj3__A1_P52294--3tj3__B1_Q9UKX7,0.8031031392905698,0.5,False
3i32__A1_Q72GF3--3i32__A2_Q72GF3,0.9698722415560659,0.5,True
1jk9__B1_P40202--1jk9__A1_P00445,0.9612614177187572,0.5,False
4z3u__B1_G3G955--4z3u__A1_G3G8X8,0.9029944945230488,0.5,False
4e4w__A1_P38920--4e4w__B1_P14242,0.9533128245710081,0.5,False
5yw5__A1_Q5NII9--5yw5__D1_Q5NII9,0.9204581132865332,0.5051922323479531,True
3ab8__A1_Q5SLE3--3ab8__B1_Q5SLE3,0.8350673848704735,0.5,True
3mxt__A1_Q9PIK2--3mxt__A2_Q9PIK2,0.9471845231651872,0.5,True
1wr8__B1_O50129--1wr8__A1_O50129,0.986661236766325,0.5,True
7war__B1_A0A1B6PFV1--7war__A1_A0A1B6PFV1,0.9313638639411903,0.5,True
7fn1__B1_P32357--7fn1__A1_P33334,0.9611564434440067,0.5,False
7xl7__A1_A0A2J0R8J6--7xl7__B1_A0A2J0R8J6,0.6737391002774474,0.5,True
8vc5__A1_Q9XCL6--8vc5__B1_Q9XCL6,0.9846476694995365,0.5,True
5jfz__A1_P20605--5jfz__B1_P0ADX5,0.8355548090650606,0.5,False
1gkh__A1_P69543--1gkh__A2_P69543,0.9475872410032715,0.49952290076335876,True
5g37__B1_P10565--5g37__A1_P06575,0.8628669340914856,0.5,False
2gjx__A1_P06865--2gjx__B1_P07686,0.9466947222508793,0.5,False
3aqb__B1_O66129--3aqb__A1_O66127,0.9044171256653553,0.5,False
8q1a__A1_Q16790--8q1a__C2_Q16790,0.8871293244714585,0.5,True
8ezt__D2_UNDEFINED--8ezt__A1_UNDEFINED,0.8888420164522254,0.5112359550561798,True
5ez1__B1_P56112--5ez1__A1_P56112,0.9572699474178886,0.5,True
3lwd__A1_Q1QTX1--3lwd__A2_Q1QTX1,0.9878514754010594,0.5121849597626906,True
4wic__A1_Q2FAE9--4wic__B1_Q2FAE9,0.8313331869892909,0.5,True
8dye__A1_P31040--8dye__B1_Q5VUM1,0.7923125454058808,0.5,False
6xnr__A1_UNDEFINED--6xnr__A2_UNDEFINED,0.8656719862452544,0.5,True
2ch6__A1_Q9UJ70--2ch6__D1_Q9UJ70,0.9544754103822674,0.5,True
3gpn__A1_P15873--3gpn__A2_P15873,0.9384864264655206,0.5,True
5y69__A1_A8ATW7--5y69__B1_A8ATW7,0.8794514299802761,0.5,True
7th0__A1_P31667--7th0__A2_P31667,0.8502495840266223,0.5,True
2qh0__A1_Q97H22--2qh0__A2_Q97H22,0.9029775235558783,0.5,True
7uln__A1_P09514--7uln__B1_P09514,0.9130869360552201,0.5,True
5ubb__A1_Q5VVY1--5ubb__A2_Q5VVY1,0.9862613713994766,0.5,True
5kvs__B1_O54512--5kvs__A1_O54512,0.953591064683015,0.5,True
3frs__A1_P53990--3frs__A2_P53990,0.8918434541798042,0.5,True
3obv__A1_O08808--3obv__C1_O08808,0.9745956084746865,0.5,True
4wkz__A1_A0AEF5--4wkz__B1_W5IDC3,0.9502370165519329,0.5,False
3kt0__A1_Q12109--3kt0__A2_Q12109,0.9902586746841855,0.5,True
5i90__A1_G3XCY5--5i90__B1_G3XCY5,0.9388191172182876,0.5,True
3bat__B1_P24733--3bat__A1_P24733,0.9073548002215815,0.5,True
2ps1__A1_P13298--2ps1__B1_P13298,0.9666564989861138,0.5,True
1fcd__A1_Q06530--1fcd__B1_Q06529,0.9824606161523365,0.5,False
8hy8__A1_A0A085BE66--8hy8__A2_A0A085BE66,0.9558634156423927,0.5,True
8har__A1_Q2L6E4--8har__B1_Q2L6E4,0.9809271658679017,0.5,True
8a60__A1_P06971--8a60__B1_Q38162,0.8822334822921573,0.5,False
4je4__A1_Q06124--4je4__B1_P02751,0.8519215394800944,0.5,False
2a6c__A1_Q82UW4--2a6c__A2_Q82UW4,0.745887239482501,0.5,True
5k9l__B1_A8MW95--5k9l__A1_A8MW95,0.9068599493029151,0.5,True
5mzg__A1_P53368--5mzg__B1_P53368,0.8752422269707139,0.5,True
6lfn__A1_UNDEFINED--6lfn__B1_UNDEFINED,0.6691904805895998,0.5,True
7ucc__B1_P17535--7ucc__A1_P53539,0.9068439540578358,0.5,False
8d0x__A1_Q9Y231--8d0x__A2_Q9Y231,0.8592607046646605,0.5,True
6ano__B1_Q9UKL3--6ano__A1_Q9UKL3,0.9319536218618,0.5,True
6et2__A1_Q9I4X1--6et2__B1_Q9I4X2,0.9450530890761604,0.5,False
6d0a__A1_Q8N5Z0--6d0a__A2_Q8N5Z0,0.9631413528616058,0.5,True
2xga__B1_P35530--2xga__A1_P35530,0.9829829405231983,0.5,True
2i3o__A1_Q9HJH4--2i3o__B1_Q9HJH4,0.9800364354367702,0.5,True
1ijx__A1_P97401--1ijx__C1_P97401,0.9509088566827697,0.5,True
6h2u__A1_Q9NRN9--6h2u__B1_Q9UI30,0.8533070380821274,0.5,False
8h2v__A1_Q93HT8--8h2v__B1_Q93HT8,0.9663604406639602,0.5,True
1wat__B1_P02941--1wat__A1_P02941,0.9658852548923793,0.5,True
2nyh__A1_Q13JM0--2nyh__B1_Q13JM0,0.8932452112456807,0.5,True
7y9b__A1_A3EXD6--7y9b__B1_A3EXD6,0.8918991449342587,0.5,True
7yuj__B1_Q9BYM8--7yuj__A1_Q9BYM8,0.6902886277672358,0.5,True
8c5k__A1_P87252--8c5k__A2_P87252,0.8862660059295703,0.5,True
2spc__A1_P13395--2spc__B1_P13395,0.8182349941675636,0.5,True
6q2e__A1_A5UMY5--6q2e__B1_A5UMY5,0.8991209212013729,0.4999907792459267,True
4p8i__A1_P40746--4p8i__B1_P40746,0.9188699883689108,0.5,True
8gp6__B1_P16710--8gp6__A1_P07611,0.88186062915247,0.5,False
8a82__A1_K7WEY7--8a82__B1_K7XCU4,0.9129782810875868,0.5,False
3a4l__B1_Q58933--3a4l__A1_Q58933,0.9751825571202012,0.5,True
1z52__A1_P09167--1z52__B1_P09167,0.87464838921762,0.5,True
6c0g__A1_A0A3F2YLX1--6c0g__B2_A0A3F2YLX1,0.8455476041058966,0.5022026431718062,True
8owi__A1_Q02224--8owi__B1_Q02224,0.8734047207829592,0.5,True
1k3r__B1_O26109--1k3r__A1_O26109,0.9751475854971454,0.5162311959856509,True
7fga__A1_Q8DIJ4--7fga__B2_Q8DIJ4,0.9761587578147191,0.5,True
5akq__A1_O52063--5akq__B1_O52063,0.9769738715940088,0.5,True
7y86__B1_A0A0K2E3A3--7y86__A1_A0A0K2E3A3,0.9432164153926825,0.5,True
8d1u__A1_P0A6R0--8d1u__A2_P0A6R0,0.9655920420942028,0.5028248587570622,True
1vqw__A1_Q9HFE4--1vqw__B1_Q9HFE4,0.9294608268575011,0.5,True
7rzb__A1_A0A229LVN5--7rzb__A2_A0A229LVN5,0.9496556807412868,0.5,True
6qta__A1_G0SHE6--6qta__B1_G0SC29,0.8632366810378013,0.5,False
7toc__A1_A0A2H0ZMH9--7toc__B1_A0A2H0ZMH9,0.9240131682598223,0.5,True
7ula__B1_Q88ND0--7ula__A1_Q88NC7,0.9844519067014783,0.5,False
8bes__A1_A0A856TAI5--8bes__B1_A0A856TAI5,0.9632915817983982,0.5,True
7ztw__A1_Q66578--7ztw__B1_Q66578,0.9586087346172731,0.5,True
7wjt__B1_Q8BZB3--7wjt__A1_Q8BZB3,0.831990051774933,0.5,True
6j9n__A1_X5EPV9--6j9n__B1_A0A425B395,0.8156413412218939,0.5,False
1kll__A1_O05205--1kll__A2_O05205,0.9477296623006325,0.534159761204669,True
8uel__A1_UNDEFINED--8uel__B1_UNDEFINED,0.9724463156288059,0.5,True
7xky__A1_Q58690--7xky__B1_Q58034,0.9494082209824888,0.5,False
4p04__A1_A0A0D6H805--4p04__B1_A0A0D6H805,0.8760627473591521,0.5,True
1txz__A1_Q04299--1txz__A2_Q04299,0.9816775554381163,0.5,True
4af5__A1_Q8NQ97--4af5__A2_Q8NQ97,0.8809165534232651,0.5,True
8af9__A1_Q2YPZ9--8af9__H1_Q2YPZ9,0.966698257479484,0.5,True
8gm9__D1_P9WPD3--8gm9__A1_P9WPD3,0.9371230036089022,0.5,True
7wsx__A1_D9PYV4--7wsx__B1_D9PYV4,0.9896332286013414,0.5,True
4g86__A1_Q79PF6--4g86__B1_Q79PF6,0.8748781763046368,0.5,True
3bq3__A1_Q12395--3bq3__A2_Q12395,0.8403557415781358,0.5,True
7eva__A1_P31490--7eva__A2_P31490,0.9285796227551457,0.5,True
8r7d__B1_G5EI71--8r7d__A1_Q8LJL3,0.7720897924540389,0.5,False
7pwy__A1_Q8TDX5--7pwy__B1_Q8TDX5,0.9868392379439118,0.5,True
3ut4__A1_A3DJ21--3ut4__B1_A3DJ21,0.9816045889895398,0.5,True
8eei__B1_A0A807MR40--8eei__A1_A0A807MR40,0.9945990797172548,0.5,True
8bp5__B1_A0A369SI82--8bp5__A1_A0A369SI82,0.9671460614856842,0.5,True
3l34__B1_Q9HT87--3l34__A1_Q9HT87,0.9319917436103502,0.5034965034965035,True
8god__A1_Q9UM07--8god__A2_Q9UM07,0.937377750664907,0.5,True
1h9g__A1_P0A8V6--1h9g__A2_P0A8V6,0.9806647782027362,0.5,True
7qg6__D1_Q9HAU5--7qg6__C1_Q9H1J1,0.8027997171983093,0.5,False
8sz3__B2_Q9NY97--8sz3__A1_Q9NY97,0.9184374504339157,0.5,True
5a10__A1_G1FNI6--5a10__A2_G1FNI6,0.9413795503405182,0.5,True
7qoc__A1_Q8NQV9--7qoc__B1_Q8NQV9,0.983142188875478,0.5,True
8a90__B1_A0A7S9SWM2--8a90__A1_A0A7S9SWM2,0.9656877556624415,0.5,True
3iaa__A1_Q8KNE0--3iaa__B1_Q8KNE0,0.8799253022136861,0.5,True
3n50__B1_Q9H4W6--3n50__A1_Q9H4W6,0.9389346810512872,0.5,True
2qg3__A1_O28220--2qg3__A2_O28220,0.9257065998647048,0.5,True
7ysk__A1_Q6D6Z8--7ysk__B1_Q6D6Z8,0.9722926002381327,0.5,True
7spz__A1_A8B3G9--7spz__A2_A8B3G9,0.9839023959224673,0.5,True
4q2e__B1_Q9X1B7--4q2e__A1_Q9X1B7,0.8534712511993584,0.5,True
8cff__A1_Q7SIF4--8cff__B1_Q7SIF3,0.9312824512547123,0.5,False
8bxl__A1_A0A075TRK9--8bxl__D1_A0A075TRK9,0.9862144549212297,0.5,True
7uqo__A1_UNDEFINED--7uqo__A2_UNDEFINED,0.7470905390721402,0.5,True
5d4v__C1_Q57913--5d4v__A1_Q57913,0.9374901414732583,0.5,True
2p23__A1_O95750--2p23__B1_O95750,0.7623728905235828,0.5,True
7u55__A1_A0A151EDA9--7u55__A2_A0A151EDA9,0.880169414712364,0.5,True
1rkw__A1_P0A0N4--1rkw__C1_P0A0N4,0.974408158532704,0.5,True
1ps6__A1_P19624--1ps6__B1_P19624,0.9824638628093432,0.5,True
2y21__L1_O28769--2y21__K1_O28769,0.954177746451799,0.5590659340659341,True
2z5i__A1_P58772--2z5i__B1_P58772,0.8866168121749917,0.5,True
5l7u__B1_A6L2E5--5l7u__A1_A6L2E5,0.9651821129756756,0.5,True
3egq__A1_O28458--3egq__B1_O28458,0.963423472889499,0.5,True
7r3a__A1_Q6LYR8--7r3a__E1_Q6LYR8,0.9658198669060698,0.5,True
7yq0__A1_A0A101DF63--7yq0__B1_A0A101DF63,0.9650199462360448,0.5,True
3wsc__A1_Q25C86--3wsc__B1_Q25C86,0.626290056797022,0.5,True
4pib__B1_Q2SVW5--4pib__A1_Q2SVW5,0.9141486011051227,0.5,True
7vmx__B1_P9WNN1--7vmx__A1_P9WNM1,0.8991844413844767,0.5,False
1ykd__A1_P94182--1ykd__B1_P94182,0.963790120019044,0.5,True
4ux7__A1_Q183F3--4ux7__B1_Q183F3,0.9524982122095736,0.5,True
3k3d__A1_P9WLZ7--3k3d__A2_P9WLZ7,0.9389785524711283,0.5,True
7q1d__D2_P29808--7q1d__A1_P29808,0.9004269255243325,0.5,True
1sj5__A1_Q9WY07--1sj5__B1_Q9WY07,0.9578328451643677,0.5,True
4c12__A1_Q2FZP6--4c12__A2_Q2FZP6,0.9132695256843223,0.5,True
3k9m__A1_P07858--3k9m__B1_P01040,0.9646750349998813,0.5,False
1ccd__A1_P17559--1ccd__A2_P17559,0.8927789692453956,0.5104956628122075,True
8xiz__A1_T2B4K5--8xiz__B1_T2B4K5,0.9605960324687075,0.5,True
7wz6__A1_P15806--7wz6__B1_P10085,0.9325762602196646,0.5,False
2i00__A1_Q831Y9--2i00__B1_Q831Y9,0.9722471449696015,0.5,True
5ffi__A2_Q44501--5ffi__B1_Q44501,0.9383986208920188,0.5,True
3cnk__A1_P21333--3cnk__B1_P21333,0.9630346232179225,0.5384615384615384,True
8gt9__A1_A8MW95--8gt9__B1_A8MW95,0.8945661659735278,0.5,True
4l2w__B1_Q13464--4l2w__A1_Q13464,0.9177152338692445,0.528190849706066,True
3d0j__A1_Q97DI0--3d0j__A2_Q97DI0,0.8989530372809384,0.5,True
7qaj__F1_UNDEFINED--7qaj__A1_Q8JIV8,0.9327204255238272,0.5,False
4ct0__A1_P97784--4ct0__B1_O54943,0.7692641611697357,0.5,False
3av0__A1_Q58719--3av0__B1_Q58718,0.9447148298851071,0.5,False
8bln__A1_C9QZ65--8bln__H1_C9QZ65,0.9679630630635795,0.5,True
2riq__A1_P09874--2riq__A2_P09874,0.8875190637394912,0.5,True
8hd5__A1_Q99U17--8hd5__B1_Q99U17,0.8914259040293652,0.5,True
6xrb__A1_A0A0H3NHS6--6xrb__B1_A0A0H3NHS6,0.9679104874015817,0.5,True
8a1g__A1_Q13596--8a1g__C1_Q9Y5X3,0.9533569294147416,0.5,False
8tn3__A1_Q643B9--8tn3__B1_Q643B9,0.9682210325129945,0.5,True
5ghs__A1_Q5JGL0--5ghs__C1_Q5JF31,0.8514481222151496,0.5,False
5umw__A1_A0A125SA26--5umw__F1_A0A125SA26,0.9608193248258963,0.49991204925241867,True
7x7j__A1_UNDEFINED--7x7j__B1_UNDEFINED,0.9638166208091241,0.5,True
7zcv__B1_A0A0E7KI02--7zcv__A1_A0A0E7KI02,0.887341743769059,0.5,True
6scq__A1_Q8NNN6--6scq__A2_Q8NNN6,0.9746188478249164,0.5,True
4ml9__A1_D1AMR0--4ml9__B1_D1AMR0,0.9316245559224454,0.5,True
7yfu__A1_Q8CG73--7yfu__B1_Q8CG73,0.9805729390595392,0.5,True
2yn3__C1_Q8ZKG6--2yn3__A1_Q8ZKG6,0.7198606336782779,0.5,True
3ix1__A1_Q9K9G5--3ix1__B1_Q9K9G5,0.9623019539340073,0.5,True
7khs__A1_Q2CEE3--7khs__B1_Q2CEE3,0.9755778083744503,0.5,True
8k5l__A1_A0A829KK40--8k5l__B1_A0A829KK40,0.9737791020203648,0.5,True
2g0t__B1_Q9WZQ3--2g0t__A1_Q9WZQ3,0.9795352510200201,0.5,True
3lr3__A1_Q63T74--3lr3__A2_Q63T74,0.9591691144280294,0.5,True
4pxq__A1_F1QR43--4pxq__B1_F1QR43,0.9734760495549944,0.5,True
4z5y__A1_Q88QV5--4z5y__A2_Q88QV5,0.9714134099008438,0.5,True
7zhf__A1_A0A0U2WWJ1--7zhf__A2_A0A0U2WWJ1,0.9679642813025243,0.5,True
6h86__A1_B5KM66--6h86__B1_B5KM66,0.7801424353717327,0.5,True
7saf__B1_Q6TLP8--7saf__A1_Q6TLP8,0.9360547118443927,0.5,True
7zj1__B1_P55265--7zj1__A1_P55265,0.877746927111241,0.5,True
4g9k__A1_P32340--4g9k__B1_P32340,0.9605329481333513,0.5,True
8b35__A1_Q96562--8b35__B1_Q96562,0.9623401568716375,0.5161118367729111,True
2rdz__A1_P0ABK9--2rdz__B1_P0ABK9,0.9645108753070051,0.5,True
6bzf__B1_P53061--6bzf__A1_P17122,0.8848457266321881,0.5,False
5ydd__B1_P9WME7--5ydd__A1_P9WME7,0.8860508487753372,0.5,True
4czd__B1_B8J3A4--4czd__A1_B8J364,0.894278286942938,0.5,False
3ft7__B1_Q54323--3ft7__A1_Q54323,0.8503805417605279,0.5084033613445378,True
4pz1__A1_Q99XU0--4pz1__A2_Q99XU0,0.8573668560400933,0.5,True
2w1t__A1_P37554--2w1t__B1_P37554,0.9813135413759385,0.5,True
7qz5__A1_A2RI36--7qz5__B1_A2RI36,0.9285879320858265,0.5,True
5h31__A1_Q14790--5h31__B1_Q14790,0.9474300743324537,0.5,True
8p33__A1_O51254--8p33__A2_O51254,0.9814434313599589,0.5,True
8orv__A1_A0A7H0DNF0--8orv__A2_A0A7H0DNF0,0.9239583200596924,0.5,True
8oru__A1_O93732--8oru__B1_O93732,0.9762489468937141,0.5,True
1u7i__A1_Q9I3Y6--1u7i__B1_Q9I3Y6,0.8916331904982598,0.5,True
8slg__B1_G7CIG9--8slg__A1_G7CIG9,0.895339749635581,0.5,True
3l2e__B1_Q6AW42--3l2e__A1_Q6AW43,0.9036101774471459,0.5,False
3b0a__A1_P0CG48--3b0a__B1_Q9WUB0,0.7360855547536146,0.5,False
6etz__A1_A0A023UGN9--6etz__A2_A0A023UGN9,0.9061011225377128,0.5,True
7sfz__B1_Q9NYP9--7sfz__A1_Q9NYP9,0.8347724705796626,0.5,True
7wwf__A1_A0R6Y0--7wwf__B1_A0R6Y0,0.965627392066515,0.5,True
8vdw__B1_T0TAB9--8vdw__A1_T0TAB9,0.9656782451078312,0.5,True
8ri0__A1_E4THH1--8ri0__B1_E4THH1,0.9356308127429206,0.5,True
5z2i__B1_Q54LT0--5z2i__A1_Q54LT0,0.8243491368481499,0.5,True
4miv__A1_P51688--4miv__B1_P51688,0.973514435635614,0.5,True
3vh1__A1_P38862--3vh1__A2_P38862,0.9799466394749782,0.5,True
7z98__A1_E6V140--7z98__A2_E6V140,0.9714160916817199,0.5,True
2ond__A1_Q99LI7--2ond__B1_Q99LI7,0.9288156336688353,0.5,True
7vt9__A1_P21517--7vt9__B1_P21517,0.9126647001703742,0.5,True
1gju__A1_O33838--1gju__A2_O33838,0.9574771523656446,0.5,True
6hta__A1_A0A3F2YM29--6hta__B1_A0A3F2YM29,0.9090433135083313,0.5,True
3h7h__A1_P63272--3h7h__B1_O00267,0.9421591079074617,0.5091743119266054,False
1dek__A1_P04531--1dek__B1_P04531,0.9680810753285476,0.5,True
4z39__A1_A0A0S2E5N6--4z39__B1_A0A0S2E5N6,0.8739557961679348,0.5,True
5ca9__A1_Q9C0L9--5ca9__A2_Q9C0L9,0.9334027153669858,0.5,True
2zvx__A1_P00974--2zvx__B1_P00974,0.7270005207429266,0.5,True
6x0a__A1_F7Y4W0--6x0a__S1_F7YBW8,0.7710548089295829,0.5,False
7spq__A1_C5AMM8--7spq__A2_C5AMM8,0.9686511909386074,0.5,True
7spn__A1_A0A7C2VFT1--7spn__B1_A0A7C2VFT1,0.9871291269718827,0.5,True
1tv8__A1_P65388--1tv8__B1_P65388,0.8167795696575033,0.5,True
3mkr__B1_Q27954--3mkr__A1_Q28104,0.9652946195294546,0.5,False
1dqn__A1_Q24973--1dqn__B1_Q24973,0.973141239652197,0.5,True
7tdq__A1_Q2HR80--7tdq__B1_Q2HR80,0.8512184241342776,0.5,True
7xoi__A1_A0A5N6DPG0--7xoi__B1_A0A5N6EXS6,0.9334693163892172,0.5,False
8h62__A1_P0DJM0--8h62__B1_P12830,0.921351894045606,0.5,False
7dyc__A1_UNDEFINED--7dyc__A2_UNDEFINED,0.7736843920402509,0.5027551798530826,True
8bbt__A1_A0A0B4VFQ3--8bbt__A2_A0A0B4VFQ3,0.9647676466540879,0.5,True
3t2l__A1_Q5LE95--3t2l__A2_Q5LE95,0.9810878457079393,0.5,True
3uet__A1_B7GNN8--3uet__B1_B7GNN8,0.9197165855560675,0.5,True
8fdb__B1_Q12KP2--8fdb__A1_Q12KP2,0.9342458877426413,0.5,True
6ok3__A1_C3X9N1--6ok3__B1_C3X9N1,0.6472177833344372,0.5,True
8hp3__A1_A0A2K0XCZ3--8hp3__B1_A0A2K0XCZ3,0.9415548570797296,0.5,True
7xkg__A1_A7NHS9--7xkg__B1_A7NHS9,0.8796501331926603,0.5,True
1l7e__A1_Q2RSB2--1l7e__B1_Q2RSB2,0.9504365743342815,0.5,True
8hn2__A1_Q9F722--8hn2__B1_Q9F722,0.9305114830827813,0.5,True
8gst__A1_Q1NEI7--8gst__B1_Q1NEI7,0.9686972335959544,0.5,True
7cq3__A1_P38324--7cq3__B1_Q12098,0.9414822857922504,0.5,False
5htf__A1_Q8Y759--5htf__B1_Q8Y759,0.9736522036724997,0.5,True
6c90__A1_P42285--6c90__B1_Q6NZY4,0.9081483270758691,0.5,False
6e1j__A1_C5J4P1--6e1j__B1_C5J4P1,0.9239261691191472,0.5,True
3ccd__A1_P0AA04--3ccd__B1_P0AA04,0.6799168399168398,0.5,True
3dzl__B1_Q396C9--3dzl__A1_Q396C9,0.9251462794722042,0.5,True
4ir7__A1_UNDEFINED--4ir7__A2_UNDEFINED,0.9720234184678593,0.5,True
7nlj__B1_UNDEFINED--7nlj__A1_K3YAU1,0.7505973839542219,0.5,False
2y1h__B1_Q17R31--2y1h__A1_Q17R31,0.8401617776570107,0.5,True
7unj__A1_UNDEFINED--7unj__B1_UNDEFINED,0.9757362749041942,0.5,True
7lfs__A1_P00533--7lfs__E1_O14944,0.8893508124037759,0.5,False
6jiw__A1_A0A0H3JU78--6jiw__A2_A0A0H3JU78,0.8740321662177761,0.5,True
8ees__A1_A0A0H3GMB7--8ees__B1_A0A0H3GMB7,0.9863279615168219,0.5,True
4a5b__B1_Q27895--4a5b__A1_Q27895,0.9276781319188535,0.5,True
3nb6__A1_O66874--3nb6__A2_O66874,0.853703371294468,0.5,True
5f8c__A1_O53532--5f8c__A2_O53532,0.948158857134471,0.5,True
5yet__A1_Q5UQV1--5yet__B1_Q5UQV1,0.9862480065567476,0.5,True
8jt3__A1_H8Y6N2--8jt3__C1_H8Y6N2,0.9283446315171142,0.5,True
1ije__A1_P02994--1ije__B1_P32471,0.908345756278239,0.5,False
6on4__A1_P0A8W0--6on4__B1_P0A8W0,0.8971207410286306,0.5,True
4zvc__A1_P0AA89--4zvc__B1_P0AA89,0.9710775812011297,0.5,True
4qoa__A1_A7VAB9--4qoa__A2_A7VAB9,0.9505363809876662,0.5,True
6wmv__A1_U5WZP7--6wmv__B1_U5WZP7,0.9492055579291445,0.5,True
3e3c__A1_Q7DB61--3e3c__B1_Q7DB61,0.9365205877288107,0.5,True
7zc8__B1_UNDEFINED--7zc8__A1_UNDEFINED,0.9271204147964711,0.5,True
6ekk__A1_Q8TEH3--6ekk__C1_Q15286,0.9302213017552452,0.5,False
8a9w__A1_P15751--8a9w__A2_P15751,0.9898334268413009,0.5,True
2gj9__A1_P25522--2gj9__B1_P25522,0.9665898802991314,0.5,True
3cm7__C1_P98170--3cm7__D1_P98170,0.962027152914586,0.5,True
8f5v__A1_O53728--8f5v__B1_O53728,0.9673165943114406,0.5,True
1ecj__A1_P0AG16--1ecj__B1_P0AG16,0.9059969896243161,0.5,True
3s5r__A1_Q2LS68--3s5r__B1_Q2LS68,0.9574048807110557,0.5,True
3im3__A1_P00514--3im3__A2_P00514,0.8971469515372591,0.5189117595970123,True
4mcj__B1_A6L9R1--4mcj__A1_A6L9R1,0.9720839522172524,0.5,True
7vw1__B1_V5J1S8--7vw1__A1_V5J1S8,0.9211424280309125,0.5,True
3p12__A1_Q2G1A5--3p12__D1_Q2G1A5,0.849694721831649,0.5,True
8aq0__A1_Q6DTN4--8aq0__B1_Q6DTN4,0.9735115411479002,0.5,True
3wpm__A1_G2IKE5--3wpm__B1_G2IKE5,0.8983968914556061,0.5,True
7xof__B1_Q0DFB6--7xof__A1_Q0DFB6,0.9566246096275249,0.5,True
8a8f__A1_P32598--8a8f__B1_P42073,0.7481767437971371,0.5,False
5un7__A1_Q9NUX5--5un7__B1_Q96AP0,0.855185191872102,0.5,False
8juk__A1_V5VGC6--8juk__B1_V5VGC6,0.9680966609113116,0.5,True
8snp__A1_O09118--8snp__A2_O09118,0.8650726648565243,0.5,True
8ic6__A1_UNDEFINED--8ic6__B1_UNDEFINED,0.9650213632562661,0.5,True
6wjc__A1_P11229--6wjc__B1_Q8QGR0,0.8795235764398759,0.5,False
8ard__A1_Q64331--8ard__A2_Q64331,0.7795917809716378,0.5,True
3mqi__A1_Q9UH73--3mqi__B1_Q9UH73,0.8113487224019416,0.5,True
3q01__A1_P04637--3q01__B1_P04637,0.9777059010013556,0.5,True
7ylq__A1_Q93CA6--7ylq__B1_Q93CA6,0.907233443380717,0.5,True
2yvo__A1_Q5SJY9--2yvo__A2_Q5SJY9,0.9001698962211684,0.5,True
5vpa__B1_P17535--5vpa__A1_P53539,0.9267100977198698,0.5,False
3v78__B1_P95092--3v78__A1_P95092,0.9552889072267472,0.5,True
7pzh__A1_A0A174J845--7pzh__B1_A0A174J845,0.8840508322609318,0.5,True
3m0f__A1_Q4KDJ6--3m0f__B1_Q4KDJ6,0.909640795198408,0.5,True
1y4h__A1_P0C1S6--1y4h__C1_Q9EYW6,0.9111696150326116,0.5,False
2o4c__A1_Q9I3W9--2o4c__B1_Q9I3W9,0.9900081684444864,0.5,True
1ynh__A1_P76216--1ynh__D1_P76216,0.98409210193174,0.5,True
8ohx__A1_U4Q148--8ohx__B1_U4Q148,0.9391937290033594,0.5,True
3a6m__A1_Q56236--3a6m__B1_Q56236,0.9377693344374625,0.5,True
4bvp__A1_Q5ZUA2--4bvp__B1_Q5ZUA2,0.9443617840152655,0.5,True
7oc6__A1_A0A2U8U2L5--7oc6__A2_A0A2U8U2L5,0.9642390463239212,0.5,True
6qpq__A1_G0SGH3--6qpq__B1_Q12158,0.9785293764267692,0.5,False
3ct6__A1_Q9CIV6--3ct6__B1_Q9CIV6,0.9207882046662859,0.5,True
1qae__A1_P13717--1qae__B1_P13717,0.9168509715656286,0.5,True
3q5w__B1_P38937--3q5w__A1_P38937,0.9073050769640967,0.5,True
8gol__B1_G9I933--8gol__A1_G9I933,0.9218746613405667,0.5,True
7epj__A1_P62554--7epj__A2_P62554,0.9614489674933305,0.5,True
1ag9__A1_P61949--1ag9__B1_P61949,0.995471329311149,0.5,True
3gwh__B1_O31691--3gwh__A1_O31691,0.8778550185621973,0.5,True
5gw1__A1_P57768--5gw1__B1_P57768,0.9042697878626891,0.5,True
3l2o__B1_Q9UKT5--3l2o__A1_P63208,0.9211795973187863,0.5,False
7y3u__A1_A0A8B9XNB5--7y3u__B1_A0A8B9XNB5,0.9578257359321227,0.5,True
3wrf__A1_E8MGH8--3wrf__A2_E8MGH8,0.9676308443010105,0.5,True
7yyl__A1_Q3AET9--7yyl__B1_Q3AET9,0.9090661356256826,0.5,True
8syb__B1_Q72KY0--8syb__A1_Q72KY0,0.9935744307754382,0.5,True
8qc3__A1_A0A1C9WRL0--8qc3__B1_A0A1C9WRL0,0.9548364648291103,0.5,True
3wtf__B1_Q9BUH6--3wtf__A1_Q9BUH6,0.9751152999285885,0.5,True
2x0e__B1_Q7BG50--2x0e__A1_Q7BG50,0.9166724991792949,0.5,True
5hwt__A1_A5W4E3--5hwt__B1_A5W4E3,0.965583983636678,0.5,True
1ojh__A1_Q8YNP7--1ojh__B1_Q8YNP7,0.7548272401433693,0.5,True
3eyy__A1_Q9K4F8--3eyy__B1_Q9K4F8,0.9768388055580369,0.5,True
8bwv__D2_A0A482M8M0--8bwv__A1_A0A482M8M0,0.8271021884658564,0.5,True
7cm9__A1_A0A7V8UZ53--7cm9__B1_A0A7V8UZ53,0.948103530660493,0.5,True
4nc8__A1_P12464--4nc8__A2_P12464,0.9668533489429247,0.5518471789354892,True
1zhh__A1_P54300--1zhh__B1_P54302,0.8959256410779957,0.5,False
8c0u__A1_Q9I5Q5--8c0u__B1_Q9I5Q5,0.9534663862239854,0.5,True
2fbq__A1_Q9HZJ9--2fbq__A2_Q9HZJ9,0.9380954508976159,0.5,True
7fch__A1_O95256--7fch__C2_O95256,0.9189493312086633,0.5,True
8c7t__B1_A0A1B4XP18--8c7t__A1_A0A1B4XP18,0.9274756011889138,0.5,True
4iwn__A1_P76290--4iwn__B1_P76290,0.974055896075382,0.5235002515780807,True
1sc1__A1_P29466--1sc1__B1_P29466,0.8941014086794139,0.5091103718375222,True
5amt__A1_A0Q7H2--5amt__A2_A0Q7H2,0.9467651395377755,0.5,True
4ueb__C1_P48598--4ueb__D1_UNDEFINED,0.8988553069443811,0.5,False
7qfz__B1_B7L3Y3--7qfz__A1_B7L3Y3,0.902018413555771,0.5,True
3hml__A1_A6T9H1--3hml__B1_A6T9H1,0.9299801041389704,0.5,True
1xk6__A1_P31572--1xk6__C1_P31572,0.8995103991975165,0.5,True
7r3s__A1_A0A4R2M5S2--7r3s__B1_A0A4R2M5S2,0.948477363945101,0.5,True
2grx__A1_P06971--2grx__C1_P02929,0.8696260640451646,0.5,False
7vsf__A1_P25440--7vsf__B1_P25440,0.7716766201352453,0.5,True
3q34__A1_Q48EL2--3q34__C1_Q48EL2,0.8638937477327436,0.5,True
4r2k__A1_Q8ZP84--4r2k__A2_Q8ZP84,0.9633106444859092,0.5,True
3cgw__A1_Q8PVT6--3cgw__A2_Q8PVT6,0.979138934873048,0.5,True
7r2f__A1_P21836--7r2f__B1_P21836,0.9864978821656707,0.5,True
4g19__A1_I6ZUH3--4g19__B1_I6ZUH3,0.9892605777121648,0.5,True
3dg8__C1_P13922--3dg8__A1_P13922,0.8305090109700108,0.5,True
6m10__A1_Q9HUW0--6m10__C1_Q9HUW0,0.8970028383414813,0.5,True
8tt2__B1_Q4K977--8tt2__A1_Q4K977,0.9433310652572948,0.5,True
1h31__A1_Q939U1--1h31__B1_Q939U4,0.9468263162694412,0.5,False
5iib__A1_P04552--5iib__B1_Q8WR62,0.8559257511742124,0.5,False
6a5g__A1_UNDEFINED--6a5g__C1_UNDEFINED,0.9645027917059368,0.5,True
7p7i__B1_R8APY9--7p7i__A1_R8APY9,0.9751155857348716,0.5,True
3hzu__A1_P9WHF7--3hzu__A2_P9WHF7,0.9600658574380165,0.5,True
5dob__A1_P16794--5dob__B1_P16791,0.9253845273625156,0.5,False
7xgs__A1_Q9FVC1--7xgs__A2_Q9FVC1,0.7970885023488803,0.5,True
6iju__A1_Q9KJN4--6iju__A2_Q9KJN4,0.9490835030549898,0.5,True
4kqd__B1_P06626--4kqd__A1_P06626,0.8945758585833854,0.5,True
2fu3__B1_Q03555--2fu3__A1_Q03555,0.8596232881270736,0.5,True
1jgt__B1_P0DJQ7--1jgt__A1_P0DJQ7,0.9568965360332793,0.5,True
6l4b__A1_Q9UGV2--6l4b__C2_Q9UGV2,0.9472869865405469,0.5,True
3lzk__A1_Q92LT4--3lzk__B1_Q92LT4,0.9657545280321538,0.5,True
1ht8__A1_P05979--1ht8__B1_P05979,0.9200189521949274,0.5,True
1z8h__A1_Q8YWS4--1z8h__B1_Q8YWS4,0.94249500028072,0.5,True
8gk6__A1_W6USS8--8gk6__E1_W6USS8,0.9778682587157678,0.5,True
4mjf__A1_A6L2I4--4mjf__A2_A6L2I4,0.9906443822163025,0.5,True
7m4s__A1_Q8YLC3--7m4s__D1_Q8YLC3,0.898391674792443,0.5,True
6fju__A1_E6N8B9--6fju__B1_E6N8B9,0.9766394724710221,0.5,True
6lgq__A1_P21865--6lgq__B1_P21866,0.7464729944068786,0.5,False
2y27__B1_B4E7B5--2y27__A1_B4E7B5,0.9818883177441001,0.5,True
2tdx__A1_P0DJL7--2tdx__A2_P0DJL7,0.9880498000727008,0.5,True
8aim__C1_Q6GJ88--8aim__A1_A0A141HSF0,0.8288813604726981,0.5,False
8fj8__A1_P02638--8fj8__A2_P02638,0.9227304319931566,0.5,True
3uv0__B1_Q9W061--3uv0__A1_Q9W061,0.9653546720615596,0.5,True
8alo__B1_P24003--8alo__A1_P15795,0.9473196429442466,0.5,False
2zb6__A1_P08362--2zb6__A2_P08362,0.9756707111524121,0.5,True
6xa0__A1_D1A230--6xa0__B1_D1A230,0.9365496911351718,0.5,True
1zbo__B1_Q7WAM7--1zbo__A1_Q7WAM7,0.8734629697095867,0.5,True
6xb5__A1_A0A7E5VPD6--6xb5__B1_A0A7E5VPD6,0.9556974659733817,0.5,True
8duy__D1_A0A0H3GVN6--8duy__A1_A0A0H3GVN6,0.9815226039715835,0.5,True
7th5__A1_Q5SLG6--7th5__B1_Q5SLG6,0.8443309920766978,0.5,True
3uws__B1_A7A9N3--3uws__A1_A7A9N3,0.9713976817921929,0.503030303030303,True
4u04__B1_Q9BVA6--4u04__A1_Q9BVA6,0.9482539246797019,0.5,True
2kin__A1_P56536--2kin__B1_Q6QLM7,0.9021447014714205,0.5020833333333333,False
3ulc__A1_Q08236--3ulc__A2_Q08236,0.9351591082317074,0.5,True
8b2a__A1_Q2YWJ9--8b2a__A2_Q2YWJ9,0.9927467229791176,0.5,True
8qff__A1_K9TLZ5--8qff__A2_K9TLZ5,0.9419231344502468,0.5,True
6w9q__A1_P0DTD1--6w9q__A2_P0DTD1,0.9459322673920568,0.5,True
8c8c__A1_P48426--8c8c__A2_P48426,0.988390405518869,0.5,True
8iup__B1_A9A1Y1--8iup__A1_A9A1Y1,0.9664713579557174,0.5,True
3o7o__A1_Q9S5X8--3o7o__B1_Q9S5X8,0.7841591602446394,0.5,True
4bg8__A1_Q8TX37--4bg8__B1_Q8TX37,0.9894663677207894,0.5,True
7qxo__A1_G8UIQ1--7qxo__B1_G8UIQ1,0.9560958674495561,0.5,True
4xiz__A1_Q05776--4xiz__D1_O60200,0.7911129432850155,0.5,False
2x3l__B1_UNDEFINED--2x3l__A1_UNDEFINED,0.9618874371161192,0.5,True
7pwe__A1_Q6AL91--7pwe__B1_Q6AL91,0.8604876313089984,0.5,True
6uxu__A1_E2JB04--6uxu__B1_E2JB04,0.8614422662618099,0.5,True
3bid__A1_Q7DDI1--3bid__B1_Q7DDI1,0.8463737521137572,0.5,True
4f7w__A1_B5XYG3--4f7w__B1_B5XYG3,0.9385587634795973,0.5,True
2rae__A1_Q0S3N9--2rae__A2_Q0S3N9,0.9413094942496413,0.5046296296296297,True
7ads__A1_A0A0R8HV90--7ads__A2_A0A0R8HV90,0.8546558343607908,0.49997231604008635,True
7yn1__A1_E9JES9--7yn1__C1_E9JES9,0.9076885719818706,0.5,True
3t7y__A1_O84093--3t7y__B1_O84093,0.9500686749351978,0.5303030303030303,True
8hhj__B1_UNDEFINED--8hhj__A1_A0A0Y5KAW3,0.8047759537378566,0.5,False
7u6p__A1_P11926--7u6p__B1_P11926,0.9135130538177068,0.5,True
4mis__A1_Q57ES7--4mis__B1_Q57ES7,0.9449605795866183,0.5,True
2blf__A1_Q9LA16--2blf__B1_Q9LA15,0.9082701526605715,0.5,False
3ke3__A1_Q4FVA8--3ke3__A2_Q4FVA8,0.9789711450494838,0.5,True
7ywc__A1_Q9L0T8--7ywc__B1_Q9L0T8,0.9760473337247388,0.5,True
4wwr__B1_P46379--4wwr__A1_P11441,0.8274820973419105,0.5,False
7r0d__B1_Q9NV35--7r0d__A1_Q9NV35,0.9585251926721585,0.5,True
8w6x__A1_P21852--8w6x__B1_P21853,0.9290017801523249,0.5,False
8hdv__A1_UNDEFINED--8hdv__B1_UNDEFINED,0.727684107563248,0.4999701581617428,True
3fmf__A1_P9WPQ5--3fmf__B1_P9WPQ5,0.858525626356238,0.5,True
2xrm__A1_D0AB41--2xrm__A2_D0AB41,0.947789016362749,0.5,True
4xj7__A1_P66881--4xj7__B1_P66881,0.9492055343539569,0.5,True
7yrt__E1_H9L4P6--7yrt__A1_H9L4P6,0.8228041913109917,0.5,True
7tye__A1_P0A7J0--7tye__A2_P0A7J0,0.9323698270197464,0.5,True
2zvd__B1_Q9RBY1--2zvd__A1_Q9RBY1,0.9974654320265353,0.5,True
3mtw__A1_Q9A4Z9--3mtw__A2_Q9A4Z9,0.9903924920761407,0.5,True
3n2o__A1_Q7MK24--3n2o__B1_Q7MK24,0.8643316698813134,0.5,True
7ywd__A1_Q8TB36--7ywd__A2_Q8TB36,0.9902002877394377,0.5,True
5upq__A1_A0A0A0V031--5upq__B1_A0A0A0V031,0.9231633249236261,0.5,True
1vgu__A1_Q46893--1vgu__B1_Q46893,0.9553905070024844,0.5,True
7pxo__A1_F4F7G1--7pxo__C1_F4F7G1,0.9318107095322601,0.5,True
2dp9__A1_Q5SM30--2dp9__A2_Q5SM30,0.9517851893554834,0.5353982300884956,True
8a7l__A1_M1JS91--8a7l__A2_M1JS91,0.9702803709054377,0.5,True
7uqv__A1_A0A0L6JSP1--7uqv__B1_A0A0L6JSP1,0.9781597209948983,0.506578947368421,True
5d1r__A1_P9WMC9--5d1r__B1_P9WMC9,0.9483771503603169,0.5,True
3f6q__A1_Q13418--3f6q__B1_P48059,0.925379777753205,0.5,False
7xyk__A1_Q77J90--7xyk__B1_Q77J90,0.9683725460194367,0.5,True
7xxk__A1_P0DTC9--7xxk__B1_P0DTC9,0.8846595377880879,0.5,True
3qta__A1_Q5V4K4--3qta__B1_Q5V4K4,0.9928846186958692,0.5,True
8oqj__B1_P06959--8oqj__A1_P06959,0.8723424657534247,0.5,True
1tbp__A1_P13393--1tbp__B1_P13393,0.9538760511154132,0.5,True
7qfk__C1_Q5FLN0--7qfk__A1_Q5FLN0,0.9350690108445612,0.5,True
7r3o__B1_Q460N3--7r3o__A1_Q460N3,0.9619074525228213,0.5,True
2z0l__A1_P03191--2z0l__B1_P03191,0.9072974018300546,0.5,True
1wli__A1_Q46604--1wli__B1_Q46604,0.9474259974259974,0.5,True
8b3e__A1_M4SY06--8b3e__A2_M4SY06,0.9193708463368252,0.5,True
1d8i__A1_O13297--1d8i__A2_O13297,0.9112288147683336,0.5,True
7vo4__B2_F1CLA7--7vo4__A1_F1CLA7,0.9699285368643797,0.5,True
8eh0__B1_P50909--8eh0__A1_P50909,0.9652670092082094,0.5,True
7q39__A1_UNDEFINED--7q39__A2_UNDEFINED,0.974693713113054,0.5,True
3seo__B1_Q87GE5--3seo__A1_Q87GE5,0.9489589311334289,0.5,True
3iey__B1_Q74MS9--3iey__A1_Q74MP4,0.9645718040951855,0.5,False
4yto__B1_Q15431--4yto__A1_Q15431,0.823872797208648,0.5,True
6csm__A1_L1J207--6csm__B1_L1J207,0.9394599986783604,0.5,True
4ndt__A1_A7UNK4--4ndt__A2_A7UNK4,0.7075022980067491,0.5,True
8j3p__A1_B9WHT3--8j3p__A2_B9WHT3,0.9828859171191514,0.5,True
7pv7__B1_Q7MVV4--7pv7__A1_Q7MVV4,0.88356697106222,0.5,True
7uj6__A1_Q8RMD9--7uj6__B1_Q8RMD9,0.9641816004158097,0.5,True
3k9i__A1_Q9KFK0--3k9i__A2_Q9KFK0,0.9046122550016111,0.5080450328231808,True
7z1s__A1_A0A3Q7HTY9--7z1s__A2_A0A3Q7HTY9,0.9691972198134793,0.5,True
2e89__A1_O67728--2e89__B1_O67728,0.9708372700550288,0.5,True
2woz__A1_Q9ER30--2woz__A2_Q9ER30,0.9176608365641695,0.5,True
7xxs__A1_B2CKP3--7xxs__B1_B2CKP3,0.9376182397696894,0.5,True
8fir__A1_O83132--8fir__B1_O83132,0.977791248468115,0.5,True
3i6s__A1_O82777--3i6s__B1_O82777,0.9839625852337933,0.5,True
7yhe__B1_A6YEH4--7yhe__A1_A6YEH4,0.8875841520347263,0.5,True
1ku2__A1_Q9EZJ8--1ku2__B1_Q9EZJ8,0.8521363145019059,0.5,True
6qwo__B1_Q9S5W7--6qwo__A1_Q9S5W7,0.9721013498071145,0.5,True
1mxi__A1_P44868--1mxi__A2_P44868,0.9321260925212221,0.5,True
8fuq__A1_P22363--8fuq__B1_P22363,0.9076141462127211,0.5,True
6hhk__B1_A8AST9--6hhk__A1_A8AST9,0.9754434626396034,0.5,True
2vhl__A1_O34450--2vhl__A2_O34450,0.9886814013530467,0.5,True
8h1i__A1_W6EBY7--8h1i__B1_P0A9Y6,0.9111843190318213,0.5,False
5wan__A1_P75898--5wan__A2_P75898,0.9794596666004065,0.5,True
4x7z__B1_Q49492--4x7z__A1_Q49492,0.9827650651836995,0.5,True
5c6k__B1_P36932--5c6k__A1_P36932,0.9290362445733464,0.5,True
6a1k__A1_P71018--6a1k__B1_P71018,0.9744491400991737,0.5,True
7pjh__A1_Q9Y312--7pjh__B1_Q6P2Q9,0.9305592907981151,0.5,False
4joi__A1_Q9H668--4joi__C1_Q86WV5,0.8967625494270821,0.5,False
8axz__A1_P31153--8axz__A2_P31153,0.9683205331983333,0.5,True
8ogi__B1_P11678--8ogi__A1_P11678,0.8365423104560742,0.5,True
8cxl__A1_A7KH32--8cxl__B1_A7KH32,0.9040293843523357,0.5,True
7win__B1_Q9UIF8--7win__A1_Q9UIF8,0.7841600583356121,0.5,True
7b80__A1_G3I8R9--7b80__B1_Q9BVA6,0.8205175262614386,0.5,False
4bwv__A1_Q8L5D0--4bwv__B1_Q8L5D0,0.9174668087032827,0.5,True
7drj__A1_P63756--7drj__B1_P63756,0.9461393098478665,0.5,True
6t2b__A1_B2UQL7--6t2b__C1_B2UQL7,0.9743338975530682,0.5,True
8jh0__B1_S2D3K4--8jh0__A1_S2D3K4,0.901544878785977,0.5,True
7t2s__A1_A0A494K842--7t2s__A2_A0A494K842,0.9263515060494658,0.5,True
3frw__B1_A5ZMD8--3frw__A1_A5ZMD8,0.8360487926198362,0.5,True
5ab5__A1_C9ZUV7--5ab5__B1_C9ZUV7,0.9844752711370504,0.49999697879719873,True
8jqp__A2_UNDEFINED--8jqp__B1_UNDEFINED,0.9913658713226793,0.5,True
5myd__C2_A0A2D0TC86--5myd__A1_A0A2D0TC86,0.9714902608794513,0.5,True
5cde__A1_Q8P839--5cde__B1_Q8P839,0.9354463588905679,0.5,True
6pi4__A1_A0R1Z9--6pi4__A2_A0R1Z9,0.9773670965712489,0.5072816399286988,True
3ipf__A1_Q251Q8--3ipf__B1_Q251Q8,0.9553589673727948,0.5088698828417683,True
4c11__B1_Q6YMS4--4c11__A1_Q6YMS4,0.9526334829512006,0.5,True
2p3y__A1_Q87I71--2p3y__B1_Q87I71,0.971238794303405,0.5,True
5jbr__A1_C5C6I1--5jbr__B1_C5C6I1,0.8920485979456566,0.5,True
8ttz__A1_G8E2R2--8ttz__B2_G8E2R2,0.9760905812315483,0.5,True
3vba__A1_Q58673--3vba__B1_Q58673,0.9675202634961643,0.5,True
4o6y__B1_Q9SWS1--4o6y__A1_Q9SWS1,0.8772933740752743,0.5,True
4e5r__A1_Q6IRB5--4e5r__A2_Q6IRB5,0.7720707769612124,0.5,True
7ywv__A1_Q0SBK1--7ywv__C1_Q0SBK1,0.9809680161452853,0.5,True
8eer__A1_P01116--8eer__A2_P01116,0.9223039301706715,0.5,True
3f84__B1_E3PPC4--3f84__A1_E3PPC4,0.8145225312352184,0.5,True
5mu7__A1_G0S6G7--5mu7__B1_G0S6I4,0.9196215907886265,0.5,False
8hfp__B1_Q96T68--8hfp__A1_Q8N8R7,0.7328105917936426,0.5,False
4rmn__B1_Q6NC13--4rmn__A2_Q6NC13,0.9104012530602899,0.5,True
3mx1__A1_Q46944--3mx1__A2_Q46944,0.9521913063994911,0.5,True
5gl5__A1_Q06321--5gl5__B1_Q06321,0.9709503735232506,0.5,True
8e77__A1_Q1QD54--8e77__A2_Q1QD54,0.9777539068601799,0.5,True
5gl4__A1_B6YTD8--5gl4__B1_B6YTD8,0.9901863611914252,0.5,True
7wf9__A1_Q3ZT31--7wf9__B1_Q3ZT31,0.8293932586097651,0.5,True
8fw0__B1_P39897--8fw0__A1_P39897,0.9124389168629772,0.5,True
8ou8__B1_P0A8M3--8ou8__A1_P0A8M3,0.9627012854063339,0.5,True
7acm__B1_P75811--7acm__A1_P75811,0.9124619137889353,0.5,True
4trb__A1_Q97W95--4trb__B1_Q97W95,0.928639013852901,0.5,True
7y55__A1_A0A9E8RZN7--7y55__C2_A0A9E8RZN7,0.9845222865709575,0.5,True
2ia9__B1_P28015--2ia9__A1_P28015,0.8883978532519646,0.5,True
3sy6__A1_Q5LE92--3sy6__B1_Q5LE92,0.9500622065312763,0.5,True
6xz3__A1_Q9H1K6--6xz3__A2_Q9H1K6,0.9739509651373061,0.5,True
2h8e__A1_P0AG74--2h8e__A2_P0AG74,0.7940349700132081,0.5,True
3gyx__A1_T2G6Z9--3gyx__B1_T2G899,0.8297608839270105,0.5,False
4e0u__A1_D1D8L6--4e0u__A2_D1D8L6,0.998363889398882,0.5,True
6teu__A1_O60568--6teu__A2_O60568,0.9773319899197255,0.5,True
6xt5__B1_P49046--6xt5__A1_P49046,0.9945767787029928,0.5,True
8g1t__A1_Q07812--8g1t__B1_Q07812,0.726814992158791,0.5,True
7xp7__B1_W9FXI8--7xp7__A1_W9FXI8,0.9511212614892666,0.5,True
8i55__A1_Q58380--8i55__B1_Q58380,0.9474606170377108,0.5,True
1h65__A1_Q41009--1h65__A2_Q41009,0.9719359254756684,0.5,True
3ol4__A1_A0QRC4--3ol4__B1_A0QRC4,0.9580083237226094,0.5,True
8idq__A1_A0A0B8MZ29--8idq__C1_A0A0B8MZ29,0.9540724996604424,0.5,True
5hcb__A1_P83003--5hcb__B1_P83003,0.9761579395273069,0.5,True
3f6g__B1_Q8F3Q1--3f6g__A1_Q8F3Q1,0.9252298015526461,0.5,True
6akj__B1_G2TRN4--6akj__A1_G2TRN4,0.8781770653176525,0.5,True
8ju7__A1_Q9I2U4--8ju7__B1_Q9I2U4,0.9336756345209343,0.5,True
3nel__A1_Q52428--3nel__B1_Q52428,0.9609180003764556,0.5,True
2dc1__A1_O28440--2dc1__B1_O28440,0.9552576873818133,0.5,True
8fzk__B1_P52292--8fzk__A1_P52292,0.8607297510886531,0.5,True
3wnz__A1_P39641--3wnz__A2_P39641,0.9773245514236784,0.5,True
8e1u__A1_A0A160VN62--8e1u__F2_A0A160VN62,0.9580541452377431,0.5,True
1v7c__A1_P83823--1v7c__B1_P83823,0.9506526990427081,0.5,True
7skr__A1_Q0QDZ2--7skr__A2_Q0QDZ2,0.8492261823494393,0.5,True
3egg__A1_P62136--3egg__C1_O35274,0.9181748136509718,0.5,False
8imd__A1_UNDEFINED--8imd__B1_UNDEFINED,0.9769213990541057,0.5,True
4yke__B1_G0RYR3--4yke__A1_G0RYR3,0.994865984384663,0.5,True
1tq9__A1_P00669--1tq9__B1_P00669,0.9164812155438276,0.5,True
4oh3__B1_Q05085--4oh3__A1_Q05085,0.939045560790163,0.5,True
4q62__A1_Q5ZUB7--4q62__A2_Q5ZUB7,0.914402429403012,0.5,True
2we5__A1_P0A2X7--2we5__B1_P0A2X7,0.9478787490108007,0.5,True
5t51__A1_Q6CLK3--5t51__B1_Q6CPD1,0.9139469157576152,0.5,False
3i0z__A1_A0A0H2UN25--3i0z__B1_A0A0H2UN25,0.9182958171208767,0.5,True
3wof__A1_Q8RQE9--3wof__B1_A7XX65,0.7067444914921979,0.5,False
8p6k__A1_A0A0H2UWN1--8p6k__B1_A0A0H2UWN1,0.9246553597152601,0.5,True
7z9z__A1_P02754--7z9z__A2_P02754,0.9656318107692075,0.5,True
6d0i__A1_A0A0C5XL88--6d0i__B1_A0A0C5XKJ0,0.8389808578056291,0.5,False
3gs3__A1_Q8MSU4--3gs3__A2_Q8MSU4,0.9949874157775775,0.5,True
2f4m__A1_Q9JI78--2f4m__B1_P54728,0.9415946251452771,0.5,False
4yh8__A1_Q09176--4yh8__B1_P36629,0.8068567539317921,0.5,False
6ago__A1_Q9NR48--6ago__C1_Q9UBU8,0.9039130326933571,0.5,False
7rmx__A1_UNDEFINED--7rmx__A2_UNDEFINED,0.9664896812898592,0.5,True
1e44__B1_P00646--1e44__A1_P02984,0.9028780228751694,0.5,False
2yri__A1_Q5SLX0--2yri__B1_Q5SLX0,0.9767020850968295,0.5,True
1gcj__A1_P70168--1gcj__B1_P70168,0.9756846020420936,0.5,True
7qbp__A1_A4F7B2--7qbp__A2_A4F7B2,0.935520797501906,0.5,True
4hdd__A1_P09391--4hdd__A2_P09391,0.7821122834504064,0.49949096462204123,True
3e4q__A1_P13633--3e4q__B1_P13633,0.9435450752110097,0.5,True
8ein__B1_Q6FCQ4--8ein__A1_Q6FCQ4,0.9878880755081565,0.5,True
1zmb__A1_Q97LM8--1zmb__B1_Q97LM8,0.9432829434696675,0.5,True
6ygu__A1_G0RZ64--6ygu__B1_G0S1V1,0.8500087046210041,0.5,False
2yyh__A1_O67435--2yyh__B1_O67435,0.9809681625556883,0.5,True
5wk0__A1_A0A2C9TMM3--5wk0__A2_A0A2C9TMM3,0.9682301851334535,0.4999793661274348,True
8h4j__A1_W8UQZ7--8h4j__D1_W8UQZ7,0.8714106853307609,0.5,True
1z83__A1_P00568--1z83__B1_P00568,0.8725298407518525,0.5,True
8h2c__A1_Q0P8U0--8h2c__B1_Q0P8U0,0.9202151997096478,0.5,True
2dkh__A1_Q6SSJ6--2dkh__A2_Q6SSJ6,0.8918350699073931,0.5,True
7c7e__A1_A0A0H3MRW3--7c7e__A2_A0A0H3MRW3,0.9542834928229664,0.5,True
7px2__A1_UNDEFINED--7px2__B1_UNDEFINED,0.7924051839146179,0.5,True
3dpt__B1_Q8KC98--3dpt__A1_Q8KC98,0.9286053890777664,0.5,True
8u1j__A1_Q9RYE6--8u1j__A2_Q9RYE6,0.9035608426928956,0.5,True
3fgw__A1_Q3TCN2--3fgw__A2_Q3TCN2,0.9867029001319816,0.5,True
7wh0__A1_Q9U2E4--7wh0__B2_Q9U2E4,0.9985166585110828,0.5,True
8dq3__A1_A0A142G3G1--8dq3__B1_A0A142G3G1,0.9402171469992671,0.5,True
8hci__B1_A0A8T8BZJ9--8hci__A1_A0A8T8BZN3,0.8829137480942779,0.5,False
3qth__A1_Q47ZP9--3qth__B1_Q47ZP9,0.8978745460373938,0.5,True
8b28__A1_F6GSX7--8b28__A2_F6GSX7,0.9807467989399724,0.5,True
6scx__A1_Q9BQG2--6scx__B1_Q9BQG2,0.88250791494862,0.5,True
8hpc__A1_P60327--8hpc__H1_P60327,0.9627794998210807,0.5,True
5n76__A1_P72320--5n76__B1_P72320,0.944700012508165,0.5,True
8hpi__A1_A0A8D3X086--8hpi__B1_A0A8D3X086,0.9634909048498084,0.5,True
3cq3__A1_Q53W28--3cq3__A2_Q53W28,0.8303053373475909,0.5,True
3kbu__A1_P11277--3kbu__D1_P16157,0.8659877967783907,0.5,False
7pck__A1_P43235--7pck__C2_P43235,0.9943205720413256,0.5,True
5o4z__A1_Q9X1T1--5o4z__A2_Q9X1T1,0.9847683004100618,0.5,True
1vla__A1_Q9X021--1vla__B1_Q9X021,0.9148384935557566,0.5,True
5oed__A1_Q6EAT3--5oed__B1_Q13637,0.908183403944528,0.5,False
8hyn__A1_UNDEFINED--8hyn__B1_UNDEFINED,0.9716639831974075,0.5,True
7yva__A1_Q9URB4--7yva__B1_Q9URB4,0.9798377781009049,0.5,True
7s6n__B1_Q5RGJ8--7s6n__A1_Q5RGJ8,0.8669514224761146,0.5,True
4cz8__A1_Q9UZ55--4cz8__B1_Q9UZ55,0.938093414009147,0.5,True
6ebn__A1_A0A4P1LYB6--6ebn__B1_A0A4P1LYB6,0.9531584251330345,0.5,True
3lf4__B1_D1MPT3--3lf4__A1_D1MPT3,0.880824344975748,0.5,True
3ffe__B1_Q93AT8--3ffe__A1_Q93AT8,0.9485686146759799,0.5,True
7zg6__A1_A0A2J0RDY6--7zg6__B1_A0A2J0RDY6,0.8556714304107119,0.5,True
1p65__A1_Q9YJI1--1p65__B1_Q9YJI1,0.8180395842876435,0.5,True
8f4q__A1_Q00972--8f4q__A2_Q00972,0.8535274628196429,0.5,True
4rz3__A1_A4IMB4--4rz3__B1_A4IMB4,0.9372098304400485,0.5,True
7tjl__A1_UNDEFINED--7tjl__A2_UNDEFINED,0.9621481712283464,0.5,True
8f8k__A1_O53507--8f8k__A2_O53507,0.9657336006349437,0.5,True
3zw5__A1_A6NK44--3zw5__B1_A6NK44,0.8831373160389124,0.5,True
6l3q__B1_G0SEI5--6l3q__A1_G0SEI5,0.9122358814378256,0.5,True
8ag8__A1_A0A1I5SVP7--8ag8__A2_A0A1I5SVP7,0.940746695248303,0.5,True
2i2w__A1_P63224--2i2w__D1_P63224,0.973394411471227,0.5,True
2f22__B1_Q9RC77--2f22__A1_Q9RC77,0.9421119252643027,0.5,True
6yex__A1_UNDEFINED--6yex__B1_UNDEFINED,0.803052696630117,0.5,True
3tng__A1_Q8Y7B7--3tng__A2_Q8Y7B7,0.9571532646930069,0.5,True
8gr8__B1_P08679--8gr8__A1_P08679,0.9753043620933662,0.5,True
7ae8__A1_A0A0B0QJR1--7ae8__B1_A0A0B0QJR1,0.9105310978495876,0.5,True
2w54__B1_O54051--2w54__A1_O54050,0.9491204911980446,0.5,False
4cuc__A1_A0A0H2UP19--4cuc__A2_A0A0H2UP19,0.8786877300806626,0.5,True
4b0z__A1_P50524--4b0z__B1_P50524,0.9907594911349293,0.5,True
2re7__A1_Q4FV99--2re7__A2_Q4FV99,0.9183159324335796,0.5,True
8h0t__A1_O34614--8h0t__A2_O34614,0.9807302017430305,0.5192307692307693,True
1te2__A1_P77247--1te2__B1_P77247,0.9876918909833319,0.5,True
7xt2__A1_Q6ZMU5--7xt2__B1_Q6ZMU5,0.9094753439375061,0.5,True
1ev7__A1_P50187--1ev7__B1_P50187,0.9340739534479764,0.5,True
1ogl__A1_O15923--1ogl__A2_O15923,0.9797528167965454,0.5,True
3lrt__B1_Q97CA5--3lrt__A1_Q97CA5,0.9775024779767454,0.5,True
3rvb__A1_P26663--3rvb__A2_P26663,0.9032800812883801,0.5,True
3fou__A1_Q5SGZ9--3fou__B1_Q5SGZ9,0.9420564333388266,0.5,True
5jnq__A1_R0BTE9--5jnq__A2_R0BTE9,0.9307803963186946,0.5,True
4g12__A1_A5U5K3--4g12__B1_A5U5K3,0.9671059832879363,0.5,True
3evj__B1_P01008--3evj__A1_P01008,0.9933220890220082,0.5,True
2oq2__B1_P18408--2oq2__A1_P18408,0.9809530002318632,0.5,True
8he6__A1_Q8YSS0--8he6__B1_Q8YSS0,0.9743860109179785,0.5,True
2xij__A1_P22033--2xij__A2_P22033,0.9747009698084907,0.5,True
1nr5__A1_P07547--1nr5__A2_P07547,0.9477496596849206,0.5,True
1gmj__A1_P01096--1gmj__B1_P01096,0.8852180681843821,0.5,True
4yba__B1_Q93K36--4yba__A1_Q93K36,0.9821539836622792,0.5,True
8ok7__A1_M4T0B2--8ok7__D1_M4T0B2,0.966063350598904,0.5018450184501845,True
7f76__B1_A0A223KLJ1--7f76__A1_A0A223KLJ1,0.8617919246283008,0.5,True
7vp6__A1_Q9C9L2--7vp6__B1_Q9C9L2,0.8153669724770642,0.5041199456337071,True
8jmq__A1_A9CQD5--8jmq__B1_A9CQD3,0.9283781414696219,0.5,False
7zgt__A1_W8R3D8--7zgt__B1_W8R3D8,0.9880432191944069,0.5,True
7xgt__B1_Q6H8B1--7xgt__A1_Q6H8B1,0.9848283168532002,0.5,True
3i2t__A1_P04412--3i2t__A2_P04412,0.9401589118159794,0.5,True
8tjk__A1_A0A0F7G196--8tjk__B1_A0A0F7G196,0.9593487414243661,0.49999493188452804,True
7wt0__A1_Q04760--7wt0__B1_Q04760,0.8734722059700041,0.5,True
3if0__A1_Q74MS9--3if0__A2_Q74MS9,0.9839328377802739,0.5,True
3qrh__A1_Q8SSM8--3qrh__A2_Q8SSM8,0.9492205284105095,0.5,True
8q70__A1_Q8U2C1--8q70__A2_Q8U2C1,0.9397085567262221,0.5,True
7vso__A1_P02945--7vso__A2_P02945,0.9217108927846035,0.5,True
5f8b__A1_Q4WB03--5f8b__A2_Q4WB03,0.9571400358850233,0.5,True
8ax0__A1_A0A384E145--8ax0__B1_A0A384E145,0.9827591002876003,0.5,True
8ant__B1_A0A1P8CWW1--8ant__A1_A0A1P8CWW1,0.7845000411134299,0.5,True
7r5y__E2_R7PD89--7r5y__A1_R7PD89,0.9892415293148502,0.5,True
7qow__B1_Q93P54--7qow__A1_Q93P54,0.9737465720594359,0.5,True
5il7__A1_Q8KC98--5il7__B1_Q8KC98,0.8781442994995068,0.5,True
3ct9__B1_Q8A1V9--3ct9__A1_Q8A1V9,0.9793734025017639,0.5044642857142857,True
8pvm__A1_P29166--8pvm__B1_P29166,0.9302462382388407,0.5,True
8ct0__F1_S4S3E3--8ct0__A1_S4S3E3,0.9073015745286199,0.5021325948266566,True
3q2j__B1_P0A3Y5--3q2j__A1_P0A3Y5,0.8802556400847653,0.5,True
7xzp__B1_A0A379CIH2--7xzp__A1_A0A379CIH2,0.9714191515668908,0.5,True
7tvm__A1_UNDEFINED--7tvm__B1_UNDEFINED,0.9723877150856965,0.5,True
3qvf__A1_Q56187--3qvf__A2_Q56187,0.9451413731800841,0.5,True
6gxs__A1_Q7NZ70--6gxs__D1_Q7NZ70,0.6089804918526633,0.5,True
2hr8__A1_O58456--2hr8__B1_O58456,0.9014786460090486,0.5,True
2zyf__A1_O87198--2zyf__A2_O87198,0.9155278849319729,0.5,True
7s3v__A1_Q16719--7s3v__A2_Q16719,0.9506913252841688,0.5,True
6a29__A1_O32504--6a29__B1_O32504,0.9869116547348664,0.5,True
4ml6__C1_A6GV51--4ml6__A1_A6GV51,0.9773885614755534,0.4999755219934888,True
4cht__A1_Q13472--4cht__B1_Q9H9A7,0.903867460020422,0.5,False
1n4p__B1_P53610--1n4p__A1_Q04631,0.9540297094292802,0.5,False
1tec__A1_P04072--1tec__B1_P01051,0.9723414466918066,0.5,False
8p1h__A1_E7EX29--8p1h__B2_E7EX29,0.7989092096506032,0.5,True
6b9t__A1_A9A1T2--6b9t__B1_A9A1T2,0.8847968469470366,0.5,True
3g0k__A1_Q2G4A7--3g0k__A2_Q2G4A7,0.9002832168703213,0.5,True
7zoo__B1_A0A979GQH9--7zoo__A1_A0A979GQH9,0.6407740981940788,0.5,True
8hy5__A1_P14920--8hy5__B1_P14920,0.8649554660677536,0.5,True
8fts__A1_R9UTR3--8fts__A2_R9UTR3,0.9728684933982432,0.5,True
1jrk__A1_Q8ZTD8--1jrk__B1_Q8ZTD8,0.9309258693388452,0.49997690211114704,True
7y8v__A1_UNDEFINED--7y8v__B1_UNDEFINED,0.9346753357939195,0.5,True
2ejn__A1_P30440--2ejn__B1_P30440,0.9712481597225765,0.5,True
5hs5__A1_Q2G0D1--5hs5__B1_Q2G0D1,0.9691018190821573,0.5,True
3v89__A1_Q9K0U9--3v89__B1_P02787,0.8897314331262884,0.5,False
8e3g__B1_P43026--8e3g__A1_P12643,0.8043260983400243,0.5,False
2w8b__A1_P0A855--2w8b__H1_P0A912,0.877653262354501,0.5,False
5f7p__B1_Q8YAF1--5f7p__A1_Q8YAF1,0.9594023310017098,0.5,True
8f71__B1_Q6N5G3--8f71__A1_Q6N5G3,0.98345521869247,0.5,True
8hwi__B1_A0A327WNX5--8hwi__A1_A0A327WNX5,0.9380606791184205,0.5,True
7r3i__B1_P54292--7r3i__A1_P54292,0.9166315636560811,0.5,True
8afj__A1_A0A179QS89--8afj__B1_A0A179QS89,0.9789099638352566,0.5,True
3pub__B1_E5EVW2--3pub__A1_E5EVW2,0.9442112207754696,0.5,True
8es5__A1_A0A0H2Z732--8es5__B1_A0A0H2Z732,0.9202876456454954,0.5,True
7txn__B1_Q8YVV6--7txn__A1_Q8YVV6,0.9887885393958269,0.5,True
3py6__A1_Q2YQ74--3py6__A2_Q2YQ74,0.9698354166044194,0.5,True
1hjr__A1_P0A814--1hjr__C1_P0A814,0.9500575820879532,0.5,True
8k3b__A1_A0A071KWR3--8k3b__A2_A0A071KWR3,0.9517681452875666,0.5,True
3w2z__A1_Q8YXY7--3w2z__A2_Q8YXY7,0.9667004976764794,0.5,True
8f78__A1_P55212--8f78__B1_P55212,0.805614775599752,0.5,True
6wg4__A1_Q14683--6wg4__B1_Q9UQE7,0.8103553133321201,0.5,False
7zry__A1_O60341--7zry__B1_Q9UKL0,0.8893390929887544,0.5,False
1uix__A1_Q28021--1uix__B1_Q28021,0.923815381646707,0.5,True
7vrc__A1_P38956--7vrc__B1_P22082,0.8751673641339361,0.5,False
1oz0__A1_P31335--1oz0__B1_P31335,0.976494545886849,0.5,True
7eft__B1_P16926--7eft__A1_P16926,0.8564713125665603,0.5,True
5jsn__A1_P10415--5jsn__B1_UNDEFINED,0.9058912807446015,0.5,False
8e2b__B1_Q2FYI5--8e2b__A1_Q2FYI5,0.8680439305658287,0.5,True
7jw6__A1_Q9VIF1--7jw6__A2_Q9VIF1,0.9715395480225988,0.5,True
1jkw__A1_P51946--1jkw__A2_P51946,0.9647139803644531,0.5,True
4pfp__B1_F1RQI7--4pfp__A1_F1RQI7,0.9324482521686851,0.5,True
8h1s__A1_Q9I5U2--8h1s__B1_Q9HX32,0.8462233187163373,0.5,False
7t0y__A1_P62136--7t0y__B1_Q14684,0.7367369661880878,0.5,False
1tz9__A1_Q82ZC9--1tz9__B1_Q82ZC9,0.9073558703722665,0.5,True
2wns__B1_P11172--2wns__A1_P11172,0.9751551291139648,0.5,True
6s8v__B1_P08195--6s8v__A1_P80188,0.8944182061017927,0.5,False
6hq6__A1_UNDEFINED--6hq6__B1_UNDEFINED,0.9593797721474593,0.5,True
2gt4__A1_P32056--2gt4__B1_P32056,0.880812744165563,0.5,True
3bof__A1_Q9WYA5--3bof__B1_Q9WYA5,0.9975160407548299,0.5,True
6trj__A1_O75475--6trj__A2_O75475,0.8840553226715514,0.5,True
8h4z__A1_A0A2X5A3P4--8h4z__B1_A0A2X5A3P4,0.9967179694290009,0.5,True
2hre__A1_P22830--2hre__B1_P22830,0.8931221840581929,0.5,True
5yjc__A1_Q5HK94--5yjc__B1_Q5HK94,0.835224732978526,0.5,True
8d6k__A1_Q9L1K2--8d6k__B1_Q9L1K2,0.9644933076214269,0.5,True
2zew__B1_Q9ZA17--2zew__A1_Q9ZA17,0.9687493263392376,0.5,True
5wpi__A1_Q58PW8--5wpi__B1_Q58PW8,0.9696590783291568,0.5,True
8fk6__A1_A0A0C9S461--8fk6__B1_P80098,0.8964396558132619,0.5,False
7tm7__A1_A0A0H3GYH4--7tm7__B1_A0A0H3GYH4,0.9856883984597381,0.5,True
8gy0__A1_A0A8H4VHP2--8gy0__B1_A0A8H4VHP2,0.9366760749904128,0.5,True
7x4b__A1_A0A2D0TCG3--7x4b__B1_A0A2D0TCG3,0.8950070221318224,0.5,True
4aqp__B1_P54253--4aqp__A1_P54253,0.9230428854621526,0.5,True
3npi__A1_Q6NFU8--3npi__B1_Q6NFU8,0.9103218297176883,0.5,True
8cok__B1_Q9NXR8--8cok__A1_Q9NXR8,0.8883008235497429,0.5,True
1wz3__A1_Q9LVK3--1wz3__B1_Q9LVK3,0.7216098880471299,0.5063617242474707,True
1nw1__A1_Q22942--1nw1__B1_Q22942,0.968508039807869,0.5,True
1hrp__B1_P0DN86--1hrp__A1_P01215,0.7764946700619529,0.5,False
3qf4__B1_Q9WYC4--3qf4__A1_Q9WYC3,0.9335822067948907,0.5,False
7y4o__B1_A0A0G2JZC4--7y4o__A1_A0A0G2JZC4,0.9743619591209495,0.5,True
8hns__A1_A0A377JKY9--8hns__A2_A0A377JKY9,0.8221766686411145,0.5,True
3mpn__A1_O67854--3mpn__A2_O67854,0.97762474025969,0.5,True
6vlg__A2_Q9WTS2--6vlg__C1_Q9WTS2,0.9557576020666168,0.5,True
1v71__A1_O59791--1v71__A2_O59791,0.9929583309128028,0.5,True
3fpk__A1_Q8ZKP5--3fpk__B1_Q8ZKP5,0.9355480705020439,0.5,True
8eb3__A1_K2K6A3--8eb3__B1_K2K6A3,0.9683668462920194,0.5,True
4z1i__C1_Q12931--4z1i__A1_Q12931,0.9453777351289134,0.5,True
8pz3__A1_D7SFB8--8pz3__B1_D7SFB8,0.8961066007174481,0.5,True
5vpb__B1_P17535--5vpb__A1_P53539,0.8881292159857452,0.5,False
8bt3__A1_Q6F0T5--8bt3__A2_Q6F0T5,0.9412973072309401,0.5,True
1r7h__A1_O69271--1r7h__B1_O69271,0.8535811611859552,0.49981227707903136,True
4oag__A1_Q8BGV8--4oag__B1_Q8BGV8,0.8270131394742954,0.5,True
5bo9__A1_O43173--5bo9__B1_O43173,0.8901194237265444,0.5,True
7kws__A1_Q0P8H3--7kws__B1_Q0P8H3,0.9866857768280607,0.5,True
4qa0__A1_Q9BY41--4qa0__B1_Q9BY41,0.9659707767382639,0.5,True
6epi__B1_D5K9G7--6epi__A1_D5K9E3,0.9225804499059276,0.5,False
7qgs__B1_Q09472--7qgs__A1_Q16665,0.8114493859709984,0.5,False
7tz7__A1_P42336--7tz7__B1_P27986,0.8594688976572998,0.5,False
2zl1__A1_Q9UHA4--2zl1__B1_Q9JHS3,0.943189274636125,0.49996354622338873,False
4ija__A1_A0A0H3JS71--4ija__B1_A0A0H3JS71,0.9774193984153835,0.5,True
3ijt__B1_Q8DVN6--3ijt__A1_Q8DVN6,0.8505868974423222,0.5,True
7qgt__A1_P35520--7qgt__B1_P35520,0.922759837436156,0.5,True
8i4q__A1_Q8NQI2--8i4q__B1_Q8NQI2,0.9670365962699723,0.5,True
5lxv__A1_G9FCX2--5lxv__B1_A0A1L1QK37,0.9277470801507446,0.5,False
8h25__A1_A0A5R8LFD3--8h25__C1_A0A5R8LFD3,0.9401696550441613,0.5,True
6kjl__A1_Q9RC94--6kjl__B1_Q9RC94,0.8424237428268897,0.5,True
5f3o__A1_C4LU64--5f3o__B1_C4LU64,0.9389471545270751,0.5,True
8arv__A1_Q9HW35--8arv__B1_Q9HW35,0.9611081725662217,0.5,True
2i1a__B1_P40087--2i1a__A1_P40087,0.9496811007543476,0.5,True
2y9x__A1_C7FF04--2y9x__E1_G1K3P4,0.9277911690654181,0.5,False
8waa__A1_P29401--8waa__B1_P29401,0.9652226873874923,0.5,True
6n2f__B1_Q94A94--6n2f__A1_Q94A94,0.9219403836683067,0.5,True
8b08__B1_P0A2K1--8b08__A1_P00929,0.8989811589970258,0.5,False
5ja2__A1_P11454--5ja2__B1_Q9I169,0.8575925561677632,0.5,False
4g3w__A1_O66591--4g3w__A2_O66591,0.9908657696620216,0.4999733034331785,True
5cm2__A1_Q6C999--5cm2__B1_Q6C4P5,0.9016907275845665,0.5,False
6g70__B1_Q8K2Z2--6g70__A1_Q8K2Z2,0.9019525667394014,0.5,True
7xac__A1_P47929--7xac__B1_P47929,0.866514268212103,0.5,True
4d4t__A1_P0DOE7--4d4t__A2_P0DOE7,0.9337940960571631,0.5,True
2zz8__A1_O34094--2zz8__B1_O34094,0.9551288374030494,0.5,True
8b8h__A1_P9WQA9--8b8h__B1_P9WQA9,0.9238002260106779,0.5,True
7u2s__A1_A0A2W1NDJ7--7u2s__B1_A0A2W1NDJ7,0.944010560090176,0.5,True
1d2g__A1_P13255--1d2g__B1_P13255,0.9435227490833316,0.5,True
7uld__A1_O28028--7uld__A2_O28028,0.9484867798951349,0.5020491803278688,True
4c0f__B1_Q9NZN8--4c0f__A1_Q9NZN8,0.9051395526134737,0.5,True
8co8__A1_Q9Q6P4--8co8__A2_Q9Q6P4,0.9444603066605107,0.5,True
3lcr__B1_A4KCE5--3lcr__A1_A4KCE5,0.993946319737459,0.5,True
8b21__A1_Q9S5X0--8b21__B1_Q9S5X0,0.9709226111123976,0.5,True
3swk__A1_P08670--3swk__B1_P08670,0.8990406277261702,0.5,True
8txn__B1_P08120--8txn__A1_P08120,0.9278219083389316,0.5,True
8dak__A1_F2X702--8dak__B1_F2X702,0.9579069782433521,0.5,True
2rde__B1_A0A0H3ADR8--2rde__A1_A0A0H3ADR8,0.8992566900254562,0.5,True
6sek__A1_UNDEFINED--6sek__B1_UNDEFINED,0.9789325807680183,0.5,True
2pih__A1_O31779--2pih__B1_O31779,0.9451041540818758,0.5,True
6v7v__A1_A0SML3--6v7v__B1_A0SML3,0.9552387557473478,0.5,True
7ykv__B1_Q58241--7ykv__A1_Q58241,0.976378199961648,0.5,True
7y4g__A1_Q8A028--7y4g__A2_Q8A028,0.9742826277988788,0.5,True
8cci__A1_A0R7I9--8cci__A2_A0R7I9,0.976942491544535,0.5,True
6p35__A1_P75913--6p35__A2_P75913,0.9744652978815447,0.5,True
6p3j__A1_Q0KJL4--6p3j__B1_Q0KJL4,0.9600043529462863,0.5,True
4o6p__A1_Q8RDI4--4o6p__B1_Q8RDI4,0.812713142025369,0.5,True
8ozv__A1_A0A179UH34--8ozv__A2_A0A179UH34,0.9365350976038688,0.5,True
2cim__A1_Q46AN5--2cim__B1_Q46AN5,0.9343027670825224,0.5,True
6tpo__A1_P24474--6tpo__A2_P24474,0.9732338254188325,0.5,True
7wwo__B1_Q5SH57--7wwo__A1_Q5SH57,0.8073475381579842,0.5,True
4pmv__A1_Q8PEU1--4pmv__B1_Q8PEU1,0.947180217894318,0.5,True
7xge__A1_UNDEFINED--7xge__B1_Q07820,0.9292861045273592,0.49996017681494165,False
6rmr__B1_P19926--6rmr__A1_P19926,0.9917578040945599,0.5,True
6hhb__A1_E0SCP7--6hhb__C1_E0SCP7,0.9726844937337595,0.5,True
7e5c__A1_A0A1I7CHQ2--7e5c__B1_A0A1I7CHQ2,0.9811783145305293,0.5,True
2gn5__A1_P69542--2gn5__A2_P69542,0.9483529450870894,0.5,True
2wfh__A1_O94813--2wfh__B1_O94813,0.9107441380168654,0.5,True
3zco__A1_P06701--3zco__A2_P06701,0.8732579421920519,0.5,True
2ghy__A1_P03051--2ghy__B1_P03051,0.9055177502962624,0.5,True
3htr__A1_Q6N0K4--3htr__B1_Q6N0K4,0.8193919612071892,0.5,True
8aeu__A1_Q00987--8aeu__A2_Q00987,0.8831178942514974,0.49986551909628835,True
1xuv__A1_Q8PZJ2--1xuv__C1_Q8PZJ2,0.9232330748544424,0.5,True
2o8p__A1_Q5CYG0--2o8p__A2_Q5CYG0,0.9793173333066777,0.5,True
4zmu__A1_Q9I072--4zmu__B1_Q9I072,0.9588609720458644,0.5,True
3dl3__G2_Q5E3X2--3dl3__C1_Q5E3X2,0.8267019351708623,0.5,True
7yvz__A1_A7LPG5--7yvz__A2_A7LPG5,0.8588400355297157,0.5,True
4ia6__A1_Q5FL96--4ia6__B1_Q5FL96,0.984653803795038,0.5,True
8bou__A1_A0A7G5MNS2--8bou__B1_A0A7G5MNS2,0.9877398544533118,0.5,True
5gk1__A1_Q7N4Z6--5gk1__B1_Q7N4Z6,0.959215730895616,0.5,True
5x03__B1_P94426--5x03__A1_P94426,0.9751081886330947,0.5,True
3gku__A1_D0VX24--3gku__B1_D0VX24,0.9546360248775669,0.5,True
1k3e__B1_P58233--1k3e__A1_P58233,0.9025129622270076,0.49990105377727206,True
6u18__A1_Q9EVJ6--6u18__B1_Q9EVJ6,0.9450248163589439,0.5,True
6b9p__A1_C0HJB3--6b9p__B1_C0HJB3,0.9839749082714081,0.5,True
7wpy__A1_A0A097ZPD5--7wpy__C1_A0A097ZPD5,0.9571058875010612,0.5,True
7xn2__A1_Q8YR38--7xn2__A2_Q8YR38,0.9466568068786521,0.5,True
3qhy__B1_O87916--3qhy__A1_Q93T42,0.9767007848341354,0.5,False
4j5p__B1_P97612--4j5p__A1_P97612,0.9599747576486315,0.5,True
4icq__A1_A0A0H2UN95--4icq__B1_A0A0H2UN95,0.9818985298773206,0.5,True
1klf__B1_P08191--1klf__A1_P31697,0.903556285589137,0.5,False
6y4l__A1_Q15006--6y4l__B1_Q9Y3B6,0.9071506045382618,0.5,False
6dex__B1_Q74ZQ8--6dex__A1_Q75DL0,0.9131632311556703,0.5,False
2z02__A1_Q58987--2z02__B1_Q58987,0.9863718480907093,0.5,True
4l7w__A1_Q7Z4H3--4l7w__A2_Q7Z4H3,0.9607940522115882,0.5,True
6tct__A1_Q9KL67--6tct__B1_Q9KL67,0.9213367631296893,0.5,True
6sul__A1_A8FAR5--6sul__B1_A8FAR5,0.9678921920413361,0.5,True
4qqv__A1_P26954--4qqv__B1_P26954,0.8518663179138655,0.5,True
3l8d__A1_A0RD96--3l8d__A2_A0RD96,0.9561306649328045,0.5,True
7yqa__B1_A0A1C9ZZ39--7yqa__A1_A0A1C9ZZ39,0.8590451870729716,0.5,True
1b8m__B1_P34130--1b8m__A1_P23560,0.8798966920781254,0.5,False
1irq__B1_Q57468--1irq__A1_Q57468,0.844993264481365,0.5,True
7xi6__A1_A5GXY1--7xi6__B1_A5GXY1,0.8187751004016065,0.5,True
6iik__A1_P54578--6iik__B1_P54578,0.9916619110780078,0.5,True
3nau__A1_Q9Y6X8--3nau__B1_Q9Y6X8,0.814470305275406,0.5,True
3cis__B1_P9WFD7--3cis__A1_P9WFD7,0.9507017559137337,0.5,True
4jzy__B1_O77059--4jzy__A1_O77059,0.926156751895676,0.5,True
8d03__A1_UNDEFINED--8d03__A2_UNDEFINED,0.9747443220241997,0.5434782608695652,True
7yxg__A1_Q9VU77--7yxg__B1_Q9VU77,0.9892813326076568,0.5,True
5cio__A1_A0A1A9TAI5--5cio__B1_A0A1A9TAI5,0.9691113305628432,0.5,True
8jwj__A1_Q9DAG9--8jwj__B1_P62837,0.8768074401180802,0.5,False
6ia6__A1_A0A1C7D1B7--6ia6__A2_A0A1C7D1B7,0.9944832647436989,0.5,True
8h1g__A1_O67518--8h1g__A2_O67518,0.9635520675090269,0.5,True
6x61__A1_Q79V60--6x61__B1_Q8DMT2,0.8069862030031104,0.5,False
7kqt__A1_UNDEFINED--7kqt__B1_UNDEFINED,0.9693395329404746,0.5,True
7x0d__A1_A5YW95--7x0d__B1_A5YW95,0.9784493593576218,0.5,True
1ghd__B1_O86089--1ghd__A1_O86089,0.9176247243798628,0.5,True
2x6f__A1_Q9W1M7--2x6f__B1_Q9W1M7,0.9559710397803011,0.5,True
8oik__A1_Q9UPU9--8oik__C1_Q9UPU9,0.8725202827823988,0.5,True
6nxl__A1_B4DV12--6nxl__E1_B4DV12,0.9499600238761507,0.5465051010629268,True
8wmy__A1_A0A4U7IGH6--8wmy__B2_A0A4U7IGH6,0.9473400617957356,0.5,True
3trf__A1_Q83AJ3--3trf__A2_Q83AJ3,0.8955948070357502,0.5,True
5h4s__A1_A0A090BWT0--5h4s__A2_A0A090BWT0,0.7649147523777786,0.5,True
2zvb__A1_Q53WA6--2zvb__A2_Q53WA6,0.9246924320614469,0.5,True
8wa7__A1_P27302--8wa7__B1_P27302,0.9783646319265691,0.5,True
3b0z__B1_P40727--3b0z__A1_P40727,0.8400494420647882,0.5,True
4usp__A1_B3GA02--4usp__B1_B3GA02,0.8706828193832599,0.5,True
7cms__A1_P00953--7cms__B1_P00953,0.9790940713900967,0.5,True
7t8q__A1_Q7S860--7t8q__D1_Q7S860,0.9136700463317857,0.5,True
6j9k__A1_A0A425B3G2--6j9k__A2_A0A425B3G2,0.9488279202844152,0.5,True
7xp0__A1_Q9I5E1--7xp0__A2_Q9I5E1,0.916518484131721,0.5,True
8ih4__A1_Q8WVV5--8ih4__B1_Q8WVV5,0.9063344418455126,0.5,True
7qej__A1_P0DV33--7qej__B1_P0DV33,0.9636560376026176,0.5,True
1tfe__A1_P43895--1tfe__A2_P43895,0.957367664931276,0.5,True
2a8f__A1_P15569--2a8f__B1_P15569,0.9849529780564263,0.5,True
4iwq__A1_Q9UHD2--4iwq__A2_Q9UHD2,0.8520215311106558,0.5,True
