system_id,auroc,bacc,is_homodimer
3c07__A1_Q9KZ96--3c07__B1_Q9KZ96,0.9736501277606102,0.5,True
3iqy__A1_P28366--3iqy__A2_P28366,0.9223463333331688,0.5,True
7e76__A1_A0A3B6LNA8--7e76__B1_A0A3B6LNA8,0.7163228202450547,0.5,True
3cqc__A1_P57740--3cqc__B1_Q8WUM0,0.9501697210596459,0.5,False
7x1k__A1_Q6DL91--7x1k__B1_Q6DL91,0.7930822097372062,0.5,True
8sgd__A1_P25342--8sgd__B1_P32457,0.7041864522127248,0.5,False
3ecf__A1_Q3M5E4--3ecf__B1_Q3M5E4,0.9212105527737907,0.5,True
6j94__A1_Q93VK5--6j94__B1_Q93VK5,0.8428551917171727,0.5,True
7xsh__A1_K1KV82--7xsh__B2_K1KV82,0.9411363905360335,0.5,True
8v14__A1_G5EEF9--8v14__B1_G5EEF9,0.9000481488406881,0.5,True
6r76__A1_H3ZMH8--6r76__B1_H3ZMH8,0.9709374138490391,0.5,True
8ap0__A1_A0A5S9CYM0--8ap0__A2_A0A5S9CYM0,0.9783277160581735,0.5,True
3qph__A1_Q9HGZ9--3qph__A2_Q9HGZ9,0.8821559662178746,0.5,True
3o6j__A1_O67987--3o6j__B1_O67987,0.9816096945872688,0.5,True
6o6z__A1_B6YWC3--6o6z__B1_B6YWC3,0.9695169311024147,0.5,True
3fil__A1_P19909--3fil__B1_P19909,0.5521009218401216,0.5,True
6do2__A1_P11021--6do2__B1_P11021,0.8349307109405869,0.5,True
7f4q__B1_Q22GC0--7f4q__A1_I7M8B9,0.8148166525205668,0.5,False
4hfg__A1_Q9NQG5--4hfg__B1_Q9NQG5,0.32535308387740935,0.5,True
7yh2__A1_A0A1Q9P883--7yh2__B1_A0A1Q9P883,0.9879707883035426,0.5,True
3axs__A1_O67010--3axs__A2_O67010,0.9604277495679594,0.5,True
3cqr__A1_Q39249--3cqr__B1_Q39249,0.541579311106017,0.5,True
3s8k__A1_P80691--3s8k__B1_P80691,0.9336052973867801,0.5,True
4oun__A1_O31418--4oun__A2_O31418,0.962960690975119,0.5,True
2iab__A1_Q825J7--2iab__B1_Q825J7,0.8972568552955563,0.5,True
3o3n__A1_Q5U924--3o3n__B1_Q5U923,0.952415799787364,0.5,False
6f3z__A1_P0ADC3--6f3z__B1_P61316,0.9628435905316743,0.5,False
1hr7__A1_P11914--1hr7__B1_P10507,0.8701958980751652,0.5,False
8gko__B1_P28296--8gko__A1_P28296,0.9519257994413688,0.5,True
2gkv__A1_P00777--2gkv__B1_P68390,0.8200306030816504,0.5,False
8stx__A1_Q4E4E1--8stx__B1_Q4E4E1,0.9864469529800424,0.5,True
4m36__A1_Q582G4--4m36__A2_Q582G4,0.9604017080123647,0.5,True
5wpu__A1_A0A076NBW8--5wpu__A2_A0A076NBW8,0.8786916764635725,0.5,True
5yps__A1_A0A0W4ZF97--5yps__B1_A0A0W4ZF97,0.922973951985966,0.5,True
5oge__E1_P40107--5oge__A1_P40107,0.9259471065946682,0.5,True
5fey__B1_Q13049--5fey__A1_Q13049,0.9160566824650304,0.5,True
8hce__B1_Q91XB0--8hce__A1_Q91XB0,0.8382360408668982,0.5,True
1ggp__B1_Q7SIF1--1ggp__A1_Q7SIF0,0.9138302712656602,0.5,False
5z50__A1_O05926--5z50__B1_O05926,0.9722604626509236,0.5,True
7t9u__A1_Q86WV6--7t9u__A2_Q86WV6,0.9432868863876653,0.5,True
6ey4__A1_Q5EGM3--6ey4__A2_Q5EGM3,0.91657662887863,0.5,True
2hvg__A1_A5KBL5--2hvg__B1_A5KBL5,0.9438131736796844,0.5,True
6wp7__A1_Q82H41--6wp7__B1_Q82H41,0.8851945871596747,0.5043859649122807,True
6kfs__A1_B7FR28--6kfs__A2_B7FR28,0.6050514857915505,0.5,True
3shg__A1_E6Z0R3--3shg__B1_E6Z0R4,0.8683095661250282,0.5,False
4wjm__A1_Q2YNY7--4wjm__A2_Q2YNY7,0.9885119798016153,0.5,True
8hmo__A1_A0A0H4P0S7--8hmo__B1_A0A0H4P0S7,0.971361529949029,0.5,True
8dfk__A1_P39694--8dfk__B1_P39694,0.6938693919986032,0.5,True
6n91__A1_Q9KNI7--6n91__B1_Q9KNI7,0.9207559625429775,0.5,True
1dev__A1_Q15796--1dev__B1_O95405,0.6407933519843116,0.5,False
8c9j__B1_P15559--8c9j__A1_P15559,0.9542319367134354,0.5,True
3rd7__B1_A0A0H2ZY91--3rd7__A1_A0A0H2ZY91,0.9581588373621209,0.5,True
5x1j__A1_G2IQS7--5x1j__A2_G2IQS7,0.9459142610037297,0.5,True
3r2p__A1_P02647--3r2p__A2_P02647,0.832554410805688,0.5,True
1pdk__A1_P15319--1pdk__B1_P62532,0.8578785771533639,0.5,False
7bjg__A1_Q8IGY1--7bjg__A2_Q8IGY1,0.7280783034276821,0.5,True
3kcp__A1_Q06851--3kcp__B1_A3DF10,0.9657007243193937,0.5,False
7bbq__A1_Q6I6B7--7bbq__A2_Q6I6B7,0.969423818097945,0.5,True
3dpj__E1_Q5LS67--3dpj__F1_Q5LS67,0.7987212850991708,0.5,True
6okh__A1_Q04QG8--6okh__B1_Q04QG8,0.8969329369524847,0.5,True
7tq1__A1_P0AC13--7tq1__A2_P0AC13,0.9801583704710829,0.5111111111111111,True
7t5y__A1_P0A7E1--7t5y__B1_P0A7E1,0.9640888919865359,0.5,True
5o47__A1_J7HDY4--5o47__A2_J7HDY4,0.9893389703555584,0.5,True
1oo0__A1_P49028--1oo0__B1_Q9V535,0.8858935759580921,0.5,False
3edj__A1_Q8KKG0--3edj__B1_Q8KKG0,0.9059262694245959,0.5,True
5yr0__A1_O88597--5yr0__B1_Q8K245,0.9333660457958045,0.5,False
5c21__A1_P09986--5c21__B1_P09986,0.8433065126763004,0.5,True
2gok__A1_Q8U8Z6--2gok__B1_Q8U8Z6,0.991775643946655,0.5,True
1ww1__A1_Q9WZW8--1ww1__B1_Q9WZW8,0.978909025011632,0.5,True
1fm0__B1_P30749--1fm0__A1_P30748,0.9419505925197426,0.5,False
4jgo__B1_O31671--4jgo__A1_O31671,0.9173636378114978,0.5,True
3l2k__A1_Q8GPH0--3l2k__B1_Q8GPH0,0.874465915968647,0.5,True
1yov__A1_Q13564--1yov__B1_Q8TBC4,0.939036059051606,0.5,False
7zvd__A1_P11413--7zvd__A2_P11413,0.9854573576214556,0.5,True
8grh__B1_P51553--8grh__A1_P50213,0.9146446273663067,0.5,False
1lxd__A1_Q03386--1lxd__B1_Q03386,0.31593842736453376,0.5,True
5m97__A1_Q10113--5m97__B1_Q10113,0.9793767023612991,0.5,True
7ax1__A1_Q9ULM6--7ax1__B1_Q9UIV1,0.9671588153728654,0.5,False
8d4w__A1_A0A8B4R830--8d4w__A2_A0A8B4R830,0.769487214680586,0.5,True
7ynw__B2_Q57834--7ynw__A1_Q57834,0.9946478865457644,0.5,True
4rgp__A1_Q8DTU7--4rgp__B1_Q8DTU7,0.9579739000056483,0.5,True
8twd__C1_P0AEV1--8twd__A1_W8SRD3,0.8539069785732746,0.5,False
3fb9__A1_A0A0H2US72--3fb9__B1_A0A0H2US72,0.9284599128822185,0.5,True
8a39__A1_A0A024L404--8a39__C2_A0A024L404,0.9739144849284955,0.5,True
3ps8__A1_P01034--3ps8__A2_P01034,0.4767237742101389,0.5,True
7vwp__A2_A0A136PK59--7vwp__B1_A0A136PK59,0.9982358829218225,0.5,True
3a7p__A1_Q03818--3a7p__B1_Q03818,0.9568939103456365,0.5,True
4ql6__A1_A0A0H3MDM0--4ql6__C1_A0A0H3MDM0,0.8617547847521043,0.5,True
5nck__A1_Q8RDN7--5nck__B1_Q8RDN7,0.9781284035552267,0.5,True
3w8i__A1_Q9BUL8--3w8i__B1_Q9P289,0.9820171001332477,0.5,False
4oky__A1_Q52612--4oky__A2_Q52612,0.9205581518213355,0.5,True
7x20__A1_P54708--7x20__B1_P07340,0.9325656964795644,0.5,False
3hnw__A1_D0VWZ2--3hnw__B1_D0VWZ2,0.9482128247612631,0.49997353096876657,True
8r37__A1_A0A086IRG1--8r37__B1_A0A086IRG1,0.8876613842885024,0.5,True
1rqg__A1_Q9V011--1rqg__A2_Q9V011,0.8001742979438986,0.5,True
8brl__A1_F7J213--8brl__A2_F7J213,0.8792414667356534,0.5,True
7qiu__A1_P94538--7qiu__B1_P94538,0.9852155725342183,0.5,True
6sjs__A1_B8FUR2--6sjs__B1_B8FUR2,0.9862431027945181,0.5,True
8hlg__A1_Q9RR88--8hlg__B1_Q9RR88,0.9556304241377007,0.5,True
6mpc__A1_B3DQP5--6mpc__B1_B3DQP5,0.9924225084367861,0.5,True
7pcr__A1_P56185--7pcr__A2_P56185,0.8443725478533745,0.5,True
3bvq__B1_Q2I6W2--3bvq__A1_Q2I6W2,0.9512823364347129,0.5,True
6bsu__A1_Q9LZJ3--6bsu__B1_Q9LZJ3,0.8743057416510414,0.5,True
4e5u__B1_Q9HZN8--4e5u__A1_Q9HZN8,0.9765510678385952,0.5,True
8a52__A1_P23222--8a52__B1_P23222,0.9366776431472564,0.5,True
1d0v__A1_Q05603--1d0v__A2_Q05603,0.9816763778898815,0.5,True
3gwq__A1_Q145Q0--3gwq__B1_Q145Q0,0.9253108700187128,0.5,True
1yhc__A1_O67648--1yhc__B1_O67648,0.8715875644066131,0.5,True
7lxs__A1_Q8ZMZ2--7lxs__C1_Q8ZMZ2,0.9083679388959918,0.5,True
6w08__B1_Q9KL63--6w08__A1_Q9KL63,0.951211885498961,0.5,True
7wrm__A1_D0IVL9--7wrm__B1_D0IVL9,0.7997103124210256,0.5,True
2yww__B1_Q58801--2yww__A1_Q58801,0.9870326396099498,0.51,True
3lm6__A1_P40869--3lm6__B1_P40869,0.9791548648643662,0.5,True
7trw__A1_A0A380PDL3--7trw__A2_A0A380PDL3,0.6573703325716627,0.5,True
8syc__A1_Q13370--8syc__B1_Q13370,0.5498196998738354,0.5,True
1gk6__A1_P03069--1gk6__B1_P03069,0.939440403477203,0.5,True
1reo__A1_Q6STF1--1reo__A2_Q6STF1,0.9629901423653935,0.5,True
6s3b__A1_Q88JK6--6s3b__B1_Q88JK6,0.9331070363725065,0.5,True
7tl5__A1_A0A3F3B310--7tl5__B1_A0A3F3B310,0.9020158426915789,0.5,True
2asf__A1_P9WLL7--2asf__A2_P9WLL7,0.9483661648412606,0.5,True
8ilj__A1_A0A242MJ43--8ilj__B1_A0A242MJ43,0.976957145572886,0.5,True
4usc__A1_A0A0A0Y4H8--4usc__B1_A0A0A0Y4H8,0.9377052027875068,0.5,True
5yp3__A1_Q6F3I7--5yp3__B1_Q6F3I7,0.9915578735738968,0.5,True
8aid__A1_Q9HWJ8--8aid__B1_Q9HWJ8,0.9570606443831765,0.5,True
7yp6__B1_E5L4T5--7yp6__A1_E5L4T5,0.8794443491057399,0.5,True
4aql__A1_Q9Y2T3--4aql__A2_Q9Y2T3,0.9733869140950617,0.5,True
3idf__A1_O34252--3idf__B1_O34252,0.8234503533009914,0.5,True
8fjr__A1_D1A807--8fjr__B1_D1A807,0.8024101546623987,0.5,True
7z56__B1_F0NGX6--7z56__A1_F0NGX6,0.9828866285363961,0.5076923076923077,True
7olf__A1_A9CEY7--7olf__B1_A9CEY7,0.9780544060531413,0.5,True
3zta__A1_Q2RIF4--3zta__A2_Q2RIF4,0.9868676827720644,0.5,True
3abi__A1_O59312--3abi__B1_O59312,0.9980458346682398,0.5,True
5ab8__A1_P9WN25--5ab8__A2_P9WN25,0.7571265802181109,0.5076109230685759,True
1guq__A1_P09148--1guq__B1_P09148,0.960111254270644,0.5,True
6zdw__B1_A0A162MUP0--6zdw__A1_A0A162MUP0,0.8585906473136202,0.5,True
8csd__A1_Q6U8B0--8csd__A2_Q6U8B0,0.9200335860737161,0.5,True
8bfr__A1_P30177--8bfr__A2_P30177,0.9963845381138383,0.5,True
7yk3__A1_O53604--7yk3__B1_O53605,0.9527545476745501,0.5,False
6xiv__A1_P16114--6xiv__B2_P16114,0.9469187002740702,0.5,True
8ajx__A1_P17117--8ajx__A2_P17117,0.9172314240382355,0.5,True
8ayj__A1_D5EHC5--8ayj__B1_D5EHC5,0.9625777187638558,0.5,True
8a6e__B2_P02699--8a6e__A1_P02699,0.9029014456522138,0.5,True
4jb7__A1_Q9KTQ6--4jb7__A2_Q9KTQ6,0.8766005353543195,0.5,True
6h3f__A1_A0A0H3JT80--6h3f__A2_A0A0H3JT80,0.989122580852482,0.5,True
6wxw__A1_F2NWD3--6wxw__B1_F2NWD3,0.8813110349681244,0.5,True
2zw2__A1_F9VNF4--2zw2__B1_F9VNF4,0.8608194365538215,0.4987189341532155,True
2wo2__A1_P54764--2wo2__B1_P52799,0.803394885569651,0.5,False
1ord__A1_P43099--1ord__B1_P43099,0.9685827917111388,0.5,True
7zcm__A1_P42196--7zcm__B1_P42259,0.973336190550237,0.5,False
8aa9__A1_Q9V1Y9--8aa9__B1_Q9V1Y9,0.4734440476105779,0.5,True
4i6y__B1_P13702--4i6y__A1_P13702,0.9385843667132718,0.5,True
1vh4__B1_P77689--1vh4__A1_P77689,0.9350340236952559,0.5,True
3ocd__A1_D7A6E5--3ocd__B1_Q7BQR5,0.8916558909793373,0.5,False
8pq7__A1_M1C5B8--8pq7__B1_D0N0Z8,0.5891202962369896,0.5,False
5abr__A1_P82802--5abr__B1_P82802,0.9842670621811727,0.5,True
2zmf__A1_Q9Y233--2zmf__B1_Q9Y233,0.8870432203957813,0.5,True
2vzk__B1_P0DJQ5--2vzk__A1_P0DJQ5,0.3643711446164144,0.5,True
7wm5__A1_A0A0C2W699--7wm5__A2_A0A0C2W699,0.8683840776935772,0.5,True
1zee__A1_Q8E972--1zee__B1_Q8E972,0.8958063613374116,0.5,True
1f3u__B1_P35269--1f3u__A1_P13984,0.928700476805989,0.5,False
7tvh__B1_Q9I2Q1--7tvh__A1_Q9I2Q1,0.9306916291291292,0.5,True
5vgm__B1_Q9KL24--5vgm__A1_Q9KL24,0.9919777006509155,0.5,True
4zzh__A1_Q96EB6--4zzh__A2_Q96EB6,0.543198902657408,0.5,True
6m4v__A1_P0AEX9--6m4v__B1_P62942,0.8356624543285284,0.5,False
7y28__A1_P07814--7y28__B1_P07814,0.9608539181325074,0.5,True
2plg__A1_Q8DKM0--2plg__B1_Q8DKM0,0.897935764118616,0.5,True
7y7u__A1_A0A222F232--7y7u__B1_A0A222F232,0.8698197496512988,0.5,True
3fgc__A1_P07740--3fgc__B1_P07739,0.9468896184805392,0.5,False
1rve__A1_P04390--1rve__B1_P04390,0.9620765442362078,0.5151431715277125,True
7zy1__A1_Q9F8A8--7zy1__A2_Q9F8A8,0.9672482220780135,0.5,True
3jxo__B1_A0A0F6AN26--3jxo__A1_A0A0F6AN26,0.9384898511929854,0.5,True
8dqb__A1_A0A0H3FX83--8dqb__A2_A0A0H3FX83,0.9585168122500247,0.5,True
5l16__A1_Q4Q0M0--5l16__A2_Q4Q0M0,0.9737915622046291,0.5,True
3qt7__A1_Q9FD73--3qt7__B1_Q9FD73,0.9927927337831052,0.5,True
4aye__D1_Q9JXV4--4aye__A1_P08603,0.8077767142703955,0.5,False
7r3n__A1_P43432--7r3n__B1_P43432,0.9755599126598636,0.5,True
7a0x__B1_Q8ZRZ3--7a0x__A1_Q8ZRZ3,0.9717461435412028,0.5,True
7wjk__A1_P93836--7wjk__A2_P93836,0.8864991768850201,0.5,True
7g99__B1_Q92974--7g99__A1_P61586,0.5865217152334022,0.5,False
5x8z__A1_A3QAQ5--5x8z__B1_A3QAQ5,0.9202777730720826,0.5,True
6dt3__B1_A0A1W1Q5B1--6dt3__A1_A0A1W1Q5B1,0.9738475504020917,0.5,True
7u0r__B1_M9SC49--7u0r__A1_M9SC49,0.9763235863690264,0.5,True
7wbt__A1_Q288C4--7wbt__B1_Q288C4,0.9219495210823739,0.5,True
7txe__A1_Q8I6T6--7txe__B1_Q8I6T6,0.3203654420279472,0.4999800343409336,True
6pyp__A1_P21695--6pyp__B1_P21695,0.9789627585847023,0.503968253968254,True
8b2d__A1_F5SYD3--8b2d__B1_F5SYD3,0.9233019966604432,0.5,True
1vmg__A1_Q97U11--1vmg__A2_Q97U11,0.8708737912683453,0.5042372881355932,True
6b8l__B1_P0DP23--6b8l__A1_P56696,0.869907751728405,0.5,False
8sj5__A1_A0A2I4FN75--8sj5__C1_A0A2I4FN75,0.29800884616211004,0.5,True
3nr1__A1_Q8N4P3--3nr1__B1_Q8N4P3,0.9731864940887076,0.5,True
3h3l__A1_A6LFX0--3h3l__A2_A6LFX0,0.9390613013672516,0.5,True
6jdh__A1_A0A2K0XYW4--6jdh__B1_A0A2K0XYW4,0.9748600661461259,0.5,True
3vjz__A1_Q9K0P4--3vjz__B1_Q9K0P4,0.4682892416225749,0.5,True
3et4__A1_Q4QMM5--3et4__A2_Q4QMM5,0.8961295747837859,0.5,True
5or3__A1_Q2UNF9--5or3__D1_Q2UNF9,0.9050571769413785,0.5,True
3fh3__B1_A0A6L8PES2--3fh3__A1_A0A6L8PES2,0.4102540268387695,0.5,True
1go3__A1_Q57840--1go3__B1_Q60351,0.9238848403058929,0.5,False
3zxq__B1_P9WGK1--3zxq__A1_P9WGK1,0.44035011102573307,0.5,True
1zlh__A1_P00730--1zlh__B1_Q5EPH2,0.7597302344501147,0.5,False
4h1h__A1_Q8Y6P6--4h1h__B1_Q8Y6P6,0.8640878177738571,0.5,True
2gh1__A1_Q81E32--2gh1__B1_Q81E32,0.8108718140171578,0.5,True
7dl7__F1_B0VJ11--7dl7__A1_B0VJ11,0.9889937038370757,0.5,True
7yu0__B1_Q79F77--7yu0__A1_Q79F77,0.9084820567099021,0.5,True
3cbu__B1_Q473P3--3cbu__A1_Q473P3,0.8964715041984876,0.5,True
3ihk__A1_Q8DVV9--3ihk__A2_Q8DVV9,0.9594859843709556,0.5,True
4y67__A1_Q8IKG4--4y67__B1_Q8IKG4,0.9529062211701194,0.5,True
6ejp__B1_P69986--6ejp__A1_P69986,0.2776334799782354,0.5,True
1poy__A1_P0AFK9--1poy__B1_P0AFK9,0.9236710521107461,0.5,True
3a7o__A1_Q03818--3a7o__B1_Q03818,0.9586351445560265,0.5,True
5n47__B1_P02751--5n47__A1_P80188,0.5673681214098774,0.5,False
8ejm__A1_O43143--8ejm__B1_Q8IWZ8,0.7375450371189907,0.5,False
7jl6__A1_Q9L523--7jl6__B1_Q9L523,0.9264869978724595,0.5,True
1npd__B1_P0A6D5--1npd__A1_P0A6D5,0.9756069619922207,0.5,True
8h0h__A1_P9WLU7--8h0h__C1_P9WLU7,0.5123472787064715,0.5,True
3t8l__A1_Q7CUX4--3t8l__B1_Q7CUX4,0.8347281913121901,0.5,True
7ol3__B1_Q8WXF7--7ol3__A1_Q8WXF7,0.7733485863908068,0.5,True
3ent__A1_Q2YAE2--3ent__B1_Q2YAE2,0.9583468656702057,0.5039030600857142,True
2y4g__A1_D3Y1I2--2y4g__B1_D3Y1I2,0.9562198858405434,0.5,True
7ec7__A1_A0A0H2XGN0--7ec7__A2_A0A0H2XGN0,0.9906778183927583,0.5,True
2o11__A1_P9WPY1--2o11__A2_P9WPY1,0.8442466274362486,0.5,True
8abq__A1_Q13596--8abq__B1_Q9Y5X3,0.983745958726268,0.5,False
2sak__A1_P68802--2sak__A2_P68802,0.6378230472819469,0.5,True
8h5e__A1_Q5SMG8--8h5e__B1_Q5SMG8,0.9525668531137925,0.5,True
8bgm__B1_A0A5P3XKL3--8bgm__A1_A0A5P3XKM0,0.8921121797124981,0.5,False
2ps8__A1_P13513--2ps8__B1_P13513,0.958516920037791,0.5,True
6awl__A1_O75208--6awl__B1_O75208,0.9424690614095047,0.5,True
4qds__A1_O60462--4qds__B1_O60462,0.3043068389983012,0.5,True
6qky__B1_Q97P33--6qky__A1_Q97P33,0.400372368315811,0.5,True
7nli__B1_P08405--7nli__A1_P08405,0.8398450379423279,0.5,True
8p3m__A1_W0DP94--8p3m__B1_W0DP94,0.9830098743603611,0.5,True
5v7y__A1_A0A4Y1WAP5--5v7y__B1_A0A4Y1WAP5,0.9079136585156378,0.5,True
4aps__A1_Q5M4H8--4aps__B1_Q5M4H8,0.9106900404735265,0.5,True
7ucn__A1_P50120--7ucn__B1_P50120,0.41133880577032145,0.5,True
1ni5__A1_P52097--1ni5__A2_P52097,0.9769203397289242,0.5,True
4a5o__B1_Q9I2U6--4a5o__A1_Q9I2U6,0.9721917161170451,0.5,True
8q5k__A1_A0A0H2Z7A6--8q5k__A2_A0A0H2Z7A6,0.6426503028859607,0.5,True
1ww5__A1_Q6WY08--1ww5__D1_Q6WY08,0.9904720801119549,0.5,True
7ww2__A1_A0A4Q9D6T1--7ww2__B1_A0A4Q9D6T1,0.9506266452605732,0.5,True
2pfk__A1_P0A796--2pfk__B1_P0A796,0.9170935502252695,0.5,True
1i2m__B1_P18754--1i2m__A1_P62826,0.7338093080896758,0.5,False
8i2e__A1_O34841--8i2e__B1_P54421,0.8061791913737701,0.5,False
3pfl__A1_P09373--3pfl__B1_P09373,0.9882303655015743,0.5,True
6gho__B1_Q5L1S1--6gho__A1_O31602,0.6449419212143617,0.5,False
1glj__A1_P0A6F3--1glj__B1_P0A6F3,0.9977751103097479,0.5,True
4zq8__B1_A0A0M3KL36--4zq8__A1_A0A0M3KL36,0.9377829992141338,0.5,True
5h4h__B1_O58236--5h4h__A1_O58236,0.9507356526910496,0.4999774011299435,True
4iv9__A1_P06617--4iv9__B1_P06617,0.9566526341865794,0.5,True
6sdk__A1_P26497--6sdk__B1_P26497,0.6579605706892868,0.5,True
2fq4__A1_Q81BJ4--2fq4__A2_Q81BJ4,0.9813191847651123,0.5,True
7zeq__B1_Q9WXT1--7zeq__A1_Q9WXT1,0.9568179632609954,0.5,True
5z5h__A1_Q2I2N4--5z5h__A2_Q2I2N4,0.9657106780947653,0.5,True
2fe1__A1_Q8ZZP3--2fe1__A2_Q8ZZP3,0.9783145026672102,0.5,True
7wik__B1_A0R1E6--7wik__A1_A0R1E6,0.9258569957630765,0.5,True
7t8o__B1_Q8Y8Y9--7t8o__A1_Q8Y8Y9,0.9087539379251313,0.5,True
7t91__A1_P08151--7t91__B1_P08151,0.04104281281754375,0.5,True
3lg6__A1_D2YW48--3lg6__B1_D2YW48,0.9697529475003319,0.5,True
2o9a__A1_P16528--2o9a__D1_P16528,0.9429111523686019,0.5,True
1zhq__A1_Q9RHG4--1zhq__B1_Q9RHG4,0.7601065898689972,0.5,True
2e0k__B1_Q8KFD9--2e0k__A1_Q8KFD9,0.9337304166454267,0.5063936891471683,True
6izb__A1_P13693--6izb__A2_P13693,0.912162158001841,0.5,True
3a2f__A1_P61875--3a2f__B1_O73947,0.9833219234127129,0.5,False
3vf0__B1_Q8IY67--3vf0__A2_P18206,0.6387097286647905,0.5,False
8ehe__A1_A0A0A7KVG3--8ehe__B1_A0A1D3UUC0,0.9513964902277419,0.5,False
6hpc__A1_P67697--6hpc__B1_P67697,0.9469437939508056,0.5,True
2x3o__A1_Q9I585--2x3o__B1_Q9I585,0.8950797738059174,0.5,True
5y40__A1_P55892--5y40__B1_P55892,0.8211169147184376,0.5,True
1y42__A1_P12063--1y42__A2_P12063,0.9873152058297014,0.5,True
2e91__A1_Q12051--2e91__B1_Q12051,0.9731057042661333,0.5,True
3iuw__B1_Q8KUB7--3iuw__A1_Q8KUB7,0.9348779705556762,0.5,True
8e7y__A1_Q9RFC8--8e7y__B1_Q9RFC8,0.8628193090677891,0.5,True
4kzn__A1_P15692--4kzn__A2_P15692,0.8736736311175677,0.5,True
7z7o__A1_A0A1S4NYF2--7z7o__C1_A0A1S4NYF2,0.8439985825599393,0.5,True
8brp__A1_D8G6F7--8brp__B1_D8G6F7,0.9517430386712419,0.5,True
3qir__A1_Q8TC59--3qir__A2_Q8TC59,0.2494439686889381,0.5,True
8bay__A1_O75874--8bay__B1_O75874,0.963778775326487,0.5,True
6mhm__B1_Q13510--6mhm__A1_Q13510,0.5419993676255592,0.5,True
8bj7__A1_P07598--8bj7__B1_P07603,0.8794566472026073,0.5,False
8b80__A1_W8QF82--8b80__B1_W8QF82,0.9599786673693949,0.5,True
5wxx__A1_Q9RNB4--5wxx__A2_Q9RNB4,0.9521981752781562,0.527019076637458,True
8f7l__A1_P43490--8f7l__B1_P43490,0.8855644736507492,0.5,True
3cz1__A1_Q9U9J6--3cz1__B1_Q9U9J6,0.7580270988131661,0.5,True
8a0c__A1_Q2ERG0--8a0c__B1_Q2ERG0,0.9018457090431127,0.5,True
5mpy__A1_Q9LPZ1--5mpy__B1_Q9LPZ1,0.7176247786176205,0.5,True
1anu__A1_Q06851--1anu__A2_Q06851,0.7798028500195199,0.5,True
3vs8__A1_C1DM33--3vs8__C1_C1DM33,0.8978291966172096,0.5,True
7zi8__A1_P27707--7zi8__A2_P27707,0.943458858978915,0.5,True
1peu__A1_Q08698--1peu__A2_Q08698,0.9864426202991965,0.5,True
5uk5__B1_Q63722--5uk5__A1_Q07008,0.5531268497875959,0.5,False
7vg5__A1_Q49135--7vg5__B1_Q49135,0.9469932127045674,0.5030823898208293,True
4jkz__A1_A0R6I8--4jkz__A2_A0R6I8,0.9682906484121131,0.5,True
4aa8__A1_P00794--4aa8__A2_P00794,0.9246749936273261,0.5,True
5yew__A1_Q8IWA4--5yew__B1_Q8IWA4,0.8375592608241335,0.5,True
1hf2__B1_Q9X0D7--1hf2__A1_Q9X0D7,0.9925415493597312,0.5,True
3au0__A1_Q7A382--3au0__A2_Q7A382,0.27505307267690104,0.5,True
3gif__A1_O34757--3gif__B1_O34757,0.9723693620100037,0.5,True
4axv__A1_A7N805--4axv__A2_A7N805,0.9169508265655995,0.5,True
5c6u__A1_O69689--5c6u__A2_O69689,0.9168791831947323,0.5,True
4nv4__A1_A0A6L7HM74--4nv4__A2_A0A6L7HM74,0.42211180067826776,0.5,True
6axf__A1_Q7LDG7--6axf__B1_P61224,0.6153345725796572,0.5,False
5yf1__B1_Q8N4J0--5yf1__A1_Q8N4J0,0.907044801716939,0.5,True
8j83__A1_C5ATT7--8j83__B1_C5ATT6,0.9314317345714233,0.5,False
3fjy__B1_A0ZZM4--3fjy__A1_A0ZZM4,0.960405868701488,0.5,True
4rg1__A1_Q5T280--4rg1__B1_Q5T280,0.9490749337626351,0.5,True
1ux4__A1_P41832--1ux4__A2_P41832,0.5996920125380784,0.5,True
6rbm__A1_P0ACT4--6rbm__A2_P0ACT4,0.9223097438202301,0.5,True
7wis__A1_P46881--7wis__B1_P46881,0.929615160551635,0.5,True
5a3l__A1_A0A1A9TAD0--5a3l__C1_A0A1A9TAD0,0.471779365462823,0.5,True
2gz4__A1_Q7D028--2gz4__C1_Q7D028,0.8363503137959986,0.5,True
7xyv__A1_Q9C0D3--7xyv__B1_Q9C0D3,0.51233917075499,0.5,True
2f9w__A1_Q9HWC1--2f9w__B1_Q9HWC1,0.9498854449761236,0.5,True
2ox1__A1_O30011--2ox1__B1_O30011,0.9923762716313974,0.5175438596491229,True
2guh__A1_Q0S8Y3--2guh__B1_Q0S8Y3,0.9137468684758082,0.5252609325291611,True
7br1__A1_A0A7I6N400--7br1__B1_A0A7I6N400,0.9686916049354269,0.5,True
2p04__A1_D0VWX5--2p04__B1_D0VWX5,0.942000087113997,0.49993131396387114,True
4h5b__A1_Q9RUY5--4h5b__B1_Q9RUY5,0.8236211803586629,0.5,True
4e1o__A1_P19113--4e1o__B1_P19113,0.7947076909363091,0.5,True
7pu4__B1_Q9X053--7pu4__A1_Q9X053,0.5207025822119167,0.5,True
3m1u__A1_Q72DN3--3m1u__B1_Q72DN3,0.9388587012401819,0.5,True
7qii__A1_P0C2N2--7qii__B1_P0C2N4,0.8763897317128844,0.5,False
6ird__A1_Q91UZ1--6ird__B1_Q8NI35,0.5707374715736822,0.5,False
6gg2__A1_Q4WD43--6gg2__A2_Q4WD43,0.9709275694413826,0.5,True
6oei__A1_Q8KG60--6oei__A2_Q8KG60,0.9552408888334908,0.5,True
8hyi__A1_P22223--8hyi__B1_P22223,0.8015901121304296,0.5,True
4b8v__A1_B3VBK9--4b8v__A2_B3VBK9,0.9039915298334875,0.5,True
4lqb__A1_D2Q399--4lqb__B1_D2Q399,0.89993984416233,0.5,True
2vxb__A1_P87074--2vxb__B1_P87074,0.17020493840407044,0.5,True
1t72__A1_O67053--1t72__B1_O67053,0.973457809841979,0.5,True
3soo__A1_Q5T7N2--3soo__A2_Q5T7N2,0.8305036003364786,0.5,True
5z1o__A1_D0VWU8--5z1o__B1_D0VWU8,0.7899572670452624,0.5,True
6h40__A1_K5B7F3--6h40__A2_K5B7F3,0.9842857707340753,0.5048438250801589,True
2etk__A1_Q13464--2etk__B1_Q13464,0.9024761241847871,0.5,True
2p69__A1_Q96GD0--2p69__A2_Q96GD0,0.9777623314944249,0.5,True
4doy__A1_Q6WNP1--4doy__C1_Q6WNP1,0.9568399851592728,0.5,True
6zxw__A1_O29011--6zxw__B1_A0A117KMN5,0.8047769176472734,0.5,False
3lhk__A1_Q60329--3lhk__B1_Q60329,0.9401374008703528,0.5,True
1qpa__A1_P11542--1qpa__B1_P11542,0.8798036856698801,0.5,True
6e52__A1_P03069--6e52__B1_P03069,0.9275630465086807,0.5,True
1fwl__A1_Q58504--1fwl__B1_Q58504,0.9900048954731544,0.5,True
5nkk__A1_O62301--5nkk__B1_Q9XWJ1,0.8437572161032876,0.5,False
1ygt__A1_Q94524--1ygt__A2_Q94524,0.8966188353895487,0.5,True
6p40__A1_M1GSK9--6p40__B1_M1GSK9,0.9307219777016313,0.5,True
2wyn__B1_P13482--2wyn__D1_P13482,0.9047218651624283,0.5,True
7yui__A1_P0CG48--7yui__B1_Q9BYM8,0.7902212710716829,0.5,False
8dml__B1_Q87GI3--8dml__A1_Q87GI4,0.8245833640813716,0.5,False
2oi2__A1_A0A0H2UNK6--2oi2__A2_A0A0H2UNK6,0.9340984869831024,0.5,True
4wud__A1_P0AES6--4wud__A2_P0AES6,0.9414266142862308,0.5,True
5yzj__A1_A8K0B5--5yzj__B1_A8K0B5,0.5027572392295709,0.5,True
8f61__A1_Q28943--8f61__B1_Q28943,0.8839369978262549,0.5,True
5ho3__A1_W6KHH6--5ho3__B1_W6KHH6,0.7403573269623673,0.5,True
1u5i__A1_Q07009--1u5i__B1_Q64537,0.9377080218400811,0.5,False
1cmc__A1_P0A8U6--1cmc__B1_P0A8U6,0.9128087329986588,0.5,True
6oe2__A1_Q8A9F0--6oe2__A2_Q8A9F0,0.3105620956503822,0.5,True
3gzi__A1_A3QIY5--3gzi__A2_A3QIY5,0.9319144196164576,0.5,True
8pr6__B1_A0A1Q6BKH4--8pr6__A1_A0A1Q6BKH4,0.5919800206467986,0.5,True
8j64__A1_Q967S9--8j64__B1_O00816,0.5245089216113905,0.5,False
8ohw__A1_Q63T97--8ohw__B1_Q63T97,0.8769700614590576,0.5,True
5y4r__A1_O87131--5y4r__B1_Q9HVI1,0.8627968000145572,0.5,False
3ddh__A1_Q8A5Q8--3ddh__B1_Q8A5Q8,0.9541812958825406,0.5,True
8d3t__B1_A0A2K2AMS7--8d3t__A1_A0A2K2AMS7,0.5605867230424708,0.5,True
1zk8__A1_Q815X4--1zk8__B1_Q815X4,0.9791897723377226,0.5,True
2w82__A1_Q47730--2w82__B1_Q47730,0.9692176745652288,0.5,True
6l08__A1_O65896--6l08__B1_O65896,0.9635140243363076,0.5,True
4p94__B1_Q4J9K8--4p94__A1_Q4J9K8,0.9646401176645816,0.5,True
4yii__A1_O00762--4yii__B1_Q9UJX6,0.9798537911449143,0.5,False
4rus__A1_P68512--4rus__B1_P68512,0.9480246084815187,0.5,True
2o48__A1_Q9TQS6--2o48__A2_Q9TQS6,0.9061181172716019,0.5,True
7pvw__B1_P00523--7pvw__A1_P00523,0.4480760974749924,0.5,True
2wcu__A1_Q8R2K1--2wcu__B1_Q8R2K1,0.9602482488295286,0.5,True
2p35__A1_Q8UH15--2p35__B1_Q8UH15,0.798835511327083,0.5,True
5jj8__A1_Q9HVB9--5jj8__A2_Q9HVB9,0.793571047188079,0.5,True
6ije__A1_A0A083ZID3--6ije__B1_A0A083ZID3,0.9184595288797172,0.5,True
8avu__A1_Q8GPI4--8avu__A2_Q8GPI4,0.9280554836110391,0.5,True
7xdu__B1_A0A1I1Z0X1--7xdu__A1_A0A1I1Z0X1,0.9840673696639162,0.5,True
1xr4__A1_Q8ZRY1--1xr4__B1_Q8ZRY1,0.8647201041063972,0.5,True
2fuq__A1_C6XZB6--2fuq__B1_C6XZB6,0.9645941044850269,0.5,True
5xrw__A1_O25306--5xrw__C1_O25674,0.9584667687737862,0.5,False
5l0o__A1_P46940--5l0o__B1_P46940,0.3796662032088788,0.5,True
2zcx__A1_Q9FBX0--2zcx__A2_Q9FBX0,0.9159074902429882,0.506962756519083,True
5way__A1_Q97P44--5way__B1_Q97P44,0.9690597401762397,0.5,True
7xey__A1_Q9SU72--7xey__B1_Q9S745,0.9047230425515924,0.5,False
4xlo__C1_Q9KHK2--4xlo__A1_Q9KHK2,0.9593264034785411,0.5,True
6kd6__B1_Q9VAA9--6kd6__A1_Q9VAA9,0.2718239619971898,0.5,True
8k72__A1_Q9NWT6--8k72__A2_Q9NWT6,0.9391039754302201,0.5,True
8b5v__A1_Q4E4A3--8b5v__B1_Q4E4A3,0.9485326408169668,0.5,True
4yo3__A1_D3GUX1--4yo3__A2_D3GUX1,0.9830655147208482,0.5,True
8p8p__A1_P49773--8p8p__B1_P49773,0.9265727963724146,0.5,True
6hrx__A1_O53623--6hrx__B1_O53623,0.9879937453778687,0.5,True
3mdo__A1_A6LDR8--3mdo__B1_A6LDR8,0.9787130137102213,0.5,True
8iw0__A1_Q14678--8iw0__B1_Q14678,0.5411669538342727,0.5,True
2rb7__A1_Q313A9--2rb7__B1_Q313A9,0.9294236561833826,0.5,True
3lsj__A1_Q9HUS3--3lsj__B1_Q9HUS3,0.9116915942855831,0.5,True
8g0q__A1_P40460--8g0q__B1_P33895,0.8014373347700614,0.5,False
6ms4__A1_Q9ULC4--6ms4__B1_O43583,0.9103463322571352,0.5,False
7y6b__A1_A0A411GZY8--7y6b__B1_A0A411H025,0.8596551283455653,0.4997672253258845,False
7zyt__A1_P09622--7zyt__B1_P09622,0.8461300391515183,0.5,True
7lle__A1_Q6QVT7--7lle__B1_Q6QVT7,0.898921015339107,0.5,True
4csw__A1_D0MK34--4csw__B1_D0MK34,0.9640709325138178,0.5,True
7tev__A1_P04181--7tev__A2_P04181,0.8928653561178502,0.5,True
2hsa__B1_Q9FEW9--2hsa__A1_Q9FEW9,0.8427084098376643,0.5,True
4tsd__A1_O25673--4tsd__B1_O25673,0.9210233307308702,0.5443653154959099,True
7qh0__B1_P48499--7qh0__A1_P48499,0.9890265441299753,0.5,True
1ayf__B1_P00257--1ayf__A1_P00257,0.5784158346282277,0.5,True
3neu__A1_Q92AT3--3neu__A2_Q92AT3,0.8924396718146719,0.5,True
8f9x__A1_Q5LVE1--8f9x__B1_Q5LVE1,0.9167397463920501,0.503290942159337,True
3pui__A1_Q9L9D7--3pui__A2_Q9L9D7,0.9873191005448735,0.5,True
1rqi__A1_P22939--1rqi__B1_P22939,0.976134066000675,0.5,True
6pya__A1_P04278--6pya__A2_P04278,0.9602955299936767,0.5,True
1r27__A1_P09152--1r27__B1_P11349,0.9170946926451954,0.5,False
7zuv__A1_A0A2K3DY10--7zuv__D2_A0A2K3DY10,0.8119991880937236,0.5,True
2aho__A1_Q980A5--2aho__B1_Q97Z79,0.9500169561168741,0.5,False
6mni__A1_A0A2V0QX35--6mni__B1_A0A2V0QX35,0.8975913521461376,0.5,True
4kif__B1_Q643C8--4kif__A1_Q643C8,0.9822532166024313,0.5,True
7vyu__A1_A0A022MLV4--7vyu__B1_A0A022MLV4,0.8967025277811105,0.5,True
3g23__A1_Q2G8F3--3g23__B1_Q2G8F3,0.9768284667938145,0.5,True
3ui3__A1_O05728--3ui3__B1_O05728,0.9391252503649388,0.5,True
8ohy__A1_Q556V8--8ohy__A2_Q556V8,0.9877331021363944,0.5,True
5zgo__A1_Q5SHW6--5zgo__B1_Q5SHW6,0.8339156969390336,0.5,True
5uph__B1_Q14108--5uph__A1_Q14108,0.7563839908479107,0.5,True
6u3w__A1_P53622--6u3w__B1_P40509,0.9453112084247601,0.5,False
2gsv__B1_P71066--2gsv__A1_P71066,0.8124070464226409,0.5,True
7yh1__A1_A0A5B9DB95--7yh1__B1_A0A5B9DB95,0.9435168949539614,0.5,True
6c6r__A1_Q14534--6c6r__B1_Q14534,0.9450049660494014,0.5,True
6p4o__B1_Q970I1--6p4o__A1_Q970I2,0.9029495319501408,0.5,False
2oys__A1_A0A0H2URW2--2oys__B1_A0A0H2URW2,0.9602007736484015,0.5,True
8i85__A1_D2B3F1--8i85__B1_D2B3F1,0.8127809938144516,0.5,True
2b0a__A1_Q58193--2b0a__A2_Q58193,0.9626069410294305,0.5,True
3ayh__B1_O94285--3ayh__A1_Q9C0Z9,0.8643427675660326,0.5,False
2g38__B1_Q79FE1--2g38__A1_Q7D756,0.8808978660257755,0.5,False
2z6k__A1_P15927--2z6k__C1_P35244,0.8679920385271772,0.5,False
3p8b__B1_Q8TZK1--3p8b__A1_Q8U440,0.8825358793775261,0.5,False
6z68__A1_A0A1M6Y2K1--6z68__B1_A0A1M6Y2K1,0.8916294189353922,0.5,True
5yz5__A1_Q16555--5yz5__A2_Q16555,0.8821006236221822,0.5,True
6dk9__A1_A7A1Y4--6dk9__A2_A7A1Y4,0.9566025188323917,0.5,True
2p19__A1_Q8NTZ4--2p19__C1_Q8NTZ4,0.9612900702451539,0.5,True
8ai1__B1_Q45595--8ai1__A1_Q45595,0.9015856459069564,0.5,True
7px0__B1_Q9VF53--7px0__A1_Q9VF53,0.9584600966205041,0.5,True
4cmz__B1_Q9BXM0--4cmz__A1_Q9BXM0,0.02641723760154962,0.5,True
8gyz__B1_Q93ZE2--8gyz__A1_Q93ZE2,0.9497850406776729,0.5,True
2ikb__A1_Q7DDI9--2ikb__C1_Q7DDI9,0.9844871232406973,0.5,True
7zam__A1_Q07666--7zam__B1_Q07666,0.5054759332994749,0.5,True
3egv__A1_Q84BQ9--3egv__B1_Q5SLP6,0.8766560079415853,0.5,False
2g9w__A1_P9WMJ5--2g9w__B1_P9WMJ5,0.9358671374686054,0.5,True
2afv__A1_Q8EXP7--2afv__B1_Q8EXP7,0.9441236641234275,0.5,True
7w93__A1_A0A140N873--7w93__A2_A0A140N873,0.9847271476117964,0.5,True
1wl3__B1_Q9X1M1--1wl3__A1_Q9X1M1,0.9668011084113479,0.5,True
4kbx__A1_P45550--4kbx__A2_P45550,0.9527966464648314,0.5,True
8brn__C1_P80366--8brn__A1_P80366,0.905848695741281,0.5,True
8h5a__A1_P67661--8h5a__B1_P67661,0.8881958400307024,0.5,True
8b4l__B1_D5SK09--8b4l__A1_D5SK09,0.8489411156149729,0.5,True
1nrj__B1_P36057--1nrj__A1_P32916,0.8885355466196541,0.5,False
4rdw__A1_Q9HU77--4rdw__A2_Q9HU77,0.9491788635439813,0.5,True
7vpr__A1_Q6FX18--7vpr__B1_Q6FX18,0.7087130607428849,0.5,True
5a6k__A1_A0A0H2US73--5a6k__B1_A0A0H2US73,0.9890445759843997,0.5,True
7ucd__B1_P17535--7ucd__A1_P53539,0.808218953133264,0.5,False
1qc9__A1_P00642--1qc9__A2_P00642,0.862518572688861,0.5,True
3ooc__A1_P77239--3ooc__B1_P77239,0.9616258045440138,0.5,True
8pm1__A1_B8GAY9--8pm1__B1_B8GAY9,0.9457644224334806,0.5,True
1vbg__A1_P11155--1vbg__A2_P11155,0.9807600939607949,0.5,True
4ovo__A1_P67954--4ovo__A2_P67954,0.9179772978190305,0.5,True
2qgs__A1_A0A0H2VIU2--2qgs__B1_A0A0H2VIU2,0.9670207921002788,0.5,True
8bol__A1_Q04609--8bol__A2_Q04609,0.9664578679347707,0.5,True
3mii__B1_Q08914--3mii__A1_Q08914,0.9170574678733646,0.5,True
3i23__A1_Q835X4--3i23__B1_Q835X4,0.8561683250408398,0.5,True
3itf__A1_P0AE85--3itf__B1_P0AE85,0.7843015015705201,0.5,True
6mw5__A1_K3WC47--6mw5__A2_K3WC47,0.9024900609781978,0.5,True
5vht__A1_P0A9J8--5vht__B1_P0A9J8,0.9871041458640178,0.5,True
6j6x__B1_P53611--6j6x__A1_Q7Z6K3,0.8775135148615646,0.5,False
4tvb__A1_O32323--4tvb__B1_O32323,0.9465530653432541,0.5,True
3jyu__A1_P35123--3jyu__B1_P35123,0.5861291073288365,0.5,True
8dtc__A1_L8GT25--8dtc__B1_L8GT25,0.8382831310809834,0.5,True
8fny__A1_O00418--8fny__B1_P0DP23,0.7551935604212163,0.5,False
7v0b__A1_A0A1E7MYN1--7v0b__B1_A0A1E7MYN1,0.9675968322627715,0.5,True
2vvo__A1_P9WKD7--2vvo__B1_P9WKD7,0.8921817588466197,0.5,True
5yjh__A1_Q15063--5yjh__A2_Q15063,0.845493583426954,0.5,True
2z5e__A1_Q9BT73--2z5e__B1_Q9BT73,0.9150865923316971,0.5066892348121248,True
1a8l__A1_Q51760--1a8l__A2_Q51760,0.9842084330057354,0.5,True
8h0r__A1_Q9WVJ5--8h0r__B1_Q9WVJ5,0.21395934436863348,0.5,True
2j7j__A1_P03001--2j7j__A2_P03001,0.515592751101053,0.5,True
7zbg__A1_Q02880--7zbg__A2_Q02880,0.6987006973552765,0.5,True
1rku__A1_Q9I2Y2--1rku__B1_Q9I2Y2,0.9646440288202512,0.5,True
2wvl__A1_Q72K30--2wvl__B1_Q72K30,0.904523966699227,0.5,True
8ewa__B1_Q9HW02--8ewa__A1_Q9HW02,0.9727339237840211,0.5,True
2ft0__A1_Q8FBQ3--2ft0__B1_Q8FBQ3,0.9077498702491218,0.5,True
2r01__A1_Q8KFI1--2r01__A2_Q8KFI1,0.9045385467716012,0.5,True
8hno__A1_B6YTS4--8hno__B1_B6YTS4,0.9482528508226926,0.5,True
6x88__A1_P52731--6x88__B1_P52731,0.9662596989153565,0.5,True
2x76__A1_Q939Q9--2x76__A2_Q939Q9,0.9934498371117406,0.5,True
7x2p__A1_Q5ZWH7--7x2p__B1_Q5ZWH7,0.6026556274962582,0.5,True
2aeu__A1_Q57622--2aeu__A2_Q57622,0.9711557295530698,0.5,True
5kbg__A1_Q43965--5kbg__B1_Q43965,0.9619777253615014,0.5,True
4p9g__A1_Q9REI7--4p9g__A2_Q9REI7,0.9455798024275652,0.5,True
7tcv__A1_Q60932--7tcv__A2_Q60932,0.8377101128122816,0.5,True
7vkb__A1_Q5ZSZ6--7vkb__B1_Q5ZSZ7,0.8587515094983525,0.5,False
7r2p__A1_Q46877--7r2p__A2_Q46877,0.8380748220033936,0.5,True
6ggl__B1_C9K1X5--6ggl__A1_C9K1X5,0.8917053584105771,0.5,True
7yi7__A1_Q9Y251--7yi7__B1_Q9Y251,0.3518986503394188,0.5,True
7yka__B1_Q9Y3D6--7yka__A1_Q9Y3D6,0.5983498973473744,0.5,True
8jea__A1_K1QRB6--8jea__D1_K1QRB6,0.9182677268413992,0.5,True
8huc__C1_A0A0H2Z790--8huc__A1_A0A0H2Z790,0.9183976693372178,0.5,True
5mpr__A1_O15382--5mpr__A2_O15382,0.9469979251428265,0.5,True
4ooj__B1_Q5ZSK6--4ooj__A1_Q5ZSK6,0.7925385059442965,0.5,True
8a5v__A1_Q9Y617--8a5v__C1_Q9Y617,0.9443532557446331,0.5,True
3lm2__A1_A9CH74--3lm2__B1_A9CH74,0.941577067799292,0.5,True
7zwt__A1_P41182--7zwt__A2_P41182,0.6905300260915487,0.5,True
5zwl__B1_Q8DLU1--5zwl__A1_Q8DLG7,0.8561257328978445,0.5,False
6wmz__A1_P23246--6wmz__B1_Q15233,0.5322279804525747,0.5,False
1i4m__A1_P04156--1i4m__A2_P04156,0.3071869045532216,0.5,True
2gjg__A1_Q88EQ6--2gjg__A2_Q88EQ6,0.85990189546394,0.5,True
4ghm__A1_Q9KTK0--4ghm__B1_Q9KTK0,0.9361411861147019,0.5,True
1tve__A1_P31116--1tve__B1_P31116,0.9664591826736497,0.5,True
3onx__A1_P41697--3onx__B1_P41697,0.6245535722275917,0.5,True
8cp4__A1_Q6LXV7--8cp4__A2_Q6LXV7,0.9792617989036089,0.5,True
1ob9__A1_Q97YX6--1ob9__A2_Q97YX6,0.961447815531716,0.5,True
7zcc__B1_P46327--7zcc__A1_P46327,0.9716145037976195,0.5,True
4kwd__A1_Q9UR08--4kwd__B1_Q9UR08,0.9783952925923156,0.5,True
7wuy__A1_A0A1R3S1W7--7wuy__B1_A0A1R3S1W7,0.941593362401559,0.5,True
5gtw__A1_I3NX86--5gtw__D1_I3NX86,0.9413529182097963,0.5,True
6loh__A1_O15033--6loh__A2_O15033,0.8732523804137172,0.5,True
3a9y__A1_Q68FT9--3a9y__B1_Q68FT9,0.9712843389509975,0.5,True
8ay6__B1_Q9CAJ0--8ay6__A1_A0A067E666,0.8601834546527641,0.5,False
8u5m__A1_Q8TF42--8u5m__F1_Q8TF42,0.9565042774723383,0.5,True
7twa__D1_F8JJ25--7twa__A1_F8JJ25,0.9899483247769247,0.5,True
8fju__B1_P34897--8fju__A1_P34897,0.9094537764875039,0.5,True
1fjj__A1_P12994--1fjj__A2_P12994,0.907956005138086,0.5,True
8iyi__A1_Q6CVU4--8iyi__B1_Q6CVU4,0.9693917493890405,0.5,True
1uus__A1_O00910--1uus__A2_O00910,0.7423683721206018,0.5,True
1zt2__A1_Q97Z83--1zt2__C1_Q9UWW1,0.9822874651457085,0.5,False
7uex__A1_Q9H999--7uex__A2_Q9H999,0.9145672949479626,0.5,True
6jqy__A1_P9WF13--6jqy__B1_P9WF13,0.9792117813869553,0.5497583139984532,True
6l6w__A1_A0A3B6UEU3--6l6w__A2_A0A3B6UEU3,0.9793502384853157,0.5,True
8grj__B1_Q8GQE7--8grj__A1_A0A0H3KLY3,0.9381784580036168,0.5,False
2j0n__B1_P18013--2j0n__A1_P18013,0.5024814874509661,0.5,True
3rq1__A1_D1BN29--3rq1__C1_D1BN29,0.9371148381044689,0.5,True
5ae6__B1_Q92458--5ae6__A1_Q92458,0.9153589683745225,0.5,True
7qi3__A1_W7NDP8--7qi3__C1_W7NDP8,0.9525062429209858,0.5,True
2yve__A1_Q8NMG3--2yve__B1_Q8NMG3,0.915990520494598,0.5,True
5ynx__A1_B2GM84--5ynx__B1_B2GM84,0.8627401844906459,0.5,True
2r6u__A1_Q0S814--2r6u__C1_Q0S814,0.8747230731332449,0.5,True
8b6m__A1_Q9H2K2--8b6m__B1_Q9H2K2,0.441152520174966,0.5,True
3kc2__A1_P36151--3kc2__B1_P36151,0.9799945536849135,0.5,True
3vp5__A1_Q9CHR1--3vp5__A2_Q9CHR1,0.9544295321637427,0.5,True
7pvh__A1_B2RLE7--7pvh__B1_B2RLE7,0.6433584700880297,0.5,True
4nqf__B2_Q7CW19--4nqf__A1_Q7CW19,0.988694800938066,0.5,True
1vjh__A1_P0C0B0--1vjh__B1_P0C0B0,0.9218965310427352,0.5,True
5xw4__B1_Q00684--5xw4__A1_Q00684,0.6754352806477567,0.5,True
8aai__A1_O00560--8aai__C1_O00560,0.6043845239168658,0.5,True
4xdl__A1_P57789--4xdl__B1_P57789,0.87512466912626,0.5,True
6ukl__A1_P0A901--6ukl__F1_P0A901,0.25685795816290546,0.5,True
5dot__A1_P31327--5dot__B1_P31327,0.8908673202946811,0.5,True
5by4__A1_P0ABV6--5by4__A2_P0ABV6,0.9550045370125791,0.5,True
7zxs__A1_Q86TI2--7zxs__C1_Q86TI2,0.9511441688485592,0.5,True
1v6u__A1_Q7SI98--1v6u__B1_Q7SI98,0.8496705360147488,0.5,True
6e27__A1_Q9H257--6e27__B1_Q9H257,0.12852926798105402,0.5,True
7szd__A1_Q96S44--7szd__B1_Q9Y3C4,0.9509280618132141,0.5,False
1h9r__A1_P0A9G8--1h9r__B1_P0A9G8,0.8499931337117527,0.5,True
3on6__A1_A7M0J6--3on6__B1_A7M0J6,0.9500529987418316,0.5,True
8fwy__A1_Q4DGA2--8fwy__B1_Q4DGA2,0.9254889765277178,0.5,True
1yu6__A1_P00780--1yu6__C1_P68390,0.9421918786606029,0.5,False
6ek1__A1_A0A452CST7--6ek1__A2_A0A452CST7,0.9437271197847572,0.5072360893807771,True
6ckj__A1_P0A0Z8--6ckj__A2_P0A0Z8,0.9745301319356123,0.5,True
1w33__A1_O50957--1w33__B1_O50957,0.3620282841835371,0.5,True
4usk__B1_H7C745--4usk__B2_H7C745,0.9208594860568798,0.5,True
6cmv__B1_Q4J9G1--6cmv__A1_Q4J9G1,0.9829176947727005,0.5,True
7y70__A1_F4KCC2--7y70__A2_F4KCC2,0.5341541532066063,0.5,True
3cwx__A1_P94837--3cwx__B1_P94837,0.9280996083913982,0.5,True
3p1y__A1_O29362--3p1y__B1_O29362,0.8601405435424835,0.5,True
8a8i__A1_Q9R9V9--8a8i__B1_Q9R9V9,0.9873923522402849,0.5,True
5d1l__A1_P62837--5d1l__B1_Q96BH1,0.8532641684491393,0.5,False
8og3__A1_P38489--8og3__B1_P38489,0.9497826545693484,0.5,True
4neh__A1_P20702--4neh__B1_P05107,0.854862164564501,0.5,False
2prv__A1_O34596--2prv__B1_O34596,0.9693783261909835,0.5,True
6kvn__A1_A0A1S4CVP6--6kvn__A2_A0A1S4CVP6,0.9316346618051315,0.5,True
5tgq__A1_A0A1S4NYF7--5tgq__A2_A0A1S4NYF7,0.9813670687457096,0.5,True
6b3i__A1_P27216--6b3i__B1_P27216,0.5143907041839872,0.5,True
1rqn__A1_O31156--1rqn__B1_O31156,0.9965873617533103,0.5,True
7tcr__A1_A0A2D2D5M1--7tcr__D1_A0A2D2CY73,0.915853851111021,0.5,False
5l7z__A1_P28750--5l7z__A2_P28750,0.8100882013456531,0.5,True
7ljh__A1_Q769D3--7ljh__B2_Q769D3,0.9900669152115191,0.5,True
5frk__A1_D4I047--5frk__B1_D4I047,0.8100234189384736,0.5,True
7xmw__B1_U2Q5N5--7xmw__A1_U2Q5N5,0.36362916123136335,0.5,True
7w2o__A1_Q9HZP1--7w2o__B1_Q9HZP1,0.9877006973472002,0.5,True
7uay__A1_P08684--7uay__A2_P08684,0.9959181576204367,0.5,True
5czf__D1_A0A0H3JHG3--5czf__A1_Q8XAD5,0.7677487956582718,0.5,False
2p6p__A1_Q9RPA7--2p6p__B1_Q9RPA7,0.8123826717569675,0.5,True
4u64__A1_Q5ZXA3--4u64__A2_Q5ZXA3,0.9794278741881138,0.5,True
7qbm__A1_P43235--7qbm__B1_P43235,0.49624591185718986,0.5,True
3nvm__A1_Q8U4M1--3nvm__B1_Q8U4M2,0.8966692506150595,0.5,False
3wws__A1_Q13188--3wws__D1_Q13188,0.9115860485483249,0.5,True
4c87__A1_F9UMG7--4c87__B1_F9UMG7,0.8331275179541076,0.5,True
2d7e__A1_P17888--2d7e__B1_P17888,0.4625937876554357,0.5,True
7xro__A1_Q9RQ20--7xro__B1_Q9RQ20,0.7585112292104688,0.5,True
5yrj__A1_B6F0T7--5yrj__B1_A0A2Z5V8U8,0.9696833584482825,0.5,False
6yev__C1_P0A744--6yev__A1_P0AA25,0.8915309273632128,0.5,False
8glr__A1_Q8ZJX7--8glr__A2_Q8ZJX7,0.9019361072656236,0.5,True
5fwt__A1_Q96MU8--5fwt__A2_Q96MU8,0.8181634362258294,0.5,True
4e6s__A1_Q3URR7--4e6s__A2_Q3URR7,0.6257020719605283,0.5,True
8enb__B1_A7DT38--8enb__A1_A0T3A2,0.7976927001394998,0.5,False
8h4p__A1_I1S104--8h4p__B1_I1S104,0.938450126785232,0.5,True
7yo8__A1_P60520--7yo8__A2_P60520,0.7015710303779694,0.5,True
8elf__B1_Q6DYE4--8elf__A1_Q6DYE4,0.7673923642815772,0.5,True
1ax2__A1_P16404--1ax2__A2_P16404,0.9571928555987089,0.5,True
8i33__C1_A0A6Q8PFJ0--8i33__A1_A0A6Q8PFJ0,0.8881211279814281,0.5,True
3q9l__A1_P0AEZ3--3q9l__B1_P0AEZ3,0.9308312310885507,0.5,True
2yk4__A1_P72097--2yk4__A2_P72097,0.4897930456117682,0.5,True
7u5f__C1_Q9HTM2--7u5f__A1_Q9HTM2,0.9600557164059269,0.5,True
5xt3__B1_A0A0U1MUE2--5xt3__A1_A0A0U1MUE2,0.9244047840477689,0.5,True
5iws__A1_Q63GK8--5iws__A2_Q63GK8,0.9442139749580968,0.5,True
2owl__A1_P36767--2owl__B1_P36767,0.8839108169683454,0.5,True
8bca__A1_O75643--8bca__B1_Q6P2Q9,0.789967428310202,0.5,False
3mcb__B1_P20290--3mcb__A1_Q13765,0.9338642820548647,0.5,False
8gy8__A1_Q8TZT0--8gy8__B1_Q8TZT0,0.956217699139974,0.5,True
8dkd__A1_G7CIP4--8dkd__A2_G7CIP4,0.9686914397563501,0.5,True
7dus__A1_P08965--7dus__A2_P08965,0.13788700848773666,0.5,True
8gb1__A1_Q9Y3Z3--8gb1__B1_Q9Y3Z3,0.9161667283555115,0.5,True
6ikj__A1_Q9I4L6--6ikj__B1_Q9I4L6,0.7966343426464332,0.5,True
8b2q__A1_D0EM77--8b2q__B1_G8UM88,0.6788337041023977,0.5,False
5x42__A1_Q5ZYB7--5x42__B1_Q5ZYC6,0.9372784870597508,0.5,False
1vkh__A1_Q04066--1vkh__B1_Q04066,0.9261559341519104,0.5,True
5omd__A1_Q04377--5omd__A2_Q04377,0.864785104310916,0.5,True
2vsg__A1_P26329--2vsg__B1_P26329,0.9404250736658473,0.5,True
1jql__A1_P0A988--1jql__B1_P28630,0.9890363242584121,0.5,False
1w9c__A1_O14980--1w9c__B1_O14980,0.3229170388724316,0.5,True
3upl__A1_Q2YIM3--3upl__B1_Q2YIM3,0.9780212864788342,0.5,True
3tm2__A1_Q83XN4--3tm2__B1_Q83XN4,0.8970719948786493,0.5,True
3kxa__A1_Q5F9C2--3kxa__B1_Q5F9C2,0.8650718774866466,0.5,True
7yls__B1_C5CSP6--7yls__A1_C5CSP7,0.9058059652311102,0.5,False
7psg__A1_Q6D515--7psg__B1_Q6D515,0.8825619800070141,0.5,True
8pte__A1_P00698--8pte__A2_P00698,0.9143032848048827,0.5,True
7ykc__A1_P14843--7ykc__B1_P14843,0.9678227844733551,0.5,True
3wxe__A1_E7FEV5--3wxe__B1_P0CG48,0.7422077254092473,0.5,False
2vjf__A1_Q00987--2vjf__B1_O15151,0.7372175767780736,0.5,False
7pvo__A1_P56137--7pvo__A2_P56137,0.9619522556727977,0.5,True
3kkd__A1_Q9HXU1--3kkd__A2_Q9HXU1,0.9606579727186969,0.5,True
3mph__A1_P19801--3mph__B1_P19801,0.9199747457686236,0.5,True
6jc4__A1_A6TE44--6jc4__D1_A6TE44,0.955025019046426,0.5,True
2rf4__A1_P46669--2rf4__B1_P50106,0.8998753870109661,0.5,False
4huz__A1_Q9ZBB0--4huz__A2_Q9ZBB0,0.8966141709191155,0.5,True
5gtj__B1_Q9BV47--5gtj__A1_Q9BV47,0.5319297045518341,0.5,True
2xw7__A1_A0QP85--2xw7__B1_A0QP85,0.9394119485371575,0.5,True
6l6h__A1_Q5ZZ22--6l6h__B1_Q5ZZ22,0.9641860458808844,0.5,True
8p7m__A1_P0A434--8p7m__A2_P0A434,0.9264596342063776,0.5,True
6gou__A2_P97275--6gou__C1_P97275,0.8766090530275892,0.5,True
2wwo__A1_Q66ED7--2wwo__B1_Q66ED7,0.9768515311927967,0.5,True
8i3n__A1_Q12178--8i3n__C1_Q12178,0.9411871694917096,0.5,True
1s7i__A1_Q9I3Z5--1s7i__A2_Q9I3Z5,0.8464312823690741,0.5,True
3szw__A1_B7JBP8--3szw__A2_B7JBP8,0.940305508441342,0.5,True
2nys__A1_Q8U561--2nys__B1_Q8U561,0.9614246555557896,0.5,True
3gr5__A1_O52135--3gr5__A2_O52135,0.642771807196326,0.5,True
3ded__A1_Q7P1I2--3ded__B1_Q7P1I2,0.7031720894502012,0.5,True
5b5x__A1_Q75NZ1--5b5x__A2_Q75NZ1,0.48115913243423,0.5,True
7qga__A1_P21589--7qga__A2_P21589,0.9848158635663872,0.5,True
3sd2__A1_Q8A1T7--3sd2__A2_Q8A1T7,0.6212923021262385,0.5,True
8ow9__A1_G8UQH9--8ow9__B1_G8UQH9,0.9473926039400961,0.5,True
3bcw__B1_A0A0H3LK92--3bcw__A1_A0A0H3LK92,0.902258333136317,0.5,True
6duy__A1_Q61301--6duy__B2_Q61301,0.6855622973372354,0.5,True
5zyf__A1_Q99ZW0--5zyf__B1_Q99ZW0,0.8250839244925418,0.5047169811320755,True
2b7o__A1_O53512--2b7o__B1_O53512,0.968562140986732,0.5,True
1v57__A1_P77202--1v57__A2_P77202,0.9588236251859216,0.5,True
7cov__A1_Q06801--7cov__A2_Q06801,0.8956420267155376,0.5,True
6ign__A1_Q61768--6ign__A2_Q61768,0.9363028935982838,0.5,True
3be5__A1_Q8XBR1--3be5__B1_Q8XBR1,0.9030681054968771,0.5,True
4hn3__B1_Q8Y6D1--4hn3__A1_Q8Y6D1,0.9031614310472262,0.5,True
4o8y__A1_Q08723--4o8y__B1_P43588,0.8832062852324188,0.5,False
7uoi__A1_A0A1S8KJG1--7uoi__A2_A0A1S8KJG1,0.9758281178616965,0.5,True
7vma__A1_C5A758--7vma__A2_C5A758,0.9864163654307591,0.5,True
7d9m__A1_A0A4D6NYT7--7d9m__B2_A0A4D6NYT7,0.852477534223566,0.5,True
2py8__C1_Q55670--2py8__B1_Q55670,0.896221891599643,0.5,True
7ytl__A1_E1BR24--7ytl__A2_E1BR24,0.8620775911941364,0.5,True
7vxt__A1_Q63W52--7vxt__B1_Q63W52,0.6298084540112956,0.5,True
5cv3__A1_E3M3V1--5cv3__A2_E3M3V1,0.6673508857307193,0.5,True
8c9v__A1_Q1JXV1--8c9v__A2_Q1JXV1,0.9844978092752652,0.5,True
3tsn__A1_Q9PN58--3tsn__B1_Q9PN58,0.9658621106377836,0.5,True
8j51__A1_A0A0E9MUN5--8j51__B1_A0A0E9MUN5,0.9270313741893441,0.5,True
6cz9__A1_Q7WTU0--6cz9__B1_Q7WTT9,0.9047174250318978,0.5,False
8pzo__A1_F9UT68--8pzo__A2_F9UT68,0.9310150540686052,0.5,True
3tqg__B1_Q83DG4--3tqg__A1_Q83DG4,0.9395698656541546,0.5,True
7czg__C1_Q8TDY2--7czg__A1_Q8TDY2,0.6383159738758006,0.5,True
7eev__B1_A0A3D9R4E8--7eev__A1_A0A3D9R4E8,0.8635375620047042,0.5,True
8ori__A1_Q2KB35--8ori__B1_Q2KB35,0.9063947402545256,0.5,True
7o6z__A1_A0A7R8L7W4--7o6z__B1_A0A7R8L7W4,0.987951838259855,0.5,True
8pmr__A1_Q4WL81--8pmr__B1_Q4WL81,0.7707017792080573,0.5,True
7u34__A1_Q4X1J1--7u34__A2_Q4X1J1,0.9526055425098153,0.5,True
3fmy__A1_Q46864--3fmy__A2_Q46864,0.9362783713258825,0.5,True
7f0o__B1_A0A2I1C3W8--7f0o__A1_A0A2I1C3W8,0.9561282649343206,0.5,True
3ojm__B1_P21802--3ojm__A1_P05230,0.6402396598430788,0.5,False
6xgz__A1_P63386--6xgz__B1_P64602,0.929948546277354,0.5,False
7x2y__A1_A0A076PYH9--7x2y__B1_A0A076PYH9,0.9879449176126741,0.5,True
5i4h__B1_P07711--5i4h__A1_P07711,0.2770952064918515,0.5,True
4e6h__A1_Q6CII8--4e6h__A2_Q6CII8,0.9356878560201418,0.5,True
6x7p__A1_Q8GGP1--6x7p__A2_Q8GGP1,0.936914047684565,0.5,True
3exq__A1_Q03S37--3exq__A2_Q03S37,0.9191987500230226,0.5,True
2qvc__A1_Q9WXW9--2qvc__B2_Q9WXW9,0.9855681142480255,0.5,True
6yoa__A1_O82015--6yoa__B1_O82015,0.942726381170317,0.5,True
7qnm__A1_G0L7V6--7qnm__B1_G0L7V6,0.9863876263165214,0.5,True
3p8v__A1_Q9V228--3p8v__B1_Q9V228,0.9767425436143227,0.5,True
4re1__A1_P28347--4re1__D1_P46937,0.41060285418274034,0.5,False
8iw5__A1_Q8C8U0--8iw5__B1_Q8C8U0,0.8735917717565166,0.5,True
7sq2__B1_Q01970--7sq2__A1_P21279,0.8352594702452467,0.5,False
4lqx__B1_Q97VD2--4lqx__A1_Q97VD2,0.9824442853580897,0.5,True
3owf__A1_P00644--3owf__A2_P00644,0.4952105429261014,0.5,True
2dpl__A1_O59072--2dpl__B1_O59072,0.9769298455882316,0.5,True
4ap5__A1_Q9Y2G5--4ap5__B1_Q9Y2G5,0.8789368085569056,0.5,True
8evy__A1_Q9LCT6--8evy__A2_Q9LCT6,0.997056337469447,0.5,True
5npo__A1_P62593--5npo__B1_D3INY1,0.7527907712530721,0.5,False
5uhs__A1_B0SR19--5uhs__B1_B0SR19,0.7869809968444209,0.5,True
4hsl__A1_Q1LCS4--4hsl__A2_Q1LCS4,0.9573377768581338,0.5,True
8b3s__A1_O31597--8b3s__B1_A0A164W157,0.9295489492103155,0.5,False
5euv__A1_D1LZK0--5euv__B1_D1LZK0,0.9085865692092056,0.5,True
7tmg__A1_A0A0H3GLR2--7tmg__B1_A0A0H3GLR2,0.9677585479403202,0.5,True
7tgn__B1_A0A1Q5L7T0--7tgn__A1_A0A1Q5L7T0,0.9862454104288281,0.5,True
4fz2__A1_C7DIA5--4fz2__B1_C7DIA5,0.9360364716120375,0.5,True
6j2l__A1_P37793--6j2l__B1_P37793,0.9165606398690597,0.5,True
5grk__A1_Q89XR0--5grk__B1_Q89XR0,0.9532961441635646,0.5,True
3qxs__A1_O24872--3qxs__A2_O24872,0.9657801187285692,0.5,True
8q3y__A1_E8URK0--8q3y__B1_E8URK0,0.9866031067402746,0.5,True
1pyb__A1_O66738--1pyb__B1_O66738,0.9021671605741739,0.4995501758403533,True
7yto__A1_Q9RHU9--7yto__B1_Q9RHU9,0.9511041559204533,0.5,True
5vae__A1_Q9AET9--5vae__B1_Q9AET7,0.9064817807142487,0.5,False
1zrs__A1_Q9HTZ1--1zrs__B1_Q9HTZ1,0.9665548642233543,0.5,True
2cg5__A1_Q9NRN7--2cg5__B1_P49327,0.8273212027125502,0.5,False
4yk8__B1_O36019--4yk8__A1_O13978,0.6184036803481386,0.5,False
2iml__A1_O28442--2iml__C1_O28442,0.9179181700206626,0.5,True
6iru__A1_Q9RVF9--6iru__A2_Q9RVF9,0.9925790082729669,0.5,True
4x36__A1_P06653--4x36__A2_P06653,0.9938839056378419,0.5,True
8iev__A1_Q0PAW2--8iev__B1_Q0PAW2,0.9318660336890093,0.5,True
3cyg__A1_A7HM60--3cyg__B1_A7HM60,0.7164408014571948,0.5,True
5kvr__A1_P0ACL9--5kvr__A2_P0ACL9,0.932599257587221,0.5,True
1na8__A1_Q9UJY5--1na8__B1_Q9UJY5,0.7016781863144844,0.5,True
5fis__A1_H9IUR0--5fis__B1_H9IUR0,0.9059499106358486,0.5,True
5yo8__A1_A0A094YZ24--5yo8__B1_A0A094YZ24,0.9907338133168158,0.5,True
7z6m__A1_A0A0H3LM39--7z6m__A2_A0A0H3LM39,0.95335708173992,0.5,True
2yxd__A1_Q57836--2yxd__B1_Q57836,0.9293186854684875,0.5,True
1aua__A1_P24280--1aua__A2_P24280,0.9933388674222958,0.5,True
7zw3__A1_P27338--7zw3__B1_P27338,0.850828053476415,0.5,True
5xjx__I1_C0LGW6--5xjx__A1_Q9SSD1,0.49845940645919784,0.5,False
7xub__A1_Q96KQ7--7xub__B1_Q96KQ7,0.7028714901271038,0.5,True
5xlu__A1_Q65KZ6--5xlu__B1_A9YTT0,0.37528521454819125,0.5,False
8smq__A1_Q182N1--8smq__B1_Q182N1,0.3266072219713315,0.5,True
8eni__A1_A0A0H3JRH8--8eni__A2_A0A0H3JRH8,0.9574021616610509,0.5,True
1q77__A1_O66565--1q77__B1_O66565,0.9619357539922788,0.5,True
6nbp__A1_A0A4P1LYI6--6nbp__A2_A0A4P1LYI6,0.9865295405779594,0.5,True
4wu2__A1_Q7WUJ1--4wu2__B1_Q7WUJ1,0.9127715665630536,0.5,True
2nvn__A1_Q31MH7--2nvn__A2_Q31MH7,0.8643167461486606,0.5,True
3zyh__A1_Q05097--3zyh__B1_Q05097,0.9688290852854647,0.5,True
8a21__A1_A0QJI1--8a21__A2_A0QJI1,0.976352664587175,0.5,True
8ho2__A1_A0A191T7N6--8ho2__B1_A0A191T7N6,0.8517377964819293,0.5,True
2j8q__A1_O43809--2j8q__B1_O43809,0.7551948919595644,0.5,True
1cx8__A1_P02786--1cx8__B1_P02786,0.9034553362029891,0.5,True
5zfk__A1_Q31LX1--5zfk__B1_Q31LX1,0.9656710127375836,0.5,True
2qti__A1_Q8EF26--2qti__A2_Q8EF26,0.8813910690760898,0.5250489593295987,True
5djo__B1_Q9EQW7--5djo__A1_Q9EQW7,0.41032456342418433,0.5,True
1kve__B1_P19972--1kve__A1_P19972,0.3692831074484806,0.5,True
4kjq__A1_P37019--4kjq__B1_P37019,0.9224571755790076,0.5,True
8qyw__A1_Q9NVS9--8qyw__A2_Q9NVS9,0.8231797453963325,0.5,True
7t1e__A1_P78556--7t1e__B1_P78556,0.7560599735114593,0.5,True
2ev4__A1_P9WMU9--2ev4__B1_P9WMU9,0.9724636158946943,0.5,True
4m1j__A1_Q9I194--4m1j__B1_Q9I194,0.3497400313277875,0.5,True
8bj3__A1_A0A072U7F9--8bj3__B1_A0A072U7F9,0.9462072285305422,0.5,True
5fcl__A1_Q6D0X0--5fcl__B1_Q6D0X0,0.9519683995172808,0.5,True
2evr__A1_B2J9B4--2evr__A2_B2J9B4,0.6378527623566849,0.5,True
4ftw__A1_Q3J2V1--4ftw__A2_Q3J2V1,0.9109757121322541,0.5,True
2q6q__B1_P36094--2q6q__A1_P36094,0.8739769205564734,0.5,True
8hx8__A1_Q6L8Q5--8hx8__B1_Q6L8Q5,0.9474954653370815,0.5,True
7zgn__A1_U6RE59--7zgn__B1_U6RE59,0.943105164651983,0.5,True
7fiw__A1_B3CP63--7fiw__B1_Q73HD5,0.7060235880397585,0.5,False
4xd9__A1_C8VMF9--4xd9__B1_Q5B6T5,0.8773419690902993,0.5,False
3dme__A1_Q7VU70--3dme__B1_Q7VU70,0.9053151410243356,0.5,True
8d0m__A1_P28907--8d0m__A2_P28907,0.6380542535990648,0.5,True
2w6a__A1_Q9Z272--2w6a__B1_Q9Z272,0.9009365054294981,0.5,True
6oje__B1_Q5S007--6oje__A1_Q5S007,0.17534475995363372,0.5,True
7mu0__A1_P9WQK3--7mu0__B1_P9WQK3,0.3093005612725924,0.5,True
4az3__A1_P10619--4az3__B1_P10619,0.4034398615954289,0.5,True
7ug8__B1_Q0I6F8--7ug8__A1_Q0I6F8,0.9168492752359833,0.5,True
6mxv__B1_Q5NFU2--6mxv__A1_Q5NFU2,0.7502177094970369,0.5,True
8ug3__B1_P50053--8ug3__A1_P50053,0.9775640401535222,0.5,True
4atm__A1_P49418--4atm__A2_P49418,0.795053716632292,0.5,True
7x6f__B1_P0AD45--7x6f__A1_P0AD45,0.9831927578356723,0.5,True
5n0s__B1_A0A2R2JFI5--5n0s__A1_A0A2R2JFI5,0.8330957089225552,0.5,True
6m9g__A1_Q5D6Y4--6m9g__B2_Q5D6Y4,0.9775116940776434,0.5,True
7zvz__A1_G1UBD5--7zvz__B1_G1UBD5,0.8189565357237752,0.5,True
3b5m__B1_Q7UTD8--3b5m__A1_Q7UTD8,0.9101224148702999,0.5,True
6v0a__B1_B3E641--6v0a__A1_B3E641,0.9402097785724949,0.5,True
3bpj__C1_O75822--3bpj__A1_O75822,0.9033844911451117,0.5,True
7y51__A1_Q8RBF4--7y51__A2_Q8RBF4,0.5993736109792089,0.5,True
6zef__A1_P62136--6zef__C1_Q9C0D0,0.6478932842935207,0.5,False
6u11__A1_A0A1L8HDP6--6u11__A2_A0A1L8HDP6,0.9212368658332051,0.5,True
8i5w__A1_Q8BZN6--8i5w__B1_P63000,0.7851619845247927,0.5,False
3rv1__B1_A7TR32--3rv1__A1_A7TR32,0.9020252498136316,0.5,True
4k3z__A1_Q8YCV0--4k3z__A2_Q8YCV0,0.9535196732587994,0.5,True
5v5t__A1_Q830T5--5v5t__D1_Q830T5,0.8009690223238703,0.5,True
6fp5__B1_Q960Q9--6fp5__A1_Q960Q9,0.8618588376884483,0.5,True
3isx__A1_Q9X0E0--3isx__A2_Q9X0E0,0.9219248796264995,0.5,True
2vkj__A1_Q9X1W9--2vkj__B1_Q9X1W9,0.9323095471636422,0.5,True
5csr__D1_Q9HLB6--5csr__A1_Q9HLB6,0.9916285364439001,0.5,True
1iq8__A1_O58843--1iq8__B1_O58843,0.8398962295991912,0.5,True
3tbm__A1_Q8XVB9--3tbm__B1_Q8XVB9,0.9344653242176312,0.5106816851595871,True
7tur__B1_P00503--7tur__A1_P00503,0.9500857646214792,0.5,True
3vol__A1_Q9I6V6--3vol__A2_Q9I6V6,0.7741653501237472,0.5,True
3jqz__A1_P02768--3jqz__B1_P02768,0.8997187657297752,0.5,True
1vkd__A1_Q9X0V2--1vkd__B1_Q9X0V2,0.9062479773976307,0.5,True
8b31__B1_A0A2W4LV58--8b31__A1_A0A2W4LV58,0.9673632204036293,0.5,True
7bzk__A1_Q9SJ89--7bzk__B1_Q6NPF9,0.6656517776358508,0.5,False
3cgh__A1_Q8A0N7--3cgh__A2_Q8A0N7,0.947076826191013,0.5,True
5vlb__A1_G7IKX3--5vlb__B1_G7IKX3,0.8192082455951092,0.5,True
2oer__B1_Q9I3U1--2oer__A1_Q9I3U1,0.9942033073314495,0.5,True
2ylz__A1_Q47PU3--2ylz__A2_Q47PU3,0.7630177965216796,0.5,True
8bjp__B1_A0A1W6VSR4--8bjp__A1_A0A1W6VSR4,0.9104478136694514,0.5,True
6kcx__A1_Q9WZL1--6kcx__A2_Q9WZL1,0.9787279139195295,0.5,True
4q69__A1_Q8A5I0--4q69__B1_Q8A5I0,0.9716689385908427,0.5,True
7xmj__C1_A9QSE8--7xmj__A1_A9QSE8,0.9543196855896033,0.5,True
1pix__A1_Q06700--1pix__B1_Q06700,0.9382740018411433,0.5,True
3l8i__B1_Q9BUL8--3l8i__A1_Q9BUL8,0.8971229164167401,0.5,True
6l2u__A1_Q27RN2--6l2u__B1_Q27RN2,0.2675250030972989,0.5,True
6sl2__A1_C4LWU6--6sl2__A2_C4LWU6,0.9139525106399724,0.5,True
1u6z__B1_P0AFL6--1u6z__A1_P0AFL6,0.9628279583745352,0.5,True
3pm9__A1_Q6NAV4--3pm9__B1_Q6NAV4,0.9031341968295452,0.5,True
3a5y__B1_P0A8N7--3a5y__A1_P0A8N7,0.9544781115773132,0.5,True
6bn1__B1_Q9VCR6--6bn1__A1_Q8T0S6,0.6212472786975358,0.5,False
8ji6__A1_A0A861B387--8ji6__B1_A0A861B387,0.9718907374447135,0.5,True
2pjs__A1_A9CIG0--2pjs__B1_A9CIG0,0.9453515440242074,0.5,True
8ke8__A1_Q9HXS0--8ke8__B1_Q9HXS0,0.9322915983877499,0.5,True
3h7l__A1_Q87LX4--3h7l__A2_Q87LX4,0.9586955451481866,0.5,True
7zs8__A1_A0A1D3HIT0--7zs8__B1_A0A1D3HIT0,0.808921675882567,0.5,True
2vc4__A1_P02879--2vc4__A2_P02879,0.4900694634954418,0.5,True
1xe8__B1_Q03629--1xe8__A1_Q03629,0.9685185759281764,0.5,True
7tn6__A1_Q84Y01--7tn6__A2_Q84Y01,0.9146464266155531,0.5,True
7yo6__A1_G8GLP2--7yo6__A2_G8GLP2,0.9569493098513154,0.5,True
8k76__A1_Q8R6D8--8k76__B1_Q8R6D8,0.9886167823202241,0.5,True
1vgx__B1_Q9RRU8--1vgx__A1_Q9RRU8,0.8953285658715295,0.5,True
3cet__B1_Q6M145--3cet__A1_Q6M145,0.9675717286040598,0.5,True
4zlh__B1_P0AB60--4zlh__A1_P0AB60,0.7772127030688675,0.5,True
2y84__A1_Q7WT50--2y84__E1_Q7WT50,0.9502477092419856,0.5,True
4me9__A1_Q736B0--4me9__B1_Q736B0,0.9501105372454961,0.5,True
2z51__A1_Q93W20--2z51__A2_Q93W20,0.6721856473216417,0.5,True
8ajq__A1_Q9I0C0--8ajq__B1_Q9I0C0,0.9054381919343315,0.5,True
3gdm__A1_P03962--3gdm__B1_P03962,0.9825787318587931,0.5,True
7yfj__A2_Q15007--7yfj__B1_Q15007,0.8852080021006821,0.5,True
2rkl__F1_Q06263--2rkl__E1_Q06263,0.9940077088263486,0.5,True
8cwp__A1_Q06282--8cwp__A2_Q06282,0.9369035738708454,0.5,True
5j1l__B1_O26069--5j1l__A1_O26068,0.7671153138487389,0.5,False
6j26__A1_Q5JIZ3--6j26__B1_Q5JIZ3,0.9642435830670437,0.5,True
6jqv__A1_Q8LC68--6jqv__B1_Q8LC68,0.9712635509900971,0.5,True
2ns9__A1_Q9Y9R3--2ns9__B1_Q9Y9R3,0.8402612602408728,0.5,True
5l8s__A1_E1VFE0--5l8s__C1_E1VFE0,0.9794131797237408,0.5,True
6zrw__A1_B3VS76--6zrw__B1_B3VS76,0.8895381764424177,0.5,True
5fcn__B1_Q66GS9--5fcn__A1_Q66GS9,0.8893429767465381,0.5,True
7vl1__A1_I0AIT9--7vl1__B1_I0AIT9,0.9710859543818429,0.5,True
2rek__B2_Q9ADD9--2rek__A1_Q9ADD9,0.9691579125005274,0.5,True
2zrt__A1_O75340--2zrt__B1_O75340,0.89420510209147,0.5,True
2f1m__A1_P0AE06--2f1m__B1_P0AE06,0.7414522589359751,0.5,True
3t5t__B1_Q15JG1--3t5t__A1_Q15JG1,0.9203275588570901,0.5,True
4z9r__B1_Q8EGK4--4z9r__A1_Q8EGK4,0.9464071480589498,0.5,True
2oze__A1_Q57280--2oze__A2_Q57280,0.9674473648618186,0.5,True
1x6m__A1_Q51669--1x6m__D1_Q51669,0.8444789927488889,0.5,True
4pfc__A1_P14735--4pfc__B1_P14735,0.9153355380934275,0.5,True
6byi__A1_Q8PI23--6byi__B1_Q8PI23,0.8792236073213177,0.5,True
3aaa__A1_P13127--3aaa__B1_P14315,0.9210500306302712,0.5,False
1xgm__A1_P56218--1xgm__B1_P56218,0.9536679994338688,0.5,True
5mrv__A1_Q8IVL8--5mrv__C1_P86912,0.8696903405532174,0.5,False
1vhq__A1_P0ABU5--1vhq__B1_P0ABU5,0.9743975609842601,0.5,True
2pqv__B1_A0A0H2UMZ7--2pqv__A1_A0A0H2UMZ7,0.9381381670703957,0.5,True
8pq4__A1_P69782--8pq4__A2_P69782,0.9294016621676195,0.5,True
8a14__A1_A0A0D1E4Q7--8a14__C2_A0A0D1E4Q7,0.8515386312219002,0.5,True
1dtd__A1_P48052--1dtd__B1_P81511,0.814076601364737,0.5,False
3c6n__B1_Q570C0--3c6n__A1_Q39255,0.9471825763441395,0.5,False
3ctz__A1_Q9NQW7--3ctz__A2_Q9NQW7,0.9886453279323417,0.5,True
1wab__A1_Q29460--1wab__A2_Q29460,0.8737564074379864,0.5,True
1zl5__A1_Q00496--1zl5__B1_Q00496,0.7307013141557944,0.5,True
5dbj__A1_Q4KCZ0--5dbj__A2_Q4KCZ0,0.9981662715345719,0.5,True
7qsq__B1_Q9X053--7qsq__A1_Q9X053,0.5395882943037644,0.5,True
7duc__B1_Q2G2U4--7duc__A1_Q2G2U4,0.8513054061463982,0.5,True
2cdu__A1_Q9F1X5--2cdu__B1_Q9F1X5,0.9799687969802584,0.5,True
8g0f__A1_Q6NK15--8g0f__B1_Q6NK15,0.718327311023364,0.5,True
8a45__B1_B7V7R4--8a45__A1_B7V7R4,0.8274857605090968,0.5,True
6no3__A1_B3FHP0--6no3__B1_B3FHP0,0.7400465903648437,0.5,True
3g7p__A1_B7JA91--3g7p__A2_B7JA91,0.9269220346049614,0.5,True
8khq__A1_A0A1I5R890--8khq__C1_A0A1I5R890,0.9532285585387754,0.5,True
7owz__B1_Q9JMA2--7owz__A1_B8ZXI1,0.9139802615211026,0.5,False
6dk7__D1_Q9HUV7--6dk7__A1_Q9HUV7,0.964302468366312,0.5,True
5t3v__B1_Q9Y2C4--5t3v__A1_Q9Y2C4,0.8459051656924708,0.5,True
8f2l__A1_P9WJY9--8f2l__B1_P9WJY9,0.9004438194929366,0.5,True
8h1l__B1_A0A7U4E834--8h1l__A1_A0A7U4E834,0.9010399537222246,0.5,True
1nye__A1_P0C0L2--1nye__B1_P0C0L2,0.8050169843263199,0.5,True
2ou6__A1_Q9RVG4--2ou6__A2_Q9RVG4,0.960604678362573,0.5,True
6hp3__A1_O31927--6hp3__B1_O31927,0.8931325195812646,0.5,True
8hs0__A1_Q9LIR4--8hs0__A2_Q9LIR4,0.9338695386363549,0.5,True
6gz1__A1_P10151--6gz1__A2_P10151,0.9291865834400124,0.5,True
8pbu__A1_P27708--8pbu__A2_P27708,0.9217756336387284,0.5,True
7p0h__A1_O26008--7p0h__C1_O26008,0.8198111138525646,0.5,True
5b3g__B1_Q9SZF7--5b3g__A1_Q9M384,0.716403837824904,0.5,False
7vzy__B1_Q84G19--7vzy__A1_Q84G19,0.9705449779868743,0.5,True
2q3t__A1_Q9LUJ3--2q3t__A2_Q9LUJ3,0.884753724740327,0.5,True
7pt0__A1_Q9KYU4--7pt0__B1_Q9KYU4,0.9367886901314888,0.5,True
6m09__B1_Q8LDU1--6m09__A1_Q8LDU1,0.857196033927683,0.5,True
7uxs__B1_J8G6Z1--7uxs__A1_J8G6Z1,0.9761594189156393,0.5,True
2q03__A1_Q12ML0--2q03__B1_Q12ML0,0.8886119610481439,0.5,True
6kcp__B1_Q9VAA9--6kcp__A1_Q9VAA9,0.25660411051176635,0.5,True
6sj4__B1_A0A022MQ12--6sj4__A1_A0A022MQ12,0.8971049943017684,0.5,True
5cyy__A1_P9WG63--5cyy__B1_P9WG63,0.6831634114411731,0.5,True
3tj3__A1_P52294--3tj3__B1_Q9UKX7,0.5871877651701496,0.5,False
3i32__A1_Q72GF3--3i32__A2_Q72GF3,0.9895300488906855,0.5,True
1jk9__B1_P40202--1jk9__A1_P00445,0.9347226443307115,0.5,False
4e4w__A1_P38920--4e4w__B1_P14242,0.8800640568853245,0.5,False
5yw5__A1_Q5NII9--5yw5__D1_Q5NII9,0.9058030206251979,0.5104166666666666,True
3ab8__A1_Q5SLE3--3ab8__B1_Q5SLE3,0.8056825755157717,0.5,True
3mxt__A1_Q9PIK2--3mxt__A2_Q9PIK2,0.969687295453401,0.5,True
1wr8__B1_O50129--1wr8__A1_O50129,0.9907876974220238,0.5072463768115942,True
7war__B1_A0A1B6PFV1--7war__A1_A0A1B6PFV1,0.9445770066963742,0.5,True
7fn1__B1_P32357--7fn1__A1_P33334,0.6058950262376035,0.5,False
7xl7__A1_A0A2J0R8J6--7xl7__B1_A0A2J0R8J6,0.7658729074448511,0.5,True
8vc5__A1_Q9XCL6--8vc5__B1_Q9XCL6,0.981295539502475,0.5,True
5jfz__A1_P20605--5jfz__B1_P0ADX5,0.8469297039021213,0.5,False
5g37__B1_P10565--5g37__A1_P06575,0.8038272398320536,0.5,False
2gjx__A1_P06865--2gjx__B1_P07686,0.9122240052465062,0.5,False
3aqb__B1_O66129--3aqb__A1_O66127,0.9195655663430421,0.5,False
8q1a__A1_Q16790--8q1a__C2_Q16790,0.7808524613273722,0.5,True
5ez1__B1_P56112--5ez1__A1_P56112,0.9028486093919774,0.5,True
3lwd__A1_Q1QTX1--3lwd__A2_Q1QTX1,0.9779707015953091,0.5,True
8dye__A1_P31040--8dye__B1_Q5VUM1,0.4456608862256491,0.5,False
2ch6__A1_Q9UJ70--2ch6__D1_Q9UJ70,0.9455915933694182,0.5,True
3gpn__A1_P15873--3gpn__A2_P15873,0.7875946349373396,0.5,True
7th0__A1_P31667--7th0__A2_P31667,0.7664958005402003,0.5,True
3k1i__D1_O25709--3k1i__A1_O25448,0.6536140062452179,0.5,False
1vbi__A1_Q53W84--1vbi__A2_Q53W84,0.9690321582680261,0.5,True
2oqb__A1_Q4AE70--2oqb__B1_Q4AE70,0.6986282849887461,0.5,True
6saz__B1_Q9UGM5--6saz__A1_P07584,0.5521546226573528,0.5,False
6l9x__A1_F6VRB7--6l9x__A2_F6VRB7,0.7105355847922925,0.5,True
3ica__B1_Q7MXR4--3ica__A1_Q7MXR4,0.9820717323515513,0.5,True
6o15__A1_P39353--6o15__B1_P39353,0.9399303163825747,0.5,True
2ohc__A1_Q9HIY5--2ohc__B1_Q9HIY5,0.9337458628138811,0.5,True
8qfo__A1_A0A840P3H4--8qfo__B1_A0A840P3H4,0.913615352349477,0.5,True
5zmy__A1_F1LJ99--5zmy__B1_F1LJ99,0.9481349528186511,0.5,True
6tx3__B1_Q9NWY4--6tx3__A1_Q9UGN5,0.8689282699562904,0.5,False
4tx5__A1_Q9NR28--4tx5__B1_Q9NR28,0.9056345241107273,0.5,True
7wnk__B1_A0A1E5TT85--7wnk__A1_A0A1E5TT85,0.9900442466688579,0.5,True
2fn0__B1_Q9X9I8--2fn0__A1_Q9X9I8,0.9984115374272623,0.5,True
5x89__A1_Q8TGZ7--5x89__A2_Q8TGZ7,0.8653259630104033,0.5,True
2j0t__A1_P03956--2j0t__D1_P01033,0.37292237158926334,0.5,False
2i9i__A1_O25234--2i9i__A2_O25234,0.7394380339241,0.5,True
3rtr__G1_Q13616--3rtr__H1_P62877,0.9475906035269686,0.5,False
7lq2__A1_A0A023X3Z4--7lq2__B1_A0A023X3Z4,0.8898098468291329,0.5,True
6aht__A1_A1BZ87--6aht__B1_A1BYM8,0.9518979862089342,0.5,False
8czp__A1_A0A0D5ZBI4--8czp__B1_A0A0D5ZBI4,0.924244193702239,0.5,True
4ro3__A1_M1RHE3--4ro3__B1_M1RHE3,0.8184181957427994,0.5,True
1c0n__A1_P77444--1c0n__A2_P77444,0.9525412913720485,0.5,True
7tq0__A1_P00459--7tq0__A2_P00459,0.9621696038391467,0.5,True
1o4w__A1_O29664--1o4w__A2_O29664,0.5401982751865139,0.5,True
4jzp__A1_P51572--4jzp__B1_P51572,0.9631496037385305,0.5,True
2or2__A1_P08954--2or2__B1_P08954,0.985656943420999,0.5,True
5xdf__B1_Q5SL04--5xdf__A1_Q5SL04,0.8991116566572397,0.5,True
6kr4__A1_P10586--6kr4__E1_P60469,0.6267907936841639,0.5,False
1itv__A1_P14780--1itv__B1_P14780,0.8486097049959217,0.5,True
2qgi__A1_P05449--2qgi__B1_P05449,0.9273519121418654,0.5,True
1a19__A1_P11540--1a19__B1_P11540,0.831331641699991,0.5,True
8a9x__A1_P15752--8a9x__C1_P15752,0.911012676656296,0.5,True
8e9e__B1_Q02293--8e9e__A1_Q04631,0.8095822194179727,0.5,False
2h4c__A1_Q7T2R1--2h4c__B1_Q7T3T5,0.8282227749682903,0.5,False
2bdt__A1_Q9K6P2--2bdt__A2_Q9K6P2,0.9546695051498856,0.5,True
5vbn__A1_P56282--5vbn__B1_Q07864,0.9384344179046298,0.5,False
8gt0__A1_Q8I6U4--8gt0__B1_P01040,0.5960634197636352,0.5,False
5lrr__A1_P22262--5lrr__B1_P22262,0.9713677405977339,0.5,True
4y7i__A1_Q96EF0--4y7i__B1_Q96EF0,0.878533181219228,0.5,True
1who__A1_P43214--1who__A2_P43214,0.8457367645629071,0.5,True
4g10__A1_Q9WXJ9--4g10__A2_Q9WXJ9,0.9520688710597678,0.5,True
8q4k__A1_O51180--8q4k__B1_O51180,0.5125887184895423,0.5,True
7rzb__A1_A0A229LVN5--7rzb__A2_A0A229LVN5,0.9422483909415972,0.5,True
7toc__A1_A0A2H0ZMH9--7toc__B1_A0A2H0ZMH9,0.865903565762423,0.5,True
7ula__B1_Q88ND0--7ula__A1_Q88NC7,0.9294674365034405,0.5,False
8bes__A1_A0A856TAI5--8bes__B1_A0A856TAI5,0.8584188359433894,0.5,True
7wjt__B1_Q8BZB3--7wjt__A1_Q8BZB3,0.7389046600985035,0.5,True
6j9n__A1_X5EPV9--6j9n__B1_A0A425B395,0.7012491054234984,0.5,False
1kll__A1_O05205--1kll__A2_O05205,0.9406040399674824,0.570742650161043,True
7xky__A1_Q58690--7xky__B1_Q58034,0.9046457340572603,0.5,False
4p04__A1_A0A0D6H805--4p04__B1_A0A0D6H805,0.845171382697816,0.5,True
1txz__A1_Q04299--1txz__A2_Q04299,0.9587903708368821,0.5,True
4af5__A1_Q8NQ97--4af5__A2_Q8NQ97,0.8334856267203951,0.5,True
8af9__A1_Q2YPZ9--8af9__H1_Q2YPZ9,0.9147695569690883,0.5,True
8gm9__D1_P9WPD3--8gm9__A1_P9WPD3,0.9206584554540438,0.5,True
7wsx__A1_D9PYV4--7wsx__B1_D9PYV4,0.9621601659659882,0.5,True
4g86__A1_Q79PF6--4g86__B1_Q79PF6,0.8619566091244779,0.5,True
3bq3__A1_Q12395--3bq3__A2_Q12395,0.8156080509270519,0.5,True
7eva__A1_P31490--7eva__A2_P31490,0.9502696008051769,0.5,True
8r7d__B1_G5EI71--8r7d__A1_Q8LJL3,0.5174164790221037,0.5,False
7pwy__A1_Q8TDX5--7pwy__B1_Q8TDX5,0.9860037499112972,0.49999556485949476,True
3ut4__A1_A3DJ21--3ut4__B1_A3DJ21,0.9358163426689257,0.5,True
3ucy__A1_P0DP23--3ucy__A2_P0DP23,0.7538518718745777,0.5,True
8eei__B1_A0A807MR40--8eei__A1_A0A807MR40,0.9937936300404167,0.5,True
8bp5__B1_A0A369SI82--8bp5__A1_A0A369SI82,0.5865857598694265,0.5,True
3l34__B1_Q9HT87--3l34__A1_Q9HT87,0.5034894587556209,0.5,True
8god__A1_Q9UM07--8god__A2_Q9UM07,0.9372916645758731,0.5,True
1h9g__A1_P0A8V6--1h9g__A2_P0A8V6,0.9824015035999902,0.5,True
7qg6__D1_Q9HAU5--7qg6__C1_Q9H1J1,0.5219312693463108,0.5,False
8sz3__B2_Q9NY97--8sz3__A1_Q9NY97,0.8509993716240662,0.5,True
5a10__A1_G1FNI6--5a10__A2_G1FNI6,0.9407817768411926,0.5,True
7qoc__A1_Q8NQV9--7qoc__B1_Q8NQV9,0.9769233592734716,0.5,True
8a90__B1_A0A7S9SWM2--8a90__A1_A0A7S9SWM2,0.9541738769153186,0.5,True
3iaa__A1_Q8KNE0--3iaa__B1_Q8KNE0,0.8692830918147358,0.5,True
3n50__B1_Q9H4W6--3n50__A1_Q9H4W6,0.7925223467891511,0.5,True
2qg3__A1_O28220--2qg3__A2_O28220,0.9601839053480771,0.5,True
7ysk__A1_Q6D6Z8--7ysk__B1_Q6D6Z8,0.9537289537862467,0.5,True
7spz__A1_A8B3G9--7spz__A2_A8B3G9,0.9708654500060117,0.5,True
4q2e__B1_Q9X1B7--4q2e__A1_Q9X1B7,0.8606714393679148,0.5,True
8cff__A1_Q7SIF4--8cff__B1_Q7SIF3,0.9089152205348656,0.5,False
8bxl__A1_A0A075TRK9--8bxl__D1_A0A075TRK9,0.9658884128392861,0.5,True
5d4v__C1_Q57913--5d4v__A1_Q57913,0.9219473370434893,0.5,True
2p23__A1_O95750--2p23__B1_O95750,0.4035033656319671,0.5,True
7u55__A1_A0A151EDA9--7u55__A2_A0A151EDA9,0.8612322739665967,0.5,True
1rkw__A1_P0A0N4--1rkw__C1_P0A0N4,0.9783489688220519,0.5,True
1ps6__A1_P19624--1ps6__B1_P19624,0.9700603544726584,0.5,True
2y21__L1_O28769--2y21__K1_O28769,0.9766487864027786,0.5,True
2z5i__A1_P58772--2z5i__B1_P58772,0.9472502640446959,0.5,True
5l7u__B1_A6L2E5--5l7u__A1_A6L2E5,0.953903415948262,0.5,True
3egq__A1_O28458--3egq__B1_O28458,0.9545037799854891,0.5,True
7r3a__A1_Q6LYR8--7r3a__E1_Q6LYR8,0.9500821571588818,0.5,True
7yq0__A1_A0A101DF63--7yq0__B1_A0A101DF63,0.9713679901921148,0.5,True
3wsc__A1_Q25C86--3wsc__B1_Q25C86,0.7992639697246605,0.5,True
4pib__B1_Q2SVW5--4pib__A1_Q2SVW5,0.9103124536280807,0.5,True
7vmx__B1_P9WNN1--7vmx__A1_P9WNM1,0.8146337576304605,0.5,False
1ykd__A1_P94182--1ykd__B1_P94182,0.7280891365901361,0.5,True
4ux7__A1_Q183F3--4ux7__B1_Q183F3,0.757405556257148,0.5,True
3k3d__A1_P9WLZ7--3k3d__A2_P9WLZ7,0.9862346840382095,0.5,True
7q1d__D2_P29808--7q1d__A1_P29808,0.8672415988582722,0.5,True
1sj5__A1_Q9WY07--1sj5__B1_Q9WY07,0.984640725163321,0.5,True
4c12__A1_Q2FZP6--4c12__A2_Q2FZP6,0.9064257582964408,0.5,True
3k9m__A1_P07858--3k9m__B1_P01040,0.6685220706640145,0.5,False
1ccd__A1_P17559--1ccd__A2_P17559,0.8898553696847975,0.4999451934670613,True
8xiz__A1_T2B4K5--8xiz__B1_T2B4K5,0.9632506984337447,0.5,True
7wz6__A1_P15806--7wz6__B1_P10085,0.7860246781049977,0.5,False
2i00__A1_Q831Y9--2i00__B1_Q831Y9,0.9514570179140721,0.5,True
5ffi__A2_Q44501--5ffi__B1_Q44501,0.3448844367798374,0.5,True
3cnk__A1_P21333--3cnk__B1_P21333,0.8319267354808701,0.5,True
8gt9__A1_A8MW95--8gt9__B1_A8MW95,0.8967330462269938,0.5,True
4l2w__B1_Q13464--4l2w__A1_Q13464,0.9513061302108204,0.5,True
3d0j__A1_Q97DI0--3d0j__A2_Q97DI0,0.91332216136075,0.5,True
4ct0__A1_P97784--4ct0__B1_O54943,0.5774946678012027,0.5,False
3av0__A1_Q58719--3av0__B1_Q58718,0.9527359573051626,0.5,False
8bln__A1_C9QZ65--8bln__H1_C9QZ65,0.9346680084296675,0.5,True
2riq__A1_P09874--2riq__A2_P09874,0.42133739974337175,0.5,True
8hd5__A1_Q99U17--8hd5__B1_Q99U17,0.8841343493337472,0.5033412160951665,True
6xrb__A1_A0A0H3NHS6--6xrb__B1_A0A0H3NHS6,0.9597075692073165,0.49997703155863843,True
8a1g__A1_Q13596--8a1g__C1_Q9Y5X3,0.9810993610753276,0.5,False
8tn3__A1_Q643B9--8tn3__B1_Q643B9,0.9514121406754307,0.5,True
5ghs__A1_Q5JGL0--5ghs__C1_Q5JF31,0.9354857608356024,0.5,False
5umw__A1_A0A125SA26--5umw__F1_A0A125SA26,0.9597618261660074,0.5133506784809442,True
7zcv__B1_A0A0E7KI02--7zcv__A1_A0A0E7KI02,0.879130562145032,0.5,True
6scq__A1_Q8NNN6--6scq__A2_Q8NNN6,0.9787215586903502,0.5,True
4ml9__A1_D1AMR0--4ml9__B1_D1AMR0,0.9365597598114419,0.5,True
7yfu__A1_Q8CG73--7yfu__B1_Q8CG73,0.9133891189819129,0.5,True
3ix1__A1_Q9K9G5--3ix1__B1_Q9K9G5,0.8750310733347407,0.5,True
7khs__A1_Q2CEE3--7khs__B1_Q2CEE3,0.9704349970038069,0.5,True
8k5l__A1_A0A829KK40--8k5l__B1_A0A829KK40,0.9564391321260597,0.5,True
2g0t__B1_Q9WZQ3--2g0t__A1_Q9WZQ3,0.9788806870313127,0.5,True
3lr3__A1_Q63T74--3lr3__A2_Q63T74,0.9538891731716899,0.5,True
4pxq__A1_F1QR43--4pxq__B1_F1QR43,0.9689634635056233,0.5,True
4z5y__A1_Q88QV5--4z5y__A2_Q88QV5,0.9769419059107574,0.5,True
7zhf__A1_A0A0U2WWJ1--7zhf__A2_A0A0U2WWJ1,0.9698390746580788,0.5,True
6h86__A1_B5KM66--6h86__B1_B5KM66,0.8055050373446733,0.5,True
5un7__A1_Q9NUX5--5un7__B1_Q96AP0,0.6350743630636397,0.5,False
8juk__A1_V5VGC6--8juk__B1_V5VGC6,0.9632370817486879,0.5,True
8snp__A1_O09118--8snp__A2_O09118,0.8993746247337152,0.5,True
6wjc__A1_P11229--6wjc__B1_Q8QGR0,0.7606464135021098,0.5,False
8ard__A1_Q64331--8ard__A2_Q64331,0.48946623416008544,0.5,True
3mqi__A1_Q9UH73--3mqi__B1_Q9UH73,0.4596887779967134,0.5,True
3q01__A1_P04637--3q01__B1_P04637,0.8639610029200704,0.5,True
7ylq__A1_Q93CA6--7ylq__B1_Q93CA6,0.9275422275350721,0.5,True
2yvo__A1_Q5SJY9--2yvo__A2_Q5SJY9,0.8771739037114835,0.5,True
5vpa__B1_P17535--5vpa__A1_P53539,0.8049213884418693,0.5,False
3v78__B1_P95092--3v78__A1_P95092,0.9603432793686489,0.5,True
7pzh__A1_A0A174J845--7pzh__B1_A0A174J845,0.9098441200698416,0.5,True
3m0f__A1_Q4KDJ6--3m0f__B1_Q4KDJ6,0.9061562955676308,0.5,True
1y4h__A1_P0C1S6--1y4h__C1_Q9EYW6,0.8925671448987169,0.5,False
2o4c__A1_Q9I3W9--2o4c__B1_Q9I3W9,0.9812157611653198,0.5,True
1ynh__A1_P76216--1ynh__D1_P76216,0.9921540060669056,0.5,True
8ohx__A1_U4Q148--8ohx__B1_U4Q148,0.8991274458095475,0.5,True
3a6m__A1_Q56236--3a6m__B1_Q56236,0.9516924031804124,0.5,True
4bvp__A1_Q5ZUA2--4bvp__B1_Q5ZUA2,0.9479560510628804,0.5,True
7oc6__A1_A0A2U8U2L5--7oc6__A2_A0A2U8U2L5,0.9436272538892153,0.5,True
6qpq__A1_G0SGH3--6qpq__B1_Q12158,0.8495300140573897,0.5,False
3ct6__A1_Q9CIV6--3ct6__B1_Q9CIV6,0.9483022412832928,0.5,True
1qae__A1_P13717--1qae__B1_P13717,0.8770414261868387,0.5,True
3q5w__B1_P38937--3q5w__A1_P38937,0.876599459895388,0.5,True
8gol__B1_G9I933--8gol__A1_G9I933,0.8246099946058957,0.5,True
7epj__A1_P62554--7epj__A2_P62554,0.9162113427526924,0.5,True
1ag9__A1_P61949--1ag9__B1_P61949,0.9909851568603265,0.5,True
3gwh__B1_O31691--3gwh__A1_O31691,0.5311761936947994,0.5,True
5gw1__A1_P57768--5gw1__B1_P57768,0.7293768130193224,0.5,True
3l2o__B1_Q9UKT5--3l2o__A1_P63208,0.9291737426005704,0.5,False
3wrf__A1_E8MGH8--3wrf__A2_E8MGH8,0.9784216627342235,0.5,True
7yyl__A1_Q3AET9--7yyl__B1_Q3AET9,0.9432117926828669,0.5,True
8syb__B1_Q72KY0--8syb__A1_Q72KY0,0.9809622794564997,0.5,True
8qc3__A1_A0A1C9WRL0--8qc3__B1_A0A1C9WRL0,0.9490743304539859,0.5,True
3wtf__B1_Q9BUH6--3wtf__A1_Q9BUH6,0.9011646523497688,0.5,True
2x0e__B1_Q7BG50--2x0e__A1_Q7BG50,0.8676005446568522,0.5,True
5hwt__A1_A5W4E3--5hwt__B1_A5W4E3,0.8917923791873779,0.5,True
1ojh__A1_Q8YNP7--1ojh__B1_Q8YNP7,0.835081124497992,0.5,True
3eyy__A1_Q9K4F8--3eyy__B1_Q9K4F8,0.9757095364547119,0.5,True
8bwv__D2_A0A482M8M0--8bwv__A1_A0A482M8M0,0.8061697693719673,0.5,True
7cm9__A1_A0A7V8UZ53--7cm9__B1_A0A7V8UZ53,0.9181388472433315,0.5,True
4nc8__A1_P12464--4nc8__A2_P12464,0.19859895774144845,0.5,True
1zhh__A1_P54300--1zhh__B1_P54302,0.8185383336191571,0.5,False
8c0u__A1_Q9I5Q5--8c0u__B1_Q9I5Q5,0.9566152763527781,0.5,True
2fbq__A1_Q9HZJ9--2fbq__A2_Q9HZJ9,0.931498032091565,0.5,True
7fch__A1_O95256--7fch__C2_O95256,0.9123215647443592,0.5,True
8c7t__B1_A0A1B4XP18--8c7t__A1_A0A1B4XP18,0.9334599306178213,0.5,True
4iwn__A1_P76290--4iwn__B1_P76290,0.9741340223306183,0.5,True
7saf__B1_Q6TLP8--7saf__A1_Q6TLP8,0.8834000275646474,0.5,True
7zj1__B1_P55265--7zj1__A1_P55265,0.659484882362521,0.5,True
4g9k__A1_P32340--4g9k__B1_P32340,0.8734287372017784,0.5,True
8b35__A1_Q96562--8b35__B1_Q96562,0.9475841438447712,0.5,True
2rdz__A1_P0ABK9--2rdz__B1_P0ABK9,0.8570486663761359,0.5,True
6bzf__B1_P53061--6bzf__A1_P17122,0.48814234058680717,0.5,False
5ydd__B1_P9WME7--5ydd__A1_P9WME7,0.9171171200010244,0.5,True
4czd__B1_B8J3A4--4czd__A1_B8J364,0.8844177939986981,0.5,False
3ft7__B1_Q54323--3ft7__A1_Q54323,0.8608334284990098,0.5,True
4pz1__A1_Q99XU0--4pz1__A2_Q99XU0,0.8034523614378832,0.5,True
2w1t__A1_P37554--2w1t__B1_P37554,0.9782847239314136,0.5,True
7qz5__A1_A2RI36--7qz5__B1_A2RI36,0.8986989615293839,0.5,True
5h31__A1_Q14790--5h31__B1_Q14790,0.24798860311997462,0.5,True
8p33__A1_O51254--8p33__A2_O51254,0.7730879845257184,0.5,True
8oru__A1_O93732--8oru__B1_O93732,0.9793375187787767,0.5,True
1u7i__A1_Q9I3Y6--1u7i__B1_Q9I3Y6,0.9380266568687439,0.5,True
8slg__B1_G7CIG9--8slg__A1_G7CIG9,0.8928990563945118,0.5,True
3l2e__B1_Q6AW42--3l2e__A1_Q6AW43,0.9330924696509202,0.5,False
3b0a__A1_P0CG48--3b0a__B1_Q9WUB0,0.7656715027700376,0.5,False
6etz__A1_A0A023UGN9--6etz__A2_A0A023UGN9,0.900321009489786,0.5,True
7sfz__B1_Q9NYP9--7sfz__A1_Q9NYP9,0.6996849036454436,0.5,True
7wwf__A1_A0R6Y0--7wwf__B1_A0R6Y0,0.9593553995806794,0.5,True
8vdw__B1_T0TAB9--8vdw__A1_T0TAB9,0.9343954511226725,0.5,True
8ri0__A1_E4THH1--8ri0__B1_E4THH1,0.9112849436259731,0.5,True
5z2i__B1_Q54LT0--5z2i__A1_Q54LT0,0.8010802223987291,0.5,True
4miv__A1_P51688--4miv__B1_P51688,0.9750935225171229,0.5,True
3vh1__A1_P38862--3vh1__A2_P38862,0.9676977323762814,0.5,True
7z98__A1_E6V140--7z98__A2_E6V140,0.9603823038925555,0.5,True
2ond__A1_Q99LI7--2ond__B1_Q99LI7,0.8363149509997385,0.5,True
7vt9__A1_P21517--7vt9__B1_P21517,0.9310144314114855,0.5,True
1gju__A1_O33838--1gju__A2_O33838,0.9537208462850622,0.5,True
6hta__A1_A0A3F2YM29--6hta__B1_A0A3F2YM29,0.9090837413219237,0.5,True
3h7h__A1_P63272--3h7h__B1_O00267,0.7986431491043712,0.5,False
4z39__A1_A0A0S2E5N6--4z39__B1_A0A0S2E5N6,0.8116048717718527,0.5,True
5ca9__A1_Q9C0L9--5ca9__A2_Q9C0L9,0.8333341566680025,0.5,True
2zvx__A1_P00974--2zvx__B1_P00974,0.847929959085577,0.5,True
6x0a__A1_F7Y4W0--6x0a__S1_F7YBW8,0.6743641926923476,0.5,False
7spq__A1_C5AMM8--7spq__A2_C5AMM8,0.9842968041927729,0.5,True
7spn__A1_A0A7C2VFT1--7spn__B1_A0A7C2VFT1,0.986199392639193,0.5,True
1tv8__A1_P65388--1tv8__B1_P65388,0.7997738424425732,0.5,True
3mkr__B1_Q27954--3mkr__A1_Q28104,0.9542304751363248,0.5,False
1dqn__A1_Q24973--1dqn__B1_Q24973,0.9742952799127,0.5,True
7xoi__A1_A0A5N6DPG0--7xoi__B1_A0A5N6EXS6,0.37505204397268077,0.5,False
8h62__A1_P0DJM0--8h62__B1_P12830,0.6744048363790031,0.5,False
2qh0__A1_Q97H22--2qh0__A2_Q97H22,0.9170613226366469,0.5,True
5ubb__A1_Q5VVY1--5ubb__A2_Q5VVY1,0.8493418483217444,0.5,True
5kvs__B1_O54512--5kvs__A1_O54512,0.9573790534456705,0.5,True
3frs__A1_P53990--3frs__A2_P53990,0.40296866294797185,0.5,True
3obv__A1_O08808--3obv__C1_O08808,0.8164203994132112,0.5,True
4wkz__A1_A0AEF5--4wkz__B1_W5IDC3,0.6997954503192214,0.5,False
3kt0__A1_Q12109--3kt0__A2_Q12109,0.9890915913874557,0.5,True
5i90__A1_G3XCY5--5i90__B1_G3XCY5,0.8860358180247923,0.5,True
3bat__B1_P24733--3bat__A1_P24733,0.8816414070344266,0.5,True
2ps1__A1_P13298--2ps1__B1_P13298,0.9668121894832074,0.5209691545829628,True
1fcd__A1_Q06530--1fcd__B1_Q06529,0.9312212058595977,0.5,False
8hy8__A1_A0A085BE66--8hy8__A2_A0A085BE66,0.9431756604945615,0.5,True
8har__A1_Q2L6E4--8har__B1_Q2L6E4,0.9578069291994409,0.5,True
4je4__A1_Q06124--4je4__B1_P02751,0.6973835951730419,0.5,False
2a6c__A1_Q82UW4--2a6c__A2_Q82UW4,0.8713640291490041,0.5168487912416904,True
5k9l__B1_A8MW95--5k9l__A1_A8MW95,0.9012972394747567,0.5,True
5mzg__A1_P53368--5mzg__B1_P53368,0.9280776427927361,0.5,True
7ucc__B1_P17535--7ucc__A1_P53539,0.8050747193359609,0.5,False
8d0x__A1_Q9Y231--8d0x__A2_Q9Y231,0.7818148200359989,0.5,True
6ano__B1_Q9UKL3--6ano__A1_Q9UKL3,0.536805003656471,0.5,True
6et2__A1_Q9I4X1--6et2__B1_Q9I4X2,0.9462698838213601,0.5,False
6d0a__A1_Q8N5Z0--6d0a__A2_Q8N5Z0,0.9596371128000483,0.5,True
2xga__B1_P35530--2xga__A1_P35530,0.9637669349810101,0.5,True
2i3o__A1_Q9HJH4--2i3o__B1_Q9HJH4,0.9815528749021911,0.5,True
1ijx__A1_P97401--1ijx__C1_P97401,0.8945095894616661,0.5,True
6h2u__A1_Q9NRN9--6h2u__B1_Q9UI30,0.8725364547097065,0.5,False
8h2v__A1_Q93HT8--8h2v__B1_Q93HT8,0.9651838294576465,0.5,True
1wat__B1_P02941--1wat__A1_P02941,0.9028929764427815,0.5,True
2nyh__A1_Q13JM0--2nyh__B1_Q13JM0,0.9150848153618237,0.5050505050505051,True
7yuj__B1_Q9BYM8--7yuj__A1_Q9BYM8,0.6094902076435649,0.5,True
8c5k__A1_P87252--8c5k__A2_P87252,0.8269679230536104,0.5,True
2spc__A1_P13395--2spc__B1_P13395,0.2866543419332014,0.5,True
6q2e__A1_A5UMY5--6q2e__B1_A5UMY5,0.861768110602192,0.5,True
4p8i__A1_P40746--4p8i__B1_P40746,0.8734563204005006,0.5,True
8a82__A1_K7WEY7--8a82__B1_K7XCU4,0.9430842045265976,0.5,False
3a4l__B1_Q58933--3a4l__A1_Q58933,0.9762390555353071,0.5,True
1z52__A1_P09167--1z52__B1_P09167,0.818370241677954,0.5,True
6c0g__A1_A0A3F2YLX1--6c0g__B2_A0A3F2YLX1,0.8091927879710683,0.5022026431718062,True
1k3r__B1_O26109--1k3r__A1_O26109,0.9727106344856005,0.5162531891981867,True
7fga__A1_Q8DIJ4--7fga__B2_Q8DIJ4,0.9505650768923063,0.5,True
5akq__A1_O52063--5akq__B1_O52063,0.9813422616866411,0.5,True
7y86__B1_A0A0K2E3A3--7y86__A1_A0A0K2E3A3,0.9413016667253955,0.5,True
8d1u__A1_P0A6R0--8d1u__A2_P0A6R0,0.9610575174945695,0.5028248587570622,True
1vqw__A1_Q9HFE4--1vqw__B1_Q9HFE4,0.9611576664670284,0.5,True
7uld__A1_O28028--7uld__A2_O28028,0.9533307036011316,0.5,True
4c0f__B1_Q9NZN8--4c0f__A1_Q9NZN8,0.2889809879646581,0.5,True
8b21__A1_Q9S5X0--8b21__B1_Q9S5X0,0.97908193129715,0.5,True
3swk__A1_P08670--3swk__B1_P08670,0.9124881040520102,0.5,True
8txn__B1_P08120--8txn__A1_P08120,0.22261460324321547,0.5,True
8dak__A1_F2X702--8dak__B1_F2X702,0.9724351688290032,0.5,True
2rde__B1_A0A0H3ADR8--2rde__A1_A0A0H3ADR8,0.8636493190205186,0.5,True
2pih__A1_O31779--2pih__B1_O31779,0.8927111400729225,0.5,True
7ykv__B1_Q58241--7ykv__A1_Q58241,0.9788441096305875,0.5,True
7y4g__A1_Q8A028--7y4g__A2_Q8A028,0.9682161886675614,0.5,True
8cci__A1_A0R7I9--8cci__A2_A0R7I9,0.9718285951151815,0.5,True
6p35__A1_P75913--6p35__A2_P75913,0.9709358956947399,0.5,True
6p3j__A1_Q0KJL4--6p3j__B1_Q0KJL4,0.9530796946676408,0.5,True
4o6p__A1_Q8RDI4--4o6p__B1_Q8RDI4,0.8770198061739076,0.5,True
8ozv__A1_A0A179UH34--8ozv__A2_A0A179UH34,0.9411018947672954,0.5,True
2cim__A1_Q46AN5--2cim__B1_Q46AN5,0.9584428222223469,0.5,True
6tpo__A1_P24474--6tpo__A2_P24474,0.9150685435362259,0.5,True
7wwo__B1_Q5SH57--7wwo__A1_Q5SH57,0.7166063952448777,0.5,True
4pmv__A1_Q8PEU1--4pmv__B1_Q8PEU1,0.9374659111633253,0.5,True
6rmr__B1_P19926--6rmr__A1_P19926,0.9821783994203248,0.5,True
6hhb__A1_E0SCP7--6hhb__C1_E0SCP7,0.8870543186224995,0.5,True
7e5c__A1_A0A1I7CHQ2--7e5c__B1_A0A1I7CHQ2,0.9874842059427723,0.5,True
2wfh__A1_O94813--2wfh__B1_O94813,0.8165710736702074,0.5,True
3zco__A1_P06701--3zco__A2_P06701,0.6803807485686085,0.5,True
2ghy__A1_P03051--2ghy__B1_P03051,0.9169879254087536,0.5,True
3htr__A1_Q6N0K4--3htr__B1_Q6N0K4,0.8923927355691341,0.5,True
8aeu__A1_Q00987--8aeu__A2_Q00987,0.21422848420418542,0.5,True
1xuv__A1_Q8PZJ2--1xuv__C1_Q8PZJ2,0.7966652373775909,0.5,True
2o8p__A1_Q5CYG0--2o8p__A2_Q5CYG0,0.932049279293198,0.5,True
4zmu__A1_Q9I072--4zmu__B1_Q9I072,0.9691605735077622,0.5,True
3dl3__G2_Q5E3X2--3dl3__C1_Q5E3X2,0.8363249836203346,0.5,True
7yvz__A1_A7LPG5--7yvz__A2_A7LPG5,0.848336922958512,0.5,True
4ia6__A1_Q5FL96--4ia6__B1_Q5FL96,0.9908911631992743,0.5,True
8bou__A1_A0A7G5MNS2--8bou__B1_A0A7G5MNS2,0.9882815207292224,0.5,True
5gk1__A1_Q7N4Z6--5gk1__B1_Q7N4Z6,0.9591337672808835,0.5,True
5x03__B1_P94426--5x03__A1_P94426,0.9556617129766909,0.5,True
3gku__A1_D0VX24--3gku__B1_D0VX24,0.9605450503334749,0.5,True
1c81__A1_P07953--1c81__A2_P07953,0.5610189012653435,0.5,True
1k3e__B1_P58233--1k3e__A1_P58233,0.9615307563131856,0.5,True
6u18__A1_Q9EVJ6--6u18__B1_Q9EVJ6,0.9394156501358333,0.5,True
7wpy__A1_A0A097ZPD5--7wpy__C1_A0A097ZPD5,0.9637716418656579,0.5,True
7xn2__A1_Q8YR38--7xn2__A2_Q8YR38,0.9438630419774631,0.5,True
3uws__B1_A7A9N3--3uws__A1_A7A9N3,0.3627447262026502,0.5,True
4u04__B1_Q9BVA6--4u04__A1_Q9BVA6,0.879207947097466,0.5,True
2kin__A1_P56536--2kin__B1_Q6QLM7,0.2888865666447809,0.5,False
3ulc__A1_Q08236--3ulc__A2_Q08236,0.6547133846802466,0.5,True
8b2a__A1_Q2YWJ9--8b2a__A2_Q2YWJ9,0.9946758238787596,0.5073529411764706,True
8qff__A1_K9TLZ5--8qff__A2_K9TLZ5,0.9312742094918588,0.5,True
8c8c__A1_P48426--8c8c__A2_P48426,0.929518514697046,0.5,True
8iup__B1_A9A1Y1--8iup__A1_A9A1Y1,0.9659378069760738,0.5,True
3o7o__A1_Q9S5X8--3o7o__B1_Q9S5X8,0.7131266996198862,0.5,True
4bg8__A1_Q8TX37--4bg8__B1_Q8TX37,0.9523557960094117,0.5,True
7qxo__A1_G8UIQ1--7qxo__B1_G8UIQ1,0.9145302281959502,0.5,True
4xiz__A1_Q05776--4xiz__D1_O60200,0.8459914976393351,0.5,False
7pwe__A1_Q6AL91--7pwe__B1_Q6AL91,0.8982646397866344,0.5,True
6uxu__A1_E2JB04--6uxu__B1_E2JB04,0.8392480987257424,0.5,True
3bid__A1_Q7DDI1--3bid__B1_Q7DDI1,0.8213471158812198,0.5228245175542763,True
4f7w__A1_B5XYG3--4f7w__B1_B5XYG3,0.9315110074648242,0.5,True
2rae__A1_Q0S3N9--2rae__A2_Q0S3N9,0.9097543385785355,0.5,True
7yn1__A1_E9JES9--7yn1__C1_E9JES9,0.7506810334838115,0.5,True
3t7y__A1_O84093--3t7y__B1_O84093,0.9131725694276344,0.5,True
7u6p__A1_P11926--7u6p__B1_P11926,0.7731758158790711,0.5,True
4mis__A1_Q57ES7--4mis__B1_Q57ES7,0.8993549571884398,0.5,True
2blf__A1_Q9LA16--2blf__B1_Q9LA15,0.8749637109528081,0.5,False
3ke3__A1_Q4FVA8--3ke3__A2_Q4FVA8,0.975675767565337,0.5,True
7ywc__A1_Q9L0T8--7ywc__B1_Q9L0T8,0.986507392181364,0.5,True
4wwr__B1_P46379--4wwr__A1_P11441,0.8070974201434684,0.5,False
7r0d__B1_Q9NV35--7r0d__A1_Q9NV35,0.9555678590699135,0.4999813223757938,True
8w6x__A1_P21852--8w6x__B1_P21853,0.9117278477778603,0.5,False
3fmf__A1_P9WPQ5--3fmf__B1_P9WPQ5,0.829471708680031,0.5,True
2xrm__A1_D0AB41--2xrm__A2_D0AB41,0.9561857794572459,0.5,True
4xj7__A1_P66881--4xj7__B1_P66881,0.9458883294907385,0.5,True
7yrt__E1_H9L4P6--7yrt__A1_H9L4P6,0.9271098828466764,0.5,True
7tye__A1_P0A7J0--7tye__A2_P0A7J0,0.9495887620448613,0.5,True
2zvd__B1_Q9RBY1--2zvd__A1_Q9RBY1,0.9956109113646275,0.5,True
3mtw__A1_Q9A4Z9--3mtw__A2_Q9A4Z9,0.9747807932554833,0.5,True
3n2o__A1_Q7MK24--3n2o__B1_Q7MK24,0.811903819370434,0.5,True
7ywd__A1_Q8TB36--7ywd__A2_Q8TB36,0.7429282325199402,0.5,True
5upq__A1_A0A0A0V031--5upq__B1_A0A0A0V031,0.9341499542552226,0.5,True
1vgu__A1_Q46893--1vgu__B1_Q46893,0.9457732879147823,0.5,True
7pxo__A1_F4F7G1--7pxo__C1_F4F7G1,0.959094757701315,0.5,True
2dp9__A1_Q5SM30--2dp9__A2_Q5SM30,0.6541905042688394,0.5,True
8a7l__A1_M1JS91--8a7l__A2_M1JS91,0.9401503628571396,0.5,True
7uqv__A1_A0A0L6JSP1--7uqv__B1_A0A0L6JSP1,0.9327335510388339,0.5,True
5d1r__A1_P9WMC9--5d1r__B1_P9WMC9,0.9250718295787888,0.5,True
3f6q__A1_Q13418--3f6q__B1_P48059,0.9196321998924468,0.5,False
8cok__B1_Q9NXR8--8cok__A1_Q9NXR8,0.7027751949702337,0.5,True
1wz3__A1_Q9LVK3--1wz3__B1_Q9LVK3,0.28828809491101137,0.5,True
1nw1__A1_Q22942--1nw1__B1_Q22942,0.9085871318578427,0.5,True
1hrp__B1_P0DN86--1hrp__A1_P01215,0.819179545258085,0.5,False
3qf4__B1_Q9WYC4--3qf4__A1_Q9WYC3,0.9390589961322678,0.5,False
7y4o__B1_A0A0G2JZC4--7y4o__A1_A0A0G2JZC4,0.6244497461820011,0.5,True
8hns__A1_A0A377JKY9--8hns__A2_A0A377JKY9,0.26715314583313954,0.5,True
3mpn__A1_O67854--3mpn__A2_O67854,0.9704581241563819,0.5,True
6vlg__A2_Q9WTS2--6vlg__C1_Q9WTS2,0.9298255130707581,0.5,True
1v71__A1_O59791--1v71__A2_O59791,0.9856613464749463,0.5,True
3fpk__A1_Q8ZKP5--3fpk__B1_Q8ZKP5,0.9087693234963654,0.5,True
8eb3__A1_K2K6A3--8eb3__B1_K2K6A3,0.9410210931485758,0.5,True
4z1i__C1_Q12931--4z1i__A1_Q12931,0.9159753071990564,0.5,True
8pz3__A1_D7SFB8--8pz3__B1_D7SFB8,0.2989214244005046,0.5,True
5vpb__B1_P17535--5vpb__A1_P53539,0.7784117084989848,0.5,False
8bt3__A1_Q6F0T5--8bt3__A2_Q6F0T5,0.9109790502010385,0.5,True
1r7h__A1_O69271--1r7h__B1_O69271,0.45919595452517636,0.5,True
4oag__A1_Q8BGV8--4oag__B1_Q8BGV8,0.683540468394942,0.5,True
5bo9__A1_O43173--5bo9__B1_O43173,0.8991229444430484,0.5,True
7kws__A1_Q0P8H3--7kws__B1_Q0P8H3,0.9815181152643071,0.5,True
4qa0__A1_Q9BY41--4qa0__B1_Q9BY41,0.9686151228224931,0.5,True
6epi__B1_D5K9G7--6epi__A1_D5K9E3,0.8367080116567238,0.5,False
6z2f__B1_Q16222--6z2f__A1_Q16222,0.7107614842869778,0.5,True
7qgs__B1_Q09472--7qgs__A1_Q16665,0.3552118197336926,0.5,False
7tz7__A1_P42336--7tz7__B1_P27986,0.827591495129394,0.5,False
2zl1__A1_Q9UHA4--2zl1__B1_Q9JHS3,0.9370458084609395,0.49993511549441993,False
4ija__A1_A0A0H3JS71--4ija__B1_A0A0H3JS71,0.9744100625707391,0.5,True
3ijt__B1_Q8DVN6--3ijt__A1_Q8DVN6,0.8994624966077194,0.5,True
7qgt__A1_P35520--7qgt__B1_P35520,0.8655367354948876,0.5,True
8i4q__A1_Q8NQI2--8i4q__B1_Q8NQI2,0.9662054850521893,0.5,True
5lxv__A1_G9FCX2--5lxv__B1_A0A1L1QK37,0.8781323559936307,0.5,False
8h25__A1_A0A5R8LFD3--8h25__C1_A0A5R8LFD3,0.9575841870114246,0.5,True
6kjl__A1_Q9RC94--6kjl__B1_Q9RC94,0.8798710892436186,0.5,True
5f3o__A1_C4LU64--5f3o__B1_C4LU64,0.8440390071328201,0.5,True
8arv__A1_Q9HW35--8arv__B1_Q9HW35,0.9229054451414368,0.5,True
2i1a__B1_P40087--2i1a__A1_P40087,0.8404582781208687,0.5,True
2y9x__A1_C7FF04--2y9x__E1_G1K3P4,0.8805323078871461,0.5,False
8waa__A1_P29401--8waa__B1_P29401,0.964583018840269,0.5,True
6n2f__B1_Q94A94--6n2f__A1_Q94A94,0.8445941537687632,0.5,True
8b08__B1_P0A2K1--8b08__A1_P00929,0.9063447136914566,0.5,False
5ja2__A1_P11454--5ja2__B1_Q9I169,0.8102223793218645,0.5,False
4g3w__A1_O66591--4g3w__A2_O66591,0.8418800977359021,0.5,True
5cm2__A1_Q6C999--5cm2__B1_Q6C4P5,0.9350478147894355,0.5,False
6g70__B1_Q8K2Z2--6g70__A1_Q8K2Z2,0.7451159702620764,0.5,True
7xac__A1_P47929--7xac__B1_P47929,0.8435685899522569,0.5,True
2zz8__A1_O34094--2zz8__B1_O34094,0.6538630872094597,0.5,True
8b8h__A1_P9WQA9--8b8h__B1_P9WQA9,0.8971933858146172,0.5,True
7u2s__A1_A0A2W1NDJ7--7u2s__B1_A0A2W1NDJ7,0.9352806068627812,0.5,True
1d2g__A1_P13255--1d2g__B1_P13255,0.5925419759426108,0.5,True
1sc1__A1_P29466--1sc1__B1_P29466,0.3453208163765951,0.5,True
5amt__A1_A0Q7H2--5amt__A2_A0Q7H2,0.9257415360344569,0.5,True
7qfz__B1_B7L3Y3--7qfz__A1_B7L3Y3,0.6954889555559683,0.5,True
3hml__A1_A6T9H1--3hml__B1_A6T9H1,0.9606801717313718,0.5,True
1xk6__A1_P31572--1xk6__C1_P31572,0.9056947343396223,0.5,True
7r3s__A1_A0A4R2M5S2--7r3s__B1_A0A4R2M5S2,0.8550791385404711,0.5,True
2grx__A1_P06971--2grx__C1_P02929,0.5907730290527659,0.5,False
7vsf__A1_P25440--7vsf__B1_P25440,0.286496771628992,0.5,True
3q34__A1_Q48EL2--3q34__C1_Q48EL2,0.7385904935334153,0.5,True
4r2k__A1_Q8ZP84--4r2k__A2_Q8ZP84,0.959218737264552,0.5,True
3cgw__A1_Q8PVT6--3cgw__A2_Q8PVT6,0.9863622592712326,0.5,True
7r2f__A1_P21836--7r2f__B1_P21836,0.9677938894551579,0.5,True
4g19__A1_I6ZUH3--4g19__B1_I6ZUH3,0.9826782790056395,0.5,True
3dg8__C1_P13922--3dg8__A1_P13922,0.36756466139238225,0.5,True
6m10__A1_Q9HUW0--6m10__C1_Q9HUW0,0.8968613639328259,0.5,True
8tt2__B1_Q4K977--8tt2__A1_Q4K977,0.9616631870832294,0.5,True
1h31__A1_Q939U1--1h31__B1_Q939U4,0.8787417823399408,0.5,False
7p7i__B1_R8APY9--7p7i__A1_R8APY9,0.9831624827454164,0.5,True
3hzu__A1_P9WHF7--3hzu__A2_P9WHF7,0.9594738962203134,0.5,True
7xgs__A1_Q9FVC1--7xgs__A2_Q9FVC1,0.8696649739410018,0.5,True
6iju__A1_Q9KJN4--6iju__A2_Q9KJN4,0.26905505315260747,0.5,True
4kqd__B1_P06626--4kqd__A1_P06626,0.8231432764838745,0.5,True
2fu3__B1_Q03555--2fu3__A1_Q03555,0.6639683240536368,0.5,True
1jgt__B1_P0DJQ7--1jgt__A1_P0DJQ7,0.9835469074247469,0.5,True
6l4b__A1_Q9UGV2--6l4b__C2_Q9UGV2,0.7829502263154553,0.5,True
3lzk__A1_Q92LT4--3lzk__B1_Q92LT4,0.9528769124362877,0.5,True
1ht8__A1_P05979--1ht8__B1_P05979,0.83027680824943,0.5,True
1z8h__A1_Q8YWS4--1z8h__B1_Q8YWS4,0.9597663859352278,0.5,True
8gk6__A1_W6USS8--8gk6__E1_W6USS8,0.9321606563490417,0.5,True
4mjf__A1_A6L2I4--4mjf__A2_A6L2I4,0.9564209179593794,0.5,True
7m4s__A1_Q8YLC3--7m4s__D1_Q8YLC3,0.9039367228643826,0.5,True
6fju__A1_E6N8B9--6fju__B1_E6N8B9,0.9442782511541105,0.5,True
6lgq__A1_P21865--6lgq__B1_P21866,0.7815570088277014,0.5,False
2y27__B1_B4E7B5--2y27__A1_B4E7B5,0.9833600811130889,0.5,True
2tdx__A1_P0DJL7--2tdx__A2_P0DJL7,0.9840645644652237,0.5,True
8fj8__A1_P02638--8fj8__A2_P02638,0.8953531651324015,0.5170218206614389,True
3uv0__B1_Q9W061--3uv0__A1_Q9W061,0.25635859912573444,0.5,True
8alo__B1_P24003--8alo__A1_P15795,0.7730870712401056,0.5,False
6xa0__A1_D1A230--6xa0__B1_D1A230,0.9286090635495269,0.5,True
1zbo__B1_Q7WAM7--1zbo__A1_Q7WAM7,0.8285276885276884,0.5,True
6xb5__A1_A0A7E5VPD6--6xb5__B1_A0A7E5VPD6,0.9167961156107554,0.5,True
8duy__D1_A0A0H3GVN6--8duy__A1_A0A0H3GVN6,0.9820702646608941,0.5,True
7th5__A1_Q5SLG6--7th5__B1_Q5SLG6,0.6929793624783449,0.5,True
3t2l__A1_Q5LE95--3t2l__A2_Q5LE95,0.357163830590909,0.5,True
3uet__A1_B7GNN8--3uet__B1_B7GNN8,0.8820362027599733,0.5,True
8fdb__B1_Q12KP2--8fdb__A1_Q12KP2,0.907341038419087,0.5,True
6ok3__A1_C3X9N1--6ok3__B1_C3X9N1,0.728483758904554,0.5,True
8hp3__A1_A0A2K0XCZ3--8hp3__B1_A0A2K0XCZ3,0.9489200057344829,0.5,True
7xkg__A1_A7NHS9--7xkg__B1_A7NHS9,0.8985508203929458,0.5,True
1l7e__A1_Q2RSB2--1l7e__B1_Q2RSB2,0.9505847471231303,0.5,True
8hn2__A1_Q9F722--8hn2__B1_Q9F722,0.8279289604920883,0.5,True
8gst__A1_Q1NEI7--8gst__B1_Q1NEI7,0.9801993603280081,0.5,True
7cq3__A1_P38324--7cq3__B1_Q12098,0.7435656023455095,0.5,False
5htf__A1_Q8Y759--5htf__B1_Q8Y759,0.9631045713770775,0.5,True
6c90__A1_P42285--6c90__B1_Q6NZY4,0.7905243489902364,0.5,False
6e1j__A1_C5J4P1--6e1j__B1_C5J4P1,0.7879375832811404,0.5,True
3ccd__A1_P0AA04--3ccd__B1_P0AA04,0.7674012474012474,0.5,True
3dzl__B1_Q396C9--3dzl__A1_Q396C9,0.9016603262542322,0.5,True
2y1h__B1_Q17R31--2y1h__A1_Q17R31,0.833712190647834,0.5,True
7lfs__A1_P00533--7lfs__E1_O14944,0.7294710680011726,0.5,False
6jiw__A1_A0A0H3JU78--6jiw__A2_A0A0H3JU78,0.9085818821412746,0.5,True
8ees__A1_A0A0H3GMB7--8ees__B1_A0A0H3GMB7,0.9949995839351533,0.5,True
4a5b__B1_Q27895--4a5b__A1_Q27895,0.8960480159428438,0.5,True
3nb6__A1_O66874--3nb6__A2_O66874,0.6664802612170134,0.5,True
5f8c__A1_O53532--5f8c__A2_O53532,0.9483465952291044,0.5,True
8jt3__A1_H8Y6N2--8jt3__C1_H8Y6N2,0.9534093781590945,0.5,True
1ije__A1_P02994--1ije__B1_P32471,0.7374686488340756,0.5,False
6on4__A1_P0A8W0--6on4__B1_P0A8W0,0.9054696679818445,0.5,True
4zvc__A1_P0AA89--4zvc__B1_P0AA89,0.9663764342994294,0.5,True
4qoa__A1_A7VAB9--4qoa__A2_A7VAB9,0.41855050112873327,0.5,True
6wmv__A1_U5WZP7--6wmv__B1_U5WZP7,0.8619774251922828,0.5,True
3e3c__A1_Q7DB61--3e3c__B1_Q7DB61,0.9125219182276155,0.5,True
6ekk__A1_Q8TEH3--6ekk__C1_Q15286,0.53092376187572,0.5,False
8a9w__A1_P15751--8a9w__A2_P15751,0.9917639987446197,0.5,True
2gj9__A1_P25522--2gj9__B1_P25522,0.9443749684136472,0.5,True
3cm7__C1_P98170--3cm7__D1_P98170,0.9816069558197559,0.5,True
8f5v__A1_O53728--8f5v__B1_O53728,0.9726398763648689,0.5,True
1ecj__A1_P0AG16--1ecj__B1_P0AG16,0.8898555723530674,0.5,True
3s5r__A1_Q2LS68--3s5r__B1_Q2LS68,0.8965177779993249,0.5,True
3im3__A1_P00514--3im3__A2_P00514,0.9525447312260863,0.5,True
4mcj__B1_A6L9R1--4mcj__A1_A6L9R1,0.9701369727623359,0.5,True
7vw1__B1_V5J1S8--7vw1__A1_V5J1S8,0.9398516295740601,0.5,True
3p12__A1_Q2G1A5--3p12__D1_Q2G1A5,0.9100939450986858,0.5,True
8aq0__A1_Q6DTN4--8aq0__B1_Q6DTN4,0.9562282500621426,0.5,True
3wpm__A1_G2IKE5--3wpm__B1_G2IKE5,0.9127141108886931,0.5,True
7xof__B1_Q0DFB6--7xof__A1_Q0DFB6,0.8433794290645706,0.5,True
8a8f__A1_P32598--8a8f__B1_P42073,0.7426606428510494,0.5,False
3qta__A1_Q5V4K4--3qta__B1_Q5V4K4,0.9890699361848593,0.5,True
8oqj__B1_P06959--8oqj__A1_P06959,0.7532814413506362,0.5,True
1tbp__A1_P13393--1tbp__B1_P13393,0.5066412728956007,0.5,True
7qfk__C1_Q5FLN0--7qfk__A1_Q5FLN0,0.9363975564400496,0.5,True
7r3o__B1_Q460N3--7r3o__A1_Q460N3,0.7429983638444434,0.5,True
1wli__A1_Q46604--1wli__B1_Q46604,0.9525587194337194,0.5118709781209781,True
8b3e__A1_M4SY06--8b3e__A2_M4SY06,0.8172293788742778,0.5,True
1d8i__A1_O13297--1d8i__A2_O13297,0.619059987910014,0.5,True
8eh0__B1_P50909--8eh0__A1_P50909,0.9629364328661859,0.5,True
3seo__B1_Q87GE5--3seo__A1_Q87GE5,0.8460858872559904,0.5,True
3iey__B1_Q74MS9--3iey__A1_Q74MP4,0.964094174859159,0.5,False
4yto__B1_Q15431--4yto__A1_Q15431,0.7533991089534858,0.5,True
6csm__A1_L1J207--6csm__B1_L1J207,0.9603029150630443,0.5,True
4ndt__A1_A7UNK4--4ndt__A2_A7UNK4,0.6061787078107552,0.5,True
8j3p__A1_B9WHT3--8j3p__A2_B9WHT3,0.9825095969507098,0.5,True
7pv7__B1_Q7MVV4--7pv7__A1_Q7MVV4,0.8896974646395716,0.5,True
7uj6__A1_Q8RMD9--7uj6__B1_Q8RMD9,0.9291590577784328,0.5,True
3k9i__A1_Q9KFK0--3k9i__A2_Q9KFK0,0.962706937792868,0.5,True
7z1s__A1_A0A3Q7HTY9--7z1s__A2_A0A3Q7HTY9,0.9247456074041213,0.5,True
2e89__A1_O67728--2e89__B1_O67728,0.9698067566833661,0.5,True
2woz__A1_Q9ER30--2woz__A2_Q9ER30,0.6953694769641717,0.5,True
7xxs__A1_B2CKP3--7xxs__B1_B2CKP3,0.9373479043518451,0.5,True
8fir__A1_O83132--8fir__B1_O83132,0.9739500063981698,0.5,True
3i6s__A1_O82777--3i6s__B1_O82777,0.9790838069233148,0.5,True
7yhe__B1_A6YEH4--7yhe__A1_A6YEH4,0.857651549302885,0.5,True
1ku2__A1_Q9EZJ8--1ku2__B1_Q9EZJ8,0.6684837990388329,0.5,True
6qwo__B1_Q9S5W7--6qwo__A1_Q9S5W7,0.9661712239808771,0.5,True
1mxi__A1_P44868--1mxi__A2_P44868,0.9222505992442273,0.5,True
2vhl__A1_O34450--2vhl__A2_O34450,0.9861747998140346,0.5,True
5wan__A1_P75898--5wan__A2_P75898,0.9773078645948587,0.5,True
4x7z__B1_Q49492--4x7z__A1_Q49492,0.9830646698675747,0.5,True
6a1k__A1_P71018--6a1k__B1_P71018,0.9597900853514764,0.5,True
7pjh__A1_Q9Y312--7pjh__B1_Q6P2Q9,0.8693412226235706,0.5,False
4joi__A1_Q9H668--4joi__C1_Q86WV5,0.9188345993781666,0.5,False
8axz__A1_P31153--8axz__A2_P31153,0.95497802831115,0.5,True
8ogi__B1_P11678--8ogi__A1_P11678,0.3409890125555211,0.5,True
8cxl__A1_A7KH32--8cxl__B1_A7KH32,0.9210216417692837,0.5,True
7win__B1_Q9UIF8--7win__A1_Q9UIF8,0.4738765726881643,0.5,True
7b80__A1_G3I8R9--7b80__B1_Q9BVA6,0.6608269740206938,0.5,False
4bwv__A1_Q8L5D0--4bwv__B1_Q8L5D0,0.6920112644228442,0.5,True
7drj__A1_P63756--7drj__B1_P63756,0.9045680992594874,0.5,True
3qth__A1_Q47ZP9--3qth__B1_Q47ZP9,0.9483769080079514,0.5,True
8b28__A1_F6GSX7--8b28__A2_F6GSX7,0.8402783062082081,0.5,True
6scx__A1_Q9BQG2--6scx__B1_Q9BQG2,0.8237474190883177,0.5,True
8hpc__A1_P60327--8hpc__H1_P60327,0.9602574622069207,0.5,True
5n76__A1_P72320--5n76__B1_P72320,0.9622596850348715,0.552282660594263,True
3cq3__A1_Q53W28--3cq3__A2_Q53W28,0.5289955108343304,0.5,True
3kbu__A1_P11277--3kbu__D1_P16157,0.7377132009901558,0.5,False
7pck__A1_P43235--7pck__C2_P43235,0.988373721130119,0.5,True
5o4z__A1_Q9X1T1--5o4z__A2_Q9X1T1,0.9709114947174722,0.5,True
1vla__A1_Q9X021--1vla__B1_Q9X021,0.904481637894514,0.5,True
5oed__A1_Q6EAT3--5oed__B1_Q13637,0.8111270275971317,0.5,False
7yva__A1_Q9URB4--7yva__B1_Q9URB4,0.9808355207990014,0.5,True
7s6n__B1_Q5RGJ8--7s6n__A1_Q5RGJ8,0.5109674418401455,0.5,True
4cz8__A1_Q9UZ55--4cz8__B1_Q9UZ55,0.9428694036468122,0.5,True
6ebn__A1_A0A4P1LYB6--6ebn__B1_A0A4P1LYB6,0.944286156968102,0.5,True
3lf4__B1_D1MPT3--3lf4__A1_D1MPT3,0.3533708305203815,0.5,True
3ffe__B1_Q93AT8--3ffe__A1_Q93AT8,0.9095805496718739,0.5,True
7zg6__A1_A0A2J0RDY6--7zg6__B1_A0A2J0RDY6,0.9227142876830725,0.5043859649122807,True
8f4q__A1_Q00972--8f4q__A2_Q00972,0.8148378439970453,0.5,True
4rz3__A1_A4IMB4--4rz3__B1_A4IMB4,0.8482031088586673,0.5,True
8f8k__A1_O53507--8f8k__A2_O53507,0.9707513223337729,0.5,True
3zw5__A1_A6NK44--3zw5__B1_A6NK44,0.8031738188976376,0.5,True
6l3q__B1_G0SEI5--6l3q__A1_G0SEI5,0.9469062990826449,0.5,True
8ag8__A1_A0A1I5SVP7--8ag8__A2_A0A1I5SVP7,0.9373883529832083,0.5,True
2i2w__A1_P63224--2i2w__D1_P63224,0.9727729294209387,0.5,True
2f22__B1_Q9RC77--2f22__A1_Q9RC77,0.9354746364365052,0.5,True
3tng__A1_Q8Y7B7--3tng__A2_Q8Y7B7,0.9635387997078826,0.5,True
8gr8__B1_P08679--8gr8__A1_P08679,0.962474193138007,0.5,True
7ae8__A1_A0A0B0QJR1--7ae8__B1_A0A0B0QJR1,0.962312765516852,0.5,True
2w54__B1_O54051--2w54__A1_O54050,0.9211099265940107,0.5,False
4b0z__A1_P50524--4b0z__B1_P50524,0.9452026072041166,0.5,True
2re7__A1_Q4FV99--2re7__A2_Q4FV99,0.9235871915306046,0.5,True
8h0t__A1_O34614--8h0t__A2_O34614,0.990065912985022,0.5096153846153846,True
1te2__A1_P77247--1te2__B1_P77247,0.9922199109935188,0.5,True
7xt2__A1_Q6ZMU5--7xt2__B1_Q6ZMU5,0.9222767963469527,0.5,True
1ev7__A1_P50187--1ev7__B1_P50187,0.8981541744265953,0.5,True
1ogl__A1_O15923--1ogl__A2_O15923,0.9621694536789395,0.5,True
3lrt__B1_Q97CA5--3lrt__A1_Q97CA5,0.9722090142089423,0.5,True
3fou__A1_Q5SGZ9--3fou__B1_Q5SGZ9,0.878805480175311,0.5,True
5jnq__A1_R0BTE9--5jnq__A2_R0BTE9,0.9145619144686095,0.5,True
4g12__A1_A5U5K3--4g12__B1_A5U5K3,0.9670448963106189,0.5161182010729163,True
3evj__B1_P01008--3evj__A1_P01008,0.8366383882577997,0.5,True
2oq2__B1_P18408--2oq2__A1_P18408,0.9930554755675628,0.5,True
8he6__A1_Q8YSS0--8he6__B1_Q8YSS0,0.9738105126958991,0.5,True
2xij__A1_P22033--2xij__A2_P22033,0.9378040612337456,0.5,True
1nr5__A1_P07547--1nr5__A2_P07547,0.975172285210461,0.5,True
1gmj__A1_P01096--1gmj__B1_P01096,0.9202255652908653,0.4999577524292353,True
4yba__B1_Q93K36--4yba__A1_Q93K36,0.987857045065283,0.5383525703891837,True
8ok7__A1_M4T0B2--8ok7__D1_M4T0B2,0.9349551901264936,0.5,True
7f76__B1_A0A223KLJ1--7f76__A1_A0A223KLJ1,0.8770632957546611,0.5,True
7vp6__A1_Q9C9L2--7vp6__B1_Q9C9L2,0.5896011051756097,0.5,True
8jmq__A1_A9CQD5--8jmq__B1_A9CQD3,0.889963091206575,0.5,False
7zgt__A1_W8R3D8--7zgt__B1_W8R3D8,0.9628921526224424,0.5,True
7xgt__B1_Q6H8B1--7xgt__A1_Q6H8B1,0.9892652440292198,0.5,True
3i2t__A1_P04412--3i2t__A2_P04412,0.757312947466693,0.5,True
8tjk__A1_A0A0F7G196--8tjk__B1_A0A0F7G196,0.9639597627820589,0.5,True
7wt0__A1_Q04760--7wt0__B1_Q04760,0.8878835623117151,0.5,True
3if0__A1_Q74MS9--3if0__A2_Q74MS9,0.9829886294728775,0.5060240963855421,True
3qrh__A1_Q8SSM8--3qrh__A2_Q8SSM8,0.927940109120032,0.5,True
8q70__A1_Q8U2C1--8q70__A2_Q8U2C1,0.9623861477255029,0.5,True
7vso__A1_P02945--7vso__A2_P02945,0.938200455572767,0.5,True
5f8b__A1_Q4WB03--5f8b__A2_Q4WB03,0.9542805684837461,0.5,True
8ax0__A1_A0A384E145--8ax0__B1_A0A384E145,0.9713017056941299,0.5,True
7r5y__E2_R7PD89--7r5y__A1_R7PD89,0.982846380112399,0.5,True
7qow__B1_Q93P54--7qow__A1_Q93P54,0.9540472903407767,0.5,True
5il7__A1_Q8KC98--5il7__B1_Q8KC98,0.751996725543046,0.5,True
3ct9__B1_Q8A1V9--3ct9__A1_Q8A1V9,0.9847048585701464,0.5,True
8pvm__A1_P29166--8pvm__B1_P29166,0.8605698729928544,0.5,True
8ct0__F1_S4S3E3--8ct0__A1_S4S3E3,0.904162974655336,0.49998620765750856,True
3q2j__B1_P0A3Y5--3q2j__A1_P0A3Y5,0.6911676934463954,0.5,True
7xzp__B1_A0A379CIH2--7xzp__A1_A0A379CIH2,0.9758091000567328,0.5,True
3qvf__A1_Q56187--3qvf__A2_Q56187,0.9463344768924703,0.5,True
6gxs__A1_Q7NZ70--6gxs__D1_Q7NZ70,0.7103365985692938,0.5,True
2hr8__A1_O58456--2hr8__B1_O58456,0.9132678483377883,0.5,True
2zyf__A1_O87198--2zyf__A2_O87198,0.8760595383642269,0.5,True
7s3v__A1_Q16719--7s3v__A2_Q16719,0.9770847537111793,0.5,True
6a29__A1_O32504--6a29__B1_O32504,0.7725851919120614,0.5,True
4ml6__C1_A6GV51--4ml6__A1_A6GV51,0.9497393548742372,0.5,True
4cht__A1_Q13472--4cht__B1_Q9H9A7,0.6444713938654315,0.5,False
1n4p__B1_P53610--1n4p__A1_Q04631,0.868453592776465,0.5,False
1tec__A1_P04072--1tec__B1_P01051,0.9253984408463977,0.5,False
8p1h__A1_E7EX29--8p1h__B2_E7EX29,0.8727219400833579,0.5,True
6b9t__A1_A9A1T2--6b9t__B1_A9A1T2,0.8898099386897278,0.5,True
3g0k__A1_Q2G4A7--3g0k__A2_Q2G4A7,0.9160785108873531,0.5,True
8hy5__A1_P14920--8hy5__B1_P14920,0.8558634211020846,0.5,True
8fts__A1_R9UTR3--8fts__A2_R9UTR3,0.9602461418984545,0.5,True
1jrk__A1_Q8ZTD8--1jrk__B1_Q8ZTD8,0.9423645386260292,0.499952845758476,True
2ejn__A1_P30440--2ejn__B1_P30440,0.7569845727695919,0.5,True
8ju7__A1_Q9I2U4--8ju7__B1_Q9I2U4,0.9413932928902325,0.5,True
3nel__A1_Q52428--3nel__B1_Q52428,0.9700281278040781,0.5,True
2dc1__A1_O28440--2dc1__B1_O28440,0.9710763919844709,0.5,True
8fzk__B1_P52292--8fzk__A1_P52292,0.5664194816355219,0.5,True
3wnz__A1_P39641--3wnz__A2_P39641,0.9729555524693179,0.5,True
8e1u__A1_A0A160VN62--8e1u__F2_A0A160VN62,0.9526286291157994,0.5,True
1v7c__A1_P83823--1v7c__B1_P83823,0.9418796268432139,0.5,True
3egg__A1_P62136--3egg__C1_O35274,0.7394487418142809,0.5,False
4yke__B1_G0RYR3--4yke__A1_G0RYR3,0.8649563079724732,0.5,True
1tq9__A1_P00669--1tq9__B1_P00669,0.5873478456832562,0.5,True
4oh3__B1_Q05085--4oh3__A1_Q05085,0.9481952836775506,0.5,True
4q62__A1_Q5ZUB7--4q62__A2_Q5ZUB7,0.8041073946966475,0.5,True
2we5__A1_P0A2X7--2we5__B1_P0A2X7,0.959293837492762,0.5,True
5t51__A1_Q6CLK3--5t51__B1_Q6CPD1,0.8799069436977933,0.5,False
3i0z__A1_A0A0H2UN25--3i0z__B1_A0A0H2UN25,0.8792089691873158,0.5,True
8p6k__A1_A0A0H2UWN1--8p6k__B1_A0A0H2UWN1,0.9429045655015635,0.5,True
7z9z__A1_P02754--7z9z__A2_P02754,0.9716548761444658,0.5,True
6d0i__A1_A0A0C5XL88--6d0i__B1_A0A0C5XKJ0,0.8847096032248435,0.5,False
3gs3__A1_Q8MSU4--3gs3__A2_Q8MSU4,0.22563595670634795,0.5,True
2f4m__A1_Q9JI78--2f4m__B1_P54728,0.826577078884677,0.5,False
4yh8__A1_Q09176--4yh8__B1_P36629,0.866108257818172,0.5,False
1e44__B1_P00646--1e44__A1_P02984,0.7982568540583975,0.5,False
2yri__A1_Q5SLX0--2yri__B1_Q5SLX0,0.9830668762623351,0.5,True
1gcj__A1_P70168--1gcj__B1_P70168,0.6119719074479127,0.5,True
7qbp__A1_A4F7B2--7qbp__A2_A4F7B2,0.9493868549591395,0.5,True
4hdd__A1_P09391--4hdd__A2_P09391,0.5447649478634857,0.5,True
3e4q__A1_P13633--3e4q__B1_P13633,0.8660647103237485,0.5,True
8ein__B1_Q6FCQ4--8ein__A1_Q6FCQ4,0.991621134794356,0.5,True
1zmb__A1_Q97LM8--1zmb__B1_Q97LM8,0.9275513714418342,0.5,True
6ygu__A1_G0RZ64--6ygu__B1_G0S1V1,0.6440415404291491,0.5,False
2yyh__A1_O67435--2yyh__B1_O67435,0.9664829355381067,0.5,True
5wk0__A1_A0A2C9TMM3--5wk0__A2_A0A2C9TMM3,0.9295025182762351,0.5,True
8h4j__A1_W8UQZ7--8h4j__D1_W8UQZ7,0.9187774960151135,0.5,True
1z83__A1_P00568--1z83__B1_P00568,0.9593566551741457,0.5,True
8h2c__A1_Q0P8U0--8h2c__B1_Q0P8U0,0.9401415068429335,0.5040773738543832,True
2dkh__A1_Q6SSJ6--2dkh__A2_Q6SSJ6,0.9023329407263087,0.5,True
7c7e__A1_A0A0H3MRW3--7c7e__A2_A0A0H3MRW3,0.9893700541495262,0.5,True
3dpt__B1_Q8KC98--3dpt__A1_Q8KC98,0.9235926291094485,0.5,True
3fgw__A1_Q3TCN2--3fgw__A2_Q3TCN2,0.9402148942409798,0.5,True
7wh0__A1_Q9U2E4--7wh0__B2_Q9U2E4,0.9961292494328458,0.5,True
8dq3__A1_A0A142G3G1--8dq3__B1_A0A142G3G1,0.8184322796023547,0.5,True
6t2b__A1_B2UQL7--6t2b__C1_B2UQL7,0.9660766909427932,0.5,True
8jh0__B1_S2D3K4--8jh0__A1_S2D3K4,0.8894756686314091,0.5,True
7t2s__A1_A0A494K842--7t2s__A2_A0A494K842,0.9271145087315019,0.5,True
3frw__B1_A5ZMD8--3frw__A1_A5ZMD8,0.8692082525580619,0.5,True
5ab5__A1_C9ZUV7--5ab5__B1_C9ZUV7,0.9826375450290368,0.5,True
5myd__C2_A0A2D0TC86--5myd__A1_A0A2D0TC86,0.9169290221782268,0.5,True
5cde__A1_Q8P839--5cde__B1_Q8P839,0.9384792344873302,0.5,True
6pi4__A1_A0R1Z9--6pi4__A2_A0R1Z9,0.44271853519070503,0.5,True
3ipf__A1_Q251Q8--3ipf__B1_Q251Q8,0.5720292497196835,0.5093805206224238,True
2p3y__A1_Q87I71--2p3y__B1_Q87I71,0.9500725082053834,0.5,True
5jbr__A1_C5C6I1--5jbr__B1_C5C6I1,0.9161977542623725,0.5,True
8ttz__A1_G8E2R2--8ttz__B2_G8E2R2,0.9469293323920595,0.5,True
3vba__A1_Q58673--3vba__B1_Q58673,0.9729601891998423,0.5,True
4o6y__B1_Q9SWS1--4o6y__A1_Q9SWS1,0.8680775413075028,0.5,True
4e5r__A1_Q6IRB5--4e5r__A2_Q6IRB5,0.6779720723872193,0.5,True
7ywv__A1_Q0SBK1--7ywv__C1_Q0SBK1,0.9837883360949914,0.5,True
8eer__A1_P01116--8eer__A2_P01116,0.7065798439534006,0.5,True
3f84__B1_E3PPC4--3f84__A1_E3PPC4,0.45340926143971927,0.5,True
5mu7__A1_G0S6G7--5mu7__B1_G0S6I4,0.7826179323959216,0.5,False
8hfp__B1_Q96T68--8hfp__A1_Q8N8R7,0.6279332494938413,0.5,False
4rmn__B1_Q6NC13--4rmn__A2_Q6NC13,0.8944402741132349,0.5,True
3mx1__A1_Q46944--3mx1__A2_Q46944,0.9441101909078969,0.5,True
5gl5__A1_Q06321--5gl5__B1_Q06321,0.8077269891106483,0.5,True
8e77__A1_Q1QD54--8e77__A2_Q1QD54,0.9790946247539754,0.5,True
5gl4__A1_B6YTD8--5gl4__B1_B6YTD8,0.9863351858514713,0.5,True
7wf9__A1_Q3ZT31--7wf9__B1_Q3ZT31,0.2570804206383027,0.5,True
8fw0__B1_P39897--8fw0__A1_P39897,0.8969210754851991,0.5,True
8ou8__B1_P0A8M3--8ou8__A1_P0A8M3,0.9701618168535153,0.5,True
7acm__B1_P75811--7acm__A1_P75811,0.9215126902796112,0.5,True
4trb__A1_Q97W95--4trb__B1_Q97W95,0.9388032049824181,0.5,True
2ia9__B1_P28015--2ia9__A1_P28015,0.9298640111360958,0.5,True
3sy6__A1_Q5LE92--3sy6__B1_Q5LE92,0.9406400233608603,0.5,True
6xz3__A1_Q9H1K6--6xz3__A2_Q9H1K6,0.9864420245625583,0.5,True
2h8e__A1_P0AG74--2h8e__A2_P0AG74,0.827130047573655,0.5,True
3gyx__A1_T2G6Z9--3gyx__B1_T2G899,0.7848192328154815,0.5,False
4e0u__A1_D1D8L6--4e0u__A2_D1D8L6,0.9951172497887832,0.5,True
6teu__A1_O60568--6teu__A2_O60568,0.95429046317808,0.5,True
6xt5__B1_P49046--6xt5__A1_P49046,0.9773551110970469,0.5,True
8g1t__A1_Q07812--8g1t__B1_Q07812,0.22023278365672025,0.5,True
7xp7__B1_W9FXI8--7xp7__A1_W9FXI8,0.9488282779530033,0.5,True
8i55__A1_Q58380--8i55__B1_Q58380,0.9545548750790146,0.5150375939849624,True
1h65__A1_Q41009--1h65__A2_Q41009,0.9321294949469234,0.5,True
3ol4__A1_A0QRC4--3ol4__B1_A0QRC4,0.28302410115940535,0.5,True
8idq__A1_A0A0B8MZ29--8idq__C1_A0A0B8MZ29,0.9210886629167526,0.5,True
3f6g__B1_Q8F3Q1--3f6g__A1_Q8F3Q1,0.8893686156460203,0.5,True
6akj__B1_G2TRN4--6akj__A1_G2TRN4,0.950224044078598,0.5,True
3qhy__B1_O87916--3qhy__A1_Q93T42,0.8905398484127575,0.5,False
4j5p__B1_P97612--4j5p__A1_P97612,0.9153195093221929,0.5,True
4icq__A1_A0A0H2UN95--4icq__B1_A0A0H2UN95,0.983806948629345,0.5,True
1klf__B1_P08191--1klf__A1_P31697,0.8793522559342384,0.5,False
6y4l__A1_Q15006--6y4l__B1_Q9Y3B6,0.880352835736803,0.5,False
6dex__B1_Q74ZQ8--6dex__A1_Q75DL0,0.9187726924949572,0.5,False
2z02__A1_Q58987--2z02__B1_Q58987,0.9763840505916555,0.5,True
4l7w__A1_Q7Z4H3--4l7w__A2_Q7Z4H3,0.9400511727314297,0.5,True
6tct__A1_Q9KL67--6tct__B1_Q9KL67,0.9274906651477755,0.5,True
6sul__A1_A8FAR5--6sul__B1_A8FAR5,0.9430672343840563,0.5,True
4qqv__A1_P26954--4qqv__B1_P26954,0.5005755468594779,0.5,True
3l8d__A1_A0RD96--3l8d__A2_A0RD96,0.9251378151959447,0.5,True
7yqa__B1_A0A1C9ZZ39--7yqa__A1_A0A1C9ZZ39,0.7884095286105737,0.5,True
1b8m__B1_P34130--1b8m__A1_P23560,0.8276501341473403,0.5,False
1irq__B1_Q57468--1irq__A1_Q57468,0.8674369406021155,0.5,True
7xi6__A1_A5GXY1--7xi6__B1_A5GXY1,0.7842450884619561,0.5131788414920945,True
7vrx__D1_A0A6J4AG16--7vrx__B1_A0A6J4AG16,0.8899718487692694,0.5,True
6iik__A1_P54578--6iik__B1_P54578,0.9930545977472348,0.5,True
3nau__A1_Q9Y6X8--3nau__B1_Q9Y6X8,0.16359435193212282,0.5,True
3cis__B1_P9WFD7--3cis__A1_P9WFD7,0.9269608334524642,0.5,True
4jzy__B1_O77059--4jzy__A1_O77059,0.9747023636170404,0.5,True
7yxg__A1_Q9VU77--7yxg__B1_Q9VU77,0.9771107321036303,0.5,True
5cio__A1_A0A1A9TAI5--5cio__B1_A0A1A9TAI5,0.9455046405492438,0.5,True
8jwj__A1_Q9DAG9--8jwj__B1_P62837,0.8479217228546563,0.5,False
6ia6__A1_A0A1C7D1B7--6ia6__A2_A0A1C7D1B7,0.7195347691727104,0.5,True
8h1g__A1_O67518--8h1g__A2_O67518,0.988848508799941,0.5,True
6x61__A1_Q79V60--6x61__B1_Q8DMT2,0.7904543190900687,0.5,False
7x0d__A1_A5YW95--7x0d__B1_A5YW95,0.9445532833034818,0.5,True
1ghd__B1_O86089--1ghd__A1_O86089,0.35315055561564757,0.5,True
2x6f__A1_Q9W1M7--2x6f__B1_Q9W1M7,0.8779652796693823,0.5,True
8oik__A1_Q9UPU9--8oik__C1_Q9UPU9,0.7257816733913738,0.5,True
6nxl__A1_B4DV12--6nxl__E1_B4DV12,0.4693532141920362,0.5,True
8wmy__A1_A0A4U7IGH6--8wmy__B2_A0A4U7IGH6,0.9539376042278893,0.5,True
3trf__A1_Q83AJ3--3trf__A2_Q83AJ3,0.6603262090046025,0.5,True
5h4s__A1_A0A090BWT0--5h4s__A2_A0A090BWT0,0.698360439433909,0.5,True
2zvb__A1_Q53WA6--2zvb__A2_Q53WA6,0.9102418513904688,0.5,True
8wa7__A1_P27302--8wa7__B1_P27302,0.9793914765742385,0.5,True
3b0z__B1_P40727--3b0z__A1_P40727,0.33132308179139175,0.5,True
4usp__A1_B3GA02--4usp__B1_B3GA02,0.8464370596317459,0.5,True
7cms__A1_P00953--7cms__B1_P00953,0.9807840132607251,0.5,True
7t8q__A1_Q7S860--7t8q__D1_Q7S860,0.8615661249025555,0.5,True
6j9k__A1_A0A425B3G2--6j9k__A2_A0A425B3G2,0.8586198132536715,0.5,True
7xp0__A1_Q9I5E1--7xp0__A2_Q9I5E1,0.878661627912923,0.5,True
8ih4__A1_Q8WVV5--8ih4__B1_Q8WVV5,0.789338212975276,0.5,True
1tfe__A1_P43895--1tfe__A2_P43895,0.9694138902173336,0.5,True
2a8f__A1_P15569--2a8f__B1_P15569,0.9865726227795193,0.5,True
4iwq__A1_Q9UHD2--4iwq__A2_Q9UHD2,0.8242885015867388,0.5,True
5hs5__A1_Q2G0D1--5hs5__B1_Q2G0D1,0.9642361834882784,0.5,True
3v89__A1_Q9K0U9--3v89__B1_P02787,0.8394311048085098,0.5,False
8e3g__B1_P43026--8e3g__A1_P12643,0.867287193987307,0.5,False
2w8b__A1_P0A855--2w8b__H1_P0A912,0.6847971437116793,0.5,False
5f7p__B1_Q8YAF1--5f7p__A1_Q8YAF1,0.9563687658339844,0.5,True
8f71__B1_Q6N5G3--8f71__A1_Q6N5G3,0.9942260628757135,0.5,True
8hwi__B1_A0A327WNX5--8hwi__A1_A0A327WNX5,0.8019308057400876,0.5,True
7r3i__B1_P54292--7r3i__A1_P54292,0.8383530964137185,0.5,True
8afj__A1_A0A179QS89--8afj__B1_A0A179QS89,0.9664142254641371,0.5,True
3pub__B1_E5EVW2--3pub__A1_E5EVW2,0.9124359526222975,0.5,True
8es5__A1_A0A0H2Z732--8es5__B1_A0A0H2Z732,0.9445444260552172,0.5,True
7txn__B1_Q8YVV6--7txn__A1_Q8YVV6,0.9383420773910688,0.5,True
3py6__A1_Q2YQ74--3py6__A2_Q2YQ74,0.9477018333512626,0.5,True
1hjr__A1_P0A814--1hjr__C1_P0A814,0.9291725744567625,0.5,True
8k3b__A1_A0A071KWR3--8k3b__A2_A0A071KWR3,0.8855416594674035,0.5,True
3w2z__A1_Q8YXY7--3w2z__A2_Q8YXY7,0.8128914844611601,0.5,True
8f78__A1_P55212--8f78__B1_P55212,0.8907573849257717,0.5,True
6wg4__A1_Q14683--6wg4__B1_Q9UQE7,0.7901617314770972,0.5,False
7zry__A1_O60341--7zry__B1_Q9UKL0,0.7449318581138149,0.5,False
1uix__A1_Q28021--1uix__B1_Q28021,0.9479540158803268,0.5,True
7vrc__A1_P38956--7vrc__B1_P22082,0.8541957604144914,0.5,False
1oz0__A1_P31335--1oz0__B1_P31335,0.9681371844837372,0.5,True
7eft__B1_P16926--7eft__A1_P16926,0.7326679442780597,0.5,True
8e2b__B1_Q2FYI5--8e2b__A1_Q2FYI5,0.7161883154985371,0.5,True
7jw6__A1_Q9VIF1--7jw6__A2_Q9VIF1,0.8792857691569043,0.5,True
1jkw__A1_P51946--1jkw__A2_P51946,0.8345603239297797,0.5,True
4pfp__B1_F1RQI7--4pfp__A1_F1RQI7,0.8928341421535291,0.5,True
8h1s__A1_Q9I5U2--8h1s__B1_Q9HX32,0.7272366108611582,0.5,False
7t0y__A1_P62136--7t0y__B1_Q14684,0.6838421741721419,0.5,False
1tz9__A1_Q82ZC9--1tz9__B1_Q82ZC9,0.9789763864272653,0.5,True
2wns__B1_P11172--2wns__A1_P11172,0.9144599449836798,0.5,True
6s8v__B1_P08195--6s8v__A1_P80188,0.5781514956326376,0.5,False
2gt4__A1_P32056--2gt4__B1_P32056,0.9135700658942615,0.5,True
3bof__A1_Q9WYA5--3bof__B1_Q9WYA5,0.9980985132541647,0.5,True
6trj__A1_O75475--6trj__A2_O75475,0.202072419414151,0.5,True
8h4z__A1_A0A2X5A3P4--8h4z__B1_A0A2X5A3P4,0.9976304882235584,0.5,True
2hre__A1_P22830--2hre__B1_P22830,0.7730616036279764,0.5,True
5yjc__A1_Q5HK94--5yjc__B1_Q5HK94,0.8812572432149535,0.5,True
8d6k__A1_Q9L1K2--8d6k__B1_Q9L1K2,0.9332492469813392,0.5,True
2zew__B1_Q9ZA17--2zew__A1_Q9ZA17,0.17095739572392388,0.5,True
5wpi__A1_Q58PW8--5wpi__B1_Q58PW8,0.972358167281989,0.5,True
8fk6__A1_A0A0C9S461--8fk6__B1_P80098,0.9158290528403481,0.5,False
7tm7__A1_A0A0H3GYH4--7tm7__B1_A0A0H3GYH4,0.9758360631343085,0.5,True
7x4b__A1_A0A2D0TCG3--7x4b__B1_A0A2D0TCG3,0.9607577807848443,0.5,True
4aqp__B1_P54253--4aqp__A1_P54253,0.18370137122748686,0.5,True
3npi__A1_Q6NFU8--3npi__B1_Q6NFU8,0.8451709821443646,0.5,True
