system_id,auroc,bacc,is_homodimer
3c07__A1_Q9KZ96--3c07__B1_Q9KZ96,0.9776997170741012,0.5,True
3iqy__A1_P28366--3iqy__A2_P28366,0.9077945425603687,0.5,True
7e76__A1_A0A3B6LNA8--7e76__B1_A0A3B6LNA8,0.7356639035222721,0.5,True
3cqc__A1_P57740--3cqc__B1_Q8WUM0,0.9577875189974047,0.5,False
7x1k__A1_Q6DL91--7x1k__B1_Q6DL91,0.922198586973475,0.5,True
8sgd__A1_P25342--8sgd__B1_P32457,0.7373528174254912,0.5,False
3ecf__A1_Q3M5E4--3ecf__B1_Q3M5E4,0.910050237129836,0.5,True
6j94__A1_Q93VK5--6j94__B1_Q93VK5,0.8519484982527502,0.5,True
7xsh__A1_K1KV82--7xsh__B2_K1KV82,0.9556801588306346,0.5,True
8v14__A1_G5EEF9--8v14__B1_G5EEF9,0.8846138743455498,0.5,True
6r76__A1_H3ZMH8--6r76__B1_H3ZMH8,0.9791790853405222,0.5,True
8ap0__A1_A0A5S9CYM0--8ap0__A2_A0A5S9CYM0,0.9857990137035084,0.5,True
3qph__A1_Q9HGZ9--3qph__A2_Q9HGZ9,0.8559324708109813,0.5,True
3o6j__A1_O67987--3o6j__B1_O67987,0.9832385773423007,0.5,True
6o6z__A1_B6YWC3--6o6z__B1_B6YWC3,0.9540476470190613,0.5,True
3fil__A1_P19909--3fil__B1_P19909,0.5486059729639264,0.5,True
6do2__A1_P11021--6do2__B1_P11021,0.822609252725619,0.5,True
7f4q__B1_Q22GC0--7f4q__A1_I7M8B9,0.8692133228822922,0.5,False
4hfg__A1_Q9NQG5--4hfg__B1_Q9NQG5,0.33285395361898296,0.5,True
7yh2__A1_A0A1Q9P883--7yh2__B1_A0A1Q9P883,0.9883858546510569,0.5,True
3axs__A1_O67010--3axs__A2_O67010,0.9671256095496455,0.5,True
3cqr__A1_Q39249--3cqr__B1_Q39249,0.5169763038808657,0.5,True
3s8k__A1_P80691--3s8k__B1_P80691,0.9490669183601075,0.5,True
4oun__A1_O31418--4oun__A2_O31418,0.9717805477853572,0.5,True
2iab__A1_Q825J7--2iab__B1_Q825J7,0.8762011442707552,0.5,True
3o3n__A1_Q5U924--3o3n__B1_Q5U923,0.9485681654656328,0.5,False
6f3z__A1_P0ADC3--6f3z__B1_P61316,0.9652432413230697,0.5,False
1hr7__A1_P11914--1hr7__B1_P10507,0.8939641728961236,0.5,False
8gko__B1_P28296--8gko__A1_P28296,0.9314998608934081,0.5,True
2gkv__A1_P00777--2gkv__B1_P68390,0.8750203594114773,0.5,False
8stx__A1_Q4E4E1--8stx__B1_Q4E4E1,0.9879074592132743,0.5,True
4m36__A1_Q582G4--4m36__A2_Q582G4,0.9554598415562292,0.5,True
5wpu__A1_A0A076NBW8--5wpu__A2_A0A076NBW8,0.8470876035064404,0.5,True
5yps__A1_A0A0W4ZF97--5yps__B1_A0A0W4ZF97,0.9139065273953251,0.5,True
5oge__E1_P40107--5oge__A1_P40107,0.9372999337921316,0.5,True
5fey__B1_Q13049--5fey__A1_Q13049,0.9160193607795583,0.5,True
8hce__B1_Q91XB0--8hce__A1_Q91XB0,0.8332890384654446,0.5,True
1ggp__B1_Q7SIF1--1ggp__A1_Q7SIF0,0.8898121742198306,0.5,False
5z50__A1_O05926--5z50__B1_O05926,0.9713492626575224,0.5,True
7t9u__A1_Q86WV6--7t9u__A2_Q86WV6,0.9615662942233609,0.5,True
6ey4__A1_Q5EGM3--6ey4__A2_Q5EGM3,0.9237219881049851,0.5,True
2hvg__A1_A5KBL5--2hvg__B1_A5KBL5,0.9437796909140079,0.5,True
6wp7__A1_Q82H41--6wp7__B1_Q82H41,0.87956158972887,0.5,True
6kfs__A1_B7FR28--6kfs__A2_B7FR28,0.6259447043830567,0.5,True
3shg__A1_E6Z0R3--3shg__B1_E6Z0R4,0.8711126156623785,0.5,False
4wjm__A1_Q2YNY7--4wjm__A2_Q2YNY7,0.9913398607141513,0.5,True
8hmo__A1_A0A0H4P0S7--8hmo__B1_A0A0H4P0S7,0.9729490517125762,0.5,True
8dfk__A1_P39694--8dfk__B1_P39694,0.751850154361404,0.5,True
6n91__A1_Q9KNI7--6n91__B1_Q9KNI7,0.9306435725655868,0.5,True
1dev__A1_Q15796--1dev__B1_O95405,0.6107064882320973,0.5,False
8c9j__B1_P15559--8c9j__A1_P15559,0.9620576301745358,0.5,True
3rd7__B1_A0A0H2ZY91--3rd7__A1_A0A0H2ZY91,0.9680046686934095,0.5,True
5x1j__A1_G2IQS7--5x1j__A2_G2IQS7,0.9378003057811433,0.5,True
3r2p__A1_P02647--3r2p__A2_P02647,0.8434224385048816,0.5,True
1pdk__A1_P15319--1pdk__B1_P62532,0.8259240488425817,0.5,False
7bjg__A1_Q8IGY1--7bjg__A2_Q8IGY1,0.8174416562360661,0.5,True
3kcp__A1_Q06851--3kcp__B1_A3DF10,0.9439752505524411,0.5,False
7bbq__A1_Q6I6B7--7bbq__A2_Q6I6B7,0.9652594455439651,0.5,True
3dpj__E1_Q5LS67--3dpj__F1_Q5LS67,0.8102390236361138,0.5,True
6okh__A1_Q04QG8--6okh__B1_Q04QG8,0.9053760571838037,0.5,True
7tq1__A1_P0AC13--7tq1__A2_P0AC13,0.9662117816887814,0.5,True
7t5y__A1_P0A7E1--7t5y__B1_P0A7E1,0.9623613362788351,0.5,True
5o47__A1_J7HDY4--5o47__A2_J7HDY4,0.9881676876713721,0.5,True
1oo0__A1_P49028--1oo0__B1_Q9V535,0.9046628067273228,0.5,False
3edj__A1_Q8KKG0--3edj__B1_Q8KKG0,0.8885262608963531,0.5,True
5yr0__A1_O88597--5yr0__B1_Q8K245,0.966903249990837,0.5,False
5c21__A1_P09986--5c21__B1_P09986,0.8443919721679949,0.5,True
2gok__A1_Q8U8Z6--2gok__B1_Q8U8Z6,0.9933677676839279,0.5,True
1ww1__A1_Q9WZW8--1ww1__B1_Q9WZW8,0.9803250788706181,0.5,True
1fm0__B1_P30749--1fm0__A1_P30748,0.9526677994488641,0.5,False
4jgo__B1_O31671--4jgo__A1_O31671,0.8583991277099049,0.5,True
3l2k__A1_Q8GPH0--3l2k__B1_Q8GPH0,0.8831837765540121,0.5,True
1yov__A1_Q13564--1yov__B1_Q8TBC4,0.9419991448304869,0.5,False
7zvd__A1_P11413--7zvd__A2_P11413,0.9806828064609336,0.5,True
8grh__B1_P51553--8grh__A1_P50213,0.9129698844003947,0.5,False
1lxd__A1_Q03386--1lxd__B1_Q03386,0.27480957620728275,0.5,True
5m97__A1_Q10113--5m97__B1_Q10113,0.9706813594586824,0.5,True
7ax1__A1_Q9ULM6--7ax1__B1_Q9UIV1,0.9633389193317564,0.5,False
8d4w__A1_A0A8B4R830--8d4w__A2_A0A8B4R830,0.7729152644956236,0.5,True
7ynw__B2_Q57834--7ynw__A1_Q57834,0.9966773897108502,0.5,True
4rgp__A1_Q8DTU7--4rgp__B1_Q8DTU7,0.9644841361533446,0.5,True
8twd__C1_P0AEV1--8twd__A1_W8SRD3,0.8256682509185289,0.5,False
3fb9__A1_A0A0H2US72--3fb9__B1_A0A0H2US72,0.9224306723595117,0.5,True
8a39__A1_A0A024L404--8a39__C2_A0A024L404,0.9742221827367444,0.5,True
3ps8__A1_P01034--3ps8__A2_P01034,0.4281259014481685,0.5,True
7vwp__A2_A0A136PK59--7vwp__B1_A0A136PK59,0.9965239800768647,0.5,True
3a7p__A1_Q03818--3a7p__B1_Q03818,0.9518934638772018,0.5,True
4ql6__A1_A0A0H3MDM0--4ql6__C1_A0A0H3MDM0,0.9043263171458139,0.5,True
5nck__A1_Q8RDN7--5nck__B1_Q8RDN7,0.9796620701317598,0.5,True
3w8i__A1_Q9BUL8--3w8i__B1_Q9P289,0.9790866357400188,0.5,False
4oky__A1_Q52612--4oky__A2_Q52612,0.9181230080573957,0.5,True
7x20__A1_P54708--7x20__B1_P07340,0.9326450309542943,0.5,False
3hnw__A1_D0VWZ2--3hnw__B1_D0VWZ2,0.9482980756670539,0.5,True
8r37__A1_A0A086IRG1--8r37__B1_A0A086IRG1,0.893282940225522,0.5,True
1rqg__A1_Q9V011--1rqg__A2_Q9V011,0.8385479185128518,0.5,True
8brl__A1_F7J213--8brl__A2_F7J213,0.872130720691157,0.5,True
7qiu__A1_P94538--7qiu__B1_P94538,0.9862398035423291,0.5,True
6sjs__A1_B8FUR2--6sjs__B1_B8FUR2,0.988763303174405,0.5,True
8hlg__A1_Q9RR88--8hlg__B1_Q9RR88,0.9483565123939728,0.5,True
6mpc__A1_B3DQP5--6mpc__B1_B3DQP5,0.9913182400004793,0.5,True
7pcr__A1_P56185--7pcr__A2_P56185,0.8538923883251093,0.5,True
3bvq__B1_Q2I6W2--3bvq__A1_Q2I6W2,0.9403232703553978,0.5,True
6bsu__A1_Q9LZJ3--6bsu__B1_Q9LZJ3,0.8731185459213837,0.5,True
4e5u__B1_Q9HZN8--4e5u__A1_Q9HZN8,0.9745201779890394,0.5,True
8a52__A1_P23222--8a52__B1_P23222,0.9411541923471154,0.5,True
1d0v__A1_Q05603--1d0v__A2_Q05603,0.9761111061293543,0.5,True
3gwq__A1_Q145Q0--3gwq__B1_Q145Q0,0.9244719338186072,0.5,True
1yhc__A1_O67648--1yhc__B1_O67648,0.8104044266467854,0.5,True
7lxs__A1_Q8ZMZ2--7lxs__C1_Q8ZMZ2,0.9264222968843432,0.5,True
6w08__B1_Q9KL63--6w08__A1_Q9KL63,0.9479012538211178,0.5,True
7wrm__A1_D0IVL9--7wrm__B1_D0IVL9,0.8245546756756204,0.5,True
2yww__B1_Q58801--2yww__A1_Q58801,0.9752706424089206,0.5,True
3lm6__A1_P40869--3lm6__B1_P40869,0.9749122995385072,0.5,True
7trw__A1_A0A380PDL3--7trw__A2_A0A380PDL3,0.8343966698362819,0.5,True
8syc__A1_Q13370--8syc__B1_Q13370,0.5948947061416279,0.5,True
1gk6__A1_P03069--1gk6__B1_P03069,0.9293149180982907,0.5,True
1reo__A1_Q6STF1--1reo__A2_Q6STF1,0.9404862066821655,0.5,True
6s3b__A1_Q88JK6--6s3b__B1_Q88JK6,0.9106947729179248,0.5,True
7tl5__A1_A0A3F3B310--7tl5__B1_A0A3F3B310,0.8891345506444339,0.5,True
2asf__A1_P9WLL7--2asf__A2_P9WLL7,0.9704709934594993,0.5,True
8ilj__A1_A0A242MJ43--8ilj__B1_A0A242MJ43,0.980467017299284,0.5,True
4usc__A1_A0A0A0Y4H8--4usc__B1_A0A0A0Y4H8,0.9332417947706964,0.5,True
5yp3__A1_Q6F3I7--5yp3__B1_Q6F3I7,0.9763304890467872,0.5,True
8aid__A1_Q9HWJ8--8aid__B1_Q9HWJ8,0.9624473155039382,0.5,True
7yp6__B1_E5L4T5--7yp6__A1_E5L4T5,0.8974743648890906,0.5,True
4aql__A1_Q9Y2T3--4aql__A2_Q9Y2T3,0.9768077679243066,0.5,True
3idf__A1_O34252--3idf__B1_O34252,0.8329084053997047,0.50625,True
8fjr__A1_D1A807--8fjr__B1_D1A807,0.7865516725655233,0.5,True
7z56__B1_F0NGX6--7z56__A1_F0NGX6,0.9877449537400833,0.5,True
7olf__A1_A9CEY7--7olf__B1_A9CEY7,0.9653418844671964,0.5,True
3zta__A1_Q2RIF4--3zta__A2_Q2RIF4,0.9873937871824368,0.5,True
3abi__A1_O59312--3abi__B1_O59312,0.9986066430987973,0.5,True
5ab8__A1_P9WN25--5ab8__A2_P9WN25,0.7374890965472052,0.5,True
1guq__A1_P09148--1guq__B1_P09148,0.9680381338539072,0.5,True
6zdw__B1_A0A162MUP0--6zdw__A1_A0A162MUP0,0.8450059288639217,0.5,True
8csd__A1_Q6U8B0--8csd__A2_Q6U8B0,0.9428222848668084,0.5,True
8bfr__A1_P30177--8bfr__A2_P30177,0.9967773831846101,0.5,True
7yk3__A1_O53604--7yk3__B1_O53605,0.9528427859354125,0.5,False
6xiv__A1_P16114--6xiv__B2_P16114,0.9685031056672124,0.5,True
8ajx__A1_P17117--8ajx__A2_P17117,0.9204538619246561,0.5,True
8ayj__A1_D5EHC5--8ayj__B1_D5EHC5,0.9810093094981505,0.5,True
8a6e__B2_P02699--8a6e__A1_P02699,0.9084398850232926,0.5,True
4jb7__A1_Q9KTQ6--4jb7__A2_Q9KTQ6,0.8804730335255058,0.5,True
6h3f__A1_A0A0H3JT80--6h3f__A2_A0A0H3JT80,0.9905954406962956,0.5,True
6wxw__A1_F2NWD3--6wxw__B1_F2NWD3,0.876467878675797,0.5,True
2zw2__A1_F9VNF4--2zw2__B1_F9VNF4,0.8740166427163052,0.5033870267018681,True
2wo2__A1_P54764--2wo2__B1_P52799,0.7765657894701985,0.5,False
1ord__A1_P43099--1ord__B1_P43099,0.960862699840205,0.5,True
7zcm__A1_P42196--7zcm__B1_P42259,0.9578853082292345,0.5,False
8aa9__A1_Q9V1Y9--8aa9__B1_Q9V1Y9,0.4810072865561345,0.5,True
4i6y__B1_P13702--4i6y__A1_P13702,0.9275644952989062,0.5,True
1vh4__B1_P77689--1vh4__A1_P77689,0.9474442960161178,0.5,True
3ocd__A1_D7A6E5--3ocd__B1_Q7BQR5,0.8751258689205639,0.5,False
8pq7__A1_M1C5B8--8pq7__B1_D0N0Z8,0.5526488968952941,0.5,False
5abr__A1_P82802--5abr__B1_P82802,0.9877278141081822,0.5,True
2zmf__A1_Q9Y233--2zmf__B1_Q9Y233,0.8719504498713946,0.5,True
2vzk__B1_P0DJQ5--2vzk__A1_P0DJQ5,0.36085981312809445,0.5,True
7wm5__A1_A0A0C2W699--7wm5__A2_A0A0C2W699,0.9169457461625601,0.5,True
1zee__A1_Q8E972--1zee__B1_Q8E972,0.9161383894247093,0.5,True
1f3u__B1_P35269--1f3u__A1_P13984,0.8810916951857071,0.5,False
7tvh__B1_Q9I2Q1--7tvh__A1_Q9I2Q1,0.9537760416666666,0.5,True
5vgm__B1_Q9KL24--5vgm__A1_Q9KL24,0.9898166125737998,0.5,True
4zzh__A1_Q96EB6--4zzh__A2_Q96EB6,0.5586051797793516,0.5,True
6m4v__A1_P0AEX9--6m4v__B1_P62942,0.8072089679842454,0.5,False
7y28__A1_P07814--7y28__B1_P07814,0.9393630635899085,0.5,True
2plg__A1_Q8DKM0--2plg__B1_Q8DKM0,0.8938159617815215,0.5,True
7y7u__A1_A0A222F232--7y7u__B1_A0A222F232,0.8670279909973304,0.5,True
3fgc__A1_P07740--3fgc__B1_P07739,0.9497722724355551,0.5,False
1rve__A1_P04390--1rve__B1_P04390,0.9664549240359406,0.5,True
7zy1__A1_Q9F8A8--7zy1__A2_Q9F8A8,0.9488671634888948,0.5,True
3jxo__B1_A0A0F6AN26--3jxo__A1_A0A0F6AN26,0.9393445430402159,0.5,True
8dqb__A1_A0A0H3FX83--8dqb__A2_A0A0H3FX83,0.9344886833580545,0.5,True
5l16__A1_Q4Q0M0--5l16__A2_Q4Q0M0,0.9725198986259717,0.5,True
3qt7__A1_Q9FD73--3qt7__B1_Q9FD73,0.995022098706516,0.5,True
4aye__D1_Q9JXV4--4aye__A1_P08603,0.8228679826149794,0.5,False
7r3n__A1_P43432--7r3n__B1_P43432,0.9853246290272268,0.5,True
7a0x__B1_Q8ZRZ3--7a0x__A1_Q8ZRZ3,0.970399855467828,0.5,True
7wjk__A1_P93836--7wjk__A2_P93836,0.866571736524844,0.5,True
7g99__B1_Q92974--7g99__A1_P61586,0.6351664547796454,0.5,False
5x8z__A1_A3QAQ5--5x8z__B1_A3QAQ5,0.9225553883857325,0.5,True
6dt3__B1_A0A1W1Q5B1--6dt3__A1_A0A1W1Q5B1,0.9716188798845513,0.5,True
7u0r__B1_M9SC49--7u0r__A1_M9SC49,0.9721550090404361,0.5,True
7wbt__A1_Q288C4--7wbt__B1_Q288C4,0.9050611034946222,0.5,True
7txe__A1_Q8I6T6--7txe__B1_Q8I6T6,0.352857203257456,0.5,True
6pyp__A1_P21695--6pyp__B1_P21695,0.9735598018400566,0.5,True
8b2d__A1_F5SYD3--8b2d__B1_F5SYD3,0.917356298886174,0.5,True
1vmg__A1_Q97U11--1vmg__A2_Q97U11,0.8628685645912653,0.5,True
6b8l__B1_P0DP23--6b8l__A1_P56696,0.8542807255050536,0.5,False
8sj5__A1_A0A2I4FN75--8sj5__C1_A0A2I4FN75,0.29623224705409296,0.5,True
3nr1__A1_Q8N4P3--3nr1__B1_Q8N4P3,0.9782830506562643,0.5,True
3h3l__A1_A6LFX0--3h3l__A2_A6LFX0,0.9120951051937257,0.5,True
6jdh__A1_A0A2K0XYW4--6jdh__B1_A0A2K0XYW4,0.9712451045001026,0.5,True
3vjz__A1_Q9K0P4--3vjz__B1_Q9K0P4,0.4422293315833368,0.5,True
3et4__A1_Q4QMM5--3et4__A2_Q4QMM5,0.8869195618375394,0.5,True
5or3__A1_Q2UNF9--5or3__D1_Q2UNF9,0.8609098010936843,0.5,True
3fh3__B1_A0A6L8PES2--3fh3__A1_A0A6L8PES2,0.3567163440874887,0.5,True
1go3__A1_Q57840--1go3__B1_Q60351,0.9127120107962213,0.5,False
3zxq__B1_P9WGK1--3zxq__A1_P9WGK1,0.4737591171388847,0.5,True
1zlh__A1_P00730--1zlh__B1_Q5EPH2,0.7372417597317753,0.5,False
4h1h__A1_Q8Y6P6--4h1h__B1_Q8Y6P6,0.8216993326966313,0.5,True
2gh1__A1_Q81E32--2gh1__B1_Q81E32,0.8169816245066496,0.5,True
7dl7__F1_B0VJ11--7dl7__A1_B0VJ11,0.9824692712197955,0.5,True
7yu0__B1_Q79F77--7yu0__A1_Q79F77,0.9304611910370472,0.5,True
3cbu__B1_Q473P3--3cbu__A1_Q473P3,0.921547697594459,0.5,True
3ihk__A1_Q8DVV9--3ihk__A2_Q8DVV9,0.9527261457147012,0.5,True
4y67__A1_Q8IKG4--4y67__B1_Q8IKG4,0.9424587482873914,0.5,True
6ejp__B1_P69986--6ejp__A1_P69986,0.2853803884573315,0.5,True
1poy__A1_P0AFK9--1poy__B1_P0AFK9,0.927347428854554,0.5,True
3a7o__A1_Q03818--3a7o__B1_Q03818,0.9506835454815057,0.5,True
5n47__B1_P02751--5n47__A1_P80188,0.6238011008293396,0.5,False
8ejm__A1_O43143--8ejm__B1_Q8IWZ8,0.7414825595361776,0.5,False
7jl6__A1_Q9L523--7jl6__B1_Q9L523,0.9073858960437946,0.5,True
1npd__B1_P0A6D5--1npd__A1_P0A6D5,0.9740914777138214,0.5,True
8h0h__A1_P9WLU7--8h0h__C1_P9WLU7,0.4454274485654783,0.5,True
3t8l__A1_Q7CUX4--3t8l__B1_Q7CUX4,0.861562918567877,0.5,True
7ol3__B1_Q8WXF7--7ol3__A1_Q8WXF7,0.8295738958634122,0.5,True
3ent__A1_Q2YAE2--3ent__B1_Q2YAE2,0.9430658167423541,0.5,True
2y4g__A1_D3Y1I2--2y4g__B1_D3Y1I2,0.9428583346983572,0.5,True
7ec7__A1_A0A0H2XGN0--7ec7__A2_A0A0H2XGN0,0.9886438346324253,0.5,True
2o11__A1_P9WPY1--2o11__A2_P9WPY1,0.8513193182775197,0.5,True
8abq__A1_Q13596--8abq__B1_Q9Y5X3,0.9801597274891289,0.5,False
2sak__A1_P68802--2sak__A2_P68802,0.601712040767657,0.5,True
8h5e__A1_Q5SMG8--8h5e__B1_Q5SMG8,0.9480141838778907,0.5,True
8bgm__B1_A0A5P3XKL3--8bgm__A1_A0A5P3XKM0,0.9130269337439423,0.5,False
2ps8__A1_P13513--2ps8__B1_P13513,0.970401743536889,0.5,True
6awl__A1_O75208--6awl__B1_O75208,0.9472084442565745,0.5,True
4qds__A1_O60462--4qds__B1_O60462,0.30945050061478335,0.5,True
6qky__B1_Q97P33--6qky__A1_Q97P33,0.3951200077883067,0.5,True
7nli__B1_P08405--7nli__A1_P08405,0.8282059603759975,0.5,True
8p3m__A1_W0DP94--8p3m__B1_W0DP94,0.9838301318687405,0.5,True
5v7y__A1_A0A4Y1WAP5--5v7y__B1_A0A4Y1WAP5,0.8924428682600047,0.5,True
4aps__A1_Q5M4H8--4aps__B1_Q5M4H8,0.9085929878337852,0.5,True
7ucn__A1_P50120--7ucn__B1_P50120,0.40539823809506415,0.5,True
1ni5__A1_P52097--1ni5__A2_P52097,0.9838427664222418,0.5,True
4a5o__B1_Q9I2U6--4a5o__A1_Q9I2U6,0.9764208749303404,0.5,True
8q5k__A1_A0A0H2Z7A6--8q5k__A2_A0A0H2Z7A6,0.6252576559873377,0.5,True
1ww5__A1_Q6WY08--1ww5__D1_Q6WY08,0.9909158560646034,0.5,True
7ww2__A1_A0A4Q9D6T1--7ww2__B1_A0A4Q9D6T1,0.9538139917772261,0.5,True
2pfk__A1_P0A796--2pfk__B1_P0A796,0.9404996800562496,0.5,True
1i2m__B1_P18754--1i2m__A1_P62826,0.7421561541546131,0.5,False
8i2e__A1_O34841--8i2e__B1_P54421,0.8432222479875444,0.5,False
3pfl__A1_P09373--3pfl__B1_P09373,0.9834235884457369,0.5,True
6gho__B1_Q5L1S1--6gho__A1_O31602,0.6250023006445485,0.5,False
1glj__A1_P0A6F3--1glj__B1_P0A6F3,0.9948983049868739,0.5,True
4zq8__B1_A0A0M3KL36--4zq8__A1_A0A0M3KL36,0.9423208729808181,0.5,True
5h4h__B1_O58236--5h4h__A1_O58236,0.966264049955397,0.5,True
4iv9__A1_P06617--4iv9__B1_P06617,0.9452827268541188,0.5,True
6sdk__A1_P26497--6sdk__B1_P26497,0.6420974934532511,0.5,True
2fq4__A1_Q81BJ4--2fq4__A2_Q81BJ4,0.9844037330144658,0.5,True
7zeq__B1_Q9WXT1--7zeq__A1_Q9WXT1,0.9552050734729159,0.5,True
5z5h__A1_Q2I2N4--5z5h__A2_Q2I2N4,0.9773251779852727,0.5,True
2fe1__A1_Q8ZZP3--2fe1__A2_Q8ZZP3,0.9838521272232464,0.5,True
7wik__B1_A0R1E6--7wik__A1_A0R1E6,0.9272819167240193,0.5,True
7t8o__B1_Q8Y8Y9--7t8o__A1_Q8Y8Y9,0.8966191773155252,0.5,True
7t91__A1_P08151--7t91__B1_P08151,0.047587704748626045,0.5,True
3lg6__A1_D2YW48--3lg6__B1_D2YW48,0.9716227199575158,0.5,True
2o9a__A1_P16528--2o9a__D1_P16528,0.9453865072881039,0.5,True
1zhq__A1_Q9RHG4--1zhq__B1_Q9RHG4,0.766007652181589,0.5104827163865372,True
2e0k__B1_Q8KFD9--2e0k__A1_Q8KFD9,0.944029200863197,0.5,True
6izb__A1_P13693--6izb__A2_P13693,0.8982048463913749,0.5,True
3a2f__A1_P61875--3a2f__B1_O73947,0.9761494553968986,0.5,False
3vf0__B1_Q8IY67--3vf0__A2_P18206,0.6359217558058687,0.5,False
8ehe__A1_A0A0A7KVG3--8ehe__B1_A0A1D3UUC0,0.9469682623582163,0.5,False
6hpc__A1_P67697--6hpc__B1_P67697,0.9455902195968336,0.5,True
2x3o__A1_Q9I585--2x3o__B1_Q9I585,0.8862255988350155,0.5,True
5y40__A1_P55892--5y40__B1_P55892,0.7825248260779882,0.5,True
1y42__A1_P12063--1y42__A2_P12063,0.9895837320844696,0.5,True
2e91__A1_Q12051--2e91__B1_Q12051,0.9758848043440113,0.5,True
3iuw__B1_Q8KUB7--3iuw__A1_Q8KUB7,0.9309543023267844,0.5,True
8e7y__A1_Q9RFC8--8e7y__B1_Q9RFC8,0.8590076716980054,0.5,True
4kzn__A1_P15692--4kzn__A2_P15692,0.870145692172511,0.5,True
7z7o__A1_A0A1S4NYF2--7z7o__C1_A0A1S4NYF2,0.850836124865707,0.5,True
8brp__A1_D8G6F7--8brp__B1_D8G6F7,0.9631842745174606,0.5,True
3qir__A1_Q8TC59--3qir__A2_Q8TC59,0.22614423239902615,0.5,True
8bay__A1_O75874--8bay__B1_O75874,0.9622157960040025,0.5,True
6mhm__B1_Q13510--6mhm__A1_Q13510,0.5135891632308699,0.5,True
8bj7__A1_P07598--8bj7__B1_P07603,0.8841055118319439,0.5,False
8b80__A1_W8QF82--8b80__B1_W8QF82,0.9543493647183209,0.5,True
5wxx__A1_Q9RNB4--5wxx__A2_Q9RNB4,0.9461689866046679,0.5,True
8f7l__A1_P43490--8f7l__B1_P43490,0.8961311113222263,0.5,True
3cz1__A1_Q9U9J6--3cz1__B1_Q9U9J6,0.694273096388473,0.5,True
8a0c__A1_Q2ERG0--8a0c__B1_Q2ERG0,0.89553518347314,0.5,True
5mpy__A1_Q9LPZ1--5mpy__B1_Q9LPZ1,0.6950474705796821,0.5,True
1anu__A1_Q06851--1anu__A2_Q06851,0.8099646663294432,0.5,True
3vs8__A1_C1DM33--3vs8__C1_C1DM33,0.9052753903795165,0.5,True
7zi8__A1_P27707--7zi8__A2_P27707,0.9457347285151623,0.5,True
1peu__A1_Q08698--1peu__A2_Q08698,0.9890933858603457,0.5,True
5uk5__B1_Q63722--5uk5__A1_Q07008,0.539403284437785,0.5,False
7vg5__A1_Q49135--7vg5__B1_Q49135,0.966160358626736,0.5,True
4jkz__A1_A0R6I8--4jkz__A2_A0R6I8,0.9792597667602747,0.5,True
4aa8__A1_P00794--4aa8__A2_P00794,0.9338895357248658,0.5,True
5yew__A1_Q8IWA4--5yew__B1_Q8IWA4,0.8125772283822768,0.5,True
1hf2__B1_Q9X0D7--1hf2__A1_Q9X0D7,0.9935539298363975,0.5,True
3au0__A1_Q7A382--3au0__A2_Q7A382,0.23363290144522675,0.5,True
3gif__A1_O34757--3gif__B1_O34757,0.954574091315096,0.5,True
4axv__A1_A7N805--4axv__A2_A7N805,0.9240356007824266,0.5,True
5c6u__A1_O69689--5c6u__A2_O69689,0.8907858005134222,0.5,True
4nv4__A1_A0A6L7HM74--4nv4__A2_A0A6L7HM74,0.38118283719304297,0.5,True
6axf__A1_Q7LDG7--6axf__B1_P61224,0.6796496143479903,0.5,False
5yf1__B1_Q8N4J0--5yf1__A1_Q8N4J0,0.8919912051758421,0.5,True
8j83__A1_C5ATT7--8j83__B1_C5ATT6,0.9310292783950841,0.5,False
3fjy__B1_A0ZZM4--3fjy__A1_A0ZZM4,0.9485674061527294,0.5,True
4rg1__A1_Q5T280--4rg1__B1_Q5T280,0.9651989196301417,0.5,True
1ux4__A1_P41832--1ux4__A2_P41832,0.5895515579494365,0.5,True
6rbm__A1_P0ACT4--6rbm__A2_P0ACT4,0.9299144026286799,0.5,True
7wis__A1_P46881--7wis__B1_P46881,0.928247622310177,0.5,True
5a3l__A1_A0A1A9TAD0--5a3l__C1_A0A1A9TAD0,0.5184580621136914,0.5,True
2gz4__A1_Q7D028--2gz4__C1_Q7D028,0.8350667296446591,0.5,True
7xyv__A1_Q9C0D3--7xyv__B1_Q9C0D3,0.5084695098348636,0.5,True
2f9w__A1_Q9HWC1--2f9w__B1_Q9HWC1,0.945333872244212,0.5,True
2ox1__A1_O30011--2ox1__B1_O30011,0.9927901821343421,0.5,True
2guh__A1_Q0S8Y3--2guh__B1_Q0S8Y3,0.9462939867355856,0.5,True
7br1__A1_A0A7I6N400--7br1__B1_A0A7I6N400,0.9630447805900854,0.5,True
2p04__A1_D0VWX5--2p04__B1_D0VWX5,0.9579716846004233,0.5,True
4h5b__A1_Q9RUY5--4h5b__B1_Q9RUY5,0.8800988887700955,0.5,True
4e1o__A1_P19113--4e1o__B1_P19113,0.7935510083710356,0.5,True
7pu4__B1_Q9X053--7pu4__A1_Q9X053,0.4412627046324118,0.5,True
3m1u__A1_Q72DN3--3m1u__B1_Q72DN3,0.9384253887482465,0.5,True
7qii__A1_P0C2N2--7qii__B1_P0C2N4,0.902006367375116,0.5,False
6ird__A1_Q91UZ1--6ird__B1_Q8NI35,0.5608794044030228,0.5,False
6gg2__A1_Q4WD43--6gg2__A2_Q4WD43,0.9671726783615778,0.5,True
6oei__A1_Q8KG60--6oei__A2_Q8KG60,0.9364165114061789,0.5,True
8hyi__A1_P22223--8hyi__B1_P22223,0.7468890598623126,0.5,True
4b8v__A1_B3VBK9--4b8v__A2_B3VBK9,0.8747875030514441,0.5,True
4lqb__A1_D2Q399--4lqb__B1_D2Q399,0.9388708862770915,0.5,True
2vxb__A1_P87074--2vxb__B1_P87074,0.2154615043610602,0.5,True
1t72__A1_O67053--1t72__B1_O67053,0.9710659752823266,0.5,True
3soo__A1_Q5T7N2--3soo__A2_Q5T7N2,0.7846328537553617,0.5,True
5z1o__A1_D0VWU8--5z1o__B1_D0VWU8,0.7889637728275536,0.5,True
6h40__A1_K5B7F3--6h40__A2_K5B7F3,0.9869356556832487,0.5,True
2etk__A1_Q13464--2etk__B1_Q13464,0.8964983819650394,0.5,True
2p69__A1_Q96GD0--2p69__A2_Q96GD0,0.9900853314399432,0.5,True
4doy__A1_Q6WNP1--4doy__C1_Q6WNP1,0.9487306382774661,0.5,True
6zxw__A1_O29011--6zxw__B1_A0A117KMN5,0.8867190707604566,0.5,False
3lhk__A1_Q60329--3lhk__B1_Q60329,0.9538784819633744,0.5,True
1qpa__A1_P11542--1qpa__B1_P11542,0.8505533373214829,0.5,True
6e52__A1_P03069--6e52__B1_P03069,0.9058970134752672,0.5,True
1fwl__A1_Q58504--1fwl__B1_Q58504,0.9943532699032385,0.5,True
5nkk__A1_O62301--5nkk__B1_Q9XWJ1,0.8829667020363322,0.5,False
1ygt__A1_Q94524--1ygt__A2_Q94524,0.9228470436603002,0.5,True
6p40__A1_M1GSK9--6p40__B1_M1GSK9,0.9534146960552469,0.5,True
2wyn__B1_P13482--2wyn__D1_P13482,0.9092983433442245,0.5,True
7yui__A1_P0CG48--7yui__B1_Q9BYM8,0.7889068411393211,0.5,False
8dml__B1_Q87GI3--8dml__A1_Q87GI4,0.8599445305389516,0.5,False
2oi2__A1_A0A0H2UNK6--2oi2__A2_A0A0H2UNK6,0.9319396548963856,0.5,True
4wud__A1_P0AES6--4wud__A2_P0AES6,0.9387820231026663,0.5,True
5yzj__A1_A8K0B5--5yzj__B1_A8K0B5,0.49541701518776493,0.5,True
8f61__A1_Q28943--8f61__B1_Q28943,0.8920015469534502,0.5,True
5ho3__A1_W6KHH6--5ho3__B1_W6KHH6,0.788656083669256,0.5,True
1u5i__A1_Q07009--1u5i__B1_Q64537,0.9539922016466502,0.5,False
1cmc__A1_P0A8U6--1cmc__B1_P0A8U6,0.9236583522297808,0.5,True
6oe2__A1_Q8A9F0--6oe2__A2_Q8A9F0,0.28520001916832816,0.5,True
3gzi__A1_A3QIY5--3gzi__A2_A3QIY5,0.9558108792121441,0.5,True
8pr6__B1_A0A1Q6BKH4--8pr6__A1_A0A1Q6BKH4,0.5393985290531261,0.5,True
8j64__A1_Q967S9--8j64__B1_O00816,0.4541316391672695,0.5,False
8ohw__A1_Q63T97--8ohw__B1_Q63T97,0.8557012667472432,0.5,True
5y4r__A1_O87131--5y4r__B1_Q9HVI1,0.8155746386056175,0.5,False
3ddh__A1_Q8A5Q8--3ddh__B1_Q8A5Q8,0.9773986594318544,0.5,True
8d3t__B1_A0A2K2AMS7--8d3t__A1_A0A2K2AMS7,0.5559307918368857,0.5,True
1zk8__A1_Q815X4--1zk8__B1_Q815X4,0.9781159887882882,0.5,True
2w82__A1_Q47730--2w82__B1_Q47730,0.9838049703147165,0.5,True
6l08__A1_O65896--6l08__B1_O65896,0.9649691166064063,0.5,True
4p94__B1_Q4J9K8--4p94__A1_Q4J9K8,0.9745680667262436,0.5,True
4yii__A1_O00762--4yii__B1_Q9UJX6,0.9754996315572371,0.5,False
4rus__A1_P68512--4rus__B1_P68512,0.9297247902663692,0.5,True
2o48__A1_Q9TQS6--2o48__A2_Q9TQS6,0.8505755702325304,0.5,True
7pvw__B1_P00523--7pvw__A1_P00523,0.4420587841772227,0.5,True
2wcu__A1_Q8R2K1--2wcu__B1_Q8R2K1,0.972154030414111,0.5,True
2p35__A1_Q8UH15--2p35__B1_Q8UH15,0.839028796345911,0.5,True
5jj8__A1_Q9HVB9--5jj8__A2_Q9HVB9,0.7735234049211037,0.5,True
6ije__A1_A0A083ZID3--6ije__B1_A0A083ZID3,0.8791370426241231,0.5,True
8avu__A1_Q8GPI4--8avu__A2_Q8GPI4,0.959639126305793,0.5,True
7xdu__B1_A0A1I1Z0X1--7xdu__A1_A0A1I1Z0X1,0.9847047913400857,0.5,True
1xr4__A1_Q8ZRY1--1xr4__B1_Q8ZRY1,0.9057833928208415,0.5,True
2fuq__A1_C6XZB6--2fuq__B1_C6XZB6,0.9670317290137137,0.5,True
5xrw__A1_O25306--5xrw__C1_O25674,0.9628413566383491,0.5,False
5l0o__A1_P46940--5l0o__B1_P46940,0.3027633839695914,0.5,True
2zcx__A1_Q9FBX0--2zcx__A2_Q9FBX0,0.9316549420812721,0.5,True
5way__A1_Q97P44--5way__B1_Q97P44,0.9588233483115222,0.5,True
7xey__A1_Q9SU72--7xey__B1_Q9S745,0.9206683236964055,0.5,False
4xlo__C1_Q9KHK2--4xlo__A1_Q9KHK2,0.9728541900602419,0.5,True
6kd6__B1_Q9VAA9--6kd6__A1_Q9VAA9,0.267373729746835,0.5,True
8k72__A1_Q9NWT6--8k72__A2_Q9NWT6,0.9334659088986665,0.5,True
8b5v__A1_Q4E4A3--8b5v__B1_Q4E4A3,0.9483101887275857,0.5,True
4yo3__A1_D3GUX1--4yo3__A2_D3GUX1,0.9812648177680728,0.5,True
8p8p__A1_P49773--8p8p__B1_P49773,0.915135463561036,0.5,True
6hrx__A1_O53623--6hrx__B1_O53623,0.987657677078107,0.5,True
3mdo__A1_A6LDR8--3mdo__B1_A6LDR8,0.9762226821038618,0.5,True
8iw0__A1_Q14678--8iw0__B1_Q14678,0.61735085851882,0.5,True
2rb7__A1_Q313A9--2rb7__B1_Q313A9,0.919438309129469,0.5,True
3lsj__A1_Q9HUS3--3lsj__B1_Q9HUS3,0.9062944696917533,0.5,True
8g0q__A1_P40460--8g0q__B1_P33895,0.833531094200904,0.5,False
6ms4__A1_Q9ULC4--6ms4__B1_O43583,0.8849082580639615,0.5,False
7y6b__A1_A0A411GZY8--7y6b__B1_A0A411H025,0.9138368569029102,0.4997672253258845,False
7zyt__A1_P09622--7zyt__B1_P09622,0.8700328278607166,0.5,True
7lle__A1_Q6QVT7--7lle__B1_Q6QVT7,0.9152962311715236,0.5,True
4csw__A1_D0MK34--4csw__B1_D0MK34,0.9595632854051517,0.5,True
7tev__A1_P04181--7tev__A2_P04181,0.8939566028031539,0.5,True
2hsa__B1_Q9FEW9--2hsa__A1_Q9FEW9,0.8503276693038336,0.5,True
4tsd__A1_O25673--4tsd__B1_O25673,0.9284473845244877,0.5055555555555555,True
7qh0__B1_P48499--7qh0__A1_P48499,0.9866826016812668,0.5,True
1ayf__B1_P00257--1ayf__A1_P00257,0.48425257050285975,0.5,True
3neu__A1_Q92AT3--3neu__A2_Q92AT3,0.877882882882883,0.5,True
8f9x__A1_Q5LVE1--8f9x__B1_Q5LVE1,0.9206608470180109,0.5,True
3pui__A1_Q9L9D7--3pui__A2_Q9L9D7,0.9778173762402117,0.5,True
1rqi__A1_P22939--1rqi__B1_P22939,0.9746120262132316,0.5,True
6pya__A1_P04278--6pya__A2_P04278,0.9549938909881838,0.5,True
1r27__A1_P09152--1r27__B1_P11349,0.9090163836711271,0.5,False
7zuv__A1_A0A2K3DY10--7zuv__D2_A0A2K3DY10,0.7413383519840442,0.5,True
2aho__A1_Q980A5--2aho__B1_Q97Z79,0.9547257399317857,0.5,False
6mni__A1_A0A2V0QX35--6mni__B1_A0A2V0QX35,0.9205270294191588,0.5,True
4kif__B1_Q643C8--4kif__A1_Q643C8,0.9811134631866494,0.5,True
7vyu__A1_A0A022MLV4--7vyu__B1_A0A022MLV4,0.8981765283921809,0.5,True
3g23__A1_Q2G8F3--3g23__B1_Q2G8F3,0.9702418495536393,0.5,True
3ui3__A1_O05728--3ui3__B1_O05728,0.9492321434633533,0.5,True
8ohy__A1_Q556V8--8ohy__A2_Q556V8,0.9853938166695368,0.5,True
5zgo__A1_Q5SHW6--5zgo__B1_Q5SHW6,0.8915391264018888,0.5,True
5uph__B1_Q14108--5uph__A1_Q14108,0.7509722818061368,0.5,True
6u3w__A1_P53622--6u3w__B1_P40509,0.9123956592057073,0.5,False
2gsv__B1_P71066--2gsv__A1_P71066,0.8627752508844126,0.5,True
7yh1__A1_A0A5B9DB95--7yh1__B1_A0A5B9DB95,0.9474226265603867,0.5,True
6c6r__A1_Q14534--6c6r__B1_Q14534,0.9633702138672967,0.5,True
6p4o__B1_Q970I1--6p4o__A1_Q970I2,0.9198365347430058,0.5,False
2oys__A1_A0A0H2URW2--2oys__B1_A0A0H2URW2,0.955644729863194,0.5,True
8i85__A1_D2B3F1--8i85__B1_D2B3F1,0.8073101232463413,0.5,True
2b0a__A1_Q58193--2b0a__A2_Q58193,0.9656447797432482,0.5,True
3ayh__B1_O94285--3ayh__A1_Q9C0Z9,0.8913083064612477,0.5,False
2g38__B1_Q79FE1--2g38__A1_Q7D756,0.8996350629869188,0.5,False
2z6k__A1_P15927--2z6k__C1_P35244,0.842337439049238,0.5,False
3p8b__B1_Q8TZK1--3p8b__A1_Q8U440,0.8665541276410369,0.5,False
6z68__A1_A0A1M6Y2K1--6z68__B1_A0A1M6Y2K1,0.9309625413365498,0.5,True
5yz5__A1_Q16555--5yz5__A2_Q16555,0.88691624635649,0.5,True
6dk9__A1_A7A1Y4--6dk9__A2_A7A1Y4,0.9657455469240427,0.5,True
2p19__A1_Q8NTZ4--2p19__C1_Q8NTZ4,0.9653318175260008,0.5,True
8ai1__B1_Q45595--8ai1__A1_Q45595,0.939223084184538,0.5,True
7px0__B1_Q9VF53--7px0__A1_Q9VF53,0.9691672887920704,0.5,True
4cmz__B1_Q9BXM0--4cmz__A1_Q9BXM0,0.017526300815245248,0.5,True
8gyz__B1_Q93ZE2--8gyz__A1_Q93ZE2,0.962990078539544,0.5,True
2ikb__A1_Q7DDI9--2ikb__C1_Q7DDI9,0.9861317024956758,0.5,True
7zam__A1_Q07666--7zam__B1_Q07666,0.489761722131942,0.5,True
3egv__A1_Q84BQ9--3egv__B1_Q5SLP6,0.8929170460336782,0.5,False
2g9w__A1_P9WMJ5--2g9w__B1_P9WMJ5,0.9336873615629142,0.5,True
2afv__A1_Q8EXP7--2afv__B1_Q8EXP7,0.9503178978518656,0.5,True
7w93__A1_A0A140N873--7w93__A2_A0A140N873,0.9839634709262912,0.5,True
1wl3__B1_Q9X1M1--1wl3__A1_Q9X1M1,0.9690611981222945,0.5,True
4kbx__A1_P45550--4kbx__A2_P45550,0.9386183849060483,0.5,True
8brn__C1_P80366--8brn__A1_P80366,0.9274511479174157,0.5,True
8h5a__A1_P67661--8h5a__B1_P67661,0.8876298509326033,0.49999436467326375,True
8b4l__B1_D5SK09--8b4l__A1_D5SK09,0.8464936701855519,0.5,True
1nrj__B1_P36057--1nrj__A1_P32916,0.8908574283532189,0.5,False
4rdw__A1_Q9HU77--4rdw__A2_Q9HU77,0.9507419001066951,0.5,True
7vpr__A1_Q6FX18--7vpr__B1_Q6FX18,0.7704311499353903,0.5,True
5a6k__A1_A0A0H2US73--5a6k__B1_A0A0H2US73,0.9881328048447325,0.5,True
7ucd__B1_P17535--7ucd__A1_P53539,0.8189597444252982,0.5,False
1qc9__A1_P00642--1qc9__A2_P00642,0.8923383220121869,0.5,True
3ooc__A1_P77239--3ooc__B1_P77239,0.8756353543600319,0.5,True
8pm1__A1_B8GAY9--8pm1__B1_B8GAY9,0.9483543231975191,0.5,True
1vbg__A1_P11155--1vbg__A2_P11155,0.9742670438491144,0.5,True
4ovo__A1_P67954--4ovo__A2_P67954,0.9033537613296048,0.5,True
2qgs__A1_A0A0H2VIU2--2qgs__B1_A0A0H2VIU2,0.9570952776181659,0.5,True
8bol__A1_Q04609--8bol__A2_Q04609,0.9722516229127065,0.5,True
3mii__B1_Q08914--3mii__A1_Q08914,0.9467149909381632,0.5,True
3i23__A1_Q835X4--3i23__B1_Q835X4,0.8900703834571541,0.5,True
3itf__A1_P0AE85--3itf__B1_P0AE85,0.7633728836282847,0.5,True
6mw5__A1_K3WC47--6mw5__A2_K3WC47,0.9269157670849781,0.5,True
5vht__A1_P0A9J8--5vht__B1_P0A9J8,0.987353079233863,0.5,True
6j6x__B1_P53611--6j6x__A1_Q7Z6K3,0.8835618752830022,0.5,False
4tvb__A1_O32323--4tvb__B1_O32323,0.9434212341056301,0.5,True
3jyu__A1_P35123--3jyu__B1_P35123,0.5746825360400402,0.5,True
8dtc__A1_L8GT25--8dtc__B1_L8GT25,0.846808669736881,0.5,True
8fny__A1_O00418--8fny__B1_P0DP23,0.7324819175578029,0.5,False
7v0b__A1_A0A1E7MYN1--7v0b__B1_A0A1E7MYN1,0.968967461952895,0.5,True
2vvo__A1_P9WKD7--2vvo__B1_P9WKD7,0.9041469418170335,0.5,True
5yjh__A1_Q15063--5yjh__A2_Q15063,0.8475824273045881,0.5,True
2z5e__A1_Q9BT73--2z5e__B1_Q9BT73,0.9285928061755205,0.5,True
1a8l__A1_Q51760--1a8l__A2_Q51760,0.9872546137514291,0.5,True
8h0r__A1_Q9WVJ5--8h0r__B1_Q9WVJ5,0.24893628575661475,0.5,True
2j7j__A1_P03001--2j7j__A2_P03001,0.5123875281805347,0.5,True
7zbg__A1_Q02880--7zbg__A2_Q02880,0.722678625069177,0.5,True
1rku__A1_Q9I2Y2--1rku__B1_Q9I2Y2,0.9563454004534415,0.5,True
2wvl__A1_Q72K30--2wvl__B1_Q72K30,0.8870942351304806,0.5,True
8ewa__B1_Q9HW02--8ewa__A1_Q9HW02,0.9747595110111502,0.5,True
2ft0__A1_Q8FBQ3--2ft0__B1_Q8FBQ3,0.9383532367853722,0.5,True
2r01__A1_Q8KFI1--2r01__A2_Q8KFI1,0.9147683670584433,0.5,True
8hno__A1_B6YTS4--8hno__B1_B6YTS4,0.935075257604134,0.5,True
6x88__A1_P52731--6x88__B1_P52731,0.9741126265737152,0.5,True
2x76__A1_Q939Q9--2x76__A2_Q939Q9,0.9926458497036097,0.5,True
7x2p__A1_Q5ZWH7--7x2p__B1_Q5ZWH7,0.6468687758296998,0.5,True
2aeu__A1_Q57622--2aeu__A2_Q57622,0.9827490882112941,0.5,True
5kbg__A1_Q43965--5kbg__B1_Q43965,0.9646400164085736,0.5,True
4p9g__A1_Q9REI7--4p9g__A2_Q9REI7,0.951311993207998,0.5,True
7tcv__A1_Q60932--7tcv__A2_Q60932,0.9003473579326252,0.5,True
7vkb__A1_Q5ZSZ6--7vkb__B1_Q5ZSZ7,0.8021324320278123,0.5,False
7r2p__A1_Q46877--7r2p__A2_Q46877,0.8494474681162992,0.5,True
6ggl__B1_C9K1X5--6ggl__A1_C9K1X5,0.910036412909198,0.5,True
7yi7__A1_Q9Y251--7yi7__B1_Q9Y251,0.3441566302209629,0.5,True
7yka__B1_Q9Y3D6--7yka__A1_Q9Y3D6,0.4095412040489055,0.5,True
8jea__A1_K1QRB6--8jea__D1_K1QRB6,0.9293203756421583,0.5,True
8huc__C1_A0A0H2Z790--8huc__A1_A0A0H2Z790,0.9486527059644984,0.5,True
5mpr__A1_O15382--5mpr__A2_O15382,0.9466687405800149,0.5,True
4ooj__B1_Q5ZSK6--4ooj__A1_Q5ZSK6,0.7947325220530389,0.5,True
8a5v__A1_Q9Y617--8a5v__C1_Q9Y617,0.9371167188024613,0.5,True
3lm2__A1_A9CH74--3lm2__B1_A9CH74,0.9327180287177864,0.5,True
7zwt__A1_P41182--7zwt__A2_P41182,0.6450196375164428,0.5,True
5zwl__B1_Q8DLU1--5zwl__A1_Q8DLG7,0.8445829309403156,0.5,False
6wmz__A1_P23246--6wmz__B1_Q15233,0.5180926754231077,0.5,False
1i4m__A1_P04156--1i4m__A2_P04156,0.27096478589212447,0.5,True
2gjg__A1_Q88EQ6--2gjg__A2_Q88EQ6,0.8869721980492404,0.5,True
4ghm__A1_Q9KTK0--4ghm__B1_Q9KTK0,0.9040570514235269,0.5,True
1tve__A1_P31116--1tve__B1_P31116,0.9735061856950917,0.5,True
3onx__A1_P41697--3onx__B1_P41697,0.6785262240030785,0.5,True
8cp4__A1_Q6LXV7--8cp4__A2_Q6LXV7,0.9601077725767581,0.5,True
1ob9__A1_Q97YX6--1ob9__A2_Q97YX6,0.971416615506338,0.5,True
7zcc__B1_P46327--7zcc__A1_P46327,0.9718730577968844,0.5,True
4kwd__A1_Q9UR08--4kwd__B1_Q9UR08,0.9750549038079893,0.5,True
7wuy__A1_A0A1R3S1W7--7wuy__B1_A0A1R3S1W7,0.9378973467997445,0.5,True
5gtw__A1_I3NX86--5gtw__D1_I3NX86,0.9650140640558825,0.5,True
6loh__A1_O15033--6loh__A2_O15033,0.8698879884116207,0.5,True
3a9y__A1_Q68FT9--3a9y__B1_Q68FT9,0.9703770557531706,0.5,True
8ay6__B1_Q9CAJ0--8ay6__A1_A0A067E666,0.8924882662094938,0.5,False
8u5m__A1_Q8TF42--8u5m__F1_Q8TF42,0.9716021715077158,0.5,True
7twa__D1_F8JJ25--7twa__A1_F8JJ25,0.9930293053985959,0.5,True
8fju__B1_P34897--8fju__A1_P34897,0.8915779781748019,0.5,True
1fjj__A1_P12994--1fjj__A2_P12994,0.9319280791462872,0.5,True
8iyi__A1_Q6CVU4--8iyi__B1_Q6CVU4,0.9612497947687029,0.5,True
1uus__A1_O00910--1uus__A2_O00910,0.7955817030648932,0.5,True
1zt2__A1_Q97Z83--1zt2__C1_Q9UWW1,0.9843883004514746,0.5,False
7uex__A1_Q9H999--7uex__A2_Q9H999,0.9263249662975761,0.5,True
6jqy__A1_P9WF13--6jqy__B1_P9WF13,0.9711169115751482,0.5166666666666667,True
6l6w__A1_A0A3B6UEU3--6l6w__A2_A0A3B6UEU3,0.981706710140132,0.5,True
8grj__B1_Q8GQE7--8grj__A1_A0A0H3KLY3,0.9359882368743125,0.5,False
2j0n__B1_P18013--2j0n__A1_P18013,0.5578045168652235,0.5,True
3rq1__A1_D1BN29--3rq1__C1_D1BN29,0.9384262995130297,0.5,True
5ae6__B1_Q92458--5ae6__A1_Q92458,0.9224298212433454,0.5,True
7qi3__A1_W7NDP8--7qi3__C1_W7NDP8,0.9509086938985525,0.5,True
2yve__A1_Q8NMG3--2yve__B1_Q8NMG3,0.9298012140348363,0.5,True
5ynx__A1_B2GM84--5ynx__B1_B2GM84,0.8790418236340704,0.5,True
2r6u__A1_Q0S814--2r6u__C1_Q0S814,0.8708896769193374,0.5,True
8b6m__A1_Q9H2K2--8b6m__B1_Q9H2K2,0.3605732960052074,0.5,True
3kc2__A1_P36151--3kc2__B1_P36151,0.9807202465585214,0.5,True
3vp5__A1_Q9CHR1--3vp5__A2_Q9CHR1,0.966772514619883,0.5,True
7pvh__A1_B2RLE7--7pvh__B1_B2RLE7,0.624377703203699,0.5,True
4nqf__B2_Q7CW19--4nqf__A1_Q7CW19,0.9897049927270514,0.5,True
1vjh__A1_P0C0B0--1vjh__B1_P0C0B0,0.943069545908023,0.5,True
5xw4__B1_Q00684--5xw4__A1_Q00684,0.7231663528513868,0.5,True
8aai__A1_O00560--8aai__C1_O00560,0.5817180244353275,0.5,True
4xdl__A1_P57789--4xdl__B1_P57789,0.8555399393290231,0.5,True
6ukl__A1_P0A901--6ukl__F1_P0A901,0.25562331957695705,0.5,True
5dot__A1_P31327--5dot__B1_P31327,0.8697697837268091,0.5,True
5by4__A1_P0ABV6--5by4__A2_P0ABV6,0.9529231910458669,0.5,True
7zxs__A1_Q86TI2--7zxs__C1_Q86TI2,0.9542507605878231,0.5,True
1v6u__A1_Q7SI98--1v6u__B1_Q7SI98,0.8937321126686042,0.5,True
6e27__A1_Q9H257--6e27__B1_Q9H257,0.1493057413048195,0.5,True
7szd__A1_Q96S44--7szd__B1_Q9Y3C4,0.9506069417088323,0.5,False
1h9r__A1_P0A9G8--1h9r__B1_P0A9G8,0.853694110925724,0.5,True
3on6__A1_A7M0J6--3on6__B1_A7M0J6,0.9447556209246826,0.5,True
8fwy__A1_Q4DGA2--8fwy__B1_Q4DGA2,0.9376433849773638,0.5,True
1yu6__A1_P00780--1yu6__C1_P68390,0.9386020161867683,0.5,False
6ek1__A1_A0A452CST7--6ek1__A2_A0A452CST7,0.9543331254974122,0.5036180446903886,True
6ckj__A1_P0A0Z8--6ckj__A2_P0A0Z8,0.9822231643135794,0.5,True
1w33__A1_O50957--1w33__B1_O50957,0.3478199811830144,0.5,True
4usk__B1_H7C745--4usk__B2_H7C745,0.9312979077329455,0.5,True
6cmv__B1_Q4J9G1--6cmv__A1_Q4J9G1,0.983482646443143,0.5,True
7y70__A1_F4KCC2--7y70__A2_F4KCC2,0.5857039230291265,0.5,True
3cwx__A1_P94837--3cwx__B1_P94837,0.9153738321269382,0.5,True
3p1y__A1_O29362--3p1y__B1_O29362,0.873197959978208,0.5,True
8a8i__A1_Q9R9V9--8a8i__B1_Q9R9V9,0.9908499178233773,0.5,True
5d1l__A1_P62837--5d1l__B1_Q96BH1,0.7969935039560645,0.5,False
8og3__A1_P38489--8og3__B1_P38489,0.9408020254510868,0.5,True
4neh__A1_P20702--4neh__B1_P05107,0.8785648120706065,0.5,False
2prv__A1_O34596--2prv__B1_O34596,0.9631116705732558,0.5,True
6kvn__A1_A0A1S4CVP6--6kvn__A2_A0A1S4CVP6,0.9411630061864064,0.5,True
5tgq__A1_A0A1S4NYF7--5tgq__A2_A0A1S4NYF7,0.988684239169676,0.5,True
6b3i__A1_P27216--6b3i__B1_P27216,0.5330010233878406,0.5,True
1rqn__A1_O31156--1rqn__B1_O31156,0.9981140499079961,0.5,True
7tcr__A1_A0A2D2D5M1--7tcr__D1_A0A2D2CY73,0.9307343252444702,0.5,False
5l7z__A1_P28750--5l7z__A2_P28750,0.8147410903224163,0.5,True
7ljh__A1_Q769D3--7ljh__B2_Q769D3,0.9862666545114063,0.5,True
5frk__A1_D4I047--5frk__B1_D4I047,0.8756096617044192,0.5,True
7xmw__B1_U2Q5N5--7xmw__A1_U2Q5N5,0.4048656098226065,0.5,True
7w2o__A1_Q9HZP1--7w2o__B1_Q9HZP1,0.9842133898434884,0.5,True
7uay__A1_P08684--7uay__A2_P08684,0.9971942627218079,0.5,True
5czf__D1_A0A0H3JHG3--5czf__A1_Q8XAD5,0.7721526465028355,0.5,False
2p6p__A1_Q9RPA7--2p6p__B1_Q9RPA7,0.8451115396845666,0.5,True
4u64__A1_Q5ZXA3--4u64__A2_Q5ZXA3,0.9805610854851547,0.5,True
7qbm__A1_P43235--7qbm__B1_P43235,0.4487093724394394,0.5,True
3nvm__A1_Q8U4M1--3nvm__B1_Q8U4M2,0.891108856391664,0.5,False
3wws__A1_Q13188--3wws__D1_Q13188,0.8910638553201703,0.5,True
4c87__A1_F9UMG7--4c87__B1_F9UMG7,0.8661814131196357,0.5,True
2d7e__A1_P17888--2d7e__B1_P17888,0.42494206726225453,0.5,True
7xro__A1_Q9RQ20--7xro__B1_Q9RQ20,0.7758534712760241,0.5,True
5yrj__A1_B6F0T7--5yrj__B1_A0A2Z5V8U8,0.9564622696186392,0.5,False
6yev__C1_P0A744--6yev__A1_P0AA25,0.8962195339336214,0.5,False
8glr__A1_Q8ZJX7--8glr__A2_Q8ZJX7,0.9033078272462645,0.5,True
5fwt__A1_Q96MU8--5fwt__A2_Q96MU8,0.7268891022757478,0.5,True
4e6s__A1_Q3URR7--4e6s__A2_Q3URR7,0.6914330433362545,0.5,True
8enb__B1_A7DT38--8enb__A1_A0T3A2,0.836491583890318,0.5,False
8h4p__A1_I1S104--8h4p__B1_I1S104,0.933463894528629,0.5,True
7yo8__A1_P60520--7yo8__A2_P60520,0.7064109146922907,0.5,True
8elf__B1_Q6DYE4--8elf__A1_Q6DYE4,0.8320301313070604,0.5,True
1ax2__A1_P16404--1ax2__A2_P16404,0.958243071655224,0.5,True
8i33__C1_A0A6Q8PFJ0--8i33__A1_A0A6Q8PFJ0,0.8888421339024851,0.5,True
3q9l__A1_P0AEZ3--3q9l__B1_P0AEZ3,0.9245562122208701,0.5,True
2yk4__A1_P72097--2yk4__A2_P72097,0.4850086554900694,0.5,True
7u5f__C1_Q9HTM2--7u5f__A1_Q9HTM2,0.9735908020621287,0.5,True
5xt3__B1_A0A0U1MUE2--5xt3__A1_A0A0U1MUE2,0.925786213014365,0.5,True
5iws__A1_Q63GK8--5iws__A2_Q63GK8,0.950792496820254,0.5,True
2owl__A1_P36767--2owl__B1_P36767,0.8840405317200866,0.5,True
8bca__A1_O75643--8bca__B1_Q6P2Q9,0.7791985028451356,0.5,False
3mcb__B1_P20290--3mcb__A1_Q13765,0.9117820049635055,0.5,False
8gy8__A1_Q8TZT0--8gy8__B1_Q8TZT0,0.9609130616080033,0.5,True
8dkd__A1_G7CIP4--8dkd__A2_G7CIP4,0.963838997589196,0.5,True
7dus__A1_P08965--7dus__A2_P08965,0.12225975615538723,0.5,True
8gb1__A1_Q9Y3Z3--8gb1__B1_Q9Y3Z3,0.9350687860401122,0.5,True
6ikj__A1_Q9I4L6--6ikj__B1_Q9I4L6,0.7019571691958588,0.5,True
8b2q__A1_D0EM77--8b2q__B1_G8UM88,0.734964766472133,0.5,False
5x42__A1_Q5ZYB7--5x42__B1_Q5ZYC6,0.9333390858821702,0.5,False
1vkh__A1_Q04066--1vkh__B1_Q04066,0.9386966101965544,0.5,True
5omd__A1_Q04377--5omd__A2_Q04377,0.88885441431266,0.5,True
2vsg__A1_P26329--2vsg__B1_P26329,0.9449296657568068,0.5,True
1jql__A1_P0A988--1jql__B1_P28630,0.9891365691298595,0.5,False
1w9c__A1_O14980--1w9c__B1_O14980,0.39441392635085326,0.5,True
3upl__A1_Q2YIM3--3upl__B1_Q2YIM3,0.979114597748061,0.5,True
3tm2__A1_Q83XN4--3tm2__B1_Q83XN4,0.9000318257454568,0.5,True
3kxa__A1_Q5F9C2--3kxa__B1_Q5F9C2,0.8482029437130428,0.5,True
7yls__B1_C5CSP6--7yls__A1_C5CSP7,0.9308644070993417,0.5,False
7psg__A1_Q6D515--7psg__B1_Q6D515,0.9168859473429257,0.5,True
8pte__A1_P00698--8pte__A2_P00698,0.862584204323818,0.5,True
7ykc__A1_P14843--7ykc__B1_P14843,0.9631019035836859,0.5,True
3wxe__A1_E7FEV5--3wxe__B1_P0CG48,0.7271294704264308,0.5,False
2vjf__A1_Q00987--2vjf__B1_O15151,0.7196966543703507,0.5,False
7pvo__A1_P56137--7pvo__A2_P56137,0.9658894951510819,0.5,True
3kkd__A1_Q9HXU1--3kkd__A2_Q9HXU1,0.9666275036271527,0.5,True
3mph__A1_P19801--3mph__B1_P19801,0.9049203731260788,0.5,True
6jc4__A1_A6TE44--6jc4__D1_A6TE44,0.9331843103035468,0.5,True
2rf4__A1_P46669--2rf4__B1_P50106,0.9023677536638464,0.5,False
4huz__A1_Q9ZBB0--4huz__A2_Q9ZBB0,0.9126173873234786,0.5,True
5gtj__B1_Q9BV47--5gtj__A1_Q9BV47,0.49272301946913877,0.5,True
2xw7__A1_A0QP85--2xw7__B1_A0QP85,0.9227703297423582,0.5,True
6l6h__A1_Q5ZZ22--6l6h__B1_Q5ZZ22,0.9542941879647604,0.5,True
8p7m__A1_P0A434--8p7m__A2_P0A434,0.9383641834060272,0.5,True
6gou__A2_P97275--6gou__C1_P97275,0.8857607952299983,0.5,True
2wwo__A1_Q66ED7--2wwo__B1_Q66ED7,0.9684152663027643,0.5,True
8i3n__A1_Q12178--8i3n__C1_Q12178,0.9398436906170936,0.5,True
1s7i__A1_Q9I3Z5--1s7i__A2_Q9I3Z5,0.8792253074206531,0.5,True
3szw__A1_B7JBP8--3szw__A2_B7JBP8,0.9350937028177023,0.5,True
2nys__A1_Q8U561--2nys__B1_Q8U561,0.9634063192988052,0.5,True
3gr5__A1_O52135--3gr5__A2_O52135,0.6772917684198745,0.5,True
3ded__A1_Q7P1I2--3ded__B1_Q7P1I2,0.7982067181015234,0.5,True
5b5x__A1_Q75NZ1--5b5x__A2_Q75NZ1,0.5562372589682515,0.5,True
7qga__A1_P21589--7qga__A2_P21589,0.9773810764626754,0.5,True
3sd2__A1_Q8A1T7--3sd2__A2_Q8A1T7,0.6020472698430369,0.5,True
8ow9__A1_G8UQH9--8ow9__B1_G8UQH9,0.9519525701132397,0.5,True
3bcw__B1_A0A0H3LK92--3bcw__A1_A0A0H3LK92,0.9037125767378815,0.4999661131819722,True
6duy__A1_Q61301--6duy__B2_Q61301,0.5442165994922972,0.5,True
5zyf__A1_Q99ZW0--5zyf__B1_Q99ZW0,0.8261008524314636,0.5,True
2b7o__A1_O53512--2b7o__B1_O53512,0.9494879882258664,0.5,True
1v57__A1_P77202--1v57__A2_P77202,0.9469190890345294,0.5,True
7cov__A1_Q06801--7cov__A2_Q06801,0.9051789493435746,0.5,True
6ign__A1_Q61768--6ign__A2_Q61768,0.9385832558064046,0.5,True
3be5__A1_Q8XBR1--3be5__B1_Q8XBR1,0.8571199517042754,0.5,True
4hn3__B1_Q8Y6D1--4hn3__A1_Q8Y6D1,0.8970048946701676,0.5,True
4o8y__A1_Q08723--4o8y__B1_P43588,0.9078310641796417,0.5,False
7uoi__A1_A0A1S8KJG1--7uoi__A2_A0A1S8KJG1,0.9799151465657016,0.5,True
7vma__A1_C5A758--7vma__A2_C5A758,0.9878787939587147,0.5,True
7d9m__A1_A0A4D6NYT7--7d9m__B2_A0A4D6NYT7,0.8673147448279722,0.5,True
2py8__C1_Q55670--2py8__B1_Q55670,0.8829384279027916,0.5,True
7ytl__A1_E1BR24--7ytl__A2_E1BR24,0.8226542421728393,0.5,True
7vxt__A1_Q63W52--7vxt__B1_Q63W52,0.6300951176004604,0.5,True
5cv3__A1_E3M3V1--5cv3__A2_E3M3V1,0.6990882298028651,0.5,True
8c9v__A1_Q1JXV1--8c9v__A2_Q1JXV1,0.9785208418129145,0.5,True
3tsn__A1_Q9PN58--3tsn__B1_Q9PN58,0.9691484636998097,0.5,True
8j51__A1_A0A0E9MUN5--8j51__B1_A0A0E9MUN5,0.9002267236082964,0.5,True
6cz9__A1_Q7WTU0--6cz9__B1_Q7WTT9,0.9128257726440745,0.5,False
8pzo__A1_F9UT68--8pzo__A2_F9UT68,0.9371493679127557,0.5,True
3tqg__B1_Q83DG4--3tqg__A1_Q83DG4,0.9381751363659974,0.5,True
7czg__C1_Q8TDY2--7czg__A1_Q8TDY2,0.7507498545725614,0.5,True
7eev__B1_A0A3D9R4E8--7eev__A1_A0A3D9R4E8,0.8779129448294534,0.5,True
8ori__A1_Q2KB35--8ori__B1_Q2KB35,0.8914840858653263,0.5,True
7o6z__A1_A0A7R8L7W4--7o6z__B1_A0A7R8L7W4,0.9402756590559784,0.5,True
8pmr__A1_Q4WL81--8pmr__B1_Q4WL81,0.736103663824632,0.5,True
7u34__A1_Q4X1J1--7u34__A2_Q4X1J1,0.9510801542555579,0.5,True
3fmy__A1_Q46864--3fmy__A2_Q46864,0.9444512825562503,0.5,True
7f0o__B1_A0A2I1C3W8--7f0o__A1_A0A2I1C3W8,0.9529703892024008,0.5,True
3ojm__B1_P21802--3ojm__A1_P05230,0.6702082006087634,0.5,False
6xgz__A1_P63386--6xgz__B1_P64602,0.948860282523793,0.5,False
7x2y__A1_A0A076PYH9--7x2y__B1_A0A076PYH9,0.9870570857205565,0.5,True
5i4h__B1_P07711--5i4h__A1_P07711,0.26328542306061165,0.5,True
4e6h__A1_Q6CII8--4e6h__A2_Q6CII8,0.9330701645174455,0.5,True
6x7p__A1_Q8GGP1--6x7p__A2_Q8GGP1,0.951951513403012,0.5,True
3exq__A1_Q03S37--3exq__A2_Q03S37,0.9226810041563576,0.5,True
2qvc__A1_Q9WXW9--2qvc__B2_Q9WXW9,0.9817279300821642,0.5,True
6yoa__A1_O82015--6yoa__B1_O82015,0.9483883622098724,0.5,True
7qnm__A1_G0L7V6--7qnm__B1_G0L7V6,0.9858010522532843,0.5,True
3p8v__A1_Q9V228--3p8v__B1_Q9V228,0.9730759506217614,0.5,True
4re1__A1_P28347--4re1__D1_P46937,0.4424555743946794,0.5,False
8iw5__A1_Q8C8U0--8iw5__B1_Q8C8U0,0.8612770359095031,0.5,True
7sq2__B1_Q01970--7sq2__A1_P21279,0.8344384564966848,0.5,False
4lqx__B1_Q97VD2--4lqx__A1_Q97VD2,0.991809347241152,0.5,True
3owf__A1_P00644--3owf__A2_P00644,0.47710205303455955,0.5,True
2dpl__A1_O59072--2dpl__B1_O59072,0.9738723649317893,0.5,True
4ap5__A1_Q9Y2G5--4ap5__B1_Q9Y2G5,0.8807041506972193,0.5,True
8evy__A1_Q9LCT6--8evy__A2_Q9LCT6,0.9973652152125171,0.5,True
5npo__A1_P62593--5npo__B1_D3INY1,0.7868292482546209,0.5,False
5uhs__A1_B0SR19--5uhs__B1_B0SR19,0.8263037916720587,0.5,True
4hsl__A1_Q1LCS4--4hsl__A2_Q1LCS4,0.9724193594801513,0.5,True
8b3s__A1_O31597--8b3s__B1_A0A164W157,0.9062868658433961,0.5,False
5euv__A1_D1LZK0--5euv__B1_D1LZK0,0.9360981195809307,0.5,True
7tmg__A1_A0A0H3GLR2--7tmg__B1_A0A0H3GLR2,0.9708089184231573,0.5,True
7tgn__B1_A0A1Q5L7T0--7tgn__A1_A0A1Q5L7T0,0.985560119894519,0.5,True
4fz2__A1_C7DIA5--4fz2__B1_C7DIA5,0.9434340023545473,0.5,True
6j2l__A1_P37793--6j2l__B1_P37793,0.9317892847933064,0.5,True
5grk__A1_Q89XR0--5grk__B1_Q89XR0,0.9577728017569367,0.5,True
3qxs__A1_O24872--3qxs__A2_O24872,0.9648987491942899,0.5,True
8q3y__A1_E8URK0--8q3y__B1_E8URK0,0.96670317762762,0.5,True
1pyb__A1_O66738--1pyb__B1_O66738,0.9106355136609073,0.49975464136746545,True
7yto__A1_Q9RHU9--7yto__B1_Q9RHU9,0.9488097991835437,0.5,True
5vae__A1_Q9AET9--5vae__B1_Q9AET7,0.8877231193014214,0.5,False
1zrs__A1_Q9HTZ1--1zrs__B1_Q9HTZ1,0.9621529494192672,0.5,True
2cg5__A1_Q9NRN7--2cg5__B1_P49327,0.7788964147334698,0.5,False
4yk8__B1_O36019--4yk8__A1_O13978,0.5493700064416012,0.5,False
2iml__A1_O28442--2iml__C1_O28442,0.9452698106375858,0.5,True
6iru__A1_Q9RVF9--6iru__A2_Q9RVF9,0.9889816585524096,0.5,True
4x36__A1_P06653--4x36__A2_P06653,0.9910557887489415,0.5,True
8iev__A1_Q0PAW2--8iev__B1_Q0PAW2,0.9475173335965754,0.5,True
3cyg__A1_A7HM60--3cyg__B1_A7HM60,0.6140091074681239,0.5,True
5kvr__A1_P0ACL9--5kvr__A2_P0ACL9,0.933612670252054,0.5,True
1na8__A1_Q9UJY5--1na8__B1_Q9UJY5,0.6479338833900764,0.5,True
5fis__A1_H9IUR0--5fis__B1_H9IUR0,0.9151301681005322,0.5,True
5yo8__A1_A0A094YZ24--5yo8__B1_A0A094YZ24,0.9909946066621584,0.5,True
7z6m__A1_A0A0H3LM39--7z6m__A2_A0A0H3LM39,0.9522021117455661,0.5,True
2yxd__A1_Q57836--2yxd__B1_Q57836,0.9474880282954534,0.5,True
1aua__A1_P24280--1aua__A2_P24280,0.9927141458834469,0.5,True
7zw3__A1_P27338--7zw3__B1_P27338,0.8572909653692589,0.5,True
5xjx__I1_C0LGW6--5xjx__A1_Q9SSD1,0.5680904708533062,0.5,False
7xub__A1_Q96KQ7--7xub__B1_Q96KQ7,0.6500377566412231,0.5,True
5xlu__A1_Q65KZ6--5xlu__B1_A9YTT0,0.37450819330171614,0.5,False
8smq__A1_Q182N1--8smq__B1_Q182N1,0.35809337273778946,0.5,True
8eni__A1_A0A0H3JRH8--8eni__A2_A0A0H3JRH8,0.9625236595408182,0.5,True
1q77__A1_O66565--1q77__B1_O66565,0.9438515760754189,0.5,True
6nbp__A1_A0A4P1LYI6--6nbp__A2_A0A4P1LYI6,0.9909558008306995,0.5,True
4wu2__A1_Q7WUJ1--4wu2__B1_Q7WUJ1,0.8891032872087972,0.5,True
2nvn__A1_Q31MH7--2nvn__A2_Q31MH7,0.8262839879154078,0.5,True
3zyh__A1_Q05097--3zyh__B1_Q05097,0.9527900672897638,0.5,True
8a21__A1_A0QJI1--8a21__A2_A0QJI1,0.9774255947799602,0.5,True
8ho2__A1_A0A191T7N6--8ho2__B1_A0A191T7N6,0.827893234290784,0.5,True
2j8q__A1_O43809--2j8q__B1_O43809,0.7937440536758952,0.5,True
1cx8__A1_P02786--1cx8__B1_P02786,0.9235315747185061,0.5,True
5zfk__A1_Q31LX1--5zfk__B1_Q31LX1,0.980341871110217,0.5,True
2qti__A1_Q8EF26--2qti__A2_Q8EF26,0.8970462469574368,0.5128205128205128,True
5djo__B1_Q9EQW7--5djo__A1_Q9EQW7,0.353104747986596,0.5,True
1kve__B1_P19972--1kve__A1_P19972,0.35589298558191795,0.5,True
4kjq__A1_P37019--4kjq__B1_P37019,0.9241113904683509,0.5,True
8qyw__A1_Q9NVS9--8qyw__A2_Q9NVS9,0.8346680584136662,0.5,True
7t1e__A1_P78556--7t1e__B1_P78556,0.7335281584705746,0.5,True
2ev4__A1_P9WMU9--2ev4__B1_P9WMU9,0.9761186726718654,0.5,True
4m1j__A1_Q9I194--4m1j__B1_Q9I194,0.3641467458255132,0.5,True
8bj3__A1_A0A072U7F9--8bj3__B1_A0A072U7F9,0.9486473760474089,0.5,True
5fcl__A1_Q6D0X0--5fcl__B1_Q6D0X0,0.9486089004543942,0.5,True
2evr__A1_B2J9B4--2evr__A2_B2J9B4,0.5387426021482321,0.5,True
4ftw__A1_Q3J2V1--4ftw__A2_Q3J2V1,0.921370314449799,0.5,True
2q6q__B1_P36094--2q6q__A1_P36094,0.9189116960421586,0.5,True
8hx8__A1_Q6L8Q5--8hx8__B1_Q6L8Q5,0.9407554327298827,0.5,True
7zgn__A1_U6RE59--7zgn__B1_U6RE59,0.9331102700541397,0.5,True
7fiw__A1_B3CP63--7fiw__B1_Q73HD5,0.7447366684350841,0.5,False
4xd9__A1_C8VMF9--4xd9__B1_Q5B6T5,0.8710013609787985,0.5,False
3dme__A1_Q7VU70--3dme__B1_Q7VU70,0.8839151744053612,0.5,True
8d0m__A1_P28907--8d0m__A2_P28907,0.7037678603194368,0.5,True
2w6a__A1_Q9Z272--2w6a__B1_Q9Z272,0.9126804387491947,0.5,True
6oje__B1_Q5S007--6oje__A1_Q5S007,0.19505422309503467,0.5,True
7mu0__A1_P9WQK3--7mu0__B1_P9WQK3,0.3239934731781329,0.5,True
4az3__A1_P10619--4az3__B1_P10619,0.39508642793027016,0.5,True
7ug8__B1_Q0I6F8--7ug8__A1_Q0I6F8,0.9020100636984072,0.5,True
6mxv__B1_Q5NFU2--6mxv__A1_Q5NFU2,0.7974823653101133,0.5,True
8ug3__B1_P50053--8ug3__A1_P50053,0.9787448921319617,0.5,True
4atm__A1_P49418--4atm__A2_P49418,0.7619323812240787,0.5,True
7x6f__B1_P0AD45--7x6f__A1_P0AD45,0.9874750104515257,0.5,True
5n0s__B1_A0A2R2JFI5--5n0s__A1_A0A2R2JFI5,0.8527571666486258,0.5,True
6m9g__A1_Q5D6Y4--6m9g__B2_Q5D6Y4,0.9747799927765396,0.5,True
7zvz__A1_G1UBD5--7zvz__B1_G1UBD5,0.7683150775448557,0.5,True
3b5m__B1_Q7UTD8--3b5m__A1_Q7UTD8,0.9164311008153809,0.5,True
6v0a__B1_B3E641--6v0a__A1_B3E641,0.9201976792921898,0.5,True
3bpj__C1_O75822--3bpj__A1_O75822,0.9147143809107885,0.5,True
7y51__A1_Q8RBF4--7y51__A2_Q8RBF4,0.5985090498056985,0.5,True
6zef__A1_P62136--6zef__C1_Q9C0D0,0.6399574533603616,0.5,False
6u11__A1_A0A1L8HDP6--6u11__A2_A0A1L8HDP6,0.9350091331617504,0.5,True
8i5w__A1_Q8BZN6--8i5w__B1_P63000,0.7967314635833065,0.5,False
3rv1__B1_A7TR32--3rv1__A1_A7TR32,0.9081917805314398,0.5,True
4k3z__A1_Q8YCV0--4k3z__A2_Q8YCV0,0.9263640891548023,0.5,True
5v5t__A1_Q830T5--5v5t__D1_Q830T5,0.8013393006898679,0.5,True
6fp5__B1_Q960Q9--6fp5__A1_Q960Q9,0.8906408249962853,0.5,True
3isx__A1_Q9X0E0--3isx__A2_Q9X0E0,0.9302797183629703,0.5,True
2vkj__A1_Q9X1W9--2vkj__B1_Q9X1W9,0.9395630687700942,0.5,True
5csr__D1_Q9HLB6--5csr__A1_Q9HLB6,0.9904078578435735,0.5,True
1iq8__A1_O58843--1iq8__B1_O58843,0.8434618407466763,0.5,True
3tbm__A1_Q8XVB9--3tbm__B1_Q8XVB9,0.9317090281150505,0.4999097146984471,True
7tur__B1_P00503--7tur__A1_P00503,0.9465608386786828,0.5,True
3vol__A1_Q9I6V6--3vol__A2_Q9I6V6,0.790603632769599,0.5,True
3jqz__A1_P02768--3jqz__B1_P02768,0.8897647117818219,0.5,True
1vkd__A1_Q9X0V2--1vkd__B1_Q9X0V2,0.9278443942789392,0.5,True
8b31__B1_A0A2W4LV58--8b31__A1_A0A2W4LV58,0.9704875330952056,0.5,True
7bzk__A1_Q9SJ89--7bzk__B1_Q6NPF9,0.6495891878226622,0.5,False
3cgh__A1_Q8A0N7--3cgh__A2_Q8A0N7,0.9374294367076533,0.5,True
5vlb__A1_G7IKX3--5vlb__B1_G7IKX3,0.8166258685512405,0.5,True
2oer__B1_Q9I3U1--2oer__A1_Q9I3U1,0.9946442655389471,0.5,True
2ylz__A1_Q47PU3--2ylz__A2_Q47PU3,0.7298247526022598,0.5,True
8bjp__B1_A0A1W6VSR4--8bjp__A1_A0A1W6VSR4,0.8864551102740859,0.5,True
6kcx__A1_Q9WZL1--6kcx__A2_Q9WZL1,0.9663777712479951,0.5,True
4q69__A1_Q8A5I0--4q69__B1_Q8A5I0,0.9759423423446709,0.5,True
7xmj__C1_A9QSE8--7xmj__A1_A9QSE8,0.9431289478920846,0.5,True
1pix__A1_Q06700--1pix__B1_Q06700,0.9386922123048199,0.5,True
3l8i__B1_Q9BUL8--3l8i__A1_Q9BUL8,0.9180429955974755,0.5,True
6l2u__A1_Q27RN2--6l2u__B1_Q27RN2,0.2061137036650156,0.5,True
6sl2__A1_C4LWU6--6sl2__A2_C4LWU6,0.901172464780085,0.5,True
1u6z__B1_P0AFL6--1u6z__A1_P0AFL6,0.9596563262500533,0.5,True
3pm9__A1_Q6NAV4--3pm9__B1_Q6NAV4,0.8989712356142782,0.5,True
3a5y__B1_P0A8N7--3a5y__A1_P0A8N7,0.9541662862612124,0.5,True
6bn1__B1_Q9VCR6--6bn1__A1_Q8T0S6,0.5379601502472378,0.5,False
8ji6__A1_A0A861B387--8ji6__B1_A0A861B387,0.9789540132625237,0.5,True
2pjs__A1_A9CIG0--2pjs__B1_A9CIG0,0.9388046135523099,0.5,True
8ke8__A1_Q9HXS0--8ke8__B1_Q9HXS0,0.9258696034060863,0.5,True
3h7l__A1_Q87LX4--3h7l__A2_Q87LX4,0.9703043986795231,0.5,True
7zs8__A1_A0A1D3HIT0--7zs8__B1_A0A1D3HIT0,0.7990171292435105,0.5,True
2vc4__A1_P02879--2vc4__A2_P02879,0.44628348066244217,0.5,True
1xe8__B1_Q03629--1xe8__A1_Q03629,0.9722687929366831,0.5,True
7tn6__A1_Q84Y01--7tn6__A2_Q84Y01,0.8441523480284776,0.5,True
7yo6__A1_G8GLP2--7yo6__A2_G8GLP2,0.9486834765811196,0.5,True
8k76__A1_Q8R6D8--8k76__B1_Q8R6D8,0.9910453369879971,0.5,True
1vgx__B1_Q9RRU8--1vgx__A1_Q9RRU8,0.9078711307964147,0.5,True
3cet__B1_Q6M145--3cet__A1_Q6M145,0.9513465880595773,0.5,True
4zlh__B1_P0AB60--4zlh__A1_P0AB60,0.7718195540113348,0.5,True
2y84__A1_Q7WT50--2y84__E1_Q7WT50,0.9582724216820702,0.5,True
4me9__A1_Q736B0--4me9__B1_Q736B0,0.9514781722465305,0.5,True
2z51__A1_Q93W20--2z51__A2_Q93W20,0.6987577687189133,0.5,True
8ajq__A1_Q9I0C0--8ajq__B1_Q9I0C0,0.8860927132897943,0.5,True
3gdm__A1_P03962--3gdm__B1_P03962,0.9778757551528761,0.5,True
7yfj__A2_Q15007--7yfj__B1_Q15007,0.87059423703547,0.5,True
2rkl__F1_Q06263--2rkl__E1_Q06263,0.9924158291599858,0.5,True
8cwp__A1_Q06282--8cwp__A2_Q06282,0.9337216475521941,0.5,True
5j1l__B1_O26069--5j1l__A1_O26068,0.71297782840931,0.5,False
6j26__A1_Q5JIZ3--6j26__B1_Q5JIZ3,0.9568406675034828,0.5,True
6jqv__A1_Q8LC68--6jqv__B1_Q8LC68,0.9607997921776849,0.5,True
2ns9__A1_Q9Y9R3--2ns9__B1_Q9Y9R3,0.792082393764351,0.5,True
5l8s__A1_E1VFE0--5l8s__C1_E1VFE0,0.9854940669499177,0.5,True
6zrw__A1_B3VS76--6zrw__B1_B3VS76,0.8798103150311284,0.5,True
5fcn__B1_Q66GS9--5fcn__A1_Q66GS9,0.9375845937707149,0.5,True
7vl1__A1_I0AIT9--7vl1__B1_I0AIT9,0.9755455677790337,0.5,True
2rek__B2_Q9ADD9--2rek__A1_Q9ADD9,0.9830870564907396,0.5,True
2zrt__A1_O75340--2zrt__B1_O75340,0.9335347246575466,0.5,True
2f1m__A1_P0AE06--2f1m__B1_P0AE06,0.760823601670362,0.5,True
3t5t__B1_Q15JG1--3t5t__A1_Q15JG1,0.9223231443001476,0.5,True
4z9r__B1_Q8EGK4--4z9r__A1_Q8EGK4,0.9499296936960443,0.5,True
2oze__A1_Q57280--2oze__A2_Q57280,0.9598724696812586,0.5,True
1x6m__A1_Q51669--1x6m__D1_Q51669,0.8958667053822764,0.5,True
4pfc__A1_P14735--4pfc__B1_P14735,0.8766894160876185,0.5,True
6byi__A1_Q8PI23--6byi__B1_Q8PI23,0.9153736033470675,0.5,True
3aaa__A1_P13127--3aaa__B1_P14315,0.920287390300889,0.5,False
1xgm__A1_P56218--1xgm__B1_P56218,0.9570920317033472,0.5,True
5mrv__A1_Q8IVL8--5mrv__C1_P86912,0.8514776165339745,0.5,False
1vhq__A1_P0ABU5--1vhq__B1_P0ABU5,0.983279646259372,0.5,True
2pqv__B1_A0A0H2UMZ7--2pqv__A1_A0A0H2UMZ7,0.9515272884093078,0.5,True
8pq4__A1_P69782--8pq4__A2_P69782,0.9399574893191914,0.5,True
8a14__A1_A0A0D1E4Q7--8a14__C2_A0A0D1E4Q7,0.7704000229232033,0.5,True
1dtd__A1_P48052--1dtd__B1_P81511,0.7880638044544055,0.5,False
3c6n__B1_Q570C0--3c6n__A1_Q39255,0.9236458112557656,0.5,False
3ctz__A1_Q9NQW7--3ctz__A2_Q9NQW7,0.9897479838905164,0.5,True
1wab__A1_Q29460--1wab__A2_Q29460,0.9087373570764344,0.5,True
1zl5__A1_Q00496--1zl5__B1_Q00496,0.7665895594729703,0.5,True
5dbj__A1_Q4KCZ0--5dbj__A2_Q4KCZ0,0.986672132734865,0.5,True
7qsq__B1_Q9X053--7qsq__A1_Q9X053,0.4479936387104536,0.5,True
7duc__B1_Q2G2U4--7duc__A1_Q2G2U4,0.7663943256386114,0.5,True
2cdu__A1_Q9F1X5--2cdu__B1_Q9F1X5,0.980825208596354,0.5,True
8g0f__A1_Q6NK15--8g0f__B1_Q6NK15,0.7193128776541668,0.5,True
8a45__B1_B7V7R4--8a45__A1_B7V7R4,0.8498608574437452,0.5,True
6no3__A1_B3FHP0--6no3__B1_B3FHP0,0.7455753122186146,0.5,True
3g7p__A1_B7JA91--3g7p__A2_B7JA91,0.9659558057119033,0.5,True
8khq__A1_A0A1I5R890--8khq__C1_A0A1I5R890,0.9476368689362378,0.5,True
7owz__B1_Q9JMA2--7owz__A1_B8ZXI1,0.9067795872225906,0.5,False
6dk7__D1_Q9HUV7--6dk7__A1_Q9HUV7,0.9635942998940907,0.5,True
5t3v__B1_Q9Y2C4--5t3v__A1_Q9Y2C4,0.815419110073566,0.5,True
8f2l__A1_P9WJY9--8f2l__B1_P9WJY9,0.9071310781464543,0.5,True
8h1l__B1_A0A7U4E834--8h1l__A1_A0A7U4E834,0.8531836112931191,0.5,True
1nye__A1_P0C0L2--1nye__B1_P0C0L2,0.8469119080112399,0.5,True
2ou6__A1_Q9RVG4--2ou6__A2_Q9RVG4,0.9675026315789474,0.5,True
6hp3__A1_O31927--6hp3__B1_O31927,0.9210144744736679,0.5,True
8hs0__A1_Q9LIR4--8hs0__A2_Q9LIR4,0.9436267337081077,0.5,True
6gz1__A1_P10151--6gz1__A2_P10151,0.9255136007321353,0.5,True
8pbu__A1_P27708--8pbu__A2_P27708,0.9140182559242912,0.5,True
7p0h__A1_O26008--7p0h__C1_O26008,0.8604463086328371,0.5,True
5b3g__B1_Q9SZF7--5b3g__A1_Q9M384,0.7437614012266858,0.5,False
7vzy__B1_Q84G19--7vzy__A1_Q84G19,0.9647038023606599,0.5,True
2q3t__A1_Q9LUJ3--2q3t__A2_Q9LUJ3,0.8838857019452937,0.5,True
7pt0__A1_Q9KYU4--7pt0__B1_Q9KYU4,0.944483383854722,0.5,True
6m09__B1_Q8LDU1--6m09__A1_Q8LDU1,0.8558445819424343,0.5,True
7uxs__B1_J8G6Z1--7uxs__A1_J8G6Z1,0.9530072099600955,0.5,True
2q03__A1_Q12ML0--2q03__B1_Q12ML0,0.9304041231123816,0.5,True
6kcp__B1_Q9VAA9--6kcp__A1_Q9VAA9,0.25336162734963735,0.5,True
6sj4__B1_A0A022MQ12--6sj4__A1_A0A022MQ12,0.922504587552532,0.5,True
5cyy__A1_P9WG63--5cyy__B1_P9WG63,0.6752145737706771,0.5,True
3tj3__A1_P52294--3tj3__B1_Q9UKX7,0.630659753667391,0.5,False
3i32__A1_Q72GF3--3i32__A2_Q72GF3,0.9877604055699065,0.5,True
1jk9__B1_P40202--1jk9__A1_P00445,0.928036901737196,0.5,False
4e4w__A1_P38920--4e4w__B1_P14242,0.8441218962011892,0.5,False
5yw5__A1_Q5NII9--5yw5__D1_Q5NII9,0.9348423493508905,0.5,True
3ab8__A1_Q5SLE3--3ab8__B1_Q5SLE3,0.7702797845493738,0.5,True
3mxt__A1_Q9PIK2--3mxt__A2_Q9PIK2,0.9398886322440965,0.5,True
1wr8__B1_O50129--1wr8__A1_O50129,0.991464036802435,0.5,True
7war__B1_A0A1B6PFV1--7war__A1_A0A1B6PFV1,0.94934578894099,0.5,True
7fn1__B1_P32357--7fn1__A1_P33334,0.651894886148063,0.5,False
7xl7__A1_A0A2J0R8J6--7xl7__B1_A0A2J0R8J6,0.8165610142630744,0.5,True
8vc5__A1_Q9XCL6--8vc5__B1_Q9XCL6,0.9889178379920629,0.5,True
5jfz__A1_P20605--5jfz__B1_P0ADX5,0.8606964453775429,0.5,False
5g37__B1_P10565--5g37__A1_P06575,0.7901460783088635,0.5,False
2gjx__A1_P06865--2gjx__B1_P07686,0.9136263946368692,0.5,False
3aqb__B1_O66129--3aqb__A1_O66127,0.930984077669903,0.5,False
8q1a__A1_Q16790--8q1a__C2_Q16790,0.7295994743948254,0.5,True
5ez1__B1_P56112--5ez1__A1_P56112,0.8944017753128045,0.5,True
3lwd__A1_Q1QTX1--3lwd__A2_Q1QTX1,0.9630307543009744,0.5,True
8dye__A1_P31040--8dye__B1_Q5VUM1,0.4352295531158044,0.5,False
2ch6__A1_Q9UJ70--2ch6__D1_Q9UJ70,0.9648687256850473,0.5,True
3gpn__A1_P15873--3gpn__A2_P15873,0.8479044929254871,0.5,True
7th0__A1_P31667--7th0__A2_P31667,0.7897525221758619,0.5,True
3k1i__D1_O25709--3k1i__A1_O25448,0.734704903116405,0.5,False
1vbi__A1_Q53W84--1vbi__A2_Q53W84,0.9636405723215329,0.5,True
2oqb__A1_Q4AE70--2oqb__B1_Q4AE70,0.6799262831833561,0.5,True
6saz__B1_Q9UGM5--6saz__A1_P07584,0.5413704457667815,0.5,False
6l9x__A1_F6VRB7--6l9x__A2_F6VRB7,0.7300341862633378,0.5,True
3ica__B1_Q7MXR4--3ica__A1_Q7MXR4,0.9661502774170315,0.5,True
6o15__A1_P39353--6o15__B1_P39353,0.895695881584949,0.5,True
2ohc__A1_Q9HIY5--2ohc__B1_Q9HIY5,0.9542814178409339,0.5,True
8qfo__A1_A0A840P3H4--8qfo__B1_A0A840P3H4,0.926475874698143,0.5,True
5zmy__A1_F1LJ99--5zmy__B1_F1LJ99,0.9475136688901027,0.5,True
6tx3__B1_Q9NWY4--6tx3__A1_Q9UGN5,0.8952067016635528,0.5,False
4tx5__A1_Q9NR28--4tx5__B1_Q9NR28,0.9001841188359057,0.5,True
7wnk__B1_A0A1E5TT85--7wnk__A1_A0A1E5TT85,0.9904255265353594,0.5,True
2fn0__B1_Q9X9I8--2fn0__A1_Q9X9I8,0.998850486479336,0.5,True
5x89__A1_Q8TGZ7--5x89__A2_Q8TGZ7,0.9059756630947545,0.5,True
2j0t__A1_P03956--2j0t__D1_P01033,0.30005926307652664,0.5,False
2i9i__A1_O25234--2i9i__A2_O25234,0.7718382772303196,0.5,True
3rtr__G1_Q13616--3rtr__H1_P62877,0.9397259419770215,0.5,False
7lq2__A1_A0A023X3Z4--7lq2__B1_A0A023X3Z4,0.8849116852284272,0.5,True
6aht__A1_A1BZ87--6aht__B1_A1BYM8,0.9477237355112033,0.5,False
8czp__A1_A0A0D5ZBI4--8czp__B1_A0A0D5ZBI4,0.9220512078195614,0.5,True
4ro3__A1_M1RHE3--4ro3__B1_M1RHE3,0.8443118071784993,0.5,True
1c0n__A1_P77444--1c0n__A2_P77444,0.950604161587042,0.5,True
7tq0__A1_P00459--7tq0__A2_P00459,0.9552458657346605,0.5,True
1o4w__A1_O29664--1o4w__A2_O29664,0.5630159265659264,0.5,True
4jzp__A1_P51572--4jzp__B1_P51572,0.9701934110334197,0.5,True
2or2__A1_P08954--2or2__B1_P08954,0.9873255630710936,0.5,True
5xdf__B1_Q5SL04--5xdf__A1_Q5SL04,0.88866621481029,0.5,True
6kr4__A1_P10586--6kr4__E1_P60469,0.7062959670962164,0.5,False
1itv__A1_P14780--1itv__B1_P14780,0.864090824814943,0.5,True
2qgi__A1_P05449--2qgi__B1_P05449,0.9315480621201422,0.5,True
1a19__A1_P11540--1a19__B1_P11540,0.7449711897188023,0.5,True
8a9x__A1_P15752--8a9x__C1_P15752,0.9197199021526771,0.5,True
8e9e__B1_Q02293--8e9e__A1_Q04631,0.8416670919631706,0.5,False
2h4c__A1_Q7T2R1--2h4c__B1_Q7T3T5,0.7889518506926714,0.5,False
2bdt__A1_Q9K6P2--2bdt__A2_Q9K6P2,0.958684870340161,0.5,True
5vbn__A1_P56282--5vbn__B1_Q07864,0.9087212435025679,0.5,False
8gt0__A1_Q8I6U4--8gt0__B1_P01040,0.6573917347030493,0.5,False
5lrr__A1_P22262--5lrr__B1_P22262,0.9772678980428537,0.5,True
4y7i__A1_Q96EF0--4y7i__B1_Q96EF0,0.9095267053629394,0.5,True
1who__A1_P43214--1who__A2_P43214,0.7509142716115861,0.5,True
4g10__A1_Q9WXJ9--4g10__A2_Q9WXJ9,0.9515289891236134,0.5,True
8q4k__A1_O51180--8q4k__B1_O51180,0.5041351481938712,0.5,True
7rzb__A1_A0A229LVN5--7rzb__A2_A0A229LVN5,0.9388595947556616,0.5,True
7toc__A1_A0A2H0ZMH9--7toc__B1_A0A2H0ZMH9,0.8748221041021307,0.5,True
7ula__B1_Q88ND0--7ula__A1_Q88NC7,0.923957774965635,0.5,False
8bes__A1_A0A856TAI5--8bes__B1_A0A856TAI5,0.8117915027027149,0.5,True
7wjt__B1_Q8BZB3--7wjt__A1_Q8BZB3,0.8107230779953452,0.5,True
6j9n__A1_X5EPV9--6j9n__B1_A0A425B395,0.668967728617465,0.5,False
1kll__A1_O05205--1kll__A2_O05205,0.9482386112225891,0.5375132487471573,True
7xky__A1_Q58690--7xky__B1_Q58034,0.9394316195419077,0.5,False
4p04__A1_A0A0D6H805--4p04__B1_A0A0D6H805,0.8364950322234157,0.5,True
1txz__A1_Q04299--1txz__A2_Q04299,0.9630086524045801,0.5,True
4af5__A1_Q8NQ97--4af5__A2_Q8NQ97,0.8355801675362389,0.5,True
8af9__A1_Q2YPZ9--8af9__H1_Q2YPZ9,0.8717202649389182,0.5,True
8gm9__D1_P9WPD3--8gm9__A1_P9WPD3,0.9398344253392079,0.5,True
7wsx__A1_D9PYV4--7wsx__B1_D9PYV4,0.9729300934242074,0.5,True
4g86__A1_Q79PF6--4g86__B1_Q79PF6,0.8840377936290436,0.5,True
3bq3__A1_Q12395--3bq3__A2_Q12395,0.7638952120938896,0.5,True
7eva__A1_P31490--7eva__A2_P31490,0.938727814855744,0.5,True
8r7d__B1_G5EI71--8r7d__A1_Q8LJL3,0.5086648577799391,0.5,False
7pwy__A1_Q8TDX5--7pwy__B1_Q8TDX5,0.9850846779200965,0.5,True
3ut4__A1_A3DJ21--3ut4__B1_A3DJ21,0.933729069259785,0.5,True
3ucy__A1_P0DP23--3ucy__A2_P0DP23,0.8722462494931748,0.5,True
8eei__B1_A0A807MR40--8eei__A1_A0A807MR40,0.996079894537478,0.5,True
8bp5__B1_A0A369SI82--8bp5__A1_A0A369SI82,0.6199621264462664,0.5,True
3l34__B1_Q9HT87--3l34__A1_Q9HT87,0.5051253404645213,0.5,True
8god__A1_Q9UM07--8god__A2_Q9UM07,0.9539111687742255,0.5,True
1h9g__A1_P0A8V6--1h9g__A2_P0A8V6,0.9861723940428355,0.5,True
7qg6__D1_Q9HAU5--7qg6__C1_Q9H1J1,0.5332084059867322,0.5,False
8sz3__B2_Q9NY97--8sz3__A1_Q9NY97,0.8795348325494502,0.5,True
5a10__A1_G1FNI6--5a10__A2_G1FNI6,0.9425522707173677,0.5,True
7qoc__A1_Q8NQV9--7qoc__B1_Q8NQV9,0.9817643104025856,0.5,True
8a90__B1_A0A7S9SWM2--8a90__A1_A0A7S9SWM2,0.9422808733200578,0.5,True
3iaa__A1_Q8KNE0--3iaa__B1_Q8KNE0,0.8267496024656872,0.5,True
3n50__B1_Q9H4W6--3n50__A1_Q9H4W6,0.7623694029850747,0.5,True
2qg3__A1_O28220--2qg3__A2_O28220,0.9582786384078634,0.4999869601502191,True
7ysk__A1_Q6D6Z8--7ysk__B1_Q6D6Z8,0.9619494188739331,0.5,True
7spz__A1_A8B3G9--7spz__A2_A8B3G9,0.9773383724337972,0.5,True
4q2e__B1_Q9X1B7--4q2e__A1_Q9X1B7,0.867650044658193,0.5,True
8cff__A1_Q7SIF4--8cff__B1_Q7SIF3,0.8889629673093545,0.5,False
8bxl__A1_A0A075TRK9--8bxl__D1_A0A075TRK9,0.9713588508452006,0.5,True
5d4v__C1_Q57913--5d4v__A1_Q57913,0.9022329426262716,0.5,True
2p23__A1_O95750--2p23__B1_O95750,0.43177092265477623,0.5,True
7u55__A1_A0A151EDA9--7u55__A2_A0A151EDA9,0.8613560406169113,0.5,True
1rkw__A1_P0A0N4--1rkw__C1_P0A0N4,0.9778788040211829,0.5,True
1ps6__A1_P19624--1ps6__B1_P19624,0.9705546715204164,0.5,True
2y21__L1_O28769--2y21__K1_O28769,0.9820471785193783,0.5,True
2z5i__A1_P58772--2z5i__B1_P58772,0.9141441091145748,0.5,True
5l7u__B1_A6L2E5--5l7u__A1_A6L2E5,0.9245342868929404,0.5,True
3egq__A1_O28458--3egq__B1_O28458,0.9664045937095699,0.5,True
7r3a__A1_Q6LYR8--7r3a__E1_Q6LYR8,0.9640060796574336,0.5,True
7yq0__A1_A0A101DF63--7yq0__B1_A0A101DF63,0.9821931593934321,0.5,True
3wsc__A1_Q25C86--3wsc__B1_Q25C86,0.7855635072704162,0.5,True
4pib__B1_Q2SVW5--4pib__A1_Q2SVW5,0.9251812236488378,0.5,True
7vmx__B1_P9WNN1--7vmx__A1_P9WNM1,0.8345817883474582,0.5,False
1ykd__A1_P94182--1ykd__B1_P94182,0.7402672677915251,0.5,True
4ux7__A1_Q183F3--4ux7__B1_Q183F3,0.7523267427113922,0.5,True
3k3d__A1_P9WLZ7--3k3d__A2_P9WLZ7,0.9764807333971768,0.5,True
7q1d__D2_P29808--7q1d__A1_P29808,0.872384337206762,0.5,True
1sj5__A1_Q9WY07--1sj5__B1_Q9WY07,0.9894264013989865,0.5,True
4c12__A1_Q2FZP6--4c12__A2_Q2FZP6,0.8660278323440205,0.5,True
3k9m__A1_P07858--3k9m__B1_P01040,0.6746512977171545,0.5,False
1ccd__A1_P17559--1ccd__A2_P17559,0.8742131137300382,0.5,True
8xiz__A1_T2B4K5--8xiz__B1_T2B4K5,0.9557327734175676,0.5,True
7wz6__A1_P15806--7wz6__B1_P10085,0.806319658335668,0.5,False
2i00__A1_Q831Y9--2i00__B1_Q831Y9,0.9745260040975987,0.5,True
5ffi__A2_Q44501--5ffi__B1_Q44501,0.29726579058923275,0.5,True
3cnk__A1_P21333--3cnk__B1_P21333,0.8046700265000615,0.5,True
8gt9__A1_A8MW95--8gt9__B1_A8MW95,0.9420485090782262,0.5,True
4l2w__B1_Q13464--4l2w__A1_Q13464,0.9482046441596419,0.5,True
3d0j__A1_Q97DI0--3d0j__A2_Q97DI0,0.914930481738169,0.5,True
4ct0__A1_P97784--4ct0__B1_O54943,0.5853696174502531,0.5,False
3av0__A1_Q58719--3av0__B1_Q58718,0.9570216919301966,0.5,False
8bln__A1_C9QZ65--8bln__H1_C9QZ65,0.921578811357092,0.5,True
2riq__A1_P09874--2riq__A2_P09874,0.3682180583815441,0.5,True
8hd5__A1_Q99U17--8hd5__B1_Q99U17,0.8967248717060605,0.49981188863807374,True
6xrb__A1_A0A0H3NHS6--6xrb__B1_A0A0H3NHS6,0.9602074305459853,0.5,True
8a1g__A1_Q13596--8a1g__C1_Q9Y5X3,0.9772659681156414,0.5,False
8tn3__A1_Q643B9--8tn3__B1_Q643B9,0.962564416990834,0.5,True
5ghs__A1_Q5JGL0--5ghs__C1_Q5JF31,0.9276659375976432,0.5,False
5umw__A1_A0A125SA26--5umw__F1_A0A125SA26,0.9553931711421453,0.5,True
7zcv__B1_A0A0E7KI02--7zcv__A1_A0A0E7KI02,0.8661142514324085,0.5,True
6scq__A1_Q8NNN6--6scq__A2_Q8NNN6,0.9767062017442435,0.5,True
4ml9__A1_D1AMR0--4ml9__B1_D1AMR0,0.9467448969562908,0.5,True
7yfu__A1_Q8CG73--7yfu__B1_Q8CG73,0.960266045031418,0.5,True
3ix1__A1_Q9K9G5--3ix1__B1_Q9K9G5,0.8664522074508934,0.5,True
7khs__A1_Q2CEE3--7khs__B1_Q2CEE3,0.9713716425489347,0.5,True
8k5l__A1_A0A829KK40--8k5l__B1_A0A829KK40,0.9726640819480119,0.5,True
2g0t__B1_Q9WZQ3--2g0t__A1_Q9WZQ3,0.977465213143843,0.5,True
3lr3__A1_Q63T74--3lr3__A2_Q63T74,0.9681394885713284,0.5,True
4pxq__A1_F1QR43--4pxq__B1_F1QR43,0.9561508408175374,0.5,True
4z5y__A1_Q88QV5--4z5y__A2_Q88QV5,0.9736175066129527,0.5,True
7zhf__A1_A0A0U2WWJ1--7zhf__A2_A0A0U2WWJ1,0.9676948780039991,0.5,True
6h86__A1_B5KM66--6h86__B1_B5KM66,0.8028939099662505,0.5,True
5un7__A1_Q9NUX5--5un7__B1_Q96AP0,0.5870245367007176,0.5,False
8juk__A1_V5VGC6--8juk__B1_V5VGC6,0.9717662872917743,0.5,True
8snp__A1_O09118--8snp__A2_O09118,0.8759790828743319,0.5,True
6wjc__A1_P11229--6wjc__B1_Q8QGR0,0.7077238396624472,0.5,False
8ard__A1_Q64331--8ard__A2_Q64331,0.47592815905012326,0.5,True
3mqi__A1_Q9UH73--3mqi__B1_Q9UH73,0.40324242876770927,0.5,True
3q01__A1_P04637--3q01__B1_P04637,0.9073033990925005,0.5,True
7ylq__A1_Q93CA6--7ylq__B1_Q93CA6,0.9170459932323501,0.5,True
2yvo__A1_Q5SJY9--2yvo__A2_Q5SJY9,0.8901344765317132,0.5,True
5vpa__B1_P17535--5vpa__A1_P53539,0.8008847274476437,0.5,False
3v78__B1_P95092--3v78__A1_P95092,0.9648699635128976,0.5,True
7pzh__A1_A0A174J845--7pzh__B1_A0A174J845,0.8681091418847331,0.5,True
3m0f__A1_Q4KDJ6--3m0f__B1_Q4KDJ6,0.8975814516607324,0.5,True
1y4h__A1_P0C1S6--1y4h__C1_Q9EYW6,0.8792276747343954,0.5,False
2o4c__A1_Q9I3W9--2o4c__B1_Q9I3W9,0.9751061879056835,0.5,True
1ynh__A1_P76216--1ynh__D1_P76216,0.9876251246261216,0.5,True
8ohx__A1_U4Q148--8ohx__B1_U4Q148,0.9251848059899065,0.5,True
3a6m__A1_Q56236--3a6m__B1_Q56236,0.9518555972904428,0.5,True
4bvp__A1_Q5ZUA2--4bvp__B1_Q5ZUA2,0.9245380063325813,0.5,True
7oc6__A1_A0A2U8U2L5--7oc6__A2_A0A2U8U2L5,0.9513483515293972,0.5,True
6qpq__A1_G0SGH3--6qpq__B1_Q12158,0.8733313436201968,0.5,False
3ct6__A1_Q9CIV6--3ct6__B1_Q9CIV6,0.9447755248455638,0.5,True
1qae__A1_P13717--1qae__B1_P13717,0.807672058012222,0.5,True
3q5w__B1_P38937--3q5w__A1_P38937,0.8794559917902882,0.5,True
8gol__B1_G9I933--8gol__A1_G9I933,0.810798720580319,0.5,True
7epj__A1_P62554--7epj__A2_P62554,0.9358907222606462,0.5,True
1ag9__A1_P61949--1ag9__B1_P61949,0.9924961967024383,0.5,True
3gwh__B1_O31691--3gwh__A1_O31691,0.5330705444455405,0.5,True
5gw1__A1_P57768--5gw1__B1_P57768,0.693186194011505,0.5,True
3l2o__B1_Q9UKT5--3l2o__A1_P63208,0.9352211481142337,0.5,False
3wrf__A1_E8MGH8--3wrf__A2_E8MGH8,0.9737656840036409,0.5,True
7yyl__A1_Q3AET9--7yyl__B1_Q3AET9,0.9103349197756181,0.5,True
8syb__B1_Q72KY0--8syb__A1_Q72KY0,0.9881252701421024,0.5,True
8qc3__A1_A0A1C9WRL0--8qc3__B1_A0A1C9WRL0,0.9373539427027898,0.5,True
3wtf__B1_Q9BUH6--3wtf__A1_Q9BUH6,0.9231389637904468,0.5,True
2x0e__B1_Q7BG50--2x0e__A1_Q7BG50,0.883355245075274,0.5,True
5hwt__A1_A5W4E3--5hwt__B1_A5W4E3,0.9172471985502003,0.5,True
1ojh__A1_Q8YNP7--1ojh__B1_Q8YNP7,0.8497220883534137,0.5,True
3eyy__A1_Q9K4F8--3eyy__B1_Q9K4F8,0.9809815071438812,0.5,True
8bwv__D2_A0A482M8M0--8bwv__A1_A0A482M8M0,0.7178395962949276,0.5,True
7cm9__A1_A0A7V8UZ53--7cm9__B1_A0A7V8UZ53,0.9425546935181144,0.5,True
4nc8__A1_P12464--4nc8__A2_P12464,0.23760248064029094,0.5,True
1zhh__A1_P54300--1zhh__B1_P54302,0.8025985947473788,0.5,False
8c0u__A1_Q9I5Q5--8c0u__B1_Q9I5Q5,0.9366716098589589,0.5,True
2fbq__A1_Q9HZJ9--2fbq__A2_Q9HZJ9,0.9277586028851559,0.5,True
7fch__A1_O95256--7fch__C2_O95256,0.9208944693803696,0.5,True
8c7t__B1_A0A1B4XP18--8c7t__A1_A0A1B4XP18,0.9468607339346109,0.5,True
4iwn__A1_P76290--4iwn__B1_P76290,0.9825665148864351,0.5,True
7saf__B1_Q6TLP8--7saf__A1_Q6TLP8,0.8950928554186441,0.5,True
7zj1__B1_P55265--7zj1__A1_P55265,0.5947110723450001,0.5,True
4g9k__A1_P32340--4g9k__B1_P32340,0.8963724897210856,0.5,True
8b35__A1_Q96562--8b35__B1_Q96562,0.9411177046364756,0.5,True
2rdz__A1_P0ABK9--2rdz__B1_P0ABK9,0.8937214142068657,0.5,True
6bzf__B1_P53061--6bzf__A1_P17122,0.5098503490405082,0.5,False
5ydd__B1_P9WME7--5ydd__A1_P9WME7,0.9430073828890688,0.5,True
4czd__B1_B8J3A4--4czd__A1_B8J364,0.8885212857273137,0.5,False
3ft7__B1_Q54323--3ft7__A1_Q54323,0.8769076075905999,0.5040359531283511,True
4pz1__A1_Q99XU0--4pz1__A2_Q99XU0,0.8221117223357889,0.5,True
2w1t__A1_P37554--2w1t__B1_P37554,0.9763774994592739,0.5,True
7qz5__A1_A2RI36--7qz5__B1_A2RI36,0.902756470773346,0.5,True
5h31__A1_Q14790--5h31__B1_Q14790,0.2294363005629577,0.5,True
8p33__A1_O51254--8p33__A2_O51254,0.6991499325545291,0.5,True
8oru__A1_O93732--8oru__B1_O93732,0.9806606483726709,0.5,True
1u7i__A1_Q9I3Y6--1u7i__B1_Q9I3Y6,0.9172534802626673,0.5,True
8slg__B1_G7CIG9--8slg__A1_G7CIG9,0.904521494046425,0.5,True
3l2e__B1_Q6AW42--3l2e__A1_Q6AW43,0.9397105030505498,0.5,False
3b0a__A1_P0CG48--3b0a__B1_Q9WUB0,0.7502382797887247,0.5,False
6etz__A1_A0A023UGN9--6etz__A2_A0A023UGN9,0.8851560796110107,0.5,True
7sfz__B1_Q9NYP9--7sfz__A1_Q9NYP9,0.6095335807541056,0.5,True
7wwf__A1_A0R6Y0--7wwf__B1_A0R6Y0,0.9570555434045382,0.5,True
8vdw__B1_T0TAB9--8vdw__A1_T0TAB9,0.9352436165115006,0.5,True
8ri0__A1_E4THH1--8ri0__B1_E4THH1,0.874650130196522,0.5,True
5z2i__B1_Q54LT0--5z2i__A1_Q54LT0,0.8920742419287016,0.5,True
4miv__A1_P51688--4miv__B1_P51688,0.9595477973382102,0.5,True
3vh1__A1_P38862--3vh1__A2_P38862,0.9765438012430595,0.5,True
7z98__A1_E6V140--7z98__A2_E6V140,0.977977075663556,0.5,True
2ond__A1_Q99LI7--2ond__B1_Q99LI7,0.8634652542431996,0.5,True
7vt9__A1_P21517--7vt9__B1_P21517,0.9234995078290203,0.5,True
1gju__A1_O33838--1gju__A2_O33838,0.9549956569083966,0.5,True
6hta__A1_A0A3F2YM29--6hta__B1_A0A3F2YM29,0.9022584768456041,0.5,True
3h7h__A1_P63272--3h7h__B1_O00267,0.8113531411730373,0.5,False
4z39__A1_A0A0S2E5N6--4z39__B1_A0A0S2E5N6,0.8035602067382299,0.5,True
5ca9__A1_Q9C0L9--5ca9__A2_Q9C0L9,0.8577702512027551,0.5,True
2zvx__A1_P00974--2zvx__B1_P00974,0.8256630711567623,0.5,True
6x0a__A1_F7Y4W0--6x0a__S1_F7YBW8,0.6965478000547745,0.5,False
7spq__A1_C5AMM8--7spq__A2_C5AMM8,0.9837502022298765,0.5,True
7spn__A1_A0A7C2VFT1--7spn__B1_A0A7C2VFT1,0.9835920928339156,0.5,True
1tv8__A1_P65388--1tv8__B1_P65388,0.8103348272190294,0.5,True
3mkr__B1_Q27954--3mkr__A1_Q28104,0.9365404946406759,0.5,False
1dqn__A1_Q24973--1dqn__B1_Q24973,0.973297512675261,0.5,True
7xoi__A1_A0A5N6DPG0--7xoi__B1_A0A5N6EXS6,0.39069746687487655,0.5,False
8h62__A1_P0DJM0--8h62__B1_P12830,0.6791540809801023,0.5,False
2qh0__A1_Q97H22--2qh0__A2_Q97H22,0.904260343544787,0.5,True
5ubb__A1_Q5VVY1--5ubb__A2_Q5VVY1,0.7762398363053771,0.5,True
5kvs__B1_O54512--5kvs__A1_O54512,0.9448905189545633,0.5,True
3frs__A1_P53990--3frs__A2_P53990,0.4067717353182035,0.5,True
3obv__A1_O08808--3obv__C1_O08808,0.8007117377051319,0.5,True
4wkz__A1_A0AEF5--4wkz__B1_W5IDC3,0.7755571622531542,0.5,False
3kt0__A1_Q12109--3kt0__A2_Q12109,0.9927430942781161,0.5,True
5i90__A1_G3XCY5--5i90__B1_G3XCY5,0.8660468599939495,0.5,True
3bat__B1_P24733--3bat__A1_P24733,0.9016791622241298,0.5,True
2ps1__A1_P13298--2ps1__B1_P13298,0.9790784221925126,0.5,True
1fcd__A1_Q06530--1fcd__B1_Q06529,0.9291362474250437,0.5,False
8hy8__A1_A0A085BE66--8hy8__A2_A0A085BE66,0.9038484977979844,0.5,True
8har__A1_Q2L6E4--8har__B1_Q2L6E4,0.9400496339074378,0.5,True
4je4__A1_Q06124--4je4__B1_P02751,0.7270290512607595,0.5,False
2a6c__A1_Q82UW4--2a6c__A2_Q82UW4,0.9387251733358737,0.584444678809817,True
5k9l__B1_A8MW95--5k9l__A1_A8MW95,0.9449757192646021,0.5,True
5mzg__A1_P53368--5mzg__B1_P53368,0.8413663841999631,0.5,True
7ucc__B1_P17535--7ucc__A1_P53539,0.8169648855376977,0.5,False
8d0x__A1_Q9Y231--8d0x__A2_Q9Y231,0.8095163231241023,0.5,True
6ano__B1_Q9UKL3--6ano__A1_Q9UKL3,0.5939057998510652,0.5,True
6et2__A1_Q9I4X1--6et2__B1_Q9I4X2,0.9497663338660312,0.5,False
6d0a__A1_Q8N5Z0--6d0a__A2_Q8N5Z0,0.9581398914027044,0.5,True
2xga__B1_P35530--2xga__A1_P35530,0.9714951438882905,0.5,True
2i3o__A1_Q9HJH4--2i3o__B1_Q9HJH4,0.9740441430483606,0.5,True
1ijx__A1_P97401--1ijx__C1_P97401,0.8382856978384134,0.5,True
6h2u__A1_Q9NRN9--6h2u__B1_Q9UI30,0.9058065406362728,0.5,False
8h2v__A1_Q93HT8--8h2v__B1_Q93HT8,0.9656788806385833,0.5,True
1wat__B1_P02941--1wat__A1_P02941,0.8793749480716627,0.5,True
2nyh__A1_Q13JM0--2nyh__B1_Q13JM0,0.8995207748670353,0.5,True
7yuj__B1_Q9BYM8--7yuj__A1_Q9BYM8,0.5868699730476229,0.5,True
8c5k__A1_P87252--8c5k__A2_P87252,0.8175075367265883,0.5,True
2spc__A1_P13395--2spc__B1_P13395,0.2933274531206156,0.5,True
6q2e__A1_A5UMY5--6q2e__B1_A5UMY5,0.8795540578642507,0.5,True
4p8i__A1_P40746--4p8i__B1_P40746,0.9071699624530662,0.5,True
8a82__A1_K7WEY7--8a82__B1_K7XCU4,0.9384198033231604,0.5,False
3a4l__B1_Q58933--3a4l__A1_Q58933,0.9743678661198416,0.5,True
1z52__A1_P09167--1z52__B1_P09167,0.82931581988124,0.5,True
6c0g__A1_A0A3F2YLX1--6c0g__B2_A0A3F2YLX1,0.7980128533871559,0.5088105726872246,True
1k3r__B1_O26109--1k3r__A1_O26109,0.9780268624571575,0.5,True
7fga__A1_Q8DIJ4--7fga__B2_Q8DIJ4,0.9374829225640746,0.5,True
5akq__A1_O52063--5akq__B1_O52063,0.9803090709760247,0.5,True
7y86__B1_A0A0K2E3A3--7y86__A1_A0A0K2E3A3,0.9395063250995455,0.5,True
8d1u__A1_P0A6R0--8d1u__A2_P0A6R0,0.9714481214092259,0.5,True
1vqw__A1_Q9HFE4--1vqw__B1_Q9HFE4,0.958404967311647,0.5,True
7uld__A1_O28028--7uld__A2_O28028,0.949301625593913,0.5,True
4c0f__B1_Q9NZN8--4c0f__A1_Q9NZN8,0.2621849182413867,0.5,True
8b21__A1_Q9S5X0--8b21__B1_Q9S5X0,0.9749877072725057,0.5,True
3swk__A1_P08670--3swk__B1_P08670,0.9200893963610712,0.5,True
8txn__B1_P08120--8txn__A1_P08120,0.21388759074745872,0.5,True
8dak__A1_F2X702--8dak__B1_F2X702,0.9779096113017768,0.5,True
2rde__B1_A0A0H3ADR8--2rde__A1_A0A0H3ADR8,0.8826556435685741,0.5,True
2pih__A1_O31779--2pih__B1_O31779,0.9329955231957495,0.5,True
7ykv__B1_Q58241--7ykv__A1_Q58241,0.9693847678304123,0.5,True
7y4g__A1_Q8A028--7y4g__A2_Q8A028,0.9624081511878162,0.5,True
8cci__A1_A0R7I9--8cci__A2_A0R7I9,0.9805200365662946,0.5,True
6p35__A1_P75913--6p35__A2_P75913,0.9734449074658282,0.5,True
6p3j__A1_Q0KJL4--6p3j__B1_Q0KJL4,0.9554612965195671,0.5,True
4o6p__A1_Q8RDI4--4o6p__B1_Q8RDI4,0.8337376505555214,0.5,True
8ozv__A1_A0A179UH34--8ozv__A2_A0A179UH34,0.9420036304452131,0.5,True
2cim__A1_Q46AN5--2cim__B1_Q46AN5,0.9381804357256922,0.5,True
6tpo__A1_P24474--6tpo__A2_P24474,0.9035560300945782,0.5,True
7wwo__B1_Q5SH57--7wwo__A1_Q5SH57,0.6843660016771178,0.5,True
4pmv__A1_Q8PEU1--4pmv__B1_Q8PEU1,0.896230135167804,0.5,True
6rmr__B1_P19926--6rmr__A1_P19926,0.9815699501599456,0.5,True
6hhb__A1_E0SCP7--6hhb__C1_E0SCP7,0.8934305342911396,0.5,True
7e5c__A1_A0A1I7CHQ2--7e5c__B1_A0A1I7CHQ2,0.989695496575648,0.5,True
2wfh__A1_O94813--2wfh__B1_O94813,0.8045818734788901,0.5,True
3zco__A1_P06701--3zco__A2_P06701,0.6356168360962058,0.5,True
2ghy__A1_P03051--2ghy__B1_P03051,0.9215388441791468,0.5,True
3htr__A1_Q6N0K4--3htr__B1_Q6N0K4,0.8863264018252095,0.5,True
8aeu__A1_Q00987--8aeu__A2_Q00987,0.12573700112625308,0.5,True
1xuv__A1_Q8PZJ2--1xuv__C1_Q8PZJ2,0.8638854382767819,0.5,True
2o8p__A1_Q5CYG0--2o8p__A2_Q5CYG0,0.9425161937296507,0.5,True
4zmu__A1_Q9I072--4zmu__B1_Q9I072,0.9713094766798057,0.5,True
3dl3__G2_Q5E3X2--3dl3__C1_Q5E3X2,0.7769269259583832,0.5,True
7yvz__A1_A7LPG5--7yvz__A2_A7LPG5,0.7586889149504519,0.5,True
4ia6__A1_Q5FL96--4ia6__B1_Q5FL96,0.9881085216167512,0.5,True
8bou__A1_A0A7G5MNS2--8bou__B1_A0A7G5MNS2,0.9827259953640316,0.5,True
5gk1__A1_Q7N4Z6--5gk1__B1_Q7N4Z6,0.9647327855863935,0.5,True
5x03__B1_P94426--5x03__A1_P94426,0.954744766744383,0.5,True
3gku__A1_D0VX24--3gku__B1_D0VX24,0.9602109509654535,0.5,True
1c81__A1_P07953--1c81__A2_P07953,0.6237237250774217,0.5,True
1k3e__B1_P58233--1k3e__A1_P58233,0.9707976494530424,0.5,True
6u18__A1_Q9EVJ6--6u18__B1_Q9EVJ6,0.966507750492729,0.5,True
7wpy__A1_A0A097ZPD5--7wpy__C1_A0A097ZPD5,0.9527391546843862,0.5,True
7xn2__A1_Q8YR38--7xn2__A2_Q8YR38,0.9604331996824761,0.5,True
3uws__B1_A7A9N3--3uws__A1_A7A9N3,0.3618549872928344,0.5,True
4u04__B1_Q9BVA6--4u04__A1_Q9BVA6,0.8763704603447857,0.5,True
2kin__A1_P56536--2kin__B1_Q6QLM7,0.29065797728233556,0.5,False
3ulc__A1_Q08236--3ulc__A2_Q08236,0.6536015999236341,0.5,True
8b2a__A1_Q2YWJ9--8b2a__A2_Q2YWJ9,0.9924583485826457,0.5,True
8qff__A1_K9TLZ5--8qff__A2_K9TLZ5,0.945209363831627,0.5,True
8c8c__A1_P48426--8c8c__A2_P48426,0.9579126937402258,0.5,True
8iup__B1_A9A1Y1--8iup__A1_A9A1Y1,0.9763729061032459,0.5,True
3o7o__A1_Q9S5X8--3o7o__B1_Q9S5X8,0.7605522919515016,0.5,True
4bg8__A1_Q8TX37--4bg8__B1_Q8TX37,0.961191596781918,0.5,True
7qxo__A1_G8UIQ1--7qxo__B1_G8UIQ1,0.9202619811788245,0.5,True
4xiz__A1_Q05776--4xiz__D1_O60200,0.8506474473450876,0.5,False
7pwe__A1_Q6AL91--7pwe__B1_Q6AL91,0.8686394526624261,0.5,True
6uxu__A1_E2JB04--6uxu__B1_E2JB04,0.8398247846579545,0.5,True
3bid__A1_Q7DDI1--3bid__B1_Q7DDI1,0.8253506896928708,0.5218405883971756,True
4f7w__A1_B5XYG3--4f7w__B1_B5XYG3,0.9267378059260278,0.5,True
2rae__A1_Q0S3N9--2rae__A2_Q0S3N9,0.9165882442654161,0.5,True
7yn1__A1_E9JES9--7yn1__C1_E9JES9,0.7839636305939556,0.5,True
3t7y__A1_O84093--3t7y__B1_O84093,0.8872961713268273,0.5,True
7u6p__A1_P11926--7u6p__B1_P11926,0.8136186580409887,0.5,True
4mis__A1_Q57ES7--4mis__B1_Q57ES7,0.9190241718889884,0.5,True
2blf__A1_Q9LA16--2blf__B1_Q9LA15,0.885846527507275,0.5,False
3ke3__A1_Q4FVA8--3ke3__A2_Q4FVA8,0.9724715074718359,0.5,True
7ywc__A1_Q9L0T8--7ywc__B1_Q9L0T8,0.9814524061793641,0.5,True
4wwr__B1_P46379--4wwr__A1_P11441,0.5828852293563227,0.5,False
7r0d__B1_Q9NV35--7r0d__A1_Q9NV35,0.963180473285068,0.5,True
8w6x__A1_P21852--8w6x__B1_P21853,0.8941486819106055,0.5,False
3fmf__A1_P9WPQ5--3fmf__B1_P9WPQ5,0.8776281212299966,0.5,True
2xrm__A1_D0AB41--2xrm__A2_D0AB41,0.9614901494363048,0.5,True
4xj7__A1_P66881--4xj7__B1_P66881,0.9525795573958187,0.5,True
7yrt__E1_H9L4P6--7yrt__A1_H9L4P6,0.9181851833707498,0.5,True
7tye__A1_P0A7J0--7tye__A2_P0A7J0,0.9323268586907079,0.5,True
2zvd__B1_Q9RBY1--2zvd__A1_Q9RBY1,0.9972462690238821,0.5,True
3mtw__A1_Q9A4Z9--3mtw__A2_Q9A4Z9,0.9789981067029453,0.5,True
3n2o__A1_Q7MK24--3n2o__B1_Q7MK24,0.8090582248116118,0.5,True
7ywd__A1_Q8TB36--7ywd__A2_Q8TB36,0.725199228841936,0.5,True
5upq__A1_A0A0A0V031--5upq__B1_A0A0A0V031,0.9423472988801086,0.5,True
1vgu__A1_Q46893--1vgu__B1_Q46893,0.9298041924900142,0.5,True
7pxo__A1_F4F7G1--7pxo__C1_F4F7G1,0.9570208070617906,0.5,True
2dp9__A1_Q5SM30--2dp9__A2_Q5SM30,0.6058225069198082,0.5,True
8a7l__A1_M1JS91--8a7l__A2_M1JS91,0.9387384318180665,0.5,True
7uqv__A1_A0A0L6JSP1--7uqv__B1_A0A0L6JSP1,0.901780233942399,0.5,True
5d1r__A1_P9WMC9--5d1r__B1_P9WMC9,0.9237718559133486,0.5,True
3f6q__A1_Q13418--3f6q__B1_P48059,0.9268172457722343,0.5,False
8cok__B1_Q9NXR8--8cok__A1_Q9NXR8,0.725662265464333,0.5,True
1wz3__A1_Q9LVK3--1wz3__B1_Q9LVK3,0.29242604634124003,0.5,True
1nw1__A1_Q22942--1nw1__B1_Q22942,0.9591676383243747,0.5,True
1hrp__B1_P0DN86--1hrp__A1_P01215,0.8228685492236378,0.5,False
3qf4__B1_Q9WYC4--3qf4__A1_Q9WYC3,0.9377207514522377,0.5,False
7y4o__B1_A0A0G2JZC4--7y4o__A1_A0A0G2JZC4,0.6556950139309742,0.5,True
8hns__A1_A0A377JKY9--8hns__A2_A0A377JKY9,0.2677537501589379,0.5,True
3mpn__A1_O67854--3mpn__A2_O67854,0.9649466556616455,0.5,True
6vlg__A2_Q9WTS2--6vlg__C1_Q9WTS2,0.9343107442657292,0.5,True
1v71__A1_O59791--1v71__A2_O59791,0.98102931772246,0.5,True
3fpk__A1_Q8ZKP5--3fpk__B1_Q8ZKP5,0.9151428343133803,0.5,True
8eb3__A1_K2K6A3--8eb3__B1_K2K6A3,0.9631092635360534,0.5,True
4z1i__C1_Q12931--4z1i__A1_Q12931,0.9105846591344617,0.5,True
8pz3__A1_D7SFB8--8pz3__B1_D7SFB8,0.29675264233412585,0.5,True
5vpb__B1_P17535--5vpb__A1_P53539,0.7897129158822515,0.5,False
8bt3__A1_Q6F0T5--8bt3__A2_Q6F0T5,0.8883946726052458,0.5,True
1r7h__A1_O69271--1r7h__B1_O69271,0.4540067457263177,0.5,True
4oag__A1_Q8BGV8--4oag__B1_Q8BGV8,0.654738751486865,0.5,True
5bo9__A1_O43173--5bo9__B1_O43173,0.8791461308741777,0.5,True
7kws__A1_Q0P8H3--7kws__B1_Q0P8H3,0.987878412990616,0.5,True
4qa0__A1_Q9BY41--4qa0__B1_Q9BY41,0.9735350606370567,0.5,True
6epi__B1_D5K9G7--6epi__A1_D5K9E3,0.8751593512819863,0.5,False
6z2f__B1_Q16222--6z2f__A1_Q16222,0.6957806232361156,0.5,True
7qgs__B1_Q09472--7qgs__A1_Q16665,0.30542735418157396,0.5,False
7tz7__A1_P42336--7tz7__B1_P27986,0.8439870286003037,0.5,False
2zl1__A1_Q9UHA4--2zl1__B1_Q9JHS3,0.9392636788334946,0.5,False
4ija__A1_A0A0H3JS71--4ija__B1_A0A0H3JS71,0.9756950898542024,0.5,True
3ijt__B1_Q8DVN6--3ijt__A1_Q8DVN6,0.8820774049192222,0.5,True
7qgt__A1_P35520--7qgt__B1_P35520,0.8822412311516562,0.5,True
8i4q__A1_Q8NQI2--8i4q__B1_Q8NQI2,0.9602047065406967,0.5,True
5lxv__A1_G9FCX2--5lxv__B1_A0A1L1QK37,0.8600857345801949,0.5,False
8h25__A1_A0A5R8LFD3--8h25__C1_A0A5R8LFD3,0.9629708504882069,0.5,True
6kjl__A1_Q9RC94--6kjl__B1_Q9RC94,0.868141431727047,0.5,True
5f3o__A1_C4LU64--5f3o__B1_C4LU64,0.8670043348683407,0.5,True
8arv__A1_Q9HW35--8arv__B1_Q9HW35,0.8110764459886277,0.5,True
2i1a__B1_P40087--2i1a__A1_P40087,0.8799174491480644,0.5,True
2y9x__A1_C7FF04--2y9x__E1_G1K3P4,0.8425722128689488,0.5,False
8waa__A1_P29401--8waa__B1_P29401,0.9602756491099071,0.5,True
6n2f__B1_Q94A94--6n2f__A1_Q94A94,0.8443217379583283,0.5,True
8b08__B1_P0A2K1--8b08__A1_P00929,0.9198542150939792,0.5,False
5ja2__A1_P11454--5ja2__B1_Q9I169,0.8287527002229406,0.5,False
4g3w__A1_O66591--4g3w__A2_O66591,0.7784646049157018,0.5,True
5cm2__A1_Q6C999--5cm2__B1_Q6C4P5,0.9497079066996346,0.5,False
6g70__B1_Q8K2Z2--6g70__A1_Q8K2Z2,0.7525882579341784,0.5,True
7xac__A1_P47929--7xac__B1_P47929,0.8754687839084202,0.5,True
2zz8__A1_O34094--2zz8__B1_O34094,0.646573970280846,0.5,True
8b8h__A1_P9WQA9--8b8h__B1_P9WQA9,0.886518952952245,0.5,True
7u2s__A1_A0A2W1NDJ7--7u2s__B1_A0A2W1NDJ7,0.9388925360348422,0.5,True
1d2g__A1_P13255--1d2g__B1_P13255,0.5869262745564039,0.5,True
1sc1__A1_P29466--1sc1__B1_P29466,0.3359021295828428,0.5,True
5amt__A1_A0Q7H2--5amt__A2_A0Q7H2,0.9367487604547503,0.5,True
7qfz__B1_B7L3Y3--7qfz__A1_B7L3Y3,0.6999659408365789,0.5,True
3hml__A1_A6T9H1--3hml__B1_A6T9H1,0.9666533916211828,0.5,True
1xk6__A1_P31572--1xk6__C1_P31572,0.8957754452309805,0.5,True
7r3s__A1_A0A4R2M5S2--7r3s__B1_A0A4R2M5S2,0.8458400850446235,0.5,True
2grx__A1_P06971--2grx__C1_P02929,0.6741973572454157,0.5,False
7vsf__A1_P25440--7vsf__B1_P25440,0.3980449329473072,0.5,True
3q34__A1_Q48EL2--3q34__C1_Q48EL2,0.7148306261578151,0.5,True
4r2k__A1_Q8ZP84--4r2k__A2_Q8ZP84,0.9523934685829837,0.5,True
3cgw__A1_Q8PVT6--3cgw__A2_Q8PVT6,0.979065256546437,0.5,True
7r2f__A1_P21836--7r2f__B1_P21836,0.9760870305022266,0.5,True
4g19__A1_I6ZUH3--4g19__B1_I6ZUH3,0.9916649546878293,0.5,True
3dg8__C1_P13922--3dg8__A1_P13922,0.3487958418412135,0.5,True
6m10__A1_Q9HUW0--6m10__C1_Q9HUW0,0.8859865937866871,0.5,True
8tt2__B1_Q4K977--8tt2__A1_Q4K977,0.9595975898939858,0.5,True
1h31__A1_Q939U1--1h31__B1_Q939U4,0.8917684684993594,0.5,False
7p7i__B1_R8APY9--7p7i__A1_R8APY9,0.9848513730108395,0.5,True
3hzu__A1_P9WHF7--3hzu__A2_P9WHF7,0.9538782636816485,0.5,True
7xgs__A1_Q9FVC1--7xgs__A2_Q9FVC1,0.8344423209082069,0.5,True
6iju__A1_Q9KJN4--6iju__A2_Q9KJN4,0.2651939182556755,0.5,True
4kqd__B1_P06626--4kqd__A1_P06626,0.8718255779788464,0.5,True
2fu3__B1_Q03555--2fu3__A1_Q03555,0.7249455247547184,0.5,True
1jgt__B1_P0DJQ7--1jgt__A1_P0DJQ7,0.9649589135221622,0.5,True
6l4b__A1_Q9UGV2--6l4b__C2_Q9UGV2,0.8485447554130201,0.5,True
3lzk__A1_Q92LT4--3lzk__B1_Q92LT4,0.9446687765111347,0.5,True
1ht8__A1_P05979--1ht8__B1_P05979,0.8515159439167131,0.5,True
1z8h__A1_Q8YWS4--1z8h__B1_Q8YWS4,0.9460817721845312,0.5,True
8gk6__A1_W6USS8--8gk6__E1_W6USS8,0.9334982770620672,0.5,True
4mjf__A1_A6L2I4--4mjf__A2_A6L2I4,0.9516114617924573,0.5,True
7m4s__A1_Q8YLC3--7m4s__D1_Q8YLC3,0.8834246293378004,0.5,True
6fju__A1_E6N8B9--6fju__B1_E6N8B9,0.9556885988606227,0.5,True
6lgq__A1_P21865--6lgq__B1_P21866,0.7933628730516087,0.5,False
2y27__B1_B4E7B5--2y27__A1_B4E7B5,0.985573226564616,0.5,True
2tdx__A1_P0DJL7--2tdx__A2_P0DJL7,0.985924574119815,0.5,True
8fj8__A1_P02638--8fj8__A2_P02638,0.8975892146834867,0.49952267303102627,True
3uv0__B1_Q9W061--3uv0__A1_Q9W061,0.2328697035985576,0.5,True
8alo__B1_P24003--8alo__A1_P15795,0.784512334522361,0.5,False
6xa0__A1_D1A230--6xa0__B1_D1A230,0.9587298817987525,0.5,True
1zbo__B1_Q7WAM7--1zbo__A1_Q7WAM7,0.8193103855603856,0.5,True
6xb5__A1_A0A7E5VPD6--6xb5__B1_A0A7E5VPD6,0.8803888043225104,0.5,True
8duy__D1_A0A0H3GVN6--8duy__A1_A0A0H3GVN6,0.9754466118960078,0.5,True
7th5__A1_Q5SLG6--7th5__B1_Q5SLG6,0.7705953805848109,0.5,True
3t2l__A1_Q5LE95--3t2l__A2_Q5LE95,0.32872531115668807,0.5,True
3uet__A1_B7GNN8--3uet__B1_B7GNN8,0.9234475841015801,0.5,True
8fdb__B1_Q12KP2--8fdb__A1_Q12KP2,0.8862322767487205,0.5,True
6ok3__A1_C3X9N1--6ok3__B1_C3X9N1,0.7377948471863637,0.5,True
8hp3__A1_A0A2K0XCZ3--8hp3__B1_A0A2K0XCZ3,0.9315070303461515,0.5,True
7xkg__A1_A7NHS9--7xkg__B1_A7NHS9,0.9206666875244164,0.5,True
1l7e__A1_Q2RSB2--1l7e__B1_Q2RSB2,0.9524342826114359,0.5,True
8hn2__A1_Q9F722--8hn2__B1_Q9F722,0.8137871689110533,0.5,True
8gst__A1_Q1NEI7--8gst__B1_Q1NEI7,0.9764578317549945,0.5,True
7cq3__A1_P38324--7cq3__B1_Q12098,0.7432222452249613,0.5,False
5htf__A1_Q8Y759--5htf__B1_Q8Y759,0.9652508124093109,0.5,True
6c90__A1_P42285--6c90__B1_Q6NZY4,0.7534400206209845,0.5,False
6e1j__A1_C5J4P1--6e1j__B1_C5J4P1,0.7970497311450817,0.5,True
3ccd__A1_P0AA04--3ccd__B1_P0AA04,0.6495911295911296,0.5,True
3dzl__B1_Q396C9--3dzl__A1_Q396C9,0.89763594952293,0.5,True
2y1h__B1_Q17R31--2y1h__A1_Q17R31,0.868402496682823,0.5,True
7lfs__A1_P00533--7lfs__E1_O14944,0.7244893328544506,0.5,False
6jiw__A1_A0A0H3JU78--6jiw__A2_A0A0H3JU78,0.8876443024208166,0.5,True
8ees__A1_A0A0H3GMB7--8ees__B1_A0A0H3GMB7,0.9942711689573013,0.5,True
4a5b__B1_Q27895--4a5b__A1_Q27895,0.8979269256845556,0.5,True
3nb6__A1_O66874--3nb6__A2_O66874,0.6142609084158913,0.5,True
5f8c__A1_O53532--5f8c__A2_O53532,0.9485388348610337,0.5,True
8jt3__A1_H8Y6N2--8jt3__C1_H8Y6N2,0.9367529485581156,0.5,True
1ije__A1_P02994--1ije__B1_P32471,0.7175503022310595,0.5,False
6on4__A1_P0A8W0--6on4__B1_P0A8W0,0.9016350953912712,0.5,True
4zvc__A1_P0AA89--4zvc__B1_P0AA89,0.9762442973950876,0.5,True
4qoa__A1_A7VAB9--4qoa__A2_A7VAB9,0.39934095671177394,0.5,True
6wmv__A1_U5WZP7--6wmv__B1_U5WZP7,0.8993994312294475,0.5,True
3e3c__A1_Q7DB61--3e3c__B1_Q7DB61,0.9316001430171043,0.5,True
6ekk__A1_Q8TEH3--6ekk__C1_Q15286,0.5344376211750335,0.5,False
8a9w__A1_P15751--8a9w__A2_P15751,0.9940033234469576,0.5,True
2gj9__A1_P25522--2gj9__B1_P25522,0.9550593137318887,0.5,True
3cm7__C1_P98170--3cm7__D1_P98170,0.9837068356308546,0.5,True
8f5v__A1_O53728--8f5v__B1_O53728,0.9745720787972206,0.5,True
1ecj__A1_P0AG16--1ecj__B1_P0AG16,0.8881931505895589,0.5,True
3s5r__A1_Q2LS68--3s5r__B1_Q2LS68,0.8999357650644866,0.5,True
3im3__A1_P00514--3im3__A2_P00514,0.9686907856445803,0.5,True
4mcj__B1_A6L9R1--4mcj__A1_A6L9R1,0.9576396295512654,0.5,True
7vw1__B1_V5J1S8--7vw1__A1_V5J1S8,0.9399939270531918,0.5,True
3p12__A1_Q2G1A5--3p12__D1_Q2G1A5,0.9039158295888128,0.5,True
8aq0__A1_Q6DTN4--8aq0__B1_Q6DTN4,0.9651845905440269,0.5,True
3wpm__A1_G2IKE5--3wpm__B1_G2IKE5,0.8953933875171836,0.5,True
7xof__B1_Q0DFB6--7xof__A1_Q0DFB6,0.8782790168525978,0.5,True
8a8f__A1_P32598--8a8f__B1_P42073,0.7402644431524694,0.5,False
3qta__A1_Q5V4K4--3qta__B1_Q5V4K4,0.9906168796938859,0.5,True
8oqj__B1_P06959--8oqj__A1_P06959,0.6852499685019529,0.5,True
1tbp__A1_P13393--1tbp__B1_P13393,0.5339439046917153,0.5,True
7qfk__C1_Q5FLN0--7qfk__A1_Q5FLN0,0.9203672167755772,0.5,True
7r3o__B1_Q460N3--7r3o__A1_Q460N3,0.7873498662542295,0.5,True
1wli__A1_Q46604--1wli__B1_Q46604,0.9449782818532819,0.5,True
8b3e__A1_M4SY06--8b3e__A2_M4SY06,0.8283137111819933,0.5,True
1d8i__A1_O13297--1d8i__A2_O13297,0.6429855292049003,0.5,True
8eh0__B1_P50909--8eh0__A1_P50909,0.9602351296978929,0.5,True
3seo__B1_Q87GE5--3seo__A1_Q87GE5,0.8300468000068321,0.5,True
3iey__B1_Q74MS9--3iey__A1_Q74MP4,0.958556454416076,0.5,False
4yto__B1_Q15431--4yto__A1_Q15431,0.8347449238348336,0.5,True
6csm__A1_L1J207--6csm__B1_L1J207,0.9548452394587119,0.5,True
4ndt__A1_A7UNK4--4ndt__A2_A7UNK4,0.6027532896969099,0.5,True
8j3p__A1_B9WHT3--8j3p__A2_B9WHT3,0.984900948480894,0.5,True
7pv7__B1_Q7MVV4--7pv7__A1_Q7MVV4,0.9169299366382565,0.5,True
7uj6__A1_Q8RMD9--7uj6__B1_Q8RMD9,0.9258666238639294,0.5,True
3k9i__A1_Q9KFK0--3k9i__A2_Q9KFK0,0.9619420001767345,0.5,True
7z1s__A1_A0A3Q7HTY9--7z1s__A2_A0A3Q7HTY9,0.9288856717641014,0.5,True
2e89__A1_O67728--2e89__B1_O67728,0.9611974903566132,0.5,True
2woz__A1_Q9ER30--2woz__A2_Q9ER30,0.6119680391711207,0.5,True
7xxs__A1_B2CKP3--7xxs__B1_B2CKP3,0.9322401420613491,0.5,True
8fir__A1_O83132--8fir__B1_O83132,0.9793726479017858,0.5,True
3i6s__A1_O82777--3i6s__B1_O82777,0.972568578553616,0.5,True
7yhe__B1_A6YEH4--7yhe__A1_A6YEH4,0.9096885416356746,0.5,True
1ku2__A1_Q9EZJ8--1ku2__B1_Q9EZJ8,0.639431145314787,0.5,True
6qwo__B1_Q9S5W7--6qwo__A1_Q9S5W7,0.9675336822061839,0.5,True
1mxi__A1_P44868--1mxi__A2_P44868,0.9315467751703901,0.5,True
2vhl__A1_O34450--2vhl__A2_O34450,0.9850533225762109,0.5,True
5wan__A1_P75898--5wan__A2_P75898,0.9812281432164716,0.5,True
4x7z__B1_Q49492--4x7z__A1_Q49492,0.9821316628317839,0.5,True
6a1k__A1_P71018--6a1k__B1_P71018,0.961811831313257,0.5,True
7pjh__A1_Q9Y312--7pjh__B1_Q6P2Q9,0.8712079395551504,0.5,False
4joi__A1_Q9H668--4joi__C1_Q86WV5,0.9286263297432691,0.5,False
8axz__A1_P31153--8axz__A2_P31153,0.9588665400461297,0.5,True
8ogi__B1_P11678--8ogi__A1_P11678,0.33733991082983095,0.5,True
8cxl__A1_A7KH32--8cxl__B1_A7KH32,0.9157704294905771,0.5,True
7win__B1_Q9UIF8--7win__A1_Q9UIF8,0.4688627486828932,0.5,True
7b80__A1_G3I8R9--7b80__B1_Q9BVA6,0.6755964862118298,0.5,False
4bwv__A1_Q8L5D0--4bwv__B1_Q8L5D0,0.7253177650716691,0.5,True
7drj__A1_P63756--7drj__B1_P63756,0.9046436172372972,0.5,True
3qth__A1_Q47ZP9--3qth__B1_Q47ZP9,0.9511127265468197,0.5,True
8b28__A1_F6GSX7--8b28__A2_F6GSX7,0.8133013360976884,0.5,True
6scx__A1_Q9BQG2--6scx__B1_Q9BQG2,0.8486468369650688,0.5,True
8hpc__A1_P60327--8hpc__H1_P60327,0.9662987174900532,0.5,True
5n76__A1_P72320--5n76__B1_P72320,0.9590602465689696,0.5,True
3cq3__A1_Q53W28--3cq3__A2_Q53W28,0.5884718430121382,0.5,True
3kbu__A1_P11277--3kbu__D1_P16157,0.733457982271957,0.5,False
7pck__A1_P43235--7pck__C2_P43235,0.9820454524449866,0.5,True
5o4z__A1_Q9X1T1--5o4z__A2_Q9X1T1,0.9802156373251597,0.5,True
1vla__A1_Q9X021--1vla__B1_Q9X021,0.8960315280131328,0.5,True
5oed__A1_Q6EAT3--5oed__B1_Q13637,0.7915149218997963,0.5,False
7yva__A1_Q9URB4--7yva__B1_Q9URB4,0.9825639232287563,0.5,True
7s6n__B1_Q5RGJ8--7s6n__A1_Q5RGJ8,0.5924954667880192,0.5,True
4cz8__A1_Q9UZ55--4cz8__B1_Q9UZ55,0.9643614716325615,0.5,True
6ebn__A1_A0A4P1LYB6--6ebn__B1_A0A4P1LYB6,0.9435248331542968,0.5,True
3lf4__B1_D1MPT3--3lf4__A1_D1MPT3,0.324773232165388,0.5,True
3ffe__B1_Q93AT8--3ffe__A1_Q93AT8,0.9099494653832554,0.5,True
7zg6__A1_A0A2J0RDY6--7zg6__B1_A0A2J0RDY6,0.9161976031988848,0.5087719298245614,True
8f4q__A1_Q00972--8f4q__A2_Q00972,0.8119690736636962,0.5,True
4rz3__A1_A4IMB4--4rz3__B1_A4IMB4,0.8635334043759136,0.5,True
8f8k__A1_O53507--8f8k__A2_O53507,0.9752701953621573,0.5,True
3zw5__A1_A6NK44--3zw5__B1_A6NK44,0.7855796259842521,0.5,True
6l3q__B1_G0SEI5--6l3q__A1_G0SEI5,0.9610736894716059,0.5,True
8ag8__A1_A0A1I5SVP7--8ag8__A2_A0A1I5SVP7,0.9313370846730976,0.5,True
2i2w__A1_P63224--2i2w__D1_P63224,0.9715179037177136,0.5,True
2f22__B1_Q9RC77--2f22__A1_Q9RC77,0.9487889395996576,0.5,True
3tng__A1_Q8Y7B7--3tng__A2_Q8Y7B7,0.9581731221059171,0.5,True
8gr8__B1_P08679--8gr8__A1_P08679,0.9680635113915272,0.5,True
7ae8__A1_A0A0B0QJR1--7ae8__B1_A0A0B0QJR1,0.9571966440552463,0.5,True
2w54__B1_O54051--2w54__A1_O54050,0.9408606553716492,0.5,False
4b0z__A1_P50524--4b0z__B1_P50524,0.9644311492281303,0.5,True
2re7__A1_Q4FV99--2re7__A2_Q4FV99,0.9339574613115209,0.5,True
8h0t__A1_O34614--8h0t__A2_O34614,0.9907901667500143,0.5,True
1te2__A1_P77247--1te2__B1_P77247,0.9935193727383321,0.5,True
7xt2__A1_Q6ZMU5--7xt2__B1_Q6ZMU5,0.9104014848159052,0.5,True
1ev7__A1_P50187--1ev7__B1_P50187,0.9024581337330319,0.5,True
1ogl__A1_O15923--1ogl__A2_O15923,0.9517032852584131,0.5,True
3lrt__B1_Q97CA5--3lrt__A1_Q97CA5,0.9761360417026392,0.5,True
3fou__A1_Q5SGZ9--3fou__B1_Q5SGZ9,0.8685830201426106,0.5,True
5jnq__A1_R0BTE9--5jnq__A2_R0BTE9,0.9369102829974297,0.5,True
4g12__A1_A5U5K3--4g12__B1_A5U5K3,0.9680553410670325,0.5,True
3evj__B1_P01008--3evj__A1_P01008,0.7662753084951199,0.5,True
2oq2__B1_P18408--2oq2__A1_P18408,0.9891549521217251,0.5,True
8he6__A1_Q8YSS0--8he6__B1_Q8YSS0,0.9766087059612352,0.5,True
2xij__A1_P22033--2xij__A2_P22033,0.94749437714277,0.5,True
1nr5__A1_P07547--1nr5__A2_P07547,0.9651155695706223,0.5,True
1gmj__A1_P01096--1gmj__B1_P01096,0.9758527580316306,0.5,True
4yba__B1_Q93K36--4yba__A1_Q93K36,0.9851244610970011,0.5128205128205128,True
8ok7__A1_M4T0B2--8ok7__D1_M4T0B2,0.9468185006098715,0.5,True
7f76__B1_A0A223KLJ1--7f76__A1_A0A223KLJ1,0.8669382767494637,0.5,True
7vp6__A1_Q9C9L2--7vp6__B1_Q9C9L2,0.6730625116051161,0.5,True
8jmq__A1_A9CQD5--8jmq__B1_A9CQD3,0.8894151668505765,0.5,False
7zgt__A1_W8R3D8--7zgt__B1_W8R3D8,0.9628554684545594,0.5,True
7xgt__B1_Q6H8B1--7xgt__A1_Q6H8B1,0.9885948451917257,0.5,True
3i2t__A1_P04412--3i2t__A2_P04412,0.765288025874614,0.5,True
8tjk__A1_A0A0F7G196--8tjk__B1_A0A0F7G196,0.9655629709234236,0.5,True
7wt0__A1_Q04760--7wt0__B1_Q04760,0.8685463365454743,0.5,True
3if0__A1_Q74MS9--3if0__A2_Q74MS9,0.9871553434866105,0.5,True
3qrh__A1_Q8SSM8--3qrh__A2_Q8SSM8,0.9272637401141256,0.5,True
8q70__A1_Q8U2C1--8q70__A2_Q8U2C1,0.9507899364301793,0.5,True
7vso__A1_P02945--7vso__A2_P02945,0.944793355051315,0.5,True
5f8b__A1_Q4WB03--5f8b__A2_Q4WB03,0.9638069112819019,0.5,True
8ax0__A1_A0A384E145--8ax0__B1_A0A384E145,0.9758107785383338,0.5,True
7r5y__E2_R7PD89--7r5y__A1_R7PD89,0.9816739879246883,0.5,True
7qow__B1_Q93P54--7qow__A1_Q93P54,0.9392583674276062,0.5,True
5il7__A1_Q8KC98--5il7__B1_Q8KC98,0.7491684058404462,0.5,True
3ct9__B1_Q8A1V9--3ct9__A1_Q8A1V9,0.9825284692037927,0.5,True
8pvm__A1_P29166--8pvm__B1_P29166,0.8816799482058802,0.5,True
8ct0__F1_S4S3E3--8ct0__A1_S4S3E3,0.9306281309822028,0.5,True
3q2j__B1_P0A3Y5--3q2j__A1_P0A3Y5,0.6609753415530437,0.5,True
7xzp__B1_A0A379CIH2--7xzp__A1_A0A379CIH2,0.9779114625539747,0.5,True
3qvf__A1_Q56187--3qvf__A2_Q56187,0.9615744827603956,0.5,True
6gxs__A1_Q7NZ70--6gxs__D1_Q7NZ70,0.5817380545492383,0.5,True
2hr8__A1_O58456--2hr8__B1_O58456,0.9224584555229716,0.5,True
2zyf__A1_O87198--2zyf__A2_O87198,0.8841188638650478,0.5,True
7s3v__A1_Q16719--7s3v__A2_Q16719,0.9817795024448935,0.5,True
6a29__A1_O32504--6a29__B1_O32504,0.7580344101283722,0.5,True
4ml6__C1_A6GV51--4ml6__A1_A6GV51,0.9401870350115641,0.5,True
4cht__A1_Q13472--4cht__B1_Q9H9A7,0.6865072798870648,0.5,False
1n4p__B1_P53610--1n4p__A1_Q04631,0.8909647302325802,0.5,False
1tec__A1_P04072--1tec__B1_P01051,0.949690396641823,0.5,False
8p1h__A1_E7EX29--8p1h__B2_E7EX29,0.8924618353137804,0.5,True
6b9t__A1_A9A1T2--6b9t__B1_A9A1T2,0.8752423705311003,0.5,True
3g0k__A1_Q2G4A7--3g0k__A2_Q2G4A7,0.9160533452977737,0.5,True
8hy5__A1_P14920--8hy5__B1_P14920,0.8605266614085987,0.5,True
8fts__A1_R9UTR3--8fts__A2_R9UTR3,0.9657755188370197,0.5,True
1jrk__A1_Q8ZTD8--1jrk__B1_Q8ZTD8,0.9518832062980762,0.5,True
2ejn__A1_P30440--2ejn__B1_P30440,0.7658626040344195,0.5,True
8ju7__A1_Q9I2U4--8ju7__B1_Q9I2U4,0.930639136750363,0.5,True
3nel__A1_Q52428--3nel__B1_Q52428,0.9710003290762915,0.5,True
2dc1__A1_O28440--2dc1__B1_O28440,0.9735658198701065,0.5,True
8fzk__B1_P52292--8fzk__A1_P52292,0.635201873261685,0.5,True
3wnz__A1_P39641--3wnz__A2_P39641,0.957840538324414,0.5,True
8e1u__A1_A0A160VN62--8e1u__F2_A0A160VN62,0.9506433043864072,0.5,True
1v7c__A1_P83823--1v7c__B1_P83823,0.9455653390375027,0.5,True
3egg__A1_P62136--3egg__C1_O35274,0.7117406315722867,0.5,False
4yke__B1_G0RYR3--4yke__A1_G0RYR3,0.9006499432336834,0.5,True
1tq9__A1_P00669--1tq9__B1_P00669,0.5375359377410875,0.5,True
4oh3__B1_Q05085--4oh3__A1_Q05085,0.9409456295469434,0.5,True
4q62__A1_Q5ZUB7--4q62__A2_Q5ZUB7,0.8019143709920099,0.5,True
2we5__A1_P0A2X7--2we5__B1_P0A2X7,0.9595745393575547,0.5,True
5t51__A1_Q6CLK3--5t51__B1_Q6CPD1,0.9168906619887012,0.5,False
3i0z__A1_A0A0H2UN25--3i0z__B1_A0A0H2UN25,0.8966624936366199,0.5,True
8p6k__A1_A0A0H2UWN1--8p6k__B1_A0A0H2UWN1,0.9272643179172321,0.5,True
7z9z__A1_P02754--7z9z__A2_P02754,0.9550839984949492,0.5,True
6d0i__A1_A0A0C5XL88--6d0i__B1_A0A0C5XKJ0,0.8371352383940125,0.5,False
3gs3__A1_Q8MSU4--3gs3__A2_Q8MSU4,0.21463010549694322,0.5,True
2f4m__A1_Q9JI78--2f4m__B1_P54728,0.8138888974728856,0.5,False
4yh8__A1_Q09176--4yh8__B1_P36629,0.8445875145705741,0.5,False
1e44__B1_P00646--1e44__A1_P02984,0.8021717377909123,0.5,False
2yri__A1_Q5SLX0--2yri__B1_Q5SLX0,0.9848178046438947,0.5,True
1gcj__A1_P70168--1gcj__B1_P70168,0.5913367897687427,0.5,True
7qbp__A1_A4F7B2--7qbp__A2_A4F7B2,0.9558558332625797,0.5,True
4hdd__A1_P09391--4hdd__A2_P09391,0.5204237159750149,0.5,True
3e4q__A1_P13633--3e4q__B1_P13633,0.8684739850924719,0.5,True
8ein__B1_Q6FCQ4--8ein__A1_Q6FCQ4,0.9895675882208455,0.5,True
1zmb__A1_Q97LM8--1zmb__B1_Q97LM8,0.9070090263669113,0.5,True
6ygu__A1_G0RZ64--6ygu__B1_G0S1V1,0.6126273984242155,0.5,False
2yyh__A1_O67435--2yyh__B1_O67435,0.9741106662275608,0.5,True
5wk0__A1_A0A2C9TMM3--5wk0__A2_A0A2C9TMM3,0.9373016816742465,0.5,True
8h4j__A1_W8UQZ7--8h4j__D1_W8UQZ7,0.8976644710694555,0.5,True
1z83__A1_P00568--1z83__B1_P00568,0.947138342575605,0.5,True
8h2c__A1_Q0P8U0--8h2c__B1_Q0P8U0,0.946035527767715,0.5,True
2dkh__A1_Q6SSJ6--2dkh__A2_Q6SSJ6,0.8692891568338194,0.5,True
7c7e__A1_A0A0H3MRW3--7c7e__A2_A0A0H3MRW3,0.9876779898918571,0.5,True
3dpt__B1_Q8KC98--3dpt__A1_Q8KC98,0.9369008075096398,0.5,True
3fgw__A1_Q3TCN2--3fgw__A2_Q3TCN2,0.9259086860353853,0.5,True
7wh0__A1_Q9U2E4--7wh0__B2_Q9U2E4,0.9977135122103062,0.5,True
8dq3__A1_A0A142G3G1--8dq3__B1_A0A142G3G1,0.8530753204489382,0.5,True
6t2b__A1_B2UQL7--6t2b__C1_B2UQL7,0.9583385979232357,0.5,True
8jh0__B1_S2D3K4--8jh0__A1_S2D3K4,0.9019281982783984,0.5,True
7t2s__A1_A0A494K842--7t2s__A2_A0A494K842,0.9128446093320882,0.5,True
3frw__B1_A5ZMD8--3frw__A1_A5ZMD8,0.8564083141826397,0.5,True
5ab5__A1_C9ZUV7--5ab5__B1_C9ZUV7,0.9757188230900115,0.5,True
5myd__C2_A0A2D0TC86--5myd__A1_A0A2D0TC86,0.937798227299818,0.5,True
5cde__A1_Q8P839--5cde__B1_Q8P839,0.9572460874135323,0.5,True
6pi4__A1_A0R1Z9--6pi4__A2_A0R1Z9,0.4239123932923738,0.5,True
3ipf__A1_Q251Q8--3ipf__B1_Q251Q8,0.5256842546806811,0.4999465583582728,True
2p3y__A1_Q87I71--2p3y__B1_Q87I71,0.9586189492299124,0.5,True
5jbr__A1_C5C6I1--5jbr__B1_C5C6I1,0.9249228717693725,0.5,True
8ttz__A1_G8E2R2--8ttz__B2_G8E2R2,0.922311522915672,0.5,True
3vba__A1_Q58673--3vba__B1_Q58673,0.9766551225074998,0.5,True
4o6y__B1_Q9SWS1--4o6y__A1_Q9SWS1,0.8691254947305485,0.5,True
4e5r__A1_Q6IRB5--4e5r__A2_Q6IRB5,0.6634871332394972,0.5,True
7ywv__A1_Q0SBK1--7ywv__C1_Q0SBK1,0.9802064893608419,0.5,True
8eer__A1_P01116--8eer__A2_P01116,0.6759582973794795,0.5,True
3f84__B1_E3PPC4--3f84__A1_E3PPC4,0.4766631458650783,0.5,True
5mu7__A1_G0S6G7--5mu7__B1_G0S6I4,0.8139623749756956,0.5,False
8hfp__B1_Q96T68--8hfp__A1_Q8N8R7,0.6516010667237488,0.5,False
4rmn__B1_Q6NC13--4rmn__A2_Q6NC13,0.9047619213723583,0.5,True
3mx1__A1_Q46944--3mx1__A2_Q46944,0.9386692959450478,0.5,True
5gl5__A1_Q06321--5gl5__B1_Q06321,0.8138084968095772,0.5,True
8e77__A1_Q1QD54--8e77__A2_Q1QD54,0.9821457075549064,0.5,True
5gl4__A1_B6YTD8--5gl4__B1_B6YTD8,0.9778427247342725,0.5,True
7wf9__A1_Q3ZT31--7wf9__B1_Q3ZT31,0.26943082945449437,0.5,True
8fw0__B1_P39897--8fw0__A1_P39897,0.8958327163822493,0.5,True
8ou8__B1_P0A8M3--8ou8__A1_P0A8M3,0.9564198448843781,0.5,True
7acm__B1_P75811--7acm__A1_P75811,0.9278164598855898,0.5,True
4trb__A1_Q97W95--4trb__B1_Q97W95,0.9360773954269519,0.5,True
2ia9__B1_P28015--2ia9__A1_P28015,0.9332629678919431,0.5,True
3sy6__A1_Q5LE92--3sy6__B1_Q5LE92,0.9318243562959277,0.5,True
6xz3__A1_Q9H1K6--6xz3__A2_Q9H1K6,0.9884315405555741,0.5,True
2h8e__A1_P0AG74--2h8e__A2_P0AG74,0.7912272718717581,0.5,True
3gyx__A1_T2G6Z9--3gyx__B1_T2G899,0.8058856971229713,0.5,False
4e0u__A1_D1D8L6--4e0u__A2_D1D8L6,0.9938428226752173,0.5,True
6teu__A1_O60568--6teu__A2_O60568,0.9210188721380127,0.5,True
6xt5__B1_P49046--6xt5__A1_P49046,0.9762356715483113,0.5,True
8g1t__A1_Q07812--8g1t__B1_Q07812,0.21754538794572043,0.5,True
7xp7__B1_W9FXI8--7xp7__A1_W9FXI8,0.9546829221396033,0.5,True
8i55__A1_Q58380--8i55__B1_Q58380,0.9620111264576089,0.5075187969924813,True
1h65__A1_Q41009--1h65__A2_Q41009,0.9154891412309215,0.5,True
3ol4__A1_A0QRC4--3ol4__B1_A0QRC4,0.3421348217823488,0.5,True
8idq__A1_A0A0B8MZ29--8idq__C1_A0A0B8MZ29,0.9149743294572371,0.5,True
3f6g__B1_Q8F3Q1--3f6g__A1_Q8F3Q1,0.9018717682303089,0.5,True
6akj__B1_G2TRN4--6akj__A1_G2TRN4,0.9463754646840149,0.5,True
3qhy__B1_O87916--3qhy__A1_Q93T42,0.8856081882220972,0.5,False
4j5p__B1_P97612--4j5p__A1_P97612,0.9230423460694168,0.5,True
4icq__A1_A0A0H2UN95--4icq__B1_A0A0H2UN95,0.9779367337493232,0.5,True
1klf__B1_P08191--1klf__A1_P31697,0.8537121894338228,0.5,False
6y4l__A1_Q15006--6y4l__B1_Q9Y3B6,0.8962618558217398,0.5,False
6dex__B1_Q74ZQ8--6dex__A1_Q75DL0,0.9058464909230021,0.5,False
2z02__A1_Q58987--2z02__B1_Q58987,0.9821402193648312,0.5,True
4l7w__A1_Q7Z4H3--4l7w__A2_Q7Z4H3,0.9515805860114985,0.5,True
6tct__A1_Q9KL67--6tct__B1_Q9KL67,0.9110393856928887,0.5,True
6sul__A1_A8FAR5--6sul__B1_A8FAR5,0.9384880623300191,0.5,True
4qqv__A1_P26954--4qqv__B1_P26954,0.503358946982557,0.5,True
3l8d__A1_A0RD96--3l8d__A2_A0RD96,0.9408727756650479,0.5,True
7yqa__B1_A0A1C9ZZ39--7yqa__A1_A0A1C9ZZ39,0.8051350729598622,0.5,True
1b8m__B1_P34130--1b8m__A1_P23560,0.8037171476637364,0.5,False
1irq__B1_Q57468--1irq__A1_Q57468,0.8558567941415786,0.5,True
7xi6__A1_A5GXY1--7xi6__B1_A5GXY1,0.794931980172944,0.5065894207460473,True
7vrx__D1_A0A6J4AG16--7vrx__B1_A0A6J4AG16,0.8947388763987039,0.5,True
6iik__A1_P54578--6iik__B1_P54578,0.9957486675327036,0.5,True
3nau__A1_Q9Y6X8--3nau__B1_Q9Y6X8,0.13309279056961063,0.5,True
3cis__B1_P9WFD7--3cis__A1_P9WFD7,0.9413374343826655,0.5,True
4jzy__B1_O77059--4jzy__A1_O77059,0.9656726844813289,0.5,True
7yxg__A1_Q9VU77--7yxg__B1_Q9VU77,0.9799652806828594,0.5,True
5cio__A1_A0A1A9TAI5--5cio__B1_A0A1A9TAI5,0.9297166511265601,0.5,True
8jwj__A1_Q9DAG9--8jwj__B1_P62837,0.8468879736858012,0.5,False
6ia6__A1_A0A1C7D1B7--6ia6__A2_A0A1C7D1B7,0.6329031063429165,0.5,True
8h1g__A1_O67518--8h1g__A2_O67518,0.9875245340921635,0.5,True
6x61__A1_Q79V60--6x61__B1_Q8DMT2,0.7583536899067744,0.5,False
7x0d__A1_A5YW95--7x0d__B1_A5YW95,0.9593279600365777,0.5,True
1ghd__B1_O86089--1ghd__A1_O86089,0.35561966989693383,0.5,True
2x6f__A1_Q9W1M7--2x6f__B1_Q9W1M7,0.8800821254488088,0.5,True
8oik__A1_Q9UPU9--8oik__C1_Q9UPU9,0.7329430668531787,0.5,True
6nxl__A1_B4DV12--6nxl__E1_B4DV12,0.47244636768067266,0.5,True
8wmy__A1_A0A4U7IGH6--8wmy__B2_A0A4U7IGH6,0.9534048175384777,0.5,True
3trf__A1_Q83AJ3--3trf__A2_Q83AJ3,0.6700485406862982,0.5,True
5h4s__A1_A0A090BWT0--5h4s__A2_A0A090BWT0,0.7673178877860448,0.5,True
2zvb__A1_Q53WA6--2zvb__A2_Q53WA6,0.8989300750738523,0.5,True
8wa7__A1_P27302--8wa7__B1_P27302,0.9758259220015069,0.5,True
3b0z__B1_P40727--3b0z__A1_P40727,0.32584029604275366,0.5,True
4usp__A1_B3GA02--4usp__B1_B3GA02,0.8433997864417289,0.5,True
7cms__A1_P00953--7cms__B1_P00953,0.9836034853285044,0.5,True
7t8q__A1_Q7S860--7t8q__D1_Q7S860,0.8947846639161825,0.5,True
6j9k__A1_A0A425B3G2--6j9k__A2_A0A425B3G2,0.8389101772056868,0.5,True
7xp0__A1_Q9I5E1--7xp0__A2_Q9I5E1,0.8985582277768972,0.5,True
8ih4__A1_Q8WVV5--8ih4__B1_Q8WVV5,0.8151666162064908,0.5,True
1tfe__A1_P43895--1tfe__A2_P43895,0.9875606052554882,0.5,True
2a8f__A1_P15569--2a8f__B1_P15569,0.9235017517978978,0.5,True
4iwq__A1_Q9UHD2--4iwq__A2_Q9UHD2,0.835736776887674,0.5,True
5hs5__A1_Q2G0D1--5hs5__B1_Q2G0D1,0.9489487361209543,0.5,True
3v89__A1_Q9K0U9--3v89__B1_P02787,0.8383948252226495,0.5,False
8e3g__B1_P43026--8e3g__A1_P12643,0.8839347850929822,0.5,False
2w8b__A1_P0A855--2w8b__H1_P0A912,0.744624570061313,0.5,False
5f7p__B1_Q8YAF1--5f7p__A1_Q8YAF1,0.9678109330268447,0.5,True
8f71__B1_Q6N5G3--8f71__A1_Q6N5G3,0.9942579716282843,0.5,True
8hwi__B1_A0A327WNX5--8hwi__A1_A0A327WNX5,0.799716351411482,0.5,True
7r3i__B1_P54292--7r3i__A1_P54292,0.8734747493178048,0.5,True
8afj__A1_A0A179QS89--8afj__B1_A0A179QS89,0.9710341104240794,0.5,True
3pub__B1_E5EVW2--3pub__A1_E5EVW2,0.9045879213704171,0.5,True
8es5__A1_A0A0H2Z732--8es5__B1_A0A0H2Z732,0.9561948929300856,0.5,True
7txn__B1_Q8YVV6--7txn__A1_Q8YVV6,0.9550142860661592,0.5,True
3py6__A1_Q2YQ74--3py6__A2_Q2YQ74,0.9541578467760535,0.5,True
1hjr__A1_P0A814--1hjr__C1_P0A814,0.9435471116023415,0.5,True
8k3b__A1_A0A071KWR3--8k3b__A2_A0A071KWR3,0.8866342609206277,0.5,True
3w2z__A1_Q8YXY7--3w2z__A2_Q8YXY7,0.8722969419105842,0.5,True
8f78__A1_P55212--8f78__B1_P55212,0.8854946996466432,0.5,True
6wg4__A1_Q14683--6wg4__B1_Q9UQE7,0.8100494715531753,0.5,False
7zry__A1_O60341--7zry__B1_Q9UKL0,0.7489326099932108,0.5,False
1uix__A1_Q28021--1uix__B1_Q28021,0.9530090079334292,0.5,True
7vrc__A1_P38956--7vrc__B1_P22082,0.7723221386686219,0.5,False
1oz0__A1_P31335--1oz0__B1_P31335,0.9672560233094054,0.5,True
7eft__B1_P16926--7eft__A1_P16926,0.7622755664717118,0.5,True
8e2b__B1_Q2FYI5--8e2b__A1_Q2FYI5,0.7226957641786502,0.5,True
7jw6__A1_Q9VIF1--7jw6__A2_Q9VIF1,0.8719739197234493,0.5,True
1jkw__A1_P51946--1jkw__A2_P51946,0.856119679977268,0.5,True
4pfp__B1_F1RQI7--4pfp__A1_F1RQI7,0.949253562323662,0.5,True
8h1s__A1_Q9I5U2--8h1s__B1_Q9HX32,0.7468638777276297,0.5,False
7t0y__A1_P62136--7t0y__B1_Q14684,0.697389192342577,0.5,False
1tz9__A1_Q82ZC9--1tz9__B1_Q82ZC9,0.982916100627943,0.5,True
2wns__B1_P11172--2wns__A1_P11172,0.9513708206471615,0.5,True
6s8v__B1_P08195--6s8v__A1_P80188,0.6165448540230734,0.5,False
2gt4__A1_P32056--2gt4__B1_P32056,0.9167942674498097,0.5,True
3bof__A1_Q9WYA5--3bof__B1_Q9WYA5,0.9978236540304681,0.5,True
6trj__A1_O75475--6trj__A2_O75475,0.1723964974249569,0.5,True
8h4z__A1_A0A2X5A3P4--8h4z__B1_A0A2X5A3P4,0.9964305712901271,0.5,True
2hre__A1_P22830--2hre__B1_P22830,0.755254344206857,0.5,True
5yjc__A1_Q5HK94--5yjc__B1_Q5HK94,0.8977114826725824,0.5,True
8d6k__A1_Q9L1K2--8d6k__B1_Q9L1K2,0.9493767113062569,0.5,True
2zew__B1_Q9ZA17--2zew__A1_Q9ZA17,0.1880125445220841,0.5,True
5wpi__A1_Q58PW8--5wpi__B1_Q58PW8,0.9714597192710253,0.4999962622132183,True
8fk6__A1_A0A0C9S461--8fk6__B1_P80098,0.8841015749024657,0.5,False
7tm7__A1_A0A0H3GYH4--7tm7__B1_A0A0H3GYH4,0.9866546627806652,0.5,True
7x4b__A1_A0A2D0TCG3--7x4b__B1_A0A2D0TCG3,0.9478574650428507,0.5,True
4aqp__B1_P54253--4aqp__A1_P54253,0.15443586569067097,0.5,True
3npi__A1_Q6NFU8--3npi__B1_Q6NFU8,0.8378530269826745,0.5,True
