system_id,auroc,bacc,is_homodimer
8iyi__A1_Q6CVU4--8iyi__B1_Q6CVU4,0.9505797981775183,0.5,True
1uus__A1_O00910--1uus__A2_O00910,0.9337020379916858,0.5,True
1zt2__A1_Q97Z83--1zt2__C1_Q9UWW1,0.9704961867465749,0.5,False
7uex__A1_Q9H999--7uex__A2_Q9H999,0.9317703924767226,0.5,True
6jqy__A1_P9WF13--6jqy__B1_P9WF13,0.9147379912663754,0.6042394468704513,True
6l6w__A1_A0A3B6UEU3--6l6w__A2_A0A3B6UEU3,0.9974184616300726,0.5,True
8h56__A1_Q8BB16--8h56__B1_Q8BB16,0.9228942149378835,0.5,True
8grj__B1_Q8GQE7--8grj__A1_A0A0H3KLY3,0.9592598340434282,0.5,False
2j0n__B1_P18013--2j0n__A1_P18013,0.8108202508286022,0.5,True
3rq1__A1_D1BN29--3rq1__C1_D1BN29,0.9513667510228809,0.5,True
5djt__A1_O49004--5djt__B1_UNDEFINED,0.9382120321505555,0.5,False
5ae6__B1_Q92458--5ae6__A1_Q92458,0.9072220414192064,0.5,True
3v1e__A1_UNDEFINED--3v1e__B1_UNDEFINED,0.9073684210526316,0.5,True
7qi3__A1_W7NDP8--7qi3__C1_W7NDP8,0.9511701277291927,0.5,True
2yve__A1_Q8NMG3--2yve__B1_Q8NMG3,0.931920092913018,0.5117276152211531,True
5ynx__A1_B2GM84--5ynx__B1_B2GM84,0.9424739417025068,0.5,True
2r6u__A1_Q0S814--2r6u__C1_Q0S814,0.8477761161504823,0.5,True
8b6m__A1_Q9H2K2--8b6m__B1_Q9H2K2,0.7495403568819243,0.49985980653301554,True
3kc2__A1_P36151--3kc2__B1_P36151,0.9875058671673316,0.5,True
3vp5__A1_Q9CHR1--3vp5__A2_Q9CHR1,0.9358892303222089,0.5,True
7pvh__A1_B2RLE7--7pvh__B1_B2RLE7,0.7137097483241611,0.5,True
4nqf__B2_Q7CW19--4nqf__A1_Q7CW19,0.9166963559583963,0.5,True
1vjh__A1_P0C0B0--1vjh__B1_P0C0B0,0.9636341458074646,0.5,True
5xw4__B1_Q00684--5xw4__A1_Q00684,0.8632991676193158,0.5,True
8aai__A1_O00560--8aai__C1_O00560,0.8194351016664119,0.5,True
4xdl__A1_P57789--4xdl__B1_P57789,0.8533147541273145,0.5,True
6ukl__A1_P0A901--6ukl__F1_P0A901,0.8379155856313691,0.5031969668601386,True
5dot__A1_P31327--5dot__B1_P31327,0.9366267141141167,0.5,True
5by4__A1_P0ABV6--5by4__A2_P0ABV6,0.9528197469801691,0.5,True
7zxs__A1_Q86TI2--7zxs__C1_Q86TI2,0.9694017393726889,0.5,True
1v6u__A1_Q7SI98--1v6u__B1_Q7SI98,0.8830521970855721,0.5,True
6e27__A1_Q9H257--6e27__B1_Q9H257,0.779388299026329,0.5,True
7szd__A1_Q96S44--7szd__B1_Q9Y3C4,0.960213156398853,0.5,False
1h9r__A1_P0A9G8--1h9r__B1_P0A9G8,0.9347272185453648,0.5,True
3on6__A1_A7M0J6--3on6__B1_A7M0J6,0.9698845779982127,0.5,True
8fwy__A1_Q4DGA2--8fwy__B1_Q4DGA2,0.9545962332649536,0.5,True
1yu6__A1_P00780--1yu6__C1_P68390,0.9624230898430834,0.5,False
6ek1__A1_A0A452CST7--6ek1__A2_A0A452CST7,0.9809688248775995,0.5,True
6ckj__A1_P0A0Z8--6ckj__A2_P0A0Z8,0.9691896705253784,0.5,True
7yj0__B1_UNDEFINED--7yj0__A1_UNDEFINED,0.9346494302224565,0.5,True
1w33__A1_O50957--1w33__B1_O50957,0.9699895532018177,0.5,True
4usk__B1_H7C745--4usk__B2_H7C745,0.9087680887051306,0.5,True
6cmv__B1_Q4J9G1--6cmv__A1_Q4J9G1,0.9779383362711664,0.5278049658683432,True
7y70__A1_F4KCC2--7y70__A2_F4KCC2,0.8005907617881011,0.5,True
3cwx__A1_P94837--3cwx__B1_P94837,0.965119558329269,0.5,True
3p1y__A1_O29362--3p1y__B1_O29362,0.9116406046882772,0.5,True
8a8i__A1_Q9R9V9--8a8i__B1_Q9R9V9,0.993079641384726,0.5,True
5d1l__A1_P62837--5d1l__B1_Q96BH1,0.7715536593002168,0.5,False
8bcs__A1_UNDEFINED--8bcs__A2_UNDEFINED,0.8952850148098894,0.5352112676056338,True
8og3__A1_P38489--8og3__B1_P38489,0.9424108813109409,0.5,True
3c07__A1_Q9KZ96--3c07__B1_Q9KZ96,0.9510168324933461,0.5,True
3iqy__A1_P28366--3iqy__A2_P28366,0.9671698105921508,0.5,True
4afi__A1_P70280--4afi__B1_P70280,0.9306466516642976,0.5,True
7e76__A1_A0A3B6LNA8--7e76__B1_A0A3B6LNA8,0.8726418078068308,0.5,True
3cqc__A1_P57740--3cqc__B1_Q8WUM0,0.9723589245998866,0.5,False
7x1k__A1_Q6DL91--7x1k__B1_Q6DL91,0.7767161883351698,0.5,True
6ydr__A1_A0A3S8UVN5--6ydr__A2_A0A3S8UVN5,0.8705405961436843,0.5,True
8egw__B1_Q6V0I7--8egw__A1_Q96JQ0,0.8760392117534974,0.5,False
8sgd__A1_P25342--8sgd__B1_P32457,0.8706952162413719,0.5,False
3ecf__A1_Q3M5E4--3ecf__B1_Q3M5E4,0.9133297347910115,0.5,True
6j94__A1_Q93VK5--6j94__B1_Q93VK5,0.9802700746905728,0.5,True
7xsh__A1_K1KV82--7xsh__B2_K1KV82,0.9676540579483378,0.5,True
7fct__B1_A0A4Y1LJC5--7fct__A1_A0A4Y1LJC5,0.9589203742474811,0.5,True
8v14__A1_G5EEF9--8v14__B1_G5EEF9,0.9589611410601976,0.5,True
6r76__A1_H3ZMH8--6r76__B1_H3ZMH8,0.9603623069476903,0.5,True
8ap0__A1_A0A5S9CYM0--8ap0__A2_A0A5S9CYM0,0.9840669120260495,0.5,True
5j10__A1_UNDEFINED--5j10__B1_UNDEFINED,0.9113104566081007,0.5,True
3qph__A1_Q9HGZ9--3qph__A2_Q9HGZ9,0.8967202349083121,0.5,True
3o6j__A1_O67987--3o6j__B1_O67987,0.9776127104128572,0.5,True
6o6z__A1_B6YWC3--6o6z__B1_B6YWC3,0.9585143638059299,0.5,True
7edp__B1_Q5JT35--7edp__A1_Q8TEK3,0.8165121610845295,0.5,False
3fil__A1_P19909--3fil__B1_P19909,0.9655477702172868,0.5123272540240643,True
6do2__A1_P11021--6do2__B1_P11021,0.991503379960569,0.5,True
7f4q__B1_Q22GC0--7f4q__A1_I7M8B9,0.9322594048490687,0.5,False
4hfg__A1_Q9NQG5--4hfg__B1_Q9NQG5,0.9329681187414265,0.5,True
7yh2__A1_A0A1Q9P883--7yh2__B1_A0A1Q9P883,0.9926299104340243,0.5,True
3axs__A1_O67010--3axs__A2_O67010,0.9741791285783816,0.5,True
3cqr__A1_Q39249--3cqr__B1_Q39249,0.8888998830125298,0.5,True
3s8k__A1_P80691--3s8k__B1_P80691,0.8726121075270663,0.5,True
4oun__A1_O31418--4oun__A2_O31418,0.9657247262050195,0.5,True
2iab__A1_Q825J7--2iab__B1_Q825J7,0.9215078632347691,0.5,True
3o3n__A1_Q5U924--3o3n__B1_Q5U923,0.9533408141864061,0.5,False
6f3z__A1_P0ADC3--6f3z__B1_P61316,0.9688252732999814,0.5,False
1hr7__A1_P11914--1hr7__B1_P10507,0.9250204362174659,0.5,False
8gko__B1_P28296--8gko__A1_P28296,0.9450180893327157,0.5,True
2gkv__A1_P00777--2gkv__B1_P68390,0.9394648681844425,0.5,False
8stx__A1_Q4E4E1--8stx__B1_Q4E4E1,0.9884814105569883,0.5,True
4m36__A1_Q582G4--4m36__A2_Q582G4,0.9637687869763399,0.5,True
5wpu__A1_A0A076NBW8--5wpu__A2_A0A076NBW8,0.9102411884899346,0.5,True
5yps__A1_A0A0W4ZF97--5yps__B1_A0A0W4ZF97,0.9524068239196903,0.5,True
5oge__E1_P40107--5oge__A1_P40107,0.8949584519701588,0.5,True
5fey__B1_Q13049--5fey__A1_Q13049,0.9076502442132088,0.5073529411764706,True
8hce__B1_Q91XB0--8hce__A1_Q91XB0,0.9518923335167689,0.5,True
1ggp__B1_Q7SIF1--1ggp__A1_Q7SIF0,0.9370758000684098,0.5,False
5z50__A1_O05926--5z50__B1_O05926,0.9849870828859477,0.5,True
6eyy__A1_A0A1S5PRR0--6eyy__B1_A0A1S5PRR0,0.8319283833648654,0.5,True
7t9u__A1_Q86WV6--7t9u__A2_Q86WV6,0.9731753198682149,0.5,True
6ey4__A1_Q5EGM3--6ey4__A2_Q5EGM3,0.9109614646315058,0.5,True
2hvg__A1_A5KBL5--2hvg__B1_A5KBL5,0.9432682648149783,0.5,True
6wp7__A1_Q82H41--6wp7__B1_Q82H41,0.9306399169009808,0.5043506940319196,True
7dnu__A1_P32092--7dnu__A2_P32092,0.8039129807095045,0.5,True
3w8i__A1_Q9BUL8--3w8i__B1_Q9P289,0.9063055204173004,0.49955050670153645,False
4oky__A1_Q52612--4oky__A2_Q52612,0.9203197005225309,0.5,True
7t63__B1_UNDEFINED--7t63__A1_UNDEFINED,0.8190020192365464,0.5,True
7x20__A1_P54708--7x20__B1_P07340,0.9219195541197069,0.5,False
3hnw__A1_D0VWZ2--3hnw__B1_D0VWZ2,0.9340571234047781,0.5,True
8r37__A1_A0A086IRG1--8r37__B1_A0A086IRG1,0.8315677021680751,0.49971231300345226,True
7zm5__A1_Q6WGM0--7zm5__B1_Q6WGM0,0.9803864657000608,0.5,True
2z7j__A1_P25220--2z7j__A2_P25220,0.5479303991618005,0.5,True
1rqg__A1_Q9V011--1rqg__A2_Q9V011,0.8566260834179852,0.5,True
8brl__A1_F7J213--8brl__A2_F7J213,0.9137110459974149,0.5,True
6noi__A1_UNDEFINED--6noi__B1_UNDEFINED,0.9233589807463952,0.5,True
7qiu__A1_P94538--7qiu__B1_P94538,0.9878056983396042,0.5,True
6sjs__A1_B8FUR2--6sjs__B1_B8FUR2,0.9870827714003163,0.5,True
8hlg__A1_Q9RR88--8hlg__B1_Q9RR88,0.8567164856786106,0.5,True
6mpc__A1_B3DQP5--6mpc__B1_B3DQP5,0.9885558921609028,0.5,True
4uae__A1_O00629--4uae__B1_P31345,0.9230569211499826,0.5,False
7pcr__A1_P56185--7pcr__A2_P56185,0.927644705933463,0.5,True
3bvq__B1_Q2I6W2--3bvq__A1_Q2I6W2,0.973975529306834,0.5,True
7a67__B1_UNDEFINED--7a67__A1_Q9V1Z9,0.8775387392808786,0.5,False
6bsu__A1_Q9LZJ3--6bsu__B1_Q9LZJ3,0.9294833185933244,0.5,True
4e5u__B1_Q9HZN8--4e5u__A1_Q9HZN8,0.974033375218168,0.5,True
8a52__A1_P23222--8a52__B1_P23222,0.9392894065334165,0.5,True
1d0v__A1_Q05603--1d0v__A2_Q05603,0.9807178025576762,0.5,True
3gwq__A1_Q145Q0--3gwq__B1_Q145Q0,0.9046499032063788,0.5,True
1yhc__A1_O67648--1yhc__B1_O67648,0.901395946915075,0.5,True
7lxs__A1_Q8ZMZ2--7lxs__C1_Q8ZMZ2,0.920818408770216,0.5,True
6w08__B1_Q9KL63--6w08__A1_Q9KL63,0.9733045917618977,0.5,True
7wrm__A1_D0IVL9--7wrm__B1_D0IVL9,0.9310312506219373,0.5,True
2yww__B1_Q58801--2yww__A1_Q58801,0.9831904666533147,0.5,True
3lm6__A1_P40869--3lm6__B1_P40869,0.975917113281762,0.5,True
7trw__A1_A0A380PDL3--7trw__A2_A0A380PDL3,0.8268049237229064,0.5,True
8syc__A1_Q13370--8syc__B1_Q13370,0.9431939126991689,0.5,True
1gk6__A1_P03069--1gk6__B1_P03069,0.9333734308608681,0.5,True
1reo__A1_Q6STF1--1reo__A2_Q6STF1,0.9751868965862278,0.5,True
6s3b__A1_Q88JK6--6s3b__B1_Q88JK6,0.9709240312688587,0.5,True
7tl5__A1_A0A3F3B310--7tl5__B1_A0A3F3B310,0.9095031690185418,0.5,True
2asf__A1_P9WLL7--2asf__A2_P9WLL7,0.8798731264998132,0.5,True
8ilj__A1_A0A242MJ43--8ilj__B1_A0A242MJ43,0.9855574515466157,0.5,True
8ezg__A1_P01116--8ezg__B1_UNDEFINED,0.9487619026755462,0.5,False
7uh4__A1_UNDEFINED--7uh4__B1_UNDEFINED,0.9361026210015073,0.5,True
4usc__A1_A0A0A0Y4H8--4usc__B1_A0A0A0Y4H8,0.9900774204542977,0.5,True
5yp3__A1_Q6F3I7--5yp3__B1_Q6F3I7,0.9897069598752182,0.5,True
8aid__A1_Q9HWJ8--8aid__B1_Q9HWJ8,0.9715923115577547,0.5,True
7yp6__B1_E5L4T5--7yp6__A1_E5L4T5,0.8342848446591224,0.5,True
4aql__A1_Q9Y2T3--4aql__A2_Q9Y2T3,0.9794938542762748,0.5,True
3idf__A1_O34252--3idf__B1_O34252,0.9059070080862534,0.5,True
8fjr__A1_D1A807--8fjr__B1_D1A807,0.8815289822547139,0.5,True
7z56__B1_F0NGX6--7z56__A1_F0NGX6,0.9874060910943006,0.5,True
7olf__A1_A9CEY7--7olf__B1_A9CEY7,0.9805366413905838,0.5,True
6ikj__A1_Q9I4L6--6ikj__B1_Q9I4L6,0.7149916989485334,0.5,True
8b2q__A1_D0EM77--8b2q__B1_G8UM88,0.9750653355242674,0.5,False
5x42__A1_Q5ZYB7--5x42__B1_Q5ZYC6,0.9344882066641708,0.5,False
1vkh__A1_Q04066--1vkh__B1_Q04066,0.9034333920399945,0.5,True
5omd__A1_Q04377--5omd__A2_Q04377,0.8065539112050739,0.5,True
2vsg__A1_P26329--2vsg__B1_P26329,0.9398278380167497,0.5,True
1jql__A1_P0A988--1jql__B1_P28630,0.9816396479795216,0.5,False
1w9c__A1_O14980--1w9c__B1_O14980,0.9915098905087412,0.5,True
7n35__A1_UNDEFINED--7n35__B2_UNDEFINED,0.9440347351061636,0.5,True
3upl__A1_Q2YIM3--3upl__B1_Q2YIM3,0.9832739205805195,0.5,True
3tm2__A1_Q83XN4--3tm2__B1_Q83XN4,0.913650374771356,0.5,True
3kxa__A1_Q5F9C2--3kxa__B1_Q5F9C2,0.8858688330790273,0.5,True
7yls__B1_C5CSP6--7yls__A1_C5CSP7,0.8862045428760867,0.5,False
7psg__A1_Q6D515--7psg__B1_Q6D515,0.9763637157222125,0.5,True
8pte__A1_P00698--8pte__A2_P00698,0.8722452826405181,0.5,True
7ytu__B1_P68623--7ytu__A1_P68458,0.8719538016207719,0.5,False
7ykc__A1_P14843--7ykc__B1_P14843,0.9578986251895603,0.5,True
3wxe__A1_E7FEV5--3wxe__B1_P0CG48,0.896887928403844,0.5,False
7zr3__A1_A0A8E4HNI8--7zr3__B1_A0A8E4HNI8,0.9794794663985052,0.5,True
2vjf__A1_Q00987--2vjf__B1_O15151,0.8282350748430223,0.4997456118036123,False
7pvo__A1_P56137--7pvo__A2_P56137,0.9785344031899774,0.5,True
3kkd__A1_Q9HXU1--3kkd__A2_Q9HXU1,0.9453346804979632,0.5,True
3mph__A1_P19801--3mph__B1_P19801,0.9190455688276513,0.5,True
6jc4__A1_A6TE44--6jc4__D1_A6TE44,0.9131620963905869,0.5,True
2rf4__A1_P46669--2rf4__B1_P50106,0.8937494811986387,0.5,False
4huz__A1_Q9ZBB0--4huz__A2_Q9ZBB0,0.9469463558345123,0.5,True
5gtj__B1_Q9BV47--5gtj__A1_Q9BV47,0.9731609520382462,0.5,True
2xw7__A1_A0QP85--2xw7__B1_A0QP85,0.9500393777723364,0.5,True
6l6h__A1_Q5ZZ22--6l6h__B1_Q5ZZ22,0.9690838920210626,0.5,True
8p7m__A1_P0A434--8p7m__A2_P0A434,0.9809636662985877,0.5,True
6dm9__A1_UNDEFINED--6dm9__B1_UNDEFINED,0.8566048830180483,0.5,True
6gou__A2_P97275--6gou__C1_P97275,0.9354379410686284,0.5,True
2wwo__A1_Q66ED7--2wwo__B1_Q66ED7,0.9719106062946284,0.5,True
8i3n__A1_Q12178--8i3n__C1_Q12178,0.9700648977244721,0.5,True
1s7i__A1_Q9I3Z5--1s7i__A2_Q9I3Z5,0.8364899574810513,0.5,True
3szw__A1_B7JBP8--3szw__A2_B7JBP8,0.9865653016314175,0.5,True
5x7r__A1_A0A193PKW5--5x7r__B1_A0A193PKW5,0.9251612428452474,0.5,True
2nys__A1_Q8U561--2nys__B1_Q8U561,0.9549870025051623,0.5,True
3gr5__A1_O52135--3gr5__A2_O52135,0.8550424219051291,0.5,True
3ded__A1_Q7P1I2--3ded__B1_Q7P1I2,0.787364866905859,0.5,True
5b5x__A1_Q75NZ1--5b5x__A2_Q75NZ1,0.8367391179033841,0.5,True
7qga__A1_P21589--7qga__A2_P21589,0.9935770421756336,0.5,True
3sd2__A1_Q8A1T7--3sd2__A2_Q8A1T7,0.5013151181905787,0.5,True
8ow9__A1_G8UQH9--8ow9__B1_G8UQH9,0.9708275598661813,0.5,True
3bcw__B1_A0A0H3LK92--3bcw__A1_A0A0H3LK92,0.9451436354588163,0.5,True
6duy__A1_Q61301--6duy__B2_Q61301,0.925371003750074,0.5,True
5zyf__A1_Q99ZW0--5zyf__B1_Q99ZW0,0.827427214794452,0.5043858553042609,True
1mml__A1_P03355--1mml__A2_P03355,0.9107182292489254,0.5,True
2b7o__A1_O53512--2b7o__B1_O53512,0.934271422287594,0.5,True
1v57__A1_P77202--1v57__A2_P77202,0.9603852359188002,0.5,True
2hsa__B1_Q9FEW9--2hsa__A1_Q9FEW9,0.9835194685324675,0.5,True
4tsd__A1_O25673--4tsd__B1_O25673,0.966092611356185,0.5044487996053255,True
7qh0__B1_P48499--7qh0__A1_P48499,0.9869449980446103,0.5,True
1ayf__B1_P00257--1ayf__A1_P00257,0.9411937744023106,0.5,True
3neu__A1_Q92AT3--3neu__A2_Q92AT3,0.8863870257029073,0.5,True
8f9x__A1_Q5LVE1--8f9x__B1_Q5LVE1,0.9674992739662996,0.5,True
6ne2__A1_UNDEFINED--6ne2__B1_O75084,0.9622061207320503,0.5,False
2b4h__A1_P12473--2b4h__B1_P12473,0.8904561127375501,0.5,True
3pui__A1_Q9L9D7--3pui__A2_Q9L9D7,0.9774328748861361,0.5,True
1myl__A1_P03050--1myl__B1_P03050,0.7618810087945891,0.5226070226070226,True
1rqi__A1_P22939--1rqi__B1_P22939,0.9870320682343792,0.5,True
3x1b__A1_UNDEFINED--3x1b__B1_UNDEFINED,0.9698665809601152,0.5,True
6pya__A1_P04278--6pya__A2_P04278,0.9311399072585413,0.5,True
1r27__A1_P09152--1r27__B1_P11349,0.9363549446188979,0.5,False
7zuv__A1_A0A2K3DY10--7zuv__D2_A0A2K3DY10,0.8685455183418852,0.5,True
2aho__A1_Q980A5--2aho__B1_Q97Z79,0.9642793693767655,0.5,False
6mni__A1_A0A2V0QX35--6mni__B1_A0A2V0QX35,0.9838698502371689,0.5,True
4kif__B1_Q643C8--4kif__A1_Q643C8,0.9796320879912994,0.5,True
7vyu__A1_A0A022MLV4--7vyu__B1_A0A022MLV4,0.9295124203849858,0.5,True
7vmv__B1_Q5I3B6--7vmv__A1_Q58HT7,0.7136491014131244,0.5,False
3g23__A1_Q2G8F3--3g23__B1_Q2G8F3,0.9829846358617851,0.5,True
3ui3__A1_O05728--3ui3__B1_O05728,0.9273964789535724,0.5,True
8ohy__A1_Q556V8--8ohy__A2_Q556V8,0.98413925656724,0.5,True
5zgo__A1_Q5SHW6--5zgo__B1_Q5SHW6,0.9260788219917362,0.5,True
5uph__B1_Q14108--5uph__A1_Q14108,0.9773448493198875,0.5,True
6u3w__A1_P53622--6u3w__B1_P40509,0.9659468761904322,0.5,False
2gsv__B1_P71066--2gsv__A1_P71066,0.8776361347182877,0.5,True
7yh1__A1_A0A5B9DB95--7yh1__B1_A0A5B9DB95,0.9416169990787912,0.5045547120389794,True
6c6r__A1_Q14534--6c6r__B1_Q14534,0.9963550930672017,0.5,True
6p4o__B1_Q970I1--6p4o__A1_Q970I2,0.941024043083678,0.5,False
8i8y__B1_UNDEFINED--8i8y__A1_UNDEFINED,0.6321251177870411,0.4998921949115998,True
2oys__A1_A0A0H2URW2--2oys__B1_A0A0H2URW2,0.9537602771676806,0.5,True
8i85__A1_D2B3F1--8i85__B1_D2B3F1,0.8507481823875569,0.5,True
2b0a__A1_Q58193--2b0a__A2_Q58193,0.9716808394229935,0.5,True
3ayh__B1_O94285--3ayh__A1_Q9C0Z9,0.8376162579802142,0.5,False
7yji__A1_UNDEFINED--7yji__A2_UNDEFINED,0.9940340320014731,0.5,True
2g38__B1_Q79FE1--2g38__A1_Q7D756,0.8964486275607494,0.49996209536805397,False
2z6k__A1_P15927--2z6k__C1_P35244,0.8546354466069913,0.5,False
3p8b__B1_Q8TZK1--3p8b__A1_Q8U440,0.8775079546900852,0.5,False
6z68__A1_A0A1M6Y2K1--6z68__B1_A0A1M6Y2K1,0.918309832205776,0.5,True
5yz5__A1_Q16555--5yz5__A2_Q16555,0.9480762376863467,0.5,True
6dk9__A1_A7A1Y4--6dk9__A2_A7A1Y4,0.9530695821631227,0.5,True
6fls__A1_UNDEFINED--6fls__B1_UNDEFINED,0.988233699224157,0.5,True
2p19__A1_Q8NTZ4--2p19__C1_Q8NTZ4,0.8689625928302926,0.5,True
8ai1__B1_Q45595--8ai1__A1_Q45595,0.9367053020961775,0.5,True
7px0__B1_Q9VF53--7px0__A1_Q9VF53,0.9549850185944292,0.5,True
4cmz__B1_Q9BXM0--4cmz__A1_Q9BXM0,0.8408000126128312,0.5118575941287271,True
8gyz__B1_Q93ZE2--8gyz__A1_Q93ZE2,0.96385034573438,0.4999670025078094,True
5j1l__B1_O26069--5j1l__A1_O26068,0.9798739756215137,0.5,False
7ubk__B1_P03047--7ubk__A1_P03047,0.6560287834845793,0.5,True
6j26__A1_Q5JIZ3--6j26__B1_Q5JIZ3,0.9719729639787902,0.5,True
8ic1__A1_UNDEFINED--8ic1__B1_UNDEFINED,0.8310197909326802,0.5,True
6jqv__A1_Q8LC68--6jqv__B1_Q8LC68,0.967507816205438,0.5,True
2ns9__A1_Q9Y9R3--2ns9__B1_Q9Y9R3,0.970393535610927,0.5,True
5l8s__A1_E1VFE0--5l8s__C1_E1VFE0,0.9684536090150354,0.5,True
6zrw__A1_B3VS76--6zrw__B1_B3VS76,0.9478034822713041,0.5,True
5fcn__B1_Q66GS9--5fcn__A1_Q66GS9,0.9297431436758085,0.5,True
7vl1__A1_I0AIT9--7vl1__B1_I0AIT9,0.9643703543060783,0.5,True
2rek__B2_Q9ADD9--2rek__A1_Q9ADD9,0.9849724897791404,0.4999833355552593,True
2zrt__A1_O75340--2zrt__B1_O75340,0.924214427008347,0.4999815647813583,True
8h3t__A1_UNDEFINED--8h3t__B1_UNDEFINED,0.9567303905866958,0.5,True
2f1m__A1_P0AE06--2f1m__B1_P0AE06,0.7046351612321374,0.5,True
3t5t__B1_Q15JG1--3t5t__A1_Q15JG1,0.9440763259993941,0.5,True
4z9r__B1_Q8EGK4--4z9r__A1_Q8EGK4,0.9643601642275527,0.5,True
2oze__A1_Q57280--2oze__A2_Q57280,0.9876923649722001,0.5,True
1x6m__A1_Q51669--1x6m__D1_Q51669,0.8588076614184417,0.5,True
4pfc__A1_P14735--4pfc__B1_P14735,0.9751122901176731,0.5,True
6byi__A1_Q8PI23--6byi__B1_Q8PI23,0.9431583627247759,0.5,True
3aaa__A1_P13127--3aaa__B1_P14315,0.9570018770490571,0.5,False
1xgm__A1_P56218--1xgm__B1_P56218,0.9551917769443068,0.5,True
5mrv__A1_Q8IVL8--5mrv__C1_P86912,0.9275128690041565,0.5,False
5e4v__A1_Q89933--5e4v__A2_Q89933,0.9373604578685477,0.5,True
1vhq__A1_P0ABU5--1vhq__B1_P0ABU5,0.9770050930622156,0.5,True
2pqv__B1_A0A0H2UMZ7--2pqv__A1_A0A0H2UMZ7,0.9597687824224875,0.5,True
1zva__A1_P59594--1zva__A2_P59594,0.9411549780180066,0.4999096494398265,True
8pq4__A1_P69782--8pq4__A2_P69782,0.9334016788220724,0.5192307692307693,True
8a14__A1_A0A0D1E4Q7--8a14__C2_A0A0D1E4Q7,0.9017140307232809,0.5,True
1dtd__A1_P48052--1dtd__B1_P81511,0.9602232165855884,0.5,False
3c6n__B1_Q570C0--3c6n__A1_Q39255,0.8824796732261696,0.5,False
3ctz__A1_Q9NQW7--3ctz__A2_Q9NQW7,0.9884055646255346,0.5,True
1wab__A1_Q29460--1wab__A2_Q29460,0.9426651052438134,0.5,True
1zl5__A1_Q00496--1zl5__B1_Q00496,0.8763109972854188,0.5,True
5dbj__A1_Q4KCZ0--5dbj__A2_Q4KCZ0,0.9764684477609654,0.5,True
7qsq__B1_Q9X053--7qsq__A1_Q9X053,0.937524096316828,0.5154578177984399,True
7duc__B1_Q2G2U4--7duc__A1_Q2G2U4,0.8791221264367817,0.5,True
2cdu__A1_Q9F1X5--2cdu__B1_Q9F1X5,0.9777432579142431,0.5,True
8g0f__A1_Q6NK15--8g0f__B1_Q6NK15,0.8675347732603786,0.5,True
8a45__B1_B7V7R4--8a45__A1_B7V7R4,0.9281901761982707,0.5,True
6no3__A1_B3FHP0--6no3__B1_B3FHP0,0.8621939573652179,0.5,True
3g7p__A1_B7JA91--3g7p__A2_B7JA91,0.9648419563244166,0.5,True
8khq__A1_A0A1I5R890--8khq__C1_A0A1I5R890,0.9332616330068927,0.5,True
7owz__B1_Q9JMA2--7owz__A1_B8ZXI1,0.9406131889256555,0.5,False
7xbe__A1_UNDEFINED--7xbe__A2_UNDEFINED,0.8893017130015273,0.5,True
6dk7__D1_Q9HUV7--6dk7__A1_Q9HUV7,0.9789451774207932,0.5,True
4hsl__A1_Q1LCS4--4hsl__A2_Q1LCS4,0.9672559544282913,0.5,True
8b3s__A1_O31597--8b3s__B1_A0A164W157,0.8730943320402101,0.5,False
5euv__A1_D1LZK0--5euv__B1_D1LZK0,0.886161740639934,0.5,True
8gz4__A1_A0A7H0DN78--8gz4__A2_A0A7H0DN78,0.9865050652503169,0.5,True
7tmg__A1_A0A0H3GLR2--7tmg__B1_A0A0H3GLR2,0.9629992073062005,0.5,True
4hsr__B1_UNDEFINED--4hsr__A1_UNDEFINED,0.9126265134695098,0.5,True
7tgn__B1_A0A1Q5L7T0--7tgn__A1_A0A1Q5L7T0,0.9858914541648542,0.5,True
4fz2__A1_C7DIA5--4fz2__B1_C7DIA5,0.9333857462355861,0.5,True
6j2l__A1_P37793--6j2l__B1_P37793,0.9258907870605741,0.5021834061135371,True
5grk__A1_Q89XR0--5grk__B1_Q89XR0,0.9477327385884031,0.5,True
3qxs__A1_O24872--3qxs__A2_O24872,0.9554296219898244,0.5,True
8q3y__A1_E8URK0--8q3y__B1_E8URK0,0.986899050739267,0.5,True
1pyb__A1_O66738--1pyb__B1_O66738,0.873323215005106,0.5,True
7yto__A1_Q9RHU9--7yto__B1_Q9RHU9,0.9605155085925567,0.5,True
5vae__A1_Q9AET9--5vae__B1_Q9AET7,0.8942911797160324,0.5,False
1zrs__A1_Q9HTZ1--1zrs__B1_Q9HTZ1,0.9761473150164481,0.5,True
2cg5__A1_Q9NRN7--2cg5__B1_P49327,0.9635539585890053,0.5,False
4yk8__B1_O36019--4yk8__A1_O13978,0.9421973945958165,0.5,False
2iml__A1_O28442--2iml__C1_O28442,0.916592375455191,0.5,True
6iru__A1_Q9RVF9--6iru__A2_Q9RVF9,0.9909447533114595,0.5,True
4x36__A1_P06653--4x36__A2_P06653,0.9902725063521388,0.5,True
8iev__A1_Q0PAW2--8iev__B1_Q0PAW2,0.9421957894736841,0.5,True
3cyg__A1_A7HM60--3cyg__B1_A7HM60,0.6922676025492821,0.5,True
5kvr__A1_P0ACL9--5kvr__A2_P0ACL9,0.8076480443229096,0.5,True
1na8__A1_Q9UJY5--1na8__B1_Q9UJY5,0.9669684322559149,0.5,True
5fis__A1_H9IUR0--5fis__B1_H9IUR0,0.9308041416991824,0.5,True
5yo8__A1_A0A094YZ24--5yo8__B1_A0A094YZ24,0.9903580028339787,0.5,True
7z6m__A1_A0A0H3LM39--7z6m__A2_A0A0H3LM39,0.9294082893662459,0.5,True
7vua__A1_UNDEFINED--7vua__B1_UNDEFINED,0.9937927509076104,0.5,True
2yxd__A1_Q57836--2yxd__B1_Q57836,0.9439269180892509,0.5,True
1aua__A1_P24280--1aua__A2_P24280,0.9948761464967769,0.5,True
7zw3__A1_P27338--7zw3__B1_P27338,0.907049030902891,0.5,True
5xjx__I1_C0LGW6--5xjx__A1_Q9SSD1,0.6557221488052167,0.5,False
7xca__A1_W5X1V8--7xca__B1_W5X1V8,0.9698457063648964,0.5,True
7xub__A1_Q96KQ7--7xub__B1_Q96KQ7,0.9441832415731642,0.5,True
5xlu__A1_Q65KZ6--5xlu__B1_A9YTT0,0.8796098511836872,0.5,False
8smq__A1_Q182N1--8smq__B1_Q182N1,0.8941946795185493,0.5163378424788936,True
8eni__A1_A0A0H3JRH8--8eni__A2_A0A0H3JRH8,0.9348885054015953,0.5,True
1q77__A1_O66565--1q77__B1_O66565,0.9393565206769932,0.5,True
5xor__A1_A9YPG7--5xor__E1_A9YPG7,0.836966268146883,0.5,True
6nbp__A1_A0A4P1LYI6--6nbp__A2_A0A4P1LYI6,0.9918367121724125,0.5,True
4wu2__A1_Q7WUJ1--4wu2__B1_Q7WUJ1,0.9813586884375415,0.5,True
2nvn__A1_Q31MH7--2nvn__A2_Q31MH7,0.9465419393201584,0.5,True
3zyh__A1_Q05097--3zyh__B1_Q05097,0.9527565999647218,0.5,True
8a21__A1_A0QJI1--8a21__A2_A0QJI1,0.9773532732041686,0.5,True
8ho2__A1_A0A191T7N6--8ho2__B1_A0A191T7N6,0.9025686307459632,0.5,True
2j8q__A1_O43809--2j8q__B1_O43809,0.902823393356742,0.5,True
1cx8__A1_P02786--1cx8__B1_P02786,0.9788786427008779,0.5,True
5zfk__A1_Q31LX1--5zfk__B1_Q31LX1,0.9888566500573568,0.5,True
2qti__A1_Q8EF26--2qti__A2_Q8EF26,0.8463389665788933,0.5740465448594954,True
5djo__B1_Q9EQW7--5djo__A1_Q9EQW7,0.9618409994349844,0.5,True
1kve__B1_P19972--1kve__A1_P19972,0.7715922107674685,0.5,True
4kjq__A1_P37019--4kjq__B1_P37019,0.9353189991002229,0.5,True
8qyw__A1_Q9NVS9--8qyw__A2_Q9NVS9,0.8739896925122768,0.5,True
4djb__A1_P04489--4djb__B1_P04489,0.8630782883445155,0.5,True
7t1e__A1_P78556--7t1e__B1_P78556,0.7819850341067233,0.5131578947368421,True
2ev4__A1_P9WMU9--2ev4__B1_P9WMU9,0.9246159612311453,0.5,True
4m1j__A1_Q9I194--4m1j__B1_Q9I194,0.9477894007115382,0.5,True
8bj3__A1_A0A072U7F9--8bj3__B1_A0A072U7F9,0.9737063883904162,0.5,True
5fcl__A1_Q6D0X0--5fcl__B1_Q6D0X0,0.9641734799148903,0.5,True
2evr__A1_B2J9B4--2evr__A2_B2J9B4,0.6254725975234818,0.5,True
4ftw__A1_Q3J2V1--4ftw__A2_Q3J2V1,0.8779219047750401,0.5,True
2q6q__B1_P36094--2q6q__A1_P36094,0.9227196656298379,0.5,True
8hx8__A1_Q6L8Q5--8hx8__B1_Q6L8Q5,0.9476861960962066,0.5,True
7zgn__A1_U6RE59--7zgn__B1_U6RE59,0.9598229702190442,0.5,True
7fiw__A1_B3CP63--7fiw__B1_Q73HD5,0.865582593473845,0.5,False
4xd9__A1_C8VMF9--4xd9__B1_Q5B6T5,0.8885584517463099,0.5,False
3dme__A1_Q7VU70--3dme__B1_Q7VU70,0.9348877829966218,0.5,True
8d0m__A1_P28907--8d0m__A2_P28907,0.9175811691204737,0.5,True
2w6a__A1_Q9Z272--2w6a__B1_Q9Z272,0.9212811219665932,0.5,True
6oje__B1_Q5S007--6oje__A1_Q5S007,0.9486232690048342,0.5,True
7mu0__A1_P9WQK3--7mu0__B1_P9WQK3,0.8418537293611623,0.5,True
4az3__A1_P10619--4az3__B1_P10619,0.8626091564680589,0.5,True
7ug8__B1_Q0I6F8--7ug8__A1_Q0I6F8,0.9590949608386963,0.5,True
6mxv__B1_Q5NFU2--6mxv__A1_Q5NFU2,0.7462736690870797,0.5,True
8ug3__B1_P50053--8ug3__A1_P50053,0.9705612588819026,0.5,True
7veo__A1_UNDEFINED--7veo__B1_UNDEFINED,0.9563508561984101,0.5,True
4atm__A1_P49418--4atm__A2_P49418,0.9812049773729121,0.5,True
7x6f__B1_P0AD45--7x6f__A1_P0AD45,0.9742491864249186,0.5,True
1nkn__B1_Q17042--1nkn__A1_Q17042,0.9142024548115919,0.5,True
7pjo__B1_UNDEFINED--7pjo__A1_UNDEFINED,0.935886940923861,0.5,True
5n0s__B1_A0A2R2JFI5--5n0s__A1_A0A2R2JFI5,0.8848320591452083,0.5,True
6m9g__A1_Q5D6Y4--6m9g__B2_Q5D6Y4,0.9845326492178792,0.5,True
7zvz__A1_G1UBD5--7zvz__B1_G1UBD5,0.868499463727167,0.5,True
3b5m__B1_Q7UTD8--3b5m__A1_Q7UTD8,0.906242381507095,0.5,True
6v0a__B1_B3E641--6v0a__A1_B3E641,0.9741679160562778,0.5,True
3bpj__C1_O75822--3bpj__A1_O75822,0.7975214646464648,0.521969696969697,True
8tn8__B1_A0A482N9T7--8tn8__A1_A0A482N9T7,0.9820123604819104,0.5,True
7y51__A1_Q8RBF4--7y51__A2_Q8RBF4,0.8615849904083219,0.5,True
6zef__A1_P62136--6zef__C1_Q9C0D0,0.820892154084409,0.5,False
6u11__A1_A0A1L8HDP6--6u11__A2_A0A1L8HDP6,0.9830946642393784,0.5,True
8i5w__A1_Q8BZN6--8i5w__B1_P63000,0.9301407830296219,0.5,False
3rv1__B1_A7TR32--3rv1__A1_A7TR32,0.8600043906532322,0.5,True
8i59__A1_UNDEFINED--8i59__B1_UNDEFINED,0.9431296615369297,0.5,True
8g1h__A1_UNDEFINED--8g1h__A2_UNDEFINED,0.9435060724239619,0.5,True
7vwk__A1_L8PIV2--7vwk__B1_L8PIV2,0.9340806071134229,0.5,True
4k3z__A1_Q8YCV0--4k3z__A2_Q8YCV0,0.9390124801379787,0.5,True
5v5t__A1_Q830T5--5v5t__D1_Q830T5,0.8448562397018646,0.5,True
6fp5__B1_Q960Q9--6fp5__A1_Q960Q9,0.8449299093414273,0.5,True
2ikb__A1_Q7DDI9--2ikb__C1_Q7DDI9,0.9723143164388,0.5,True
7zam__A1_Q07666--7zam__B1_Q07666,0.9692915944540728,0.5,True
3o10__A1_Q9NZJ4--3o10__B1_Q9NZJ4,0.8130453435815629,0.5,True
3egv__A1_Q84BQ9--3egv__B1_Q5SLP6,0.8914683715832405,0.5,False
2g9w__A1_P9WMJ5--2g9w__B1_P9WMJ5,0.9075512101344653,0.5,True
2afv__A1_Q8EXP7--2afv__B1_Q8EXP7,0.9405552691592267,0.5,True
7w93__A1_A0A140N873--7w93__A2_A0A140N873,0.9768812834868461,0.5,True
1wl3__B1_Q9X1M1--1wl3__A1_Q9X1M1,0.9662680074577359,0.5,True
4kbx__A1_P45550--4kbx__A2_P45550,0.90028263875393,0.5,True
8brn__C1_P80366--8brn__A1_P80366,0.9381113577397253,0.5,True
8h5a__A1_P67661--8h5a__B1_P67661,0.9191123417661748,0.5,True
8b4l__B1_D5SK09--8b4l__A1_D5SK09,0.8365210254568121,0.5,True
3r24__A1_P0C6X7--3r24__B1_P0C6U8,0.8141433154986903,0.5,False
1nrj__B1_P36057--1nrj__A1_P32916,0.8948541770825892,0.5,False
4rdw__A1_Q9HU77--4rdw__A2_Q9HU77,0.9706662880866508,0.5,True
7vpr__A1_Q6FX18--7vpr__B1_Q6FX18,0.9912020562564144,0.5,True
5a6k__A1_A0A0H2US73--5a6k__B1_A0A0H2US73,0.9865584855823373,0.5,True
7ucd__B1_P17535--7ucd__A1_P53539,0.9398493320907115,0.5,False
1qc9__A1_P00642--1qc9__A2_P00642,0.8734611003843615,0.5,True
3ooc__A1_P77239--3ooc__B1_P77239,0.950366007339962,0.5,True
8pm1__A1_B8GAY9--8pm1__B1_B8GAY9,0.8896978557504873,0.5,True
1vbg__A1_P11155--1vbg__A2_P11155,0.9906552261886212,0.5,True
4ovo__A1_P67954--4ovo__A2_P67954,0.8544587903188486,0.5102040816326531,True
2qgs__A1_A0A0H2VIU2--2qgs__B1_A0A0H2VIU2,0.9675814159985376,0.5,True
8cnx__A1_Q68T42--8cnx__B1_Q68T42,0.929900097210573,0.5,True
8bol__A1_Q04609--8bol__A2_Q04609,0.9839358954929981,0.5,True
3mii__B1_Q08914--3mii__A1_Q08914,0.9063078284485125,0.5,True
3i23__A1_Q835X4--3i23__B1_Q835X4,0.8556804619384658,0.5,True
3itf__A1_P0AE85--3itf__B1_P0AE85,0.8891491402959121,0.5,True
8d05__A1_UNDEFINED--8d05__A2_UNDEFINED,0.9203221596510203,0.506617203932008,True
6mw5__A1_K3WC47--6mw5__A2_K3WC47,0.9037170003155348,0.5,True
5vht__A1_P0A9J8--5vht__B1_P0A9J8,0.8729449862483375,0.5,True
6j6x__B1_P53611--6j6x__A1_Q7Z6K3,0.941122733927036,0.5,False
4tvb__A1_O32323--4tvb__B1_O32323,0.949231021074177,0.5,True
3nkh__B1_UNDEFINED--3nkh__A1_UNDEFINED,0.9744168340494536,0.5,True
3jyu__A1_P35123--3jyu__B1_P35123,0.9726639890493858,0.5,True
8dtc__A1_L8GT25--8dtc__B1_L8GT25,0.9276552451479319,0.5,True
7n1j__A1_P22455--7n1j__B1_UNDEFINED,0.9648504365534256,0.5,False
8fny__A1_O00418--8fny__B1_P0DP23,0.8521424628723088,0.5,False
7v0b__A1_A0A1E7MYN1--7v0b__B1_A0A1E7MYN1,0.9713279588040288,0.5,True
2vvo__A1_P9WKD7--2vvo__B1_P9WKD7,0.9204240961657157,0.5,True
5yjh__A1_Q15063--5yjh__A2_Q15063,0.9209979869294387,0.5,True
2z5e__A1_Q9BT73--2z5e__B1_Q9BT73,0.9271629833750024,0.5133784696242495,True
1a8l__A1_Q51760--1a8l__A2_Q51760,0.9744020136226955,0.5,True
8h0r__A1_Q9WVJ5--8h0r__B1_Q9WVJ5,0.8837347192155863,0.5,True
2j7j__A1_P03001--2j7j__A2_P03001,0.7225253359904733,0.5,True
8u1v__A1_K4L8Z7--8u1v__B1_K4L8Z7,0.9522935841586824,0.5,True
7zbg__A1_Q02880--7zbg__A2_Q02880,0.9737993007599477,0.5,True
1rku__A1_Q9I2Y2--1rku__B1_Q9I2Y2,0.9506972014046532,0.5,True
2wvl__A1_Q72K30--2wvl__B1_Q72K30,0.8851090051488788,0.5,True
6kfs__A1_B7FR28--6kfs__A2_B7FR28,0.8974161203016625,0.5,True
3shg__A1_E6Z0R3--3shg__B1_E6Z0R4,0.938819687865131,0.5,False
7zal__A1_E3T5W0--7zal__E2_E3T5W0,0.9646549902482969,0.5,True
4wjm__A1_Q2YNY7--4wjm__A2_Q2YNY7,0.9903118636900717,0.5,True
8hmo__A1_A0A0H4P0S7--8hmo__B1_A0A0H4P0S7,0.9691629753608784,0.5,True
7f9g__B1_C0HM62--7f9g__A1_C0HM62,0.9487768164873039,0.5,True
8dfk__A1_P39694--8dfk__B1_P39694,0.7840025376555337,0.5,True
6n91__A1_Q9KNI7--6n91__B1_Q9KNI7,0.8843217690699796,0.5,True
4oyd__A1_P0C6Z1--4oyd__B1_UNDEFINED,0.9305848779696128,0.5,False
1dev__A1_Q15796--1dev__B1_O95405,0.7825164179724844,0.5,False
8c9j__B1_P15559--8c9j__A1_P15559,0.9619050068468018,0.5,True
3rd7__B1_A0A0H2ZY91--3rd7__A1_A0A0H2ZY91,0.9585492788488308,0.5,True
5x1j__A1_G2IQS7--5x1j__A2_G2IQS7,0.9663016478638259,0.5,True
3r2p__A1_P02647--3r2p__A2_P02647,0.9342965510986733,0.5,True
1pdk__A1_P15319--1pdk__B1_P62532,0.9279092903023657,0.5,False
7bjg__A1_Q8IGY1--7bjg__A2_Q8IGY1,0.8122181779968665,0.5,True
3kcp__A1_Q06851--3kcp__B1_A3DF10,0.960632724667759,0.5,False
7bbq__A1_Q6I6B7--7bbq__A2_Q6I6B7,0.8894544207947247,0.5,True
3dpj__E1_Q5LS67--3dpj__F1_Q5LS67,0.7930867845716317,0.5,True
6okh__A1_Q04QG8--6okh__B1_Q04QG8,0.9334419959229848,0.5,True
7tq1__A1_P0AC13--7tq1__A2_P0AC13,0.9806071948245154,0.5,True
7t5y__A1_P0A7E1--7t5y__B1_P0A7E1,0.9509562174889896,0.5,True
5o47__A1_J7HDY4--5o47__A2_J7HDY4,0.9951257486481417,0.5,True
1oo0__A1_P49028--1oo0__B1_Q9V535,0.9434722538525773,0.5,False
3edj__A1_Q8KKG0--3edj__B1_Q8KKG0,0.9316803330068194,0.5,True
5yr0__A1_O88597--5yr0__B1_Q8K245,0.887276098824244,0.5,False
5c21__A1_P09986--5c21__B1_P09986,0.8581243587485039,0.5,True
2gok__A1_Q8U8Z6--2gok__B1_Q8U8Z6,0.9927649945454432,0.5,True
1ww1__A1_Q9WZW8--1ww1__B1_Q9WZW8,0.9719453933050639,0.5,True
1fm0__B1_P30749--1fm0__A1_P30748,0.9306801695665148,0.5,False
4jgo__B1_O31671--4jgo__A1_O31671,0.9389987457686046,0.5,True
3l2k__A1_Q8GPH0--3l2k__B1_Q8GPH0,0.7790330185249518,0.5,True
1yov__A1_Q13564--1yov__B1_Q8TBC4,0.954269079521687,0.5,False
7zvd__A1_P11413--7zvd__A2_P11413,0.985452572222632,0.5,True
2snw__A1_P03316--2snw__B1_P03316,0.8780129801984858,0.5,True
8grh__B1_P51553--8grh__A1_P50213,0.9548630547541765,0.5,False
1lxd__A1_Q03386--1lxd__B1_Q03386,0.9002628698421122,0.5,True
5m97__A1_Q10113--5m97__B1_Q10113,0.9245932036431255,0.5,True
7ax1__A1_Q9ULM6--7ax1__B1_Q9UIV1,0.9541245728108987,0.5,False
8d4w__A1_A0A8B4R830--8d4w__A2_A0A8B4R830,0.9049821820776066,0.5,True
7ynw__B2_Q57834--7ynw__A1_Q57834,0.994628378414661,0.5,True
4rgp__A1_Q8DTU7--4rgp__B1_Q8DTU7,0.9428218519487541,0.5,True
8twd__C1_P0AEV1--8twd__A1_W8SRD3,0.9399370314599266,0.5,False
3fb9__A1_A0A0H2US72--3fb9__B1_A0A0H2US72,0.8785328150828754,0.5,True
8a39__A1_A0A024L404--8a39__C2_A0A024L404,0.9663078803217156,0.5,True
3ps8__A1_P01034--3ps8__A2_P01034,0.8074875053415826,0.5,True
7vwp__A2_A0A136PK59--7vwp__B1_A0A136PK59,0.9976079610854469,0.5,True
3a7p__A1_Q03818--3a7p__B1_Q03818,0.9079702637204289,0.5,True
4ql6__A1_A0A0H3MDM0--4ql6__C1_A0A0H3MDM0,0.8758763490040412,0.5,True
5nck__A1_Q8RDN7--5nck__B1_Q8RDN7,0.9846956693173761,0.5,True
3qt7__A1_Q9FD73--3qt7__B1_Q9FD73,0.9865500546869974,0.5,True
4aye__D1_Q9JXV4--4aye__A1_P08603,0.9290375709262884,0.5,False
7r3n__A1_P43432--7r3n__B1_P43432,0.9690673838694315,0.5,True
7a0x__B1_Q8ZRZ3--7a0x__A1_Q8ZRZ3,0.9750311321327789,0.5,True
7wjk__A1_P93836--7wjk__A2_P93836,0.9235095182094031,0.5,True
7g99__B1_Q92974--7g99__A1_P61586,0.9443712981140306,0.5,False
5x8z__A1_A3QAQ5--5x8z__B1_A3QAQ5,0.964265070630311,0.5,True
6dt3__B1_A0A1W1Q5B1--6dt3__A1_A0A1W1Q5B1,0.9630565648991376,0.5,True
2if9__A1_Q98ZP7--2if9__B1_Q98ZP7,0.864637809479677,0.5,True
7u0r__B1_M9SC49--7u0r__A1_M9SC49,0.975009610586583,0.5,True
7wbt__A1_Q288C4--7wbt__B1_Q288C4,0.9140480906908878,0.5,True
7txe__A1_Q8I6T6--7txe__B1_Q8I6T6,0.8094925259591516,0.5,True
6pyp__A1_P21695--6pyp__B1_P21695,0.9676248060755103,0.5,True
8b2d__A1_F5SYD3--8b2d__B1_F5SYD3,0.9351649716254575,0.5,True
1vmg__A1_Q97U11--1vmg__A2_Q97U11,0.8400514788014181,0.5125526794338411,True
6b8l__B1_P0DP23--6b8l__A1_P56696,0.893846944422484,0.4999486125385406,False
8sj5__A1_A0A2I4FN75--8sj5__C1_A0A2I4FN75,0.8436789603877719,0.5,True
3nr1__A1_Q8N4P3--3nr1__B1_Q8N4P3,0.9735352693797223,0.5,True
3h3l__A1_A6LFX0--3h3l__A2_A6LFX0,0.9786142963841659,0.5,True
7uav__A1_P0DW58--7uav__B1_P0DW58,0.8173045096938185,0.5025380710659898,True
6jdh__A1_A0A2K0XYW4--6jdh__B1_A0A2K0XYW4,0.9646329137854561,0.5,True
3vjz__A1_Q9K0P4--3vjz__B1_Q9K0P4,0.9684818254356173,0.5332393377699239,True
3et4__A1_Q4QMM5--3et4__A2_Q4QMM5,0.9309568145770759,0.5,True
5or3__A1_Q2UNF9--5or3__D1_Q2UNF9,0.950537289671801,0.5,True
3fh3__B1_A0A6L8PES2--3fh3__A1_A0A6L8PES2,0.9611850046689594,0.5,True
1go3__A1_Q57840--1go3__B1_Q60351,0.9401800283824846,0.5,False
8fin__A1_UNDEFINED--8fin__B1_UNDEFINED,0.845522206578779,0.5,True
3zxq__B1_P9WGK1--3zxq__A1_P9WGK1,0.7752780136848342,0.5,True
1zlh__A1_P00730--1zlh__B1_Q5EPH2,0.9637469586374696,0.5,False
4h1h__A1_Q8Y6P6--4h1h__B1_Q8Y6P6,0.8462889367918842,0.5,True
2gh1__A1_Q81E32--2gh1__B1_Q81E32,0.816593383178054,0.5,True
7dl7__F1_B0VJ11--7dl7__A1_B0VJ11,0.9819526243711536,0.5,True
7skp__B1_UNDEFINED--7skp__A1_UNDEFINED,0.953796623023435,0.531168561415712,True
7yu0__B1_Q79F77--7yu0__A1_Q79F77,0.9601874805012734,0.5,True
3cbu__B1_Q473P3--3cbu__A1_Q473P3,0.8533761142517263,0.5,True
8b1s__A1_B0LPL6--8b1s__A2_B0LPL6,0.950327691180709,0.5,True
3ihk__A1_Q8DVV9--3ihk__A2_Q8DVV9,0.9700596559851706,0.5,True
4y67__A1_Q8IKG4--4y67__B1_Q8IKG4,0.9736415211227916,0.5,True
6ejp__B1_P69986--6ejp__A1_P69986,0.8461544391622767,0.5,True
1poy__A1_P0AFK9--1poy__B1_P0AFK9,0.9713306918821327,0.5,True
3a7o__A1_Q03818--3a7o__B1_Q03818,0.8428998526081842,0.5,True
4a2l__A1_Q89YR8--4a2l__B1_Q89YR8,0.965917680172479,0.5,True
5n47__B1_P02751--5n47__A1_P80188,0.9052988496123087,0.5,False
8ejm__A1_O43143--8ejm__B1_Q8IWZ8,0.8571458696211447,0.5,False
7jl6__A1_Q9L523--7jl6__B1_Q9L523,0.893247311827957,0.5,True
1npd__B1_P0A6D5--1npd__A1_P0A6D5,0.9176235428641258,0.5,True
8h0h__A1_P9WLU7--8h0h__C1_P9WLU7,0.9335336520948123,0.49995212333030115,True
3t8l__A1_Q7CUX4--3t8l__B1_Q7CUX4,0.8542157342786696,0.5,True
7ol3__B1_Q8WXF7--7ol3__A1_Q8WXF7,0.8679043131779449,0.5,True
8ewa__B1_Q9HW02--8ewa__A1_Q9HW02,0.9289954832845729,0.5,True
2ft0__A1_Q8FBQ3--2ft0__B1_Q8FBQ3,0.9009496179172425,0.5,True
2r01__A1_Q8KFI1--2r01__A2_Q8KFI1,0.932531809887701,0.5,True
8hno__A1_B6YTS4--8hno__B1_B6YTS4,0.9490268948535777,0.5,True
6x88__A1_P52731--6x88__B1_P52731,0.9753014101088977,0.5,True
2x76__A1_Q939Q9--2x76__A2_Q939Q9,0.9983093143854922,0.5,True
7x2p__A1_Q5ZWH7--7x2p__B1_Q5ZWH7,0.8729003458529392,0.5,True
2aeu__A1_Q57622--2aeu__A2_Q57622,0.9698405970553499,0.5,True
5kbg__A1_Q43965--5kbg__B1_Q43965,0.9700500670009132,0.5370571379589038,True
4p9g__A1_Q9REI7--4p9g__A2_Q9REI7,0.9591437354355694,0.5,True
7tcv__A1_Q60932--7tcv__A2_Q60932,0.8286243656477185,0.5,True
7vkb__A1_Q5ZSZ6--7vkb__B1_Q5ZSZ7,0.7875945300883627,0.5,False
7r2p__A1_Q46877--7r2p__A2_Q46877,0.9266619451207909,0.5,True
6ggl__B1_C9K1X5--6ggl__A1_C9K1X5,0.9107664921679399,0.5,True
7yi7__A1_Q9Y251--7yi7__B1_Q9Y251,0.8787188860485609,0.5,True
7yka__B1_Q9Y3D6--7yka__A1_Q9Y3D6,0.9368308043485402,0.5,True
8jea__A1_K1QRB6--8jea__D1_K1QRB6,0.9229398498771415,0.5,True
8huc__C1_A0A0H2Z790--8huc__A1_A0A0H2Z790,0.922274853099892,0.5,True
7unh__A1_UNDEFINED--7unh__B1_UNDEFINED,0.9657062670598962,0.5,True
5mpr__A1_O15382--5mpr__A2_O15382,0.9676194403261859,0.5,True
4ooj__B1_Q5ZSK6--4ooj__A1_Q5ZSK6,0.9548698682108724,0.5,True
8a5v__A1_Q9Y617--8a5v__C1_Q9Y617,0.9597760482609837,0.5,True
3lm2__A1_A9CH74--3lm2__B1_A9CH74,0.9549463761478015,0.5,True
7zwt__A1_P41182--7zwt__A2_P41182,0.9199625268385829,0.5,True
6ket__A1_A0A0A0WDC6--6ket__B1_A0A0A0WDC6,0.9595233672811316,0.5,True
5zwl__B1_Q8DLU1--5zwl__A1_Q8DLG7,0.8196748856910433,0.5,False
6wmz__A1_P23246--6wmz__B1_Q15233,0.8675931617726336,0.5,False
1i4m__A1_P04156--1i4m__A2_P04156,0.791168059483334,0.5,True
2gjg__A1_Q88EQ6--2gjg__A2_Q88EQ6,0.8819139968247576,0.5,True
6k62__B2_A0A0H2X6K9--6k62__A1_A0A0H2X6K9,0.8309643881710921,0.5,True
4ghm__A1_Q9KTK0--4ghm__B1_Q9KTK0,0.8873837701893996,0.5,True
1tve__A1_P31116--1tve__B1_P31116,0.9690788463738256,0.5,True
6qj2__A1_G0S2G2--6qj2__B1_G0SBJ6,0.96875612511962,0.5,False
3onx__A1_P41697--3onx__B1_P41697,0.896226726217398,0.5,True
8cp4__A1_Q6LXV7--8cp4__A2_Q6LXV7,0.9510905765177493,0.5,True
1ob9__A1_Q97YX6--1ob9__A2_Q97YX6,0.9687707133870309,0.5,True
7zcc__B1_P46327--7zcc__A1_P46327,0.9628637834210797,0.5,True
4kwd__A1_Q9UR08--4kwd__B1_Q9UR08,0.966539873699868,0.5,True
7wuy__A1_A0A1R3S1W7--7wuy__B1_A0A1R3S1W7,0.9596101650057157,0.5,True
5gtw__A1_I3NX86--5gtw__D1_I3NX86,0.9753513546443332,0.5,True
7ekn__B1_Q5JT35--7ekn__A1_UNDEFINED,0.8514536041417762,0.5,False
8gja__B1_UNDEFINED--8gja__A1_UNDEFINED,0.9113060890556586,0.5,True
6loh__A1_O15033--6loh__A2_O15033,0.9579260530787362,0.5,True
3a9y__A1_Q68FT9--3a9y__B1_Q68FT9,0.980810422472102,0.5,True
8ay6__B1_Q9CAJ0--8ay6__A1_A0A067E666,0.9658669839991563,0.5,False
8u5m__A1_Q8TF42--8u5m__F1_Q8TF42,0.9901284510459702,0.5,True
7twa__D1_F8JJ25--7twa__A1_F8JJ25,0.9896153255592749,0.5,True
8fju__B1_P34897--8fju__A1_P34897,0.9432307414586028,0.5,True
1fjj__A1_P12994--1fjj__A2_P12994,0.8604038266500234,0.5,True
7qlr__A1_A0A1J1J928--7qlr__D2_A0A1J1J928,0.9533090774560739,0.5,True
3vf0__B1_Q8IY67--3vf0__A2_P18206,0.9060436931755975,0.5,False
8ehe__A1_A0A0A7KVG3--8ehe__B1_A0A1D3UUC0,0.962665797973304,0.5,False
6hpc__A1_P67697--6hpc__B1_P67697,0.9301739274653245,0.5,True
2x3o__A1_Q9I585--2x3o__B1_Q9I585,0.8232024156125635,0.5,True
5y40__A1_P55892--5y40__B1_P55892,0.8303939992068642,0.5,True
1y42__A1_P12063--1y42__A2_P12063,0.9962528456858892,0.5,True
2e91__A1_Q12051--2e91__B1_Q12051,0.9268931429125469,0.5,True
8ja2__A1_A0A0A1E3Q0--8ja2__A2_A0A0A1E3Q0,0.902775646299402,0.5,True
3iuw__B1_Q8KUB7--3iuw__A1_Q8KUB7,0.9461453284790019,0.5,True
8e7y__A1_Q9RFC8--8e7y__B1_Q9RFC8,0.845614322469394,0.5,True
4kzn__A1_P15692--4kzn__A2_P15692,0.7486344079684092,0.5,True
7z7o__A1_A0A1S4NYF2--7z7o__C1_A0A1S4NYF2,0.9238052994620554,0.5,True
8brp__A1_D8G6F7--8brp__B1_D8G6F7,0.9581906621693591,0.5,True
3qir__A1_Q8TC59--3qir__A2_Q8TC59,0.9503245725662309,0.5,True
8bay__A1_O75874--8bay__B1_O75874,0.9500624820756708,0.5,True
6mhm__B1_Q13510--6mhm__A1_Q13510,0.8847005877608451,0.5,True
8bj7__A1_P07598--8bj7__B1_P07603,0.8881072041201357,0.5,False
8b80__A1_W8QF82--8b80__B1_W8QF82,0.9682557992669496,0.5,True
5wxx__A1_Q9RNB4--5wxx__A2_Q9RNB4,0.9805725074165506,0.5,True
8f7l__A1_P43490--8f7l__B1_P43490,0.9104364305715242,0.5,True
3cz1__A1_Q9U9J6--3cz1__B1_Q9U9J6,0.9598246276125184,0.5254353369707545,True
8a0c__A1_Q2ERG0--8a0c__B1_Q2ERG0,0.9391878689588592,0.5,True
5mpy__A1_Q9LPZ1--5mpy__B1_Q9LPZ1,0.9112757936808321,0.5,True
1anu__A1_Q06851--1anu__A2_Q06851,0.9759294258373206,0.5,True
3vs8__A1_C1DM33--3vs8__C1_C1DM33,0.9603557623545078,0.5,True
7zi8__A1_P27707--7zi8__A2_P27707,0.9781893770166294,0.5,True
1peu__A1_Q08698--1peu__A2_Q08698,0.9900954660584466,0.5,True
5uk5__B1_Q63722--5uk5__A1_Q07008,0.7224873897414801,0.5,False
7vg5__A1_Q49135--7vg5__B1_Q49135,0.9568832776092613,0.5,True
4jkz__A1_A0R6I8--4jkz__A2_A0R6I8,0.9424589514093176,0.5,True
4aa8__A1_P00794--4aa8__A2_P00794,0.8498384762123871,0.5,True
5yew__A1_Q8IWA4--5yew__B1_Q8IWA4,0.9396698916956087,0.5,True
1hf2__B1_Q9X0D7--1hf2__A1_Q9X0D7,0.9943244224773242,0.5,True
3au0__A1_Q7A382--3au0__A2_Q7A382,0.9390946551173678,0.5,True
3gif__A1_O34757--3gif__B1_O34757,0.9190266314651007,0.5,True
8c66__A1_UNDEFINED--8c66__D1_UNDEFINED,0.917928095644226,0.5,True
7zcl__B1_UNDEFINED--7zcl__A1_UNDEFINED,0.9828103376548398,0.5,True
4axv__A1_A7N805--4axv__A2_A7N805,0.8700638782412795,0.5,True
5c6u__A1_O69689--5c6u__A2_O69689,0.9159974955739767,0.5,True
4nv4__A1_A0A6L7HM74--4nv4__A2_A0A6L7HM74,0.9487089415137383,0.5,True
6axf__A1_Q7LDG7--6axf__B1_P61224,0.9444670864950394,0.5,False
5yf1__B1_Q8N4J0--5yf1__A1_Q8N4J0,0.8943066144900382,0.5,True
8j83__A1_C5ATT7--8j83__B1_C5ATT6,0.9785709458238318,0.5,False
3fjy__B1_A0ZZM4--3fjy__A1_A0ZZM4,0.9552731160355723,0.5,True
4rg1__A1_Q5T280--4rg1__B1_Q5T280,0.9668367164909349,0.5,True
1ux4__A1_P41832--1ux4__A2_P41832,0.9617535097395364,0.5,True
6rbm__A1_P0ACT4--6rbm__A2_P0ACT4,0.9561364251729028,0.5,True
2cme__B1_P59636--2cme__A1_P59636,0.8663163823090939,0.5424263707139307,True
7wis__A1_P46881--7wis__B1_P46881,0.938978561808938,0.5,True
5a3l__A1_A0A1A9TAD0--5a3l__C1_A0A1A9TAD0,0.9663496255259133,0.5,True
3gzi__A1_A3QIY5--3gzi__A2_A3QIY5,0.9533332127831422,0.5,True
8pr6__B1_A0A1Q6BKH4--8pr6__A1_A0A1Q6BKH4,0.933990294409984,0.5053763440860215,True
8j64__A1_Q967S9--8j64__B1_O00816,0.9129214100720691,0.5,False
8ohw__A1_Q63T97--8ohw__B1_Q63T97,0.8243460532036943,0.5,True
5y4r__A1_O87131--5y4r__B1_Q9HVI1,0.9336881871426379,0.5,False
3ddh__A1_Q8A5Q8--3ddh__B1_Q8A5Q8,0.9622544410700171,0.5,True
8d3t__B1_A0A2K2AMS7--8d3t__A1_A0A2K2AMS7,0.9890234203551415,0.5,True
1zk8__A1_Q815X4--1zk8__B1_Q815X4,0.9800996517124595,0.504950495049505,True
2w82__A1_Q47730--2w82__B1_Q47730,0.973657210030499,0.5,True
6l08__A1_O65896--6l08__B1_O65896,0.9614856709581578,0.5,True
4p94__B1_Q4J9K8--4p94__A1_Q4J9K8,0.9752659574468086,0.5,True
4yii__A1_O00762--4yii__B1_Q9UJX6,0.963276697456001,0.5,False
4rus__A1_P68512--4rus__B1_P68512,0.9354173798015977,0.5,True
2o48__A1_Q9TQS6--2o48__A2_Q9TQS6,0.9460113885061557,0.5,True
7pvw__B1_P00523--7pvw__A1_P00523,0.6071263426483042,0.5,True
2wcu__A1_Q8R2K1--2wcu__B1_Q8R2K1,0.9810345857018412,0.5,True
2p35__A1_Q8UH15--2p35__B1_Q8UH15,0.8571932196310266,0.5,True
6rfg__A1_Q49PR7--6rfg__D1_Q49PR7,0.8898367393854837,0.5,True
5jj8__A1_Q9HVB9--5jj8__A2_Q9HVB9,0.8167616165928413,0.5,True
6ije__A1_A0A083ZID3--6ije__B1_A0A083ZID3,0.9611227228883179,0.5,True
8avu__A1_Q8GPI4--8avu__A2_Q8GPI4,0.948487726265504,0.5,True
7xdu__B1_A0A1I1Z0X1--7xdu__A1_A0A1I1Z0X1,0.9843475880944235,0.5,True
1xr4__A1_Q8ZRY1--1xr4__B1_Q8ZRY1,0.8903314485608186,0.5,True
2fuq__A1_C6XZB6--2fuq__B1_C6XZB6,0.9577854294549681,0.5,True
5xrw__A1_O25306--5xrw__C1_O25674,0.8158042762094327,0.5018921123893499,False
5l0o__A1_P46940--5l0o__B1_P46940,0.9917448026081361,0.5,True
8vsy__B1_UNDEFINED--8vsy__A1_UNDEFINED,0.9200654483578143,0.5,True
2zcx__A1_Q9FBX0--2zcx__A2_Q9FBX0,0.9610191871067664,0.5,True
5way__A1_Q97P44--5way__B1_Q97P44,0.9450335295404593,0.5,True
7xey__A1_Q9SU72--7xey__B1_Q9S745,0.9279226361599751,0.5,False
4xlo__C1_Q9KHK2--4xlo__A1_Q9KHK2,0.963589412064176,0.5,True
6kd6__B1_Q9VAA9--6kd6__A1_Q9VAA9,0.871991023062758,0.5,True
8k72__A1_Q9NWT6--8k72__A2_Q9NWT6,0.9803688800431247,0.5,True
8b5v__A1_Q4E4A3--8b5v__B1_Q4E4A3,0.9754546592931049,0.5,True
4yo3__A1_D3GUX1--4yo3__A2_D3GUX1,0.9491976670194492,0.5,True
8p8p__A1_P49773--8p8p__B1_P49773,0.9269793001716924,0.5,True
6hrx__A1_O53623--6hrx__B1_O53623,0.9817957967553508,0.5,True
3mdo__A1_A6LDR8--3mdo__B1_A6LDR8,0.9786837519828285,0.5,True
8iw0__A1_Q14678--8iw0__B1_Q14678,0.9146031507586146,0.5,True
2rb7__A1_Q313A9--2rb7__B1_Q313A9,0.9688775575944515,0.5,True
8h6s__A1_Q76KY5--8h6s__C1_Q76KY0,0.9786510587020141,0.5,False
3lsj__A1_Q9HUS3--3lsj__B1_Q9HUS3,0.9183537074079655,0.5,True
7pxq__A1_UNDEFINED--7pxq__A2_UNDEFINED,0.9119594957396113,0.5,True
8g0q__A1_P40460--8g0q__B1_P33895,0.90402897737312,0.5,False
6ms4__A1_Q9ULC4--6ms4__B1_O43583,0.92706880682769,0.5,False
7y6b__A1_A0A411GZY8--7y6b__B1_A0A411H025,0.8150416810963242,0.5,False
7zyt__A1_P09622--7zyt__B1_P09622,0.9128950142942263,0.5,True
7lle__A1_Q6QVT7--7lle__B1_Q6QVT7,0.9218830137564428,0.5,True
4csw__A1_D0MK34--4csw__B1_D0MK34,0.9778127993932297,0.5,True
7tev__A1_P04181--7tev__A2_P04181,0.9365967034497853,0.5,True
3zta__A1_Q2RIF4--3zta__A2_Q2RIF4,0.9824838043220331,0.5,True
3abi__A1_O59312--3abi__B1_O59312,0.998313246566715,0.5,True
5ab8__A1_P9WN25--5ab8__A2_P9WN25,0.9365170061881747,0.5381312389900176,True
1guq__A1_P09148--1guq__B1_P09148,0.9713400093681621,0.5,True
6zdw__B1_A0A162MUP0--6zdw__A1_A0A162MUP0,0.9013443185117089,0.5,True
8csd__A1_Q6U8B0--8csd__A2_Q6U8B0,0.9696667065019267,0.5,True
3na2__A1_UNDEFINED--3na2__B2_UNDEFINED,0.9363364827796403,0.5,True
8bfr__A1_P30177--8bfr__A2_P30177,0.9957133066702611,0.5,True
7yk3__A1_O53604--7yk3__B1_O53605,0.9585397481643839,0.5,False
6xiv__A1_P16114--6xiv__B2_P16114,0.9103034513703439,0.5,True
8ajx__A1_P17117--8ajx__A2_P17117,0.8948283595473472,0.5,True
8ayj__A1_D5EHC5--8ayj__B1_D5EHC5,0.9641580863013275,0.5,True
4tt0__B1_P10220--4tt0__A1_P10220,0.8981071822097565,0.5,True
8a6e__B2_P02699--8a6e__A1_P02699,0.901364693900208,0.5,True
4jb7__A1_Q9KTQ6--4jb7__A2_Q9KTQ6,0.8965482968452845,0.5,True
6h3f__A1_A0A0H3JT80--6h3f__A2_A0A0H3JT80,0.9920107856074825,0.5,True
6wxw__A1_F2NWD3--6wxw__B1_F2NWD3,0.9851937644182763,0.5,True
2zw2__A1_F9VNF4--2zw2__B1_F9VNF4,0.8319770072769522,0.49964838255977495,True
2wo2__A1_P54764--2wo2__B1_P52799,0.9287521995139435,0.5,False
4u66__A1_A8MI53--4u66__A2_A8MI53,0.9756259978658708,0.5,True
1ord__A1_P43099--1ord__B1_P43099,0.9508825894688967,0.5,True
7zcm__A1_P42196--7zcm__B1_P42259,0.8556824017381001,0.5,False
8aa9__A1_Q9V1Y9--8aa9__B1_Q9V1Y9,0.6442551891075255,0.5,True
4i6y__B1_P13702--4i6y__A1_P13702,0.930570030600089,0.5,True
1vh4__B1_P77689--1vh4__A1_P77689,0.9500474063631412,0.5,True
3ocd__A1_D7A6E5--3ocd__B1_Q7BQR5,0.9432568997973672,0.5,False
8pq7__A1_M1C5B8--8pq7__B1_D0N0Z8,0.7703489616784415,0.5,False
8gic__A1_Q70AZ9--8gic__D1_Q70AZ5,0.7426499115428784,0.5,False
5abr__A1_P82802--5abr__B1_P82802,0.9867738274530518,0.5,True
2zmf__A1_Q9Y233--2zmf__B1_Q9Y233,0.9676619311901521,0.5066666666666667,True
2vzk__B1_P0DJQ5--2vzk__A1_P0DJQ5,0.9272612885217592,0.5063154571994795,True
7wm5__A1_A0A0C2W699--7wm5__A2_A0A0C2W699,0.9150434889326151,0.5,True
1zee__A1_Q8E972--1zee__B1_Q8E972,0.9071706452969037,0.5,True
1f3u__B1_P35269--1f3u__A1_P13984,0.9082797152077153,0.5,False
7tvh__B1_Q9I2Q1--7tvh__A1_Q9I2Q1,0.9751782278161572,0.5,True
5vgm__B1_Q9KL24--5vgm__A1_Q9KL24,0.9941107064973351,0.5,True
2b5l__A1_Q16531--2b5l__C1_P11207,0.9642236891653964,0.5,False
4zzh__A1_Q96EB6--4zzh__A2_Q96EB6,0.9000865937895555,0.5,True
8in9__A1_E0D202--8in9__B1_E0D202,0.9737883781482289,0.5,True
6m4v__A1_P0AEX9--6m4v__B1_P62942,0.9443415256202179,0.5,False
7y28__A1_P07814--7y28__B1_P07814,0.9824815603939718,0.5,True
2plg__A1_Q8DKM0--2plg__B1_Q8DKM0,0.9297438084084604,0.5,True
7y7u__A1_A0A222F232--7y7u__B1_A0A222F232,0.960016876366824,0.5,True
3fgc__A1_P07740--3fgc__B1_P07739,0.9688274104213563,0.5,False
1rve__A1_P04390--1rve__B1_P04390,0.9772357217887779,0.5050505050505051,True
7zy1__A1_Q9F8A8--7zy1__A2_Q9F8A8,0.9614634409678403,0.5,True
3jxo__B1_A0A0F6AN26--3jxo__A1_A0A0F6AN26,0.9440987960339943,0.5176876770538243,True
8dqb__A1_A0A0H3FX83--8dqb__A2_A0A0H3FX83,0.9357073914678478,0.5,True
5l16__A1_Q4Q0M0--5l16__A2_Q4Q0M0,0.9677954359775525,0.5,True
2gz4__A1_Q7D028--2gz4__C1_Q7D028,0.8989371975464637,0.5,True
7xyv__A1_Q9C0D3--7xyv__B1_Q9C0D3,0.9713200089025739,0.5,True
2f9w__A1_Q9HWC1--2f9w__B1_Q9HWC1,0.954267841068356,0.5,True
2ox1__A1_O30011--2ox1__B1_O30011,0.9883647699503719,0.5,True
2guh__A1_Q0S8Y3--2guh__B1_Q0S8Y3,0.9189555223707779,0.5,True
7br1__A1_A0A7I6N400--7br1__B1_A0A7I6N400,0.9454149622722179,0.5,True
2p04__A1_D0VWX5--2p04__B1_D0VWX5,0.9736820236488924,0.5,True
4h5b__A1_Q9RUY5--4h5b__B1_Q9RUY5,0.8131243255828531,0.5,True
4e1o__A1_P19113--4e1o__B1_P19113,0.936411894971874,0.5,True
7pu4__B1_Q9X053--7pu4__A1_Q9X053,0.9634581376913227,0.49997495491885396,True
3m1u__A1_Q72DN3--3m1u__B1_Q72DN3,0.9393562354159803,0.5,True
7qii__A1_P0C2N2--7qii__B1_P0C2N4,0.8278409833921799,0.5,False
4pww__A1_UNDEFINED--4pww__A2_UNDEFINED,0.6477927314620864,0.4999301773495322,True
6ird__A1_Q91UZ1--6ird__B1_Q8NI35,0.6517572009216387,0.5,False
6gg2__A1_Q4WD43--6gg2__A2_Q4WD43,0.9654519161899945,0.5,True
6oei__A1_Q8KG60--6oei__A2_Q8KG60,0.9559852620690007,0.5,True
8hyi__A1_P22223--8hyi__B1_P22223,0.8996038752375208,0.5,True
4b8v__A1_B3VBK9--4b8v__A2_B3VBK9,0.9247093567251463,0.5,True
4lqb__A1_D2Q399--4lqb__B1_D2Q399,0.9434473165254214,0.5,True
2vxb__A1_P87074--2vxb__B1_P87074,0.9517628470787167,0.5,True
1t72__A1_O67053--1t72__B1_O67053,0.9723974144122576,0.5,True
3soo__A1_Q5T7N2--3soo__A2_Q5T7N2,0.7340379751787492,0.4970158578933924,True
5z1o__A1_D0VWU8--5z1o__B1_D0VWU8,0.8565134978258406,0.5,True
6h40__A1_K5B7F3--6h40__A2_K5B7F3,0.9842781044713023,0.5,True
2etk__A1_Q13464--2etk__B1_Q13464,0.9699385676564101,0.5,True
2p69__A1_Q96GD0--2p69__A2_Q96GD0,0.9904586737648958,0.5,True
4doy__A1_Q6WNP1--4doy__C1_Q6WNP1,0.9687980811328072,0.5,True
6zxw__A1_O29011--6zxw__B1_A0A117KMN5,0.8600125180414749,0.5,False
3lhk__A1_Q60329--3lhk__B1_Q60329,0.9668949816886074,0.519925764624369,True
1qpa__A1_P11542--1qpa__B1_P11542,0.8680014403720671,0.5,True
6e52__A1_P03069--6e52__B1_P03069,0.9400907073457649,0.5,True
2ijd__A1_Q1PHW8--2ijd__A2_Q1PHW8,0.8740949272668214,0.5,True
1fwl__A1_Q58504--1fwl__B1_Q58504,0.9923498837389473,0.5,True
5nkk__A1_O62301--5nkk__B1_Q9XWJ1,0.9442257475352054,0.5,False
1ygt__A1_Q94524--1ygt__A2_Q94524,0.8687450414474223,0.4999532229394705,True
7zq1__B1_Q32ZE1--7zq1__A1_Q32ZE1,0.7345748049072711,0.5,True
6p40__A1_M1GSK9--6p40__B1_M1GSK9,0.9605441861456436,0.5,True
2wyn__B1_P13482--2wyn__D1_P13482,0.9410991060247325,0.5,True
7yui__A1_P0CG48--7yui__B1_Q9BYM8,0.8337816540314125,0.5,False
8dml__B1_Q87GI3--8dml__A1_Q87GI4,0.8696499957472144,0.5,False
2oi2__A1_A0A0H2UNK6--2oi2__A2_A0A0H2UNK6,0.9573401104977327,0.5,True
4wud__A1_P0AES6--4wud__A2_P0AES6,0.9745046036469138,0.5,True
5yzj__A1_A8K0B5--5yzj__B1_A8K0B5,0.8658443013328242,0.5,True
8f61__A1_Q28943--8f61__B1_Q28943,0.8997607492976603,0.5,True
7udi__B1_Q9RYE6--7udi__A1_Q9RYE6,0.9338003394073832,0.5,True
5ho3__A1_W6KHH6--5ho3__B1_W6KHH6,0.8475385244783854,0.4999318150825037,True
1u5i__A1_Q07009--1u5i__B1_Q64537,0.9620683430467032,0.5,False
1cmc__A1_P0A8U6--1cmc__B1_P0A8U6,0.9331343638172451,0.5079365079365079,True
6oe2__A1_Q8A9F0--6oe2__A2_Q8A9F0,0.9801193579079042,0.5,True
3ent__A1_Q2YAE2--3ent__B1_Q2YAE2,0.9693086402837015,0.5117372881847961,True
2y4g__A1_D3Y1I2--2y4g__B1_D3Y1I2,0.9673981301689389,0.5,True
7ec7__A1_A0A0H2XGN0--7ec7__A2_A0A0H2XGN0,0.9909157233335844,0.5,True
2o11__A1_P9WPY1--2o11__A2_P9WPY1,0.8740636051046455,0.5,True
8abq__A1_Q13596--8abq__B1_Q9Y5X3,0.9400873894929377,0.5,False
6shw__A1_Q96724--6shw__A2_Q96724,0.7322394286401017,0.5372808900029187,True
7wn7__B1_Q99H25--7wn7__A1_Q99H25,0.8839866507493171,0.5,True
2sak__A1_P68802--2sak__A2_P68802,0.6490532503930548,0.5,True
8h5e__A1_Q5SMG8--8h5e__B1_Q5SMG8,0.8056941676305985,0.5,True
8bgm__B1_A0A5P3XKL3--8bgm__A1_A0A5P3XKM0,0.9453576565694506,0.5,False
8sua__A1_UNDEFINED--8sua__A2_UNDEFINED,0.981787561503801,0.5,True
2ps8__A1_P13513--2ps8__B1_P13513,0.9779838761225991,0.5,True
6awl__A1_O75208--6awl__B1_O75208,0.9689306659816044,0.5,True
4qds__A1_O60462--4qds__B1_O60462,0.9682211903151076,0.5,True
6qky__B1_Q97P33--6qky__A1_Q97P33,0.8719667949554162,0.5,True
7nli__B1_P08405--7nli__A1_P08405,0.9332152406245754,0.5,True
8p3m__A1_W0DP94--8p3m__B1_W0DP94,0.9916909705889042,0.5,True
5v7y__A1_A0A4Y1WAP5--5v7y__B1_A0A4Y1WAP5,0.8331132232257474,0.5,True
4aps__A1_Q5M4H8--4aps__B1_Q5M4H8,0.9150404147331119,0.5,True
7ucn__A1_P50120--7ucn__B1_P50120,0.7400388882606456,0.5,True
1ni5__A1_P52097--1ni5__A2_P52097,0.9628126672304083,0.5,True
8d04__B1_UNDEFINED--8d04__A1_UNDEFINED,0.8208792040160388,0.5341604902417775,True
4a5o__B1_Q9I2U6--4a5o__A1_Q9I2U6,0.9721305768251114,0.5,True
8q5k__A1_A0A0H2Z7A6--8q5k__A2_A0A0H2Z7A6,0.9030076980599001,0.5,True
1ww5__A1_Q6WY08--1ww5__D1_Q6WY08,0.9801065171148137,0.5,True
7ww2__A1_A0A4Q9D6T1--7ww2__B1_A0A4Q9D6T1,0.959666899613575,0.5,True
2pfk__A1_P0A796--2pfk__B1_P0A796,0.9263980492781478,0.5,True
1i2m__B1_P18754--1i2m__A1_P62826,0.9301501029902851,0.5,False
8i2e__A1_O34841--8i2e__B1_P54421,0.9544376599532659,0.5,False
3pfl__A1_P09373--3pfl__B1_P09373,0.9895172505877595,0.5,True
6gho__B1_Q5L1S1--6gho__A1_O31602,0.799335492679526,0.5,False
1glj__A1_P0A6F3--1glj__B1_P0A6F3,0.9948106094769427,0.5,True
4zq8__B1_A0A0M3KL36--4zq8__A1_A0A0M3KL36,0.9474504759082275,0.5,True
5h4h__B1_O58236--5h4h__A1_O58236,0.9610588550784767,0.4999759661603538,True
4iv9__A1_P06617--4iv9__B1_P06617,0.9708533251435514,0.5,True
6sdk__A1_P26497--6sdk__B1_P26497,0.8865341850500318,0.5,True
2fq4__A1_Q81BJ4--2fq4__A2_Q81BJ4,0.9784408182188293,0.5,True
7zeq__B1_Q9WXT1--7zeq__A1_Q9WXT1,0.9395652780561005,0.5,True
5z5h__A1_Q2I2N4--5z5h__A2_Q2I2N4,0.9872690641676616,0.5,True
2fe1__A1_Q8ZZP3--2fe1__A2_Q8ZZP3,0.9690903198199224,0.5,True
7wik__B1_A0R1E6--7wik__A1_A0R1E6,0.9273997491239248,0.5,True
7t8o__B1_Q8Y8Y9--7t8o__A1_Q8Y8Y9,0.9189174921902408,0.5,True
7t91__A1_P08151--7t91__B1_P08151,0.8787792187621339,0.5,True
3lg6__A1_D2YW48--3lg6__B1_D2YW48,0.9708624619452987,0.5,True
2o9a__A1_P16528--2o9a__D1_P16528,0.9737507569051538,0.5,True
1zhq__A1_Q9RHG4--1zhq__B1_Q9RHG4,0.8817102936848656,0.5,True
2e0k__B1_Q8KFD9--2e0k__A1_Q8KFD9,0.9506325111311642,0.4999914745600873,True
6izb__A1_P13693--6izb__A2_P13693,0.9278515108420636,0.5,True
3a2f__A1_P61875--3a2f__B1_O73947,0.9949403733385993,0.5,False
3isx__A1_Q9X0E0--3isx__A2_Q9X0E0,0.9140987184734712,0.5,True
2vkj__A1_Q9X1W9--2vkj__B1_Q9X1W9,0.8959229069628567,0.5,True
5csr__D1_Q9HLB6--5csr__A1_Q9HLB6,0.9815466731241709,0.5,True
1iq8__A1_O58843--1iq8__B1_O58843,0.8327798640277622,0.5,True
3tbm__A1_Q8XVB9--3tbm__B1_Q8XVB9,0.904497118529343,0.5110814845741686,True
7tur__B1_P00503--7tur__A1_P00503,0.9582264334310876,0.5,True
3vol__A1_Q9I6V6--3vol__A2_Q9I6V6,0.8838693274926791,0.5,True
3jqz__A1_P02768--3jqz__B1_P02768,0.9318061117411266,0.5,True
1vkd__A1_Q9X0V2--1vkd__B1_Q9X0V2,0.9124934722184604,0.5,True
8b31__B1_A0A2W4LV58--8b31__A1_A0A2W4LV58,0.9610268117134145,0.5,True
7bzk__A1_Q9SJ89--7bzk__B1_Q6NPF9,0.9448961633227736,0.5,False
3cgh__A1_Q8A0N7--3cgh__A2_Q8A0N7,0.9760733758671453,0.5,True
5vlb__A1_G7IKX3--5vlb__B1_G7IKX3,0.8552408973722652,0.5,True
2oer__B1_Q9I3U1--2oer__A1_Q9I3U1,0.9906736219748007,0.5,True
2ylz__A1_Q47PU3--2ylz__A2_Q47PU3,0.9267234725926743,0.5,True
8bjp__B1_A0A1W6VSR4--8bjp__A1_A0A1W6VSR4,0.8886677473720949,0.5,True
6kcx__A1_Q9WZL1--6kcx__A2_Q9WZL1,0.9730769826674883,0.5,True
4q69__A1_Q8A5I0--4q69__B1_Q8A5I0,0.9758566028825894,0.5,True
7xmj__C1_A9QSE8--7xmj__A1_A9QSE8,0.9474352026563228,0.5,True
1pix__A1_Q06700--1pix__B1_Q06700,0.9365574173497144,0.5,True
3l8i__B1_Q9BUL8--3l8i__A1_Q9BUL8,0.9530198805654244,0.5,True
6l2u__A1_Q27RN2--6l2u__B1_Q27RN2,0.9207895376800239,0.5,True
6sl2__A1_C4LWU6--6sl2__A2_C4LWU6,0.9033989056959735,0.5,True
1u6z__B1_P0AFL6--1u6z__A1_P0AFL6,0.9767940690415761,0.5,True
3pm9__A1_Q6NAV4--3pm9__B1_Q6NAV4,0.899099098904526,0.5,True
3a5y__B1_P0A8N7--3a5y__A1_P0A8N7,0.9451921514465884,0.5,True
7xgn__A1_UNDEFINED--7xgn__B1_UNDEFINED,0.937942783881482,0.5,True
6bn1__B1_Q9VCR6--6bn1__A1_Q8T0S6,0.6968967576154985,0.5,False
8ji6__A1_A0A861B387--8ji6__B1_A0A861B387,0.9856007887135552,0.5,True
2pjs__A1_A9CIG0--2pjs__B1_A9CIG0,0.9378531945774017,0.5,True
8ke8__A1_Q9HXS0--8ke8__B1_Q9HXS0,0.9467283845931306,0.5,True
3h7l__A1_Q87LX4--3h7l__A2_Q87LX4,0.9737390171787395,0.5,True
7zs8__A1_A0A1D3HIT0--7zs8__B1_A0A1D3HIT0,0.9340006253715291,0.5,True
2vc4__A1_P02879--2vc4__A2_P02879,0.8771862112003473,0.5,True
1xe8__B1_Q03629--1xe8__A1_Q03629,0.9766591038003405,0.5,True
7tn6__A1_Q84Y01--7tn6__A2_Q84Y01,0.9607136541889483,0.5,True
7yo6__A1_G8GLP2--7yo6__A2_G8GLP2,0.9713625239883176,0.5,True
8k76__A1_Q8R6D8--8k76__B1_Q8R6D8,0.9810365355045805,0.5,True
1vgx__B1_Q9RRU8--1vgx__A1_Q9RRU8,0.9125179121105309,0.5,True
3cet__B1_Q6M145--3cet__A1_Q6M145,0.9433820956799847,0.5,True
4zlh__B1_P0AB60--4zlh__A1_P0AB60,0.9774593790119549,0.5,True
2y84__A1_Q7WT50--2y84__E1_Q7WT50,0.9742698530234318,0.5,True
4me9__A1_Q736B0--4me9__B1_Q736B0,0.9470716609270826,0.5,True
2z51__A1_Q93W20--2z51__A2_Q93W20,0.8183676879850446,0.5,True
8ajq__A1_Q9I0C0--8ajq__B1_Q9I0C0,0.8526363378842975,0.5,True
3gdm__A1_P03962--3gdm__B1_P03962,0.9772805352708851,0.5,True
5khn__A1_UNDEFINED--5khn__B1_UNDEFINED,0.9656322217689959,0.5,True
7yfj__A2_Q15007--7yfj__B1_Q15007,0.8062222901696988,0.5,True
2rkl__F1_Q06263--2rkl__E1_Q06263,0.9384943069762549,0.5098039215686274,True
8cwp__A1_Q06282--8cwp__A2_Q06282,0.9678760111669762,0.5,True
4neh__A1_P20702--4neh__B1_P05107,0.9027718009410938,0.5,False
2prv__A1_O34596--2prv__B1_O34596,0.9735935336360416,0.5,True
6kvn__A1_A0A1S4CVP6--6kvn__A2_A0A1S4CVP6,0.963540364363759,0.5,True
5tgq__A1_A0A1S4NYF7--5tgq__A2_A0A1S4NYF7,0.9864388039145321,0.5,True
6b3i__A1_P27216--6b3i__B1_P27216,0.9448980985598402,0.5,True
1rqn__A1_O31156--1rqn__B1_O31156,0.9956147222361813,0.5,True
7tcr__A1_A0A2D2D5M1--7tcr__D1_A0A2D2CY73,0.9582127387742939,0.5,False
5l7z__A1_P28750--5l7z__A2_P28750,0.9575882408311963,0.5,True
7ljh__A1_Q769D3--7ljh__B2_Q769D3,0.9855247529969802,0.5,True
5frk__A1_D4I047--5frk__B1_D4I047,0.848457973261704,0.5,True
7xmw__B1_U2Q5N5--7xmw__A1_U2Q5N5,0.8001599531404884,0.5,True
7w2o__A1_Q9HZP1--7w2o__B1_Q9HZP1,0.9883933927569015,0.5,True
7uay__A1_P08684--7uay__A2_P08684,0.99845335605953,0.5,True
5czf__D1_A0A0H3JHG3--5czf__A1_Q8XAD5,0.7279037420518989,0.5,False
8p4l__A1_UNDEFINED--8p4l__B1_UNDEFINED,0.9791037621561822,0.5,True
2p6p__A1_Q9RPA7--2p6p__B1_Q9RPA7,0.8925862122406893,0.5,True
4u64__A1_Q5ZXA3--4u64__A2_Q5ZXA3,0.9442296918767508,0.5,True
7qbm__A1_P43235--7qbm__B1_P43235,0.8458123509143918,0.5,True
3nvm__A1_Q8U4M1--3nvm__B1_Q8U4M2,0.897912409689525,0.5,False
7q86__A1_UNDEFINED--7q86__B1_UNDEFINED,0.9239694452597829,0.5,True
3wws__A1_Q13188--3wws__D1_Q13188,0.7595572232645403,0.5,True
4c87__A1_F9UMG7--4c87__B1_F9UMG7,0.9250434223144217,0.5,True
2d7e__A1_P17888--2d7e__B1_P17888,0.87395234631827,0.5,True
7xro__A1_Q9RQ20--7xro__B1_Q9RQ20,0.8838504702742198,0.5,True
5yrj__A1_B6F0T7--5yrj__B1_A0A2Z5V8U8,0.8522920628565709,0.5,False
6yev__C1_P0A744--6yev__A1_P0AA25,0.8781532859551665,0.5,False
8glr__A1_Q8ZJX7--8glr__A2_Q8ZJX7,0.9262669673079111,0.5,True
5fwt__A1_Q96MU8--5fwt__A2_Q96MU8,0.9410293950094701,0.5,True
4e6s__A1_Q3URR7--4e6s__A2_Q3URR7,0.8557739453548436,0.5,True
8enb__B1_A7DT38--8enb__A1_A0T3A2,0.7674856798311728,0.5,False
8h4p__A1_I1S104--8h4p__B1_I1S104,0.9646384616834407,0.5,True
4cu5__A1_B6SBV8--4cu5__F1_B6SBV8,0.9864191925479484,0.5,True
7yo8__A1_P60520--7yo8__A2_P60520,0.7055716373316455,0.5,True
8elf__B1_Q6DYE4--8elf__A1_Q6DYE4,0.8736528400196095,0.5,True
1ax2__A1_P16404--1ax2__A2_P16404,0.9604909004078239,0.5,True
8i33__C1_A0A6Q8PFJ0--8i33__A1_A0A6Q8PFJ0,0.8957445262546019,0.5,True
3q9l__A1_P0AEZ3--3q9l__B1_P0AEZ3,0.9514214771993077,0.5,True
8ak1__A1_UNDEFINED--8ak1__B1_O25273,0.9386632815630307,0.5,False
2yk4__A1_P72097--2yk4__A2_P72097,0.9310000991443084,0.5,True
7u5f__C1_Q9HTM2--7u5f__A1_Q9HTM2,0.9734988278936554,0.5,True
5xt3__B1_A0A0U1MUE2--5xt3__A1_A0A0U1MUE2,0.9555854494839761,0.5,True
5iws__A1_Q63GK8--5iws__A2_Q63GK8,0.9127942653073853,0.5,True
2owl__A1_P36767--2owl__B1_P36767,0.8430773107311105,0.5,True
8bca__A1_O75643--8bca__B1_Q6P2Q9,0.7755334626041226,0.5,False
4ml7__A1_P61626--4ml7__B1_UNDEFINED,0.8095934961995002,0.5,False
3mcb__B1_P20290--3mcb__A1_Q13765,0.8407150717195312,0.5223807409409448,False
8gy8__A1_Q8TZT0--8gy8__B1_Q8TZT0,0.9506695514178632,0.5,True
8dkd__A1_G7CIP4--8dkd__A2_G7CIP4,0.9497672492376603,0.5,True
7dus__A1_P08965--7dus__A2_P08965,0.9302249702026222,0.5,True
8gb1__A1_Q9Y3Z3--8gb1__B1_Q9Y3Z3,0.9850476928162294,0.5,True
7cov__A1_Q06801--7cov__A2_Q06801,0.9605125065949334,0.5,True
6ign__A1_Q61768--6ign__A2_Q61768,0.8227723237352623,0.5,True
1fzr__A1_P00641--1fzr__B1_P00641,0.9331465237166991,0.5,True
3be5__A1_Q8XBR1--3be5__B1_Q8XBR1,0.9377220025527442,0.5,True
2ecs__A1_P03040--2ecs__B1_P03040,0.8880208333333334,0.5,True
4hn3__B1_Q8Y6D1--4hn3__A1_Q8Y6D1,0.9439378338331882,0.5,True
4o8y__A1_Q08723--4o8y__B1_P43588,0.9379231791349264,0.5,False
7uoi__A1_A0A1S8KJG1--7uoi__A2_A0A1S8KJG1,0.9665020956805737,0.5,True
7vma__A1_C5A758--7vma__A2_C5A758,0.9815357935409181,0.5,True
7d9m__A1_A0A4D6NYT7--7d9m__B2_A0A4D6NYT7,0.8934002240924677,0.5,True
2py8__C1_Q55670--2py8__B1_Q55670,0.8399369798473072,0.5,True
7ytl__A1_E1BR24--7ytl__A2_E1BR24,0.9930583161409345,0.5,True
7vxt__A1_Q63W52--7vxt__B1_Q63W52,0.890611355244148,0.5,True
5cv3__A1_E3M3V1--5cv3__A2_E3M3V1,0.938833522290897,0.5,True
8c9v__A1_Q1JXV1--8c9v__A2_Q1JXV1,0.9859186468569523,0.5,True
3tsn__A1_Q9PN58--3tsn__B1_Q9PN58,0.9632401377436282,0.5,True
8j51__A1_A0A0E9MUN5--8j51__B1_A0A0E9MUN5,0.9593037416483353,0.5,True
6cz9__A1_Q7WTU0--6cz9__B1_Q7WTT9,0.9328008368552745,0.5,False
8pzo__A1_F9UT68--8pzo__A2_F9UT68,0.9735875648515053,0.5,True
3tqg__B1_Q83DG4--3tqg__A1_Q83DG4,0.9359789672340507,0.5,True
7czg__C1_Q8TDY2--7czg__A1_Q8TDY2,0.9344263018534864,0.5,True
7eev__B1_A0A3D9R4E8--7eev__A1_A0A3D9R4E8,0.9411333397002,0.5,True
8ori__A1_Q2KB35--8ori__B1_Q2KB35,0.9243386641128787,0.5,True
7o6z__A1_A0A7R8L7W4--7o6z__B1_A0A7R8L7W4,0.9954231809895863,0.5,True
8pmr__A1_Q4WL81--8pmr__B1_Q4WL81,0.739371122174558,0.5,True
7u34__A1_Q4X1J1--7u34__A2_Q4X1J1,0.9576285532426364,0.5,True
3fmy__A1_Q46864--3fmy__A2_Q46864,0.9613008047950972,0.5,True
7f0o__B1_A0A2I1C3W8--7f0o__A1_A0A2I1C3W8,0.9564136001090561,0.5,True
3ojm__B1_P21802--3ojm__A1_P05230,0.8595108339074238,0.5,False
6xgz__A1_P63386--6xgz__B1_P64602,0.9166190231817263,0.5,False
7x2y__A1_A0A076PYH9--7x2y__B1_A0A076PYH9,0.9788002378966327,0.5,True
8i34__A1_A0AA52HX42--8i34__B1_A0AA52HX50,0.9600975737704918,0.5,False
5i4h__B1_P07711--5i4h__A1_P07711,0.8787670564593977,0.5,True
4e6h__A1_Q6CII8--4e6h__A2_Q6CII8,0.9798028533890554,0.5,True
6x7p__A1_Q8GGP1--6x7p__A2_Q8GGP1,0.9780731536977062,0.5,True
3exq__A1_Q03S37--3exq__A2_Q03S37,0.8681229327453142,0.5,True
2qvc__A1_Q9WXW9--2qvc__B2_Q9WXW9,0.9927443293715015,0.5,True
6yoa__A1_O82015--6yoa__B1_O82015,0.9323352237912308,0.5,True
7qnm__A1_G0L7V6--7qnm__B1_G0L7V6,0.9866966059019326,0.5,True
3p8v__A1_Q9V228--3p8v__B1_Q9V228,0.9788522782517712,0.5,True
4re1__A1_P28347--4re1__D1_P46937,0.8437357359149152,0.5,False
8iw5__A1_Q8C8U0--8iw5__B1_Q8C8U0,0.814937210839392,0.49975284231339595,True
7sq2__B1_Q01970--7sq2__A1_P21279,0.9648067912845509,0.5,False
4lqx__B1_Q97VD2--4lqx__A1_Q97VD2,0.9844173454376945,0.5,True
3owf__A1_P00644--3owf__A2_P00644,0.9392263756882155,0.5,True
2dpl__A1_O59072--2dpl__B1_O59072,0.9663599077512055,0.5,True
4ap5__A1_Q9Y2G5--4ap5__B1_Q9Y2G5,0.9729006860638122,0.5,True
8evy__A1_Q9LCT6--8evy__A2_Q9LCT6,0.9968956212517154,0.5,True
5npo__A1_P62593--5npo__B1_D3INY1,0.886099601758797,0.5,False
5uhs__A1_B0SR19--5uhs__B1_B0SR19,0.7543781154614726,0.5,True
5t3v__B1_Q9Y2C4--5t3v__A1_Q9Y2C4,0.945007847164727,0.5,True
8f2l__A1_P9WJY9--8f2l__B1_P9WJY9,0.9335520887530986,0.5,True
8h1l__B1_A0A7U4E834--8h1l__A1_A0A7U4E834,0.8794380142140942,0.5,True
1nye__A1_P0C0L2--1nye__B1_P0C0L2,0.82318111913154,0.5151928703265687,True
2ou6__A1_Q9RVG4--2ou6__A2_Q9RVG4,0.9495058983923559,0.5,True
3k1i__D1_O25709--3k1i__A1_O25448,0.764841424402454,0.5,False
1vbi__A1_Q53W84--1vbi__A2_Q53W84,0.9653117289190682,0.5,True
2oqb__A1_Q4AE70--2oqb__B1_Q4AE70,0.8648601420565187,0.5,True
8ajy__A1_A0AEF6--8ajy__B1_UNDEFINED,0.858369675464502,0.5,False
6saz__B1_Q9UGM5--6saz__A1_P07584,0.9248960615659807,0.5,False
8gzy__A1_P0A9A6--8gzy__B1_UNDEFINED,0.8881620317492909,0.5,False
6l9x__A1_F6VRB7--6l9x__A2_F6VRB7,0.8608812185608901,0.5,True
3ica__B1_Q7MXR4--3ica__A1_Q7MXR4,0.9398964832358483,0.5,True
6o15__A1_P39353--6o15__B1_P39353,0.9321329208358518,0.5,True
2ohc__A1_Q9HIY5--2ohc__B1_Q9HIY5,0.9600723159140654,0.5,True
8qfo__A1_A0A840P3H4--8qfo__B1_A0A840P3H4,0.9334595517013656,0.5,True
5zmy__A1_F1LJ99--5zmy__B1_F1LJ99,0.9280631985936241,0.5,True
6tx3__B1_Q9NWY4--6tx3__A1_Q9UGN5,0.9497369734802337,0.5,False
4tx5__A1_Q9NR28--4tx5__B1_Q9NR28,0.9092661704676077,0.5,True
7wnk__B1_A0A1E5TT85--7wnk__A1_A0A1E5TT85,0.992922376738306,0.5,True
2fn0__B1_Q9X9I8--2fn0__A1_Q9X9I8,0.9976490585901385,0.5,True
5x89__A1_Q8TGZ7--5x89__A2_Q8TGZ7,0.9065702985330493,0.5,True
2j0t__A1_P03956--2j0t__D1_P01033,0.953636401431556,0.5,False
2i9i__A1_O25234--2i9i__A2_O25234,0.8958246526205185,0.5,True
3rtr__G1_Q13616--3rtr__H1_P62877,0.9597306990498962,0.5,False
8bjd__A1_UNDEFINED--8bjd__A2_UNDEFINED,0.9675679737096099,0.5,True
7lq2__A1_A0A023X3Z4--7lq2__B1_A0A023X3Z4,0.8266548499342637,0.5,True
6aht__A1_A1BZ87--6aht__B1_A1BYM8,0.9482952960640691,0.5,False
8tto__A1_UNDEFINED--8tto__B1_UNDEFINED,0.7363484691346891,0.5,True
8czp__A1_A0A0D5ZBI4--8czp__B1_A0A0D5ZBI4,0.9429895871664828,0.5,True
4ro3__A1_M1RHE3--4ro3__B1_M1RHE3,0.9318950779262086,0.5,True
1c0n__A1_P77444--1c0n__A2_P77444,0.9357093248040596,0.5,True
7tq0__A1_P00459--7tq0__A2_P00459,0.9764823780816853,0.5,True
1o4w__A1_O29664--1o4w__A2_O29664,0.9906087196052588,0.4999667685763658,True
4jzp__A1_P51572--4jzp__B1_P51572,0.9324604056682412,0.5,True
2or2__A1_P08954--2or2__B1_P08954,0.9868065402199013,0.5,True
5xdf__B1_Q5SL04--5xdf__A1_Q5SL04,0.9250461566589139,0.5,True
6kr4__A1_P10586--6kr4__E1_P60469,0.8783693796686673,0.5,False
1itv__A1_P14780--1itv__B1_P14780,0.9519303350273411,0.5,True
8e51__A1_A0A5N5MKD0--8e51__B1_UNDEFINED,0.7614279353605196,0.5,False
2qgi__A1_P05449--2qgi__B1_P05449,0.9276004045113185,0.5,True
1a19__A1_P11540--1a19__B1_P11540,0.9152645796481413,0.5,True
8a9x__A1_P15752--8a9x__C1_P15752,0.9784254196516694,0.5116279069767442,True
3onm__A1_UNDEFINED--3onm__B1_UNDEFINED,0.8480208569369939,0.5,True
7wrs__A1_Q5ZJ86--7wrs__B1_UNDEFINED,0.9376638865404974,0.5,False
8e9e__B1_Q02293--8e9e__A1_Q04631,0.9105234829885535,0.5,False
2h4c__A1_Q7T2R1--2h4c__B1_Q7T3T5,0.8784671460313296,0.5,False
2bdt__A1_Q9K6P2--2bdt__A2_Q9K6P2,0.9600317823607347,0.5,True
5vbn__A1_P56282--5vbn__B1_Q07864,0.9537292168230225,0.5,False
8gt0__A1_Q8I6U4--8gt0__B1_P01040,0.9493072348212535,0.5,False
5lrr__A1_P22262--5lrr__B1_P22262,0.976089417160894,0.5,True
4y7i__A1_Q96EF0--4y7i__B1_Q96EF0,0.9873253026694171,0.5,True
1who__A1_P43214--1who__A2_P43214,0.887047337949824,0.5,True
4g10__A1_Q9WXJ9--4g10__A2_Q9WXJ9,0.9603435330188359,0.5,True
8q4k__A1_O51180--8q4k__B1_O51180,0.9153090428327333,0.5,True
6hp3__A1_O31927--6hp3__B1_O31927,0.8888630974705397,0.5,True
8hs0__A1_Q9LIR4--8hs0__A2_Q9LIR4,0.968455327055791,0.5,True
6gz1__A1_P10151--6gz1__A2_P10151,0.9477931400138668,0.5,True
8pbu__A1_P27708--8pbu__A2_P27708,0.937024693986039,0.5,True
7zjc__A1_P0DV83--7zjc__A2_P0DV83,0.9093042630145893,0.5,True
6ecu__B1_Q8RJY3--6ecu__A1_Q8RJY3,0.9489006385604288,0.5,True
4x2d__A1_UNDEFINED--4x2d__C2_UNDEFINED,0.9788290931669903,0.5,True
7p0h__A1_O26008--7p0h__C1_O26008,0.9666295429548731,0.5,True
5b3g__B1_Q9SZF7--5b3g__A1_Q9M384,0.9450758653310888,0.5,False
7vzy__B1_Q84G19--7vzy__A1_Q84G19,0.9727852060379262,0.5,True
2q3t__A1_Q9LUJ3--2q3t__A2_Q9LUJ3,0.8746329725978295,0.5069101249990466,True
8j3t__A1_A0A0G2TMR2--8j3t__B1_A0A0G2TMR2,0.9865752939841539,0.5,True
7pt0__A1_Q9KYU4--7pt0__B1_Q9KYU4,0.9551849428937794,0.5,True
6m09__B1_Q8LDU1--6m09__A1_Q8LDU1,0.9522329201354112,0.5,True
7uxs__B1_J8G6Z1--7uxs__A1_J8G6Z1,0.9579857115107357,0.5,True
2q03__A1_Q12ML0--2q03__B1_Q12ML0,0.9030675401509562,0.5,True
6kcp__B1_Q9VAA9--6kcp__A1_Q9VAA9,0.8907733253466386,0.5,True
3zn4__A1_C8CHL4--3zn4__A2_C8CHL4,0.9564186153858834,0.5,True
6sj4__B1_A0A022MQ12--6sj4__A1_A0A022MQ12,0.9289482509785811,0.5,True
5cyy__A1_P9WG63--5cyy__B1_P9WG63,0.9187704625825276,0.5,True
3tj3__A1_P52294--3tj3__B1_Q9UKX7,0.7526442961315041,0.5,False
3i32__A1_Q72GF3--3i32__A2_Q72GF3,0.9876717950515923,0.5,True
1jk9__B1_P40202--1jk9__A1_P00445,0.9567683114534867,0.5,False
4z3u__B1_G3G955--4z3u__A1_G3G8X8,0.9074786145738247,0.5,False
4e4w__A1_P38920--4e4w__B1_P14242,0.9641618770304387,0.5,False
5yw5__A1_Q5NII9--5yw5__D1_Q5NII9,0.9087728231467764,0.5,True
3ab8__A1_Q5SLE3--3ab8__B1_Q5SLE3,0.8436499625047791,0.5,True
3mxt__A1_Q9PIK2--3mxt__A2_Q9PIK2,0.9528640195388614,0.5,True
1wr8__B1_O50129--1wr8__A1_O50129,0.9921023355946081,0.5,True
7war__B1_A0A1B6PFV1--7war__A1_A0A1B6PFV1,0.9471316087797446,0.5,True
7fn1__B1_P32357--7fn1__A1_P33334,0.9598825267304445,0.5,False
7xl7__A1_A0A2J0R8J6--7xl7__B1_A0A2J0R8J6,0.6743769817677369,0.5,True
8vc5__A1_Q9XCL6--8vc5__B1_Q9XCL6,0.989474244071497,0.5,True
5jfz__A1_P20605--5jfz__B1_P0ADX5,0.847677948004271,0.5,False
1gkh__A1_P69543--1gkh__A2_P69543,0.950629316612141,0.5078562340966921,True
5g37__B1_P10565--5g37__A1_P06575,0.8598107152711189,0.5,False
2gjx__A1_P06865--2gjx__B1_P07686,0.9345500665423038,0.5,False
3aqb__B1_O66129--3aqb__A1_O66127,0.9135785234899328,0.5,False
8q1a__A1_Q16790--8q1a__C2_Q16790,0.9077032139570862,0.5,True
8ezt__D2_UNDEFINED--8ezt__A1_UNDEFINED,0.8945393874615178,0.5056179775280899,True
5ez1__B1_P56112--5ez1__A1_P56112,0.9613028889766946,0.5,True
3lwd__A1_Q1QTX1--3lwd__A2_Q1QTX1,0.9871899417136523,0.5060975609756098,True
4wic__A1_Q2FAE9--4wic__B1_Q2FAE9,0.8397147068220703,0.5,True
8dye__A1_P31040--8dye__B1_Q5VUM1,0.790367421200882,0.5,False
6xnr__A1_UNDEFINED--6xnr__A2_UNDEFINED,0.8824730847786202,0.5,True
2ch6__A1_Q9UJ70--2ch6__D1_Q9UJ70,0.9555267535352847,0.5,True
3gpn__A1_P15873--3gpn__A2_P15873,0.9591026279179589,0.5,True
5y69__A1_A8ATW7--5y69__B1_A8ATW7,0.8586227194280079,0.5,True
7th0__A1_P31667--7th0__A2_P31667,0.9057006438544455,0.5,True
2qh0__A1_Q97H22--2qh0__A2_Q97H22,0.8989367068175859,0.4999697354881666,True
7uln__A1_P09514--7uln__B1_P09514,0.9345222931944643,0.5,True
5ubb__A1_Q5VVY1--5ubb__A2_Q5VVY1,0.9816661080555388,0.5,True
5kvs__B1_O54512--5kvs__A1_O54512,0.9633889923801374,0.5,True
3frs__A1_P53990--3frs__A2_P53990,0.8727689043083604,0.5,True
3obv__A1_O08808--3obv__C1_O08808,0.9707864130605899,0.5,True
4wkz__A1_A0AEF5--4wkz__B1_W5IDC3,0.9078704087829297,0.5,False
3kt0__A1_Q12109--3kt0__A2_Q12109,0.9886615871234659,0.5,True
5i90__A1_G3XCY5--5i90__B1_G3XCY5,0.9556139624853826,0.5,True
3bat__B1_P24733--3bat__A1_P24733,0.9027413604533898,0.5,True
2ps1__A1_P13298--2ps1__B1_P13298,0.9546893851933167,0.5,True
1fcd__A1_Q06530--1fcd__B1_Q06529,0.9796640758758925,0.5,False
8hy8__A1_A0A085BE66--8hy8__A2_A0A085BE66,0.9733654791480543,0.5,True
8har__A1_Q2L6E4--8har__B1_Q2L6E4,0.9779132133935177,0.5,True
8a60__A1_P06971--8a60__B1_Q38162,0.8935322991529993,0.5,False
4je4__A1_Q06124--4je4__B1_P02751,0.8829900191123381,0.5,False
2a6c__A1_Q82UW4--2a6c__A2_Q82UW4,0.7556311459409989,0.5,True
5k9l__B1_A8MW95--5k9l__A1_A8MW95,0.9007694338825517,0.5,True
5mzg__A1_P53368--5mzg__B1_P53368,0.8936266010611966,0.5,True
6lfn__A1_UNDEFINED--6lfn__B1_UNDEFINED,0.6658714216606685,0.5,True
7ucc__B1_P17535--7ucc__A1_P53539,0.8974172108208955,0.5,False
8d0x__A1_Q9Y231--8d0x__A2_Q9Y231,0.8388649451457039,0.5,True
6ano__B1_Q9UKL3--6ano__A1_Q9UKL3,0.9223089905317658,0.5,True
6et2__A1_Q9I4X1--6et2__B1_Q9I4X2,0.9546798694910563,0.5,False
6d0a__A1_Q8N5Z0--6d0a__A2_Q8N5Z0,0.9660818348004927,0.5,True
2xga__B1_P35530--2xga__A1_P35530,0.9858030499341889,0.5,True
2i3o__A1_Q9HJH4--2i3o__B1_Q9HJH4,0.9612753823700616,0.5,True
1ijx__A1_P97401--1ijx__C1_P97401,0.946596457326892,0.5,True
6h2u__A1_Q9NRN9--6h2u__B1_Q9UI30,0.8702925859500383,0.5,False
8h2v__A1_Q93HT8--8h2v__B1_Q93HT8,0.9680021295224238,0.5,True
1wat__B1_P02941--1wat__A1_P02941,0.9564076371975918,0.5,True
2nyh__A1_Q13JM0--2nyh__B1_Q13JM0,0.8931306335671508,0.5,True
7y9b__A1_A3EXD6--7y9b__B1_A3EXD6,0.885342050242125,0.5,True
7yuj__B1_Q9BYM8--7yuj__A1_Q9BYM8,0.6986512038827538,0.5,True
8c5k__A1_P87252--8c5k__A2_P87252,0.8738067983874982,0.5,True
2spc__A1_P13395--2spc__B1_P13395,0.7829346518926652,0.5,True
6q2e__A1_A5UMY5--6q2e__B1_A5UMY5,0.9038310993409175,0.5,True
4p8i__A1_P40746--4p8i__B1_P40746,0.898849377394636,0.5,True
8gp6__B1_P16710--8gp6__A1_P07611,0.8675944839982661,0.5,False
8a82__A1_K7WEY7--8a82__B1_K7XCU4,0.9263378740631325,0.5,False
3a4l__B1_Q58933--3a4l__A1_Q58933,0.9584187195019285,0.5,True
1z52__A1_P09167--1z52__B1_P09167,0.8592134286653518,0.5,True
6c0g__A1_A0A3F2YLX1--6c0g__B2_A0A3F2YLX1,0.8291801834219232,0.504326971675275,True
8owi__A1_Q02224--8owi__B1_Q02224,0.8897086931491076,0.5,True
1k3r__B1_O26109--1k3r__A1_O26109,0.9766008029404647,0.5,True
7fga__A1_Q8DIJ4--7fga__B2_Q8DIJ4,0.9776031149906244,0.5,True
5akq__A1_O52063--5akq__B1_O52063,0.9856129820794592,0.5,True
7y86__B1_A0A0K2E3A3--7y86__A1_A0A0K2E3A3,0.9512627381479842,0.5134383142354266,True
8d1u__A1_P0A6R0--8d1u__A2_P0A6R0,0.9593063709024453,0.5,True
1vqw__A1_Q9HFE4--1vqw__B1_Q9HFE4,0.9388492625657053,0.5,True
7rzb__A1_A0A229LVN5--7rzb__A2_A0A229LVN5,0.9604138148889123,0.5,True
6qta__A1_G0SHE6--6qta__B1_G0SC29,0.8743532989452613,0.5,False
7toc__A1_A0A2H0ZMH9--7toc__B1_A0A2H0ZMH9,0.9154171793251487,0.5,True
7ula__B1_Q88ND0--7ula__A1_Q88NC7,0.9840179157693767,0.5,False
8bes__A1_A0A856TAI5--8bes__B1_A0A856TAI5,0.9450026067802658,0.5,True
7ztw__A1_Q66578--7ztw__B1_Q66578,0.9620625058914067,0.49990010987913297,True
7wjt__B1_Q8BZB3--7wjt__A1_Q8BZB3,0.8286604180346445,0.5,True
6j9n__A1_X5EPV9--6j9n__B1_A0A425B395,0.8515986116181039,0.5,False
1kll__A1_O05205--1kll__A2_O05205,0.9402610710148801,0.5538804241290207,True
8uel__A1_UNDEFINED--8uel__B1_UNDEFINED,0.9591846901666062,0.5,True
7xky__A1_Q58690--7xky__B1_Q58034,0.9424533993048636,0.5,False
4p04__A1_A0A0D6H805--4p04__B1_A0A0D6H805,0.8852708847114417,0.5,True
1txz__A1_Q04299--1txz__A2_Q04299,0.9814555161515036,0.5,True
4af5__A1_Q8NQ97--4af5__A2_Q8NQ97,0.9032656713873777,0.5,True
8af9__A1_Q2YPZ9--8af9__H1_Q2YPZ9,0.9600038770543002,0.5,True
8gm9__D1_P9WPD3--8gm9__A1_P9WPD3,0.9390095920305992,0.5,True
7wsx__A1_D9PYV4--7wsx__B1_D9PYV4,0.9882721621401725,0.5,True
4g86__A1_Q79PF6--4g86__B1_Q79PF6,0.8641979341533185,0.5,True
3bq3__A1_Q12395--3bq3__A2_Q12395,0.8991792318626013,0.5,True
7eva__A1_P31490--7eva__A2_P31490,0.9371431849102059,0.5,True
8r7d__B1_G5EI71--8r7d__A1_Q8LJL3,0.770702549484338,0.5,False
7pwy__A1_Q8TDX5--7pwy__B1_Q8TDX5,0.9847330133038888,0.5,True
3ut4__A1_A3DJ21--3ut4__B1_A3DJ21,0.9821372024813767,0.5,True
8eei__B1_A0A807MR40--8eei__A1_A0A807MR40,0.992194098489518,0.5,True
8bp5__B1_A0A369SI82--8bp5__A1_A0A369SI82,0.9644412191582002,0.5,True
3l34__B1_Q9HT87--3l34__A1_Q9HT87,0.9176961395441714,0.5103842694876162,True
8god__A1_Q9UM07--8god__A2_Q9UM07,0.9179878688944821,0.5,True
1h9g__A1_P0A8V6--1h9g__A2_P0A8V6,0.9769428417816394,0.5,True
7qg6__D1_Q9HAU5--7qg6__C1_Q9H1J1,0.8080628442412047,0.5,False
8sz3__B2_Q9NY97--8sz3__A1_Q9NY97,0.9589291783602163,0.5,True
5a10__A1_G1FNI6--5a10__A2_G1FNI6,0.9586611778170738,0.5,True
7qoc__A1_Q8NQV9--7qoc__B1_Q8NQV9,0.9852005093809084,0.5,True
8a90__B1_A0A7S9SWM2--8a90__A1_A0A7S9SWM2,0.9691049132851823,0.5,True
3iaa__A1_Q8KNE0--3iaa__B1_Q8KNE0,0.9236188832903718,0.5,True
3n50__B1_Q9H4W6--3n50__A1_Q9H4W6,0.9254192713584728,0.5,True
2qg3__A1_O28220--2qg3__A2_O28220,0.9436856744219757,0.5,True
7ysk__A1_Q6D6Z8--7ysk__B1_Q6D6Z8,0.9704584263362281,0.5,True
7spz__A1_A8B3G9--7spz__A2_A8B3G9,0.991452024650777,0.5,True
4q2e__B1_Q9X1B7--4q2e__A1_Q9X1B7,0.8633510432628279,0.5,True
8cff__A1_Q7SIF4--8cff__B1_Q7SIF3,0.955091469654411,0.5,False
8bxl__A1_A0A075TRK9--8bxl__D1_A0A075TRK9,0.9950699386689723,0.5,True
7uqo__A1_UNDEFINED--7uqo__A2_UNDEFINED,0.7561822015949315,0.5,True
5d4v__C1_Q57913--5d4v__A1_Q57913,0.9261821376828081,0.5,True
2p23__A1_O95750--2p23__B1_O95750,0.7878691583729988,0.5,True
7u55__A1_A0A151EDA9--7u55__A2_A0A151EDA9,0.8175734878122937,0.5,True
1rkw__A1_P0A0N4--1rkw__C1_P0A0N4,0.9712580202815662,0.5,True
1ps6__A1_P19624--1ps6__B1_P19624,0.9832854064971638,0.5,True
2y21__L1_O28769--2y21__K1_O28769,0.9600887450741679,0.5,True
2z5i__A1_P58772--2z5i__B1_P58772,0.8905944372882973,0.5,True
5l7u__B1_A6L2E5--5l7u__A1_A6L2E5,0.9553514286738702,0.5,True
3egq__A1_O28458--3egq__B1_O28458,0.9638483184625943,0.5080432395332876,True
7r3a__A1_Q6LYR8--7r3a__E1_Q6LYR8,0.9528566053005619,0.5,True
7yq0__A1_A0A101DF63--7yq0__B1_A0A101DF63,0.9753257672630873,0.5,True
3wsc__A1_Q25C86--3wsc__B1_Q25C86,0.6769501516018914,0.5,True
4pib__B1_Q2SVW5--4pib__A1_Q2SVW5,0.8949210601384514,0.5,True
7vmx__B1_P9WNN1--7vmx__A1_P9WNM1,0.9145110876617484,0.5,False
1ykd__A1_P94182--1ykd__B1_P94182,0.9667184524588899,0.5,True
4ux7__A1_Q183F3--4ux7__B1_Q183F3,0.9514723465415623,0.5,True
3k3d__A1_P9WLZ7--3k3d__A2_P9WLZ7,0.9283877292398918,0.5,True
7q1d__D2_P29808--7q1d__A1_P29808,0.9053103704497284,0.5,True
1sj5__A1_Q9WY07--1sj5__B1_Q9WY07,0.95926581490052,0.5,True
4c12__A1_Q2FZP6--4c12__A2_Q2FZP6,0.9240787527500959,0.5,True
3k9m__A1_P07858--3k9m__B1_P01040,0.9617971351509543,0.5,False
1ccd__A1_P17559--1ccd__A2_P17559,0.874015196739555,0.5341217286843987,True
8xiz__A1_T2B4K5--8xiz__B1_T2B4K5,0.9612583067254127,0.5,True
7wz6__A1_P15806--7wz6__B1_P10085,0.9312328301410877,0.5422111214076955,False
2i00__A1_Q831Y9--2i00__B1_Q831Y9,0.976803192786753,0.5,True
5ffi__A2_Q44501--5ffi__B1_Q44501,0.9244673771797451,0.5,True
3cnk__A1_P21333--3cnk__B1_P21333,0.9458698887670374,0.5307055851480496,True
8gt9__A1_A8MW95--8gt9__B1_A8MW95,0.8956179265656623,0.5,True
4l2w__B1_Q13464--4l2w__A1_Q13464,0.896630757691937,0.5,True
3d0j__A1_Q97DI0--3d0j__A2_Q97DI0,0.8787172523679547,0.5,True
7qaj__F1_UNDEFINED--7qaj__A1_Q8JIV8,0.9375507400237307,0.5,False
4ct0__A1_P97784--4ct0__B1_O54943,0.7479486920356705,0.5,False
3av0__A1_Q58719--3av0__B1_Q58718,0.9474129529641324,0.5,False
8bln__A1_C9QZ65--8bln__H1_C9QZ65,0.9643715739555562,0.5,True
2riq__A1_P09874--2riq__A2_P09874,0.8745659315311235,0.5,True
8hd5__A1_Q99U17--8hd5__B1_Q99U17,0.8547680756108146,0.5231197821491275,True
6xrb__A1_A0A0H3NHS6--6xrb__B1_A0A0H3NHS6,0.9635726218932327,0.4999768679157992,True
8a1g__A1_Q13596--8a1g__C1_Q9Y5X3,0.9445933716045876,0.5,False
8tn3__A1_Q643B9--8tn3__B1_Q643B9,0.968879968543755,0.5,True
5ghs__A1_Q5JGL0--5ghs__C1_Q5JF31,0.8455825310311903,0.5,False
5umw__A1_A0A125SA26--5umw__F1_A0A125SA26,0.9561037265672104,0.4997068308413955,True
7x7j__A1_UNDEFINED--7x7j__B1_UNDEFINED,0.97159361222456,0.5,True
7zcv__B1_A0A0E7KI02--7zcv__A1_A0A0E7KI02,0.8821185324054897,0.5,True
6scq__A1_Q8NNN6--6scq__A2_Q8NNN6,0.9713509416457159,0.5,True
4ml9__A1_D1AMR0--4ml9__B1_D1AMR0,0.9526778708526071,0.5,True
7yfu__A1_Q8CG73--7yfu__B1_Q8CG73,0.9817672255927642,0.5,True
2yn3__C1_Q8ZKG6--2yn3__A1_Q8ZKG6,0.7529954572675808,0.5,True
3ix1__A1_Q9K9G5--3ix1__B1_Q9K9G5,0.9592165269223287,0.5,True
7khs__A1_Q2CEE3--7khs__B1_Q2CEE3,0.9766439124505419,0.5,True
8k5l__A1_A0A829KK40--8k5l__B1_A0A829KK40,0.9659159642812405,0.5,True
2g0t__B1_Q9WZQ3--2g0t__A1_Q9WZQ3,0.9848048357538528,0.5,True
3lr3__A1_Q63T74--3lr3__A2_Q63T74,0.9545696904425474,0.5,True
4pxq__A1_F1QR43--4pxq__B1_F1QR43,0.9709437982331054,0.5,True
4z5y__A1_Q88QV5--4z5y__A2_Q88QV5,0.9739190839822949,0.5,True
7zhf__A1_A0A0U2WWJ1--7zhf__A2_A0A0U2WWJ1,0.9725067116024204,0.5,True
6h86__A1_B5KM66--6h86__B1_B5KM66,0.7934493747756699,0.5,True
7saf__B1_Q6TLP8--7saf__A1_Q6TLP8,0.9297487453668777,0.5,True
7zj1__B1_P55265--7zj1__A1_P55265,0.884092422102067,0.5,True
4g9k__A1_P32340--4g9k__B1_P32340,0.9543481453132532,0.5,True
8b35__A1_Q96562--8b35__B1_Q96562,0.9581020799436963,0.5,True
2rdz__A1_P0ABK9--2rdz__B1_P0ABK9,0.9387564518696754,0.5,True
6bzf__B1_P53061--6bzf__A1_P17122,0.9163427706834344,0.5,False
5ydd__B1_P9WME7--5ydd__A1_P9WME7,0.8711816861963041,0.4998607824028957,True
4czd__B1_B8J3A4--4czd__A1_B8J364,0.8896178995429685,0.5,False
3ft7__B1_Q54323--3ft7__A1_Q54323,0.819523709022307,0.5042016806722689,True
4pz1__A1_Q99XU0--4pz1__A2_Q99XU0,0.8286546896999892,0.5,True
2w1t__A1_P37554--2w1t__B1_P37554,0.9805567537078205,0.5,True
7qz5__A1_A2RI36--7qz5__B1_A2RI36,0.8966435935058501,0.5,True
5h31__A1_Q14790--5h31__B1_Q14790,0.9502250661547814,0.5,True
8p33__A1_O51254--8p33__A2_O51254,0.9811060163117514,0.5,True
8orv__A1_A0A7H0DNF0--8orv__A2_A0A7H0DNF0,0.9440655852365964,0.5,True
8oru__A1_O93732--8oru__B1_O93732,0.9727756087092734,0.5,True
1u7i__A1_Q9I3Y6--1u7i__B1_Q9I3Y6,0.8979393872205977,0.5,True
8slg__B1_G7CIG9--8slg__A1_G7CIG9,0.9083029042800409,0.5,True
3l2e__B1_Q6AW42--3l2e__A1_Q6AW43,0.9328730274662453,0.5,False
3b0a__A1_P0CG48--3b0a__B1_Q9WUB0,0.7740575652546339,0.5,False
6etz__A1_A0A023UGN9--6etz__A2_A0A023UGN9,0.9174170320112147,0.5,True
7sfz__B1_Q9NYP9--7sfz__A1_Q9NYP9,0.8218020184355302,0.5,True
7wwf__A1_A0R6Y0--7wwf__B1_A0R6Y0,0.9798514819857723,0.5,True
8vdw__B1_T0TAB9--8vdw__A1_T0TAB9,0.9814661709762142,0.5,True
8ri0__A1_E4THH1--8ri0__B1_E4THH1,0.9143409911160466,0.5,True
5z2i__B1_Q54LT0--5z2i__A1_Q54LT0,0.7964153178049742,0.5,True
4miv__A1_P51688--4miv__B1_P51688,0.9823947446234239,0.5,True
3vh1__A1_P38862--3vh1__A2_P38862,0.9798599782705509,0.5,True
7z98__A1_E6V140--7z98__A2_E6V140,0.9625788445023543,0.5,True
2ond__A1_Q99LI7--2ond__B1_Q99LI7,0.9195205066740298,0.5,True
7vt9__A1_P21517--7vt9__B1_P21517,0.928054876367495,0.5,True
1gju__A1_O33838--1gju__A2_O33838,0.9393092518752061,0.5,True
6hta__A1_A0A3F2YM29--6hta__B1_A0A3F2YM29,0.923926773838806,0.5,True
3h7h__A1_P63272--3h7h__B1_O00267,0.9416896899113973,0.5045871559633027,False
1dek__A1_P04531--1dek__B1_P04531,0.9768243714667224,0.5,True
4z39__A1_A0A0S2E5N6--4z39__B1_A0A0S2E5N6,0.8819773678326979,0.5,True
5ca9__A1_Q9C0L9--5ca9__A2_Q9C0L9,0.934081092189627,0.5,True
2zvx__A1_P00974--2zvx__B1_P00974,0.8177399756986635,0.5,True
6x0a__A1_F7Y4W0--6x0a__S1_F7YBW8,0.7597871224202687,0.5,False
7spq__A1_C5AMM8--7spq__A2_C5AMM8,0.9721857498983333,0.5,True
7spn__A1_A0A7C2VFT1--7spn__B1_A0A7C2VFT1,0.9776197427512825,0.5,True
1tv8__A1_P65388--1tv8__B1_P65388,0.7843440646479558,0.5,True
3mkr__B1_Q27954--3mkr__A1_Q28104,0.9688876104414677,0.5,False
1dqn__A1_Q24973--1dqn__B1_Q24973,0.976129922071748,0.5,True
7tdq__A1_Q2HR80--7tdq__B1_Q2HR80,0.8400583653971264,0.5,True
7xoi__A1_A0A5N6DPG0--7xoi__B1_A0A5N6EXS6,0.9358680802056866,0.5,False
8h62__A1_P0DJM0--8h62__B1_P12830,0.9088692176133317,0.5,False
7dyc__A1_UNDEFINED--7dyc__A2_UNDEFINED,0.7247809076382475,0.5,True
8bbt__A1_A0A0B4VFQ3--8bbt__A2_A0A0B4VFQ3,0.9748602887596524,0.5,True
3t2l__A1_Q5LE95--3t2l__A2_Q5LE95,0.9836321568202545,0.5,True
3uet__A1_B7GNN8--3uet__B1_B7GNN8,0.923649679440109,0.5,True
8fdb__B1_Q12KP2--8fdb__A1_Q12KP2,0.9440785682554682,0.5,True
6ok3__A1_C3X9N1--6ok3__B1_C3X9N1,0.7345860311651322,0.5,True
8hp3__A1_A0A2K0XCZ3--8hp3__B1_A0A2K0XCZ3,0.9213169357818,0.5,True
7xkg__A1_A7NHS9--7xkg__B1_A7NHS9,0.8977582184754748,0.5,True
1l7e__A1_Q2RSB2--1l7e__B1_Q2RSB2,0.9592830906763887,0.5,True
8hn2__A1_Q9F722--8hn2__B1_Q9F722,0.9598240847249218,0.5,True
8gst__A1_Q1NEI7--8gst__B1_Q1NEI7,0.9712757806193902,0.5,True
7cq3__A1_P38324--7cq3__B1_Q12098,0.9633194810805894,0.5,False
5htf__A1_Q8Y759--5htf__B1_Q8Y759,0.9713784269480361,0.5,True
6c90__A1_P42285--6c90__B1_Q6NZY4,0.8673103435277218,0.5,False
6e1j__A1_C5J4P1--6e1j__B1_C5J4P1,0.9238280583394543,0.5,True
3ccd__A1_P0AA04--3ccd__B1_P0AA04,0.6866250866250866,0.5,True
3dzl__B1_Q396C9--3dzl__A1_Q396C9,0.9259566298940082,0.5,True
4ir7__A1_UNDEFINED--4ir7__A2_UNDEFINED,0.9679479049317229,0.5,True
7nlj__B1_UNDEFINED--7nlj__A1_K3YAU1,0.7490987392268004,0.5,False
2y1h__B1_Q17R31--2y1h__A1_Q17R31,0.7998456687435859,0.5,True
7unj__A1_UNDEFINED--7unj__B1_UNDEFINED,0.9736125284947034,0.5,True
7lfs__A1_P00533--7lfs__E1_O14944,0.9321034920167984,0.5,False
6jiw__A1_A0A0H3JU78--6jiw__A2_A0A0H3JU78,0.7887821469796076,0.5,True
8ees__A1_A0A0H3GMB7--8ees__B1_A0A0H3GMB7,0.9852187096722539,0.5,True
4a5b__B1_Q27895--4a5b__A1_Q27895,0.9076808780914166,0.5,True
3nb6__A1_O66874--3nb6__A2_O66874,0.8902128273874819,0.5,True
5f8c__A1_O53532--5f8c__A2_O53532,0.9435369213548979,0.5,True
5yet__A1_Q5UQV1--5yet__B1_Q5UQV1,0.9876612811240182,0.5,True
8jt3__A1_H8Y6N2--8jt3__C1_H8Y6N2,0.9251694672842455,0.5,True
1ije__A1_P02994--1ije__B1_P32471,0.8965427614728907,0.5,False
6on4__A1_P0A8W0--6on4__B1_P0A8W0,0.882890040912871,0.5,True
4zvc__A1_P0AA89--4zvc__B1_P0AA89,0.9661463617580359,0.5,True
4qoa__A1_A7VAB9--4qoa__A2_A7VAB9,0.9501358319447962,0.5,True
6wmv__A1_U5WZP7--6wmv__B1_U5WZP7,0.9468885817665353,0.5,True
3e3c__A1_Q7DB61--3e3c__B1_Q7DB61,0.9507518814489367,0.5,True
7zc8__B1_UNDEFINED--7zc8__A1_UNDEFINED,0.9196967519402128,0.5,True
6ekk__A1_Q8TEH3--6ekk__C1_Q15286,0.927637649943346,0.5,False
8a9w__A1_P15751--8a9w__A2_P15751,0.9914053280195012,0.5135135135135135,True
2gj9__A1_P25522--2gj9__B1_P25522,0.9723924610723975,0.5,True
3cm7__C1_P98170--3cm7__D1_P98170,0.9610574059650892,0.5,True
8f5v__A1_O53728--8f5v__B1_O53728,0.9641909331708515,0.5,True
1ecj__A1_P0AG16--1ecj__B1_P0AG16,0.8865751698520765,0.5,True
3s5r__A1_Q2LS68--3s5r__B1_Q2LS68,0.9562264475804356,0.4999714122355632,True
3im3__A1_P00514--3im3__A2_P00514,0.8639482369289561,0.5316571130797291,True
4mcj__B1_A6L9R1--4mcj__A1_A6L9R1,0.9674547706307497,0.5,True
7vw1__B1_V5J1S8--7vw1__A1_V5J1S8,0.9154546317270517,0.5,True
3p12__A1_Q2G1A5--3p12__D1_Q2G1A5,0.8905054354162535,0.5,True
8aq0__A1_Q6DTN4--8aq0__B1_Q6DTN4,0.9721180938866961,0.5,True
3wpm__A1_G2IKE5--3wpm__B1_G2IKE5,0.9148077728043735,0.5,True
7xof__B1_Q0DFB6--7xof__A1_Q0DFB6,0.9595989257375178,0.5,True
8a8f__A1_P32598--8a8f__B1_P42073,0.744297371847038,0.5,False
5un7__A1_Q9NUX5--5un7__B1_Q96AP0,0.8536991653988801,0.5,False
8juk__A1_V5VGC6--8juk__B1_V5VGC6,0.9861568114221795,0.5,True
8snp__A1_O09118--8snp__A2_O09118,0.8952900015549681,0.5,True
8ic6__A1_UNDEFINED--8ic6__B1_UNDEFINED,0.9653321204549984,0.5,True
6wjc__A1_P11229--6wjc__B1_Q8QGR0,0.8498368412465329,0.5,False
8ard__A1_Q64331--8ard__A2_Q64331,0.6538972985773357,0.5,True
3mqi__A1_Q9UH73--3mqi__B1_Q9UH73,0.770280457664157,0.5,True
3q01__A1_P04637--3q01__B1_P04637,0.9753865312577434,0.5,True
7ylq__A1_Q93CA6--7ylq__B1_Q93CA6,0.8948872376975278,0.5,True
2yvo__A1_Q5SJY9--2yvo__A2_Q5SJY9,0.8930922543158505,0.5,True
5vpa__B1_P17535--5vpa__A1_P53539,0.9366554586529369,0.5,False
3v78__B1_P95092--3v78__A1_P95092,0.963015934100085,0.5,True
7pzh__A1_A0A174J845--7pzh__B1_A0A174J845,0.9093913143645064,0.5,True
3m0f__A1_Q4KDJ6--3m0f__B1_Q4KDJ6,0.9055914096506605,0.5,True
1y4h__A1_P0C1S6--1y4h__C1_Q9EYW6,0.9125302656425582,0.5,False
2o4c__A1_Q9I3W9--2o4c__B1_Q9I3W9,0.9865176658997592,0.5,True
1ynh__A1_P76216--1ynh__D1_P76216,0.9877053499683032,0.5,True
8ohx__A1_U4Q148--8ohx__B1_U4Q148,0.9206893418572015,0.5,True
3a6m__A1_Q56236--3a6m__B1_Q56236,0.9489845665481352,0.5,True
4bvp__A1_Q5ZUA2--4bvp__B1_Q5ZUA2,0.9602719526305665,0.5,True
7oc6__A1_A0A2U8U2L5--7oc6__A2_A0A2U8U2L5,0.9740450161330059,0.5,True
6qpq__A1_G0SGH3--6qpq__B1_Q12158,0.9765991078937883,0.5,False
3ct6__A1_Q9CIV6--3ct6__B1_Q9CIV6,0.9461559163407883,0.5,True
1qae__A1_P13717--1qae__B1_P13717,0.8705387985348304,0.5,True
3q5w__B1_P38937--3q5w__A1_P38937,0.8994997590818616,0.5,True
8gol__B1_G9I933--8gol__A1_G9I933,0.9222600018298399,0.5,True
7epj__A1_P62554--7epj__A2_P62554,0.9503779270823041,0.5,True
1ag9__A1_P61949--1ag9__B1_P61949,0.9940617824158653,0.5,True
3gwh__B1_O31691--3gwh__A1_O31691,0.8656623655371407,0.5,True
5gw1__A1_P57768--5gw1__B1_P57768,0.915918833587796,0.5,True
3l2o__B1_Q9UKT5--3l2o__A1_P63208,0.913414776733263,0.5,False
7y3u__A1_A0A8B9XNB5--7y3u__B1_A0A8B9XNB5,0.9622733258159933,0.5,True
3wrf__A1_E8MGH8--3wrf__A2_E8MGH8,0.9738151664750699,0.5,True
7yyl__A1_Q3AET9--7yyl__B1_Q3AET9,0.8962138141042353,0.5,True
8syb__B1_Q72KY0--8syb__A1_Q72KY0,0.9956005819120026,0.5,True
8qc3__A1_A0A1C9WRL0--8qc3__B1_A0A1C9WRL0,0.9519492256044628,0.5,True
3wtf__B1_Q9BUH6--3wtf__A1_Q9BUH6,0.9681013449178768,0.5,True
2x0e__B1_Q7BG50--2x0e__A1_Q7BG50,0.8801423530342247,0.5,True
5hwt__A1_A5W4E3--5hwt__B1_A5W4E3,0.9682506424889598,0.5,True
1ojh__A1_Q8YNP7--1ojh__B1_Q8YNP7,0.7472344086021506,0.5066666666666667,True
3eyy__A1_Q9K4F8--3eyy__B1_Q9K4F8,0.9629988201294958,0.4999715763742823,True
8bwv__D2_A0A482M8M0--8bwv__A1_A0A482M8M0,0.8123241535113859,0.5,True
7cm9__A1_A0A7V8UZ53--7cm9__B1_A0A7V8UZ53,0.9400856826683921,0.5,True
4nc8__A1_P12464--4nc8__A2_P12464,0.9701782973943583,0.5039505186497704,True
1zhh__A1_P54300--1zhh__B1_P54302,0.8718777957005104,0.5,False
8c0u__A1_Q9I5Q5--8c0u__B1_Q9I5Q5,0.9519561602344268,0.5,True
2fbq__A1_Q9HZJ9--2fbq__A2_Q9HZJ9,0.9196349743718463,0.5,True
7fch__A1_O95256--7fch__C2_O95256,0.9453411951686005,0.5,True
8c7t__B1_A0A1B4XP18--8c7t__A1_A0A1B4XP18,0.9185056561749018,0.5,True
4iwn__A1_P76290--4iwn__B1_P76290,0.9728350562620072,0.5,True
1sc1__A1_P29466--1sc1__B1_P29466,0.9009916094584287,0.4999656002751978,True
5amt__A1_A0Q7H2--5amt__A2_A0Q7H2,0.9544392730890163,0.5,True
4ueb__C1_P48598--4ueb__D1_UNDEFINED,0.8910572650742707,0.5,False
7qfz__B1_B7L3Y3--7qfz__A1_B7L3Y3,0.9110209592919221,0.5,True
3hml__A1_A6T9H1--3hml__B1_A6T9H1,0.9312671293519855,0.5,True
1xk6__A1_P31572--1xk6__C1_P31572,0.8980942743659911,0.5,True
7r3s__A1_A0A4R2M5S2--7r3s__B1_A0A4R2M5S2,0.9348472516004583,0.5,True
2grx__A1_P06971--2grx__C1_P02929,0.8532945956726765,0.5,False
7vsf__A1_P25440--7vsf__B1_P25440,0.700105996700687,0.5,True
3q34__A1_Q48EL2--3q34__C1_Q48EL2,0.8733600484073027,0.5,True
4r2k__A1_Q8ZP84--4r2k__A2_Q8ZP84,0.9463275364881105,0.5,True
3cgw__A1_Q8PVT6--3cgw__A2_Q8PVT6,0.9672373423161282,0.5,True
7r2f__A1_P21836--7r2f__B1_P21836,0.9917767753903216,0.5,True
4g19__A1_I6ZUH3--4g19__B1_I6ZUH3,0.9905440830595995,0.5,True
3dg8__C1_P13922--3dg8__A1_P13922,0.7936731782773409,0.5,True
6m10__A1_Q9HUW0--6m10__C1_Q9HUW0,0.8912682018823848,0.5263377943727154,True
8tt2__B1_Q4K977--8tt2__A1_Q4K977,0.9542139797877504,0.5,True
1h31__A1_Q939U1--1h31__B1_Q939U4,0.9462060753519024,0.5,False
5iib__A1_P04552--5iib__B1_Q8WR62,0.8908347095030776,0.5,False
6a5g__A1_UNDEFINED--6a5g__C1_UNDEFINED,0.9572836313372275,0.5,True
7p7i__B1_R8APY9--7p7i__A1_R8APY9,0.9819657328851739,0.5,True
3hzu__A1_P9WHF7--3hzu__A2_P9WHF7,0.9750990502911344,0.5,True
5dob__A1_P16794--5dob__B1_P16791,0.9365421429609837,0.5,False
7xgs__A1_Q9FVC1--7xgs__A2_Q9FVC1,0.8056051281310669,0.5,True
6iju__A1_Q9KJN4--6iju__A2_Q9KJN4,0.9448748526101404,0.5,True
4kqd__B1_P06626--4kqd__A1_P06626,0.9127121756375325,0.5,True
2fu3__B1_Q03555--2fu3__A1_Q03555,0.8644469200688436,0.5,True
1jgt__B1_P0DJQ7--1jgt__A1_P0DJQ7,0.9693008858521089,0.5,True
6l4b__A1_Q9UGV2--6l4b__C2_Q9UGV2,0.919390925609064,0.5,True
3lzk__A1_Q92LT4--3lzk__B1_Q92LT4,0.9646111580089843,0.5,True
1ht8__A1_P05979--1ht8__B1_P05979,0.8963877613979465,0.5,True
1z8h__A1_Q8YWS4--1z8h__B1_Q8YWS4,0.9621910870444834,0.5,True
8gk6__A1_W6USS8--8gk6__E1_W6USS8,0.975851715113562,0.5,True
4mjf__A1_A6L2I4--4mjf__A2_A6L2I4,0.9911121631054874,0.5,True
7m4s__A1_Q8YLC3--7m4s__D1_Q8YLC3,0.8706931367864115,0.5,True
6fju__A1_E6N8B9--6fju__B1_E6N8B9,0.9829067604056902,0.5,True
6lgq__A1_P21865--6lgq__B1_P21866,0.6916981067658093,0.5,False
2y27__B1_B4E7B5--2y27__A1_B4E7B5,0.9876151310752661,0.5,True
2tdx__A1_P0DJL7--2tdx__A2_P0DJL7,0.985226151529314,0.5,True
8aim__C1_Q6GJ88--8aim__A1_A0A141HSF0,0.8503993697022386,0.5,False
8fj8__A1_P02638--8fj8__A2_P02638,0.9116202119570384,0.5453111633875107,True
3uv0__B1_Q9W061--3uv0__A1_Q9W061,0.9506439551308683,0.5,True
8alo__B1_P24003--8alo__A1_P15795,0.9275767035754354,0.5,False
2zb6__A1_P08362--2zb6__A2_P08362,0.9814547089189869,0.5,True
6xa0__A1_D1A230--6xa0__B1_D1A230,0.9421591874783029,0.5,True
1zbo__B1_Q7WAM7--1zbo__A1_Q7WAM7,0.8793559383782659,0.5,True
6xb5__A1_A0A7E5VPD6--6xb5__B1_A0A7E5VPD6,0.9694512193354665,0.5,True
8duy__D1_A0A0H3GVN6--8duy__A1_A0A0H3GVN6,0.982850595095493,0.5,True
7th5__A1_Q5SLG6--7th5__B1_Q5SLG6,0.7990844383137078,0.5,True
3uws__B1_A7A9N3--3uws__A1_A7A9N3,0.9667444022847111,0.5,True
4u04__B1_Q9BVA6--4u04__A1_Q9BVA6,0.9393696764501789,0.5,True
2kin__A1_P56536--2kin__B1_Q6QLM7,0.9167137096774193,0.5062075551782682,False
3ulc__A1_Q08236--3ulc__A2_Q08236,0.943619156504065,0.5,True
8b2a__A1_Q2YWJ9--8b2a__A2_Q2YWJ9,0.9947492587313203,0.5,True
8qff__A1_K9TLZ5--8qff__A2_K9TLZ5,0.9445291422476476,0.5,True
6w9q__A1_P0DTD1--6w9q__A2_P0DTD1,0.9486533546381732,0.49980070417856903,True
8c8c__A1_P48426--8c8c__A2_P48426,0.987316207895553,0.5,True
8iup__B1_A9A1Y1--8iup__A1_A9A1Y1,0.9704470358579546,0.5,True
3o7o__A1_Q9S5X8--3o7o__B1_Q9S5X8,0.846143169035467,0.5,True
4bg8__A1_Q8TX37--4bg8__B1_Q8TX37,0.989024111842562,0.5,True
7qxo__A1_G8UIQ1--7qxo__B1_G8UIQ1,0.966160060802648,0.5,True
4xiz__A1_Q05776--4xiz__D1_O60200,0.7562633826500369,0.5,False
2x3l__B1_UNDEFINED--2x3l__A1_UNDEFINED,0.9633283421590837,0.5,True
7pwe__A1_Q6AL91--7pwe__B1_Q6AL91,0.842716270056879,0.5,True
6uxu__A1_E2JB04--6uxu__B1_E2JB04,0.8918736252258008,0.5,True
3bid__A1_Q7DDI1--3bid__B1_Q7DDI1,0.8283104063845426,0.4988720592974541,True
4f7w__A1_B5XYG3--4f7w__B1_B5XYG3,0.9354932738700656,0.5,True
2rae__A1_Q0S3N9--2rae__A2_Q0S3N9,0.9481203761042754,0.5046296296296297,True
7ads__A1_A0A0R8HV90--7ads__A2_A0A0R8HV90,0.8455316063043804,0.5089525537440193,True
7yn1__A1_E9JES9--7yn1__C1_E9JES9,0.9225950917093388,0.5,True
3t7y__A1_O84093--3t7y__B1_O84093,0.9339412528098203,0.5151515151515151,True
8hhj__B1_UNDEFINED--8hhj__A1_A0A0Y5KAW3,0.7837875690123222,0.5,False
7u6p__A1_P11926--7u6p__B1_P11926,0.9002030368576384,0.5,True
4mis__A1_Q57ES7--4mis__B1_Q57ES7,0.9377636906030258,0.5,True
2blf__A1_Q9LA16--2blf__B1_Q9LA15,0.9154198268413679,0.5,False
3ke3__A1_Q4FVA8--3ke3__A2_Q4FVA8,0.9805335893275803,0.5,True
7ywc__A1_Q9L0T8--7ywc__B1_Q9L0T8,0.9796393018860794,0.5,True
4wwr__B1_P46379--4wwr__A1_P11441,0.8197394505805721,0.5,False
7r0d__B1_Q9NV35--7r0d__A1_Q9NV35,0.9707852245617885,0.5,True
8w6x__A1_P21852--8w6x__B1_P21853,0.9051200038268226,0.5,False
8hdv__A1_UNDEFINED--8hdv__B1_UNDEFINED,0.7044567956497231,0.5102972993136378,True
3fmf__A1_P9WPQ5--3fmf__B1_P9WPQ5,0.8319160515321535,0.5,True
2xrm__A1_D0AB41--2xrm__A2_D0AB41,0.9493453569102852,0.5,True
4xj7__A1_P66881--4xj7__B1_P66881,0.9463913242076415,0.5,True
7yrt__E1_H9L4P6--7yrt__A1_H9L4P6,0.8077696315790335,0.4998863722445269,True
7tye__A1_P0A7J0--7tye__A2_P0A7J0,0.9384890679327391,0.5,True
2zvd__B1_Q9RBY1--2zvd__A1_Q9RBY1,0.9981994089633359,0.5,True
3mtw__A1_Q9A4Z9--3mtw__A2_Q9A4Z9,0.994406323288234,0.5,True
3n2o__A1_Q7MK24--3n2o__B1_Q7MK24,0.8283736544180494,0.5,True
7ywd__A1_Q8TB36--7ywd__A2_Q8TB36,0.9931198638133761,0.5,True
5upq__A1_A0A0A0V031--5upq__B1_A0A0A0V031,0.9294232415639746,0.5,True
1vgu__A1_Q46893--1vgu__B1_Q46893,0.9495930920222989,0.5,True
7pxo__A1_F4F7G1--7pxo__C1_F4F7G1,0.940399607047788,0.5,True
2dp9__A1_Q5SM30--2dp9__A2_Q5SM30,0.9518443294240975,0.5088495575221239,True
8a7l__A1_M1JS91--8a7l__A2_M1JS91,0.9775763698652316,0.5,True
7uqv__A1_A0A0L6JSP1--7uqv__B1_A0A0L6JSP1,0.9767558587536672,0.5,True
5d1r__A1_P9WMC9--5d1r__B1_P9WMC9,0.9540691430984369,0.5,True
3f6q__A1_Q13418--3f6q__B1_P48059,0.9309380472011992,0.5,False
7xyk__A1_Q77J90--7xyk__B1_Q77J90,0.9773068981115958,0.5,True
7xxk__A1_P0DTC9--7xxk__B1_P0DTC9,0.8771217814781566,0.5,True
3qta__A1_Q5V4K4--3qta__B1_Q5V4K4,0.9936687501076158,0.5,True
8oqj__B1_P06959--8oqj__A1_P06959,0.8823561643835617,0.5,True
1tbp__A1_P13393--1tbp__B1_P13393,0.9390297251581152,0.5,True
7qfk__C1_Q5FLN0--7qfk__A1_Q5FLN0,0.9303992770292474,0.5,True
7r3o__B1_Q460N3--7r3o__A1_Q460N3,0.9356933722739147,0.5,True
2z0l__A1_P03191--2z0l__B1_P03191,0.9108597480483723,0.5,True
1wli__A1_Q46604--1wli__B1_Q46604,0.9412186293436293,0.5,True
8b3e__A1_M4SY06--8b3e__A2_M4SY06,0.9141486108626368,0.5,True
1d8i__A1_O13297--1d8i__A2_O13297,0.865333788176253,0.5,True
7vo4__B2_F1CLA7--7vo4__A1_F1CLA7,0.967912412181017,0.5,True
8eh0__B1_P50909--8eh0__A1_P50909,0.9624518902327551,0.5,True
7q39__A1_UNDEFINED--7q39__A2_UNDEFINED,0.9751057445267378,0.5,True
3seo__B1_Q87GE5--3seo__A1_Q87GE5,0.9343464550454328,0.5,True
3iey__B1_Q74MS9--3iey__A1_Q74MP4,0.9757579032927505,0.5,False
4yto__B1_Q15431--4yto__A1_Q15431,0.808007498479274,0.5,True
6csm__A1_L1J207--6csm__B1_L1J207,0.9602484416220614,0.5,True
4ndt__A1_A7UNK4--4ndt__A2_A7UNK4,0.7498611942232121,0.5,True
8j3p__A1_B9WHT3--8j3p__A2_B9WHT3,0.9824221561197465,0.5,True
7pv7__B1_Q7MVV4--7pv7__A1_Q7MVV4,0.862771443530371,0.5,True
7uj6__A1_Q8RMD9--7uj6__B1_Q8RMD9,0.9424069976903238,0.5,True
3k9i__A1_Q9KFK0--3k9i__A2_Q9KFK0,0.9052352523865432,0.5077898873902841,True
7z1s__A1_A0A3Q7HTY9--7z1s__A2_A0A3Q7HTY9,0.9715816540285158,0.5,True
2e89__A1_O67728--2e89__B1_O67728,0.9524179073922845,0.5,True
2woz__A1_Q9ER30--2woz__A2_Q9ER30,0.9199428062954534,0.5,True
7xxs__A1_B2CKP3--7xxs__B1_B2CKP3,0.9473830454451984,0.5,True
8fir__A1_O83132--8fir__B1_O83132,0.9790870966134305,0.5,True
3i6s__A1_O82777--3i6s__B1_O82777,0.9851469158594898,0.5,True
7yhe__B1_A6YEH4--7yhe__A1_A6YEH4,0.8533974135270502,0.5,True
1ku2__A1_Q9EZJ8--1ku2__B1_Q9EZJ8,0.8092840185569071,0.5,True
6qwo__B1_Q9S5W7--6qwo__A1_Q9S5W7,0.9680150942216226,0.5,True
1mxi__A1_P44868--1mxi__A2_P44868,0.8915775566657032,0.5,True
8fuq__A1_P22363--8fuq__B1_P22363,0.8724597519134336,0.5064687252573239,True
6hhk__B1_A8AST9--6hhk__A1_A8AST9,0.973411613233568,0.5,True
2vhl__A1_O34450--2vhl__A2_O34450,0.9943134729933092,0.5,True
8h1i__A1_W6EBY7--8h1i__B1_P0A9Y6,0.9362583437963423,0.5,False
5wan__A1_P75898--5wan__A2_P75898,0.9827499632823954,0.5,True
4x7z__B1_Q49492--4x7z__A1_Q49492,0.9865988239584282,0.5,True
5c6k__B1_P36932--5c6k__A1_P36932,0.9328171678847502,0.5,True
6a1k__A1_P71018--6a1k__B1_P71018,0.9696872619448951,0.5,True
7pjh__A1_Q9Y312--7pjh__B1_Q6P2Q9,0.9422958898252856,0.5,False
4joi__A1_Q9H668--4joi__C1_Q86WV5,0.9211985233204858,0.5,False
8axz__A1_P31153--8axz__A2_P31153,0.96726136467048,0.5,True
8ogi__B1_P11678--8ogi__A1_P11678,0.8402054622462609,0.5,True
8cxl__A1_A7KH32--8cxl__B1_A7KH32,0.9076572505189429,0.5,True
7win__B1_Q9UIF8--7win__A1_Q9UIF8,0.7212305168170632,0.5,True
7b80__A1_G3I8R9--7b80__B1_Q9BVA6,0.8312609644633467,0.5,False
4bwv__A1_Q8L5D0--4bwv__B1_Q8L5D0,0.8882104864407402,0.5,True
7drj__A1_P63756--7drj__B1_P63756,0.9398745579011609,0.5,True
6t2b__A1_B2UQL7--6t2b__C1_B2UQL7,0.9773508755304481,0.5,True
8jh0__B1_S2D3K4--8jh0__A1_S2D3K4,0.907771164750321,0.5,True
7t2s__A1_A0A494K842--7t2s__A2_A0A494K842,0.9327850319170264,0.5,True
3frw__B1_A5ZMD8--3frw__A1_A5ZMD8,0.8476531810567892,0.49987976433810266,True
5ab5__A1_C9ZUV7--5ab5__B1_C9ZUV7,0.9821696561203368,0.49999395759439746,True
8jqp__A2_UNDEFINED--8jqp__B1_UNDEFINED,0.9942395804702258,0.5,True
5myd__C2_A0A2D0TC86--5myd__A1_A0A2D0TC86,0.9502223816496426,0.5,True
5cde__A1_Q8P839--5cde__B1_Q8P839,0.9307364329189576,0.5,True
6pi4__A1_A0R1Z9--6pi4__A2_A0R1Z9,0.9734387123833491,0.49971479500891264,True
3ipf__A1_Q251Q8--3ipf__B1_Q251Q8,0.9475342279136298,0.5546859035488045,True
4c11__B1_Q6YMS4--4c11__A1_Q6YMS4,0.9643367882373389,0.5,True
2p3y__A1_Q87I71--2p3y__B1_Q87I71,0.9705494105226585,0.5,True
5jbr__A1_C5C6I1--5jbr__B1_C5C6I1,0.9100114860632524,0.5,True
8ttz__A1_G8E2R2--8ttz__B2_G8E2R2,0.980154478919244,0.5,True
3vba__A1_Q58673--3vba__B1_Q58673,0.9758079469990539,0.5,True
4o6y__B1_Q9SWS1--4o6y__A1_Q9SWS1,0.8448744176283423,0.5,True
4e5r__A1_Q6IRB5--4e5r__A2_Q6IRB5,0.7961165374642286,0.5,True
7ywv__A1_Q0SBK1--7ywv__C1_Q0SBK1,0.9807476711102302,0.5,True
8eer__A1_P01116--8eer__A2_P01116,0.9410840846358549,0.5,True
3f84__B1_E3PPC4--3f84__A1_E3PPC4,0.8255164945854938,0.5,True
5mu7__A1_G0S6G7--5mu7__B1_G0S6I4,0.9316645783136036,0.5,False
8hfp__B1_Q96T68--8hfp__A1_Q8N8R7,0.790124978599555,0.5,False
4rmn__B1_Q6NC13--4rmn__A2_Q6NC13,0.9128251800547789,0.5,True
3mx1__A1_Q46944--3mx1__A2_Q46944,0.9597887270536387,0.5,True
5gl5__A1_Q06321--5gl5__B1_Q06321,0.9725268214916627,0.5,True
8e77__A1_Q1QD54--8e77__A2_Q1QD54,0.9815881861351495,0.5,True
5gl4__A1_B6YTD8--5gl4__B1_B6YTD8,0.9916049448550768,0.5,True
7wf9__A1_Q3ZT31--7wf9__B1_Q3ZT31,0.8323975214033024,0.5,True
8fw0__B1_P39897--8fw0__A1_P39897,0.9006401925470032,0.5,True
8ou8__B1_P0A8M3--8ou8__A1_P0A8M3,0.9696173723571381,0.5,True
7acm__B1_P75811--7acm__A1_P75811,0.9337964277628332,0.5,True
4trb__A1_Q97W95--4trb__B1_Q97W95,0.9353345238032157,0.5,True
7y55__A1_A0A9E8RZN7--7y55__C2_A0A9E8RZN7,0.9828338915758232,0.5,True
2ia9__B1_P28015--2ia9__A1_P28015,0.9117758898926008,0.5,True
3sy6__A1_Q5LE92--3sy6__B1_Q5LE92,0.9676613919442891,0.5,True
6xz3__A1_Q9H1K6--6xz3__A2_Q9H1K6,0.9707632785230665,0.5,True
2h8e__A1_P0AG74--2h8e__A2_P0AG74,0.7638643934940232,0.5,True
3gyx__A1_T2G6Z9--3gyx__B1_T2G899,0.8135571982299556,0.5,False
4e0u__A1_D1D8L6--4e0u__A2_D1D8L6,0.9989049425024876,0.5,True
6teu__A1_O60568--6teu__A2_O60568,0.9819297537112647,0.5,True
6xt5__B1_P49046--6xt5__A1_P49046,0.9873774729461298,0.5,True
8g1t__A1_Q07812--8g1t__B1_Q07812,0.7210472823942992,0.49936454141071807,True
7xp7__B1_W9FXI8--7xp7__A1_W9FXI8,0.9457962431140176,0.5,True
8i55__A1_Q58380--8i55__B1_Q58380,0.9425887024540749,0.5037593984962406,True
1h65__A1_Q41009--1h65__A2_Q41009,0.9737300581407045,0.5,True
3ol4__A1_A0QRC4--3ol4__B1_A0QRC4,0.937594143308429,0.509090909090909,True
8idq__A1_A0A0B8MZ29--8idq__C1_A0A0B8MZ29,0.9680019511992676,0.5,True
5hcb__A1_P83003--5hcb__B1_P83003,0.960438325053944,0.5,True
3f6g__B1_Q8F3Q1--3f6g__A1_Q8F3Q1,0.922663880191748,0.5,True
6akj__B1_G2TRN4--6akj__A1_G2TRN4,0.893393109362389,0.5,True
8ju7__A1_Q9I2U4--8ju7__B1_Q9I2U4,0.9372889870755559,0.5,True
3nel__A1_Q52428--3nel__B1_Q52428,0.9679862593727115,0.5,True
2dc1__A1_O28440--2dc1__B1_O28440,0.9258778205055547,0.5,True
8fzk__B1_P52292--8fzk__A1_P52292,0.8909019297383596,0.5,True
3wnz__A1_P39641--3wnz__A2_P39641,0.9583222843335873,0.5,True
8e1u__A1_A0A160VN62--8e1u__F2_A0A160VN62,0.9716857467906973,0.5,True
1v7c__A1_P83823--1v7c__B1_P83823,0.9453948483542224,0.5,True
7skr__A1_Q0QDZ2--7skr__A2_Q0QDZ2,0.8314631937111019,0.5,True
3egg__A1_P62136--3egg__C1_O35274,0.9302120808109795,0.5,False
8imd__A1_UNDEFINED--8imd__B1_UNDEFINED,0.976003868146528,0.5,True
4yke__B1_G0RYR3--4yke__A1_G0RYR3,0.9930273146430526,0.5,True
1tq9__A1_P00669--1tq9__B1_P00669,0.9226515333011132,0.5,True
4oh3__B1_Q05085--4oh3__A1_Q05085,0.9402654681133585,0.5,True
4q62__A1_Q5ZUB7--4q62__A2_Q5ZUB7,0.8721390233333879,0.5,True
2we5__A1_P0A2X7--2we5__B1_P0A2X7,0.9585639485575472,0.5,True
5t51__A1_Q6CLK3--5t51__B1_Q6CPD1,0.902540988960742,0.5,False
3i0z__A1_A0A0H2UN25--3i0z__B1_A0A0H2UN25,0.9114312354479864,0.5,True
3wof__A1_Q8RQE9--3wof__B1_A7XX65,0.6198551321257744,0.5,False
8p6k__A1_A0A0H2UWN1--8p6k__B1_A0A0H2UWN1,0.9082780620233726,0.5,True
7z9z__A1_P02754--7z9z__A2_P02754,0.9674842707168618,0.5,True
6d0i__A1_A0A0C5XL88--6d0i__B1_A0A0C5XKJ0,0.8531932203642266,0.5,False
3gs3__A1_Q8MSU4--3gs3__A2_Q8MSU4,0.997238588746287,0.5,True
2f4m__A1_Q9JI78--2f4m__B1_P54728,0.9284656691161921,0.5,False
4yh8__A1_Q09176--4yh8__B1_P36629,0.8110056151097499,0.5,False
6ago__A1_Q9NR48--6ago__C1_Q9UBU8,0.892947115146103,0.5,False
7rmx__A1_UNDEFINED--7rmx__A2_UNDEFINED,0.9663842152645403,0.5,True
1e44__B1_P00646--1e44__A1_P02984,0.8818401591591829,0.5,False
2yri__A1_Q5SLX0--2yri__B1_Q5SLX0,0.9809880361792997,0.5,True
1gcj__A1_P70168--1gcj__B1_P70168,0.9762192359732728,0.5,True
7qbp__A1_A4F7B2--7qbp__A2_A4F7B2,0.918068448891218,0.5,True
4hdd__A1_P09391--4hdd__A2_P09391,0.7052029816671062,0.4987274115551031,True
3e4q__A1_P13633--3e4q__B1_P13633,0.9042749352231118,0.5,True
8ein__B1_Q6FCQ4--8ein__A1_Q6FCQ4,0.9876227862212479,0.5,True
1zmb__A1_Q97LM8--1zmb__B1_Q97LM8,0.9379949918648453,0.5,True
6ygu__A1_G0RZ64--6ygu__B1_G0S1V1,0.8413738848230827,0.5,False
2yyh__A1_O67435--2yyh__B1_O67435,0.9745104253443925,0.5,True
5wk0__A1_A0A2C9TMM3--5wk0__A2_A0A2C9TMM3,0.9651565317317214,0.5,True
8h4j__A1_W8UQZ7--8h4j__D1_W8UQZ7,0.9152353979501532,0.5,True
1z83__A1_P00568--1z83__B1_P00568,0.9423663623621515,0.5,True
8h2c__A1_Q0P8U0--8h2c__B1_Q0P8U0,0.9295716783734815,0.5,True
2dkh__A1_Q6SSJ6--2dkh__A2_Q6SSJ6,0.8814884517870781,0.5,True
7c7e__A1_A0A0H3MRW3--7c7e__A2_A0A0H3MRW3,0.9460897129186604,0.4999736842105263,True
7px2__A1_UNDEFINED--7px2__B1_UNDEFINED,0.8047884505431676,0.5,True
3dpt__B1_Q8KC98--3dpt__A1_Q8KC98,0.9314049470385458,0.5,True
8u1j__A1_Q9RYE6--8u1j__A2_Q9RYE6,0.8999322124011431,0.5,True
3fgw__A1_Q3TCN2--3fgw__A2_Q3TCN2,0.9926441375075811,0.5,True
7wh0__A1_Q9U2E4--7wh0__B2_Q9U2E4,0.9986303168070662,0.5,True
8dq3__A1_A0A142G3G1--8dq3__B1_A0A142G3G1,0.9499874119186654,0.5,True
8hci__B1_A0A8T8BZJ9--8hci__A1_A0A8T8BZN3,0.8684867307612987,0.5,False
3qth__A1_Q47ZP9--3qth__B1_Q47ZP9,0.9075345649938455,0.5,True
8b28__A1_F6GSX7--8b28__A2_F6GSX7,0.9861140644832366,0.5,True
6scx__A1_Q9BQG2--6scx__B1_Q9BQG2,0.8708517126248858,0.5,True
8hpc__A1_P60327--8hpc__H1_P60327,0.9706214146554809,0.5,True
5n76__A1_P72320--5n76__B1_P72320,0.948730421247203,0.5,True
8hpi__A1_A0A8D3X086--8hpi__B1_A0A8D3X086,0.97069624249444,0.5,True
3cq3__A1_Q53W28--3cq3__A2_Q53W28,0.7312869848081116,0.5,True
3kbu__A1_P11277--3kbu__D1_P16157,0.8366739484569361,0.5,False
7pck__A1_P43235--7pck__C2_P43235,0.9937939496422165,0.5,True
5o4z__A1_Q9X1T1--5o4z__A2_Q9X1T1,0.9838740113156977,0.5,True
1vla__A1_Q9X021--1vla__B1_Q9X021,0.9140117392980489,0.5054694387226586,True
5oed__A1_Q6EAT3--5oed__B1_Q13637,0.9194838402497036,0.5,False
8hyn__A1_UNDEFINED--8hyn__B1_UNDEFINED,0.9684713571122506,0.5,True
7yva__A1_Q9URB4--7yva__B1_Q9URB4,0.9803355059772965,0.5,True
7s6n__B1_Q5RGJ8--7s6n__A1_Q5RGJ8,0.857546519872059,0.5,True
4cz8__A1_Q9UZ55--4cz8__B1_Q9UZ55,0.9347401107296187,0.5,True
6ebn__A1_A0A4P1LYB6--6ebn__B1_A0A4P1LYB6,0.955470881035984,0.5,True
3lf4__B1_D1MPT3--3lf4__A1_D1MPT3,0.8794350386164521,0.5,True
3ffe__B1_Q93AT8--3ffe__A1_Q93AT8,0.9607771743098037,0.5,True
7zg6__A1_A0A2J0RDY6--7zg6__B1_A0A2J0RDY6,0.8471434476496378,0.5083856803073733,True
1p65__A1_Q9YJI1--1p65__B1_Q9YJI1,0.7982295936274889,0.5032406884120478,True
8f4q__A1_Q00972--8f4q__A2_Q00972,0.8539559889029842,0.5,True
4rz3__A1_A4IMB4--4rz3__B1_A4IMB4,0.9391804220036457,0.5,True
7tjl__A1_UNDEFINED--7tjl__A2_UNDEFINED,0.9562909635557596,0.5,True
8f8k__A1_O53507--8f8k__A2_O53507,0.9632967345682718,0.5,True
3zw5__A1_A6NK44--3zw5__B1_A6NK44,0.8764392616612623,0.5,True
6l3q__B1_G0SEI5--6l3q__A1_G0SEI5,0.8999611075899876,0.5,True
8ag8__A1_A0A1I5SVP7--8ag8__A2_A0A1I5SVP7,0.8999821364773133,0.5,True
2i2w__A1_P63224--2i2w__D1_P63224,0.9703758946790549,0.5,True
2f22__B1_Q9RC77--2f22__A1_Q9RC77,0.9307204661472726,0.5,True
6yex__A1_UNDEFINED--6yex__B1_UNDEFINED,0.8398856475342839,0.5,True
3tng__A1_Q8Y7B7--3tng__A2_Q8Y7B7,0.9726939299617126,0.5,True
8gr8__B1_P08679--8gr8__A1_P08679,0.9840456465328522,0.5,True
7ae8__A1_A0A0B0QJR1--7ae8__B1_A0A0B0QJR1,0.941437477255483,0.5,True
2w54__B1_O54051--2w54__A1_O54050,0.9300541054741746,0.5,False
4cuc__A1_A0A0H2UP19--4cuc__A2_A0A0H2UP19,0.9004425660277137,0.5,True
4b0z__A1_P50524--4b0z__B1_P50524,0.9918886106380848,0.5,True
2re7__A1_Q4FV99--2re7__A2_Q4FV99,0.9331771496477379,0.5,True
8h0t__A1_O34614--8h0t__A2_O34614,0.9800048885991941,0.5096153846153846,True
1te2__A1_P77247--1te2__B1_P77247,0.9854136623061284,0.5,True
7xt2__A1_Q6ZMU5--7xt2__B1_Q6ZMU5,0.9016776192565243,0.5,True
1ev7__A1_P50187--1ev7__B1_P50187,0.9496122112211222,0.5,True
1ogl__A1_O15923--1ogl__A2_O15923,0.9890867678121362,0.5,True
3lrt__B1_Q97CA5--3lrt__A1_Q97CA5,0.9786582039433553,0.5,True
3rvb__A1_P26663--3rvb__A2_P26663,0.8786668297871618,0.5,True
3fou__A1_Q5SGZ9--3fou__B1_Q5SGZ9,0.9660752358684905,0.5,True
5jnq__A1_R0BTE9--5jnq__A2_R0BTE9,0.9321382298591788,0.5,True
4g12__A1_A5U5K3--4g12__B1_A5U5K3,0.9511167157727904,0.5080645161290323,True
3evj__B1_P01008--3evj__A1_P01008,0.9770068210882932,0.5,True
2oq2__B1_P18408--2oq2__A1_P18408,0.9847776723508782,0.5,True
8he6__A1_Q8YSS0--8he6__B1_Q8YSS0,0.9761101502026805,0.5,True
2xij__A1_P22033--2xij__A2_P22033,0.9826916879025975,0.5,True
1nr5__A1_P07547--1nr5__A2_P07547,0.958583192742869,0.5,True
1gmj__A1_P01096--1gmj__B1_P01096,0.8210385595992868,0.5,True
4yba__B1_Q93K36--4yba__A1_Q93K36,0.9868937274668799,0.5,True
8ok7__A1_M4T0B2--8ok7__D1_M4T0B2,0.9614489034163698,0.5,True
7f76__B1_A0A223KLJ1--7f76__A1_A0A223KLJ1,0.8696355705642325,0.5,True
7vp6__A1_Q9C9L2--7vp6__B1_Q9C9L2,0.7691225884396118,0.5046296296296297,True
8jmq__A1_A9CQD5--8jmq__B1_A9CQD3,0.9368025771773348,0.5,False
7zgt__A1_W8R3D8--7zgt__B1_W8R3D8,0.9745815575209446,0.5,True
7xgt__B1_Q6H8B1--7xgt__A1_Q6H8B1,0.9892238729361708,0.5,True
3i2t__A1_P04412--3i2t__A2_P04412,0.9458940837584762,0.5,True
8tjk__A1_A0A0F7G196--8tjk__B1_A0A0F7G196,0.9584557968531018,0.5,True
7wt0__A1_Q04760--7wt0__B1_Q04760,0.868503247136131,0.5,True
3if0__A1_Q74MS9--3if0__A2_Q74MS9,0.982890237139897,0.5,True
3qrh__A1_Q8SSM8--3qrh__A2_Q8SSM8,0.9401835673688783,0.5,True
8q70__A1_Q8U2C1--8q70__A2_Q8U2C1,0.9687589369133691,0.5,True
7vso__A1_P02945--7vso__A2_P02945,0.9270301892208112,0.5,True
5f8b__A1_Q4WB03--5f8b__A2_Q4WB03,0.9668778825427791,0.5,True
8ax0__A1_A0A384E145--8ax0__B1_A0A384E145,0.9816252681890858,0.5,True
8ant__B1_A0A1P8CWW1--8ant__A1_A0A1P8CWW1,0.8205545614371689,0.5,True
7r5y__E2_R7PD89--7r5y__A1_R7PD89,0.9901333736216991,0.5,True
7qow__B1_Q93P54--7qow__A1_Q93P54,0.972460237011992,0.5,True
5il7__A1_Q8KC98--5il7__B1_Q8KC98,0.874544092189236,0.5,True
3ct9__B1_Q8A1V9--3ct9__A1_Q8A1V9,0.9832896270579166,0.5,True
8pvm__A1_P29166--8pvm__B1_P29166,0.8888355485276238,0.5,True
8ct0__F1_S4S3E3--8ct0__A1_S4S3E3,0.913272825251035,0.5,True
3q2j__B1_P0A3Y5--3q2j__A1_P0A3Y5,0.8482558297024668,0.5,True
7xzp__B1_A0A379CIH2--7xzp__A1_A0A379CIH2,0.9750234383548724,0.5,True
7tvm__A1_UNDEFINED--7tvm__B1_UNDEFINED,0.985165070336181,0.5,True
3qvf__A1_Q56187--3qvf__A2_Q56187,0.9221955165129405,0.5,True
6gxs__A1_Q7NZ70--6gxs__D1_Q7NZ70,0.7472100923522307,0.5,True
2hr8__A1_O58456--2hr8__B1_O58456,0.8960647583456604,0.5,True
2zyf__A1_O87198--2zyf__A2_O87198,0.9094650767145442,0.5,True
7s3v__A1_Q16719--7s3v__A2_Q16719,0.9585332436943275,0.5,True
6a29__A1_O32504--6a29__B1_O32504,0.9821745229335944,0.5,True
4ml6__C1_A6GV51--4ml6__A1_A6GV51,0.9736279077431934,0.5032679738562091,True
4cht__A1_Q13472--4cht__B1_Q9H9A7,0.9083423231117047,0.5,False
1n4p__B1_P53610--1n4p__A1_Q04631,0.9629708708443465,0.5,False
1tec__A1_P04072--1tec__B1_P01051,0.980514988763189,0.5,False
8p1h__A1_E7EX29--8p1h__B2_E7EX29,0.7645937543065244,0.5,True
6b9t__A1_A9A1T2--6b9t__B1_A9A1T2,0.8680242088866386,0.5,True
3g0k__A1_Q2G4A7--3g0k__A2_Q2G4A7,0.9020908847452138,0.5,True
7zoo__B1_A0A979GQH9--7zoo__A1_A0A979GQH9,0.7221467830585192,0.5,True
8hy5__A1_P14920--8hy5__B1_P14920,0.8902536270069729,0.5,True
8fts__A1_R9UTR3--8fts__A2_R9UTR3,0.9792195976932532,0.5,True
1jrk__A1_Q8ZTD8--1jrk__B1_Q8ZTD8,0.9161063486136816,0.5,True
7y8v__A1_UNDEFINED--7y8v__B1_UNDEFINED,0.9407625280620981,0.5,True
2ejn__A1_P30440--2ejn__B1_P30440,0.9654450965646754,0.5,True
5hs5__A1_Q2G0D1--5hs5__B1_Q2G0D1,0.9671247141754417,0.5,True
3v89__A1_Q9K0U9--3v89__B1_P02787,0.894764909878992,0.5,False
8e3g__B1_P43026--8e3g__A1_P12643,0.8205500788796971,0.5,False
2w8b__A1_P0A855--2w8b__H1_P0A912,0.8536996708155005,0.5,False
5f7p__B1_Q8YAF1--5f7p__A1_Q8YAF1,0.9471128334357222,0.5,True
8f71__B1_Q6N5G3--8f71__A1_Q6N5G3,0.9741101772037082,0.5,True
8hwi__B1_A0A327WNX5--8hwi__A1_A0A327WNX5,0.931265943657359,0.5,True
7r3i__B1_P54292--7r3i__A1_P54292,0.9280449458364917,0.5,True
8afj__A1_A0A179QS89--8afj__B1_A0A179QS89,0.9803408150521148,0.5,True
3pub__B1_E5EVW2--3pub__A1_E5EVW2,0.9179087331414297,0.5,True
8es5__A1_A0A0H2Z732--8es5__B1_A0A0H2Z732,0.9212379362151119,0.5,True
7txn__B1_Q8YVV6--7txn__A1_Q8YVV6,0.9771647886526429,0.5,True
3py6__A1_Q2YQ74--3py6__A2_Q2YQ74,0.9723154888683498,0.5,True
1hjr__A1_P0A814--1hjr__C1_P0A814,0.9665192520577784,0.5,True
8k3b__A1_A0A071KWR3--8k3b__A2_A0A071KWR3,0.9578432464311226,0.5,True
3w2z__A1_Q8YXY7--3w2z__A2_Q8YXY7,0.9726255856640912,0.5,True
8f78__A1_P55212--8f78__B1_P55212,0.7978129918443269,0.5,True
6wg4__A1_Q14683--6wg4__B1_Q9UQE7,0.770729138558917,0.5,False
7zry__A1_O60341--7zry__B1_Q9UKL0,0.8640413503559164,0.5,False
1uix__A1_Q28021--1uix__B1_Q28021,0.9321942424352063,0.5,True
7vrc__A1_P38956--7vrc__B1_P22082,0.852980061959743,0.5,False
1oz0__A1_P31335--1oz0__B1_P31335,0.9691361511876139,0.5,True
7eft__B1_P16926--7eft__A1_P16926,0.864448566321663,0.5,True
5jsn__A1_P10415--5jsn__B1_UNDEFINED,0.9234876247901359,0.5,False
8e2b__B1_Q2FYI5--8e2b__A1_Q2FYI5,0.8794129902861947,0.5,True
7jw6__A1_Q9VIF1--7jw6__A2_Q9VIF1,0.9750119664155681,0.5,True
1jkw__A1_P51946--1jkw__A2_P51946,0.9125549155285053,0.5,True
4pfp__B1_F1RQI7--4pfp__A1_F1RQI7,0.9609669329210685,0.5,True
8h1s__A1_Q9I5U2--8h1s__B1_Q9HX32,0.7976068117863475,0.5,False
7t0y__A1_P62136--7t0y__B1_Q14684,0.6995362221059295,0.5,False
1tz9__A1_Q82ZC9--1tz9__B1_Q82ZC9,0.9098188138463525,0.5,True
2wns__B1_P11172--2wns__A1_P11172,0.9769485467700996,0.5,True
6s8v__B1_P08195--6s8v__A1_P80188,0.8543094830218364,0.5,False
6hq6__A1_UNDEFINED--6hq6__B1_UNDEFINED,0.9518436257290093,0.5,True
2gt4__A1_P32056--2gt4__B1_P32056,0.8825414531405351,0.5,True
3bof__A1_Q9WYA5--3bof__B1_Q9WYA5,0.9984528631419081,0.5,True
6trj__A1_O75475--6trj__A2_O75475,0.893659953149218,0.5,True
8h4z__A1_A0A2X5A3P4--8h4z__B1_A0A2X5A3P4,0.9972067007189285,0.5,True
2hre__A1_P22830--2hre__B1_P22830,0.903301509638625,0.5,True
5yjc__A1_Q5HK94--5yjc__B1_Q5HK94,0.8560662362175316,0.5,True
8d6k__A1_Q9L1K2--8d6k__B1_Q9L1K2,0.9548050803180423,0.5,True
2zew__B1_Q9ZA17--2zew__A1_Q9ZA17,0.971435885459706,0.5,True
5wpi__A1_Q58PW8--5wpi__B1_Q58PW8,0.9726951368056216,0.5,True
8fk6__A1_A0A0C9S461--8fk6__B1_P80098,0.893593889384478,0.5,False
7tm7__A1_A0A0H3GYH4--7tm7__B1_A0A0H3GYH4,0.9759652362749557,0.5,True
8gy0__A1_A0A8H4VHP2--8gy0__B1_A0A8H4VHP2,0.9313063428406483,0.5,True
7x4b__A1_A0A2D0TCG3--7x4b__B1_A0A2D0TCG3,0.9856409511356482,0.5,True
4aqp__B1_P54253--4aqp__A1_P54253,0.9473318199258217,0.5,True
3npi__A1_Q6NFU8--3npi__B1_Q6NFU8,0.8792699398317787,0.5,True
8cok__B1_Q9NXR8--8cok__A1_Q9NXR8,0.8895863251732952,0.5,True
1wz3__A1_Q9LVK3--1wz3__B1_Q9LVK3,0.7108471790379561,0.49823840281855547,True
1nw1__A1_Q22942--1nw1__B1_Q22942,0.9718465591837185,0.5,True
1hrp__B1_P0DN86--1hrp__A1_P01215,0.7465592411314682,0.5,False
3qf4__B1_Q9WYC4--3qf4__A1_Q9WYC3,0.9337800882238708,0.5,False
7y4o__B1_A0A0G2JZC4--7y4o__A1_A0A0G2JZC4,0.9691751295366002,0.5,True
8hns__A1_A0A377JKY9--8hns__A2_A0A377JKY9,0.8230915306520122,0.5,True
3mpn__A1_O67854--3mpn__A2_O67854,0.9826287360094895,0.5,True
6vlg__A2_Q9WTS2--6vlg__C1_Q9WTS2,0.9613639294555838,0.5,True
1v71__A1_O59791--1v71__A2_O59791,0.9883736333046275,0.5,True
3fpk__A1_Q8ZKP5--3fpk__B1_Q8ZKP5,0.9199828553158714,0.5,True
8eb3__A1_K2K6A3--8eb3__B1_K2K6A3,0.956308545034642,0.5,True
4z1i__C1_Q12931--4z1i__A1_Q12931,0.9470879921637603,0.5,True
8pz3__A1_D7SFB8--8pz3__B1_D7SFB8,0.8919613005589351,0.5,True
5vpb__B1_P17535--5vpb__A1_P53539,0.8766346888125239,0.5,False
8bt3__A1_Q6F0T5--8bt3__A2_Q6F0T5,0.9143805989217847,0.5,True
1r7h__A1_O69271--1r7h__B1_O69271,0.8299797284443061,0.5123903427266188,True
4oag__A1_Q8BGV8--4oag__B1_Q8BGV8,0.8238972890930629,0.5,True
5bo9__A1_O43173--5bo9__B1_O43173,0.9032178504860574,0.5,True
7kws__A1_Q0P8H3--7kws__B1_Q0P8H3,0.9880971680636036,0.5,True
4qa0__A1_Q9BY41--4qa0__B1_Q9BY41,0.9825714758380927,0.5,True
6epi__B1_D5K9G7--6epi__A1_D5K9E3,0.9236938196515263,0.5,False
7qgs__B1_Q09472--7qgs__A1_Q16665,0.7793443419135503,0.5,False
7tz7__A1_P42336--7tz7__B1_P27986,0.8634760808156487,0.5,False
2zl1__A1_Q9UHA4--2zl1__B1_Q9JHS3,0.9280203610912272,0.5,False
4ija__A1_A0A0H3JS71--4ija__B1_A0A0H3JS71,0.9747882184850207,0.5,True
3ijt__B1_Q8DVN6--3ijt__A1_Q8DVN6,0.8855255093190448,0.5,True
7qgt__A1_P35520--7qgt__B1_P35520,0.9038354838322197,0.5,True
8i4q__A1_Q8NQI2--8i4q__B1_Q8NQI2,0.9732232526328117,0.5,True
5lxv__A1_G9FCX2--5lxv__B1_A0A1L1QK37,0.9327109802775565,0.5,False
8h25__A1_A0A5R8LFD3--8h25__C1_A0A5R8LFD3,0.9561158765373543,0.5,True
6kjl__A1_Q9RC94--6kjl__B1_Q9RC94,0.8891870448185015,0.5,True
5f3o__A1_C4LU64--5f3o__B1_C4LU64,0.9388886707010546,0.5,True
8arv__A1_Q9HW35--8arv__B1_Q9HW35,0.9715070075645296,0.5,True
2i1a__B1_P40087--2i1a__A1_P40087,0.9487799770502459,0.5,True
2y9x__A1_C7FF04--2y9x__E1_G1K3P4,0.940995881962129,0.5,False
8waa__A1_P29401--8waa__B1_P29401,0.9665536584068737,0.5,True
6n2f__B1_Q94A94--6n2f__A1_Q94A94,0.9182668180368687,0.5,True
8b08__B1_P0A2K1--8b08__A1_P00929,0.9000958341869687,0.5,False
5ja2__A1_P11454--5ja2__B1_Q9I169,0.8416919243542941,0.5,False
4g3w__A1_O66591--4g3w__A2_O66591,0.991798814672433,0.5,True
5cm2__A1_Q6C999--5cm2__B1_Q6C4P5,0.8834755551849531,0.5,False
6g70__B1_Q8K2Z2--6g70__A1_Q8K2Z2,0.9145992890943291,0.5,True
7xac__A1_P47929--7xac__B1_P47929,0.8804607056329498,0.5,True
4d4t__A1_P0DOE7--4d4t__A2_P0DOE7,0.9106404919730595,0.5,True
2zz8__A1_O34094--2zz8__B1_O34094,0.9227072455242223,0.5,True
8b8h__A1_P9WQA9--8b8h__B1_P9WQA9,0.929869140369533,0.5,True
7u2s__A1_A0A2W1NDJ7--7u2s__B1_A0A2W1NDJ7,0.9462232351647047,0.5,True
1d2g__A1_P13255--1d2g__B1_P13255,0.9624335577778038,0.5,True
7uld__A1_O28028--7uld__A2_O28028,0.9538618272760016,0.5,True
4c0f__B1_Q9NZN8--4c0f__A1_Q9NZN8,0.9127559084400974,0.5,True
8co8__A1_Q9Q6P4--8co8__A2_Q9Q6P4,0.9474001201092785,0.5,True
3lcr__B1_A4KCE5--3lcr__A1_A4KCE5,0.9941366570948587,0.5,True
8b21__A1_Q9S5X0--8b21__B1_Q9S5X0,0.9675429710085115,0.5,True
3swk__A1_P08670--3swk__B1_P08670,0.8967182901460029,0.5,True
8txn__B1_P08120--8txn__A1_P08120,0.9349447532085633,0.5,True
8dak__A1_F2X702--8dak__B1_F2X702,0.9590312328767123,0.5,True
2rde__B1_A0A0H3ADR8--2rde__A1_A0A0H3ADR8,0.8939308204650949,0.5,True
6sek__A1_UNDEFINED--6sek__B1_UNDEFINED,0.9773940449714188,0.5,True
2pih__A1_O31779--2pih__B1_O31779,0.904813252052991,0.5039950477554002,True
6v7v__A1_A0SML3--6v7v__B1_A0SML3,0.959240707919139,0.5,True
7ykv__B1_Q58241--7ykv__A1_Q58241,0.9692165673606993,0.5,True
7y4g__A1_Q8A028--7y4g__A2_Q8A028,0.9739017416268104,0.5,True
8cci__A1_A0R7I9--8cci__A2_A0R7I9,0.979408116143168,0.5,True
6p35__A1_P75913--6p35__A2_P75913,0.9812433043123652,0.5,True
6p3j__A1_Q0KJL4--6p3j__B1_Q0KJL4,0.9694482352849244,0.5,True
4o6p__A1_Q8RDI4--4o6p__B1_Q8RDI4,0.8081508258325165,0.5,True
8ozv__A1_A0A179UH34--8ozv__A2_A0A179UH34,0.9502333108765267,0.5,True
2cim__A1_Q46AN5--2cim__B1_Q46AN5,0.9421051251514064,0.5,True
6tpo__A1_P24474--6tpo__A2_P24474,0.9810800676553001,0.5,True
7wwo__B1_Q5SH57--7wwo__A1_Q5SH57,0.809343319801329,0.5,True
4pmv__A1_Q8PEU1--4pmv__B1_Q8PEU1,0.9486377517559865,0.5,True
7xge__A1_UNDEFINED--7xge__B1_Q07820,0.9286708586907838,0.4999800884074708,False
6rmr__B1_P19926--6rmr__A1_P19926,0.991207912767175,0.5,True
6hhb__A1_E0SCP7--6hhb__C1_E0SCP7,0.9820493991404418,0.5,True
7e5c__A1_A0A1I7CHQ2--7e5c__B1_A0A1I7CHQ2,0.9868620226312849,0.5,True
2gn5__A1_P69542--2gn5__A2_P69542,0.9112457341665559,0.49940167530913443,True
2wfh__A1_O94813--2wfh__B1_O94813,0.9372566827112282,0.5,True
3zco__A1_P06701--3zco__A2_P06701,0.8772792067149667,0.5,True
2ghy__A1_P03051--2ghy__B1_P03051,0.9130151875358968,0.5,True
3htr__A1_Q6N0K4--3htr__B1_Q6N0K4,0.8039607578325703,0.5,True
8aeu__A1_Q00987--8aeu__A2_Q00987,0.8395450703143011,0.49919311457772997,True
1xuv__A1_Q8PZJ2--1xuv__C1_Q8PZJ2,0.9189951128738628,0.5,True
2o8p__A1_Q5CYG0--2o8p__A2_Q5CYG0,0.9654085221299827,0.5,True
4zmu__A1_Q9I072--4zmu__B1_Q9I072,0.9704323715750203,0.5,True
3dl3__G2_Q5E3X2--3dl3__C1_Q5E3X2,0.8635793433345683,0.5,True
7yvz__A1_A7LPG5--7yvz__A2_A7LPG5,0.8683240471576227,0.5073613129844962,True
4ia6__A1_Q5FL96--4ia6__B1_Q5FL96,0.9862112204478414,0.5,True
8bou__A1_A0A7G5MNS2--8bou__B1_A0A7G5MNS2,0.9870243286854173,0.5,True
5gk1__A1_Q7N4Z6--5gk1__B1_Q7N4Z6,0.9638485238768488,0.5,True
5x03__B1_P94426--5x03__A1_P94426,0.9788858323735721,0.5,True
3gku__A1_D0VX24--3gku__B1_D0VX24,0.9544939024275081,0.5,True
1k3e__B1_P58233--1k3e__A1_P58233,0.9195681377940319,0.5,True
6u18__A1_Q9EVJ6--6u18__B1_Q9EVJ6,0.9523757527628879,0.5,True
6b9p__A1_C0HJB3--6b9p__B1_C0HJB3,0.9794511094623253,0.5,True
7wpy__A1_A0A097ZPD5--7wpy__C1_A0A097ZPD5,0.9655005112106807,0.5,True
7xn2__A1_Q8YR38--7xn2__A2_Q8YR38,0.942699551959633,0.5,True
3qhy__B1_O87916--3qhy__A1_Q93T42,0.9700871341122458,0.5,False
4j5p__B1_P97612--4j5p__A1_P97612,0.942606447986916,0.5,True
4icq__A1_A0A0H2UN95--4icq__B1_A0A0H2UN95,0.9846650838779502,0.5,True
1klf__B1_P08191--1klf__A1_P31697,0.9050835888450869,0.5,False
6y4l__A1_Q15006--6y4l__B1_Q9Y3B6,0.9019223855832603,0.5,False
6dex__B1_Q74ZQ8--6dex__A1_Q75DL0,0.9034981574913092,0.5,False
2z02__A1_Q58987--2z02__B1_Q58987,0.9920233592498273,0.5,True
4l7w__A1_Q7Z4H3--4l7w__A2_Q7Z4H3,0.9592551695741988,0.5,True
6tct__A1_Q9KL67--6tct__B1_Q9KL67,0.8808831725616293,0.5,True
6sul__A1_A8FAR5--6sul__B1_A8FAR5,0.9625927890308228,0.5,True
4qqv__A1_P26954--4qqv__B1_P26954,0.8629786763715449,0.5,True
3l8d__A1_A0RD96--3l8d__A2_A0RD96,0.949812240107621,0.5,True
7yqa__B1_A0A1C9ZZ39--7yqa__A1_A0A1C9ZZ39,0.8285332916047888,0.5,True
1b8m__B1_P34130--1b8m__A1_P23560,0.8985896271016164,0.5,False
1irq__B1_Q57468--1irq__A1_Q57468,0.8457332734620565,0.5,True
7xi6__A1_A5GXY1--7xi6__B1_A5GXY1,0.7912460653424508,0.552715365968378,True
6iik__A1_P54578--6iik__B1_P54578,0.9979857425637885,0.5,True
3nau__A1_Q9Y6X8--3nau__B1_Q9Y6X8,0.7778467550706791,0.5,True
3cis__B1_P9WFD7--3cis__A1_P9WFD7,0.9583389700896832,0.5,True
4jzy__B1_O77059--4jzy__A1_O77059,0.9507998324642308,0.5,True
8d03__A1_UNDEFINED--8d03__A2_UNDEFINED,0.976154062236649,0.5,True
7yxg__A1_Q9VU77--7yxg__B1_Q9VU77,0.9745502754900289,0.5,True
5cio__A1_A0A1A9TAI5--5cio__B1_A0A1A9TAI5,0.9693658412537651,0.5,True
8jwj__A1_Q9DAG9--8jwj__B1_P62837,0.8580128386932484,0.5,False
6ia6__A1_A0A1C7D1B7--6ia6__A2_A0A1C7D1B7,0.9933478272613037,0.5,True
8h1g__A1_O67518--8h1g__A2_O67518,0.9457078846179854,0.5,True
6x61__A1_Q79V60--6x61__B1_Q8DMT2,0.7703316211501567,0.5,False
7kqt__A1_UNDEFINED--7kqt__B1_UNDEFINED,0.9693034297466476,0.5,True
7x0d__A1_A5YW95--7x0d__B1_A5YW95,0.9680762486579619,0.5,True
1ghd__B1_O86089--1ghd__A1_O86089,0.9263873194588047,0.5,True
2x6f__A1_Q9W1M7--2x6f__B1_Q9W1M7,0.9550561879881553,0.5,True
8oik__A1_Q9UPU9--8oik__C1_Q9UPU9,0.877824584198698,0.5026683496516375,True
6nxl__A1_B4DV12--6nxl__E1_B4DV12,0.9251816723162605,0.4953568827385288,True
8wmy__A1_A0A4U7IGH6--8wmy__B2_A0A4U7IGH6,0.9386278236328666,0.5,True
3trf__A1_Q83AJ3--3trf__A2_Q83AJ3,0.888913955691919,0.5,True
5h4s__A1_A0A090BWT0--5h4s__A2_A0A090BWT0,0.7392905160823249,0.5,True
2zvb__A1_Q53WA6--2zvb__A2_Q53WA6,0.9155606475806809,0.5,True
8wa7__A1_P27302--8wa7__B1_P27302,0.9772730159445858,0.5,True
3b0z__B1_P40727--3b0z__A1_P40727,0.8504822655696279,0.5,True
4usp__A1_B3GA02--4usp__B1_B3GA02,0.8736343612334803,0.5,True
7cms__A1_P00953--7cms__B1_P00953,0.9774598654820755,0.5,True
7t8q__A1_Q7S860--7t8q__D1_Q7S860,0.9114829787336621,0.5,True
6j9k__A1_A0A425B3G2--6j9k__A2_A0A425B3G2,0.9631959887253722,0.5,True
7xp0__A1_Q9I5E1--7xp0__A2_Q9I5E1,0.918854035413489,0.5,True
8ih4__A1_Q8WVV5--8ih4__B1_Q8WVV5,0.9333226030046651,0.5,True
7qej__A1_P0DV33--7qej__B1_P0DV33,0.9734866094761316,0.5,True
1tfe__A1_P43895--1tfe__A2_P43895,0.9440113651801812,0.5,True
2a8f__A1_P15569--2a8f__B1_P15569,0.9883858872702687,0.5,True
4iwq__A1_Q9UHD2--4iwq__A2_Q9UHD2,0.8603101955315077,0.5,True
