system_id,auroc,bacc,is_homodimer
3c07__A1_Q9KZ96--3c07__B1_Q9KZ96,0.977617137643468,0.5,True
3iqy__A1_P28366--3iqy__A2_P28366,0.928978815342831,0.5,True
7e76__A1_A0A3B6LNA8--7e76__B1_A0A3B6LNA8,0.7290626347617638,0.5,True
3cqc__A1_P57740--3cqc__B1_Q8WUM0,0.971418987272713,0.5,False
7x1k__A1_Q6DL91--7x1k__B1_Q6DL91,0.8389800191810552,0.5,True
8sgd__A1_P25342--8sgd__B1_P32457,0.7180747855968836,0.5,False
3ecf__A1_Q3M5E4--3ecf__B1_Q3M5E4,0.8982904823955075,0.5,True
6j94__A1_Q93VK5--6j94__B1_Q93VK5,0.8477390392817142,0.5,True
7xsh__A1_K1KV82--7xsh__B2_K1KV82,0.9584333626459003,0.5,True
8v14__A1_G5EEF9--8v14__B1_G5EEF9,0.9168058152580404,0.5,True
6r76__A1_H3ZMH8--6r76__B1_H3ZMH8,0.966329575078134,0.5,True
8ap0__A1_A0A5S9CYM0--8ap0__A2_A0A5S9CYM0,0.9816145740686547,0.5,True
3qph__A1_Q9HGZ9--3qph__A2_Q9HGZ9,0.8748983205357457,0.5,True
3o6j__A1_O67987--3o6j__B1_O67987,0.9816393511504731,0.5,True
6o6z__A1_B6YWC3--6o6z__B1_B6YWC3,0.970464449202143,0.5,True
3fil__A1_P19909--3fil__B1_P19909,0.6595857954508164,0.5,True
6do2__A1_P11021--6do2__B1_P11021,0.8162523195721622,0.5,True
7f4q__B1_Q22GC0--7f4q__A1_I7M8B9,0.8461850575112132,0.5,False
4hfg__A1_Q9NQG5--4hfg__B1_Q9NQG5,0.34722121077387497,0.5,True
7yh2__A1_A0A1Q9P883--7yh2__B1_A0A1Q9P883,0.9888149435103115,0.5,True
3axs__A1_O67010--3axs__A2_O67010,0.966050907579045,0.5,True
3cqr__A1_Q39249--3cqr__B1_Q39249,0.500044454632672,0.5,True
3s8k__A1_P80691--3s8k__B1_P80691,0.9340951705265292,0.5,True
4oun__A1_O31418--4oun__A2_O31418,0.9666781174854001,0.5,True
2iab__A1_Q825J7--2iab__B1_Q825J7,0.9005505792565961,0.5,True
3o3n__A1_Q5U924--3o3n__B1_Q5U923,0.9541040075362968,0.5,False
6f3z__A1_P0ADC3--6f3z__B1_P61316,0.9685461276611518,0.5,False
1hr7__A1_P11914--1hr7__B1_P10507,0.8812994983486595,0.5,False
8gko__B1_P28296--8gko__A1_P28296,0.9585626754639966,0.5,True
2gkv__A1_P00777--2gkv__B1_P68390,0.8663879689451109,0.5,False
8stx__A1_Q4E4E1--8stx__B1_Q4E4E1,0.9847964269964393,0.5,True
4m36__A1_Q582G4--4m36__A2_Q582G4,0.9648968127630144,0.5,True
5wpu__A1_A0A076NBW8--5wpu__A2_A0A076NBW8,0.8948214300926873,0.5,True
5yps__A1_A0A0W4ZF97--5yps__B1_A0A0W4ZF97,0.8965715466456382,0.5,True
5oge__E1_P40107--5oge__A1_P40107,0.921339281917963,0.5,True
5fey__B1_Q13049--5fey__A1_Q13049,0.9254335144872297,0.5,True
8hce__B1_Q91XB0--8hce__A1_Q91XB0,0.8700790901662269,0.5,True
1ggp__B1_Q7SIF1--1ggp__A1_Q7SIF0,0.9316927410316111,0.5,False
5z50__A1_O05926--5z50__B1_O05926,0.9677332791426791,0.5,True
7t9u__A1_Q86WV6--7t9u__A2_Q86WV6,0.9523678465652323,0.5,True
6ey4__A1_Q5EGM3--6ey4__A2_Q5EGM3,0.9237056276607489,0.5,True
2hvg__A1_A5KBL5--2hvg__B1_A5KBL5,0.9340799197129067,0.5,True
6wp7__A1_Q82H41--6wp7__B1_Q82H41,0.8925314182201597,0.5,True
6kfs__A1_B7FR28--6kfs__A2_B7FR28,0.6028694137932096,0.5,True
3shg__A1_E6Z0R3--3shg__B1_E6Z0R4,0.8603413803317537,0.5,False
4wjm__A1_Q2YNY7--4wjm__A2_Q2YNY7,0.9869527957541323,0.5,True
8hmo__A1_A0A0H4P0S7--8hmo__B1_A0A0H4P0S7,0.9639166055786945,0.5,True
8dfk__A1_P39694--8dfk__B1_P39694,0.6571649087720133,0.5,True
6n91__A1_Q9KNI7--6n91__B1_Q9KNI7,0.9463748722978913,0.5,True
1dev__A1_Q15796--1dev__B1_O95405,0.5881873458695642,0.5,False
8c9j__B1_P15559--8c9j__A1_P15559,0.956717066279971,0.5,True
3rd7__B1_A0A0H2ZY91--3rd7__A1_A0A0H2ZY91,0.9540632152164379,0.5,True
5x1j__A1_G2IQS7--5x1j__A2_G2IQS7,0.9553921093528416,0.5,True
3r2p__A1_P02647--3r2p__A2_P02647,0.8321938908359019,0.5,True
1pdk__A1_P15319--1pdk__B1_P62532,0.8483671011896343,0.5,False
7bjg__A1_Q8IGY1--7bjg__A2_Q8IGY1,0.735648702561602,0.5,True
3kcp__A1_Q06851--3kcp__B1_A3DF10,0.9622451402684421,0.5,False
7bbq__A1_Q6I6B7--7bbq__A2_Q6I6B7,0.9529009984970461,0.5,True
3dpj__E1_Q5LS67--3dpj__F1_Q5LS67,0.8094853648481517,0.5,True
6okh__A1_Q04QG8--6okh__B1_Q04QG8,0.9228131244701465,0.5,True
7tq1__A1_P0AC13--7tq1__A2_P0AC13,0.974886208816264,0.5,True
7t5y__A1_P0A7E1--7t5y__B1_P0A7E1,0.9572913260360716,0.5,True
5o47__A1_J7HDY4--5o47__A2_J7HDY4,0.9924904279415234,0.5,True
1oo0__A1_P49028--1oo0__B1_Q9V535,0.9114474772539288,0.5,False
3edj__A1_Q8KKG0--3edj__B1_Q8KKG0,0.9154177685939625,0.5,True
5yr0__A1_O88597--5yr0__B1_Q8K245,0.9330319822698314,0.5,False
5c21__A1_P09986--5c21__B1_P09986,0.8726454011657809,0.5,True
2gok__A1_Q8U8Z6--2gok__B1_Q8U8Z6,0.990723994320672,0.5,True
1ww1__A1_Q9WZW8--1ww1__B1_Q9WZW8,0.9759366595172438,0.5,True
1fm0__B1_P30749--1fm0__A1_P30748,0.9105414471698298,0.5,False
4jgo__B1_O31671--4jgo__A1_O31671,0.9352346090140249,0.5,True
3l2k__A1_Q8GPH0--3l2k__B1_Q8GPH0,0.8793245212245295,0.5,True
1yov__A1_Q13564--1yov__B1_Q8TBC4,0.9458701632716222,0.5,False
7zvd__A1_P11413--7zvd__A2_P11413,0.9829515956350823,0.5,True
8grh__B1_P51553--8grh__A1_P50213,0.9115845443056205,0.5,False
1lxd__A1_Q03386--1lxd__B1_Q03386,0.342869393833654,0.5,True
5m97__A1_Q10113--5m97__B1_Q10113,0.9789168906843233,0.5,True
7ax1__A1_Q9ULM6--7ax1__B1_Q9UIV1,0.9581310386249545,0.5,False
8d4w__A1_A0A8B4R830--8d4w__A2_A0A8B4R830,0.726636591992618,0.5,True
7ynw__B2_Q57834--7ynw__A1_Q57834,0.990697099565285,0.5,True
4rgp__A1_Q8DTU7--4rgp__B1_Q8DTU7,0.9505528141632706,0.5,True
8twd__C1_P0AEV1--8twd__A1_W8SRD3,0.8090060785833867,0.5,False
3fb9__A1_A0A0H2US72--3fb9__B1_A0A0H2US72,0.8705050243671023,0.5,True
8a39__A1_A0A024L404--8a39__C2_A0A024L404,0.9630177570888321,0.5,True
3ps8__A1_P01034--3ps8__A2_P01034,0.44668580174864264,0.5,True
7vwp__A2_A0A136PK59--7vwp__B1_A0A136PK59,0.9974967846217487,0.5,True
3a7p__A1_Q03818--3a7p__B1_Q03818,0.9386753719257147,0.5,True
4ql6__A1_A0A0H3MDM0--4ql6__C1_A0A0H3MDM0,0.8830691181163773,0.5,True
5nck__A1_Q8RDN7--5nck__B1_Q8RDN7,0.9748391198829993,0.5,True
3w8i__A1_Q9BUL8--3w8i__B1_Q9P289,0.9766388244583724,0.5,False
4oky__A1_Q52612--4oky__A2_Q52612,0.9271512980126496,0.5,True
7x20__A1_P54708--7x20__B1_P07340,0.9315472954300725,0.5,False
3hnw__A1_D0VWZ2--3hnw__B1_D0VWZ2,0.9462541164499874,0.5,True
8r37__A1_A0A086IRG1--8r37__B1_A0A086IRG1,0.8832848830467972,0.5,True
1rqg__A1_Q9V011--1rqg__A2_Q9V011,0.8556782250498555,0.5,True
8brl__A1_F7J213--8brl__A2_F7J213,0.9185572621077631,0.5,True
7qiu__A1_P94538--7qiu__B1_P94538,0.9863468074107515,0.5164753748848322,True
6sjs__A1_B8FUR2--6sjs__B1_B8FUR2,0.9867889258712138,0.5,True
8hlg__A1_Q9RR88--8hlg__B1_Q9RR88,0.9633439993085391,0.5,True
6mpc__A1_B3DQP5--6mpc__B1_B3DQP5,0.9939879889588689,0.5,True
7pcr__A1_P56185--7pcr__A2_P56185,0.8486662742529784,0.5,True
3bvq__B1_Q2I6W2--3bvq__A1_Q2I6W2,0.9400641457422686,0.5,True
6bsu__A1_Q9LZJ3--6bsu__B1_Q9LZJ3,0.8840854338755723,0.5,True
4e5u__B1_Q9HZN8--4e5u__A1_Q9HZN8,0.974012679686678,0.5197254846638676,True
8a52__A1_P23222--8a52__B1_P23222,0.9328357327535428,0.5,True
1d0v__A1_Q05603--1d0v__A2_Q05603,0.9732927483839893,0.5,True
3gwq__A1_Q145Q0--3gwq__B1_Q145Q0,0.9320250221719405,0.5,True
1yhc__A1_O67648--1yhc__B1_O67648,0.849720761741843,0.5,True
7lxs__A1_Q8ZMZ2--7lxs__C1_Q8ZMZ2,0.8805587765983804,0.5,True
6w08__B1_Q9KL63--6w08__A1_Q9KL63,0.9547021355996529,0.5,True
7wrm__A1_D0IVL9--7wrm__B1_D0IVL9,0.8258820467789456,0.5,True
2yww__B1_Q58801--2yww__A1_Q58801,0.9905286443049977,0.5,True
3lm6__A1_P40869--3lm6__B1_P40869,0.9735487300645647,0.5,True
7trw__A1_A0A380PDL3--7trw__A2_A0A380PDL3,0.6822959995717195,0.5,True
8syc__A1_Q13370--8syc__B1_Q13370,0.6310708561299009,0.5,True
1gk6__A1_P03069--1gk6__B1_P03069,0.9083299136846521,0.5,True
1reo__A1_Q6STF1--1reo__A2_Q6STF1,0.9620952948752285,0.5,True
6s3b__A1_Q88JK6--6s3b__B1_Q88JK6,0.9445340557404164,0.5,True
7tl5__A1_A0A3F3B310--7tl5__B1_A0A3F3B310,0.8912863711927097,0.5,True
2asf__A1_P9WLL7--2asf__A2_P9WLL7,0.956484199779219,0.5,True
8ilj__A1_A0A242MJ43--8ilj__B1_A0A242MJ43,0.9693449174866702,0.5,True
4usc__A1_A0A0A0Y4H8--4usc__B1_A0A0A0Y4H8,0.9666885713604967,0.5,True
5yp3__A1_Q6F3I7--5yp3__B1_Q6F3I7,0.9963212281857646,0.5,True
8aid__A1_Q9HWJ8--8aid__B1_Q9HWJ8,0.9328344530031518,0.5,True
7yp6__B1_E5L4T5--7yp6__A1_E5L4T5,0.9152139361041131,0.5,True
4aql__A1_Q9Y2T3--4aql__A2_Q9Y2T3,0.9720676518208665,0.5,True
3idf__A1_O34252--3idf__B1_O34252,0.8370227800042186,0.5,True
8fjr__A1_D1A807--8fjr__B1_D1A807,0.7480592104554755,0.5,True
7z56__B1_F0NGX6--7z56__A1_F0NGX6,0.9862288254141255,0.5230769230769231,True
7olf__A1_A9CEY7--7olf__B1_A9CEY7,0.970290343416466,0.5,True
3zta__A1_Q2RIF4--3zta__A2_Q2RIF4,0.9941063383112846,0.5,True
3abi__A1_O59312--3abi__B1_O59312,0.9979142967357917,0.5,True
5ab8__A1_P9WN25--5ab8__A2_P9WN25,0.7064510878411372,0.5,True
1guq__A1_P09148--1guq__B1_P09148,0.965412992497024,0.5,True
6zdw__B1_A0A162MUP0--6zdw__A1_A0A162MUP0,0.9021917826717698,0.5,True
8csd__A1_Q6U8B0--8csd__A2_Q6U8B0,0.9525982976852307,0.5,True
8bfr__A1_P30177--8bfr__A2_P30177,0.994612325323394,0.5,True
7yk3__A1_O53604--7yk3__B1_O53605,0.9557297447504506,0.5,False
6xiv__A1_P16114--6xiv__B2_P16114,0.9583122355470117,0.5,True
8ajx__A1_P17117--8ajx__A2_P17117,0.9163396091497615,0.5,True
8ayj__A1_D5EHC5--8ayj__B1_D5EHC5,0.9683323553957608,0.5,True
8a6e__B2_P02699--8a6e__A1_P02699,0.9005416607012404,0.5,True
4jb7__A1_Q9KTQ6--4jb7__A2_Q9KTQ6,0.8687753887552072,0.5,True
6h3f__A1_A0A0H3JT80--6h3f__A2_A0A0H3JT80,0.9893665817208225,0.5,True
6wxw__A1_F2NWD3--6wxw__B1_F2NWD3,0.8743704076617882,0.5,True
2zw2__A1_F9VNF4--2zw2__B1_F9VNF4,0.8515066448328488,0.4999359467076608,True
2wo2__A1_P54764--2wo2__B1_P52799,0.823576445449582,0.5,False
1ord__A1_P43099--1ord__B1_P43099,0.9593220821369702,0.5,True
7zcm__A1_P42196--7zcm__B1_P42259,0.9589836875189954,0.5,False
8aa9__A1_Q9V1Y9--8aa9__B1_Q9V1Y9,0.5260593462396875,0.5,True
4i6y__B1_P13702--4i6y__A1_P13702,0.92688650746806,0.5,True
1vh4__B1_P77689--1vh4__A1_P77689,0.9317852264266828,0.5,True
3ocd__A1_D7A6E5--3ocd__B1_Q7BQR5,0.9034010632360225,0.5,False
8pq7__A1_M1C5B8--8pq7__B1_D0N0Z8,0.5893779468018859,0.5,False
5abr__A1_P82802--5abr__B1_P82802,0.9876064630665857,0.5,True
2zmf__A1_Q9Y233--2zmf__B1_Q9Y233,0.8656274302339507,0.5,True
2vzk__B1_P0DJQ5--2vzk__A1_P0DJQ5,0.3628408248560451,0.5,True
7wm5__A1_A0A0C2W699--7wm5__A2_A0A0C2W699,0.8887052433322666,0.5,True
1zee__A1_Q8E972--1zee__B1_Q8E972,0.9011719593853172,0.5,True
1f3u__B1_P35269--1f3u__A1_P13984,0.9372177656611531,0.5,False
7tvh__B1_Q9I2Q1--7tvh__A1_Q9I2Q1,0.9255912162162162,0.5,True
5vgm__B1_Q9KL24--5vgm__A1_Q9KL24,0.9875497102039199,0.5,True
4zzh__A1_Q96EB6--4zzh__A2_Q96EB6,0.5461233773201889,0.5,True
6m4v__A1_P0AEX9--6m4v__B1_P62942,0.8587746647214201,0.5,False
7y28__A1_P07814--7y28__B1_P07814,0.9636496928045476,0.5,True
2plg__A1_Q8DKM0--2plg__B1_Q8DKM0,0.8964519234717856,0.5,True
7y7u__A1_A0A222F232--7y7u__B1_A0A222F232,0.8975948118266575,0.5,True
3fgc__A1_P07740--3fgc__B1_P07739,0.9383565484184112,0.5,False
1rve__A1_P04390--1rve__B1_P04390,0.9589438927539251,0.5,True
7zy1__A1_Q9F8A8--7zy1__A2_Q9F8A8,0.9477098295682694,0.5,True
3jxo__B1_A0A0F6AN26--3jxo__A1_A0A0F6AN26,0.9414051302588314,0.5,True
8dqb__A1_A0A0H3FX83--8dqb__A2_A0A0H3FX83,0.9456276683056518,0.5,True
5l16__A1_Q4Q0M0--5l16__A2_Q4Q0M0,0.9716256448497957,0.5,True
3qt7__A1_Q9FD73--3qt7__B1_Q9FD73,0.9904956847479935,0.5,True
4aye__D1_Q9JXV4--4aye__A1_P08603,0.8623081351283186,0.5,False
7r3n__A1_P43432--7r3n__B1_P43432,0.9778481351098436,0.5,True
7a0x__B1_Q8ZRZ3--7a0x__A1_Q8ZRZ3,0.9654401048934012,0.5,True
7wjk__A1_P93836--7wjk__A2_P93836,0.8783564285098202,0.5,True
7g99__B1_Q92974--7g99__A1_P61586,0.5809067489999092,0.5,False
5x8z__A1_A3QAQ5--5x8z__B1_A3QAQ5,0.9368090568869144,0.5,True
6dt3__B1_A0A1W1Q5B1--6dt3__A1_A0A1W1Q5B1,0.9600090388203758,0.5,True
7u0r__B1_M9SC49--7u0r__A1_M9SC49,0.9745919256085207,0.5,True
7wbt__A1_Q288C4--7wbt__B1_Q288C4,0.8935791278869172,0.5,True
7txe__A1_Q8I6T6--7txe__B1_Q8I6T6,0.3216868666565776,0.5,True
6pyp__A1_P21695--6pyp__B1_P21695,0.9782086028028087,0.503968253968254,True
8b2d__A1_F5SYD3--8b2d__B1_F5SYD3,0.9161584104436101,0.5,True
1vmg__A1_Q97U11--1vmg__A2_Q97U11,0.850407645767468,0.5,True
6b8l__B1_P0DP23--6b8l__A1_P56696,0.8616881397031935,0.5,False
8sj5__A1_A0A2I4FN75--8sj5__C1_A0A2I4FN75,0.33274399845299596,0.5,True
3nr1__A1_Q8N4P3--3nr1__B1_Q8N4P3,0.9615207431962827,0.5,True
3h3l__A1_A6LFX0--3h3l__A2_A6LFX0,0.9577802179366931,0.5,True
6jdh__A1_A0A2K0XYW4--6jdh__B1_A0A2K0XYW4,0.9628047878362922,0.5,True
3vjz__A1_Q9K0P4--3vjz__B1_Q9K0P4,0.44121966558659065,0.5,True
3et4__A1_Q4QMM5--3et4__A2_Q4QMM5,0.9177375990919894,0.5,True
5or3__A1_Q2UNF9--5or3__D1_Q2UNF9,0.8833351694943545,0.5,True
3fh3__B1_A0A6L8PES2--3fh3__A1_A0A6L8PES2,0.4257284041370183,0.5,True
1go3__A1_Q57840--1go3__B1_Q60351,0.9243807467386416,0.5,False
3zxq__B1_P9WGK1--3zxq__A1_P9WGK1,0.42313974008647565,0.5,True
1zlh__A1_P00730--1zlh__B1_Q5EPH2,0.7351599672114981,0.5,False
4h1h__A1_Q8Y6P6--4h1h__B1_Q8Y6P6,0.8258062290994517,0.5,True
2gh1__A1_Q81E32--2gh1__B1_Q81E32,0.833303259159012,0.5,True
7dl7__F1_B0VJ11--7dl7__A1_B0VJ11,0.9890413690136244,0.5,True
7yu0__B1_Q79F77--7yu0__A1_Q79F77,0.9293971247155403,0.5,True
3cbu__B1_Q473P3--3cbu__A1_Q473P3,0.889413393247471,0.5,True
3ihk__A1_Q8DVV9--3ihk__A2_Q8DVV9,0.9570804805535064,0.5,True
4y67__A1_Q8IKG4--4y67__B1_Q8IKG4,0.9541002708448981,0.5,True
6ejp__B1_P69986--6ejp__A1_P69986,0.3034677588585839,0.5,True
1poy__A1_P0AFK9--1poy__B1_P0AFK9,0.9187106841265634,0.5,True
3a7o__A1_Q03818--3a7o__B1_Q03818,0.9377860220618593,0.5,True
5n47__B1_P02751--5n47__A1_P80188,0.6325271702185514,0.5,False
8ejm__A1_O43143--8ejm__B1_Q8IWZ8,0.760865277914136,0.5,False
7jl6__A1_Q9L523--7jl6__B1_Q9L523,0.9285418793962061,0.5,True
1npd__B1_P0A6D5--1npd__A1_P0A6D5,0.9662760903755727,0.5,True
8h0h__A1_P9WLU7--8h0h__C1_P9WLU7,0.44626177616414575,0.5,True
3t8l__A1_Q7CUX4--3t8l__B1_Q7CUX4,0.8442985426462365,0.5,True
7ol3__B1_Q8WXF7--7ol3__A1_Q8WXF7,0.8000920743403184,0.5,True
3ent__A1_Q2YAE2--3ent__B1_Q2YAE2,0.946962060539866,0.5,True
2y4g__A1_D3Y1I2--2y4g__B1_D3Y1I2,0.9580626788864381,0.5,True
7ec7__A1_A0A0H2XGN0--7ec7__A2_A0A0H2XGN0,0.9847906611748346,0.5,True
2o11__A1_P9WPY1--2o11__A2_P9WPY1,0.8560776496159668,0.5,True
8abq__A1_Q13596--8abq__B1_Q9Y5X3,0.9828099234484757,0.5,False
2sak__A1_P68802--2sak__A2_P68802,0.5878676055277329,0.5,True
8h5e__A1_Q5SMG8--8h5e__B1_Q5SMG8,0.9509341444800508,0.5,True
8bgm__B1_A0A5P3XKL3--8bgm__A1_A0A5P3XKM0,0.8896470138247943,0.5,False
2ps8__A1_P13513--2ps8__B1_P13513,0.9655198089338373,0.5,True
6awl__A1_O75208--6awl__B1_O75208,0.9435867629600316,0.5,True
4qds__A1_O60462--4qds__B1_O60462,0.32568819389078046,0.5,True
6qky__B1_Q97P33--6qky__A1_Q97P33,0.39425083195112437,0.5,True
7nli__B1_P08405--7nli__A1_P08405,0.8584929205496542,0.5,True
8p3m__A1_W0DP94--8p3m__B1_W0DP94,0.9853301523134174,0.5,True
5v7y__A1_A0A4Y1WAP5--5v7y__B1_A0A4Y1WAP5,0.8843351309796003,0.5,True
4aps__A1_Q5M4H8--4aps__B1_Q5M4H8,0.9195885636348945,0.5,True
7ucn__A1_P50120--7ucn__B1_P50120,0.4049008447627781,0.5,True
1ni5__A1_P52097--1ni5__A2_P52097,0.972642991576272,0.5,True
4a5o__B1_Q9I2U6--4a5o__A1_Q9I2U6,0.9676228343478201,0.5,True
8q5k__A1_A0A0H2Z7A6--8q5k__A2_A0A0H2Z7A6,0.6796968283482463,0.5,True
1ww5__A1_Q6WY08--1ww5__D1_Q6WY08,0.9912528103420587,0.5,True
7ww2__A1_A0A4Q9D6T1--7ww2__B1_A0A4Q9D6T1,0.9400648456131917,0.5,True
2pfk__A1_P0A796--2pfk__B1_P0A796,0.9252485670741655,0.5,True
1i2m__B1_P18754--1i2m__A1_P62826,0.7334643781008467,0.5,False
8i2e__A1_O34841--8i2e__B1_P54421,0.8572723771822308,0.5,False
3pfl__A1_P09373--3pfl__B1_P09373,0.9881296491249238,0.5,True
6gho__B1_Q5L1S1--6gho__A1_O31602,0.6330272117607897,0.5,False
1glj__A1_P0A6F3--1glj__B1_P0A6F3,0.9957727889869982,0.5,True
4zq8__B1_A0A0M3KL36--4zq8__A1_A0A0M3KL36,0.9435970583117659,0.5,True
5h4h__B1_O58236--5h4h__A1_O58236,0.9622866488254535,0.4999774011299435,True
4iv9__A1_P06617--4iv9__B1_P06617,0.961983665599417,0.5,True
6sdk__A1_P26497--6sdk__B1_P26497,0.6181258761002258,0.5,True
2fq4__A1_Q81BJ4--2fq4__A2_Q81BJ4,0.9754244393579724,0.5,True
7zeq__B1_Q9WXT1--7zeq__A1_Q9WXT1,0.9445940826685114,0.5,True
5z5h__A1_Q2I2N4--5z5h__A2_Q2I2N4,0.9717396938918594,0.5,True
2fe1__A1_Q8ZZP3--2fe1__A2_Q8ZZP3,0.9808452045692259,0.5,True
7wik__B1_A0R1E6--7wik__A1_A0R1E6,0.9242483224363386,0.5,True
7t8o__B1_Q8Y8Y9--7t8o__A1_Q8Y8Y9,0.8943667411200421,0.5,True
7t91__A1_P08151--7t91__B1_P08151,0.06385034791118394,0.5,True
3lg6__A1_D2YW48--3lg6__B1_D2YW48,0.9640819439092548,0.5,True
2o9a__A1_P16528--2o9a__D1_P16528,0.952580888581238,0.5,True
1zhq__A1_Q9RHG4--1zhq__B1_Q9RHG4,0.8105872649381674,0.5,True
2e0k__B1_Q8KFD9--2e0k__A1_Q8KFD9,0.9536871718407505,0.5,True
6izb__A1_P13693--6izb__A2_P13693,0.9190379873098556,0.5,True
3a2f__A1_P61875--3a2f__B1_O73947,0.974067206592256,0.5,False
3vf0__B1_Q8IY67--3vf0__A2_P18206,0.7070887604142186,0.5,False
8ehe__A1_A0A0A7KVG3--8ehe__B1_A0A1D3UUC0,0.9536171939163393,0.5,False
6hpc__A1_P67697--6hpc__B1_P67697,0.9381060495341936,0.5,True
2x3o__A1_Q9I585--2x3o__B1_Q9I585,0.8984074469724751,0.5,True
5y40__A1_P55892--5y40__B1_P55892,0.8112647668593045,0.5,True
1y42__A1_P12063--1y42__A2_P12063,0.9847424443966135,0.5,True
2e91__A1_Q12051--2e91__B1_Q12051,0.9719400889315706,0.5,True
3iuw__B1_Q8KUB7--3iuw__A1_Q8KUB7,0.9339158053736408,0.5,True
8e7y__A1_Q9RFC8--8e7y__B1_Q9RFC8,0.8800773610094895,0.5,True
4kzn__A1_P15692--4kzn__A2_P15692,0.8973068547711665,0.5,True
7z7o__A1_A0A1S4NYF2--7z7o__C1_A0A1S4NYF2,0.8538833289985586,0.5,True
8brp__A1_D8G6F7--8brp__B1_D8G6F7,0.9624731960609582,0.5,True
3qir__A1_Q8TC59--3qir__A2_Q8TC59,0.25836738027221895,0.5,True
8bay__A1_O75874--8bay__B1_O75874,0.9551477522970959,0.5,True
6mhm__B1_Q13510--6mhm__A1_Q13510,0.5342328077112115,0.5,True
8bj7__A1_P07598--8bj7__B1_P07603,0.9063049456226531,0.5,False
8b80__A1_W8QF82--8b80__B1_W8QF82,0.9601148076878676,0.5,True
5wxx__A1_Q9RNB4--5wxx__A2_Q9RNB4,0.9608435434957934,0.5,True
8f7l__A1_P43490--8f7l__B1_P43490,0.8959678957712992,0.5,True
3cz1__A1_Q9U9J6--3cz1__B1_Q9U9J6,0.6952881646892695,0.5,True
8a0c__A1_Q2ERG0--8a0c__B1_Q2ERG0,0.9221340296003827,0.5,True
5mpy__A1_Q9LPZ1--5mpy__B1_Q9LPZ1,0.7597066191841688,0.5,True
1anu__A1_Q06851--1anu__A2_Q06851,0.9170049470183586,0.5,True
3vs8__A1_C1DM33--3vs8__C1_C1DM33,0.9068482203242738,0.5,True
7zi8__A1_P27707--7zi8__A2_P27707,0.9622694285270079,0.5,True
1peu__A1_Q08698--1peu__A2_Q08698,0.9828088261773562,0.5,True
5uk5__B1_Q63722--5uk5__A1_Q07008,0.6038521950912779,0.5,False
7vg5__A1_Q49135--7vg5__B1_Q49135,0.9501931167910233,0.5,True
4jkz__A1_A0R6I8--4jkz__A2_A0R6I8,0.9668468510314635,0.5,True
4aa8__A1_P00794--4aa8__A2_P00794,0.9185145124732176,0.5,True
5yew__A1_Q8IWA4--5yew__B1_Q8IWA4,0.8103007677673656,0.5,True
1hf2__B1_Q9X0D7--1hf2__A1_Q9X0D7,0.9919135247869013,0.5,True
3au0__A1_Q7A382--3au0__A2_Q7A382,0.30215247913544735,0.5,True
3gif__A1_O34757--3gif__B1_O34757,0.9547276853410016,0.5,True
4axv__A1_A7N805--4axv__A2_A7N805,0.921199108867212,0.5,True
5c6u__A1_O69689--5c6u__A2_O69689,0.8802917154207465,0.5,True
4nv4__A1_A0A6L7HM74--4nv4__A2_A0A6L7HM74,0.403029732097863,0.5,True
6axf__A1_Q7LDG7--6axf__B1_P61224,0.6370998796592173,0.5,False
5yf1__B1_Q8N4J0--5yf1__A1_Q8N4J0,0.900308427472112,0.5,True
8j83__A1_C5ATT7--8j83__B1_C5ATT6,0.941510846780827,0.5,False
3fjy__B1_A0ZZM4--3fjy__A1_A0ZZM4,0.9513803171924848,0.5,True
4rg1__A1_Q5T280--4rg1__B1_Q5T280,0.9392030871582617,0.5,True
1ux4__A1_P41832--1ux4__A2_P41832,0.6692605857894204,0.5,True
6rbm__A1_P0ACT4--6rbm__A2_P0ACT4,0.9322517138201291,0.5,True
7wis__A1_P46881--7wis__B1_P46881,0.9316255800139118,0.5,True
5a3l__A1_A0A1A9TAD0--5a3l__C1_A0A1A9TAD0,0.4855029570003697,0.5,True
2gz4__A1_Q7D028--2gz4__C1_Q7D028,0.8437193395204492,0.5,True
7xyv__A1_Q9C0D3--7xyv__B1_Q9C0D3,0.4811602094715255,0.5,True
2f9w__A1_Q9HWC1--2f9w__B1_Q9HWC1,0.9412067191758383,0.5,True
2ox1__A1_O30011--2ox1__B1_O30011,0.9910508433026308,0.5175438596491229,True
2guh__A1_Q0S8Y3--2guh__B1_Q0S8Y3,0.9220618141527147,0.5,True
7br1__A1_A0A7I6N400--7br1__B1_A0A7I6N400,0.9597985622285458,0.5,True
2p04__A1_D0VWX5--2p04__B1_D0VWX5,0.9292316042880189,0.5,True
4h5b__A1_Q9RUY5--4h5b__B1_Q9RUY5,0.8431182848813997,0.5,True
4e1o__A1_P19113--4e1o__B1_P19113,0.7622057401867792,0.5,True
7pu4__B1_Q9X053--7pu4__A1_Q9X053,0.4949424746742124,0.5,True
3m1u__A1_Q72DN3--3m1u__B1_Q72DN3,0.9336908002565167,0.5,True
7qii__A1_P0C2N2--7qii__B1_P0C2N4,0.8555752707884139,0.5,False
6ird__A1_Q91UZ1--6ird__B1_Q8NI35,0.577853737460608,0.5,False
6gg2__A1_Q4WD43--6gg2__A2_Q4WD43,0.9615003151725156,0.5,True
6oei__A1_Q8KG60--6oei__A2_Q8KG60,0.9437619634401642,0.5,True
8hyi__A1_P22223--8hyi__B1_P22223,0.7788680500206144,0.5,True
4b8v__A1_B3VBK9--4b8v__A2_B3VBK9,0.8930199821410216,0.5,True
4lqb__A1_D2Q399--4lqb__B1_D2Q399,0.882788336577587,0.5,True
2vxb__A1_P87074--2vxb__B1_P87074,0.19595769359038193,0.5,True
1t72__A1_O67053--1t72__B1_O67053,0.9660142239347421,0.5,True
3soo__A1_Q5T7N2--3soo__A2_Q5T7N2,0.9132154106336462,0.5,True
5z1o__A1_D0VWU8--5z1o__B1_D0VWU8,0.8427131855782855,0.5,True
6h40__A1_K5B7F3--6h40__A2_K5B7F3,0.9853110835537818,0.5,True
2etk__A1_Q13464--2etk__B1_Q13464,0.9075744246986807,0.5,True
2p69__A1_Q96GD0--2p69__A2_Q96GD0,0.9849245690223324,0.5,True
4doy__A1_Q6WNP1--4doy__C1_Q6WNP1,0.9572039110868814,0.5,True
6zxw__A1_O29011--6zxw__B1_A0A117KMN5,0.8510016746417437,0.5,False
3lhk__A1_Q60329--3lhk__B1_Q60329,0.9384848350968653,0.5,True
1qpa__A1_P11542--1qpa__B1_P11542,0.8286614201107486,0.5,True
6e52__A1_P03069--6e52__B1_P03069,0.8951714661279542,0.5,True
1fwl__A1_Q58504--1fwl__B1_Q58504,0.9923205417862866,0.5,True
5nkk__A1_O62301--5nkk__B1_Q9XWJ1,0.8840548400799176,0.5,False
1ygt__A1_Q94524--1ygt__A2_Q94524,0.9058101376822729,0.5,True
6p40__A1_M1GSK9--6p40__B1_M1GSK9,0.9259861004655872,0.5,True
2wyn__B1_P13482--2wyn__D1_P13482,0.89760052005881,0.5,True
7yui__A1_P0CG48--7yui__B1_Q9BYM8,0.8187018642870842,0.5,False
8dml__B1_Q87GI3--8dml__A1_Q87GI4,0.8289840233193122,0.5,False
2oi2__A1_A0A0H2UNK6--2oi2__A2_A0A0H2UNK6,0.9430776221641606,0.5,True
4wud__A1_P0AES6--4wud__A2_P0AES6,0.9349576388909403,0.5,True
5yzj__A1_A8K0B5--5yzj__B1_A8K0B5,0.5104376883952664,0.5,True
8f61__A1_Q28943--8f61__B1_Q28943,0.8933778933804681,0.5,True
5ho3__A1_W6KHH6--5ho3__B1_W6KHH6,0.767412561120159,0.5,True
1u5i__A1_Q07009--1u5i__B1_Q64537,0.931253362526368,0.5,False
1cmc__A1_P0A8U6--1cmc__B1_P0A8U6,0.8989567995898853,0.5,True
6oe2__A1_Q8A9F0--6oe2__A2_Q8A9F0,0.3167312111275967,0.5,True
3gzi__A1_A3QIY5--3gzi__A2_A3QIY5,0.929878109709452,0.5,True
8pr6__B1_A0A1Q6BKH4--8pr6__A1_A0A1Q6BKH4,0.5974094318829843,0.5,True
8j64__A1_Q967S9--8j64__B1_O00816,0.541820016898451,0.5,False
8ohw__A1_Q63T97--8ohw__B1_Q63T97,0.8582322237725688,0.5,True
5y4r__A1_O87131--5y4r__B1_Q9HVI1,0.8633131284756568,0.5,False
3ddh__A1_Q8A5Q8--3ddh__B1_Q8A5Q8,0.9538086029177071,0.5,True
8d3t__B1_A0A2K2AMS7--8d3t__A1_A0A2K2AMS7,0.6043760842086349,0.5,True
1zk8__A1_Q815X4--1zk8__B1_Q815X4,0.9830409811078149,0.5,True
2w82__A1_Q47730--2w82__B1_Q47730,0.9690264277833237,0.5,True
6l08__A1_O65896--6l08__B1_O65896,0.9640851494344379,0.5,True
4p94__B1_Q4J9K8--4p94__A1_Q4J9K8,0.9712447870122132,0.5,True
4yii__A1_O00762--4yii__B1_Q9UJX6,0.9825682382220067,0.5,False
4rus__A1_P68512--4rus__B1_P68512,0.9434375867329623,0.5,True
2o48__A1_Q9TQS6--2o48__A2_Q9TQS6,0.9043548680322299,0.5,True
7pvw__B1_P00523--7pvw__A1_P00523,0.4481902591156113,0.5,True
2wcu__A1_Q8R2K1--2wcu__B1_Q8R2K1,0.9559256705258955,0.5,True
2p35__A1_Q8UH15--2p35__B1_Q8UH15,0.8523438781327317,0.5,True
5jj8__A1_Q9HVB9--5jj8__A2_Q9HVB9,0.8192222714638941,0.5,True
6ije__A1_A0A083ZID3--6ije__B1_A0A083ZID3,0.9189613212192299,0.5,True
8avu__A1_Q8GPI4--8avu__A2_Q8GPI4,0.7976632421076866,0.5,True
7xdu__B1_A0A1I1Z0X1--7xdu__A1_A0A1I1Z0X1,0.9784673124066048,0.5,True
1xr4__A1_Q8ZRY1--1xr4__B1_Q8ZRY1,0.8960242895380173,0.5,True
2fuq__A1_C6XZB6--2fuq__B1_C6XZB6,0.981407560229404,0.5,True
5xrw__A1_O25306--5xrw__C1_O25674,0.9535540691555727,0.5,False
5l0o__A1_P46940--5l0o__B1_P46940,0.3843272631497778,0.5,True
2zcx__A1_Q9FBX0--2zcx__A2_Q9FBX0,0.9164558065255842,0.5,True
5way__A1_Q97P44--5way__B1_Q97P44,0.9626468647997517,0.5,True
7xey__A1_Q9SU72--7xey__B1_Q9S745,0.9143799645855204,0.5,False
4xlo__C1_Q9KHK2--4xlo__A1_Q9KHK2,0.9708901268770279,0.5,True
6kd6__B1_Q9VAA9--6kd6__A1_Q9VAA9,0.31909569271590976,0.5,True
8k72__A1_Q9NWT6--8k72__A2_Q9NWT6,0.9496971312539182,0.5,True
8b5v__A1_Q4E4A3--8b5v__B1_Q4E4A3,0.9354395135509759,0.5,True
4yo3__A1_D3GUX1--4yo3__A2_D3GUX1,0.9788582926125071,0.5,True
8p8p__A1_P49773--8p8p__B1_P49773,0.9192776636001827,0.5,True
6hrx__A1_O53623--6hrx__B1_O53623,0.9888884437653129,0.5,True
3mdo__A1_A6LDR8--3mdo__B1_A6LDR8,0.96911304324526,0.5,True
8iw0__A1_Q14678--8iw0__B1_Q14678,0.6684042933268703,0.5,True
2rb7__A1_Q313A9--2rb7__B1_Q313A9,0.9080497746893176,0.5,True
3lsj__A1_Q9HUS3--3lsj__B1_Q9HUS3,0.892651188754783,0.5,True
8g0q__A1_P40460--8g0q__B1_P33895,0.8519298175329284,0.5,False
6ms4__A1_Q9ULC4--6ms4__B1_O43583,0.9456975009565409,0.5,False
7y6b__A1_A0A411GZY8--7y6b__B1_A0A411H025,0.861012980611239,0.5,False
7zyt__A1_P09622--7zyt__B1_P09622,0.8501452747284131,0.5,True
7lle__A1_Q6QVT7--7lle__B1_Q6QVT7,0.9028834078381425,0.5,True
4csw__A1_D0MK34--4csw__B1_D0MK34,0.9563317858787848,0.5,True
7tev__A1_P04181--7tev__A2_P04181,0.9020201705064119,0.5,True
2hsa__B1_Q9FEW9--2hsa__A1_Q9FEW9,0.8531008183605578,0.5,True
4tsd__A1_O25673--4tsd__B1_O25673,0.93020193707666,0.5,True
7qh0__B1_P48499--7qh0__A1_P48499,0.9855980889141454,0.5,True
1ayf__B1_P00257--1ayf__A1_P00257,0.5761831751909281,0.5,True
3neu__A1_Q92AT3--3neu__A2_Q92AT3,0.875378861003861,0.5,True
8f9x__A1_Q5LVE1--8f9x__B1_Q5LVE1,0.9290744559294051,0.5,True
3pui__A1_Q9L9D7--3pui__A2_Q9L9D7,0.9813179842303168,0.5,True
1rqi__A1_P22939--1rqi__B1_P22939,0.9823329121079672,0.4999943997670303,True
6pya__A1_P04278--6pya__A2_P04278,0.9703862914346226,0.5,True
1r27__A1_P09152--1r27__B1_P11349,0.9201591289076602,0.5,False
7zuv__A1_A0A2K3DY10--7zuv__D2_A0A2K3DY10,0.7843801052205297,0.5,True
2aho__A1_Q980A5--2aho__B1_Q97Z79,0.9301747603823154,0.5,False
6mni__A1_A0A2V0QX35--6mni__B1_A0A2V0QX35,0.9088854683639875,0.5,True
4kif__B1_Q643C8--4kif__A1_Q643C8,0.980516565436616,0.5,True
7vyu__A1_A0A022MLV4--7vyu__B1_A0A022MLV4,0.8981321432197186,0.5,True
3g23__A1_Q2G8F3--3g23__B1_Q2G8F3,0.9805424378363374,0.5,True
3ui3__A1_O05728--3ui3__B1_O05728,0.9024022303696914,0.5,True
8ohy__A1_Q556V8--8ohy__A2_Q556V8,0.9823156775145802,0.5,True
5zgo__A1_Q5SHW6--5zgo__B1_Q5SHW6,0.8852870182983388,0.5,True
5uph__B1_Q14108--5uph__A1_Q14108,0.7816788217852411,0.5,True
6u3w__A1_P53622--6u3w__B1_P40509,0.9358789130100094,0.5,False
2gsv__B1_P71066--2gsv__A1_P71066,0.758414554905783,0.5,True
7yh1__A1_A0A5B9DB95--7yh1__B1_A0A5B9DB95,0.931767228843542,0.5,True
6c6r__A1_Q14534--6c6r__B1_Q14534,0.9515283166003216,0.5,True
6p4o__B1_Q970I1--6p4o__A1_Q970I2,0.9138066355539366,0.5,False
2oys__A1_A0A0H2URW2--2oys__B1_A0A0H2URW2,0.9544128136659595,0.5,True
8i85__A1_D2B3F1--8i85__B1_D2B3F1,0.7747167767202354,0.5,True
2b0a__A1_Q58193--2b0a__A2_Q58193,0.9626451246507005,0.5,True
3ayh__B1_O94285--3ayh__A1_Q9C0Z9,0.8719440999058635,0.5,False
2g38__B1_Q79FE1--2g38__A1_Q7D756,0.870817942803684,0.5,False
2z6k__A1_P15927--2z6k__C1_P35244,0.8807689433092399,0.5,False
3p8b__B1_Q8TZK1--3p8b__A1_Q8U440,0.8835063772114524,0.5,False
6z68__A1_A0A1M6Y2K1--6z68__B1_A0A1M6Y2K1,0.8915837526547207,0.5,True
5yz5__A1_Q16555--5yz5__A2_Q16555,0.8862334163453907,0.5,True
6dk9__A1_A7A1Y4--6dk9__A2_A7A1Y4,0.9610911016949152,0.5,True
2p19__A1_Q8NTZ4--2p19__C1_Q8NTZ4,0.94525188997881,0.5,True
8ai1__B1_Q45595--8ai1__A1_Q45595,0.9044502166335867,0.5,True
7px0__B1_Q9VF53--7px0__A1_Q9VF53,0.9615868980345272,0.5,True
4cmz__B1_Q9BXM0--4cmz__A1_Q9BXM0,0.03699259026019372,0.5,True
8gyz__B1_Q93ZE2--8gyz__A1_Q93ZE2,0.9526755084133587,0.5,True
2ikb__A1_Q7DDI9--2ikb__C1_Q7DDI9,0.980325562396938,0.5,True
7zam__A1_Q07666--7zam__B1_Q07666,0.5496493495134664,0.5,True
3egv__A1_Q84BQ9--3egv__B1_Q5SLP6,0.8855127800891215,0.5,False
2g9w__A1_P9WMJ5--2g9w__B1_P9WMJ5,0.9241879129943189,0.5,True
2afv__A1_Q8EXP7--2afv__B1_Q8EXP7,0.9509119493932308,0.5,True
7w93__A1_A0A140N873--7w93__A2_A0A140N873,0.9756258793310782,0.5,True
1wl3__B1_Q9X1M1--1wl3__A1_Q9X1M1,0.9701866253667537,0.5,True
4kbx__A1_P45550--4kbx__A2_P45550,0.9417306533436887,0.5,True
8brn__C1_P80366--8brn__A1_P80366,0.9186213105517571,0.5,True
8h5a__A1_P67661--8h5a__B1_P67661,0.9126080032043334,0.5,True
8b4l__B1_D5SK09--8b4l__A1_D5SK09,0.9346388069748242,0.5,True
1nrj__B1_P36057--1nrj__A1_P32916,0.8911345293355079,0.5,False
4rdw__A1_Q9HU77--4rdw__A2_Q9HU77,0.953839853823593,0.5,True
7vpr__A1_Q6FX18--7vpr__B1_Q6FX18,0.9247218353631043,0.5,True
5a6k__A1_A0A0H2US73--5a6k__B1_A0A0H2US73,0.9881762865792598,0.5,True
7ucd__B1_P17535--7ucd__A1_P53539,0.841184194063888,0.5,False
1qc9__A1_P00642--1qc9__A2_P00642,0.8763805755621654,0.5,True
3ooc__A1_P77239--3ooc__B1_P77239,0.9659466905431915,0.5,True
8pm1__A1_B8GAY9--8pm1__B1_B8GAY9,0.9354539281412413,0.5,True
1vbg__A1_P11155--1vbg__A2_P11155,0.9820303001762035,0.5,True
4ovo__A1_P67954--4ovo__A2_P67954,0.8464925328732076,0.5,True
2qgs__A1_A0A0H2VIU2--2qgs__B1_A0A0H2VIU2,0.9506801591861924,0.5,True
8bol__A1_Q04609--8bol__A2_Q04609,0.9779400675701959,0.5,True
3mii__B1_Q08914--3mii__A1_Q08914,0.9140484574159967,0.5,True
3i23__A1_Q835X4--3i23__B1_Q835X4,0.8577817436626993,0.5,True
3itf__A1_P0AE85--3itf__B1_P0AE85,0.8171162759518884,0.5,True
6mw5__A1_K3WC47--6mw5__A2_K3WC47,0.9211390142565422,0.5,True
5vht__A1_P0A9J8--5vht__B1_P0A9J8,0.9857182503407825,0.5,True
6j6x__B1_P53611--6j6x__A1_Q7Z6K3,0.8905605808375431,0.5,False
4tvb__A1_O32323--4tvb__B1_O32323,0.9362506134401472,0.5,True
3jyu__A1_P35123--3jyu__B1_P35123,0.608329479044194,0.5,True
8dtc__A1_L8GT25--8dtc__B1_L8GT25,0.8435857811442538,0.5,True
8fny__A1_O00418--8fny__B1_P0DP23,0.7195944864578928,0.5,False
7v0b__A1_A0A1E7MYN1--7v0b__B1_A0A1E7MYN1,0.9624703151544985,0.5,True
2vvo__A1_P9WKD7--2vvo__B1_P9WKD7,0.8956094235345258,0.5,True
5yjh__A1_Q15063--5yjh__A2_Q15063,0.8730037596425932,0.5,True
2z5e__A1_Q9BT73--2z5e__B1_Q9BT73,0.9138502107779624,0.5066892348121248,True
1a8l__A1_Q51760--1a8l__A2_Q51760,0.988661843963455,0.5,True
8h0r__A1_Q9WVJ5--8h0r__B1_Q9WVJ5,0.21936738219937213,0.5,True
2j7j__A1_P03001--2j7j__A2_P03001,0.550477565820972,0.5,True
7zbg__A1_Q02880--7zbg__A2_Q02880,0.7789060529306004,0.5,True
1rku__A1_Q9I2Y2--1rku__B1_Q9I2Y2,0.9604155549157576,0.5,True
2wvl__A1_Q72K30--2wvl__B1_Q72K30,0.913523227191788,0.5,True
8ewa__B1_Q9HW02--8ewa__A1_Q9HW02,0.9860124526728958,0.5,True
2ft0__A1_Q8FBQ3--2ft0__B1_Q8FBQ3,0.8635850417198978,0.5,True
2r01__A1_Q8KFI1--2r01__A2_Q8KFI1,0.9170728108118893,0.5,True
8hno__A1_B6YTS4--8hno__B1_B6YTS4,0.9508972491002603,0.5,True
6x88__A1_P52731--6x88__B1_P52731,0.9547327833516124,0.5,True
2x76__A1_Q939Q9--2x76__A2_Q939Q9,0.9944831687262752,0.5,True
7x2p__A1_Q5ZWH7--7x2p__B1_Q5ZWH7,0.6682202639700279,0.5,True
2aeu__A1_Q57622--2aeu__A2_Q57622,0.9657824077621829,0.5,True
5kbg__A1_Q43965--5kbg__B1_Q43965,0.961599170455452,0.5,True
4p9g__A1_Q9REI7--4p9g__A2_Q9REI7,0.959782209846964,0.5,True
7tcv__A1_Q60932--7tcv__A2_Q60932,0.8270512418753786,0.5,True
7vkb__A1_Q5ZSZ6--7vkb__B1_Q5ZSZ7,0.8287472770785345,0.5,False
7r2p__A1_Q46877--7r2p__A2_Q46877,0.8330716541755503,0.5,True
6ggl__B1_C9K1X5--6ggl__A1_C9K1X5,0.9218312551776877,0.5,True
7yi7__A1_Q9Y251--7yi7__B1_Q9Y251,0.32776084443728076,0.5,True
7yka__B1_Q9Y3D6--7yka__A1_Q9Y3D6,0.6265892643739212,0.5,True
8jea__A1_K1QRB6--8jea__D1_K1QRB6,0.9181623637969962,0.5,True
8huc__C1_A0A0H2Z790--8huc__A1_A0A0H2Z790,0.9446952742682069,0.5,True
5mpr__A1_O15382--5mpr__A2_O15382,0.9323958887937143,0.5,True
4ooj__B1_Q5ZSK6--4ooj__A1_Q5ZSK6,0.7941648010320294,0.5,True
8a5v__A1_Q9Y617--8a5v__C1_Q9Y617,0.9616323767162982,0.5,True
3lm2__A1_A9CH74--3lm2__B1_A9CH74,0.9419472889183362,0.5,True
7zwt__A1_P41182--7zwt__A2_P41182,0.7306195379545275,0.5,True
5zwl__B1_Q8DLU1--5zwl__A1_Q8DLG7,0.8575847466822922,0.5,False
6wmz__A1_P23246--6wmz__B1_Q15233,0.5874993494716504,0.5,False
1i4m__A1_P04156--1i4m__A2_P04156,0.3013892036101979,0.5,True
2gjg__A1_Q88EQ6--2gjg__A2_Q88EQ6,0.8512291961274883,0.5,True
4ghm__A1_Q9KTK0--4ghm__B1_Q9KTK0,0.9434059416086011,0.5,True
1tve__A1_P31116--1tve__B1_P31116,0.9598089520629444,0.5,True
3onx__A1_P41697--3onx__B1_P41697,0.7651970072218642,0.5,True
8cp4__A1_Q6LXV7--8cp4__A2_Q6LXV7,0.9786777284408898,0.5,True
1ob9__A1_Q97YX6--1ob9__A2_Q97YX6,0.9586599663741353,0.5,True
7zcc__B1_P46327--7zcc__A1_P46327,0.972202053184972,0.5,True
4kwd__A1_Q9UR08--4kwd__B1_Q9UR08,0.9696373013001033,0.5,True
7wuy__A1_A0A1R3S1W7--7wuy__B1_A0A1R3S1W7,0.9309733177593956,0.5,True
5gtw__A1_I3NX86--5gtw__D1_I3NX86,0.9595175119750082,0.5,True
6loh__A1_O15033--6loh__A2_O15033,0.8899784986757903,0.5,True
3a9y__A1_Q68FT9--3a9y__B1_Q68FT9,0.9612855833594237,0.5,True
8ay6__B1_Q9CAJ0--8ay6__A1_A0A067E666,0.8655915543474915,0.5,False
8u5m__A1_Q8TF42--8u5m__F1_Q8TF42,0.9454936702871858,0.5,True
7twa__D1_F8JJ25--7twa__A1_F8JJ25,0.9910320082326266,0.5,True
8fju__B1_P34897--8fju__A1_P34897,0.8816064113513001,0.5,True
1fjj__A1_P12994--1fjj__A2_P12994,0.9005383565535299,0.5,True
8iyi__A1_Q6CVU4--8iyi__B1_Q6CVU4,0.9723788264540478,0.5,True
1uus__A1_O00910--1uus__A2_O00910,0.8123198390226105,0.5,True
1zt2__A1_Q97Z83--1zt2__C1_Q9UWW1,0.9702619115176896,0.5,False
7uex__A1_Q9H999--7uex__A2_Q9H999,0.9295818052850148,0.5,True
6jqy__A1_P9WF13--6jqy__B1_P9WF13,0.9713457076566127,0.5,True
6l6w__A1_A0A3B6UEU3--6l6w__A2_A0A3B6UEU3,0.976039422039648,0.5,True
8grj__B1_Q8GQE7--8grj__A1_A0A0H3KLY3,0.9372668191397476,0.5,False
2j0n__B1_P18013--2j0n__A1_P18013,0.5543128885630054,0.5,True
3rq1__A1_D1BN29--3rq1__C1_D1BN29,0.937754913854672,0.5,True
5ae6__B1_Q92458--5ae6__A1_Q92458,0.9049754540124166,0.5,True
7qi3__A1_W7NDP8--7qi3__C1_W7NDP8,0.9475977933652194,0.5,True
2yve__A1_Q8NMG3--2yve__B1_Q8NMG3,0.912524535324053,0.5,True
5ynx__A1_B2GM84--5ynx__B1_B2GM84,0.8421423022628365,0.5,True
2r6u__A1_Q0S814--2r6u__C1_Q0S814,0.8688027511410574,0.5,True
8b6m__A1_Q9H2K2--8b6m__B1_Q9H2K2,0.3990034740611511,0.5,True
3kc2__A1_P36151--3kc2__B1_P36151,0.9748517579008597,0.5,True
3vp5__A1_Q9CHR1--3vp5__A2_Q9CHR1,0.9548122807017544,0.5,True
7pvh__A1_B2RLE7--7pvh__B1_B2RLE7,0.7161373528249839,0.5,True
4nqf__B2_Q7CW19--4nqf__A1_Q7CW19,0.9867335263549212,0.5,True
1vjh__A1_P0C0B0--1vjh__B1_P0C0B0,0.9181429068791087,0.5,True
5xw4__B1_Q00684--5xw4__A1_Q00684,0.7127193335717915,0.5,True
8aai__A1_O00560--8aai__C1_O00560,0.6637927026509174,0.5,True
4xdl__A1_P57789--4xdl__B1_P57789,0.8825319400344087,0.5,True
6ukl__A1_P0A901--6ukl__F1_P0A901,0.24651285022649927,0.5,True
5dot__A1_P31327--5dot__B1_P31327,0.9014423227430902,0.5,True
5by4__A1_P0ABV6--5by4__A2_P0ABV6,0.9398257321835006,0.5,True
7zxs__A1_Q86TI2--7zxs__C1_Q86TI2,0.9503021694705737,0.5,True
1v6u__A1_Q7SI98--1v6u__B1_Q7SI98,0.8785786752430088,0.5,True
6e27__A1_Q9H257--6e27__B1_Q9H257,0.14363501671307943,0.5,True
7szd__A1_Q96S44--7szd__B1_Q9Y3C4,0.958411109689113,0.5,False
1h9r__A1_P0A9G8--1h9r__B1_P0A9G8,0.8704476748164165,0.5,True
3on6__A1_A7M0J6--3on6__B1_A7M0J6,0.9599809348962012,0.5,True
8fwy__A1_Q4DGA2--8fwy__B1_Q4DGA2,0.9269862268235869,0.5,True
1yu6__A1_P00780--1yu6__C1_P68390,0.9427320200050456,0.5,False
6ek1__A1_A0A452CST7--6ek1__A2_A0A452CST7,0.9546506194673376,0.5217288430039656,True
6ckj__A1_P0A0Z8--6ckj__A2_P0A0Z8,0.9764334776446003,0.5,True
1w33__A1_O50957--1w33__B1_O50957,0.4078469608596391,0.5,True
4usk__B1_H7C745--4usk__B2_H7C745,0.9171616937769917,0.5,True
6cmv__B1_Q4J9G1--6cmv__A1_Q4J9G1,0.9772737901709635,0.5,True
7y70__A1_F4KCC2--7y70__A2_F4KCC2,0.556407734228394,0.5,True
3cwx__A1_P94837--3cwx__B1_P94837,0.9026341503746965,0.5,True
3p1y__A1_O29362--3p1y__B1_O29362,0.849265643275873,0.5,True
8a8i__A1_Q9R9V9--8a8i__B1_Q9R9V9,0.9877404050430592,0.5,True
5d1l__A1_P62837--5d1l__B1_Q96BH1,0.8603098817173072,0.5,False
8og3__A1_P38489--8og3__B1_P38489,0.9482173035996032,0.5,True
4neh__A1_P20702--4neh__B1_P05107,0.8875540007030399,0.5,False
2prv__A1_O34596--2prv__B1_O34596,0.9678771831519465,0.5,True
6kvn__A1_A0A1S4CVP6--6kvn__A2_A0A1S4CVP6,0.9391186593743639,0.5,True
5tgq__A1_A0A1S4NYF7--5tgq__A2_A0A1S4NYF7,0.984145088999458,0.5,True
6b3i__A1_P27216--6b3i__B1_P27216,0.5261050421581451,0.5,True
1rqn__A1_O31156--1rqn__B1_O31156,0.9947728438593696,0.5,True
7tcr__A1_A0A2D2D5M1--7tcr__D1_A0A2D2CY73,0.9287954668411843,0.5,False
5l7z__A1_P28750--5l7z__A2_P28750,0.8520015879354601,0.5,True
7ljh__A1_Q769D3--7ljh__B2_Q769D3,0.9897686790170156,0.5,True
5frk__A1_D4I047--5frk__B1_D4I047,0.8765089923626509,0.5,True
7xmw__B1_U2Q5N5--7xmw__A1_U2Q5N5,0.3514043349768217,0.5,True
7w2o__A1_Q9HZP1--7w2o__B1_Q9HZP1,0.9857647330455246,0.5,True
7uay__A1_P08684--7uay__A2_P08684,0.9971869222942338,0.5,True
5czf__D1_A0A0H3JHG3--5czf__A1_Q8XAD5,0.763022897737667,0.5,False
2p6p__A1_Q9RPA7--2p6p__B1_Q9RPA7,0.8334879452761357,0.5,True
4u64__A1_Q5ZXA3--4u64__A2_Q5ZXA3,0.9810784332937753,0.5,True
7qbm__A1_P43235--7qbm__B1_P43235,0.3912960900897115,0.5,True
3nvm__A1_Q8U4M1--3nvm__B1_Q8U4M2,0.8967732570320309,0.5,False
3wws__A1_Q13188--3wws__D1_Q13188,0.9302806899510023,0.5,True
4c87__A1_F9UMG7--4c87__B1_F9UMG7,0.8501809779514802,0.5,True
2d7e__A1_P17888--2d7e__B1_P17888,0.4312971147970912,0.5,True
7xro__A1_Q9RQ20--7xro__B1_Q9RQ20,0.7975397507005526,0.5,True
5yrj__A1_B6F0T7--5yrj__B1_A0A2Z5V8U8,0.9769744213902091,0.5,False
6yev__C1_P0A744--6yev__A1_P0AA25,0.8967649000081902,0.5,False
8glr__A1_Q8ZJX7--8glr__A2_Q8ZJX7,0.9283939925626545,0.5,True
5fwt__A1_Q96MU8--5fwt__A2_Q96MU8,0.7801906189169181,0.5,True
4e6s__A1_Q3URR7--4e6s__A2_Q3URR7,0.792222951632941,0.5,True
8enb__B1_A7DT38--8enb__A1_A0T3A2,0.8051590441724175,0.5,False
8h4p__A1_I1S104--8h4p__B1_I1S104,0.9520909487979365,0.5,True
7yo8__A1_P60520--7yo8__A2_P60520,0.6239324747723485,0.5,True
8elf__B1_Q6DYE4--8elf__A1_Q6DYE4,0.797076485126581,0.5,True
1ax2__A1_P16404--1ax2__A2_P16404,0.9341105901237697,0.5,True
8i33__C1_A0A6Q8PFJ0--8i33__A1_A0A6Q8PFJ0,0.9109874346722965,0.5,True
3q9l__A1_P0AEZ3--3q9l__B1_P0AEZ3,0.9270409281875337,0.5,True
2yk4__A1_P72097--2yk4__A2_P72097,0.5089994984155866,0.5,True
7u5f__C1_Q9HTM2--7u5f__A1_Q9HTM2,0.9579561009149097,0.5,True
5xt3__B1_A0A0U1MUE2--5xt3__A1_A0A0U1MUE2,0.9334972290581659,0.5,True
5iws__A1_Q63GK8--5iws__A2_Q63GK8,0.9294884130668676,0.5,True
2owl__A1_P36767--2owl__B1_P36767,0.8890328937291196,0.5,True
8bca__A1_O75643--8bca__B1_Q6P2Q9,0.815369693190522,0.5,False
3mcb__B1_P20290--3mcb__A1_Q13765,0.9252826071045995,0.5,False
8gy8__A1_Q8TZT0--8gy8__B1_Q8TZT0,0.9492517762171768,0.5,True
8dkd__A1_G7CIP4--8dkd__A2_G7CIP4,0.9547412731161342,0.5,True
7dus__A1_P08965--7dus__A2_P08965,0.12525714374622143,0.5,True
8gb1__A1_Q9Y3Z3--8gb1__B1_Q9Y3Z3,0.9329701366429186,0.5,True
6ikj__A1_Q9I4L6--6ikj__B1_Q9I4L6,0.7412707417387605,0.5,True
8b2q__A1_D0EM77--8b2q__B1_G8UM88,0.7623481121315983,0.5,False
5x42__A1_Q5ZYB7--5x42__B1_Q5ZYC6,0.9074186681157517,0.5,False
1vkh__A1_Q04066--1vkh__B1_Q04066,0.9406811540979418,0.5,True
5omd__A1_Q04377--5omd__A2_Q04377,0.9136452056387426,0.5,True
2vsg__A1_P26329--2vsg__B1_P26329,0.934293027467687,0.5,True
1jql__A1_P0A988--1jql__B1_P28630,0.9876729940067266,0.5,False
1w9c__A1_O14980--1w9c__B1_O14980,0.34178294017446814,0.5,True
3upl__A1_Q2YIM3--3upl__B1_Q2YIM3,0.9714774005695991,0.5,True
3tm2__A1_Q83XN4--3tm2__B1_Q83XN4,0.8963014172139647,0.5,True
3kxa__A1_Q5F9C2--3kxa__B1_Q5F9C2,0.8629448566023891,0.5,True
7yls__B1_C5CSP6--7yls__A1_C5CSP7,0.9273122676332457,0.5,False
7psg__A1_Q6D515--7psg__B1_Q6D515,0.9149615786829205,0.5,True
8pte__A1_P00698--8pte__A2_P00698,0.7850853493482366,0.5,True
7ykc__A1_P14843--7ykc__B1_P14843,0.9655333293425918,0.5,True
3wxe__A1_E7FEV5--3wxe__B1_P0CG48,0.711339644774466,0.5,False
2vjf__A1_Q00987--2vjf__B1_O15151,0.7752803497856615,0.5,False
7pvo__A1_P56137--7pvo__A2_P56137,0.9609849637540133,0.5,True
3kkd__A1_Q9HXU1--3kkd__A2_Q9HXU1,0.9693013823060916,0.5,True
3mph__A1_P19801--3mph__B1_P19801,0.9081484815793789,0.5,True
6jc4__A1_A6TE44--6jc4__D1_A6TE44,0.9482917519141734,0.5,True
2rf4__A1_P46669--2rf4__B1_P50106,0.9273258330421066,0.5,False
4huz__A1_Q9ZBB0--4huz__A2_Q9ZBB0,0.8985220550016582,0.5,True
5gtj__B1_Q9BV47--5gtj__A1_Q9BV47,0.5109077757569047,0.5,True
2xw7__A1_A0QP85--2xw7__B1_A0QP85,0.9496871356939197,0.5,True
6l6h__A1_Q5ZZ22--6l6h__B1_Q5ZZ22,0.9577957701928168,0.5,True
8p7m__A1_P0A434--8p7m__A2_P0A434,0.9454178474942632,0.5,True
6gou__A2_P97275--6gou__C1_P97275,0.8785448544923826,0.5,True
2wwo__A1_Q66ED7--2wwo__B1_Q66ED7,0.9719668859974604,0.5,True
8i3n__A1_Q12178--8i3n__C1_Q12178,0.9363393526109476,0.5,True
1s7i__A1_Q9I3Z5--1s7i__A2_Q9I3Z5,0.8236295173601518,0.5,True
3szw__A1_B7JBP8--3szw__A2_B7JBP8,0.9592531838859585,0.5,True
2nys__A1_Q8U561--2nys__B1_Q8U561,0.9715273494269544,0.5,True
3gr5__A1_O52135--3gr5__A2_O52135,0.759990389621512,0.5,True
3ded__A1_Q7P1I2--3ded__B1_Q7P1I2,0.7438555389506403,0.5,True
5b5x__A1_Q75NZ1--5b5x__A2_Q75NZ1,0.52639048741794,0.5,True
7qga__A1_P21589--7qga__A2_P21589,0.9817103811395396,0.5,True
3sd2__A1_Q8A1T7--3sd2__A2_Q8A1T7,0.6087390765891129,0.5,True
8ow9__A1_G8UQH9--8ow9__B1_G8UQH9,0.9498730502644703,0.5,True
3bcw__B1_A0A0H3LK92--3bcw__A1_A0A0H3LK92,0.907306155579898,0.5,True
6duy__A1_Q61301--6duy__B2_Q61301,0.6014403212993109,0.5,True
5zyf__A1_Q99ZW0--5zyf__B1_Q99ZW0,0.8144706238201028,0.5,True
2b7o__A1_O53512--2b7o__B1_O53512,0.9686139634778759,0.5,True
1v57__A1_P77202--1v57__A2_P77202,0.9559025134011989,0.5,True
7cov__A1_Q06801--7cov__A2_Q06801,0.8987263434592572,0.5,True
6ign__A1_Q61768--6ign__A2_Q61768,0.9343954801015317,0.5,True
3be5__A1_Q8XBR1--3be5__B1_Q8XBR1,0.9086811052768171,0.5,True
4hn3__B1_Q8Y6D1--4hn3__A1_Q8Y6D1,0.9192161208767576,0.5,True
4o8y__A1_Q08723--4o8y__B1_P43588,0.8951290322228437,0.5,False
7uoi__A1_A0A1S8KJG1--7uoi__A2_A0A1S8KJG1,0.9599364190213426,0.5,True
7vma__A1_C5A758--7vma__A2_C5A758,0.98673885899476,0.5,True
7d9m__A1_A0A4D6NYT7--7d9m__B2_A0A4D6NYT7,0.8805590548976793,0.5,True
2py8__C1_Q55670--2py8__B1_Q55670,0.861887811076821,0.5,True
7ytl__A1_E1BR24--7ytl__A2_E1BR24,0.8606984153965469,0.5,True
7vxt__A1_Q63W52--7vxt__B1_Q63W52,0.6195347273276458,0.5,True
5cv3__A1_E3M3V1--5cv3__A2_E3M3V1,0.7549294426680624,0.5,True
8c9v__A1_Q1JXV1--8c9v__A2_Q1JXV1,0.9831900782914742,0.5,True
3tsn__A1_Q9PN58--3tsn__B1_Q9PN58,0.9575378410223874,0.5,True
8j51__A1_A0A0E9MUN5--8j51__B1_A0A0E9MUN5,0.921986234508253,0.5,True
6cz9__A1_Q7WTU0--6cz9__B1_Q7WTT9,0.9157067067142295,0.5,False
8pzo__A1_F9UT68--8pzo__A2_F9UT68,0.939518286498917,0.5,True
3tqg__B1_Q83DG4--3tqg__A1_Q83DG4,0.9389587639658226,0.5,True
7czg__C1_Q8TDY2--7czg__A1_Q8TDY2,0.7387844076596768,0.5,True
7eev__B1_A0A3D9R4E8--7eev__A1_A0A3D9R4E8,0.8838179622052331,0.5,True
8ori__A1_Q2KB35--8ori__B1_Q2KB35,0.8963529844890767,0.5,True
7o6z__A1_A0A7R8L7W4--7o6z__B1_A0A7R8L7W4,0.9800897444707335,0.5,True
8pmr__A1_Q4WL81--8pmr__B1_Q4WL81,0.7191967464445028,0.5,True
7u34__A1_Q4X1J1--7u34__A2_Q4X1J1,0.9500109463143322,0.5,True
3fmy__A1_Q46864--3fmy__A2_Q46864,0.953237572415604,0.5,True
7f0o__B1_A0A2I1C3W8--7f0o__A1_A0A2I1C3W8,0.9422760966241142,0.5,True
3ojm__B1_P21802--3ojm__A1_P05230,0.6652678971709021,0.5,False
6xgz__A1_P63386--6xgz__B1_P64602,0.9334096783670652,0.5,False
7x2y__A1_A0A076PYH9--7x2y__B1_A0A076PYH9,0.9878271354348003,0.5,True
5i4h__B1_P07711--5i4h__A1_P07711,0.3022321721510915,0.5,True
4e6h__A1_Q6CII8--4e6h__A2_Q6CII8,0.9551833117004356,0.5,True
6x7p__A1_Q8GGP1--6x7p__A2_Q8GGP1,0.9282744298415582,0.5,True
3exq__A1_Q03S37--3exq__A2_Q03S37,0.9300890823474519,0.5,True
2qvc__A1_Q9WXW9--2qvc__B2_Q9WXW9,0.9861541370472091,0.5,True
6yoa__A1_O82015--6yoa__B1_O82015,0.9376729449040663,0.5,True
7qnm__A1_G0L7V6--7qnm__B1_G0L7V6,0.9866158531967597,0.5,True
3p8v__A1_Q9V228--3p8v__B1_Q9V228,0.9721568404192653,0.5,True
4re1__A1_P28347--4re1__D1_P46937,0.4559130329236434,0.5,False
8iw5__A1_Q8C8U0--8iw5__B1_Q8C8U0,0.9046118011946634,0.5,True
7sq2__B1_Q01970--7sq2__A1_P21279,0.8593730247099859,0.5,False
4lqx__B1_Q97VD2--4lqx__A1_Q97VD2,0.9820735300191362,0.5,True
3owf__A1_P00644--3owf__A2_P00644,0.5000567819903776,0.5,True
2dpl__A1_O59072--2dpl__B1_O59072,0.9679617314902618,0.5,True
4ap5__A1_Q9Y2G5--4ap5__B1_Q9Y2G5,0.8832537126133717,0.5,True
8evy__A1_Q9LCT6--8evy__A2_Q9LCT6,0.9961881909698524,0.5,True
5npo__A1_P62593--5npo__B1_D3INY1,0.8250901094598326,0.5,False
5uhs__A1_B0SR19--5uhs__B1_B0SR19,0.807668952885314,0.5,True
4hsl__A1_Q1LCS4--4hsl__A2_Q1LCS4,0.9667596207473508,0.5,True
8b3s__A1_O31597--8b3s__B1_A0A164W157,0.9415282749156899,0.5,False
5euv__A1_D1LZK0--5euv__B1_D1LZK0,0.9128513704562016,0.5,True
7tmg__A1_A0A0H3GLR2--7tmg__B1_A0A0H3GLR2,0.9671558181782872,0.5,True
7tgn__B1_A0A1Q5L7T0--7tgn__A1_A0A1Q5L7T0,0.9841278849146485,0.5,True
4fz2__A1_C7DIA5--4fz2__B1_C7DIA5,0.9348768566982055,0.5,True
6j2l__A1_P37793--6j2l__B1_P37793,0.9150400877198591,0.5,True
5grk__A1_Q89XR0--5grk__B1_Q89XR0,0.9595415603226582,0.5,True
3qxs__A1_O24872--3qxs__A2_O24872,0.9517471648239095,0.5,True
8q3y__A1_E8URK0--8q3y__B1_E8URK0,0.980534505720374,0.5,True
1pyb__A1_O66738--1pyb__B1_O66738,0.8984084751396021,0.5,True
7yto__A1_Q9RHU9--7yto__B1_Q9RHU9,0.9492850762045236,0.5,True
5vae__A1_Q9AET9--5vae__B1_Q9AET7,0.8842848316227537,0.5,False
1zrs__A1_Q9HTZ1--1zrs__B1_Q9HTZ1,0.9737393117000371,0.5,True
2cg5__A1_Q9NRN7--2cg5__B1_P49327,0.8448211543781535,0.5,False
4yk8__B1_O36019--4yk8__A1_O13978,0.5965077274858155,0.5,False
2iml__A1_O28442--2iml__C1_O28442,0.9124791875066975,0.5,True
6iru__A1_Q9RVF9--6iru__A2_Q9RVF9,0.9885419364515451,0.5,True
4x36__A1_P06653--4x36__A2_P06653,0.9937089838224953,0.5,True
8iev__A1_Q0PAW2--8iev__B1_Q0PAW2,0.9332097531207653,0.5,True
3cyg__A1_A7HM60--3cyg__B1_A7HM60,0.6953661202185792,0.5,True
5kvr__A1_P0ACL9--5kvr__A2_P0ACL9,0.9241126212719858,0.5,True
1na8__A1_Q9UJY5--1na8__B1_Q9UJY5,0.7203489180866931,0.5,True
5fis__A1_H9IUR0--5fis__B1_H9IUR0,0.9147001241589504,0.5,True
5yo8__A1_A0A094YZ24--5yo8__B1_A0A094YZ24,0.9856627456802839,0.5,True
7z6m__A1_A0A0H3LM39--7z6m__A2_A0A0H3LM39,0.9468585747463635,0.5,True
2yxd__A1_Q57836--2yxd__B1_Q57836,0.9290249245788935,0.5,True
1aua__A1_P24280--1aua__A2_P24280,0.9907026735688949,0.5,True
7zw3__A1_P27338--7zw3__B1_P27338,0.8948389411124192,0.5,True
5xjx__I1_C0LGW6--5xjx__A1_Q9SSD1,0.513956990903134,0.5,False
7xub__A1_Q96KQ7--7xub__B1_Q96KQ7,0.6967209394192949,0.5,True
5xlu__A1_Q65KZ6--5xlu__B1_A9YTT0,0.38446698604368723,0.5,False
8smq__A1_Q182N1--8smq__B1_Q182N1,0.3441407651140387,0.5,True
8eni__A1_A0A0H3JRH8--8eni__A2_A0A0H3JRH8,0.9694663444016037,0.5,True
1q77__A1_O66565--1q77__B1_O66565,0.9539924754094493,0.5,True
6nbp__A1_A0A4P1LYI6--6nbp__A2_A0A4P1LYI6,0.9837405470702123,0.5,True
4wu2__A1_Q7WUJ1--4wu2__B1_Q7WUJ1,0.9097313788896687,0.5,True
2nvn__A1_Q31MH7--2nvn__A2_Q31MH7,0.8876922994610444,0.5,True
3zyh__A1_Q05097--3zyh__B1_Q05097,0.962410693535449,0.5,True
8a21__A1_A0QJI1--8a21__A2_A0QJI1,0.9739424127952896,0.5,True
8ho2__A1_A0A191T7N6--8ho2__B1_A0A191T7N6,0.8234681351237472,0.5,True
2j8q__A1_O43809--2j8q__B1_O43809,0.8037306382771446,0.5,True
1cx8__A1_P02786--1cx8__B1_P02786,0.9342796915827475,0.5,True
5zfk__A1_Q31LX1--5zfk__B1_Q31LX1,0.9590163307316314,0.5,True
2qti__A1_Q8EF26--2qti__A2_Q8EF26,0.8693034702507764,0.5,True
5djo__B1_Q9EQW7--5djo__A1_Q9EQW7,0.4172323896261719,0.5,True
1kve__B1_P19972--1kve__A1_P19972,0.3521873144069563,0.5,True
4kjq__A1_P37019--4kjq__B1_P37019,0.9205815240975445,0.5,True
8qyw__A1_Q9NVS9--8qyw__A2_Q9NVS9,0.8412226765011989,0.5,True
7t1e__A1_P78556--7t1e__B1_P78556,0.7925558562708741,0.5,True
2ev4__A1_P9WMU9--2ev4__B1_P9WMU9,0.9740762896317863,0.5,True
4m1j__A1_Q9I194--4m1j__B1_Q9I194,0.3512251460173842,0.5,True
8bj3__A1_A0A072U7F9--8bj3__B1_A0A072U7F9,0.9462979762006721,0.5,True
5fcl__A1_Q6D0X0--5fcl__B1_Q6D0X0,0.9486948111996751,0.5,True
2evr__A1_B2J9B4--2evr__A2_B2J9B4,0.7692836688683481,0.5,True
4ftw__A1_Q3J2V1--4ftw__A2_Q3J2V1,0.8606686919736767,0.5,True
2q6q__B1_P36094--2q6q__A1_P36094,0.9308779284475814,0.5,True
8hx8__A1_Q6L8Q5--8hx8__B1_Q6L8Q5,0.9586261337016748,0.5,True
7zgn__A1_U6RE59--7zgn__B1_U6RE59,0.9466138455727178,0.5,True
7fiw__A1_B3CP63--7fiw__B1_Q73HD5,0.7301591944532544,0.5,False
4xd9__A1_C8VMF9--4xd9__B1_Q5B6T5,0.8518355755486391,0.5,False
3dme__A1_Q7VU70--3dme__B1_Q7VU70,0.8686821947919302,0.5,True
8d0m__A1_P28907--8d0m__A2_P28907,0.6189371998132172,0.5,True
2w6a__A1_Q9Z272--2w6a__B1_Q9Z272,0.9279253556749247,0.5,True
6oje__B1_Q5S007--6oje__A1_Q5S007,0.1756763865756032,0.5,True
7mu0__A1_P9WQK3--7mu0__B1_P9WQK3,0.2732904078700861,0.5,True
4az3__A1_P10619--4az3__B1_P10619,0.40086177675144874,0.5,True
7ug8__B1_Q0I6F8--7ug8__A1_Q0I6F8,0.9104549848828134,0.5,True
6mxv__B1_Q5NFU2--6mxv__A1_Q5NFU2,0.7494265422515275,0.5,True
8ug3__B1_P50053--8ug3__A1_P50053,0.9763892233877016,0.5,True
4atm__A1_P49418--4atm__A2_P49418,0.8851519357230371,0.5,True
7x6f__B1_P0AD45--7x6f__A1_P0AD45,0.9878326408578374,0.5,True
5n0s__B1_A0A2R2JFI5--5n0s__A1_A0A2R2JFI5,0.8544140038855473,0.5,True
6m9g__A1_Q5D6Y4--6m9g__B2_Q5D6Y4,0.9769333767915502,0.5,True
7zvz__A1_G1UBD5--7zvz__B1_G1UBD5,0.82215377515488,0.5,True
3b5m__B1_Q7UTD8--3b5m__A1_Q7UTD8,0.8989099339054947,0.5,True
6v0a__B1_B3E641--6v0a__A1_B3E641,0.9589759534092932,0.5,True
3bpj__C1_O75822--3bpj__A1_O75822,0.8961140330401782,0.5,True
7y51__A1_Q8RBF4--7y51__A2_Q8RBF4,0.5856368688609912,0.5,True
6zef__A1_P62136--6zef__C1_Q9C0D0,0.6601037062458083,0.5,False
6u11__A1_A0A1L8HDP6--6u11__A2_A0A1L8HDP6,0.9399045736657561,0.5,True
8i5w__A1_Q8BZN6--8i5w__B1_P63000,0.7972920996661516,0.5,False
3rv1__B1_A7TR32--3rv1__A1_A7TR32,0.9050271805017879,0.5,True
4k3z__A1_Q8YCV0--4k3z__A2_Q8YCV0,0.9420588092476552,0.5,True
5v5t__A1_Q830T5--5v5t__D1_Q830T5,0.8109963538019718,0.5,True
6fp5__B1_Q960Q9--6fp5__A1_Q960Q9,0.8731511565216847,0.5,True
3isx__A1_Q9X0E0--3isx__A2_Q9X0E0,0.9184558303798878,0.5,True
2vkj__A1_Q9X1W9--2vkj__B1_Q9X1W9,0.9271301632063649,0.5,True
5csr__D1_Q9HLB6--5csr__A1_Q9HLB6,0.9871978608203393,0.5,True
1iq8__A1_O58843--1iq8__B1_O58843,0.8285176437142507,0.5,True
3tbm__A1_Q8XVB9--3tbm__B1_Q8XVB9,0.9292225501550415,0.5,True
7tur__B1_P00503--7tur__A1_P00503,0.951939239931873,0.5,True
3vol__A1_Q9I6V6--3vol__A2_Q9I6V6,0.7268318882218516,0.5,True
3jqz__A1_P02768--3jqz__B1_P02768,0.916714939189607,0.5,True
1vkd__A1_Q9X0V2--1vkd__B1_Q9X0V2,0.9212416069823899,0.5,True
8b31__B1_A0A2W4LV58--8b31__A1_A0A2W4LV58,0.9694952685340111,0.5,True
7bzk__A1_Q9SJ89--7bzk__B1_Q6NPF9,0.7608005348874342,0.5,False
3cgh__A1_Q8A0N7--3cgh__A2_Q8A0N7,0.9627293307001266,0.5,True
5vlb__A1_G7IKX3--5vlb__B1_G7IKX3,0.8330036081947628,0.5,True
2oer__B1_Q9I3U1--2oer__A1_Q9I3U1,0.9941013991367265,0.5,True
2ylz__A1_Q47PU3--2ylz__A2_Q47PU3,0.7761686519281745,0.5,True
8bjp__B1_A0A1W6VSR4--8bjp__A1_A0A1W6VSR4,0.9011739601398974,0.5,True
6kcx__A1_Q9WZL1--6kcx__A2_Q9WZL1,0.9788384956329836,0.5,True
4q69__A1_Q8A5I0--4q69__B1_Q8A5I0,0.9631896264556011,0.5,True
7xmj__C1_A9QSE8--7xmj__A1_A9QSE8,0.94599158994156,0.5,True
1pix__A1_Q06700--1pix__B1_Q06700,0.9441753337908262,0.5,True
3l8i__B1_Q9BUL8--3l8i__A1_Q9BUL8,0.8722066254687315,0.5,True
6l2u__A1_Q27RN2--6l2u__B1_Q27RN2,0.21105869320707693,0.5,True
6sl2__A1_C4LWU6--6sl2__A2_C4LWU6,0.9087332247585093,0.5,True
1u6z__B1_P0AFL6--1u6z__A1_P0AFL6,0.9586047919416929,0.5,True
3pm9__A1_Q6NAV4--3pm9__B1_Q6NAV4,0.8801171023470883,0.5,True
3a5y__B1_P0A8N7--3a5y__A1_P0A8N7,0.95861354749196,0.5,True
6bn1__B1_Q9VCR6--6bn1__A1_Q8T0S6,0.6137942972590487,0.5,False
8ji6__A1_A0A861B387--8ji6__B1_A0A861B387,0.983355129368127,0.5,True
2pjs__A1_A9CIG0--2pjs__B1_A9CIG0,0.9354107662850532,0.5,True
8ke8__A1_Q9HXS0--8ke8__B1_Q9HXS0,0.9491426165692003,0.5,True
3h7l__A1_Q87LX4--3h7l__A2_Q87LX4,0.9747546256843321,0.5,True
7zs8__A1_A0A1D3HIT0--7zs8__B1_A0A1D3HIT0,0.8233661493492176,0.5,True
2vc4__A1_P02879--2vc4__A2_P02879,0.4310642355039914,0.5,True
1xe8__B1_Q03629--1xe8__A1_Q03629,0.9811311103395253,0.5,True
7tn6__A1_Q84Y01--7tn6__A2_Q84Y01,0.9507331599123767,0.5,True
7yo6__A1_G8GLP2--7yo6__A2_G8GLP2,0.9544071811615689,0.5,True
8k76__A1_Q8R6D8--8k76__B1_Q8R6D8,0.9889113715701395,0.5,True
1vgx__B1_Q9RRU8--1vgx__A1_Q9RRU8,0.9029538734279787,0.5,True
3cet__B1_Q6M145--3cet__A1_Q6M145,0.9648055700948497,0.5,True
4zlh__B1_P0AB60--4zlh__A1_P0AB60,0.7766073615388684,0.5,True
2y84__A1_Q7WT50--2y84__E1_Q7WT50,0.9341126229924268,0.5,True
4me9__A1_Q736B0--4me9__B1_Q736B0,0.9429051180468816,0.5,True
2z51__A1_Q93W20--2z51__A2_Q93W20,0.6534083076364956,0.5,True
8ajq__A1_Q9I0C0--8ajq__B1_Q9I0C0,0.9032922172725576,0.5,True
3gdm__A1_P03962--3gdm__B1_P03962,0.9855080578040081,0.5,True
7yfj__A2_Q15007--7yfj__B1_Q15007,0.9140733456613959,0.5,True
2rkl__F1_Q06263--2rkl__E1_Q06263,0.9964737982947776,0.5,True
8cwp__A1_Q06282--8cwp__A2_Q06282,0.945442650402887,0.5,True
5j1l__B1_O26069--5j1l__A1_O26068,0.7600938606062645,0.5,False
6j26__A1_Q5JIZ3--6j26__B1_Q5JIZ3,0.959162945377724,0.5,True
6jqv__A1_Q8LC68--6jqv__B1_Q8LC68,0.980752747901346,0.5,True
2ns9__A1_Q9Y9R3--2ns9__B1_Q9Y9R3,0.8327498567050045,0.5,True
5l8s__A1_E1VFE0--5l8s__C1_E1VFE0,0.9845359302300263,0.5,True
6zrw__A1_B3VS76--6zrw__B1_B3VS76,0.8790852020738333,0.5,True
5fcn__B1_Q66GS9--5fcn__A1_Q66GS9,0.9479634010537876,0.5,True
7vl1__A1_I0AIT9--7vl1__B1_I0AIT9,0.9752366410863766,0.5,True
2rek__B2_Q9ADD9--2rek__A1_Q9ADD9,0.9642305298907311,0.5,True
2zrt__A1_O75340--2zrt__B1_O75340,0.8992578999256458,0.5,True
2f1m__A1_P0AE06--2f1m__B1_P0AE06,0.7322459850742333,0.5,True
3t5t__B1_Q15JG1--3t5t__A1_Q15JG1,0.9457014427355388,0.5,True
4z9r__B1_Q8EGK4--4z9r__A1_Q8EGK4,0.9375144851744507,0.5,True
2oze__A1_Q57280--2oze__A2_Q57280,0.9604304500473378,0.5,True
1x6m__A1_Q51669--1x6m__D1_Q51669,0.8761687274663054,0.5,True
4pfc__A1_P14735--4pfc__B1_P14735,0.9607857229651372,0.5,True
6byi__A1_Q8PI23--6byi__B1_Q8PI23,0.8951175260095061,0.5,True
3aaa__A1_P13127--3aaa__B1_P14315,0.9282418867376466,0.5,False
1xgm__A1_P56218--1xgm__B1_P56218,0.9673170688557073,0.5,True
5mrv__A1_Q8IVL8--5mrv__C1_P86912,0.856402866716276,0.5,False
1vhq__A1_P0ABU5--1vhq__B1_P0ABU5,0.9773647582264025,0.5,True
2pqv__B1_A0A0H2UMZ7--2pqv__A1_A0A0H2UMZ7,0.9491842839315863,0.5,True
8pq4__A1_P69782--8pq4__A2_P69782,0.9298550385784428,0.5,True
8a14__A1_A0A0D1E4Q7--8a14__C2_A0A0D1E4Q7,0.8141347953032534,0.5,True
1dtd__A1_P48052--1dtd__B1_P81511,0.8105226822484142,0.5,False
3c6n__B1_Q570C0--3c6n__A1_Q39255,0.9202647996908102,0.5,False
3ctz__A1_Q9NQW7--3ctz__A2_Q9NQW7,0.9880467695145405,0.5,True
1wab__A1_Q29460--1wab__A2_Q29460,0.9030832999036018,0.5,True
1zl5__A1_Q00496--1zl5__B1_Q00496,0.7504951807471432,0.5,True
5dbj__A1_Q4KCZ0--5dbj__A2_Q4KCZ0,0.9912858454662615,0.5,True
7qsq__B1_Q9X053--7qsq__A1_Q9X053,0.5130710448333724,0.5,True
7duc__B1_Q2G2U4--7duc__A1_Q2G2U4,0.8287362735973276,0.5,True
2cdu__A1_Q9F1X5--2cdu__B1_Q9F1X5,0.9803788575042254,0.5,True
8g0f__A1_Q6NK15--8g0f__B1_Q6NK15,0.7353593733198994,0.5,True
8a45__B1_B7V7R4--8a45__A1_B7V7R4,0.8590399417992379,0.5,True
6no3__A1_B3FHP0--6no3__B1_B3FHP0,0.816668632744254,0.5,True
3g7p__A1_B7JA91--3g7p__A2_B7JA91,0.9426808421930373,0.5,True
8khq__A1_A0A1I5R890--8khq__C1_A0A1I5R890,0.9418253099264583,0.5,True
7owz__B1_Q9JMA2--7owz__A1_B8ZXI1,0.9081031628386598,0.5,False
6dk7__D1_Q9HUV7--6dk7__A1_Q9HUV7,0.9513979820219848,0.5,True
5t3v__B1_Q9Y2C4--5t3v__A1_Q9Y2C4,0.8672216013520673,0.5,True
8f2l__A1_P9WJY9--8f2l__B1_P9WJY9,0.9234898806156031,0.5,True
8h1l__B1_A0A7U4E834--8h1l__A1_A0A7U4E834,0.8929730814725725,0.5,True
1nye__A1_P0C0L2--1nye__B1_P0C0L2,0.7850867291587019,0.5,True
2ou6__A1_Q9RVG4--2ou6__A2_Q9RVG4,0.957209649122807,0.5,True
6hp3__A1_O31927--6hp3__B1_O31927,0.9078128419847575,0.5,True
8hs0__A1_Q9LIR4--8hs0__A2_Q9LIR4,0.9383379828995271,0.5,True
6gz1__A1_P10151--6gz1__A2_P10151,0.8956768718690402,0.5,True
8pbu__A1_P27708--8pbu__A2_P27708,0.9431118804110319,0.5,True
7p0h__A1_O26008--7p0h__C1_O26008,0.814129451435151,0.5,True
5b3g__B1_Q9SZF7--5b3g__A1_Q9M384,0.7246183859828473,0.5,False
7vzy__B1_Q84G19--7vzy__A1_Q84G19,0.951274100818993,0.5,True
2q3t__A1_Q9LUJ3--2q3t__A2_Q9LUJ3,0.9022038134296126,0.5,True
7pt0__A1_Q9KYU4--7pt0__B1_Q9KYU4,0.9448524762136782,0.5,True
6m09__B1_Q8LDU1--6m09__A1_Q8LDU1,0.8662370124298614,0.5,True
7uxs__B1_J8G6Z1--7uxs__A1_J8G6Z1,0.9667492570302814,0.5,True
2q03__A1_Q12ML0--2q03__B1_Q12ML0,0.8869783262066312,0.5,True
6kcp__B1_Q9VAA9--6kcp__A1_Q9VAA9,0.2990882962447493,0.5,True
6sj4__B1_A0A022MQ12--6sj4__A1_A0A022MQ12,0.9143771122209686,0.5,True
5cyy__A1_P9WG63--5cyy__B1_P9WG63,0.6710293466077751,0.5,True
3tj3__A1_P52294--3tj3__B1_Q9UKX7,0.5795013897699648,0.5,False
3i32__A1_Q72GF3--3i32__A2_Q72GF3,0.976309332916687,0.5,True
1jk9__B1_P40202--1jk9__A1_P00445,0.9286448899208597,0.5,False
4e4w__A1_P38920--4e4w__B1_P14242,0.9066109681807343,0.5,False
5yw5__A1_Q5NII9--5yw5__D1_Q5NII9,0.9157164089881753,0.5156086221297782,True
3ab8__A1_Q5SLE3--3ab8__B1_Q5SLE3,0.8098115813448654,0.5,True
3mxt__A1_Q9PIK2--3mxt__A2_Q9PIK2,0.9433357144655355,0.5,True
1wr8__B1_O50129--1wr8__A1_O50129,0.9898617080411232,0.5,True
7war__B1_A0A1B6PFV1--7war__A1_A0A1B6PFV1,0.940964944743153,0.5,True
7fn1__B1_P32357--7fn1__A1_P33334,0.6078904266310217,0.5,False
7xl7__A1_A0A2J0R8J6--7xl7__B1_A0A2J0R8J6,0.7461655463868699,0.5,True
8vc5__A1_Q9XCL6--8vc5__B1_Q9XCL6,0.9749685225046462,0.5,True
5jfz__A1_P20605--5jfz__B1_P0ADX5,0.8158985496754264,0.5,False
5g37__B1_P10565--5g37__A1_P06575,0.7992773148957177,0.5,False
2gjx__A1_P06865--2gjx__B1_P07686,0.9079092520887793,0.5,False
3aqb__B1_O66129--3aqb__A1_O66127,0.9219954261057175,0.5,False
8q1a__A1_Q16790--8q1a__C2_Q16790,0.800352433389076,0.5,True
5ez1__B1_P56112--5ez1__A1_P56112,0.8926381804268928,0.5,True
3lwd__A1_Q1QTX1--3lwd__A2_Q1QTX1,0.9789131495374863,0.5,True
8dye__A1_P31040--8dye__B1_Q5VUM1,0.48494477967743144,0.5,False
2ch6__A1_Q9UJ70--2ch6__D1_Q9UJ70,0.9427556417737933,0.5,True
3gpn__A1_P15873--3gpn__A2_P15873,0.8248211620211492,0.5,True
7th0__A1_P31667--7th0__A2_P31667,0.8068703845992936,0.5,True
3k1i__D1_O25709--3k1i__A1_O25448,0.6856547828304762,0.5,False
1vbi__A1_Q53W84--1vbi__A2_Q53W84,0.9615805502483367,0.5,True
2oqb__A1_Q4AE70--2oqb__B1_Q4AE70,0.6764969803303719,0.5,True
6saz__B1_Q9UGM5--6saz__A1_P07584,0.5874047395343982,0.5,False
6l9x__A1_F6VRB7--6l9x__A2_F6VRB7,0.7532232159643327,0.5,True
3ica__B1_Q7MXR4--3ica__A1_Q7MXR4,0.9726853578120884,0.5,True
6o15__A1_P39353--6o15__B1_P39353,0.9111095972249907,0.5,True
2ohc__A1_Q9HIY5--2ohc__B1_Q9HIY5,0.9244283251085081,0.5,True
8qfo__A1_A0A840P3H4--8qfo__B1_A0A840P3H4,0.9201970947138063,0.5,True
5zmy__A1_F1LJ99--5zmy__B1_F1LJ99,0.9466640184054158,0.5,True
6tx3__B1_Q9NWY4--6tx3__A1_Q9UGN5,0.8886421427449064,0.5,False
4tx5__A1_Q9NR28--4tx5__B1_Q9NR28,0.9124373696205953,0.5,True
7wnk__B1_A0A1E5TT85--7wnk__A1_A0A1E5TT85,0.9895153093474248,0.5,True
2fn0__B1_Q9X9I8--2fn0__A1_Q9X9I8,0.9958049756893097,0.5,True
5x89__A1_Q8TGZ7--5x89__A2_Q8TGZ7,0.8777658236745915,0.5,True
2j0t__A1_P03956--2j0t__D1_P01033,0.3232544935983438,0.5,False
2i9i__A1_O25234--2i9i__A2_O25234,0.7597198585453779,0.5,True
3rtr__G1_Q13616--3rtr__H1_P62877,0.956996863107827,0.5,False
7lq2__A1_A0A023X3Z4--7lq2__B1_A0A023X3Z4,0.8516496250682205,0.5,True
6aht__A1_A1BZ87--6aht__B1_A1BYM8,0.9562231261507942,0.5,False
8czp__A1_A0A0D5ZBI4--8czp__B1_A0A0D5ZBI4,0.9302319211390632,0.5,True
4ro3__A1_M1RHE3--4ro3__B1_M1RHE3,0.8428366007137443,0.5,True
1c0n__A1_P77444--1c0n__A2_P77444,0.9463807027252287,0.5,True
7tq0__A1_P00459--7tq0__A2_P00459,0.9698134601672919,0.5,True
1o4w__A1_O29664--1o4w__A2_O29664,0.5670460477119591,0.5,True
4jzp__A1_P51572--4jzp__B1_P51572,0.9709963349774022,0.5,True
2or2__A1_P08954--2or2__B1_P08954,0.9855367711123965,0.5,True
5xdf__B1_Q5SL04--5xdf__A1_Q5SL04,0.9034981607843449,0.5,True
6kr4__A1_P10586--6kr4__E1_P60469,0.70635243473055,0.5,False
1itv__A1_P14780--1itv__B1_P14780,0.859085395153938,0.5,True
2qgi__A1_P05449--2qgi__B1_P05449,0.9217350184701564,0.5,True
1a19__A1_P11540--1a19__B1_P11540,0.9071400558440121,0.5,True
8a9x__A1_P15752--8a9x__C1_P15752,0.882262386834826,0.5,True
8e9e__B1_Q02293--8e9e__A1_Q04631,0.8161452451199301,0.5,False
2h4c__A1_Q7T2R1--2h4c__B1_Q7T3T5,0.8016367140527452,0.5,False
2bdt__A1_Q9K6P2--2bdt__A2_Q9K6P2,0.9468251657621825,0.5079365079365079,True
5vbn__A1_P56282--5vbn__B1_Q07864,0.9469477442397745,0.5,False
8gt0__A1_Q8I6U4--8gt0__B1_P01040,0.5958262535426027,0.5,False
5lrr__A1_P22262--5lrr__B1_P22262,0.9709424627214018,0.5,True
4y7i__A1_Q96EF0--4y7i__B1_Q96EF0,0.8999592197713115,0.5,True
1who__A1_P43214--1who__A2_P43214,0.7979303932053478,0.5,True
4g10__A1_Q9WXJ9--4g10__A2_Q9WXJ9,0.9684827312663383,0.5,True
8q4k__A1_O51180--8q4k__B1_O51180,0.5355605695937309,0.5,True
7rzb__A1_A0A229LVN5--7rzb__A2_A0A229LVN5,0.949826936829559,0.5,True
7toc__A1_A0A2H0ZMH9--7toc__B1_A0A2H0ZMH9,0.8819676937581362,0.5,True
7ula__B1_Q88ND0--7ula__A1_Q88NC7,0.9224526250388321,0.5,False
8bes__A1_A0A856TAI5--8bes__B1_A0A856TAI5,0.8913794622218363,0.5,True
7wjt__B1_Q8BZB3--7wjt__A1_Q8BZB3,0.7913076471650975,0.5,True
6j9n__A1_X5EPV9--6j9n__B1_A0A425B395,0.6839162432486616,0.5,False
1kll__A1_O05205--1kll__A2_O05205,0.9503777565111804,0.5169728027660297,True
7xky__A1_Q58690--7xky__B1_Q58034,0.9307877896973425,0.5,False
4p04__A1_A0A0D6H805--4p04__B1_A0A0D6H805,0.8630566651002506,0.5,True
1txz__A1_Q04299--1txz__A2_Q04299,0.9749487123233812,0.5,True
4af5__A1_Q8NQ97--4af5__A2_Q8NQ97,0.8332407681424396,0.5,True
8af9__A1_Q2YPZ9--8af9__H1_Q2YPZ9,0.9334797193065374,0.5,True
8gm9__D1_P9WPD3--8gm9__A1_P9WPD3,0.9180143960827938,0.5,True
7wsx__A1_D9PYV4--7wsx__B1_D9PYV4,0.9657515408122876,0.5,True
4g86__A1_Q79PF6--4g86__B1_Q79PF6,0.8675526310101563,0.5,True
3bq3__A1_Q12395--3bq3__A2_Q12395,0.8376177475516221,0.5,True
7eva__A1_P31490--7eva__A2_P31490,0.9500868697591721,0.5,True
8r7d__B1_G5EI71--8r7d__A1_Q8LJL3,0.5096358883858361,0.5,False
7pwy__A1_Q8TDX5--7pwy__B1_Q8TDX5,0.9847646270933863,0.5,True
3ut4__A1_A3DJ21--3ut4__B1_A3DJ21,0.9313359023337877,0.5,True
3ucy__A1_P0DP23--3ucy__A2_P0DP23,0.7790016668919223,0.5,True
8eei__B1_A0A807MR40--8eei__A1_A0A807MR40,0.995383407979809,0.5,True
8bp5__B1_A0A369SI82--8bp5__A1_A0A369SI82,0.6394242729272547,0.5,True
3l34__B1_Q9HT87--3l34__A1_Q9HT87,0.4715198713268691,0.5,True
8god__A1_Q9UM07--8god__A2_Q9UM07,0.9461052541662027,0.5,True
1h9g__A1_P0A8V6--1h9g__A2_P0A8V6,0.9838442808262382,0.5,True
7qg6__D1_Q9HAU5--7qg6__C1_Q9H1J1,0.619376439660085,0.5,False
8sz3__B2_Q9NY97--8sz3__A1_Q9NY97,0.8293161175253414,0.5,True
5a10__A1_G1FNI6--5a10__A2_G1FNI6,0.9382154663134871,0.5,True
7qoc__A1_Q8NQV9--7qoc__B1_Q8NQV9,0.9692351724673054,0.5,True
8a90__B1_A0A7S9SWM2--8a90__A1_A0A7S9SWM2,0.9350777722055065,0.5,True
3iaa__A1_Q8KNE0--3iaa__B1_Q8KNE0,0.8217428515793819,0.5,True
3n50__B1_Q9H4W6--3n50__A1_Q9H4W6,0.8214193670554191,0.5,True
2qg3__A1_O28220--2qg3__A2_O28220,0.9493959651807033,0.5,True
7ysk__A1_Q6D6Z8--7ysk__B1_Q6D6Z8,0.9422813247426299,0.5,True
7spz__A1_A8B3G9--7spz__A2_A8B3G9,0.9721330527292675,0.5,True
4q2e__B1_Q9X1B7--4q2e__A1_Q9X1B7,0.8492394915836482,0.5,True
8cff__A1_Q7SIF4--8cff__B1_Q7SIF3,0.9172815276946452,0.5,False
8bxl__A1_A0A075TRK9--8bxl__D1_A0A075TRK9,0.9786193755917986,0.5,True
5d4v__C1_Q57913--5d4v__A1_Q57913,0.9318178929362857,0.5,True
2p23__A1_O95750--2p23__B1_O95750,0.36497009518092954,0.5,True
7u55__A1_A0A151EDA9--7u55__A2_A0A151EDA9,0.8668310525163132,0.5,True
1rkw__A1_P0A0N4--1rkw__C1_P0A0N4,0.9787149098985903,0.5050594827955582,True
1ps6__A1_P19624--1ps6__B1_P19624,0.9724614407066746,0.5,True
2y21__L1_O28769--2y21__K1_O28769,0.9828236877307076,0.5,True
2z5i__A1_P58772--2z5i__B1_P58772,0.9182462813130812,0.5,True
5l7u__B1_A6L2E5--5l7u__A1_A6L2E5,0.9355206041432663,0.5,True
3egq__A1_O28458--3egq__B1_O28458,0.959839564263149,0.5,True
7r3a__A1_Q6LYR8--7r3a__E1_Q6LYR8,0.9538073553697737,0.5,True
7yq0__A1_A0A101DF63--7yq0__B1_A0A101DF63,0.9660521076682015,0.5,True
3wsc__A1_Q25C86--3wsc__B1_Q25C86,0.7345204366985694,0.5,True
4pib__B1_Q2SVW5--4pib__A1_Q2SVW5,0.9089191810497815,0.5,True
7vmx__B1_P9WNN1--7vmx__A1_P9WNM1,0.8019715699878601,0.5,False
1ykd__A1_P94182--1ykd__B1_P94182,0.7012716352201127,0.5,True
4ux7__A1_Q183F3--4ux7__B1_Q183F3,0.7493488900114369,0.5,True
3k3d__A1_P9WLZ7--3k3d__A2_P9WLZ7,0.9846089778110028,0.5,True
7q1d__D2_P29808--7q1d__A1_P29808,0.8750598548674569,0.5,True
1sj5__A1_Q9WY07--1sj5__B1_Q9WY07,0.9797491364208006,0.5,True
4c12__A1_Q2FZP6--4c12__A2_Q2FZP6,0.9149260967680439,0.5,True
3k9m__A1_P07858--3k9m__B1_P01040,0.6421229693568249,0.5,False
1ccd__A1_P17559--1ccd__A2_P17559,0.8832078676251327,0.5,True
8xiz__A1_T2B4K5--8xiz__B1_T2B4K5,0.9513773413135179,0.5,True
7wz6__A1_P15806--7wz6__B1_P10085,0.7478395172187138,0.5,False
2i00__A1_Q831Y9--2i00__B1_Q831Y9,0.955628493038367,0.5,True
5ffi__A2_Q44501--5ffi__B1_Q44501,0.32500048171413154,0.5,True
3cnk__A1_P21333--3cnk__B1_P21333,0.8655282195967301,0.5,True
8gt9__A1_A8MW95--8gt9__B1_A8MW95,0.9156727438733498,0.5,True
4l2w__B1_Q13464--4l2w__A1_Q13464,0.9642405629578579,0.5,True
3d0j__A1_Q97DI0--3d0j__A2_Q97DI0,0.8951989788089926,0.5,True
4ct0__A1_P97784--4ct0__B1_O54943,0.6100245104518937,0.5,False
3av0__A1_Q58719--3av0__B1_Q58718,0.9524685752368234,0.5,False
8bln__A1_C9QZ65--8bln__H1_C9QZ65,0.9411942865350105,0.5,True
2riq__A1_P09874--2riq__A2_P09874,0.41071228822632655,0.5,True
8hd5__A1_Q99U17--8hd5__B1_Q99U17,0.8813883215689085,0.5039055501809452,True
6xrb__A1_A0A0H3NHS6--6xrb__B1_A0A0H3NHS6,0.968959597660962,0.5,True
8a1g__A1_Q13596--8a1g__C1_Q9Y5X3,0.978628457417402,0.5,False
8tn3__A1_Q643B9--8tn3__B1_Q643B9,0.9579442001688895,0.5,True
5ghs__A1_Q5JGL0--5ghs__C1_Q5JF31,0.9266230736396912,0.5,False
5umw__A1_A0A125SA26--5umw__F1_A0A125SA26,0.9540511523918913,0.4999172139742811,True
7zcv__B1_A0A0E7KI02--7zcv__A1_A0A0E7KI02,0.8880913634743022,0.5,True
6scq__A1_Q8NNN6--6scq__A2_Q8NNN6,0.9730713615378723,0.5,True
4ml9__A1_D1AMR0--4ml9__B1_D1AMR0,0.9541086368697536,0.5,True
7yfu__A1_Q8CG73--7yfu__B1_Q8CG73,0.9620323275593505,0.5,True
3ix1__A1_Q9K9G5--3ix1__B1_Q9K9G5,0.9114776634188891,0.5,True
7khs__A1_Q2CEE3--7khs__B1_Q2CEE3,0.9640522094066635,0.5,True
8k5l__A1_A0A829KK40--8k5l__B1_A0A829KK40,0.9635449652102441,0.5,True
2g0t__B1_Q9WZQ3--2g0t__A1_Q9WZQ3,0.9783845805869634,0.5,True
3lr3__A1_Q63T74--3lr3__A2_Q63T74,0.9620017301118133,0.5,True
4pxq__A1_F1QR43--4pxq__B1_F1QR43,0.9508562680869356,0.5,True
4z5y__A1_Q88QV5--4z5y__A2_Q88QV5,0.9689630210487896,0.5,True
7zhf__A1_A0A0U2WWJ1--7zhf__A2_A0A0U2WWJ1,0.9733948147018174,0.504178387661725,True
6h86__A1_B5KM66--6h86__B1_B5KM66,0.7702592949776988,0.5,True
5un7__A1_Q9NUX5--5un7__B1_Q96AP0,0.5391201357601392,0.5,False
8juk__A1_V5VGC6--8juk__B1_V5VGC6,0.9650337609045179,0.5,True
8snp__A1_O09118--8snp__A2_O09118,0.8579389027647929,0.5,True
6wjc__A1_P11229--6wjc__B1_Q8QGR0,0.7396909282700421,0.5,False
8ard__A1_Q64331--8ard__A2_Q64331,0.5864879932898382,0.5,True
3mqi__A1_Q9UH73--3mqi__B1_Q9UH73,0.5179473303281437,0.5,True
3q01__A1_P04637--3q01__B1_P04637,0.8657175078184183,0.5,True
7ylq__A1_Q93CA6--7ylq__B1_Q93CA6,0.9222041162764522,0.5,True
2yvo__A1_Q5SJY9--2yvo__A2_Q5SJY9,0.8769823531151298,0.5,True
5vpa__B1_P17535--5vpa__A1_P53539,0.8225474168011394,0.5,False
3v78__B1_P95092--3v78__A1_P95092,0.9679470874389753,0.5,True
7pzh__A1_A0A174J845--7pzh__B1_A0A174J845,0.8873197082797568,0.5,True
3m0f__A1_Q4KDJ6--3m0f__B1_Q4KDJ6,0.8945297369373644,0.5,True
1y4h__A1_P0C1S6--1y4h__C1_Q9EYW6,0.8916931550600885,0.5,False
2o4c__A1_Q9I3W9--2o4c__B1_Q9I3W9,0.9822284834895175,0.5,True
1ynh__A1_P76216--1ynh__D1_P76216,0.991853291190259,0.5,True
8ohx__A1_U4Q148--8ohx__B1_U4Q148,0.9053706720029784,0.5,True
3a6m__A1_Q56236--3a6m__B1_Q56236,0.9422794025847094,0.5,True
4bvp__A1_Q5ZUA2--4bvp__B1_Q5ZUA2,0.959704965423182,0.5,True
7oc6__A1_A0A2U8U2L5--7oc6__A2_A0A2U8U2L5,0.9572630710110412,0.5,True
6qpq__A1_G0SGH3--6qpq__B1_Q12158,0.8653198538243677,0.5,False
3ct6__A1_Q9CIV6--3ct6__B1_Q9CIV6,0.9516803183656806,0.5,True
1qae__A1_P13717--1qae__B1_P13717,0.9164097201592825,0.5,True
3q5w__B1_P38937--3q5w__A1_P38937,0.8686404767116714,0.5,True
8gol__B1_G9I933--8gol__A1_G9I933,0.8219254261006322,0.5,True
7epj__A1_P62554--7epj__A2_P62554,0.9091974607252248,0.5,True
1ag9__A1_P61949--1ag9__B1_P61949,0.9939881466340083,0.5,True
3gwh__B1_O31691--3gwh__A1_O31691,0.5271460150997849,0.5,True
5gw1__A1_P57768--5gw1__B1_P57768,0.7547728010226658,0.5,True
3l2o__B1_Q9UKT5--3l2o__A1_P63208,0.9148692599580327,0.5,False
3wrf__A1_E8MGH8--3wrf__A2_E8MGH8,0.9732995481090306,0.5,True
7yyl__A1_Q3AET9--7yyl__B1_Q3AET9,0.9301777891477796,0.5,True
8syb__B1_Q72KY0--8syb__A1_Q72KY0,0.9837506751418738,0.5,True
8qc3__A1_A0A1C9WRL0--8qc3__B1_A0A1C9WRL0,0.943694800841971,0.5,True
3wtf__B1_Q9BUH6--3wtf__A1_Q9BUH6,0.8726994354295069,0.5,True
2x0e__B1_Q7BG50--2x0e__A1_Q7BG50,0.904598757868256,0.5,True
5hwt__A1_A5W4E3--5hwt__B1_A5W4E3,0.9357880603547383,0.5,True
1ojh__A1_Q8YNP7--1ojh__B1_Q8YNP7,0.8273831325301204,0.5,True
3eyy__A1_Q9K4F8--3eyy__B1_Q9K4F8,0.9729487245751266,0.5,True
8bwv__D2_A0A482M8M0--8bwv__A1_A0A482M8M0,0.7934267678756414,0.5,True
7cm9__A1_A0A7V8UZ53--7cm9__B1_A0A7V8UZ53,0.9095665663643293,0.5,True
4nc8__A1_P12464--4nc8__A2_P12464,0.2711451044693735,0.5,True
1zhh__A1_P54300--1zhh__B1_P54302,0.7874939095401928,0.5,False
8c0u__A1_Q9I5Q5--8c0u__B1_Q9I5Q5,0.9545801441052774,0.5,True
2fbq__A1_Q9HZJ9--2fbq__A2_Q9HZJ9,0.9314620060102429,0.5,True
7fch__A1_O95256--7fch__C2_O95256,0.8907575676522963,0.5,True
8c7t__B1_A0A1B4XP18--8c7t__A1_A0A1B4XP18,0.9485489802412373,0.5,True
4iwn__A1_P76290--4iwn__B1_P76290,0.969445442151649,0.5,True
7saf__B1_Q6TLP8--7saf__A1_Q6TLP8,0.9060687634387615,0.5,True
7zj1__B1_P55265--7zj1__A1_P55265,0.7036403699517101,0.5,True
4g9k__A1_P32340--4g9k__B1_P32340,0.9058729794680772,0.5,True
8b35__A1_Q96562--8b35__B1_Q96562,0.9520480988863842,0.5,True
2rdz__A1_P0ABK9--2rdz__B1_P0ABK9,0.9086770700935828,0.5,True
6bzf__B1_P53061--6bzf__A1_P17122,0.5320822562695043,0.5,False
5ydd__B1_P9WME7--5ydd__A1_P9WME7,0.9077392289741317,0.5,True
4czd__B1_B8J3A4--4czd__A1_B8J364,0.8858938476142304,0.5,False
3ft7__B1_Q54323--3ft7__A1_Q54323,0.851964915896753,0.5,True
4pz1__A1_Q99XU0--4pz1__A2_Q99XU0,0.7945180217533845,0.5,True
2w1t__A1_P37554--2w1t__B1_P37554,0.9728031142087874,0.5,True
7qz5__A1_A2RI36--7qz5__B1_A2RI36,0.868638384076784,0.5,True
5h31__A1_Q14790--5h31__B1_Q14790,0.24826983097428626,0.5,True
8p33__A1_O51254--8p33__A2_O51254,0.7301519431930976,0.5,True
8oru__A1_O93732--8oru__B1_O93732,0.9767192536074739,0.5,True
1u7i__A1_Q9I3Y6--1u7i__B1_Q9I3Y6,0.8902780802590129,0.5,True
8slg__B1_G7CIG9--8slg__A1_G7CIG9,0.8997005010190322,0.5,True
3l2e__B1_Q6AW42--3l2e__A1_Q6AW43,0.9294555284483447,0.5,False
3b0a__A1_P0CG48--3b0a__B1_Q9WUB0,0.7839496877797946,0.5,False
6etz__A1_A0A023UGN9--6etz__A2_A0A023UGN9,0.9052052378074998,0.5,True
7sfz__B1_Q9NYP9--7sfz__A1_Q9NYP9,0.7303370258461436,0.5,True
7wwf__A1_A0R6Y0--7wwf__B1_A0R6Y0,0.9668856059049525,0.5,True
8vdw__B1_T0TAB9--8vdw__A1_T0TAB9,0.943598627464403,0.5,True
8ri0__A1_E4THH1--8ri0__B1_E4THH1,0.8429848619863507,0.5,True
5z2i__B1_Q54LT0--5z2i__A1_Q54LT0,0.8594700119920883,0.5,True
4miv__A1_P51688--4miv__B1_P51688,0.9738743039440184,0.5,True
3vh1__A1_P38862--3vh1__A2_P38862,0.9461344770741623,0.5,True
7z98__A1_E6V140--7z98__A2_E6V140,0.9594705775241555,0.5,True
2ond__A1_Q99LI7--2ond__B1_Q99LI7,0.8715734969657297,0.5,True
7vt9__A1_P21517--7vt9__B1_P21517,0.915647989461994,0.5,True
1gju__A1_O33838--1gju__A2_O33838,0.9601774397112947,0.5,True
6hta__A1_A0A3F2YM29--6hta__B1_A0A3F2YM29,0.9130300185754937,0.5,True
3h7h__A1_P63272--3h7h__B1_O00267,0.8356739986396703,0.5,False
4z39__A1_A0A0S2E5N6--4z39__B1_A0A0S2E5N6,0.7972546052265956,0.5,True
5ca9__A1_Q9C0L9--5ca9__A2_Q9C0L9,0.8652451933924887,0.5,True
2zvx__A1_P00974--2zvx__B1_P00974,0.8038110497553719,0.5,True
6x0a__A1_F7Y4W0--6x0a__S1_F7YBW8,0.6892819367450822,0.5,False
7spq__A1_C5AMM8--7spq__A2_C5AMM8,0.9815231648357673,0.5,True
7spn__A1_A0A7C2VFT1--7spn__B1_A0A7C2VFT1,0.9826419591130696,0.5,True
1tv8__A1_P65388--1tv8__B1_P65388,0.7888663275298367,0.5,True
3mkr__B1_Q27954--3mkr__A1_Q28104,0.928294959908602,0.5,False
1dqn__A1_Q24973--1dqn__B1_Q24973,0.970438092160058,0.5,True
7xoi__A1_A0A5N6DPG0--7xoi__B1_A0A5N6EXS6,0.37367212369368136,0.5,False
8h62__A1_P0DJM0--8h62__B1_P12830,0.7365934723086792,0.5,False
2qh0__A1_Q97H22--2qh0__A2_Q97H22,0.9148885582117555,0.5,True
5ubb__A1_Q5VVY1--5ubb__A2_Q5VVY1,0.8263373654052251,0.5,True
5kvs__B1_O54512--5kvs__A1_O54512,0.9522097179330948,0.5,True
3frs__A1_P53990--3frs__A2_P53990,0.48628337973311314,0.5,True
3obv__A1_O08808--3obv__C1_O08808,0.8246005048413841,0.5,True
4wkz__A1_A0AEF5--4wkz__B1_W5IDC3,0.7395042408608579,0.5,False
3kt0__A1_Q12109--3kt0__A2_Q12109,0.9902965837510262,0.5,True
5i90__A1_G3XCY5--5i90__B1_G3XCY5,0.8976405275566814,0.5,True
3bat__B1_P24733--3bat__A1_P24733,0.9155824295652578,0.5,True
2ps1__A1_P13298--2ps1__B1_P13298,0.9715659091707409,0.5,True
1fcd__A1_Q06530--1fcd__B1_Q06529,0.9340400467392378,0.5,False
8hy8__A1_A0A085BE66--8hy8__A2_A0A085BE66,0.9227384652184972,0.5,True
8har__A1_Q2L6E4--8har__B1_Q2L6E4,0.9596759029079182,0.5,True
4je4__A1_Q06124--4je4__B1_P02751,0.6994708516375585,0.5,False
2a6c__A1_Q82UW4--2a6c__A2_Q82UW4,0.8517170287611673,0.5,True
5k9l__B1_A8MW95--5k9l__A1_A8MW95,0.9193963752619303,0.5,True
5mzg__A1_P53368--5mzg__B1_P53368,0.9159447444710537,0.5,True
7ucc__B1_P17535--7ucc__A1_P53539,0.8451425233744518,0.5,False
8d0x__A1_Q9Y231--8d0x__A2_Q9Y231,0.7837349502205496,0.5,True
6ano__B1_Q9UKL3--6ano__A1_Q9UKL3,0.7936544293833757,0.5,True
6et2__A1_Q9I4X1--6et2__B1_Q9I4X2,0.9556876360890312,0.5,False
6d0a__A1_Q8N5Z0--6d0a__A2_Q8N5Z0,0.9486098280995562,0.5,True
2xga__B1_P35530--2xga__A1_P35530,0.9705350225799746,0.5,True
2i3o__A1_Q9HJH4--2i3o__B1_Q9HJH4,0.9802284292115239,0.5,True
1ijx__A1_P97401--1ijx__C1_P97401,0.8316504043980082,0.5,True
6h2u__A1_Q9NRN9--6h2u__B1_Q9UI30,0.88375844105041,0.5,False
8h2v__A1_Q93HT8--8h2v__B1_Q93HT8,0.9667597078399501,0.5,True
1wat__B1_P02941--1wat__A1_P02941,0.9069173938929062,0.5,True
2nyh__A1_Q13JM0--2nyh__B1_Q13JM0,0.8963105639005915,0.5,True
7yuj__B1_Q9BYM8--7yuj__A1_Q9BYM8,0.5139039470937414,0.5,True
8c5k__A1_P87252--8c5k__A2_P87252,0.8262357838993188,0.5,True
2spc__A1_P13395--2spc__B1_P13395,0.3292604598779961,0.5,True
6q2e__A1_A5UMY5--6q2e__B1_A5UMY5,0.8838571260409187,0.5,True
4p8i__A1_P40746--4p8i__B1_P40746,0.85173258239466,0.5,True
8a82__A1_K7WEY7--8a82__B1_K7XCU4,0.9519391114670437,0.5,False
3a4l__B1_Q58933--3a4l__A1_Q58933,0.959496250897909,0.5,True
1z52__A1_P09167--1z52__B1_P09167,0.8533038972302618,0.5,True
6c0g__A1_A0A3F2YLX1--6c0g__B2_A0A3F2YLX1,0.790357698004082,0.5,True
1k3r__B1_O26109--1k3r__A1_O26109,0.9727240143491099,0.5121881485477802,True
7fga__A1_Q8DIJ4--7fga__B2_Q8DIJ4,0.9385918769626338,0.5,True
5akq__A1_O52063--5akq__B1_O52063,0.97715589654884,0.5,True
7y86__B1_A0A0K2E3A3--7y86__A1_A0A0K2E3A3,0.9478928080622996,0.5,True
8d1u__A1_P0A6R0--8d1u__A2_P0A6R0,0.9761237594073722,0.5,True
1vqw__A1_Q9HFE4--1vqw__B1_Q9HFE4,0.9450570078328431,0.5,True
7uld__A1_O28028--7uld__A2_O28028,0.956773301334129,0.5,True
4c0f__B1_Q9NZN8--4c0f__A1_Q9NZN8,0.3074043394596416,0.5,True
8b21__A1_Q9S5X0--8b21__B1_Q9S5X0,0.9768767843099092,0.5,True
3swk__A1_P08670--3swk__B1_P08670,0.899775426744792,0.5,True
8txn__B1_P08120--8txn__A1_P08120,0.33774671138382084,0.5,True
8dak__A1_F2X702--8dak__B1_F2X702,0.9684941428312404,0.5,True
2rde__B1_A0A0H3ADR8--2rde__A1_A0A0H3ADR8,0.893564956485503,0.5,True
2pih__A1_O31779--2pih__B1_O31779,0.8768064280166814,0.5,True
7ykv__B1_Q58241--7ykv__A1_Q58241,0.973474647013113,0.5,True
7y4g__A1_Q8A028--7y4g__A2_Q8A028,0.978345172766997,0.5,True
8cci__A1_A0R7I9--8cci__A2_A0R7I9,0.9750562475797817,0.5,True
6p35__A1_P75913--6p35__A2_P75913,0.9671865326523823,0.5,True
6p3j__A1_Q0KJL4--6p3j__B1_Q0KJL4,0.9543028847658064,0.5,True
4o6p__A1_Q8RDI4--4o6p__B1_Q8RDI4,0.829557393013717,0.5,True
8ozv__A1_A0A179UH34--8ozv__A2_A0A179UH34,0.9328421298417882,0.5,True
2cim__A1_Q46AN5--2cim__B1_Q46AN5,0.9481469398507065,0.5,True
6tpo__A1_P24474--6tpo__A2_P24474,0.9037973689181552,0.5,True
7wwo__B1_Q5SH57--7wwo__A1_Q5SH57,0.6187416375329103,0.5,True
4pmv__A1_Q8PEU1--4pmv__B1_Q8PEU1,0.9644134811541218,0.5,True
6rmr__B1_P19926--6rmr__A1_P19926,0.9838469028981807,0.5,True
6hhb__A1_E0SCP7--6hhb__C1_E0SCP7,0.890568996639127,0.5,True
7e5c__A1_A0A1I7CHQ2--7e5c__B1_A0A1I7CHQ2,0.9865261397235805,0.5,True
2wfh__A1_O94813--2wfh__B1_O94813,0.8988799999059862,0.5,True
3zco__A1_P06701--3zco__A2_P06701,0.7274350210299885,0.5,True
2ghy__A1_P03051--2ghy__B1_P03051,0.9063789846447203,0.5,True
3htr__A1_Q6N0K4--3htr__B1_Q6N0K4,0.8709368154705921,0.5,True
8aeu__A1_Q00987--8aeu__A2_Q00987,0.2443543335903382,0.5,True
1xuv__A1_Q8PZJ2--1xuv__C1_Q8PZJ2,0.8307317119309905,0.5,True
2o8p__A1_Q5CYG0--2o8p__A2_Q5CYG0,0.9520317980762079,0.5,True
4zmu__A1_Q9I072--4zmu__B1_Q9I072,0.9522761576507304,0.5,True
3dl3__G2_Q5E3X2--3dl3__C1_Q5E3X2,0.8573531566448915,0.5,True
7yvz__A1_A7LPG5--7yvz__A2_A7LPG5,0.8668655636450763,0.5,True
4ia6__A1_Q5FL96--4ia6__B1_Q5FL96,0.9910991164587926,0.5,True
8bou__A1_A0A7G5MNS2--8bou__B1_A0A7G5MNS2,0.9837656279673654,0.5,True
5gk1__A1_Q7N4Z6--5gk1__B1_Q7N4Z6,0.9671789196098945,0.5,True
5x03__B1_P94426--5x03__A1_P94426,0.9535170781398825,0.5,True
3gku__A1_D0VX24--3gku__B1_D0VX24,0.9554860295811511,0.5,True
1c81__A1_P07953--1c81__A2_P07953,0.5964886380540667,0.5,True
1k3e__B1_P58233--1k3e__A1_P58233,0.9776834013583858,0.5,True
6u18__A1_Q9EVJ6--6u18__B1_Q9EVJ6,0.9513615890433661,0.5,True
7wpy__A1_A0A097ZPD5--7wpy__C1_A0A097ZPD5,0.9623940022760533,0.5,True
7xn2__A1_Q8YR38--7xn2__A2_Q8YR38,0.9516644141662413,0.5,True
3uws__B1_A7A9N3--3uws__A1_A7A9N3,0.3889278517770616,0.5,True
4u04__B1_Q9BVA6--4u04__A1_Q9BVA6,0.8801572957657097,0.5,True
2kin__A1_P56536--2kin__B1_Q6QLM7,0.30332528930630376,0.5,False
3ulc__A1_Q08236--3ulc__A2_Q08236,0.6804469308461862,0.5,True
8b2a__A1_Q2YWJ9--8b2a__A2_Q2YWJ9,0.9930338368379026,0.5,True
8qff__A1_K9TLZ5--8qff__A2_K9TLZ5,0.9273435134745744,0.5,True
8c8c__A1_P48426--8c8c__A2_P48426,0.9447124420625432,0.5,True
8iup__B1_A9A1Y1--8iup__A1_A9A1Y1,0.9683750709723846,0.5,True
3o7o__A1_Q9S5X8--3o7o__B1_Q9S5X8,0.8038402019261106,0.5,True
4bg8__A1_Q8TX37--4bg8__B1_Q8TX37,0.9627847445627843,0.5,True
7qxo__A1_G8UIQ1--7qxo__B1_G8UIQ1,0.914317796538154,0.5,True
4xiz__A1_Q05776--4xiz__D1_O60200,0.8484135024010684,0.5,False
7pwe__A1_Q6AL91--7pwe__B1_Q6AL91,0.868782684263692,0.5,True
6uxu__A1_E2JB04--6uxu__B1_E2JB04,0.8390763077129157,0.5,True
3bid__A1_Q7DDI1--3bid__B1_Q7DDI1,0.7706389507771533,0.5,True
4f7w__A1_B5XYG3--4f7w__B1_B5XYG3,0.9138547807386912,0.5,True
2rae__A1_Q0S3N9--2rae__A2_Q0S3N9,0.8935190601096874,0.5,True
7yn1__A1_E9JES9--7yn1__C1_E9JES9,0.7412504138027209,0.5,True
3t7y__A1_O84093--3t7y__B1_O84093,0.9363635661998672,0.5,True
7u6p__A1_P11926--7u6p__B1_P11926,0.801367460285227,0.5,True
4mis__A1_Q57ES7--4mis__B1_Q57ES7,0.9065784036912057,0.5,True
2blf__A1_Q9LA16--2blf__B1_Q9LA15,0.8911717163461459,0.5,False
3ke3__A1_Q4FVA8--3ke3__A2_Q4FVA8,0.9717115904051179,0.5,True
7ywc__A1_Q9L0T8--7ywc__B1_Q9L0T8,0.9820778091326203,0.5,True
4wwr__B1_P46379--4wwr__A1_P11441,0.7582486583352098,0.5,False
7r0d__B1_Q9NV35--7r0d__A1_Q9NV35,0.9660778767988332,0.5,True
8w6x__A1_P21852--8w6x__B1_P21853,0.895160809509256,0.5,False
3fmf__A1_P9WPQ5--3fmf__B1_P9WPQ5,0.863550710834465,0.5,True
2xrm__A1_D0AB41--2xrm__A2_D0AB41,0.9459004068426871,0.5,True
4xj7__A1_P66881--4xj7__B1_P66881,0.9513337411189008,0.5,True
7yrt__E1_H9L4P6--7yrt__A1_H9L4P6,0.9147220521351522,0.5,True
7tye__A1_P0A7J0--7tye__A2_P0A7J0,0.9370750350614551,0.5,True
2zvd__B1_Q9RBY1--2zvd__A1_Q9RBY1,0.9967123512111611,0.5,True
3mtw__A1_Q9A4Z9--3mtw__A2_Q9A4Z9,0.9857762326527518,0.5,True
3n2o__A1_Q7MK24--3n2o__B1_Q7MK24,0.8073745505055069,0.5,True
7ywd__A1_Q8TB36--7ywd__A2_Q8TB36,0.7335787648809137,0.5,True
5upq__A1_A0A0A0V031--5upq__B1_A0A0A0V031,0.9523879694782582,0.5,True
1vgu__A1_Q46893--1vgu__B1_Q46893,0.9240499762217961,0.5,True
7pxo__A1_F4F7G1--7pxo__C1_F4F7G1,0.9735245901639344,0.5,True
2dp9__A1_Q5SM30--2dp9__A2_Q5SM30,0.6366357549413277,0.5,True
8a7l__A1_M1JS91--8a7l__A2_M1JS91,0.9311281989474633,0.5,True
7uqv__A1_A0A0L6JSP1--7uqv__B1_A0A0L6JSP1,0.9207275295522475,0.5,True
5d1r__A1_P9WMC9--5d1r__B1_P9WMC9,0.9258660734108334,0.5,True
3f6q__A1_Q13418--3f6q__B1_P48059,0.9239989085392606,0.5,False
8cok__B1_Q9NXR8--8cok__A1_Q9NXR8,0.7424705261796517,0.5,True
1wz3__A1_Q9LVK3--1wz3__B1_Q9LVK3,0.30799809964282443,0.5,True
1nw1__A1_Q22942--1nw1__B1_Q22942,0.9217510203362919,0.5,True
1hrp__B1_P0DN86--1hrp__A1_P01215,0.7948755092007305,0.5,False
3qf4__B1_Q9WYC4--3qf4__A1_Q9WYC3,0.9414596192810833,0.5,False
7y4o__B1_A0A0G2JZC4--7y4o__A1_A0A0G2JZC4,0.6714136680343435,0.5,True
8hns__A1_A0A377JKY9--8hns__A2_A0A377JKY9,0.2426803286060294,0.5,True
3mpn__A1_O67854--3mpn__A2_O67854,0.9658147785985386,0.5,True
6vlg__A2_Q9WTS2--6vlg__C1_Q9WTS2,0.9265579664459206,0.5,True
1v71__A1_O59791--1v71__A2_O59791,0.9831754827943274,0.5,True
3fpk__A1_Q8ZKP5--3fpk__B1_Q8ZKP5,0.9079804030079104,0.5,True
8eb3__A1_K2K6A3--8eb3__B1_K2K6A3,0.9477617654606108,0.5,True
4z1i__C1_Q12931--4z1i__A1_Q12931,0.9140127509143303,0.5,True
8pz3__A1_D7SFB8--8pz3__B1_D7SFB8,0.3239002663707231,0.5,True
5vpb__B1_P17535--5vpb__A1_P53539,0.7953884917046314,0.5,False
8bt3__A1_Q6F0T5--8bt3__A2_Q6F0T5,0.8866446433030459,0.5,True
1r7h__A1_O69271--1r7h__B1_O69271,0.43150710115157787,0.5,True
4oag__A1_Q8BGV8--4oag__B1_Q8BGV8,0.7221904637463388,0.5,True
5bo9__A1_O43173--5bo9__B1_O43173,0.9044838888842355,0.5,True
7kws__A1_Q0P8H3--7kws__B1_Q0P8H3,0.9868602245726065,0.5,True
4qa0__A1_Q9BY41--4qa0__B1_Q9BY41,0.9705251040855332,0.5,True
6epi__B1_D5K9G7--6epi__A1_D5K9E3,0.8619563156832362,0.5,False
6z2f__B1_Q16222--6z2f__A1_Q16222,0.7506725239557988,0.5,True
7qgs__B1_Q09472--7qgs__A1_Q16665,0.3018118814087138,0.5,False
7tz7__A1_P42336--7tz7__B1_P27986,0.817408734739336,0.5,False
2zl1__A1_Q9UHA4--2zl1__B1_Q9JHS3,0.9302882346695608,0.5,False
4ija__A1_A0A0H3JS71--4ija__B1_A0A0H3JS71,0.972266146652894,0.5,True
3ijt__B1_Q8DVN6--3ijt__A1_Q8DVN6,0.9094704165443599,0.5,True
7qgt__A1_P35520--7qgt__B1_P35520,0.8876925016984897,0.5,True
8i4q__A1_Q8NQI2--8i4q__B1_Q8NQI2,0.9652825218768244,0.5,True
5lxv__A1_G9FCX2--5lxv__B1_A0A1L1QK37,0.8958054067937586,0.5,False
8h25__A1_A0A5R8LFD3--8h25__C1_A0A5R8LFD3,0.9546094942487733,0.5,True
6kjl__A1_Q9RC94--6kjl__B1_Q9RC94,0.8572158329100277,0.5,True
5f3o__A1_C4LU64--5f3o__B1_C4LU64,0.8778740816684995,0.5,True
8arv__A1_Q9HW35--8arv__B1_Q9HW35,0.8867941497086702,0.5,True
2i1a__B1_P40087--2i1a__A1_P40087,0.8777414493077262,0.5,True
2y9x__A1_C7FF04--2y9x__E1_G1K3P4,0.869691599868033,0.5,False
8waa__A1_P29401--8waa__B1_P29401,0.9622729964506294,0.5,True
6n2f__B1_Q94A94--6n2f__A1_Q94A94,0.8550332134330888,0.5,True
8b08__B1_P0A2K1--8b08__A1_P00929,0.9164425320380143,0.5,False
5ja2__A1_P11454--5ja2__B1_Q9I169,0.8390884771083503,0.5,False
4g3w__A1_O66591--4g3w__A2_O66591,0.8208073563649432,0.5,True
5cm2__A1_Q6C999--5cm2__B1_Q6C4P5,0.9315625547046303,0.5,False
6g70__B1_Q8K2Z2--6g70__A1_Q8K2Z2,0.7294269164975692,0.5,True
7xac__A1_P47929--7xac__B1_P47929,0.8859278361002605,0.5,True
2zz8__A1_O34094--2zz8__B1_O34094,0.6559412974640721,0.5,True
8b8h__A1_P9WQA9--8b8h__B1_P9WQA9,0.9050174262294849,0.5,True
7u2s__A1_A0A2W1NDJ7--7u2s__B1_A0A2W1NDJ7,0.9303230835127362,0.5,True
1d2g__A1_P13255--1d2g__B1_P13255,0.5771928000418733,0.5,True
1sc1__A1_P29466--1sc1__B1_P29466,0.33779443395523856,0.5,True
5amt__A1_A0Q7H2--5amt__A2_A0Q7H2,0.9418556242800621,0.5,True
7qfz__B1_B7L3Y3--7qfz__A1_B7L3Y3,0.6672851560484379,0.5,True
3hml__A1_A6T9H1--3hml__B1_A6T9H1,0.9620301887992875,0.5,True
1xk6__A1_P31572--1xk6__C1_P31572,0.8813999260829939,0.5,True
7r3s__A1_A0A4R2M5S2--7r3s__B1_A0A4R2M5S2,0.8729289230120987,0.5,True
2grx__A1_P06971--2grx__C1_P02929,0.6274391812207606,0.5,False
7vsf__A1_P25440--7vsf__B1_P25440,0.5430097737500996,0.5,True
3q34__A1_Q48EL2--3q34__C1_Q48EL2,0.7461004360685684,0.5,True
4r2k__A1_Q8ZP84--4r2k__A2_Q8ZP84,0.9635186126754823,0.5,True
3cgw__A1_Q8PVT6--3cgw__A2_Q8PVT6,0.977665542880894,0.5,True
7r2f__A1_P21836--7r2f__B1_P21836,0.9600535238485209,0.5,True
4g19__A1_I6ZUH3--4g19__B1_I6ZUH3,0.9882927607829055,0.5,True
3dg8__C1_P13922--3dg8__A1_P13922,0.33226466241453045,0.5,True
6m10__A1_Q9HUW0--6m10__C1_Q9HUW0,0.8967502766662038,0.5,True
8tt2__B1_Q4K977--8tt2__A1_Q4K977,0.95372048538422,0.5,True
1h31__A1_Q939U1--1h31__B1_Q939U4,0.9002220149965028,0.5,False
7p7i__B1_R8APY9--7p7i__A1_R8APY9,0.9777360085651718,0.5,True
3hzu__A1_P9WHF7--3hzu__A2_P9WHF7,0.9549165144277139,0.5,True
7xgs__A1_Q9FVC1--7xgs__A2_Q9FVC1,0.8334243092303456,0.5,True
6iju__A1_Q9KJN4--6iju__A2_Q9KJN4,0.2601488586286836,0.5,True
4kqd__B1_P06626--4kqd__A1_P06626,0.8533300445216743,0.5,True
2fu3__B1_Q03555--2fu3__A1_Q03555,0.7093492516012371,0.5,True
1jgt__B1_P0DJQ7--1jgt__A1_P0DJQ7,0.972069786333096,0.5,True
6l4b__A1_Q9UGV2--6l4b__C2_Q9UGV2,0.8025461099290185,0.5,True
3lzk__A1_Q92LT4--3lzk__B1_Q92LT4,0.9364227713542913,0.5,True
1ht8__A1_P05979--1ht8__B1_P05979,0.847378472541269,0.5,True
1z8h__A1_Q8YWS4--1z8h__B1_Q8YWS4,0.9537296009788989,0.5,True
8gk6__A1_W6USS8--8gk6__E1_W6USS8,0.9187692789549271,0.5,True
4mjf__A1_A6L2I4--4mjf__A2_A6L2I4,0.9605666926933896,0.5,True
7m4s__A1_Q8YLC3--7m4s__D1_Q8YLC3,0.8969776699354939,0.5,True
6fju__A1_E6N8B9--6fju__B1_E6N8B9,0.9463228071898635,0.5,True
6lgq__A1_P21865--6lgq__B1_P21866,0.7696853037289046,0.5,False
2y27__B1_B4E7B5--2y27__A1_B4E7B5,0.9838045867180096,0.5,True
2tdx__A1_P0DJL7--2tdx__A2_P0DJL7,0.9666340762957735,0.5,True
8fj8__A1_P02638--8fj8__A2_P02638,0.9001264348221389,0.4999403341288783,True
3uv0__B1_Q9W061--3uv0__A1_Q9W061,0.29988291043399845,0.5,True
8alo__B1_P24003--8alo__A1_P15795,0.7845474405503381,0.5,False
6xa0__A1_D1A230--6xa0__B1_D1A230,0.9654019278579841,0.5,True
1zbo__B1_Q7WAM7--1zbo__A1_Q7WAM7,0.819107800982801,0.5,True
6xb5__A1_A0A7E5VPD6--6xb5__B1_A0A7E5VPD6,0.9235954900968215,0.5,True
8duy__D1_A0A0H3GVN6--8duy__A1_A0A0H3GVN6,0.980558762621563,0.5,True
7th5__A1_Q5SLG6--7th5__B1_Q5SLG6,0.7218542707015136,0.5,True
3t2l__A1_Q5LE95--3t2l__A2_Q5LE95,0.4189124578178606,0.5,True
3uet__A1_B7GNN8--3uet__B1_B7GNN8,0.9177865751314821,0.5,True
8fdb__B1_Q12KP2--8fdb__A1_Q12KP2,0.9208406470714187,0.5,True
6ok3__A1_C3X9N1--6ok3__B1_C3X9N1,0.735515653090742,0.5,True
8hp3__A1_A0A2K0XCZ3--8hp3__B1_A0A2K0XCZ3,0.9254419593052309,0.5,True
7xkg__A1_A7NHS9--7xkg__B1_A7NHS9,0.888744665970588,0.5,True
1l7e__A1_Q2RSB2--1l7e__B1_Q2RSB2,0.9369046272324627,0.5,True
8hn2__A1_Q9F722--8hn2__B1_Q9F722,0.8995451344476222,0.5,True
8gst__A1_Q1NEI7--8gst__B1_Q1NEI7,0.972973274937433,0.5,True
7cq3__A1_P38324--7cq3__B1_Q12098,0.8130054302043743,0.5,False
5htf__A1_Q8Y759--5htf__B1_Q8Y759,0.9597980149075039,0.5,True
6c90__A1_P42285--6c90__B1_Q6NZY4,0.770036431024482,0.5,False
6e1j__A1_C5J4P1--6e1j__B1_C5J4P1,0.7970663965845146,0.5,True
3ccd__A1_P0AA04--3ccd__B1_P0AA04,0.7358835758835759,0.5,True
3dzl__B1_Q396C9--3dzl__A1_Q396C9,0.8882656817482302,0.5,True
2y1h__B1_Q17R31--2y1h__A1_Q17R31,0.8918163285601435,0.5,True
7lfs__A1_P00533--7lfs__E1_O14944,0.7578992446800918,0.5,False
6jiw__A1_A0A0H3JU78--6jiw__A2_A0A0H3JU78,0.8875742155506922,0.5,True
8ees__A1_A0A0H3GMB7--8ees__B1_A0A0H3GMB7,0.9941817250651532,0.5,True
4a5b__B1_Q27895--4a5b__A1_Q27895,0.8985539930136259,0.5,True
3nb6__A1_O66874--3nb6__A2_O66874,0.6051484408128361,0.5,True
5f8c__A1_O53532--5f8c__A2_O53532,0.9501676999035344,0.5,True
8jt3__A1_H8Y6N2--8jt3__C1_H8Y6N2,0.9462041673667938,0.5,True
1ije__A1_P02994--1ije__B1_P32471,0.7683985468396519,0.5,False
6on4__A1_P0A8W0--6on4__B1_P0A8W0,0.8964809065616393,0.5,True
4zvc__A1_P0AA89--4zvc__B1_P0AA89,0.9694398305124807,0.5,True
4qoa__A1_A7VAB9--4qoa__A2_A7VAB9,0.41668777599014134,0.5,True
6wmv__A1_U5WZP7--6wmv__B1_U5WZP7,0.8579368031292016,0.5,True
3e3c__A1_Q7DB61--3e3c__B1_Q7DB61,0.9282323899485524,0.5,True
6ekk__A1_Q8TEH3--6ekk__C1_Q15286,0.5885996777347458,0.5,False
8a9w__A1_P15751--8a9w__A2_P15751,0.9874173554106873,0.5,True
2gj9__A1_P25522--2gj9__B1_P25522,0.9022818650657783,0.5,True
3cm7__C1_P98170--3cm7__D1_P98170,0.9797634779597101,0.5,True
8f5v__A1_O53728--8f5v__B1_O53728,0.9728301308175898,0.5,True
1ecj__A1_P0AG16--1ecj__B1_P0AG16,0.895078180404294,0.5,True
3s5r__A1_Q2LS68--3s5r__B1_Q2LS68,0.8757184170419257,0.5,True
3im3__A1_P00514--3im3__A2_P00514,0.976369779837471,0.5,True
4mcj__B1_A6L9R1--4mcj__A1_A6L9R1,0.96598062739081,0.5,True
7vw1__B1_V5J1S8--7vw1__A1_V5J1S8,0.9359560128127269,0.5,True
3p12__A1_Q2G1A5--3p12__D1_Q2G1A5,0.9050215510331213,0.5,True
8aq0__A1_Q6DTN4--8aq0__B1_Q6DTN4,0.9499992232165052,0.5,True
3wpm__A1_G2IKE5--3wpm__B1_G2IKE5,0.895747743925527,0.5,True
7xof__B1_Q0DFB6--7xof__A1_Q0DFB6,0.8990835268067247,0.5,True
8a8f__A1_P32598--8a8f__B1_P42073,0.7343955111546294,0.5,False
3qta__A1_Q5V4K4--3qta__B1_Q5V4K4,0.9890992080472815,0.5,True
8oqj__B1_P06959--8oqj__A1_P06959,0.7401369787073202,0.5,True
1tbp__A1_P13393--1tbp__B1_P13393,0.48908885010405667,0.5,True
7qfk__C1_Q5FLN0--7qfk__A1_Q5FLN0,0.9399105755057615,0.5,True
7r3o__B1_Q460N3--7r3o__A1_Q460N3,0.7265965415699758,0.5,True
1wli__A1_Q46604--1wli__B1_Q46604,0.9490001608751609,0.5,True
8b3e__A1_M4SY06--8b3e__A2_M4SY06,0.832513809167369,0.5,True
1d8i__A1_O13297--1d8i__A2_O13297,0.668945588831235,0.5,True
8eh0__B1_P50909--8eh0__A1_P50909,0.9571800169522436,0.5,True
3seo__B1_Q87GE5--3seo__A1_Q87GE5,0.8734527262661773,0.5,True
3iey__B1_Q74MS9--3iey__A1_Q74MP4,0.9631395226821095,0.5,False
4yto__B1_Q15431--4yto__A1_Q15431,0.7695274186470956,0.5,True
6csm__A1_L1J207--6csm__B1_L1J207,0.9507579539893732,0.5,True
4ndt__A1_A7UNK4--4ndt__A2_A7UNK4,0.6297263366996304,0.5,True
8j3p__A1_B9WHT3--8j3p__A2_B9WHT3,0.9823772304212999,0.5,True
7pv7__B1_Q7MVV4--7pv7__A1_Q7MVV4,0.9011148557276755,0.5,True
7uj6__A1_Q8RMD9--7uj6__B1_Q8RMD9,0.9412376196590868,0.5,True
3k9i__A1_Q9KFK0--3k9i__A2_Q9KFK0,0.9476401871925939,0.5,True
7z1s__A1_A0A3Q7HTY9--7z1s__A2_A0A3Q7HTY9,0.9384907965954696,0.5,True
2e89__A1_O67728--2e89__B1_O67728,0.9757167915892879,0.5,True
2woz__A1_Q9ER30--2woz__A2_Q9ER30,0.6863722804473552,0.5,True
7xxs__A1_B2CKP3--7xxs__B1_B2CKP3,0.9450643411418425,0.5,True
8fir__A1_O83132--8fir__B1_O83132,0.9858413516017779,0.5,True
3i6s__A1_O82777--3i6s__B1_O82777,0.9769731178941877,0.5,True
7yhe__B1_A6YEH4--7yhe__A1_A6YEH4,0.9005351373121244,0.5,True
1ku2__A1_Q9EZJ8--1ku2__B1_Q9EZJ8,0.679140965475582,0.5,True
6qwo__B1_Q9S5W7--6qwo__A1_Q9S5W7,0.9654333822693371,0.5,True
1mxi__A1_P44868--1mxi__A2_P44868,0.9174201363120676,0.5,True
2vhl__A1_O34450--2vhl__A2_O34450,0.978128003845917,0.5,True
5wan__A1_P75898--5wan__A2_P75898,0.9707722277859328,0.5,True
4x7z__B1_Q49492--4x7z__A1_Q49492,0.9811855772939471,0.5,True
6a1k__A1_P71018--6a1k__B1_P71018,0.9581488172693854,0.5,True
7pjh__A1_Q9Y312--7pjh__B1_Q6P2Q9,0.870564541621972,0.5,False
4joi__A1_Q9H668--4joi__C1_Q86WV5,0.93073080310168,0.5,False
8axz__A1_P31153--8axz__A2_P31153,0.9509011426309968,0.5,True
8ogi__B1_P11678--8ogi__A1_P11678,0.33009531967612926,0.5,True
8cxl__A1_A7KH32--8cxl__B1_A7KH32,0.8889144295042994,0.5,True
7win__B1_Q9UIF8--7win__A1_Q9UIF8,0.6271129645732721,0.5,True
7b80__A1_G3I8R9--7b80__B1_Q9BVA6,0.6593078338385113,0.5,False
4bwv__A1_Q8L5D0--4bwv__B1_Q8L5D0,0.7661609788669401,0.5,True
7drj__A1_P63756--7drj__B1_P63756,0.9001017982340875,0.5,True
3qth__A1_Q47ZP9--3qth__B1_Q47ZP9,0.9567034168269075,0.5,True
8b28__A1_F6GSX7--8b28__A2_F6GSX7,0.8203324986133476,0.5,True
6scx__A1_Q9BQG2--6scx__B1_Q9BQG2,0.8028776727358176,0.5,True
8hpc__A1_P60327--8hpc__H1_P60327,0.9649681347154271,0.5,True
5n76__A1_P72320--5n76__B1_P72320,0.9595499565382404,0.5,True
3cq3__A1_Q53W28--3cq3__A2_Q53W28,0.5004090355963227,0.5,True
3kbu__A1_P11277--3kbu__D1_P16157,0.7455353665257968,0.5,False
7pck__A1_P43235--7pck__C2_P43235,0.9818901858578017,0.5,True
5o4z__A1_Q9X1T1--5o4z__A2_Q9X1T1,0.9754419547141224,0.5,True
1vla__A1_Q9X021--1vla__B1_Q9X021,0.8917135538021607,0.5,True
5oed__A1_Q6EAT3--5oed__B1_Q13637,0.8216679609141444,0.5,False
7yva__A1_Q9URB4--7yva__B1_Q9URB4,0.9811448506292603,0.5,True
7s6n__B1_Q5RGJ8--7s6n__A1_Q5RGJ8,0.5486030397150744,0.5,True
4cz8__A1_Q9UZ55--4cz8__B1_Q9UZ55,0.9529086040837222,0.5,True
6ebn__A1_A0A4P1LYB6--6ebn__B1_A0A4P1LYB6,0.9451736182284849,0.5,True
3lf4__B1_D1MPT3--3lf4__A1_D1MPT3,0.32292991322575126,0.5,True
3ffe__B1_Q93AT8--3ffe__A1_Q93AT8,0.8900258172404291,0.5,True
7zg6__A1_A0A2J0RDY6--7zg6__B1_A0A2J0RDY6,0.914938564006245,0.5,True
8f4q__A1_Q00972--8f4q__A2_Q00972,0.7961182294204242,0.5,True
4rz3__A1_A4IMB4--4rz3__B1_A4IMB4,0.8405351644199313,0.5,True
8f8k__A1_O53507--8f8k__A2_O53507,0.9734191182413128,0.5,True
3zw5__A1_A6NK44--3zw5__B1_A6NK44,0.8031041338582677,0.5,True
6l3q__B1_G0SEI5--6l3q__A1_G0SEI5,0.9397628454510842,0.5,True
8ag8__A1_A0A1I5SVP7--8ag8__A2_A0A1I5SVP7,0.9087285637727759,0.5,True
2i2w__A1_P63224--2i2w__D1_P63224,0.9665410040845672,0.5,True
2f22__B1_Q9RC77--2f22__A1_Q9RC77,0.948221851433806,0.5,True
3tng__A1_Q8Y7B7--3tng__A2_Q8Y7B7,0.9798279675241063,0.5,True
8gr8__B1_P08679--8gr8__A1_P08679,0.9631309571498637,0.5,True
7ae8__A1_A0A0B0QJR1--7ae8__B1_A0A0B0QJR1,0.9645071818974769,0.5,True
2w54__B1_O54051--2w54__A1_O54050,0.9259692652989543,0.5,False
4b0z__A1_P50524--4b0z__B1_P50524,0.9443326243567753,0.5,True
2re7__A1_Q4FV99--2re7__A2_Q4FV99,0.9088618717448956,0.5,True
8h0t__A1_O34614--8h0t__A2_O34614,0.9872936632535109,0.5,True
1te2__A1_P77247--1te2__B1_P77247,0.9929096531996495,0.5,True
7xt2__A1_Q6ZMU5--7xt2__B1_Q6ZMU5,0.9134732219756263,0.5,True
1ev7__A1_P50187--1ev7__B1_P50187,0.9087009755101635,0.5,True
1ogl__A1_O15923--1ogl__A2_O15923,0.9590376684080286,0.5,True
3lrt__B1_Q97CA5--3lrt__A1_Q97CA5,0.9764682593462883,0.5,True
3fou__A1_Q5SGZ9--3fou__B1_Q5SGZ9,0.8968581813743302,0.5,True
5jnq__A1_R0BTE9--5jnq__A2_R0BTE9,0.9015698935263684,0.5,True
4g12__A1_A5U5K3--4g12__B1_A5U5K3,0.9596080648305828,0.5,True
3evj__B1_P01008--3evj__A1_P01008,0.8210772572184539,0.5,True
2oq2__B1_P18408--2oq2__A1_P18408,0.9936976191733933,0.5,True
8he6__A1_Q8YSS0--8he6__B1_Q8YSS0,0.9594175612536597,0.5,True
2xij__A1_P22033--2xij__A2_P22033,0.9515586525759337,0.5,True
1nr5__A1_P07547--1nr5__A2_P07547,0.9765885228886829,0.5,True
1gmj__A1_P01096--1gmj__B1_P01096,0.9613875571719844,0.5,True
4yba__B1_Q93K36--4yba__A1_Q93K36,0.9832049465916742,0.5,True
8ok7__A1_M4T0B2--8ok7__D1_M4T0B2,0.9374473413927364,0.5,True
7f76__B1_A0A223KLJ1--7f76__A1_A0A223KLJ1,0.8820903464858685,0.5,True
7vp6__A1_Q9C9L2--7vp6__B1_Q9C9L2,0.648904915795559,0.5,True
8jmq__A1_A9CQD5--8jmq__B1_A9CQD3,0.8960520908641223,0.5,False
7zgt__A1_W8R3D8--7zgt__B1_W8R3D8,0.9666192187902649,0.5,True
7xgt__B1_Q6H8B1--7xgt__A1_Q6H8B1,0.9845431411686973,0.5,True
3i2t__A1_P04412--3i2t__A2_P04412,0.8417525854016854,0.5,True
8tjk__A1_A0A0F7G196--8tjk__B1_A0A0F7G196,0.963238922098492,0.5,True
7wt0__A1_Q04760--7wt0__B1_Q04760,0.8658352621575802,0.5,True
3if0__A1_Q74MS9--3if0__A2_Q74MS9,0.9790042447075449,0.5,True
3qrh__A1_Q8SSM8--3qrh__A2_Q8SSM8,0.9443083224880702,0.5,True
8q70__A1_Q8U2C1--8q70__A2_Q8U2C1,0.9679757047188912,0.5,True
7vso__A1_P02945--7vso__A2_P02945,0.9302245546397565,0.5,True
5f8b__A1_Q4WB03--5f8b__A2_Q4WB03,0.9604070448236713,0.5,True
8ax0__A1_A0A384E145--8ax0__B1_A0A384E145,0.9677052420329508,0.5,True
7r5y__E2_R7PD89--7r5y__A1_R7PD89,0.9757375186080387,0.5,True
7qow__B1_Q93P54--7qow__A1_Q93P54,0.9539692825696356,0.5,True
5il7__A1_Q8KC98--5il7__B1_Q8KC98,0.7121990718302871,0.5,True
3ct9__B1_Q8A1V9--3ct9__A1_Q8A1V9,0.9807017047485168,0.5,True
8pvm__A1_P29166--8pvm__B1_P29166,0.8642199958062013,0.5,True
8ct0__F1_S4S3E3--8ct0__A1_S4S3E3,0.9006171982922069,0.5,True
3q2j__B1_P0A3Y5--3q2j__A1_P0A3Y5,0.6403251662959041,0.5,True
7xzp__B1_A0A379CIH2--7xzp__A1_A0A379CIH2,0.9750314542533997,0.5,True
3qvf__A1_Q56187--3qvf__A2_Q56187,0.9602361839954909,0.5,True
6gxs__A1_Q7NZ70--6gxs__D1_Q7NZ70,0.6230386335319559,0.5,True
2hr8__A1_O58456--2hr8__B1_O58456,0.9048804055398403,0.5,True
2zyf__A1_O87198--2zyf__A2_O87198,0.8670691702377047,0.5,True
7s3v__A1_Q16719--7s3v__A2_Q16719,0.9781396512333996,0.5,True
6a29__A1_O32504--6a29__B1_O32504,0.7414940943394343,0.5,True
4ml6__C1_A6GV51--4ml6__A1_A6GV51,0.9485639476592496,0.5,True
4cht__A1_Q13472--4cht__B1_Q9H9A7,0.711593938224493,0.5,False
1n4p__B1_P53610--1n4p__A1_Q04631,0.8830479305811849,0.5,False
1tec__A1_P04072--1tec__B1_P01051,0.9571345840829264,0.5,False
8p1h__A1_E7EX29--8p1h__B2_E7EX29,0.909249032108254,0.5,True
6b9t__A1_A9A1T2--6b9t__B1_A9A1T2,0.8837780474981699,0.5,True
3g0k__A1_Q2G4A7--3g0k__A2_Q2G4A7,0.9210656117251516,0.5,True
8hy5__A1_P14920--8hy5__B1_P14920,0.850191518955242,0.5,True
8fts__A1_R9UTR3--8fts__A2_R9UTR3,0.9625875874979268,0.5,True
1jrk__A1_Q8ZTD8--1jrk__B1_Q8ZTD8,0.9385472081011853,0.5,True
2ejn__A1_P30440--2ejn__B1_P30440,0.7417009707741827,0.5,True
8ju7__A1_Q9I2U4--8ju7__B1_Q9I2U4,0.9551492817585738,0.5,True
3nel__A1_Q52428--3nel__B1_Q52428,0.9676346698794311,0.5,True
2dc1__A1_O28440--2dc1__B1_O28440,0.969768376267513,0.5,True
8fzk__B1_P52292--8fzk__A1_P52292,0.5261210914302228,0.5,True
3wnz__A1_P39641--3wnz__A2_P39641,0.9807379321234859,0.5,True
8e1u__A1_A0A160VN62--8e1u__F2_A0A160VN62,0.9492030311203887,0.5,True
1v7c__A1_P83823--1v7c__B1_P83823,0.9263422013647713,0.5,True
3egg__A1_P62136--3egg__C1_O35274,0.7241720193464394,0.5,False
4yke__B1_G0RYR3--4yke__A1_G0RYR3,0.9063242958700806,0.5,True
1tq9__A1_P00669--1tq9__B1_P00669,0.5647488002493083,0.5,True
4oh3__B1_Q05085--4oh3__A1_Q05085,0.9580056014320357,0.5,True
4q62__A1_Q5ZUB7--4q62__A2_Q5ZUB7,0.7936997836001585,0.5,True
2we5__A1_P0A2X7--2we5__B1_P0A2X7,0.963606564018413,0.5,True
5t51__A1_Q6CLK3--5t51__B1_Q6CPD1,0.8898777378515941,0.5,False
3i0z__A1_A0A0H2UN25--3i0z__B1_A0A0H2UN25,0.8962973601381158,0.5,True
8p6k__A1_A0A0H2UWN1--8p6k__B1_A0A0H2UWN1,0.9459021077487737,0.5,True
7z9z__A1_P02754--7z9z__A2_P02754,0.9711800000574446,0.5,True
6d0i__A1_A0A0C5XL88--6d0i__B1_A0A0C5XKJ0,0.8604266419324093,0.5,False
3gs3__A1_Q8MSU4--3gs3__A2_Q8MSU4,0.2659586424807257,0.5,True
2f4m__A1_Q9JI78--2f4m__B1_P54728,0.8584428678531726,0.5,False
4yh8__A1_Q09176--4yh8__B1_P36629,0.8391912269671822,0.5,False
1e44__B1_P00646--1e44__A1_P02984,0.7913593435784589,0.5,False
2yri__A1_Q5SLX0--2yri__B1_Q5SLX0,0.9771863844464901,0.5,True
1gcj__A1_P70168--1gcj__B1_P70168,0.6871138243018179,0.5,True
7qbp__A1_A4F7B2--7qbp__A2_A4F7B2,0.9501873789696227,0.5,True
4hdd__A1_P09391--4hdd__A2_P09391,0.5573062061749228,0.5,True
3e4q__A1_P13633--3e4q__B1_P13633,0.877301258892517,0.5,True
8ein__B1_Q6FCQ4--8ein__A1_Q6FCQ4,0.9901594115881116,0.5,True
1zmb__A1_Q97LM8--1zmb__B1_Q97LM8,0.931523672354645,0.5,True
6ygu__A1_G0RZ64--6ygu__B1_G0S1V1,0.6670613261771858,0.5,False
2yyh__A1_O67435--2yyh__B1_O67435,0.9772756949138833,0.5,True
5wk0__A1_A0A2C9TMM3--5wk0__A2_A0A2C9TMM3,0.9353848760082878,0.5,True
8h4j__A1_W8UQZ7--8h4j__D1_W8UQZ7,0.9257254226489768,0.5,True
1z83__A1_P00568--1z83__B1_P00568,0.9411261882744772,0.5,True
8h2c__A1_Q0P8U0--8h2c__B1_Q0P8U0,0.9421026227942031,0.5,True
2dkh__A1_Q6SSJ6--2dkh__A2_Q6SSJ6,0.9284382734088734,0.5,True
7c7e__A1_A0A0H3MRW3--7c7e__A2_A0A0H3MRW3,0.9864083995093403,0.5,True
3dpt__B1_Q8KC98--3dpt__A1_Q8KC98,0.9270950709525212,0.5,True
3fgw__A1_Q3TCN2--3fgw__A2_Q3TCN2,0.9376272198244685,0.5,True
7wh0__A1_Q9U2E4--7wh0__B2_Q9U2E4,0.9978912454518811,0.5,True
8dq3__A1_A0A142G3G1--8dq3__B1_A0A142G3G1,0.8665130679386809,0.5,True
6t2b__A1_B2UQL7--6t2b__C1_B2UQL7,0.9573794486561165,0.5,True
8jh0__B1_S2D3K4--8jh0__A1_S2D3K4,0.8901433356956633,0.5,True
7t2s__A1_A0A494K842--7t2s__A2_A0A494K842,0.9341712377303726,0.5,True
3frw__B1_A5ZMD8--3frw__A1_A5ZMD8,0.8666405618107356,0.5,True
5ab5__A1_C9ZUV7--5ab5__B1_C9ZUV7,0.981618674008826,0.5,True
5myd__C2_A0A2D0TC86--5myd__A1_A0A2D0TC86,0.949290060106603,0.5,True
5cde__A1_Q8P839--5cde__B1_Q8P839,0.9408044366740949,0.5,True
6pi4__A1_A0R1Z9--6pi4__A2_A0R1Z9,0.34347790822637225,0.5,True
3ipf__A1_Q251Q8--3ipf__B1_Q251Q8,0.5446106625150241,0.5,True
2p3y__A1_Q87I71--2p3y__B1_Q87I71,0.9564364769488519,0.5,True
5jbr__A1_C5C6I1--5jbr__B1_C5C6I1,0.9097701843862384,0.5,True
8ttz__A1_G8E2R2--8ttz__B2_G8E2R2,0.9246001378290434,0.5,True
3vba__A1_Q58673--3vba__B1_Q58673,0.9693495051858448,0.5,True
4o6y__B1_Q9SWS1--4o6y__A1_Q9SWS1,0.8723505781098693,0.5,True
4e5r__A1_Q6IRB5--4e5r__A2_Q6IRB5,0.673801092415499,0.5,True
7ywv__A1_Q0SBK1--7ywv__C1_Q0SBK1,0.9819925777868201,0.5,True
8eer__A1_P01116--8eer__A2_P01116,0.6795484580952679,0.5,True
3f84__B1_E3PPC4--3f84__A1_E3PPC4,0.34342677887057305,0.5,True
5mu7__A1_G0S6G7--5mu7__B1_G0S6I4,0.8263821890130167,0.5,False
8hfp__B1_Q96T68--8hfp__A1_Q8N8R7,0.6288791016687626,0.5,False
4rmn__B1_Q6NC13--4rmn__A2_Q6NC13,0.8969094900150023,0.5,True
3mx1__A1_Q46944--3mx1__A2_Q46944,0.9532329378803134,0.5,True
5gl5__A1_Q06321--5gl5__B1_Q06321,0.7722105345901301,0.5,True
8e77__A1_Q1QD54--8e77__A2_Q1QD54,0.9776343420990972,0.5,True
5gl4__A1_B6YTD8--5gl4__B1_B6YTD8,0.9844252972948755,0.5,True
7wf9__A1_Q3ZT31--7wf9__B1_Q3ZT31,0.2974244235845424,0.5,True
8fw0__B1_P39897--8fw0__A1_P39897,0.9081540616960266,0.5,True
8ou8__B1_P0A8M3--8ou8__A1_P0A8M3,0.9675666731050896,0.5,True
7acm__B1_P75811--7acm__A1_P75811,0.9312832826169647,0.5,True
4trb__A1_Q97W95--4trb__B1_Q97W95,0.9399259984954778,0.5,True
2ia9__B1_P28015--2ia9__A1_P28015,0.9347391124776284,0.5,True
3sy6__A1_Q5LE92--3sy6__B1_Q5LE92,0.9323016639261992,0.5,True
6xz3__A1_Q9H1K6--6xz3__A2_Q9H1K6,0.9906976305873586,0.5,True
2h8e__A1_P0AG74--2h8e__A2_P0AG74,0.766754019735815,0.5,True
3gyx__A1_T2G6Z9--3gyx__B1_T2G899,0.8033640224713021,0.5,False
4e0u__A1_D1D8L6--4e0u__A2_D1D8L6,0.9972494609563496,0.5,True
6teu__A1_O60568--6teu__A2_O60568,0.9470152390724121,0.5,True
6xt5__B1_P49046--6xt5__A1_P49046,0.9782336252108288,0.5,True
8g1t__A1_Q07812--8g1t__B1_Q07812,0.2206920608692071,0.5,True
7xp7__B1_W9FXI8--7xp7__A1_W9FXI8,0.9521493880093044,0.5,True
8i55__A1_Q58380--8i55__B1_Q58380,0.9593953134460487,0.5,True
1h65__A1_Q41009--1h65__A2_Q41009,0.9425360644286065,0.5,True
3ol4__A1_A0QRC4--3ol4__B1_A0QRC4,0.31419280927524246,0.5,True
8idq__A1_A0A0B8MZ29--8idq__C1_A0A0B8MZ29,0.9196550320299461,0.5,True
3f6g__B1_Q8F3Q1--3f6g__A1_Q8F3Q1,0.8669114706869977,0.5,True
6akj__B1_G2TRN4--6akj__A1_G2TRN4,0.9287108337758896,0.5,True
3qhy__B1_O87916--3qhy__A1_Q93T42,0.9118398272334889,0.5,False
4j5p__B1_P97612--4j5p__A1_P97612,0.9337572121383473,0.5,True
4icq__A1_A0A0H2UN95--4icq__B1_A0A0H2UN95,0.9791293097958513,0.5,True
1klf__B1_P08191--1klf__A1_P31697,0.8787597557033342,0.5,False
6y4l__A1_Q15006--6y4l__B1_Q9Y3B6,0.8914527144518556,0.5,False
6dex__B1_Q74ZQ8--6dex__A1_Q75DL0,0.9181028726438061,0.5,False
2z02__A1_Q58987--2z02__B1_Q58987,0.9780087158366542,0.5,True
4l7w__A1_Q7Z4H3--4l7w__A2_Q7Z4H3,0.9465739019069709,0.5,True
6tct__A1_Q9KL67--6tct__B1_Q9KL67,0.9122992215682553,0.5,True
6sul__A1_A8FAR5--6sul__B1_A8FAR5,0.952811594364439,0.5,True
4qqv__A1_P26954--4qqv__B1_P26954,0.48409224265890916,0.5,True
3l8d__A1_A0RD96--3l8d__A2_A0RD96,0.944233248464741,0.5,True
7yqa__B1_A0A1C9ZZ39--7yqa__A1_A0A1C9ZZ39,0.7904507851002287,0.5,True
1b8m__B1_P34130--1b8m__A1_P23560,0.8193688915347668,0.5,False
1irq__B1_Q57468--1irq__A1_Q57468,0.8620162733930024,0.5,True
7xi6__A1_A5GXY1--7xi6__B1_A5GXY1,0.7803398277795868,0.5,True
7vrx__D1_A0A6J4AG16--7vrx__B1_A0A6J4AG16,0.9101758861410482,0.5,True
6iik__A1_P54578--6iik__B1_P54578,0.993456342651249,0.5,True
3nau__A1_Q9Y6X8--3nau__B1_Q9Y6X8,0.22841912457732474,0.5,True
3cis__B1_P9WFD7--3cis__A1_P9WFD7,0.9295043319033149,0.5,True
4jzy__B1_O77059--4jzy__A1_O77059,0.9413887385923752,0.5,True
7yxg__A1_Q9VU77--7yxg__B1_Q9VU77,0.9786030186073785,0.5,True
5cio__A1_A0A1A9TAI5--5cio__B1_A0A1A9TAI5,0.9240789906128828,0.5,True
8jwj__A1_Q9DAG9--8jwj__B1_P62837,0.8335257292545397,0.5,False
6ia6__A1_A0A1C7D1B7--6ia6__A2_A0A1C7D1B7,0.5912235807540569,0.5,True
8h1g__A1_O67518--8h1g__A2_O67518,0.9940617095294877,0.5,True
6x61__A1_Q79V60--6x61__B1_Q8DMT2,0.8258723443895406,0.5,False
7x0d__A1_A5YW95--7x0d__B1_A5YW95,0.9386898149197784,0.5,True
1ghd__B1_O86089--1ghd__A1_O86089,0.3672545608945458,0.5,True
2x6f__A1_Q9W1M7--2x6f__B1_Q9W1M7,0.9044232846635526,0.5,True
8oik__A1_Q9UPU9--8oik__C1_Q9UPU9,0.7929531011247015,0.5,True
6nxl__A1_B4DV12--6nxl__E1_B4DV12,0.49943195546866825,0.5,True
8wmy__A1_A0A4U7IGH6--8wmy__B2_A0A4U7IGH6,0.9362875519048915,0.5,True
3trf__A1_Q83AJ3--3trf__A2_Q83AJ3,0.6680763634483887,0.5,True
5h4s__A1_A0A090BWT0--5h4s__A2_A0A090BWT0,0.7760181378569346,0.5,True
2zvb__A1_Q53WA6--2zvb__A2_Q53WA6,0.8957559304480472,0.5,True
8wa7__A1_P27302--8wa7__B1_P27302,0.9804705309768548,0.5,True
3b0z__B1_P40727--3b0z__A1_P40727,0.3208972074991685,0.5,True
4usp__A1_B3GA02--4usp__B1_B3GA02,0.7913727051097069,0.5,True
7cms__A1_P00953--7cms__B1_P00953,0.9768930361865551,0.5,True
7t8q__A1_Q7S860--7t8q__D1_Q7S860,0.8769795789982563,0.5,True
6j9k__A1_A0A425B3G2--6j9k__A2_A0A425B3G2,0.8644970830661433,0.5,True
7xp0__A1_Q9I5E1--7xp0__A2_Q9I5E1,0.9030626281634969,0.5,True
8ih4__A1_Q8WVV5--8ih4__B1_Q8WVV5,0.7942028113415871,0.5,True
1tfe__A1_P43895--1tfe__A2_P43895,0.9718865685388879,0.5,True
2a8f__A1_P15569--2a8f__B1_P15569,0.9664669002397197,0.5,True
4iwq__A1_Q9UHD2--4iwq__A2_Q9UHD2,0.8244612868753253,0.5,True
5hs5__A1_Q2G0D1--5hs5__B1_Q2G0D1,0.9596364697544504,0.5196078431372549,True
3v89__A1_Q9K0U9--3v89__B1_P02787,0.8499240436882272,0.5,False
8e3g__B1_P43026--8e3g__A1_P12643,0.8768400312053861,0.5,False
2w8b__A1_P0A855--2w8b__H1_P0A912,0.7269350231793031,0.5,False
5f7p__B1_Q8YAF1--5f7p__A1_Q8YAF1,0.9640029583051548,0.5,True
8f71__B1_Q6N5G3--8f71__A1_Q6N5G3,0.9935896283017098,0.5,True
8hwi__B1_A0A327WNX5--8hwi__A1_A0A327WNX5,0.8260879333985802,0.5,True
7r3i__B1_P54292--7r3i__A1_P54292,0.869945839739924,0.5,True
8afj__A1_A0A179QS89--8afj__B1_A0A179QS89,0.9658776609459161,0.5,True
3pub__B1_E5EVW2--3pub__A1_E5EVW2,0.9179554827332437,0.5,True
8es5__A1_A0A0H2Z732--8es5__B1_A0A0H2Z732,0.9593079462243942,0.5051020408163265,True
7txn__B1_Q8YVV6--7txn__A1_Q8YVV6,0.9528190349515997,0.5,True
3py6__A1_Q2YQ74--3py6__A2_Q2YQ74,0.9556260263129586,0.5,True
1hjr__A1_P0A814--1hjr__C1_P0A814,0.9350412894054252,0.5,True
8k3b__A1_A0A071KWR3--8k3b__A2_A0A071KWR3,0.8912310659380005,0.5,True
3w2z__A1_Q8YXY7--3w2z__A2_Q8YXY7,0.9066616137139204,0.5,True
8f78__A1_P55212--8f78__B1_P55212,0.8669863205401813,0.5,True
6wg4__A1_Q14683--6wg4__B1_Q9UQE7,0.8296715972617924,0.5,False
7zry__A1_O60341--7zry__B1_Q9UKL0,0.7848827976638143,0.5,False
1uix__A1_Q28021--1uix__B1_Q28021,0.9561021320468651,0.5,True
7vrc__A1_P38956--7vrc__B1_P22082,0.8850015880993185,0.5,False
1oz0__A1_P31335--1oz0__B1_P31335,0.9674585866340204,0.5,True
7eft__B1_P16926--7eft__A1_P16926,0.7645030355656542,0.5,True
8e2b__B1_Q2FYI5--8e2b__A1_Q2FYI5,0.7058523271749979,0.5,True
7jw6__A1_Q9VIF1--7jw6__A2_Q9VIF1,0.8046482171435888,0.5,True
1jkw__A1_P51946--1jkw__A2_P51946,0.8410113925961444,0.5,True
4pfp__B1_F1RQI7--4pfp__A1_F1RQI7,0.9297211473308934,0.5,True
8h1s__A1_Q9I5U2--8h1s__B1_Q9HX32,0.7178175121328607,0.5,False
7t0y__A1_P62136--7t0y__B1_Q14684,0.686822316067625,0.5,False
1tz9__A1_Q82ZC9--1tz9__B1_Q82ZC9,0.976047766354612,0.5,True
2wns__B1_P11172--2wns__A1_P11172,0.9259963824415767,0.5,True
6s8v__B1_P08195--6s8v__A1_P80188,0.5794995268200602,0.5,False
2gt4__A1_P32056--2gt4__B1_P32056,0.8809790720398586,0.5,True
3bof__A1_Q9WYA5--3bof__B1_Q9WYA5,0.9979583805241249,0.5,True
6trj__A1_O75475--6trj__A2_O75475,0.2653609122793583,0.5,True
8h4z__A1_A0A2X5A3P4--8h4z__B1_A0A2X5A3P4,0.9965697137774203,0.5,True
2hre__A1_P22830--2hre__B1_P22830,0.8213517767025649,0.5,True
5yjc__A1_Q5HK94--5yjc__B1_Q5HK94,0.8710992665868991,0.5,True
8d6k__A1_Q9L1K2--8d6k__B1_Q9L1K2,0.9444120219538968,0.5,True
2zew__B1_Q9ZA17--2zew__A1_Q9ZA17,0.2192777963263156,0.5,True
5wpi__A1_Q58PW8--5wpi__B1_Q58PW8,0.9752767591253866,0.5,True
8fk6__A1_A0A0C9S461--8fk6__B1_P80098,0.8881736611589299,0.5,False
7tm7__A1_A0A0H3GYH4--7tm7__B1_A0A0H3GYH4,0.9799773082965658,0.5,True
7x4b__A1_A0A2D0TCG3--7x4b__B1_A0A2D0TCG3,0.9327018493459631,0.5,True
4aqp__B1_P54253--4aqp__A1_P54253,0.24789366606285376,0.5,True
3npi__A1_Q6NFU8--3npi__B1_Q6NFU8,0.8414755738587825,0.5,True
