system_id,auroc,bacc,is_homodimer
8iyi__A1_Q6CVU4--8iyi__B1_Q6CVU4,0.9612445150086074,0.5,True
1uus__A1_O00910--1uus__A2_O00910,0.9443285850542913,0.5,True
1zt2__A1_Q97Z83--1zt2__C1_Q9UWW1,0.9751035038733011,0.5,False
7uex__A1_Q9H999--7uex__A2_Q9H999,0.9622029126001697,0.5,True
6jqy__A1_P9WF13--6jqy__B1_P9WF13,0.9069050218340612,0.5577874818049491,True
6l6w__A1_A0A3B6UEU3--6l6w__A2_A0A3B6UEU3,0.9954552221277553,0.5,True
8h56__A1_Q8BB16--8h56__B1_Q8BB16,0.9082057950406626,0.5,True
8grj__B1_Q8GQE7--8grj__A1_A0A0H3KLY3,0.9498464069513761,0.5,False
2j0n__B1_P18013--2j0n__A1_P18013,0.7988922673379129,0.5,True
5djt__A1_O49004--5djt__B1_UNDEFINED,0.9268536691690958,0.5,False
5ae6__B1_Q92458--5ae6__A1_Q92458,0.9173004336666781,0.5,True
3v1e__A1_UNDEFINED--3v1e__B1_UNDEFINED,0.7912719298245614,0.5,True
7qi3__A1_W7NDP8--7qi3__C1_W7NDP8,0.9422881005401459,0.5,True
2yve__A1_Q8NMG3--2yve__B1_Q8NMG3,0.9308755833005611,0.5155978963744535,True
5ynx__A1_B2GM84--5ynx__B1_B2GM84,0.9253535507668195,0.5,True
2r6u__A1_Q0S814--2r6u__C1_Q0S814,0.8437558737019007,0.5057803468208093,True
8b6m__A1_Q9H2K2--8b6m__B1_Q9H2K2,0.7668891440231572,0.5,True
3kc2__A1_P36151--3kc2__B1_P36151,0.9820105315653602,0.5,True
3vp5__A1_Q9CHR1--3vp5__A2_Q9CHR1,0.9357146476115131,0.5,True
7pvh__A1_B2RLE7--7pvh__B1_B2RLE7,0.7565735547403665,0.5,True
4nqf__B2_Q7CW19--4nqf__A1_Q7CW19,0.894026207538797,0.5,True
1vjh__A1_P0C0B0--1vjh__B1_P0C0B0,0.926580195982147,0.5,True
5xw4__B1_Q00684--5xw4__A1_Q00684,0.8964758256384388,0.5,True
4xdl__A1_P57789--4xdl__B1_P57789,0.8219788913545683,0.5,True
6ukl__A1_P0A901--6ukl__F1_P0A901,0.8227458742343595,0.5,True
5by4__A1_P0ABV6--5by4__A2_P0ABV6,0.9747849004050785,0.5,True
7zxs__A1_Q86TI2--7zxs__C1_Q86TI2,0.9598558527355147,0.5,True
1v6u__A1_Q7SI98--1v6u__B1_Q7SI98,0.9111879150835167,0.5,True
6e27__A1_Q9H257--6e27__B1_Q9H257,0.7934555990419494,0.4999392540396064,True
7szd__A1_Q96S44--7szd__B1_Q9Y3C4,0.9450810550056914,0.5,False
1h9r__A1_P0A9G8--1h9r__B1_P0A9G8,0.8810314147167843,0.5,True
3on6__A1_A7M0J6--3on6__B1_A7M0J6,0.9574692083460519,0.5,True
8fwy__A1_Q4DGA2--8fwy__B1_Q4DGA2,0.9134467447635499,0.5,True
1yu6__A1_P00780--1yu6__C1_P68390,0.9558645973411867,0.5,False
6ek1__A1_A0A452CST7--6ek1__A2_A0A452CST7,0.979566485340615,0.5,True
6ckj__A1_P0A0Z8--6ckj__A2_P0A0Z8,0.9567910029352593,0.5,True
7yj0__B1_UNDEFINED--7yj0__A1_UNDEFINED,0.947106359628987,0.5,True
1w33__A1_O50957--1w33__B1_O50957,0.9753477706984245,0.5,True
4usk__B1_H7C745--4usk__B2_H7C745,0.9249317500667662,0.5,True
6cmv__B1_Q4J9G1--6cmv__A1_Q4J9G1,0.9748618724725995,0.5,True
7y70__A1_F4KCC2--7y70__A2_F4KCC2,0.8188175460902734,0.5,True
3cwx__A1_P94837--3cwx__B1_P94837,0.9676024078663751,0.5,True
3p1y__A1_O29362--3p1y__B1_O29362,0.8911890136661207,0.5,True
8a8i__A1_Q9R9V9--8a8i__B1_Q9R9V9,0.9882310183947645,0.5,True
5d1l__A1_P62837--5d1l__B1_Q96BH1,0.7834333150205871,0.5,False
8bcs__A1_UNDEFINED--8bcs__A2_UNDEFINED,0.9144834673275706,0.5140845070422535,True
8og3__A1_P38489--8og3__B1_P38489,0.9478244693636544,0.5,True
3c07__A1_Q9KZ96--3c07__B1_Q9KZ96,0.934337052532643,0.5,True
3iqy__A1_P28366--3iqy__A2_P28366,0.9598101532851862,0.5,True
4afi__A1_P70280--4afi__B1_P70280,0.9380281538694214,0.5,True
7e76__A1_A0A3B6LNA8--7e76__B1_A0A3B6LNA8,0.8726647691577292,0.5,True
3cqc__A1_P57740--3cqc__B1_Q8WUM0,0.9722372279883127,0.50625,False
7x1k__A1_Q6DL91--7x1k__B1_Q6DL91,0.9509195648797948,0.5,True
6ydr__A1_A0A3S8UVN5--6ydr__A2_A0A3S8UVN5,0.859064441805692,0.49996969513303835,True
8egw__B1_Q6V0I7--8egw__A1_Q96JQ0,0.8995305560240625,0.5,False
8sgd__A1_P25342--8sgd__B1_P32457,0.8787379132406917,0.5,False
3ecf__A1_Q3M5E4--3ecf__B1_Q3M5E4,0.9503401159589983,0.5,True
6j94__A1_Q93VK5--6j94__B1_Q93VK5,0.9638124110120665,0.5,True
7xsh__A1_K1KV82--7xsh__B2_K1KV82,0.9732204469505574,0.5,True
7fct__B1_A0A4Y1LJC5--7fct__A1_A0A4Y1LJC5,0.9113329681577917,0.5,True
8v14__A1_G5EEF9--8v14__B1_G5EEF9,0.9437118149146451,0.5,True
6r76__A1_H3ZMH8--6r76__B1_H3ZMH8,0.9579387337618186,0.5,True
8ap0__A1_A0A5S9CYM0--8ap0__A2_A0A5S9CYM0,0.9687338767929006,0.51010101010101,True
5j10__A1_UNDEFINED--5j10__B1_UNDEFINED,0.9137300054416494,0.5383904862218839,True
3qph__A1_Q9HGZ9--3qph__A2_Q9HGZ9,0.9152962845223754,0.5,True
6o6z__A1_B6YWC3--6o6z__B1_B6YWC3,0.9307166259997879,0.5,True
7edp__B1_Q5JT35--7edp__A1_Q8TEK3,0.8132351475279107,0.5,False
3fil__A1_P19909--3fil__B1_P19909,0.9795276520038112,0.5254766060422095,True
6do2__A1_P11021--6do2__B1_P11021,0.9921677209767732,0.5,True
7f4q__B1_Q22GC0--7f4q__A1_I7M8B9,0.9048828239185085,0.5,False
4hfg__A1_Q9NQG5--4hfg__B1_Q9NQG5,0.93457345464157,0.5,True
7yh2__A1_A0A1Q9P883--7yh2__B1_A0A1Q9P883,0.9907763804892183,0.5,True
3axs__A1_O67010--3axs__A2_O67010,0.9679518253291788,0.5,True
3cqr__A1_Q39249--3cqr__B1_Q39249,0.8932980322017882,0.5,True
3s8k__A1_P80691--3s8k__B1_P80691,0.9387733637838812,0.5,True
4oun__A1_O31418--4oun__A2_O31418,0.9675375240218036,0.5,True
2iab__A1_Q825J7--2iab__B1_Q825J7,0.9050156091044823,0.5,True
3o3n__A1_Q5U924--3o3n__B1_Q5U923,0.9433358006367714,0.5,False
6f3z__A1_P0ADC3--6f3z__B1_P61316,0.9698809089540485,0.5,False
1hr7__A1_P11914--1hr7__B1_P10507,0.93481651382386,0.5,False
8gko__B1_P28296--8gko__A1_P28296,0.9660602714878599,0.5,True
2gkv__A1_P00777--2gkv__B1_P68390,0.947494419581294,0.5,False
8stx__A1_Q4E4E1--8stx__B1_Q4E4E1,0.977410907401597,0.5,True
4m36__A1_Q582G4--4m36__A2_Q582G4,0.9403447608395038,0.5,True
5wpu__A1_A0A076NBW8--5wpu__A2_A0A076NBW8,0.8769169695558273,0.5,True
5yps__A1_A0A0W4ZF97--5yps__B1_A0A0W4ZF97,0.9235642390370307,0.5,True
5oge__E1_P40107--5oge__A1_P40107,0.908677252050458,0.5,True
5fey__B1_Q13049--5fey__A1_Q13049,0.8966461707754976,0.5147058823529411,True
8hce__B1_Q91XB0--8hce__A1_Q91XB0,0.9489768594380721,0.5,True
1ggp__B1_Q7SIF1--1ggp__A1_Q7SIF0,0.9215198305961048,0.49996629705773316,False
5z50__A1_O05926--5z50__B1_O05926,0.9356032464769369,0.5,True
6eyy__A1_A0A1S5PRR0--6eyy__B1_A0A1S5PRR0,0.8736394049565548,0.5,True
7t9u__A1_Q86WV6--7t9u__A2_Q86WV6,0.9654992167134682,0.5,True
6ey4__A1_Q5EGM3--6ey4__A2_Q5EGM3,0.911984444495418,0.5,True
2hvg__A1_A5KBL5--2hvg__B1_A5KBL5,0.9052283062445591,0.5,True
6wp7__A1_Q82H41--6wp7__B1_Q82H41,0.9200392641215529,0.5,True
7dnu__A1_P32092--7dnu__A2_P32092,0.8126766070017308,0.5,True
3w8i__A1_Q9BUL8--3w8i__B1_Q9P289,0.9145465269980243,0.49987741091860083,False
4oky__A1_Q52612--4oky__A2_Q52612,0.9371493941347024,0.5,True
7t63__B1_UNDEFINED--7t63__A1_UNDEFINED,0.8892227667153478,0.5,True
7x20__A1_P54708--7x20__B1_P07340,0.9344503686897334,0.5,False
3hnw__A1_D0VWZ2--3hnw__B1_D0VWZ2,0.8949678950664367,0.5,True
8r37__A1_A0A086IRG1--8r37__B1_A0A086IRG1,0.8559439251276876,0.4998953865467099,True
7zm5__A1_Q6WGM0--7zm5__B1_Q6WGM0,0.9687354053486751,0.5,True
2z7j__A1_P25220--2z7j__A2_P25220,0.5706757865807655,0.5,True
1rqg__A1_Q9V011--1rqg__A2_Q9V011,0.8791337463773016,0.5,True
8brl__A1_F7J213--8brl__A2_F7J213,0.9727932977248352,0.5,True
6noi__A1_UNDEFINED--6noi__B1_UNDEFINED,0.9219387930252886,0.5,True
7qiu__A1_P94538--7qiu__B1_P94538,0.9888623746462485,0.5,True
6sjs__A1_B8FUR2--6sjs__B1_B8FUR2,0.9870439512032683,0.5039099190551967,True
8hlg__A1_Q9RR88--8hlg__B1_Q9RR88,0.8925357246459066,0.5,True
4uae__A1_O00629--4uae__B1_P31345,0.8838018677892977,0.5,False
7pcr__A1_P56185--7pcr__A2_P56185,0.9111015264046851,0.5,True
3bvq__B1_Q2I6W2--3bvq__A1_Q2I6W2,0.9705598181877106,0.5,True
7a67__B1_UNDEFINED--7a67__A1_Q9V1Z9,0.9000991280441686,0.506698871259256,False
6bsu__A1_Q9LZJ3--6bsu__B1_Q9LZJ3,0.9077104356743491,0.4999955905956223,True
4e5u__B1_Q9HZN8--4e5u__A1_Q9HZN8,0.9775095072603225,0.5,True
8a52__A1_P23222--8a52__B1_P23222,0.9255253416497116,0.49999602534241677,True
1d0v__A1_Q05603--1d0v__A2_Q05603,0.9810151568167927,0.49999581827913825,True
3gwq__A1_Q145Q0--3gwq__B1_Q145Q0,0.8908569494131382,0.5,True
7lxs__A1_Q8ZMZ2--7lxs__C1_Q8ZMZ2,0.9207189116827672,0.5,True
6w08__B1_Q9KL63--6w08__A1_Q9KL63,0.962858616804235,0.5,True
7wrm__A1_D0IVL9--7wrm__B1_D0IVL9,0.947891448113901,0.5,True
2yww__B1_Q58801--2yww__A1_Q58801,0.9846445023032246,0.5,True
3lm6__A1_P40869--3lm6__B1_P40869,0.9698043849199461,0.5,True
7trw__A1_A0A380PDL3--7trw__A2_A0A380PDL3,0.8390331862058811,0.5,True
8syc__A1_Q13370--8syc__B1_Q13370,0.9044650353085478,0.5,True
1gk6__A1_P03069--1gk6__B1_P03069,0.8944966143458606,0.5,True
1reo__A1_Q6STF1--1reo__A2_Q6STF1,0.9717997677558621,0.5,True
6s3b__A1_Q88JK6--6s3b__B1_Q88JK6,0.9624331607090229,0.5,True
7tl5__A1_A0A3F3B310--7tl5__B1_A0A3F3B310,0.9093072492346691,0.5,True
2asf__A1_P9WLL7--2asf__A2_P9WLL7,0.9177303240271757,0.5,True
8ilj__A1_A0A242MJ43--8ilj__B1_A0A242MJ43,0.9880190464120507,0.5,True
8ezg__A1_P01116--8ezg__B1_UNDEFINED,0.9260774477158547,0.5,False
7uh4__A1_UNDEFINED--7uh4__B1_UNDEFINED,0.9204732596438341,0.5,True
4usc__A1_A0A0A0Y4H8--4usc__B1_A0A0A0Y4H8,0.9852068871904518,0.5,True
5yp3__A1_Q6F3I7--5yp3__B1_Q6F3I7,0.9864311189458983,0.5,True
8aid__A1_Q9HWJ8--8aid__B1_Q9HWJ8,0.97650383544933,0.5,True
7yp6__B1_E5L4T5--7yp6__A1_E5L4T5,0.8750505613487192,0.5,True
4aql__A1_Q9Y2T3--4aql__A2_Q9Y2T3,0.9670486267623516,0.5,True
3idf__A1_O34252--3idf__B1_O34252,0.9293638814016173,0.5,True
8fjr__A1_D1A807--8fjr__B1_D1A807,0.8684874702853629,0.5,True
7z56__B1_F0NGX6--7z56__A1_F0NGX6,0.9923897997477622,0.5538307734899448,True
6ikj__A1_Q9I4L6--6ikj__B1_Q9I4L6,0.713301051466519,0.5,True
8b2q__A1_D0EM77--8b2q__B1_G8UM88,0.9603320976253414,0.5,False
5x42__A1_Q5ZYB7--5x42__B1_Q5ZYC6,0.950998876825159,0.5149251216772744,False
1vkh__A1_Q04066--1vkh__B1_Q04066,0.942999318403731,0.5,True
5omd__A1_Q04377--5omd__A2_Q04377,0.8181569456535257,0.5,True
2vsg__A1_P26329--2vsg__B1_P26329,0.9435035186685538,0.5,True
1jql__A1_P0A988--1jql__B1_P28630,0.9747409674456776,0.5,False
1w9c__A1_O14980--1w9c__B1_O14980,0.9957984838692218,0.5,True
7n35__A1_UNDEFINED--7n35__B2_UNDEFINED,0.8728380746237889,0.5,True
3upl__A1_Q2YIM3--3upl__B1_Q2YIM3,0.978222111237637,0.5,True
3tm2__A1_Q83XN4--3tm2__B1_Q83XN4,0.8938130115279577,0.5,True
7yls__B1_C5CSP6--7yls__A1_C5CSP7,0.8785220772808877,0.5,False
7psg__A1_Q6D515--7psg__B1_Q6D515,0.9655728766495011,0.5,True
8pte__A1_P00698--8pte__A2_P00698,0.8787857520035827,0.5,True
7ytu__B1_P68623--7ytu__A1_P68458,0.8745090987139401,0.5,False
7ykc__A1_P14843--7ykc__B1_P14843,0.9479596835342007,0.5,True
3wxe__A1_E7FEV5--3wxe__B1_P0CG48,0.9146689613969341,0.5,False
7zr3__A1_A0A8E4HNI8--7zr3__B1_A0A8E4HNI8,0.9741805393762591,0.5,True
2vjf__A1_Q00987--2vjf__B1_O15151,0.8606406048897945,0.5048233009513111,False
7pvo__A1_P56137--7pvo__A2_P56137,0.9577484823483818,0.5,True
3kkd__A1_Q9HXU1--3kkd__A2_Q9HXU1,0.9271888504347553,0.5,True
3mph__A1_P19801--3mph__B1_P19801,0.9070996545620916,0.5,True
6jc4__A1_A6TE44--6jc4__D1_A6TE44,0.881866964170666,0.5,True
2rf4__A1_P46669--2rf4__B1_P50106,0.8850087158628704,0.5,False
4huz__A1_Q9ZBB0--4huz__A2_Q9ZBB0,0.9018939537044817,0.5,True
5gtj__B1_Q9BV47--5gtj__A1_Q9BV47,0.9710918624376703,0.5,True
2xw7__A1_A0QP85--2xw7__B1_A0QP85,0.9426666403755781,0.5,True
6l6h__A1_Q5ZZ22--6l6h__B1_Q5ZZ22,0.9442027898847187,0.5,True
8p7m__A1_P0A434--8p7m__A2_P0A434,0.9701362663641562,0.5,True
6dm9__A1_UNDEFINED--6dm9__B1_UNDEFINED,0.8934391233188643,0.5,True
6gou__A2_P97275--6gou__C1_P97275,0.9492136461153196,0.5,True
2wwo__A1_Q66ED7--2wwo__B1_Q66ED7,0.9690860630254929,0.5,True
8i3n__A1_Q12178--8i3n__C1_Q12178,0.9570348898616376,0.5,True
1s7i__A1_Q9I3Z5--1s7i__A2_Q9I3Z5,0.891337878837308,0.5,True
3szw__A1_B7JBP8--3szw__A2_B7JBP8,0.9902562756760817,0.5,True
5x7r__A1_A0A193PKW5--5x7r__B1_A0A193PKW5,0.9180624234489054,0.5,True
2nys__A1_Q8U561--2nys__B1_Q8U561,0.945625399620557,0.5,True
3gr5__A1_O52135--3gr5__A2_O52135,0.8340195350254485,0.5,True
3ded__A1_Q7P1I2--3ded__B1_Q7P1I2,0.8143847731307917,0.5,True
5b5x__A1_Q75NZ1--5b5x__A2_Q75NZ1,0.912281048855123,0.5,True
7qga__A1_P21589--7qga__A2_P21589,0.9910789854021331,0.5,True
8ow9__A1_G8UQH9--8ow9__B1_G8UQH9,0.9411888062011817,0.5,True
3bcw__B1_A0A0H3LK92--3bcw__A1_A0A0H3LK92,0.9326222056146335,0.5,True
6duy__A1_Q61301--6duy__B2_Q61301,0.9562583528272355,0.5,True
5zyf__A1_Q99ZW0--5zyf__B1_Q99ZW0,0.8439972510308633,0.5047169811320755,True
1mml__A1_P03355--1mml__A2_P03355,0.9170732170071194,0.5,True
2b7o__A1_O53512--2b7o__B1_O53512,0.9265816138476839,0.5,True
1v57__A1_P77202--1v57__A2_P77202,0.9674495422739344,0.5,True
2hsa__B1_Q9FEW9--2hsa__A1_Q9FEW9,0.9860652378651819,0.5,True
4tsd__A1_O25673--4tsd__B1_O25673,0.9589695543097841,0.5044642857142857,True
7qh0__B1_P48499--7qh0__A1_P48499,0.9628915689398713,0.5,True
3neu__A1_Q92AT3--3neu__A2_Q92AT3,0.923211069680136,0.5,True
8f9x__A1_Q5LVE1--8f9x__B1_Q5LVE1,0.9597201695771551,0.5033112582781457,True
6ne2__A1_UNDEFINED--6ne2__B1_O75084,0.9380774103785157,0.5,False
2b4h__A1_P12473--2b4h__B1_P12473,0.8908014056738522,0.5,True
3pui__A1_Q9L9D7--3pui__A2_Q9L9D7,0.9652829578988881,0.5,True
1myl__A1_P03050--1myl__B1_P03050,0.8007945415352822,0.5050505050505051,True
1rqi__A1_P22939--1rqi__B1_P22939,0.9723885656456779,0.5,True
3x1b__A1_UNDEFINED--3x1b__B1_UNDEFINED,0.9618449386226553,0.5,True
6pya__A1_P04278--6pya__A2_P04278,0.9438739309949201,0.5,True
1r27__A1_P09152--1r27__B1_P11349,0.9299656058521981,0.5,False
7zuv__A1_A0A2K3DY10--7zuv__D2_A0A2K3DY10,0.8909681278467195,0.5,True
2aho__A1_Q980A5--2aho__B1_Q97Z79,0.9369767453524626,0.5,False
6mni__A1_A0A2V0QX35--6mni__B1_A0A2V0QX35,0.9823975377071896,0.5,True
4kif__B1_Q643C8--4kif__A1_Q643C8,0.9751405931542275,0.5,True
7vmv__B1_Q5I3B6--7vmv__A1_Q58HT7,0.7201141046178718,0.5,False
3g23__A1_Q2G8F3--3g23__B1_Q2G8F3,0.97336263483719,0.5,True
3ui3__A1_O05728--3ui3__B1_O05728,0.9463904740455179,0.5,True
8ohy__A1_Q556V8--8ohy__A2_Q556V8,0.9688145416540478,0.5,True
5zgo__A1_Q5SHW6--5zgo__B1_Q5SHW6,0.9196417278016695,0.5,True
5uph__B1_Q14108--5uph__A1_Q14108,0.9692007211538463,0.5,True
6u3w__A1_P53622--6u3w__B1_P40509,0.943702621526833,0.5,False
2gsv__B1_P71066--2gsv__A1_P71066,0.8849674745567098,0.5,True
7yh1__A1_A0A5B9DB95--7yh1__B1_A0A5B9DB95,0.9539125018035717,0.49988762361402456,True
6c6r__A1_Q14534--6c6r__B1_Q14534,0.9955710752744701,0.5,True
6p4o__B1_Q970I1--6p4o__A1_Q970I2,0.9548893451652964,0.5,False
8i8y__B1_UNDEFINED--8i8y__A1_UNDEFINED,0.48693562039831984,0.5,True
2oys__A1_A0A0H2URW2--2oys__B1_A0A0H2URW2,0.9304088757798985,0.5,True
8i85__A1_D2B3F1--8i85__B1_D2B3F1,0.8638005652688919,0.5,True
2b0a__A1_Q58193--2b0a__A2_Q58193,0.9640821195244149,0.5,True
3ayh__B1_O94285--3ayh__A1_Q9C0Z9,0.8555281245918445,0.5,False
7yji__A1_UNDEFINED--7yji__A2_UNDEFINED,0.9919039129832508,0.5,True
2g38__B1_Q79FE1--2g38__A1_Q7D756,0.8899494410524658,0.5,False
2z6k__A1_P15927--2z6k__C1_P35244,0.8694355478908325,0.5,False
3p8b__B1_Q8TZK1--3p8b__A1_Q8U440,0.8954957362861142,0.5111111111111111,False
5yz5__A1_Q16555--5yz5__A2_Q16555,0.9476538730482796,0.5,True
6dk9__A1_A7A1Y4--6dk9__A2_A7A1Y4,0.9525085497029098,0.5,True
6fls__A1_UNDEFINED--6fls__B1_UNDEFINED,0.9843119910579408,0.5,True
2p19__A1_Q8NTZ4--2p19__C1_Q8NTZ4,0.9188207369375427,0.5,True
8ai1__B1_Q45595--8ai1__A1_Q45595,0.9598787441904582,0.5,True
7px0__B1_Q9VF53--7px0__A1_Q9VF53,0.9681061986277549,0.5,True
4cmz__B1_Q9BXM0--4cmz__A1_Q9BXM0,0.8525332302117598,0.5051270282899673,True
8gyz__B1_Q93ZE2--8gyz__A1_Q93ZE2,0.9683079823638321,0.5,True
5j1l__B1_O26069--5j1l__A1_O26068,0.9805643992166959,0.506393039965108,False
7ubk__B1_P03047--7ubk__A1_P03047,0.788674048532314,0.5,True
6j26__A1_Q5JIZ3--6j26__B1_Q5JIZ3,0.9376680762792471,0.5,True
8ic1__A1_UNDEFINED--8ic1__B1_UNDEFINED,0.8763572008853506,0.5,True
2ns9__A1_Q9Y9R3--2ns9__B1_Q9Y9R3,0.9638177174409058,0.5,True
5l8s__A1_E1VFE0--5l8s__C1_E1VFE0,0.969026114157405,0.5,True
6zrw__A1_B3VS76--6zrw__B1_B3VS76,0.9466425488702717,0.5,True
5fcn__B1_Q66GS9--5fcn__A1_Q66GS9,0.9125358166189113,0.5,True
7vl1__A1_I0AIT9--7vl1__B1_I0AIT9,0.9577330806854834,0.5,True
2rek__B2_Q9ADD9--2rek__A1_Q9ADD9,0.9854672154823801,0.5,True
2zrt__A1_O75340--2zrt__B1_O75340,0.9122662575360668,0.5,True
8h3t__A1_UNDEFINED--8h3t__B1_UNDEFINED,0.9537914779843586,0.5,True
2f1m__A1_P0AE06--2f1m__B1_P0AE06,0.7254126189138028,0.5,True
3t5t__B1_Q15JG1--3t5t__A1_Q15JG1,0.9442411713932197,0.5,True
4z9r__B1_Q8EGK4--4z9r__A1_Q8EGK4,0.9285143263840154,0.5,True
2oze__A1_Q57280--2oze__A2_Q57280,0.9442949823768864,0.5,True
1x6m__A1_Q51669--1x6m__D1_Q51669,0.8148296282813381,0.5,True
4pfc__A1_P14735--4pfc__B1_P14735,0.9362674400592975,0.5,True
6byi__A1_Q8PI23--6byi__B1_Q8PI23,0.919235888726016,0.5,True
3aaa__A1_P13127--3aaa__B1_P14315,0.9591718919188197,0.5,False
1xgm__A1_P56218--1xgm__B1_P56218,0.9577979265444767,0.5,True
5mrv__A1_Q8IVL8--5mrv__C1_P86912,0.8635167524600276,0.5,False
5e4v__A1_Q89933--5e4v__A2_Q89933,0.9248140043681448,0.5,True
1vhq__A1_P0ABU5--1vhq__B1_P0ABU5,0.9818491216340834,0.5052083333333334,True
2pqv__B1_A0A0H2UMZ7--2pqv__A1_A0A0H2UMZ7,0.9346413545059717,0.5,True
1zva__A1_P59594--1zva__A2_P59594,0.9407479040655766,0.5,True
8pq4__A1_P69782--8pq4__A2_P69782,0.8939525709829824,0.5,True
8a14__A1_A0A0D1E4Q7--8a14__C2_A0A0D1E4Q7,0.8792142096872546,0.5,True
1dtd__A1_P48052--1dtd__B1_P81511,0.9460155140310722,0.5,False
3c6n__B1_Q570C0--3c6n__A1_Q39255,0.8957667359796406,0.5,False
3ctz__A1_Q9NQW7--3ctz__A2_Q9NQW7,0.974936775788418,0.5,True
1wab__A1_Q29460--1wab__A2_Q29460,0.9405907062278738,0.5,True
1zl5__A1_Q00496--1zl5__B1_Q00496,0.8642893614270941,0.5,True
5dbj__A1_Q4KCZ0--5dbj__A2_Q4KCZ0,0.982711505787502,0.5,True
7qsq__B1_Q9X053--7qsq__A1_Q9X053,0.9409424735571948,0.5,True
7duc__B1_Q2G2U4--7duc__A1_Q2G2U4,0.9036278735632184,0.5,True
2cdu__A1_Q9F1X5--2cdu__B1_Q9F1X5,0.9598970257610089,0.5,True
8g0f__A1_Q6NK15--8g0f__B1_Q6NK15,0.9191321067175842,0.5,True
8a45__B1_B7V7R4--8a45__A1_B7V7R4,0.9564492651443388,0.5,True
6no3__A1_B3FHP0--6no3__B1_B3FHP0,0.8831840133640213,0.5,True
3g7p__A1_B7JA91--3g7p__A2_B7JA91,0.9791926958193177,0.5,True
8khq__A1_A0A1I5R890--8khq__C1_A0A1I5R890,0.9355060039077326,0.5,True
7owz__B1_Q9JMA2--7owz__A1_B8ZXI1,0.930095799409354,0.5,False
7xbe__A1_UNDEFINED--7xbe__A2_UNDEFINED,0.9367553325978372,0.5,True
6dk7__D1_Q9HUV7--6dk7__A1_Q9HUV7,0.9837567436108117,0.5,True
4hsl__A1_Q1LCS4--4hsl__A2_Q1LCS4,0.9758087347602128,0.5,True
8b3s__A1_O31597--8b3s__B1_A0A164W157,0.8885950370222544,0.5,False
5euv__A1_D1LZK0--5euv__B1_D1LZK0,0.9379683049587154,0.5,True
8gz4__A1_A0A7H0DN78--8gz4__A2_A0A7H0DN78,0.9791825324894349,0.5,True
7tmg__A1_A0A0H3GLR2--7tmg__B1_A0A0H3GLR2,0.9594024253958615,0.5,True
4hsr__B1_UNDEFINED--4hsr__A1_UNDEFINED,0.9006877026663448,0.5,True
7tgn__B1_A0A1Q5L7T0--7tgn__A1_A0A1Q5L7T0,0.978479356379451,0.5,True
4fz2__A1_C7DIA5--4fz2__B1_C7DIA5,0.9177717385854604,0.5,True
6j2l__A1_P37793--6j2l__B1_P37793,0.927708124840643,0.5065366206685328,True
5grk__A1_Q89XR0--5grk__B1_Q89XR0,0.9427770445099964,0.5,True
3qxs__A1_O24872--3qxs__A2_O24872,0.9522366762410679,0.5,True
8q3y__A1_E8URK0--8q3y__B1_E8URK0,0.9705404395911165,0.5,True
1pyb__A1_O66738--1pyb__B1_O66738,0.8996149413980157,0.49995596653456625,True
7yto__A1_Q9RHU9--7yto__B1_Q9RHU9,0.9414355634323981,0.5,True
5vae__A1_Q9AET9--5vae__B1_Q9AET7,0.8578747168731726,0.5,False
1zrs__A1_Q9HTZ1--1zrs__B1_Q9HTZ1,0.9697114048093407,0.5,True
2cg5__A1_Q9NRN7--2cg5__B1_P49327,0.9334711995342836,0.5,False
4yk8__B1_O36019--4yk8__A1_O13978,0.9146562157482926,0.5,False
2iml__A1_O28442--2iml__C1_O28442,0.8891933689307557,0.5,True
6iru__A1_Q9RVF9--6iru__A2_Q9RVF9,0.9857557874589866,0.5078003478551465,True
8iev__A1_Q0PAW2--8iev__B1_Q0PAW2,0.9488756110615522,0.5,True
3cyg__A1_A7HM60--3cyg__B1_A7HM60,0.7309143429000717,0.5,True
5kvr__A1_P0ACL9--5kvr__A2_P0ACL9,0.8175473706187588,0.5,True
1na8__A1_Q9UJY5--1na8__B1_Q9UJY5,0.9681203840997484,0.5,True
5fis__A1_H9IUR0--5fis__B1_H9IUR0,0.9428716380992196,0.5,True
7z6m__A1_A0A0H3LM39--7z6m__A2_A0A0H3LM39,0.9342544830726713,0.5,True
7vua__A1_UNDEFINED--7vua__B1_UNDEFINED,0.99434932368653,0.5,True
2yxd__A1_Q57836--2yxd__B1_Q57836,0.903686628054204,0.5,True
1aua__A1_P24280--1aua__A2_P24280,0.9953247691381277,0.5,True
7zw3__A1_P27338--7zw3__B1_P27338,0.8825838279051716,0.5,True
5xjx__I1_C0LGW6--5xjx__A1_Q9SSD1,0.7345659872714105,0.5,False
7xca__A1_W5X1V8--7xca__B1_W5X1V8,0.9652782511873111,0.5,True
7xub__A1_Q96KQ7--7xub__B1_Q96KQ7,0.939701442609241,0.5,True
5xlu__A1_Q65KZ6--5xlu__B1_A9YTT0,0.8694155420983896,0.5,False
8smq__A1_Q182N1--8smq__B1_Q182N1,0.8836113756437368,0.524831457423107,True
8eni__A1_A0A0H3JRH8--8eni__A2_A0A0H3JRH8,0.942796022412845,0.5,True
1q77__A1_O66565--1q77__B1_O66565,0.9526513271904177,0.5,True
6nbp__A1_A0A4P1LYI6--6nbp__A2_A0A4P1LYI6,0.9897842635092473,0.5,True
4wu2__A1_Q7WUJ1--4wu2__B1_Q7WUJ1,0.9775577203892616,0.5,True
2nvn__A1_Q31MH7--2nvn__A2_Q31MH7,0.93641737766819,0.5,True
3zyh__A1_Q05097--3zyh__B1_Q05097,0.952826285313595,0.5,True
8a21__A1_A0QJI1--8a21__A2_A0QJI1,0.9685665585713816,0.5,True
8ho2__A1_A0A191T7N6--8ho2__B1_A0A191T7N6,0.9030666524083777,0.5,True
2j8q__A1_O43809--2j8q__B1_O43809,0.8666628253547538,0.5,True
1cx8__A1_P02786--1cx8__B1_P02786,0.9673294399651136,0.5,True
5zfk__A1_Q31LX1--5zfk__B1_Q31LX1,0.9820739117257502,0.5,True
2qti__A1_Q8EF26--2qti__A2_Q8EF26,0.8388926341425003,0.5240358852915248,True
5djo__B1_Q9EQW7--5djo__A1_Q9EQW7,0.9443883879974105,0.5,True
1kve__B1_P19972--1kve__A1_P19972,0.8048374306106266,0.5025641025641026,True
4kjq__A1_P37019--4kjq__B1_P37019,0.9225694771068076,0.5,True
8qyw__A1_Q9NVS9--8qyw__A2_Q9NVS9,0.8928448295392524,0.5,True
4djb__A1_P04489--4djb__B1_P04489,0.8999551412076767,0.5,True
7t1e__A1_P78556--7t1e__B1_P78556,0.7446330390345175,0.49978326831382747,True
2ev4__A1_P9WMU9--2ev4__B1_P9WMU9,0.9352291656773312,0.5025734839732291,True
4m1j__A1_Q9I194--4m1j__B1_Q9I194,0.9437839315113187,0.5,True
8bj3__A1_A0A072U7F9--8bj3__B1_A0A072U7F9,0.9590460078357144,0.5,True
5fcl__A1_Q6D0X0--5fcl__B1_Q6D0X0,0.9682130943212519,0.5,True
2evr__A1_B2J9B4--2evr__A2_B2J9B4,0.8176114856288608,0.5,True
4ftw__A1_Q3J2V1--4ftw__A2_Q3J2V1,0.9157620554893865,0.5,True
2q6q__B1_P36094--2q6q__A1_P36094,0.8964416149440197,0.5,True
8hx8__A1_Q6L8Q5--8hx8__B1_Q6L8Q5,0.9269125333490759,0.5,True
7zgn__A1_U6RE59--7zgn__B1_U6RE59,0.9278111781584709,0.5,True
7fiw__A1_B3CP63--7fiw__B1_Q73HD5,0.874643150432167,0.5,False
4xd9__A1_C8VMF9--4xd9__B1_Q5B6T5,0.8982842649242126,0.4999513831493996,False
3dme__A1_Q7VU70--3dme__B1_Q7VU70,0.9125988847655041,0.5,True
8d0m__A1_P28907--8d0m__A2_P28907,0.9715675766501778,0.5,True
2w6a__A1_Q9Z272--2w6a__B1_Q9Z272,0.8918649543019225,0.5,True
6oje__B1_Q5S007--6oje__A1_Q5S007,0.9460186079400849,0.5059523809523809,True
7mu0__A1_P9WQK3--7mu0__B1_P9WQK3,0.8840781732109704,0.5,True
4az3__A1_P10619--4az3__B1_P10619,0.8517182545347575,0.5,True
7ug8__B1_Q0I6F8--7ug8__A1_Q0I6F8,0.9447463264860024,0.5,True
6mxv__B1_Q5NFU2--6mxv__A1_Q5NFU2,0.7062749566031646,0.5,True
8ug3__B1_P50053--8ug3__A1_P50053,0.9822483060523572,0.5,True
7veo__A1_UNDEFINED--7veo__B1_UNDEFINED,0.9380778596836249,0.5,True
4atm__A1_P49418--4atm__A2_P49418,0.9760541628908861,0.5,True
7x6f__B1_P0AD45--7x6f__A1_P0AD45,0.9614861304819464,0.5,True
1nkn__B1_Q17042--1nkn__A1_Q17042,0.8945324040501705,0.5,True
7pjo__B1_UNDEFINED--7pjo__A1_UNDEFINED,0.9175115327293899,0.5,True
5n0s__B1_A0A2R2JFI5--5n0s__A1_A0A2R2JFI5,0.838587889196824,0.5,True
6m9g__A1_Q5D6Y4--6m9g__B2_Q5D6Y4,0.9785669126407625,0.5,True
7zvz__A1_G1UBD5--7zvz__B1_G1UBD5,0.8555760562448619,0.5,True
3b5m__B1_Q7UTD8--3b5m__A1_Q7UTD8,0.8947022919313321,0.5,True
6v0a__B1_B3E641--6v0a__A1_B3E641,0.9673884408465415,0.5,True
3bpj__C1_O75822--3bpj__A1_O75822,0.8195290404040403,0.5,True
8tn8__B1_A0A482N9T7--8tn8__A1_A0A482N9T7,0.9687712485848212,0.5,True
7y51__A1_Q8RBF4--7y51__A2_Q8RBF4,0.8172373693681668,0.5,True
6zef__A1_P62136--6zef__C1_Q9C0D0,0.8191932921591158,0.5,False
8i5w__A1_Q8BZN6--8i5w__B1_P63000,0.9141052217762944,0.5,False
3rv1__B1_A7TR32--3rv1__A1_A7TR32,0.8753891763282122,0.5,True
8i59__A1_UNDEFINED--8i59__B1_UNDEFINED,0.9489054008232158,0.5,True
8g1h__A1_UNDEFINED--8g1h__A2_UNDEFINED,0.9380861621572406,0.5,True
7vwk__A1_L8PIV2--7vwk__B1_L8PIV2,0.9654538298680853,0.5,True
4k3z__A1_Q8YCV0--4k3z__A2_Q8YCV0,0.9349158723890574,0.5,True
5v5t__A1_Q830T5--5v5t__D1_Q830T5,0.8535973305893954,0.5,True
6fp5__B1_Q960Q9--6fp5__A1_Q960Q9,0.7680238827429211,0.5,True
2ikb__A1_Q7DDI9--2ikb__C1_Q7DDI9,0.9813226548937295,0.5,True
7zam__A1_Q07666--7zam__B1_Q07666,0.9723881844993766,0.5,True
3o10__A1_Q9NZJ4--3o10__B1_Q9NZJ4,0.8408669301235105,0.5,True
3egv__A1_Q84BQ9--3egv__B1_Q5SLP6,0.8601988539595713,0.5,False
2g9w__A1_P9WMJ5--2g9w__B1_P9WMJ5,0.9155213584854056,0.5,True
2afv__A1_Q8EXP7--2afv__B1_Q8EXP7,0.9438893856791508,0.5,True
1wl3__B1_Q9X1M1--1wl3__A1_Q9X1M1,0.9610812644693361,0.4999739952411291,True
4kbx__A1_P45550--4kbx__A2_P45550,0.9020799552123748,0.5,True
8h5a__A1_P67661--8h5a__B1_P67661,0.9289542244165826,0.5,True
8b4l__B1_D5SK09--8b4l__A1_D5SK09,0.8458731418450814,0.5,True
3r24__A1_P0C6X7--3r24__B1_P0C6U8,0.8854435722215799,0.5,False
1nrj__B1_P36057--1nrj__A1_P32916,0.9113925195819348,0.5,False
4rdw__A1_Q9HU77--4rdw__A2_Q9HU77,0.9498514029638658,0.5,True
7vpr__A1_Q6FX18--7vpr__B1_Q6FX18,0.9930926496099108,0.5,True
5a6k__A1_A0A0H2US73--5a6k__B1_A0A0H2US73,0.9664363306552795,0.5,True
7ucd__B1_P17535--7ucd__A1_P53539,0.9210041938490214,0.5,False
1qc9__A1_P00642--1qc9__A2_P00642,0.80962711443886,0.5,True
3ooc__A1_P77239--3ooc__B1_P77239,0.9188846460048726,0.5,True
8pm1__A1_B8GAY9--8pm1__B1_B8GAY9,0.9330604288499025,0.5330701754385965,True
1vbg__A1_P11155--1vbg__A2_P11155,0.9875681674159762,0.5,True
2qgs__A1_A0A0H2VIU2--2qgs__B1_A0A0H2VIU2,0.9479672769058004,0.5,True
8cnx__A1_Q68T42--8cnx__B1_Q68T42,0.9530897570938902,0.5,True
8bol__A1_Q04609--8bol__A2_Q04609,0.957821376046319,0.5,True
3mii__B1_Q08914--3mii__A1_Q08914,0.8988741981655403,0.5,True
3i23__A1_Q835X4--3i23__B1_Q835X4,0.8370552148777849,0.5,True
3itf__A1_P0AE85--3itf__B1_P0AE85,0.8609158184552809,0.5,True
8d05__A1_UNDEFINED--8d05__A2_UNDEFINED,0.9279491057994325,0.5622468161191576,True
6mw5__A1_K3WC47--6mw5__A2_K3WC47,0.9102675034182941,0.5,True
5vht__A1_P0A9J8--5vht__B1_P0A9J8,0.8904574317311876,0.5,True
6j6x__B1_P53611--6j6x__A1_Q7Z6K3,0.9348619416820936,0.5,False
4tvb__A1_O32323--4tvb__B1_O32323,0.9610406618583973,0.5,True
3nkh__B1_UNDEFINED--3nkh__A1_UNDEFINED,0.9579967109518712,0.5,True
3jyu__A1_P35123--3jyu__B1_P35123,0.9499722117873481,0.5,True
8dtc__A1_L8GT25--8dtc__B1_L8GT25,0.9036654512819514,0.5,True
7n1j__A1_P22455--7n1j__B1_UNDEFINED,0.9661248677529151,0.5,False
8fny__A1_O00418--8fny__B1_P0DP23,0.8712025572235726,0.5,False
7v0b__A1_A0A1E7MYN1--7v0b__B1_A0A1E7MYN1,0.9582470623003817,0.5,True
2vvo__A1_P9WKD7--2vvo__B1_P9WKD7,0.8960493999620834,0.5,True
5yjh__A1_Q15063--5yjh__A2_Q15063,0.9229426701251412,0.5,True
2z5e__A1_Q9BT73--2z5e__B1_Q9BT73,0.9222986659853641,0.5200001824917423,True
1a8l__A1_Q51760--1a8l__A2_Q51760,0.9819154393751621,0.5,True
8h0r__A1_Q9WVJ5--8h0r__B1_Q9WVJ5,0.8667925474341016,0.5,True
2j7j__A1_P03001--2j7j__A2_P03001,0.8192598083294853,0.5,True
8u1v__A1_K4L8Z7--8u1v__B1_K4L8Z7,0.881785986008901,0.5,True
7zbg__A1_Q02880--7zbg__A2_Q02880,0.9652594106582476,0.5,True
1rku__A1_Q9I2Y2--1rku__B1_Q9I2Y2,0.9736066049568273,0.5,True
2wvl__A1_Q72K30--2wvl__B1_Q72K30,0.8556228521609343,0.5,True
6kfs__A1_B7FR28--6kfs__A2_B7FR28,0.8491076182739085,0.5,True
3shg__A1_E6Z0R3--3shg__B1_E6Z0R4,0.9364828492739109,0.5,False
7zal__A1_E3T5W0--7zal__E2_E3T5W0,0.978535090649149,0.5,True
4wjm__A1_Q2YNY7--4wjm__A2_Q2YNY7,0.9883451764686748,0.5,True
8hmo__A1_A0A0H4P0S7--8hmo__B1_A0A0H4P0S7,0.9712179196284381,0.5,True
7f9g__B1_C0HM62--7f9g__A1_C0HM62,0.9422015896461983,0.5,True
6n91__A1_Q9KNI7--6n91__B1_Q9KNI7,0.8666009953370244,0.5,True
4oyd__A1_P0C6Z1--4oyd__B1_UNDEFINED,0.8867390557838274,0.5063291139240507,False
1dev__A1_Q15796--1dev__B1_O95405,0.7269719751444366,0.5,False
8c9j__B1_P15559--8c9j__A1_P15559,0.9444276119999029,0.5,True
3rd7__B1_A0A0H2ZY91--3rd7__A1_A0A0H2ZY91,0.9478137813354985,0.5,True
5x1j__A1_G2IQS7--5x1j__A2_G2IQS7,0.9224137775995309,0.5,True
3r2p__A1_P02647--3r2p__A2_P02647,0.9214208903399669,0.5,True
1pdk__A1_P15319--1pdk__B1_P62532,0.9347464619562379,0.5,False
7bjg__A1_Q8IGY1--7bjg__A2_Q8IGY1,0.7403129657228018,0.5,True
3kcp__A1_Q06851--3kcp__B1_A3DF10,0.9385347299403622,0.5,False
7bbq__A1_Q6I6B7--7bbq__A2_Q6I6B7,0.8588673005374121,0.5,True
3dpj__E1_Q5LS67--3dpj__F1_Q5LS67,0.7922934070979974,0.5,True
6okh__A1_Q04QG8--6okh__B1_Q04QG8,0.9506592463925887,0.5,True
7tq1__A1_P0AC13--7tq1__A2_P0AC13,0.9788233062764309,0.5277177665756867,True
7t5y__A1_P0A7E1--7t5y__B1_P0A7E1,0.9401490819139988,0.5,True
5o47__A1_J7HDY4--5o47__A2_J7HDY4,0.9967159606022361,0.5,True
3edj__A1_Q8KKG0--3edj__B1_Q8KKG0,0.9167604926525003,0.5,True
5yr0__A1_O88597--5yr0__B1_Q8K245,0.8548089296704526,0.5,False
5c21__A1_P09986--5c21__B1_P09986,0.8279277927187854,0.5,True
2gok__A1_Q8U8Z6--2gok__B1_Q8U8Z6,0.9915188956130563,0.5,True
1ww1__A1_Q9WZW8--1ww1__B1_Q9WZW8,0.9625000233709512,0.5,True
1fm0__B1_P30749--1fm0__A1_P30748,0.9358350739281194,0.5,False
4jgo__B1_O31671--4jgo__A1_O31671,0.9706493965296483,0.5,True
3l2k__A1_Q8GPH0--3l2k__B1_Q8GPH0,0.8242893867295745,0.5,True
1yov__A1_Q13564--1yov__B1_Q8TBC4,0.9377394496274222,0.5,False
7zvd__A1_P11413--7zvd__A2_P11413,0.9757799394536106,0.5,True
2snw__A1_P03316--2snw__B1_P03316,0.8631814560623942,0.5,True
8grh__B1_P51553--8grh__A1_P50213,0.9513535900525573,0.5,False
1lxd__A1_Q03386--1lxd__B1_Q03386,0.941355977179249,0.5,True
5m97__A1_Q10113--5m97__B1_Q10113,0.9249672087106305,0.5,True
7ax1__A1_Q9ULM6--7ax1__B1_Q9UIV1,0.9733399866066195,0.5,False
8d4w__A1_A0A8B4R830--8d4w__A2_A0A8B4R830,0.897045479377778,0.5,True
7ynw__B2_Q57834--7ynw__A1_Q57834,0.9951014009174775,0.5,True
4rgp__A1_Q8DTU7--4rgp__B1_Q8DTU7,0.9168529678332353,0.5,True
8twd__C1_P0AEV1--8twd__A1_W8SRD3,0.9506626650576767,0.5,False
3fb9__A1_A0A0H2US72--3fb9__B1_A0A0H2US72,0.9134611088772729,0.5,True
8a39__A1_A0A024L404--8a39__C2_A0A024L404,0.9901934672351342,0.5,True
3ps8__A1_P01034--3ps8__A2_P01034,0.8467041970904633,0.5,True
7vwp__A2_A0A136PK59--7vwp__B1_A0A136PK59,0.9981502748688674,0.5,True
3a7p__A1_Q03818--3a7p__B1_Q03818,0.883164228339377,0.5,True
4ql6__A1_A0A0H3MDM0--4ql6__C1_A0A0H3MDM0,0.8349666094727091,0.5,True
5nck__A1_Q8RDN7--5nck__B1_Q8RDN7,0.9819258398540672,0.5,True
3qt7__A1_Q9FD73--3qt7__B1_Q9FD73,0.9634745544618156,0.5,True
4aye__D1_Q9JXV4--4aye__A1_P08603,0.9384887546844726,0.5,False
7r3n__A1_P43432--7r3n__B1_P43432,0.9672675224035672,0.5,True
7a0x__B1_Q8ZRZ3--7a0x__A1_Q8ZRZ3,0.9684620622863549,0.5,True
7wjk__A1_P93836--7wjk__A2_P93836,0.8811872715425937,0.5,True
7g99__B1_Q92974--7g99__A1_P61586,0.9208776930433907,0.5,False
2if9__A1_Q98ZP7--2if9__B1_Q98ZP7,0.7433521862173971,0.5,True
7u0r__B1_M9SC49--7u0r__A1_M9SC49,0.9679583173518544,0.5,True
7wbt__A1_Q288C4--7wbt__B1_Q288C4,0.9456425560748976,0.5,True
7txe__A1_Q8I6T6--7txe__B1_Q8I6T6,0.8367338071551967,0.5,True
6pyp__A1_P21695--6pyp__B1_P21695,0.9762066676151182,0.5,True
8b2d__A1_F5SYD3--8b2d__B1_F5SYD3,0.9391605299223942,0.5,True
1vmg__A1_Q97U11--1vmg__A2_Q97U11,0.8816108979651305,0.5126322719203104,True
6b8l__B1_P0DP23--6b8l__A1_P56696,0.8992631828603053,0.5,False
8sj5__A1_A0A2I4FN75--8sj5__C1_A0A2I4FN75,0.8607382912965486,0.5,True
3nr1__A1_Q8N4P3--3nr1__B1_Q8N4P3,0.972679312938558,0.5058139534883721,True
3h3l__A1_A6LFX0--3h3l__A2_A6LFX0,0.9189337023856597,0.5,True
7uav__A1_P0DW58--7uav__B1_P0DW58,0.7890509339213008,0.5,True
6jdh__A1_A0A2K0XYW4--6jdh__B1_A0A2K0XYW4,0.943610913949897,0.5,True
3vjz__A1_Q9K0P4--3vjz__B1_Q9K0P4,0.9739736728870843,0.5184245229551091,True
3et4__A1_Q4QMM5--3et4__A2_Q4QMM5,0.939513662278444,0.5,True
5or3__A1_Q2UNF9--5or3__D1_Q2UNF9,0.9401403664052024,0.5,True
3fh3__B1_A0A6L8PES2--3fh3__A1_A0A6L8PES2,0.9546120208622771,0.5,True
1go3__A1_Q57840--1go3__B1_Q60351,0.9396039948142665,0.5,False
3zxq__B1_P9WGK1--3zxq__A1_P9WGK1,0.7948152406036028,0.5,True
1zlh__A1_P00730--1zlh__B1_Q5EPH2,0.9458468505001351,0.5,False
4h1h__A1_Q8Y6P6--4h1h__B1_Q8Y6P6,0.8723884036824275,0.5,True
2gh1__A1_Q81E32--2gh1__B1_Q81E32,0.8006044394261186,0.5,True
7dl7__F1_B0VJ11--7dl7__A1_B0VJ11,0.9793758851659942,0.5,True
7yu0__B1_Q79F77--7yu0__A1_Q79F77,0.9572202851195148,0.5,True
3cbu__B1_Q473P3--3cbu__A1_Q473P3,0.878985479835859,0.5,True
8b1s__A1_B0LPL6--8b1s__A2_B0LPL6,0.9652031895475071,0.5,True
3ihk__A1_Q8DVV9--3ihk__A2_Q8DVV9,0.9654155583591729,0.5,True
4y67__A1_Q8IKG4--4y67__B1_Q8IKG4,0.9583943447231873,0.5,True
6ejp__B1_P69986--6ejp__A1_P69986,0.9110959784144932,0.5,True
1poy__A1_P0AFK9--1poy__B1_P0AFK9,0.95147908097196,0.5,True
3a7o__A1_Q03818--3a7o__B1_Q03818,0.8668033644390509,0.5,True
4a2l__A1_Q89YR8--4a2l__B1_Q89YR8,0.9655671039466573,0.5,True
5n47__B1_P02751--5n47__A1_P80188,0.8721005612389883,0.5,False
8ejm__A1_O43143--8ejm__B1_Q8IWZ8,0.794717147958509,0.5,False
1npd__B1_P0A6D5--1npd__A1_P0A6D5,0.963284409355347,0.5,True
8h0h__A1_P9WLU7--8h0h__C1_P9WLU7,0.9458138444063743,0.49995212333030115,True
3t8l__A1_Q7CUX4--3t8l__B1_Q7CUX4,0.8783868458105106,0.5,True
7ol3__B1_Q8WXF7--7ol3__A1_Q8WXF7,0.8685719813414673,0.5,True
8ewa__B1_Q9HW02--8ewa__A1_Q9HW02,0.9440625130519353,0.5,True
2ft0__A1_Q8FBQ3--2ft0__B1_Q8FBQ3,0.907211430981221,0.5,True
2r01__A1_Q8KFI1--2r01__A2_Q8KFI1,0.922131161880969,0.5,True
8hno__A1_B6YTS4--8hno__B1_B6YTS4,0.9689807272587334,0.5,True
6x88__A1_P52731--6x88__B1_P52731,0.9691715811766424,0.5,True
2x76__A1_Q939Q9--2x76__A2_Q939Q9,0.9828174335088314,0.5,True
7x2p__A1_Q5ZWH7--7x2p__B1_Q5ZWH7,0.8536567469424331,0.5,True
2aeu__A1_Q57622--2aeu__A2_Q57622,0.9760892505238832,0.5,True
5kbg__A1_Q43965--5kbg__B1_Q43965,0.9618033916806907,0.5,True
4p9g__A1_Q9REI7--4p9g__A2_Q9REI7,0.9688878972680847,0.5277331548415886,True
7tcv__A1_Q60932--7tcv__A2_Q60932,0.8465146394560781,0.5,True
7vkb__A1_Q5ZSZ6--7vkb__B1_Q5ZSZ7,0.8311131986797362,0.5,False
7r2p__A1_Q46877--7r2p__A2_Q46877,0.8996959167312428,0.5,True
6ggl__B1_C9K1X5--6ggl__A1_C9K1X5,0.9335007660505422,0.5,True
7yi7__A1_Q9Y251--7yi7__B1_Q9Y251,0.8676101984255082,0.5,True
7yka__B1_Q9Y3D6--7yka__A1_Q9Y3D6,0.9492319645613689,0.49996510329424904,True
8jea__A1_K1QRB6--8jea__D1_K1QRB6,0.8642034400350062,0.5,True
8huc__C1_A0A0H2Z790--8huc__A1_A0A0H2Z790,0.9143665716403755,0.5,True
7unh__A1_UNDEFINED--7unh__B1_UNDEFINED,0.974935047764097,0.5,True
5mpr__A1_O15382--5mpr__A2_O15382,0.9625533853932221,0.5,True
4ooj__B1_Q5ZSK6--4ooj__A1_Q5ZSK6,0.9306743855060879,0.5,True
8a5v__A1_Q9Y617--8a5v__C1_Q9Y617,0.9440415138989169,0.5,True
3lm2__A1_A9CH74--3lm2__B1_A9CH74,0.9463513155571252,0.5,True
7zwt__A1_P41182--7zwt__A2_P41182,0.8799917523185399,0.5,True
6ket__A1_A0A0A0WDC6--6ket__B1_A0A0A0WDC6,0.9605435449069308,0.5057803468208093,True
5zwl__B1_Q8DLU1--5zwl__A1_Q8DLG7,0.8979118628853544,0.5,False
6wmz__A1_P23246--6wmz__B1_Q15233,0.8612351495045852,0.5,False
1i4m__A1_P04156--1i4m__A2_P04156,0.770767134822535,0.5,True
2gjg__A1_Q88EQ6--2gjg__A2_Q88EQ6,0.8966895872653107,0.5,True
6k62__B2_A0A0H2X6K9--6k62__A1_A0A0H2X6K9,0.8645673087293199,0.5,True
4ghm__A1_Q9KTK0--4ghm__B1_Q9KTK0,0.8449536651171912,0.5,True
1tve__A1_P31116--1tve__B1_P31116,0.9697094360804537,0.5,True
3onx__A1_P41697--3onx__B1_P41697,0.8583547697120459,0.5,True
8cp4__A1_Q6LXV7--8cp4__A2_Q6LXV7,0.9738183934637246,0.5,True
1ob9__A1_Q97YX6--1ob9__A2_Q97YX6,0.9750172346445679,0.49996735653195795,True
7zcc__B1_P46327--7zcc__A1_P46327,0.9724204629932949,0.5,True
4kwd__A1_Q9UR08--4kwd__B1_Q9UR08,0.9841757075727062,0.5,True
7wuy__A1_A0A1R3S1W7--7wuy__B1_A0A1R3S1W7,0.9646337479684421,0.5,True
5gtw__A1_I3NX86--5gtw__D1_I3NX86,0.9508092337249497,0.5,True
7ekn__B1_Q5JT35--7ekn__A1_UNDEFINED,0.8756234473080351,0.5,False
6loh__A1_O15033--6loh__A2_O15033,0.9458122336946254,0.5,True
3a9y__A1_Q68FT9--3a9y__B1_Q68FT9,0.9705804238891372,0.5,True
8ay6__B1_Q9CAJ0--8ay6__A1_A0A067E666,0.9427642080589032,0.5,False
8u5m__A1_Q8TF42--8u5m__F1_Q8TF42,0.9895193654384831,0.5,True
7twa__D1_F8JJ25--7twa__A1_F8JJ25,0.9917626160455786,0.5,True
8fju__B1_P34897--8fju__A1_P34897,0.9350597054629796,0.5,True
1fjj__A1_P12994--1fjj__A2_P12994,0.9036787460342226,0.5,True
7qlr__A1_A0A1J1J928--7qlr__D2_A0A1J1J928,0.9219923163522961,0.5,True
3vf0__B1_Q8IY67--3vf0__A2_P18206,0.9028036346535453,0.5,False
8ehe__A1_A0A0A7KVG3--8ehe__B1_A0A1D3UUC0,0.9762604185800883,0.5,False
6hpc__A1_P67697--6hpc__B1_P67697,0.927613148397192,0.5,True
2x3o__A1_Q9I585--2x3o__B1_Q9I585,0.8645859383603021,0.5,True
5y40__A1_P55892--5y40__B1_P55892,0.8112510686731971,0.5,True
1y42__A1_P12063--1y42__A2_P12063,0.9938308298045986,0.5,True
2e91__A1_Q12051--2e91__B1_Q12051,0.9378630802901016,0.5,True
8ja2__A1_A0A0A1E3Q0--8ja2__A2_A0A0A1E3Q0,0.9048433297471759,0.5,True
3iuw__B1_Q8KUB7--3iuw__A1_Q8KUB7,0.9308083853164205,0.5,True
8e7y__A1_Q9RFC8--8e7y__B1_Q9RFC8,0.8572186654294456,0.5,True
4kzn__A1_P15692--4kzn__A2_P15692,0.8042140625920906,0.5,True
7z7o__A1_A0A1S4NYF2--7z7o__C1_A0A1S4NYF2,0.9160414370156853,0.5,True
8brp__A1_D8G6F7--8brp__B1_D8G6F7,0.9594786604149914,0.5,True
3qir__A1_Q8TC59--3qir__A2_Q8TC59,0.9158659055003329,0.5,True
8bay__A1_O75874--8bay__B1_O75874,0.9405622625258556,0.5,True
6mhm__B1_Q13510--6mhm__A1_Q13510,0.8952818160370731,0.5,True
8bj7__A1_P07598--8bj7__B1_P07603,0.9014864465538471,0.5,False
5wxx__A1_Q9RNB4--5wxx__A2_Q9RNB4,0.9695853651489712,0.5225225225225225,True
8f7l__A1_P43490--8f7l__B1_P43490,0.9200239042434702,0.5,True
3cz1__A1_Q9U9J6--3cz1__B1_Q9U9J6,0.9653579182665055,0.5051020408163265,True
8a0c__A1_Q2ERG0--8a0c__B1_Q2ERG0,0.936394790607361,0.5,True
5mpy__A1_Q9LPZ1--5mpy__B1_Q9LPZ1,0.8713835859082859,0.5,True
1anu__A1_Q06851--1anu__A2_Q06851,0.9859078947368421,0.5,True
3vs8__A1_C1DM33--3vs8__C1_C1DM33,0.9294389610869994,0.5,True
7zi8__A1_P27707--7zi8__A2_P27707,0.9704651791339711,0.5,True
1peu__A1_Q08698--1peu__A2_Q08698,0.988712965012952,0.5,True
5uk5__B1_Q63722--5uk5__A1_Q07008,0.748743240907387,0.5,False
7vg5__A1_Q49135--7vg5__B1_Q49135,0.9706454128588135,0.5,True
4jkz__A1_A0R6I8--4jkz__A2_A0R6I8,0.9526535630601174,0.5,True
4aa8__A1_P00794--4aa8__A2_P00794,0.9151851532319136,0.5,True
5yew__A1_Q8IWA4--5yew__B1_Q8IWA4,0.9125418832661434,0.5,True
1hf2__B1_Q9X0D7--1hf2__A1_Q9X0D7,0.9902002728174603,0.5535342261904762,True
3au0__A1_Q7A382--3au0__A2_Q7A382,0.9386404907755794,0.5,True
3gif__A1_O34757--3gif__B1_O34757,0.918466840207097,0.5,True
8c66__A1_UNDEFINED--8c66__D1_UNDEFINED,0.91646842682856,0.5,True
7zcl__B1_UNDEFINED--7zcl__A1_UNDEFINED,0.9816785953830349,0.5,True
5c6u__A1_O69689--5c6u__A2_O69689,0.9258219242380215,0.5,True
4nv4__A1_A0A6L7HM74--4nv4__A2_A0A6L7HM74,0.9391859972139786,0.5077796620434861,True
6axf__A1_Q7LDG7--6axf__B1_P61224,0.92617293521823,0.5,False
5yf1__B1_Q8N4J0--5yf1__A1_Q8N4J0,0.8973962020637716,0.5,True
8j83__A1_C5ATT7--8j83__B1_C5ATT6,0.9413476266459774,0.5,False
3fjy__B1_A0ZZM4--3fjy__A1_A0ZZM4,0.9361862988294539,0.5,True
4rg1__A1_Q5T280--4rg1__B1_Q5T280,0.9562499514090108,0.5,True
1ux4__A1_P41832--1ux4__A2_P41832,0.9568834914263391,0.5,True
6rbm__A1_P0ACT4--6rbm__A2_P0ACT4,0.9477489424334896,0.5105165495513649,True
2cme__B1_P59636--2cme__A1_P59636,0.8678893490144111,0.49975153221798907,True
7wis__A1_P46881--7wis__B1_P46881,0.9415573544038337,0.5,True
5a3l__A1_A0A1A9TAD0--5a3l__C1_A0A1A9TAD0,0.9380562414783018,0.5,True
3gzi__A1_A3QIY5--3gzi__A2_A3QIY5,0.9581256856292117,0.5,True
8pr6__B1_A0A1Q6BKH4--8pr6__A1_A0A1Q6BKH4,0.9379855674084941,0.5,True
8j64__A1_Q967S9--8j64__B1_O00816,0.8882600991113399,0.5,False
8ohw__A1_Q63T97--8ohw__B1_Q63T97,0.878881738863947,0.5,True
5y4r__A1_O87131--5y4r__B1_Q9HVI1,0.9317950971833148,0.5,False
8d3t__B1_A0A2K2AMS7--8d3t__A1_A0A2K2AMS7,0.9777111098257636,0.5,True
1zk8__A1_Q815X4--1zk8__B1_Q815X4,0.9809572279420847,0.5148351979730368,True
2w82__A1_Q47730--2w82__B1_Q47730,0.9476036988683457,0.5,True
6l08__A1_O65896--6l08__B1_O65896,0.9176697511760337,0.5,True
4p94__B1_Q4J9K8--4p94__A1_Q4J9K8,0.9833809840425533,0.5,True
4yii__A1_O00762--4yii__B1_Q9UJX6,0.9370668101712825,0.5,False
4rus__A1_P68512--4rus__B1_P68512,0.88871396300822,0.5,True
2o48__A1_Q9TQS6--2o48__A2_Q9TQS6,0.9422224191324349,0.5,True
7pvw__B1_P00523--7pvw__A1_P00523,0.6770331929402327,0.49954873646209386,True
2wcu__A1_Q8R2K1--2wcu__B1_Q8R2K1,0.970422802588531,0.5,True
2p35__A1_Q8UH15--2p35__B1_Q8UH15,0.8608704826289021,0.5,True
6rfg__A1_Q49PR7--6rfg__D1_Q49PR7,0.9127275105431716,0.5,True
5jj8__A1_Q9HVB9--5jj8__A2_Q9HVB9,0.7973525572764727,0.5,True
6ije__A1_A0A083ZID3--6ije__B1_A0A083ZID3,0.934430177300277,0.5064935064935064,True
8avu__A1_Q8GPI4--8avu__A2_Q8GPI4,0.962891018446574,0.5,True
7xdu__B1_A0A1I1Z0X1--7xdu__A1_A0A1I1Z0X1,0.9830801336877286,0.499995841995842,True
1xr4__A1_Q8ZRY1--1xr4__B1_Q8ZRY1,0.9013226820100959,0.5,True
2fuq__A1_C6XZB6--2fuq__B1_C6XZB6,0.9439706158320758,0.5,True
5xrw__A1_O25306--5xrw__C1_O25674,0.793425795267416,0.49933031977230874,False
5l0o__A1_P46940--5l0o__B1_P46940,0.9930754625665463,0.5142670999377749,True
8vsy__B1_UNDEFINED--8vsy__A1_UNDEFINED,0.8990925263150493,0.5,True
2zcx__A1_Q9FBX0--2zcx__A2_Q9FBX0,0.9486688040959566,0.5104775721866597,True
5way__A1_Q97P44--5way__B1_Q97P44,0.9297517293645485,0.5,True
7xey__A1_Q9SU72--7xey__B1_Q9S745,0.9149933961808904,0.5,False
4xlo__C1_Q9KHK2--4xlo__A1_Q9KHK2,0.9473069883653011,0.5,True
6kd6__B1_Q9VAA9--6kd6__A1_Q9VAA9,0.8785838146612944,0.5,True
8k72__A1_Q9NWT6--8k72__A2_Q9NWT6,0.946820884615345,0.5,True
8b5v__A1_Q4E4A3--8b5v__B1_Q4E4A3,0.9671070806966249,0.5,True
4yo3__A1_D3GUX1--4yo3__A2_D3GUX1,0.9136721364444136,0.5,True
6hrx__A1_O53623--6hrx__B1_O53623,0.9794658773670579,0.5063965922213627,True
3mdo__A1_A6LDR8--3mdo__B1_A6LDR8,0.9802839089687383,0.5,True
8iw0__A1_Q14678--8iw0__B1_Q14678,0.9082938802013927,0.5,True
2rb7__A1_Q313A9--2rb7__B1_Q313A9,0.9429680048645459,0.5,True
8h6s__A1_Q76KY5--8h6s__C1_Q76KY0,0.9307350662764675,0.5,False
3lsj__A1_Q9HUS3--3lsj__B1_Q9HUS3,0.8757287056953788,0.5,True
7pxq__A1_UNDEFINED--7pxq__A2_UNDEFINED,0.9055767717382683,0.5,True
8g0q__A1_P40460--8g0q__B1_P33895,0.8966498082379719,0.5,False
6ms4__A1_Q9ULC4--6ms4__B1_O43583,0.9056567375095294,0.5,False
7y6b__A1_A0A411GZY8--7y6b__B1_A0A411H025,0.8806924998763171,0.4997897392767031,False
7zyt__A1_P09622--7zyt__B1_P09622,0.9274875933462612,0.5,True
7lle__A1_Q6QVT7--7lle__B1_Q6QVT7,0.9096742999086236,0.5,True
4csw__A1_D0MK34--4csw__B1_D0MK34,0.9758616980696899,0.5,True
7tev__A1_P04181--7tev__A2_P04181,0.9359080297057136,0.5,True
3zta__A1_Q2RIF4--3zta__A2_Q2RIF4,0.980399159987139,0.5,True
3abi__A1_O59312--3abi__B1_O59312,0.9968289278619084,0.5,True
5ab8__A1_P9WN25--5ab8__A2_P9WN25,0.9421981570983332,0.5,True
1guq__A1_P09148--1guq__B1_P09148,0.9575054051917719,0.5,True
6zdw__B1_A0A162MUP0--6zdw__A1_A0A162MUP0,0.8919532913199149,0.5,True
8csd__A1_Q6U8B0--8csd__A2_Q6U8B0,0.9294083419675292,0.5,True
3na2__A1_UNDEFINED--3na2__B2_UNDEFINED,0.9540897351577664,0.5,True
8bfr__A1_P30177--8bfr__A2_P30177,0.9949637779092269,0.5,True
7yk3__A1_O53604--7yk3__B1_O53605,0.9435549576782508,0.5,False
6xiv__A1_P16114--6xiv__B2_P16114,0.9159100710129251,0.5,True
8ajx__A1_P17117--8ajx__A2_P17117,0.9125481815357096,0.5,True
8ayj__A1_D5EHC5--8ayj__B1_D5EHC5,0.9756669283968189,0.5,True
4tt0__B1_P10220--4tt0__A1_P10220,0.9022550335570471,0.5,True
8a6e__B2_P02699--8a6e__A1_P02699,0.9238753855510665,0.5,True
4jb7__A1_Q9KTQ6--4jb7__A2_Q9KTQ6,0.9106026981080014,0.5,True
6h3f__A1_A0A0H3JT80--6h3f__A2_A0A0H3JT80,0.9859130617761477,0.5,True
6wxw__A1_F2NWD3--6wxw__B1_F2NWD3,0.9763600092965603,0.5,True
2zw2__A1_F9VNF4--2zw2__B1_F9VNF4,0.8650559530361401,0.49943741209563997,True
2wo2__A1_P54764--2wo2__B1_P52799,0.9114564928930459,0.5,False
4u66__A1_A8MI53--4u66__A2_A8MI53,0.9570118423590813,0.5,True
1ord__A1_P43099--1ord__B1_P43099,0.9455124713827167,0.5,True
8aa9__A1_Q9V1Y9--8aa9__B1_Q9V1Y9,0.6575596031049059,0.5,True
4i6y__B1_P13702--4i6y__A1_P13702,0.9312397595283337,0.5,True
1vh4__B1_P77689--1vh4__A1_P77689,0.9478778123097626,0.5,True
3ocd__A1_D7A6E5--3ocd__B1_Q7BQR5,0.9361675655214654,0.5,False
8pq7__A1_M1C5B8--8pq7__B1_D0N0Z8,0.8035260625337697,0.5,False
8gic__A1_Q70AZ9--8gic__D1_Q70AZ5,0.6820170163568081,0.5,False
5abr__A1_P82802--5abr__B1_P82802,0.9872520538754185,0.5,True
2zmf__A1_Q9Y233--2zmf__B1_Q9Y233,0.9727073661675218,0.5065968562020781,True
2vzk__B1_P0DJQ5--2vzk__A1_P0DJQ5,0.9519330546209054,0.5042194092827004,True
7wm5__A1_A0A0C2W699--7wm5__A2_A0A0C2W699,0.9835827749237833,0.5,True
1zee__A1_Q8E972--1zee__B1_Q8E972,0.8510021306420691,0.5,True
1f3u__B1_P35269--1f3u__A1_P13984,0.9121711020260141,0.5057471264367817,False
7tvh__B1_Q9I2Q1--7tvh__A1_Q9I2Q1,0.9677967572000883,0.5,True
5vgm__B1_Q9KL24--5vgm__A1_Q9KL24,0.9868377238769914,0.5,True
2b5l__A1_Q16531--2b5l__C1_P11207,0.9604656513384435,0.5,False
4zzh__A1_Q96EB6--4zzh__A2_Q96EB6,0.8674800279583972,0.5,True
8in9__A1_E0D202--8in9__B1_E0D202,0.976573715738507,0.5,True
6m4v__A1_P0AEX9--6m4v__B1_P62942,0.9391576450444988,0.5,False
7y28__A1_P07814--7y28__B1_P07814,0.9636457829491503,0.5,True
7y7u__A1_A0A222F232--7y7u__B1_A0A222F232,0.9577393712116989,0.5,True
3fgc__A1_P07740--3fgc__B1_P07739,0.9591449377498443,0.5,False
1rve__A1_P04390--1rve__B1_P04390,0.977573827002634,0.5151431028830629,True
7zy1__A1_Q9F8A8--7zy1__A2_Q9F8A8,0.9453626651218827,0.5,True
3jxo__B1_A0A0F6AN26--3jxo__A1_A0A0F6AN26,0.9381975920679887,0.5303293201133145,True
8dqb__A1_A0A0H3FX83--8dqb__A2_A0A0H3FX83,0.9624025404253541,0.5,True
5l16__A1_Q4Q0M0--5l16__A2_Q4Q0M0,0.9734416389035601,0.4999952031007157,True
2gz4__A1_Q7D028--2gz4__C1_Q7D028,0.8763419883160805,0.5,True
2f9w__A1_Q9HWC1--2f9w__B1_Q9HWC1,0.9509705905812377,0.5,True
2ox1__A1_O30011--2ox1__B1_O30011,0.9816603345220111,0.5262897199723938,True
2guh__A1_Q0S8Y3--2guh__B1_Q0S8Y3,0.9221445671940662,0.5,True
7br1__A1_A0A7I6N400--7br1__B1_A0A7I6N400,0.9488620278249617,0.5,True
2p04__A1_D0VWX5--2p04__B1_D0VWX5,0.9661635390674717,0.5,True
4h5b__A1_Q9RUY5--4h5b__B1_Q9RUY5,0.8631275615640333,0.5,True
4e1o__A1_P19113--4e1o__B1_P19113,0.9317198040059463,0.5,True
7pu4__B1_Q9X053--7pu4__A1_Q9X053,0.960890161296545,0.5030805449809658,True
3m1u__A1_Q72DN3--3m1u__B1_Q72DN3,0.9057469010536939,0.5,True
4pww__A1_UNDEFINED--4pww__A2_UNDEFINED,0.8555674835916771,0.49986035469906437,True
6ird__A1_Q91UZ1--6ird__B1_Q8NI35,0.7532194788456468,0.5,False
6gg2__A1_Q4WD43--6gg2__A2_Q4WD43,0.9479766321232254,0.5,True
6oei__A1_Q8KG60--6oei__A2_Q8KG60,0.9507493706675001,0.5,True
8hyi__A1_P22223--8hyi__B1_P22223,0.9334394475897716,0.5,True
4b8v__A1_B3VBK9--4b8v__A2_B3VBK9,0.9804888888888889,0.5,True
4lqb__A1_D2Q399--4lqb__B1_D2Q399,0.9186812511522154,0.5,True
2vxb__A1_P87074--2vxb__B1_P87074,0.9598886540813043,0.5,True
5z1o__A1_D0VWU8--5z1o__B1_D0VWU8,0.8440340311250514,0.5,True
6h40__A1_K5B7F3--6h40__A2_K5B7F3,0.9801459054623787,0.49998964739010704,True
2etk__A1_Q13464--2etk__B1_Q13464,0.9503839970541216,0.5,True
2p69__A1_Q96GD0--2p69__A2_Q96GD0,0.9633424051886841,0.5,True
4doy__A1_Q6WNP1--4doy__C1_Q6WNP1,0.962170030796065,0.4999906183155498,True
6zxw__A1_O29011--6zxw__B1_A0A117KMN5,0.9157991959900482,0.5,False
3lhk__A1_Q60329--3lhk__B1_Q60329,0.9658106503018905,0.5049752548747897,True
6e52__A1_P03069--6e52__B1_P03069,0.9151803962196664,0.5,True
2ijd__A1_Q1PHW8--2ijd__A2_Q1PHW8,0.9000171232463746,0.5,True
1fwl__A1_Q58504--1fwl__B1_Q58504,0.9881133175916331,0.5,True
5nkk__A1_O62301--5nkk__B1_Q9XWJ1,0.9182099684291578,0.5,False
1ygt__A1_Q94524--1ygt__A2_Q94524,0.8742654712365276,0.49985966881841143,True
7zq1__B1_Q32ZE1--7zq1__A1_Q32ZE1,0.784911690074757,0.5,True
6p40__A1_M1GSK9--6p40__B1_M1GSK9,0.9502870759903514,0.5,True
2wyn__B1_P13482--2wyn__D1_P13482,0.9348843839634512,0.5,True
7yui__A1_P0CG48--7yui__B1_Q9BYM8,0.8182248877179479,0.5,False
2oi2__A1_A0A0H2UNK6--2oi2__A2_A0A0H2UNK6,0.9225115321224371,0.5,True
4wud__A1_P0AES6--4wud__A2_P0AES6,0.9328503274182236,0.5,True
5yzj__A1_A8K0B5--5yzj__B1_A8K0B5,0.8297356280636118,0.5,True
8f61__A1_Q28943--8f61__B1_Q28943,0.8944653701022568,0.5,True
7udi__B1_Q9RYE6--7udi__A1_Q9RYE6,0.9322692651467055,0.5,True
5ho3__A1_W6KHH6--5ho3__B1_W6KHH6,0.8754142504312966,0.5,True
1cmc__A1_P0A8U6--1cmc__B1_P0A8U6,0.9349280591563098,0.503968253968254,True
6oe2__A1_Q8A9F0--6oe2__A2_Q8A9F0,0.9862756114798673,0.5,True
3ent__A1_Q2YAE2--3ent__B1_Q2YAE2,0.9685643187832609,0.5039370078740157,True
2y4g__A1_D3Y1I2--2y4g__B1_D3Y1I2,0.9587326270318796,0.5,True
7ec7__A1_A0A0H2XGN0--7ec7__A2_A0A0H2XGN0,0.9886900150319743,0.5,True
2o11__A1_P9WPY1--2o11__A2_P9WPY1,0.8650889350645,0.5,True
8abq__A1_Q13596--8abq__B1_Q9Y5X3,0.9441513331196798,0.5,False
6shw__A1_Q96724--6shw__A2_Q96724,0.7492789328205745,0.5094339622641509,True
7wn7__B1_Q99H25--7wn7__A1_Q99H25,0.8864207216395057,0.5,True
2sak__A1_P68802--2sak__A2_P68802,0.797166586916399,0.5,True
8h5e__A1_Q5SMG8--8h5e__B1_Q5SMG8,0.8252933519345447,0.5,True
8bgm__B1_A0A5P3XKL3--8bgm__A1_A0A5P3XKM0,0.90579771137356,0.5,False
8sua__A1_UNDEFINED--8sua__A2_UNDEFINED,0.9835542933140475,0.5,True
2ps8__A1_P13513--2ps8__B1_P13513,0.9668714444373422,0.5,True
6awl__A1_O75208--6awl__B1_O75208,0.9613560062621724,0.5,True
4qds__A1_O60462--4qds__B1_O60462,0.9736920064784632,0.5,True
6qky__B1_Q97P33--6qky__A1_Q97P33,0.8845482699708307,0.510566932708933,True
8p3m__A1_W0DP94--8p3m__B1_W0DP94,0.9848070774480568,0.5,True
5v7y__A1_A0A4Y1WAP5--5v7y__B1_A0A4Y1WAP5,0.9323955849990831,0.5,True
4aps__A1_Q5M4H8--4aps__B1_Q5M4H8,0.906391063320252,0.5,True
7ucn__A1_P50120--7ucn__B1_P50120,0.7703901600345114,0.5,True
1ni5__A1_P52097--1ni5__A2_P52097,0.9771000074457252,0.5,True
8d04__B1_UNDEFINED--8d04__A1_UNDEFINED,0.8502893178151929,0.504580763720937,True
4a5o__B1_Q9I2U6--4a5o__A1_Q9I2U6,0.9660520185699122,0.5,True
8q5k__A1_A0A0H2Z7A6--8q5k__A2_A0A0H2Z7A6,0.8927490395297664,0.5,True
1ww5__A1_Q6WY08--1ww5__D1_Q6WY08,0.9873929611722846,0.5,True
7ww2__A1_A0A4Q9D6T1--7ww2__B1_A0A4Q9D6T1,0.9307967687970939,0.5,True
2pfk__A1_P0A796--2pfk__B1_P0A796,0.9004640299192923,0.49998343420064495,True
1i2m__B1_P18754--1i2m__A1_P62826,0.9023602592092637,0.5,False
8i2e__A1_O34841--8i2e__B1_P54421,0.947594441971737,0.5,False
3pfl__A1_P09373--3pfl__B1_P09373,0.979174555593784,0.5,True
6gho__B1_Q5L1S1--6gho__A1_O31602,0.7930699511968395,0.5,False
1glj__A1_P0A6F3--1glj__B1_P0A6F3,0.9937047972074988,0.5,True
4zq8__B1_A0A0M3KL36--4zq8__A1_A0A0M3KL36,0.9474920566605654,0.5,True
5h4h__B1_O58236--5h4h__A1_O58236,0.9672829870773839,0.5262677217943917,True
4iv9__A1_P06617--4iv9__B1_P06617,0.9445157812084396,0.5,True
6sdk__A1_P26497--6sdk__B1_P26497,0.9253253223658853,0.5,True
2fq4__A1_Q81BJ4--2fq4__A2_Q81BJ4,0.9710520318139937,0.5,True
7zeq__B1_Q9WXT1--7zeq__A1_Q9WXT1,0.9477317791799496,0.5,True
5z5h__A1_Q2I2N4--5z5h__A2_Q2I2N4,0.9786514318391075,0.5,True
2fe1__A1_Q8ZZP3--2fe1__A2_Q8ZZP3,0.9623152572156348,0.5,True
7wik__B1_A0R1E6--7wik__A1_A0R1E6,0.8840703647658489,0.5,True
7t8o__B1_Q8Y8Y9--7t8o__A1_Q8Y8Y9,0.9399147190992466,0.5,True
7t91__A1_P08151--7t91__B1_P08151,0.852726566746913,0.5,True
3lg6__A1_D2YW48--3lg6__B1_D2YW48,0.9750332641735288,0.5,True
2o9a__A1_P16528--2o9a__D1_P16528,0.9595046799665173,0.5,True
1zhq__A1_Q9RHG4--1zhq__B1_Q9RHG4,0.8499787705807426,0.5,True
2e0k__B1_Q8KFD9--2e0k__A1_Q8KFD9,0.9367481217800069,0.5031795518853901,True
3a2f__A1_P61875--3a2f__B1_O73947,0.9858087918959773,0.5,False
3isx__A1_Q9X0E0--3isx__A2_Q9X0E0,0.9392595729158282,0.5,True
2vkj__A1_Q9X1W9--2vkj__B1_Q9X1W9,0.9114141685576654,0.5,True
5csr__D1_Q9HLB6--5csr__A1_Q9HLB6,0.9697429610683133,0.5,True
7tur__B1_P00503--7tur__A1_P00503,0.9403248530449507,0.5,True
3vol__A1_Q9I6V6--3vol__A2_Q9I6V6,0.8689158926313341,0.5,True
3jqz__A1_P02768--3jqz__B1_P02768,0.9103129984888378,0.5,True
1vkd__A1_Q9X0V2--1vkd__B1_Q9X0V2,0.8544293379980801,0.5,True
8b31__B1_A0A2W4LV58--8b31__A1_A0A2W4LV58,0.9584975411647384,0.5,True
5vlb__A1_G7IKX3--5vlb__B1_G7IKX3,0.8537370288320901,0.5,True
2oer__B1_Q9I3U1--2oer__A1_Q9I3U1,0.9833534848806093,0.5,True
2ylz__A1_Q47PU3--2ylz__A2_Q47PU3,0.9062796384554279,0.5,True
8bjp__B1_A0A1W6VSR4--8bjp__A1_A0A1W6VSR4,0.8967895701210972,0.49982549515749064,True
6kcx__A1_Q9WZL1--6kcx__A2_Q9WZL1,0.9723204685248594,0.5,True
7xmj__C1_A9QSE8--7xmj__A1_A9QSE8,0.94273290482494,0.5,True
1pix__A1_Q06700--1pix__B1_Q06700,0.9454245626685508,0.5,True
3l8i__B1_Q9BUL8--3l8i__A1_Q9BUL8,0.9438902202527572,0.5,True
6l2u__A1_Q27RN2--6l2u__B1_Q27RN2,0.895390310465022,0.5,True
6sl2__A1_C4LWU6--6sl2__A2_C4LWU6,0.890458349667971,0.5,True
1u6z__B1_P0AFL6--1u6z__A1_P0AFL6,0.9720422752156862,0.5,True
3pm9__A1_Q6NAV4--3pm9__B1_Q6NAV4,0.9192454680655583,0.5,True
3a5y__B1_P0A8N7--3a5y__A1_P0A8N7,0.94394398520854,0.5,True
7xgn__A1_UNDEFINED--7xgn__B1_UNDEFINED,0.904975901104689,0.5,True
6bn1__B1_Q9VCR6--6bn1__A1_Q8T0S6,0.6830358570834533,0.5,False
8ji6__A1_A0A861B387--8ji6__B1_A0A861B387,0.9614713631795982,0.5046728971962616,True
2pjs__A1_A9CIG0--2pjs__B1_A9CIG0,0.9339970046011796,0.5,True
8ke8__A1_Q9HXS0--8ke8__B1_Q9HXS0,0.9528490685274575,0.5,True
3h7l__A1_Q87LX4--3h7l__A2_Q87LX4,0.9650453705805893,0.5,True
7zs8__A1_A0A1D3HIT0--7zs8__B1_A0A1D3HIT0,0.9528974974830513,0.5,True
2vc4__A1_P02879--2vc4__A2_P02879,0.8799082917299762,0.5,True
1xe8__B1_Q03629--1xe8__A1_Q03629,0.976106778218945,0.5,True
7tn6__A1_Q84Y01--7tn6__A2_Q84Y01,0.9378401426024955,0.5,True
7yo6__A1_G8GLP2--7yo6__A2_G8GLP2,0.956447136317182,0.5,True
8k76__A1_Q8R6D8--8k76__B1_Q8R6D8,0.9803316861930016,0.5,True
1vgx__B1_Q9RRU8--1vgx__A1_Q9RRU8,0.903565691650932,0.5,True
3cet__B1_Q6M145--3cet__A1_Q6M145,0.9596148178688968,0.5,True
4zlh__B1_P0AB60--4zlh__A1_P0AB60,0.9752913282906226,0.5,True
2y84__A1_Q7WT50--2y84__E1_Q7WT50,0.9340090655091654,0.5,True
4me9__A1_Q736B0--4me9__B1_Q736B0,0.924093178611251,0.5,True
2z51__A1_Q93W20--2z51__A2_Q93W20,0.8496471694455647,0.5,True
8ajq__A1_Q9I0C0--8ajq__B1_Q9I0C0,0.8868743075901098,0.4999710329644864,True
5khn__A1_UNDEFINED--5khn__B1_UNDEFINED,0.9686988976571747,0.5,True
7yfj__A2_Q15007--7yfj__B1_Q15007,0.7801668595889663,0.5,True
2rkl__F1_Q06263--2rkl__E1_Q06263,0.937871974896351,0.5,True
8cwp__A1_Q06282--8cwp__A2_Q06282,0.9622357266660484,0.5,True
4neh__A1_P20702--4neh__B1_P05107,0.9129862775578402,0.5,False
2prv__A1_O34596--2prv__B1_O34596,0.9779550284996619,0.5,True
6kvn__A1_A0A1S4CVP6--6kvn__A2_A0A1S4CVP6,0.946010276926536,0.5,True
5tgq__A1_A0A1S4NYF7--5tgq__A2_A0A1S4NYF7,0.9820429839847316,0.5,True
6b3i__A1_P27216--6b3i__B1_P27216,0.9616786446198452,0.5,True
1rqn__A1_O31156--1rqn__B1_O31156,0.9959694464233456,0.5,True
5l7z__A1_P28750--5l7z__A2_P28750,0.9339556429865266,0.5,True
7ljh__A1_Q769D3--7ljh__B2_Q769D3,0.985738068186557,0.5,True
7xmw__B1_U2Q5N5--7xmw__A1_U2Q5N5,0.7832728815595806,0.5,True
7w2o__A1_Q9HZP1--7w2o__B1_Q9HZP1,0.989101183204685,0.5,True
7uay__A1_P08684--7uay__A2_P08684,0.9981204293026649,0.5,True
5czf__D1_A0A0H3JHG3--5czf__A1_Q8XAD5,0.8209099501632583,0.5,False
8p4l__A1_UNDEFINED--8p4l__B1_UNDEFINED,0.9763444893372335,0.5,True
2p6p__A1_Q9RPA7--2p6p__B1_Q9RPA7,0.8975946607829247,0.5,True
4u64__A1_Q5ZXA3--4u64__A2_Q5ZXA3,0.9121439927322281,0.5,True
7qbm__A1_P43235--7qbm__B1_P43235,0.8600919650482333,0.5,True
3nvm__A1_Q8U4M1--3nvm__B1_Q8U4M2,0.8868530176738352,0.5,False
7q86__A1_UNDEFINED--7q86__B1_UNDEFINED,0.9165287538726723,0.5,True
3wws__A1_Q13188--3wws__D1_Q13188,0.7427842401500938,0.5,True
4c87__A1_F9UMG7--4c87__B1_F9UMG7,0.9311509237332916,0.5,True
2d7e__A1_P17888--2d7e__B1_P17888,0.8829530831007553,0.5083814924026209,True
7xro__A1_Q9RQ20--7xro__B1_Q9RQ20,0.9049608441520826,0.5,True
5yrj__A1_B6F0T7--5yrj__B1_A0A2Z5V8U8,0.8971286657992193,0.5,False
6yev__C1_P0A744--6yev__A1_P0AA25,0.8223432537835293,0.5,False
8glr__A1_Q8ZJX7--8glr__A2_Q8ZJX7,0.9377225102485318,0.5,True
5fwt__A1_Q96MU8--5fwt__A2_Q96MU8,0.9488887894511425,0.5,True
4e6s__A1_Q3URR7--4e6s__A2_Q3URR7,0.8832369926876522,0.5,True
8enb__B1_A7DT38--8enb__A1_A0T3A2,0.7385503251647357,0.5,False
8h4p__A1_I1S104--8h4p__B1_I1S104,0.9497292467676882,0.5,True
4cu5__A1_B6SBV8--4cu5__F1_B6SBV8,0.9836327286841007,0.5,True
8elf__B1_Q6DYE4--8elf__A1_Q6DYE4,0.8783104391690472,0.5,True
1ax2__A1_P16404--1ax2__A2_P16404,0.9596199369882876,0.5,True
8i33__C1_A0A6Q8PFJ0--8i33__A1_A0A6Q8PFJ0,0.9179906994768456,0.5,True
3q9l__A1_P0AEZ3--3q9l__B1_P0AEZ3,0.9484917626959498,0.5,True
8ak1__A1_UNDEFINED--8ak1__B1_O25273,0.9219247867814008,0.5,False
2yk4__A1_P72097--2yk4__A2_P72097,0.9392779243757723,0.5,True
7u5f__C1_Q9HTM2--7u5f__A1_Q9HTM2,0.9709280016300943,0.5,True
5xt3__B1_A0A0U1MUE2--5xt3__A1_A0A0U1MUE2,0.967615586713139,0.5,True
5iws__A1_Q63GK8--5iws__A2_Q63GK8,0.9235461152887209,0.5,True
2owl__A1_P36767--2owl__B1_P36767,0.8306577084241642,0.5,True
8bca__A1_O75643--8bca__B1_Q6P2Q9,0.7853456670019766,0.5,False
4ml7__A1_P61626--4ml7__B1_UNDEFINED,0.7812516269262808,0.5,False
3mcb__B1_P20290--3mcb__A1_Q13765,0.8579972586343366,0.5232012201007742,False
8gy8__A1_Q8TZT0--8gy8__B1_Q8TZT0,0.9351815714753549,0.5,True
8dkd__A1_G7CIP4--8dkd__A2_G7CIP4,0.9200616041447837,0.5,True
7dus__A1_P08965--7dus__A2_P08965,0.9065708184346443,0.5,True
8gb1__A1_Q9Y3Z3--8gb1__B1_Q9Y3Z3,0.9614301233885728,0.5,True
7cov__A1_Q06801--7cov__A2_Q06801,0.9398566684760883,0.5,True
6ign__A1_Q61768--6ign__A2_Q61768,0.8137322801271974,0.5,True
1fzr__A1_P00641--1fzr__B1_P00641,0.9504361598440546,0.5,True
3be5__A1_Q8XBR1--3be5__B1_Q8XBR1,0.9033541503749197,0.5,True
2ecs__A1_P03040--2ecs__B1_P03040,0.8591638513513513,0.5,True
4hn3__B1_Q8Y6D1--4hn3__A1_Q8Y6D1,0.9259422843389402,0.5,True
4o8y__A1_Q08723--4o8y__B1_P43588,0.9388686840052376,0.5037420077967867,False
7uoi__A1_A0A1S8KJG1--7uoi__A2_A0A1S8KJG1,0.950977070559696,0.5,True
7vma__A1_C5A758--7vma__A2_C5A758,0.9823089692742666,0.5,True
7d9m__A1_A0A4D6NYT7--7d9m__B2_A0A4D6NYT7,0.8661826774837618,0.5,True
2py8__C1_Q55670--2py8__B1_Q55670,0.8428821832656993,0.5,True
7ytl__A1_E1BR24--7ytl__A2_E1BR24,0.993908332814927,0.5,True
7vxt__A1_Q63W52--7vxt__B1_Q63W52,0.9139679188134833,0.5,True
5cv3__A1_E3M3V1--5cv3__A2_E3M3V1,0.935950961593722,0.5,True
8c9v__A1_Q1JXV1--8c9v__A2_Q1JXV1,0.9880834465986554,0.5,True
3tsn__A1_Q9PN58--3tsn__B1_Q9PN58,0.937147832333833,0.5,True
8j51__A1_A0A0E9MUN5--8j51__B1_A0A0E9MUN5,0.9327270097408312,0.5,True
6cz9__A1_Q7WTU0--6cz9__B1_Q7WTT9,0.9410889960365021,0.5,False
8pzo__A1_F9UT68--8pzo__A2_F9UT68,0.9430665059847216,0.4999668082846522,True
3tqg__B1_Q83DG4--3tqg__A1_Q83DG4,0.9201759093146101,0.5,True
7czg__C1_Q8TDY2--7czg__A1_Q8TDY2,0.9343887908208297,0.5,True
7eev__B1_A0A3D9R4E8--7eev__A1_A0A3D9R4E8,0.9043553745882054,0.5,True
8ori__A1_Q2KB35--8ori__B1_Q2KB35,0.9214015342942043,0.5,True
7o6z__A1_A0A7R8L7W4--7o6z__B1_A0A7R8L7W4,0.9725653750734945,0.5,True
8pmr__A1_Q4WL81--8pmr__B1_Q4WL81,0.7621740329483665,0.5,True
3fmy__A1_Q46864--3fmy__A2_Q46864,0.9538042563221873,0.5,True
7f0o__B1_A0A2I1C3W8--7f0o__A1_A0A2I1C3W8,0.9651953105910374,0.5,True
3ojm__B1_P21802--3ojm__A1_P05230,0.8142136307824971,0.5,False
6xgz__A1_P63386--6xgz__B1_P64602,0.9047884791874394,0.5,False
7x2y__A1_A0A076PYH9--7x2y__B1_A0A076PYH9,0.9828364011935293,0.5,True
8i34__A1_A0AA52HX42--8i34__B1_A0AA52HX50,0.9538009180327869,0.5,False
5i4h__B1_P07711--5i4h__A1_P07711,0.8398618252928635,0.5,True
4e6h__A1_Q6CII8--4e6h__A2_Q6CII8,0.9635390296172608,0.5,True
6x7p__A1_Q8GGP1--6x7p__A2_Q8GGP1,0.9665993487519505,0.5,True
3exq__A1_Q03S37--3exq__A2_Q03S37,0.8423293366409408,0.5,True
2qvc__A1_Q9WXW9--2qvc__B2_Q9WXW9,0.9826286639069411,0.5,True
6yoa__A1_O82015--6yoa__B1_O82015,0.945385258905064,0.5,True
7qnm__A1_G0L7V6--7qnm__B1_G0L7V6,0.984326850292685,0.5,True
3p8v__A1_Q9V228--3p8v__B1_Q9V228,0.9687865268804916,0.5,True
4re1__A1_P28347--4re1__D1_P46937,0.8737520945519275,0.5,False
8iw5__A1_Q8C8U0--8iw5__B1_Q8C8U0,0.8084000288813475,0.5,True
7sq2__B1_Q01970--7sq2__A1_P21279,0.9114885748534735,0.5,False
3owf__A1_P00644--3owf__A2_P00644,0.9120209022256371,0.5,True
2dpl__A1_O59072--2dpl__B1_O59072,0.9671179303663836,0.5,True
4ap5__A1_Q9Y2G5--4ap5__B1_Q9Y2G5,0.9426889775169449,0.5,True
8evy__A1_Q9LCT6--8evy__A2_Q9LCT6,0.9752278026533228,0.5,True
5npo__A1_P62593--5npo__B1_D3INY1,0.883760026142962,0.5,False
5uhs__A1_B0SR19--5uhs__B1_B0SR19,0.7739314104394035,0.5,True
5t3v__B1_Q9Y2C4--5t3v__A1_Q9Y2C4,0.9192751752202707,0.5,True
8f2l__A1_P9WJY9--8f2l__B1_P9WJY9,0.9507194488348347,0.5,True
8h1l__B1_A0A7U4E834--8h1l__A1_A0A7U4E834,0.8767617475125851,0.5,True
1nye__A1_P0C0L2--1nye__B1_P0C0L2,0.8460789518762925,0.5,True
2ou6__A1_Q9RVG4--2ou6__A2_Q9RVG4,0.9344053754952946,0.5,True
1vbi__A1_Q53W84--1vbi__A2_Q53W84,0.9293609302636995,0.5,True
2oqb__A1_Q4AE70--2oqb__B1_Q4AE70,0.8845890719956324,0.5,True
8ajy__A1_A0AEF6--8ajy__B1_UNDEFINED,0.9288736765651647,0.5,False
6saz__B1_Q9UGM5--6saz__A1_P07584,0.9343333158699301,0.5,False
8gzy__A1_P0A9A6--8gzy__B1_UNDEFINED,0.850635242482964,0.5,False
6l9x__A1_F6VRB7--6l9x__A2_F6VRB7,0.8403495105548493,0.5,True
3ica__B1_Q7MXR4--3ica__A1_Q7MXR4,0.8958989711166012,0.5,True
6o15__A1_P39353--6o15__B1_P39353,0.9510202958218743,0.5,True
2ohc__A1_Q9HIY5--2ohc__B1_Q9HIY5,0.9386529873272138,0.5,True
8qfo__A1_A0A840P3H4--8qfo__B1_A0A840P3H4,0.8996811209773389,0.5,True
5zmy__A1_F1LJ99--5zmy__B1_F1LJ99,0.9496976975436857,0.5,True
6tx3__B1_Q9NWY4--6tx3__A1_Q9UGN5,0.9506928128210907,0.5,False
4tx5__A1_Q9NR28--4tx5__B1_Q9NR28,0.9022000605415146,0.5,True
7wnk__B1_A0A1E5TT85--7wnk__A1_A0A1E5TT85,0.9880328697850822,0.5,True
2fn0__B1_Q9X9I8--2fn0__A1_Q9X9I8,0.9957455188154838,0.5,True
5x89__A1_Q8TGZ7--5x89__A2_Q8TGZ7,0.8998206720054858,0.5,True
2j0t__A1_P03956--2j0t__D1_P01033,0.9590385155056351,0.5,False
2i9i__A1_O25234--2i9i__A2_O25234,0.888761722736523,0.5,True
3rtr__G1_Q13616--3rtr__H1_P62877,0.9497415254194967,0.5,False
8bjd__A1_UNDEFINED--8bjd__A2_UNDEFINED,0.9680125962077942,0.5,True
7lq2__A1_A0A023X3Z4--7lq2__B1_A0A023X3Z4,0.8403974391066189,0.5,True
6aht__A1_A1BZ87--6aht__B1_A1BYM8,0.9078546674461346,0.5,False
8tto__A1_UNDEFINED--8tto__B1_UNDEFINED,0.885016007575416,0.521179600486991,True
8czp__A1_A0A0D5ZBI4--8czp__B1_A0A0D5ZBI4,0.9302435488827611,0.5,True
4ro3__A1_M1RHE3--4ro3__B1_M1RHE3,0.9277930184478372,0.5,True
1c0n__A1_P77444--1c0n__A2_P77444,0.9254092803028017,0.5,True
7tq0__A1_P00459--7tq0__A2_P00459,0.9637650968512728,0.5,True
1o4w__A1_O29664--1o4w__A2_O29664,0.9880527026356123,0.5,True
4jzp__A1_P51572--4jzp__B1_P51572,0.9041956098916366,0.5,True
5xdf__B1_Q5SL04--5xdf__A1_Q5SL04,0.9209771669592652,0.5,True
6kr4__A1_P10586--6kr4__E1_P60469,0.9244241671748319,0.5,False
1itv__A1_P14780--1itv__B1_P14780,0.8999866147053919,0.5,True
8e51__A1_A0A5N5MKD0--8e51__B1_UNDEFINED,0.7168043005683455,0.5,False
2qgi__A1_P05449--2qgi__B1_P05449,0.9476687820194829,0.5,True
1a19__A1_P11540--1a19__B1_P11540,0.9273725780575096,0.5,True
8a9x__A1_P15752--8a9x__C1_P15752,0.966653031661982,0.5,True
3onm__A1_UNDEFINED--3onm__B1_UNDEFINED,0.8991686631650504,0.5,True
7wrs__A1_Q5ZJ86--7wrs__B1_UNDEFINED,0.8741283948542213,0.5,False
8e9e__B1_Q02293--8e9e__A1_Q04631,0.8998630686860656,0.5,False
2h4c__A1_Q7T2R1--2h4c__B1_Q7T3T5,0.8718633611969012,0.4998310696668694,False
2bdt__A1_Q9K6P2--2bdt__A2_Q9K6P2,0.9399377233063123,0.5,True
5vbn__A1_P56282--5vbn__B1_Q07864,0.9490129861054581,0.5,False
8gt0__A1_Q8I6U4--8gt0__B1_P01040,0.9654886390867699,0.5,False
5lrr__A1_P22262--5lrr__B1_P22262,0.9666208401662084,0.5,True
4y7i__A1_Q96EF0--4y7i__B1_Q96EF0,0.9833333966466723,0.5,True
1who__A1_P43214--1who__A2_P43214,0.8656760972574344,0.5,True
4g10__A1_Q9WXJ9--4g10__A2_Q9WXJ9,0.9505457091766907,0.5,True
8q4k__A1_O51180--8q4k__B1_O51180,0.9181681436238102,0.5,True
6hp3__A1_O31927--6hp3__B1_O31927,0.9174978423290154,0.5,True
8hs0__A1_Q9LIR4--8hs0__A2_Q9LIR4,0.9316950331513469,0.5,True
6gz1__A1_P10151--6gz1__A2_P10151,0.932599208776867,0.5,True
8pbu__A1_P27708--8pbu__A2_P27708,0.9319827773725897,0.5,True
7zjc__A1_P0DV83--7zjc__A2_P0DV83,0.9318820428565623,0.5,True
6ecu__B1_Q8RJY3--6ecu__A1_Q8RJY3,0.9571604205229631,0.5,True
7p0h__A1_O26008--7p0h__C1_O26008,0.9683634193468984,0.5,True
5b3g__B1_Q9SZF7--5b3g__A1_Q9M384,0.9656453538108103,0.5,False
7vzy__B1_Q84G19--7vzy__A1_Q84G19,0.9679799967142972,0.5,True
2q3t__A1_Q9LUJ3--2q3t__A2_Q9LUJ3,0.8590033251729319,0.5,True
8j3t__A1_A0A0G2TMR2--8j3t__B1_A0A0G2TMR2,0.9839949965508981,0.5,True
7pt0__A1_Q9KYU4--7pt0__B1_Q9KYU4,0.9543271381284667,0.5,True
6m09__B1_Q8LDU1--6m09__A1_Q8LDU1,0.9661706317153638,0.5,True
7uxs__B1_J8G6Z1--7uxs__A1_J8G6Z1,0.9347287663138633,0.5,True
2q03__A1_Q12ML0--2q03__B1_Q12ML0,0.8859750085125704,0.5,True
6kcp__B1_Q9VAA9--6kcp__A1_Q9VAA9,0.881437060533248,0.5,True
3zn4__A1_C8CHL4--3zn4__A2_C8CHL4,0.9464130483715215,0.5,True
6sj4__B1_A0A022MQ12--6sj4__A1_A0A022MQ12,0.9243283702658,0.5,True
5cyy__A1_P9WG63--5cyy__B1_P9WG63,0.9241844072724605,0.5,True
3tj3__A1_P52294--3tj3__B1_Q9UKX7,0.8314262761092571,0.5,False
3i32__A1_Q72GF3--3i32__A2_Q72GF3,0.9877132046500563,0.5,True
1jk9__B1_P40202--1jk9__A1_P00445,0.9377131270928697,0.49997304073544874,False
4z3u__B1_G3G955--4z3u__A1_G3G8X8,0.9022978413110453,0.5,False
4e4w__A1_P38920--4e4w__B1_P14242,0.9607475286325367,0.5,False
5yw5__A1_Q5NII9--5yw5__D1_Q5NII9,0.8991890470363454,0.5155927980292394,True
3ab8__A1_Q5SLE3--3ab8__B1_Q5SLE3,0.8408074431349797,0.5,True
3mxt__A1_Q9PIK2--3mxt__A2_Q9PIK2,0.8955407521920329,0.5,True
7war__B1_A0A1B6PFV1--7war__A1_A0A1B6PFV1,0.94198826827834,0.5,True
7fn1__B1_P32357--7fn1__A1_P33334,0.9471897861564433,0.5,False
7xl7__A1_A0A2J0R8J6--7xl7__B1_A0A2J0R8J6,0.6853138624653191,0.5,True
8vc5__A1_Q9XCL6--8vc5__B1_Q9XCL6,0.987326129820336,0.5,True
5jfz__A1_P20605--5jfz__B1_P0ADX5,0.8515302388636282,0.5,False
1gkh__A1_P69543--1gkh__A2_P69543,0.9497864412940749,0.5,True
5g37__B1_P10565--5g37__A1_P06575,0.8387911986505449,0.5,False
2gjx__A1_P06865--2gjx__B1_P07686,0.9229553961397655,0.5,False
3aqb__B1_O66129--3aqb__A1_O66127,0.904781948623004,0.5,False
8q1a__A1_Q16790--8q1a__C2_Q16790,0.8776269739728254,0.5,True
8ezt__D2_UNDEFINED--8ezt__A1_UNDEFINED,0.8940843561662665,0.5,True
5ez1__B1_P56112--5ez1__A1_P56112,0.9406501921853958,0.5,True
3lwd__A1_Q1QTX1--3lwd__A2_Q1QTX1,0.9747526622455364,0.5,True
8dye__A1_P31040--8dye__B1_Q5VUM1,0.8307396219681618,0.5,False
6xnr__A1_UNDEFINED--6xnr__A2_UNDEFINED,0.9363266059703904,0.5,True
2ch6__A1_Q9UJ70--2ch6__D1_Q9UJ70,0.9599195859172742,0.5,True
3gpn__A1_P15873--3gpn__A2_P15873,0.9686723845260431,0.5,True
5y69__A1_A8ATW7--5y69__B1_A8ATW7,0.841576060157791,0.5,True
7th0__A1_P31667--7th0__A2_P31667,0.6748414478284984,0.5,True
2qh0__A1_Q97H22--2qh0__A2_Q97H22,0.9147917801585861,0.5082728043096665,True
7uln__A1_P09514--7uln__B1_P09514,0.8915812256136469,0.5,True
5ubb__A1_Q5VVY1--5ubb__A2_Q5VVY1,0.9954770813759051,0.5,True
5kvs__B1_O54512--5kvs__A1_O54512,0.9443667777088003,0.5,True
3frs__A1_P53990--3frs__A2_P53990,0.8173769988035363,0.5,True
3obv__A1_O08808--3obv__C1_O08808,0.9702699762452935,0.5,True
4wkz__A1_A0AEF5--4wkz__B1_W5IDC3,0.9104970745413262,0.5,False
3kt0__A1_Q12109--3kt0__A2_Q12109,0.976786240942783,0.5,True
5i90__A1_G3XCY5--5i90__B1_G3XCY5,0.9311237769187601,0.5,True
3bat__B1_P24733--3bat__A1_P24733,0.8879422751871369,0.5,True
2ps1__A1_P13298--2ps1__B1_P13298,0.9265909132496517,0.5,True
1fcd__A1_Q06530--1fcd__B1_Q06529,0.9712676692278782,0.5,False
8hy8__A1_A0A085BE66--8hy8__A2_A0A085BE66,0.9394308395850415,0.5,True
8har__A1_Q2L6E4--8har__B1_Q2L6E4,0.9797506852937918,0.5,True
8a60__A1_P06971--8a60__B1_Q38162,0.8439424904618577,0.5,False
4je4__A1_Q06124--4je4__B1_P02751,0.8487861166976878,0.5,False
2a6c__A1_Q82UW4--2a6c__A2_Q82UW4,0.9020521402994531,0.5,True
5k9l__B1_A8MW95--5k9l__A1_A8MW95,0.867066962399662,0.5,True
5mzg__A1_P53368--5mzg__B1_P53368,0.9413052022517469,0.5,True
6lfn__A1_UNDEFINED--6lfn__B1_UNDEFINED,0.7431762964612321,0.5,True
7ucc__B1_P17535--7ucc__A1_P53539,0.8939628031716418,0.5,False
8d0x__A1_Q9Y231--8d0x__A2_Q9Y231,0.8670900051178632,0.5,True
6ano__B1_Q9UKL3--6ano__A1_Q9UKL3,0.8964978021873241,0.5,True
6d0a__A1_Q8N5Z0--6d0a__A2_Q8N5Z0,0.9454254101835778,0.5061919504643962,True
2xga__B1_P35530--2xga__A1_P35530,0.9760136455248437,0.5,True
2i3o__A1_Q9HJH4--2i3o__B1_Q9HJH4,0.956844698279862,0.5,True
1ijx__A1_P97401--1ijx__C1_P97401,0.9524206119162641,0.5,True
6h2u__A1_Q9NRN9--6h2u__B1_Q9UI30,0.8974182483352904,0.5,False
8h2v__A1_Q93HT8--8h2v__B1_Q93HT8,0.9566688407461975,0.5,True
1wat__B1_P02941--1wat__A1_P02941,0.9573182301400198,0.5,True
7y9b__A1_A3EXD6--7y9b__B1_A3EXD6,0.8827773832443238,0.5,True
7yuj__B1_Q9BYM8--7yuj__A1_Q9BYM8,0.7205379109032319,0.5,True
8c5k__A1_P87252--8c5k__A2_P87252,0.8361824658196529,0.5,True
2spc__A1_P13395--2spc__B1_P13395,0.79657770226822,0.5,True
6q2e__A1_A5UMY5--6q2e__B1_A5UMY5,0.9076950989522511,0.5,True
4p8i__A1_P40746--4p8i__B1_P40746,0.9103602216748768,0.5,True
8gp6__B1_P16710--8gp6__A1_P07611,0.8544304109753276,0.5,False
3a4l__B1_Q58933--3a4l__A1_Q58933,0.9712272285173849,0.5,True
1z52__A1_P09167--1z52__B1_P09167,0.8651435075608153,0.5,True
6c0g__A1_A0A3F2YLX1--6c0g__B2_A0A3F2YLX1,0.8405634102139578,0.5043661290094437,True
8owi__A1_Q02224--8owi__B1_Q02224,0.8560000000000001,0.5,True
1k3r__B1_O26109--1k3r__A1_O26109,0.9769627090144462,0.5,True
7fga__A1_Q8DIJ4--7fga__B2_Q8DIJ4,0.9608277662423192,0.5,True
5akq__A1_O52063--5akq__B1_O52063,0.9756271344109555,0.5,True
7y86__B1_A0A0K2E3A3--7y86__A1_A0A0K2E3A3,0.9330218321796002,0.4999248007219131,True
8d1u__A1_P0A6R0--8d1u__A2_P0A6R0,0.9629199271155351,0.5,True
1vqw__A1_Q9HFE4--1vqw__B1_Q9HFE4,0.9216512756827389,0.5,True
7rzb__A1_A0A229LVN5--7rzb__A2_A0A229LVN5,0.947521322522902,0.5,True
6qta__A1_G0SHE6--6qta__B1_G0SC29,0.8600512934021095,0.5,False
7toc__A1_A0A2H0ZMH9--7toc__B1_A0A2H0ZMH9,0.9127416133939212,0.5,True
7ula__B1_Q88ND0--7ula__A1_Q88NC7,0.9836166257508216,0.5,False
8bes__A1_A0A856TAI5--8bes__B1_A0A856TAI5,0.9101317269672642,0.5,True
7wjt__B1_Q8BZB3--7wjt__A1_Q8BZB3,0.8563027700460804,0.5,True
6j9n__A1_X5EPV9--6j9n__B1_A0A425B395,0.7757597231804262,0.5,False
1kll__A1_O05205--1kll__A2_O05205,0.9603167602245389,0.5137285039650717,True
8uel__A1_UNDEFINED--8uel__B1_UNDEFINED,0.9719862925852554,0.5,True
7xky__A1_Q58690--7xky__B1_Q58034,0.9471877236870264,0.5,False
4p04__A1_A0A0D6H805--4p04__B1_A0A0D6H805,0.8727298109494518,0.5,True
1txz__A1_Q04299--1txz__A2_Q04299,0.9691004392322814,0.5,True
4af5__A1_Q8NQ97--4af5__A2_Q8NQ97,0.8900031723935473,0.5,True
8af9__A1_Q2YPZ9--8af9__H1_Q2YPZ9,0.9403859822947853,0.5,True
8gm9__D1_P9WPD3--8gm9__A1_P9WPD3,0.9385433813205546,0.5,True
7wsx__A1_D9PYV4--7wsx__B1_D9PYV4,0.9838631463669897,0.5,True
4g86__A1_Q79PF6--4g86__B1_Q79PF6,0.8682577924468904,0.5,True
3bq3__A1_Q12395--3bq3__A2_Q12395,0.8853129996121354,0.5,True
7eva__A1_P31490--7eva__A2_P31490,0.9349482959810858,0.5,True
8r7d__B1_G5EI71--8r7d__A1_Q8LJL3,0.78584411632823,0.5,False
7pwy__A1_Q8TDX5--7pwy__B1_Q8TDX5,0.9868334590110955,0.5031205115084922,True
3ut4__A1_A3DJ21--3ut4__B1_A3DJ21,0.9698320658239675,0.5,True
8eei__B1_A0A807MR40--8eei__A1_A0A807MR40,0.9869852722008258,0.5,True
8bp5__B1_A0A369SI82--8bp5__A1_A0A369SI82,0.919457900589976,0.5,True
3l34__B1_Q9HT87--3l34__A1_Q9HT87,0.9073987122818948,0.5206983783073027,True
8god__A1_Q9UM07--8god__A2_Q9UM07,0.9392493646935575,0.5,True
1h9g__A1_P0A8V6--1h9g__A2_P0A8V6,0.9787552438679336,0.5,True
7qg6__D1_Q9HAU5--7qg6__C1_Q9H1J1,0.8285135358255096,0.5,False
8sz3__B2_Q9NY97--8sz3__A1_Q9NY97,0.9336140594501685,0.5,True
5a10__A1_G1FNI6--5a10__A2_G1FNI6,0.9273074993083088,0.5,True
7qoc__A1_Q8NQV9--7qoc__B1_Q8NQV9,0.9772070086406729,0.5,True
8a90__B1_A0A7S9SWM2--8a90__A1_A0A7S9SWM2,0.9428676381699804,0.5,True
3iaa__A1_Q8KNE0--3iaa__B1_Q8KNE0,0.8709833582984285,0.5,True
3n50__B1_Q9H4W6--3n50__A1_Q9H4W6,0.944998991732204,0.5,True
2qg3__A1_O28220--2qg3__A2_O28220,0.895645717064096,0.5,True
7ysk__A1_Q6D6Z8--7ysk__B1_Q6D6Z8,0.9656475174225738,0.4999955789380609,True
7spz__A1_A8B3G9--7spz__A2_A8B3G9,0.9786289673985595,0.5,True
4q2e__B1_Q9X1B7--4q2e__A1_Q9X1B7,0.8487380314768935,0.5,True
8cff__A1_Q7SIF4--8cff__B1_Q7SIF3,0.929155864919344,0.5,False
7uqo__A1_UNDEFINED--7uqo__A2_UNDEFINED,0.8168094001510212,0.5,True
5d4v__C1_Q57913--5d4v__A1_Q57913,0.928036369854645,0.5,True
2p23__A1_O95750--2p23__B1_O95750,0.7451793054954565,0.5,True
7u55__A1_A0A151EDA9--7u55__A2_A0A151EDA9,0.8910452288828132,0.5,True
1rkw__A1_P0A0N4--1rkw__C1_P0A0N4,0.9693992908195802,0.5101895880388215,True
1ps6__A1_P19624--1ps6__B1_P19624,0.9759770437563093,0.5,True
2y21__L1_O28769--2y21__K1_O28769,0.9532486463973344,0.5096153846153846,True
2z5i__A1_P58772--2z5i__B1_P58772,0.8552967415676733,0.5,True
5l7u__B1_A6L2E5--5l7u__A1_A6L2E5,0.9685401376245035,0.5,True
3egq__A1_O28458--3egq__B1_O28458,0.9609409746053535,0.5,True
7r3a__A1_Q6LYR8--7r3a__E1_Q6LYR8,0.9710045366389253,0.5,True
7yq0__A1_A0A101DF63--7yq0__B1_A0A101DF63,0.9731940232509442,0.5,True
3wsc__A1_Q25C86--3wsc__B1_Q25C86,0.7480479591509424,0.5,True
4pib__B1_Q2SVW5--4pib__A1_Q2SVW5,0.9109381805033978,0.49994963908007384,True
7vmx__B1_P9WNN1--7vmx__A1_P9WNM1,0.8871531960253054,0.5,False
1ykd__A1_P94182--1ykd__B1_P94182,0.9582939969537908,0.5,True
4ux7__A1_Q183F3--4ux7__B1_Q183F3,0.8895566252685745,0.5,True
3k3d__A1_P9WLZ7--3k3d__A2_P9WLZ7,0.9386418956076801,0.5110142744422925,True
1sj5__A1_Q9WY07--1sj5__B1_Q9WY07,0.9419446864483506,0.5,True
4c12__A1_Q2FZP6--4c12__A2_Q2FZP6,0.9149638602187162,0.5,True
3k9m__A1_P07858--3k9m__B1_P01040,0.9385451518243442,0.5,False
1ccd__A1_P17559--1ccd__A2_P17559,0.8815343400620546,0.5156149815383935,True
8xiz__A1_T2B4K5--8xiz__B1_T2B4K5,0.9529415276837957,0.5,True
7wz6__A1_P15806--7wz6__B1_P10085,0.9253930218403347,0.5,False
2i00__A1_Q831Y9--2i00__B1_Q831Y9,0.9587036135384825,0.5,True
5ffi__A2_Q44501--5ffi__B1_Q44501,0.8943229690643864,0.5,True
3cnk__A1_P21333--3cnk__B1_P21333,0.9470605514648285,0.5153846153846153,True
8gt9__A1_A8MW95--8gt9__B1_A8MW95,0.8774753023196782,0.5,True
4l2w__B1_Q13464--4l2w__A1_Q13464,0.8548787181711145,0.5,True
3d0j__A1_Q97DI0--3d0j__A2_Q97DI0,0.9230583948337673,0.5,True
7qaj__F1_UNDEFINED--7qaj__A1_Q8JIV8,0.932627882961036,0.5,False
4ct0__A1_P97784--4ct0__B1_O54943,0.7807197783150489,0.5,False
3av0__A1_Q58719--3av0__B1_Q58718,0.9407169790913259,0.5,False
8bln__A1_C9QZ65--8bln__H1_C9QZ65,0.952433190162914,0.5,True
2riq__A1_P09874--2riq__A2_P09874,0.8437242123183085,0.5,True
8hd5__A1_Q99U17--8hd5__B1_Q99U17,0.9012057042531083,0.5235587086602888,True
6xrb__A1_A0A0H3NHS6--6xrb__B1_A0A0H3NHS6,0.9712603558913991,0.5,True
8a1g__A1_Q13596--8a1g__C1_Q9Y5X3,0.9509932321152057,0.5,False
8tn3__A1_Q643B9--8tn3__B1_Q643B9,0.9737914834469632,0.5,True
5ghs__A1_Q5JGL0--5ghs__C1_Q5JF31,0.8492674848822406,0.5,False
5umw__A1_A0A125SA26--5umw__F1_A0A125SA26,0.9569168561203212,0.49997068308413956,True
7x7j__A1_UNDEFINED--7x7j__B1_UNDEFINED,0.9594155171672736,0.5,True
7zcv__B1_A0A0E7KI02--7zcv__A1_A0A0E7KI02,0.8851662671016413,0.5,True
6scq__A1_Q8NNN6--6scq__A2_Q8NNN6,0.9117044056676842,0.5,True
7yfu__A1_Q8CG73--7yfu__B1_Q8CG73,0.9582158951575663,0.5,True
2yn3__C1_Q8ZKG6--2yn3__A1_Q8ZKG6,0.6867635052651596,0.5,True
3ix1__A1_Q9K9G5--3ix1__B1_Q9K9G5,0.9117268606961948,0.5,True
7khs__A1_Q2CEE3--7khs__B1_Q2CEE3,0.9781671895309038,0.5,True
8k5l__A1_A0A829KK40--8k5l__B1_A0A829KK40,0.9813988654462161,0.5,True
2g0t__B1_Q9WZQ3--2g0t__A1_Q9WZQ3,0.9745067689624465,0.5,True
3lr3__A1_Q63T74--3lr3__A2_Q63T74,0.9597076042608539,0.5136986301369864,True
4pxq__A1_F1QR43--4pxq__B1_F1QR43,0.9691397940289689,0.5,True
4z5y__A1_Q88QV5--4z5y__A2_Q88QV5,0.9672198577373241,0.5,True
7zhf__A1_A0A0U2WWJ1--7zhf__A2_A0A0U2WWJ1,0.9544900212694045,0.5,True
6h86__A1_B5KM66--6h86__B1_B5KM66,0.7738158685040902,0.5,True
7saf__B1_Q6TLP8--7saf__A1_Q6TLP8,0.9201052907796765,0.5,True
7zj1__B1_P55265--7zj1__A1_P55265,0.8882913601896503,0.5,True
4g9k__A1_P32340--4g9k__B1_P32340,0.9219937193250115,0.5,True
8b35__A1_Q96562--8b35__B1_Q96562,0.9673583097570289,0.5,True
2rdz__A1_P0ABK9--2rdz__B1_P0ABK9,0.9509062722863435,0.5,True
6bzf__B1_P53061--6bzf__A1_P17122,0.8909738366454085,0.5,False
5ydd__B1_P9WME7--5ydd__A1_P9WME7,0.8903308858759227,0.5028987092539926,True
4czd__B1_B8J3A4--4czd__A1_B8J364,0.905647519884407,0.5,False
3ft7__B1_Q54323--3ft7__A1_Q54323,0.7821414573005009,0.5029202865154263,True
4pz1__A1_Q99XU0--4pz1__A2_Q99XU0,0.8317848281362307,0.5,True
2w1t__A1_P37554--2w1t__B1_P37554,0.9823218596971288,0.5110294117647058,True
7qz5__A1_A2RI36--7qz5__B1_A2RI36,0.907889972941042,0.5,True
5h31__A1_Q14790--5h31__B1_Q14790,0.9510830222369938,0.5,True
8p33__A1_O51254--8p33__A2_O51254,0.9397978531338053,0.5,True
8orv__A1_A0A7H0DNF0--8orv__A2_A0A7H0DNF0,0.9108358216985446,0.5,True
8oru__A1_O93732--8oru__B1_O93732,0.9732273649878183,0.5,True
8slg__B1_G7CIG9--8slg__A1_G7CIG9,0.9146803564345672,0.5,True
3l2e__B1_Q6AW42--3l2e__A1_Q6AW43,0.9032967319379808,0.5,False
3b0a__A1_P0CG48--3b0a__B1_Q9WUB0,0.7567515049610178,0.5,False
6etz__A1_A0A023UGN9--6etz__A2_A0A023UGN9,0.9072685415391492,0.5,True
7sfz__B1_Q9NYP9--7sfz__A1_Q9NYP9,0.8824793880827005,0.5,True
8vdw__B1_T0TAB9--8vdw__A1_T0TAB9,0.9704362260940331,0.5,True
8ri0__A1_E4THH1--8ri0__B1_E4THH1,0.9202487333425875,0.5,True
5z2i__B1_Q54LT0--5z2i__A1_Q54LT0,0.8146760937443922,0.5,True
4miv__A1_P51688--4miv__B1_P51688,0.9537676195943978,0.5,True
3vh1__A1_P38862--3vh1__A2_P38862,0.9766205170709039,0.5,True
7z98__A1_E6V140--7z98__A2_E6V140,0.9576850303376968,0.5,True
2ond__A1_Q99LI7--2ond__B1_Q99LI7,0.9252615564857283,0.5,True
7vt9__A1_P21517--7vt9__B1_P21517,0.9327486609703872,0.5,True
1gju__A1_O33838--1gju__A2_O33838,0.9347823421529838,0.5,True
6hta__A1_A0A3F2YM29--6hta__B1_A0A3F2YM29,0.8020646253855463,0.5,True
3h7h__A1_P63272--3h7h__B1_O00267,0.9298013485850105,0.5091743119266054,False
1dek__A1_P04531--1dek__B1_P04531,0.9661642091009944,0.5,True
4z39__A1_A0A0S2E5N6--4z39__B1_A0A0S2E5N6,0.8727553420642248,0.5,True
5ca9__A1_Q9C0L9--5ca9__A2_Q9C0L9,0.9236798120248251,0.5,True
6x0a__A1_F7Y4W0--6x0a__S1_F7YBW8,0.7933030738833452,0.5,False
7spq__A1_C5AMM8--7spq__A2_C5AMM8,0.9698859419251187,0.5,True
7spn__A1_A0A7C2VFT1--7spn__B1_A0A7C2VFT1,0.9831850604582095,0.5,True
1tv8__A1_P65388--1tv8__B1_P65388,0.7958278500518787,0.5,True
3mkr__B1_Q27954--3mkr__A1_Q28104,0.9540368581676464,0.5,False
7tdq__A1_Q2HR80--7tdq__B1_Q2HR80,0.8182271045930221,0.5,True
7xoi__A1_A0A5N6DPG0--7xoi__B1_A0A5N6EXS6,0.9164841202676677,0.5,False
8h62__A1_P0DJM0--8h62__B1_P12830,0.940485909152325,0.5,False
7dyc__A1_UNDEFINED--7dyc__A2_UNDEFINED,0.7647808309990306,0.5030674846625767,True
8bbt__A1_A0A0B4VFQ3--8bbt__A2_A0A0B4VFQ3,0.9636422911996927,0.5,True
3t2l__A1_Q5LE95--3t2l__A2_Q5LE95,0.9777969950609926,0.5,True
3uet__A1_B7GNN8--3uet__B1_B7GNN8,0.8837858984032775,0.5,True
8fdb__B1_Q12KP2--8fdb__A1_Q12KP2,0.9039258271417898,0.5,True
6ok3__A1_C3X9N1--6ok3__B1_C3X9N1,0.6517746696363516,0.5,True
8hp3__A1_A0A2K0XCZ3--8hp3__B1_A0A2K0XCZ3,0.9217391394730309,0.5,True
7xkg__A1_A7NHS9--7xkg__B1_A7NHS9,0.9067441847229547,0.5,True
1l7e__A1_Q2RSB2--1l7e__B1_Q2RSB2,0.9480647980060091,0.5,True
8gst__A1_Q1NEI7--8gst__B1_Q1NEI7,0.980899855293931,0.5,True
7cq3__A1_P38324--7cq3__B1_Q12098,0.9148697585046388,0.5,False
5htf__A1_Q8Y759--5htf__B1_Q8Y759,0.9631569965790632,0.5,True
6c90__A1_P42285--6c90__B1_Q6NZY4,0.9056509627004867,0.5,False
6e1j__A1_C5J4P1--6e1j__B1_C5J4P1,0.9106251428186323,0.5,True
3ccd__A1_P0AA04--3ccd__B1_P0AA04,0.8981011781011781,0.5,True
3dzl__B1_Q396C9--3dzl__A1_Q396C9,0.9087313432835821,0.5,True
4ir7__A1_UNDEFINED--4ir7__A2_UNDEFINED,0.9781371459182986,0.5,True
7nlj__B1_UNDEFINED--7nlj__A1_K3YAU1,0.8168064620262182,0.5,False
2y1h__B1_Q17R31--2y1h__A1_Q17R31,0.9152493284601049,0.5,True
7unj__A1_UNDEFINED--7unj__B1_UNDEFINED,0.9762545785606911,0.5,True
7lfs__A1_P00533--7lfs__E1_O14944,0.895152975513247,0.5,False
6jiw__A1_A0A0H3JU78--6jiw__A2_A0A0H3JU78,0.9284957291265872,0.5,True
8ees__A1_A0A0H3GMB7--8ees__B1_A0A0H3GMB7,0.9894140690108952,0.5,True
3nb6__A1_O66874--3nb6__A2_O66874,0.9264779626922869,0.5,True
5f8c__A1_O53532--5f8c__A2_O53532,0.9502005794706192,0.4999839130015122,True
5yet__A1_Q5UQV1--5yet__B1_Q5UQV1,0.9747291696600775,0.5,True
8jt3__A1_H8Y6N2--8jt3__C1_H8Y6N2,0.9093797608761334,0.5,True
1ije__A1_P02994--1ije__B1_P32471,0.9359105334532942,0.5,False
6on4__A1_P0A8W0--6on4__B1_P0A8W0,0.9102229243021339,0.5,True
4zvc__A1_P0AA89--4zvc__B1_P0AA89,0.9447854013443443,0.5,True
4qoa__A1_A7VAB9--4qoa__A2_A7VAB9,0.9518809053886409,0.5,True
6wmv__A1_U5WZP7--6wmv__B1_U5WZP7,0.9589902559163783,0.5,True
3e3c__A1_Q7DB61--3e3c__B1_Q7DB61,0.8866569549615798,0.4999278603376136,True
7zc8__B1_UNDEFINED--7zc8__A1_UNDEFINED,0.9116899197382095,0.5,True
6ekk__A1_Q8TEH3--6ekk__C1_Q15286,0.9233109629230378,0.5,False
8a9w__A1_P15751--8a9w__A2_P15751,0.9881115904737952,0.5,True
2gj9__A1_P25522--2gj9__B1_P25522,0.9480578460283514,0.5,True
3cm7__C1_P98170--3cm7__D1_P98170,0.8936218139613018,0.5,True
8f5v__A1_O53728--8f5v__B1_O53728,0.9668401499572639,0.5,True
1ecj__A1_P0AG16--1ecj__B1_P0AG16,0.9002484648845682,0.5,True
3s5r__A1_Q2LS68--3s5r__B1_Q2LS68,0.9493826017464524,0.5,True
3im3__A1_P00514--3im3__A2_P00514,0.872937293729373,0.506578947368421,True
4mcj__B1_A6L9R1--4mcj__A1_A6L9R1,0.9657709855998159,0.5,True
7vw1__B1_V5J1S8--7vw1__A1_V5J1S8,0.9189318826048746,0.5,True
3p12__A1_Q2G1A5--3p12__D1_Q2G1A5,0.8878836405380709,0.5,True
8aq0__A1_Q6DTN4--8aq0__B1_Q6DTN4,0.9580960249669745,0.5,True
3wpm__A1_G2IKE5--3wpm__B1_G2IKE5,0.9003005975697265,0.5,True
7xof__B1_Q0DFB6--7xof__A1_Q0DFB6,0.9446222774962411,0.5,True
8a8f__A1_P32598--8a8f__B1_P42073,0.781708518186865,0.5,False
5un7__A1_Q9NUX5--5un7__B1_Q96AP0,0.8735352352825098,0.5,False
8juk__A1_V5VGC6--8juk__B1_V5VGC6,0.9507314684615513,0.5,True
8snp__A1_O09118--8snp__A2_O09118,0.836981727131004,0.5,True
8ic6__A1_UNDEFINED--8ic6__B1_UNDEFINED,0.9338259812600398,0.5,True
6wjc__A1_P11229--6wjc__B1_Q8QGR0,0.9015064991570131,0.5,False
8ard__A1_Q64331--8ard__A2_Q64331,0.8757810080696578,0.5,True
3mqi__A1_Q9UH73--3mqi__B1_Q9UH73,0.8561036201527455,0.5,True
3q01__A1_P04637--3q01__B1_P04637,0.9649851236025477,0.5,True
7ylq__A1_Q93CA6--7ylq__B1_Q93CA6,0.8853824020557264,0.5,True
2yvo__A1_Q5SJY9--2yvo__A2_Q5SJY9,0.8820101746945255,0.5,True
5vpa__B1_P17535--5vpa__A1_P53539,0.9145161290322581,0.5,False
3v78__B1_P95092--3v78__A1_P95092,0.961854830284444,0.5049019607843137,True
7pzh__A1_A0A174J845--7pzh__B1_A0A174J845,0.9215540809855836,0.5,True
3m0f__A1_Q4KDJ6--3m0f__B1_Q4KDJ6,0.9263175223864585,0.49998777117421184,True
1y4h__A1_P0C1S6--1y4h__C1_Q9EYW6,0.9083295682294744,0.5,False
2o4c__A1_Q9I3W9--2o4c__B1_Q9I3W9,0.9782525933219501,0.5,True
1ynh__A1_P76216--1ynh__D1_P76216,0.9877052619947924,0.5,True
8ohx__A1_U4Q148--8ohx__B1_U4Q148,0.9240158901158094,0.5,True
3a6m__A1_Q56236--3a6m__B1_Q56236,0.9367961176871741,0.5,True
4bvp__A1_Q5ZUA2--4bvp__B1_Q5ZUA2,0.9388396827102287,0.5,True
6qpq__A1_G0SGH3--6qpq__B1_Q12158,0.9821822810284755,0.5,False
3ct6__A1_Q9CIV6--3ct6__B1_Q9CIV6,0.9320159057955095,0.5,True
1qae__A1_P13717--1qae__B1_P13717,0.901656815950014,0.5,True
3q5w__B1_P38937--3q5w__A1_P38937,0.9036678961499303,0.5028901734104047,True
8gol__B1_G9I933--8gol__A1_G9I933,0.9153631615131612,0.5,True
7epj__A1_P62554--7epj__A2_P62554,0.9478855844284161,0.5,True
1ag9__A1_P61949--1ag9__B1_P61949,0.9939800910784148,0.5,True
3gwh__B1_O31691--3gwh__A1_O31691,0.8884594391527295,0.5,True
5gw1__A1_P57768--5gw1__B1_P57768,0.9108291813640795,0.5,True
3l2o__B1_Q9UKT5--3l2o__A1_P63208,0.9245518673358579,0.5,False
7y3u__A1_A0A8B9XNB5--7y3u__B1_A0A8B9XNB5,0.9395052954778489,0.5,True
3wrf__A1_E8MGH8--3wrf__A2_E8MGH8,0.9558971826804181,0.5,True
7yyl__A1_Q3AET9--7yyl__B1_Q3AET9,0.8725352268174892,0.5,True
8syb__B1_Q72KY0--8syb__A1_Q72KY0,0.9844247266528402,0.5,True
8qc3__A1_A0A1C9WRL0--8qc3__B1_A0A1C9WRL0,0.9615311396931283,0.5,True
3wtf__B1_Q9BUH6--3wtf__A1_Q9BUH6,0.9789625981909069,0.5,True
2x0e__B1_Q7BG50--2x0e__A1_Q7BG50,0.9311060990024779,0.5,True
1ojh__A1_Q8YNP7--1ojh__B1_Q8YNP7,0.7669046594982079,0.5,True
3eyy__A1_Q9K4F8--3eyy__B1_Q9K4F8,0.9745701361665694,0.4999715763742823,True
8bwv__D2_A0A482M8M0--8bwv__A1_A0A482M8M0,0.8044448448392953,0.5,True
7cm9__A1_A0A7V8UZ53--7cm9__B1_A0A7V8UZ53,0.9136208875219486,0.5,True
4nc8__A1_P12464--4nc8__A2_P12464,0.969828927315203,0.5,True
1zhh__A1_P54300--1zhh__B1_P54302,0.9295811487639742,0.5,False
8c0u__A1_Q9I5Q5--8c0u__B1_Q9I5Q5,0.9203946575203924,0.5,True
2fbq__A1_Q9HZJ9--2fbq__A2_Q9HZJ9,0.9515962825396894,0.5,True
7fch__A1_O95256--7fch__C2_O95256,0.9520812519423418,0.5,True
8c7t__B1_A0A1B4XP18--8c7t__A1_A0A1B4XP18,0.8982746479172348,0.5,True
4iwn__A1_P76290--4iwn__B1_P76290,0.9871775226420273,0.5,True
1sc1__A1_P29466--1sc1__B1_P29466,0.8978772592179511,0.5,True
5amt__A1_A0Q7H2--5amt__A2_A0Q7H2,0.9558692910308563,0.5,True
4ueb__C1_P48598--4ueb__D1_UNDEFINED,0.8929045255346154,0.5,False
7qfz__B1_B7L3Y3--7qfz__A1_B7L3Y3,0.8750393466289512,0.5,True
3hml__A1_A6T9H1--3hml__B1_A6T9H1,0.937047842617801,0.5,True
1xk6__A1_P31572--1xk6__C1_P31572,0.9042590086255726,0.5,True
7r3s__A1_A0A4R2M5S2--7r3s__B1_A0A4R2M5S2,0.9196497235398131,0.5,True
2grx__A1_P06971--2grx__C1_P02929,0.8709971772084761,0.5,False
7vsf__A1_P25440--7vsf__B1_P25440,0.8682486072269404,0.5,True
3q34__A1_Q48EL2--3q34__C1_Q48EL2,0.842276237389648,0.5,True
4r2k__A1_Q8ZP84--4r2k__A2_Q8ZP84,0.9573355695665228,0.5,True
3cgw__A1_Q8PVT6--3cgw__A2_Q8PVT6,0.9552210546338584,0.5,True
7r2f__A1_P21836--7r2f__B1_P21836,0.989679056670033,0.5,True
4g19__A1_I6ZUH3--4g19__B1_I6ZUH3,0.9908047993804412,0.5,True
3dg8__C1_P13922--3dg8__A1_P13922,0.8489161209449091,0.5,True
6m10__A1_Q9HUW0--6m10__C1_Q9HUW0,0.8660487720068054,0.5044279230984698,True
8tt2__B1_Q4K977--8tt2__A1_Q4K977,0.9460163090490961,0.5,True
1h31__A1_Q939U1--1h31__B1_Q939U4,0.9240828187431892,0.5,False
5iib__A1_P04552--5iib__B1_Q8WR62,0.9252932850065414,0.5,False
6a5g__A1_UNDEFINED--6a5g__C1_UNDEFINED,0.9781977569844568,0.5136317464699778,True
7p7i__B1_R8APY9--7p7i__A1_R8APY9,0.9652291763590711,0.5,True
3hzu__A1_P9WHF7--3hzu__A2_P9WHF7,0.9490711283809166,0.5,True
5dob__A1_P16794--5dob__B1_P16791,0.9317569045114649,0.5,False
7xgs__A1_Q9FVC1--7xgs__A2_Q9FVC1,0.8415882846880229,0.5,True
6iju__A1_Q9KJN4--6iju__A2_Q9KJN4,0.9621476042448279,0.5,True
4kqd__B1_P06626--4kqd__A1_P06626,0.9077588166781506,0.5,True
2fu3__B1_Q03555--2fu3__A1_Q03555,0.8514524040128044,0.5,True
1jgt__B1_P0DJQ7--1jgt__A1_P0DJQ7,0.9262714572937938,0.5,True
6l4b__A1_Q9UGV2--6l4b__C2_Q9UGV2,0.9440306490753753,0.5,True
3lzk__A1_Q92LT4--3lzk__B1_Q92LT4,0.9507373028133175,0.5,True
1ht8__A1_P05979--1ht8__B1_P05979,0.9165749850161999,0.5,True
1z8h__A1_Q8YWS4--1z8h__B1_Q8YWS4,0.9185013813358012,0.5,True
8gk6__A1_W6USS8--8gk6__E1_W6USS8,0.9802493223665762,0.5096153846153846,True
4mjf__A1_A6L2I4--4mjf__A2_A6L2I4,0.9775962641718352,0.5,True
7m4s__A1_Q8YLC3--7m4s__D1_Q8YLC3,0.9048956591134616,0.5,True
6fju__A1_E6N8B9--6fju__B1_E6N8B9,0.9675200869336142,0.5,True
6lgq__A1_P21865--6lgq__B1_P21866,0.7512954403372984,0.5,False
2y27__B1_B4E7B5--2y27__A1_B4E7B5,0.9533211469838009,0.5,True
2tdx__A1_P0DJL7--2tdx__A2_P0DJL7,0.9876935984317392,0.5,True
8aim__C1_Q6GJ88--8aim__A1_A0A141HSF0,0.8223003846484332,0.5,False
8fj8__A1_P02638--8fj8__A2_P02638,0.9077989853626082,0.5585258055317935,True
3uv0__B1_Q9W061--3uv0__A1_Q9W061,0.9703058109499467,0.5,True
8alo__B1_P24003--8alo__A1_P15795,0.8851743004406288,0.5,False
2zb6__A1_P08362--2zb6__A2_P08362,0.9537812631876607,0.5,True
6xa0__A1_D1A230--6xa0__B1_D1A230,0.9180030915902525,0.5,True
1zbo__B1_Q7WAM7--1zbo__A1_Q7WAM7,0.8663423805558447,0.5,True
6xb5__A1_A0A7E5VPD6--6xb5__B1_A0A7E5VPD6,0.9597750808639399,0.5,True
8duy__D1_A0A0H3GVN6--8duy__A1_A0A0H3GVN6,0.9720339873401097,0.5,True
7th5__A1_Q5SLG6--7th5__B1_Q5SLG6,0.7999251675671533,0.5,True
3uws__B1_A7A9N3--3uws__A1_A7A9N3,0.9701698517478963,0.503030303030303,True
4u04__B1_Q9BVA6--4u04__A1_Q9BVA6,0.9514207622975528,0.5,True
2kin__A1_P56536--2kin__B1_Q6QLM7,0.910351584606678,0.5041454442558008,False
3ulc__A1_Q08236--3ulc__A2_Q08236,0.9543610264227642,0.5,True
8b2a__A1_Q2YWJ9--8b2a__A2_Q2YWJ9,0.9922803899009809,0.5,True
8qff__A1_K9TLZ5--8qff__A2_K9TLZ5,0.9591819402067754,0.5,True
6w9q__A1_P0DTD1--6w9q__A2_P0DTD1,0.9347786942277636,0.5,True
8c8c__A1_P48426--8c8c__A2_P48426,0.9887592378272478,0.5,True
8iup__B1_A9A1Y1--8iup__A1_A9A1Y1,0.9660811003594584,0.5,True
3o7o__A1_Q9S5X8--3o7o__B1_Q9S5X8,0.9228489221115337,0.5,True
4bg8__A1_Q8TX37--4bg8__B1_Q8TX37,0.9869191648264656,0.5,True
7qxo__A1_G8UIQ1--7qxo__B1_G8UIQ1,0.9496282475435062,0.5,True
4xiz__A1_Q05776--4xiz__D1_O60200,0.80866241895965,0.5,False
2x3l__B1_UNDEFINED--2x3l__A1_UNDEFINED,0.9460267741003272,0.5,True
7pwe__A1_Q6AL91--7pwe__B1_Q6AL91,0.8401568056938533,0.5,True
6uxu__A1_E2JB04--6uxu__B1_E2JB04,0.827216886484247,0.5,True
3bid__A1_Q7DDI1--3bid__B1_Q7DDI1,0.84134418666966,0.5,True
4f7w__A1_B5XYG3--4f7w__B1_B5XYG3,0.9094633644805216,0.5,True
2rae__A1_Q0S3N9--2rae__A2_Q0S3N9,0.9493130283294791,0.5277508533546336,True
7ads__A1_A0A0R8HV90--7ads__A2_A0A0R8HV90,0.8231626290849032,0.5118075465124288,True
7yn1__A1_E9JES9--7yn1__C1_E9JES9,0.9159487264803152,0.5,True
3t7y__A1_O84093--3t7y__B1_O84093,0.9627606291243687,0.5,True
8hhj__B1_UNDEFINED--8hhj__A1_A0A0Y5KAW3,0.7352204336683272,0.5,False
7u6p__A1_P11926--7u6p__B1_P11926,0.8667771937420005,0.5,True
4mis__A1_Q57ES7--4mis__B1_Q57ES7,0.8647116272462533,0.5,True
2blf__A1_Q9LA16--2blf__B1_Q9LA15,0.8893395708415432,0.5,False
3ke3__A1_Q4FVA8--3ke3__A2_Q4FVA8,0.9611481169561986,0.5,True
7ywc__A1_Q9L0T8--7ywc__B1_Q9L0T8,0.9660664900754985,0.5,True
4wwr__B1_P46379--4wwr__A1_P11441,0.8255856293239471,0.5,False
7r0d__B1_Q9NV35--7r0d__A1_Q9NV35,0.950516038966581,0.511883425385175,True
8w6x__A1_P21852--8w6x__B1_P21853,0.907042353617131,0.5,False
8hdv__A1_UNDEFINED--8hdv__B1_UNDEFINED,0.710270566000199,0.5100884064458371,True
3fmf__A1_P9WPQ5--3fmf__B1_P9WPQ5,0.9032576159191714,0.5,True
2xrm__A1_D0AB41--2xrm__A2_D0AB41,0.9410577620590546,0.5,True
4xj7__A1_P66881--4xj7__B1_P66881,0.9387559786052132,0.5,True
7yrt__E1_H9L4P6--7yrt__A1_H9L4P6,0.8056458552573137,0.5,True
7tye__A1_P0A7J0--7tye__A2_P0A7J0,0.908589235929551,0.5,True
2zvd__B1_Q9RBY1--2zvd__A1_Q9RBY1,0.9968481766982594,0.5,True
3mtw__A1_Q9A4Z9--3mtw__A2_Q9A4Z9,0.9859685061518412,0.5,True
3n2o__A1_Q7MK24--3n2o__B1_Q7MK24,0.8738802232383194,0.5,True
7ywd__A1_Q8TB36--7ywd__A2_Q8TB36,0.9973692932305908,0.5,True
5upq__A1_A0A0A0V031--5upq__B1_A0A0A0V031,0.9253369956307772,0.5,True
1vgu__A1_Q46893--1vgu__B1_Q46893,0.9456527450434701,0.5,True
2dp9__A1_Q5SM30--2dp9__A2_Q5SM30,0.9412107131654489,0.5,True
8a7l__A1_M1JS91--8a7l__A2_M1JS91,0.9614273007221398,0.5,True
7uqv__A1_A0A0L6JSP1--7uqv__B1_A0A0L6JSP1,0.9852469768556156,0.5,True
5d1r__A1_P9WMC9--5d1r__B1_P9WMC9,0.9519852405705169,0.4999902273127064,True
3f6q__A1_Q13418--3f6q__B1_P48059,0.9130076942349926,0.5,False
7xyk__A1_Q77J90--7xyk__B1_Q77J90,0.9504649857806831,0.5,True
7xxk__A1_P0DTC9--7xxk__B1_P0DTC9,0.8663605380025898,0.5,True
3qta__A1_Q5V4K4--3qta__B1_Q5V4K4,0.9898944504709266,0.5,True
8oqj__B1_P06959--8oqj__A1_P06959,0.8840547945205479,0.5,True
1tbp__A1_P13393--1tbp__B1_P13393,0.9391826609575855,0.49996906036323135,True
7qfk__C1_Q5FLN0--7qfk__A1_Q5FLN0,0.904321393361814,0.5,True
7r3o__B1_Q460N3--7r3o__A1_Q460N3,0.9038389004666999,0.5,True
2z0l__A1_P03191--2z0l__B1_P03191,0.911165782672803,0.5,True
1wli__A1_Q46604--1wli__B1_Q46604,0.945595238095238,0.5057496782496782,True
8b3e__A1_M4SY06--8b3e__A2_M4SY06,0.9130610716865115,0.5,True
1d8i__A1_O13297--1d8i__A2_O13297,0.9223104231780759,0.5,True
7vo4__B2_F1CLA7--7vo4__A1_F1CLA7,0.9734542384994971,0.5,True
8eh0__B1_P50909--8eh0__A1_P50909,0.9501560680849426,0.5,True
7q39__A1_UNDEFINED--7q39__A2_UNDEFINED,0.9715192925707912,0.5,True
3seo__B1_Q87GE5--3seo__A1_Q87GE5,0.9448805894308944,0.5,True
3iey__B1_Q74MS9--3iey__A1_Q74MP4,0.9671542093248477,0.5,False
4yto__B1_Q15431--4yto__A1_Q15431,0.8027850202273513,0.5,True
6csm__A1_L1J207--6csm__B1_L1J207,0.945081128533784,0.5,True
4ndt__A1_A7UNK4--4ndt__A2_A7UNK4,0.8324120742518368,0.5,True
8j3p__A1_B9WHT3--8j3p__A2_B9WHT3,0.9768830331829365,0.5021645021645021,True
7pv7__B1_Q7MVV4--7pv7__A1_Q7MVV4,0.9095149691465122,0.5,True
7uj6__A1_Q8RMD9--7uj6__B1_Q8RMD9,0.9561385966666491,0.5,True
3k9i__A1_Q9KFK0--3k9i__A2_Q9KFK0,0.8902024153767648,0.5401401156382715,True
7z1s__A1_A0A3Q7HTY9--7z1s__A2_A0A3Q7HTY9,0.9641856563704341,0.5,True
2e89__A1_O67728--2e89__B1_O67728,0.9769760191899886,0.5,True
2woz__A1_Q9ER30--2woz__A2_Q9ER30,0.8859235821072913,0.5,True
7xxs__A1_B2CKP3--7xxs__B1_B2CKP3,0.9273719925971622,0.5,True
8fir__A1_O83132--8fir__B1_O83132,0.9797097590540633,0.5,True
3i6s__A1_O82777--3i6s__B1_O82777,0.981911078503636,0.5,True
7yhe__B1_A6YEH4--7yhe__A1_A6YEH4,0.8944541555245065,0.5,True
1ku2__A1_Q9EZJ8--1ku2__B1_Q9EZJ8,0.8257996300328485,0.5,True
6qwo__B1_Q9S5W7--6qwo__A1_Q9S5W7,0.9637406207190541,0.5,True
1mxi__A1_P44868--1mxi__A2_P44868,0.906498313536762,0.5,True
8fuq__A1_P22363--8fuq__B1_P22363,0.860311427817366,0.5,True
6hhk__B1_A8AST9--6hhk__A1_A8AST9,0.9637013226315262,0.5,True
2vhl__A1_O34450--2vhl__A2_O34450,0.9830242159801301,0.5,True
8h1i__A1_W6EBY7--8h1i__B1_P0A9Y6,0.9169399681793523,0.5,False
5wan__A1_P75898--5wan__A2_P75898,0.9813147635217805,0.5,True
4x7z__B1_Q49492--4x7z__A1_Q49492,0.9840518734615736,0.5,True
5c6k__B1_P36932--5c6k__A1_P36932,0.9425391620963198,0.5,True
6a1k__A1_P71018--6a1k__B1_P71018,0.9671690472263388,0.5,True
7pjh__A1_Q9Y312--7pjh__B1_Q6P2Q9,0.9551105014045949,0.5,False
4joi__A1_Q9H668--4joi__C1_Q86WV5,0.8731400765183053,0.5,False
8axz__A1_P31153--8axz__A2_P31153,0.952624066593349,0.5,True
8ogi__B1_P11678--8ogi__A1_P11678,0.840654387955299,0.5,True
8cxl__A1_A7KH32--8cxl__B1_A7KH32,0.9228033982591634,0.5,True
7win__B1_Q9UIF8--7win__A1_Q9UIF8,0.8072718986418741,0.5,True
4bwv__A1_Q8L5D0--4bwv__B1_Q8L5D0,0.9045734823258021,0.5,True
7drj__A1_P63756--7drj__B1_P63756,0.9236380939775818,0.5,True
6t2b__A1_B2UQL7--6t2b__C1_B2UQL7,0.9736825920452586,0.5,True
7t2s__A1_A0A494K842--7t2s__A2_A0A494K842,0.8890668317976861,0.5,True
3frw__B1_A5ZMD8--3frw__A1_A5ZMD8,0.8684070092449695,0.5034246575342466,True
5ab5__A1_C9ZUV7--5ab5__B1_C9ZUV7,0.9745692241837426,0.5,True
8jqp__A2_UNDEFINED--8jqp__B1_UNDEFINED,0.9895621899663625,0.5,True
5myd__C2_A0A2D0TC86--5myd__A1_A0A2D0TC86,0.9513215487720496,0.5,True
5cde__A1_Q8P839--5cde__B1_Q8P839,0.9045936354876394,0.5,True
6pi4__A1_A0R1Z9--6pi4__A2_A0R1Z9,0.9792696864842194,0.5073172905525847,True
3ipf__A1_Q251Q8--3ipf__B1_Q251Q8,0.9335961446767931,0.5367205060963149,True
4c11__B1_Q6YMS4--4c11__A1_Q6YMS4,0.9440243790900413,0.5,True
2p3y__A1_Q87I71--2p3y__B1_Q87I71,0.9656327516615777,0.5,True
5jbr__A1_C5C6I1--5jbr__B1_C5C6I1,0.9116975901489299,0.5,True
8ttz__A1_G8E2R2--8ttz__B2_G8E2R2,0.9753509866531939,0.5,True
3vba__A1_Q58673--3vba__B1_Q58673,0.9628688522014061,0.5,True
4o6y__B1_Q9SWS1--4o6y__A1_Q9SWS1,0.9023355995968234,0.5,True
4e5r__A1_Q6IRB5--4e5r__A2_Q6IRB5,0.7662667436955033,0.5,True
7ywv__A1_Q0SBK1--7ywv__C1_Q0SBK1,0.9834733732392196,0.5,True
8eer__A1_P01116--8eer__A2_P01116,0.9110431664330353,0.5,True
3f84__B1_E3PPC4--3f84__A1_E3PPC4,0.8130423042507615,0.5,True
5mu7__A1_G0S6G7--5mu7__B1_G0S6I4,0.9152445045948314,0.5,False
8hfp__B1_Q96T68--8hfp__A1_Q8N8R7,0.7046989670718485,0.5,False
4rmn__B1_Q6NC13--4rmn__A2_Q6NC13,0.9140111562235476,0.5,True
3mx1__A1_Q46944--3mx1__A2_Q46944,0.9339610359515814,0.5,True
5gl5__A1_Q06321--5gl5__B1_Q06321,0.9770105347063639,0.49999730707915035,True
5gl4__A1_B6YTD8--5gl4__B1_B6YTD8,0.9806570376740886,0.5,True
7wf9__A1_Q3ZT31--7wf9__B1_Q3ZT31,0.8291052084637645,0.5,True
8fw0__B1_P39897--8fw0__A1_P39897,0.907295620381098,0.5,True
8ou8__B1_P0A8M3--8ou8__A1_P0A8M3,0.957077665571807,0.5,True
7acm__B1_P75811--7acm__A1_P75811,0.9194547388072587,0.5,True
4trb__A1_Q97W95--4trb__B1_Q97W95,0.9294911536077067,0.5,True
7y55__A1_A0A9E8RZN7--7y55__C2_A0A9E8RZN7,0.9651645144869697,0.5,True
2ia9__B1_P28015--2ia9__A1_P28015,0.8958205808338435,0.5,True
3sy6__A1_Q5LE92--3sy6__B1_Q5LE92,0.9577271217480384,0.5,True
6xz3__A1_Q9H1K6--6xz3__A2_Q9H1K6,0.9450809537827495,0.5,True
2h8e__A1_P0AG74--2h8e__A2_P0AG74,0.8464866684159423,0.5,True
3gyx__A1_T2G6Z9--3gyx__B1_T2G899,0.8082673825850147,0.5,False
4e0u__A1_D1D8L6--4e0u__A2_D1D8L6,0.9974494246933238,0.5,True
6teu__A1_O60568--6teu__A2_O60568,0.9435098041964194,0.5,True
6xt5__B1_P49046--6xt5__A1_P49046,0.9949680834035912,0.5,True
8g1t__A1_Q07812--8g1t__B1_Q07812,0.7644644560999166,0.5,True
7xp7__B1_W9FXI8--7xp7__A1_W9FXI8,0.9576942207000022,0.5,True
8i55__A1_Q58380--8i55__B1_Q58380,0.9548630970025049,0.5299326058069533,True
1h65__A1_Q41009--1h65__A2_Q41009,0.9754368216798055,0.5,True
3ol4__A1_A0QRC4--3ol4__B1_A0QRC4,0.9661054003911147,0.5,True
8idq__A1_A0A0B8MZ29--8idq__C1_A0A0B8MZ29,0.952251523136457,0.5,True
5hcb__A1_P83003--5hcb__B1_P83003,0.9467793259494441,0.5,True
3f6g__B1_Q8F3Q1--3f6g__A1_Q8F3Q1,0.9210322923459652,0.5,True
6akj__B1_G2TRN4--6akj__A1_G2TRN4,0.8868678297590222,0.5,True
8ju7__A1_Q9I2U4--8ju7__B1_Q9I2U4,0.9347724336771948,0.5,True
3nel__A1_Q52428--3nel__B1_Q52428,0.958754090086327,0.5,True
2dc1__A1_O28440--2dc1__B1_O28440,0.963901528069476,0.5,True
8fzk__B1_P52292--8fzk__A1_P52292,0.821521630741917,0.5,True
8e1u__A1_A0A160VN62--8e1u__F2_A0A160VN62,0.9408232722085548,0.5,True
1v7c__A1_P83823--1v7c__B1_P83823,0.9513708225227936,0.5,True
7skr__A1_Q0QDZ2--7skr__A2_Q0QDZ2,0.7970125597780607,0.5,True
3egg__A1_P62136--3egg__C1_O35274,0.9200738252934189,0.5,False
8imd__A1_UNDEFINED--8imd__B1_UNDEFINED,0.9757903979739131,0.5,True
4yke__B1_G0RYR3--4yke__A1_G0RYR3,0.9937099572821677,0.5,True
1tq9__A1_P00669--1tq9__B1_P00669,0.9243890268328271,0.5,True
4oh3__B1_Q05085--4oh3__A1_Q05085,0.916702970387078,0.5,True
4q62__A1_Q5ZUB7--4q62__A2_Q5ZUB7,0.9087952275641848,0.5,True
2we5__A1_P0A2X7--2we5__B1_P0A2X7,0.9537885424827519,0.5,True
5t51__A1_Q6CLK3--5t51__B1_Q6CPD1,0.8873934722494393,0.5,False
3i0z__A1_A0A0H2UN25--3i0z__B1_A0A0H2UN25,0.9081587472790511,0.5,True
3wof__A1_Q8RQE9--3wof__B1_A7XX65,0.6864796518466244,0.5,False
8p6k__A1_A0A0H2UWN1--8p6k__B1_A0A0H2UWN1,0.9087407860152608,0.5,True
7z9z__A1_P02754--7z9z__A2_P02754,0.9677724619428245,0.5,True
6d0i__A1_A0A0C5XL88--6d0i__B1_A0A0C5XKJ0,0.8248774058063291,0.5,False
3gs3__A1_Q8MSU4--3gs3__A2_Q8MSU4,0.9917923226725396,0.5,True
2f4m__A1_Q9JI78--2f4m__B1_P54728,0.9227876372882822,0.5,False
4yh8__A1_Q09176--4yh8__B1_P36629,0.8133804905320985,0.5,False
6ago__A1_Q9NR48--6ago__C1_Q9UBU8,0.9091520315523144,0.5,False
7rmx__A1_UNDEFINED--7rmx__A2_UNDEFINED,0.9376577847767883,0.5,True
1e44__B1_P00646--1e44__A1_P02984,0.8998945808200502,0.5,False
2yri__A1_Q5SLX0--2yri__B1_Q5SLX0,0.9798814013276342,0.5,True
1gcj__A1_P70168--1gcj__B1_P70168,0.9758810328487384,0.5,True
7qbp__A1_A4F7B2--7qbp__A2_A4F7B2,0.9389477914210701,0.5,True
4hdd__A1_P09391--4hdd__A2_P09391,0.754145056794022,0.5,True
3e4q__A1_P13633--3e4q__B1_P13633,0.955033396946565,0.5,True
8ein__B1_Q6FCQ4--8ein__A1_Q6FCQ4,0.9845469584928096,0.5,True
6ygu__A1_G0RZ64--6ygu__B1_G0S1V1,0.850625418807237,0.5,False
2yyh__A1_O67435--2yyh__B1_O67435,0.9680846825310587,0.5,True
5wk0__A1_A0A2C9TMM3--5wk0__A2_A0A2C9TMM3,0.9753984718236534,0.5,True
8h4j__A1_W8UQZ7--8h4j__D1_W8UQZ7,0.8748090870345798,0.5,True
1z83__A1_P00568--1z83__B1_P00568,0.94902753166346,0.5,True
8h2c__A1_Q0P8U0--8h2c__B1_Q0P8U0,0.9281570193568756,0.5,True
2dkh__A1_Q6SSJ6--2dkh__A2_Q6SSJ6,0.8812097903842766,0.5,True
7c7e__A1_A0A0H3MRW3--7c7e__A2_A0A0H3MRW3,0.9304928229665073,0.5,True
7px2__A1_UNDEFINED--7px2__B1_UNDEFINED,0.7606275014293882,0.5,True
3dpt__B1_Q8KC98--3dpt__A1_Q8KC98,0.9421487676971229,0.5,True
3fgw__A1_Q3TCN2--3fgw__A2_Q3TCN2,0.9807103700548945,0.5,True
7wh0__A1_Q9U2E4--7wh0__B2_Q9U2E4,0.9944774025342745,0.5,True
8dq3__A1_A0A142G3G1--8dq3__B1_A0A142G3G1,0.9297082131704415,0.5,True
8hci__B1_A0A8T8BZJ9--8hci__A1_A0A8T8BZN3,0.8898556706235596,0.5,False
3qth__A1_Q47ZP9--3qth__B1_Q47ZP9,0.8946095539960506,0.5,True
8b28__A1_F6GSX7--8b28__A2_F6GSX7,0.9913858425784797,0.5,True
6scx__A1_Q9BQG2--6scx__B1_Q9BQG2,0.8991104336486785,0.5,True
8hpc__A1_P60327--8hpc__H1_P60327,0.9573584191483441,0.5,True
5n76__A1_P72320--5n76__B1_P72320,0.9335214190744885,0.5,True
8hpi__A1_A0A8D3X086--8hpi__B1_A0A8D3X086,0.9614350952547568,0.5,True
3cq3__A1_Q53W28--3cq3__A2_Q53W28,0.7583572689206491,0.5,True
3kbu__A1_P11277--3kbu__D1_P16157,0.8450566995828873,0.5,False
7pck__A1_P43235--7pck__C2_P43235,0.9853445342626771,0.5,True
5o4z__A1_Q9X1T1--5o4z__A2_Q9X1T1,0.9848025047912786,0.5,True
1vla__A1_Q9X021--1vla__B1_Q9X021,0.9298085635206014,0.5,True
5oed__A1_Q6EAT3--5oed__B1_Q13637,0.9239074368797642,0.5,False
8hyn__A1_UNDEFINED--8hyn__B1_UNDEFINED,0.9629401699702057,0.5,True
7yva__A1_Q9URB4--7yva__B1_Q9URB4,0.9714747247582709,0.5,True
7s6n__B1_Q5RGJ8--7s6n__A1_Q5RGJ8,0.8624911892824736,0.5,True
4cz8__A1_Q9UZ55--4cz8__B1_Q9UZ55,0.9424517348674445,0.5,True
6ebn__A1_A0A4P1LYB6--6ebn__B1_A0A4P1LYB6,0.9426485581039094,0.5,True
3ffe__B1_Q93AT8--3ffe__A1_Q93AT8,0.9563365285148948,0.5,True
7zg6__A1_A0A2J0RDY6--7zg6__B1_A0A2J0RDY6,0.8726359157840525,0.5,True
1p65__A1_Q9YJI1--1p65__B1_Q9YJI1,0.8456307965043992,0.4998408656906429,True
8f4q__A1_Q00972--8f4q__A2_Q00972,0.9022450396142487,0.5,True
4rz3__A1_A4IMB4--4rz3__B1_A4IMB4,0.936743991693275,0.5,True
7tjl__A1_UNDEFINED--7tjl__A2_UNDEFINED,0.9662424769182834,0.5,True
8f8k__A1_O53507--8f8k__A2_O53507,0.9695796617572607,0.5,True
3zw5__A1_A6NK44--3zw5__B1_A6NK44,0.8889483038164132,0.5,True
6l3q__B1_G0SEI5--6l3q__A1_G0SEI5,0.9148801537587765,0.5,True
8ag8__A1_A0A1I5SVP7--8ag8__A2_A0A1I5SVP7,0.9032355305466239,0.5,True
2i2w__A1_P63224--2i2w__D1_P63224,0.9619401026830877,0.5,True
2f22__B1_Q9RC77--2f22__A1_Q9RC77,0.9341724459657818,0.5,True
6yex__A1_UNDEFINED--6yex__B1_UNDEFINED,0.879641780473672,0.5,True
3tng__A1_Q8Y7B7--3tng__A2_Q8Y7B7,0.9538005716146775,0.5,True
8gr8__B1_P08679--8gr8__A1_P08679,0.9769643661294487,0.5,True
7ae8__A1_A0A0B0QJR1--7ae8__B1_A0A0B0QJR1,0.9280809455059214,0.5,True
2w54__B1_O54051--2w54__A1_O54050,0.907908410339308,0.5,False
4cuc__A1_A0A0H2UP19--4cuc__A2_A0A0H2UP19,0.9141598953395488,0.5,True
4b0z__A1_P50524--4b0z__B1_P50524,0.9876518080737253,0.5,True
2re7__A1_Q4FV99--2re7__A2_Q4FV99,0.9488515406162467,0.5,True
8h0t__A1_O34614--8h0t__A2_O34614,0.9787764713657994,0.5,True
1te2__A1_P77247--1te2__B1_P77247,0.9621587073193449,0.5,True
7xt2__A1_Q6ZMU5--7xt2__B1_Q6ZMU5,0.892099487769079,0.5,True
1ev7__A1_P50187--1ev7__B1_P50187,0.9036032945399803,0.5,True
1ogl__A1_O15923--1ogl__A2_O15923,0.9833958185117166,0.5,True
3lrt__B1_Q97CA5--3lrt__A1_Q97CA5,0.9549490895648827,0.5,True
3rvb__A1_P26663--3rvb__A2_P26663,0.7893370511212836,0.5,True
3fou__A1_Q5SGZ9--3fou__B1_Q5SGZ9,0.9500028324818721,0.5,True
5jnq__A1_R0BTE9--5jnq__A2_R0BTE9,0.9340603269444907,0.5,True
4g12__A1_A5U5K3--4g12__B1_A5U5K3,0.9733175988688555,0.5,True
3evj__B1_P01008--3evj__A1_P01008,0.9921447412865456,0.5,True
2oq2__B1_P18408--2oq2__A1_P18408,0.9827492977798464,0.5,True
8he6__A1_Q8YSS0--8he6__B1_Q8YSS0,0.9641510930148021,0.5,True
2xij__A1_P22033--2xij__A2_P22033,0.9713519256329617,0.5,True
1nr5__A1_P07547--1nr5__A2_P07547,0.9531437907575281,0.5,True
1gmj__A1_P01096--1gmj__B1_P01096,0.8615949549874777,0.5,True
4yba__B1_Q93K36--4yba__A1_Q93K36,0.9832970225127088,0.5,True
8ok7__A1_M4T0B2--8ok7__D1_M4T0B2,0.954701101336273,0.5,True
7f76__B1_A0A223KLJ1--7f76__A1_A0A223KLJ1,0.8580353583321608,0.5,True
8jmq__A1_A9CQD5--8jmq__B1_A9CQD3,0.9169794750188104,0.5,False
7zgt__A1_W8R3D8--7zgt__B1_W8R3D8,0.9911495987924048,0.5,True
7xgt__B1_Q6H8B1--7xgt__A1_Q6H8B1,0.9873605646328143,0.5,True
3i2t__A1_P04412--3i2t__A2_P04412,0.9170273253736557,0.5,True
8tjk__A1_A0A0F7G196--8tjk__B1_A0A0F7G196,0.9651006699857404,0.49999493188452804,True
7wt0__A1_Q04760--7wt0__B1_Q04760,0.8557439444235733,0.5,True
3if0__A1_Q74MS9--3if0__A2_Q74MS9,0.9901595712808735,0.5,True
3qrh__A1_Q8SSM8--3qrh__A2_Q8SSM8,0.9330211460713289,0.5,True
8q70__A1_Q8U2C1--8q70__A2_Q8U2C1,0.9377350907705797,0.5,True
7vso__A1_P02945--7vso__A2_P02945,0.9163371093170392,0.5,True
5f8b__A1_Q4WB03--5f8b__A2_Q4WB03,0.9514307045747383,0.5055230422793011,True
8ax0__A1_A0A384E145--8ax0__B1_A0A384E145,0.9831065064425851,0.5,True
8ant__B1_A0A1P8CWW1--8ant__A1_A0A1P8CWW1,0.7501066991397503,0.5,True
7r5y__E2_R7PD89--7r5y__A1_R7PD89,0.9922302817709775,0.5071428571428571,True
5il7__A1_Q8KC98--5il7__B1_Q8KC98,0.8853849298807966,0.5,True
3ct9__B1_Q8A1V9--3ct9__A1_Q8A1V9,0.9663021242646486,0.5,True
8pvm__A1_P29166--8pvm__B1_P29166,0.865311491070497,0.5,True
8ct0__F1_S4S3E3--8ct0__A1_S4S3E3,0.9359310351050522,0.49998306290437317,True
3q2j__B1_P0A3Y5--3q2j__A1_P0A3Y5,0.8532234835619512,0.5,True
7xzp__B1_A0A379CIH2--7xzp__A1_A0A379CIH2,0.9766637881011875,0.5,True
7tvm__A1_UNDEFINED--7tvm__B1_UNDEFINED,0.9765311165913371,0.5,True
3qvf__A1_Q56187--3qvf__A2_Q56187,0.9640496418982665,0.5,True
6gxs__A1_Q7NZ70--6gxs__D1_Q7NZ70,0.7022669780198352,0.5,True
2hr8__A1_O58456--2hr8__B1_O58456,0.8504259552418274,0.5,True
2zyf__A1_O87198--2zyf__A2_O87198,0.8679672814103541,0.5,True
7s3v__A1_Q16719--7s3v__A2_Q16719,0.9607255310918779,0.5,True
6a29__A1_O32504--6a29__B1_O32504,0.9820235717166316,0.5,True
4ml6__C1_A6GV51--4ml6__A1_A6GV51,0.9688871738285633,0.5,True
4cht__A1_Q13472--4cht__B1_Q9H9A7,0.919228546781525,0.5,False
1n4p__B1_P53610--1n4p__A1_Q04631,0.952418756192351,0.5,False
1tec__A1_P04072--1tec__B1_P01051,0.9549651468403612,0.5,False
6b9t__A1_A9A1T2--6b9t__B1_A9A1T2,0.8778031960096822,0.5,True
3g0k__A1_Q2G4A7--3g0k__A2_Q2G4A7,0.8859978139830351,0.5,True
7zoo__B1_A0A979GQH9--7zoo__A1_A0A979GQH9,0.6863368897510508,0.5,True
8hy5__A1_P14920--8hy5__B1_P14920,0.8767708517763875,0.5,True
8fts__A1_R9UTR3--8fts__A2_R9UTR3,0.9661584710478682,0.5,True
1jrk__A1_Q8ZTD8--1jrk__B1_Q8ZTD8,0.9196468947325371,0.5,True
7y8v__A1_UNDEFINED--7y8v__B1_UNDEFINED,0.9405844526463985,0.5,True
2ejn__A1_P30440--2ejn__B1_P30440,0.9774479365786235,0.5,True
5hs5__A1_Q2G0D1--5hs5__B1_Q2G0D1,0.9387337790011797,0.5,True
3v89__A1_Q9K0U9--3v89__B1_P02787,0.8973198780421567,0.5,False
8e3g__B1_P43026--8e3g__A1_P12643,0.8104863858868158,0.5,False
2w8b__A1_P0A855--2w8b__H1_P0A912,0.8510530879320861,0.5,False
5f7p__B1_Q8YAF1--5f7p__A1_Q8YAF1,0.9567459392036589,0.5,True
8f71__B1_Q6N5G3--8f71__A1_Q6N5G3,0.9796778168646372,0.5,True
8hwi__B1_A0A327WNX5--8hwi__A1_A0A327WNX5,0.9213530086039029,0.5,True
7r3i__B1_P54292--7r3i__A1_P54292,0.9156281904655368,0.5,True
8afj__A1_A0A179QS89--8afj__B1_A0A179QS89,0.9634790246180871,0.5,True
3pub__B1_E5EVW2--3pub__A1_E5EVW2,0.9372095872980445,0.5,True
8es5__A1_A0A0H2Z732--8es5__B1_A0A0H2Z732,0.916239292399022,0.5,True
7txn__B1_Q8YVV6--7txn__A1_Q8YVV6,0.981774298575918,0.5480769230769231,True
3py6__A1_Q2YQ74--3py6__A2_Q2YQ74,0.9373636608098312,0.5,True
1hjr__A1_P0A814--1hjr__C1_P0A814,0.9397017337118574,0.5,True
8k3b__A1_A0A071KWR3--8k3b__A2_A0A071KWR3,0.9442201554787899,0.4999936491000775,True
3w2z__A1_Q8YXY7--3w2z__A2_Q8YXY7,0.9723878608743268,0.5,True
8f78__A1_P55212--8f78__B1_P55212,0.8016680179965341,0.5,True
6wg4__A1_Q14683--6wg4__B1_Q9UQE7,0.7265003524581077,0.5,False
7zry__A1_O60341--7zry__B1_Q9UKL0,0.905353484734664,0.5,False
1uix__A1_Q28021--1uix__B1_Q28021,0.873111062870099,0.5,True
7vrc__A1_P38956--7vrc__B1_P22082,0.896660000112043,0.5,False
1oz0__A1_P31335--1oz0__B1_P31335,0.9570656012269737,0.5,True
7eft__B1_P16926--7eft__A1_P16926,0.8626830751353389,0.5,True
5jsn__A1_P10415--5jsn__B1_UNDEFINED,0.8897539916080164,0.5,False
8e2b__B1_Q2FYI5--8e2b__A1_Q2FYI5,0.8819838252235963,0.5,True
7jw6__A1_Q9VIF1--7jw6__A2_Q9VIF1,0.9420417451349654,0.5,True
1jkw__A1_P51946--1jkw__A2_P51946,0.9635590334383943,0.5,True
4pfp__B1_F1RQI7--4pfp__A1_F1RQI7,0.9683284376878811,0.5,True
8h1s__A1_Q9I5U2--8h1s__B1_Q9HX32,0.7828184779864835,0.5,False
7t0y__A1_P62136--7t0y__B1_Q14684,0.7066099042121566,0.5,False
1tz9__A1_Q82ZC9--1tz9__B1_Q82ZC9,0.8923696472685292,0.5,True
2wns__B1_P11172--2wns__A1_P11172,0.9618401884282358,0.5,True
6s8v__B1_P08195--6s8v__A1_P80188,0.8121065918836533,0.5,False
2gt4__A1_P32056--2gt4__B1_P32056,0.9042480434061116,0.5,True
3bof__A1_Q9WYA5--3bof__B1_Q9WYA5,0.9954190847590102,0.5,True
6trj__A1_O75475--6trj__A2_O75475,0.8952231136395661,0.5,True
8h4z__A1_A0A2X5A3P4--8h4z__B1_A0A2X5A3P4,0.9975063797351751,0.5,True
2hre__A1_P22830--2hre__B1_P22830,0.9219009648258343,0.5,True
5yjc__A1_Q5HK94--5yjc__B1_Q5HK94,0.8293214812083305,0.5,True
8d6k__A1_Q9L1K2--8d6k__B1_Q9L1K2,0.9471505001472418,0.5,True
2zew__B1_Q9ZA17--2zew__A1_Q9ZA17,0.9657421046958646,0.5,True
5wpi__A1_Q58PW8--5wpi__B1_Q58PW8,0.9543668700028611,0.5,True
8fk6__A1_A0A0C9S461--8fk6__B1_P80098,0.9027770034195658,0.5,False
7tm7__A1_A0A0H3GYH4--7tm7__B1_A0A0H3GYH4,0.9771505330934148,0.5,True
8gy0__A1_A0A8H4VHP2--8gy0__B1_A0A8H4VHP2,0.8651949419653664,0.5,True
7x4b__A1_A0A2D0TCG3--7x4b__B1_A0A2D0TCG3,0.8788561189403845,0.5,True
3npi__A1_Q6NFU8--3npi__B1_Q6NFU8,0.9039561190976849,0.5,True
8cok__B1_Q9NXR8--8cok__A1_Q9NXR8,0.870873787388946,0.5,True
1wz3__A1_Q9LVK3--1wz3__B1_Q9LVK3,0.7613249400768173,0.4997064004697592,True
1nw1__A1_Q22942--1nw1__B1_Q22942,0.9024982550369248,0.5,True
1hrp__B1_P0DN86--1hrp__A1_P01215,0.7469009744912583,0.5,False
3qf4__B1_Q9WYC4--3qf4__A1_Q9WYC3,0.9177153304489736,0.5,False
7y4o__B1_A0A0G2JZC4--7y4o__A1_A0A0G2JZC4,0.973018109683014,0.5,True
8hns__A1_A0A377JKY9--8hns__A2_A0A377JKY9,0.8059975665704252,0.4998687147170802,True
3mpn__A1_O67854--3mpn__A2_O67854,0.967278576737455,0.5,True
6vlg__A2_Q9WTS2--6vlg__C1_Q9WTS2,0.9619714144423527,0.5,True
1v71__A1_O59791--1v71__A2_O59791,0.9902314835798658,0.5,True
3fpk__A1_Q8ZKP5--3fpk__B1_Q8ZKP5,0.9067218299861918,0.5,True
8eb3__A1_K2K6A3--8eb3__B1_K2K6A3,0.9529481139337953,0.5,True
4z1i__C1_Q12931--4z1i__A1_Q12931,0.955432032854947,0.5,True
8pz3__A1_D7SFB8--8pz3__B1_D7SFB8,0.9101360042691619,0.5,True
5vpb__B1_P17535--5vpb__A1_P53539,0.9108676975945018,0.5,False
8bt3__A1_Q6F0T5--8bt3__A2_Q6F0T5,0.9487866616485895,0.5,True
1r7h__A1_O69271--1r7h__B1_O69271,0.8393343773583479,0.5,True
5bo9__A1_O43173--5bo9__B1_O43173,0.8740981467496702,0.5,True
7kws__A1_Q0P8H3--7kws__B1_Q0P8H3,0.985747831154617,0.5,True
4qa0__A1_Q9BY41--4qa0__B1_Q9BY41,0.9511117366301478,0.5,True
6epi__B1_D5K9G7--6epi__A1_D5K9E3,0.9197002705928693,0.5,False
7qgs__B1_Q09472--7qgs__A1_Q16665,0.8145271629778672,0.5067959481024076,False
7tz7__A1_P42336--7tz7__B1_P27986,0.8572602944563846,0.5,False
2zl1__A1_Q9UHA4--2zl1__B1_Q9JHS3,0.9258629603117792,0.5,False
4ija__A1_A0A0H3JS71--4ija__B1_A0A0H3JS71,0.9447571521040665,0.5,True
3ijt__B1_Q8DVN6--3ijt__A1_Q8DVN6,0.8834346510417671,0.5,True
7qgt__A1_P35520--7qgt__B1_P35520,0.9098673706897888,0.5,True
8i4q__A1_Q8NQI2--8i4q__B1_Q8NQI2,0.9697990341051044,0.5,True
5lxv__A1_G9FCX2--5lxv__B1_A0A1L1QK37,0.9306242565767544,0.5,False
8h25__A1_A0A5R8LFD3--8h25__C1_A0A5R8LFD3,0.9399208695094351,0.5,True
6kjl__A1_Q9RC94--6kjl__B1_Q9RC94,0.8760092691333767,0.5,True
5f3o__A1_C4LU64--5f3o__B1_C4LU64,0.910132130757882,0.5,True
8arv__A1_Q9HW35--8arv__B1_Q9HW35,0.9757076017375375,0.5,True
2i1a__B1_P40087--2i1a__A1_P40087,0.940757986220672,0.5,True
2y9x__A1_C7FF04--2y9x__E1_G1K3P4,0.9284403317016832,0.5,False
8waa__A1_P29401--8waa__B1_P29401,0.95989921812241,0.5,True
6n2f__B1_Q94A94--6n2f__A1_Q94A94,0.8983033631103049,0.5,True
8b08__B1_P0A2K1--8b08__A1_P00929,0.9339242669270436,0.5,False
5ja2__A1_P11454--5ja2__B1_Q9I169,0.8038778817723897,0.5,False
4g3w__A1_O66591--4g3w__A2_O66591,0.9862966522505207,0.5,True
5cm2__A1_Q6C999--5cm2__B1_Q6C4P5,0.8948399768576558,0.5,False
6g70__B1_Q8K2Z2--6g70__A1_Q8K2Z2,0.9171957165642676,0.5,True
7xac__A1_P47929--7xac__B1_P47929,0.8936999270414625,0.5,True
4d4t__A1_P0DOE7--4d4t__A2_P0DOE7,0.9283239340103211,0.5,True
2zz8__A1_O34094--2zz8__B1_O34094,0.9421986418329883,0.5,True
8b8h__A1_P9WQA9--8b8h__B1_P9WQA9,0.9068927152112575,0.5,True
7u2s__A1_A0A2W1NDJ7--7u2s__B1_A0A2W1NDJ7,0.9126990028229454,0.5,True
1d2g__A1_P13255--1d2g__B1_P13255,0.941721602682366,0.5,True
7uld__A1_O28028--7uld__A2_O28028,0.9395191499636466,0.5020491803278688,True
4c0f__B1_Q9NZN8--4c0f__A1_Q9NZN8,0.8962671302924934,0.5,True
8co8__A1_Q9Q6P4--8co8__A2_Q9Q6P4,0.9119212364312965,0.5,True
3lcr__B1_A4KCE5--3lcr__A1_A4KCE5,0.9954245780590718,0.5,True
8b21__A1_Q9S5X0--8b21__B1_Q9S5X0,0.9690763724723475,0.5,True
3swk__A1_P08670--3swk__B1_P08670,0.8402715864753195,0.5,True
8txn__B1_P08120--8txn__A1_P08120,0.937654616175588,0.5,True
8dak__A1_F2X702--8dak__B1_F2X702,0.9204348751007253,0.5,True
2rde__B1_A0A0H3ADR8--2rde__A1_A0A0H3ADR8,0.9179275651408136,0.5,True
6sek__A1_UNDEFINED--6sek__B1_UNDEFINED,0.9766872060738431,0.5,True
2pih__A1_O31779--2pih__B1_O31779,0.9267714775099671,0.5,True
6v7v__A1_A0SML3--6v7v__B1_A0SML3,0.9470755952839639,0.5,True
7ykv__B1_Q58241--7ykv__A1_Q58241,0.9745741970117999,0.5,True
7y4g__A1_Q8A028--7y4g__A2_Q8A028,0.968246064524365,0.5,True
8cci__A1_A0R7I9--8cci__A2_A0R7I9,0.9696378418727598,0.5,True
6p35__A1_P75913--6p35__A2_P75913,0.9736805586650479,0.5,True
6p3j__A1_Q0KJL4--6p3j__B1_Q0KJL4,0.9387435177536423,0.5,True
4o6p__A1_Q8RDI4--4o6p__B1_Q8RDI4,0.8513484760716514,0.5,True
8ozv__A1_A0A179UH34--8ozv__A2_A0A179UH34,0.9480721223168997,0.5,True
6tpo__A1_P24474--6tpo__A2_P24474,0.957981354506707,0.5,True
7wwo__B1_Q5SH57--7wwo__A1_Q5SH57,0.8113542210025778,0.5,True
4pmv__A1_Q8PEU1--4pmv__B1_Q8PEU1,0.9393554731852889,0.5,True
7xge__A1_UNDEFINED--7xge__B1_Q07820,0.9159466798873676,0.4998008840747083,False
6rmr__B1_P19926--6rmr__A1_P19926,0.9878450029119038,0.5,True
6hhb__A1_E0SCP7--6hhb__C1_E0SCP7,0.9666037907421664,0.5,True
7e5c__A1_A0A1I7CHQ2--7e5c__B1_A0A1I7CHQ2,0.9810226520549873,0.5,True
2gn5__A1_P69542--2gn5__A2_P69542,0.89297467092142,0.5,True
2wfh__A1_O94813--2wfh__B1_O94813,0.9291741928105565,0.5,True
3zco__A1_P06701--3zco__A2_P06701,0.8792539425518812,0.5,True
2ghy__A1_P03051--2ghy__B1_P03051,0.8925167397326005,0.5,True
3htr__A1_Q6N0K4--3htr__B1_Q6N0K4,0.8626906833801001,0.5,True
8aeu__A1_Q00987--8aeu__A2_Q00987,0.8812341504649197,0.49952931683700913,True
1xuv__A1_Q8PZJ2--1xuv__C1_Q8PZJ2,0.93855370498278,0.5,True
2o8p__A1_Q5CYG0--2o8p__A2_Q5CYG0,0.952512207433915,0.5,True
4zmu__A1_Q9I072--4zmu__B1_Q9I072,0.9419093667517076,0.5057471264367817,True
3dl3__G2_Q5E3X2--3dl3__C1_Q5E3X2,0.8282687473311855,0.5,True
7yvz__A1_A7LPG5--7yvz__A2_A7LPG5,0.8612080103359173,0.5,True
4ia6__A1_Q5FL96--4ia6__B1_Q5FL96,0.9815857836362014,0.5,True
8bou__A1_A0A7G5MNS2--8bou__B1_A0A7G5MNS2,0.9755577714067579,0.5,True
5gk1__A1_Q7N4Z6--5gk1__B1_Q7N4Z6,0.9676530836222312,0.5,True
5x03__B1_P94426--5x03__A1_P94426,0.9680455334264879,0.5,True
1k3e__B1_P58233--1k3e__A1_P58233,0.8461380799974775,0.49992579033295403,True
6u18__A1_Q9EVJ6--6u18__B1_Q9EVJ6,0.9392660975448348,0.5,True
6b9p__A1_C0HJB3--6b9p__B1_C0HJB3,0.9796241706137614,0.5,True
7wpy__A1_A0A097ZPD5--7wpy__C1_A0A097ZPD5,0.9599841116735864,0.5,True
7xn2__A1_Q8YR38--7xn2__A2_Q8YR38,0.9186109298650078,0.5,True
3qhy__B1_O87916--3qhy__A1_Q93T42,0.96091699019406,0.5,False
4j5p__B1_P97612--4j5p__A1_P97612,0.9653517121903897,0.5,True
4icq__A1_A0A0H2UN95--4icq__B1_A0A0H2UN95,0.9669950618088947,0.5,True
1klf__B1_P08191--1klf__A1_P31697,0.9018452328807125,0.5,False
6y4l__A1_Q15006--6y4l__B1_Q9Y3B6,0.8917798159499777,0.5,False
6dex__B1_Q74ZQ8--6dex__A1_Q75DL0,0.9303847946250566,0.5,False
2z02__A1_Q58987--2z02__B1_Q58987,0.9854348740183971,0.5,True
4l7w__A1_Q7Z4H3--4l7w__A2_Q7Z4H3,0.9531632717515143,0.5,True
6sul__A1_A8FAR5--6sul__B1_A8FAR5,0.963401987871829,0.5,True
4qqv__A1_P26954--4qqv__B1_P26954,0.8829493262305156,0.5,True
3l8d__A1_A0RD96--3l8d__A2_A0RD96,0.9441221147895544,0.5,True
7yqa__B1_A0A1C9ZZ39--7yqa__A1_A0A1C9ZZ39,0.8240114163898746,0.5,True
1b8m__B1_P34130--1b8m__A1_P23560,0.8732862039417308,0.5,False
1irq__B1_Q57468--1irq__A1_Q57468,0.824276605298608,0.5,True
7xi6__A1_A5GXY1--7xi6__B1_A5GXY1,0.8195145446651472,0.5168918918918919,True
6iik__A1_P54578--6iik__B1_P54578,0.9964622696519841,0.5,True
3nau__A1_Q9Y6X8--3nau__B1_Q9Y6X8,0.7721849631763026,0.5,True
3cis__B1_P9WFD7--3cis__A1_P9WFD7,0.9590565933037765,0.5,True
4jzy__B1_O77059--4jzy__A1_O77059,0.9139599713121667,0.5,True
8d03__A1_UNDEFINED--8d03__A2_UNDEFINED,0.9692874309435375,0.5541085343903784,True
7yxg__A1_Q9VU77--7yxg__B1_Q9VU77,0.9709656072715469,0.5,True
5cio__A1_A0A1A9TAI5--5cio__B1_A0A1A9TAI5,0.96401446264572,0.5,True
8jwj__A1_Q9DAG9--8jwj__B1_P62837,0.8460346444377127,0.5,False
6ia6__A1_A0A1C7D1B7--6ia6__A2_A0A1C7D1B7,0.9931495396941699,0.5,True
8h1g__A1_O67518--8h1g__A2_O67518,0.968923128242809,0.5,True
7x0d__A1_A5YW95--7x0d__B1_A5YW95,0.9618579111136827,0.5,True
1ghd__B1_O86089--1ghd__A1_O86089,0.9151047655533664,0.5,True
2x6f__A1_Q9W1M7--2x6f__B1_Q9W1M7,0.9528988196650302,0.5,True
8oik__A1_Q9UPU9--8oik__C1_Q9UPU9,0.8987622515167327,0.5026881720430108,True
6nxl__A1_B4DV12--6nxl__E1_B4DV12,0.9323171366142962,0.5105498633692753,True
8wmy__A1_A0A4U7IGH6--8wmy__B2_A0A4U7IGH6,0.9434273991588278,0.5,True
3trf__A1_Q83AJ3--3trf__A2_Q83AJ3,0.8209689760712298,0.5,True
5h4s__A1_A0A090BWT0--5h4s__A2_A0A090BWT0,0.7523018581721652,0.5,True
2zvb__A1_Q53WA6--2zvb__A2_Q53WA6,0.8960380799414034,0.5,True
8wa7__A1_P27302--8wa7__B1_P27302,0.9645129783585722,0.5,True
3b0z__B1_P40727--3b0z__A1_P40727,0.9200675206037137,0.5113453103653713,True
4usp__A1_B3GA02--4usp__B1_B3GA02,0.8998331074212133,0.5,True
7cms__A1_P00953--7cms__B1_P00953,0.9719450009200874,0.5,True
7t8q__A1_Q7S860--7t8q__D1_Q7S860,0.9202259699060347,0.5,True
6j9k__A1_A0A425B3G2--6j9k__A2_A0A425B3G2,0.9578513996496745,0.5173661374012644,True
7xp0__A1_Q9I5E1--7xp0__A2_Q9I5E1,0.8999823153613193,0.5,True
8ih4__A1_Q8WVV5--8ih4__B1_Q8WVV5,0.890371952997699,0.5,True
7qej__A1_P0DV33--7qej__B1_P0DV33,0.9291627971133891,0.5,True
1tfe__A1_P43895--1tfe__A2_P43895,0.9508711686009234,0.5,True
4iwq__A1_Q9UHD2--4iwq__A2_Q9UHD2,0.8760368420264228,0.5,True
