system_id,auroc,bacc,is_homodimer
8iyi__A1_Q6CVU4--8iyi__B1_Q6CVU4,0.9613074324190198,0.5,True
1uus__A1_O00910--1uus__A2_O00910,0.9216279065962741,0.5,True
1zt2__A1_Q97Z83--1zt2__C1_Q9UWW1,0.9696611203199199,0.5,False
7uex__A1_Q9H999--7uex__A2_Q9H999,0.9588106249497014,0.5,True
6jqy__A1_P9WF13--6jqy__B1_P9WF13,0.9379275836972344,0.5416666666666666,True
6l6w__A1_A0A3B6UEU3--6l6w__A2_A0A3B6UEU3,0.9937872377026674,0.5,True
8h56__A1_Q8BB16--8h56__B1_Q8BB16,0.8876649578406427,0.5,True
8grj__B1_Q8GQE7--8grj__A1_A0A0H3KLY3,0.9454039806172106,0.5,False
2j0n__B1_P18013--2j0n__A1_P18013,0.8327148223079578,0.5,True
5djt__A1_O49004--5djt__B1_UNDEFINED,0.9396664811775411,0.5,False
5ae6__B1_Q92458--5ae6__A1_Q92458,0.9152439248756796,0.5,True
3v1e__A1_UNDEFINED--3v1e__B1_UNDEFINED,0.8351754385964912,0.5,True
7qi3__A1_W7NDP8--7qi3__C1_W7NDP8,0.9481674958100055,0.5,True
2yve__A1_Q8NMG3--2yve__B1_Q8NMG3,0.931360271488434,0.5039036445136581,True
5ynx__A1_B2GM84--5ynx__B1_B2GM84,0.9515229951641677,0.5,True
2r6u__A1_Q0S814--2r6u__C1_Q0S814,0.8277936708287398,0.5028593225434953,True
8b6m__A1_Q9H2K2--8b6m__B1_Q9H2K2,0.7702896075879868,0.5044052863436124,True
3kc2__A1_P36151--3kc2__B1_P36151,0.9787103314297635,0.5,True
3vp5__A1_Q9CHR1--3vp5__A2_Q9CHR1,0.9278097439128016,0.5,True
7pvh__A1_B2RLE7--7pvh__B1_B2RLE7,0.8816993062803119,0.5,True
4nqf__B2_Q7CW19--4nqf__A1_Q7CW19,0.9346411586248494,0.5,True
1vjh__A1_P0C0B0--1vjh__B1_P0C0B0,0.8889319817466994,0.5,True
5xw4__B1_Q00684--5xw4__A1_Q00684,0.8951338936221088,0.5,True
4xdl__A1_P57789--4xdl__B1_P57789,0.8348104695118007,0.5,True
6ukl__A1_P0A901--6ukl__F1_P0A901,0.8519003931847968,0.5,True
5by4__A1_P0ABV6--5by4__A2_P0ABV6,0.9697368437620804,0.5,True
7zxs__A1_Q86TI2--7zxs__C1_Q86TI2,0.961634583296246,0.5,True
1v6u__A1_Q7SI98--1v6u__B1_Q7SI98,0.918584213719777,0.5,True
6e27__A1_Q9H257--6e27__B1_Q9H257,0.7812277626394987,0.5,True
7szd__A1_Q96S44--7szd__B1_Q9Y3C4,0.944987256034518,0.5,False
1h9r__A1_P0A9G8--1h9r__B1_P0A9G8,0.8882438378364993,0.5,True
3on6__A1_A7M0J6--3on6__B1_A7M0J6,0.961871712276497,0.5,True
8fwy__A1_Q4DGA2--8fwy__B1_Q4DGA2,0.9301816224897431,0.5,True
1yu6__A1_P00780--1yu6__C1_P68390,0.9527769221770632,0.5,False
6ek1__A1_A0A452CST7--6ek1__A2_A0A452CST7,0.9683173878632141,0.5,True
6ckj__A1_P0A0Z8--6ckj__A2_P0A0Z8,0.94493321460374,0.5,True
7yj0__B1_UNDEFINED--7yj0__A1_UNDEFINED,0.9457054108837126,0.5,True
1w33__A1_O50957--1w33__B1_O50957,0.9760748348528807,0.5,True
4usk__B1_H7C745--4usk__B2_H7C745,0.9134210031751056,0.5,True
6cmv__B1_Q4J9G1--6cmv__A1_Q4J9G1,0.9805020561033054,0.49995955019820404,True
7y70__A1_F4KCC2--7y70__A2_F4KCC2,0.8774905803730637,0.5,True
3cwx__A1_P94837--3cwx__B1_P94837,0.9654314351976271,0.5,True
3p1y__A1_O29362--3p1y__B1_O29362,0.9202736687654791,0.5,True
8a8i__A1_Q9R9V9--8a8i__B1_Q9R9V9,0.9924122012602334,0.5,True
5d1l__A1_P62837--5d1l__B1_Q96BH1,0.7977600853019535,0.5,False
8bcs__A1_UNDEFINED--8bcs__A2_UNDEFINED,0.922305506860908,0.5,True
8og3__A1_P38489--8og3__B1_P38489,0.9488166626605495,0.5,True
3c07__A1_Q9KZ96--3c07__B1_Q9KZ96,0.9498932529626779,0.5,True
3iqy__A1_P28366--3iqy__A2_P28366,0.9644116468165618,0.5,True
4afi__A1_P70280--4afi__B1_P70280,0.921297052752098,0.5,True
7e76__A1_A0A3B6LNA8--7e76__B1_A0A3B6LNA8,0.883504285845697,0.5,True
3cqc__A1_P57740--3cqc__B1_Q8WUM0,0.9759089769307924,0.5,False
7x1k__A1_Q6DL91--7x1k__B1_Q6DL91,0.9122216717075732,0.5,True
6ydr__A1_A0A3S8UVN5--6ydr__A2_A0A3S8UVN5,0.863380324373052,0.5,True
8egw__B1_Q6V0I7--8egw__A1_Q96JQ0,0.8993940685499127,0.5,False
8sgd__A1_P25342--8sgd__B1_P32457,0.8707264661896825,0.5,False
3ecf__A1_Q3M5E4--3ecf__B1_Q3M5E4,0.9152999814701925,0.5,True
6j94__A1_Q93VK5--6j94__B1_Q93VK5,0.9670964140557211,0.5,True
7xsh__A1_K1KV82--7xsh__B2_K1KV82,0.9742028703637358,0.5,True
7fct__B1_A0A4Y1LJC5--7fct__A1_A0A4Y1LJC5,0.9162645239704522,0.5,True
8v14__A1_G5EEF9--8v14__B1_G5EEF9,0.9239392407906559,0.5,True
6r76__A1_H3ZMH8--6r76__B1_H3ZMH8,0.9589768661503484,0.5,True
8ap0__A1_A0A5S9CYM0--8ap0__A2_A0A5S9CYM0,0.9867526112429632,0.5,True
5j10__A1_UNDEFINED--5j10__B1_UNDEFINED,0.906485371772086,0.5055140490308959,True
3qph__A1_Q9HGZ9--3qph__A2_Q9HGZ9,0.9024836869227681,0.5,True
6o6z__A1_B6YWC3--6o6z__B1_B6YWC3,0.9535546930029435,0.5,True
7edp__B1_Q5JT35--7edp__A1_Q8TEK3,0.8393141945773525,0.5,False
3fil__A1_P19909--3fil__B1_P19909,0.9708344927022994,0.5,True
6do2__A1_P11021--6do2__B1_P11021,0.9851414237641269,0.5,True
7f4q__B1_Q22GC0--7f4q__A1_I7M8B9,0.9016739837918949,0.5,False
4hfg__A1_Q9NQG5--4hfg__B1_Q9NQG5,0.9379067731331695,0.5,True
7yh2__A1_A0A1Q9P883--7yh2__B1_A0A1Q9P883,0.9938244075095659,0.5,True
3axs__A1_O67010--3axs__A2_O67010,0.9637504161121898,0.5,True
3cqr__A1_Q39249--3cqr__B1_Q39249,0.8871398237641981,0.5,True
3s8k__A1_P80691--3s8k__B1_P80691,0.9372397465507027,0.5,True
4oun__A1_O31418--4oun__A2_O31418,0.9410010215964052,0.5138567407502661,True
2iab__A1_Q825J7--2iab__B1_Q825J7,0.9046789684955456,0.5,True
3o3n__A1_Q5U924--3o3n__B1_Q5U923,0.9474185786443046,0.5,False
6f3z__A1_P0ADC3--6f3z__B1_P61316,0.9617684014267186,0.5,False
1hr7__A1_P11914--1hr7__B1_P10507,0.9323513596715335,0.5,False
8gko__B1_P28296--8gko__A1_P28296,0.9652322039412072,0.5,True
2gkv__A1_P00777--2gkv__B1_P68390,0.951017346184538,0.5,False
8stx__A1_Q4E4E1--8stx__B1_Q4E4E1,0.9644798124904951,0.5,True
4m36__A1_Q582G4--4m36__A2_Q582G4,0.944048262887732,0.5,True
5wpu__A1_A0A076NBW8--5wpu__A2_A0A076NBW8,0.864144854488443,0.5,True
5yps__A1_A0A0W4ZF97--5yps__B1_A0A0W4ZF97,0.9486769829268782,0.5,True
5oge__E1_P40107--5oge__A1_P40107,0.8861539961967908,0.5,True
5fey__B1_Q13049--5fey__A1_Q13049,0.9076285256472133,0.5,True
8hce__B1_Q91XB0--8hce__A1_Q91XB0,0.9397071075681043,0.5,True
1ggp__B1_Q7SIF1--1ggp__A1_Q7SIF0,0.9303004330469539,0.5,False
5z50__A1_O05926--5z50__B1_O05926,0.9359282914594406,0.5,True
6eyy__A1_A0A1S5PRR0--6eyy__B1_A0A1S5PRR0,0.8656161547429102,0.5,True
7t9u__A1_Q86WV6--7t9u__A2_Q86WV6,0.9574220331056525,0.5,True
6ey4__A1_Q5EGM3--6ey4__A2_Q5EGM3,0.9255033427940051,0.5,True
2hvg__A1_A5KBL5--2hvg__B1_A5KBL5,0.9169958172209536,0.5,True
6wp7__A1_Q82H41--6wp7__B1_Q82H41,0.9302416240940953,0.5,True
7dnu__A1_P32092--7dnu__A2_P32092,0.8359586029005605,0.5,True
3w8i__A1_Q9BUL8--3w8i__B1_Q9P289,0.9237957843569224,0.4999182739457339,False
4oky__A1_Q52612--4oky__A2_Q52612,0.9447155949488885,0.5,True
7t63__B1_UNDEFINED--7t63__A1_UNDEFINED,0.8639096613518047,0.5,True
7x20__A1_P54708--7x20__B1_P07340,0.9486143678019187,0.5,False
3hnw__A1_D0VWZ2--3hnw__B1_D0VWZ2,0.928208403080299,0.5,True
8r37__A1_A0A086IRG1--8r37__B1_A0A086IRG1,0.8558992196248656,0.499947693273355,True
7zm5__A1_Q6WGM0--7zm5__B1_Q6WGM0,0.97225841815391,0.5,True
2z7j__A1_P25220--2z7j__A2_P25220,0.5584971772257581,0.5,True
1rqg__A1_Q9V011--1rqg__A2_Q9V011,0.8813382594953354,0.5,True
8brl__A1_F7J213--8brl__A2_F7J213,0.972349743936398,0.5,True
6noi__A1_UNDEFINED--6noi__B1_UNDEFINED,0.9245029475012918,0.5,True
7qiu__A1_P94538--7qiu__B1_P94538,0.9868770346433466,0.5,True
6sjs__A1_B8FUR2--6sjs__B1_B8FUR2,0.9830997338640864,0.5,True
8hlg__A1_Q9RR88--8hlg__B1_Q9RR88,0.8458985710141637,0.5,True
4uae__A1_O00629--4uae__B1_P31345,0.906801519942969,0.5,False
7pcr__A1_P56185--7pcr__A2_P56185,0.9099353218922381,0.5,True
3bvq__B1_Q2I6W2--3bvq__A1_Q2I6W2,0.9714360954582036,0.5,True
7a67__B1_UNDEFINED--7a67__A1_Q9V1Z9,0.9009605734176093,0.5068493150684932,False
6bsu__A1_Q9LZJ3--6bsu__B1_Q9LZJ3,0.928089669647424,0.5,True
4e5u__B1_Q9HZN8--4e5u__A1_Q9HZN8,0.9711941528429652,0.5,True
8a52__A1_P23222--8a52__B1_P23222,0.9367214813785898,0.5,True
1d0v__A1_Q05603--1d0v__A2_Q05603,0.983833806206849,0.5,True
3gwq__A1_Q145Q0--3gwq__B1_Q145Q0,0.8756611266702855,0.5,True
7lxs__A1_Q8ZMZ2--7lxs__C1_Q8ZMZ2,0.9589438836426788,0.5,True
6w08__B1_Q9KL63--6w08__A1_Q9KL63,0.9618161236715427,0.5,True
7wrm__A1_D0IVL9--7wrm__B1_D0IVL9,0.9407106808856771,0.5,True
2yww__B1_Q58801--2yww__A1_Q58801,0.9773993591027439,0.5,True
3lm6__A1_P40869--3lm6__B1_P40869,0.9562186801610665,0.5,True
7trw__A1_A0A380PDL3--7trw__A2_A0A380PDL3,0.8598204308851276,0.5,True
8syc__A1_Q13370--8syc__B1_Q13370,0.9022114855987171,0.5,True
1gk6__A1_P03069--1gk6__B1_P03069,0.9287266448070468,0.5,True
1reo__A1_Q6STF1--1reo__A2_Q6STF1,0.9726405583438276,0.5,True
6s3b__A1_Q88JK6--6s3b__B1_Q88JK6,0.971203317755042,0.5,True
7tl5__A1_A0A3F3B310--7tl5__B1_A0A3F3B310,0.9164036853496482,0.5,True
2asf__A1_P9WLL7--2asf__A2_P9WLL7,0.9469128048588319,0.5,True
8ilj__A1_A0A242MJ43--8ilj__B1_A0A242MJ43,0.9835224546697203,0.5,True
8ezg__A1_P01116--8ezg__B1_UNDEFINED,0.9481914140086458,0.5,False
7uh4__A1_UNDEFINED--7uh4__B1_UNDEFINED,0.946344833361246,0.5,True
4usc__A1_A0A0A0Y4H8--4usc__B1_A0A0A0Y4H8,0.9849603782445947,0.5,True
5yp3__A1_Q6F3I7--5yp3__B1_Q6F3I7,0.9930753295009775,0.5,True
8aid__A1_Q9HWJ8--8aid__B1_Q9HWJ8,0.9709014478897718,0.5,True
7yp6__B1_E5L4T5--7yp6__A1_E5L4T5,0.8704444372870902,0.5,True
4aql__A1_Q9Y2T3--4aql__A2_Q9Y2T3,0.9708745376887186,0.5,True
3idf__A1_O34252--3idf__B1_O34252,0.9054588948787061,0.5,True
8fjr__A1_D1A807--8fjr__B1_D1A807,0.8590845760159478,0.5,True
7z56__B1_F0NGX6--7z56__A1_F0NGX6,0.9914527811233339,0.5,True
6ikj__A1_Q9I4L6--6ikj__B1_Q9I4L6,0.6893054786939679,0.5,True
8b2q__A1_D0EM77--8b2q__B1_G8UM88,0.9702071773377682,0.5,False
5x42__A1_Q5ZYB7--5x42__B1_Q5ZYC6,0.9564432796705353,0.5,False
1vkh__A1_Q04066--1vkh__B1_Q04066,0.931417446477846,0.5,True
5omd__A1_Q04377--5omd__A2_Q04377,0.7730506155950753,0.5,True
2vsg__A1_P26329--2vsg__B1_P26329,0.9472382551527367,0.5,True
1jql__A1_P0A988--1jql__B1_P28630,0.9759466717797405,0.5,False
1w9c__A1_O14980--1w9c__B1_O14980,0.9855408817246067,0.5,True
7n35__A1_UNDEFINED--7n35__B2_UNDEFINED,0.8852298495155638,0.5,True
3upl__A1_Q2YIM3--3upl__B1_Q2YIM3,0.968959911999058,0.5,True
3tm2__A1_Q83XN4--3tm2__B1_Q83XN4,0.8744438641178909,0.5,True
7yls__B1_C5CSP6--7yls__A1_C5CSP7,0.8962072195493497,0.5,False
7psg__A1_Q6D515--7psg__B1_Q6D515,0.9686570028495398,0.5,True
8pte__A1_P00698--8pte__A2_P00698,0.8225851731536625,0.5,True
7ytu__B1_P68623--7ytu__A1_P68458,0.8907748264080239,0.5,False
7ykc__A1_P14843--7ykc__B1_P14843,0.9445531367228032,0.5,True
3wxe__A1_E7FEV5--3wxe__B1_P0CG48,0.9096469610010198,0.5,False
7zr3__A1_A0A8E4HNI8--7zr3__B1_A0A8E4HNI8,0.9675246257189416,0.5,True
2vjf__A1_Q00987--2vjf__B1_O15151,0.8949225627218027,0.5,False
7pvo__A1_P56137--7pvo__A2_P56137,0.9523341280245506,0.5,True
3kkd__A1_Q9HXU1--3kkd__A2_Q9HXU1,0.9371178398225319,0.5,True
3mph__A1_P19801--3mph__B1_P19801,0.902150704866489,0.5,True
6jc4__A1_A6TE44--6jc4__D1_A6TE44,0.9244725392315678,0.5,True
2rf4__A1_P46669--2rf4__B1_P50106,0.9011492026599522,0.5,False
4huz__A1_Q9ZBB0--4huz__A2_Q9ZBB0,0.8727132629199976,0.5,True
5gtj__B1_Q9BV47--5gtj__A1_Q9BV47,0.980578463843256,0.5,True
2xw7__A1_A0QP85--2xw7__B1_A0QP85,0.9515232546641176,0.5,True
6l6h__A1_Q5ZZ22--6l6h__B1_Q5ZZ22,0.9348604516883956,0.5,True
8p7m__A1_P0A434--8p7m__A2_P0A434,0.9666997443229614,0.5,True
6dm9__A1_UNDEFINED--6dm9__B1_UNDEFINED,0.8739190358305213,0.5,True
6gou__A2_P97275--6gou__C1_P97275,0.9449793872822448,0.5,True
2wwo__A1_Q66ED7--2wwo__B1_Q66ED7,0.9682805216613003,0.5,True
8i3n__A1_Q12178--8i3n__C1_Q12178,0.9686108601002219,0.5,True
1s7i__A1_Q9I3Z5--1s7i__A2_Q9I3Z5,0.8537691797431464,0.5,True
3szw__A1_B7JBP8--3szw__A2_B7JBP8,0.9704334615319496,0.5,True
5x7r__A1_A0A193PKW5--5x7r__B1_A0A193PKW5,0.8955547458956323,0.5,True
2nys__A1_Q8U561--2nys__B1_Q8U561,0.9611739148664088,0.5,True
3gr5__A1_O52135--3gr5__A2_O52135,0.845404055553175,0.5,True
3ded__A1_Q7P1I2--3ded__B1_Q7P1I2,0.7748693559592814,0.5,True
5b5x__A1_Q75NZ1--5b5x__A2_Q75NZ1,0.8609015393994819,0.5,True
7qga__A1_P21589--7qga__A2_P21589,0.9904934779508295,0.5,True
8ow9__A1_G8UQH9--8ow9__B1_G8UQH9,0.9491240179506806,0.5,True
3bcw__B1_A0A0H3LK92--3bcw__A1_A0A0H3LK92,0.9361086459221739,0.5,True
6duy__A1_Q61301--6duy__B2_Q61301,0.9513181500143941,0.5,True
5zyf__A1_Q99ZW0--5zyf__B1_Q99ZW0,0.8863088841684369,0.5,True
1mml__A1_P03355--1mml__A2_P03355,0.9149252603734007,0.5,True
2b7o__A1_O53512--2b7o__B1_O53512,0.9237941433171295,0.5,True
1v57__A1_P77202--1v57__A2_P77202,0.9803305874263526,0.5,True
2hsa__B1_Q9FEW9--2hsa__A1_Q9FEW9,0.9811393262717703,0.5,True
4tsd__A1_O25673--4tsd__B1_O25673,0.9753383714807817,0.5,True
7qh0__B1_P48499--7qh0__A1_P48499,0.9635879097139325,0.5,True
3neu__A1_Q92AT3--3neu__A2_Q92AT3,0.9344146455477405,0.5,True
8f9x__A1_Q5LVE1--8f9x__B1_Q5LVE1,0.9643674818466245,0.5,True
6ne2__A1_UNDEFINED--6ne2__B1_O75084,0.9464248306486936,0.5,False
2b4h__A1_P12473--2b4h__B1_P12473,0.8790806771445359,0.5,True
3pui__A1_Q9L9D7--3pui__A2_Q9L9D7,0.9317686788318,0.5,True
1myl__A1_P03050--1myl__B1_P03050,0.8455988455988456,0.5,True
1rqi__A1_P22939--1rqi__B1_P22939,0.9775814045334535,0.5,True
3x1b__A1_UNDEFINED--3x1b__B1_UNDEFINED,0.9719603659750963,0.5,True
6pya__A1_P04278--6pya__A2_P04278,0.9236719679757655,0.5,True
1r27__A1_P09152--1r27__B1_P11349,0.9290960797344006,0.5,False
7zuv__A1_A0A2K3DY10--7zuv__D2_A0A2K3DY10,0.8678281646111932,0.5,True
2aho__A1_Q980A5--2aho__B1_Q97Z79,0.9239470364335043,0.5,False
6mni__A1_A0A2V0QX35--6mni__B1_A0A2V0QX35,0.98629963225497,0.5,True
4kif__B1_Q643C8--4kif__A1_Q643C8,0.9683430117801943,0.5,True
7vmv__B1_Q5I3B6--7vmv__A1_Q58HT7,0.7261758040273136,0.5,False
3g23__A1_Q2G8F3--3g23__B1_Q2G8F3,0.9646734941085784,0.5,True
3ui3__A1_O05728--3ui3__B1_O05728,0.9576591095888407,0.5,True
8ohy__A1_Q556V8--8ohy__A2_Q556V8,0.9750540218304278,0.5,True
5zgo__A1_Q5SHW6--5zgo__B1_Q5SHW6,0.9035416139640778,0.5,True
5uph__B1_Q14108--5uph__A1_Q14108,0.9531410826427976,0.5,True
6u3w__A1_P53622--6u3w__B1_P40509,0.9529000662299965,0.5,False
2gsv__B1_P71066--2gsv__A1_P71066,0.8630608890287833,0.5,True
7yh1__A1_A0A5B9DB95--7yh1__B1_A0A5B9DB95,0.9574592947757466,0.5,True
6c6r__A1_Q14534--6c6r__B1_Q14534,0.9944833989024116,0.5,True
6p4o__B1_Q970I1--6p4o__A1_Q970I2,0.9649306935395869,0.5,False
8i8y__B1_UNDEFINED--8i8y__A1_UNDEFINED,0.6951511666906234,0.5,True
2oys__A1_A0A0H2URW2--2oys__B1_A0A0H2URW2,0.9392524636047348,0.5,True
8i85__A1_D2B3F1--8i85__B1_D2B3F1,0.7943482328817703,0.5,True
2b0a__A1_Q58193--2b0a__A2_Q58193,0.9632625161608143,0.5,True
3ayh__B1_O94285--3ayh__A1_Q9C0Z9,0.8409737148535323,0.5,False
7yji__A1_UNDEFINED--7yji__A2_UNDEFINED,0.9898587578155986,0.5,True
2g38__B1_Q79FE1--2g38__A1_Q7D756,0.8769493185913473,0.5,False
2z6k__A1_P15927--2z6k__C1_P35244,0.8974275273055761,0.5,False
3p8b__B1_Q8TZK1--3p8b__A1_Q8U440,0.8856077383225149,0.5,False
5yz5__A1_Q16555--5yz5__A2_Q16555,0.9249947089784865,0.5,True
6dk9__A1_A7A1Y4--6dk9__A2_A7A1Y4,0.9645742343478345,0.5,True
6fls__A1_UNDEFINED--6fls__B1_UNDEFINED,0.9838323640319137,0.5,True
2p19__A1_Q8NTZ4--2p19__C1_Q8NTZ4,0.9168118333791755,0.5,True
8ai1__B1_Q45595--8ai1__A1_Q45595,0.9598039267760599,0.5,True
7px0__B1_Q9VF53--7px0__A1_Q9VF53,0.9613670467364962,0.5,True
4cmz__B1_Q9BXM0--4cmz__A1_Q9BXM0,0.8517703291029255,0.5050004620325315,True
8gyz__B1_Q93ZE2--8gyz__A1_Q93ZE2,0.9725754777063172,0.5,True
5j1l__B1_O26069--5j1l__A1_O26068,0.9611491050097207,0.5,False
7ubk__B1_P03047--7ubk__A1_P03047,0.8365899077378168,0.5,True
6j26__A1_Q5JIZ3--6j26__B1_Q5JIZ3,0.9451162953605048,0.5,True
8ic1__A1_UNDEFINED--8ic1__B1_UNDEFINED,0.8653506305143666,0.5,True
2ns9__A1_Q9Y9R3--2ns9__B1_Q9Y9R3,0.9716386672908413,0.5,True
5l8s__A1_E1VFE0--5l8s__C1_E1VFE0,0.9723535815478969,0.5,True
6zrw__A1_B3VS76--6zrw__B1_B3VS76,0.9443444825251756,0.5,True
5fcn__B1_Q66GS9--5fcn__A1_Q66GS9,0.931825624232501,0.5,True
7vl1__A1_I0AIT9--7vl1__B1_I0AIT9,0.962008265643954,0.5,True
2rek__B2_Q9ADD9--2rek__A1_Q9ADD9,0.9888806492467671,0.5,True
2zrt__A1_O75340--2zrt__B1_O75340,0.9330336208272867,0.5,True
8h3t__A1_UNDEFINED--8h3t__B1_UNDEFINED,0.959877044390946,0.5,True
2f1m__A1_P0AE06--2f1m__B1_P0AE06,0.7724207828844635,0.5,True
3t5t__B1_Q15JG1--3t5t__A1_Q15JG1,0.9517581116080778,0.5,True
4z9r__B1_Q8EGK4--4z9r__A1_Q8EGK4,0.9460594927602373,0.5,True
2oze__A1_Q57280--2oze__A2_Q57280,0.9560943239922557,0.5,True
1x6m__A1_Q51669--1x6m__D1_Q51669,0.830041816553224,0.5,True
4pfc__A1_P14735--4pfc__B1_P14735,0.9480625385189846,0.5,True
6byi__A1_Q8PI23--6byi__B1_Q8PI23,0.9322072766582927,0.5,True
3aaa__A1_P13127--3aaa__B1_P14315,0.9554159139358438,0.5,False
1xgm__A1_P56218--1xgm__B1_P56218,0.9335942254617506,0.5,True
5mrv__A1_Q8IVL8--5mrv__C1_P86912,0.8899535805665395,0.5,False
5e4v__A1_Q89933--5e4v__A2_Q89933,0.9307840338749171,0.5,True
1vhq__A1_P0ABU5--1vhq__B1_P0ABU5,0.9797437426994959,0.5,True
2pqv__B1_A0A0H2UMZ7--2pqv__A1_A0A0H2UMZ7,0.9291907950295574,0.5,True
1zva__A1_P59594--1zva__A2_P59594,0.9367843937775272,0.5054945054945055,True
8pq4__A1_P69782--8pq4__A2_P69782,0.8935924957570753,0.5,True
8a14__A1_A0A0D1E4Q7--8a14__C2_A0A0D1E4Q7,0.901398252928434,0.5,True
1dtd__A1_P48052--1dtd__B1_P81511,0.9468269096315048,0.5,False
3c6n__B1_Q570C0--3c6n__A1_Q39255,0.9017151319110557,0.5,False
3ctz__A1_Q9NQW7--3ctz__A2_Q9NQW7,0.9774862570652789,0.5,True
1wab__A1_Q29460--1wab__A2_Q29460,0.9361685231842103,0.5,True
1zl5__A1_Q00496--1zl5__B1_Q00496,0.8609848435884178,0.5,True
5dbj__A1_Q4KCZ0--5dbj__A2_Q4KCZ0,0.9768311866524984,0.5,True
7qsq__B1_Q9X053--7qsq__A1_Q9X053,0.9389590391130274,0.5026178010471204,True
7duc__B1_Q2G2U4--7duc__A1_Q2G2U4,0.9229425287356322,0.5,True
2cdu__A1_Q9F1X5--2cdu__B1_Q9F1X5,0.9566379522618534,0.5,True
8g0f__A1_Q6NK15--8g0f__B1_Q6NK15,0.9206269208167895,0.5,True
8a45__B1_B7V7R4--8a45__A1_B7V7R4,0.9497118174090663,0.5,True
6no3__A1_B3FHP0--6no3__B1_B3FHP0,0.8813792193672505,0.5,True
3g7p__A1_B7JA91--3g7p__A2_B7JA91,0.9576392225959741,0.5,True
8khq__A1_A0A1I5R890--8khq__C1_A0A1I5R890,0.9184114682854054,0.5,True
7owz__B1_Q9JMA2--7owz__A1_B8ZXI1,0.938337422807112,0.5,False
7xbe__A1_UNDEFINED--7xbe__A2_UNDEFINED,0.9163681340757162,0.5,True
6dk7__D1_Q9HUV7--6dk7__A1_Q9HUV7,0.9773409910046791,0.5,True
4hsl__A1_Q1LCS4--4hsl__A2_Q1LCS4,0.9645133751101403,0.5082644628099173,True
8b3s__A1_O31597--8b3s__B1_A0A164W157,0.889201605695447,0.5,False
5euv__A1_D1LZK0--5euv__B1_D1LZK0,0.9163938993796448,0.5,True
8gz4__A1_A0A7H0DN78--8gz4__A2_A0A7H0DN78,0.986834320344597,0.5,True
7tmg__A1_A0A0H3GLR2--7tmg__B1_A0A0H3GLR2,0.9573182939252115,0.5,True
4hsr__B1_UNDEFINED--4hsr__A1_UNDEFINED,0.8995932436190033,0.5,True
7tgn__B1_A0A1Q5L7T0--7tgn__A1_A0A1Q5L7T0,0.9812934048754424,0.5,True
4fz2__A1_C7DIA5--4fz2__B1_C7DIA5,0.9450549763728524,0.5,True
6j2l__A1_P37793--6j2l__B1_P37793,0.9174109462329044,0.5043532145549957,True
5grk__A1_Q89XR0--5grk__B1_Q89XR0,0.9354268284427472,0.5,True
3qxs__A1_O24872--3qxs__A2_O24872,0.9525427613460351,0.5,True
8q3y__A1_E8URK0--8q3y__B1_E8URK0,0.9766641694329232,0.5,True
1pyb__A1_O66738--1pyb__B1_O66738,0.8890890693948678,0.5,True
7yto__A1_Q9RHU9--7yto__B1_Q9RHU9,0.9539914971065997,0.5,True
5vae__A1_Q9AET9--5vae__B1_Q9AET7,0.8133632423923259,0.5,False
1zrs__A1_Q9HTZ1--1zrs__B1_Q9HTZ1,0.9800387101315493,0.5,True
2cg5__A1_Q9NRN7--2cg5__B1_P49327,0.9404451445923409,0.5,False
4yk8__B1_O36019--4yk8__A1_O13978,0.900346066550169,0.5,False
2iml__A1_O28442--2iml__C1_O28442,0.9068382212033713,0.5,True
6iru__A1_Q9RVF9--6iru__A2_Q9RVF9,0.9820657127232957,0.5,True
8iev__A1_Q0PAW2--8iev__B1_Q0PAW2,0.9460360035682427,0.5,True
3cyg__A1_A7HM60--3cyg__B1_A7HM60,0.6431892085194149,0.5,True
5kvr__A1_P0ACL9--5kvr__A2_P0ACL9,0.9334621671580684,0.5,True
1na8__A1_Q9UJY5--1na8__B1_Q9UJY5,0.9709027544202895,0.5,True
5fis__A1_H9IUR0--5fis__B1_H9IUR0,0.9238459070745076,0.5,True
7z6m__A1_A0A0H3LM39--7z6m__A2_A0A0H3LM39,0.9237588130456629,0.5,True
7vua__A1_UNDEFINED--7vua__B1_UNDEFINED,0.9925733367600248,0.5,True
2yxd__A1_Q57836--2yxd__B1_Q57836,0.9027813950051323,0.5,True
1aua__A1_P24280--1aua__A2_P24280,0.9968359032729921,0.5,True
7zw3__A1_P27338--7zw3__B1_P27338,0.8922396838120179,0.5,True
5xjx__I1_C0LGW6--5xjx__A1_Q9SSD1,0.6938914306398134,0.5,False
7xca__A1_W5X1V8--7xca__B1_W5X1V8,0.9686108484717353,0.5,True
7xub__A1_Q96KQ7--7xub__B1_Q96KQ7,0.9238560643018097,0.5,True
5xlu__A1_Q65KZ6--5xlu__B1_A9YTT0,0.8796957968103534,0.5,False
8smq__A1_Q182N1--8smq__B1_Q182N1,0.8916136098786056,0.5041185318627975,True
8eni__A1_A0A0H3JRH8--8eni__A2_A0A0H3JRH8,0.913954804994972,0.5,True
1q77__A1_O66565--1q77__B1_O66565,0.9419568901680269,0.5,True
6nbp__A1_A0A4P1LYI6--6nbp__A2_A0A4P1LYI6,0.9915512075615369,0.5,True
4wu2__A1_Q7WUJ1--4wu2__B1_Q7WUJ1,0.9655617845582003,0.5,True
2nvn__A1_Q31MH7--2nvn__A2_Q31MH7,0.9144537848228178,0.5,True
3zyh__A1_Q05097--3zyh__B1_Q05097,0.9397929474071606,0.5,True
8a21__A1_A0QJI1--8a21__A2_A0QJI1,0.9745906131302605,0.5,True
8ho2__A1_A0A191T7N6--8ho2__B1_A0A191T7N6,0.939799263661223,0.5,True
2j8q__A1_O43809--2j8q__B1_O43809,0.8553737334583505,0.5,True
1cx8__A1_P02786--1cx8__B1_P02786,0.9539100452250924,0.5,True
5zfk__A1_Q31LX1--5zfk__B1_Q31LX1,0.9784549079970544,0.5,True
2qti__A1_Q8EF26--2qti__A2_Q8EF26,0.8627950347540329,0.5119588828772766,True
5djo__B1_Q9EQW7--5djo__A1_Q9EQW7,0.9546994359024434,0.5,True
1kve__B1_P19972--1kve__A1_P19972,0.8136223455811085,0.5,True
4kjq__A1_P37019--4kjq__B1_P37019,0.9222566128504529,0.5,True
8qyw__A1_Q9NVS9--8qyw__A2_Q9NVS9,0.9165446368316592,0.5,True
4djb__A1_P04489--4djb__B1_P04489,0.9176000058511469,0.5,True
7t1e__A1_P78556--7t1e__B1_P78556,0.6779367143476376,0.5,True
2ev4__A1_P9WMU9--2ev4__B1_P9WMU9,0.9478753868849613,0.5,True
4m1j__A1_Q9I194--4m1j__B1_Q9I194,0.9504553447872824,0.5,True
8bj3__A1_A0A072U7F9--8bj3__B1_A0A072U7F9,0.9523329053628061,0.5,True
5fcl__A1_Q6D0X0--5fcl__B1_Q6D0X0,0.95884481978277,0.5,True
2evr__A1_B2J9B4--2evr__A2_B2J9B4,0.7129410769187374,0.5,True
4ftw__A1_Q3J2V1--4ftw__A2_Q3J2V1,0.876300352912472,0.5,True
2q6q__B1_P36094--2q6q__A1_P36094,0.9174680469509535,0.5,True
8hx8__A1_Q6L8Q5--8hx8__B1_Q6L8Q5,0.9385768374693637,0.5,True
7zgn__A1_U6RE59--7zgn__B1_U6RE59,0.9507154641022627,0.5,True
7fiw__A1_B3CP63--7fiw__B1_Q73HD5,0.8924146241868112,0.5,False
4xd9__A1_C8VMF9--4xd9__B1_Q5B6T5,0.9020422986144685,0.5,False
3dme__A1_Q7VU70--3dme__B1_Q7VU70,0.9008860949933952,0.5,True
8d0m__A1_P28907--8d0m__A2_P28907,0.9566276976814643,0.5,True
2w6a__A1_Q9Z272--2w6a__B1_Q9Z272,0.9178340687046959,0.5,True
6oje__B1_Q5S007--6oje__A1_Q5S007,0.9455771749388494,0.5,True
7mu0__A1_P9WQK3--7mu0__B1_P9WQK3,0.8649718291015045,0.5,True
4az3__A1_P10619--4az3__B1_P10619,0.8623378713353148,0.5,True
7ug8__B1_Q0I6F8--7ug8__A1_Q0I6F8,0.9317409027478408,0.5,True
6mxv__B1_Q5NFU2--6mxv__A1_Q5NFU2,0.7130660872913173,0.5,True
8ug3__B1_P50053--8ug3__A1_P50053,0.9856578001959413,0.5,True
7veo__A1_UNDEFINED--7veo__B1_UNDEFINED,0.9497035220980803,0.5,True
4atm__A1_P49418--4atm__A2_P49418,0.9799486643308857,0.5,True
7x6f__B1_P0AD45--7x6f__A1_P0AD45,0.9754620589906503,0.5,True
1nkn__B1_Q17042--1nkn__A1_Q17042,0.912006821905299,0.5,True
7pjo__B1_UNDEFINED--7pjo__A1_UNDEFINED,0.8685733830173348,0.5,True
5n0s__B1_A0A2R2JFI5--5n0s__A1_A0A2R2JFI5,0.8359760249448338,0.5,True
6m9g__A1_Q5D6Y4--6m9g__B2_Q5D6Y4,0.9771600561128406,0.5,True
7zvz__A1_G1UBD5--7zvz__B1_G1UBD5,0.8456284314374002,0.5,True
3b5m__B1_Q7UTD8--3b5m__A1_Q7UTD8,0.9109225799730175,0.5,True
6v0a__B1_B3E641--6v0a__A1_B3E641,0.9758308281958941,0.5,True
3bpj__C1_O75822--3bpj__A1_O75822,0.8056540404040404,0.5029229797979798,True
8tn8__B1_A0A482N9T7--8tn8__A1_A0A482N9T7,0.9668459923197115,0.5,True
7y51__A1_Q8RBF4--7y51__A2_Q8RBF4,0.850673471116599,0.5,True
6zef__A1_P62136--6zef__C1_Q9C0D0,0.8365256053860433,0.5,False
8i5w__A1_Q8BZN6--8i5w__B1_P63000,0.9025521561891169,0.5,False
3rv1__B1_A7TR32--3rv1__A1_A7TR32,0.8618625646474933,0.5,True
8i59__A1_UNDEFINED--8i59__B1_UNDEFINED,0.9448043836444052,0.5,True
8g1h__A1_UNDEFINED--8g1h__A2_UNDEFINED,0.9505895891187018,0.5,True
7vwk__A1_L8PIV2--7vwk__B1_L8PIV2,0.9642145081453479,0.5,True
4k3z__A1_Q8YCV0--4k3z__A2_Q8YCV0,0.9198993748733852,0.5,True
5v5t__A1_Q830T5--5v5t__D1_Q830T5,0.8591489759481458,0.5,True
6fp5__B1_Q960Q9--6fp5__A1_Q960Q9,0.8302448180837894,0.5,True
2ikb__A1_Q7DDI9--2ikb__C1_Q7DDI9,0.9841113551991822,0.5,True
7zam__A1_Q07666--7zam__B1_Q07666,0.9729098254735626,0.5,True
3o10__A1_Q9NZJ4--3o10__B1_Q9NZJ4,0.8360041573006551,0.5,True
3egv__A1_Q84BQ9--3egv__B1_Q5SLP6,0.8832716980352457,0.5,False
2g9w__A1_P9WMJ5--2g9w__B1_P9WMJ5,0.9230316084019071,0.5,True
2afv__A1_Q8EXP7--2afv__B1_Q8EXP7,0.9190926269424583,0.5,True
1wl3__B1_Q9X1M1--1wl3__A1_Q9X1M1,0.9636478269337723,0.5,True
4kbx__A1_P45550--4kbx__A2_P45550,0.9055440316194995,0.5,True
8h5a__A1_P67661--8h5a__B1_P67661,0.906372574944249,0.5,True
8b4l__B1_D5SK09--8b4l__A1_D5SK09,0.8760678520633827,0.5,True
3r24__A1_P0C6X7--3r24__B1_P0C6U8,0.8795592305729262,0.5,False
1nrj__B1_P36057--1nrj__A1_P32916,0.9073451896293122,0.5,False
4rdw__A1_Q9HU77--4rdw__A2_Q9HU77,0.955131710249158,0.5,True
7vpr__A1_Q6FX18--7vpr__B1_Q6FX18,0.9964945550984079,0.5,True
5a6k__A1_A0A0H2US73--5a6k__B1_A0A0H2US73,0.9759159722546312,0.5,True
7ucd__B1_P17535--7ucd__A1_P53539,0.9413521279900591,0.5,False
1qc9__A1_P00642--1qc9__A2_P00642,0.8297324003517719,0.5,True
3ooc__A1_P77239--3ooc__B1_P77239,0.9479118693188883,0.5,True
8pm1__A1_B8GAY9--8pm1__B1_B8GAY9,0.9320565302144249,0.5110233918128655,True
1vbg__A1_P11155--1vbg__A2_P11155,0.9799107054421283,0.5,True
2qgs__A1_A0A0H2VIU2--2qgs__B1_A0A0H2VIU2,0.9383831709801258,0.5,True
8cnx__A1_Q68T42--8cnx__B1_Q68T42,0.9465306754756124,0.5,True
8bol__A1_Q04609--8bol__A2_Q04609,0.9293831287298171,0.5,True
3mii__B1_Q08914--3mii__A1_Q08914,0.8657991536743195,0.5,True
3i23__A1_Q835X4--3i23__B1_Q835X4,0.8748802150031797,0.5,True
3itf__A1_P0AE85--3itf__B1_P0AE85,0.8984257496489729,0.5,True
8d05__A1_UNDEFINED--8d05__A2_UNDEFINED,0.9401059231558235,0.583090210289792,True
6mw5__A1_K3WC47--6mw5__A2_K3WC47,0.9376047400343582,0.5,True
5vht__A1_P0A9J8--5vht__B1_P0A9J8,0.9016231121265212,0.5,True
6j6x__B1_P53611--6j6x__A1_Q7Z6K3,0.9395771388729404,0.5,False
4tvb__A1_O32323--4tvb__B1_O32323,0.9455721080683313,0.5,True
3nkh__B1_UNDEFINED--3nkh__A1_UNDEFINED,0.9582649015243649,0.5,True
3jyu__A1_P35123--3jyu__B1_P35123,0.9540146891579657,0.5,True
8dtc__A1_L8GT25--8dtc__B1_L8GT25,0.9086213828595803,0.5,True
7n1j__A1_P22455--7n1j__B1_UNDEFINED,0.963869765058498,0.5,False
8fny__A1_O00418--8fny__B1_P0DP23,0.8548223931371696,0.5,False
7v0b__A1_A0A1E7MYN1--7v0b__B1_A0A1E7MYN1,0.9706456485119244,0.5,True
2vvo__A1_P9WKD7--2vvo__B1_P9WKD7,0.8817422837504401,0.5,True
5yjh__A1_Q15063--5yjh__A2_Q15063,0.9266162014880512,0.5,True
2z5e__A1_Q9BT73--2z5e__B1_Q9BT73,0.9390678321805939,0.5133447086519335,True
1a8l__A1_Q51760--1a8l__A2_Q51760,0.9901778251722051,0.5,True
8h0r__A1_Q9WVJ5--8h0r__B1_Q9WVJ5,0.9010947249458806,0.5,True
2j7j__A1_P03001--2j7j__A2_P03001,0.8082565760160725,0.5,True
8u1v__A1_K4L8Z7--8u1v__B1_K4L8Z7,0.8692138591329288,0.5,True
7zbg__A1_Q02880--7zbg__A2_Q02880,0.959154394614055,0.5,True
1rku__A1_Q9I2Y2--1rku__B1_Q9I2Y2,0.9576361031353621,0.5,True
2wvl__A1_Q72K30--2wvl__B1_Q72K30,0.8805867028104778,0.5,True
6kfs__A1_B7FR28--6kfs__A2_B7FR28,0.8710927635256906,0.5,True
3shg__A1_E6Z0R3--3shg__B1_E6Z0R4,0.9226852431424913,0.5,False
7zal__A1_E3T5W0--7zal__E2_E3T5W0,0.9731065956805969,0.5,True
4wjm__A1_Q2YNY7--4wjm__A2_Q2YNY7,0.9673637016557887,0.5,True
8hmo__A1_A0A0H4P0S7--8hmo__B1_A0A0H4P0S7,0.9756917332510253,0.5,True
7f9g__B1_C0HM62--7f9g__A1_C0HM62,0.9377303228529225,0.5,True
6n91__A1_Q9KNI7--6n91__B1_Q9KNI7,0.8694060173088178,0.5,True
4oyd__A1_P0C6Z1--4oyd__B1_UNDEFINED,0.9332414828786899,0.5126582278481012,False
1dev__A1_Q15796--1dev__B1_O95405,0.8434707386009394,0.5,False
8c9j__B1_P15559--8c9j__A1_P15559,0.9452854879055268,0.5,True
3rd7__B1_A0A0H2ZY91--3rd7__A1_A0A0H2ZY91,0.9404772283206824,0.5,True
5x1j__A1_G2IQS7--5x1j__A2_G2IQS7,0.9239097919248198,0.5,True
3r2p__A1_P02647--3r2p__A2_P02647,0.9367732949834162,0.5,True
1pdk__A1_P15319--1pdk__B1_P62532,0.9321134262885791,0.5,False
7bjg__A1_Q8IGY1--7bjg__A2_Q8IGY1,0.8103063261874739,0.5,True
3kcp__A1_Q06851--3kcp__B1_A3DF10,0.9178994187357427,0.5,False
7bbq__A1_Q6I6B7--7bbq__A2_Q6I6B7,0.9058429707901875,0.5,True
3dpj__E1_Q5LS67--3dpj__F1_Q5LS67,0.8079927765928032,0.5,True
6okh__A1_Q04QG8--6okh__B1_Q04QG8,0.9402135630122951,0.5,True
7tq1__A1_P0AC13--7tq1__A2_P0AC13,0.9707323144764801,0.5055555555555555,True
7t5y__A1_P0A7E1--7t5y__B1_P0A7E1,0.9290816096700609,0.5,True
5o47__A1_J7HDY4--5o47__A2_J7HDY4,0.9883241189472536,0.5,True
3edj__A1_Q8KKG0--3edj__B1_Q8KKG0,0.931840701415611,0.5,True
5yr0__A1_O88597--5yr0__B1_Q8K245,0.8948293915003478,0.5,False
5c21__A1_P09986--5c21__B1_P09986,0.8386697240076244,0.5,True
2gok__A1_Q8U8Z6--2gok__B1_Q8U8Z6,0.9880069129058621,0.5,True
1ww1__A1_Q9WZW8--1ww1__B1_Q9WZW8,0.9732227326437968,0.5,True
1fm0__B1_P30749--1fm0__A1_P30748,0.9415996151827882,0.5,False
4jgo__B1_O31671--4jgo__A1_O31671,0.9815131712988492,0.5,True
3l2k__A1_Q8GPH0--3l2k__B1_Q8GPH0,0.7727581899999192,0.5,True
1yov__A1_Q13564--1yov__B1_Q8TBC4,0.936796182652082,0.5,False
7zvd__A1_P11413--7zvd__A2_P11413,0.9586861456548942,0.5,True
2snw__A1_P03316--2snw__B1_P03316,0.9125553698031702,0.5,True
8grh__B1_P51553--8grh__A1_P50213,0.9450779154532069,0.5,False
1lxd__A1_Q03386--1lxd__B1_Q03386,0.912083720313122,0.515625,True
5m97__A1_Q10113--5m97__B1_Q10113,0.9268978123337389,0.5,True
7ax1__A1_Q9ULM6--7ax1__B1_Q9UIV1,0.9686913786962609,0.5,False
8d4w__A1_A0A8B4R830--8d4w__A2_A0A8B4R830,0.871079925608202,0.5,True
7ynw__B2_Q57834--7ynw__A1_Q57834,0.9930461873539034,0.5,True
4rgp__A1_Q8DTU7--4rgp__B1_Q8DTU7,0.914897492197901,0.5,True
8twd__C1_P0AEV1--8twd__A1_W8SRD3,0.9371864082854481,0.5,False
3fb9__A1_A0A0H2US72--3fb9__B1_A0A0H2US72,0.897529374972077,0.5,True
8a39__A1_A0A024L404--8a39__C2_A0A024L404,0.9790506448180922,0.5,True
3ps8__A1_P01034--3ps8__A2_P01034,0.8469003957415974,0.5,True
7vwp__A2_A0A136PK59--7vwp__B1_A0A136PK59,0.9946631704943726,0.5,True
3a7p__A1_Q03818--3a7p__B1_Q03818,0.908117635150021,0.5,True
4ql6__A1_A0A0H3MDM0--4ql6__C1_A0A0H3MDM0,0.8903807969817016,0.5,True
5nck__A1_Q8RDN7--5nck__B1_Q8RDN7,0.9709619969644787,0.5,True
3qt7__A1_Q9FD73--3qt7__B1_Q9FD73,0.9538465868879881,0.5,True
4aye__D1_Q9JXV4--4aye__A1_P08603,0.9436823328359675,0.5,False
7r3n__A1_P43432--7r3n__B1_P43432,0.9884616217152258,0.5,True
7a0x__B1_Q8ZRZ3--7a0x__A1_Q8ZRZ3,0.9704293058984002,0.5,True
7wjk__A1_P93836--7wjk__A2_P93836,0.8756214712738606,0.5,True
7g99__B1_Q92974--7g99__A1_P61586,0.929440270646666,0.5,False
2if9__A1_Q98ZP7--2if9__B1_Q98ZP7,0.7074175824175823,0.5,True
7u0r__B1_M9SC49--7u0r__A1_M9SC49,0.9733303509919019,0.5,True
7wbt__A1_Q288C4--7wbt__B1_Q288C4,0.9321172403429798,0.5,True
7txe__A1_Q8I6T6--7txe__B1_Q8I6T6,0.8278723650424538,0.5,True
6pyp__A1_P21695--6pyp__B1_P21695,0.961494319452066,0.5039597179033799,True
8b2d__A1_F5SYD3--8b2d__B1_F5SYD3,0.8914068697669952,0.5,True
1vmg__A1_Q97U11--1vmg__A2_Q97U11,0.8830557039483269,0.5042372881355932,True
6b8l__B1_P0DP23--6b8l__A1_P56696,0.9025820222942526,0.5,False
8sj5__A1_A0A2I4FN75--8sj5__C1_A0A2I4FN75,0.8714670533382847,0.5,True
3nr1__A1_Q8N4P3--3nr1__B1_Q8N4P3,0.9846244316316752,0.5,True
3h3l__A1_A6LFX0--3h3l__A2_A6LFX0,0.9062347875752385,0.5,True
7uav__A1_P0DW58--7uav__B1_P0DW58,0.8071500241539997,0.5,True
6jdh__A1_A0A2K0XYW4--6jdh__B1_A0A2K0XYW4,0.9469995232707098,0.5,True
3vjz__A1_Q9K0P4--3vjz__B1_Q9K0P4,0.97734999352475,0.5037037037037037,True
3et4__A1_Q4QMM5--3et4__A2_Q4QMM5,0.9471112483829526,0.5,True
5or3__A1_Q2UNF9--5or3__D1_Q2UNF9,0.9617154694578434,0.5,True
3fh3__B1_A0A6L8PES2--3fh3__A1_A0A6L8PES2,0.9608934793996402,0.5,True
1go3__A1_Q57840--1go3__B1_Q60351,0.924374583362302,0.5,False
3zxq__B1_P9WGK1--3zxq__A1_P9WGK1,0.7809479792548373,0.5,True
1zlh__A1_P00730--1zlh__B1_Q5EPH2,0.9326467739028566,0.5,False
4h1h__A1_Q8Y6P6--4h1h__B1_Q8Y6P6,0.9119110991453782,0.5,True
2gh1__A1_Q81E32--2gh1__B1_Q81E32,0.7989390323194124,0.5,True
7dl7__F1_B0VJ11--7dl7__A1_B0VJ11,0.9775668736551208,0.5,True
7yu0__B1_Q79F77--7yu0__A1_Q79F77,0.965870155966237,0.5,True
3cbu__B1_Q473P3--3cbu__A1_Q473P3,0.8395927519180651,0.5,True
8b1s__A1_B0LPL6--8b1s__A2_B0LPL6,0.9768898909597464,0.5,True
3ihk__A1_Q8DVV9--3ihk__A2_Q8DVV9,0.9567206072797524,0.5,True
4y67__A1_Q8IKG4--4y67__B1_Q8IKG4,0.9585387220841298,0.5,True
6ejp__B1_P69986--6ejp__A1_P69986,0.8573480662983426,0.5,True
1poy__A1_P0AFK9--1poy__B1_P0AFK9,0.9500847033749936,0.5,True
3a7o__A1_Q03818--3a7o__B1_Q03818,0.8665848339865999,0.5,True
4a2l__A1_Q89YR8--4a2l__B1_Q89YR8,0.9714077235631842,0.5,True
5n47__B1_P02751--5n47__A1_P80188,0.8992465645678561,0.5,False
8ejm__A1_O43143--8ejm__B1_Q8IWZ8,0.8287580817261259,0.5,False
1npd__B1_P0A6D5--1npd__A1_P0A6D5,0.9546458576098389,0.5,True
8h0h__A1_P9WLU7--8h0h__C1_P9WLU7,0.944251781324352,0.5,True
3t8l__A1_Q7CUX4--3t8l__B1_Q7CUX4,0.8982055475399275,0.5,True
7ol3__B1_Q8WXF7--7ol3__A1_Q8WXF7,0.8686240676290427,0.5,True
8ewa__B1_Q9HW02--8ewa__A1_Q9HW02,0.9397953381967745,0.5,True
2ft0__A1_Q8FBQ3--2ft0__B1_Q8FBQ3,0.928755665189822,0.5,True
2r01__A1_Q8KFI1--2r01__A2_Q8KFI1,0.9227468324238962,0.5,True
8hno__A1_B6YTS4--8hno__B1_B6YTS4,0.9625589235461453,0.5,True
6x88__A1_P52731--6x88__B1_P52731,0.9706944067055205,0.5,True
2x76__A1_Q939Q9--2x76__A2_Q939Q9,0.9928372320771647,0.5,True
7x2p__A1_Q5ZWH7--7x2p__B1_Q5ZWH7,0.8674497534900131,0.5,True
2aeu__A1_Q57622--2aeu__A2_Q57622,0.9758178557327286,0.5,True
5kbg__A1_Q43965--5kbg__B1_Q43965,0.9537025439354552,0.5028571428571429,True
4p9g__A1_Q9REI7--4p9g__A2_Q9REI7,0.9443705686945312,0.5055109326193664,True
7tcv__A1_Q60932--7tcv__A2_Q60932,0.8532026413686433,0.5,True
7vkb__A1_Q5ZSZ6--7vkb__B1_Q5ZSZ7,0.8464822149813827,0.5,False
7r2p__A1_Q46877--7r2p__A2_Q46877,0.9018947386812517,0.5,True
6ggl__B1_C9K1X5--6ggl__A1_C9K1X5,0.8995672069219715,0.5,True
7yi7__A1_Q9Y251--7yi7__B1_Q9Y251,0.8689677394963603,0.5,True
7yka__B1_Q9Y3D6--7yka__A1_Q9Y3D6,0.9534200824383354,0.49996510329424904,True
8jea__A1_K1QRB6--8jea__D1_K1QRB6,0.8692281800127908,0.5,True
8huc__C1_A0A0H2Z790--8huc__A1_A0A0H2Z790,0.9263907815412792,0.5,True
7unh__A1_UNDEFINED--7unh__B1_UNDEFINED,0.9800842645080463,0.5,True
5mpr__A1_O15382--5mpr__A2_O15382,0.9709355524904675,0.5,True
4ooj__B1_Q5ZSK6--4ooj__A1_Q5ZSK6,0.9339108547257313,0.5,True
8a5v__A1_Q9Y617--8a5v__C1_Q9Y617,0.9473249242086476,0.5,True
3lm2__A1_A9CH74--3lm2__B1_A9CH74,0.9571816230354936,0.5,True
7zwt__A1_P41182--7zwt__A2_P41182,0.9045994271447334,0.5,True
6ket__A1_A0A0A0WDC6--6ket__B1_A0A0A0WDC6,0.9542054963074836,0.5,True
5zwl__B1_Q8DLU1--5zwl__A1_Q8DLG7,0.916326264411344,0.5,False
6wmz__A1_P23246--6wmz__B1_Q15233,0.8569453654563793,0.5,False
1i4m__A1_P04156--1i4m__A2_P04156,0.7956340758158305,0.5,True
2gjg__A1_Q88EQ6--2gjg__A2_Q88EQ6,0.9121274475827413,0.5,True
6k62__B2_A0A0H2X6K9--6k62__A1_A0A0H2X6K9,0.8277358124285498,0.5,True
4ghm__A1_Q9KTK0--4ghm__B1_Q9KTK0,0.8778685436820317,0.5,True
1tve__A1_P31116--1tve__B1_P31116,0.9645605928404583,0.5,True
3onx__A1_P41697--3onx__B1_P41697,0.8722650949796472,0.5,True
8cp4__A1_Q6LXV7--8cp4__A2_Q6LXV7,0.968220004564329,0.5,True
1ob9__A1_Q97YX6--1ob9__A2_Q97YX6,0.9713146907778331,0.5,True
7zcc__B1_P46327--7zcc__A1_P46327,0.9685698496847905,0.5,True
4kwd__A1_Q9UR08--4kwd__B1_Q9UR08,0.9721137612185268,0.5,True
7wuy__A1_A0A1R3S1W7--7wuy__B1_A0A1R3S1W7,0.9588510746286082,0.5,True
5gtw__A1_I3NX86--5gtw__D1_I3NX86,0.9637714925155251,0.5,True
7ekn__B1_Q5JT35--7ekn__A1_UNDEFINED,0.8751208966262729,0.5,False
6loh__A1_O15033--6loh__A2_O15033,0.9458059189321315,0.5,True
3a9y__A1_Q68FT9--3a9y__B1_Q68FT9,0.9684637808028653,0.5,True
8ay6__B1_Q9CAJ0--8ay6__A1_A0A067E666,0.9587770355776697,0.5,False
8u5m__A1_Q8TF42--8u5m__F1_Q8TF42,0.9913059287260054,0.5,True
7twa__D1_F8JJ25--7twa__A1_F8JJ25,0.9918005825336013,0.5,True
8fju__B1_P34897--8fju__A1_P34897,0.9242001141405431,0.5,True
1fjj__A1_P12994--1fjj__A2_P12994,0.953328977479586,0.5,True
7qlr__A1_A0A1J1J928--7qlr__D2_A0A1J1J928,0.918357108139583,0.5,True
3vf0__B1_Q8IY67--3vf0__A2_P18206,0.9233530730665598,0.5,False
8ehe__A1_A0A0A7KVG3--8ehe__B1_A0A1D3UUC0,0.9723780863488857,0.5,False
6hpc__A1_P67697--6hpc__B1_P67697,0.9254129154843757,0.5,True
2x3o__A1_Q9I585--2x3o__B1_Q9I585,0.8741433642180184,0.5,True
5y40__A1_P55892--5y40__B1_P55892,0.8137914207430754,0.5,True
1y42__A1_P12063--1y42__A2_P12063,0.9874748892609299,0.5,True
2e91__A1_Q12051--2e91__B1_Q12051,0.9389309653103282,0.5,True
8ja2__A1_A0A0A1E3Q0--8ja2__A2_A0A0A1E3Q0,0.8878584904914091,0.5,True
3iuw__B1_Q8KUB7--3iuw__A1_Q8KUB7,0.9428582195116295,0.5,True
8e7y__A1_Q9RFC8--8e7y__B1_Q9RFC8,0.8795141487549154,0.5,True
4kzn__A1_P15692--4kzn__A2_P15692,0.7470018270760889,0.5,True
7z7o__A1_A0A1S4NYF2--7z7o__C1_A0A1S4NYF2,0.9035779375767328,0.5,True
8brp__A1_D8G6F7--8brp__B1_D8G6F7,0.9589919069349735,0.5,True
3qir__A1_Q8TC59--3qir__A2_Q8TC59,0.9453105403676869,0.5,True
8bay__A1_O75874--8bay__B1_O75874,0.928696112779508,0.5,True
6mhm__B1_Q13510--6mhm__A1_Q13510,0.8983469279467038,0.5,True
8bj7__A1_P07598--8bj7__B1_P07603,0.8967250251881714,0.5,False
5wxx__A1_Q9RNB4--5wxx__A2_Q9RNB4,0.9677256541492198,0.5,True
8f7l__A1_P43490--8f7l__B1_P43490,0.9293929240940524,0.5,True
3cz1__A1_Q9U9J6--3cz1__B1_Q9U9J6,0.9654136866246087,0.5,True
8a0c__A1_Q2ERG0--8a0c__B1_Q2ERG0,0.936581095450247,0.5,True
5mpy__A1_Q9LPZ1--5mpy__B1_Q9LPZ1,0.8968303231243597,0.5,True
1anu__A1_Q06851--1anu__A2_Q06851,0.9825023923444977,0.5,True
3vs8__A1_C1DM33--3vs8__C1_C1DM33,0.9300151348885382,0.5,True
7zi8__A1_P27707--7zi8__A2_P27707,0.9659723614372719,0.5,True
1peu__A1_Q08698--1peu__A2_Q08698,0.9750327688823723,0.5,True
5uk5__B1_Q63722--5uk5__A1_Q07008,0.7751804789606094,0.5,False
7vg5__A1_Q49135--7vg5__B1_Q49135,0.9639511825664437,0.5031055900621118,True
4jkz__A1_A0R6I8--4jkz__A2_A0R6I8,0.9554841406360723,0.5,True
4aa8__A1_P00794--4aa8__A2_P00794,0.9135248612429184,0.5,True
5yew__A1_Q8IWA4--5yew__B1_Q8IWA4,0.9146477373613857,0.5,True
1hf2__B1_Q9X0D7--1hf2__A1_Q9X0D7,0.9894331951530613,0.5,True
3au0__A1_Q7A382--3au0__A2_Q7A382,0.932403929069084,0.5,True
3gif__A1_O34757--3gif__B1_O34757,0.9226537087070416,0.5,True
8c66__A1_UNDEFINED--8c66__D1_UNDEFINED,0.8944844388605107,0.5,True
7zcl__B1_UNDEFINED--7zcl__A1_UNDEFINED,0.9887367022405611,0.5,True
5c6u__A1_O69689--5c6u__A2_O69689,0.9255797925324444,0.5,True
4nv4__A1_A0A6L7HM74--4nv4__A2_A0A6L7HM74,0.9462875254880584,0.5025932206811621,True
6axf__A1_Q7LDG7--6axf__B1_P61224,0.9280612244897959,0.5,False
5yf1__B1_Q8N4J0--5yf1__A1_Q8N4J0,0.9056743037097842,0.5,True
8j83__A1_C5ATT7--8j83__B1_C5ATT6,0.9335100303722459,0.5,False
3fjy__B1_A0ZZM4--3fjy__A1_A0ZZM4,0.9323922683306585,0.5,True
4rg1__A1_Q5T280--4rg1__B1_Q5T280,0.9431738366731451,0.5,True
1ux4__A1_P41832--1ux4__A2_P41832,0.9563926284966155,0.5,True
6rbm__A1_P0ACT4--6rbm__A2_P0ACT4,0.941488795088182,0.5,True
2cme__B1_P59636--2cme__A1_P59636,0.8848964717574955,0.49991717740599634,True
7wis__A1_P46881--7wis__B1_P46881,0.9234250577099787,0.5,True
5a3l__A1_A0A1A9TAD0--5a3l__C1_A0A1A9TAD0,0.9138917235805244,0.5,True
3gzi__A1_A3QIY5--3gzi__A2_A3QIY5,0.9581236764593605,0.5,True
8pr6__B1_A0A1Q6BKH4--8pr6__A1_A0A1Q6BKH4,0.945067210945099,0.5,True
8j64__A1_Q967S9--8j64__B1_O00816,0.8994507982991895,0.5,False
8ohw__A1_Q63T97--8ohw__B1_Q63T97,0.8348033084672244,0.5,True
5y4r__A1_O87131--5y4r__B1_Q9HVI1,0.9415766865574274,0.5,False
8d3t__B1_A0A2K2AMS7--8d3t__A1_A0A2K2AMS7,0.9738403802511645,0.5,True
1zk8__A1_Q815X4--1zk8__B1_Q815X4,0.9801325485817417,0.5,True
2w82__A1_Q47730--2w82__B1_Q47730,0.9762498848843698,0.5,True
6l08__A1_O65896--6l08__B1_O65896,0.915066616117851,0.5,True
4p94__B1_Q4J9K8--4p94__A1_Q4J9K8,0.9857945478723404,0.5,True
4yii__A1_O00762--4yii__B1_Q9UJX6,0.9664682348735857,0.5,False
4rus__A1_P68512--4rus__B1_P68512,0.8655996486836736,0.5,True
2o48__A1_Q9TQS6--2o48__A2_Q9TQS6,0.952903600742724,0.5,True
7pvw__B1_P00523--7pvw__A1_P00523,0.6992760284351741,0.49984957882069797,True
2wcu__A1_Q8R2K1--2wcu__B1_Q8R2K1,0.9826788264958535,0.5,True
2p35__A1_Q8UH15--2p35__B1_Q8UH15,0.8656098886529768,0.5,True
6rfg__A1_Q49PR7--6rfg__D1_Q49PR7,0.91829438437391,0.5,True
5jj8__A1_Q9HVB9--5jj8__A2_Q9HVB9,0.7827872707604476,0.5,True
6ije__A1_A0A083ZID3--6ije__B1_A0A083ZID3,0.9523774623038959,0.5,True
8avu__A1_Q8GPI4--8avu__A2_Q8GPI4,0.9690494690494691,0.5,True
7xdu__B1_A0A1I1Z0X1--7xdu__A1_A0A1I1Z0X1,0.9796334640385274,0.5,True
1xr4__A1_Q8ZRY1--1xr4__B1_Q8ZRY1,0.9149004102473652,0.5,True
2fuq__A1_C6XZB6--2fuq__B1_C6XZB6,0.9487625953493388,0.5,True
5xrw__A1_O25306--5xrw__C1_O25674,0.8148157006352218,0.5,False
5l0o__A1_P46940--5l0o__B1_P46940,0.993682822147883,0.5,True
8vsy__B1_UNDEFINED--8vsy__A1_UNDEFINED,0.8910943826071059,0.5,True
2zcx__A1_Q9FBX0--2zcx__A2_Q9FBX0,0.9639995885877172,0.5,True
5way__A1_Q97P44--5way__B1_Q97P44,0.9392972804265771,0.5,True
7xey__A1_Q9SU72--7xey__B1_Q9S745,0.9249652291406243,0.5,False
4xlo__C1_Q9KHK2--4xlo__A1_Q9KHK2,0.9541436456845862,0.5,True
6kd6__B1_Q9VAA9--6kd6__A1_Q9VAA9,0.8723075901191508,0.5,True
8k72__A1_Q9NWT6--8k72__A2_Q9NWT6,0.9529312644964769,0.5,True
8b5v__A1_Q4E4A3--8b5v__B1_Q4E4A3,0.9724223354077541,0.5,True
4yo3__A1_D3GUX1--4yo3__A2_D3GUX1,0.9242572608909242,0.5,True
6hrx__A1_O53623--6hrx__B1_O53623,0.979598314890182,0.5,True
3mdo__A1_A6LDR8--3mdo__B1_A6LDR8,0.9779109109859043,0.5,True
8iw0__A1_Q14678--8iw0__B1_Q14678,0.915837625931005,0.5,True
2rb7__A1_Q313A9--2rb7__B1_Q313A9,0.9171424110590558,0.5,True
8h6s__A1_Q76KY5--8h6s__C1_Q76KY0,0.966321225684283,0.5,False
3lsj__A1_Q9HUS3--3lsj__B1_Q9HUS3,0.8963407585389579,0.5,True
7pxq__A1_UNDEFINED--7pxq__A2_UNDEFINED,0.8813808001591755,0.5,True
8g0q__A1_P40460--8g0q__B1_P33895,0.897373993119433,0.5,False
6ms4__A1_Q9ULC4--6ms4__B1_O43583,0.9127944813224,0.5,False
7y6b__A1_A0A411GZY8--7y6b__B1_A0A411H025,0.8809584178498986,0.5,False
7zyt__A1_P09622--7zyt__B1_P09622,0.9469973787622161,0.5,True
7lle__A1_Q6QVT7--7lle__B1_Q6QVT7,0.923705696469489,0.5,True
4csw__A1_D0MK34--4csw__B1_D0MK34,0.9702913207011568,0.5,True
7tev__A1_P04181--7tev__A2_P04181,0.9281706655010196,0.5,True
3zta__A1_Q2RIF4--3zta__A2_Q2RIF4,0.9846291900419764,0.5,True
3abi__A1_O59312--3abi__B1_O59312,0.9958376258681998,0.5,True
5ab8__A1_P9WN25--5ab8__A2_P9WN25,0.954303491575952,0.5,True
1guq__A1_P09148--1guq__B1_P09148,0.9493234286272993,0.5,True
6zdw__B1_A0A162MUP0--6zdw__A1_A0A162MUP0,0.8895197285658989,0.5,True
8csd__A1_Q6U8B0--8csd__A2_Q6U8B0,0.9385559292850654,0.5,True
3na2__A1_UNDEFINED--3na2__B2_UNDEFINED,0.9626570846500585,0.5,True
8bfr__A1_P30177--8bfr__A2_P30177,0.9952103832948896,0.5,True
7yk3__A1_O53604--7yk3__B1_O53605,0.9508001225763895,0.5,False
6xiv__A1_P16114--6xiv__B2_P16114,0.9255954319459823,0.5,True
8ajx__A1_P17117--8ajx__A2_P17117,0.908005475066406,0.5,True
8ayj__A1_D5EHC5--8ayj__B1_D5EHC5,0.9636029411764705,0.5,True
4tt0__B1_P10220--4tt0__A1_P10220,0.9068820995692678,0.5,True
8a6e__B2_P02699--8a6e__A1_P02699,0.9325195128661831,0.5,True
4jb7__A1_Q9KTQ6--4jb7__A2_Q9KTQ6,0.926528032849628,0.5,True
6h3f__A1_A0A0H3JT80--6h3f__A2_A0A0H3JT80,0.9813657120026015,0.5,True
6wxw__A1_F2NWD3--6wxw__B1_F2NWD3,0.9809623661467479,0.5,True
2zw2__A1_F9VNF4--2zw2__B1_F9VNF4,0.8862263804806456,0.49992967651195497,True
2wo2__A1_P54764--2wo2__B1_P52799,0.9178513092516605,0.5,False
4u66__A1_A8MI53--4u66__A2_A8MI53,0.9657735276583915,0.5,True
1ord__A1_P43099--1ord__B1_P43099,0.9413101059402976,0.5,True
8aa9__A1_Q9V1Y9--8aa9__B1_Q9V1Y9,0.665935620832341,0.5,True
4i6y__B1_P13702--4i6y__A1_P13702,0.9416052985176151,0.5,True
1vh4__B1_P77689--1vh4__A1_P77689,0.916907577456666,0.5,True
3ocd__A1_D7A6E5--3ocd__B1_Q7BQR5,0.9390862704440123,0.5,False
8pq7__A1_M1C5B8--8pq7__B1_D0N0Z8,0.8585695935406918,0.5,False
8gic__A1_Q70AZ9--8gic__D1_Q70AZ5,0.7546767338371768,0.5,False
5abr__A1_P82802--5abr__B1_P82802,0.9910231428279122,0.5,True
2zmf__A1_Q9Y233--2zmf__B1_Q9Y233,0.9712683397908013,0.5,True
2vzk__B1_P0DJQ5--2vzk__A1_P0DJQ5,0.9441688897739828,0.5,True
7wm5__A1_A0A0C2W699--7wm5__A2_A0A0C2W699,0.977552297046155,0.5,True
1zee__A1_Q8E972--1zee__B1_Q8E972,0.8947719657656884,0.5,True
1f3u__B1_P35269--1f3u__A1_P13984,0.9226602806558268,0.5,False
7tvh__B1_Q9I2Q1--7tvh__A1_Q9I2Q1,0.9756790006624396,0.5,True
5vgm__B1_Q9KL24--5vgm__A1_Q9KL24,0.986448846250765,0.5,True
2b5l__A1_Q16531--2b5l__C1_P11207,0.9540649361808512,0.5,False
4zzh__A1_Q96EB6--4zzh__A2_Q96EB6,0.8501120001878029,0.5,True
8in9__A1_E0D202--8in9__B1_E0D202,0.9767405905897308,0.5,True
6m4v__A1_P0AEX9--6m4v__B1_P62942,0.9305291694162551,0.5,False
7y28__A1_P07814--7y28__B1_P07814,0.9655180876411099,0.5,True
7y7u__A1_A0A222F232--7y7u__B1_A0A222F232,0.9499810686693084,0.5,True
3fgc__A1_P07740--3fgc__B1_P07739,0.9629851796008753,0.5,False
1rve__A1_P04390--1rve__B1_P04390,0.9742178417246137,0.5,True
7zy1__A1_Q9F8A8--7zy1__A2_Q9F8A8,0.9579537165257053,0.5,True
3jxo__B1_A0A0F6AN26--3jxo__A1_A0A0F6AN26,0.9536720963172804,0.5121458923512747,True
8dqb__A1_A0A0H3FX83--8dqb__A2_A0A0H3FX83,0.9443961789161409,0.5,True
5l16__A1_Q4Q0M0--5l16__A2_Q4Q0M0,0.970591876779271,0.5,True
2gz4__A1_Q7D028--2gz4__C1_Q7D028,0.8652183808740809,0.5,True
2f9w__A1_Q9HWC1--2f9w__B1_Q9HWC1,0.9471957931199508,0.5,True
2ox1__A1_O30011--2ox1__B1_O30011,0.9819265178509767,0.5087719298245614,True
2guh__A1_Q0S8Y3--2guh__B1_Q0S8Y3,0.931343268333549,0.5,True
7br1__A1_A0A7I6N400--7br1__B1_A0A7I6N400,0.953341479761038,0.5,True
2p04__A1_D0VWX5--2p04__B1_D0VWX5,0.9616137405882264,0.5,True
4h5b__A1_Q9RUY5--4h5b__B1_Q9RUY5,0.8453864473851848,0.5,True
4e1o__A1_P19113--4e1o__B1_P19113,0.9399045388332421,0.5,True
7pu4__B1_Q9X053--7pu4__A1_Q9X053,0.9583349407816055,0.5,True
3m1u__A1_Q72DN3--3m1u__B1_Q72DN3,0.9288257997732944,0.5,True
4pww__A1_UNDEFINED--4pww__A2_UNDEFINED,0.8345748673369642,0.4995112414467253,True
6ird__A1_Q91UZ1--6ird__B1_Q8NI35,0.6567047524916274,0.5,False
6gg2__A1_Q4WD43--6gg2__A2_Q4WD43,0.9615754068933422,0.5,True
6oei__A1_Q8KG60--6oei__A2_Q8KG60,0.961170566942803,0.5,True
8hyi__A1_P22223--8hyi__B1_P22223,0.930814558649001,0.5,True
4b8v__A1_B3VBK9--4b8v__A2_B3VBK9,0.9754517543859649,0.5,True
4lqb__A1_D2Q399--4lqb__B1_D2Q399,0.9077616017608643,0.49996927425797333,True
2vxb__A1_P87074--2vxb__B1_P87074,0.9606594020816737,0.5,True
5z1o__A1_D0VWU8--5z1o__B1_D0VWU8,0.8401670260074325,0.5,True
6h40__A1_K5B7F3--6h40__A2_K5B7F3,0.9725499041026691,0.5,True
2etk__A1_Q13464--2etk__B1_Q13464,0.9393571383664744,0.5,True
2p69__A1_Q96GD0--2p69__A2_Q96GD0,0.9862666139607985,0.5,True
4doy__A1_Q6WNP1--4doy__C1_Q6WNP1,0.9725348170220405,0.5,True
6zxw__A1_O29011--6zxw__B1_A0A117KMN5,0.9227615948576791,0.5,False
3lhk__A1_Q60329--3lhk__B1_Q60329,0.9712525982381471,0.5,True
6e52__A1_P03069--6e52__B1_P03069,0.9311275701795337,0.5,True
2ijd__A1_Q1PHW8--2ijd__A2_Q1PHW8,0.9217402777976992,0.5,True
1fwl__A1_Q58504--1fwl__B1_Q58504,0.9851402056304633,0.5,True
5nkk__A1_O62301--5nkk__B1_Q9XWJ1,0.9070403564586708,0.5,False
1ygt__A1_Q94524--1ygt__A2_Q94524,0.8839118587583231,0.49990644587894095,True
7zq1__B1_Q32ZE1--7zq1__A1_Q32ZE1,0.7663556723808829,0.4999168606584636,True
6p40__A1_M1GSK9--6p40__B1_M1GSK9,0.9459273349065334,0.5,True
2wyn__B1_P13482--2wyn__D1_P13482,0.9445248171487701,0.5,True
7yui__A1_P0CG48--7yui__B1_Q9BYM8,0.8377744126427504,0.5,False
2oi2__A1_A0A0H2UNK6--2oi2__A2_A0A0H2UNK6,0.9457308878249695,0.5,True
4wud__A1_P0AES6--4wud__A2_P0AES6,0.9504389887427547,0.5,True
5yzj__A1_A8K0B5--5yzj__B1_A8K0B5,0.8100921160879712,0.5,True
8f61__A1_Q28943--8f61__B1_Q28943,0.8917571723763577,0.5,True
7udi__B1_Q9RYE6--7udi__A1_Q9RYE6,0.9397018247089602,0.5,True
5ho3__A1_W6KHH6--5ho3__B1_W6KHH6,0.8851246485229848,0.5,True
1cmc__A1_P0A8U6--1cmc__B1_P0A8U6,0.936278527625581,0.5079365079365079,True
6oe2__A1_Q8A9F0--6oe2__A2_Q8A9F0,0.9876740770315181,0.5,True
3ent__A1_Q2YAE2--3ent__B1_Q2YAE2,0.973968487680376,0.515748031496063,True
2y4g__A1_D3Y1I2--2y4g__B1_D3Y1I2,0.9453211218229095,0.5,True
7ec7__A1_A0A0H2XGN0--7ec7__A2_A0A0H2XGN0,0.9723879364920002,0.5,True
2o11__A1_P9WPY1--2o11__A2_P9WPY1,0.8591285348748906,0.5,True
8abq__A1_Q13596--8abq__B1_Q9Y5X3,0.9483674071584346,0.5,False
6shw__A1_Q96724--6shw__A2_Q96724,0.7824823596065034,0.4997725204731574,True
7wn7__B1_Q99H25--7wn7__A1_Q99H25,0.904193244291568,0.5,True
2sak__A1_P68802--2sak__A2_P68802,0.6820356825483629,0.5,True
8h5e__A1_Q5SMG8--8h5e__B1_Q5SMG8,0.8533370209776366,0.5,True
8bgm__B1_A0A5P3XKL3--8bgm__A1_A0A5P3XKM0,0.908331419742284,0.5,False
8sua__A1_UNDEFINED--8sua__A2_UNDEFINED,0.9882149033884141,0.5,True
2ps8__A1_P13513--2ps8__B1_P13513,0.9606622934577647,0.5,True
6awl__A1_O75208--6awl__B1_O75208,0.9540420874201035,0.5,True
4qds__A1_O60462--4qds__B1_O60462,0.9545641388359267,0.5,True
6qky__B1_Q97P33--6qky__A1_Q97P33,0.8775125142400169,0.5,True
8p3m__A1_W0DP94--8p3m__B1_W0DP94,0.9786794323546697,0.5,True
5v7y__A1_A0A4Y1WAP5--5v7y__B1_A0A4Y1WAP5,0.9049259008802494,0.5,True
4aps__A1_Q5M4H8--4aps__B1_Q5M4H8,0.8778977468117817,0.5,True
7ucn__A1_P50120--7ucn__B1_P50120,0.7422893604901972,0.5,True
1ni5__A1_P52097--1ni5__A2_P52097,0.9678602968594738,0.5,True
8d04__B1_UNDEFINED--8d04__A1_UNDEFINED,0.8570128149122529,0.5,True
4a5o__B1_Q9I2U6--4a5o__A1_Q9I2U6,0.975694290099478,0.5,True
8q5k__A1_A0A0H2Z7A6--8q5k__A2_A0A0H2Z7A6,0.8951739855904444,0.5,True
1ww5__A1_Q6WY08--1ww5__D1_Q6WY08,0.9885942160890998,0.5,True
7ww2__A1_A0A4Q9D6T1--7ww2__B1_A0A4Q9D6T1,0.9331683112240403,0.5,True
2pfk__A1_P0A796--2pfk__B1_P0A796,0.930231521111288,0.5,True
1i2m__B1_P18754--1i2m__A1_P62826,0.9213469819454583,0.5,False
8i2e__A1_O34841--8i2e__B1_P54421,0.9517441860465117,0.5,False
3pfl__A1_P09373--3pfl__B1_P09373,0.9861062306566681,0.5,True
6gho__B1_Q5L1S1--6gho__A1_O31602,0.816208168719498,0.5,False
1glj__A1_P0A6F3--1glj__B1_P0A6F3,0.9880682144286681,0.5,True
4zq8__B1_A0A0M3KL36--4zq8__A1_A0A0M3KL36,0.9249014121935111,0.5,True
5h4h__B1_O58236--5h4h__A1_O58236,0.9676264179965393,0.5262436879547455,True
4iv9__A1_P06617--4iv9__B1_P06617,0.9384955822378694,0.5,True
6sdk__A1_P26497--6sdk__B1_P26497,0.921995918492489,0.5,True
2fq4__A1_Q81BJ4--2fq4__A2_Q81BJ4,0.9829037768890775,0.5,True
7zeq__B1_Q9WXT1--7zeq__A1_Q9WXT1,0.937418774999323,0.5,True
5z5h__A1_Q2I2N4--5z5h__A2_Q2I2N4,0.9763108696188867,0.5,True
2fe1__A1_Q8ZZP3--2fe1__A2_Q8ZZP3,0.9759527372442971,0.5,True
7wik__B1_A0R1E6--7wik__A1_A0R1E6,0.8997677073377934,0.5,True
7t8o__B1_Q8Y8Y9--7t8o__A1_Q8Y8Y9,0.9425634386328328,0.5,True
7t91__A1_P08151--7t91__B1_P08151,0.8586627320027956,0.5,True
3lg6__A1_D2YW48--3lg6__B1_D2YW48,0.9757947059711365,0.5,True
2o9a__A1_P16528--2o9a__D1_P16528,0.9715189029541902,0.5,True
1zhq__A1_Q9RHG4--1zhq__B1_Q9RHG4,0.8351333409714312,0.5,True
2e0k__B1_Q8KFD9--2e0k__A1_Q8KFD9,0.9440561725933776,0.5,True
3a2f__A1_P61875--3a2f__B1_O73947,0.9885088005943075,0.5,False
3isx__A1_Q9X0E0--3isx__A2_Q9X0E0,0.9357523295422434,0.5,True
2vkj__A1_Q9X1W9--2vkj__B1_Q9X1W9,0.9173658386082248,0.5,True
5csr__D1_Q9HLB6--5csr__A1_Q9HLB6,0.9846220594393069,0.5,True
7tur__B1_P00503--7tur__A1_P00503,0.9379372495883485,0.5,True
3vol__A1_Q9I6V6--3vol__A2_Q9I6V6,0.8801977320478563,0.5,True
3jqz__A1_P02768--3jqz__B1_P02768,0.9231111593466739,0.5,True
1vkd__A1_Q9X0V2--1vkd__B1_Q9X0V2,0.8807732643638464,0.5,True
8b31__B1_A0A2W4LV58--8b31__A1_A0A2W4LV58,0.9579449761495049,0.5,True
5vlb__A1_G7IKX3--5vlb__B1_G7IKX3,0.819135028334371,0.5,True
2oer__B1_Q9I3U1--2oer__A1_Q9I3U1,0.993797270977506,0.5,True
2ylz__A1_Q47PU3--2ylz__A2_Q47PU3,0.8923132789172166,0.5,True
8bjp__B1_A0A1W6VSR4--8bjp__A1_A0A1W6VSR4,0.8941995508796421,0.5,True
6kcx__A1_Q9WZL1--6kcx__A2_Q9WZL1,0.9693150064536583,0.5,True
7xmj__C1_A9QSE8--7xmj__A1_A9QSE8,0.9184918971146669,0.5,True
1pix__A1_Q06700--1pix__B1_Q06700,0.9438609858208591,0.5,True
3l8i__B1_Q9BUL8--3l8i__A1_Q9BUL8,0.9311531654112347,0.5,True
6l2u__A1_Q27RN2--6l2u__B1_Q27RN2,0.8859493636682969,0.5,True
6sl2__A1_C4LWU6--6sl2__A2_C4LWU6,0.9101715933750195,0.5,True
1u6z__B1_P0AFL6--1u6z__A1_P0AFL6,0.9598681144699418,0.5,True
3pm9__A1_Q6NAV4--3pm9__B1_Q6NAV4,0.9065180506343001,0.5,True
3a5y__B1_P0A8N7--3a5y__A1_P0A8N7,0.925741993835744,0.5,True
7xgn__A1_UNDEFINED--7xgn__B1_UNDEFINED,0.9357931286062575,0.5,True
6bn1__B1_Q9VCR6--6bn1__A1_Q8T0S6,0.6741835396475065,0.5,False
8ji6__A1_A0A861B387--8ji6__B1_A0A861B387,0.9601343722900265,0.5,True
2pjs__A1_A9CIG0--2pjs__B1_A9CIG0,0.9383897415310503,0.5,True
8ke8__A1_Q9HXS0--8ke8__B1_Q9HXS0,0.9458875848335946,0.5,True
3h7l__A1_Q87LX4--3h7l__A2_Q87LX4,0.956989624881304,0.5,True
7zs8__A1_A0A1D3HIT0--7zs8__B1_A0A1D3HIT0,0.9475736787308394,0.5,True
2vc4__A1_P02879--2vc4__A2_P02879,0.8991108412922365,0.5,True
1xe8__B1_Q03629--1xe8__A1_Q03629,0.9745416193987521,0.5,True
7tn6__A1_Q84Y01--7tn6__A2_Q84Y01,0.9442606773618538,0.5,True
7yo6__A1_G8GLP2--7yo6__A2_G8GLP2,0.9488240137866865,0.5,True
8k76__A1_Q8R6D8--8k76__B1_Q8R6D8,0.9823297590941897,0.5,True
1vgx__B1_Q9RRU8--1vgx__A1_Q9RRU8,0.9070353883017375,0.5,True
3cet__B1_Q6M145--3cet__A1_Q6M145,0.9679654271986126,0.5,True
4zlh__B1_P0AB60--4zlh__A1_P0AB60,0.9780056217600326,0.5,True
2y84__A1_Q7WT50--2y84__E1_Q7WT50,0.9488069320947675,0.5,True
4me9__A1_Q736B0--4me9__B1_Q736B0,0.9248048705880031,0.5,True
2z51__A1_Q93W20--2z51__A2_Q93W20,0.8662862439533064,0.5,True
8ajq__A1_Q9I0C0--8ajq__B1_Q9I0C0,0.8804258545186621,0.5,True
5khn__A1_UNDEFINED--5khn__B1_UNDEFINED,0.9689139584971928,0.5,True
7yfj__A2_Q15007--7yfj__B1_Q15007,0.8678809851413429,0.5,True
2rkl__F1_Q06263--2rkl__E1_Q06263,0.9445773839263019,0.5,True
8cwp__A1_Q06282--8cwp__A2_Q06282,0.9699339758060193,0.5,True
4neh__A1_P20702--4neh__B1_P05107,0.9088968892974758,0.5,False
2prv__A1_O34596--2prv__B1_O34596,0.9687120943762815,0.5,True
6kvn__A1_A0A1S4CVP6--6kvn__A2_A0A1S4CVP6,0.9359581945017861,0.5,True
5tgq__A1_A0A1S4NYF7--5tgq__A2_A0A1S4NYF7,0.985683141022947,0.5,True
6b3i__A1_P27216--6b3i__B1_P27216,0.9661539390832184,0.5,True
1rqn__A1_O31156--1rqn__B1_O31156,0.9952880803805009,0.5,True
5l7z__A1_P28750--5l7z__A2_P28750,0.9252939028981968,0.5,True
7ljh__A1_Q769D3--7ljh__B2_Q769D3,0.9816191634613708,0.5,True
7xmw__B1_U2Q5N5--7xmw__A1_U2Q5N5,0.848404974317383,0.5,True
7w2o__A1_Q9HZP1--7w2o__B1_Q9HZP1,0.9850349206593884,0.5,True
7uay__A1_P08684--7uay__A2_P08684,0.999514513126558,0.5,True
5czf__D1_A0A0H3JHG3--5czf__A1_Q8XAD5,0.8021916351606805,0.5,False
8p4l__A1_UNDEFINED--8p4l__B1_UNDEFINED,0.9753839708281979,0.5,True
2p6p__A1_Q9RPA7--2p6p__B1_Q9RPA7,0.9001929927432397,0.5,True
4u64__A1_Q5ZXA3--4u64__A2_Q5ZXA3,0.9362525550760845,0.5,True
7qbm__A1_P43235--7qbm__B1_P43235,0.8422090543081796,0.5,True
3nvm__A1_Q8U4M1--3nvm__B1_Q8U4M2,0.8994180404337562,0.5,False
7q86__A1_UNDEFINED--7q86__B1_UNDEFINED,0.9401574862314622,0.5,True
3wws__A1_Q13188--3wws__D1_Q13188,0.6888930581613509,0.5,True
4c87__A1_F9UMG7--4c87__B1_F9UMG7,0.9276536538348631,0.5,True
2d7e__A1_P17888--2d7e__B1_P17888,0.9159568364316589,0.5027783168227794,True
7xro__A1_Q9RQ20--7xro__B1_Q9RQ20,0.8958338099927612,0.5,True
5yrj__A1_B6F0T7--5yrj__B1_A0A2Z5V8U8,0.897465218696827,0.5,False
6yev__C1_P0A744--6yev__A1_P0AA25,0.7801208246697494,0.5,False
8glr__A1_Q8ZJX7--8glr__A2_Q8ZJX7,0.9312372869244876,0.5,True
5fwt__A1_Q96MU8--5fwt__A2_Q96MU8,0.9272034224299719,0.5,True
4e6s__A1_Q3URR7--4e6s__A2_Q3URR7,0.8991961453140281,0.5,True
8enb__B1_A7DT38--8enb__A1_A0T3A2,0.7207157931004781,0.5,False
8h4p__A1_I1S104--8h4p__B1_I1S104,0.9481409495269328,0.5,True
4cu5__A1_B6SBV8--4cu5__F1_B6SBV8,0.9874078196744122,0.5,True
8elf__B1_Q6DYE4--8elf__A1_Q6DYE4,0.8830045285693949,0.5,True
1ax2__A1_P16404--1ax2__A2_P16404,0.9413609705315453,0.5,True
8i33__C1_A0A6Q8PFJ0--8i33__A1_A0A6Q8PFJ0,0.9292046115093975,0.5,True
3q9l__A1_P0AEZ3--3q9l__B1_P0AEZ3,0.9398365651323687,0.5,True
8ak1__A1_UNDEFINED--8ak1__B1_O25273,0.9351388544389537,0.5,False
2yk4__A1_P72097--2yk4__A2_P72097,0.9351987271396104,0.5,True
7u5f__C1_Q9HTM2--7u5f__A1_Q9HTM2,0.9692079284281968,0.5,True
5xt3__B1_A0A0U1MUE2--5xt3__A1_A0A0U1MUE2,0.9677357753938076,0.5,True
5iws__A1_Q63GK8--5iws__A2_Q63GK8,0.8842891986109086,0.5,True
2owl__A1_P36767--2owl__B1_P36767,0.8334466539177217,0.5,True
8bca__A1_O75643--8bca__B1_Q6P2Q9,0.7840813501517718,0.5,False
4ml7__A1_P61626--4ml7__B1_UNDEFINED,0.8252510347251145,0.5,False
3mcb__B1_P20290--3mcb__A1_Q13765,0.847379293036545,0.5169906754956659,False
8gy8__A1_Q8TZT0--8gy8__B1_Q8TZT0,0.9509045634666782,0.5,True
8dkd__A1_G7CIP4--8dkd__A2_G7CIP4,0.9268112605713421,0.5,True
7dus__A1_P08965--7dus__A2_P08965,0.9037961859356376,0.5,True
8gb1__A1_Q9Y3Z3--8gb1__B1_Q9Y3Z3,0.9588031949795996,0.5,True
7cov__A1_Q06801--7cov__A2_Q06801,0.9372376921569209,0.5,True
6ign__A1_Q61768--6ign__A2_Q61768,0.8311247101079604,0.5,True
1fzr__A1_P00641--1fzr__B1_P00641,0.9579196447909899,0.5,True
3be5__A1_Q8XBR1--3be5__B1_Q8XBR1,0.914946833940435,0.5,True
2ecs__A1_P03040--2ecs__B1_P03040,0.9501630536786787,0.5,True
4hn3__B1_Q8Y6D1--4hn3__A1_Q8Y6D1,0.9433424274019941,0.5,True
4o8y__A1_Q08723--4o8y__B1_P43588,0.9373168582825363,0.49998260930054605,False
7uoi__A1_A0A1S8KJG1--7uoi__A2_A0A1S8KJG1,0.9532794318734472,0.5,True
7vma__A1_C5A758--7vma__A2_C5A758,0.9801456729166632,0.5,True
7d9m__A1_A0A4D6NYT7--7d9m__B2_A0A4D6NYT7,0.8922945046798257,0.5,True
2py8__C1_Q55670--2py8__B1_Q55670,0.8604177234507189,0.5,True
7ytl__A1_E1BR24--7ytl__A2_E1BR24,0.9937520460059415,0.5,True
7vxt__A1_Q63W52--7vxt__B1_Q63W52,0.9006844748432685,0.5,True
5cv3__A1_E3M3V1--5cv3__A2_E3M3V1,0.9246503414297731,0.5,True
8c9v__A1_Q1JXV1--8c9v__A2_Q1JXV1,0.9790581532805281,0.5,True
3tsn__A1_Q9PN58--3tsn__B1_Q9PN58,0.9400375593453273,0.5,True
8j51__A1_A0A0E9MUN5--8j51__B1_A0A0E9MUN5,0.9548467964133777,0.5,True
6cz9__A1_Q7WTU0--6cz9__B1_Q7WTT9,0.9258013839827022,0.5,False
8pzo__A1_F9UT68--8pzo__A2_F9UT68,0.9642989909718535,0.5,True
3tqg__B1_Q83DG4--3tqg__A1_Q83DG4,0.9275404242392319,0.5,True
7czg__C1_Q8TDY2--7czg__A1_Q8TDY2,0.9392233009708738,0.5,True
7eev__B1_A0A3D9R4E8--7eev__A1_A0A3D9R4E8,0.9004284416521291,0.5,True
8ori__A1_Q2KB35--8ori__B1_Q2KB35,0.9313966597998011,0.5,True
7o6z__A1_A0A7R8L7W4--7o6z__B1_A0A7R8L7W4,0.9514661219388434,0.5,True
8pmr__A1_Q4WL81--8pmr__B1_Q4WL81,0.7412051850836401,0.5,True
3fmy__A1_Q46864--3fmy__A2_Q46864,0.9707041115264168,0.5,True
7f0o__B1_A0A2I1C3W8--7f0o__A1_A0A2I1C3W8,0.9580307928938684,0.5,True
3ojm__B1_P21802--3ojm__A1_P05230,0.8252376324508742,0.5,False
6xgz__A1_P63386--6xgz__B1_P64602,0.915418342318927,0.5,False
7x2y__A1_A0A076PYH9--7x2y__B1_A0A076PYH9,0.9742717528095249,0.5,True
8i34__A1_A0AA52HX42--8i34__B1_A0AA52HX50,0.9624361967213115,0.5,False
5i4h__B1_P07711--5i4h__A1_P07711,0.8706189836602596,0.5,True
4e6h__A1_Q6CII8--4e6h__A2_Q6CII8,0.9713113613939568,0.5,True
6x7p__A1_Q8GGP1--6x7p__A2_Q8GGP1,0.9733144866627848,0.5,True
3exq__A1_Q03S37--3exq__A2_Q03S37,0.8564074686593981,0.5,True
2qvc__A1_Q9WXW9--2qvc__B2_Q9WXW9,0.9897826589556357,0.5,True
6yoa__A1_O82015--6yoa__B1_O82015,0.9296285208262802,0.5,True
7qnm__A1_G0L7V6--7qnm__B1_G0L7V6,0.9848498001548781,0.5,True
3p8v__A1_Q9V228--3p8v__B1_Q9V228,0.9695861521739523,0.5,True
4re1__A1_P28347--4re1__D1_P46937,0.8967128586842484,0.5,False
8iw5__A1_Q8C8U0--8iw5__B1_Q8C8U0,0.8257010669436313,0.5,True
7sq2__B1_Q01970--7sq2__A1_P21279,0.908941714227494,0.5,False
3owf__A1_P00644--3owf__A2_P00644,0.9156238193680939,0.5,True
2dpl__A1_O59072--2dpl__B1_O59072,0.9590977355538544,0.5,True
4ap5__A1_Q9Y2G5--4ap5__B1_Q9Y2G5,0.9579856863393398,0.5,True
8evy__A1_Q9LCT6--8evy__A2_Q9LCT6,0.9904652327777623,0.5,True
5npo__A1_P62593--5npo__B1_D3INY1,0.8956642190155907,0.5,False
5uhs__A1_B0SR19--5uhs__B1_B0SR19,0.7932143327697138,0.5,True
5t3v__B1_Q9Y2C4--5t3v__A1_Q9Y2C4,0.9175226136821677,0.5,True
8f2l__A1_P9WJY9--8f2l__B1_P9WJY9,0.9400757384829558,0.5,True
8h1l__B1_A0A7U4E834--8h1l__A1_A0A7U4E834,0.8974761778119802,0.5,True
1nye__A1_P0C0L2--1nye__B1_P0C0L2,0.8304801442391502,0.5,True
2ou6__A1_Q9RVG4--2ou6__A2_Q9RVG4,0.9407374731715371,0.5,True
1vbi__A1_Q53W84--1vbi__A2_Q53W84,0.9343145814889473,0.5,True
2oqb__A1_Q4AE70--2oqb__B1_Q4AE70,0.8684863636934694,0.5,True
8ajy__A1_A0AEF6--8ajy__B1_UNDEFINED,0.8931253379578229,0.5,False
6saz__B1_Q9UGM5--6saz__A1_P07584,0.909726523105018,0.5,False
8gzy__A1_P0A9A6--8gzy__B1_UNDEFINED,0.8665034713755886,0.5,False
6l9x__A1_F6VRB7--6l9x__A2_F6VRB7,0.819667763979879,0.5,True
3ica__B1_Q7MXR4--3ica__A1_Q7MXR4,0.8957342220498112,0.5,True
6o15__A1_P39353--6o15__B1_P39353,0.9401298315380777,0.5,True
2ohc__A1_Q9HIY5--2ohc__B1_Q9HIY5,0.9393956961470726,0.5,True
8qfo__A1_A0A840P3H4--8qfo__B1_A0A840P3H4,0.8941847981952897,0.5,True
5zmy__A1_F1LJ99--5zmy__B1_F1LJ99,0.9333830013786164,0.5,True
6tx3__B1_Q9NWY4--6tx3__A1_Q9UGN5,0.9559143628797946,0.5,False
4tx5__A1_Q9NR28--4tx5__B1_Q9NR28,0.8785755446473558,0.5,True
7wnk__B1_A0A1E5TT85--7wnk__A1_A0A1E5TT85,0.9877274336283185,0.5,True
2fn0__B1_Q9X9I8--2fn0__A1_Q9X9I8,0.992970438491472,0.509090909090909,True
5x89__A1_Q8TGZ7--5x89__A2_Q8TGZ7,0.9388723581416991,0.5,True
2j0t__A1_P03956--2j0t__D1_P01033,0.9644709444735083,0.5,False
2i9i__A1_O25234--2i9i__A2_O25234,0.9285800769337609,0.5,True
3rtr__G1_Q13616--3rtr__H1_P62877,0.9473792495248482,0.5,False
8bjd__A1_UNDEFINED--8bjd__A2_UNDEFINED,0.9611736064206094,0.5,True
7lq2__A1_A0A023X3Z4--7lq2__B1_A0A023X3Z4,0.8705301067339589,0.5,True
6aht__A1_A1BZ87--6aht__B1_A1BYM8,0.9304363109771242,0.5,False
8tto__A1_UNDEFINED--8tto__B1_UNDEFINED,0.8369211345087252,0.5217838300942418,True
8czp__A1_A0A0D5ZBI4--8czp__B1_A0A0D5ZBI4,0.931641583173777,0.5,True
4ro3__A1_M1RHE3--4ro3__B1_M1RHE3,0.9472382911895674,0.5,True
1c0n__A1_P77444--1c0n__A2_P77444,0.9188062904700918,0.5,True
7tq0__A1_P00459--7tq0__A2_P00459,0.9528526461563928,0.5,True
1o4w__A1_O29664--1o4w__A2_O29664,0.9882793169220815,0.5,True
4jzp__A1_P51572--4jzp__B1_P51572,0.9216726868574605,0.5,True
5xdf__B1_Q5SL04--5xdf__A1_Q5SL04,0.934116699151182,0.5,True
6kr4__A1_P10586--6kr4__E1_P60469,0.9391716306249377,0.5,False
1itv__A1_P14780--1itv__B1_P14780,0.9246226882937918,0.5,True
8e51__A1_A0A5N5MKD0--8e51__B1_UNDEFINED,0.7073130614703648,0.5,False
2qgi__A1_P05449--2qgi__B1_P05449,0.9375433649150422,0.5,True
1a19__A1_P11540--1a19__B1_P11540,0.8928688962935539,0.5,True
8a9x__A1_P15752--8a9x__C1_P15752,0.955173358451764,0.5,True
3onm__A1_UNDEFINED--3onm__B1_UNDEFINED,0.897769310870711,0.5,True
7wrs__A1_Q5ZJ86--7wrs__B1_UNDEFINED,0.8963286122302555,0.5,False
8e9e__B1_Q02293--8e9e__A1_Q04631,0.8903502161354313,0.5,False
2h4c__A1_Q7T2R1--2h4c__B1_Q7T3T5,0.8674131399975356,0.5,False
2bdt__A1_Q9K6P2--2bdt__A2_Q9K6P2,0.9389975731134658,0.5,True
5vbn__A1_P56282--5vbn__B1_Q07864,0.9530486329407803,0.5,False
8gt0__A1_Q8I6U4--8gt0__B1_P01040,0.9685957344835849,0.5,False
5lrr__A1_P22262--5lrr__B1_P22262,0.9665193642651936,0.5,True
4y7i__A1_Q96EF0--4y7i__B1_Q96EF0,0.9818588289818075,0.5,True
1who__A1_P43214--1who__A2_P43214,0.8635864835206417,0.5,True
4g10__A1_Q9WXJ9--4g10__A2_Q9WXJ9,0.9425553496822588,0.5,True
8q4k__A1_O51180--8q4k__B1_O51180,0.9048137638952267,0.5,True
6hp3__A1_O31927--6hp3__B1_O31927,0.9344135800953206,0.5,True
8hs0__A1_Q9LIR4--8hs0__A2_Q9LIR4,0.9364091167846573,0.5,True
6gz1__A1_P10151--6gz1__A2_P10151,0.9195141183028128,0.5,True
8pbu__A1_P27708--8pbu__A2_P27708,0.9494044316335206,0.5,True
7zjc__A1_P0DV83--7zjc__A2_P0DV83,0.9377108139960174,0.5,True
6ecu__B1_Q8RJY3--6ecu__A1_Q8RJY3,0.9471302639326757,0.5,True
7p0h__A1_O26008--7p0h__C1_O26008,0.9610614252695193,0.5,True
5b3g__B1_Q9SZF7--5b3g__A1_Q9M384,0.9685554775131369,0.5,False
7vzy__B1_Q84G19--7vzy__A1_Q84G19,0.9571415264563792,0.5,True
2q3t__A1_Q9LUJ3--2q3t__A2_Q9LUJ3,0.8751163047871813,0.5,True
8j3t__A1_A0A0G2TMR2--8j3t__B1_A0A0G2TMR2,0.9870937849525501,0.5,True
7pt0__A1_Q9KYU4--7pt0__B1_Q9KYU4,0.9636698015447009,0.5,True
6m09__B1_Q8LDU1--6m09__A1_Q8LDU1,0.9565845117192407,0.5,True
7uxs__B1_J8G6Z1--7uxs__A1_J8G6Z1,0.9012560426084221,0.5,True
2q03__A1_Q12ML0--2q03__B1_Q12ML0,0.9096896104080359,0.5,True
6kcp__B1_Q9VAA9--6kcp__A1_Q9VAA9,0.8549284941222918,0.5,True
3zn4__A1_C8CHL4--3zn4__A2_C8CHL4,0.9462424872253505,0.5,True
6sj4__B1_A0A022MQ12--6sj4__A1_A0A022MQ12,0.939433551169831,0.5,True
5cyy__A1_P9WG63--5cyy__B1_P9WG63,0.9205595692295553,0.5,True
3tj3__A1_P52294--3tj3__B1_Q9UKX7,0.8152091830428873,0.5,False
3i32__A1_Q72GF3--3i32__A2_Q72GF3,0.9857790336629133,0.5,True
1jk9__B1_P40202--1jk9__A1_P00445,0.9573084371839732,0.5,False
4z3u__B1_G3G955--4z3u__A1_G3G8X8,0.9190315584350753,0.5,False
4e4w__A1_P38920--4e4w__B1_P14242,0.9492998158271132,0.5,False
5yw5__A1_Q5NII9--5yw5__D1_Q5NII9,0.9127668738326786,0.5,True
3ab8__A1_Q5SLE3--3ab8__B1_Q5SLE3,0.8292437437532354,0.5,True
3mxt__A1_Q9PIK2--3mxt__A2_Q9PIK2,0.9030469426553367,0.5,True
7war__B1_A0A1B6PFV1--7war__A1_A0A1B6PFV1,0.9362055226334987,0.5,True
7fn1__B1_P32357--7fn1__A1_P33334,0.9304002532357907,0.5,False
7xl7__A1_A0A2J0R8J6--7xl7__B1_A0A2J0R8J6,0.7827487118509711,0.5,True
8vc5__A1_Q9XCL6--8vc5__B1_Q9XCL6,0.9791694299019736,0.5,True
5jfz__A1_P20605--5jfz__B1_P0ADX5,0.8594027809436976,0.5,False
1gkh__A1_P69543--1gkh__A2_P69543,0.9486595783351508,0.5,True
5g37__B1_P10565--5g37__A1_P06575,0.8388055069809301,0.5,False
2gjx__A1_P06865--2gjx__B1_P07686,0.9165851812092043,0.5,False
3aqb__B1_O66129--3aqb__A1_O66127,0.9049401527424209,0.5,False
8q1a__A1_Q16790--8q1a__C2_Q16790,0.8991488225511006,0.5,True
8ezt__D2_UNDEFINED--8ezt__A1_UNDEFINED,0.9164638380467781,0.5,True
5ez1__B1_P56112--5ez1__A1_P56112,0.9367585548219362,0.5,True
3lwd__A1_Q1QTX1--3lwd__A2_Q1QTX1,0.9724919470852365,0.5,True
8dye__A1_P31040--8dye__B1_Q5VUM1,0.8286587580774673,0.5,False
6xnr__A1_UNDEFINED--6xnr__A2_UNDEFINED,0.9410634541489252,0.5,True
2ch6__A1_Q9UJ70--2ch6__D1_Q9UJ70,0.9580104293382559,0.5,True
3gpn__A1_P15873--3gpn__A2_P15873,0.9803241183903204,0.5,True
5y69__A1_A8ATW7--5y69__B1_A8ATW7,0.8739595660749508,0.5,True
7th0__A1_P31667--7th0__A2_P31667,0.7195977718295594,0.5,True
2qh0__A1_Q97H22--2qh0__A2_Q97H22,0.9236295220224765,0.5,True
7uln__A1_P09514--7uln__B1_P09514,0.8987591674425676,0.5,True
5ubb__A1_Q5VVY1--5ubb__A2_Q5VVY1,0.9922343895662431,0.5,True
5kvs__B1_O54512--5kvs__A1_O54512,0.9334796912478263,0.5,True
3frs__A1_P53990--3frs__A2_P53990,0.8337151834517068,0.5,True
3obv__A1_O08808--3obv__C1_O08808,0.9651568356654131,0.5,True
4wkz__A1_A0AEF5--4wkz__B1_W5IDC3,0.9369167605876163,0.5,False
3kt0__A1_Q12109--3kt0__A2_Q12109,0.9839851292596281,0.5,True
5i90__A1_G3XCY5--5i90__B1_G3XCY5,0.9314992993049481,0.5,True
3bat__B1_P24733--3bat__A1_P24733,0.9076260954788858,0.5,True
2ps1__A1_P13298--2ps1__B1_P13298,0.9331305169249914,0.5,True
1fcd__A1_Q06530--1fcd__B1_Q06529,0.9770301342548128,0.5,False
8hy8__A1_A0A085BE66--8hy8__A2_A0A085BE66,0.9590304039031872,0.5,True
8har__A1_Q2L6E4--8har__B1_Q2L6E4,0.9793439763837217,0.5,True
8a60__A1_P06971--8a60__B1_Q38162,0.8367862176402738,0.5,False
4je4__A1_Q06124--4je4__B1_P02751,0.8313788989794262,0.5,False
2a6c__A1_Q82UW4--2a6c__A2_Q82UW4,0.8972585863175715,0.5080991222484263,True
5k9l__B1_A8MW95--5k9l__A1_A8MW95,0.8984104351499788,0.5,True
5mzg__A1_P53368--5mzg__B1_P53368,0.9151098634573718,0.5,True
6lfn__A1_UNDEFINED--6lfn__B1_UNDEFINED,0.7381172525133848,0.5,True
7ucc__B1_P17535--7ucc__A1_P53539,0.9287765275186567,0.5,False
8d0x__A1_Q9Y231--8d0x__A2_Q9Y231,0.8710312673369853,0.5,True
6ano__B1_Q9UKL3--6ano__A1_Q9UKL3,0.913048142109328,0.5,True
6d0a__A1_Q8N5Z0--6d0a__A2_Q8N5Z0,0.9319863219327401,0.5,True
2xga__B1_P35530--2xga__A1_P35530,0.9671908419710432,0.5,True
2i3o__A1_Q9HJH4--2i3o__B1_Q9HJH4,0.9213393508489244,0.5,True
1ijx__A1_P97401--1ijx__C1_P97401,0.944081803542673,0.5,True
6h2u__A1_Q9NRN9--6h2u__B1_Q9UI30,0.9122018832137508,0.5,False
8h2v__A1_Q93HT8--8h2v__B1_Q93HT8,0.9533189786334897,0.5,True
1wat__B1_P02941--1wat__A1_P02941,0.9588682308764652,0.5,True
7y9b__A1_A3EXD6--7y9b__B1_A3EXD6,0.8932259062068549,0.5,True
7yuj__B1_Q9BYM8--7yuj__A1_Q9BYM8,0.719624960062587,0.5,True
8c5k__A1_P87252--8c5k__A2_P87252,0.8692568840605471,0.5,True
2spc__A1_P13395--2spc__B1_P13395,0.8190466843106331,0.5,True
6q2e__A1_A5UMY5--6q2e__B1_A5UMY5,0.8681157869460312,0.5,True
4p8i__A1_P40746--4p8i__B1_P40746,0.9102865010946908,0.5,True
8gp6__B1_P16710--8gp6__A1_P07611,0.8455048786483448,0.5,False
3a4l__B1_Q58933--3a4l__A1_Q58933,0.9755299390563923,0.5,True
1z52__A1_P09167--1z52__B1_P09167,0.8576895792241945,0.5,True
6c0g__A1_A0A3F2YLX1--6c0g__B2_A0A3F2YLX1,0.8303899207986855,0.5,True
8owi__A1_Q02224--8owi__B1_Q02224,0.851440414507772,0.5,True
1k3r__B1_O26109--1k3r__A1_O26109,0.9759989214056817,0.5,True
7fga__A1_Q8DIJ4--7fga__B2_Q8DIJ4,0.9652921971009245,0.5,True
5akq__A1_O52063--5akq__B1_O52063,0.9759958045802672,0.5,True
7y86__B1_A0A0K2E3A3--7y86__A1_A0A0K2E3A3,0.9282172080337218,0.4999248007219131,True
8d1u__A1_P0A6R0--8d1u__A2_P0A6R0,0.9628935123544484,0.5,True
1vqw__A1_Q9HFE4--1vqw__B1_Q9HFE4,0.9029694816468692,0.5,True
7rzb__A1_A0A229LVN5--7rzb__A2_A0A229LVN5,0.9653185216384121,0.5,True
6qta__A1_G0SHE6--6qta__B1_G0SC29,0.8813147182231118,0.5,False
7toc__A1_A0A2H0ZMH9--7toc__B1_A0A2H0ZMH9,0.9023236050245251,0.5,True
7ula__B1_Q88ND0--7ula__A1_Q88NC7,0.9866675560160152,0.5,False
8bes__A1_A0A856TAI5--8bes__B1_A0A856TAI5,0.9106842886144255,0.5,True
7wjt__B1_Q8BZB3--7wjt__A1_Q8BZB3,0.8568664253214868,0.5,True
6j9n__A1_X5EPV9--6j9n__B1_A0A425B395,0.7706171052291018,0.5,False
1kll__A1_O05205--1kll__A2_O05205,0.9495295375568029,0.5103448275862069,True
8uel__A1_UNDEFINED--8uel__B1_UNDEFINED,0.95721117541036,0.5,True
7xky__A1_Q58690--7xky__B1_Q58034,0.9366322327009217,0.4999903145823648,False
4p04__A1_A0A0D6H805--4p04__B1_A0A0D6H805,0.8650911409778737,0.5,True
1txz__A1_Q04299--1txz__A2_Q04299,0.9825327446132808,0.5,True
4af5__A1_Q8NQ97--4af5__A2_Q8NQ97,0.9237787468571996,0.5,True
8af9__A1_Q2YPZ9--8af9__H1_Q2YPZ9,0.9852413466301936,0.5,True
8gm9__D1_P9WPD3--8gm9__A1_P9WPD3,0.9377783280896002,0.5,True
7wsx__A1_D9PYV4--7wsx__B1_D9PYV4,0.9843027575594314,0.5,True
4g86__A1_Q79PF6--4g86__B1_Q79PF6,0.8808276565080108,0.5,True
3bq3__A1_Q12395--3bq3__A2_Q12395,0.8851693980767593,0.5,True
7eva__A1_P31490--7eva__A2_P31490,0.9286925488494981,0.5,True
8r7d__B1_G5EI71--8r7d__A1_Q8LJL3,0.8029914803664082,0.5,False
7pwy__A1_Q8TDX5--7pwy__B1_Q8TDX5,0.9865103998348235,0.5,True
3ut4__A1_A3DJ21--3ut4__B1_A3DJ21,0.9460824876060944,0.5,True
8eei__B1_A0A807MR40--8eei__A1_A0A807MR40,0.9912300184183165,0.5,True
8bp5__B1_A0A369SI82--8bp5__A1_A0A369SI82,0.9427365087742446,0.5,True
3l34__B1_Q9HT87--3l34__A1_Q9HT87,0.9121068365437971,0.5069579266590423,True
8god__A1_Q9UM07--8god__A2_Q9UM07,0.9420596048420263,0.5,True
1h9g__A1_P0A8V6--1h9g__A2_P0A8V6,0.9711907371724073,0.5,True
7qg6__D1_Q9HAU5--7qg6__C1_Q9H1J1,0.8383575357173911,0.5,False
8sz3__B2_Q9NY97--8sz3__A1_Q9NY97,0.88061249923122,0.5,True
5a10__A1_G1FNI6--5a10__A2_G1FNI6,0.9193743158270996,0.5,True
7qoc__A1_Q8NQV9--7qoc__B1_Q8NQV9,0.9774472647365777,0.5,True
8a90__B1_A0A7S9SWM2--8a90__A1_A0A7S9SWM2,0.9455633978263589,0.5,True
3iaa__A1_Q8KNE0--3iaa__B1_Q8KNE0,0.9053978426526007,0.5,True
3n50__B1_Q9H4W6--3n50__A1_Q9H4W6,0.9516733044296565,0.5,True
2qg3__A1_O28220--2qg3__A2_O28220,0.8896638913048731,0.5,True
7ysk__A1_Q6D6Z8--7ysk__B1_Q6D6Z8,0.9631328778505931,0.5,True
7spz__A1_A8B3G9--7spz__A2_A8B3G9,0.9661536696043052,0.5,True
4q2e__B1_Q9X1B7--4q2e__A1_Q9X1B7,0.8594259118704263,0.5,True
8cff__A1_Q7SIF4--8cff__B1_Q7SIF3,0.9199818133094869,0.5,False
7uqo__A1_UNDEFINED--7uqo__A2_UNDEFINED,0.774011455513196,0.5,True
5d4v__C1_Q57913--5d4v__A1_Q57913,0.9208573724401161,0.5,True
2p23__A1_O95750--2p23__B1_O95750,0.7060390523582865,0.5,True
7u55__A1_A0A151EDA9--7u55__A2_A0A151EDA9,0.8616024622257626,0.5,True
1rkw__A1_P0A0N4--1rkw__C1_P0A0N4,0.9791806919300853,0.5,True
1ps6__A1_P19624--1ps6__B1_P19624,0.9807966868902962,0.5,True
2y21__L1_O28769--2y21__K1_O28769,0.9623954762438727,0.5100078492935636,True
2z5i__A1_P58772--2z5i__B1_P58772,0.8968381756595581,0.5,True
5l7u__B1_A6L2E5--5l7u__A1_A6L2E5,0.9753727030003128,0.5,True
3egq__A1_O28458--3egq__B1_O28458,0.9658479752916953,0.5,True
7r3a__A1_Q6LYR8--7r3a__E1_Q6LYR8,0.9575526946540351,0.5,True
7yq0__A1_A0A101DF63--7yq0__B1_A0A101DF63,0.9760581390528488,0.5,True
3wsc__A1_Q25C86--3wsc__B1_Q25C86,0.7589529928121621,0.5,True
4pib__B1_Q2SVW5--4pib__A1_Q2SVW5,0.9020563455346063,0.5,True
7vmx__B1_P9WNN1--7vmx__A1_P9WNM1,0.9010376789916077,0.5,False
1ykd__A1_P94182--1ykd__B1_P94182,0.9341645176504025,0.5,True
4ux7__A1_Q183F3--4ux7__B1_Q183F3,0.9243351354188678,0.5,True
3k3d__A1_P9WLZ7--3k3d__A2_P9WLZ7,0.9410687899002942,0.5,True
1sj5__A1_Q9WY07--1sj5__B1_Q9WY07,0.9407429892234893,0.5,True
4c12__A1_Q2FZP6--4c12__A2_Q2FZP6,0.9233262531549988,0.5,True
3k9m__A1_P07858--3k9m__B1_P01040,0.9604900774347657,0.5,False
1ccd__A1_P17559--1ccd__A2_P17559,0.8894302696647431,0.5154436312985032,True
8xiz__A1_T2B4K5--8xiz__B1_T2B4K5,0.9347906752386506,0.5,True
7wz6__A1_P15806--7wz6__B1_P10085,0.9425724766818923,0.5,False
2i00__A1_Q831Y9--2i00__B1_Q831Y9,0.9726522808016473,0.5,True
5ffi__A2_Q44501--5ffi__B1_Q44501,0.8841735307679409,0.5,True
3cnk__A1_P21333--3cnk__B1_P21333,0.9417339025536582,0.5076923076923077,True
8gt9__A1_A8MW95--8gt9__B1_A8MW95,0.8993694355813855,0.5,True
4l2w__B1_Q13464--4l2w__A1_Q13464,0.915875789306081,0.5,True
3d0j__A1_Q97DI0--3d0j__A2_Q97DI0,0.9068962573854483,0.5,True
7qaj__F1_UNDEFINED--7qaj__A1_Q8JIV8,0.9252400902527567,0.5,False
4ct0__A1_P97784--4ct0__B1_O54943,0.7688862698130501,0.5,False
3av0__A1_Q58719--3av0__B1_Q58718,0.9462243200268976,0.5,False
8bln__A1_C9QZ65--8bln__H1_C9QZ65,0.9496502231819144,0.5,True
2riq__A1_P09874--2riq__A2_P09874,0.8659281894576013,0.5,True
8hd5__A1_Q99U17--8hd5__B1_Q99U17,0.9095681998240313,0.503968253968254,True
6xrb__A1_A0A0H3NHS6--6xrb__B1_A0A0H3NHS6,0.9679913640218983,0.5,True
8a1g__A1_Q13596--8a1g__C1_Q9Y5X3,0.9567712133695208,0.5,False
8tn3__A1_Q643B9--8tn3__B1_Q643B9,0.970391665352497,0.5,True
5ghs__A1_Q5JGL0--5ghs__C1_Q5JF31,0.8471303608370464,0.5,False
5umw__A1_A0A125SA26--5umw__F1_A0A125SA26,0.9612878423303075,0.5,True
7x7j__A1_UNDEFINED--7x7j__B1_UNDEFINED,0.9576859083830863,0.5,True
7zcv__B1_A0A0E7KI02--7zcv__A1_A0A0E7KI02,0.8819215709151305,0.5,True
6scq__A1_Q8NNN6--6scq__A2_Q8NNN6,0.9585236850715916,0.5,True
7yfu__A1_Q8CG73--7yfu__B1_Q8CG73,0.9632000509562254,0.5,True
2yn3__C1_Q8ZKG6--2yn3__A1_Q8ZKG6,0.711412440979228,0.5,True
3ix1__A1_Q9K9G5--3ix1__B1_Q9K9G5,0.8818673041862473,0.5,True
7khs__A1_Q2CEE3--7khs__B1_Q2CEE3,0.9778396949395062,0.5,True
8k5l__A1_A0A829KK40--8k5l__B1_A0A829KK40,0.9782525962909278,0.5,True
2g0t__B1_Q9WZQ3--2g0t__A1_Q9WZQ3,0.9719954142386429,0.5,True
3lr3__A1_Q63T74--3lr3__A2_Q63T74,0.968011795895393,0.5,True
4pxq__A1_F1QR43--4pxq__B1_F1QR43,0.9568825049583476,0.5,True
4z5y__A1_Q88QV5--4z5y__A2_Q88QV5,0.9747537221335107,0.5,True
7zhf__A1_A0A0U2WWJ1--7zhf__A2_A0A0U2WWJ1,0.9527400001535697,0.5,True
6h86__A1_B5KM66--6h86__B1_B5KM66,0.8238761128896397,0.5,True
7saf__B1_Q6TLP8--7saf__A1_Q6TLP8,0.924260067132439,0.5,True
7zj1__B1_P55265--7zj1__A1_P55265,0.9292123337717375,0.5,True
4g9k__A1_P32340--4g9k__B1_P32340,0.9274656498037095,0.5,True
8b35__A1_Q96562--8b35__B1_Q96562,0.9563217370679413,0.5,True
2rdz__A1_P0ABK9--2rdz__B1_P0ABK9,0.9619573640113447,0.5,True
6bzf__B1_P53061--6bzf__A1_P17122,0.8901322641582634,0.5,False
5ydd__B1_P9WME7--5ydd__A1_P9WME7,0.9032839984740305,0.5,True
4czd__B1_B8J3A4--4czd__A1_B8J364,0.9008802059281881,0.5,False
3ft7__B1_Q54323--3ft7__A1_Q54323,0.8230879230215922,0.5039454018409004,True
4pz1__A1_Q99XU0--4pz1__A2_Q99XU0,0.8531127231373631,0.5,True
2w1t__A1_P37554--2w1t__B1_P37554,0.979730679225471,0.5,True
7qz5__A1_A2RI36--7qz5__B1_A2RI36,0.9229153168946987,0.5,True
5h31__A1_Q14790--5h31__B1_Q14790,0.9474579691393562,0.5,True
8p33__A1_O51254--8p33__A2_O51254,0.9567353331469997,0.5,True
8orv__A1_A0A7H0DNF0--8orv__A2_A0A7H0DNF0,0.8841113810674698,0.5,True
8oru__A1_O93732--8oru__B1_O93732,0.9757358034603218,0.5,True
8slg__B1_G7CIG9--8slg__A1_G7CIG9,0.8939213862575446,0.5,True
3l2e__B1_Q6AW42--3l2e__A1_Q6AW43,0.9109808520089545,0.5,False
3b0a__A1_P0CG48--3b0a__B1_Q9WUB0,0.7322834957924542,0.5,False
6etz__A1_A0A023UGN9--6etz__A2_A0A023UGN9,0.935053899383104,0.5,True
7sfz__B1_Q9NYP9--7sfz__A1_Q9NYP9,0.8636302263828255,0.5,True
8vdw__B1_T0TAB9--8vdw__A1_T0TAB9,0.9746889912329375,0.5,True
8ri0__A1_E4THH1--8ri0__B1_E4THH1,0.9532547022487508,0.5,True
5z2i__B1_Q54LT0--5z2i__A1_Q54LT0,0.8027663927071743,0.5,True
4miv__A1_P51688--4miv__B1_P51688,0.9532749941669418,0.5,True
3vh1__A1_P38862--3vh1__A2_P38862,0.9613749113792084,0.5,True
7z98__A1_E6V140--7z98__A2_E6V140,0.9579627687181174,0.5,True
2ond__A1_Q99LI7--2ond__B1_Q99LI7,0.9418366905392855,0.5,True
7vt9__A1_P21517--7vt9__B1_P21517,0.914493900433213,0.5,True
1gju__A1_O33838--1gju__A2_O33838,0.9536374361193538,0.5,True
6hta__A1_A0A3F2YM29--6hta__B1_A0A3F2YM29,0.8616697738127774,0.5,True
3h7h__A1_P63272--3h7h__B1_O00267,0.9212071976324143,0.5,False
1dek__A1_P04531--1dek__B1_P04531,0.960922653731876,0.5,True
4z39__A1_A0A0S2E5N6--4z39__B1_A0A0S2E5N6,0.8955378921034285,0.5,True
5ca9__A1_Q9C0L9--5ca9__A2_Q9C0L9,0.914663997493884,0.5,True
6x0a__A1_F7Y4W0--6x0a__S1_F7YBW8,0.7880509538512936,0.5,False
7spq__A1_C5AMM8--7spq__A2_C5AMM8,0.9656488022619093,0.5,True
7spn__A1_A0A7C2VFT1--7spn__B1_A0A7C2VFT1,0.9885151549301886,0.5,True
1tv8__A1_P65388--1tv8__B1_P65388,0.7993737323705419,0.5,True
3mkr__B1_Q27954--3mkr__A1_Q28104,0.945409634498048,0.5,False
7tdq__A1_Q2HR80--7tdq__B1_Q2HR80,0.8449915425937284,0.5,True
7xoi__A1_A0A5N6DPG0--7xoi__B1_A0A5N6EXS6,0.9113295790459579,0.5,False
8h62__A1_P0DJM0--8h62__B1_P12830,0.9166496837478948,0.5,False
7dyc__A1_UNDEFINED--7dyc__A2_UNDEFINED,0.7712012814077092,0.5,True
8bbt__A1_A0A0B4VFQ3--8bbt__A2_A0A0B4VFQ3,0.9615534338349178,0.5,True
3t2l__A1_Q5LE95--3t2l__A2_Q5LE95,0.9784981625448077,0.5,True
3uet__A1_B7GNN8--3uet__B1_B7GNN8,0.9177552451802073,0.5,True
8fdb__B1_Q12KP2--8fdb__A1_Q12KP2,0.8872283608666331,0.5,True
6ok3__A1_C3X9N1--6ok3__B1_C3X9N1,0.6768463933231768,0.5,True
8hp3__A1_A0A2K0XCZ3--8hp3__B1_A0A2K0XCZ3,0.9109223563343323,0.5,True
7xkg__A1_A7NHS9--7xkg__B1_A7NHS9,0.8922452898481753,0.5,True
1l7e__A1_Q2RSB2--1l7e__B1_Q2RSB2,0.9489389755409743,0.5,True
8gst__A1_Q1NEI7--8gst__B1_Q1NEI7,0.9714402781323086,0.5,True
7cq3__A1_P38324--7cq3__B1_Q12098,0.9408469960887758,0.5,False
5htf__A1_Q8Y759--5htf__B1_Q8Y759,0.9753302228814774,0.5,True
6c90__A1_P42285--6c90__B1_Q6NZY4,0.9047874251875688,0.5,False
6e1j__A1_C5J4P1--6e1j__B1_C5J4P1,0.9173987088816422,0.5,True
3ccd__A1_P0AA04--3ccd__B1_P0AA04,0.8681496881496881,0.5,True
3dzl__B1_Q396C9--3dzl__A1_Q396C9,0.8960031364914558,0.5,True
4ir7__A1_UNDEFINED--4ir7__A2_UNDEFINED,0.966586870877181,0.5,True
7nlj__B1_UNDEFINED--7nlj__A1_K3YAU1,0.7202565910611523,0.5,False
2y1h__B1_Q17R31--2y1h__A1_Q17R31,0.9376843466269942,0.5,True
7unj__A1_UNDEFINED--7unj__B1_UNDEFINED,0.9771840528466473,0.5,True
7lfs__A1_P00533--7lfs__E1_O14944,0.8754724381630536,0.5,False
6jiw__A1_A0A0H3JU78--6jiw__A2_A0A0H3JU78,0.8979539823008849,0.5,True
8ees__A1_A0A0H3GMB7--8ees__B1_A0A0H3GMB7,0.9832110414715104,0.5,True
3nb6__A1_O66874--3nb6__A2_O66874,0.9065307967659432,0.5,True
5f8c__A1_O53532--5f8c__A2_O53532,0.9481295618635405,0.5,True
5yet__A1_Q5UQV1--5yet__B1_Q5UQV1,0.9599821616763022,0.5,True
8jt3__A1_H8Y6N2--8jt3__C1_H8Y6N2,0.9057324102155435,0.5,True
1ije__A1_P02994--1ije__B1_P32471,0.924742196529894,0.5,False
6on4__A1_P0A8W0--6on4__B1_P0A8W0,0.9115771096874491,0.5,True
4zvc__A1_P0AA89--4zvc__B1_P0AA89,0.9751027018335101,0.5084745762711864,True
4qoa__A1_A7VAB9--4qoa__A2_A7VAB9,0.9538831579227418,0.5,True
6wmv__A1_U5WZP7--6wmv__B1_U5WZP7,0.9618205695247293,0.5,True
3e3c__A1_Q7DB61--3e3c__B1_Q7DB61,0.9189185101065339,0.5,True
7zc8__B1_UNDEFINED--7zc8__A1_UNDEFINED,0.9383388241537134,0.5,True
6ekk__A1_Q8TEH3--6ekk__C1_Q15286,0.9212356052268632,0.5,False
8a9w__A1_P15751--8a9w__A2_P15751,0.9890885875137844,0.5,True
2gj9__A1_P25522--2gj9__B1_P25522,0.9675525049707657,0.5,True
3cm7__C1_P98170--3cm7__D1_P98170,0.9653334555061774,0.5,True
8f5v__A1_O53728--8f5v__B1_O53728,0.9737274365939729,0.5,True
1ecj__A1_P0AG16--1ecj__B1_P0AG16,0.9109722658979311,0.5,True
3s5r__A1_Q2LS68--3s5r__B1_Q2LS68,0.9530395615676489,0.5,True
3im3__A1_P00514--3im3__A2_P00514,0.8932440941462567,0.5123328122285913,True
4mcj__B1_A6L9R1--4mcj__A1_A6L9R1,0.967061349805113,0.5,True
7vw1__B1_V5J1S8--7vw1__A1_V5J1S8,0.9181634008772038,0.5,True
3p12__A1_Q2G1A5--3p12__D1_Q2G1A5,0.8753466578841688,0.5,True
8aq0__A1_Q6DTN4--8aq0__B1_Q6DTN4,0.9582277710270848,0.5,True
3wpm__A1_G2IKE5--3wpm__B1_G2IKE5,0.9002970907449032,0.5,True
7xof__B1_Q0DFB6--7xof__A1_Q0DFB6,0.9436891600995964,0.5,True
8a8f__A1_P32598--8a8f__B1_P42073,0.7807167990417272,0.5,False
5un7__A1_Q9NUX5--5un7__B1_Q96AP0,0.890013927439844,0.5,False
8juk__A1_V5VGC6--8juk__B1_V5VGC6,0.9614042981009037,0.5,True
8snp__A1_O09118--8snp__A2_O09118,0.8467277888751998,0.5,True
8ic6__A1_UNDEFINED--8ic6__B1_UNDEFINED,0.9106518974735884,0.5,True
6wjc__A1_P11229--6wjc__B1_Q8QGR0,0.9332800348072008,0.5,False
8ard__A1_Q64331--8ard__A2_Q64331,0.8789642421261635,0.5,True
3mqi__A1_Q9UH73--3mqi__B1_Q9UH73,0.8468472766946902,0.5,True
3q01__A1_P04637--3q01__B1_P04637,0.9713474481466906,0.5,True
7ylq__A1_Q93CA6--7ylq__B1_Q93CA6,0.8963964627315388,0.5,True
2yvo__A1_Q5SJY9--2yvo__A2_Q5SJY9,0.8617462584196885,0.5,True
5vpa__B1_P17535--5vpa__A1_P53539,0.9229956919197225,0.5,False
3v78__B1_P95092--3v78__A1_P95092,0.9449100541275388,0.5,True
7pzh__A1_A0A174J845--7pzh__B1_A0A174J845,0.9041655598795473,0.5,True
3m0f__A1_Q4KDJ6--3m0f__B1_Q4KDJ6,0.9025159113465622,0.5,True
1y4h__A1_P0C1S6--1y4h__C1_Q9EYW6,0.9254017076194117,0.5,False
2o4c__A1_Q9I3W9--2o4c__B1_Q9I3W9,0.977787991974625,0.5,True
1ynh__A1_P76216--1ynh__D1_P76216,0.9759747860880097,0.5,True
8ohx__A1_U4Q148--8ohx__B1_U4Q148,0.9357202715919883,0.5,True
3a6m__A1_Q56236--3a6m__B1_Q56236,0.9487134054264699,0.5,True
4bvp__A1_Q5ZUA2--4bvp__B1_Q5ZUA2,0.9170762630635139,0.5,True
6qpq__A1_G0SGH3--6qpq__B1_Q12158,0.9762364081461012,0.5,False
3ct6__A1_Q9CIV6--3ct6__B1_Q9CIV6,0.9192853651302783,0.5,True
1qae__A1_P13717--1qae__B1_P13717,0.8843541978065905,0.5,True
3q5w__B1_P38937--3q5w__A1_P38937,0.9004109346595318,0.5,True
8gol__B1_G9I933--8gol__A1_G9I933,0.9268829848102194,0.5,True
7epj__A1_P62554--7epj__A2_P62554,0.9612217172216184,0.5,True
1ag9__A1_P61949--1ag9__B1_P61949,0.9935241048857361,0.5,True
3gwh__B1_O31691--3gwh__A1_O31691,0.8930155309563793,0.5,True
5gw1__A1_P57768--5gw1__B1_P57768,0.916590487403699,0.5,True
3l2o__B1_Q9UKT5--3l2o__A1_P63208,0.9218105924165022,0.5,False
7y3u__A1_A0A8B9XNB5--7y3u__B1_A0A8B9XNB5,0.9191841219416682,0.5,True
3wrf__A1_E8MGH8--3wrf__A2_E8MGH8,0.9623906995503628,0.5,True
7yyl__A1_Q3AET9--7yyl__B1_Q3AET9,0.9070920347749025,0.5,True
8syb__B1_Q72KY0--8syb__A1_Q72KY0,0.9835479494512813,0.5,True
8qc3__A1_A0A1C9WRL0--8qc3__B1_A0A1C9WRL0,0.9415139264521378,0.5,True
3wtf__B1_Q9BUH6--3wtf__A1_Q9BUH6,0.9653936562723161,0.5,True
2x0e__B1_Q7BG50--2x0e__A1_Q7BG50,0.915205008304559,0.5,True
1ojh__A1_Q8YNP7--1ojh__B1_Q8YNP7,0.7451125448028674,0.5,True
3eyy__A1_Q9K4F8--3eyy__B1_Q9K4F8,0.9718072437320104,0.5,True
8bwv__D2_A0A482M8M0--8bwv__A1_A0A482M8M0,0.8563568072514587,0.5,True
7cm9__A1_A0A7V8UZ53--7cm9__B1_A0A7V8UZ53,0.9301439592319367,0.5,True
4nc8__A1_P12464--4nc8__A2_P12464,0.9712409097860537,0.5,True
1zhh__A1_P54300--1zhh__B1_P54302,0.9269228936818965,0.5,False
8c0u__A1_Q9I5Q5--8c0u__B1_Q9I5Q5,0.9212924928756856,0.5,True
2fbq__A1_Q9HZJ9--2fbq__A2_Q9HZJ9,0.9500046245589929,0.5,True
7fch__A1_O95256--7fch__C2_O95256,0.9366009173068139,0.5,True
8c7t__B1_A0A1B4XP18--8c7t__A1_A0A1B4XP18,0.9325007284178086,0.5,True
4iwn__A1_P76290--4iwn__B1_P76290,0.9845629402616412,0.5,True
1sc1__A1_P29466--1sc1__B1_P29466,0.891612236046211,0.5,True
5amt__A1_A0Q7H2--5amt__A2_A0Q7H2,0.9561624002984386,0.5,True
4ueb__C1_P48598--4ueb__D1_UNDEFINED,0.8988181251235874,0.5,False
7qfz__B1_B7L3Y3--7qfz__A1_B7L3Y3,0.8913750671022038,0.5,True
3hml__A1_A6T9H1--3hml__B1_A6T9H1,0.9339495129820625,0.5,True
1xk6__A1_P31572--1xk6__C1_P31572,0.9128343120507596,0.5,True
7r3s__A1_A0A4R2M5S2--7r3s__B1_A0A4R2M5S2,0.9414940332058409,0.5,True
2grx__A1_P06971--2grx__C1_P02929,0.8718376713139049,0.5,False
7vsf__A1_P25440--7vsf__B1_P25440,0.8596081807634416,0.5,True
3q34__A1_Q48EL2--3q34__C1_Q48EL2,0.8771064373194456,0.5,True
4r2k__A1_Q8ZP84--4r2k__A2_Q8ZP84,0.9668711768814263,0.5,True
3cgw__A1_Q8PVT6--3cgw__A2_Q8PVT6,0.9672965900954085,0.5,True
7r2f__A1_P21836--7r2f__B1_P21836,0.9810267394609355,0.5,True
4g19__A1_I6ZUH3--4g19__B1_I6ZUH3,0.9911023680082374,0.5,True
3dg8__C1_P13922--3dg8__A1_P13922,0.8406903496015538,0.5,True
6m10__A1_Q9HUW0--6m10__C1_Q9HUW0,0.8847249761631749,0.5,True
8tt2__B1_Q4K977--8tt2__A1_Q4K977,0.950491592294871,0.5,True
1h31__A1_Q939U1--1h31__B1_Q939U4,0.9306601359187349,0.5,False
5iib__A1_P04552--5iib__B1_Q8WR62,0.8965695841465247,0.5,False
6a5g__A1_UNDEFINED--6a5g__C1_UNDEFINED,0.983125770002034,0.5,True
7p7i__B1_R8APY9--7p7i__A1_R8APY9,0.9751749685922535,0.5,True
3hzu__A1_P9WHF7--3hzu__A2_P9WHF7,0.9576215897351615,0.5,True
5dob__A1_P16794--5dob__B1_P16791,0.9359440390572539,0.5,False
7xgs__A1_Q9FVC1--7xgs__A2_Q9FVC1,0.8232965201083559,0.5,True
6iju__A1_Q9KJN4--6iju__A2_Q9KJN4,0.96976364026155,0.50625,True
4kqd__B1_P06626--4kqd__A1_P06626,0.880785710038579,0.5,True
2fu3__B1_Q03555--2fu3__A1_Q03555,0.855884493451604,0.5,True
1jgt__B1_P0DJQ7--1jgt__A1_P0DJQ7,0.9216415140590288,0.5,True
6l4b__A1_Q9UGV2--6l4b__C2_Q9UGV2,0.943794625423044,0.5,True
3lzk__A1_Q92LT4--3lzk__B1_Q92LT4,0.9573620711300742,0.5,True
1ht8__A1_P05979--1ht8__B1_P05979,0.918791045991496,0.5,True
1z8h__A1_Q8YWS4--1z8h__B1_Q8YWS4,0.9066821030377772,0.5,True
8gk6__A1_W6USS8--8gk6__E1_W6USS8,0.9808603607813815,0.5,True
4mjf__A1_A6L2I4--4mjf__A2_A6L2I4,0.975814203528817,0.5,True
7m4s__A1_Q8YLC3--7m4s__D1_Q8YLC3,0.8899867767790067,0.5,True
6fju__A1_E6N8B9--6fju__B1_E6N8B9,0.9655525553213908,0.5,True
6lgq__A1_P21865--6lgq__B1_P21866,0.7307352496961119,0.5,False
2y27__B1_B4E7B5--2y27__A1_B4E7B5,0.9558540895316034,0.5,True
2tdx__A1_P0DJL7--2tdx__A2_P0DJL7,0.9848228890792958,0.5,True
8aim__C1_Q6GJ88--8aim__A1_A0A141HSF0,0.8140103516424639,0.5,False
8fj8__A1_P02638--8fj8__A2_P02638,0.9261878029654975,0.49975049900199603,True
3uv0__B1_Q9W061--3uv0__A1_Q9W061,0.954119325879229,0.5,True
8alo__B1_P24003--8alo__A1_P15795,0.8706099702453539,0.5,False
2zb6__A1_P08362--2zb6__A2_P08362,0.9471542894681836,0.5,True
6xa0__A1_D1A230--6xa0__B1_D1A230,0.9432889039816622,0.5,True
1zbo__B1_Q7WAM7--1zbo__A1_Q7WAM7,0.8567281669615905,0.5,True
6xb5__A1_A0A7E5VPD6--6xb5__B1_A0A7E5VPD6,0.960151685100167,0.5,True
8duy__D1_A0A0H3GVN6--8duy__A1_A0A0H3GVN6,0.967178266923165,0.5,True
7th5__A1_Q5SLG6--7th5__B1_Q5SLG6,0.7779526453694369,0.5,True
3uws__B1_A7A9N3--3uws__A1_A7A9N3,0.9697459442913988,0.5,True
4u04__B1_Q9BVA6--4u04__A1_Q9BVA6,0.9456092001460983,0.5,True
2kin__A1_P56536--2kin__B1_Q6QLM7,0.9143999363327674,0.5020408885116016,False
3ulc__A1_Q08236--3ulc__A2_Q08236,0.9495534806910568,0.5,True
8b2a__A1_Q2YWJ9--8b2a__A2_Q2YWJ9,0.9897197877497155,0.5,True
8qff__A1_K9TLZ5--8qff__A2_K9TLZ5,0.9511696083688792,0.5,True
6w9q__A1_P0DTD1--6w9q__A2_P0DTD1,0.8916333341491642,0.5,True
8c8c__A1_P48426--8c8c__A2_P48426,0.9816701840379423,0.5,True
8iup__B1_A9A1Y1--8iup__A1_A9A1Y1,0.9668855553251123,0.5,True
3o7o__A1_Q9S5X8--3o7o__B1_Q9S5X8,0.9356708066451715,0.5,True
4bg8__A1_Q8TX37--4bg8__B1_Q8TX37,0.9877674367734677,0.5,True
7qxo__A1_G8UIQ1--7qxo__B1_G8UIQ1,0.9416666207383901,0.5,True
4xiz__A1_Q05776--4xiz__D1_O60200,0.8150758547913262,0.5,False
2x3l__B1_UNDEFINED--2x3l__A1_UNDEFINED,0.9418519462630739,0.5,True
7pwe__A1_Q6AL91--7pwe__B1_Q6AL91,0.8614798026055924,0.5,True
6uxu__A1_E2JB04--6uxu__B1_E2JB04,0.8542913435819294,0.5,True
3bid__A1_Q7DDI1--3bid__B1_Q7DDI1,0.8682174191702846,0.5054568431420119,True
4f7w__A1_B5XYG3--4f7w__B1_B5XYG3,0.9310106851882088,0.5,True
2rae__A1_Q0S3N9--2rae__A2_Q0S3N9,0.9483671833164308,0.5,True
7ads__A1_A0A0R8HV90--7ads__A2_A0A0R8HV90,0.8329038380771937,0.49986158020043187,True
7yn1__A1_E9JES9--7yn1__C1_E9JES9,0.9153263590034667,0.5,True
3t7y__A1_O84093--3t7y__B1_O84093,0.9396727699579001,0.5,True
8hhj__B1_UNDEFINED--8hhj__A1_A0A0Y5KAW3,0.764691869307874,0.5,False
7u6p__A1_P11926--7u6p__B1_P11926,0.901641058472717,0.5,True
4mis__A1_Q57ES7--4mis__B1_Q57ES7,0.9176548405426522,0.5,True
2blf__A1_Q9LA16--2blf__B1_Q9LA15,0.9109007028493263,0.5,False
3ke3__A1_Q4FVA8--3ke3__A2_Q4FVA8,0.9721164606346042,0.5,True
7ywc__A1_Q9L0T8--7ywc__B1_Q9L0T8,0.9702143912455181,0.5,True
4wwr__B1_P46379--4wwr__A1_P11441,0.848146012865639,0.5,False
7r0d__B1_Q9NV35--7r0d__A1_Q9NV35,0.9428726541682074,0.5,True
8w6x__A1_P21852--8w6x__B1_P21853,0.889680310898024,0.5,False
8hdv__A1_UNDEFINED--8hdv__B1_UNDEFINED,0.7444340826950496,0.5,True
3fmf__A1_P9WPQ5--3fmf__B1_P9WPQ5,0.8950299162941744,0.5,True
2xrm__A1_D0AB41--2xrm__A2_D0AB41,0.946251795477959,0.5,True
4xj7__A1_P66881--4xj7__B1_P66881,0.9486263426996921,0.5,True
7yrt__E1_H9L4P6--7yrt__A1_H9L4P6,0.8209019482391513,0.49992424816301795,True
7tye__A1_P0A7J0--7tye__A2_P0A7J0,0.9185558125014831,0.5,True
2zvd__B1_Q9RBY1--2zvd__A1_Q9RBY1,0.9969474191973544,0.5,True
3mtw__A1_Q9A4Z9--3mtw__A2_Q9A4Z9,0.9890464103484544,0.5,True
3n2o__A1_Q7MK24--3n2o__B1_Q7MK24,0.8393933442810917,0.5,True
7ywd__A1_Q8TB36--7ywd__A2_Q8TB36,0.9964586205078375,0.5,True
5upq__A1_A0A0A0V031--5upq__B1_A0A0A0V031,0.9103691639241648,0.5,True
1vgu__A1_Q46893--1vgu__B1_Q46893,0.9469704217145144,0.5,True
2dp9__A1_Q5SM30--2dp9__A2_Q5SM30,0.9527418669360053,0.504424778761062,True
8a7l__A1_M1JS91--8a7l__A2_M1JS91,0.9668288404964143,0.5,True
7uqv__A1_A0A0L6JSP1--7uqv__B1_A0A0L6JSP1,0.9866553556490285,0.5,True
5d1r__A1_P9WMC9--5d1r__B1_P9WMC9,0.9174150974941564,0.5,True
3f6q__A1_Q13418--3f6q__B1_P48059,0.9323167667696391,0.5,False
7xyk__A1_Q77J90--7xyk__B1_Q77J90,0.9478325193274513,0.5,True
7xxk__A1_P0DTC9--7xxk__B1_P0DTC9,0.8748750724937041,0.5,True
3qta__A1_Q5V4K4--3qta__B1_Q5V4K4,0.9879931814659848,0.5,True
8oqj__B1_P06959--8oqj__A1_P06959,0.902972602739726,0.5,True
1tbp__A1_P13393--1tbp__B1_P13393,0.9354979068748265,0.5,True
7qfk__C1_Q5FLN0--7qfk__A1_Q5FLN0,0.957106473874466,0.5,True
7r3o__B1_Q460N3--7r3o__A1_Q460N3,0.93099518623969,0.5,True
2z0l__A1_P03191--2z0l__B1_P03191,0.9456608436962791,0.5,True
1wli__A1_Q46604--1wli__B1_Q46604,0.9422257078507078,0.5,True
8b3e__A1_M4SY06--8b3e__A2_M4SY06,0.914008090325402,0.5,True
1d8i__A1_O13297--1d8i__A2_O13297,0.9381874845617859,0.5,True
7vo4__B2_F1CLA7--7vo4__A1_F1CLA7,0.9689262266615952,0.5,True
8eh0__B1_P50909--8eh0__A1_P50909,0.9442539618393325,0.5,True
7q39__A1_UNDEFINED--7q39__A2_UNDEFINED,0.9706562583585426,0.5,True
3seo__B1_Q87GE5--3seo__A1_Q87GE5,0.9741971544715446,0.5,True
3iey__B1_Q74MS9--3iey__A1_Q74MP4,0.9590027497232984,0.5,False
4yto__B1_Q15431--4yto__A1_Q15431,0.7774652155134401,0.5,True
6csm__A1_L1J207--6csm__B1_L1J207,0.9289904986759467,0.5,True
4ndt__A1_A7UNK4--4ndt__A2_A7UNK4,0.8255118848590658,0.5,True
8j3p__A1_B9WHT3--8j3p__A2_B9WHT3,0.9732904819409887,0.5,True
7pv7__B1_Q7MVV4--7pv7__A1_Q7MVV4,0.9109105735272528,0.5,True
7uj6__A1_Q8RMD9--7uj6__B1_Q8RMD9,0.9617759586270476,0.5,True
3k9i__A1_Q9KFK0--3k9i__A2_Q9KFK0,0.9117798364580005,0.5202826790132165,True
7z1s__A1_A0A3Q7HTY9--7z1s__A2_A0A3Q7HTY9,0.9565637929156086,0.5,True
2e89__A1_O67728--2e89__B1_O67728,0.9658946019256744,0.5,True
2woz__A1_Q9ER30--2woz__A2_Q9ER30,0.8825311824713769,0.5,True
7xxs__A1_B2CKP3--7xxs__B1_B2CKP3,0.9191725786551511,0.5,True
8fir__A1_O83132--8fir__B1_O83132,0.9838682651507987,0.5,True
3i6s__A1_O82777--3i6s__B1_O82777,0.9825784122718741,0.5,True
7yhe__B1_A6YEH4--7yhe__A1_A6YEH4,0.8730480147013997,0.5,True
1ku2__A1_Q9EZJ8--1ku2__B1_Q9EZJ8,0.8137767332751151,0.5,True
6qwo__B1_Q9S5W7--6qwo__A1_Q9S5W7,0.9665221348041279,0.5,True
1mxi__A1_P44868--1mxi__A2_P44868,0.8982991762448325,0.5,True
8fuq__A1_P22363--8fuq__B1_P22363,0.9093745051464767,0.5,True
6hhk__B1_A8AST9--6hhk__A1_A8AST9,0.9522150428453515,0.5,True
2vhl__A1_O34450--2vhl__A2_O34450,0.9887065150857008,0.5,True
8h1i__A1_W6EBY7--8h1i__B1_P0A9Y6,0.9042025853749944,0.5,False
5wan__A1_P75898--5wan__A2_P75898,0.9733248942114961,0.5,True
4x7z__B1_Q49492--4x7z__A1_Q49492,0.974438417358009,0.5,True
5c6k__B1_P36932--5c6k__A1_P36932,0.9437226640561981,0.5,True
6a1k__A1_P71018--6a1k__B1_P71018,0.9751897042441146,0.5,True
7pjh__A1_Q9Y312--7pjh__B1_Q6P2Q9,0.9561347480133537,0.5,False
4joi__A1_Q9H668--4joi__C1_Q86WV5,0.9070334653874343,0.5,False
8axz__A1_P31153--8axz__A2_P31153,0.9484423007177967,0.5,True
8ogi__B1_P11678--8ogi__A1_P11678,0.824842708283639,0.5,True
8cxl__A1_A7KH32--8cxl__B1_A7KH32,0.8861283446658014,0.5,True
7win__B1_Q9UIF8--7win__A1_Q9UIF8,0.8461799289034728,0.5,True
4bwv__A1_Q8L5D0--4bwv__B1_Q8L5D0,0.9124454840512624,0.5,True
7drj__A1_P63756--7drj__B1_P63756,0.9096110300530921,0.5,True
6t2b__A1_B2UQL7--6t2b__C1_B2UQL7,0.9714675819661631,0.5,True
7t2s__A1_A0A494K842--7t2s__A2_A0A494K842,0.9100728438954312,0.5,True
3frw__B1_A5ZMD8--3frw__A1_A5ZMD8,0.8638537011995566,0.5034246575342466,True
5ab5__A1_C9ZUV7--5ab5__B1_C9ZUV7,0.9660467291027377,0.5,True
8jqp__A2_UNDEFINED--8jqp__B1_UNDEFINED,0.9915271215353674,0.5,True
5myd__C2_A0A2D0TC86--5myd__A1_A0A2D0TC86,0.9659787438818095,0.5,True
5cde__A1_Q8P839--5cde__B1_Q8P839,0.9356945958691028,0.5,True
6pi4__A1_A0R1Z9--6pi4__A2_A0R1Z9,0.9821579112928593,0.5330525846702318,True
3ipf__A1_Q251Q8--3ipf__B1_Q251Q8,0.9302372113616239,0.5093211463796744,True
4c11__B1_Q6YMS4--4c11__A1_Q6YMS4,0.9438858351031112,0.5,True
2p3y__A1_Q87I71--2p3y__B1_Q87I71,0.9462775552996032,0.5,True
5jbr__A1_C5C6I1--5jbr__B1_C5C6I1,0.9241644363518855,0.5,True
8ttz__A1_G8E2R2--8ttz__B2_G8E2R2,0.9699868864470094,0.5,True
3vba__A1_Q58673--3vba__B1_Q58673,0.9784500324236891,0.5,True
4o6y__B1_Q9SWS1--4o6y__A1_Q9SWS1,0.8715780300562532,0.5,True
4e5r__A1_Q6IRB5--4e5r__A2_Q6IRB5,0.7133351694858325,0.5,True
7ywv__A1_Q0SBK1--7ywv__C1_Q0SBK1,0.9761218768166442,0.5,True
8eer__A1_P01116--8eer__A2_P01116,0.9195243516983531,0.5,True
3f84__B1_E3PPC4--3f84__A1_E3PPC4,0.7982601825155083,0.5,True
5mu7__A1_G0S6G7--5mu7__B1_G0S6I4,0.9086868759601924,0.5,False
8hfp__B1_Q96T68--8hfp__A1_Q8N8R7,0.7553889174228157,0.5,False
4rmn__B1_Q6NC13--4rmn__A2_Q6NC13,0.9214639776438515,0.5,True
3mx1__A1_Q46944--3mx1__A2_Q46944,0.932983669479707,0.5,True
5gl5__A1_Q06321--5gl5__B1_Q06321,0.9673162919653893,0.5,True
5gl4__A1_B6YTD8--5gl4__B1_B6YTD8,0.9919322475300619,0.5,True
7wf9__A1_Q3ZT31--7wf9__B1_Q3ZT31,0.8514744884604176,0.5,True
8fw0__B1_P39897--8fw0__A1_P39897,0.8950476980755413,0.5,True
8ou8__B1_P0A8M3--8ou8__A1_P0A8M3,0.9529806314038919,0.5,True
7acm__B1_P75811--7acm__A1_P75811,0.9187003296327991,0.5,True
4trb__A1_Q97W95--4trb__B1_Q97W95,0.9320861659981312,0.5,True
7y55__A1_A0A9E8RZN7--7y55__C2_A0A9E8RZN7,0.9665500978594832,0.5,True
2ia9__B1_P28015--2ia9__A1_P28015,0.8790722981704413,0.5,True
3sy6__A1_Q5LE92--3sy6__B1_Q5LE92,0.9664254503307461,0.5,True
6xz3__A1_Q9H1K6--6xz3__A2_Q9H1K6,0.962801631691829,0.5,True
2h8e__A1_P0AG74--2h8e__A2_P0AG74,0.8228171973725437,0.5,True
3gyx__A1_T2G6Z9--3gyx__B1_T2G899,0.8294660730947204,0.5,False
4e0u__A1_D1D8L6--4e0u__A2_D1D8L6,0.9981740752882335,0.5,True
6teu__A1_O60568--6teu__A2_O60568,0.9634340313509362,0.5,True
6xt5__B1_P49046--6xt5__A1_P49046,0.9928646823350822,0.5,True
8g1t__A1_Q07812--8g1t__B1_Q07812,0.7591456482746425,0.5,True
7xp7__B1_W9FXI8--7xp7__A1_W9FXI8,0.9614508035856362,0.5,True
8i55__A1_Q58380--8i55__B1_Q58380,0.9631323264316777,0.5224850998959579,True
1h65__A1_Q41009--1h65__A2_Q41009,0.9815419309534827,0.5,True
3ol4__A1_A0QRC4--3ol4__B1_A0QRC4,0.958700295843153,0.5,True
8idq__A1_A0A0B8MZ29--8idq__C1_A0A0B8MZ29,0.9556737854837817,0.5,True
5hcb__A1_P83003--5hcb__B1_P83003,0.9446776913050885,0.5,True
3f6g__B1_Q8F3Q1--3f6g__A1_Q8F3Q1,0.9309737280669975,0.5,True
6akj__B1_G2TRN4--6akj__A1_G2TRN4,0.8908790210999653,0.5,True
8ju7__A1_Q9I2U4--8ju7__B1_Q9I2U4,0.9039310030641728,0.5,True
3nel__A1_Q52428--3nel__B1_Q52428,0.9447553667476304,0.5,True
2dc1__A1_O28440--2dc1__B1_O28440,0.9549569763360735,0.5,True
8fzk__B1_P52292--8fzk__A1_P52292,0.8788713800937722,0.5,True
8e1u__A1_A0A160VN62--8e1u__F2_A0A160VN62,0.9642044044985633,0.5,True
1v7c__A1_P83823--1v7c__B1_P83823,0.9616549845060227,0.5,True
7skr__A1_Q0QDZ2--7skr__A2_Q0QDZ2,0.8476879624701981,0.5,True
3egg__A1_P62136--3egg__C1_O35274,0.930212314248182,0.5,False
8imd__A1_UNDEFINED--8imd__B1_UNDEFINED,0.9779092802016558,0.5,True
4yke__B1_G0RYR3--4yke__A1_G0RYR3,0.9940204173887496,0.5,True
1tq9__A1_P00669--1tq9__B1_P00669,0.9388059763499618,0.5,True
4oh3__B1_Q05085--4oh3__A1_Q05085,0.9244970532596042,0.5,True
4q62__A1_Q5ZUB7--4q62__A2_Q5ZUB7,0.9005240683229814,0.5,True
2we5__A1_P0A2X7--2we5__B1_P0A2X7,0.951659974355046,0.5,True
5t51__A1_Q6CLK3--5t51__B1_Q6CPD1,0.9006701940035273,0.5,False
3i0z__A1_A0A0H2UN25--3i0z__B1_A0A0H2UN25,0.9124970275348269,0.5,True
3wof__A1_Q8RQE9--3wof__B1_A7XX65,0.6834431114247628,0.5,False
8p6k__A1_A0A0H2UWN1--8p6k__B1_A0A0H2UWN1,0.9183483831117081,0.5,True
7z9z__A1_P02754--7z9z__A2_P02754,0.9423409717863561,0.5,True
6d0i__A1_A0A0C5XL88--6d0i__B1_A0A0C5XKJ0,0.8314017999098928,0.5,False
3gs3__A1_Q8MSU4--3gs3__A2_Q8MSU4,0.9960323076426494,0.5,True
2f4m__A1_Q9JI78--2f4m__B1_P54728,0.9361770117609063,0.5,False
4yh8__A1_Q09176--4yh8__B1_P36629,0.8289817448163543,0.5,False
6ago__A1_Q9NR48--6ago__C1_Q9UBU8,0.9031023961899092,0.5,False
7rmx__A1_UNDEFINED--7rmx__A2_UNDEFINED,0.9427198615724302,0.5,True
1e44__B1_P00646--1e44__A1_P02984,0.8913263001038338,0.5,False
2yri__A1_Q5SLX0--2yri__B1_Q5SLX0,0.9752829892823105,0.5,True
1gcj__A1_P70168--1gcj__B1_P70168,0.977879405611287,0.5,True
7qbp__A1_A4F7B2--7qbp__A2_A4F7B2,0.9445135217568725,0.5,True
4hdd__A1_P09391--4hdd__A2_P09391,0.7676588792382149,0.5,True
3e4q__A1_P13633--3e4q__B1_P13633,0.9620315797027245,0.5,True
8ein__B1_Q6FCQ4--8ein__A1_Q6FCQ4,0.981748251644309,0.5,True
6ygu__A1_G0RZ64--6ygu__B1_G0S1V1,0.8602990447910234,0.5,False
2yyh__A1_O67435--2yyh__B1_O67435,0.9759897134992213,0.5,True
5wk0__A1_A0A2C9TMM3--5wk0__A2_A0A2C9TMM3,0.9736342757193286,0.5,True
8h4j__A1_W8UQZ7--8h4j__D1_W8UQZ7,0.8960856956234599,0.5,True
1z83__A1_P00568--1z83__B1_P00568,0.8978513489014042,0.5,True
8h2c__A1_Q0P8U0--8h2c__B1_Q0P8U0,0.9221959809345901,0.5,True
2dkh__A1_Q6SSJ6--2dkh__A2_Q6SSJ6,0.8487544761064967,0.5,True
7c7e__A1_A0A0H3MRW3--7c7e__A2_A0A0H3MRW3,0.9398923444976077,0.5,True
7px2__A1_UNDEFINED--7px2__B1_UNDEFINED,0.7944277682485229,0.5,True
3dpt__B1_Q8KC98--3dpt__A1_Q8KC98,0.9345146954509145,0.5,True
3fgw__A1_Q3TCN2--3fgw__A2_Q3TCN2,0.9872123156660703,0.5,True
7wh0__A1_Q9U2E4--7wh0__B2_Q9U2E4,0.9966870783709367,0.5,True
8dq3__A1_A0A142G3G1--8dq3__B1_A0A142G3G1,0.8990733332512425,0.5,True
8hci__B1_A0A8T8BZJ9--8hci__A1_A0A8T8BZN3,0.9014356038658721,0.5,False
3qth__A1_Q47ZP9--3qth__B1_Q47ZP9,0.8743047450801348,0.5,True
8b28__A1_F6GSX7--8b28__A2_F6GSX7,0.9894443352788413,0.5,True
6scx__A1_Q9BQG2--6scx__B1_Q9BQG2,0.9051710367637672,0.5,True
8hpc__A1_P60327--8hpc__H1_P60327,0.9632027036698342,0.5,True
5n76__A1_P72320--5n76__B1_P72320,0.9493511968460894,0.5,True
8hpi__A1_A0A8D3X086--8hpi__B1_A0A8D3X086,0.9635172472038898,0.5,True
3cq3__A1_Q53W28--3cq3__A2_Q53W28,0.8182221914616281,0.5,True
3kbu__A1_P11277--3kbu__D1_P16157,0.84312977114317,0.5,False
7pck__A1_P43235--7pck__C2_P43235,0.9805456457633059,0.5,True
5o4z__A1_Q9X1T1--5o4z__A2_Q9X1T1,0.974560558101783,0.5,True
1vla__A1_Q9X021--1vla__B1_Q9X021,0.9274752792821813,0.5,True
5oed__A1_Q6EAT3--5oed__B1_Q13637,0.9188554667466093,0.5,False
8hyn__A1_UNDEFINED--8hyn__B1_UNDEFINED,0.9487389919696191,0.5,True
7yva__A1_Q9URB4--7yva__B1_Q9URB4,0.9743662168272601,0.5,True
7s6n__B1_Q5RGJ8--7s6n__A1_Q5RGJ8,0.8547052774187858,0.5,True
4cz8__A1_Q9UZ55--4cz8__B1_Q9UZ55,0.9380958861490575,0.5,True
6ebn__A1_A0A4P1LYB6--6ebn__B1_A0A4P1LYB6,0.936525054957137,0.5,True
3ffe__B1_Q93AT8--3ffe__A1_Q93AT8,0.9462988282191603,0.5,True
7zg6__A1_A0A2J0RDY6--7zg6__B1_A0A2J0RDY6,0.8669980280945702,0.5,True
1p65__A1_Q9YJI1--1p65__B1_Q9YJI1,0.8365705515267972,0.4998408656906429,True
8f4q__A1_Q00972--8f4q__A2_Q00972,0.9291140689313058,0.5,True
4rz3__A1_A4IMB4--4rz3__B1_A4IMB4,0.9308480826635348,0.5,True
7tjl__A1_UNDEFINED--7tjl__A2_UNDEFINED,0.9671334940443979,0.5,True
8f8k__A1_O53507--8f8k__A2_O53507,0.9631254718234259,0.5,True
3zw5__A1_A6NK44--3zw5__B1_A6NK44,0.8847320092292343,0.5,True
6l3q__B1_G0SEI5--6l3q__A1_G0SEI5,0.9441214842496028,0.5,True
8ag8__A1_A0A1I5SVP7--8ag8__A2_A0A1I5SVP7,0.9370824401571991,0.5,True
2i2w__A1_P63224--2i2w__D1_P63224,0.9619777945808835,0.5,True
2f22__B1_Q9RC77--2f22__A1_Q9RC77,0.94935833437331,0.5,True
6yex__A1_UNDEFINED--6yex__B1_UNDEFINED,0.874424288963205,0.5,True
3tng__A1_Q8Y7B7--3tng__A2_Q8Y7B7,0.9507754204992538,0.5,True
8gr8__B1_P08679--8gr8__A1_P08679,0.976549658959368,0.5,True
7ae8__A1_A0A0B0QJR1--7ae8__B1_A0A0B0QJR1,0.9056426619350142,0.5,True
2w54__B1_O54051--2w54__A1_O54050,0.9229267595027946,0.5,False
4cuc__A1_A0A0H2UP19--4cuc__A2_A0A0H2UP19,0.890852792499918,0.5,True
4b0z__A1_P50524--4b0z__B1_P50524,0.9893498948211961,0.5,True
2re7__A1_Q4FV99--2re7__A2_Q4FV99,0.9356192173839232,0.5,True
8h0t__A1_O34614--8h0t__A2_O34614,0.9753558763469286,0.49997037212609624,True
1te2__A1_P77247--1te2__B1_P77247,0.9802566004931166,0.5,True
7xt2__A1_Q6ZMU5--7xt2__B1_Q6ZMU5,0.9066720481194757,0.5,True
1ev7__A1_P50187--1ev7__B1_P50187,0.9370489548954897,0.5,True
1ogl__A1_O15923--1ogl__A2_O15923,0.9872285369203024,0.5,True
3lrt__B1_Q97CA5--3lrt__A1_Q97CA5,0.9678485750290773,0.5,True
3rvb__A1_P26663--3rvb__A2_P26663,0.8063758364173302,0.5,True
3fou__A1_Q5SGZ9--3fou__B1_Q5SGZ9,0.9033106563117995,0.5,True
5jnq__A1_R0BTE9--5jnq__A2_R0BTE9,0.9415415643424012,0.5,True
4g12__A1_A5U5K3--4g12__B1_A5U5K3,0.9791162526041925,0.5,True
3evj__B1_P01008--3evj__A1_P01008,0.9907972164447774,0.5,True
2oq2__B1_P18408--2oq2__A1_P18408,0.9846358593865636,0.5,True
8he6__A1_Q8YSS0--8he6__B1_Q8YSS0,0.9689317324066739,0.5,True
2xij__A1_P22033--2xij__A2_P22033,0.9651591818912916,0.5,True
1nr5__A1_P07547--1nr5__A2_P07547,0.957106546424616,0.5,True
1gmj__A1_P01096--1gmj__B1_P01096,0.9131732136007762,0.5,True
4yba__B1_Q93K36--4yba__A1_Q93K36,0.9879852006548839,0.5,True
8ok7__A1_M4T0B2--8ok7__D1_M4T0B2,0.9558706061109055,0.5018411737750595,True
7f76__B1_A0A223KLJ1--7f76__A1_A0A223KLJ1,0.8306302325172366,0.5,True
8jmq__A1_A9CQD5--8jmq__B1_A9CQD3,0.9404904303711676,0.5,False
7zgt__A1_W8R3D8--7zgt__B1_W8R3D8,0.9851277687937119,0.5,True
7xgt__B1_Q6H8B1--7xgt__A1_Q6H8B1,0.9823904318957777,0.5,True
3i2t__A1_P04412--3i2t__A2_P04412,0.9078276867717561,0.5,True
8tjk__A1_A0A0F7G196--8tjk__B1_A0A0F7G196,0.9675797912624925,0.49999493188452804,True
7wt0__A1_Q04760--7wt0__B1_Q04760,0.8512728166884388,0.5,True
3if0__A1_Q74MS9--3if0__A2_Q74MS9,0.9920791766396447,0.5060240963855421,True
3qrh__A1_Q8SSM8--3qrh__A2_Q8SSM8,0.942611987739097,0.5,True
8q70__A1_Q8U2C1--8q70__A2_Q8U2C1,0.9394954794382717,0.5,True
7vso__A1_P02945--7vso__A2_P02945,0.9152699905377433,0.5,True
5f8b__A1_Q4WB03--5f8b__A2_Q4WB03,0.9472429945931626,0.5,True
8ax0__A1_A0A384E145--8ax0__B1_A0A384E145,0.9763289116905043,0.5,True
8ant__B1_A0A1P8CWW1--8ant__A1_A0A1P8CWW1,0.7439856925263615,0.5,True
7r5y__E2_R7PD89--7r5y__A1_R7PD89,0.9817437153525682,0.5,True
5il7__A1_Q8KC98--5il7__B1_Q8KC98,0.8829265401222888,0.5,True
3ct9__B1_Q8A1V9--3ct9__A1_Q8A1V9,0.9484795834076112,0.5,True
8pvm__A1_P29166--8pvm__B1_P29166,0.9106551827171552,0.5,True
8ct0__F1_S4S3E3--8ct0__A1_S4S3E3,0.9278745246703961,0.5,True
3q2j__B1_P0A3Y5--3q2j__A1_P0A3Y5,0.8802279440926446,0.5,True
7xzp__B1_A0A379CIH2--7xzp__A1_A0A379CIH2,0.9758092660157623,0.5,True
7tvm__A1_UNDEFINED--7tvm__B1_UNDEFINED,0.9822297144141271,0.5,True
3qvf__A1_Q56187--3qvf__A2_Q56187,0.9517728036709976,0.5,True
6gxs__A1_Q7NZ70--6gxs__D1_Q7NZ70,0.6778307806929044,0.5,True
2hr8__A1_O58456--2hr8__B1_O58456,0.8713793804444676,0.5,True
2zyf__A1_O87198--2zyf__A2_O87198,0.8995355949815627,0.5,True
7s3v__A1_Q16719--7s3v__A2_Q16719,0.9433666367159279,0.5,True
6a29__A1_O32504--6a29__B1_O32504,0.9808924469214699,0.5,True
4ml6__C1_A6GV51--4ml6__A1_A6GV51,0.9716176714568365,0.5,True
4cht__A1_Q13472--4cht__B1_Q9H9A7,0.9008960268952255,0.5,False
1n4p__B1_P53610--1n4p__A1_Q04631,0.9532708648670181,0.5,False
1tec__A1_P04072--1tec__B1_P01051,0.9590027806345941,0.5,False
6b9t__A1_A9A1T2--6b9t__B1_A9A1T2,0.8751400564137585,0.5,True
3g0k__A1_Q2G4A7--3g0k__A2_Q2G4A7,0.9154031675448102,0.5,True
7zoo__B1_A0A979GQH9--7zoo__A1_A0A979GQH9,0.7098037042168953,0.5,True
8hy5__A1_P14920--8hy5__B1_P14920,0.8613548072075242,0.5,True
8fts__A1_R9UTR3--8fts__A2_R9UTR3,0.965048874167431,0.5,True
1jrk__A1_Q8ZTD8--1jrk__B1_Q8ZTD8,0.9257091369738716,0.5,True
7y8v__A1_UNDEFINED--7y8v__B1_UNDEFINED,0.9522885354438568,0.5,True
2ejn__A1_P30440--2ejn__B1_P30440,0.9675613030694598,0.5,True
5hs5__A1_Q2G0D1--5hs5__B1_Q2G0D1,0.9586388197084226,0.5,True
3v89__A1_Q9K0U9--3v89__B1_P02787,0.8847022868458705,0.5,False
8e3g__B1_P43026--8e3g__A1_P12643,0.8314765011879205,0.5059779581554047,False
2w8b__A1_P0A855--2w8b__H1_P0A912,0.8699017991722497,0.5,False
5f7p__B1_Q8YAF1--5f7p__A1_Q8YAF1,0.9628614871662977,0.5,True
8f71__B1_Q6N5G3--8f71__A1_Q6N5G3,0.9739520395284513,0.5,True
8hwi__B1_A0A327WNX5--8hwi__A1_A0A327WNX5,0.9322065331263083,0.5,True
7r3i__B1_P54292--7r3i__A1_P54292,0.8904737517845245,0.5,True
8afj__A1_A0A179QS89--8afj__B1_A0A179QS89,0.9779474604294753,0.5,True
3pub__B1_E5EVW2--3pub__A1_E5EVW2,0.94632938038361,0.5,True
8es5__A1_A0A0H2Z732--8es5__B1_A0A0H2Z732,0.896241110262561,0.5,True
7txn__B1_Q8YVV6--7txn__A1_Q8YVV6,0.9857928003170918,0.5,True
3py6__A1_Q2YQ74--3py6__A2_Q2YQ74,0.9228971390240943,0.5,True
1hjr__A1_P0A814--1hjr__C1_P0A814,0.9607666229221348,0.5,True
8k3b__A1_A0A071KWR3--8k3b__A2_A0A071KWR3,0.9577390861974797,0.5,True
3w2z__A1_Q8YXY7--3w2z__A2_Q8YXY7,0.9637973848801146,0.5,True
8f78__A1_P55212--8f78__B1_P55212,0.8240682978013069,0.5,True
6wg4__A1_Q14683--6wg4__B1_Q9UQE7,0.7647106810494676,0.5,False
7zry__A1_O60341--7zry__B1_Q9UKL0,0.8859378873273109,0.5,False
1uix__A1_Q28021--1uix__B1_Q28021,0.9211289602855869,0.5,True
7vrc__A1_P38956--7vrc__B1_P22082,0.9129958600135571,0.5,False
1oz0__A1_P31335--1oz0__B1_P31335,0.9468455513223271,0.5,True
7eft__B1_P16926--7eft__A1_P16926,0.8629099690495208,0.5,True
5jsn__A1_P10415--5jsn__B1_UNDEFINED,0.9145534118545149,0.5,False
8e2b__B1_Q2FYI5--8e2b__A1_Q2FYI5,0.8963375334691565,0.5,True
7jw6__A1_Q9VIF1--7jw6__A2_Q9VIF1,0.9722284996861268,0.5,True
1jkw__A1_P51946--1jkw__A2_P51946,0.9491246120590757,0.5,True
4pfp__B1_F1RQI7--4pfp__A1_F1RQI7,0.9894996135016748,0.5,True
8h1s__A1_Q9I5U2--8h1s__B1_Q9HX32,0.8091627758161373,0.5,False
7t0y__A1_P62136--7t0y__B1_Q14684,0.7653123352617767,0.5,False
1tz9__A1_Q82ZC9--1tz9__B1_Q82ZC9,0.9062890449484655,0.5,True
2wns__B1_P11172--2wns__A1_P11172,0.9549567333366513,0.5,True
6s8v__B1_P08195--6s8v__A1_P80188,0.8329308012083302,0.5,False
2gt4__A1_P32056--2gt4__B1_P32056,0.9160051023600005,0.5,True
3bof__A1_Q9WYA5--3bof__B1_Q9WYA5,0.9923444407354547,0.5,True
6trj__A1_O75475--6trj__A2_O75475,0.9122824785120474,0.50390625,True
8h4z__A1_A0A2X5A3P4--8h4z__B1_A0A2X5A3P4,0.9969066062031791,0.5,True
2hre__A1_P22830--2hre__B1_P22830,0.9275230946965647,0.5,True
5yjc__A1_Q5HK94--5yjc__B1_Q5HK94,0.865037649525525,0.5,True
8d6k__A1_Q9L1K2--8d6k__B1_Q9L1K2,0.9492874445468277,0.5,True
2zew__B1_Q9ZA17--2zew__A1_Q9ZA17,0.9645106528221894,0.5,True
5wpi__A1_Q58PW8--5wpi__B1_Q58PW8,0.9484261704178718,0.5,True
8fk6__A1_A0A0C9S461--8fk6__B1_P80098,0.9138487771335118,0.5,False
7tm7__A1_A0A0H3GYH4--7tm7__B1_A0A0H3GYH4,0.9796856397758917,0.5,True
8gy0__A1_A0A8H4VHP2--8gy0__B1_A0A8H4VHP2,0.8908668551658852,0.5,True
7x4b__A1_A0A2D0TCG3--7x4b__B1_A0A2D0TCG3,0.8716402731367138,0.5,True
3npi__A1_Q6NFU8--3npi__B1_Q6NFU8,0.9251200696931212,0.5,True
8cok__B1_Q9NXR8--8cok__A1_Q9NXR8,0.8916242292801292,0.5,True
1wz3__A1_Q9LVK3--1wz3__B1_Q9LVK3,0.775892109392297,0.4994128009395185,True
1nw1__A1_Q22942--1nw1__B1_Q22942,0.9092663541486646,0.5,True
1hrp__B1_P0DN86--1hrp__A1_P01215,0.7421332429393479,0.5,False
3qf4__B1_Q9WYC4--3qf4__A1_Q9WYC3,0.9216261867002672,0.5,False
7y4o__B1_A0A0G2JZC4--7y4o__A1_A0A0G2JZC4,0.9711590740052529,0.5,True
8hns__A1_A0A377JKY9--8hns__A2_A0A377JKY9,0.8262061964586053,0.5,True
3mpn__A1_O67854--3mpn__A2_O67854,0.9783262752618064,0.5,True
6vlg__A2_Q9WTS2--6vlg__C1_Q9WTS2,0.9520511059120754,0.5,True
1v71__A1_O59791--1v71__A2_O59791,0.9921163054809535,0.5,True
3fpk__A1_Q8ZKP5--3fpk__B1_Q8ZKP5,0.9172599930685356,0.5,True
8eb3__A1_K2K6A3--8eb3__B1_K2K6A3,0.9511090582499357,0.5,True
4z1i__C1_Q12931--4z1i__A1_Q12931,0.9537743179088537,0.5,True
8pz3__A1_D7SFB8--8pz3__B1_D7SFB8,0.8958194088806396,0.5,True
5vpb__B1_P17535--5vpb__A1_P53539,0.9081949217258496,0.5,False
8bt3__A1_Q6F0T5--8bt3__A2_Q6F0T5,0.9195670397917582,0.5,True
1r7h__A1_O69271--1r7h__B1_O69271,0.8381765426981453,0.5,True
5bo9__A1_O43173--5bo9__B1_O43173,0.8595842089533383,0.5,True
7kws__A1_Q0P8H3--7kws__B1_Q0P8H3,0.9850329342310371,0.5,True
4qa0__A1_Q9BY41--4qa0__B1_Q9BY41,0.9523782480693272,0.5,True
6epi__B1_D5K9G7--6epi__A1_D5K9E3,0.927158655647302,0.5,False
7qgs__B1_Q09472--7qgs__A1_Q16665,0.8266204121279401,0.5,False
7tz7__A1_P42336--7tz7__B1_P27986,0.8695815317061305,0.5,False
2zl1__A1_Q9UHA4--2zl1__B1_Q9JHS3,0.9306682308650813,0.5,False
4ija__A1_A0A0H3JS71--4ija__B1_A0A0H3JS71,0.9661770726901804,0.5,True
3ijt__B1_Q8DVN6--3ijt__A1_Q8DVN6,0.8731237592274926,0.5,True
7qgt__A1_P35520--7qgt__B1_P35520,0.9257607901877372,0.5,True
8i4q__A1_Q8NQI2--8i4q__B1_Q8NQI2,0.9719246088309876,0.5,True
5lxv__A1_G9FCX2--5lxv__B1_A0A1L1QK37,0.9411347308573261,0.5,False
8h25__A1_A0A5R8LFD3--8h25__C1_A0A5R8LFD3,0.9455020228428903,0.5,True
6kjl__A1_Q9RC94--6kjl__B1_Q9RC94,0.8550527626649579,0.5,True
5f3o__A1_C4LU64--5f3o__B1_C4LU64,0.9395170516638436,0.5,True
8arv__A1_Q9HW35--8arv__B1_Q9HW35,0.9810964035209329,0.5,True
2i1a__B1_P40087--2i1a__A1_P40087,0.9409986648966361,0.5,True
2y9x__A1_C7FF04--2y9x__E1_G1K3P4,0.9395605957879316,0.5,False
8waa__A1_P29401--8waa__B1_P29401,0.9637144436481635,0.5,True
6n2f__B1_Q94A94--6n2f__A1_Q94A94,0.9085563993405045,0.5,True
8b08__B1_P0A2K1--8b08__A1_P00929,0.9405153305639224,0.5,False
5ja2__A1_P11454--5ja2__B1_Q9I169,0.853790615787128,0.5,False
4g3w__A1_O66591--4g3w__A2_O66591,0.9918548774627581,0.5,True
5cm2__A1_Q6C999--5cm2__B1_Q6C4P5,0.9226513404797411,0.5,False
6g70__B1_Q8K2Z2--6g70__A1_Q8K2Z2,0.9220721857977855,0.5,True
7xac__A1_P47929--7xac__B1_P47929,0.862818161169539,0.5,True
4d4t__A1_P0DOE7--4d4t__A2_P0DOE7,0.9177395496752188,0.5,True
2zz8__A1_O34094--2zz8__B1_O34094,0.9468102626065498,0.5,True
8b8h__A1_P9WQA9--8b8h__B1_P9WQA9,0.9010450551989251,0.5,True
7u2s__A1_A0A2W1NDJ7--7u2s__B1_A0A2W1NDJ7,0.9313886815213253,0.5,True
1d2g__A1_P13255--1d2g__B1_P13255,0.9495684349102134,0.5,True
7uld__A1_O28028--7uld__A2_O28028,0.9502048674482318,0.5020491803278688,True
4c0f__B1_Q9NZN8--4c0f__A1_Q9NZN8,0.9016075047881142,0.5,True
8co8__A1_Q9Q6P4--8co8__A2_Q9Q6P4,0.9537709453572211,0.5,True
3lcr__B1_A4KCE5--3lcr__A1_A4KCE5,0.9973040221128301,0.5,True
8b21__A1_Q9S5X0--8b21__B1_Q9S5X0,0.969569472428029,0.5,True
3swk__A1_P08670--3swk__B1_P08670,0.901267099977951,0.5,True
8txn__B1_P08120--8txn__A1_P08120,0.9365416472546813,0.5,True
8dak__A1_F2X702--8dak__B1_F2X702,0.9278089282836424,0.5,True
2rde__B1_A0A0H3ADR8--2rde__A1_A0A0H3ADR8,0.9201908598839487,0.5,True
6sek__A1_UNDEFINED--6sek__B1_UNDEFINED,0.9795220536428668,0.5,True
2pih__A1_O31779--2pih__B1_O31779,0.948194508270113,0.5,True
6v7v__A1_A0SML3--6v7v__B1_A0SML3,0.9617014718347846,0.5,True
7ykv__B1_Q58241--7ykv__A1_Q58241,0.9675305349212429,0.5,True
7y4g__A1_Q8A028--7y4g__A2_Q8A028,0.9707842061562734,0.5,True
8cci__A1_A0R7I9--8cci__A2_A0R7I9,0.9712615642944963,0.5,True
6p35__A1_P75913--6p35__A2_P75913,0.9744334731278811,0.5,True
6p3j__A1_Q0KJL4--6p3j__B1_Q0KJL4,0.9572882138073203,0.5,True
4o6p__A1_Q8RDI4--4o6p__B1_Q8RDI4,0.8346038306152155,0.5,True
8ozv__A1_A0A179UH34--8ozv__A2_A0A179UH34,0.9389107944169237,0.5,True
6tpo__A1_P24474--6tpo__A2_P24474,0.9700254668035969,0.5,True
7wwo__B1_Q5SH57--7wwo__A1_Q5SH57,0.8203805970713417,0.5,True
4pmv__A1_Q8PEU1--4pmv__B1_Q8PEU1,0.9246930543536777,0.5,True
7xge__A1_UNDEFINED--7xge__B1_Q07820,0.9313940486263462,0.49994026522241247,False
6rmr__B1_P19926--6rmr__A1_P19926,0.9876348843042007,0.5,True
6hhb__A1_E0SCP7--6hhb__C1_E0SCP7,0.9762613882937823,0.5,True
7e5c__A1_A0A1I7CHQ2--7e5c__B1_A0A1I7CHQ2,0.9754698944906324,0.5,True
2gn5__A1_P69542--2gn5__A2_P69542,0.9181790985241325,0.5,True
2wfh__A1_O94813--2wfh__B1_O94813,0.9279807734353189,0.5,True
3zco__A1_P06701--3zco__A2_P06701,0.8861495159605017,0.5,True
2ghy__A1_P03051--2ghy__B1_P03051,0.9136077122728958,0.5,True
3htr__A1_Q6N0K4--3htr__B1_Q6N0K4,0.8577057874419632,0.5,True
8aeu__A1_Q00987--8aeu__A2_Q00987,0.8884688186307619,0.49946207638515333,True
1xuv__A1_Q8PZJ2--1xuv__C1_Q8PZJ2,0.9391482776381344,0.5,True
2o8p__A1_Q5CYG0--2o8p__A2_Q5CYG0,0.9667413023595208,0.5,True
4zmu__A1_Q9I072--4zmu__B1_Q9I072,0.929807222184464,0.5,True
3dl3__G2_Q5E3X2--3dl3__C1_Q5E3X2,0.8111683965845822,0.5,True
7yvz__A1_A7LPG5--7yvz__A2_A7LPG5,0.8658046673126616,0.5,True
4ia6__A1_Q5FL96--4ia6__B1_Q5FL96,0.9728241108265627,0.5,True
8bou__A1_A0A7G5MNS2--8bou__B1_A0A7G5MNS2,0.9805216747967597,0.5,True
5gk1__A1_Q7N4Z6--5gk1__B1_Q7N4Z6,0.9700199969012065,0.5,True
5x03__B1_P94426--5x03__A1_P94426,0.9750531791052119,0.5,True
1k3e__B1_P58233--1k3e__A1_P58233,0.8545593821406418,0.5,True
6u18__A1_Q9EVJ6--6u18__B1_Q9EVJ6,0.9362411488319766,0.5,True
6b9p__A1_C0HJB3--6b9p__B1_C0HJB3,0.9892184482390695,0.5,True
7wpy__A1_A0A097ZPD5--7wpy__C1_A0A097ZPD5,0.9617762714410049,0.5,True
7xn2__A1_Q8YR38--7xn2__A2_Q8YR38,0.9354085287166326,0.5,True
3qhy__B1_O87916--3qhy__A1_Q93T42,0.952816790502057,0.5,False
4j5p__B1_P97612--4j5p__A1_P97612,0.9660336153802269,0.5,True
4icq__A1_A0A0H2UN95--4icq__B1_A0A0H2UN95,0.9691564916326196,0.5,True
1klf__B1_P08191--1klf__A1_P31697,0.9004595561395824,0.5,False
6y4l__A1_Q15006--6y4l__B1_Q9Y3B6,0.8814527354012075,0.5,False
6dex__B1_Q74ZQ8--6dex__A1_Q75DL0,0.9345077227024419,0.5,False
2z02__A1_Q58987--2z02__B1_Q58987,0.983119221297907,0.5,True
4l7w__A1_Q7Z4H3--4l7w__A2_Q7Z4H3,0.9405092489700623,0.5,True
6sul__A1_A8FAR5--6sul__B1_A8FAR5,0.9358676979798343,0.5,True
4qqv__A1_P26954--4qqv__B1_P26954,0.8745490041236386,0.5,True
3l8d__A1_A0RD96--3l8d__A2_A0RD96,0.9515919176007185,0.5,True
7yqa__B1_A0A1C9ZZ39--7yqa__A1_A0A1C9ZZ39,0.8168143504760074,0.5,True
1b8m__B1_P34130--1b8m__A1_P23560,0.8604114957302839,0.5,False
1irq__B1_Q57468--1irq__A1_Q57468,0.8260655590480467,0.5,True
7xi6__A1_A5GXY1--7xi6__B1_A5GXY1,0.8108130721082529,0.5065894207460473,True
6iik__A1_P54578--6iik__B1_P54578,0.9965629533682785,0.5,True
3nau__A1_Q9Y6X8--3nau__B1_Q9Y6X8,0.7968912725632075,0.5,True
3cis__B1_P9WFD7--3cis__A1_P9WFD7,0.9687183312176932,0.5,True
4jzy__B1_O77059--4jzy__A1_O77059,0.9201080447519899,0.5,True
8d03__A1_UNDEFINED--8d03__A2_UNDEFINED,0.9782400615916019,0.5106302735208132,True
7yxg__A1_Q9VU77--7yxg__B1_Q9VU77,0.9760081757453192,0.5,True
5cio__A1_A0A1A9TAI5--5cio__B1_A0A1A9TAI5,0.9635459907506929,0.5,True
8jwj__A1_Q9DAG9--8jwj__B1_P62837,0.8296930082344804,0.5,False
6ia6__A1_A0A1C7D1B7--6ia6__A2_A0A1C7D1B7,0.990256899228329,0.5,True
8h1g__A1_O67518--8h1g__A2_O67518,0.9708986778580669,0.5,True
7x0d__A1_A5YW95--7x0d__B1_A5YW95,0.9527673307746212,0.5,True
1ghd__B1_O86089--1ghd__A1_O86089,0.9169960399759833,0.5,True
2x6f__A1_Q9W1M7--2x6f__B1_Q9W1M7,0.9379555277211387,0.5,True
8oik__A1_Q9UPU9--8oik__C1_Q9UPU9,0.8625025150991206,0.5,True
6nxl__A1_B4DV12--6nxl__E1_B4DV12,0.9459665186272308,0.5369566943578903,True
8wmy__A1_A0A4U7IGH6--8wmy__B2_A0A4U7IGH6,0.9574165174375123,0.5,True
3trf__A1_Q83AJ3--3trf__A2_Q83AJ3,0.8318262701349095,0.5,True
5h4s__A1_A0A090BWT0--5h4s__A2_A0A090BWT0,0.7626959775992768,0.5,True
2zvb__A1_Q53WA6--2zvb__A2_Q53WA6,0.8991575269271288,0.5,True
8wa7__A1_P27302--8wa7__B1_P27302,0.967923152456905,0.5,True
3b0z__B1_P40727--3b0z__A1_P40727,0.8823970499111481,0.5,True
4usp__A1_B3GA02--4usp__B1_B3GA02,0.8826160623517452,0.5,True
7cms__A1_P00953--7cms__B1_P00953,0.9785136938064687,0.5,True
7t8q__A1_Q7S860--7t8q__D1_Q7S860,0.9073671396269352,0.5,True
6j9k__A1_A0A425B3G2--6j9k__A2_A0A425B3G2,0.9593707360141264,0.5058422213094244,True
7xp0__A1_Q9I5E1--7xp0__A2_Q9I5E1,0.9046385333539654,0.5,True
8ih4__A1_Q8WVV5--8ih4__B1_Q8WVV5,0.887676130989622,0.5,True
7qej__A1_P0DV33--7qej__B1_P0DV33,0.9410187899806021,0.5,True
1tfe__A1_P43895--1tfe__A2_P43895,0.9566484275442102,0.5,True
4iwq__A1_Q9UHD2--4iwq__A2_Q9UHD2,0.8963995648627467,0.5,True
