system_id,auroc,bacc,is_homodimer
3c07__A1_Q9KZ96--3c07__B1_Q9KZ96,0.9650081538052857,0.5,True
3iqy__A1_P28366--3iqy__A2_P28366,0.9171138016360785,0.5,True
7e76__A1_A0A3B6LNA8--7e76__B1_A0A3B6LNA8,0.7575889699130174,0.5,True
3cqc__A1_P57740--3cqc__B1_Q8WUM0,0.9650246798693758,0.5,False
7x1k__A1_Q6DL91--7x1k__B1_Q6DL91,0.8093811288946999,0.5,True
8sgd__A1_P25342--8sgd__B1_P32457,0.7746177859282454,0.5,False
3ecf__A1_Q3M5E4--3ecf__B1_Q3M5E4,0.8961936857980064,0.5,True
6j94__A1_Q93VK5--6j94__B1_Q93VK5,0.8343712571054055,0.5,True
7xsh__A1_K1KV82--7xsh__B2_K1KV82,0.9573456504370528,0.5,True
8v14__A1_G5EEF9--8v14__B1_G5EEF9,0.870163612565445,0.5,True
6r76__A1_H3ZMH8--6r76__B1_H3ZMH8,0.9711844695987721,0.5,True
8ap0__A1_A0A5S9CYM0--8ap0__A2_A0A5S9CYM0,0.9853942151716334,0.5,True
3qph__A1_Q9HGZ9--3qph__A2_Q9HGZ9,0.8407993233056344,0.5,True
3o6j__A1_O67987--3o6j__B1_O67987,0.9810955590702504,0.5,True
6o6z__A1_B6YWC3--6o6z__B1_B6YWC3,0.9573342450630753,0.5,True
3fil__A1_P19909--3fil__B1_P19909,0.6557871155322877,0.5,True
6do2__A1_P11021--6do2__B1_P11021,0.7494994556165795,0.5,True
7f4q__B1_Q22GC0--7f4q__A1_I7M8B9,0.8392423406795495,0.5,False
4hfg__A1_Q9NQG5--4hfg__B1_Q9NQG5,0.3762119517312928,0.5,True
7yh2__A1_A0A1Q9P883--7yh2__B1_A0A1Q9P883,0.9881657012167333,0.5086206896551724,True
3axs__A1_O67010--3axs__A2_O67010,0.9570289137668889,0.5,True
3cqr__A1_Q39249--3cqr__B1_Q39249,0.48525369535501733,0.5,True
3s8k__A1_P80691--3s8k__B1_P80691,0.9614172114393824,0.5,True
4oun__A1_O31418--4oun__A2_O31418,0.9538409317694787,0.5138398139514594,True
2iab__A1_Q825J7--2iab__B1_Q825J7,0.8465003167124521,0.5,True
3o3n__A1_Q5U924--3o3n__B1_Q5U923,0.9509002046383901,0.5,False
6f3z__A1_P0ADC3--6f3z__B1_P61316,0.9648252644162456,0.5,False
1hr7__A1_P11914--1hr7__B1_P10507,0.9141214525587813,0.5,False
8gko__B1_P28296--8gko__A1_P28296,0.9627565932957756,0.5,True
2gkv__A1_P00777--2gkv__B1_P68390,0.8811440959578846,0.5,False
8stx__A1_Q4E4E1--8stx__B1_Q4E4E1,0.9859839645322123,0.5,True
4m36__A1_Q582G4--4m36__A2_Q582G4,0.9486188046073004,0.5,True
5wpu__A1_A0A076NBW8--5wpu__A2_A0A076NBW8,0.8243382829005657,0.5,True
5yps__A1_A0A0W4ZF97--5yps__B1_A0A0W4ZF97,0.9288618067884238,0.5,True
5oge__E1_P40107--5oge__A1_P40107,0.954064798673413,0.5,True
5fey__B1_Q13049--5fey__A1_Q13049,0.909962951500987,0.5,True
8hce__B1_Q91XB0--8hce__A1_Q91XB0,0.8700831134214231,0.5,True
1ggp__B1_Q7SIF1--1ggp__A1_Q7SIF0,0.8672466202044119,0.5,False
5z50__A1_O05926--5z50__B1_O05926,0.9442330820873786,0.5,True
7t9u__A1_Q86WV6--7t9u__A2_Q86WV6,0.9639992784053673,0.5,True
6ey4__A1_Q5EGM3--6ey4__A2_Q5EGM3,0.9246435832677363,0.5,True
2hvg__A1_A5KBL5--2hvg__B1_A5KBL5,0.9280422812924347,0.5,True
6wp7__A1_Q82H41--6wp7__B1_Q82H41,0.882244042080605,0.5043859649122807,True
6kfs__A1_B7FR28--6kfs__A2_B7FR28,0.6962722445560232,0.5,True
3shg__A1_E6Z0R3--3shg__B1_E6Z0R4,0.7576682746558339,0.5,False
4wjm__A1_Q2YNY7--4wjm__A2_Q2YNY7,0.9831081309802769,0.5,True
8hmo__A1_A0A0H4P0S7--8hmo__B1_A0A0H4P0S7,0.9756349321540753,0.5,True
8dfk__A1_P39694--8dfk__B1_P39694,0.7818697769100735,0.5,True
6n91__A1_Q9KNI7--6n91__B1_Q9KNI7,0.9100847452285353,0.5,True
1dev__A1_Q15796--1dev__B1_O95405,0.5934228080548352,0.5,False
8c9j__B1_P15559--8c9j__A1_P15559,0.965307412260465,0.5,True
3rd7__B1_A0A0H2ZY91--3rd7__A1_A0A0H2ZY91,0.95890726528926,0.5,True
5x1j__A1_G2IQS7--5x1j__A2_G2IQS7,0.9493861510679684,0.5,True
3r2p__A1_P02647--3r2p__A2_P02647,0.8550844604897089,0.5,True
1pdk__A1_P15319--1pdk__B1_P62532,0.8386637043672308,0.5,False
7bjg__A1_Q8IGY1--7bjg__A2_Q8IGY1,0.865233992438167,0.5,True
3kcp__A1_Q06851--3kcp__B1_A3DF10,0.9582119484150998,0.5,False
7bbq__A1_Q6I6B7--7bbq__A2_Q6I6B7,0.9667356140533623,0.5,True
3dpj__E1_Q5LS67--3dpj__F1_Q5LS67,0.8381996930969722,0.5,True
6okh__A1_Q04QG8--6okh__B1_Q04QG8,0.9329378986516491,0.5,True
7tq1__A1_P0AC13--7tq1__A2_P0AC13,0.9776420956041774,0.49998741093234633,True
7t5y__A1_P0A7E1--7t5y__B1_P0A7E1,0.9495663686466589,0.5,True
5o47__A1_J7HDY4--5o47__A2_J7HDY4,0.9874225199849113,0.5,True
1oo0__A1_P49028--1oo0__B1_Q9V535,0.8895958092087124,0.5,False
3edj__A1_Q8KKG0--3edj__B1_Q8KKG0,0.9439293922408655,0.5,True
5yr0__A1_O88597--5yr0__B1_Q8K245,0.9522534553761969,0.5,False
5c21__A1_P09986--5c21__B1_P09986,0.8544302473966254,0.5,True
2gok__A1_Q8U8Z6--2gok__B1_Q8U8Z6,0.9919588851694003,0.5,True
1ww1__A1_Q9WZW8--1ww1__B1_Q9WZW8,0.9689790936120474,0.5,True
1fm0__B1_P30749--1fm0__A1_P30748,0.9192564047635277,0.5,False
4jgo__B1_O31671--4jgo__A1_O31671,0.9483001040930442,0.5,True
3l2k__A1_Q8GPH0--3l2k__B1_Q8GPH0,0.8529236126159111,0.5,True
1yov__A1_Q13564--1yov__B1_Q8TBC4,0.9353286388926978,0.5,False
7zvd__A1_P11413--7zvd__A2_P11413,0.9805585240904869,0.5,True
8grh__B1_P51553--8grh__A1_P50213,0.9314509816153561,0.5,False
1lxd__A1_Q03386--1lxd__B1_Q03386,0.4317494620739507,0.5,True
5m97__A1_Q10113--5m97__B1_Q10113,0.9745190708923263,0.5,True
7ax1__A1_Q9ULM6--7ax1__B1_Q9UIV1,0.9665392886008557,0.5,False
8d4w__A1_A0A8B4R830--8d4w__A2_A0A8B4R830,0.7309931753200258,0.5,True
7ynw__B2_Q57834--7ynw__A1_Q57834,0.9939610960446128,0.5,True
4rgp__A1_Q8DTU7--4rgp__B1_Q8DTU7,0.9333003710150682,0.5,True
8twd__C1_P0AEV1--8twd__A1_W8SRD3,0.8401096616891947,0.5,False
3fb9__A1_A0A0H2US72--3fb9__B1_A0A0H2US72,0.9267779359123647,0.5,True
8a39__A1_A0A024L404--8a39__C2_A0A024L404,0.9655351368686439,0.5,True
3ps8__A1_P01034--3ps8__A2_P01034,0.4225664620732204,0.5,True
7vwp__A2_A0A136PK59--7vwp__B1_A0A136PK59,0.9966522761540235,0.5,True
3a7p__A1_Q03818--3a7p__B1_Q03818,0.9504531654612018,0.5,True
4ql6__A1_A0A0H3MDM0--4ql6__C1_A0A0H3MDM0,0.8688522707174751,0.5,True
5nck__A1_Q8RDN7--5nck__B1_Q8RDN7,0.9776276806725362,0.5,True
3w8i__A1_Q9BUL8--3w8i__B1_Q9P289,0.9841804027044367,0.5,False
4oky__A1_Q52612--4oky__A2_Q52612,0.970256894348169,0.5,True
7x20__A1_P54708--7x20__B1_P07340,0.9431702279722634,0.5,False
3hnw__A1_D0VWZ2--3hnw__B1_D0VWZ2,0.9343681464115555,0.5,True
8r37__A1_A0A086IRG1--8r37__B1_A0A086IRG1,0.8878606909538223,0.5,True
1rqg__A1_Q9V011--1rqg__A2_Q9V011,0.874136266656369,0.5,True
8brl__A1_F7J213--8brl__A2_F7J213,0.9181613258897324,0.5,True
7qiu__A1_P94538--7qiu__B1_P94538,0.9867469088318095,0.5,True
6sjs__A1_B8FUR2--6sjs__B1_B8FUR2,0.9808888242935562,0.4999946529211092,True
8hlg__A1_Q9RR88--8hlg__B1_Q9RR88,0.9367620413669354,0.5,True
6mpc__A1_B3DQP5--6mpc__B1_B3DQP5,0.9899071995128926,0.5,True
7pcr__A1_P56185--7pcr__A2_P56185,0.8787127566915744,0.5,True
3bvq__B1_Q2I6W2--3bvq__A1_Q2I6W2,0.9205705799219266,0.5,True
6bsu__A1_Q9LZJ3--6bsu__B1_Q9LZJ3,0.888812824540955,0.5,True
4e5u__B1_Q9HZN8--4e5u__A1_Q9HZN8,0.9643989044253374,0.5197141272224719,True
8a52__A1_P23222--8a52__B1_P23222,0.9310832552914625,0.5,True
1d0v__A1_Q05603--1d0v__A2_Q05603,0.9792736321020992,0.5,True
3gwq__A1_Q145Q0--3gwq__B1_Q145Q0,0.9007073380005606,0.5,True
1yhc__A1_O67648--1yhc__B1_O67648,0.8627084281470334,0.5,True
7lxs__A1_Q8ZMZ2--7lxs__C1_Q8ZMZ2,0.8804530603210471,0.5,True
6w08__B1_Q9KL63--6w08__A1_Q9KL63,0.8870000955147378,0.5,True
7wrm__A1_D0IVL9--7wrm__B1_D0IVL9,0.8712135989573401,0.5,True
2yww__B1_Q58801--2yww__A1_Q58801,0.9922892871653649,0.5,True
3lm6__A1_P40869--3lm6__B1_P40869,0.9653555786927264,0.5,True
7trw__A1_A0A380PDL3--7trw__A2_A0A380PDL3,0.7431813617561991,0.5,True
8syc__A1_Q13370--8syc__B1_Q13370,0.46684909607312697,0.5,True
1gk6__A1_P03069--1gk6__B1_P03069,0.9347620005403134,0.5,True
1reo__A1_Q6STF1--1reo__A2_Q6STF1,0.9733534166175293,0.5,True
6s3b__A1_Q88JK6--6s3b__B1_Q88JK6,0.9046278557268168,0.5,True
7tl5__A1_A0A3F3B310--7tl5__B1_A0A3F3B310,0.8897749869746585,0.5,True
2asf__A1_P9WLL7--2asf__A2_P9WLL7,0.921241239248902,0.5,True
8ilj__A1_A0A242MJ43--8ilj__B1_A0A242MJ43,0.9802721627273303,0.5,True
4usc__A1_A0A0A0Y4H8--4usc__B1_A0A0A0Y4H8,0.9405219926968982,0.5,True
5yp3__A1_Q6F3I7--5yp3__B1_Q6F3I7,0.9874562362693298,0.5,True
8aid__A1_Q9HWJ8--8aid__B1_Q9HWJ8,0.9323436710274859,0.5,True
7yp6__B1_E5L4T5--7yp6__A1_E5L4T5,0.9347545626339748,0.5,True
4aql__A1_Q9Y2T3--4aql__A2_Q9Y2T3,0.9754767695855224,0.5,True
3idf__A1_O34252--3idf__B1_O34252,0.8454802520565282,0.5,True
8fjr__A1_D1A807--8fjr__B1_D1A807,0.8230889572230974,0.5,True
7z56__B1_F0NGX6--7z56__A1_F0NGX6,0.9874316075777223,0.5076923076923077,True
7olf__A1_A9CEY7--7olf__B1_A9CEY7,0.9576009047688155,0.5,True
3zta__A1_Q2RIF4--3zta__A2_Q2RIF4,0.9883770400806553,0.5,True
3abi__A1_O59312--3abi__B1_O59312,0.9984244985067097,0.5,True
5ab8__A1_P9WN25--5ab8__A2_P9WN25,0.7639516199713694,0.5,True
1guq__A1_P09148--1guq__B1_P09148,0.9551242935071363,0.5,True
6zdw__B1_A0A162MUP0--6zdw__A1_A0A162MUP0,0.8975038003889129,0.5,True
8csd__A1_Q6U8B0--8csd__A2_Q6U8B0,0.945269345624542,0.5,True
8bfr__A1_P30177--8bfr__A2_P30177,0.9972292265290564,0.5,True
7yk3__A1_O53604--7yk3__B1_O53605,0.9682958584991541,0.5,False
6xiv__A1_P16114--6xiv__B2_P16114,0.9423586557915342,0.5,True
8ajx__A1_P17117--8ajx__A2_P17117,0.9238113744690826,0.5,True
8ayj__A1_D5EHC5--8ayj__B1_D5EHC5,0.9752402570534234,0.5,True
8a6e__B2_P02699--8a6e__A1_P02699,0.9383564975422444,0.5,True
4jb7__A1_Q9KTQ6--4jb7__A2_Q9KTQ6,0.911393214925001,0.5,True
6h3f__A1_A0A0H3JT80--6h3f__A2_A0A0H3JT80,0.9864311826659343,0.5,True
6wxw__A1_F2NWD3--6wxw__B1_F2NWD3,0.8795692641470987,0.5,True
2zw2__A1_F9VNF4--2zw2__B1_F9VNF4,0.8735543450411613,0.4998078401229823,True
2wo2__A1_P54764--2wo2__B1_P52799,0.7998880545317417,0.5,False
1ord__A1_P43099--1ord__B1_P43099,0.9516890080320028,0.5,True
7zcm__A1_P42196--7zcm__B1_P42259,0.9587646413625198,0.5,False
8aa9__A1_Q9V1Y9--8aa9__B1_Q9V1Y9,0.5326476300801559,0.5,True
4i6y__B1_P13702--4i6y__A1_P13702,0.9139845470187966,0.5,True
1vh4__B1_P77689--1vh4__A1_P77689,0.9273950682783811,0.5,True
3ocd__A1_D7A6E5--3ocd__B1_Q7BQR5,0.8883846721601748,0.5,False
8pq7__A1_M1C5B8--8pq7__B1_D0N0Z8,0.6057830709011653,0.5,False
5abr__A1_P82802--5abr__B1_P82802,0.9875075844400998,0.5,True
2zmf__A1_Q9Y233--2zmf__B1_Q9Y233,0.858264383084528,0.5,True
2vzk__B1_P0DJQ5--2vzk__A1_P0DJQ5,0.34450735854778686,0.5,True
7wm5__A1_A0A0C2W699--7wm5__A2_A0A0C2W699,0.9216294831339198,0.5,True
1zee__A1_Q8E972--1zee__B1_Q8E972,0.8951428260877188,0.5,True
1f3u__B1_P35269--1f3u__A1_P13984,0.8880119267212433,0.5,False
7tvh__B1_Q9I2Q1--7tvh__A1_Q9I2Q1,0.9528903903903904,0.5,True
5vgm__B1_Q9KL24--5vgm__A1_Q9KL24,0.981558482433927,0.5,True
4zzh__A1_Q96EB6--4zzh__A2_Q96EB6,0.5328674999265514,0.5,True
6m4v__A1_P0AEX9--6m4v__B1_P62942,0.8793603229222937,0.5,False
7y28__A1_P07814--7y28__B1_P07814,0.9075968335601368,0.5,True
2plg__A1_Q8DKM0--2plg__B1_Q8DKM0,0.8791044026993854,0.5,True
7y7u__A1_A0A222F232--7y7u__B1_A0A222F232,0.9105870893695803,0.5,True
3fgc__A1_P07740--3fgc__B1_P07739,0.9510448414236115,0.5,False
1rve__A1_P04390--1rve__B1_P04390,0.9677882182638048,0.5,True
7zy1__A1_Q9F8A8--7zy1__A2_Q9F8A8,0.9674661166744489,0.5,True
3jxo__B1_A0A0F6AN26--3jxo__A1_A0A0F6AN26,0.927478448275862,0.5061973062979512,True
8dqb__A1_A0A0H3FX83--8dqb__A2_A0A0H3FX83,0.9520500762865997,0.5,True
5l16__A1_Q4Q0M0--5l16__A2_Q4Q0M0,0.9690902967580723,0.5,True
3qt7__A1_Q9FD73--3qt7__B1_Q9FD73,0.9700684170963204,0.5,True
4aye__D1_Q9JXV4--4aye__A1_P08603,0.8944981113714244,0.5,False
7r3n__A1_P43432--7r3n__B1_P43432,0.989111447796444,0.5,True
7a0x__B1_Q8ZRZ3--7a0x__A1_Q8ZRZ3,0.9781463116136411,0.5,True
7wjk__A1_P93836--7wjk__A2_P93836,0.8280067763934649,0.5,True
7g99__B1_Q92974--7g99__A1_P61586,0.5788125325597068,0.5,False
5x8z__A1_A3QAQ5--5x8z__B1_A3QAQ5,0.9279648791612757,0.5,True
6dt3__B1_A0A1W1Q5B1--6dt3__A1_A0A1W1Q5B1,0.9843546941736463,0.5,True
7u0r__B1_M9SC49--7u0r__A1_M9SC49,0.9729105431158522,0.5,True
7wbt__A1_Q288C4--7wbt__B1_Q288C4,0.9454337083381714,0.5,True
7txe__A1_Q8I6T6--7txe__B1_Q8I6T6,0.33744061055320984,0.5,True
6pyp__A1_P21695--6pyp__B1_P21695,0.9809615127470069,0.5118965432895985,True
8b2d__A1_F5SYD3--8b2d__B1_F5SYD3,0.894960883100713,0.5,True
1vmg__A1_Q97U11--1vmg__A2_Q97U11,0.8711416334367155,0.5163583978532575,True
6b8l__B1_P0DP23--6b8l__A1_P56696,0.8179275491702424,0.5,False
8sj5__A1_A0A2I4FN75--8sj5__C1_A0A2I4FN75,0.3011353904804,0.5,True
3nr1__A1_Q8N4P3--3nr1__B1_Q8N4P3,0.9811358996845128,0.5,True
3h3l__A1_A6LFX0--3h3l__A2_A6LFX0,0.9451664264635234,0.5,True
6jdh__A1_A0A2K0XYW4--6jdh__B1_A0A2K0XYW4,0.9613733727694425,0.5,True
3vjz__A1_Q9K0P4--3vjz__B1_Q9K0P4,0.4112988255882313,0.5,True
3et4__A1_Q4QMM5--3et4__A2_Q4QMM5,0.8945992279544339,0.5,True
5or3__A1_Q2UNF9--5or3__D1_Q2UNF9,0.8404302626044109,0.5,True
3fh3__B1_A0A6L8PES2--3fh3__A1_A0A6L8PES2,0.2996639184330634,0.5,True
1go3__A1_Q57840--1go3__B1_Q60351,0.9086197031039137,0.5,False
3zxq__B1_P9WGK1--3zxq__A1_P9WGK1,0.4268899384310005,0.5,True
1zlh__A1_P00730--1zlh__B1_Q5EPH2,0.6678051734339177,0.5,False
4h1h__A1_Q8Y6P6--4h1h__B1_Q8Y6P6,0.8717636852149597,0.5,True
2gh1__A1_Q81E32--2gh1__B1_Q81E32,0.8217654923047275,0.5,True
7dl7__F1_B0VJ11--7dl7__A1_B0VJ11,0.9712873114428103,0.5,True
7yu0__B1_Q79F77--7yu0__A1_Q79F77,0.9423099648590005,0.5,True
3cbu__B1_Q473P3--3cbu__A1_Q473P3,0.910446252951503,0.5,True
3ihk__A1_Q8DVV9--3ihk__A2_Q8DVV9,0.9574472310667255,0.5,True
4y67__A1_Q8IKG4--4y67__B1_Q8IKG4,0.9494049491480209,0.5,True
6ejp__B1_P69986--6ejp__A1_P69986,0.26678223696305775,0.5,True
1poy__A1_P0AFK9--1poy__B1_P0AFK9,0.9380211725068898,0.5,True
3a7o__A1_Q03818--3a7o__B1_Q03818,0.9563279079999922,0.5,True
5n47__B1_P02751--5n47__A1_P80188,0.6023394429149247,0.5,False
8ejm__A1_O43143--8ejm__B1_Q8IWZ8,0.7554001766587981,0.5,False
7jl6__A1_Q9L523--7jl6__B1_Q9L523,0.9120755831118985,0.5,True
1npd__B1_P0A6D5--1npd__A1_P0A6D5,0.9748558970584094,0.5,True
8h0h__A1_P9WLU7--8h0h__C1_P9WLU7,0.4122335261994261,0.5,True
3t8l__A1_Q7CUX4--3t8l__B1_Q7CUX4,0.8634457051098755,0.5,True
7ol3__B1_Q8WXF7--7ol3__A1_Q8WXF7,0.8204631280988138,0.5,True
3ent__A1_Q2YAE2--3ent__B1_Q2YAE2,0.9503616508675798,0.5,True
2y4g__A1_D3Y1I2--2y4g__B1_D3Y1I2,0.9636691946178172,0.5,True
7ec7__A1_A0A0H2XGN0--7ec7__A2_A0A0H2XGN0,0.9793091296964177,0.5,True
2o11__A1_P9WPY1--2o11__A2_P9WPY1,0.868937982855435,0.5,True
8abq__A1_Q13596--8abq__B1_Q9Y5X3,0.9819646959290531,0.5,False
2sak__A1_P68802--2sak__A2_P68802,0.6004474652006376,0.5,True
8h5e__A1_Q5SMG8--8h5e__B1_Q5SMG8,0.9347999741280857,0.5,True
8bgm__B1_A0A5P3XKL3--8bgm__A1_A0A5P3XKM0,0.8580330679341726,0.5,False
2ps8__A1_P13513--2ps8__B1_P13513,0.9646217594978385,0.5,True
6awl__A1_O75208--6awl__B1_O75208,0.9336385221426773,0.5,True
4qds__A1_O60462--4qds__B1_O60462,0.3041303940651582,0.5,True
6qky__B1_Q97P33--6qky__A1_Q97P33,0.4045333560088321,0.5,True
7nli__B1_P08405--7nli__A1_P08405,0.8594611302679386,0.5,True
8p3m__A1_W0DP94--8p3m__B1_W0DP94,0.9601326174211003,0.5,True
5v7y__A1_A0A4Y1WAP5--5v7y__B1_A0A4Y1WAP5,0.849216876997215,0.5,True
4aps__A1_Q5M4H8--4aps__B1_Q5M4H8,0.9157924719892734,0.5,True
7ucn__A1_P50120--7ucn__B1_P50120,0.41024032833762314,0.5,True
1ni5__A1_P52097--1ni5__A2_P52097,0.9703256082437247,0.5,True
4a5o__B1_Q9I2U6--4a5o__A1_Q9I2U6,0.9674273629854853,0.5,True
8q5k__A1_A0A0H2Z7A6--8q5k__A2_A0A0H2Z7A6,0.6360446308230254,0.5,True
1ww5__A1_Q6WY08--1ww5__D1_Q6WY08,0.9850557193328592,0.5,True
7ww2__A1_A0A4Q9D6T1--7ww2__B1_A0A4Q9D6T1,0.9494129311327995,0.5,True
2pfk__A1_P0A796--2pfk__B1_P0A796,0.9334113267277377,0.5,True
1i2m__B1_P18754--1i2m__A1_P62826,0.741527986021354,0.5,False
8i2e__A1_O34841--8i2e__B1_P54421,0.9120604482061814,0.5,False
3pfl__A1_P09373--3pfl__B1_P09373,0.9724519482893187,0.5,True
6gho__B1_Q5L1S1--6gho__A1_O31602,0.6775913539937349,0.5,False
1glj__A1_P0A6F3--1glj__B1_P0A6F3,0.9900229317238058,0.5,True
4zq8__B1_A0A0M3KL36--4zq8__A1_A0A0M3KL36,0.9459476172572137,0.5026881720430108,True
5h4h__B1_O58236--5h4h__A1_O58236,0.9546179006839133,0.5196464466250371,True
4iv9__A1_P06617--4iv9__B1_P06617,0.915617987296061,0.5,True
6sdk__A1_P26497--6sdk__B1_P26497,0.6119171158180495,0.5,True
2fq4__A1_Q81BJ4--2fq4__A2_Q81BJ4,0.977562732826966,0.5,True
7zeq__B1_Q9WXT1--7zeq__A1_Q9WXT1,0.952368133732381,0.5,True
5z5h__A1_Q2I2N4--5z5h__A2_Q2I2N4,0.9758872323012024,0.5,True
2fe1__A1_Q8ZZP3--2fe1__A2_Q8ZZP3,0.9841382336698045,0.5,True
7wik__B1_A0R1E6--7wik__A1_A0R1E6,0.8853093545681349,0.5,True
7t8o__B1_Q8Y8Y9--7t8o__A1_Q8Y8Y9,0.8954757070538243,0.5,True
7t91__A1_P08151--7t91__B1_P08151,0.060228298212708614,0.5,True
3lg6__A1_D2YW48--3lg6__B1_D2YW48,0.9614448175480294,0.5,True
2o9a__A1_P16528--2o9a__D1_P16528,0.9139430625831771,0.5,True
1zhq__A1_Q9RHG4--1zhq__B1_Q9RHG4,0.7557812038807098,0.5,True
2e0k__B1_Q8KFD9--2e0k__A1_Q8KFD9,0.9321143119913,0.5063357037263598,True
6izb__A1_P13693--6izb__A2_P13693,0.9073016048938023,0.5,True
3a2f__A1_P61875--3a2f__B1_O73947,0.9586665906416683,0.5,False
3vf0__B1_Q8IY67--3vf0__A2_P18206,0.7301879785014628,0.5,False
8ehe__A1_A0A0A7KVG3--8ehe__B1_A0A1D3UUC0,0.9609759113282724,0.5,False
6hpc__A1_P67697--6hpc__B1_P67697,0.9615280690365405,0.5080645161290323,True
2x3o__A1_Q9I585--2x3o__B1_Q9I585,0.8658094038489134,0.5,True
5y40__A1_P55892--5y40__B1_P55892,0.7615632087777053,0.5,True
1y42__A1_P12063--1y42__A2_P12063,0.9579855172823231,0.5,True
2e91__A1_Q12051--2e91__B1_Q12051,0.9679116338104871,0.5,True
3iuw__B1_Q8KUB7--3iuw__A1_Q8KUB7,0.922310334481724,0.5,True
8e7y__A1_Q9RFC8--8e7y__B1_Q9RFC8,0.8394245766474926,0.5,True
4kzn__A1_P15692--4kzn__A2_P15692,0.8823965495454282,0.5,True
7z7o__A1_A0A1S4NYF2--7z7o__C1_A0A1S4NYF2,0.8558017536127931,0.5,True
8brp__A1_D8G6F7--8brp__B1_D8G6F7,0.9669040097669439,0.5,True
3qir__A1_Q8TC59--3qir__A2_Q8TC59,0.25876703914132104,0.5,True
8bay__A1_O75874--8bay__B1_O75874,0.9555048931978205,0.5,True
6mhm__B1_Q13510--6mhm__A1_Q13510,0.5037278160228656,0.5,True
8bj7__A1_P07598--8bj7__B1_P07603,0.9001574935644616,0.5,False
8b80__A1_W8QF82--8b80__B1_W8QF82,0.9735566737815242,0.5,True
5wxx__A1_Q9RNB4--5wxx__A2_Q9RNB4,0.9435308181452242,0.5,True
8f7l__A1_P43490--8f7l__B1_P43490,0.8842089297226607,0.5,True
3cz1__A1_Q9U9J6--3cz1__B1_Q9U9J6,0.6388381547017489,0.5,True
8a0c__A1_Q2ERG0--8a0c__B1_Q2ERG0,0.8903192321888019,0.5,True
5mpy__A1_Q9LPZ1--5mpy__B1_Q9LPZ1,0.7056232912140694,0.5,True
1anu__A1_Q06851--1anu__A2_Q06851,0.8752637200693739,0.5,True
3vs8__A1_C1DM33--3vs8__C1_C1DM33,0.883267127919991,0.5,True
7zi8__A1_P27707--7zi8__A2_P27707,0.952087821680289,0.5,True
1peu__A1_Q08698--1peu__A2_Q08698,0.9824933719961442,0.5,True
5uk5__B1_Q63722--5uk5__A1_Q07008,0.5999780155604781,0.5,False
7vg5__A1_Q49135--7vg5__B1_Q49135,0.9591894786761683,0.5093051700656941,True
4jkz__A1_A0R6I8--4jkz__A2_A0R6I8,0.9733939366961297,0.5,True
4aa8__A1_P00794--4aa8__A2_P00794,0.9184249505687181,0.5,True
5yew__A1_Q8IWA4--5yew__B1_Q8IWA4,0.8143725301099012,0.5,True
1hf2__B1_Q9X0D7--1hf2__A1_Q9X0D7,0.9922066569793843,0.5,True
3au0__A1_Q7A382--3au0__A2_Q7A382,0.2356648281891049,0.5,True
3gif__A1_O34757--3gif__B1_O34757,0.9548642794089317,0.5,True
4axv__A1_A7N805--4axv__A2_A7N805,0.9447745106275343,0.5,True
5c6u__A1_O69689--5c6u__A2_O69689,0.9293082983704628,0.5,True
4nv4__A1_A0A6L7HM74--4nv4__A2_A0A6L7HM74,0.42277508659944524,0.5,True
6axf__A1_Q7LDG7--6axf__B1_P61224,0.6243274698573776,0.5,False
5yf1__B1_Q8N4J0--5yf1__A1_Q8N4J0,0.9243487185520264,0.5,True
8j83__A1_C5ATT7--8j83__B1_C5ATT6,0.9191722209259336,0.5,False
3fjy__B1_A0ZZM4--3fjy__A1_A0ZZM4,0.9640437545248745,0.5,True
4rg1__A1_Q5T280--4rg1__B1_Q5T280,0.91521326861376,0.5,True
1ux4__A1_P41832--1ux4__A2_P41832,0.6658567708759212,0.5,True
6rbm__A1_P0ACT4--6rbm__A2_P0ACT4,0.9264741290595288,0.5,True
7wis__A1_P46881--7wis__B1_P46881,0.9196321445838563,0.5,True
5a3l__A1_A0A1A9TAD0--5a3l__C1_A0A1A9TAD0,0.5306470965873373,0.5,True
2gz4__A1_Q7D028--2gz4__C1_Q7D028,0.8352224586041966,0.5,True
7xyv__A1_Q9C0D3--7xyv__B1_Q9C0D3,0.5248944022695983,0.5,True
2f9w__A1_Q9HWC1--2f9w__B1_Q9HWC1,0.9518195625742802,0.5,True
2ox1__A1_O30011--2ox1__B1_O30011,0.9924659141270628,0.5175438596491229,True
2guh__A1_Q0S8Y3--2guh__B1_Q0S8Y3,0.9508103395382229,0.5126443470563409,True
7br1__A1_A0A7I6N400--7br1__B1_A0A7I6N400,0.9502137072153546,0.5,True
2p04__A1_D0VWX5--2p04__B1_D0VWX5,0.9587180170173842,0.5,True
4h5b__A1_Q9RUY5--4h5b__B1_Q9RUY5,0.8732352407800127,0.5,True
4e1o__A1_P19113--4e1o__B1_P19113,0.7702498941216913,0.5,True
7pu4__B1_Q9X053--7pu4__A1_Q9X053,0.4144408566477182,0.5,True
3m1u__A1_Q72DN3--3m1u__B1_Q72DN3,0.92390361891666,0.5,True
7qii__A1_P0C2N2--7qii__B1_P0C2N4,0.8805190611660901,0.5,False
6ird__A1_Q91UZ1--6ird__B1_Q8NI35,0.6143271167012625,0.5,False
6gg2__A1_Q4WD43--6gg2__A2_Q4WD43,0.9752962321717887,0.5,True
6oei__A1_Q8KG60--6oei__A2_Q8KG60,0.9338463854192179,0.5,True
8hyi__A1_P22223--8hyi__B1_P22223,0.7135256134843915,0.5,True
4b8v__A1_B3VBK9--4b8v__A2_B3VBK9,0.9298605490029808,0.5,True
4lqb__A1_D2Q399--4lqb__B1_D2Q399,0.901497653354823,0.5,True
2vxb__A1_P87074--2vxb__B1_P87074,0.25093886484117367,0.5,True
1t72__A1_O67053--1t72__B1_O67053,0.944718903076387,0.5,True
3soo__A1_Q5T7N2--3soo__A2_Q5T7N2,0.8239045878758856,0.5,True
5z1o__A1_D0VWU8--5z1o__B1_D0VWU8,0.7847293391613517,0.5,True
6h40__A1_K5B7F3--6h40__A2_K5B7F3,0.986103817427165,0.49998945614812,True
2etk__A1_Q13464--2etk__B1_Q13464,0.9037973966648982,0.5,True
2p69__A1_Q96GD0--2p69__A2_Q96GD0,0.985946762460962,0.5,True
4doy__A1_Q6WNP1--4doy__C1_Q6WNP1,0.9550786836174019,0.5,True
6zxw__A1_O29011--6zxw__B1_A0A117KMN5,0.9077317189090195,0.5,False
3lhk__A1_Q60329--3lhk__B1_Q60329,0.9510616536702821,0.4999889549139588,True
1qpa__A1_P11542--1qpa__B1_P11542,0.8749762296938148,0.5,True
6e52__A1_P03069--6e52__B1_P03069,0.8837654463635662,0.5,True
1fwl__A1_Q58504--1fwl__B1_Q58504,0.9900175588421974,0.5,True
5nkk__A1_O62301--5nkk__B1_Q9XWJ1,0.848882826851511,0.5,False
1ygt__A1_Q94524--1ygt__A2_Q94524,0.9152351937638106,0.5,True
6p40__A1_M1GSK9--6p40__B1_M1GSK9,0.9087432561713344,0.5,True
2wyn__B1_P13482--2wyn__D1_P13482,0.9028673667946348,0.5,True
7yui__A1_P0CG48--7yui__B1_Q9BYM8,0.7988148619935569,0.5,False
8dml__B1_Q87GI3--8dml__A1_Q87GI4,0.8737651587828696,0.5,False
2oi2__A1_A0A0H2UNK6--2oi2__A2_A0A0H2UNK6,0.8966978534286227,0.5,True
4wud__A1_P0AES6--4wud__A2_P0AES6,0.930886423105236,0.5,True
5yzj__A1_A8K0B5--5yzj__B1_A8K0B5,0.46072045487909696,0.5,True
8f61__A1_Q28943--8f61__B1_Q28943,0.8847714926578217,0.5,True
5ho3__A1_W6KHH6--5ho3__B1_W6KHH6,0.8015403038716866,0.5,True
1u5i__A1_Q07009--1u5i__B1_Q64537,0.9428488928635556,0.5,False
1cmc__A1_P0A8U6--1cmc__B1_P0A8U6,0.9272730715064875,0.503968253968254,True
6oe2__A1_Q8A9F0--6oe2__A2_Q8A9F0,0.31995570898712167,0.5,True
3gzi__A1_A3QIY5--3gzi__A2_A3QIY5,0.9519939652757643,0.5,True
8pr6__B1_A0A1Q6BKH4--8pr6__A1_A0A1Q6BKH4,0.5201086248975453,0.5,True
8j64__A1_Q967S9--8j64__B1_O00816,0.38884502240183394,0.5,False
8ohw__A1_Q63T97--8ohw__B1_Q63T97,0.8019158997895366,0.5,True
5y4r__A1_O87131--5y4r__B1_Q9HVI1,0.8139986426475367,0.5,False
3ddh__A1_Q8A5Q8--3ddh__B1_Q8A5Q8,0.9600751018568934,0.5,True
8d3t__B1_A0A2K2AMS7--8d3t__A1_A0A2K2AMS7,0.530591582704418,0.5,True
1zk8__A1_Q815X4--1zk8__B1_Q815X4,0.9805497202409831,0.504950495049505,True
2w82__A1_Q47730--2w82__B1_Q47730,0.9568601901959753,0.5,True
6l08__A1_O65896--6l08__B1_O65896,0.956749116827545,0.5,True
4p94__B1_Q4J9K8--4p94__A1_Q4J9K8,0.9747207327971403,0.5,True
4yii__A1_O00762--4yii__B1_Q9UJX6,0.9727572963252431,0.5,False
4rus__A1_P68512--4rus__B1_P68512,0.90552932088638,0.5,True
2o48__A1_Q9TQS6--2o48__A2_Q9TQS6,0.9011806012704733,0.5,True
7pvw__B1_P00523--7pvw__A1_P00523,0.45649657038861013,0.5,True
2wcu__A1_Q8R2K1--2wcu__B1_Q8R2K1,0.9423888505788844,0.5,True
2p35__A1_Q8UH15--2p35__B1_Q8UH15,0.8538795151271059,0.5,True
5jj8__A1_Q9HVB9--5jj8__A2_Q9HVB9,0.7506378473768937,0.5,True
6ije__A1_A0A083ZID3--6ije__B1_A0A083ZID3,0.9358184076247344,0.5,True
8avu__A1_Q8GPI4--8avu__A2_Q8GPI4,0.904874960430516,0.5,True
7xdu__B1_A0A1I1Z0X1--7xdu__A1_A0A1I1Z0X1,0.979349094057627,0.5,True
1xr4__A1_Q8ZRY1--1xr4__B1_Q8ZRY1,0.9072767377780211,0.5,True
2fuq__A1_C6XZB6--2fuq__B1_C6XZB6,0.9722628900045092,0.5,True
5xrw__A1_O25306--5xrw__C1_O25674,0.9556686931373649,0.5,False
5l0o__A1_P46940--5l0o__B1_P46940,0.3140764402529166,0.5,True
2zcx__A1_Q9FBX0--2zcx__A2_Q9FBX0,0.9110110032749488,0.5,True
5way__A1_Q97P44--5way__B1_Q97P44,0.9613201555846804,0.5,True
7xey__A1_Q9SU72--7xey__B1_Q9S745,0.9038608751248202,0.5,False
4xlo__C1_Q9KHK2--4xlo__A1_Q9KHK2,0.961760868092622,0.5,True
6kd6__B1_Q9VAA9--6kd6__A1_Q9VAA9,0.3689699261836488,0.5,True
8k72__A1_Q9NWT6--8k72__A2_Q9NWT6,0.9155899987255602,0.5,True
8b5v__A1_Q4E4A3--8b5v__B1_Q4E4A3,0.9264285738941733,0.5,True
4yo3__A1_D3GUX1--4yo3__A2_D3GUX1,0.9753923327219999,0.5,True
8p8p__A1_P49773--8p8p__B1_P49773,0.915904938996542,0.5,True
6hrx__A1_O53623--6hrx__B1_O53623,0.9857945169677927,0.5,True
3mdo__A1_A6LDR8--3mdo__B1_A6LDR8,0.9629075623801776,0.5,True
8iw0__A1_Q14678--8iw0__B1_Q14678,0.6791731906687368,0.5,True
2rb7__A1_Q313A9--2rb7__B1_Q313A9,0.9070156505219436,0.5,True
3lsj__A1_Q9HUS3--3lsj__B1_Q9HUS3,0.894919347963657,0.5,True
8g0q__A1_P40460--8g0q__B1_P33895,0.8118789037361038,0.5,False
6ms4__A1_Q9ULC4--6ms4__B1_O43583,0.9196231659136147,0.5,False
7y6b__A1_A0A411GZY8--7y6b__B1_A0A411H025,0.8799247818307956,0.49914649286157664,False
7zyt__A1_P09622--7zyt__B1_P09622,0.8812715857638885,0.5,True
7lle__A1_Q6QVT7--7lle__B1_Q6QVT7,0.9008488867312987,0.5,True
4csw__A1_D0MK34--4csw__B1_D0MK34,0.954924411543609,0.5,True
7tev__A1_P04181--7tev__A2_P04181,0.9012641552650358,0.5,True
2hsa__B1_Q9FEW9--2hsa__A1_Q9FEW9,0.8538298118264358,0.5,True
4tsd__A1_O25673--4tsd__B1_O25673,0.8992895978842678,0.5,True
7qh0__B1_P48499--7qh0__A1_P48499,0.986514380151087,0.5,True
1ayf__B1_P00257--1ayf__A1_P00257,0.6637285309286872,0.5,True
3neu__A1_Q92AT3--3neu__A2_Q92AT3,0.9345616151866151,0.5,True
8f9x__A1_Q5LVE1--8f9x__B1_Q5LVE1,0.9329577945861893,0.5032977141989399,True
3pui__A1_Q9L9D7--3pui__A2_Q9L9D7,0.966959077253025,0.5,True
1rqi__A1_P22939--1rqi__B1_P22939,0.9697706012805427,0.5,True
6pya__A1_P04278--6pya__A2_P04278,0.9706796597047105,0.5,True
1r27__A1_P09152--1r27__B1_P11349,0.8974497927405711,0.5,False
7zuv__A1_A0A2K3DY10--7zuv__D2_A0A2K3DY10,0.7763764059010878,0.5,True
2aho__A1_Q980A5--2aho__B1_Q97Z79,0.9282918304795608,0.5,False
6mni__A1_A0A2V0QX35--6mni__B1_A0A2V0QX35,0.9187186510421651,0.5,True
4kif__B1_Q643C8--4kif__A1_Q643C8,0.9793979199216405,0.5,True
7vyu__A1_A0A022MLV4--7vyu__B1_A0A022MLV4,0.892147087077839,0.5,True
3g23__A1_Q2G8F3--3g23__B1_Q2G8F3,0.9726483466301341,0.5,True
3ui3__A1_O05728--3ui3__B1_O05728,0.9358047323216893,0.5,True
8ohy__A1_Q556V8--8ohy__A2_Q556V8,0.975460661880415,0.5,True
5zgo__A1_Q5SHW6--5zgo__B1_Q5SHW6,0.9405910068302556,0.5,True
5uph__B1_Q14108--5uph__A1_Q14108,0.7072810236419245,0.5,True
6u3w__A1_P53622--6u3w__B1_P40509,0.924654411379979,0.5,False
2gsv__B1_P71066--2gsv__A1_P71066,0.8275936755468919,0.5,True
7yh1__A1_A0A5B9DB95--7yh1__B1_A0A5B9DB95,0.948657947419097,0.49992376305557673,True
6c6r__A1_Q14534--6c6r__B1_Q14534,0.9520501621583213,0.5,True
6p4o__B1_Q970I1--6p4o__A1_Q970I2,0.9501410894242899,0.5,False
2oys__A1_A0A0H2URW2--2oys__B1_A0A0H2URW2,0.9742393829102348,0.5,True
8i85__A1_D2B3F1--8i85__B1_D2B3F1,0.7583389496707885,0.5,True
2b0a__A1_Q58193--2b0a__A2_Q58193,0.9575272645397136,0.5,True
3ayh__B1_O94285--3ayh__A1_Q9C0Z9,0.9038109686590776,0.5,False
2g38__B1_Q79FE1--2g38__A1_Q7D756,0.8938025227027114,0.5,False
2z6k__A1_P15927--2z6k__C1_P35244,0.8520782415044182,0.5,False
3p8b__B1_Q8TZK1--3p8b__A1_Q8U440,0.8893547762530555,0.5,False
6z68__A1_A0A1M6Y2K1--6z68__B1_A0A1M6Y2K1,0.8856866457983006,0.5,True
5yz5__A1_Q16555--5yz5__A2_Q16555,0.9054554775574727,0.5,True
6dk9__A1_A7A1Y4--6dk9__A2_A7A1Y4,0.9708786487758945,0.5,True
2p19__A1_Q8NTZ4--2p19__C1_Q8NTZ4,0.9729153737977405,0.5,True
8ai1__B1_Q45595--8ai1__A1_Q45595,0.923748154378661,0.5,True
7px0__B1_Q9VF53--7px0__A1_Q9VF53,0.9485105876879831,0.5,True
4cmz__B1_Q9BXM0--4cmz__A1_Q9BXM0,0.024628687124891205,0.5,True
8gyz__B1_Q93ZE2--8gyz__A1_Q93ZE2,0.9485514311518302,0.5,True
2ikb__A1_Q7DDI9--2ikb__C1_Q7DDI9,0.9839254827208868,0.5,True
7zam__A1_Q07666--7zam__B1_Q07666,0.5660243965651156,0.5,True
3egv__A1_Q84BQ9--3egv__B1_Q5SLP6,0.8511394297992707,0.5,False
2g9w__A1_P9WMJ5--2g9w__B1_P9WMJ5,0.9432461237615962,0.5,True
2afv__A1_Q8EXP7--2afv__B1_Q8EXP7,0.9314863372370604,0.5,True
7w93__A1_A0A140N873--7w93__A2_A0A140N873,0.9817938864985845,0.5,True
1wl3__B1_Q9X1M1--1wl3__A1_Q9X1M1,0.9746002534144925,0.49998880229329035,True
4kbx__A1_P45550--4kbx__A2_P45550,0.9558733845315391,0.5,True
8brn__C1_P80366--8brn__A1_P80366,0.9206776579023637,0.5,True
8h5a__A1_P67661--8h5a__B1_P67661,0.8811070324831793,0.5,True
8b4l__B1_D5SK09--8b4l__A1_D5SK09,0.8856740865562173,0.5,True
1nrj__B1_P36057--1nrj__A1_P32916,0.9052477071489412,0.5,False
4rdw__A1_Q9HU77--4rdw__A2_Q9HU77,0.9411491207635181,0.5,True
7vpr__A1_Q6FX18--7vpr__B1_Q6FX18,0.7918106905769969,0.5,True
5a6k__A1_A0A0H2US73--5a6k__B1_A0A0H2US73,0.9839738154492955,0.5,True
7ucd__B1_P17535--7ucd__A1_P53539,0.8986673178305153,0.5,False
1qc9__A1_P00642--1qc9__A2_P00642,0.8469263480221452,0.5,True
3ooc__A1_P77239--3ooc__B1_P77239,0.9347576113653256,0.5,True
8pm1__A1_B8GAY9--8pm1__B1_B8GAY9,0.912536518311277,0.5,True
1vbg__A1_P11155--1vbg__A2_P11155,0.9690333423825079,0.5,True
4ovo__A1_P67954--4ovo__A2_P67954,0.8607987412652136,0.5,True
2qgs__A1_A0A0H2VIU2--2qgs__B1_A0A0H2VIU2,0.9412313520185576,0.5,True
8bol__A1_Q04609--8bol__A2_Q04609,0.9552706825685792,0.5,True
3mii__B1_Q08914--3mii__A1_Q08914,0.9018168423372993,0.5,True
3i23__A1_Q835X4--3i23__B1_Q835X4,0.879388988056767,0.5,True
3itf__A1_P0AE85--3itf__B1_P0AE85,0.7759988125335172,0.5,True
6mw5__A1_K3WC47--6mw5__A2_K3WC47,0.9206617525690544,0.5,True
5vht__A1_P0A9J8--5vht__B1_P0A9J8,0.9805325545467519,0.5,True
6j6x__B1_P53611--6j6x__A1_Q7Z6K3,0.9049915202828342,0.5,False
4tvb__A1_O32323--4tvb__B1_O32323,0.9664979573531115,0.5,True
3jyu__A1_P35123--3jyu__B1_P35123,0.5414473255132158,0.5,True
8dtc__A1_L8GT25--8dtc__B1_L8GT25,0.8386501141697364,0.5,True
8fny__A1_O00418--8fny__B1_P0DP23,0.7209756703854511,0.5,False
7v0b__A1_A0A1E7MYN1--7v0b__B1_A0A1E7MYN1,0.9627070025963579,0.5,True
2vvo__A1_P9WKD7--2vvo__B1_P9WKD7,0.8602557106825337,0.5,True
5yjh__A1_Q15063--5yjh__A2_Q15063,0.8268355489432297,0.5,True
2z5e__A1_Q9BT73--2z5e__B1_Q9BT73,0.916271876197602,0.5,True
1a8l__A1_Q51760--1a8l__A2_Q51760,0.9922271858277854,0.5,True
8h0r__A1_Q9WVJ5--8h0r__B1_Q9WVJ5,0.24885695452142995,0.5,True
2j7j__A1_P03001--2j7j__A2_P03001,0.4943735269727241,0.5,True
7zbg__A1_Q02880--7zbg__A2_Q02880,0.7754550022150607,0.5,True
1rku__A1_Q9I2Y2--1rku__B1_Q9I2Y2,0.9574628056283478,0.5,True
2wvl__A1_Q72K30--2wvl__B1_Q72K30,0.9140535238554585,0.5,True
8ewa__B1_Q9HW02--8ewa__A1_Q9HW02,0.9787891238051781,0.5,True
2ft0__A1_Q8FBQ3--2ft0__B1_Q8FBQ3,0.8969180423586715,0.5,True
2r01__A1_Q8KFI1--2r01__A2_Q8KFI1,0.9224799963211625,0.5,True
8hno__A1_B6YTS4--8hno__B1_B6YTS4,0.9537598481366035,0.5,True
6x88__A1_P52731--6x88__B1_P52731,0.9656486477053614,0.5,True
2x76__A1_Q939Q9--2x76__A2_Q939Q9,0.9907105334920785,0.5,True
7x2p__A1_Q5ZWH7--7x2p__B1_Q5ZWH7,0.6768303951226091,0.5,True
2aeu__A1_Q57622--2aeu__A2_Q57622,0.9734478118334217,0.5,True
5kbg__A1_Q43965--5kbg__B1_Q43965,0.936850228466596,0.5,True
4p9g__A1_Q9REI7--4p9g__A2_Q9REI7,0.9322933080072238,0.5221412794002317,True
7tcv__A1_Q60932--7tcv__A2_Q60932,0.8759572291024464,0.5,True
7vkb__A1_Q5ZSZ6--7vkb__B1_Q5ZSZ7,0.8616460359570166,0.5,False
7r2p__A1_Q46877--7r2p__A2_Q46877,0.8839548078184442,0.5,True
6ggl__B1_C9K1X5--6ggl__A1_C9K1X5,0.9249311598132064,0.5,True
7yi7__A1_Q9Y251--7yi7__B1_Q9Y251,0.3447883597117946,0.5,True
7yka__B1_Q9Y3D6--7yka__A1_Q9Y3D6,0.48169584946324423,0.5,True
8jea__A1_K1QRB6--8jea__D1_K1QRB6,0.9253074179509833,0.5,True
8huc__C1_A0A0H2Z790--8huc__A1_A0A0H2Z790,0.9452219607182197,0.5,True
5mpr__A1_O15382--5mpr__A2_O15382,0.9167547863783397,0.5,True
4ooj__B1_Q5ZSK6--4ooj__A1_Q5ZSK6,0.7964550507887905,0.5,True
8a5v__A1_Q9Y617--8a5v__C1_Q9Y617,0.9497953683911924,0.5,True
3lm2__A1_A9CH74--3lm2__B1_A9CH74,0.8961637922509444,0.5,True
7zwt__A1_P41182--7zwt__A2_P41182,0.5607626883885078,0.5,True
5zwl__B1_Q8DLU1--5zwl__A1_Q8DLG7,0.9051471492489266,0.5,False
6wmz__A1_P23246--6wmz__B1_Q15233,0.6123108439321441,0.5,False
1i4m__A1_P04156--1i4m__A2_P04156,0.2979715083392834,0.5,True
2gjg__A1_Q88EQ6--2gjg__A2_Q88EQ6,0.87874401718699,0.5,True
4ghm__A1_Q9KTK0--4ghm__B1_Q9KTK0,0.9000323170539459,0.5,True
1tve__A1_P31116--1tve__B1_P31116,0.9815799619085679,0.5,True
3onx__A1_P41697--3onx__B1_P41697,0.8072006047304553,0.5,True
8cp4__A1_Q6LXV7--8cp4__A2_Q6LXV7,0.9577046579798417,0.5,True
1ob9__A1_Q97YX6--1ob9__A2_Q97YX6,0.9456108170040138,0.5,True
7zcc__B1_P46327--7zcc__A1_P46327,0.9700461469935405,0.5,True
4kwd__A1_Q9UR08--4kwd__B1_Q9UR08,0.971179796746406,0.5,True
7wuy__A1_A0A1R3S1W7--7wuy__B1_A0A1R3S1W7,0.9463633164013324,0.5,True
5gtw__A1_I3NX86--5gtw__D1_I3NX86,0.9278898529753131,0.5,True
6loh__A1_O15033--6loh__A2_O15033,0.8756709957785693,0.5,True
3a9y__A1_Q68FT9--3a9y__B1_Q68FT9,0.963924827446684,0.5,True
8ay6__B1_Q9CAJ0--8ay6__A1_A0A067E666,0.8696756294491041,0.5,False
8u5m__A1_Q8TF42--8u5m__F1_Q8TF42,0.9347555656370787,0.5,True
7twa__D1_F8JJ25--7twa__A1_F8JJ25,0.9903375367261646,0.5,True
8fju__B1_P34897--8fju__A1_P34897,0.8758249341992776,0.5,True
1fjj__A1_P12994--1fjj__A2_P12994,0.9627774381206462,0.5,True
8iyi__A1_Q6CVU4--8iyi__B1_Q6CVU4,0.9619526538372376,0.5,True
1uus__A1_O00910--1uus__A2_O00910,0.8798339279541525,0.5,True
1zt2__A1_Q97Z83--1zt2__C1_Q9UWW1,0.970639936163819,0.5,False
7uex__A1_Q9H999--7uex__A2_Q9H999,0.9518554036712399,0.5,True
6jqy__A1_P9WF13--6jqy__B1_P9WF13,0.9738576308326888,0.5166666666666667,True
6l6w__A1_A0A3B6UEU3--6l6w__A2_A0A3B6UEU3,0.9775026834642111,0.5,True
8grj__B1_Q8GQE7--8grj__A1_A0A0H3KLY3,0.933353614487481,0.5,False
2j0n__B1_P18013--2j0n__A1_P18013,0.521437128840985,0.5,True
3rq1__A1_D1BN29--3rq1__C1_D1BN29,0.9472493963190753,0.5,True
5ae6__B1_Q92458--5ae6__A1_Q92458,0.8908380522351492,0.5,True
7qi3__A1_W7NDP8--7qi3__C1_W7NDP8,0.9380774899487531,0.5,True
2yve__A1_Q8NMG3--2yve__B1_Q8NMG3,0.9388971381301523,0.5039370078740157,True
5ynx__A1_B2GM84--5ynx__B1_B2GM84,0.8800240010469134,0.5,True
2r6u__A1_Q0S814--2r6u__C1_Q0S814,0.8420590018929643,0.5126259009585945,True
8b6m__A1_Q9H2K2--8b6m__B1_Q9H2K2,0.3409973850048322,0.5,True
3kc2__A1_P36151--3kc2__B1_P36151,0.9771021833731877,0.5,True
3vp5__A1_Q9CHR1--3vp5__A2_Q9CHR1,0.9559540935672514,0.5,True
7pvh__A1_B2RLE7--7pvh__B1_B2RLE7,0.7118643178391606,0.5,True
4nqf__B2_Q7CW19--4nqf__A1_Q7CW19,0.9782479534622808,0.5,True
1vjh__A1_P0C0B0--1vjh__B1_P0C0B0,0.9510185691758117,0.5,True
5xw4__B1_Q00684--5xw4__A1_Q00684,0.7229354151923206,0.5,True
8aai__A1_O00560--8aai__C1_O00560,0.6291418471890357,0.5,True
4xdl__A1_P57789--4xdl__B1_P57789,0.8599176888565715,0.5,True
6ukl__A1_P0A901--6ukl__F1_P0A901,0.2420606166093357,0.5,True
5dot__A1_P31327--5dot__B1_P31327,0.9023647879979015,0.5,True
5by4__A1_P0ABV6--5by4__A2_P0ABV6,0.9532194997105344,0.5,True
7zxs__A1_Q86TI2--7zxs__C1_Q86TI2,0.941458664406819,0.5,True
1v6u__A1_Q7SI98--1v6u__B1_Q7SI98,0.9061475314238152,0.5,True
6e27__A1_Q9H257--6e27__B1_Q9H257,0.1810656930142961,0.5,True
7szd__A1_Q96S44--7szd__B1_Q9Y3C4,0.9587332702798597,0.5,False
1h9r__A1_P0A9G8--1h9r__B1_P0A9G8,0.8637471224988886,0.5,True
3on6__A1_A7M0J6--3on6__B1_A7M0J6,0.9529794306573716,0.5,True
8fwy__A1_Q4DGA2--8fwy__B1_Q4DGA2,0.9122874321379594,0.5,True
1yu6__A1_P00780--1yu6__C1_P68390,0.9242280772928414,0.5,False
6ek1__A1_A0A452CST7--6ek1__A2_A0A452CST7,0.95453723408855,0.5036231884057971,True
6ckj__A1_P0A0Z8--6ckj__A2_P0A0Z8,0.9699466433713168,0.5,True
1w33__A1_O50957--1w33__B1_O50957,0.36005718364979167,0.5,True
4usk__B1_H7C745--4usk__B2_H7C745,0.9215092291148222,0.5,True
6cmv__B1_Q4J9G1--6cmv__A1_Q4J9G1,0.984663994058654,0.5,True
7y70__A1_F4KCC2--7y70__A2_F4KCC2,0.6075132815843483,0.5,True
3cwx__A1_P94837--3cwx__B1_P94837,0.8861381078013544,0.5,True
3p1y__A1_O29362--3p1y__B1_O29362,0.9161773208437662,0.5,True
8a8i__A1_Q9R9V9--8a8i__B1_Q9R9V9,0.9885696747469159,0.5,True
5d1l__A1_P62837--5d1l__B1_Q96BH1,0.8318162000439524,0.5,False
8og3__A1_P38489--8og3__B1_P38489,0.9479430720846297,0.5,True
4neh__A1_P20702--4neh__B1_P05107,0.901935522286287,0.5,False
2prv__A1_O34596--2prv__B1_O34596,0.9336807172339769,0.5,True
6kvn__A1_A0A1S4CVP6--6kvn__A2_A0A1S4CVP6,0.9379033674360913,0.5,True
5tgq__A1_A0A1S4NYF7--5tgq__A2_A0A1S4NYF7,0.9803207579906609,0.5,True
6b3i__A1_P27216--6b3i__B1_P27216,0.5159043575491996,0.5,True
1rqn__A1_O31156--1rqn__B1_O31156,0.9971598698113174,0.5,True
7tcr__A1_A0A2D2D5M1--7tcr__D1_A0A2D2CY73,0.9149222315943288,0.5,False
5l7z__A1_P28750--5l7z__A2_P28750,0.8518400478042228,0.5,True
7ljh__A1_Q769D3--7ljh__B2_Q769D3,0.9869300731716448,0.5,True
5frk__A1_D4I047--5frk__B1_D4I047,0.8722549294458461,0.5,True
7xmw__B1_U2Q5N5--7xmw__A1_U2Q5N5,0.4855789427137456,0.5,True
7w2o__A1_Q9HZP1--7w2o__B1_Q9HZP1,0.9808809594839105,0.5,True
7uay__A1_P08684--7uay__A2_P08684,0.9971462676184378,0.5,True
5czf__D1_A0A0H3JHG3--5czf__A1_Q8XAD5,0.7399269772547107,0.5,False
2p6p__A1_Q9RPA7--2p6p__B1_Q9RPA7,0.8933387291023493,0.5,True
4u64__A1_Q5ZXA3--4u64__A2_Q5ZXA3,0.9653593970730887,0.5,True
7qbm__A1_P43235--7qbm__B1_P43235,0.39982540916444315,0.5,True
3nvm__A1_Q8U4M1--3nvm__B1_Q8U4M2,0.9078716811893213,0.5,False
3wws__A1_Q13188--3wws__D1_Q13188,0.9140169436564697,0.5,True
4c87__A1_F9UMG7--4c87__B1_F9UMG7,0.8628360921352252,0.5,True
2d7e__A1_P17888--2d7e__B1_P17888,0.4408971054900088,0.5,True
7xro__A1_Q9RQ20--7xro__B1_Q9RQ20,0.8061689368230207,0.5,True
5yrj__A1_B6F0T7--5yrj__B1_A0A2Z5V8U8,0.9610573393609212,0.5,False
6yev__C1_P0A744--6yev__A1_P0AA25,0.863961034268453,0.5,False
8glr__A1_Q8ZJX7--8glr__A2_Q8ZJX7,0.9110097721002789,0.5,True
5fwt__A1_Q96MU8--5fwt__A2_Q96MU8,0.7838119298029025,0.5,True
4e6s__A1_Q3URR7--4e6s__A2_Q3URR7,0.7843737604209504,0.5,True
8enb__B1_A7DT38--8enb__A1_A0T3A2,0.84220335590138,0.5,False
8h4p__A1_I1S104--8h4p__B1_I1S104,0.9600642313155165,0.5,True
7yo8__A1_P60520--7yo8__A2_P60520,0.6118124613595162,0.5,True
8elf__B1_Q6DYE4--8elf__A1_Q6DYE4,0.8052145297885757,0.5,True
1ax2__A1_P16404--1ax2__A2_P16404,0.9373108107772319,0.5,True
8i33__C1_A0A6Q8PFJ0--8i33__A1_A0A6Q8PFJ0,0.9228146930461054,0.5,True
3q9l__A1_P0AEZ3--3q9l__B1_P0AEZ3,0.9174338984749095,0.5,True
2yk4__A1_P72097--2yk4__A2_P72097,0.4419293254925746,0.5,True
7u5f__C1_Q9HTM2--7u5f__A1_Q9HTM2,0.9768012763499492,0.5,True
5xt3__B1_A0A0U1MUE2--5xt3__A1_A0A0U1MUE2,0.9522995717201778,0.5,True
5iws__A1_Q63GK8--5iws__A2_Q63GK8,0.9450051651732579,0.5,True
2owl__A1_P36767--2owl__B1_P36767,0.8991670657005219,0.5,True
8bca__A1_O75643--8bca__B1_Q6P2Q9,0.8152001018554538,0.5,False
3mcb__B1_P20290--3mcb__A1_Q13765,0.9040151167355303,0.5,False
8gy8__A1_Q8TZT0--8gy8__B1_Q8TZT0,0.9492828079314422,0.5,True
8dkd__A1_G7CIP4--8dkd__A2_G7CIP4,0.9351580625902163,0.5,True
7dus__A1_P08965--7dus__A2_P08965,0.12911570764726105,0.5,True
8gb1__A1_Q9Y3Z3--8gb1__B1_Q9Y3Z3,0.876743135307887,0.5,True
6ikj__A1_Q9I4L6--6ikj__B1_Q9I4L6,0.7985179407176286,0.5,True
8b2q__A1_D0EM77--8b2q__B1_G8UM88,0.7756373078151617,0.5,False
5x42__A1_Q5ZYB7--5x42__B1_Q5ZYC6,0.9502788393784858,0.5,False
1vkh__A1_Q04066--1vkh__B1_Q04066,0.9281201999073911,0.5,True
5omd__A1_Q04377--5omd__A2_Q04377,0.9004645934560819,0.5,True
2vsg__A1_P26329--2vsg__B1_P26329,0.932417874220423,0.5,True
1jql__A1_P0A988--1jql__B1_P28630,0.9820529302883466,0.5,False
1w9c__A1_O14980--1w9c__B1_O14980,0.3577630664590605,0.5,True
3upl__A1_Q2YIM3--3upl__B1_Q2YIM3,0.9722760663396819,0.5,True
3tm2__A1_Q83XN4--3tm2__B1_Q83XN4,0.8709261036152731,0.5,True
3kxa__A1_Q5F9C2--3kxa__B1_Q5F9C2,0.7879297282616463,0.5,True
7yls__B1_C5CSP6--7yls__A1_C5CSP7,0.907655329998236,0.5,False
7psg__A1_Q6D515--7psg__B1_Q6D515,0.9167396025278537,0.5,True
8pte__A1_P00698--8pte__A2_P00698,0.8857008321368471,0.5,True
7ykc__A1_P14843--7ykc__B1_P14843,0.948612818261633,0.5,True
3wxe__A1_E7FEV5--3wxe__B1_P0CG48,0.733327897394032,0.5,False
2vjf__A1_Q00987--2vjf__B1_O15151,0.7919467426702254,0.5,False
7pvo__A1_P56137--7pvo__A2_P56137,0.9575188306924364,0.5,True
3kkd__A1_Q9HXU1--3kkd__A2_Q9HXU1,0.9478782124826551,0.5,True
3mph__A1_P19801--3mph__B1_P19801,0.8951512640002159,0.5,True
6jc4__A1_A6TE44--6jc4__D1_A6TE44,0.9414977702015662,0.5,True
2rf4__A1_P46669--2rf4__B1_P50106,0.9118195313226398,0.5,False
4huz__A1_Q9ZBB0--4huz__A2_Q9ZBB0,0.8152417043586171,0.5,True
5gtj__B1_Q9BV47--5gtj__A1_Q9BV47,0.5541340278316942,0.5,True
2xw7__A1_A0QP85--2xw7__B1_A0QP85,0.9515622147000575,0.5,True
6l6h__A1_Q5ZZ22--6l6h__B1_Q5ZZ22,0.9490642580547173,0.5,True
8p7m__A1_P0A434--8p7m__A2_P0A434,0.9661645433765571,0.5,True
6gou__A2_P97275--6gou__C1_P97275,0.8877941053189788,0.5,True
2wwo__A1_Q66ED7--2wwo__B1_Q66ED7,0.9698356943001478,0.5,True
8i3n__A1_Q12178--8i3n__C1_Q12178,0.9223871521179677,0.5,True
1s7i__A1_Q9I3Z5--1s7i__A2_Q9I3Z5,0.8861758388894281,0.49996242014280345,True
3szw__A1_B7JBP8--3szw__A2_B7JBP8,0.9308287090596548,0.5,True
2nys__A1_Q8U561--2nys__B1_Q8U561,0.9689198337881794,0.5,True
3gr5__A1_O52135--3gr5__A2_O52135,0.7646119196251413,0.5,True
3ded__A1_Q7P1I2--3ded__B1_Q7P1I2,0.6658810229068293,0.5,True
5b5x__A1_Q75NZ1--5b5x__A2_Q75NZ1,0.5717015485844584,0.5,True
7qga__A1_P21589--7qga__A2_P21589,0.9790441811406189,0.5,True
3sd2__A1_Q8A1T7--3sd2__A2_Q8A1T7,0.6328739007013248,0.5,True
8ow9__A1_G8UQH9--8ow9__B1_G8UQH9,0.9236165127739457,0.5,True
3bcw__B1_A0A0H3LK92--3bcw__A1_A0A0H3LK92,0.9373839901859572,0.5,True
6duy__A1_Q61301--6duy__B2_Q61301,0.5755728032488849,0.5,True
5zyf__A1_Q99ZW0--5zyf__B1_Q99ZW0,0.8481953812846519,0.5,True
2b7o__A1_O53512--2b7o__B1_O53512,0.9511924098979886,0.5,True
1v57__A1_P77202--1v57__A2_P77202,0.9585364942636068,0.5,True
7cov__A1_Q06801--7cov__A2_Q06801,0.9086010614157212,0.5,True
6ign__A1_Q61768--6ign__A2_Q61768,0.9408616865080267,0.5,True
3be5__A1_Q8XBR1--3be5__B1_Q8XBR1,0.8970493276419971,0.5,True
4hn3__B1_Q8Y6D1--4hn3__A1_Q8Y6D1,0.9192911402584588,0.5,True
4o8y__A1_Q08723--4o8y__B1_P43588,0.9163004563541095,0.5,False
7uoi__A1_A0A1S8KJG1--7uoi__A2_A0A1S8KJG1,0.9625455856108721,0.5,True
7vma__A1_C5A758--7vma__A2_C5A758,0.9902505496294145,0.5,True
7d9m__A1_A0A4D6NYT7--7d9m__B2_A0A4D6NYT7,0.8672237619327566,0.5,True
2py8__C1_Q55670--2py8__B1_Q55670,0.8852632659021129,0.5,True
7ytl__A1_E1BR24--7ytl__A2_E1BR24,0.7618353179106452,0.5,True
7vxt__A1_Q63W52--7vxt__B1_Q63W52,0.5971573002330922,0.5,True
5cv3__A1_E3M3V1--5cv3__A2_E3M3V1,0.7610401146867128,0.5,True
8c9v__A1_Q1JXV1--8c9v__A2_Q1JXV1,0.9780362487130989,0.5,True
3tsn__A1_Q9PN58--3tsn__B1_Q9PN58,0.9539424907096892,0.5,True
8j51__A1_A0A0E9MUN5--8j51__B1_A0A0E9MUN5,0.8822693172447319,0.5,True
6cz9__A1_Q7WTU0--6cz9__B1_Q7WTT9,0.9192498847672298,0.5,False
8pzo__A1_F9UT68--8pzo__A2_F9UT68,0.9212230230840182,0.5,True
3tqg__B1_Q83DG4--3tqg__A1_Q83DG4,0.924592545248874,0.5,True
7czg__C1_Q8TDY2--7czg__A1_Q8TDY2,0.6869545723252568,0.5,True
7eev__B1_A0A3D9R4E8--7eev__A1_A0A3D9R4E8,0.8608998934503103,0.5,True
8ori__A1_Q2KB35--8ori__B1_Q2KB35,0.9239803860423825,0.5,True
7o6z__A1_A0A7R8L7W4--7o6z__B1_A0A7R8L7W4,0.9315220204688086,0.5,True
8pmr__A1_Q4WL81--8pmr__B1_Q4WL81,0.7462756808722342,0.5,True
7u34__A1_Q4X1J1--7u34__A2_Q4X1J1,0.9512768575818156,0.5,True
3fmy__A1_Q46864--3fmy__A2_Q46864,0.9512025503421792,0.5,True
7f0o__B1_A0A2I1C3W8--7f0o__A1_A0A2I1C3W8,0.9602751984039666,0.5,True
3ojm__B1_P21802--3ojm__A1_P05230,0.6565168887450687,0.5,False
6xgz__A1_P63386--6xgz__B1_P64602,0.9572319568317014,0.5,False
7x2y__A1_A0A076PYH9--7x2y__B1_A0A076PYH9,0.9819851986240752,0.5,True
5i4h__B1_P07711--5i4h__A1_P07711,0.2621829377656758,0.5,True
4e6h__A1_Q6CII8--4e6h__A2_Q6CII8,0.9493295486490217,0.5,True
6x7p__A1_Q8GGP1--6x7p__A2_Q8GGP1,0.9559872230299672,0.5,True
3exq__A1_Q03S37--3exq__A2_Q03S37,0.8907685271022759,0.5,True
2qvc__A1_Q9WXW9--2qvc__B2_Q9WXW9,0.9816222486213663,0.5,True
6yoa__A1_O82015--6yoa__B1_O82015,0.950672165363241,0.5,True
7qnm__A1_G0L7V6--7qnm__B1_G0L7V6,0.985897609779539,0.5,True
3p8v__A1_Q9V228--3p8v__B1_Q9V228,0.961378928689157,0.5,True
4re1__A1_P28347--4re1__D1_P46937,0.4992887065776502,0.5,False
8iw5__A1_Q8C8U0--8iw5__B1_Q8C8U0,0.8854290759717304,0.5,True
7sq2__B1_Q01970--7sq2__A1_P21279,0.8353121499209762,0.5,False
4lqx__B1_Q97VD2--4lqx__A1_Q97VD2,0.9882687197984499,0.5,True
3owf__A1_P00644--3owf__A2_P00644,0.5006487049011976,0.5,True
2dpl__A1_O59072--2dpl__B1_O59072,0.9645759995658159,0.5,True
4ap5__A1_Q9Y2G5--4ap5__B1_Q9Y2G5,0.881038801226816,0.5,True
8evy__A1_Q9LCT6--8evy__A2_Q9LCT6,0.9967803479163636,0.5086206896551724,True
5npo__A1_P62593--5npo__B1_D3INY1,0.7268433546239875,0.5,False
5uhs__A1_B0SR19--5uhs__B1_B0SR19,0.8249450013438585,0.5,True
4hsl__A1_Q1LCS4--4hsl__A2_Q1LCS4,0.9583013932149459,0.5,True
8b3s__A1_O31597--8b3s__B1_A0A164W157,0.8867687028269631,0.5,False
5euv__A1_D1LZK0--5euv__B1_D1LZK0,0.9415807098573998,0.5,True
7tmg__A1_A0A0H3GLR2--7tmg__B1_A0A0H3GLR2,0.9703486616892323,0.5,True
7tgn__B1_A0A1Q5L7T0--7tgn__A1_A0A1Q5L7T0,0.9783304372647287,0.5,True
4fz2__A1_C7DIA5--4fz2__B1_C7DIA5,0.9456890726223912,0.5,True
6j2l__A1_P37793--6j2l__B1_P37793,0.9265596062409824,0.5065258161932223,True
5grk__A1_Q89XR0--5grk__B1_Q89XR0,0.9555582486681475,0.5,True
3qxs__A1_O24872--3qxs__A2_O24872,0.9639005402974798,0.5,True
8q3y__A1_E8URK0--8q3y__B1_E8URK0,0.9815579866441488,0.5,True
1pyb__A1_O66738--1pyb__B1_O66738,0.9256311024259183,0.49995910689457757,True
7yto__A1_Q9RHU9--7yto__B1_Q9RHU9,0.9571051179953334,0.5,True
5vae__A1_Q9AET9--5vae__B1_Q9AET7,0.8847103612544331,0.5,False
1zrs__A1_Q9HTZ1--1zrs__B1_Q9HTZ1,0.97440088325292,0.5,True
2cg5__A1_Q9NRN7--2cg5__B1_P49327,0.6899205836026334,0.5,False
4yk8__B1_O36019--4yk8__A1_O13978,0.645508092477409,0.5,False
2iml__A1_O28442--2iml__C1_O28442,0.9105785058813145,0.5,True
6iru__A1_Q9RVF9--6iru__A2_Q9RVF9,0.9868750474167363,0.5,True
4x36__A1_P06653--4x36__A2_P06653,0.9835960352254749,0.5,True
8iev__A1_Q0PAW2--8iev__B1_Q0PAW2,0.9299017688076029,0.5,True
3cyg__A1_A7HM60--3cyg__B1_A7HM60,0.6491621129326046,0.5,True
5kvr__A1_P0ACL9--5kvr__A2_P0ACL9,0.9389663190818703,0.5,True
1na8__A1_Q9UJY5--1na8__B1_Q9UJY5,0.7000050761734301,0.5,True
5fis__A1_H9IUR0--5fis__B1_H9IUR0,0.9324662454686822,0.5,True
5yo8__A1_A0A094YZ24--5yo8__B1_A0A094YZ24,0.9817723044040244,0.5,True
7z6m__A1_A0A0H3LM39--7z6m__A2_A0A0H3LM39,0.9525462599169969,0.5,True
2yxd__A1_Q57836--2yxd__B1_Q57836,0.9463730434555385,0.5,True
1aua__A1_P24280--1aua__A2_P24280,0.9862213719147075,0.5,True
7zw3__A1_P27338--7zw3__B1_P27338,0.8236842435548644,0.5,True
5xjx__I1_C0LGW6--5xjx__A1_Q9SSD1,0.5755008689735159,0.5,False
7xub__A1_Q96KQ7--7xub__B1_Q96KQ7,0.7217838994097323,0.5,True
5xlu__A1_Q65KZ6--5xlu__B1_A9YTT0,0.3805256852287128,0.5,False
8smq__A1_Q182N1--8smq__B1_Q182N1,0.35469927198668627,0.5,True
8eni__A1_A0A0H3JRH8--8eni__A2_A0A0H3JRH8,0.9211912183342938,0.5,True
1q77__A1_O66565--1q77__B1_O66565,0.9358856922701935,0.5,True
6nbp__A1_A0A4P1LYI6--6nbp__A2_A0A4P1LYI6,0.9880866883994418,0.5,True
4wu2__A1_Q7WUJ1--4wu2__B1_Q7WUJ1,0.9349169841906481,0.5,True
2nvn__A1_Q31MH7--2nvn__A2_Q31MH7,0.7809578501696052,0.5,True
3zyh__A1_Q05097--3zyh__B1_Q05097,0.9481366529473944,0.5,True
8a21__A1_A0QJI1--8a21__A2_A0QJI1,0.9752971705889952,0.5,True
8ho2__A1_A0A191T7N6--8ho2__B1_A0A191T7N6,0.8102310390972136,0.5,True
2j8q__A1_O43809--2j8q__B1_O43809,0.7830740747195704,0.5,True
1cx8__A1_P02786--1cx8__B1_P02786,0.8986357242410611,0.5,True
5zfk__A1_Q31LX1--5zfk__B1_Q31LX1,0.970505605967938,0.5,True
2qti__A1_Q8EF26--2qti__A2_Q8EF26,0.887576559571823,0.5249502816110276,True
5djo__B1_Q9EQW7--5djo__A1_Q9EQW7,0.3463281319116732,0.5,True
1kve__B1_P19972--1kve__A1_P19972,0.3488368849671789,0.5,True
4kjq__A1_P37019--4kjq__B1_P37019,0.9345378563855249,0.5,True
8qyw__A1_Q9NVS9--8qyw__A2_Q9NVS9,0.8494751080818622,0.5,True
7t1e__A1_P78556--7t1e__B1_P78556,0.708823275365657,0.5,True
2ev4__A1_P9WMU9--2ev4__B1_P9WMU9,0.9776319012993652,0.5,True
4m1j__A1_Q9I194--4m1j__B1_Q9I194,0.3656903636621068,0.5,True
8bj3__A1_A0A072U7F9--8bj3__B1_A0A072U7F9,0.9412007126558752,0.5,True
5fcl__A1_Q6D0X0--5fcl__B1_Q6D0X0,0.9420898337391512,0.49999528866358234,True
2evr__A1_B2J9B4--2evr__A2_B2J9B4,0.6834939146891154,0.5,True
4ftw__A1_Q3J2V1--4ftw__A2_Q3J2V1,0.9089305332673101,0.5,True
2q6q__B1_P36094--2q6q__A1_P36094,0.9192009996996464,0.5,True
8hx8__A1_Q6L8Q5--8hx8__B1_Q6L8Q5,0.9417535273996628,0.5,True
7zgn__A1_U6RE59--7zgn__B1_U6RE59,0.9298182094677181,0.5,True
7fiw__A1_B3CP63--7fiw__B1_Q73HD5,0.7604284823462745,0.5,False
4xd9__A1_C8VMF9--4xd9__B1_Q5B6T5,0.8790029163033305,0.5,False
3dme__A1_Q7VU70--3dme__B1_Q7VU70,0.9138194296463396,0.5,True
8d0m__A1_P28907--8d0m__A2_P28907,0.7665783709863916,0.5,True
2w6a__A1_Q9Z272--2w6a__B1_Q9Z272,0.9557866579909756,0.5,True
6oje__B1_Q5S007--6oje__A1_Q5S007,0.19944275964760105,0.5,True
7mu0__A1_P9WQK3--7mu0__B1_P9WQK3,0.2813421939450621,0.5,True
4az3__A1_P10619--4az3__B1_P10619,0.3775777401812327,0.5,True
7ug8__B1_Q0I6F8--7ug8__A1_Q0I6F8,0.9149161758900936,0.5,True
6mxv__B1_Q5NFU2--6mxv__A1_Q5NFU2,0.7752924210423718,0.5,True
8ug3__B1_P50053--8ug3__A1_P50053,0.9820077785919621,0.5,True
4atm__A1_P49418--4atm__A2_P49418,0.8562525626105288,0.5,True
7x6f__B1_P0AD45--7x6f__A1_P0AD45,0.977598070975271,0.5,True
5n0s__B1_A0A2R2JFI5--5n0s__A1_A0A2R2JFI5,0.8293396766809952,0.5,True
6m9g__A1_Q5D6Y4--6m9g__B2_Q5D6Y4,0.9721769923977484,0.5,True
7zvz__A1_G1UBD5--7zvz__B1_G1UBD5,0.7677074010236761,0.5,True
3b5m__B1_Q7UTD8--3b5m__A1_Q7UTD8,0.9166071373901684,0.5,True
6v0a__B1_B3E641--6v0a__A1_B3E641,0.9350626279274391,0.5,True
3bpj__C1_O75822--3bpj__A1_O75822,0.9003229285886392,0.5,True
7y51__A1_Q8RBF4--7y51__A2_Q8RBF4,0.5147539545422677,0.5,True
6zef__A1_P62136--6zef__C1_Q9C0D0,0.6771949953036136,0.5,False
6u11__A1_A0A1L8HDP6--6u11__A2_A0A1L8HDP6,0.9264807539395659,0.5,True
8i5w__A1_Q8BZN6--8i5w__B1_P63000,0.7986698442227073,0.5,False
3rv1__B1_A7TR32--3rv1__A1_A7TR32,0.9115780672921646,0.5,True
4k3z__A1_Q8YCV0--4k3z__A2_Q8YCV0,0.9244549921919224,0.5,True
5v5t__A1_Q830T5--5v5t__D1_Q830T5,0.7958218705497299,0.5,True
6fp5__B1_Q960Q9--6fp5__A1_Q960Q9,0.8516752470941074,0.5,True
3isx__A1_Q9X0E0--3isx__A2_Q9X0E0,0.9361259210223587,0.5,True
2vkj__A1_Q9X1W9--2vkj__B1_Q9X1W9,0.94547640455561,0.5,True
5csr__D1_Q9HLB6--5csr__A1_Q9HLB6,0.9846204521206132,0.5,True
1iq8__A1_O58843--1iq8__B1_O58843,0.8681693812655132,0.5,True
3tbm__A1_Q8XVB9--3tbm__B1_Q8XVB9,0.9229171077155536,0.5,True
7tur__B1_P00503--7tur__A1_P00503,0.9486541855996907,0.5,True
3vol__A1_Q9I6V6--3vol__A2_Q9I6V6,0.856056015283651,0.5,True
3jqz__A1_P02768--3jqz__B1_P02768,0.8877927679819267,0.5,True
1vkd__A1_Q9X0V2--1vkd__B1_Q9X0V2,0.9321685765992818,0.5,True
8b31__B1_A0A2W4LV58--8b31__A1_A0A2W4LV58,0.9701130805059146,0.5,True
7bzk__A1_Q9SJ89--7bzk__B1_Q6NPF9,0.7937150726488903,0.5,False
3cgh__A1_Q8A0N7--3cgh__A2_Q8A0N7,0.9546646021574374,0.5,True
5vlb__A1_G7IKX3--5vlb__B1_G7IKX3,0.85265846938476,0.5,True
2oer__B1_Q9I3U1--2oer__A1_Q9I3U1,0.9926799971600939,0.5,True
2ylz__A1_Q47PU3--2ylz__A2_Q47PU3,0.7503277771421224,0.5,True
8bjp__B1_A0A1W6VSR4--8bjp__A1_A0A1W6VSR4,0.8876088496072383,0.5,True
6kcx__A1_Q9WZL1--6kcx__A2_Q9WZL1,0.9755671614796826,0.5,True
4q69__A1_Q8A5I0--4q69__B1_Q8A5I0,0.9630031660466936,0.5,True
7xmj__C1_A9QSE8--7xmj__A1_A9QSE8,0.9359560769565836,0.5,True
1pix__A1_Q06700--1pix__B1_Q06700,0.9246593224719812,0.5,True
3l8i__B1_Q9BUL8--3l8i__A1_Q9BUL8,0.8747080004412773,0.5,True
6l2u__A1_Q27RN2--6l2u__B1_Q27RN2,0.197506249256041,0.5,True
6sl2__A1_C4LWU6--6sl2__A2_C4LWU6,0.914909066661776,0.5,True
1u6z__B1_P0AFL6--1u6z__A1_P0AFL6,0.9585758097946954,0.5,True
3pm9__A1_Q6NAV4--3pm9__B1_Q6NAV4,0.8952624064562575,0.5,True
3a5y__B1_P0A8N7--3a5y__A1_P0A8N7,0.9307087178643116,0.5,True
6bn1__B1_Q9VCR6--6bn1__A1_Q8T0S6,0.623955670796537,0.5,False
8ji6__A1_A0A861B387--8ji6__B1_A0A861B387,0.9746160067587926,0.5,True
2pjs__A1_A9CIG0--2pjs__B1_A9CIG0,0.938822065385251,0.5,True
8ke8__A1_Q9HXS0--8ke8__B1_Q9HXS0,0.9398320254370256,0.5,True
3h7l__A1_Q87LX4--3h7l__A2_Q87LX4,0.9576903951999546,0.5,True
7zs8__A1_A0A1D3HIT0--7zs8__B1_A0A1D3HIT0,0.8746004097800516,0.5,True
2vc4__A1_P02879--2vc4__A2_P02879,0.4581985370592562,0.5,True
1xe8__B1_Q03629--1xe8__A1_Q03629,0.9670875598323454,0.5,True
7tn6__A1_Q84Y01--7tn6__A2_Q84Y01,0.8657554079956189,0.5,True
7yo6__A1_G8GLP2--7yo6__A2_G8GLP2,0.9274625678530372,0.5,True
8k76__A1_Q8R6D8--8k76__B1_Q8R6D8,0.9896852103443762,0.5,True
1vgx__B1_Q9RRU8--1vgx__A1_Q9RRU8,0.9010138227225764,0.5,True
3cet__B1_Q6M145--3cet__A1_Q6M145,0.9496453263895124,0.5,True
4zlh__B1_P0AB60--4zlh__A1_P0AB60,0.7604201842215541,0.5,True
2y84__A1_Q7WT50--2y84__E1_Q7WT50,0.9131484119219196,0.5,True
4me9__A1_Q736B0--4me9__B1_Q736B0,0.9784726319741913,0.5,True
2z51__A1_Q93W20--2z51__A2_Q93W20,0.7158107630767468,0.5,True
8ajq__A1_Q9I0C0--8ajq__B1_Q9I0C0,0.8920286452520058,0.5,True
3gdm__A1_P03962--3gdm__B1_P03962,0.9755712097073839,0.5,True
7yfj__A2_Q15007--7yfj__B1_Q15007,0.9203460157625242,0.5,True
2rkl__F1_Q06263--2rkl__E1_Q06263,0.9965379274292377,0.5,True
8cwp__A1_Q06282--8cwp__A2_Q06282,0.9559823441731068,0.5,True
5j1l__B1_O26069--5j1l__A1_O26068,0.6451191576793026,0.5,False
6j26__A1_Q5JIZ3--6j26__B1_Q5JIZ3,0.9496973619990825,0.5,True
6jqv__A1_Q8LC68--6jqv__B1_Q8LC68,0.9604705296192201,0.5,True
2ns9__A1_Q9Y9R3--2ns9__B1_Q9Y9R3,0.8996162783114874,0.5,True
5l8s__A1_E1VFE0--5l8s__C1_E1VFE0,0.9765965238145903,0.5,True
6zrw__A1_B3VS76--6zrw__B1_B3VS76,0.8792377204489141,0.5,True
5fcn__B1_Q66GS9--5fcn__A1_Q66GS9,0.9486713273260333,0.5,True
7vl1__A1_I0AIT9--7vl1__B1_I0AIT9,0.9656805158866344,0.5,True
2rek__B2_Q9ADD9--2rek__A1_Q9ADD9,0.9764723874615029,0.5,True
2zrt__A1_O75340--2zrt__B1_O75340,0.9244048600802682,0.5,True
2f1m__A1_P0AE06--2f1m__B1_P0AE06,0.8264568821648013,0.5,True
3t5t__B1_Q15JG1--3t5t__A1_Q15JG1,0.9565785663215882,0.5,True
4z9r__B1_Q8EGK4--4z9r__A1_Q8EGK4,0.9443269584441774,0.5,True
2oze__A1_Q57280--2oze__A2_Q57280,0.9461657781434561,0.5,True
1x6m__A1_Q51669--1x6m__D1_Q51669,0.8347641977399762,0.5,True
4pfc__A1_P14735--4pfc__B1_P14735,0.9274277886006138,0.5,True
6byi__A1_Q8PI23--6byi__B1_Q8PI23,0.9101661603912363,0.5,True
3aaa__A1_P13127--3aaa__B1_P14315,0.9285802938527341,0.5,False
1xgm__A1_P56218--1xgm__B1_P56218,0.9546229035453966,0.5,True
5mrv__A1_Q8IVL8--5mrv__C1_P86912,0.8525137690483242,0.5,False
1vhq__A1_P0ABU5--1vhq__B1_P0ABU5,0.9851950467800169,0.5052083333333334,True
2pqv__B1_A0A0H2UMZ7--2pqv__A1_A0A0H2UMZ7,0.9145782867209865,0.5,True
8pq4__A1_P69782--8pq4__A2_P69782,0.9220396624651944,0.5,True
8a14__A1_A0A0D1E4Q7--8a14__C2_A0A0D1E4Q7,0.7556335015512828,0.5,True
1dtd__A1_P48052--1dtd__B1_P81511,0.6786634782782702,0.5,False
3c6n__B1_Q570C0--3c6n__A1_Q39255,0.9425591306228207,0.5,False
3ctz__A1_Q9NQW7--3ctz__A2_Q9NQW7,0.9821785087061696,0.5,True
1wab__A1_Q29460--1wab__A2_Q29460,0.9096734332286203,0.5,True
1zl5__A1_Q00496--1zl5__B1_Q00496,0.7455020732675962,0.5,True
5dbj__A1_Q4KCZ0--5dbj__A2_Q4KCZ0,0.9694476242897515,0.5,True
7qsq__B1_Q9X053--7qsq__A1_Q9X053,0.4308822171367227,0.5,True
7duc__B1_Q2G2U4--7duc__A1_Q2G2U4,0.7734342927385345,0.5,True
2cdu__A1_Q9F1X5--2cdu__B1_Q9F1X5,0.9792655956713251,0.5,True
8g0f__A1_Q6NK15--8g0f__B1_Q6NK15,0.7555976490436529,0.5,True
8a45__B1_B7V7R4--8a45__A1_B7V7R4,0.8970123414977684,0.5,True
6no3__A1_B3FHP0--6no3__B1_B3FHP0,0.8395929803302719,0.5,True
3g7p__A1_B7JA91--3g7p__A2_B7JA91,0.9454951011048571,0.5,True
8khq__A1_A0A1I5R890--8khq__C1_A0A1I5R890,0.9285570622352904,0.5,True
7owz__B1_Q9JMA2--7owz__A1_B8ZXI1,0.9337435308050022,0.5,False
6dk7__D1_Q9HUV7--6dk7__A1_Q9HUV7,0.9189403171035617,0.5,True
5t3v__B1_Q9Y2C4--5t3v__A1_Q9Y2C4,0.8483713500700466,0.5,True
8f2l__A1_P9WJY9--8f2l__B1_P9WJY9,0.9300486238726043,0.5,True
8h1l__B1_A0A7U4E834--8h1l__A1_A0A7U4E834,0.8726883351438124,0.5,True
1nye__A1_P0C0L2--1nye__B1_P0C0L2,0.8537004390627028,0.5,True
2ou6__A1_Q9RVG4--2ou6__A2_Q9RVG4,0.9703555555555556,0.5,True
6hp3__A1_O31927--6hp3__B1_O31927,0.8993031723118614,0.5,True
8hs0__A1_Q9LIR4--8hs0__A2_Q9LIR4,0.9250648137466749,0.5,True
6gz1__A1_P10151--6gz1__A2_P10151,0.9381705006038742,0.5,True
8pbu__A1_P27708--8pbu__A2_P27708,0.9392307438657356,0.5,True
7p0h__A1_O26008--7p0h__C1_O26008,0.905460975409162,0.5,True
5b3g__B1_Q9SZF7--5b3g__A1_Q9M384,0.7258368438788972,0.5,False
7vzy__B1_Q84G19--7vzy__A1_Q84G19,0.9668159671374147,0.5,True
2q3t__A1_Q9LUJ3--2q3t__A2_Q9LUJ3,0.89226610559686,0.5,True
7pt0__A1_Q9KYU4--7pt0__B1_Q9KYU4,0.9522995552254025,0.5,True
6m09__B1_Q8LDU1--6m09__A1_Q8LDU1,0.8880092902880442,0.5,True
7uxs__B1_J8G6Z1--7uxs__A1_J8G6Z1,0.9439212255585431,0.5,True
2q03__A1_Q12ML0--2q03__B1_Q12ML0,0.8820670468638521,0.5,True
6kcp__B1_Q9VAA9--6kcp__A1_Q9VAA9,0.35485034536895455,0.5,True
6sj4__B1_A0A022MQ12--6sj4__A1_A0A022MQ12,0.9308743817518653,0.5,True
5cyy__A1_P9WG63--5cyy__B1_P9WG63,0.7147098914422776,0.5,True
3tj3__A1_P52294--3tj3__B1_Q9UKX7,0.635650430079895,0.5,False
3i32__A1_Q72GF3--3i32__A2_Q72GF3,0.9892438124625629,0.5,True
1jk9__B1_P40202--1jk9__A1_P00445,0.934638003136435,0.5,False
4e4w__A1_P38920--4e4w__B1_P14242,0.870463668067515,0.5,False
5yw5__A1_Q5NII9--5yw5__D1_Q5NII9,0.9200838410473103,0.5,True
3ab8__A1_Q5SLE3--3ab8__B1_Q5SLE3,0.8237577868157151,0.5,True
3mxt__A1_Q9PIK2--3mxt__A2_Q9PIK2,0.9344956824933287,0.5,True
1wr8__B1_O50129--1wr8__A1_O50129,0.9910892898518091,0.5217391304347826,True
7war__B1_A0A1B6PFV1--7war__A1_A0A1B6PFV1,0.942712398847225,0.5,True
7fn1__B1_P32357--7fn1__A1_P33334,0.6089694371319001,0.5,False
7xl7__A1_A0A2J0R8J6--7xl7__B1_A0A2J0R8J6,0.7745368599377015,0.5,True
8vc5__A1_Q9XCL6--8vc5__B1_Q9XCL6,0.9781645832301384,0.5,True
5jfz__A1_P20605--5jfz__B1_P0ADX5,0.828158980670383,0.5,False
5g37__B1_P10565--5g37__A1_P06575,0.8151674065828545,0.5,False
2gjx__A1_P06865--2gjx__B1_P07686,0.892695587938531,0.5,False
3aqb__B1_O66129--3aqb__A1_O66127,0.9090340453074435,0.5,False
8q1a__A1_Q16790--8q1a__C2_Q16790,0.7487582522970575,0.5,True
5ez1__B1_P56112--5ez1__A1_P56112,0.8578004320315213,0.5,True
3lwd__A1_Q1QTX1--3lwd__A2_Q1QTX1,0.9618554691175782,0.5,True
8dye__A1_P31040--8dye__B1_Q5VUM1,0.4848207551123031,0.5,False
2ch6__A1_Q9UJ70--2ch6__D1_Q9UJ70,0.9635602112229364,0.5,True
3gpn__A1_P15873--3gpn__A2_P15873,0.8451182562779302,0.5,True
7th0__A1_P31667--7th0__A2_P31667,0.8006047405783836,0.5,True
3k1i__D1_O25709--3k1i__A1_O25448,0.6419029302893067,0.5,False
1vbi__A1_Q53W84--1vbi__A2_Q53W84,0.9546822955939736,0.5,True
2oqb__A1_Q4AE70--2oqb__B1_Q4AE70,0.7252096194202377,0.5,True
6saz__B1_Q9UGM5--6saz__A1_P07584,0.5260029298692338,0.5,False
6l9x__A1_F6VRB7--6l9x__A2_F6VRB7,0.765522136660643,0.5,True
3ica__B1_Q7MXR4--3ica__A1_Q7MXR4,0.9563204510665637,0.5,True
6o15__A1_P39353--6o15__B1_P39353,0.9185765601647782,0.5,True
2ohc__A1_Q9HIY5--2ohc__B1_Q9HIY5,0.9390764413262778,0.5,True
8qfo__A1_A0A840P3H4--8qfo__B1_A0A840P3H4,0.9450238621321247,0.5,True
5zmy__A1_F1LJ99--5zmy__B1_F1LJ99,0.9314343093279485,0.5,True
6tx3__B1_Q9NWY4--6tx3__A1_Q9UGN5,0.8792764691357638,0.5,False
4tx5__A1_Q9NR28--4tx5__B1_Q9NR28,0.8911368169592551,0.5,True
7wnk__B1_A0A1E5TT85--7wnk__A1_A0A1E5TT85,0.9906202118783343,0.5,True
2fn0__B1_Q9X9I8--2fn0__A1_Q9X9I8,0.998131135305128,0.509090909090909,True
5x89__A1_Q8TGZ7--5x89__A2_Q8TGZ7,0.9029306210753225,0.5,True
2j0t__A1_P03956--2j0t__D1_P01033,0.4492468169419541,0.5,False
2i9i__A1_O25234--2i9i__A2_O25234,0.811084605525209,0.5,True
3rtr__G1_Q13616--3rtr__H1_P62877,0.9204981440198987,0.5,False
7lq2__A1_A0A023X3Z4--7lq2__B1_A0A023X3Z4,0.879187818102223,0.5,True
6aht__A1_A1BZ87--6aht__B1_A1BYM8,0.9506592171697187,0.5,False
8czp__A1_A0A0D5ZBI4--8czp__B1_A0A0D5ZBI4,0.9427875710607176,0.5,True
4ro3__A1_M1RHE3--4ro3__B1_M1RHE3,0.8263146830785751,0.5,True
1c0n__A1_P77444--1c0n__A2_P77444,0.9179362864677206,0.5,True
7tq0__A1_P00459--7tq0__A2_P00459,0.9467920889317412,0.5,True
1o4w__A1_O29664--1o4w__A2_O29664,0.5815683636320168,0.5,True
4jzp__A1_P51572--4jzp__B1_P51572,0.9749803964885535,0.5,True
2or2__A1_P08954--2or2__B1_P08954,0.987668765793708,0.5,True
5xdf__B1_Q5SL04--5xdf__A1_Q5SL04,0.9137106298318611,0.5,True
6kr4__A1_P10586--6kr4__E1_P60469,0.7046926227919902,0.5,False
1itv__A1_P14780--1itv__B1_P14780,0.8759029843877864,0.5,True
2qgi__A1_P05449--2qgi__B1_P05449,0.919455762988246,0.5,True
1a19__A1_P11540--1a19__B1_P11540,0.7585198990383166,0.5,True
8a9x__A1_P15752--8a9x__C1_P15752,0.898600229700365,0.5,True
8e9e__B1_Q02293--8e9e__A1_Q04631,0.8202176889750348,0.5,False
2h4c__A1_Q7T2R1--2h4c__B1_Q7T3T5,0.7999492644999753,0.5,False
2bdt__A1_Q9K6P2--2bdt__A2_Q9K6P2,0.9346707272175523,0.5,True
5vbn__A1_P56282--5vbn__B1_Q07864,0.9142167068018542,0.5,False
8gt0__A1_Q8I6U4--8gt0__B1_P01040,0.6611790843217966,0.5,False
5lrr__A1_P22262--5lrr__B1_P22262,0.9703092834425391,0.5,True
4y7i__A1_Q96EF0--4y7i__B1_Q96EF0,0.9037458373622841,0.5,True
1who__A1_P43214--1who__A2_P43214,0.8002587631718681,0.5,True
4g10__A1_Q9WXJ9--4g10__A2_Q9WXJ9,0.9415922628034148,0.5,True
8q4k__A1_O51180--8q4k__B1_O51180,0.5043980834505434,0.5,True
7rzb__A1_A0A229LVN5--7rzb__A2_A0A229LVN5,0.9566245530393326,0.5,True
7toc__A1_A0A2H0ZMH9--7toc__B1_A0A2H0ZMH9,0.8592743314441659,0.5,True
7ula__B1_Q88ND0--7ula__A1_Q88NC7,0.9045886974702898,0.5,False
8bes__A1_A0A856TAI5--8bes__B1_A0A856TAI5,0.8405666254839462,0.5,True
7wjt__B1_Q8BZB3--7wjt__A1_Q8BZB3,0.838472633780125,0.5,True
6j9n__A1_X5EPV9--6j9n__B1_A0A425B395,0.702410166077421,0.5,False
1kll__A1_O05205--1kll__A2_O05205,0.9524222311404728,0.5205404459811276,True
7xky__A1_Q58690--7xky__B1_Q58034,0.9302268879294884,0.5,False
4p04__A1_A0A0D6H805--4p04__B1_A0A0D6H805,0.8601867531552094,0.5,True
1txz__A1_Q04299--1txz__A2_Q04299,0.9642753908832831,0.5,True
4af5__A1_Q8NQ97--4af5__A2_Q8NQ97,0.8903237619574632,0.5,True
8af9__A1_Q2YPZ9--8af9__H1_Q2YPZ9,0.9055547897096569,0.5,True
8gm9__D1_P9WPD3--8gm9__A1_P9WPD3,0.9319532926604942,0.5,True
7wsx__A1_D9PYV4--7wsx__B1_D9PYV4,0.9501027645062654,0.5,True
4g86__A1_Q79PF6--4g86__B1_Q79PF6,0.8744797240796405,0.5,True
3bq3__A1_Q12395--3bq3__A2_Q12395,0.7937823039567526,0.5,True
7eva__A1_P31490--7eva__A2_P31490,0.9308714675623389,0.5,True
8r7d__B1_G5EI71--8r7d__A1_Q8LJL3,0.5015562553026878,0.5,False
7pwy__A1_Q8TDX5--7pwy__B1_Q8TDX5,0.9873465995777746,0.5,True
3ut4__A1_A3DJ21--3ut4__B1_A3DJ21,0.8807725563322326,0.5,True
3ucy__A1_P0DP23--3ucy__A2_P0DP23,0.8161238005135829,0.5,True
8eei__B1_A0A807MR40--8eei__A1_A0A807MR40,0.9875810942648988,0.5,True
8bp5__B1_A0A369SI82--8bp5__A1_A0A369SI82,0.6733568541321059,0.5,True
3l34__B1_Q9HT87--3l34__A1_Q9HT87,0.4543473026823409,0.5,True
8god__A1_Q9UM07--8god__A2_Q9UM07,0.9498877817602046,0.5,True
1h9g__A1_P0A8V6--1h9g__A2_P0A8V6,0.9723869085550502,0.5,True
7qg6__D1_Q9HAU5--7qg6__C1_Q9H1J1,0.6209567650610652,0.5,False
8sz3__B2_Q9NY97--8sz3__A1_Q9NY97,0.8981218541533111,0.5,True
5a10__A1_G1FNI6--5a10__A2_G1FNI6,0.9458627526868001,0.5,True
7qoc__A1_Q8NQV9--7qoc__B1_Q8NQV9,0.9724606147111203,0.5,True
8a90__B1_A0A7S9SWM2--8a90__A1_A0A7S9SWM2,0.9311760064974459,0.5,True
3iaa__A1_Q8KNE0--3iaa__B1_Q8KNE0,0.8770814338735891,0.5,True
3n50__B1_Q9H4W6--3n50__A1_Q9H4W6,0.8133580754328553,0.5,True
2qg3__A1_O28220--2qg3__A2_O28220,0.9122642684934047,0.5,True
7ysk__A1_Q6D6Z8--7ysk__B1_Q6D6Z8,0.9572537322158308,0.5,True
7spz__A1_A8B3G9--7spz__A2_A8B3G9,0.9457715891670925,0.5,True
4q2e__B1_Q9X1B7--4q2e__A1_Q9X1B7,0.8393540638955684,0.5,True
8cff__A1_Q7SIF4--8cff__B1_Q7SIF3,0.8981457124012282,0.5,False
8bxl__A1_A0A075TRK9--8bxl__D1_A0A075TRK9,0.9593964747266296,0.5,True
5d4v__C1_Q57913--5d4v__A1_Q57913,0.9092517742368798,0.5,True
2p23__A1_O95750--2p23__B1_O95750,0.5536062639341451,0.5,True
7u55__A1_A0A151EDA9--7u55__A2_A0A151EDA9,0.8893522928683597,0.5,True
1rkw__A1_P0A0N4--1rkw__C1_P0A0N4,0.9650720243837192,0.5051020408163265,True
1ps6__A1_P19624--1ps6__B1_P19624,0.9789218047012765,0.5,True
2y21__L1_O28769--2y21__K1_O28769,0.9901482516032816,0.5,True
2z5i__A1_P58772--2z5i__B1_P58772,0.8983235747101713,0.5,True
5l7u__B1_A6L2E5--5l7u__A1_A6L2E5,0.9481953628798566,0.5,True
3egq__A1_O28458--3egq__B1_O28458,0.9759074738332641,0.5080469716537875,True
7r3a__A1_Q6LYR8--7r3a__E1_Q6LYR8,0.9688324840854234,0.5,True
7yq0__A1_A0A101DF63--7yq0__B1_A0A101DF63,0.9794997060693938,0.5,True
3wsc__A1_Q25C86--3wsc__B1_Q25C86,0.7015341184371888,0.5,True
4pib__B1_Q2SVW5--4pib__A1_Q2SVW5,0.8836095211627096,0.5,True
7vmx__B1_P9WNN1--7vmx__A1_P9WNM1,0.8273999806996346,0.5,False
1ykd__A1_P94182--1ykd__B1_P94182,0.6203173556341676,0.5,True
4ux7__A1_Q183F3--4ux7__B1_Q183F3,0.7974562132145646,0.5,True
3k3d__A1_P9WLZ7--3k3d__A2_P9WLZ7,0.962853122291887,0.5,True
7q1d__D2_P29808--7q1d__A1_P29808,0.8854787718127004,0.5,True
1sj5__A1_Q9WY07--1sj5__B1_Q9WY07,0.9817265621506359,0.5,True
4c12__A1_Q2FZP6--4c12__A2_Q2FZP6,0.937139429284539,0.5,True
3k9m__A1_P07858--3k9m__B1_P01040,0.6455607061665245,0.5,False
1ccd__A1_P17559--1ccd__A2_P17559,0.8646054695741238,0.5213409567452698,True
8xiz__A1_T2B4K5--8xiz__B1_T2B4K5,0.9442666278635055,0.5,True
7wz6__A1_P15806--7wz6__B1_P10085,0.8037106915715149,0.5,False
2i00__A1_Q831Y9--2i00__B1_Q831Y9,0.9646834221118857,0.5,True
5ffi__A2_Q44501--5ffi__B1_Q44501,0.335419958379899,0.5,True
3cnk__A1_P21333--3cnk__B1_P21333,0.8921388797936064,0.5,True
8gt9__A1_A8MW95--8gt9__B1_A8MW95,0.9425894643265195,0.5,True
4l2w__B1_Q13464--4l2w__A1_Q13464,0.9475303747244616,0.5,True
3d0j__A1_Q97DI0--3d0j__A2_Q97DI0,0.8786286573112951,0.5,True
4ct0__A1_P97784--4ct0__B1_O54943,0.5704266529450795,0.5,False
3av0__A1_Q58719--3av0__B1_Q58718,0.9398080000212078,0.5,False
8bln__A1_C9QZ65--8bln__H1_C9QZ65,0.9378121814781177,0.5,True
2riq__A1_P09874--2riq__A2_P09874,0.38789959843687283,0.5,True
8hd5__A1_Q99U17--8hd5__B1_Q99U17,0.9086853703106524,0.503968253968254,True
6xrb__A1_A0A0H3NHS6--6xrb__B1_A0A0H3NHS6,0.9529871734015242,0.5,True
8a1g__A1_Q13596--8a1g__C1_Q9Y5X3,0.9769788621865177,0.5,False
8tn3__A1_Q643B9--8tn3__B1_Q643B9,0.9564361176625779,0.5,True
5ghs__A1_Q5JGL0--5ghs__C1_Q5JF31,0.9021074883944115,0.5,False
5umw__A1_A0A125SA26--5umw__F1_A0A125SA26,0.9455424150818437,0.5,True
7zcv__B1_A0A0E7KI02--7zcv__A1_A0A0E7KI02,0.8820863780995767,0.5,True
6scq__A1_Q8NNN6--6scq__A2_Q8NNN6,0.9774370454719524,0.5,True
4ml9__A1_D1AMR0--4ml9__B1_D1AMR0,0.9454462260613248,0.5,True
7yfu__A1_Q8CG73--7yfu__B1_Q8CG73,0.9773117663016847,0.5,True
3ix1__A1_Q9K9G5--3ix1__B1_Q9K9G5,0.8509323671192025,0.5,True
7khs__A1_Q2CEE3--7khs__B1_Q2CEE3,0.9768784823277292,0.5,True
8k5l__A1_A0A829KK40--8k5l__B1_A0A829KK40,0.9706065944617153,0.5,True
2g0t__B1_Q9WZQ3--2g0t__A1_Q9WZQ3,0.9546400840937923,0.5,True
3lr3__A1_Q63T74--3lr3__A2_Q63T74,0.9616353708528946,0.5,True
4pxq__A1_F1QR43--4pxq__B1_F1QR43,0.9654083062858075,0.5,True
4z5y__A1_Q88QV5--4z5y__A2_Q88QV5,0.968190143112295,0.5,True
7zhf__A1_A0A0U2WWJ1--7zhf__A2_A0A0U2WWJ1,0.9454477693060236,0.5,True
6h86__A1_B5KM66--6h86__B1_B5KM66,0.8146386104790739,0.5,True
5un7__A1_Q9NUX5--5un7__B1_Q96AP0,0.7276162418903815,0.5,False
8juk__A1_V5VGC6--8juk__B1_V5VGC6,0.9663029726601405,0.5,True
8snp__A1_O09118--8snp__A2_O09118,0.8510779612565263,0.5,True
6wjc__A1_P11229--6wjc__B1_Q8QGR0,0.8150105485232069,0.5,False
8ard__A1_Q64331--8ard__A2_Q64331,0.5183807431478651,0.5,True
3mqi__A1_Q9UH73--3mqi__B1_Q9UH73,0.6170194012850394,0.5,True
3q01__A1_P04637--3q01__B1_P04637,0.9069650621634625,0.5,True
7ylq__A1_Q93CA6--7ylq__B1_Q93CA6,0.9097467712762738,0.5,True
2yvo__A1_Q5SJY9--2yvo__A2_Q5SJY9,0.8778525346589244,0.5,True
5vpa__B1_P17535--5vpa__A1_P53539,0.8956194701954681,0.5,False
3v78__B1_P95092--3v78__A1_P95092,0.9778312189698246,0.5,True
7pzh__A1_A0A174J845--7pzh__B1_A0A174J845,0.9487523334365964,0.5,True
3m0f__A1_Q4KDJ6--3m0f__B1_Q4KDJ6,0.9332173073658765,0.5,True
1y4h__A1_P0C1S6--1y4h__C1_Q9EYW6,0.8479847630284753,0.5,False
2o4c__A1_Q9I3W9--2o4c__B1_Q9I3W9,0.9869996827752187,0.5,True
1ynh__A1_P76216--1ynh__D1_P76216,0.9829638743344434,0.5,True
8ohx__A1_U4Q148--8ohx__B1_U4Q148,0.9172362352113841,0.5,True
3a6m__A1_Q56236--3a6m__B1_Q56236,0.9427730870618284,0.5,True
4bvp__A1_Q5ZUA2--4bvp__B1_Q5ZUA2,0.9385672076955426,0.5,True
7oc6__A1_A0A2U8U2L5--7oc6__A2_A0A2U8U2L5,0.9295592351467541,0.5,True
6qpq__A1_G0SGH3--6qpq__B1_Q12158,0.8739181226054711,0.5,False
3ct6__A1_Q9CIV6--3ct6__B1_Q9CIV6,0.939660349163755,0.5,True
1qae__A1_P13717--1qae__B1_P13717,0.8629043951225033,0.5,True
3q5w__B1_P38937--3q5w__A1_P38937,0.888514719070552,0.5,True
8gol__B1_G9I933--8gol__A1_G9I933,0.8297872026691457,0.5,True
7epj__A1_P62554--7epj__A2_P62554,0.9143476435134867,0.5,True
1ag9__A1_P61949--1ag9__B1_P61949,0.992848625820132,0.5,True
3gwh__B1_O31691--3gwh__A1_O31691,0.545626327364055,0.5,True
5gw1__A1_P57768--5gw1__B1_P57768,0.7135908353409706,0.5,True
3l2o__B1_Q9UKT5--3l2o__A1_P63208,0.9284833055758701,0.5,False
3wrf__A1_E8MGH8--3wrf__A2_E8MGH8,0.9722943847460866,0.5,True
7yyl__A1_Q3AET9--7yyl__B1_Q3AET9,0.9101741961202522,0.5,True
8syb__B1_Q72KY0--8syb__A1_Q72KY0,0.9726063105195127,0.5,True
8qc3__A1_A0A1C9WRL0--8qc3__B1_A0A1C9WRL0,0.9417544171954866,0.5,True
3wtf__B1_Q9BUH6--3wtf__A1_Q9BUH6,0.8606452836093992,0.5,True
2x0e__B1_Q7BG50--2x0e__A1_Q7BG50,0.9060137915347111,0.5,True
5hwt__A1_A5W4E3--5hwt__B1_A5W4E3,0.856381222283369,0.5,True
1ojh__A1_Q8YNP7--1ojh__B1_Q8YNP7,0.7964658634538153,0.52,True
3eyy__A1_Q9K4F8--3eyy__B1_Q9K4F8,0.9630708497858933,0.49997610742103504,True
8bwv__D2_A0A482M8M0--8bwv__A1_A0A482M8M0,0.7432862222922257,0.5,True
7cm9__A1_A0A7V8UZ53--7cm9__B1_A0A7V8UZ53,0.9112294011507148,0.5,True
4nc8__A1_P12464--4nc8__A2_P12464,0.18232219101579622,0.5,True
1zhh__A1_P54300--1zhh__B1_P54302,0.8100427511263308,0.5,False
8c0u__A1_Q9I5Q5--8c0u__B1_Q9I5Q5,0.8888824909309803,0.5,True
2fbq__A1_Q9HZJ9--2fbq__A2_Q9HZJ9,0.9372493293556378,0.5,True
7fch__A1_O95256--7fch__C2_O95256,0.8870530200330482,0.5,True
8c7t__B1_A0A1B4XP18--8c7t__A1_A0A1B4XP18,0.95145855024506,0.5,True
4iwn__A1_P76290--4iwn__B1_P76290,0.9806165444314421,0.5,True
7saf__B1_Q6TLP8--7saf__A1_Q6TLP8,0.899764266497561,0.5,True
7zj1__B1_P55265--7zj1__A1_P55265,0.7536166659976481,0.5,True
4g9k__A1_P32340--4g9k__B1_P32340,0.8813462431682161,0.5,True
8b35__A1_Q96562--8b35__B1_Q96562,0.943173916412091,0.5,True
2rdz__A1_P0ABK9--2rdz__B1_P0ABK9,0.9388648519943232,0.5,True
6bzf__B1_P53061--6bzf__A1_P17122,0.4830920696272648,0.5,False
5ydd__B1_P9WME7--5ydd__A1_P9WME7,0.91790764079401,0.5,True
4czd__B1_B8J3A4--4czd__A1_B8J364,0.8831535901165206,0.5,False
3ft7__B1_Q54323--3ft7__A1_Q54323,0.8775538057450358,0.5124393144728889,True
4pz1__A1_Q99XU0--4pz1__A2_Q99XU0,0.8595118023681877,0.5140984784201797,True
2w1t__A1_P37554--2w1t__B1_P37554,0.9745178215827983,0.5,True
7qz5__A1_A2RI36--7qz5__B1_A2RI36,0.8849854456769727,0.5,True
5h31__A1_Q14790--5h31__B1_Q14790,0.3113239255090502,0.5,True
8p33__A1_O51254--8p33__A2_O51254,0.8313752438441971,0.5,True
8oru__A1_O93732--8oru__B1_O93732,0.9787419840544346,0.5,True
1u7i__A1_Q9I3Y6--1u7i__B1_Q9I3Y6,0.8988038533887033,0.5,True
8slg__B1_G7CIG9--8slg__A1_G7CIG9,0.9016316083693677,0.5,True
3l2e__B1_Q6AW42--3l2e__A1_Q6AW43,0.9302357265183494,0.5,False
3b0a__A1_P0CG48--3b0a__B1_Q9WUB0,0.7524935404437955,0.5,False
6etz__A1_A0A023UGN9--6etz__A2_A0A023UGN9,0.9197008395181365,0.5,True
7sfz__B1_Q9NYP9--7sfz__A1_Q9NYP9,0.7576433279901436,0.5,True
7wwf__A1_A0R6Y0--7wwf__B1_A0R6Y0,0.9613459571356295,0.5,True
8vdw__B1_T0TAB9--8vdw__A1_T0TAB9,0.9167067702628696,0.5,True
8ri0__A1_E4THH1--8ri0__B1_E4THH1,0.8322184033317503,0.5,True
5z2i__B1_Q54LT0--5z2i__A1_Q54LT0,0.8589608933327104,0.5,True
4miv__A1_P51688--4miv__B1_P51688,0.9546993063773328,0.5,True
3vh1__A1_P38862--3vh1__A2_P38862,0.9503934024704853,0.5,True
7z98__A1_E6V140--7z98__A2_E6V140,0.9716775051710895,0.5,True
2ond__A1_Q99LI7--2ond__B1_Q99LI7,0.9017715686263712,0.5,True
7vt9__A1_P21517--7vt9__B1_P21517,0.9032345621530271,0.5,True
1gju__A1_O33838--1gju__A2_O33838,0.9625530959253717,0.5,True
6hta__A1_A0A3F2YM29--6hta__B1_A0A3F2YM29,0.8677964690770141,0.5,True
3h7h__A1_P63272--3h7h__B1_O00267,0.7768676879337816,0.5,False
4z39__A1_A0A0S2E5N6--4z39__B1_A0A0S2E5N6,0.8379960584646822,0.5,True
5ca9__A1_Q9C0L9--5ca9__A2_Q9C0L9,0.8357776246161148,0.5,True
2zvx__A1_P00974--2zvx__B1_P00974,0.8429873251123001,0.5,True
6x0a__A1_F7Y4W0--6x0a__S1_F7YBW8,0.6731577406529479,0.5,False
7spq__A1_C5AMM8--7spq__A2_C5AMM8,0.9760796627845872,0.5,True
7spn__A1_A0A7C2VFT1--7spn__B1_A0A7C2VFT1,0.9838083926440246,0.5,True
1tv8__A1_P65388--1tv8__B1_P65388,0.8237603947846444,0.5,True
3mkr__B1_Q27954--3mkr__A1_Q28104,0.9222453194189599,0.5,False
1dqn__A1_Q24973--1dqn__B1_Q24973,0.9552985558524951,0.4999715796055249,True
7xoi__A1_A0A5N6DPG0--7xoi__B1_A0A5N6EXS6,0.35743058759193647,0.5,False
8h62__A1_P0DJM0--8h62__B1_P12830,0.5970773160063942,0.5,False
2qh0__A1_Q97H22--2qh0__A2_Q97H22,0.9277429129061129,0.5,True
5ubb__A1_Q5VVY1--5ubb__A2_Q5VVY1,0.797355660462936,0.5,True
5kvs__B1_O54512--5kvs__A1_O54512,0.9392204411329724,0.5,True
3frs__A1_P53990--3frs__A2_P53990,0.3855643929096437,0.5,True
3obv__A1_O08808--3obv__C1_O08808,0.7752801584144952,0.5,True
4wkz__A1_A0AEF5--4wkz__B1_W5IDC3,0.8197910519491657,0.5,False
3kt0__A1_Q12109--3kt0__A2_Q12109,0.9904394795738918,0.5,True
5i90__A1_G3XCY5--5i90__B1_G3XCY5,0.8709259304290575,0.5,True
3bat__B1_P24733--3bat__A1_P24733,0.92213083346628,0.5,True
2ps1__A1_P13298--2ps1__B1_P13298,0.9616203017109665,0.5,True
1fcd__A1_Q06530--1fcd__B1_Q06529,0.9337287702082995,0.5,False
8hy8__A1_A0A085BE66--8hy8__A2_A0A085BE66,0.8812350671912148,0.499994860250203,True
8har__A1_Q2L6E4--8har__B1_Q2L6E4,0.9684387124292992,0.5,True
4je4__A1_Q06124--4je4__B1_P02751,0.7627856798457088,0.5,False
2a6c__A1_Q82UW4--2a6c__A2_Q82UW4,0.8889527723533535,0.5506467350257538,True
5k9l__B1_A8MW95--5k9l__A1_A8MW95,0.9491180782621654,0.5,True
5mzg__A1_P53368--5mzg__B1_P53368,0.9106597043795267,0.5,True
7ucc__B1_P17535--7ucc__A1_P53539,0.8904773101465595,0.5,False
8d0x__A1_Q9Y231--8d0x__A2_Q9Y231,0.8204974267507595,0.5,True
6ano__B1_Q9UKL3--6ano__A1_Q9UKL3,0.7387003483673259,0.5,True
6et2__A1_Q9I4X1--6et2__B1_Q9I4X2,0.9407966008034989,0.5,False
6d0a__A1_Q8N5Z0--6d0a__A2_Q8N5Z0,0.9447957336663878,0.5,True
2xga__B1_P35530--2xga__A1_P35530,0.9661737335374034,0.49997165693554785,True
2i3o__A1_Q9HJH4--2i3o__B1_Q9HJH4,0.9518934621882007,0.5,True
1ijx__A1_P97401--1ijx__C1_P97401,0.7915417973884427,0.5,True
6h2u__A1_Q9NRN9--6h2u__B1_Q9UI30,0.895981608981876,0.5,False
8h2v__A1_Q93HT8--8h2v__B1_Q93HT8,0.9614831381416808,0.5,True
1wat__B1_P02941--1wat__A1_P02941,0.9208220812372646,0.5,True
2nyh__A1_Q13JM0--2nyh__B1_Q13JM0,0.8137971766780631,0.5,True
7yuj__B1_Q9BYM8--7yuj__A1_Q9BYM8,0.5638337177755453,0.5,True
8c5k__A1_P87252--8c5k__A2_P87252,0.8325349606130554,0.5,True
2spc__A1_P13395--2spc__B1_P13395,0.23741400658792877,0.5,True
6q2e__A1_A5UMY5--6q2e__B1_A5UMY5,0.875327605310096,0.5,True
4p8i__A1_P40746--4p8i__B1_P40746,0.8969994159365874,0.5,True
8a82__A1_K7WEY7--8a82__B1_K7XCU4,0.9158601665668612,0.5,False
3a4l__B1_Q58933--3a4l__A1_Q58933,0.9699713258858484,0.5,True
1z52__A1_P09167--1z52__B1_P09167,0.8301491154759797,0.5,True
6c0g__A1_A0A3F2YLX1--6c0g__B2_A0A3F2YLX1,0.8286901684546778,0.5,True
1k3r__B1_O26109--1k3r__A1_O26109,0.9708848500599203,0.5,True
7fga__A1_Q8DIJ4--7fga__B2_Q8DIJ4,0.9580356063920548,0.5,True
5akq__A1_O52063--5akq__B1_O52063,0.978511712395532,0.5,True
7y86__B1_A0A0K2E3A3--7y86__A1_A0A0K2E3A3,0.9512421156488954,0.5465150287184185,True
8d1u__A1_P0A6R0--8d1u__A2_P0A6R0,0.9762784181151417,0.5,True
1vqw__A1_Q9HFE4--1vqw__B1_Q9HFE4,0.9503674249692629,0.5,True
7uld__A1_O28028--7uld__A2_O28028,0.9439766169733994,0.5020491803278688,True
4c0f__B1_Q9NZN8--4c0f__A1_Q9NZN8,0.26084702734227583,0.5,True
8b21__A1_Q9S5X0--8b21__B1_Q9S5X0,0.9743554379656095,0.5,True
3swk__A1_P08670--3swk__B1_P08670,0.9374770620702365,0.5,True
8txn__B1_P08120--8txn__A1_P08120,0.1835648527760162,0.5,True
8dak__A1_F2X702--8dak__B1_F2X702,0.9481209997694602,0.5,True
2rde__B1_A0A0H3ADR8--2rde__A1_A0A0H3ADR8,0.8754807552387384,0.5,True
2pih__A1_O31779--2pih__B1_O31779,0.8867189484711847,0.5,True
7ykv__B1_Q58241--7ykv__A1_Q58241,0.9722125326096287,0.5,True
7y4g__A1_Q8A028--7y4g__A2_Q8A028,0.9767942072066083,0.5,True
8cci__A1_A0R7I9--8cci__A2_A0R7I9,0.9657797226811813,0.5,True
6p35__A1_P75913--6p35__A2_P75913,0.9697290344258722,0.5,True
6p3j__A1_Q0KJL4--6p3j__B1_Q0KJL4,0.9576900993787281,0.5,True
4o6p__A1_Q8RDI4--4o6p__B1_Q8RDI4,0.8566229043504076,0.5,True
8ozv__A1_A0A179UH34--8ozv__A2_A0A179UH34,0.9409643360092228,0.5,True
2cim__A1_Q46AN5--2cim__B1_Q46AN5,0.9334331103936901,0.5,True
6tpo__A1_P24474--6tpo__A2_P24474,0.8124386439521978,0.5,True
7wwo__B1_Q5SH57--7wwo__A1_Q5SH57,0.6371494700430994,0.5,True
4pmv__A1_Q8PEU1--4pmv__B1_Q8PEU1,0.945417622709209,0.5,True
6rmr__B1_P19926--6rmr__A1_P19926,0.9780522834486696,0.5,True
6hhb__A1_E0SCP7--6hhb__C1_E0SCP7,0.9136554034395317,0.5,True
7e5c__A1_A0A1I7CHQ2--7e5c__B1_A0A1I7CHQ2,0.9845783144712671,0.5,True
2wfh__A1_O94813--2wfh__B1_O94813,0.7479412274176469,0.5,True
3zco__A1_P06701--3zco__A2_P06701,0.6444186565111176,0.5,True
2ghy__A1_P03051--2ghy__B1_P03051,0.9128041594864598,0.5227309065714438,True
3htr__A1_Q6N0K4--3htr__B1_Q6N0K4,0.8569883436587926,0.5,True
8aeu__A1_Q00987--8aeu__A2_Q00987,0.17381916305280856,0.5,True
1xuv__A1_Q8PZJ2--1xuv__C1_Q8PZJ2,0.8612139288424231,0.5,True
2o8p__A1_Q5CYG0--2o8p__A2_Q5CYG0,0.9412308522021755,0.5,True
4zmu__A1_Q9I072--4zmu__B1_Q9I072,0.9496457470354276,0.5057471264367817,True
3dl3__G2_Q5E3X2--3dl3__C1_Q5E3X2,0.8050432782552684,0.5,True
7yvz__A1_A7LPG5--7yvz__A2_A7LPG5,0.7518273170693526,0.5,True
4ia6__A1_Q5FL96--4ia6__B1_Q5FL96,0.9828635256291561,0.5,True
8bou__A1_A0A7G5MNS2--8bou__B1_A0A7G5MNS2,0.9814873678695192,0.5,True
5gk1__A1_Q7N4Z6--5gk1__B1_Q7N4Z6,0.9607255162277879,0.5,True
5x03__B1_P94426--5x03__A1_P94426,0.9353869052810289,0.5,True
3gku__A1_D0VX24--3gku__B1_D0VX24,0.9573844633732725,0.5,True
1c81__A1_P07953--1c81__A2_P07953,0.5491239062915564,0.5,True
1k3e__B1_P58233--1k3e__A1_P58233,0.9605755350032521,0.5,True
6u18__A1_Q9EVJ6--6u18__B1_Q9EVJ6,0.9596554152831787,0.5,True
7wpy__A1_A0A097ZPD5--7wpy__C1_A0A097ZPD5,0.9377517063048245,0.5,True
7xn2__A1_Q8YR38--7xn2__A2_Q8YR38,0.9530069194114565,0.5,True
3uws__B1_A7A9N3--3uws__A1_A7A9N3,0.3661474419547892,0.5,True
4u04__B1_Q9BVA6--4u04__A1_Q9BVA6,0.8721584541799992,0.5,True
2kin__A1_P56536--2kin__B1_Q6QLM7,0.314477583434266,0.5,False
3ulc__A1_Q08236--3ulc__A2_Q08236,0.6511723789535268,0.5,True
8b2a__A1_Q2YWJ9--8b2a__A2_Q2YWJ9,0.9919972301703487,0.5,True
8qff__A1_K9TLZ5--8qff__A2_K9TLZ5,0.9561340512395444,0.5,True
8c8c__A1_P48426--8c8c__A2_P48426,0.9513009753521768,0.5,True
8iup__B1_A9A1Y1--8iup__A1_A9A1Y1,0.9644039584286352,0.5,True
3o7o__A1_Q9S5X8--3o7o__B1_Q9S5X8,0.721852792259499,0.5,True
4bg8__A1_Q8TX37--4bg8__B1_Q8TX37,0.9449351776660315,0.5,True
7qxo__A1_G8UIQ1--7qxo__B1_G8UIQ1,0.9152407266270746,0.5,True
4xiz__A1_Q05776--4xiz__D1_O60200,0.8495315767860724,0.5,False
7pwe__A1_Q6AL91--7pwe__B1_Q6AL91,0.8601436314267538,0.5,True
6uxu__A1_E2JB04--6uxu__B1_E2JB04,0.8510424997668962,0.5,True
3bid__A1_Q7DDI1--3bid__B1_Q7DDI1,0.8189909636850974,0.5,True
4f7w__A1_B5XYG3--4f7w__B1_B5XYG3,0.9186725606839222,0.5,True
2rae__A1_Q0S3N9--2rae__A2_Q0S3N9,0.909071825387541,0.5046296296296297,True
7yn1__A1_E9JES9--7yn1__C1_E9JES9,0.7102918576461006,0.5,True
3t7y__A1_O84093--3t7y__B1_O84093,0.8974093431478414,0.5,True
7u6p__A1_P11926--7u6p__B1_P11926,0.8136537868746592,0.5,True
4mis__A1_Q57ES7--4mis__B1_Q57ES7,0.8827221495305649,0.5,True
2blf__A1_Q9LA16--2blf__B1_Q9LA15,0.8604771469356218,0.5,False
3ke3__A1_Q4FVA8--3ke3__A2_Q4FVA8,0.9612190312989731,0.5,True
7ywc__A1_Q9L0T8--7ywc__B1_Q9L0T8,0.9813139595505393,0.5,True
4wwr__B1_P46379--4wwr__A1_P11441,0.599877561360054,0.5,False
7r0d__B1_Q9NV35--7r0d__A1_Q9NV35,0.9367125009635283,0.5,True
8w6x__A1_P21852--8w6x__B1_P21853,0.8819039529666292,0.5,False
3fmf__A1_P9WPQ5--3fmf__B1_P9WPQ5,0.9030519343528198,0.5,True
2xrm__A1_D0AB41--2xrm__A2_D0AB41,0.9609237273932358,0.5,True
4xj7__A1_P66881--4xj7__B1_P66881,0.9344793362505686,0.5,True
7yrt__E1_H9L4P6--7yrt__A1_H9L4P6,0.9285131937355318,0.5,True
7tye__A1_P0A7J0--7tye__A2_P0A7J0,0.932655596785777,0.5,True
2zvd__B1_Q9RBY1--2zvd__A1_Q9RBY1,0.9962920715533461,0.5,True
3mtw__A1_Q9A4Z9--3mtw__A2_Q9A4Z9,0.9819976006498303,0.5,True
3n2o__A1_Q7MK24--3n2o__B1_Q7MK24,0.8446782765349417,0.5,True
7ywd__A1_Q8TB36--7ywd__A2_Q8TB36,0.6629020242465555,0.5,True
5upq__A1_A0A0A0V031--5upq__B1_A0A0A0V031,0.9504555777824879,0.5,True
1vgu__A1_Q46893--1vgu__B1_Q46893,0.8819946640837865,0.5,True
7pxo__A1_F4F7G1--7pxo__C1_F4F7G1,0.9553873176004323,0.5,True
2dp9__A1_Q5SM30--2dp9__A2_Q5SM30,0.6078457589372733,0.5,True
8a7l__A1_M1JS91--8a7l__A2_M1JS91,0.9393636831491914,0.5,True
7uqv__A1_A0A0L6JSP1--7uqv__B1_A0A0L6JSP1,0.877902345612943,0.5,True
5d1r__A1_P9WMC9--5d1r__B1_P9WMC9,0.9284423284947025,0.5,True
3f6q__A1_Q13418--3f6q__B1_P48059,0.9428514227137643,0.5,False
8cok__B1_Q9NXR8--8cok__A1_Q9NXR8,0.7960480691558274,0.5,True
1wz3__A1_Q9LVK3--1wz3__B1_Q9LVK3,0.2994455383582135,0.5,True
1nw1__A1_Q22942--1nw1__B1_Q22942,0.9409747991673474,0.5,True
1hrp__B1_P0DN86--1hrp__A1_P01215,0.8058596240288718,0.5,False
3qf4__B1_Q9WYC4--3qf4__A1_Q9WYC3,0.9390874706353364,0.5,False
7y4o__B1_A0A0G2JZC4--7y4o__A1_A0A0G2JZC4,0.6869434526148893,0.5,True
8hns__A1_A0A377JKY9--8hns__A2_A0A377JKY9,0.2639102959707823,0.5,True
3mpn__A1_O67854--3mpn__A2_O67854,0.9634402282917338,0.5,True
6vlg__A2_Q9WTS2--6vlg__C1_Q9WTS2,0.931658067151871,0.5,True
1v71__A1_O59791--1v71__A2_O59791,0.9835170376796296,0.5,True
3fpk__A1_Q8ZKP5--3fpk__B1_Q8ZKP5,0.9092376448491557,0.5,True
8eb3__A1_K2K6A3--8eb3__B1_K2K6A3,0.9392572748267899,0.5,True
4z1i__C1_Q12931--4z1i__A1_Q12931,0.907659485091046,0.5,True
8pz3__A1_D7SFB8--8pz3__B1_D7SFB8,0.30480062455170254,0.5,True
5vpb__B1_P17535--5vpb__A1_P53539,0.8653897880040875,0.5,False
8bt3__A1_Q6F0T5--8bt3__A2_Q6F0T5,0.8816397001493138,0.5,True
1r7h__A1_O69271--1r7h__B1_O69271,0.4099487207141842,0.5,True
4oag__A1_Q8BGV8--4oag__B1_Q8BGV8,0.691309140015572,0.5,True
5bo9__A1_O43173--5bo9__B1_O43173,0.8825444186851902,0.5,True
7kws__A1_Q0P8H3--7kws__B1_Q0P8H3,0.9882419591117103,0.5,True
4qa0__A1_Q9BY41--4qa0__B1_Q9BY41,0.9580156026638389,0.5,True
6epi__B1_D5K9G7--6epi__A1_D5K9E3,0.8825608873477576,0.5,False
6z2f__B1_Q16222--6z2f__A1_Q16222,0.7706849284904269,0.5,True
7qgs__B1_Q09472--7qgs__A1_Q16665,0.36504134864144644,0.5,False
7tz7__A1_P42336--7tz7__B1_P27986,0.8536274568927344,0.5,False
2zl1__A1_Q9UHA4--2zl1__B1_Q9JHS3,0.9321857377958144,0.5,False
4ija__A1_A0A0H3JS71--4ija__B1_A0A0H3JS71,0.9580177809839833,0.5,True
3ijt__B1_Q8DVN6--3ijt__A1_Q8DVN6,0.9094579551055899,0.5,True
7qgt__A1_P35520--7qgt__B1_P35520,0.8905135391080103,0.5,True
8i4q__A1_Q8NQI2--8i4q__B1_Q8NQI2,0.9531967310814291,0.5,True
5lxv__A1_G9FCX2--5lxv__B1_A0A1L1QK37,0.8647599715479064,0.5,False
8h25__A1_A0A5R8LFD3--8h25__C1_A0A5R8LFD3,0.9397198984774751,0.5,True
6kjl__A1_Q9RC94--6kjl__B1_Q9RC94,0.8668348111315121,0.5,True
5f3o__A1_C4LU64--5f3o__B1_C4LU64,0.8717288020069647,0.5,True
8arv__A1_Q9HW35--8arv__B1_Q9HW35,0.8890704413267693,0.5,True
2i1a__B1_P40087--2i1a__A1_P40087,0.837183052134928,0.5,True
2y9x__A1_C7FF04--2y9x__E1_G1K3P4,0.8080272192985201,0.5,False
8waa__A1_P29401--8waa__B1_P29401,0.9443577998737646,0.5,True
6n2f__B1_Q94A94--6n2f__A1_Q94A94,0.8575339916150889,0.5,True
8b08__B1_P0A2K1--8b08__A1_P00929,0.9279721373487838,0.5,False
5ja2__A1_P11454--5ja2__B1_Q9I169,0.8254034142250812,0.5,False
4g3w__A1_O66591--4g3w__A2_O66591,0.7106743367083861,0.5,True
5cm2__A1_Q6C999--5cm2__B1_Q6C4P5,0.95968859930894,0.5,False
6g70__B1_Q8K2Z2--6g70__A1_Q8K2Z2,0.8585054715429284,0.5,True
7xac__A1_P47929--7xac__B1_P47929,0.8539988199869792,0.5,True
2zz8__A1_O34094--2zz8__B1_O34094,0.6684518635680734,0.5,True
8b8h__A1_P9WQA9--8b8h__B1_P9WQA9,0.8513084909675217,0.5,True
7u2s__A1_A0A2W1NDJ7--7u2s__B1_A0A2W1NDJ7,0.936168436502953,0.5,True
1d2g__A1_P13255--1d2g__B1_P13255,0.6138916356506572,0.5,True
1sc1__A1_P29466--1sc1__B1_P29466,0.33316055189242816,0.5,True
5amt__A1_A0Q7H2--5amt__A2_A0Q7H2,0.9382856713577403,0.5,True
7qfz__B1_B7L3Y3--7qfz__A1_B7L3Y3,0.6875375873070422,0.5,True
3hml__A1_A6T9H1--3hml__B1_A6T9H1,0.9535145835856815,0.5,True
1xk6__A1_P31572--1xk6__C1_P31572,0.8971989667526402,0.5,True
7r3s__A1_A0A4R2M5S2--7r3s__B1_A0A4R2M5S2,0.9010601967158537,0.5,True
2grx__A1_P06971--2grx__C1_P02929,0.7265950392775757,0.5,False
7vsf__A1_P25440--7vsf__B1_P25440,0.4452048768726663,0.5,True
3q34__A1_Q48EL2--3q34__C1_Q48EL2,0.7408346862052873,0.5,True
4r2k__A1_Q8ZP84--4r2k__A2_Q8ZP84,0.948071314628154,0.5,True
3cgw__A1_Q8PVT6--3cgw__A2_Q8PVT6,0.9774289013069782,0.5,True
7r2f__A1_P21836--7r2f__B1_P21836,0.9785203402151017,0.5,True
4g19__A1_I6ZUH3--4g19__B1_I6ZUH3,0.991428512886213,0.5,True
3dg8__C1_P13922--3dg8__A1_P13922,0.33014139390342745,0.5,True
6m10__A1_Q9HUW0--6m10__C1_Q9HUW0,0.8941733887086526,0.5,True
8tt2__B1_Q4K977--8tt2__A1_Q4K977,0.9532258961180043,0.5,True
1h31__A1_Q939U1--1h31__B1_Q939U4,0.9031477261746306,0.5,False
7p7i__B1_R8APY9--7p7i__A1_R8APY9,0.9752020396484111,0.5,True
3hzu__A1_P9WHF7--3hzu__A2_P9WHF7,0.9454071588239966,0.5,True
7xgs__A1_Q9FVC1--7xgs__A2_Q9FVC1,0.8234676143313039,0.5,True
6iju__A1_Q9KJN4--6iju__A2_Q9KJN4,0.2382578684655709,0.5,True
4kqd__B1_P06626--4kqd__A1_P06626,0.8907083707619734,0.5,True
2fu3__B1_Q03555--2fu3__A1_Q03555,0.6936248519924424,0.5,True
1jgt__B1_P0DJQ7--1jgt__A1_P0DJQ7,0.9317758021129927,0.5,True
6l4b__A1_Q9UGV2--6l4b__C2_Q9UGV2,0.8002135624471589,0.5,True
3lzk__A1_Q92LT4--3lzk__B1_Q92LT4,0.9256526228919373,0.5,True
1ht8__A1_P05979--1ht8__B1_P05979,0.8959864798419033,0.5,True
1z8h__A1_Q8YWS4--1z8h__B1_Q8YWS4,0.9231956545024445,0.5,True
8gk6__A1_W6USS8--8gk6__E1_W6USS8,0.9504960433108601,0.5,True
4mjf__A1_A6L2I4--4mjf__A2_A6L2I4,0.9573508245453946,0.5,True
7m4s__A1_Q8YLC3--7m4s__D1_Q8YLC3,0.9051144648820206,0.5,True
6fju__A1_E6N8B9--6fju__B1_E6N8B9,0.9513935271584324,0.5,True
6lgq__A1_P21865--6lgq__B1_P21866,0.8028337601057955,0.5,False
2y27__B1_B4E7B5--2y27__A1_B4E7B5,0.9680915320143322,0.5,True
2tdx__A1_P0DJL7--2tdx__A2_P0DJL7,0.9817644010232887,0.5,True
8fj8__A1_P02638--8fj8__A2_P02638,0.9185887600863734,0.5173798158881692,True
3uv0__B1_Q9W061--3uv0__A1_Q9W061,0.3443768802484689,0.5,True
8alo__B1_P24003--8alo__A1_P15795,0.7297268517846817,0.5,False
6xa0__A1_D1A230--6xa0__B1_D1A230,0.9598722030793387,0.5,True
1zbo__B1_Q7WAM7--1zbo__A1_Q7WAM7,0.8147474484974484,0.5,True
6xb5__A1_A0A7E5VPD6--6xb5__B1_A0A7E5VPD6,0.9278962697314949,0.5,True
8duy__D1_A0A0H3GVN6--8duy__A1_A0A0H3GVN6,0.9740278862735177,0.5,True
7th5__A1_Q5SLG6--7th5__B1_Q5SLG6,0.7087883597116997,0.5,True
3t2l__A1_Q5LE95--3t2l__A2_Q5LE95,0.40434932586619715,0.5,True
3uet__A1_B7GNN8--3uet__B1_B7GNN8,0.9262743873382626,0.5,True
8fdb__B1_Q12KP2--8fdb__A1_Q12KP2,0.893679241749529,0.5,True
6ok3__A1_C3X9N1--6ok3__B1_C3X9N1,0.6949246576731235,0.5,True
8hp3__A1_A0A2K0XCZ3--8hp3__B1_A0A2K0XCZ3,0.9269041934290614,0.5,True
7xkg__A1_A7NHS9--7xkg__B1_A7NHS9,0.9140833533975816,0.5,True
1l7e__A1_Q2RSB2--1l7e__B1_Q2RSB2,0.9528919260185804,0.5,True
8hn2__A1_Q9F722--8hn2__B1_Q9F722,0.8734011439904572,0.5,True
8gst__A1_Q1NEI7--8gst__B1_Q1NEI7,0.9700141645429392,0.5,True
7cq3__A1_P38324--7cq3__B1_Q12098,0.8522399008811056,0.5,False
5htf__A1_Q8Y759--5htf__B1_Q8Y759,0.9589487782136374,0.5,True
6c90__A1_P42285--6c90__B1_Q6NZY4,0.7818479662441752,0.5,False
6e1j__A1_C5J4P1--6e1j__B1_C5J4P1,0.7999072588135374,0.5,True
3ccd__A1_P0AA04--3ccd__B1_P0AA04,0.5862370062370063,0.5,True
3dzl__B1_Q396C9--3dzl__A1_Q396C9,0.8496231455832564,0.5,True
2y1h__B1_Q17R31--2y1h__A1_Q17R31,0.8840103791213285,0.5,True
7lfs__A1_P00533--7lfs__E1_O14944,0.7270720996795771,0.5,False
6jiw__A1_A0A0H3JU78--6jiw__A2_A0A0H3JU78,0.8920122450623666,0.5,True
8ees__A1_A0A0H3GMB7--8ees__B1_A0A0H3GMB7,0.99297835297012,0.5,True
4a5b__B1_Q27895--4a5b__A1_Q27895,0.912183733523632,0.5,True
3nb6__A1_O66874--3nb6__A2_O66874,0.5288636896671233,0.5,True
5f8c__A1_O53532--5f8c__A2_O53532,0.9622843566075512,0.5,True
8jt3__A1_H8Y6N2--8jt3__C1_H8Y6N2,0.952158751715705,0.5,True
1ije__A1_P02994--1ije__B1_P32471,0.740129518059915,0.5,False
6on4__A1_P0A8W0--6on4__B1_P0A8W0,0.9073150049406769,0.5,True
4zvc__A1_P0AA89--4zvc__B1_P0AA89,0.9772653760512346,0.5,True
4qoa__A1_A7VAB9--4qoa__A2_A7VAB9,0.361022039575027,0.5,True
6wmv__A1_U5WZP7--6wmv__B1_U5WZP7,0.9070250293732025,0.5,True
3e3c__A1_Q7DB61--3e3c__B1_Q7DB61,0.9334799187286036,0.5,True
6ekk__A1_Q8TEH3--6ekk__C1_Q15286,0.5673196284820474,0.5,False
8a9w__A1_P15751--8a9w__A2_P15751,0.9921915891909641,0.5,True
2gj9__A1_P25522--2gj9__B1_P25522,0.9207303450886444,0.5,True
3cm7__C1_P98170--3cm7__D1_P98170,0.9443896636922069,0.5,True
8f5v__A1_O53728--8f5v__B1_O53728,0.972734902714001,0.5,True
1ecj__A1_P0AG16--1ecj__B1_P0AG16,0.8948250635050222,0.5,True
3s5r__A1_Q2LS68--3s5r__B1_Q2LS68,0.8824204552857726,0.5,True
3im3__A1_P00514--3im3__A2_P00514,0.9706350586910446,0.5,True
4mcj__B1_A6L9R1--4mcj__A1_A6L9R1,0.9744027082694625,0.5072463768115942,True
7vw1__B1_V5J1S8--7vw1__A1_V5J1S8,0.928133521475607,0.5,True
3p12__A1_Q2G1A5--3p12__D1_Q2G1A5,0.8781929195351756,0.5,True
8aq0__A1_Q6DTN4--8aq0__B1_Q6DTN4,0.9575780720983653,0.5,True
3wpm__A1_G2IKE5--3wpm__B1_G2IKE5,0.9022870934745428,0.5,True
7xof__B1_Q0DFB6--7xof__A1_Q0DFB6,0.8512270452482783,0.5,True
8a8f__A1_P32598--8a8f__B1_P42073,0.7390703382335622,0.5,False
3qta__A1_Q5V4K4--3qta__B1_Q5V4K4,0.9896117137063015,0.5,True
8oqj__B1_P06959--8oqj__A1_P06959,0.6570521859644702,0.5,True
1tbp__A1_P13393--1tbp__B1_P13393,0.5186382122632593,0.5,True
7qfk__C1_Q5FLN0--7qfk__A1_Q5FLN0,0.9376737582385805,0.5,True
7r3o__B1_Q460N3--7r3o__A1_Q460N3,0.7710553389832089,0.5,True
1wli__A1_Q46604--1wli__B1_Q46604,0.9343878700128698,0.5,True
8b3e__A1_M4SY06--8b3e__A2_M4SY06,0.8345557040277444,0.5,True
1d8i__A1_O13297--1d8i__A2_O13297,0.7402887254995204,0.5,True
8eh0__B1_P50909--8eh0__A1_P50909,0.9585955151204753,0.5,True
3seo__B1_Q87GE5--3seo__A1_Q87GE5,0.8901364690409617,0.5,True
3iey__B1_Q74MS9--3iey__A1_Q74MP4,0.9333337978842711,0.5,False
4yto__B1_Q15431--4yto__A1_Q15431,0.825898236920839,0.5,True
6csm__A1_L1J207--6csm__B1_L1J207,0.9392947621881254,0.5,True
4ndt__A1_A7UNK4--4ndt__A2_A7UNK4,0.6350641899603324,0.5,True
8j3p__A1_B9WHT3--8j3p__A2_B9WHT3,0.9780034146640381,0.5,True
7pv7__B1_Q7MVV4--7pv7__A1_Q7MVV4,0.8968561847060841,0.5,True
7uj6__A1_Q8RMD9--7uj6__B1_Q8RMD9,0.9226696573763677,0.5,True
3k9i__A1_Q9KFK0--3k9i__A2_Q9KFK0,0.9690365764076719,0.5283245558336135,True
7z1s__A1_A0A3Q7HTY9--7z1s__A2_A0A3Q7HTY9,0.948823405873983,0.5,True
2e89__A1_O67728--2e89__B1_O67728,0.9755299719073981,0.5,True
2woz__A1_Q9ER30--2woz__A2_Q9ER30,0.6964484075138779,0.5,True
7xxs__A1_B2CKP3--7xxs__B1_B2CKP3,0.9089440268554331,0.5,True
8fir__A1_O83132--8fir__B1_O83132,0.9774664944042996,0.5,True
3i6s__A1_O82777--3i6s__B1_O82777,0.9783504328720237,0.5,True
7yhe__B1_A6YEH4--7yhe__A1_A6YEH4,0.8879672649637076,0.5,True
1ku2__A1_Q9EZJ8--1ku2__B1_Q9EZJ8,0.7386628500491048,0.5,True
6qwo__B1_Q9S5W7--6qwo__A1_Q9S5W7,0.9673599969513474,0.5,True
1mxi__A1_P44868--1mxi__A2_P44868,0.9010742892238401,0.5,True
2vhl__A1_O34450--2vhl__A2_O34450,0.9897796013440492,0.5,True
5wan__A1_P75898--5wan__A2_P75898,0.9711970116213621,0.5,True
4x7z__B1_Q49492--4x7z__A1_Q49492,0.9803387997038495,0.5,True
6a1k__A1_P71018--6a1k__B1_P71018,0.9582236210790941,0.5,True
7pjh__A1_Q9Y312--7pjh__B1_Q6P2Q9,0.857838329700535,0.5,False
4joi__A1_Q9H668--4joi__C1_Q86WV5,0.9225817751295623,0.5,False
8axz__A1_P31153--8axz__A2_P31153,0.9506768104349799,0.5,True
8ogi__B1_P11678--8ogi__A1_P11678,0.3215869588846293,0.5,True
8cxl__A1_A7KH32--8cxl__B1_A7KH32,0.8849988421816385,0.5,True
7win__B1_Q9UIF8--7win__A1_Q9UIF8,0.5372219697201461,0.5,True
7b80__A1_G3I8R9--7b80__B1_Q9BVA6,0.688206509698381,0.5,False
4bwv__A1_Q8L5D0--4bwv__B1_Q8L5D0,0.7855475492188573,0.5,True
7drj__A1_P63756--7drj__B1_P63756,0.914411280304945,0.5,True
3qth__A1_Q47ZP9--3qth__B1_Q47ZP9,0.9399538939416352,0.5045216165741299,True
8b28__A1_F6GSX7--8b28__A2_F6GSX7,0.7545728095640051,0.5,True
6scx__A1_Q9BQG2--6scx__B1_Q9BQG2,0.8128096622434785,0.5,True
8hpc__A1_P60327--8hpc__H1_P60327,0.960991997670698,0.5,True
5n76__A1_P72320--5n76__B1_P72320,0.9437445672800284,0.5,True
3cq3__A1_Q53W28--3cq3__A2_Q53W28,0.7439769508441472,0.5,True
3kbu__A1_P11277--3kbu__D1_P16157,0.8550273486130469,0.5,False
7pck__A1_P43235--7pck__C2_P43235,0.9634617517398175,0.5,True
5o4z__A1_Q9X1T1--5o4z__A2_Q9X1T1,0.9724292539802419,0.5,True
1vla__A1_Q9X021--1vla__B1_Q9X021,0.9100266760220292,0.50625,True
5oed__A1_Q6EAT3--5oed__B1_Q13637,0.82488285014263,0.5,False
7yva__A1_Q9URB4--7yva__B1_Q9URB4,0.9764990915409537,0.5,True
7s6n__B1_Q5RGJ8--7s6n__A1_Q5RGJ8,0.5437098194131552,0.5,True
4cz8__A1_Q9UZ55--4cz8__B1_Q9UZ55,0.9673153612237826,0.5,True
6ebn__A1_A0A4P1LYB6--6ebn__B1_A0A4P1LYB6,0.9266455082294249,0.5,True
3lf4__B1_D1MPT3--3lf4__A1_D1MPT3,0.32788877314864684,0.5,True
3ffe__B1_Q93AT8--3ffe__A1_Q93AT8,0.9263130307879167,0.5,True
7zg6__A1_A0A2J0RDY6--7zg6__B1_A0A2J0RDY6,0.9130908575444896,0.5,True
8f4q__A1_Q00972--8f4q__A2_Q00972,0.8762373137583102,0.5,True
4rz3__A1_A4IMB4--4rz3__B1_A4IMB4,0.8296405416692907,0.5,True
8f8k__A1_O53507--8f8k__A2_O53507,0.9726182066082936,0.49999595907349637,True
3zw5__A1_A6NK44--3zw5__B1_A6NK44,0.7716210629921261,0.5,True
6l3q__B1_G0SEI5--6l3q__A1_G0SEI5,0.9502618711688693,0.5,True
8ag8__A1_A0A1I5SVP7--8ag8__A2_A0A1I5SVP7,0.9137973383351197,0.5,True
2i2w__A1_P63224--2i2w__D1_P63224,0.9604394883463423,0.5,True
2f22__B1_Q9RC77--2f22__A1_Q9RC77,0.9541803667533658,0.5,True
3tng__A1_Q8Y7B7--3tng__A2_Q8Y7B7,0.9438459201320823,0.5,True
8gr8__B1_P08679--8gr8__A1_P08679,0.9644762997512596,0.5,True
7ae8__A1_A0A0B0QJR1--7ae8__B1_A0A0B0QJR1,0.9523133302794319,0.5,True
2w54__B1_O54051--2w54__A1_O54050,0.9321714401997847,0.5,False
4b0z__A1_P50524--4b0z__B1_P50524,0.9748292281303602,0.5,True
2re7__A1_Q4FV99--2re7__A2_Q4FV99,0.9388610196930484,0.5,True
8h0t__A1_O34614--8h0t__A2_O34614,0.9872977623197435,0.5,True
1te2__A1_P77247--1te2__B1_P77247,0.9904098514431157,0.5,True
7xt2__A1_Q6ZMU5--7xt2__B1_Q6ZMU5,0.9218722980005745,0.5,True
1ev7__A1_P50187--1ev7__B1_P50187,0.9009511099602625,0.5,True
1ogl__A1_O15923--1ogl__A2_O15923,0.926184751001908,0.5,True
3lrt__B1_Q97CA5--3lrt__A1_Q97CA5,0.9702935471622219,0.5,True
3fou__A1_Q5SGZ9--3fou__B1_Q5SGZ9,0.8270195479266964,0.5,True
5jnq__A1_R0BTE9--5jnq__A2_R0BTE9,0.9327546404288068,0.5,True
4g12__A1_A5U5K3--4g12__B1_A5U5K3,0.974822735426291,0.5,True
3evj__B1_P01008--3evj__A1_P01008,0.7585062043522727,0.5,True
2oq2__B1_P18408--2oq2__A1_P18408,0.9777834398243821,0.5,True
8he6__A1_Q8YSS0--8he6__B1_Q8YSS0,0.972595920950255,0.5,True
2xij__A1_P22033--2xij__A2_P22033,0.9527643840881987,0.5,True
1nr5__A1_P07547--1nr5__A2_P07547,0.9646423254206686,0.5,True
1gmj__A1_P01096--1gmj__B1_P01096,0.9743208243786852,0.5,True
4yba__B1_Q93K36--4yba__A1_Q93K36,0.9672592853370885,0.5,True
8ok7__A1_M4T0B2--8ok7__D1_M4T0B2,0.9174116493028319,0.5018450184501845,True
7f76__B1_A0A223KLJ1--7f76__A1_A0A223KLJ1,0.882497198493099,0.5,True
7vp6__A1_Q9C9L2--7vp6__B1_Q9C9L2,0.7546371323701042,0.5,True
8jmq__A1_A9CQD5--8jmq__B1_A9CQD3,0.8335496175944599,0.5,False
7zgt__A1_W8R3D8--7zgt__B1_W8R3D8,0.9740017943539895,0.5,True
7xgt__B1_Q6H8B1--7xgt__A1_Q6H8B1,0.9884518999302312,0.5,True
3i2t__A1_P04412--3i2t__A2_P04412,0.7448382114859273,0.5,True
8tjk__A1_A0A0F7G196--8tjk__B1_A0A0F7G196,0.9716173697866586,0.5,True
7wt0__A1_Q04760--7wt0__B1_Q04760,0.8562473091975122,0.5,True
3if0__A1_Q74MS9--3if0__A2_Q74MS9,0.9846858926747029,0.5,True
3qrh__A1_Q8SSM8--3qrh__A2_Q8SSM8,0.9202794949444388,0.5,True
8q70__A1_Q8U2C1--8q70__A2_Q8U2C1,0.9330776571193952,0.5,True
7vso__A1_P02945--7vso__A2_P02945,0.9251822877688276,0.5,True
5f8b__A1_Q4WB03--5f8b__A2_Q4WB03,0.9671600183075066,0.5,True
8ax0__A1_A0A384E145--8ax0__B1_A0A384E145,0.9825472561802793,0.5,True
7r5y__E2_R7PD89--7r5y__A1_R7PD89,0.9680941023665081,0.5,True
7qow__B1_Q93P54--7qow__A1_Q93P54,0.947658333006651,0.5,True
5il7__A1_Q8KC98--5il7__B1_Q8KC98,0.7603867585332142,0.5,True
3ct9__B1_Q8A1V9--3ct9__A1_Q8A1V9,0.9661973942325256,0.5,True
8pvm__A1_P29166--8pvm__B1_P29166,0.8653535569978897,0.5,True
8ct0__F1_S4S3E3--8ct0__A1_S4S3E3,0.912670260144057,0.49998620765750856,True
3q2j__B1_P0A3Y5--3q2j__A1_P0A3Y5,0.618319262141448,0.5,True
7xzp__B1_A0A379CIH2--7xzp__A1_A0A379CIH2,0.9751253185617541,0.5,True
3qvf__A1_Q56187--3qvf__A2_Q56187,0.9411182000911074,0.5,True
6gxs__A1_Q7NZ70--6gxs__D1_Q7NZ70,0.5413374140492708,0.5,True
2hr8__A1_O58456--2hr8__B1_O58456,0.8947364596579556,0.5,True
2zyf__A1_O87198--2zyf__A2_O87198,0.8810569176791863,0.5,True
7s3v__A1_Q16719--7s3v__A2_Q16719,0.9548106945719828,0.5,True
6a29__A1_O32504--6a29__B1_O32504,0.7754410188675476,0.5,True
4ml6__C1_A6GV51--4ml6__A1_A6GV51,0.9451319579739702,0.5,True
4cht__A1_Q13472--4cht__B1_Q9H9A7,0.6806248431840245,0.5,False
1n4p__B1_P53610--1n4p__A1_Q04631,0.8723686548402173,0.5,False
1tec__A1_P04072--1tec__B1_P01051,0.954577572175105,0.5,False
8p1h__A1_E7EX29--8p1h__B2_E7EX29,0.9029951570818018,0.5,True
6b9t__A1_A9A1T2--6b9t__B1_A9A1T2,0.8806908869178143,0.5,True
3g0k__A1_Q2G4A7--3g0k__A2_Q2G4A7,0.9370687696471354,0.5,True
8hy5__A1_P14920--8hy5__B1_P14920,0.8420440518047771,0.5,True
8fts__A1_R9UTR3--8fts__A2_R9UTR3,0.9600357694813536,0.5,True
1jrk__A1_Q8ZTD8--1jrk__B1_Q8ZTD8,0.9433565081289155,0.499976422879238,True
2ejn__A1_P30440--2ejn__B1_P30440,0.7486310416907117,0.5,True
8ju7__A1_Q9I2U4--8ju7__B1_Q9I2U4,0.95047960270449,0.5,True
3nel__A1_Q52428--3nel__B1_Q52428,0.9589065014001052,0.5,True
2dc1__A1_O28440--2dc1__B1_O28440,0.9700083264480226,0.5,True
8fzk__B1_P52292--8fzk__A1_P52292,0.5791655577766891,0.5,True
3wnz__A1_P39641--3wnz__A2_P39641,0.9636314448729242,0.5,True
8e1u__A1_A0A160VN62--8e1u__F2_A0A160VN62,0.9584930121481968,0.5,True
1v7c__A1_P83823--1v7c__B1_P83823,0.9548856373677319,0.5,True
3egg__A1_P62136--3egg__C1_O35274,0.7886670850195003,0.5,False
4yke__B1_G0RYR3--4yke__A1_G0RYR3,0.9505140586118948,0.5,True
1tq9__A1_P00669--1tq9__B1_P00669,0.5104638285323524,0.5,True
4oh3__B1_Q05085--4oh3__A1_Q05085,0.942298017482387,0.5,True
4q62__A1_Q5ZUB7--4q62__A2_Q5ZUB7,0.8448525925924945,0.5,True
2we5__A1_P0A2X7--2we5__B1_P0A2X7,0.9619633240266441,0.5,True
5t51__A1_Q6CLK3--5t51__B1_Q6CPD1,0.9167068757918432,0.5,False
3i0z__A1_A0A0H2UN25--3i0z__B1_A0A0H2UN25,0.9069584467098439,0.5,True
8p6k__A1_A0A0H2UWN1--8p6k__B1_A0A0H2UWN1,0.9142555345583243,0.5,True
7z9z__A1_P02754--7z9z__A2_P02754,0.9634833692841338,0.5,True
6d0i__A1_A0A0C5XL88--6d0i__B1_A0A0C5XKJ0,0.8520648249888562,0.5,False
3gs3__A1_Q8MSU4--3gs3__A2_Q8MSU4,0.1758393035484016,0.5,True
2f4m__A1_Q9JI78--2f4m__B1_P54728,0.780464497565231,0.5,False
4yh8__A1_Q09176--4yh8__B1_P36629,0.8560097349147875,0.5,False
1e44__B1_P00646--1e44__A1_P02984,0.8143659352999846,0.5,False
2yri__A1_Q5SLX0--2yri__B1_Q5SLX0,0.9826354483777291,0.5,True
1gcj__A1_P70168--1gcj__B1_P70168,0.6446175858299925,0.5,True
7qbp__A1_A4F7B2--7qbp__A2_A4F7B2,0.9680844651156045,0.5,True
4hdd__A1_P09391--4hdd__A2_P09391,0.4872846762631245,0.5,True
3e4q__A1_P13633--3e4q__B1_P13633,0.92728535739943,0.5,True
8ein__B1_Q6FCQ4--8ein__A1_Q6FCQ4,0.985080183401108,0.5,True
1zmb__A1_Q97LM8--1zmb__B1_Q97LM8,0.9356985657646658,0.5,True
6ygu__A1_G0RZ64--6ygu__B1_G0S1V1,0.6018872043631657,0.5,False
2yyh__A1_O67435--2yyh__B1_O67435,0.9756868250914322,0.5,True
5wk0__A1_A0A2C9TMM3--5wk0__A2_A0A2C9TMM3,0.9440408397294727,0.5287614511526082,True
8h4j__A1_W8UQZ7--8h4j__D1_W8UQZ7,0.8775676145725818,0.5,True
1z83__A1_P00568--1z83__B1_P00568,0.9127356237622397,0.5,True
8h2c__A1_Q0P8U0--8h2c__B1_Q0P8U0,0.9420815026293301,0.5,True
2dkh__A1_Q6SSJ6--2dkh__A2_Q6SSJ6,0.8802375518917303,0.5,True
7c7e__A1_A0A0H3MRW3--7c7e__A2_A0A0H3MRW3,0.9810264119909711,0.5,True
3dpt__B1_Q8KC98--3dpt__A1_Q8KC98,0.8766154738340475,0.5,True
3fgw__A1_Q3TCN2--3fgw__A2_Q3TCN2,0.9264510960915195,0.5,True
7wh0__A1_Q9U2E4--7wh0__B2_Q9U2E4,0.9968539591622948,0.5,True
8dq3__A1_A0A142G3G1--8dq3__B1_A0A142G3G1,0.8744670190576407,0.5,True
6t2b__A1_B2UQL7--6t2b__C1_B2UQL7,0.9576533470989159,0.5,True
8jh0__B1_S2D3K4--8jh0__A1_S2D3K4,0.8657003110863365,0.5,True
7t2s__A1_A0A494K842--7t2s__A2_A0A494K842,0.8928295388989287,0.5,True
3frw__B1_A5ZMD8--3frw__A1_A5ZMD8,0.8858257051520716,0.4999531396438613,True
5ab5__A1_C9ZUV7--5ab5__B1_C9ZUV7,0.9764038832594173,0.5,True
5myd__C2_A0A2D0TC86--5myd__A1_A0A2D0TC86,0.9370390865618861,0.5,True
5cde__A1_Q8P839--5cde__B1_Q8P839,0.9438603553903497,0.5,True
6pi4__A1_A0R1Z9--6pi4__A2_A0R1Z9,0.380790092665815,0.5,True
3ipf__A1_Q251Q8--3ipf__B1_Q251Q8,0.5042450813522954,0.5,True
2p3y__A1_Q87I71--2p3y__B1_Q87I71,0.9538365364652094,0.5,True
5jbr__A1_C5C6I1--5jbr__B1_C5C6I1,0.9178550658621628,0.5,True
8ttz__A1_G8E2R2--8ttz__B2_G8E2R2,0.9169961183312557,0.5,True
3vba__A1_Q58673--3vba__B1_Q58673,0.9752403361546818,0.5,True
4o6y__B1_Q9SWS1--4o6y__A1_Q9SWS1,0.8772197574806484,0.5,True
4e5r__A1_Q6IRB5--4e5r__A2_Q6IRB5,0.6141973927076998,0.5,True
7ywv__A1_Q0SBK1--7ywv__C1_Q0SBK1,0.9871303577797887,0.5,True
8eer__A1_P01116--8eer__A2_P01116,0.622520421513906,0.5,True
3f84__B1_E3PPC4--3f84__A1_E3PPC4,0.49182712287020364,0.5,True
5mu7__A1_G0S6G7--5mu7__B1_G0S6I4,0.7828369182238514,0.5,False
8hfp__B1_Q96T68--8hfp__A1_Q8N8R7,0.6882957571865608,0.5,False
4rmn__B1_Q6NC13--4rmn__A2_Q6NC13,0.9309248585381795,0.5,True
3mx1__A1_Q46944--3mx1__A2_Q46944,0.9289143680379508,0.5,True
5gl5__A1_Q06321--5gl5__B1_Q06321,0.6979173653507078,0.5,True
8e77__A1_Q1QD54--8e77__A2_Q1QD54,0.9683680273516824,0.5,True
5gl4__A1_B6YTD8--5gl4__B1_B6YTD8,0.9897612926156348,0.5,True
7wf9__A1_Q3ZT31--7wf9__B1_Q3ZT31,0.2902914521513109,0.5,True
8fw0__B1_P39897--8fw0__A1_P39897,0.8678420761327967,0.5,True
8ou8__B1_P0A8M3--8ou8__A1_P0A8M3,0.9499958699618134,0.5,True
7acm__B1_P75811--7acm__A1_P75811,0.8979120984643383,0.5,True
4trb__A1_Q97W95--4trb__B1_Q97W95,0.9470831510995259,0.5,True
2ia9__B1_P28015--2ia9__A1_P28015,0.9313814571765102,0.5,True
3sy6__A1_Q5LE92--3sy6__B1_Q5LE92,0.9440219971242292,0.5,True
6xz3__A1_Q9H1K6--6xz3__A2_Q9H1K6,0.9714127409632586,0.5,True
2h8e__A1_P0AG74--2h8e__A2_P0AG74,0.7509186465034969,0.5,True
3gyx__A1_T2G6Z9--3gyx__B1_T2G899,0.8187947929506312,0.5,False
4e0u__A1_D1D8L6--4e0u__A2_D1D8L6,0.9915924869198844,0.5,True
6teu__A1_O60568--6teu__A2_O60568,0.9248476205757987,0.5,True
6xt5__B1_P49046--6xt5__A1_P49046,0.9681105529773782,0.5,True
8g1t__A1_Q07812--8g1t__B1_Q07812,0.24325967009418925,0.5,True
7xp7__B1_W9FXI8--7xp7__A1_W9FXI8,0.944108147832982,0.5,True
8i55__A1_Q58380--8i55__B1_Q58380,0.9738130026779885,0.5150375939849624,True
1h65__A1_Q41009--1h65__A2_Q41009,0.9270244739370641,0.5,True
3ol4__A1_A0QRC4--3ol4__B1_A0QRC4,0.27042224404361975,0.5,True
8idq__A1_A0A0B8MZ29--8idq__C1_A0A0B8MZ29,0.9258837607704063,0.5,True
3f6g__B1_Q8F3Q1--3f6g__A1_Q8F3Q1,0.9191317964147091,0.5,True
6akj__B1_G2TRN4--6akj__A1_G2TRN4,0.9300136086032925,0.5,True
3qhy__B1_O87916--3qhy__A1_Q93T42,0.9009889721131805,0.5,False
4j5p__B1_P97612--4j5p__A1_P97612,0.9229197598382978,0.5,True
4icq__A1_A0A0H2UN95--4icq__B1_A0A0H2UN95,0.9795557303827487,0.5,True
1klf__B1_P08191--1klf__A1_P31697,0.8595949939964902,0.5,False
6y4l__A1_Q15006--6y4l__B1_Q9Y3B6,0.9014257525462983,0.5,False
6dex__B1_Q74ZQ8--6dex__A1_Q75DL0,0.9125095638867636,0.5,False
2z02__A1_Q58987--2z02__B1_Q58987,0.9815135097940366,0.5,True
4l7w__A1_Q7Z4H3--4l7w__A2_Q7Z4H3,0.945942937160217,0.5,True
6tct__A1_Q9KL67--6tct__B1_Q9KL67,0.911575216758433,0.5,True
6sul__A1_A8FAR5--6sul__B1_A8FAR5,0.9477361897543359,0.5,True
4qqv__A1_P26954--4qqv__B1_P26954,0.6099867157897518,0.5,True
3l8d__A1_A0RD96--3l8d__A2_A0RD96,0.9437370906553673,0.5,True
7yqa__B1_A0A1C9ZZ39--7yqa__A1_A0A1C9ZZ39,0.7958926520665053,0.5,True
1b8m__B1_P34130--1b8m__A1_P23560,0.7933589353093957,0.5,False
1irq__B1_Q57468--1irq__A1_Q57468,0.8977493897477624,0.5,True
7xi6__A1_A5GXY1--7xi6__B1_A5GXY1,0.8080181084699156,0.5,True
7vrx__D1_A0A6J4AG16--7vrx__B1_A0A6J4AG16,0.9202832731012951,0.5,True
6iik__A1_P54578--6iik__B1_P54578,0.9838403926034033,0.5,True
3nau__A1_Q9Y6X8--3nau__B1_Q9Y6X8,0.14764544478580155,0.5,True
3cis__B1_P9WFD7--3cis__A1_P9WFD7,0.9469475324919205,0.5,True
4jzy__B1_O77059--4jzy__A1_O77059,0.9299093806112897,0.5,True
7yxg__A1_Q9VU77--7yxg__B1_Q9VU77,0.9705884388364823,0.5,True
5cio__A1_A0A1A9TAI5--5cio__B1_A0A1A9TAI5,0.928122202711065,0.5,True
8jwj__A1_Q9DAG9--8jwj__B1_P62837,0.8237921717505373,0.5,False
6ia6__A1_A0A1C7D1B7--6ia6__A2_A0A1C7D1B7,0.5632856929091806,0.5,True
8h1g__A1_O67518--8h1g__A2_O67518,0.9835126134570937,0.5,True
6x61__A1_Q79V60--6x61__B1_Q8DMT2,0.8495540982412706,0.5,False
7x0d__A1_A5YW95--7x0d__B1_A5YW95,0.9635565783209015,0.5,True
1ghd__B1_O86089--1ghd__A1_O86089,0.36353050233443085,0.5,True
2x6f__A1_Q9W1M7--2x6f__B1_Q9W1M7,0.8484058173902416,0.5,True
8oik__A1_Q9UPU9--8oik__C1_Q9UPU9,0.7206990159497131,0.5,True
6nxl__A1_B4DV12--6nxl__E1_B4DV12,0.45707088653064176,0.5,True
8wmy__A1_A0A4U7IGH6--8wmy__B2_A0A4U7IGH6,0.9229590447110767,0.5,True
3trf__A1_Q83AJ3--3trf__A2_Q83AJ3,0.690605559467849,0.5,True
5h4s__A1_A0A090BWT0--5h4s__A2_A0A090BWT0,0.7956031600707685,0.5,True
2zvb__A1_Q53WA6--2zvb__A2_Q53WA6,0.8895533139503845,0.5,True
8wa7__A1_P27302--8wa7__B1_P27302,0.9699749519897173,0.5,True
3b0z__B1_P40727--3b0z__A1_P40727,0.2692937340554699,0.5,True
4usp__A1_B3GA02--4usp__B1_B3GA02,0.8995112653901648,0.5,True
7cms__A1_P00953--7cms__B1_P00953,0.9830421715428284,0.5,True
7t8q__A1_Q7S860--7t8q__D1_Q7S860,0.8887486330217862,0.5,True
6j9k__A1_A0A425B3G2--6j9k__A2_A0A425B3G2,0.8280049110843486,0.5,True
7xp0__A1_Q9I5E1--7xp0__A2_Q9I5E1,0.8972407198122229,0.5,True
8ih4__A1_Q8WVV5--8ih4__B1_Q8WVV5,0.7270741712261299,0.5,True
1tfe__A1_P43895--1tfe__A2_P43895,0.977573277812398,0.5,True
2a8f__A1_P15569--2a8f__B1_P15569,0.8925256623025386,0.5,True
4iwq__A1_Q9UHD2--4iwq__A2_Q9UHD2,0.8266759098906755,0.5,True
5hs5__A1_Q2G0D1--5hs5__B1_Q2G0D1,0.946634982837926,0.5,True
3v89__A1_Q9K0U9--3v89__B1_P02787,0.8729677397462301,0.5,False
8e3g__B1_P43026--8e3g__A1_P12643,0.8661642885449611,0.5,False
2w8b__A1_P0A855--2w8b__H1_P0A912,0.7301013907581875,0.5,False
5f7p__B1_Q8YAF1--5f7p__A1_Q8YAF1,0.9575289391799792,0.5,True
8f71__B1_Q6N5G3--8f71__A1_Q6N5G3,0.9879779423495866,0.5,True
8hwi__B1_A0A327WNX5--8hwi__A1_A0A327WNX5,0.794213333806058,0.5,True
7r3i__B1_P54292--7r3i__A1_P54292,0.8064479043124235,0.5,True
8afj__A1_A0A179QS89--8afj__B1_A0A179QS89,0.9746511842312927,0.5,True
3pub__B1_E5EVW2--3pub__A1_E5EVW2,0.9410254986091247,0.5,True
8es5__A1_A0A0H2Z732--8es5__B1_A0A0H2Z732,0.9316449972111365,0.5,True
7txn__B1_Q8YVV6--7txn__A1_Q8YVV6,0.9754073376191532,0.5096153846153846,True
3py6__A1_Q2YQ74--3py6__A2_Q2YQ74,0.9522039715425017,0.5,True
1hjr__A1_P0A814--1hjr__C1_P0A814,0.928220815516927,0.5,True
8k3b__A1_A0A071KWR3--8k3b__A2_A0A071KWR3,0.8948814195778876,0.5,True
3w2z__A1_Q8YXY7--3w2z__A2_Q8YXY7,0.8422782544183954,0.5,True
8f78__A1_P55212--8f78__B1_P55212,0.8628948442547435,0.5,True
6wg4__A1_Q14683--6wg4__B1_Q9UQE7,0.8195683656716516,0.5,False
7zry__A1_O60341--7zry__B1_Q9UKL0,0.7940408934702359,0.5,False
1uix__A1_Q28021--1uix__B1_Q28021,0.9024930663688339,0.5,True
7vrc__A1_P38956--7vrc__B1_P22082,0.737835703192548,0.5,False
1oz0__A1_P31335--1oz0__B1_P31335,0.958937614751871,0.5,True
7eft__B1_P16926--7eft__A1_P16926,0.8404901517713155,0.5,True
8e2b__B1_Q2FYI5--8e2b__A1_Q2FYI5,0.666323151545131,0.5,True
7jw6__A1_Q9VIF1--7jw6__A2_Q9VIF1,0.8023630369374559,0.5,True
1jkw__A1_P51946--1jkw__A2_P51946,0.826691352104922,0.5,True
4pfp__B1_F1RQI7--4pfp__A1_F1RQI7,0.9820889273783868,0.5,True
8h1s__A1_Q9I5U2--8h1s__B1_Q9HX32,0.7459480750818687,0.5,False
7t0y__A1_P62136--7t0y__B1_Q14684,0.6979380967025972,0.5,False
1tz9__A1_Q82ZC9--1tz9__B1_Q82ZC9,0.9735387193582703,0.5,True
2wns__B1_P11172--2wns__A1_P11172,0.9551861553838574,0.5,True
6s8v__B1_P08195--6s8v__A1_P80188,0.6411120807446182,0.5,False
2gt4__A1_P32056--2gt4__B1_P32056,0.9199762336830275,0.5044846395859507,True
3bof__A1_Q9WYA5--3bof__B1_Q9WYA5,0.994295837050442,0.5,True
6trj__A1_O75475--6trj__A2_O75475,0.18344289639369313,0.5,True
8h4z__A1_A0A2X5A3P4--8h4z__B1_A0A2X5A3P4,0.997949169404133,0.5,True
2hre__A1_P22830--2hre__B1_P22830,0.7998417312661499,0.5,True
5yjc__A1_Q5HK94--5yjc__B1_Q5HK94,0.8689154619152188,0.5,True
8d6k__A1_Q9L1K2--8d6k__B1_Q9L1K2,0.9390993369923161,0.5,True
2zew__B1_Q9ZA17--2zew__A1_Q9ZA17,0.28233446420817254,0.5,True
5wpi__A1_Q58PW8--5wpi__B1_Q58PW8,0.9540056341838871,0.5,True
8fk6__A1_A0A0C9S461--8fk6__B1_P80098,0.8849703591264749,0.5,False
7tm7__A1_A0A0H3GYH4--7tm7__B1_A0A0H3GYH4,0.9654055852147788,0.5,True
7x4b__A1_A0A2D0TCG3--7x4b__B1_A0A2D0TCG3,0.9914073071718539,0.5,True
4aqp__B1_P54253--4aqp__A1_P54253,0.18374852730527141,0.5,True
3npi__A1_Q6NFU8--3npi__B1_Q6NFU8,0.8373308095815339,0.5,True
