system_id,auroc,bacc,is_homodimer
8iyi__A1_Q6CVU4--8iyi__B1_Q6CVU4,0.9534702447254237,0.5,True
1uus__A1_O00910--1uus__A2_O00910,0.9552660743179018,0.5,True
1zt2__A1_Q97Z83--1zt2__C1_Q9UWW1,0.9869456734059014,0.5,False
7uex__A1_Q9H999--7uex__A2_Q9H999,0.9545249996382611,0.5029940119760479,True
6jqy__A1_P9WF13--6jqy__B1_P9WF13,0.9434770742358078,0.5083333333333333,True
6l6w__A1_A0A3B6UEU3--6l6w__A2_A0A3B6UEU3,0.9971660474856177,0.5,True
8h56__A1_Q8BB16--8h56__B1_Q8BB16,0.9039215686274511,0.5,True
8grj__B1_Q8GQE7--8grj__A1_A0A0H3KLY3,0.9563006387251631,0.5,False
2j0n__B1_P18013--2j0n__A1_P18013,0.828662970630365,0.5,True
3rq1__A1_D1BN29--3rq1__C1_D1BN29,0.9607132862448414,0.5,True
5djt__A1_O49004--5djt__B1_UNDEFINED,0.9288846746473866,0.5,False
5ae6__B1_Q92458--5ae6__A1_Q92458,0.9160741570718732,0.5,True
3v1e__A1_UNDEFINED--3v1e__B1_UNDEFINED,0.8258771929824562,0.5,True
7qi3__A1_W7NDP8--7qi3__C1_W7NDP8,0.9566035141049146,0.5,True
2yve__A1_Q8NMG3--2yve__B1_Q8NMG3,0.9328575507983431,0.5,True
5ynx__A1_B2GM84--5ynx__B1_B2GM84,0.9514872020933295,0.5,True
2r6u__A1_Q0S814--2r6u__C1_Q0S814,0.8366218336399993,0.5,True
8b6m__A1_Q9H2K2--8b6m__B1_Q9H2K2,0.7622084114845007,0.515068018535182,True
3kc2__A1_P36151--3kc2__B1_P36151,0.9919913980807844,0.5,True
3vp5__A1_Q9CHR1--3vp5__A2_Q9CHR1,0.9482945222538018,0.5,True
7pvh__A1_B2RLE7--7pvh__B1_B2RLE7,0.8911479862323467,0.5,True
4nqf__B2_Q7CW19--4nqf__A1_Q7CW19,0.9302473353021316,0.5,True
1vjh__A1_P0C0B0--1vjh__B1_P0C0B0,0.9483646781745448,0.5,True
5xw4__B1_Q00684--5xw4__A1_Q00684,0.8659110711489768,0.5,True
8aai__A1_O00560--8aai__C1_O00560,0.7579574988533864,0.5,True
4xdl__A1_P57789--4xdl__B1_P57789,0.8100893783753904,0.5,True
6ukl__A1_P0A901--6ukl__F1_P0A901,0.8519351646294167,0.5,True
5dot__A1_P31327--5dot__B1_P31327,0.906583949636003,0.5,True
5by4__A1_P0ABV6--5by4__A2_P0ABV6,0.9726600324616862,0.5,True
7zxs__A1_Q86TI2--7zxs__C1_Q86TI2,0.9700653427800113,0.5,True
1v6u__A1_Q7SI98--1v6u__B1_Q7SI98,0.8613589407997424,0.5,True
6e27__A1_Q9H257--6e27__B1_Q9H257,0.7831830232396688,0.5,True
7szd__A1_Q96S44--7szd__B1_Q9Y3C4,0.9659268537286149,0.5,False
1h9r__A1_P0A9G8--1h9r__B1_P0A9G8,0.859764297833135,0.5,True
3on6__A1_A7M0J6--3on6__B1_A7M0J6,0.9575038659723429,0.5,True
8fwy__A1_Q4DGA2--8fwy__B1_Q4DGA2,0.9493707487583675,0.5,True
1yu6__A1_P00780--1yu6__C1_P68390,0.9484722071672271,0.5,False
6ek1__A1_A0A452CST7--6ek1__A2_A0A452CST7,0.9808640408025469,0.5,True
6ckj__A1_P0A0Z8--6ckj__A2_P0A0Z8,0.9647760078273584,0.5,True
7yj0__B1_UNDEFINED--7yj0__A1_UNDEFINED,0.9472374080938388,0.5,True
1w33__A1_O50957--1w33__B1_O50957,0.975741588069635,0.5,True
4usk__B1_H7C745--4usk__B2_H7C745,0.9097329350438679,0.5,True
6cmv__B1_Q4J9G1--6cmv__A1_Q4J9G1,0.9797671230847589,0.5,True
7y70__A1_F4KCC2--7y70__A2_F4KCC2,0.8439934049690148,0.5,True
3cwx__A1_P94837--3cwx__B1_P94837,0.9641695504217527,0.5,True
3p1y__A1_O29362--3p1y__B1_O29362,0.9353080432285186,0.5,True
8a8i__A1_Q9R9V9--8a8i__B1_Q9R9V9,0.9922254917945812,0.5,True
5d1l__A1_P62837--5d1l__B1_Q96BH1,0.7933236748365144,0.5,False
8bcs__A1_UNDEFINED--8bcs__A2_UNDEFINED,0.9143988393882609,0.5,True
8og3__A1_P38489--8og3__B1_P38489,0.9559128721769936,0.5,True
3c07__A1_Q9KZ96--3c07__B1_Q9KZ96,0.9477720221461067,0.5,True
3iqy__A1_P28366--3iqy__A2_P28366,0.9614404688108186,0.5,True
4afi__A1_P70280--4afi__B1_P70280,0.9187581273546392,0.5,True
7e76__A1_A0A3B6LNA8--7e76__B1_A0A3B6LNA8,0.882916949987292,0.5,True
3cqc__A1_P57740--3cqc__B1_Q8WUM0,0.9705772207928133,0.5,False
7x1k__A1_Q6DL91--7x1k__B1_Q6DL91,0.8942370976210372,0.5,True
6ydr__A1_A0A3S8UVN5--6ydr__A2_A0A3S8UVN5,0.8645180373714496,0.5,True
8egw__B1_Q6V0I7--8egw__A1_Q96JQ0,0.9162762357567552,0.5,False
8sgd__A1_P25342--8sgd__B1_P32457,0.885668667372242,0.5,False
3ecf__A1_Q3M5E4--3ecf__B1_Q3M5E4,0.9435351112996915,0.5,True
6j94__A1_Q93VK5--6j94__B1_Q93VK5,0.9701804333854745,0.5,True
7xsh__A1_K1KV82--7xsh__B2_K1KV82,0.9755014419410937,0.5,True
7fct__B1_A0A4Y1LJC5--7fct__A1_A0A4Y1LJC5,0.8980785572019261,0.5,True
8v14__A1_G5EEF9--8v14__B1_G5EEF9,0.9419148697214735,0.5,True
6r76__A1_H3ZMH8--6r76__B1_H3ZMH8,0.9629340268750948,0.5,True
8ap0__A1_A0A5S9CYM0--8ap0__A2_A0A5S9CYM0,0.9857738336830277,0.5,True
5j10__A1_UNDEFINED--5j10__B1_UNDEFINED,0.9266708549461791,0.5,True
3qph__A1_Q9HGZ9--3qph__A2_Q9HGZ9,0.9039712443671084,0.5,True
3o6j__A1_O67987--3o6j__B1_O67987,0.9752723688160203,0.5,True
6o6z__A1_B6YWC3--6o6z__B1_B6YWC3,0.9368403922524358,0.5,True
7edp__B1_Q5JT35--7edp__A1_Q8TEK3,0.8234150717703349,0.5,False
3fil__A1_P19909--3fil__B1_P19909,0.9717957149723017,0.5,True
6do2__A1_P11021--6do2__B1_P11021,0.9989536857447678,0.5,True
7f4q__B1_Q22GC0--7f4q__A1_I7M8B9,0.921098932915371,0.5,False
4hfg__A1_Q9NQG5--4hfg__B1_Q9NQG5,0.9367487131204839,0.5,True
7yh2__A1_A0A1Q9P883--7yh2__B1_A0A1Q9P883,0.9952248523567527,0.5,True
3axs__A1_O67010--3axs__A2_O67010,0.9545080816604795,0.5,True
3cqr__A1_Q39249--3cqr__B1_Q39249,0.9097902171289446,0.5,True
3s8k__A1_P80691--3s8k__B1_P80691,0.9787225365535359,0.5,True
4oun__A1_O31418--4oun__A2_O31418,0.9585226501496675,0.5,True
2iab__A1_Q825J7--2iab__B1_Q825J7,0.9341877688589295,0.5,True
3o3n__A1_Q5U924--3o3n__B1_Q5U923,0.9468770678268423,0.5,False
6f3z__A1_P0ADC3--6f3z__B1_P61316,0.9594459667986844,0.5,False
1hr7__A1_P11914--1hr7__B1_P10507,0.9433316271037515,0.5,False
8gko__B1_P28296--8gko__A1_P28296,0.9738610620952082,0.5,True
2gkv__A1_P00777--2gkv__B1_P68390,0.9473528405894099,0.5,False
8stx__A1_Q4E4E1--8stx__B1_Q4E4E1,0.9774556341913642,0.5,True
4m36__A1_Q582G4--4m36__A2_Q582G4,0.9569206325252674,0.5,True
5wpu__A1_A0A076NBW8--5wpu__A2_A0A076NBW8,0.8139453080597628,0.5,True
5yps__A1_A0A0W4ZF97--5yps__B1_A0A0W4ZF97,0.9517753249089056,0.5,True
5oge__E1_P40107--5oge__A1_P40107,0.9234265464910254,0.5,True
5fey__B1_Q13049--5fey__A1_Q13049,0.8995130214869014,0.5,True
8hce__B1_Q91XB0--8hce__A1_Q91XB0,0.9376190154116695,0.5,True
1ggp__B1_Q7SIF1--1ggp__A1_Q7SIF0,0.9297104522863144,0.4999578713221664,False
5z50__A1_O05926--5z50__B1_O05926,0.9636591554685238,0.5,True
6eyy__A1_A0A1S5PRR0--6eyy__B1_A0A1S5PRR0,0.8457675830744075,0.5,True
7t9u__A1_Q86WV6--7t9u__A2_Q86WV6,0.975865442488733,0.5,True
6ey4__A1_Q5EGM3--6ey4__A2_Q5EGM3,0.9169619848054735,0.5,True
2hvg__A1_A5KBL5--2hvg__B1_A5KBL5,0.9254926268120512,0.5,True
6wp7__A1_Q82H41--6wp7__B1_Q82H41,0.9467681972991169,0.5,True
7dnu__A1_P32092--7dnu__A2_P32092,0.8365357656576697,0.5,True
3w8i__A1_Q9BUL8--3w8i__B1_Q9P289,0.9276644470344102,0.49987741091860083,False
4oky__A1_Q52612--4oky__A2_Q52612,0.9554526652625601,0.5,True
7t63__B1_UNDEFINED--7t63__A1_UNDEFINED,0.8871600146789307,0.5,True
7x20__A1_P54708--7x20__B1_P07340,0.953599842166268,0.5,False
3hnw__A1_D0VWZ2--3hnw__B1_D0VWZ2,0.9308980337754481,0.5,True
8r37__A1_A0A086IRG1--8r37__B1_A0A086IRG1,0.8478106156372892,0.5,True
7zm5__A1_Q6WGM0--7zm5__B1_Q6WGM0,0.9805200223036479,0.5,True
2z7j__A1_P25220--2z7j__A2_P25220,0.5419688111236463,0.5,True
1rqg__A1_Q9V011--1rqg__A2_Q9V011,0.8396160313215768,0.5,True
8brl__A1_F7J213--8brl__A2_F7J213,0.9698702782590336,0.5,True
6noi__A1_UNDEFINED--6noi__B1_UNDEFINED,0.9262910777459031,0.5,True
7qiu__A1_P94538--7qiu__B1_P94538,0.9895816752149273,0.5,True
6sjs__A1_B8FUR2--6sjs__B1_B8FUR2,0.9872709853666628,0.5,True
8hlg__A1_Q9RR88--8hlg__B1_Q9RR88,0.8526013091679594,0.5,True
6mpc__A1_B3DQP5--6mpc__B1_B3DQP5,0.9916547597816628,0.5,True
4uae__A1_O00629--4uae__B1_P31345,0.9200736429033397,0.5,False
7pcr__A1_P56185--7pcr__A2_P56185,0.9351651011459797,0.5,True
3bvq__B1_Q2I6W2--3bvq__A1_Q2I6W2,0.9700675702591609,0.5,True
7a67__B1_UNDEFINED--7a67__A1_Q9V1Z9,0.9007050250293159,0.5,False
6bsu__A1_Q9LZJ3--6bsu__B1_Q9LZJ3,0.9170210064024552,0.5,True
4e5u__B1_Q9HZN8--4e5u__A1_Q9HZN8,0.9824752273809098,0.5,True
8a52__A1_P23222--8a52__B1_P23222,0.9370035077399135,0.5,True
1d0v__A1_Q05603--1d0v__A2_Q05603,0.9844429247091331,0.5,True
3gwq__A1_Q145Q0--3gwq__B1_Q145Q0,0.8687912898841426,0.5,True
1yhc__A1_O67648--1yhc__B1_O67648,0.9442482334585143,0.5,True
7lxs__A1_Q8ZMZ2--7lxs__C1_Q8ZMZ2,0.9302344513187888,0.5,True
6w08__B1_Q9KL63--6w08__A1_Q9KL63,0.937456975151014,0.5,True
7wrm__A1_D0IVL9--7wrm__B1_D0IVL9,0.9314511184598684,0.5,True
2yww__B1_Q58801--2yww__A1_Q58801,0.9919297015822152,0.5,True
3lm6__A1_P40869--3lm6__B1_P40869,0.9672691976265968,0.5,True
7trw__A1_A0A380PDL3--7trw__A2_A0A380PDL3,0.8637283925108683,0.5,True
8syc__A1_Q13370--8syc__B1_Q13370,0.9166261035161677,0.5,True
1gk6__A1_P03069--1gk6__B1_P03069,0.9242011214373023,0.5,True
1reo__A1_Q6STF1--1reo__A2_Q6STF1,0.9687180637617387,0.5,True
6s3b__A1_Q88JK6--6s3b__B1_Q88JK6,0.9627741989810955,0.5,True
7tl5__A1_A0A3F3B310--7tl5__B1_A0A3F3B310,0.9207150810198524,0.5,True
2asf__A1_P9WLL7--2asf__A2_P9WLL7,0.9328995412203809,0.5,True
8ilj__A1_A0A242MJ43--8ilj__B1_A0A242MJ43,0.9873464473553187,0.5,True
8ezg__A1_P01116--8ezg__B1_UNDEFINED,0.9113834852202359,0.5,False
7uh4__A1_UNDEFINED--7uh4__B1_UNDEFINED,0.9616270306481326,0.5,True
4usc__A1_A0A0A0Y4H8--4usc__B1_A0A0A0Y4H8,0.9839684967908261,0.5,True
5yp3__A1_Q6F3I7--5yp3__B1_Q6F3I7,0.9908248422118363,0.5,True
8aid__A1_Q9HWJ8--8aid__B1_Q9HWJ8,0.9516715024856812,0.5,True
7yp6__B1_E5L4T5--7yp6__A1_E5L4T5,0.8692544300089635,0.5,True
4aql__A1_Q9Y2T3--4aql__A2_Q9Y2T3,0.972563031252363,0.5,True
3idf__A1_O34252--3idf__B1_O34252,0.9029427223719677,0.5,True
8fjr__A1_D1A807--8fjr__B1_D1A807,0.8497656199531194,0.5,True
7z56__B1_F0NGX6--7z56__A1_F0NGX6,0.9928469512584681,0.5,True
7olf__A1_A9CEY7--7olf__B1_A9CEY7,0.9628640659405308,0.5,True
6ikj__A1_Q9I4L6--6ikj__B1_Q9I4L6,0.683021582733813,0.5,True
8b2q__A1_D0EM77--8b2q__B1_G8UM88,0.9795530459187678,0.5,False
5x42__A1_Q5ZYB7--5x42__B1_Q5ZYC6,0.9550617746162485,0.5,False
1vkh__A1_Q04066--1vkh__B1_Q04066,0.933632458863805,0.5,True
5omd__A1_Q04377--5omd__A2_Q04377,0.7349832110434026,0.5,True
2vsg__A1_P26329--2vsg__B1_P26329,0.9486300162358665,0.5,True
1jql__A1_P0A988--1jql__B1_P28630,0.9894791687021259,0.5,False
1w9c__A1_O14980--1w9c__B1_O14980,0.991573566727902,0.5,True
7n35__A1_UNDEFINED--7n35__B2_UNDEFINED,0.8991367759224902,0.5,True
3upl__A1_Q2YIM3--3upl__B1_Q2YIM3,0.9773029323374223,0.5,True
3tm2__A1_Q83XN4--3tm2__B1_Q83XN4,0.9320452099533356,0.5,True
3kxa__A1_Q5F9C2--3kxa__B1_Q5F9C2,0.8550490054572697,0.5,True
7yls__B1_C5CSP6--7yls__A1_C5CSP7,0.9035980018733862,0.5,False
7psg__A1_Q6D515--7psg__B1_Q6D515,0.9639712316343944,0.5,True
8pte__A1_P00698--8pte__A2_P00698,0.909496213412474,0.5,True
7ytu__B1_P68623--7ytu__A1_P68458,0.8687023963523931,0.5,False
7ykc__A1_P14843--7ykc__B1_P14843,0.9529036302444994,0.5,True
3wxe__A1_E7FEV5--3wxe__B1_P0CG48,0.9043865366295694,0.5,False
7zr3__A1_A0A8E4HNI8--7zr3__B1_A0A8E4HNI8,0.9763079094357658,0.5,True
2vjf__A1_Q00987--2vjf__B1_O15151,0.8810722588412493,0.49987280590180616,False
7pvo__A1_P56137--7pvo__A2_P56137,0.9672419444063431,0.5,True
3kkd__A1_Q9HXU1--3kkd__A2_Q9HXU1,0.9320973402642211,0.5,True
3mph__A1_P19801--3mph__B1_P19801,0.9062475722713556,0.5,True
6jc4__A1_A6TE44--6jc4__D1_A6TE44,0.8827567927590484,0.5,True
2rf4__A1_P46669--2rf4__B1_P50106,0.9025797109469393,0.5,False
4huz__A1_Q9ZBB0--4huz__A2_Q9ZBB0,0.8689341520091258,0.5,True
5gtj__B1_Q9BV47--5gtj__A1_Q9BV47,0.969373251279641,0.5,True
2xw7__A1_A0QP85--2xw7__B1_A0QP85,0.9629204415961122,0.5,True
6l6h__A1_Q5ZZ22--6l6h__B1_Q5ZZ22,0.9519230194948429,0.5,True
8p7m__A1_P0A434--8p7m__A2_P0A434,0.9807651668305042,0.5,True
6dm9__A1_UNDEFINED--6dm9__B1_UNDEFINED,0.8805967633807353,0.5,True
6gou__A2_P97275--6gou__C1_P97275,0.9370930622625465,0.5,True
2wwo__A1_Q66ED7--2wwo__B1_Q66ED7,0.965670631007402,0.5,True
8i3n__A1_Q12178--8i3n__C1_Q12178,0.976457264907113,0.5,True
1s7i__A1_Q9I3Z5--1s7i__A2_Q9I3Z5,0.8528335453843562,0.5,True
3szw__A1_B7JBP8--3szw__A2_B7JBP8,0.9834001676610417,0.5,True
5x7r__A1_A0A193PKW5--5x7r__B1_A0A193PKW5,0.9176222693629736,0.5,True
2nys__A1_Q8U561--2nys__B1_Q8U561,0.9699786694338752,0.5,True
3gr5__A1_O52135--3gr5__A2_O52135,0.8552531030838012,0.5,True
3ded__A1_Q7P1I2--3ded__B1_Q7P1I2,0.8479192608081302,0.5,True
5b5x__A1_Q75NZ1--5b5x__A2_Q75NZ1,0.8342888630954474,0.5,True
7qga__A1_P21589--7qga__A2_P21589,0.9894540092226566,0.5,True
3sd2__A1_Q8A1T7--3sd2__A2_Q8A1T7,0.8679340740320844,0.5,True
8ow9__A1_G8UQH9--8ow9__B1_G8UQH9,0.9562105235684084,0.5,True
3bcw__B1_A0A0H3LK92--3bcw__A1_A0A0H3LK92,0.9393857614146897,0.5,True
6duy__A1_Q61301--6duy__B2_Q61301,0.9114025981701471,0.5,True
5zyf__A1_Q99ZW0--5zyf__B1_Q99ZW0,0.8843308759215295,0.5,True
1mml__A1_P03355--1mml__A2_P03355,0.9389754863049711,0.5,True
2b7o__A1_O53512--2b7o__B1_O53512,0.9355118555840688,0.5,True
1v57__A1_P77202--1v57__A2_P77202,0.977247621487284,0.5,True
2hsa__B1_Q9FEW9--2hsa__A1_Q9FEW9,0.9865482888514652,0.5,True
4tsd__A1_O25673--4tsd__B1_O25673,0.970225743222615,0.5,True
7qh0__B1_P48499--7qh0__A1_P48499,0.9843957333224036,0.5,True
1ayf__B1_P00257--1ayf__A1_P00257,0.9416383644434936,0.5,True
3neu__A1_Q92AT3--3neu__A2_Q92AT3,0.9315646051434805,0.5,True
8f9x__A1_Q5LVE1--8f9x__B1_Q5LVE1,0.9639936045708271,0.5,True
6ne2__A1_UNDEFINED--6ne2__B1_O75084,0.9501283227527274,0.5,False
2b4h__A1_P12473--2b4h__B1_P12473,0.8849154392398395,0.5,True
3pui__A1_Q9L9D7--3pui__A2_Q9L9D7,0.9486772420366327,0.5,True
1myl__A1_P03050--1myl__B1_P03050,0.8554088801002381,0.5050505050505051,True
1rqi__A1_P22939--1rqi__B1_P22939,0.9846677081020466,0.5,True
3x1b__A1_UNDEFINED--3x1b__B1_UNDEFINED,0.955450986237446,0.5,True
6pya__A1_P04278--6pya__A2_P04278,0.923583277351308,0.5,True
1r27__A1_P09152--1r27__B1_P11349,0.9336517808866541,0.5,False
7zuv__A1_A0A2K3DY10--7zuv__D2_A0A2K3DY10,0.8527756782172204,0.5,True
2aho__A1_Q980A5--2aho__B1_Q97Z79,0.938235064301174,0.5,False
6mni__A1_A0A2V0QX35--6mni__B1_A0A2V0QX35,0.9890046900815435,0.5,True
4kif__B1_Q643C8--4kif__A1_Q643C8,0.9790663278511368,0.5,True
7vyu__A1_A0A022MLV4--7vyu__B1_A0A022MLV4,0.9047032524581442,0.5,True
7vmv__B1_Q5I3B6--7vmv__A1_Q58HT7,0.7194172130059837,0.5,False
3g23__A1_Q2G8F3--3g23__B1_Q2G8F3,0.9759488277004543,0.5,True
3ui3__A1_O05728--3ui3__B1_O05728,0.953654277582944,0.5,True
8ohy__A1_Q556V8--8ohy__A2_Q556V8,0.9623112040121642,0.5,True
5zgo__A1_Q5SHW6--5zgo__B1_Q5SHW6,0.9226715996289738,0.5,True
5uph__B1_Q14108--5uph__A1_Q14108,0.9731636675591515,0.5,True
6u3w__A1_P53622--6u3w__B1_P40509,0.9496318416917828,0.5,False
2gsv__B1_P71066--2gsv__A1_P71066,0.8707594516140313,0.5,True
7yh1__A1_A0A5B9DB95--7yh1__B1_A0A5B9DB95,0.9529878245041566,0.5,True
6c6r__A1_Q14534--6c6r__B1_Q14534,0.9940686635298653,0.5,True
6p4o__B1_Q970I1--6p4o__A1_Q970I2,0.9589417755604175,0.5,False
8i8y__B1_UNDEFINED--8i8y__A1_UNDEFINED,0.6191366010253462,0.5,True
2oys__A1_A0A0H2URW2--2oys__B1_A0A0H2URW2,0.9199100079690568,0.5,True
8i85__A1_D2B3F1--8i85__B1_D2B3F1,0.8373919892415574,0.5,True
2b0a__A1_Q58193--2b0a__A2_Q58193,0.9696771852683645,0.5,True
3ayh__B1_O94285--3ayh__A1_Q9C0Z9,0.8738050586420479,0.5,False
7yji__A1_UNDEFINED--7yji__A2_UNDEFINED,0.994680402560875,0.5,True
2g38__B1_Q79FE1--2g38__A1_Q7D756,0.9033140311284501,0.5,False
2z6k__A1_P15927--2z6k__C1_P35244,0.8939900358599546,0.5,False
3p8b__B1_Q8TZK1--3p8b__A1_Q8U440,0.8870281277841415,0.5,False
6z68__A1_A0A1M6Y2K1--6z68__B1_A0A1M6Y2K1,0.9038290512562468,0.5,True
5yz5__A1_Q16555--5yz5__A2_Q16555,0.9447575879928154,0.5,True
6dk9__A1_A7A1Y4--6dk9__A2_A7A1Y4,0.964097743642651,0.5,True
6fls__A1_UNDEFINED--6fls__B1_UNDEFINED,0.9907982775773043,0.5,True
2p19__A1_Q8NTZ4--2p19__C1_Q8NTZ4,0.9082892739626947,0.5,True
8ai1__B1_Q45595--8ai1__A1_Q45595,0.9394230864080433,0.5,True
7px0__B1_Q9VF53--7px0__A1_Q9VF53,0.961627207280951,0.5,True
4cmz__B1_Q9BXM0--4cmz__A1_Q9BXM0,0.830761206259643,0.5083973865162703,True
8gyz__B1_Q93ZE2--8gyz__A1_Q93ZE2,0.9709943929507259,0.5,True
5j1l__B1_O26069--5j1l__A1_O26068,0.9658637622965148,0.5,False
7ubk__B1_P03047--7ubk__A1_P03047,0.8254953913457983,0.5,True
6j26__A1_Q5JIZ3--6j26__B1_Q5JIZ3,0.9348132763468073,0.5,True
8ic1__A1_UNDEFINED--8ic1__B1_UNDEFINED,0.8781759224572582,0.5,True
6jqv__A1_Q8LC68--6jqv__B1_Q8LC68,0.9657809913755554,0.5,True
2ns9__A1_Q9Y9R3--2ns9__B1_Q9Y9R3,0.9768749768749767,0.5,True
5l8s__A1_E1VFE0--5l8s__C1_E1VFE0,0.9741883913095944,0.5,True
6zrw__A1_B3VS76--6zrw__B1_B3VS76,0.934743907083016,0.5,True
5fcn__B1_Q66GS9--5fcn__A1_Q66GS9,0.9246981170691773,0.5,True
7vl1__A1_I0AIT9--7vl1__B1_I0AIT9,0.9742157940998404,0.5,True
2rek__B2_Q9ADD9--2rek__A1_Q9ADD9,0.9806970181753544,0.5,True
2zrt__A1_O75340--2zrt__B1_O75340,0.9388516326444408,0.5,True
8h3t__A1_UNDEFINED--8h3t__B1_UNDEFINED,0.9605936409974449,0.5,True
2f1m__A1_P0AE06--2f1m__B1_P0AE06,0.7541588832750363,0.5,True
3t5t__B1_Q15JG1--3t5t__A1_Q15JG1,0.9518089569364265,0.5,True
4z9r__B1_Q8EGK4--4z9r__A1_Q8EGK4,0.9607772666395686,0.5,True
2oze__A1_Q57280--2oze__A2_Q57280,0.9788766195889594,0.5,True
1x6m__A1_Q51669--1x6m__D1_Q51669,0.8509724464200463,0.5,True
4pfc__A1_P14735--4pfc__B1_P14735,0.9604537410175643,0.5,True
6byi__A1_Q8PI23--6byi__B1_Q8PI23,0.9577764553445139,0.5,True
3aaa__A1_P13127--3aaa__B1_P14315,0.9697188080409511,0.5,False
1xgm__A1_P56218--1xgm__B1_P56218,0.9336069634137711,0.5,True
5mrv__A1_Q8IVL8--5mrv__C1_P86912,0.9031158665466571,0.5,False
5e4v__A1_Q89933--5e4v__A2_Q89933,0.9360716816906193,0.5,True
1vhq__A1_P0ABU5--1vhq__B1_P0ABU5,0.9857481671892291,0.5,True
2pqv__B1_A0A0H2UMZ7--2pqv__A1_A0A0H2UMZ7,0.9152755157437568,0.5,True
1zva__A1_P59594--1zva__A2_P59594,0.9410437773285621,0.5,True
8pq4__A1_P69782--8pq4__A2_P69782,0.9125948350993074,0.5,True
8a14__A1_A0A0D1E4Q7--8a14__C2_A0A0D1E4Q7,0.9162316230996073,0.5,True
1dtd__A1_P48052--1dtd__B1_P81511,0.9426117002877602,0.5,False
3c6n__B1_Q570C0--3c6n__A1_Q39255,0.9207021469709512,0.5,False
3ctz__A1_Q9NQW7--3ctz__A2_Q9NQW7,0.9876852227720171,0.5,True
1wab__A1_Q29460--1wab__A2_Q29460,0.9425753370309886,0.5,True
1zl5__A1_Q00496--1zl5__B1_Q00496,0.8480379071871769,0.5,True
5dbj__A1_Q4KCZ0--5dbj__A2_Q4KCZ0,0.9770123881946859,0.5,True
7qsq__B1_Q9X053--7qsq__A1_Q9X053,0.940668716584947,0.5052356020942408,True
7duc__B1_Q2G2U4--7duc__A1_Q2G2U4,0.9020617816091954,0.5,True
2cdu__A1_Q9F1X5--2cdu__B1_Q9F1X5,0.9740118386126202,0.5,True
8g0f__A1_Q6NK15--8g0f__B1_Q6NK15,0.939328866897974,0.5,True
8a45__B1_B7V7R4--8a45__A1_B7V7R4,0.9644416409809391,0.5,True
6no3__A1_B3FHP0--6no3__B1_B3FHP0,0.8789973287556722,0.5,True
3g7p__A1_B7JA91--3g7p__A2_B7JA91,0.9527484115542741,0.5,True
8khq__A1_A0A1I5R890--8khq__C1_A0A1I5R890,0.9429734399945305,0.5,True
7owz__B1_Q9JMA2--7owz__A1_B8ZXI1,0.9273072123939681,0.5,False
7xbe__A1_UNDEFINED--7xbe__A2_UNDEFINED,0.9523740172447238,0.5,True
6dk7__D1_Q9HUV7--6dk7__A1_Q9HUV7,0.9842195087896586,0.49997994022186115,True
4hsl__A1_Q1LCS4--4hsl__A2_Q1LCS4,0.976061149625009,0.4999834190018239,True
8b3s__A1_O31597--8b3s__B1_A0A164W157,0.8770852937562106,0.5,False
5euv__A1_D1LZK0--5euv__B1_D1LZK0,0.9436438902822353,0.5,True
8gz4__A1_A0A7H0DN78--8gz4__A2_A0A7H0DN78,0.9868071756498012,0.5,True
7tmg__A1_A0A0H3GLR2--7tmg__B1_A0A0H3GLR2,0.9670096376736114,0.5,True
4hsr__B1_UNDEFINED--4hsr__A1_UNDEFINED,0.9090694876783216,0.5,True
7tgn__B1_A0A1Q5L7T0--7tgn__A1_A0A1Q5L7T0,0.9785404298836317,0.5,True
4fz2__A1_C7DIA5--4fz2__B1_C7DIA5,0.959860378080101,0.5,True
6j2l__A1_P37793--6j2l__B1_P37793,0.928453799801177,0.5065502183406113,True
5grk__A1_Q89XR0--5grk__B1_Q89XR0,0.9259782410445109,0.5,True
3qxs__A1_O24872--3qxs__A2_O24872,0.9510318050025938,0.5,True
8q3y__A1_E8URK0--8q3y__B1_E8URK0,0.9773459132701559,0.5,True
1pyb__A1_O66738--1pyb__B1_O66738,0.9120576744708957,0.5,True
7yto__A1_Q9RHU9--7yto__B1_Q9RHU9,0.9528584582981156,0.5,True
5vae__A1_Q9AET9--5vae__B1_Q9AET7,0.8695997007030933,0.5,False
1zrs__A1_Q9HTZ1--1zrs__B1_Q9HTZ1,0.9746744677969483,0.5,True
2cg5__A1_Q9NRN7--2cg5__B1_P49327,0.9339933603952295,0.5,False
4yk8__B1_O36019--4yk8__A1_O13978,0.9166691281619878,0.5,False
2iml__A1_O28442--2iml__C1_O28442,0.9288751890858236,0.5,True
6iru__A1_Q9RVF9--6iru__A2_Q9RVF9,0.9815847536152631,0.5,True
4x36__A1_P06653--4x36__A2_P06653,0.9861932695010796,0.5,True
8iev__A1_Q0PAW2--8iev__B1_Q0PAW2,0.9438515254237289,0.5,True
3cyg__A1_A7HM60--3cyg__B1_A7HM60,0.65584413784309,0.5,True
5kvr__A1_P0ACL9--5kvr__A2_P0ACL9,0.9093682050341944,0.5,True
1na8__A1_Q9UJY5--1na8__B1_Q9UJY5,0.9678100913823896,0.5,True
5fis__A1_H9IUR0--5fis__B1_H9IUR0,0.9382825473656401,0.5,True
5yo8__A1_A0A094YZ24--5yo8__B1_A0A094YZ24,0.9857141279203708,0.5,True
7z6m__A1_A0A0H3LM39--7z6m__A2_A0A0H3LM39,0.9151705098611896,0.5,True
7vua__A1_UNDEFINED--7vua__B1_UNDEFINED,0.9949882562515716,0.5,True
2yxd__A1_Q57836--2yxd__B1_Q57836,0.9359001278771225,0.5,True
1aua__A1_P24280--1aua__A2_P24280,0.9953797577137253,0.5,True
7zw3__A1_P27338--7zw3__B1_P27338,0.8909637502043264,0.5,True
5xjx__I1_C0LGW6--5xjx__A1_Q9SSD1,0.709847982035775,0.5,False
7xca__A1_W5X1V8--7xca__B1_W5X1V8,0.9754663536729828,0.5,True
7xub__A1_Q96KQ7--7xub__B1_Q96KQ7,0.944250888563663,0.5,True
5xlu__A1_Q65KZ6--5xlu__B1_A9YTT0,0.8888044426170567,0.5,False
8smq__A1_Q182N1--8smq__B1_Q182N1,0.9003115264797507,0.5105620434191341,True
8eni__A1_A0A0H3JRH8--8eni__A2_A0A0H3JRH8,0.9046149600435294,0.5,True
1q77__A1_O66565--1q77__B1_O66565,0.9318426456779474,0.5,True
5xor__A1_A9YPG7--5xor__E1_A9YPG7,0.9334809991460289,0.5,True
6nbp__A1_A0A4P1LYI6--6nbp__A2_A0A4P1LYI6,0.9937277269749833,0.5,True
4wu2__A1_Q7WUJ1--4wu2__B1_Q7WUJ1,0.9648674039355043,0.5,True
2nvn__A1_Q31MH7--2nvn__A2_Q31MH7,0.9377749786863674,0.5,True
3zyh__A1_Q05097--3zyh__B1_Q05097,0.9630700315979503,0.5,True
8a21__A1_A0QJI1--8a21__A2_A0QJI1,0.9716780692624001,0.5,True
8ho2__A1_A0A191T7N6--8ho2__B1_A0A191T7N6,0.9397344902916328,0.5,True
2j8q__A1_O43809--2j8q__B1_O43809,0.8383523565575559,0.5,True
1cx8__A1_P02786--1cx8__B1_P02786,0.9672476858637864,0.5,True
5zfk__A1_Q31LX1--5zfk__B1_Q31LX1,0.9836380312477259,0.5,True
2qti__A1_Q8EF26--2qti__A2_Q8EF26,0.8766044570438618,0.5437704908587002,True
5djo__B1_Q9EQW7--5djo__A1_Q9EQW7,0.9578497247670179,0.5,True
1kve__B1_P19972--1kve__A1_P19972,0.808498546127412,0.5,True
4kjq__A1_P37019--4kjq__B1_P37019,0.9342420911637799,0.5,True
8qyw__A1_Q9NVS9--8qyw__A2_Q9NVS9,0.8805648179232479,0.5,True
4djb__A1_P04489--4djb__B1_P04489,0.8758764530347949,0.5,True
7t1e__A1_P78556--7t1e__B1_P78556,0.6965043460406544,0.5,True
2ev4__A1_P9WMU9--2ev4__B1_P9WMU9,0.9490685448237425,0.5,True
4m1j__A1_Q9I194--4m1j__B1_Q9I194,0.9556873447572807,0.5,True
8bj3__A1_A0A072U7F9--8bj3__B1_A0A072U7F9,0.9617479495044547,0.5,True
5fcl__A1_Q6D0X0--5fcl__B1_Q6D0X0,0.9651114697152824,0.5,True
2evr__A1_B2J9B4--2evr__A2_B2J9B4,0.6034359104542164,0.5,True
4ftw__A1_Q3J2V1--4ftw__A2_Q3J2V1,0.8942319975069214,0.5,True
2q6q__B1_P36094--2q6q__A1_P36094,0.9180924250674982,0.5,True
8hx8__A1_Q6L8Q5--8hx8__B1_Q6L8Q5,0.9529964597672016,0.5,True
7zgn__A1_U6RE59--7zgn__B1_U6RE59,0.9409903888737734,0.5,True
7fiw__A1_B3CP63--7fiw__B1_Q73HD5,0.8892632166672747,0.5,False
4xd9__A1_C8VMF9--4xd9__B1_Q5B6T5,0.895089600367045,0.5,False
3dme__A1_Q7VU70--3dme__B1_Q7VU70,0.9189075567487052,0.5,True
8d0m__A1_P28907--8d0m__A2_P28907,0.9641628754222984,0.5,True
2w6a__A1_Q9Z272--2w6a__B1_Q9Z272,0.9227466120390798,0.5,True
6oje__B1_Q5S007--6oje__A1_Q5S007,0.9503669035650314,0.5,True
7mu0__A1_P9WQK3--7mu0__B1_P9WQK3,0.8967304083830515,0.5,True
4az3__A1_P10619--4az3__B1_P10619,0.8571787384441013,0.5,True
7ug8__B1_Q0I6F8--7ug8__A1_Q0I6F8,0.9527742112483966,0.5,True
6mxv__B1_Q5NFU2--6mxv__A1_Q5NFU2,0.7163743629714507,0.5,True
8ug3__B1_P50053--8ug3__A1_P50053,0.9912577645661973,0.5,True
7veo__A1_UNDEFINED--7veo__B1_UNDEFINED,0.9477859390318392,0.5,True
4atm__A1_P49418--4atm__A2_P49418,0.9772720138504891,0.5,True
7x6f__B1_P0AD45--7x6f__A1_P0AD45,0.9753752776486388,0.5,True
1nkn__B1_Q17042--1nkn__A1_Q17042,0.9122535788144925,0.5,True
7pjo__B1_UNDEFINED--7pjo__A1_UNDEFINED,0.8968094059625644,0.5,True
5n0s__B1_A0A2R2JFI5--5n0s__A1_A0A2R2JFI5,0.8813388257365186,0.5,True
6m9g__A1_Q5D6Y4--6m9g__B2_Q5D6Y4,0.9720293823744187,0.5,True
7zvz__A1_G1UBD5--7zvz__B1_G1UBD5,0.8714835149258668,0.5,True
3b5m__B1_Q7UTD8--3b5m__A1_Q7UTD8,0.9215077090947451,0.5,True
6v0a__B1_B3E641--6v0a__A1_B3E641,0.9682684975364029,0.5,True
3bpj__C1_O75822--3bpj__A1_O75822,0.8139886363636364,0.5,True
8tn8__B1_A0A482N9T7--8tn8__A1_A0A482N9T7,0.9535122910817122,0.5,True
7y51__A1_Q8RBF4--7y51__A2_Q8RBF4,0.8461741288369005,0.5,True
6zef__A1_P62136--6zef__C1_Q9C0D0,0.811164763709468,0.5,False
6u11__A1_A0A1L8HDP6--6u11__A2_A0A1L8HDP6,0.9784655871294676,0.5,True
8i5w__A1_Q8BZN6--8i5w__B1_P63000,0.9330164386329978,0.5,False
3rv1__B1_A7TR32--3rv1__A1_A7TR32,0.858305239477718,0.5,True
8i59__A1_UNDEFINED--8i59__B1_UNDEFINED,0.9436599397456615,0.5,True
8g1h__A1_UNDEFINED--8g1h__A2_UNDEFINED,0.9536260034294906,0.5,True
7vwk__A1_L8PIV2--7vwk__B1_L8PIV2,0.9268763170492175,0.5,True
4k3z__A1_Q8YCV0--4k3z__A2_Q8YCV0,0.9347276640533312,0.5,True
5v5t__A1_Q830T5--5v5t__D1_Q830T5,0.8348143920956222,0.5,True
6fp5__B1_Q960Q9--6fp5__A1_Q960Q9,0.8331063540876233,0.5,True
2ikb__A1_Q7DDI9--2ikb__C1_Q7DDI9,0.9848875694428199,0.5,True
7zam__A1_Q07666--7zam__B1_Q07666,0.9722000516890146,0.5,True
3o10__A1_Q9NZJ4--3o10__B1_Q9NZJ4,0.8217688266905147,0.5,True
3egv__A1_Q84BQ9--3egv__B1_Q5SLP6,0.8680178225867543,0.5,False
2g9w__A1_P9WMJ5--2g9w__B1_P9WMJ5,0.9233406180719373,0.5,True
2afv__A1_Q8EXP7--2afv__B1_Q8EXP7,0.9421365532870166,0.5,True
7w93__A1_A0A140N873--7w93__A2_A0A140N873,0.9719354113326746,0.5,True
1wl3__B1_Q9X1M1--1wl3__A1_Q9X1M1,0.9668207426288907,0.5,True
4kbx__A1_P45550--4kbx__A2_P45550,0.9117143399048693,0.5,True
8brn__C1_P80366--8brn__A1_P80366,0.8916990268944289,0.5,True
8h5a__A1_P67661--8h5a__B1_P67661,0.902297813908333,0.5,True
8b4l__B1_D5SK09--8b4l__A1_D5SK09,0.8082507936904368,0.5,True
3r24__A1_P0C6X7--3r24__B1_P0C6U8,0.9093155292264941,0.5,False
1nrj__B1_P36057--1nrj__A1_P32916,0.9367276146941885,0.5,False
4rdw__A1_Q9HU77--4rdw__A2_Q9HU77,0.9459514594164053,0.5,True
7vpr__A1_Q6FX18--7vpr__B1_Q6FX18,0.9955154718763339,0.5,True
5a6k__A1_A0A0H2US73--5a6k__B1_A0A0H2US73,0.9823668823076648,0.5,True
7ucd__B1_P17535--7ucd__A1_P53539,0.9297103137620379,0.5,False
1qc9__A1_P00642--1qc9__A2_P00642,0.8011546199537194,0.5,True
3ooc__A1_P77239--3ooc__B1_P77239,0.9105525617797187,0.5,True
8pm1__A1_B8GAY9--8pm1__B1_B8GAY9,0.9319844054580897,0.5,True
1vbg__A1_P11155--1vbg__A2_P11155,0.9854212129737803,0.5,True
4ovo__A1_P67954--4ovo__A2_P67954,0.9162650482933699,0.5,True
2qgs__A1_A0A0H2VIU2--2qgs__B1_A0A0H2VIU2,0.9641542398997154,0.5,True
8cnx__A1_Q68T42--8cnx__B1_Q68T42,0.9570258076774796,0.5,True
8bol__A1_Q04609--8bol__A2_Q04609,0.9650921019888546,0.5,True
3mii__B1_Q08914--3mii__A1_Q08914,0.9092694987656861,0.5,True
3i23__A1_Q835X4--3i23__B1_Q835X4,0.8305000056757629,0.5,True
3itf__A1_P0AE85--3itf__B1_P0AE85,0.8773541301273691,0.5,True
8d05__A1_UNDEFINED--8d05__A2_UNDEFINED,0.942320970310386,0.534786218016515,True
6mw5__A1_K3WC47--6mw5__A2_K3WC47,0.9349520270191307,0.5,True
5vht__A1_P0A9J8--5vht__B1_P0A9J8,0.8907810599381758,0.5,True
6j6x__B1_P53611--6j6x__A1_Q7Z6K3,0.9549324940216606,0.5,False
4tvb__A1_O32323--4tvb__B1_O32323,0.9676278409309425,0.5,True
3nkh__B1_UNDEFINED--3nkh__A1_UNDEFINED,0.9528538258749075,0.5,True
3jyu__A1_P35123--3jyu__B1_P35123,0.9652894991431968,0.5,True
8dtc__A1_L8GT25--8dtc__B1_L8GT25,0.9063521066005624,0.5,True
7n1j__A1_P22455--7n1j__B1_UNDEFINED,0.9675494918840598,0.5,False
8fny__A1_O00418--8fny__B1_P0DP23,0.873088316890464,0.5,False
7v0b__A1_A0A1E7MYN1--7v0b__B1_A0A1E7MYN1,0.9690512075116551,0.5,True
2vvo__A1_P9WKD7--2vvo__B1_P9WKD7,0.889892080126693,0.5,True
5yjh__A1_Q15063--5yjh__A2_Q15063,0.9141064415923258,0.5,True
2z5e__A1_Q9BT73--2z5e__B1_Q9BT73,0.9479168567622315,0.5201689873533223,True
1a8l__A1_Q51760--1a8l__A2_Q51760,0.991299535982938,0.5,True
8h0r__A1_Q9WVJ5--8h0r__B1_Q9WVJ5,0.9069384311728002,0.5,True
2j7j__A1_P03001--2j7j__A2_P03001,0.7272239369415348,0.5,True
8u1v__A1_K4L8Z7--8u1v__B1_K4L8Z7,0.8844755245539972,0.5,True
7zbg__A1_Q02880--7zbg__A2_Q02880,0.9618190805519453,0.5,True
1rku__A1_Q9I2Y2--1rku__B1_Q9I2Y2,0.9561879432011489,0.5,True
2wvl__A1_Q72K30--2wvl__B1_Q72K30,0.8658250695883899,0.5,True
6kfs__A1_B7FR28--6kfs__A2_B7FR28,0.8810324515789829,0.5,True
3shg__A1_E6Z0R3--3shg__B1_E6Z0R4,0.9506464557948033,0.5,False
7zal__A1_E3T5W0--7zal__E2_E3T5W0,0.9797980121532051,0.5,True
4wjm__A1_Q2YNY7--4wjm__A2_Q2YNY7,0.9766872843038322,0.5,True
8hmo__A1_A0A0H4P0S7--8hmo__B1_A0A0H4P0S7,0.9680774773086507,0.5,True
7f9g__B1_C0HM62--7f9g__A1_C0HM62,0.9465563761693747,0.5,True
8dfk__A1_P39694--8dfk__B1_P39694,0.8233668958742633,0.5,True
6n91__A1_Q9KNI7--6n91__B1_Q9KNI7,0.8706092172436515,0.5,True
4oyd__A1_P0C6Z1--4oyd__B1_UNDEFINED,0.9150464557588911,0.5,False
1dev__A1_Q15796--1dev__B1_O95405,0.8085890415229228,0.5,False
8c9j__B1_P15559--8c9j__A1_P15559,0.9592932167467101,0.5,True
3rd7__B1_A0A0H2ZY91--3rd7__A1_A0A0H2ZY91,0.9445954785948665,0.5,True
5x1j__A1_G2IQS7--5x1j__A2_G2IQS7,0.9463059446711496,0.5,True
3r2p__A1_P02647--3r2p__A2_P02647,0.9380480410447761,0.5,True
1pdk__A1_P15319--1pdk__B1_P62532,0.9232774557418142,0.5,False
7bjg__A1_Q8IGY1--7bjg__A2_Q8IGY1,0.7678634548511597,0.5,True
3kcp__A1_Q06851--3kcp__B1_A3DF10,0.9503931720341914,0.5,False
7bbq__A1_Q6I6B7--7bbq__A2_Q6I6B7,0.9245707256576494,0.5,True
3dpj__E1_Q5LS67--3dpj__F1_Q5LS67,0.817149790654501,0.5,True
6okh__A1_Q04QG8--6okh__B1_Q04QG8,0.943666385171192,0.5,True
7tq1__A1_P0AC13--7tq1__A2_P0AC13,0.986808204198117,0.5055555555555555,True
7t5y__A1_P0A7E1--7t5y__B1_P0A7E1,0.9279720150133506,0.5,True
5o47__A1_J7HDY4--5o47__A2_J7HDY4,0.9958605539557583,0.5,True
1oo0__A1_P49028--1oo0__B1_Q9V535,0.9360206482957565,0.5,False
3edj__A1_Q8KKG0--3edj__B1_Q8KKG0,0.9426017105028034,0.5,True
5yr0__A1_O88597--5yr0__B1_Q8K245,0.8877636658647121,0.5,False
5c21__A1_P09986--5c21__B1_P09986,0.8434269878701869,0.5,True
2gok__A1_Q8U8Z6--2gok__B1_Q8U8Z6,0.9922686954907347,0.5,True
1ww1__A1_Q9WZW8--1ww1__B1_Q9WZW8,0.9664481950146957,0.5,True
1fm0__B1_P30749--1fm0__A1_P30748,0.894609986726893,0.5,False
4jgo__B1_O31671--4jgo__A1_O31671,0.9738204897670794,0.5,True
3l2k__A1_Q8GPH0--3l2k__B1_Q8GPH0,0.8125738291632668,0.5,True
1yov__A1_Q13564--1yov__B1_Q8TBC4,0.9411111963729903,0.5,False
7zvd__A1_P11413--7zvd__A2_P11413,0.9779915185023537,0.5,True
2snw__A1_P03316--2snw__B1_P03316,0.9381130772972041,0.5,True
8grh__B1_P51553--8grh__A1_P50213,0.966510560090438,0.5,False
1lxd__A1_Q03386--1lxd__B1_Q03386,0.8847560368847022,0.5,True
5m97__A1_Q10113--5m97__B1_Q10113,0.9368326511691609,0.5,True
7ax1__A1_Q9ULM6--7ax1__B1_Q9UIV1,0.9729530068408644,0.5,False
8d4w__A1_A0A8B4R830--8d4w__A2_A0A8B4R830,0.8543654348081396,0.5,True
7ynw__B2_Q57834--7ynw__A1_Q57834,0.9961571098181883,0.5,True
4rgp__A1_Q8DTU7--4rgp__B1_Q8DTU7,0.9368117421050273,0.5,True
8twd__C1_P0AEV1--8twd__A1_W8SRD3,0.9448847528109989,0.5,False
3fb9__A1_A0A0H2US72--3fb9__B1_A0A0H2US72,0.8902381271500692,0.5,True
8a39__A1_A0A024L404--8a39__C2_A0A024L404,0.9849355385444293,0.5,True
3ps8__A1_P01034--3ps8__A2_P01034,0.84191888226223,0.5,True
7vwp__A2_A0A136PK59--7vwp__B1_A0A136PK59,0.9959803021300347,0.5,True
3a7p__A1_Q03818--3a7p__B1_Q03818,0.9022659473750022,0.5,True
4ql6__A1_A0A0H3MDM0--4ql6__C1_A0A0H3MDM0,0.8166256704889547,0.5,True
5nck__A1_Q8RDN7--5nck__B1_Q8RDN7,0.975488019067025,0.5,True
3qt7__A1_Q9FD73--3qt7__B1_Q9FD73,0.9679001801454031,0.5,True
4aye__D1_Q9JXV4--4aye__A1_P08603,0.9328235024254891,0.5,False
7r3n__A1_P43432--7r3n__B1_P43432,0.9933887830642019,0.5,True
7a0x__B1_Q8ZRZ3--7a0x__A1_Q8ZRZ3,0.9651471976938752,0.5,True
7wjk__A1_P93836--7wjk__A2_P93836,0.9007090744572932,0.5,True
7g99__B1_Q92974--7g99__A1_P61586,0.9253118288365381,0.5,False
5x8z__A1_A3QAQ5--5x8z__B1_A3QAQ5,0.9498243575090806,0.5,True
6dt3__B1_A0A1W1Q5B1--6dt3__A1_A0A1W1Q5B1,0.9810793338215558,0.5,True
2if9__A1_Q98ZP7--2if9__B1_Q98ZP7,0.7364209585595127,0.5,True
7u0r__B1_M9SC49--7u0r__A1_M9SC49,0.9627112278471532,0.5,True
7wbt__A1_Q288C4--7wbt__B1_Q288C4,0.9042392434978543,0.5,True
7txe__A1_Q8I6T6--7txe__B1_Q8I6T6,0.8414968540154938,0.5,True
6pyp__A1_P21695--6pyp__B1_P21695,0.976173404060728,0.5,True
8b2d__A1_F5SYD3--8b2d__B1_F5SYD3,0.9267426889279351,0.5,True
1vmg__A1_Q97U11--1vmg__A2_Q97U11,0.8495337768928173,0.5123139019744333,True
6b8l__B1_P0DP23--6b8l__A1_P56696,0.8962874535536407,0.5,False
8sj5__A1_A0A2I4FN75--8sj5__C1_A0A2I4FN75,0.8710642704029204,0.5,True
3nr1__A1_Q8N4P3--3nr1__B1_Q8N4P3,0.9873685705748229,0.5,True
3h3l__A1_A6LFX0--3h3l__A2_A6LFX0,0.9536219849742981,0.5,True
7uav__A1_P0DW58--7uav__B1_P0DW58,0.7962679168846264,0.5050367192824962,True
6jdh__A1_A0A2K0XYW4--6jdh__B1_A0A2K0XYW4,0.9649082869421852,0.5,True
3vjz__A1_Q9K0P4--3vjz__B1_Q9K0P4,0.9707566573228115,0.5,True
3et4__A1_Q4QMM5--3et4__A2_Q4QMM5,0.9353699923754445,0.5,True
5or3__A1_Q2UNF9--5or3__D1_Q2UNF9,0.9392008934952673,0.5,True
3fh3__B1_A0A6L8PES2--3fh3__A1_A0A6L8PES2,0.9673150067187465,0.5,True
1go3__A1_Q57840--1go3__B1_Q60351,0.9297848411357901,0.5,False
8fin__A1_UNDEFINED--8fin__B1_UNDEFINED,0.7955426852681429,0.5,True
3zxq__B1_P9WGK1--3zxq__A1_P9WGK1,0.7839495611736116,0.5,True
1zlh__A1_P00730--1zlh__B1_Q5EPH2,0.9355202982788142,0.5,False
4h1h__A1_Q8Y6P6--4h1h__B1_Q8Y6P6,0.8900485032851345,0.5,True
2gh1__A1_Q81E32--2gh1__B1_Q81E32,0.7921436814398612,0.5,True
7dl7__F1_B0VJ11--7dl7__A1_B0VJ11,0.9803842203026131,0.5,True
7skp__B1_UNDEFINED--7skp__A1_UNDEFINED,0.943821717277841,0.5,True
7yu0__B1_Q79F77--7yu0__A1_Q79F77,0.9558442742308759,0.5,True
3cbu__B1_Q473P3--3cbu__A1_Q473P3,0.8659601152013022,0.5,True
8b1s__A1_B0LPL6--8b1s__A2_B0LPL6,0.9818234220386204,0.5,True
3ihk__A1_Q8DVV9--3ihk__A2_Q8DVV9,0.9788161498858716,0.5,True
4y67__A1_Q8IKG4--4y67__B1_Q8IKG4,0.9477595514735262,0.5,True
6ejp__B1_P69986--6ejp__A1_P69986,0.8461467300526789,0.5,True
1poy__A1_P0AFK9--1poy__B1_P0AFK9,0.9580478513228873,0.5,True
3a7o__A1_Q03818--3a7o__B1_Q03818,0.8853645041451043,0.5,True
4a2l__A1_Q89YR8--4a2l__B1_Q89YR8,0.9632394706759091,0.5,True
5n47__B1_P02751--5n47__A1_P80188,0.8658405391141963,0.5,False
8ejm__A1_O43143--8ejm__B1_Q8IWZ8,0.8483812235276255,0.5,False
7jl6__A1_Q9L523--7jl6__B1_Q9L523,0.8848458781362007,0.5,True
1npd__B1_P0A6D5--1npd__A1_P0A6D5,0.9360598085811174,0.5,True
8h0h__A1_P9WLU7--8h0h__C1_P9WLU7,0.9386970468421174,0.5,True
3t8l__A1_Q7CUX4--3t8l__B1_Q7CUX4,0.845376154196018,0.5,True
7ol3__B1_Q8WXF7--7ol3__A1_Q8WXF7,0.8621558281591448,0.5,True
8ewa__B1_Q9HW02--8ewa__A1_Q9HW02,0.9204461549247314,0.5,True
2ft0__A1_Q8FBQ3--2ft0__B1_Q8FBQ3,0.906700674741891,0.5,True
2r01__A1_Q8KFI1--2r01__A2_Q8KFI1,0.9346577175024214,0.5,True
8hno__A1_B6YTS4--8hno__B1_B6YTS4,0.964539280022528,0.5,True
6x88__A1_P52731--6x88__B1_P52731,0.9730598436336502,0.5,True
2x76__A1_Q939Q9--2x76__A2_Q939Q9,0.9968767608009251,0.5,True
7x2p__A1_Q5ZWH7--7x2p__B1_Q5ZWH7,0.8289703615583887,0.5,True
2aeu__A1_Q57622--2aeu__A2_Q57622,0.9702836663644574,0.5,True
5kbg__A1_Q43965--5kbg__B1_Q43965,0.9720958515413709,0.5199755088045848,True
4p9g__A1_Q9REI7--4p9g__A2_Q9REI7,0.9590713471168625,0.5110887996430165,True
7tcv__A1_Q60932--7tcv__A2_Q60932,0.828026688979929,0.5,True
7vkb__A1_Q5ZSZ6--7vkb__B1_Q5ZSZ7,0.8267308404294705,0.5,False
7r2p__A1_Q46877--7r2p__A2_Q46877,0.9244935697497265,0.5,True
6ggl__B1_C9K1X5--6ggl__A1_C9K1X5,0.9133650850808686,0.5,True
7yi7__A1_Q9Y251--7yi7__B1_Q9Y251,0.8775146063625285,0.5,True
7yka__B1_Q9Y3D6--7yka__A1_Q9Y3D6,0.9394747429960258,0.5,True
8jea__A1_K1QRB6--8jea__D1_K1QRB6,0.889009391093608,0.5,True
8huc__C1_A0A0H2Z790--8huc__A1_A0A0H2Z790,0.938161186756642,0.5,True
7unh__A1_UNDEFINED--7unh__B1_UNDEFINED,0.9724536411544302,0.5,True
5mpr__A1_O15382--5mpr__A2_O15382,0.9660118388199882,0.5,True
4ooj__B1_Q5ZSK6--4ooj__A1_Q5ZSK6,0.9557647480261814,0.5,True
8a5v__A1_Q9Y617--8a5v__C1_Q9Y617,0.9217137100883163,0.5,True
3lm2__A1_A9CH74--3lm2__B1_A9CH74,0.9541531238963447,0.5,True
7zwt__A1_P41182--7zwt__A2_P41182,0.900722120371325,0.5,True
6ket__A1_A0A0A0WDC6--6ket__B1_A0A0A0WDC6,0.9698194926204037,0.5,True
5zwl__B1_Q8DLU1--5zwl__A1_Q8DLG7,0.9254486801873826,0.5,False
6wmz__A1_P23246--6wmz__B1_Q15233,0.8583339558585936,0.5,False
1i4m__A1_P04156--1i4m__A2_P04156,0.8144885370658702,0.5,True
2gjg__A1_Q88EQ6--2gjg__A2_Q88EQ6,0.8938307567661232,0.5,True
6k62__B2_A0A0H2X6K9--6k62__A1_A0A0H2X6K9,0.8617033713681758,0.5,True
4ghm__A1_Q9KTK0--4ghm__B1_Q9KTK0,0.8540393737340929,0.5,True
1tve__A1_P31116--1tve__B1_P31116,0.9742418172060227,0.5,True
6qj2__A1_G0S2G2--6qj2__B1_G0SBJ6,0.9523397236346027,0.5,False
3onx__A1_P41697--3onx__B1_P41697,0.8640434192672998,0.5,True
8cp4__A1_Q6LXV7--8cp4__A2_Q6LXV7,0.9492154876379499,0.5,True
1ob9__A1_Q97YX6--1ob9__A2_Q97YX6,0.9689156725163023,0.5,True
7zcc__B1_P46327--7zcc__A1_P46327,0.9683990459415142,0.5,True
4kwd__A1_Q9UR08--4kwd__B1_Q9UR08,0.9729347792809241,0.5,True
7wuy__A1_A0A1R3S1W7--7wuy__B1_A0A1R3S1W7,0.9604116193343993,0.5,True
5gtw__A1_I3NX86--5gtw__D1_I3NX86,0.9453045783289256,0.5,True
7ekn__B1_Q5JT35--7ekn__A1_UNDEFINED,0.8840909521913106,0.5,False
8gja__B1_UNDEFINED--8gja__A1_UNDEFINED,0.8812007413729541,0.5,True
6loh__A1_O15033--6loh__A2_O15033,0.9534316524312625,0.5,True
3a9y__A1_Q68FT9--3a9y__B1_Q68FT9,0.9763533536186535,0.5,True
8ay6__B1_Q9CAJ0--8ay6__A1_A0A067E666,0.9406957946254805,0.5,False
8u5m__A1_Q8TF42--8u5m__F1_Q8TF42,0.9933016684934843,0.5,True
7twa__D1_F8JJ25--7twa__A1_F8JJ25,0.9927544485468411,0.5,True
8fju__B1_P34897--8fju__A1_P34897,0.935323338874916,0.5,True
1fjj__A1_P12994--1fjj__A2_P12994,0.9436778358558278,0.5,True
7qlr__A1_A0A1J1J928--7qlr__D2_A0A1J1J928,0.9665671162526558,0.5,True
3vf0__B1_Q8IY67--3vf0__A2_P18206,0.9038566626570709,0.5,False
8ehe__A1_A0A0A7KVG3--8ehe__B1_A0A1D3UUC0,0.9728043009888562,0.5,False
6hpc__A1_P67697--6hpc__B1_P67697,0.9317477114332792,0.5,True
2x3o__A1_Q9I585--2x3o__B1_Q9I585,0.8383689469464711,0.5,True
5y40__A1_P55892--5y40__B1_P55892,0.8429645895779899,0.5,True
1y42__A1_P12063--1y42__A2_P12063,0.9895875374626388,0.5,True
2e91__A1_Q12051--2e91__B1_Q12051,0.9348746798627008,0.5,True
8ja2__A1_A0A0A1E3Q0--8ja2__A2_A0A0A1E3Q0,0.9166638056513623,0.5,True
3iuw__B1_Q8KUB7--3iuw__A1_Q8KUB7,0.9123698490364771,0.5,True
8e7y__A1_Q9RFC8--8e7y__B1_Q9RFC8,0.8727171161238622,0.5,True
4kzn__A1_P15692--4kzn__A2_P15692,0.8386632875582012,0.5,True
7z7o__A1_A0A1S4NYF2--7z7o__C1_A0A1S4NYF2,0.9324105211993452,0.5,True
8brp__A1_D8G6F7--8brp__B1_D8G6F7,0.9629763264794644,0.5,True
3qir__A1_Q8TC59--3qir__A2_Q8TC59,0.9537928960435373,0.5,True
8bay__A1_O75874--8bay__B1_O75874,0.9452877960021874,0.5,True
6mhm__B1_Q13510--6mhm__A1_Q13510,0.8864389153721476,0.5,True
8bj7__A1_P07598--8bj7__B1_P07603,0.8999210930448464,0.5,False
8b80__A1_W8QF82--8b80__B1_W8QF82,0.9650803610681775,0.5,True
5wxx__A1_Q9RNB4--5wxx__A2_Q9RNB4,0.9772556140889672,0.5,True
8f7l__A1_P43490--8f7l__B1_P43490,0.9259664463652626,0.5,True
3cz1__A1_Q9U9J6--3cz1__B1_Q9U9J6,0.9650523382221047,0.5,True
8a0c__A1_Q2ERG0--8a0c__B1_Q2ERG0,0.9481450639701378,0.5,True
5mpy__A1_Q9LPZ1--5mpy__B1_Q9LPZ1,0.9068374386225203,0.5,True
1anu__A1_Q06851--1anu__A2_Q06851,0.9861483253588518,0.5,True
3vs8__A1_C1DM33--3vs8__C1_C1DM33,0.9239151583152496,0.5,True
7zi8__A1_P27707--7zi8__A2_P27707,0.9788349370907077,0.5,True
1peu__A1_Q08698--1peu__A2_Q08698,0.976831495073296,0.5,True
5uk5__B1_Q63722--5uk5__A1_Q07008,0.7502290654427617,0.5,False
7vg5__A1_Q49135--7vg5__B1_Q49135,0.970340360085133,0.5,True
4jkz__A1_A0R6I8--4jkz__A2_A0R6I8,0.9573215520298936,0.5,True
4aa8__A1_P00794--4aa8__A2_P00794,0.8625686595922123,0.5,True
5yew__A1_Q8IWA4--5yew__B1_Q8IWA4,0.9235968611455438,0.5,True
1hf2__B1_Q9X0D7--1hf2__A1_Q9X0D7,0.9903238378684807,0.5089285714285714,True
3au0__A1_Q7A382--3au0__A2_Q7A382,0.8987446552665579,0.5,True
3gif__A1_O34757--3gif__B1_O34757,0.9302969926512619,0.5,True
8c66__A1_UNDEFINED--8c66__D1_UNDEFINED,0.9109115975654865,0.5,True
7zcl__B1_UNDEFINED--7zcl__A1_UNDEFINED,0.9818320555598006,0.5,True
4axv__A1_A7N805--4axv__A2_A7N805,0.9022106983323978,0.5,True
5c6u__A1_O69689--5c6u__A2_O69689,0.9356758087952242,0.5,True
4nv4__A1_A0A6L7HM74--4nv4__A2_A0A6L7HM74,0.9415270627662367,0.5,True
6axf__A1_Q7LDG7--6axf__B1_P61224,0.9465661561738448,0.5,False
5yf1__B1_Q8N4J0--5yf1__A1_Q8N4J0,0.9128729628914773,0.5,True
8j83__A1_C5ATT7--8j83__B1_C5ATT6,0.9422233364958693,0.5,False
3fjy__B1_A0ZZM4--3fjy__A1_A0ZZM4,0.95753070716869,0.5,True
4rg1__A1_Q5T280--4rg1__B1_Q5T280,0.9671082402755985,0.5,True
1ux4__A1_P41832--1ux4__A2_P41832,0.9426434538865897,0.5,True
6rbm__A1_P0ACT4--6rbm__A2_P0ACT4,0.9446831785665641,0.5,True
2cme__B1_P59636--2cme__A1_P59636,0.8832864005300646,0.5,True
7wis__A1_P46881--7wis__B1_P46881,0.922041818919969,0.5,True
5a3l__A1_A0A1A9TAD0--5a3l__C1_A0A1A9TAD0,0.9408316331592017,0.5,True
3gzi__A1_A3QIY5--3gzi__A2_A3QIY5,0.9659168444781987,0.5,True
8pr6__B1_A0A1Q6BKH4--8pr6__A1_A0A1Q6BKH4,0.9325923917954279,0.5,True
8j64__A1_Q967S9--8j64__B1_O00816,0.8927517687460701,0.5,False
8ohw__A1_Q63T97--8ohw__B1_Q63T97,0.8222534758419815,0.5,True
5y4r__A1_O87131--5y4r__B1_Q9HVI1,0.9130590678844162,0.5,False
3ddh__A1_Q8A5Q8--3ddh__B1_Q8A5Q8,0.9494720639014853,0.5,True
8d3t__B1_A0A2K2AMS7--8d3t__A1_A0A2K2AMS7,0.9837450367628296,0.5,True
1zk8__A1_Q815X4--1zk8__B1_Q815X4,0.9824527454211267,0.5,True
2w82__A1_Q47730--2w82__B1_Q47730,0.9718456963005899,0.5,True
6l08__A1_O65896--6l08__B1_O65896,0.9191434296855657,0.5,True
4p94__B1_Q4J9K8--4p94__A1_Q4J9K8,0.9825282579787233,0.5,True
4yii__A1_O00762--4yii__B1_Q9UJX6,0.9464135957529966,0.5,False
4rus__A1_P68512--4rus__B1_P68512,0.8896275603085182,0.5,True
2o48__A1_Q9TQS6--2o48__A2_Q9TQS6,0.9505909701233989,0.5,True
7pvw__B1_P00523--7pvw__A1_P00523,0.6802964968578687,0.5,True
2wcu__A1_Q8R2K1--2wcu__B1_Q8R2K1,0.9800310476753283,0.5,True
2p35__A1_Q8UH15--2p35__B1_Q8UH15,0.8709782093472469,0.5,True
6rfg__A1_Q49PR7--6rfg__D1_Q49PR7,0.9064922749468878,0.5,True
5jj8__A1_Q9HVB9--5jj8__A2_Q9HVB9,0.780475127501028,0.5,True
6ije__A1_A0A083ZID3--6ije__B1_A0A083ZID3,0.9646027659733193,0.5,True
8avu__A1_Q8GPI4--8avu__A2_Q8GPI4,0.937278770612104,0.5,True
7xdu__B1_A0A1I1Z0X1--7xdu__A1_A0A1I1Z0X1,0.9879593147188084,0.5,True
1xr4__A1_Q8ZRY1--1xr4__B1_Q8ZRY1,0.9236206961968203,0.5,True
2fuq__A1_C6XZB6--2fuq__B1_C6XZB6,0.9336033513482337,0.5,True
5xrw__A1_O25306--5xrw__C1_O25674,0.808143701329705,0.5,False
5l0o__A1_P46940--5l0o__B1_P46940,0.9929510123546086,0.5,True
8vsy__B1_UNDEFINED--8vsy__A1_UNDEFINED,0.890137717182655,0.5,True
2zcx__A1_Q9FBX0--2zcx__A2_Q9FBX0,0.9676572174303896,0.5,True
5way__A1_Q97P44--5way__B1_Q97P44,0.9435148951698278,0.5,True
7xey__A1_Q9SU72--7xey__B1_Q9S745,0.9209529545645347,0.5,False
4xlo__C1_Q9KHK2--4xlo__A1_Q9KHK2,0.9569666497560703,0.5,True
6kd6__B1_Q9VAA9--6kd6__A1_Q9VAA9,0.8922032643151199,0.5,True
8k72__A1_Q9NWT6--8k72__A2_Q9NWT6,0.9745132997391278,0.5,True
8b5v__A1_Q4E4A3--8b5v__B1_Q4E4A3,0.963580662164484,0.5,True
4yo3__A1_D3GUX1--4yo3__A2_D3GUX1,0.9468485310069469,0.5,True
8p8p__A1_P49773--8p8p__B1_P49773,0.9426412029760033,0.5,True
6hrx__A1_O53623--6hrx__B1_O53623,0.984380080275358,0.5,True
3mdo__A1_A6LDR8--3mdo__B1_A6LDR8,0.981211697653756,0.5,True
8iw0__A1_Q14678--8iw0__B1_Q14678,0.9251803860188116,0.5040983606557377,True
2rb7__A1_Q313A9--2rb7__B1_Q313A9,0.9547724582926334,0.5,True
8h6s__A1_Q76KY5--8h6s__C1_Q76KY0,0.971498020313307,0.5,False
3lsj__A1_Q9HUS3--3lsj__B1_Q9HUS3,0.9356127293153763,0.5,True
7pxq__A1_UNDEFINED--7pxq__A2_UNDEFINED,0.8749086065412223,0.5,True
8g0q__A1_P40460--8g0q__B1_P33895,0.8831057341523495,0.5,False
6ms4__A1_Q9ULC4--6ms4__B1_O43583,0.8654148305163534,0.5,False
7y6b__A1_A0A411GZY8--7y6b__B1_A0A411H025,0.8814995300054421,0.5,False
7zyt__A1_P09622--7zyt__B1_P09622,0.927587451341922,0.5,True
7lle__A1_Q6QVT7--7lle__B1_Q6QVT7,0.9075343565585964,0.5,True
4csw__A1_D0MK34--4csw__B1_D0MK34,0.9727231560703641,0.5,True
7tev__A1_P04181--7tev__A2_P04181,0.9420139679526278,0.5,True
3zta__A1_Q2RIF4--3zta__A2_Q2RIF4,0.9862335724924134,0.5,True
3abi__A1_O59312--3abi__B1_O59312,0.9974731120479262,0.5,True
5ab8__A1_P9WN25--5ab8__A2_P9WN25,0.9378427209901079,0.5,True
1guq__A1_P09148--1guq__B1_P09148,0.9500136891988253,0.5,True
6zdw__B1_A0A162MUP0--6zdw__A1_A0A162MUP0,0.9057215562705632,0.5,True
8csd__A1_Q6U8B0--8csd__A2_Q6U8B0,0.9240137582479293,0.5,True
3na2__A1_UNDEFINED--3na2__B2_UNDEFINED,0.9408874059577471,0.5,True
8bfr__A1_P30177--8bfr__A2_P30177,0.9979663939162142,0.5,True
7yk3__A1_O53604--7yk3__B1_O53605,0.9540051142747823,0.5,False
6xiv__A1_P16114--6xiv__B2_P16114,0.9480610759686319,0.5,True
8ajx__A1_P17117--8ajx__A2_P17117,0.9181817788288003,0.5,True
8ayj__A1_D5EHC5--8ayj__B1_D5EHC5,0.9651813480521089,0.5,True
4tt0__B1_P10220--4tt0__A1_P10220,0.9184898327156165,0.5,True
8a6e__B2_P02699--8a6e__A1_P02699,0.9384816769721631,0.5,True
4jb7__A1_Q9KTQ6--4jb7__A2_Q9KTQ6,0.9036948414334922,0.5,True
6h3f__A1_A0A0H3JT80--6h3f__A2_A0A0H3JT80,0.9880951630718143,0.5,True
6wxw__A1_F2NWD3--6wxw__B1_F2NWD3,0.974117085011879,0.5,True
2zw2__A1_F9VNF4--2zw2__B1_F9VNF4,0.8683104017611448,0.5,True
2wo2__A1_P54764--2wo2__B1_P52799,0.9267354525590082,0.5,False
4u66__A1_A8MI53--4u66__A2_A8MI53,0.9448237948082545,0.5,True
1ord__A1_P43099--1ord__B1_P43099,0.9485814897602622,0.5,True
7zcm__A1_P42196--7zcm__B1_P42259,0.8088812392426851,0.5,False
8aa9__A1_Q9V1Y9--8aa9__B1_Q9V1Y9,0.6616109769439152,0.5,True
4i6y__B1_P13702--4i6y__A1_P13702,0.93235649676727,0.5,True
1vh4__B1_P77689--1vh4__A1_P77689,0.9304217102944475,0.5,True
3ocd__A1_D7A6E5--3ocd__B1_Q7BQR5,0.9476295989264601,0.5,False
8pq7__A1_M1C5B8--8pq7__B1_D0N0Z8,0.8156670846458901,0.5,False
8gic__A1_Q70AZ9--8gic__D1_Q70AZ5,0.7187034436202241,0.5,False
5abr__A1_P82802--5abr__B1_P82802,0.984477864778505,0.5,True
2zmf__A1_Q9Y233--2zmf__B1_Q9Y233,0.9712241264965619,0.5,True
2vzk__B1_P0DJQ5--2vzk__A1_P0DJQ5,0.9472706373276429,0.5021097046413502,True
7wm5__A1_A0A0C2W699--7wm5__A2_A0A0C2W699,0.9776307657636591,0.5,True
1zee__A1_Q8E972--1zee__B1_Q8E972,0.9063129653322712,0.5,True
1f3u__B1_P35269--1f3u__A1_P13984,0.9064944511968812,0.5,False
7tvh__B1_Q9I2Q1--7tvh__A1_Q9I2Q1,0.9862359757315753,0.5,True
5vgm__B1_Q9KL24--5vgm__A1_Q9KL24,0.9915060316293451,0.5,True
2b5l__A1_Q16531--2b5l__C1_P11207,0.958291287779073,0.5,False
4zzh__A1_Q96EB6--4zzh__A2_Q96EB6,0.9135469679489387,0.5,True
8in9__A1_E0D202--8in9__B1_E0D202,0.9780682272737312,0.5,True
6m4v__A1_P0AEX9--6m4v__B1_P62942,0.9375861884463786,0.5,False
7y28__A1_P07814--7y28__B1_P07814,0.971256101689603,0.5,True
2plg__A1_Q8DKM0--2plg__B1_Q8DKM0,0.9030232887156231,0.5,True
7y7u__A1_A0A222F232--7y7u__B1_A0A222F232,0.9649336599059696,0.5,True
3fgc__A1_P07740--3fgc__B1_P07739,0.9575588123501804,0.5,False
1rve__A1_P04390--1rve__B1_P04390,0.9804206576082679,0.5,True
7zy1__A1_Q9F8A8--7zy1__A2_Q9F8A8,0.9677725259982385,0.5,True
3jxo__B1_A0A0F6AN26--3jxo__A1_A0A0F6AN26,0.9591430594900849,0.4995042492917847,True
8dqb__A1_A0A0H3FX83--8dqb__A2_A0A0H3FX83,0.9300360381063804,0.5,True
5l16__A1_Q4Q0M0--5l16__A2_Q4Q0M0,0.9705280527719513,0.5,True
2gz4__A1_Q7D028--2gz4__C1_Q7D028,0.8698008183748206,0.5,True
7xyv__A1_Q9C0D3--7xyv__B1_Q9C0D3,0.9666506027937649,0.5,True
2f9w__A1_Q9HWC1--2f9w__B1_Q9HWC1,0.9508343113683755,0.5,True
2ox1__A1_O30011--2ox1__B1_O30011,0.9868031153511402,0.5,True
2guh__A1_Q0S8Y3--2guh__B1_Q0S8Y3,0.948016632498076,0.5,True
7br1__A1_A0A7I6N400--7br1__B1_A0A7I6N400,0.9603421355195805,0.5,True
2p04__A1_D0VWX5--2p04__B1_D0VWX5,0.9753276489099509,0.5,True
4h5b__A1_Q9RUY5--4h5b__B1_Q9RUY5,0.8596231364106496,0.5,True
4e1o__A1_P19113--4e1o__B1_P19113,0.9346838889658937,0.5,True
7pu4__B1_Q9X053--7pu4__A1_Q9X053,0.9562205759186411,0.5062111801242236,True
3m1u__A1_Q72DN3--3m1u__B1_Q72DN3,0.9253642923489923,0.5,True
7qii__A1_P0C2N2--7qii__B1_P0C2N4,0.8667566250932276,0.5,False
4pww__A1_UNDEFINED--4pww__A2_UNDEFINED,0.822940668202765,0.4999301773495322,True
6ird__A1_Q91UZ1--6ird__B1_Q8NI35,0.6397452366795646,0.5,False
6gg2__A1_Q4WD43--6gg2__A2_Q4WD43,0.941545912241204,0.5,True
6oei__A1_Q8KG60--6oei__A2_Q8KG60,0.9700543680431581,0.5,True
8hyi__A1_P22223--8hyi__B1_P22223,0.9382471165132915,0.5,True
4b8v__A1_B3VBK9--4b8v__A2_B3VBK9,0.9644757309941521,0.5,True
4lqb__A1_D2Q399--4lqb__B1_D2Q399,0.9345429964860924,0.5,True
2vxb__A1_P87074--2vxb__B1_P87074,0.9552885663911108,0.5,True
1t72__A1_O67053--1t72__B1_O67053,0.956817333014125,0.5,True
3soo__A1_Q5T7N2--3soo__A2_Q5T7N2,0.8152006572361563,0.5,True
5z1o__A1_D0VWU8--5z1o__B1_D0VWU8,0.8509267445884977,0.5,True
6h40__A1_K5B7F3--6h40__A2_K5B7F3,0.987406200831385,0.5,True
2etk__A1_Q13464--2etk__B1_Q13464,0.9436989635537354,0.5,True
2p69__A1_Q96GD0--2p69__A2_Q96GD0,0.9895021159762925,0.5,True
4doy__A1_Q6WNP1--4doy__C1_Q6WNP1,0.9667881238189227,0.5,True
6zxw__A1_O29011--6zxw__B1_A0A117KMN5,0.9022931171664307,0.5,False
3lhk__A1_Q60329--3lhk__B1_Q60329,0.9704919330891815,0.5,True
1qpa__A1_P11542--1qpa__B1_P11542,0.9122650284603637,0.5,True
6e52__A1_P03069--6e52__B1_P03069,0.9278531587734286,0.5,True
2ijd__A1_Q1PHW8--2ijd__A2_Q1PHW8,0.9129269593899808,0.5,True
1fwl__A1_Q58504--1fwl__B1_Q58504,0.9915865811528917,0.5,True
5nkk__A1_O62301--5nkk__B1_Q9XWJ1,0.9163196197064485,0.5,False
1ygt__A1_Q94524--1ygt__A2_Q94524,0.8642942225542043,0.5,True
7zq1__B1_Q32ZE1--7zq1__A1_Q32ZE1,0.77876507327651,0.5,True
6p40__A1_M1GSK9--6p40__B1_M1GSK9,0.9607062050666715,0.5,True
2wyn__B1_P13482--2wyn__D1_P13482,0.9464733953856346,0.5,True
7yui__A1_P0CG48--7yui__B1_Q9BYM8,0.8238520933262761,0.5,False
8dml__B1_Q87GI3--8dml__A1_Q87GI4,0.8761344305520117,0.5,False
2oi2__A1_A0A0H2UNK6--2oi2__A2_A0A0H2UNK6,0.9371546945850284,0.5,True
4wud__A1_P0AES6--4wud__A2_P0AES6,0.9563166339649628,0.5,True
5yzj__A1_A8K0B5--5yzj__B1_A8K0B5,0.8934626465394778,0.5,True
8f61__A1_Q28943--8f61__B1_Q28943,0.8958746223867641,0.5,True
7udi__B1_Q9RYE6--7udi__A1_Q9RYE6,0.9354525694625535,0.5,True
5ho3__A1_W6KHH6--5ho3__B1_W6KHH6,0.8809296526465489,0.5,True
1u5i__A1_Q07009--1u5i__B1_Q64537,0.9724060610933741,0.5,False
1cmc__A1_P0A8U6--1cmc__B1_P0A8U6,0.9213209200112847,0.5,True
6oe2__A1_Q8A9F0--6oe2__A2_Q8A9F0,0.9860690077817148,0.5,True
3ent__A1_Q2YAE2--3ent__B1_Q2YAE2,0.9683872376150593,0.5078371480294059,True
2y4g__A1_D3Y1I2--2y4g__B1_D3Y1I2,0.9672048539691174,0.5,True
7ec7__A1_A0A0H2XGN0--7ec7__A2_A0A0H2XGN0,0.978534563779914,0.5,True
2o11__A1_P9WPY1--2o11__A2_P9WPY1,0.8795352497460744,0.5,True
8abq__A1_Q13596--8abq__B1_Q9Y5X3,0.9440711153494408,0.5,False
6shw__A1_Q96724--6shw__A2_Q96724,0.7718466187099765,0.5368259309492335,True
7wn7__B1_Q99H25--7wn7__A1_Q99H25,0.8829856498360803,0.5,True
2sak__A1_P68802--2sak__A2_P68802,0.714551005992663,0.5,True
8h5e__A1_Q5SMG8--8h5e__B1_Q5SMG8,0.8533326066704597,0.5,True
8bgm__B1_A0A5P3XKL3--8bgm__A1_A0A5P3XKM0,0.9163201857534925,0.5,False
8sua__A1_UNDEFINED--8sua__A2_UNDEFINED,0.9898360440376017,0.5,True
2ps8__A1_P13513--2ps8__B1_P13513,0.9699458825385918,0.5,True
6awl__A1_O75208--6awl__B1_O75208,0.9627041738301793,0.5,True
4qds__A1_O60462--4qds__B1_O60462,0.9703005514894314,0.5,True
6qky__B1_Q97P33--6qky__A1_Q97P33,0.866726537321704,0.5,True
7nli__B1_P08405--7nli__A1_P08405,0.9291751369559256,0.5,True
8p3m__A1_W0DP94--8p3m__B1_W0DP94,0.987251095151715,0.5,True
5v7y__A1_A0A4Y1WAP5--5v7y__B1_A0A4Y1WAP5,0.8551590007793876,0.5,True
4aps__A1_Q5M4H8--4aps__B1_Q5M4H8,0.9113047922173085,0.5,True
7ucn__A1_P50120--7ucn__B1_P50120,0.7383257734722171,0.5,True
1ni5__A1_P52097--1ni5__A2_P52097,0.9794485294133461,0.5,True
8d04__B1_UNDEFINED--8d04__A1_UNDEFINED,0.8727318874357239,0.5191857613170733,True
4a5o__B1_Q9I2U6--4a5o__A1_Q9I2U6,0.9711632026738994,0.5,True
8q5k__A1_A0A0H2Z7A6--8q5k__A2_A0A0H2Z7A6,0.9029708806300283,0.5,True
1ww5__A1_Q6WY08--1ww5__D1_Q6WY08,0.9847461084893941,0.5,True
7ww2__A1_A0A4Q9D6T1--7ww2__B1_A0A4Q9D6T1,0.939975379874368,0.5,True
2pfk__A1_P0A796--2pfk__B1_P0A796,0.9176906900624375,0.5,True
1i2m__B1_P18754--1i2m__A1_P62826,0.9028728470922155,0.5,False
8i2e__A1_O34841--8i2e__B1_P54421,0.9562534772449093,0.5,False
3pfl__A1_P09373--3pfl__B1_P09373,0.9797183769935334,0.5,True
6gho__B1_Q5L1S1--6gho__A1_O31602,0.7988188473158262,0.5,False
1glj__A1_P0A6F3--1glj__B1_P0A6F3,0.9915046888288773,0.5,True
4zq8__B1_A0A0M3KL36--4zq8__A1_A0A0M3KL36,0.9445491041943391,0.5,True
5h4h__B1_O58236--5h4h__A1_O58236,0.965581644218217,0.5,True
4iv9__A1_P06617--4iv9__B1_P06617,0.9414467500437013,0.5,True
6sdk__A1_P26497--6sdk__B1_P26497,0.9327309934275403,0.5,True
2fq4__A1_Q81BJ4--2fq4__A2_Q81BJ4,0.9772229570339664,0.5,True
7zeq__B1_Q9WXT1--7zeq__A1_Q9WXT1,0.9446615340009346,0.5,True
5z5h__A1_Q2I2N4--5z5h__A2_Q2I2N4,0.9702118019945001,0.5,True
2fe1__A1_Q8ZZP3--2fe1__A2_Q8ZZP3,0.9735473146621899,0.5,True
7wik__B1_A0R1E6--7wik__A1_A0R1E6,0.9173154268875439,0.5,True
7t8o__B1_Q8Y8Y9--7t8o__A1_Q8Y8Y9,0.9353149797029785,0.5,True
7t91__A1_P08151--7t91__B1_P08151,0.8615298594393104,0.5,True
3lg6__A1_D2YW48--3lg6__B1_D2YW48,0.9720617458178952,0.5,True
2o9a__A1_P16528--2o9a__D1_P16528,0.9815318394470023,0.5,True
1zhq__A1_Q9RHG4--1zhq__B1_Q9RHG4,0.8580335941519128,0.5,True
2e0k__B1_Q8KFD9--2e0k__A1_Q8KFD9,0.9280855097251223,0.5,True
6izb__A1_P13693--6izb__A2_P13693,0.9142602489345698,0.5,True
3a2f__A1_P61875--3a2f__B1_O73947,0.983755182755051,0.5,False
3isx__A1_Q9X0E0--3isx__A2_Q9X0E0,0.9289340192802694,0.5,True
2vkj__A1_Q9X1W9--2vkj__B1_Q9X1W9,0.9048348610613481,0.5,True
5csr__D1_Q9HLB6--5csr__A1_Q9HLB6,0.9846098507206675,0.5,True
1iq8__A1_O58843--1iq8__B1_O58843,0.8804989111121966,0.5,True
3tbm__A1_Q8XVB9--3tbm__B1_Q8XVB9,0.9098963176639528,0.5,True
7tur__B1_P00503--7tur__A1_P00503,0.9359104572365238,0.5,True
3vol__A1_Q9I6V6--3vol__A2_Q9I6V6,0.8736372476002385,0.5,True
3jqz__A1_P02768--3jqz__B1_P02768,0.9009791299704506,0.5,True
1vkd__A1_Q9X0V2--1vkd__B1_Q9X0V2,0.9139560874711083,0.5,True
8b31__B1_A0A2W4LV58--8b31__A1_A0A2W4LV58,0.9528588030368113,0.5,True
7bzk__A1_Q9SJ89--7bzk__B1_Q6NPF9,0.9580370761468966,0.5,False
3cgh__A1_Q8A0N7--3cgh__A2_Q8A0N7,0.9734420373880778,0.5,True
5vlb__A1_G7IKX3--5vlb__B1_G7IKX3,0.8545365855336742,0.5,True
2oer__B1_Q9I3U1--2oer__A1_Q9I3U1,0.9897058383457522,0.5,True
2ylz__A1_Q47PU3--2ylz__A2_Q47PU3,0.9263859569932243,0.5,True
8bjp__B1_A0A1W6VSR4--8bjp__A1_A0A1W6VSR4,0.8896559958486217,0.5,True
6kcx__A1_Q9WZL1--6kcx__A2_Q9WZL1,0.9780934832949769,0.5,True
4q69__A1_Q8A5I0--4q69__B1_Q8A5I0,0.9675347517503436,0.5,True
7xmj__C1_A9QSE8--7xmj__A1_A9QSE8,0.9538057132243651,0.5,True
1pix__A1_Q06700--1pix__B1_Q06700,0.9384805667473365,0.5,True
3l8i__B1_Q9BUL8--3l8i__A1_Q9BUL8,0.9586403245032015,0.49998740141608083,True
6l2u__A1_Q27RN2--6l2u__B1_Q27RN2,0.9311437758383095,0.5,True
6sl2__A1_C4LWU6--6sl2__A2_C4LWU6,0.916419813250658,0.5,True
1u6z__B1_P0AFL6--1u6z__A1_P0AFL6,0.9540851984837477,0.5,True
3pm9__A1_Q6NAV4--3pm9__B1_Q6NAV4,0.9150259970428554,0.5,True
3a5y__B1_P0A8N7--3a5y__A1_P0A8N7,0.9236262317122573,0.5,True
7xgn__A1_UNDEFINED--7xgn__B1_UNDEFINED,0.9398638279135499,0.5,True
6bn1__B1_Q9VCR6--6bn1__A1_Q8T0S6,0.6549488746014991,0.5,False
8ji6__A1_A0A861B387--8ji6__B1_A0A861B387,0.9543335665514369,0.5,True
2pjs__A1_A9CIG0--2pjs__B1_A9CIG0,0.9408057468424791,0.5,True
8ke8__A1_Q9HXS0--8ke8__B1_Q9HXS0,0.9453267625023692,0.5,True
3h7l__A1_Q87LX4--3h7l__A2_Q87LX4,0.9599300709475703,0.5,True
7zs8__A1_A0A1D3HIT0--7zs8__B1_A0A1D3HIT0,0.9596364770279047,0.5,True
2vc4__A1_P02879--2vc4__A2_P02879,0.8831915653715361,0.5,True
1xe8__B1_Q03629--1xe8__A1_Q03629,0.9765002836074873,0.5,True
7tn6__A1_Q84Y01--7tn6__A2_Q84Y01,0.959699679144385,0.5,True
7yo6__A1_G8GLP2--7yo6__A2_G8GLP2,0.9560990987419461,0.5,True
8k76__A1_Q8R6D8--8k76__B1_Q8R6D8,0.988458080986143,0.5,True
1vgx__B1_Q9RRU8--1vgx__A1_Q9RRU8,0.9233670237376265,0.5,True
3cet__B1_Q6M145--3cet__A1_Q6M145,0.9454112993726926,0.5,True
4zlh__B1_P0AB60--4zlh__A1_P0AB60,0.9786980838498129,0.5,True
2y84__A1_Q7WT50--2y84__E1_Q7WT50,0.9576155276268467,0.5,True
4me9__A1_Q736B0--4me9__B1_Q736B0,0.935839590960073,0.5,True
2z51__A1_Q93W20--2z51__A2_Q93W20,0.8419787031611033,0.5,True
8ajq__A1_Q9I0C0--8ajq__B1_Q9I0C0,0.8719536186224983,0.5,True
3gdm__A1_P03962--3gdm__B1_P03962,0.9776971678453856,0.5,True
5khn__A1_UNDEFINED--5khn__B1_UNDEFINED,0.9655398175326543,0.5,True
7yfj__A2_Q15007--7yfj__B1_Q15007,0.8819515728627485,0.5,True
2rkl__F1_Q06263--2rkl__E1_Q06263,0.9486795165093306,0.5,True
8cwp__A1_Q06282--8cwp__A2_Q06282,0.9731071277539862,0.5,True
4neh__A1_P20702--4neh__B1_P05107,0.8977824547124396,0.5,False
2prv__A1_O34596--2prv__B1_O34596,0.9655045406240942,0.5,True
6kvn__A1_A0A1S4CVP6--6kvn__A2_A0A1S4CVP6,0.9712154310255153,0.5,True
5tgq__A1_A0A1S4NYF7--5tgq__A2_A0A1S4NYF7,0.9876065681890924,0.5,True
6b3i__A1_P27216--6b3i__B1_P27216,0.965314374806251,0.5,True
1rqn__A1_O31156--1rqn__B1_O31156,0.9969977770617604,0.5,True
7tcr__A1_A0A2D2D5M1--7tcr__D1_A0A2D2CY73,0.9566325198797709,0.5,False
5l7z__A1_P28750--5l7z__A2_P28750,0.9370862717262994,0.5,True
7ljh__A1_Q769D3--7ljh__B2_Q769D3,0.9813288197611515,0.5,True
5frk__A1_D4I047--5frk__B1_D4I047,0.8500822927638493,0.5,True
7xmw__B1_U2Q5N5--7xmw__A1_U2Q5N5,0.8275584992941034,0.5,True
7w2o__A1_Q9HZP1--7w2o__B1_Q9HZP1,0.9903093082793498,0.5,True
7uay__A1_P08684--7uay__A2_P08684,0.9982805046959207,0.5,True
5czf__D1_A0A0H3JHG3--5czf__A1_Q8XAD5,0.7434347611273415,0.5,False
8p4l__A1_UNDEFINED--8p4l__B1_UNDEFINED,0.9739927065138229,0.5,True
2p6p__A1_Q9RPA7--2p6p__B1_Q9RPA7,0.9039367547986212,0.5,True
4u64__A1_Q5ZXA3--4u64__A2_Q5ZXA3,0.9551033386327504,0.5,True
7qbm__A1_P43235--7qbm__B1_P43235,0.852325840664033,0.5,True
3nvm__A1_Q8U4M1--3nvm__B1_Q8U4M2,0.8870234922578732,0.5,False
7q86__A1_UNDEFINED--7q86__B1_UNDEFINED,0.9394779236025002,0.5,True
3wws__A1_Q13188--3wws__D1_Q13188,0.7698311444652908,0.5,True
4c87__A1_F9UMG7--4c87__B1_F9UMG7,0.9225251727107266,0.5,True
2d7e__A1_P17888--2d7e__B1_P17888,0.9225891935413469,0.5,True
7xro__A1_Q9RQ20--7xro__B1_Q9RQ20,0.923471456659853,0.5,True
5yrj__A1_B6F0T7--5yrj__B1_A0A2Z5V8U8,0.9350540486437793,0.5,False
6yev__C1_P0A744--6yev__A1_P0AA25,0.8172899274845089,0.5,False
8glr__A1_Q8ZJX7--8glr__A2_Q8ZJX7,0.9413011731889409,0.5,True
5fwt__A1_Q96MU8--5fwt__A2_Q96MU8,0.9147761691842173,0.5,True
4e6s__A1_Q3URR7--4e6s__A2_Q3URR7,0.9022844792171892,0.5,True
8enb__B1_A7DT38--8enb__A1_A0T3A2,0.8114604418794952,0.5,False
8h4p__A1_I1S104--8h4p__B1_I1S104,0.9425148834765729,0.5,True
4cu5__A1_B6SBV8--4cu5__F1_B6SBV8,0.9907691519043889,0.5,True
7yo8__A1_P60520--7yo8__A2_P60520,0.785690683842624,0.5,True
8elf__B1_Q6DYE4--8elf__A1_Q6DYE4,0.8987341987909896,0.5,True
1ax2__A1_P16404--1ax2__A2_P16404,0.9475023792590455,0.5,True
8i33__C1_A0A6Q8PFJ0--8i33__A1_A0A6Q8PFJ0,0.911875121100562,0.5,True
3q9l__A1_P0AEZ3--3q9l__B1_P0AEZ3,0.9352947420343788,0.5,True
8ak1__A1_UNDEFINED--8ak1__B1_O25273,0.9345151781114652,0.5,False
2yk4__A1_P72097--2yk4__A2_P72097,0.9320960250758835,0.5,True
7u5f__C1_Q9HTM2--7u5f__A1_Q9HTM2,0.974127609150618,0.5,True
5xt3__B1_A0A0U1MUE2--5xt3__A1_A0A0U1MUE2,0.9635328965236285,0.5,True
5iws__A1_Q63GK8--5iws__A2_Q63GK8,0.9293585600188441,0.5,True
2owl__A1_P36767--2owl__B1_P36767,0.8226843841200695,0.5,True
8bca__A1_O75643--8bca__B1_Q6P2Q9,0.73891324297614,0.5,False
4ml7__A1_P61626--4ml7__B1_UNDEFINED,0.8498029792274052,0.5,False
3mcb__B1_P20290--3mcb__A1_Q13765,0.8454217262881524,0.5058823529411764,False
8gy8__A1_Q8TZT0--8gy8__B1_Q8TZT0,0.9554092239459782,0.5,True
8dkd__A1_G7CIP4--8dkd__A2_G7CIP4,0.9339358786302717,0.5,True
7dus__A1_P08965--7dus__A2_P08965,0.9096290226460071,0.5,True
8gb1__A1_Q9Y3Z3--8gb1__B1_Q9Y3Z3,0.960616143626075,0.5,True
7cov__A1_Q06801--7cov__A2_Q06801,0.9437607770013395,0.5,True
6ign__A1_Q61768--6ign__A2_Q61768,0.8008290120348209,0.5,True
1fzr__A1_P00641--1fzr__B1_P00641,0.946018653887806,0.5,True
3be5__A1_Q8XBR1--3be5__B1_Q8XBR1,0.909648842861615,0.5,True
2ecs__A1_P03040--2ecs__B1_P03040,0.8748240427927927,0.5,True
4hn3__B1_Q8Y6D1--4hn3__A1_Q8Y6D1,0.9342904738591549,0.5,True
4o8y__A1_Q08723--4o8y__B1_P43588,0.9365354536213581,0.5,False
7uoi__A1_A0A1S8KJG1--7uoi__A2_A0A1S8KJG1,0.9734252304249644,0.5,True
7vma__A1_C5A758--7vma__A2_C5A758,0.9807404066002116,0.5,True
7d9m__A1_A0A4D6NYT7--7d9m__B2_A0A4D6NYT7,0.946685369120732,0.5,True
2py8__C1_Q55670--2py8__B1_Q55670,0.8736442714423275,0.5,True
7ytl__A1_E1BR24--7ytl__A2_E1BR24,0.9902401564805741,0.5,True
7vxt__A1_Q63W52--7vxt__B1_Q63W52,0.8934737775050706,0.5,True
5cv3__A1_E3M3V1--5cv3__A2_E3M3V1,0.9309852090636935,0.5,True
8c9v__A1_Q1JXV1--8c9v__A2_Q1JXV1,0.9831159159909804,0.5,True
3tsn__A1_Q9PN58--3tsn__B1_Q9PN58,0.9176270068090955,0.5,True
8j51__A1_A0A0E9MUN5--8j51__B1_A0A0E9MUN5,0.9608850884434668,0.5,True
6cz9__A1_Q7WTU0--6cz9__B1_Q7WTT9,0.9342506259768568,0.5,False
8pzo__A1_F9UT68--8pzo__A2_F9UT68,0.9679735691817476,0.5,True
3tqg__B1_Q83DG4--3tqg__A1_Q83DG4,0.9256958581276586,0.5,True
7czg__C1_Q8TDY2--7czg__A1_Q8TDY2,0.935467784642542,0.5,True
7eev__B1_A0A3D9R4E8--7eev__A1_A0A3D9R4E8,0.9111626316925212,0.5,True
8ori__A1_Q2KB35--8ori__B1_Q2KB35,0.920351060076191,0.5,True
7o6z__A1_A0A7R8L7W4--7o6z__B1_A0A7R8L7W4,0.9535821833521544,0.5,True
8pmr__A1_Q4WL81--8pmr__B1_Q4WL81,0.7612183958348734,0.5,True
7u34__A1_Q4X1J1--7u34__A2_Q4X1J1,0.9459523033260795,0.5,True
3fmy__A1_Q46864--3fmy__A2_Q46864,0.9595539953530658,0.5,True
7f0o__B1_A0A2I1C3W8--7f0o__A1_A0A2I1C3W8,0.9662968021379096,0.5,True
3ojm__B1_P21802--3ojm__A1_P05230,0.811225870625782,0.5,False
6xgz__A1_P63386--6xgz__B1_P64602,0.9175208346748308,0.5,False
7x2y__A1_A0A076PYH9--7x2y__B1_A0A076PYH9,0.9700213800909672,0.5,True
8i34__A1_A0AA52HX42--8i34__B1_A0AA52HX50,0.9484220327868853,0.5,False
5i4h__B1_P07711--5i4h__A1_P07711,0.87628146176772,0.5,True
4e6h__A1_Q6CII8--4e6h__A2_Q6CII8,0.9650449243647161,0.5,True
6x7p__A1_Q8GGP1--6x7p__A2_Q8GGP1,0.9798651853207071,0.5,True
3exq__A1_Q03S37--3exq__A2_Q03S37,0.8511808873371719,0.5,True
2qvc__A1_Q9WXW9--2qvc__B2_Q9WXW9,0.9900020419494036,0.5,True
6yoa__A1_O82015--6yoa__B1_O82015,0.9409052374170768,0.5,True
7qnm__A1_G0L7V6--7qnm__B1_G0L7V6,0.9835897806570845,0.5,True
3p8v__A1_Q9V228--3p8v__B1_Q9V228,0.9693449097826295,0.5,True
4re1__A1_P28347--4re1__D1_P46937,0.8651163253230705,0.5,False
8iw5__A1_Q8C8U0--8iw5__B1_Q8C8U0,0.827556138119491,0.5280898876404494,True
7sq2__B1_Q01970--7sq2__A1_P21279,0.9464972335467249,0.5,False
4lqx__B1_Q97VD2--4lqx__A1_Q97VD2,0.9865315655741018,0.5,True
3owf__A1_P00644--3owf__A2_P00644,0.9178508360465758,0.5,True
2dpl__A1_O59072--2dpl__B1_O59072,0.9668690211743135,0.5,True
4ap5__A1_Q9Y2G5--4ap5__B1_Q9Y2G5,0.9560824791976634,0.5,True
8evy__A1_Q9LCT6--8evy__A2_Q9LCT6,0.9942072083114879,0.5,True
5npo__A1_P62593--5npo__B1_D3INY1,0.8917978895411082,0.5,False
5uhs__A1_B0SR19--5uhs__B1_B0SR19,0.8409330463997893,0.5,True
5t3v__B1_Q9Y2C4--5t3v__A1_Q9Y2C4,0.915522552400083,0.5,True
8f2l__A1_P9WJY9--8f2l__B1_P9WJY9,0.9579513441899299,0.5,True
8h1l__B1_A0A7U4E834--8h1l__A1_A0A7U4E834,0.8906844943842188,0.5,True
1nye__A1_P0C0L2--1nye__B1_P0C0L2,0.8346532440762837,0.5,True
2ou6__A1_Q9RVG4--2ou6__A2_Q9RVG4,0.9419250840969127,0.5,True
3k1i__D1_O25709--3k1i__A1_O25448,0.6763221456100028,0.5,False
1vbi__A1_Q53W84--1vbi__A2_Q53W84,0.9441804096211859,0.5,True
2oqb__A1_Q4AE70--2oqb__B1_Q4AE70,0.8989489096779572,0.5,True
8ajy__A1_A0AEF6--8ajy__B1_UNDEFINED,0.9248845744051141,0.5,False
6saz__B1_Q9UGM5--6saz__A1_P07584,0.9178441990004698,0.5,False
8gzy__A1_P0A9A6--8gzy__B1_UNDEFINED,0.8963906677104321,0.5,False
6l9x__A1_F6VRB7--6l9x__A2_F6VRB7,0.79600893060852,0.5,True
3ica__B1_Q7MXR4--3ica__A1_Q7MXR4,0.9041228369041987,0.5,True
6o15__A1_P39353--6o15__B1_P39353,0.9346874472001745,0.5,True
2ohc__A1_Q9HIY5--2ohc__B1_Q9HIY5,0.9552112474097421,0.5,True
8qfo__A1_A0A840P3H4--8qfo__B1_A0A840P3H4,0.9046662154158558,0.5,True
5zmy__A1_F1LJ99--5zmy__B1_F1LJ99,0.9283409468616022,0.5,True
6tx3__B1_Q9NWY4--6tx3__A1_Q9UGN5,0.9596425598205556,0.5,False
4tx5__A1_Q9NR28--4tx5__B1_Q9NR28,0.920680559033508,0.5,True
7wnk__B1_A0A1E5TT85--7wnk__A1_A0A1E5TT85,0.9859433628318583,0.5,True
2fn0__B1_Q9X9I8--2fn0__A1_Q9X9I8,0.997383322576579,0.5,True
5x89__A1_Q8TGZ7--5x89__A2_Q8TGZ7,0.9329408811500501,0.5,True
2j0t__A1_P03956--2j0t__D1_P01033,0.9329789666605459,0.5,False
2i9i__A1_O25234--2i9i__A2_O25234,0.9197162388207516,0.5,True
3rtr__G1_Q13616--3rtr__H1_P62877,0.9490983351959883,0.5,False
8bjd__A1_UNDEFINED--8bjd__A2_UNDEFINED,0.9769310976504744,0.5,True
7lq2__A1_A0A023X3Z4--7lq2__B1_A0A023X3Z4,0.8761159934060828,0.5,True
6aht__A1_A1BZ87--6aht__B1_A1BYM8,0.9452907784617226,0.5,False
8tto__A1_UNDEFINED--8tto__B1_UNDEFINED,0.8621815394327457,0.5,True
8czp__A1_A0A0D5ZBI4--8czp__B1_A0A0D5ZBI4,0.9425859105912274,0.5,True
4ro3__A1_M1RHE3--4ro3__B1_M1RHE3,0.944880128816794,0.5,True
1c0n__A1_P77444--1c0n__A2_P77444,0.8870755305246039,0.5,True
7tq0__A1_P00459--7tq0__A2_P00459,0.9648028172998744,0.5,True
1o4w__A1_O29664--1o4w__A2_O29664,0.9891769657388026,0.5,True
4jzp__A1_P51572--4jzp__B1_P51572,0.9239997221450403,0.5,True
2or2__A1_P08954--2or2__B1_P08954,0.9895611528907933,0.5,True
5xdf__B1_Q5SL04--5xdf__A1_Q5SL04,0.9503459151569497,0.5,True
6kr4__A1_P10586--6kr4__E1_P60469,0.9471050427526732,0.5,False
1itv__A1_P14780--1itv__B1_P14780,0.9253950856219993,0.5,True
8e51__A1_A0A5N5MKD0--8e51__B1_UNDEFINED,0.7379505513213378,0.5,False
2qgi__A1_P05449--2qgi__B1_P05449,0.9240071123109596,0.5,True
1a19__A1_P11540--1a19__B1_P11540,0.881213405186008,0.5,True
8a9x__A1_P15752--8a9x__C1_P15752,0.9575000656731877,0.5,True
3onm__A1_UNDEFINED--3onm__B1_UNDEFINED,0.8693322572185829,0.5,True
7wrs__A1_Q5ZJ86--7wrs__B1_UNDEFINED,0.9033956068215685,0.5,False
8e9e__B1_Q02293--8e9e__A1_Q04631,0.8961331908789352,0.5,False
2h4c__A1_Q7T2R1--2h4c__B1_Q7T3T5,0.8644646100889171,0.5,False
2bdt__A1_Q9K6P2--2bdt__A2_Q9K6P2,0.9558762414468626,0.5,True
5vbn__A1_P56282--5vbn__B1_Q07864,0.9382258616671443,0.5,False
8gt0__A1_Q8I6U4--8gt0__B1_P01040,0.956298607934122,0.5,False
5lrr__A1_P22262--5lrr__B1_P22262,0.9787915366879154,0.5,True
4y7i__A1_Q96EF0--4y7i__B1_Q96EF0,0.9846648761654403,0.5,True
1who__A1_P43214--1who__A2_P43214,0.926947608296229,0.5,True
4g10__A1_Q9WXJ9--4g10__A2_Q9WXJ9,0.9564927573588689,0.5,True
8q4k__A1_O51180--8q4k__B1_O51180,0.8895348583361775,0.5,True
6hp3__A1_O31927--6hp3__B1_O31927,0.9042242119270041,0.5,True
8hs0__A1_Q9LIR4--8hs0__A2_Q9LIR4,0.9515299443847997,0.5,True
6gz1__A1_P10151--6gz1__A2_P10151,0.9530328860611498,0.5,True
8pbu__A1_P27708--8pbu__A2_P27708,0.9238484999703379,0.5,True
7zjc__A1_P0DV83--7zjc__A2_P0DV83,0.9386875976057917,0.5,True
6ecu__B1_Q8RJY3--6ecu__A1_Q8RJY3,0.9382608701776926,0.5,True
4x2d__A1_UNDEFINED--4x2d__C2_UNDEFINED,0.9836428323696006,0.5,True
7p0h__A1_O26008--7p0h__C1_O26008,0.9714006912413019,0.5,True
5b3g__B1_Q9SZF7--5b3g__A1_Q9M384,0.9514792967141231,0.5,False
7vzy__B1_Q84G19--7vzy__A1_Q84G19,0.9695952629628205,0.5,True
2q3t__A1_Q9LUJ3--2q3t__A2_Q9LUJ3,0.8609199708666041,0.5,True
8j3t__A1_A0A0G2TMR2--8j3t__B1_A0A0G2TMR2,0.9858877249796025,0.5,True
7pt0__A1_Q9KYU4--7pt0__B1_Q9KYU4,0.963349697322121,0.5,True
6m09__B1_Q8LDU1--6m09__A1_Q8LDU1,0.9660718196145162,0.5,True
7uxs__B1_J8G6Z1--7uxs__A1_J8G6Z1,0.9202764510638602,0.5,True
2q03__A1_Q12ML0--2q03__B1_Q12ML0,0.9182438567618183,0.5,True
6kcp__B1_Q9VAA9--6kcp__A1_Q9VAA9,0.8938010087740197,0.5,True
3zn4__A1_C8CHL4--3zn4__A2_C8CHL4,0.9361584557431869,0.5,True
6sj4__B1_A0A022MQ12--6sj4__A1_A0A022MQ12,0.928687641779339,0.5,True
5cyy__A1_P9WG63--5cyy__B1_P9WG63,0.9325627746115739,0.5,True
3tj3__A1_P52294--3tj3__B1_Q9UKX7,0.795418984056359,0.5,False
3i32__A1_Q72GF3--3i32__A2_Q72GF3,0.9857909452434757,0.5,True
1jk9__B1_P40202--1jk9__A1_P00445,0.9500294357551321,0.5,False
4z3u__B1_G3G955--4z3u__A1_G3G8X8,0.9178622240130078,0.5,False
4e4w__A1_P38920--4e4w__B1_P14242,0.9509993780112903,0.5,False
5yw5__A1_Q5NII9--5yw5__D1_Q5NII9,0.9204083008630128,0.5,True
3ab8__A1_Q5SLE3--3ab8__B1_Q5SLE3,0.8444729141220136,0.5,True
3mxt__A1_Q9PIK2--3mxt__A2_Q9PIK2,0.946684550227322,0.5,True
1wr8__B1_O50129--1wr8__A1_O50129,0.9852679811504889,0.5,True
7war__B1_A0A1B6PFV1--7war__A1_A0A1B6PFV1,0.9350248911029335,0.5,True
7fn1__B1_P32357--7fn1__A1_P33334,0.9709123522791221,0.5,False
7xl7__A1_A0A2J0R8J6--7xl7__B1_A0A2J0R8J6,0.8254991577487119,0.5,True
8vc5__A1_Q9XCL6--8vc5__B1_Q9XCL6,0.9797722200506558,0.5,True
5jfz__A1_P20605--5jfz__B1_P0ADX5,0.8631830887910452,0.5,False
1gkh__A1_P69543--1gkh__A2_P69543,0.946501272264631,0.5,True
5g37__B1_P10565--5g37__A1_P06575,0.8514377641791354,0.5,False
2gjx__A1_P06865--2gjx__B1_P07686,0.9353813469571037,0.5,False
3aqb__B1_O66129--3aqb__A1_O66127,0.915405693126591,0.5,False
8q1a__A1_Q16790--8q1a__C2_Q16790,0.9128528344679515,0.5,True
8ezt__D2_UNDEFINED--8ezt__A1_UNDEFINED,0.9208364043995838,0.5110250290911935,True
5ez1__B1_P56112--5ez1__A1_P56112,0.9473063211927653,0.5,True
3lwd__A1_Q1QTX1--3lwd__A2_Q1QTX1,0.9910634705509691,0.5,True
4wic__A1_Q2FAE9--4wic__B1_Q2FAE9,0.8424955959661151,0.5,True
8dye__A1_P31040--8dye__B1_Q5VUM1,0.847706764042366,0.5,False
6xnr__A1_UNDEFINED--6xnr__A2_UNDEFINED,0.9311792913932284,0.5,True
2ch6__A1_Q9UJ70--2ch6__D1_Q9UJ70,0.9661337598785229,0.5,True
3gpn__A1_P15873--3gpn__A2_P15873,0.9819957626577837,0.5,True
5y69__A1_A8ATW7--5y69__B1_A8ATW7,0.8415674309664695,0.5,True
7th0__A1_P31667--7th0__A2_P31667,0.8452699606935301,0.5,True
2qh0__A1_Q97H22--2qh0__A2_Q97H22,0.9054077638561023,0.5,True
7uln__A1_P09514--7uln__B1_P09514,0.8849387834304638,0.5,True
5ubb__A1_Q5VVY1--5ubb__A2_Q5VVY1,0.9908012315085979,0.5,True
5kvs__B1_O54512--5kvs__A1_O54512,0.9556835793902271,0.5,True
3frs__A1_P53990--3frs__A2_P53990,0.8642352360379232,0.5,True
3obv__A1_O08808--3obv__C1_O08808,0.9655287441472613,0.5023696682464455,True
4wkz__A1_A0AEF5--4wkz__B1_W5IDC3,0.9401984785613258,0.5,False
3kt0__A1_Q12109--3kt0__A2_Q12109,0.9859361367931363,0.5,True
5i90__A1_G3XCY5--5i90__B1_G3XCY5,0.9188586665161819,0.5,True
3bat__B1_P24733--3bat__A1_P24733,0.901597943269463,0.5,True
2ps1__A1_P13298--2ps1__B1_P13298,0.9478586008588864,0.5,True
1fcd__A1_Q06530--1fcd__B1_Q06529,0.9776087557940452,0.5,False
8hy8__A1_A0A085BE66--8hy8__A2_A0A085BE66,0.9557797875711008,0.5,True
8har__A1_Q2L6E4--8har__B1_Q2L6E4,0.9826010726441202,0.5,True
8a60__A1_P06971--8a60__B1_Q38162,0.8847382044404404,0.5,False
4je4__A1_Q06124--4je4__B1_P02751,0.8188465766429741,0.5,False
2a6c__A1_Q82UW4--2a6c__A2_Q82UW4,0.8851883021922989,0.5162958435599018,True
5k9l__B1_A8MW95--5k9l__A1_A8MW95,0.8917701732150402,0.5,True
5mzg__A1_P53368--5mzg__B1_P53368,0.8712708240567762,0.5,True
6lfn__A1_UNDEFINED--6lfn__B1_UNDEFINED,0.7661144694848581,0.5,True
7ucc__B1_P17535--7ucc__A1_P53539,0.867646630130597,0.5,False
8d0x__A1_Q9Y231--8d0x__A2_Q9Y231,0.860280918133897,0.5,True
6ano__B1_Q9UKL3--6ano__A1_Q9UKL3,0.922635563564938,0.5,True
6et2__A1_Q9I4X1--6et2__B1_Q9I4X2,0.9513198699364381,0.5,False
6d0a__A1_Q8N5Z0--6d0a__A2_Q8N5Z0,0.9539627491261005,0.5,True
2xga__B1_P35530--2xga__A1_P35530,0.9722899185587364,0.5,True
2i3o__A1_Q9HJH4--2i3o__B1_Q9HJH4,0.9172539509093984,0.5,True
1ijx__A1_P97401--1ijx__C1_P97401,0.915587117552335,0.5,True
6h2u__A1_Q9NRN9--6h2u__B1_Q9UI30,0.8610963611117453,0.5,False
8h2v__A1_Q93HT8--8h2v__B1_Q93HT8,0.9655982963820609,0.5,True
1wat__B1_P02941--1wat__A1_P02941,0.9559510411170402,0.5,True
2nyh__A1_Q13JM0--2nyh__B1_Q13JM0,0.846296019729486,0.5,True
7y9b__A1_A3EXD6--7y9b__B1_A3EXD6,0.8822807671098668,0.5,True
7yuj__B1_Q9BYM8--7yuj__A1_Q9BYM8,0.6978454226198808,0.5,True
8c5k__A1_P87252--8c5k__A2_P87252,0.8319407611748229,0.5,True
2spc__A1_P13395--2spc__B1_P13395,0.8481276412363411,0.5,True
6q2e__A1_A5UMY5--6q2e__B1_A5UMY5,0.8863654801622451,0.5,True
4p8i__A1_P40746--4p8i__B1_P40746,0.9162816434044883,0.5,True
8gp6__B1_P16710--8gp6__A1_P07611,0.8576118019590004,0.5,False
8a82__A1_K7WEY7--8a82__B1_K7XCU4,0.9357810875868484,0.5,False
3a4l__B1_Q58933--3a4l__A1_Q58933,0.985568991635074,0.5,True
1z52__A1_P09167--1z52__B1_P09167,0.8684009861932939,0.5,True
6c0g__A1_A0A3F2YLX1--6c0g__B2_A0A3F2YLX1,0.8438988560883445,0.4999608426658313,True
8owi__A1_Q02224--8owi__B1_Q02224,0.8280023028209557,0.5,True
1k3r__B1_O26109--1k3r__A1_O26109,0.9764492580837171,0.5,True
7fga__A1_Q8DIJ4--7fga__B2_Q8DIJ4,0.958427689546572,0.5,True
5akq__A1_O52063--5akq__B1_O52063,0.9720100746608423,0.5,True
7y86__B1_A0A0K2E3A3--7y86__A1_A0A0K2E3A3,0.9472914032998256,0.5066815574786698,True
8d1u__A1_P0A6R0--8d1u__A2_P0A6R0,0.9715474161294726,0.5028248587570622,True
1vqw__A1_Q9HFE4--1vqw__B1_Q9HFE4,0.9309826537473582,0.5,True
7rzb__A1_A0A229LVN5--7rzb__A2_A0A229LVN5,0.9531746867431821,0.5,True
6qta__A1_G0SHE6--6qta__B1_G0SC29,0.8633733351297251,0.5,False
7toc__A1_A0A2H0ZMH9--7toc__B1_A0A2H0ZMH9,0.9112469761997152,0.5,True
7ula__B1_Q88ND0--7ula__A1_Q88NC7,0.9848211454935109,0.5,False
8bes__A1_A0A856TAI5--8bes__B1_A0A856TAI5,0.9288666086441881,0.5,True
7ztw__A1_Q66578--7ztw__B1_Q66578,0.9554947304443985,0.5,True
7wjt__B1_Q8BZB3--7wjt__A1_Q8BZB3,0.7950967801918752,0.5,True
6j9n__A1_X5EPV9--6j9n__B1_A0A425B395,0.782824798449896,0.5,False
1kll__A1_O05205--1kll__A2_O05205,0.963705782767531,0.49996770025839793,True
8uel__A1_UNDEFINED--8uel__B1_UNDEFINED,0.967837984063336,0.5,True
7xky__A1_Q58690--7xky__B1_Q58034,0.9341327031354926,0.5,False
4p04__A1_A0A0D6H805--4p04__B1_A0A0D6H805,0.8522910432093156,0.5,True
1txz__A1_Q04299--1txz__A2_Q04299,0.9810355041973173,0.5,True
4af5__A1_Q8NQ97--4af5__A2_Q8NQ97,0.8925025765833163,0.5,True
8af9__A1_Q2YPZ9--8af9__H1_Q2YPZ9,0.96640317056885,0.5,True
8gm9__D1_P9WPD3--8gm9__A1_P9WPD3,0.9443488146861105,0.5,True
7wsx__A1_D9PYV4--7wsx__B1_D9PYV4,0.9911427704067535,0.5,True
4g86__A1_Q79PF6--4g86__B1_Q79PF6,0.8799791680161231,0.5,True
3bq3__A1_Q12395--3bq3__A2_Q12395,0.8571450743564759,0.5,True
7eva__A1_P31490--7eva__A2_P31490,0.9259688790023786,0.5,True
8r7d__B1_G5EI71--8r7d__A1_Q8LJL3,0.7530532356991864,0.5,False
7pwy__A1_Q8TDX5--7pwy__B1_Q8TDX5,0.988476976282811,0.5,True
3ut4__A1_A3DJ21--3ut4__B1_A3DJ21,0.9682321488826019,0.5,True
8eei__B1_A0A807MR40--8eei__A1_A0A807MR40,0.9889605206163186,0.5,True
8bp5__B1_A0A369SI82--8bp5__A1_A0A369SI82,0.9512610031477956,0.5,True
3l34__B1_Q9HT87--3l34__A1_Q9HT87,0.9266737612349063,0.5313983708006019,True
8god__A1_Q9UM07--8god__A2_Q9UM07,0.9494829401954714,0.5,True
1h9g__A1_P0A8V6--1h9g__A2_P0A8V6,0.9790166558073045,0.5,True
7qg6__D1_Q9HAU5--7qg6__C1_Q9H1J1,0.8198940112410741,0.5,False
8sz3__B2_Q9NY97--8sz3__A1_Q9NY97,0.9241994166982271,0.5,True
5a10__A1_G1FNI6--5a10__A2_G1FNI6,0.9341518060446086,0.5,True
7qoc__A1_Q8NQV9--7qoc__B1_Q8NQV9,0.9772889141279131,0.5,True
8a90__B1_A0A7S9SWM2--8a90__A1_A0A7S9SWM2,0.9510002619401783,0.5,True
3iaa__A1_Q8KNE0--3iaa__B1_Q8KNE0,0.9275141120727006,0.5,True
3n50__B1_Q9H4W6--3n50__A1_Q9H4W6,0.9305017812731061,0.5,True
2qg3__A1_O28220--2qg3__A2_O28220,0.8828428885506512,0.5,True
7ysk__A1_Q6D6Z8--7ysk__B1_Q6D6Z8,0.9662576239701666,0.5,True
7spz__A1_A8B3G9--7spz__A2_A8B3G9,0.972505460199631,0.5,True
4q2e__B1_Q9X1B7--4q2e__A1_Q9X1B7,0.8519479872259376,0.5,True
8cff__A1_Q7SIF4--8cff__B1_Q7SIF3,0.9350516005318337,0.5,False
8bxl__A1_A0A075TRK9--8bxl__D1_A0A075TRK9,0.981868191955891,0.5,True
7uqo__A1_UNDEFINED--7uqo__A2_UNDEFINED,0.7336639225003223,0.5,True
5d4v__C1_Q57913--5d4v__A1_Q57913,0.932849519845803,0.5,True
2p23__A1_O95750--2p23__B1_O95750,0.7360314798788403,0.5,True
7u55__A1_A0A151EDA9--7u55__A2_A0A151EDA9,0.8957840091673459,0.5,True
1rkw__A1_P0A0N4--1rkw__C1_P0A0N4,0.9784885488777226,0.5,True
1ps6__A1_P19624--1ps6__B1_P19624,0.9662601951420731,0.5,True
2y21__L1_O28769--2y21__K1_O28769,0.9627799314388235,0.5,True
2z5i__A1_P58772--2z5i__B1_P58772,0.8830268116979152,0.5,True
5l7u__B1_A6L2E5--5l7u__A1_A6L2E5,0.9738220034120332,0.5,True
3egq__A1_O28458--3egq__B1_O28458,0.9604063143445437,0.5,True
7r3a__A1_Q6LYR8--7r3a__E1_Q6LYR8,0.9710876392179836,0.5,True
7yq0__A1_A0A101DF63--7yq0__B1_A0A101DF63,0.9692977840704353,0.5,True
3wsc__A1_Q25C86--3wsc__B1_Q25C86,0.7700723676806623,0.5,True
4pib__B1_Q2SVW5--4pib__A1_Q2SVW5,0.923050862181297,0.5,True
7vmx__B1_P9WNN1--7vmx__A1_P9WNM1,0.8894931018721721,0.5,False
1ykd__A1_P94182--1ykd__B1_P94182,0.9391947215196084,0.5,True
4ux7__A1_Q183F3--4ux7__B1_Q183F3,0.9369027000979192,0.5,True
3k3d__A1_P9WLZ7--3k3d__A2_P9WLZ7,0.9412653324725629,0.5,True
7q1d__D2_P29808--7q1d__A1_P29808,0.9235808950044723,0.5,True
1sj5__A1_Q9WY07--1sj5__B1_Q9WY07,0.9516114832058049,0.5,True
4c12__A1_Q2FZP6--4c12__A2_Q2FZP6,0.9133863932868567,0.5,True
3k9m__A1_P07858--3k9m__B1_P01040,0.9504510436687785,0.5,False
1ccd__A1_P17559--1ccd__A2_P17559,0.8815527648190319,0.5207343002645796,True
8xiz__A1_T2B4K5--8xiz__B1_T2B4K5,0.9363230842399723,0.5,True
7wz6__A1_P15806--7wz6__B1_P10085,0.9485548530726166,0.5,False
2i00__A1_Q831Y9--2i00__B1_Q831Y9,0.9634022869658174,0.5,True
5ffi__A2_Q44501--5ffi__B1_Q44501,0.9031506748826291,0.5,True
3cnk__A1_P21333--3cnk__B1_P21333,0.9605749647501175,0.5,True
8gt9__A1_A8MW95--8gt9__B1_A8MW95,0.8893122823795173,0.5,True
4l2w__B1_Q13464--4l2w__A1_Q13464,0.9226804771661661,0.5,True
3d0j__A1_Q97DI0--3d0j__A2_Q97DI0,0.9118818642235247,0.5,True
7qaj__F1_UNDEFINED--7qaj__A1_Q8JIV8,0.9384200518238351,0.5,False
4ct0__A1_P97784--4ct0__B1_O54943,0.7400840236951188,0.5,False
3av0__A1_Q58719--3av0__B1_Q58718,0.9536902138053027,0.5,False
8bln__A1_C9QZ65--8bln__H1_C9QZ65,0.9412397014458243,0.5,True
2riq__A1_P09874--2riq__A2_P09874,0.8454493473076847,0.5,True
8hd5__A1_Q99U17--8hd5__B1_Q99U17,0.9127133421715815,0.5079365079365079,True
6xrb__A1_A0A0H3NHS6--6xrb__B1_A0A0H3NHS6,0.9561963999623033,0.5,True
8a1g__A1_Q13596--8a1g__C1_Q9Y5X3,0.9511371705017252,0.5,False
8tn3__A1_Q643B9--8tn3__B1_Q643B9,0.9758162565496733,0.5,True
5ghs__A1_Q5JGL0--5ghs__C1_Q5JF31,0.8259064439449396,0.5,False
5umw__A1_A0A125SA26--5umw__F1_A0A125SA26,0.9613414978178257,0.5,True
7x7j__A1_UNDEFINED--7x7j__B1_UNDEFINED,0.9662445462432633,0.5,True
7zcv__B1_A0A0E7KI02--7zcv__A1_A0A0E7KI02,0.8779510183911503,0.5,True
6scq__A1_Q8NNN6--6scq__A2_Q8NNN6,0.9500909132327421,0.5,True
4ml9__A1_D1AMR0--4ml9__B1_D1AMR0,0.9344670194392616,0.5,True
7yfu__A1_Q8CG73--7yfu__B1_Q8CG73,0.9685026831637447,0.5,True
2yn3__C1_Q8ZKG6--2yn3__A1_Q8ZKG6,0.7227108472315431,0.5,True
3ix1__A1_Q9K9G5--3ix1__B1_Q9K9G5,0.9239639111275362,0.5,True
7khs__A1_Q2CEE3--7khs__B1_Q2CEE3,0.9850041777287076,0.499997407405487,True
8k5l__A1_A0A829KK40--8k5l__B1_A0A829KK40,0.976140966219884,0.5,True
2g0t__B1_Q9WZQ3--2g0t__A1_Q9WZQ3,0.9733590201648812,0.5,True
3lr3__A1_Q63T74--3lr3__A2_Q63T74,0.9711409730341677,0.5,True
4pxq__A1_F1QR43--4pxq__B1_F1QR43,0.9739177480368238,0.5,True
4z5y__A1_Q88QV5--4z5y__A2_Q88QV5,0.9724774819711768,0.5,True
7zhf__A1_A0A0U2WWJ1--7zhf__A2_A0A0U2WWJ1,0.9606682383762886,0.5,True
6h86__A1_B5KM66--6h86__B1_B5KM66,0.8104507391871298,0.5068027210884354,True
7saf__B1_Q6TLP8--7saf__A1_Q6TLP8,0.9268568023529153,0.5,True
7zj1__B1_P55265--7zj1__A1_P55265,0.856037800185104,0.5,True
4g9k__A1_P32340--4g9k__B1_P32340,0.95531397584151,0.5,True
8b35__A1_Q96562--8b35__B1_Q96562,0.9636026382977401,0.5,True
2rdz__A1_P0ABK9--2rdz__B1_P0ABK9,0.9597346814712288,0.5,True
6bzf__B1_P53061--6bzf__A1_P17122,0.8948723018201243,0.5,False
5ydd__B1_P9WME7--5ydd__A1_P9WME7,0.9068982319365168,0.49996519560072394,True
4czd__B1_B8J3A4--4czd__A1_B8J364,0.9057166195328413,0.5,False
3ft7__B1_Q54323--3ft7__A1_Q54323,0.8565656913713716,0.5042016806722689,True
4pz1__A1_Q99XU0--4pz1__A2_Q99XU0,0.8636634404261395,0.5,True
2w1t__A1_P37554--2w1t__B1_P37554,0.9808360966736475,0.5,True
7qz5__A1_A2RI36--7qz5__B1_A2RI36,0.931610627310492,0.5,True
5h31__A1_Q14790--5h31__B1_Q14790,0.9518220226532963,0.5,True
8p33__A1_O51254--8p33__A2_O51254,0.9548165998131627,0.5,True
8orv__A1_A0A7H0DNF0--8orv__A2_A0A7H0DNF0,0.924917207877251,0.5,True
8oru__A1_O93732--8oru__B1_O93732,0.9734835498335758,0.5,True
1u7i__A1_Q9I3Y6--1u7i__B1_Q9I3Y6,0.9237487560312276,0.5,True
8slg__B1_G7CIG9--8slg__A1_G7CIG9,0.8645884335458924,0.5,True
3l2e__B1_Q6AW42--3l2e__A1_Q6AW43,0.918447914255985,0.5,False
3b0a__A1_P0CG48--3b0a__B1_Q9WUB0,0.756481841326745,0.5,False
6etz__A1_A0A023UGN9--6etz__A2_A0A023UGN9,0.9312206097515646,0.5,True
7sfz__B1_Q9NYP9--7sfz__A1_Q9NYP9,0.878313069680818,0.5,True
7wwf__A1_A0R6Y0--7wwf__B1_A0R6Y0,0.9688875493910153,0.5,True
8vdw__B1_T0TAB9--8vdw__A1_T0TAB9,0.9674705914992787,0.5,True
8ri0__A1_E4THH1--8ri0__B1_E4THH1,0.9514089394780678,0.5,True
5z2i__B1_Q54LT0--5z2i__A1_Q54LT0,0.8306944693679791,0.5,True
4miv__A1_P51688--4miv__B1_P51688,0.96115190230087,0.5,True
3vh1__A1_P38862--3vh1__A2_P38862,0.9637488677452657,0.5,True
7z98__A1_E6V140--7z98__A2_E6V140,0.9765108453564543,0.5,True
2ond__A1_Q99LI7--2ond__B1_Q99LI7,0.9387879525941687,0.5,True
7vt9__A1_P21517--7vt9__B1_P21517,0.9340658780003932,0.5,True
1gju__A1_O33838--1gju__A2_O33838,0.9521525459528519,0.5,True
6hta__A1_A0A3F2YM29--6hta__B1_A0A3F2YM29,0.8602970442527015,0.5,True
3h7h__A1_P63272--3h7h__B1_O00267,0.9388302070480468,0.5045871559633027,False
1dek__A1_P04531--1dek__B1_P04531,0.9725049798752907,0.5,True
4z39__A1_A0A0S2E5N6--4z39__B1_A0A0S2E5N6,0.902498526596882,0.5,True
5ca9__A1_Q9C0L9--5ca9__A2_Q9C0L9,0.9111118617898002,0.5,True
2zvx__A1_P00974--2zvx__B1_P00974,0.728107099461899,0.5,True
6x0a__A1_F7Y4W0--6x0a__S1_F7YBW8,0.8031730661314276,0.5,False
7spq__A1_C5AMM8--7spq__A2_C5AMM8,0.9660186707036319,0.5,True
7spn__A1_A0A7C2VFT1--7spn__B1_A0A7C2VFT1,0.9856566935530529,0.5,True
1tv8__A1_P65388--1tv8__B1_P65388,0.8245639138840193,0.5,True
3mkr__B1_Q27954--3mkr__A1_Q28104,0.9493356697714945,0.5,False
1dqn__A1_Q24973--1dqn__B1_Q24973,0.9576486014738832,0.5,True
7tdq__A1_Q2HR80--7tdq__B1_Q2HR80,0.8328630643692261,0.5,True
7xoi__A1_A0A5N6DPG0--7xoi__B1_A0A5N6EXS6,0.9228848196533396,0.5,False
8h62__A1_P0DJM0--8h62__B1_P12830,0.9189572034409265,0.5,False
7dyc__A1_UNDEFINED--7dyc__A2_UNDEFINED,0.7804746266712139,0.5,True
8bbt__A1_A0A0B4VFQ3--8bbt__A2_A0A0B4VFQ3,0.9686639070752858,0.5,True
3t2l__A1_Q5LE95--3t2l__A2_Q5LE95,0.9811103285749112,0.5,True
3uet__A1_B7GNN8--3uet__B1_B7GNN8,0.8950775002911879,0.5,True
8fdb__B1_Q12KP2--8fdb__A1_Q12KP2,0.8999385493318216,0.5,True
6ok3__A1_C3X9N1--6ok3__B1_C3X9N1,0.7467297931708285,0.5,True
8hp3__A1_A0A2K0XCZ3--8hp3__B1_A0A2K0XCZ3,0.9356626551822036,0.5,True
7xkg__A1_A7NHS9--7xkg__B1_A7NHS9,0.9013417064713884,0.5,True
1l7e__A1_Q2RSB2--1l7e__B1_Q2RSB2,0.9554835827616545,0.5,True
8hn2__A1_Q9F722--8hn2__B1_Q9F722,0.9335260402205386,0.5,True
8gst__A1_Q1NEI7--8gst__B1_Q1NEI7,0.9630788781743923,0.5,True
7cq3__A1_P38324--7cq3__B1_Q12098,0.9422660940058213,0.5,False
5htf__A1_Q8Y759--5htf__B1_Q8Y759,0.9720677968317466,0.5,True
6c90__A1_P42285--6c90__B1_Q6NZY4,0.9113234766387311,0.5,False
6e1j__A1_C5J4P1--6e1j__B1_C5J4P1,0.9356232602401704,0.5,True
3ccd__A1_P0AA04--3ccd__B1_P0AA04,0.752875952875953,0.5,True
3dzl__B1_Q396C9--3dzl__A1_Q396C9,0.8989018224096907,0.5,True
4ir7__A1_UNDEFINED--4ir7__A2_UNDEFINED,0.9756314176931246,0.5,True
7nlj__B1_UNDEFINED--7nlj__A1_K3YAU1,0.7742619039460703,0.5,False
2y1h__B1_Q17R31--2y1h__A1_Q17R31,0.9490423661276683,0.5,True
7unj__A1_UNDEFINED--7unj__B1_UNDEFINED,0.9723952488831488,0.5,True
7lfs__A1_P00533--7lfs__E1_O14944,0.8958333633751853,0.5,False
6jiw__A1_A0A0H3JU78--6jiw__A2_A0A0H3JU78,0.9213155829165064,0.5,True
8ees__A1_A0A0H3GMB7--8ees__B1_A0A0H3GMB7,0.9788135809109695,0.5,True
4a5b__B1_Q27895--4a5b__A1_Q27895,0.9226100226020449,0.5,True
3nb6__A1_O66874--3nb6__A2_O66874,0.9312171686520996,0.5,True
5f8c__A1_O53532--5f8c__A2_O53532,0.9557174321537893,0.5,True
5yet__A1_Q5UQV1--5yet__B1_Q5UQV1,0.9835558122755903,0.5,True
8jt3__A1_H8Y6N2--8jt3__C1_H8Y6N2,0.9124074475692419,0.5,True
1ije__A1_P02994--1ije__B1_P32471,0.9119523779815069,0.5,False
6on4__A1_P0A8W0--6on4__B1_P0A8W0,0.9184814178670979,0.5,True
4zvc__A1_P0AA89--4zvc__B1_P0AA89,0.9784999342759314,0.5,True
4qoa__A1_A7VAB9--4qoa__A2_A7VAB9,0.9581024715797398,0.5,True
6wmv__A1_U5WZP7--6wmv__B1_U5WZP7,0.9590825557323599,0.5,True
3e3c__A1_Q7DB61--3e3c__B1_Q7DB61,0.9413190388204468,0.5,True
7zc8__B1_UNDEFINED--7zc8__A1_UNDEFINED,0.9443791872111792,0.5,True
6ekk__A1_Q8TEH3--6ekk__C1_Q15286,0.9216911215272096,0.5,False
8a9w__A1_P15751--8a9w__A2_P15751,0.9925709532008745,0.5,True
2gj9__A1_P25522--2gj9__B1_P25522,0.9287449789228801,0.5,True
3cm7__C1_P98170--3cm7__D1_P98170,0.9576251126280906,0.5,True
8f5v__A1_O53728--8f5v__B1_O53728,0.9759370213342135,0.5,True
1ecj__A1_P0AG16--1ecj__B1_P0AG16,0.9164420305706689,0.5,True
3s5r__A1_Q2LS68--3s5r__B1_Q2LS68,0.9512955455065231,0.5,True
3im3__A1_P00514--3im3__A2_P00514,0.8864860170227548,0.5252844363383706,True
4mcj__B1_A6L9R1--4mcj__A1_A6L9R1,0.9670746742181023,0.5,True
7vw1__B1_V5J1S8--7vw1__A1_V5J1S8,0.9211217976489617,0.5,True
3p12__A1_Q2G1A5--3p12__D1_Q2G1A5,0.8872080126675244,0.5,True
8aq0__A1_Q6DTN4--8aq0__B1_Q6DTN4,0.9681137030683444,0.5,True
3wpm__A1_G2IKE5--3wpm__B1_G2IKE5,0.9140147136882519,0.5,True
7xof__B1_Q0DFB6--7xof__A1_Q0DFB6,0.931282367903984,0.5,True
8a8f__A1_P32598--8a8f__B1_P42073,0.7620296990715759,0.5,False
5un7__A1_Q9NUX5--5un7__B1_Q96AP0,0.8782555826164519,0.5,False
8juk__A1_V5VGC6--8juk__B1_V5VGC6,0.9611697257212246,0.5,True
8snp__A1_O09118--8snp__A2_O09118,0.8927077576960953,0.5,True
8ic6__A1_UNDEFINED--8ic6__B1_UNDEFINED,0.9469727103892648,0.5,True
6wjc__A1_P11229--6wjc__B1_Q8QGR0,0.8897318757818024,0.5,False
8ard__A1_Q64331--8ard__A2_Q64331,0.8921115907973113,0.5,True
3mqi__A1_Q9UH73--3mqi__B1_Q9UH73,0.8735379907691035,0.5,True
3q01__A1_P04637--3q01__B1_P04637,0.9884318473333624,0.5,True
7ylq__A1_Q93CA6--7ylq__B1_Q93CA6,0.9044558327149456,0.5,True
2yvo__A1_Q5SJY9--2yvo__A2_Q5SJY9,0.9014519878621027,0.5,True
5vpa__B1_P17535--5vpa__A1_P53539,0.912566985394557,0.5,False
3v78__B1_P95092--3v78__A1_P95092,0.9522720870907209,0.5,True
7pzh__A1_A0A174J845--7pzh__B1_A0A174J845,0.9203686367620667,0.5,True
3m0f__A1_Q4KDJ6--3m0f__B1_Q4KDJ6,0.9242349225257643,0.5,True
1y4h__A1_P0C1S6--1y4h__C1_Q9EYW6,0.9146862220368632,0.5,False
2o4c__A1_Q9I3W9--2o4c__B1_Q9I3W9,0.9805804689159039,0.5,True
1ynh__A1_P76216--1ynh__D1_P76216,0.9599366432369748,0.5,True
8ohx__A1_U4Q148--8ohx__B1_U4Q148,0.9242059619827916,0.5,True
3a6m__A1_Q56236--3a6m__B1_Q56236,0.951427046292237,0.5,True
4bvp__A1_Q5ZUA2--4bvp__B1_Q5ZUA2,0.8964743984358238,0.5,True
7oc6__A1_A0A2U8U2L5--7oc6__A2_A0A2U8U2L5,0.9710527858059936,0.5,True
6qpq__A1_G0SGH3--6qpq__B1_Q12158,0.9800282350114141,0.5,False
3ct6__A1_Q9CIV6--3ct6__B1_Q9CIV6,0.907750093369656,0.5,True
1qae__A1_P13717--1qae__B1_P13717,0.8577529177384593,0.5,True
3q5w__B1_P38937--3q5w__A1_P38937,0.9034353437577182,0.5,True
8gol__B1_G9I933--8gol__A1_G9I933,0.9205955156903652,0.5,True
7epj__A1_P62554--7epj__A2_P62554,0.952023021440569,0.5,True
1ag9__A1_P61949--1ag9__B1_P61949,0.9923150730914676,0.5,True
3gwh__B1_O31691--3gwh__A1_O31691,0.8976239279738745,0.5,True
5gw1__A1_P57768--5gw1__B1_P57768,0.9093434863140564,0.5,True
3l2o__B1_Q9UKT5--3l2o__A1_P63208,0.9104233825189401,0.5,False
7y3u__A1_A0A8B9XNB5--7y3u__B1_A0A8B9XNB5,0.9477451762089586,0.5,True
3wrf__A1_E8MGH8--3wrf__A2_E8MGH8,0.9707630473571629,0.5,True
7yyl__A1_Q3AET9--7yyl__B1_Q3AET9,0.8819802575070663,0.5,True
8syb__B1_Q72KY0--8syb__A1_Q72KY0,0.9881501571706902,0.5,True
8qc3__A1_A0A1C9WRL0--8qc3__B1_A0A1C9WRL0,0.9638514332594157,0.5,True
3wtf__B1_Q9BUH6--3wtf__A1_Q9BUH6,0.9636708521780528,0.5,True
2x0e__B1_Q7BG50--2x0e__A1_Q7BG50,0.9316562421789256,0.5,True
5hwt__A1_A5W4E3--5hwt__B1_A5W4E3,0.9703151053037208,0.5,True
1ojh__A1_Q8YNP7--1ojh__B1_Q8YNP7,0.7701620071684588,0.5,True
3eyy__A1_Q9K4F8--3eyy__B1_Q9K4F8,0.9749848890724501,0.5,True
8bwv__D2_A0A482M8M0--8bwv__A1_A0A482M8M0,0.7955433743122063,0.5,True
7cm9__A1_A0A7V8UZ53--7cm9__B1_A0A7V8UZ53,0.9264769786048642,0.5,True
4nc8__A1_P12464--4nc8__A2_P12464,0.972074124465398,0.5,True
1zhh__A1_P54300--1zhh__B1_P54302,0.9313767305457056,0.5,False
8c0u__A1_Q9I5Q5--8c0u__B1_Q9I5Q5,0.925103794036939,0.5,True
2fbq__A1_Q9HZJ9--2fbq__A2_Q9HZJ9,0.9299310800571888,0.5,True
7fch__A1_O95256--7fch__C2_O95256,0.9549689538155417,0.5,True
8c7t__B1_A0A1B4XP18--8c7t__A1_A0A1B4XP18,0.9128222983344504,0.5,True
4iwn__A1_P76290--4iwn__B1_P76290,0.983418259994511,0.5,True
1sc1__A1_P29466--1sc1__B1_P29466,0.8913504990096727,0.5,True
5amt__A1_A0Q7H2--5amt__A2_A0Q7H2,0.9753788215231023,0.5,True
4ueb__C1_P48598--4ueb__D1_UNDEFINED,0.8903863022172196,0.5,False
7qfz__B1_B7L3Y3--7qfz__A1_B7L3Y3,0.9070292113817189,0.5,True
3hml__A1_A6T9H1--3hml__B1_A6T9H1,0.9471820794946376,0.5,True
1xk6__A1_P31572--1xk6__C1_P31572,0.9067726348742107,0.5,True
7r3s__A1_A0A4R2M5S2--7r3s__B1_A0A4R2M5S2,0.9548998645128202,0.5,True
2grx__A1_P06971--2grx__C1_P02929,0.8772721179826382,0.5,False
7vsf__A1_P25440--7vsf__B1_P25440,0.8617045271942718,0.5,True
3q34__A1_Q48EL2--3q34__C1_Q48EL2,0.8705941790805842,0.5,True
4r2k__A1_Q8ZP84--4r2k__A2_Q8ZP84,0.9605378108965399,0.5,True
3cgw__A1_Q8PVT6--3cgw__A2_Q8PVT6,0.9433906958378825,0.5,True
7r2f__A1_P21836--7r2f__B1_P21836,0.9950236891590681,0.5,True
4g19__A1_I6ZUH3--4g19__B1_I6ZUH3,0.9903221441662249,0.5,True
3dg8__C1_P13922--3dg8__A1_P13922,0.8606599451036332,0.5,True
6m10__A1_Q9HUW0--6m10__C1_Q9HUW0,0.8754648353361786,0.5,True
8tt2__B1_Q4K977--8tt2__A1_Q4K977,0.9502488554127898,0.5,True
1h31__A1_Q939U1--1h31__B1_Q939U4,0.9434076220239567,0.5,False
5iib__A1_P04552--5iib__B1_Q8WR62,0.8860316983721879,0.5,False
6a5g__A1_UNDEFINED--6a5g__C1_UNDEFINED,0.9781873732188024,0.5,True
7p7i__B1_R8APY9--7p7i__A1_R8APY9,0.9777953765706051,0.5,True
3hzu__A1_P9WHF7--3hzu__A2_P9WHF7,0.9677832691585274,0.5,True
5dob__A1_P16794--5dob__B1_P16791,0.9311448533337243,0.5,False
7xgs__A1_Q9FVC1--7xgs__A2_Q9FVC1,0.8342992248797707,0.5,True
6iju__A1_Q9KJN4--6iju__A2_Q9KJN4,0.9561702754850466,0.5,True
4kqd__B1_P06626--4kqd__A1_P06626,0.9125638756658635,0.5,True
2fu3__B1_Q03555--2fu3__A1_Q03555,0.8595531421215955,0.5,True
1jgt__B1_P0DJQ7--1jgt__A1_P0DJQ7,0.9196996464649372,0.5,True
6l4b__A1_Q9UGV2--6l4b__C2_Q9UGV2,0.9483091295601733,0.5,True
3lzk__A1_Q92LT4--3lzk__B1_Q92LT4,0.9545279590320579,0.5,True
1ht8__A1_P05979--1ht8__B1_P05979,0.9263454006696838,0.5,True
1z8h__A1_Q8YWS4--1z8h__B1_Q8YWS4,0.9363392955671415,0.5,True
8gk6__A1_W6USS8--8gk6__E1_W6USS8,0.964014160201888,0.5,True
4mjf__A1_A6L2I4--4mjf__A2_A6L2I4,0.9894504577512817,0.5,True
7m4s__A1_Q8YLC3--7m4s__D1_Q8YLC3,0.8885423662368076,0.5,True
6fju__A1_E6N8B9--6fju__B1_E6N8B9,0.9718675908851422,0.5,True
6lgq__A1_P21865--6lgq__B1_P21866,0.7922207587301052,0.5,False
2y27__B1_B4E7B5--2y27__A1_B4E7B5,0.961378180727172,0.5,True
2tdx__A1_P0DJL7--2tdx__A2_P0DJL7,0.9783147037440931,0.5,True
8aim__C1_Q6GJ88--8aim__A1_A0A141HSF0,0.8272117916731954,0.5,False
8fj8__A1_P02638--8fj8__A2_P02638,0.9177181351582548,0.499500998003992,True
3uv0__B1_Q9W061--3uv0__A1_Q9W061,0.9731760625711241,0.5,True
8alo__B1_P24003--8alo__A1_P15795,0.9030900931661869,0.5,False
2zb6__A1_P08362--2zb6__A2_P08362,0.9533048434893385,0.5,True
6xa0__A1_D1A230--6xa0__B1_D1A230,0.9466217357791472,0.5,True
1zbo__B1_Q7WAM7--1zbo__A1_Q7WAM7,0.8683270011449984,0.5,True
6xb5__A1_A0A7E5VPD6--6xb5__B1_A0A7E5VPD6,0.9700633144360972,0.5,True
8duy__D1_A0A0H3GVN6--8duy__A1_A0A0H3GVN6,0.9707983560024376,0.5,True
7th5__A1_Q5SLG6--7th5__B1_Q5SLG6,0.7997737728314835,0.5,True
3uws__B1_A7A9N3--3uws__A1_A7A9N3,0.9737997470415996,0.5,True
4u04__B1_Q9BVA6--4u04__A1_Q9BVA6,0.9635571292090601,0.5,True
2kin__A1_P56536--2kin__B1_Q6QLM7,0.9100474851443123,0.5020833333333333,False
3ulc__A1_Q08236--3ulc__A2_Q08236,0.9446392276422765,0.5,True
8b2a__A1_Q2YWJ9--8b2a__A2_Q2YWJ9,0.989137664485511,0.5,True
8qff__A1_K9TLZ5--8qff__A2_K9TLZ5,0.953068867680038,0.5,True
6w9q__A1_P0DTD1--6w9q__A2_P0DTD1,0.924669675917023,0.5,True
8c8c__A1_P48426--8c8c__A2_P48426,0.9837725887096165,0.5,True
8iup__B1_A9A1Y1--8iup__A1_A9A1Y1,0.9586422588434107,0.5,True
3o7o__A1_Q9S5X8--3o7o__B1_Q9S5X8,0.8150485085956363,0.5,True
4bg8__A1_Q8TX37--4bg8__B1_Q8TX37,0.9902045097079288,0.5,True
7qxo__A1_G8UIQ1--7qxo__B1_G8UIQ1,0.9478321923351617,0.5,True
4xiz__A1_Q05776--4xiz__D1_O60200,0.7724179453369054,0.5,False
2x3l__B1_UNDEFINED--2x3l__A1_UNDEFINED,0.9440023538246702,0.5,True
7pwe__A1_Q6AL91--7pwe__B1_Q6AL91,0.8592560723519943,0.5,True
6uxu__A1_E2JB04--6uxu__B1_E2JB04,0.8557047143502776,0.5,True
3bid__A1_Q7DDI1--3bid__B1_Q7DDI1,0.8724539861750318,0.5,True
4f7w__A1_B5XYG3--4f7w__B1_B5XYG3,0.9231694317410719,0.5,True
2rae__A1_Q0S3N9--2rae__A2_Q0S3N9,0.9570707523980189,0.5046296296296297,True
7ads__A1_A0A0R8HV90--7ads__A2_A0A0R8HV90,0.8377843176444056,0.5058484053363871,True
7yn1__A1_E9JES9--7yn1__C1_E9JES9,0.9085467973481537,0.5,True
3t7y__A1_O84093--3t7y__B1_O84093,0.9383956571279075,0.5,True
8hhj__B1_UNDEFINED--8hhj__A1_A0A0Y5KAW3,0.7543475472320464,0.5,False
7u6p__A1_P11926--7u6p__B1_P11926,0.8827822230355976,0.5,True
4mis__A1_Q57ES7--4mis__B1_Q57ES7,0.9364754243909368,0.5,True
2blf__A1_Q9LA16--2blf__B1_Q9LA15,0.9006042614604971,0.5,False
3ke3__A1_Q4FVA8--3ke3__A2_Q4FVA8,0.9704523846558493,0.5,True
7ywc__A1_Q9L0T8--7ywc__B1_Q9L0T8,0.9700947402502291,0.5,True
4wwr__B1_P46379--4wwr__A1_P11441,0.8412479265283003,0.5,False
7r0d__B1_Q9NV35--7r0d__A1_Q9NV35,0.9597566146597469,0.5,True
8w6x__A1_P21852--8w6x__B1_P21853,0.9090904666656934,0.5,False
8hdv__A1_UNDEFINED--8hdv__B1_UNDEFINED,0.7106075300905202,0.5,True
3fmf__A1_P9WPQ5--3fmf__B1_P9WPQ5,0.8518858822460622,0.5,True
2xrm__A1_D0AB41--2xrm__A2_D0AB41,0.9424829558828653,0.5,True
4xj7__A1_P66881--4xj7__B1_P66881,0.9456443927092696,0.5,True
7yrt__E1_H9L4P6--7yrt__A1_H9L4P6,0.8390932886597321,0.5,True
7tye__A1_P0A7J0--7tye__A2_P0A7J0,0.9072163345599638,0.5,True
2zvd__B1_Q9RBY1--2zvd__A1_Q9RBY1,0.9982153343741496,0.5,True
3mtw__A1_Q9A4Z9--3mtw__A2_Q9A4Z9,0.9937249119200603,0.5,True
3n2o__A1_Q7MK24--3n2o__B1_Q7MK24,0.858608583184823,0.5,True
7ywd__A1_Q8TB36--7ywd__A2_Q8TB36,0.9939815756370566,0.5,True
5upq__A1_A0A0A0V031--5upq__B1_A0A0A0V031,0.9246771583838544,0.5,True
1vgu__A1_Q46893--1vgu__B1_Q46893,0.9440774215898583,0.5,True
7pxo__A1_F4F7G1--7pxo__C1_F4F7G1,0.9551056059069591,0.5,True
2dp9__A1_Q5SM30--2dp9__A2_Q5SM30,0.9592838021729917,0.5,True
8a7l__A1_M1JS91--8a7l__A2_M1JS91,0.9682092954721919,0.5,True
7uqv__A1_A0A0L6JSP1--7uqv__B1_A0A0L6JSP1,0.9805929643899316,0.5,True
5d1r__A1_P9WMC9--5d1r__B1_P9WMC9,0.9308481834824147,0.5,True
3f6q__A1_Q13418--3f6q__B1_P48059,0.9303655636443547,0.5,False
7xyk__A1_Q77J90--7xyk__B1_Q77J90,0.9598083051338885,0.5,True
7xxk__A1_P0DTC9--7xxk__B1_P0DTC9,0.8896737187482621,0.5,True
3qta__A1_Q5V4K4--3qta__B1_Q5V4K4,0.994007954956351,0.5,True
8oqj__B1_P06959--8oqj__A1_P06959,0.9447328767123289,0.5,True
1tbp__A1_P13393--1tbp__B1_P13393,0.9435643401495835,0.49998453018161565,True
7qfk__C1_Q5FLN0--7qfk__A1_Q5FLN0,0.9300657246138679,0.5,True
7r3o__B1_Q460N3--7r3o__A1_Q460N3,0.9524263259855,0.5,True
2z0l__A1_P03191--2z0l__B1_P03191,0.9029808135495277,0.5,True
1wli__A1_Q46604--1wli__B1_Q46604,0.9517446911196912,0.5,True
8b3e__A1_M4SY06--8b3e__A2_M4SY06,0.9268195529449182,0.5,True
1d8i__A1_O13297--1d8i__A2_O13297,0.9482438806865895,0.5,True
7vo4__B2_F1CLA7--7vo4__A1_F1CLA7,0.9819875365530452,0.5,True
8eh0__B1_P50909--8eh0__A1_P50909,0.9552825967727968,0.5,True
7q39__A1_UNDEFINED--7q39__A2_UNDEFINED,0.9722582064168446,0.5,True
3seo__B1_Q87GE5--3seo__A1_Q87GE5,0.9532580105212817,0.5,True
3iey__B1_Q74MS9--3iey__A1_Q74MP4,0.9722546001660212,0.5,False
4yto__B1_Q15431--4yto__A1_Q15431,0.7655888544919645,0.5,True
6csm__A1_L1J207--6csm__B1_L1J207,0.9541664024219629,0.5,True
4ndt__A1_A7UNK4--4ndt__A2_A7UNK4,0.8527008519590121,0.5,True
8j3p__A1_B9WHT3--8j3p__A2_B9WHT3,0.9785697158177377,0.5,True
7pv7__B1_Q7MVV4--7pv7__A1_Q7MVV4,0.9019017421475176,0.5,True
7uj6__A1_Q8RMD9--7uj6__B1_Q8RMD9,0.9566312718573344,0.5,True
3k9i__A1_Q9KFK0--3k9i__A2_Q9KFK0,0.9256344408996054,0.5201976305355842,True
7z1s__A1_A0A3Q7HTY9--7z1s__A2_A0A3Q7HTY9,0.9640678518568384,0.5,True
2e89__A1_O67728--2e89__B1_O67728,0.9805223397366718,0.5,True
2woz__A1_Q9ER30--2woz__A2_Q9ER30,0.9106834654603266,0.5,True
7xxs__A1_B2CKP3--7xxs__B1_B2CKP3,0.9384333230516143,0.5,True
8fir__A1_O83132--8fir__B1_O83132,0.9759463154511717,0.5,True
3i6s__A1_O82777--3i6s__B1_O82777,0.9679853622256727,0.5,True
7yhe__B1_A6YEH4--7yhe__A1_A6YEH4,0.850851089864297,0.5,True
1ku2__A1_Q9EZJ8--1ku2__B1_Q9EZJ8,0.8446288480477854,0.5,True
6qwo__B1_Q9S5W7--6qwo__A1_Q9S5W7,0.9677432290064365,0.5,True
1mxi__A1_P44868--1mxi__A2_P44868,0.9182531148859325,0.5,True
8fuq__A1_P22363--8fuq__B1_P22363,0.9113803114278174,0.5,True
6hhk__B1_A8AST9--6hhk__A1_A8AST9,0.9632060293128101,0.5,True
2vhl__A1_O34450--2vhl__A2_O34450,0.9936172222368319,0.5,True
8h1i__A1_W6EBY7--8h1i__B1_P0A9Y6,0.9267605752420763,0.5,False
5wan__A1_P75898--5wan__A2_P75898,0.9862091547064608,0.5,True
4x7z__B1_Q49492--4x7z__A1_Q49492,0.9778351490564318,0.5,True
5c6k__B1_P36932--5c6k__A1_P36932,0.9443950421363686,0.5,True
6a1k__A1_P71018--6a1k__B1_P71018,0.9744184427823744,0.5,True
7pjh__A1_Q9Y312--7pjh__B1_Q6P2Q9,0.9531904430658527,0.5,False
4joi__A1_Q9H668--4joi__C1_Q86WV5,0.922120143134417,0.5,False
8axz__A1_P31153--8axz__A2_P31153,0.9614972842106331,0.5,True
8ogi__B1_P11678--8ogi__A1_P11678,0.8609726090093742,0.5,True
8cxl__A1_A7KH32--8cxl__B1_A7KH32,0.9275738682223384,0.5,True
7win__B1_Q9UIF8--7win__A1_Q9UIF8,0.8315376902743598,0.5,True
7b80__A1_G3I8R9--7b80__B1_Q9BVA6,0.8431658546349496,0.5,False
4bwv__A1_Q8L5D0--4bwv__B1_Q8L5D0,0.9289216585220054,0.5,True
7drj__A1_P63756--7drj__B1_P63756,0.905891289816907,0.5,True
6t2b__A1_B2UQL7--6t2b__C1_B2UQL7,0.9687114428012782,0.5,True
8jh0__B1_S2D3K4--8jh0__A1_S2D3K4,0.8769070876238387,0.5,True
7t2s__A1_A0A494K842--7t2s__A2_A0A494K842,0.9204897700621733,0.5,True
3frw__B1_A5ZMD8--3frw__A1_A5ZMD8,0.8681863026875141,0.510213854771791,True
5ab5__A1_C9ZUV7--5ab5__B1_C9ZUV7,0.9633216638050045,0.5,True
8jqp__A2_UNDEFINED--8jqp__B1_UNDEFINED,0.9942998747867666,0.5,True
5myd__C2_A0A2D0TC86--5myd__A1_A0A2D0TC86,0.972133687732648,0.5,True
5cde__A1_Q8P839--5cde__B1_Q8P839,0.9495396913665048,0.5,True
6pi4__A1_A0R1Z9--6pi4__A2_A0R1Z9,0.9782237600922722,0.5,True
3ipf__A1_Q251Q8--3ipf__B1_Q251Q8,0.9362313534500374,0.5,True
4c11__B1_Q6YMS4--4c11__A1_Q6YMS4,0.9488664568601117,0.5,True
2p3y__A1_Q87I71--2p3y__B1_Q87I71,0.9586287121380377,0.5,True
5jbr__A1_C5C6I1--5jbr__B1_C5C6I1,0.9045619717325252,0.4999752315846832,True
8ttz__A1_G8E2R2--8ttz__B2_G8E2R2,0.9843223143258887,0.5,True
3vba__A1_Q58673--3vba__B1_Q58673,0.9768016099749725,0.5,True
4o6y__B1_Q9SWS1--4o6y__A1_Q9SWS1,0.8760272364732485,0.5,True
4e5r__A1_Q6IRB5--4e5r__A2_Q6IRB5,0.7775288522255513,0.5,True
7ywv__A1_Q0SBK1--7ywv__C1_Q0SBK1,0.98376598272374,0.5,True
8eer__A1_P01116--8eer__A2_P01116,0.9166105813398956,0.5,True
3f84__B1_E3PPC4--3f84__A1_E3PPC4,0.8248076075243711,0.5,True
5mu7__A1_G0S6G7--5mu7__B1_G0S6I4,0.8974540457772082,0.5,False
8hfp__B1_Q96T68--8hfp__A1_Q8N8R7,0.7714044398790162,0.5,False
4rmn__B1_Q6NC13--4rmn__A2_Q6NC13,0.9389555674872514,0.5,True
3mx1__A1_Q46944--3mx1__A2_Q46944,0.9596907692113235,0.5,True
5gl5__A1_Q06321--5gl5__B1_Q06321,0.978995217372571,0.5,True
8e77__A1_Q1QD54--8e77__A2_Q1QD54,0.9659982714822394,0.5,True
5gl4__A1_B6YTD8--5gl4__B1_B6YTD8,0.9917967556496441,0.5,True
7wf9__A1_Q3ZT31--7wf9__B1_Q3ZT31,0.8384027060154109,0.5,True
8fw0__B1_P39897--8fw0__A1_P39897,0.9053029961382912,0.5,True
8ou8__B1_P0A8M3--8ou8__A1_P0A8M3,0.9581628208331522,0.5,True
7acm__B1_P75811--7acm__A1_P75811,0.9048173300894498,0.5,True
4trb__A1_Q97W95--4trb__B1_Q97W95,0.9492766217502733,0.5,True
7y55__A1_A0A9E8RZN7--7y55__C2_A0A9E8RZN7,0.9779539774929262,0.5,True
2ia9__B1_P28015--2ia9__A1_P28015,0.9049791941038625,0.5,True
3sy6__A1_Q5LE92--3sy6__B1_Q5LE92,0.9599139874116909,0.5,True
6xz3__A1_Q9H1K6--6xz3__A2_Q9H1K6,0.9686134824845453,0.5,True
2h8e__A1_P0AG74--2h8e__A2_P0AG74,0.7345285978891335,0.5,True
3gyx__A1_T2G6Z9--3gyx__B1_T2G899,0.822075316051787,0.5,False
4e0u__A1_D1D8L6--4e0u__A2_D1D8L6,0.998379223726598,0.5,True
6teu__A1_O60568--6teu__A2_O60568,0.9701847129263038,0.5,True
6xt5__B1_P49046--6xt5__A1_P49046,0.9899351986876356,0.5,True
8g1t__A1_Q07812--8g1t__B1_Q07812,0.7765012466259481,0.49989409023511966,True
7xp7__B1_W9FXI8--7xp7__A1_W9FXI8,0.9423663380591191,0.5,True
8i55__A1_Q58380--8i55__B1_Q58380,0.9552367051513435,0.5037593984962406,True
1h65__A1_Q41009--1h65__A2_Q41009,0.9775227595615066,0.5,True
3ol4__A1_A0QRC4--3ol4__B1_A0QRC4,0.9573173544602116,0.5,True
8idq__A1_A0A0B8MZ29--8idq__C1_A0A0B8MZ29,0.9485048141738938,0.5,True
5hcb__A1_P83003--5hcb__B1_P83003,0.9535457229589606,0.5,True
3f6g__B1_Q8F3Q1--3f6g__A1_Q8F3Q1,0.9380673533700201,0.5,True
6akj__B1_G2TRN4--6akj__A1_G2TRN4,0.9145993672892887,0.5,True
8ju7__A1_Q9I2U4--8ju7__B1_Q9I2U4,0.9319407260404771,0.5,True
3nel__A1_Q52428--3nel__B1_Q52428,0.9566289131393299,0.5,True
2dc1__A1_O28440--2dc1__B1_O28440,0.9604735105274828,0.5,True
8fzk__B1_P52292--8fzk__A1_P52292,0.8781807199472726,0.5,True
3wnz__A1_P39641--3wnz__A2_P39641,0.9655609930660632,0.5,True
8e1u__A1_A0A160VN62--8e1u__F2_A0A160VN62,0.969211841673518,0.5,True
1v7c__A1_P83823--1v7c__B1_P83823,0.9612282941985019,0.5,True
7skr__A1_Q0QDZ2--7skr__A2_Q0QDZ2,0.8727250901140624,0.5,True
3egg__A1_P62136--3egg__C1_O35274,0.9282084114894056,0.5,False
8imd__A1_UNDEFINED--8imd__B1_UNDEFINED,0.9731935807825477,0.5,True
4yke__B1_G0RYR3--4yke__A1_G0RYR3,0.994799994812225,0.5,True
1tq9__A1_P00669--1tq9__B1_P00669,0.9371215677694026,0.5,True
4oh3__B1_Q05085--4oh3__A1_Q05085,0.9377906950305588,0.5,True
4q62__A1_Q5ZUB7--4q62__A2_Q5ZUB7,0.914405166795531,0.5,True
2we5__A1_P0A2X7--2we5__B1_P0A2X7,0.9648733145344235,0.5,True
5t51__A1_Q6CLK3--5t51__B1_Q6CPD1,0.9070812376162171,0.5,False
3i0z__A1_A0A0H2UN25--3i0z__B1_A0A0H2UN25,0.9087672043671067,0.5,True
3wof__A1_Q8RQE9--3wof__B1_A7XX65,0.6595438328236493,0.5,False
8p6k__A1_A0A0H2UWN1--8p6k__B1_A0A0H2UWN1,0.92472123174211,0.5,True
7z9z__A1_P02754--7z9z__A2_P02754,0.9597640711444378,0.5,True
6d0i__A1_A0A0C5XL88--6d0i__B1_A0A0C5XKJ0,0.8412772881456908,0.5,False
3gs3__A1_Q8MSU4--3gs3__A2_Q8MSU4,0.997197620708805,0.5,True
2f4m__A1_Q9JI78--2f4m__B1_P54728,0.9537285325363847,0.5,False
4yh8__A1_Q09176--4yh8__B1_P36629,0.84520382119157,0.5,False
6ago__A1_Q9NR48--6ago__C1_Q9UBU8,0.9123320682641266,0.5,False
7rmx__A1_UNDEFINED--7rmx__A2_UNDEFINED,0.9456452278865426,0.5,True
1e44__B1_P00646--1e44__A1_P02984,0.8758716897981182,0.5,False
2yri__A1_Q5SLX0--2yri__B1_Q5SLX0,0.9802448016716415,0.5,True
1gcj__A1_P70168--1gcj__B1_P70168,0.9820342852374395,0.5,True
7qbp__A1_A4F7B2--7qbp__A2_A4F7B2,0.9554393048054495,0.5,True
4hdd__A1_P09391--4hdd__A2_P09391,0.8062419320178681,0.5,True
3e4q__A1_P13633--3e4q__B1_P13633,0.9708220361664495,0.5,True
8ein__B1_Q6FCQ4--8ein__A1_Q6FCQ4,0.9815024636765635,0.5,True
1zmb__A1_Q97LM8--1zmb__B1_Q97LM8,0.9591352122394976,0.5,True
6ygu__A1_G0RZ64--6ygu__B1_G0S1V1,0.8682153227607773,0.5,False
2yyh__A1_O67435--2yyh__B1_O67435,0.9747280476173229,0.5,True
5wk0__A1_A0A2C9TMM3--5wk0__A2_A0A2C9TMM3,0.9713816123625468,0.5,True
8h4j__A1_W8UQZ7--8h4j__D1_W8UQZ7,0.8219870161073194,0.5,True
1z83__A1_P00568--1z83__B1_P00568,0.9349176272435391,0.5,True
8h2c__A1_Q0P8U0--8h2c__B1_Q0P8U0,0.9356034012587796,0.5,True
2dkh__A1_Q6SSJ6--2dkh__A2_Q6SSJ6,0.881958657635054,0.5,True
7c7e__A1_A0A0H3MRW3--7c7e__A2_A0A0H3MRW3,0.9545574162679425,0.5,True
7px2__A1_UNDEFINED--7px2__B1_UNDEFINED,0.8104011816275968,0.5,True
3dpt__B1_Q8KC98--3dpt__A1_Q8KC98,0.9444953406363575,0.5,True
8u1j__A1_Q9RYE6--8u1j__A2_Q9RYE6,0.9086834584967103,0.5,True
3fgw__A1_Q3TCN2--3fgw__A2_Q3TCN2,0.9939611309175349,0.5,True
7wh0__A1_Q9U2E4--7wh0__B2_Q9U2E4,0.9971346607114658,0.5,True
8dq3__A1_A0A142G3G1--8dq3__B1_A0A142G3G1,0.9199346102212254,0.5,True
8hci__B1_A0A8T8BZJ9--8hci__A1_A0A8T8BZN3,0.8815410816889724,0.5,False
3qth__A1_Q47ZP9--3qth__B1_Q47ZP9,0.9084109192491248,0.5,True
8b28__A1_F6GSX7--8b28__A2_F6GSX7,0.9887656202701052,0.5,True
6scx__A1_Q9BQG2--6scx__B1_Q9BQG2,0.8953434483968246,0.5,True
8hpc__A1_P60327--8hpc__H1_P60327,0.9580640769750706,0.5,True
5n76__A1_P72320--5n76__B1_P72320,0.9545096567666856,0.5,True
8hpi__A1_A0A8D3X086--8hpi__B1_A0A8D3X086,0.9757937896392103,0.5,True
3cq3__A1_Q53W28--3cq3__A2_Q53W28,0.7815488343657359,0.5,True
3kbu__A1_P11277--3kbu__D1_P16157,0.895404570024706,0.5,False
7pck__A1_P43235--7pck__C2_P43235,0.9878327799888644,0.5,True
5o4z__A1_Q9X1T1--5o4z__A2_Q9X1T1,0.9821664575313073,0.5,True
1vla__A1_Q9X021--1vla__B1_Q9X021,0.9280475769516836,0.5,True
5oed__A1_Q6EAT3--5oed__B1_Q13637,0.9453841146120353,0.5,False
8hyn__A1_UNDEFINED--8hyn__B1_UNDEFINED,0.9653379773553857,0.5,True
7yva__A1_Q9URB4--7yva__B1_Q9URB4,0.9736360543074006,0.5,True
7s6n__B1_Q5RGJ8--7s6n__A1_Q5RGJ8,0.8903975239714407,0.5,True
4cz8__A1_Q9UZ55--4cz8__B1_Q9UZ55,0.9470755326503553,0.5,True
6ebn__A1_A0A4P1LYB6--6ebn__B1_A0A4P1LYB6,0.9313734697256996,0.5,True
3lf4__B1_D1MPT3--3lf4__A1_D1MPT3,0.8613212173753468,0.5,True
3ffe__B1_Q93AT8--3ffe__A1_Q93AT8,0.9688533021850193,0.5,True
7zg6__A1_A0A2J0RDY6--7zg6__B1_A0A2J0RDY6,0.8811435696231696,0.5,True
1p65__A1_Q9YJI1--1p65__B1_Q9YJI1,0.8387538147617151,0.4998408656906429,True
8f4q__A1_Q00972--8f4q__A2_Q00972,0.8661705188259192,0.5,True
4rz3__A1_A4IMB4--4rz3__B1_A4IMB4,0.9365676534725536,0.5,True
7tjl__A1_UNDEFINED--7tjl__A2_UNDEFINED,0.9726435876831915,0.5,True
8f8k__A1_O53507--8f8k__A2_O53507,0.9693711494835882,0.5,True
3zw5__A1_A6NK44--3zw5__B1_A6NK44,0.8909048391119979,0.5,True
6l3q__B1_G0SEI5--6l3q__A1_G0SEI5,0.9340886829260263,0.5,True
8ag8__A1_A0A1I5SVP7--8ag8__A2_A0A1I5SVP7,0.9345949446230796,0.5,True
2i2w__A1_P63224--2i2w__D1_P63224,0.9712275589345909,0.5,True
2f22__B1_Q9RC77--2f22__A1_Q9RC77,0.9470614715373233,0.5,True
6yex__A1_UNDEFINED--6yex__B1_UNDEFINED,0.8698939333731163,0.5,True
3tng__A1_Q8Y7B7--3tng__A2_Q8Y7B7,0.9482793488563239,0.5,True
8gr8__B1_P08679--8gr8__A1_P08679,0.9775183232011715,0.5,True
7ae8__A1_A0A0B0QJR1--7ae8__B1_A0A0B0QJR1,0.8704900447398027,0.5,True
2w54__B1_O54051--2w54__A1_O54050,0.9092357247210453,0.5,False
4cuc__A1_A0A0H2UP19--4cuc__A2_A0A0H2UP19,0.9062117146863455,0.5,True
4b0z__A1_P50524--4b0z__B1_P50524,0.9912579384954422,0.5,True
2re7__A1_Q4FV99--2re7__A2_Q4FV99,0.9438375350140057,0.5,True
8h0t__A1_O34614--8h0t__A2_O34614,0.976693688807045,0.5,True
1te2__A1_P77247--1te2__B1_P77247,0.9829379086331806,0.5,True
7xt2__A1_Q6ZMU5--7xt2__B1_Q6ZMU5,0.8933757430827913,0.5,True
1ev7__A1_P50187--1ev7__B1_P50187,0.9533174106884373,0.5,True
1ogl__A1_O15923--1ogl__A2_O15923,0.9851848910507768,0.5,True
3lrt__B1_Q97CA5--3lrt__A1_Q97CA5,0.9820547132490483,0.5,True
3rvb__A1_P26663--3rvb__A2_P26663,0.7889953136841104,0.5,True
3fou__A1_Q5SGZ9--3fou__B1_Q5SGZ9,0.9401226207152275,0.5,True
5jnq__A1_R0BTE9--5jnq__A2_R0BTE9,0.941599913282245,0.5,True
4g12__A1_A5U5K3--4g12__B1_A5U5K3,0.9793618586087393,0.5,True
3evj__B1_P01008--3evj__A1_P01008,0.9804114835376896,0.5,True
2oq2__B1_P18408--2oq2__A1_P18408,0.9667406888987186,0.5,True
8he6__A1_Q8YSS0--8he6__B1_Q8YSS0,0.9710806254951209,0.5,True
2xij__A1_P22033--2xij__A2_P22033,0.969222680885475,0.5,True
1nr5__A1_P07547--1nr5__A2_P07547,0.9521016198841128,0.5,True
1gmj__A1_P01096--1gmj__B1_P01096,0.9239299654791182,0.5,True
4yba__B1_Q93K36--4yba__A1_Q93K36,0.9802632427066816,0.5,True
8ok7__A1_M4T0B2--8ok7__D1_M4T0B2,0.9599675401598308,0.5018450184501845,True
7f76__B1_A0A223KLJ1--7f76__A1_A0A223KLJ1,0.863152452394353,0.5,True
7vp6__A1_Q9C9L2--7vp6__B1_Q9C9L2,0.7913787895948955,0.5046296296296297,True
8jmq__A1_A9CQD5--8jmq__B1_A9CQD3,0.9345631489812164,0.5,False
7zgt__A1_W8R3D8--7zgt__B1_W8R3D8,0.9917367381092115,0.5,True
7xgt__B1_Q6H8B1--7xgt__A1_Q6H8B1,0.9878874237233853,0.5,True
3i2t__A1_P04412--3i2t__A2_P04412,0.9068668843654263,0.5,True
8tjk__A1_A0A0F7G196--8tjk__B1_A0A0F7G196,0.9578648354641093,0.5,True
7wt0__A1_Q04760--7wt0__B1_Q04760,0.8266970680086322,0.5,True
3if0__A1_Q74MS9--3if0__A2_Q74MS9,0.9868781573531671,0.5,True
3qrh__A1_Q8SSM8--3qrh__A2_Q8SSM8,0.9200496919039017,0.5,True
8q70__A1_Q8U2C1--8q70__A2_Q8U2C1,0.9642586709979732,0.5,True
7vso__A1_P02945--7vso__A2_P02945,0.8687368495306576,0.5,True
5f8b__A1_Q4WB03--5f8b__A2_Q4WB03,0.9586952542658623,0.5,True
8ax0__A1_A0A384E145--8ax0__B1_A0A384E145,0.9732457954482234,0.5,True
8ant__B1_A0A1P8CWW1--8ant__A1_A0A1P8CWW1,0.7758769886174532,0.5,True
7r5y__E2_R7PD89--7r5y__A1_R7PD89,0.9903069061911288,0.5,True
7qow__B1_Q93P54--7qow__A1_Q93P54,0.9619821887407518,0.5,True
5il7__A1_Q8KC98--5il7__B1_Q8KC98,0.8575475377345729,0.5,True
3ct9__B1_Q8A1V9--3ct9__A1_Q8A1V9,0.969257888314473,0.5,True
8pvm__A1_P29166--8pvm__B1_P29166,0.9087846110061101,0.5,True
8ct0__F1_S4S3E3--8ct0__A1_S4S3E3,0.9290996905614817,0.5,True
3q2j__B1_P0A3Y5--3q2j__A1_P0A3Y5,0.8347179592967893,0.5,True
7xzp__B1_A0A379CIH2--7xzp__A1_A0A379CIH2,0.9749879716214955,0.5,True
7tvm__A1_UNDEFINED--7tvm__B1_UNDEFINED,0.9597116797873839,0.5,True
3qvf__A1_Q56187--3qvf__A2_Q56187,0.9449910626150523,0.5,True
6gxs__A1_Q7NZ70--6gxs__D1_Q7NZ70,0.628240687201115,0.5,True
2hr8__A1_O58456--2hr8__B1_O58456,0.8500731840240833,0.5,True
2zyf__A1_O87198--2zyf__A2_O87198,0.9108182650816546,0.5,True
7s3v__A1_Q16719--7s3v__A2_Q16719,0.9458410417544522,0.5,True
6a29__A1_O32504--6a29__B1_O32504,0.9839101254846476,0.5,True
4ml6__C1_A6GV51--4ml6__A1_A6GV51,0.9706815876914984,0.5,True
4cht__A1_Q13472--4cht__B1_Q9H9A7,0.8672276143665701,0.5,False
1n4p__B1_P53610--1n4p__A1_Q04631,0.9598200650915634,0.5,False
1tec__A1_P04072--1tec__B1_P01051,0.9855117510379765,0.5,False
8p1h__A1_E7EX29--8p1h__B2_E7EX29,0.7673144985166861,0.5,True
6b9t__A1_A9A1T2--6b9t__B1_A9A1T2,0.8705190889151919,0.5,True
3g0k__A1_Q2G4A7--3g0k__A2_Q2G4A7,0.9269864105725995,0.5,True
7zoo__B1_A0A979GQH9--7zoo__A1_A0A979GQH9,0.6690831832247932,0.5,True
8hy5__A1_P14920--8hy5__B1_P14920,0.8847027580589619,0.5,True
8fts__A1_R9UTR3--8fts__A2_R9UTR3,0.9788014513509042,0.5,True
1jrk__A1_Q8ZTD8--1jrk__B1_Q8ZTD8,0.9166619693895757,0.5,True
7y8v__A1_UNDEFINED--7y8v__B1_UNDEFINED,0.9518940964955671,0.5,True
2ejn__A1_P30440--2ejn__B1_P30440,0.9726483610202684,0.5,True
5hs5__A1_Q2G0D1--5hs5__B1_Q2G0D1,0.9650849827412942,0.5,True
3v89__A1_Q9K0U9--3v89__B1_P02787,0.9032168383861451,0.5,False
8e3g__B1_P43026--8e3g__A1_P12643,0.7959089286925316,0.5,False
2w8b__A1_P0A855--2w8b__H1_P0A912,0.8775335359859655,0.5,False
5f7p__B1_Q8YAF1--5f7p__A1_Q8YAF1,0.9670623408363728,0.5,True
8f71__B1_Q6N5G3--8f71__A1_Q6N5G3,0.9697240945126226,0.5,True
8hwi__B1_A0A327WNX5--8hwi__A1_A0A327WNX5,0.9428600529137063,0.5,True
7r3i__B1_P54292--7r3i__A1_P54292,0.900874244605546,0.5,True
8afj__A1_A0A179QS89--8afj__B1_A0A179QS89,0.9746749488498191,0.5,True
3pub__B1_E5EVW2--3pub__A1_E5EVW2,0.9584026713318694,0.5,True
8es5__A1_A0A0H2Z732--8es5__B1_A0A0H2Z732,0.915872353277252,0.5,True
7txn__B1_Q8YVV6--7txn__A1_Q8YVV6,0.9861767786869001,0.5,True
3py6__A1_Q2YQ74--3py6__A2_Q2YQ74,0.9471160061802143,0.5,True
1hjr__A1_P0A814--1hjr__C1_P0A814,0.9637350018747657,0.5,True
8k3b__A1_A0A071KWR3--8k3b__A2_A0A071KWR3,0.9605306352082504,0.5,True
3w2z__A1_Q8YXY7--3w2z__A2_Q8YXY7,0.9784623548443602,0.5,True
8f78__A1_P55212--8f78__B1_P55212,0.8170705553170855,0.5,True
6wg4__A1_Q14683--6wg4__B1_Q9UQE7,0.7846522796823067,0.5,False
7zry__A1_O60341--7zry__B1_Q9UKL0,0.8848652462725348,0.5,False
1uix__A1_Q28021--1uix__B1_Q28021,0.9145772278302399,0.5,True
7vrc__A1_P38956--7vrc__B1_P22082,0.8951754312252456,0.5,False
1oz0__A1_P31335--1oz0__B1_P31335,0.9573506493719924,0.5,True
7eft__B1_P16926--7eft__A1_P16926,0.8469243481263311,0.5,True
5jsn__A1_P10415--5jsn__B1_UNDEFINED,0.9109009390046705,0.5,False
8e2b__B1_Q2FYI5--8e2b__A1_Q2FYI5,0.8888816795929342,0.5,True
7jw6__A1_Q9VIF1--7jw6__A2_Q9VIF1,0.9756750235404896,0.5,True
1jkw__A1_P51946--1jkw__A2_P51946,0.9632873238416115,0.5,True
4pfp__B1_F1RQI7--4pfp__A1_F1RQI7,0.9824014429270806,0.5,True
8h1s__A1_Q9I5U2--8h1s__B1_Q9HX32,0.846986052016337,0.5,False
7t0y__A1_P62136--7t0y__B1_Q14684,0.7440595727053902,0.5,False
1tz9__A1_Q82ZC9--1tz9__B1_Q82ZC9,0.9183764637622415,0.5,True
2wns__B1_P11172--2wns__A1_P11172,0.9754174328401575,0.5,True
6s8v__B1_P08195--6s8v__A1_P80188,0.8315375200750839,0.5,False
6hq6__A1_UNDEFINED--6hq6__B1_UNDEFINED,0.9565978795798191,0.5,True
2gt4__A1_P32056--2gt4__B1_P32056,0.9052071216730481,0.5,True
3bof__A1_Q9WYA5--3bof__B1_Q9WYA5,0.9962976021610769,0.5,True
6trj__A1_O75475--6trj__A2_O75475,0.9105453888967169,0.5,True
8h4z__A1_A0A2X5A3P4--8h4z__B1_A0A2X5A3P4,0.9968200784317636,0.5,True
2hre__A1_P22830--2hre__B1_P22830,0.9085384268584854,0.5,True
5yjc__A1_Q5HK94--5yjc__B1_Q5HK94,0.8425642334826078,0.5,True
8d6k__A1_Q9L1K2--8d6k__B1_Q9L1K2,0.9482698895211316,0.5,True
2zew__B1_Q9ZA17--2zew__A1_Q9ZA17,0.9731146480796178,0.5,True
5wpi__A1_Q58PW8--5wpi__B1_Q58PW8,0.9551497561836995,0.5,True
8fk6__A1_A0A0C9S461--8fk6__B1_P80098,0.9140555307760928,0.5,False
7tm7__A1_A0A0H3GYH4--7tm7__B1_A0A0H3GYH4,0.9708387145872487,0.5,True
8gy0__A1_A0A8H4VHP2--8gy0__B1_A0A8H4VHP2,0.9163597523389793,0.5,True
7x4b__A1_A0A2D0TCG3--7x4b__B1_A0A2D0TCG3,0.9489321516780473,0.5,True
4aqp__B1_P54253--4aqp__A1_P54253,0.9142844581879306,0.5,True
3npi__A1_Q6NFU8--3npi__B1_Q6NFU8,0.9279703830258994,0.5,True
8cok__B1_Q9NXR8--8cok__A1_Q9NXR8,0.9019542252275651,0.5,True
1wz3__A1_Q9LVK3--1wz3__B1_Q9LVK3,0.7238317385905297,0.49867880211391663,True
1nw1__A1_Q22942--1nw1__B1_Q22942,0.9646079094466363,0.5,True
1hrp__B1_P0DN86--1hrp__A1_P01215,0.786502083471129,0.5,False
3qf4__B1_Q9WYC4--3qf4__A1_Q9WYC3,0.9386985813346984,0.5,False
7y4o__B1_A0A0G2JZC4--7y4o__A1_A0A0G2JZC4,0.9799373382568708,0.5,True
8hns__A1_A0A377JKY9--8hns__A2_A0A377JKY9,0.8476801270262643,0.5,True
3mpn__A1_O67854--3mpn__A2_O67854,0.9727043552844163,0.5,True
6vlg__A2_Q9WTS2--6vlg__C1_Q9WTS2,0.9703943346757407,0.5,True
1v71__A1_O59791--1v71__A2_O59791,0.9874103153541645,0.5,True
3fpk__A1_Q8ZKP5--3fpk__B1_Q8ZKP5,0.9268764056229393,0.5,True
8eb3__A1_K2K6A3--8eb3__B1_K2K6A3,0.9548542981780858,0.5,True
4z1i__C1_Q12931--4z1i__A1_Q12931,0.9457215693312244,0.5,True
8pz3__A1_D7SFB8--8pz3__B1_D7SFB8,0.925809763374625,0.5,True
5vpb__B1_P17535--5vpb__A1_P53539,0.8749781246022654,0.5,False
8bt3__A1_Q6F0T5--8bt3__A2_Q6F0T5,0.9212320994989056,0.5,True
1r7h__A1_O69271--1r7h__B1_O69271,0.851279350604682,0.5,True
4oag__A1_Q8BGV8--4oag__B1_Q8BGV8,0.7939300013569747,0.5,True
5bo9__A1_O43173--5bo9__B1_O43173,0.8855435726427555,0.5,True
7kws__A1_Q0P8H3--7kws__B1_Q0P8H3,0.9876587651677036,0.5,True
4qa0__A1_Q9BY41--4qa0__B1_Q9BY41,0.9643483778892189,0.5,True
6epi__B1_D5K9G7--6epi__A1_D5K9E3,0.9228179810131023,0.5,False
7qgs__B1_Q09472--7qgs__A1_Q16665,0.7892610837438424,0.5,False
7tz7__A1_P42336--7tz7__B1_P27986,0.8635600437602577,0.5,False
2zl1__A1_Q9UHA4--2zl1__B1_Q9JHS3,0.9395115856730031,0.5,False
4ija__A1_A0A0H3JS71--4ija__B1_A0A0H3JS71,0.9702818762442743,0.5,True
3ijt__B1_Q8DVN6--3ijt__A1_Q8DVN6,0.8465277643929611,0.5,True
7qgt__A1_P35520--7qgt__B1_P35520,0.9347630752932716,0.5,True
8i4q__A1_Q8NQI2--8i4q__B1_Q8NQI2,0.9704788532586193,0.5,True
5lxv__A1_G9FCX2--5lxv__B1_A0A1L1QK37,0.9413322323296506,0.5,False
8h25__A1_A0A5R8LFD3--8h25__C1_A0A5R8LFD3,0.9278028369436626,0.5,True
6kjl__A1_Q9RC94--6kjl__B1_Q9RC94,0.8542320090515729,0.5,True
5f3o__A1_C4LU64--5f3o__B1_C4LU64,0.9433381372602591,0.5,True
8arv__A1_Q9HW35--8arv__B1_Q9HW35,0.9810957114955338,0.5,True
2i1a__B1_P40087--2i1a__A1_P40087,0.9433135389335661,0.5,True
2y9x__A1_C7FF04--2y9x__E1_G1K3P4,0.9122455060204728,0.5,False
8waa__A1_P29401--8waa__B1_P29401,0.9657116845065101,0.5,True
6n2f__B1_Q94A94--6n2f__A1_Q94A94,0.9157533823621629,0.5,True
8b08__B1_P0A2K1--8b08__A1_P00929,0.9145011119054157,0.5,False
5ja2__A1_P11454--5ja2__B1_Q9I169,0.8332186070592402,0.5,False
4g3w__A1_O66591--4g3w__A2_O66591,0.9914370761920017,0.5,True
5cm2__A1_Q6C999--5cm2__B1_Q6C4P5,0.8951512448148184,0.5,False
6g70__B1_Q8K2Z2--6g70__A1_Q8K2Z2,0.9183719644538602,0.5,True
7xac__A1_P47929--7xac__B1_P47929,0.7959982930455373,0.5,True
4d4t__A1_P0DOE7--4d4t__A2_P0DOE7,0.9346730787569386,0.5,True
2zz8__A1_O34094--2zz8__B1_O34094,0.9583798252929764,0.5,True
8b8h__A1_P9WQA9--8b8h__B1_P9WQA9,0.8771254856129467,0.5,True
7u2s__A1_A0A2W1NDJ7--7u2s__B1_A0A2W1NDJ7,0.9521345126093211,0.5,True
1d2g__A1_P13255--1d2g__B1_P13255,0.9414167171426363,0.5,True
7uld__A1_O28028--7uld__A2_O28028,0.9545265420533012,0.5020491803278688,True
4c0f__B1_Q9NZN8--4c0f__A1_Q9NZN8,0.8913860428791908,0.5,True
8co8__A1_Q9Q6P4--8co8__A2_Q9Q6P4,0.9650576593964681,0.5,True
3lcr__B1_A4KCE5--3lcr__A1_A4KCE5,0.9977511134552273,0.5,True
8b21__A1_Q9S5X0--8b21__B1_Q9S5X0,0.9698630600650942,0.5,True
3swk__A1_P08670--3swk__B1_P08670,0.8801731327830664,0.5,True
8txn__B1_P08120--8txn__A1_P08120,0.9367135278049554,0.5,True
8dak__A1_F2X702--8dak__B1_F2X702,0.9446758420628524,0.5,True
2rde__B1_A0A0H3ADR8--2rde__A1_A0A0H3ADR8,0.8987355184284268,0.5,True
6sek__A1_UNDEFINED--6sek__B1_UNDEFINED,0.9803557824762195,0.5,True
2pih__A1_O31779--2pih__B1_O31779,0.939769143654612,0.5,True
6v7v__A1_A0SML3--6v7v__B1_A0SML3,0.9515244920500372,0.5,True
7ykv__B1_Q58241--7ykv__A1_Q58241,0.9760891737516755,0.5,True
7y4g__A1_Q8A028--7y4g__A2_Q8A028,0.9797070365289537,0.5,True
8cci__A1_A0R7I9--8cci__A2_A0R7I9,0.9806510570086264,0.5,True
6p35__A1_P75913--6p35__A2_P75913,0.970639296391702,0.5,True
6p3j__A1_Q0KJL4--6p3j__B1_Q0KJL4,0.9530340962417887,0.5,True
4o6p__A1_Q8RDI4--4o6p__B1_Q8RDI4,0.8508196127796095,0.5,True
8ozv__A1_A0A179UH34--8ozv__A2_A0A179UH34,0.9442732490959815,0.5,True
2cim__A1_Q46AN5--2cim__B1_Q46AN5,0.9160533059805462,0.5,True
6tpo__A1_P24474--6tpo__A2_P24474,0.983007958608542,0.5,True
7wwo__B1_Q5SH57--7wwo__A1_Q5SH57,0.779193031395762,0.5,True
4pmv__A1_Q8PEU1--4pmv__B1_Q8PEU1,0.9497292217099818,0.5,True
7xge__A1_UNDEFINED--7xge__B1_Q07820,0.9171807511726585,0.49996017681494165,False
6rmr__B1_P19926--6rmr__A1_P19926,0.9954927736810046,0.5,True
6hhb__A1_E0SCP7--6hhb__C1_E0SCP7,0.9731387467329661,0.5,True
7e5c__A1_A0A1I7CHQ2--7e5c__B1_A0A1I7CHQ2,0.9809903408155425,0.5,True
2gn5__A1_P69542--2gn5__A2_P69542,0.9405858041927049,0.5,True
2wfh__A1_O94813--2wfh__B1_O94813,0.9203289976017248,0.5,True
3zco__A1_P06701--3zco__A2_P06701,0.8884659165611397,0.5,True
2ghy__A1_P03051--2ghy__B1_P03051,0.8998814950526002,0.5,True
3htr__A1_Q6N0K4--3htr__B1_Q6N0K4,0.8380884072158775,0.5,True
8aeu__A1_Q00987--8aeu__A2_Q00987,0.8957014645273755,0.4997982786444325,True
1xuv__A1_Q8PZJ2--1xuv__C1_Q8PZJ2,0.957215691021597,0.5,True
2o8p__A1_Q5CYG0--2o8p__A2_Q5CYG0,0.9799285379900675,0.5,True
4zmu__A1_Q9I072--4zmu__B1_Q9I072,0.9445602974966659,0.5,True
3dl3__G2_Q5E3X2--3dl3__C1_Q5E3X2,0.8339594489739292,0.5,True
7yvz__A1_A7LPG5--7yvz__A2_A7LPG5,0.8669190083979328,0.5,True
4ia6__A1_Q5FL96--4ia6__B1_Q5FL96,0.9799269205326206,0.5,True
8bou__A1_A0A7G5MNS2--8bou__B1_A0A7G5MNS2,0.9812652148285447,0.5,True
5gk1__A1_Q7N4Z6--5gk1__B1_Q7N4Z6,0.9581011982001175,0.5,True
5x03__B1_P94426--5x03__A1_P94426,0.9747602469127193,0.5,True
3gku__A1_D0VX24--3gku__B1_D0VX24,0.9757376674542423,0.5,True
1k3e__B1_P58233--1k3e__A1_P58233,0.8997394778575207,0.49997526344431803,True
6u18__A1_Q9EVJ6--6u18__B1_Q9EVJ6,0.9440371252729799,0.5,True
6b9p__A1_C0HJB3--6b9p__B1_C0HJB3,0.9784842519068504,0.5,True
7wpy__A1_A0A097ZPD5--7wpy__C1_A0A097ZPD5,0.9522811189982041,0.5,True
7xn2__A1_Q8YR38--7xn2__A2_Q8YR38,0.9220514158945583,0.5,True
3qhy__B1_O87916--3qhy__A1_Q93T42,0.9693956831601951,0.5,False
4j5p__B1_P97612--4j5p__A1_P97612,0.9724477184079872,0.5,True
4icq__A1_A0A0H2UN95--4icq__B1_A0A0H2UN95,0.9775033813522422,0.5,True
1klf__B1_P08191--1klf__A1_P31697,0.9032639071397284,0.5,False
6y4l__A1_Q15006--6y4l__B1_Q9Y3B6,0.9035381235501068,0.5,False
6dex__B1_Q74ZQ8--6dex__A1_Q75DL0,0.9399758710531809,0.5,False
2z02__A1_Q58987--2z02__B1_Q58987,0.9863133387159211,0.5,True
4l7w__A1_Q7Z4H3--4l7w__A2_Q7Z4H3,0.9565117100593515,0.5,True
6tct__A1_Q9KL67--6tct__B1_Q9KL67,0.9270027867095392,0.5,True
6sul__A1_A8FAR5--6sul__B1_A8FAR5,0.9598558209838888,0.5,True
4qqv__A1_P26954--4qqv__B1_P26954,0.8509946496901635,0.5,True
3l8d__A1_A0RD96--3l8d__A2_A0RD96,0.968285563105199,0.5,True
7yqa__B1_A0A1C9ZZ39--7yqa__A1_A0A1C9ZZ39,0.7972545485116616,0.5,True
1b8m__B1_P34130--1b8m__A1_P23560,0.8768550734272967,0.5,False
1irq__B1_Q57468--1irq__A1_Q57468,0.8658787606645713,0.5,True
7xi6__A1_A5GXY1--7xi6__B1_A5GXY1,0.8262599949346938,0.5,True
6iik__A1_P54578--6iik__B1_P54578,0.9931274616974263,0.5,True
3nau__A1_Q9Y6X8--3nau__B1_Q9Y6X8,0.8328227882883341,0.5,True
3cis__B1_P9WFD7--3cis__A1_P9WFD7,0.9644087440874813,0.5,True
4jzy__B1_O77059--4jzy__A1_O77059,0.9448491120401894,0.5,True
8d03__A1_UNDEFINED--8d03__A2_UNDEFINED,0.9783441014596793,0.5108695652173914,True
7yxg__A1_Q9VU77--7yxg__B1_Q9VU77,0.9767331113058466,0.5,True
5cio__A1_A0A1A9TAI5--5cio__B1_A0A1A9TAI5,0.9542125392321436,0.5,True
8jwj__A1_Q9DAG9--8jwj__B1_P62837,0.8644045781442911,0.5,False
6ia6__A1_A0A1C7D1B7--6ia6__A2_A0A1C7D1B7,0.995614522109814,0.5,True
8h1g__A1_O67518--8h1g__A2_O67518,0.9720740904357703,0.5,True
6x61__A1_Q79V60--6x61__B1_Q8DMT2,0.7797316035004456,0.5,False
7kqt__A1_UNDEFINED--7kqt__B1_UNDEFINED,0.966127370478373,0.5,True
7x0d__A1_A5YW95--7x0d__B1_A5YW95,0.9679026275016553,0.5,True
1ghd__B1_O86089--1ghd__A1_O86089,0.9238712707903101,0.5,True
2x6f__A1_Q9W1M7--2x6f__B1_Q9W1M7,0.943528459686273,0.5,True
8oik__A1_Q9UPU9--8oik__C1_Q9UPU9,0.8961570990590972,0.49998017760862673,True
6nxl__A1_B4DV12--6nxl__E1_B4DV12,0.9395196841338598,0.4996358339402768,True
8wmy__A1_A0A4U7IGH6--8wmy__B2_A0A4U7IGH6,0.9287908207489131,0.5,True
3trf__A1_Q83AJ3--3trf__A2_Q83AJ3,0.8518370989938187,0.5,True
5h4s__A1_A0A090BWT0--5h4s__A2_A0A090BWT0,0.7326274500790997,0.5,True
2zvb__A1_Q53WA6--2zvb__A2_Q53WA6,0.9048893081903848,0.5,True
8wa7__A1_P27302--8wa7__B1_P27302,0.971593502281787,0.5,True
3b0z__B1_P40727--3b0z__A1_P40727,0.8730051119807983,0.5,True
4usp__A1_B3GA02--4usp__B1_B3GA02,0.86719501863775,0.5,True
7cms__A1_P00953--7cms__B1_P00953,0.983296334777505,0.5,True
7t8q__A1_Q7S860--7t8q__D1_Q7S860,0.9075441742962245,0.5,True
6j9k__A1_A0A425B3G2--6j9k__A2_A0A425B3G2,0.9647181579108889,0.49995986836824785,True
7xp0__A1_Q9I5E1--7xp0__A2_Q9I5E1,0.9163625645673527,0.5,True
8ih4__A1_Q8WVV5--8ih4__B1_Q8WVV5,0.9014960155001328,0.5,True
7qej__A1_P0DV33--7qej__B1_P0DV33,0.9599447093498107,0.5,True
1tfe__A1_P43895--1tfe__A2_P43895,0.9824186416495004,0.5,True
2a8f__A1_P15569--2a8f__B1_P15569,0.9721003134796238,0.5,True
4iwq__A1_Q9UHD2--4iwq__A2_Q9UHD2,0.8761615135470671,0.5,True
