system_id,auroc,bacc,is_homodimer
8iyi__A1_Q6CVU4--8iyi__B1_Q6CVU4,0.9646299722662817,0.5,True
1uus__A1_O00910--1uus__A2_O00910,0.9590525146464803,0.5,True
1zt2__A1_Q97Z83--1zt2__C1_Q9UWW1,0.9761335012876649,0.5,False
7uex__A1_Q9H999--7uex__A2_Q9H999,0.9358854803061873,0.5,True
6jqy__A1_P9WF13--6jqy__B1_P9WF13,0.946552037845706,0.5486353711790393,True
6l6w__A1_A0A3B6UEU3--6l6w__A2_A0A3B6UEU3,0.9967874262689351,0.5,True
8h56__A1_Q8BB16--8h56__B1_Q8BB16,0.9118386094895973,0.5,True
8grj__B1_Q8GQE7--8grj__A1_A0A0H3KLY3,0.9530962076222643,0.5,False
2j0n__B1_P18013--2j0n__A1_P18013,0.8476152854887445,0.5,True
3rq1__A1_D1BN29--3rq1__C1_D1BN29,0.9498079379905144,0.5,True
5djt__A1_O49004--5djt__B1_UNDEFINED,0.9585843630658339,0.5,False
5ae6__B1_Q92458--5ae6__A1_Q92458,0.9172131842957232,0.5,True
3v1e__A1_UNDEFINED--3v1e__B1_UNDEFINED,0.8255263157894737,0.5,True
7qi3__A1_W7NDP8--7qi3__C1_W7NDP8,0.9494045212832285,0.5,True
2yve__A1_Q8NMG3--2yve__B1_Q8NMG3,0.9359507546292976,0.5039036445136581,True
5ynx__A1_B2GM84--5ynx__B1_B2GM84,0.9475932927552941,0.5,True
2r6u__A1_Q0S814--2r6u__C1_Q0S814,0.8692754254833867,0.5,True
8b6m__A1_Q9H2K2--8b6m__B1_Q9H2K2,0.7476894325623104,0.49992990326650777,True
3kc2__A1_P36151--3kc2__B1_P36151,0.9832054779785653,0.5,True
3vp5__A1_Q9CHR1--3vp5__A2_Q9CHR1,0.9550000854600681,0.5,True
7pvh__A1_B2RLE7--7pvh__B1_B2RLE7,0.8042820153934385,0.5,True
4nqf__B2_Q7CW19--4nqf__A1_Q7CW19,0.9114178972614291,0.5,True
1vjh__A1_P0C0B0--1vjh__B1_P0C0B0,0.9673467345170663,0.5,True
5xw4__B1_Q00684--5xw4__A1_Q00684,0.8744422634509159,0.5,True
8aai__A1_O00560--8aai__C1_O00560,0.8005140651276563,0.5,True
4xdl__A1_P57789--4xdl__B1_P57789,0.8501450225893551,0.5,True
6ukl__A1_P0A901--6ukl__F1_P0A901,0.8589335865407762,0.49971915371653247,True
5dot__A1_P31327--5dot__B1_P31327,0.8658268650118618,0.5,True
5by4__A1_P0ABV6--5by4__A2_P0ABV6,0.9681968653948099,0.5,True
7zxs__A1_Q86TI2--7zxs__C1_Q86TI2,0.9736994382709858,0.5,True
1v6u__A1_Q7SI98--1v6u__B1_Q7SI98,0.8699395262056427,0.5,True
6e27__A1_Q9H257--6e27__B1_Q9H257,0.7966952028047278,0.5,True
7szd__A1_Q96S44--7szd__B1_Q9Y3C4,0.9664676435864779,0.5,False
1h9r__A1_P0A9G8--1h9r__B1_P0A9G8,0.9129753171912129,0.5,True
3on6__A1_A7M0J6--3on6__B1_A7M0J6,0.9740911297930075,0.5,True
8fwy__A1_Q4DGA2--8fwy__B1_Q4DGA2,0.9369292876808466,0.5,True
1yu6__A1_P00780--1yu6__C1_P68390,0.951425728909204,0.5,False
6ek1__A1_A0A452CST7--6ek1__A2_A0A452CST7,0.9796380981256361,0.5,True
6ckj__A1_P0A0Z8--6ckj__A2_P0A0Z8,0.9845264558117037,0.5,True
7yj0__B1_UNDEFINED--7yj0__A1_UNDEFINED,0.9467797981499021,0.5,True
1w33__A1_O50957--1w33__B1_O50957,0.9696862660642318,0.5,True
4usk__B1_H7C745--4usk__B2_H7C745,0.942367530836111,0.5,True
6cmv__B1_Q4J9G1--6cmv__A1_Q4J9G1,0.9806376483966497,0.5,True
7y70__A1_F4KCC2--7y70__A2_F4KCC2,0.9022607104647016,0.5,True
3cwx__A1_P94837--3cwx__B1_P94837,0.9666745188856927,0.5,True
3p1y__A1_O29362--3p1y__B1_O29362,0.9094750854863478,0.5,True
8a8i__A1_Q9R9V9--8a8i__B1_Q9R9V9,0.9914912244702534,0.5,True
5d1l__A1_P62837--5d1l__B1_Q96BH1,0.7547295620890708,0.5,False
8bcs__A1_UNDEFINED--8bcs__A2_UNDEFINED,0.9185032944447804,0.5420389288520824,True
8og3__A1_P38489--8og3__B1_P38489,0.9582897363278189,0.5,True
3c07__A1_Q9KZ96--3c07__B1_Q9KZ96,0.9375129323991285,0.5,True
3iqy__A1_P28366--3iqy__A2_P28366,0.9643753008069337,0.5,True
4afi__A1_P70280--4afi__B1_P70280,0.9167214236776096,0.5,True
7e76__A1_A0A3B6LNA8--7e76__B1_A0A3B6LNA8,0.8741517036681088,0.5,True
3cqc__A1_P57740--3cqc__B1_Q8WUM0,0.9799248288343291,0.5,False
7x1k__A1_Q6DL91--7x1k__B1_Q6DL91,0.8394403484511228,0.5,True
6ydr__A1_A0A3S8UVN5--6ydr__A2_A0A3S8UVN5,0.8856934564536134,0.5,True
8egw__B1_Q6V0I7--8egw__A1_Q96JQ0,0.9093756600250107,0.5,False
8sgd__A1_P25342--8sgd__B1_P32457,0.8711408676781489,0.5,False
3ecf__A1_Q3M5E4--3ecf__B1_Q3M5E4,0.9258082621457516,0.5,True
6j94__A1_Q93VK5--6j94__B1_Q93VK5,0.9669754366140709,0.5,True
7xsh__A1_K1KV82--7xsh__B2_K1KV82,0.9726983536248217,0.5,True
7fct__B1_A0A4Y1LJC5--7fct__A1_A0A4Y1LJC5,0.9312480236310038,0.5,True
8v14__A1_G5EEF9--8v14__B1_G5EEF9,0.9434040880503145,0.5,True
6r76__A1_H3ZMH8--6r76__B1_H3ZMH8,0.9702601319133952,0.5,True
8ap0__A1_A0A5S9CYM0--8ap0__A2_A0A5S9CYM0,0.9898583565507515,0.5,True
5j10__A1_UNDEFINED--5j10__B1_UNDEFINED,0.9134590907073911,0.5055140490308959,True
3qph__A1_Q9HGZ9--3qph__A2_Q9HGZ9,0.9111006447151208,0.5,True
3o6j__A1_O67987--3o6j__B1_O67987,0.9698530637621977,0.5,True
6o6z__A1_B6YWC3--6o6z__B1_B6YWC3,0.973794040875774,0.5,True
7edp__B1_Q5JT35--7edp__A1_Q8TEK3,0.8203623405103668,0.5,False
3fil__A1_P19909--3fil__B1_P19909,0.977773842949772,0.6129183214023727,True
6do2__A1_P11021--6do2__B1_P11021,0.9935037135017944,0.5,True
7f4q__B1_Q22GC0--7f4q__A1_I7M8B9,0.9278778295281499,0.5,False
4hfg__A1_Q9NQG5--4hfg__B1_Q9NQG5,0.9433433002322191,0.5,True
7yh2__A1_A0A1Q9P883--7yh2__B1_A0A1Q9P883,0.9930496177893424,0.5,True
3axs__A1_O67010--3axs__A2_O67010,0.9641090506417701,0.5,True
3cqr__A1_Q39249--3cqr__B1_Q39249,0.9192811442284099,0.5,True
3s8k__A1_P80691--3s8k__B1_P80691,0.9639186764314476,0.5,True
4oun__A1_O31418--4oun__A2_O31418,0.9657756274245054,0.5,True
2iab__A1_Q825J7--2iab__B1_Q825J7,0.911052966133014,0.5,True
3o3n__A1_Q5U924--3o3n__B1_Q5U923,0.9538127139183338,0.5,False
6f3z__A1_P0ADC3--6f3z__B1_P61316,0.9705113228413933,0.5,False
1hr7__A1_P11914--1hr7__B1_P10507,0.9440898867133075,0.5,False
8gko__B1_P28296--8gko__A1_P28296,0.9576400074920397,0.5,True
2gkv__A1_P00777--2gkv__B1_P68390,0.9491565937197765,0.5,False
8stx__A1_Q4E4E1--8stx__B1_Q4E4E1,0.9874620525034868,0.5,True
4m36__A1_Q582G4--4m36__A2_Q582G4,0.957623745227583,0.5,True
5wpu__A1_A0A076NBW8--5wpu__A2_A0A076NBW8,0.8912442506508306,0.5,True
5yps__A1_A0A0W4ZF97--5yps__B1_A0A0W4ZF97,0.9467259973754155,0.5,True
5oge__E1_P40107--5oge__A1_P40107,0.902110435752443,0.5,True
5fey__B1_Q13049--5fey__A1_Q13049,0.8978648236452441,0.5,True
8hce__B1_Q91XB0--8hce__A1_Q91XB0,0.9456448122039026,0.5,True
1ggp__B1_Q7SIF1--1ggp__A1_Q7SIF0,0.9269395505461671,0.5,False
5z50__A1_O05926--5z50__B1_O05926,0.9782273182063873,0.5,True
6eyy__A1_A0A1S5PRR0--6eyy__B1_A0A1S5PRR0,0.8324276078226034,0.5,True
7t9u__A1_Q86WV6--7t9u__A2_Q86WV6,0.9787899219230052,0.5,True
6ey4__A1_Q5EGM3--6ey4__A2_Q5EGM3,0.9170384984482055,0.5,True
2hvg__A1_A5KBL5--2hvg__B1_A5KBL5,0.9439189532840868,0.5,True
6wp7__A1_Q82H41--6wp7__B1_Q82H41,0.9382738967433633,0.5,True
7dnu__A1_P32092--7dnu__A2_P32092,0.8172661817012452,0.5,True
3w8i__A1_Q9BUL8--3w8i__B1_Q9P289,0.9033020879230211,0.5,False
4oky__A1_Q52612--4oky__A2_Q52612,0.9580689921953948,0.5,True
7t63__B1_UNDEFINED--7t63__A1_UNDEFINED,0.8605063475183851,0.5,True
7x20__A1_P54708--7x20__B1_P07340,0.9149750672026437,0.5,False
3hnw__A1_D0VWZ2--3hnw__B1_D0VWZ2,0.9317337176028544,0.5,True
8r37__A1_A0A086IRG1--8r37__B1_A0A086IRG1,0.8434583352443754,0.5,True
7zm5__A1_Q6WGM0--7zm5__B1_Q6WGM0,0.9845295028404982,0.5,True
2z7j__A1_P25220--2z7j__A2_P25220,0.5090128922852055,0.5,True
1rqg__A1_Q9V011--1rqg__A2_Q9V011,0.8649726261208638,0.5,True
8brl__A1_F7J213--8brl__A2_F7J213,0.9643019039989922,0.5,True
6noi__A1_UNDEFINED--6noi__B1_UNDEFINED,0.9203753013739748,0.5,True
7qiu__A1_P94538--7qiu__B1_P94538,0.98570660847933,0.5,True
6sjs__A1_B8FUR2--6sjs__B1_B8FUR2,0.9867456755793572,0.5,True
8hlg__A1_Q9RR88--8hlg__B1_Q9RR88,0.880014630393381,0.5,True
6mpc__A1_B3DQP5--6mpc__B1_B3DQP5,0.9911316009000694,0.5,True
4uae__A1_O00629--4uae__B1_P31345,0.9169163092314183,0.5,False
7pcr__A1_P56185--7pcr__A2_P56185,0.9356956915954858,0.5,True
3bvq__B1_Q2I6W2--3bvq__A1_Q2I6W2,0.9778472185650009,0.5,True
7a67__B1_UNDEFINED--7a67__A1_Q9V1Z9,0.900397954788544,0.5,False
6bsu__A1_Q9LZJ3--6bsu__B1_Q9LZJ3,0.9237027406337952,0.4999955905956223,True
4e5u__B1_Q9HZN8--4e5u__A1_Q9HZN8,0.9854169758978795,0.5,True
8a52__A1_P23222--8a52__B1_P23222,0.9391073741891872,0.5,True
1d0v__A1_Q05603--1d0v__A2_Q05603,0.9836799866908257,0.49999581827913825,True
3gwq__A1_Q145Q0--3gwq__B1_Q145Q0,0.9018614557634745,0.5,True
1yhc__A1_O67648--1yhc__B1_O67648,0.9176151625680848,0.5,True
7lxs__A1_Q8ZMZ2--7lxs__C1_Q8ZMZ2,0.95262129599479,0.5,True
6w08__B1_Q9KL63--6w08__A1_Q9KL63,0.9582528744349472,0.5,True
7wrm__A1_D0IVL9--7wrm__B1_D0IVL9,0.9248019270264562,0.5,True
2yww__B1_Q58801--2yww__A1_Q58801,0.9839685559783697,0.51,True
3lm6__A1_P40869--3lm6__B1_P40869,0.9753586608956897,0.5,True
7trw__A1_A0A380PDL3--7trw__A2_A0A380PDL3,0.883370174569869,0.5,True
8syc__A1_Q13370--8syc__B1_Q13370,0.9299816138527004,0.5,True
1gk6__A1_P03069--1gk6__B1_P03069,0.927635280650356,0.5,True
1reo__A1_Q6STF1--1reo__A2_Q6STF1,0.9721694654632559,0.5,True
6s3b__A1_Q88JK6--6s3b__B1_Q88JK6,0.9745793159586262,0.5,True
7tl5__A1_A0A3F3B310--7tl5__B1_A0A3F3B310,0.9095529324556891,0.5,True
2asf__A1_P9WLL7--2asf__A2_P9WLL7,0.951525363444404,0.5,True
8ilj__A1_A0A242MJ43--8ilj__B1_A0A242MJ43,0.9839067323273013,0.5,True
8ezg__A1_P01116--8ezg__B1_UNDEFINED,0.9403843906998481,0.5,False
7uh4__A1_UNDEFINED--7uh4__B1_UNDEFINED,0.9247997264556467,0.5,True
4usc__A1_A0A0A0Y4H8--4usc__B1_A0A0A0Y4H8,0.9775318192716889,0.5,True
5yp3__A1_Q6F3I7--5yp3__B1_Q6F3I7,0.995160287474976,0.5,True
8aid__A1_Q9HWJ8--8aid__B1_Q9HWJ8,0.9737403807773984,0.5,True
7yp6__B1_E5L4T5--7yp6__A1_E5L4T5,0.8817434427338682,0.5,True
4aql__A1_Q9Y2T3--4aql__A2_Q9Y2T3,0.9765562242200853,0.5,True
3idf__A1_O34252--3idf__B1_O34252,0.9198402964959569,0.5,True
8fjr__A1_D1A807--8fjr__B1_D1A807,0.869122766387335,0.5,True
7z56__B1_F0NGX6--7z56__A1_F0NGX6,0.9913529271184075,0.5,True
7olf__A1_A9CEY7--7olf__B1_A9CEY7,0.9714529396665714,0.5,True
6ikj__A1_Q9I4L6--6ikj__B1_Q9I4L6,0.6388101826231323,0.5,True
8b2q__A1_D0EM77--8b2q__B1_G8UM88,0.9587427001939558,0.5,False
5x42__A1_Q5ZYB7--5x42__B1_Q5ZYC6,0.953575439910146,0.5,False
1vkh__A1_Q04066--1vkh__B1_Q04066,0.9325160027713102,0.5,True
5omd__A1_Q04377--5omd__A2_Q04377,0.7852381544584007,0.5,True
2vsg__A1_P26329--2vsg__B1_P26329,0.9452178815316412,0.5,True
1jql__A1_P0A988--1jql__B1_P28630,0.9846224609680319,0.5,False
1w9c__A1_O14980--1w9c__B1_O14980,0.9935093237903907,0.5,True
7n35__A1_UNDEFINED--7n35__B2_UNDEFINED,0.8903499278499278,0.5,True
3upl__A1_Q2YIM3--3upl__B1_Q2YIM3,0.9861800352604349,0.5,True
3tm2__A1_Q83XN4--3tm2__B1_Q83XN4,0.9181329798620542,0.5,True
3kxa__A1_Q5F9C2--3kxa__B1_Q5F9C2,0.8913068580147635,0.5,True
7yls__B1_C5CSP6--7yls__A1_C5CSP7,0.9341006748409246,0.5,False
7psg__A1_Q6D515--7psg__B1_Q6D515,0.9668584603894579,0.5,True
8pte__A1_P00698--8pte__A2_P00698,0.8711357088906267,0.5,True
7ytu__B1_P68623--7ytu__A1_P68458,0.8733982260843335,0.5,False
7ykc__A1_P14843--7ykc__B1_P14843,0.9583863104264773,0.5,True
3wxe__A1_E7FEV5--3wxe__B1_P0CG48,0.9032238065937583,0.5,False
7zr3__A1_A0A8E4HNI8--7zr3__B1_A0A8E4HNI8,0.9714298515487321,0.5104166666666666,True
2vjf__A1_Q00987--2vjf__B1_O15151,0.8641617405190023,0.4997456118036123,False
7pvo__A1_P56137--7pvo__A2_P56137,0.9716128053648931,0.5,True
3kkd__A1_Q9HXU1--3kkd__A2_Q9HXU1,0.9369476663115882,0.5,True
3mph__A1_P19801--3mph__B1_P19801,0.9104998082614125,0.5,True
6jc4__A1_A6TE44--6jc4__D1_A6TE44,0.9191564779394658,0.5,True
2rf4__A1_P46669--2rf4__B1_P50106,0.8843068352655801,0.5,False
4huz__A1_Q9ZBB0--4huz__A2_Q9ZBB0,0.9143003992820705,0.5,True
5gtj__B1_Q9BV47--5gtj__A1_Q9BV47,0.9688006256838828,0.5,True
2xw7__A1_A0QP85--2xw7__B1_A0QP85,0.9611619797896085,0.5,True
6l6h__A1_Q5ZZ22--6l6h__B1_Q5ZZ22,0.9574792539107603,0.5,True
8p7m__A1_P0A434--8p7m__A2_P0A434,0.980761562321582,0.5,True
6dm9__A1_UNDEFINED--6dm9__B1_UNDEFINED,0.8584231874070717,0.5,True
6gou__A2_P97275--6gou__C1_P97275,0.9423156081539673,0.5,True
2wwo__A1_Q66ED7--2wwo__B1_Q66ED7,0.9694654674634953,0.5,True
8i3n__A1_Q12178--8i3n__C1_Q12178,0.9768785720153502,0.5,True
1s7i__A1_Q9I3Z5--1s7i__A2_Q9I3Z5,0.8380317315325309,0.5,True
3szw__A1_B7JBP8--3szw__A2_B7JBP8,0.9896378573596121,0.5,True
5x7r__A1_A0A193PKW5--5x7r__B1_A0A193PKW5,0.916599324478525,0.5,True
2nys__A1_Q8U561--2nys__B1_Q8U561,0.9672533882582308,0.5,True
3gr5__A1_O52135--3gr5__A2_O52135,0.8430407364556998,0.5,True
3ded__A1_Q7P1I2--3ded__B1_Q7P1I2,0.8037503314347854,0.5,True
5b5x__A1_Q75NZ1--5b5x__A2_Q75NZ1,0.8344549572258763,0.5,True
7qga__A1_P21589--7qga__A2_P21589,0.9931504059342257,0.5,True
3sd2__A1_Q8A1T7--3sd2__A2_Q8A1T7,0.8515078510288533,0.4997789240972734,True
8ow9__A1_G8UQH9--8ow9__B1_G8UQH9,0.9577312431874809,0.5,True
3bcw__B1_A0A0H3LK92--3bcw__A1_A0A0H3LK92,0.9412252825164187,0.5,True
6duy__A1_Q61301--6duy__B2_Q61301,0.9460273906006028,0.5,True
5zyf__A1_Q99ZW0--5zyf__B1_Q99ZW0,0.8534774459577659,0.5,True
1mml__A1_P03355--1mml__A2_P03355,0.9367938570132456,0.5,True
2b7o__A1_O53512--2b7o__B1_O53512,0.9448580598499232,0.5,True
1v57__A1_P77202--1v57__A2_P77202,0.977391882721459,0.5,True
2hsa__B1_Q9FEW9--2hsa__A1_Q9FEW9,0.976117677262592,0.5,True
4tsd__A1_O25673--4tsd__B1_O25673,0.9771756876938529,0.5,True
7qh0__B1_P48499--7qh0__A1_P48499,0.9860512682140148,0.5,True
1ayf__B1_P00257--1ayf__A1_P00257,0.9638946087607638,0.5,True
3neu__A1_Q92AT3--3neu__A2_Q92AT3,0.906677030449955,0.5,True
8f9x__A1_Q5LVE1--8f9x__B1_Q5LVE1,0.9612289771606832,0.5033112582781457,True
6ne2__A1_UNDEFINED--6ne2__B1_O75084,0.9623315868892347,0.5,False
2b4h__A1_P12473--2b4h__B1_P12473,0.8863369729831032,0.5,True
3pui__A1_Q9L9D7--3pui__A2_Q9L9D7,0.9742441663382735,0.5,True
1myl__A1_P03050--1myl__B1_P03050,0.8352662426736501,0.5145636256747368,True
1rqi__A1_P22939--1rqi__B1_P22939,0.9794727043940861,0.5,True
3x1b__A1_UNDEFINED--3x1b__B1_UNDEFINED,0.9777645483616475,0.5,True
6pya__A1_P04278--6pya__A2_P04278,0.912905806782757,0.5,True
1r27__A1_P09152--1r27__B1_P11349,0.9437771989424487,0.5,False
7zuv__A1_A0A2K3DY10--7zuv__D2_A0A2K3DY10,0.8734293958034769,0.5,True
2aho__A1_Q980A5--2aho__B1_Q97Z79,0.9513897009890477,0.5,False
6mni__A1_A0A2V0QX35--6mni__B1_A0A2V0QX35,0.989060651281778,0.5,True
4kif__B1_Q643C8--4kif__A1_Q643C8,0.9781516783409202,0.5,True
7vyu__A1_A0A022MLV4--7vyu__B1_A0A022MLV4,0.9064510452202689,0.5,True
7vmv__B1_Q5I3B6--7vmv__A1_Q58HT7,0.710005490135536,0.5,False
3g23__A1_Q2G8F3--3g23__B1_Q2G8F3,0.9744462159405927,0.5,True
3ui3__A1_O05728--3ui3__B1_O05728,0.9363017605232137,0.5,True
8ohy__A1_Q556V8--8ohy__A2_Q556V8,0.9838478850824529,0.5,True
5zgo__A1_Q5SHW6--5zgo__B1_Q5SHW6,0.9404624125137027,0.5,True
5uph__B1_Q14108--5uph__A1_Q14108,0.9694625221492599,0.5,True
6u3w__A1_P53622--6u3w__B1_P40509,0.97112142030922,0.5,False
2gsv__B1_P71066--2gsv__A1_P71066,0.8359607246528871,0.5,True
7yh1__A1_A0A5B9DB95--7yh1__B1_A0A5B9DB95,0.956893944438895,0.49996254120467487,True
6c6r__A1_Q14534--6c6r__B1_Q14534,0.9936862380873105,0.5,True
6p4o__B1_Q970I1--6p4o__A1_Q970I2,0.95734878013965,0.5,False
8i8y__B1_UNDEFINED--8i8y__A1_UNDEFINED,0.6007698081867983,0.5,True
2oys__A1_A0A0H2URW2--2oys__B1_A0A0H2URW2,0.9288982779062761,0.5,True
8i85__A1_D2B3F1--8i85__B1_D2B3F1,0.8456369235606715,0.5,True
2b0a__A1_Q58193--2b0a__A2_Q58193,0.9715442388623934,0.5,True
3ayh__B1_O94285--3ayh__A1_Q9C0Z9,0.8519554088304433,0.5,False
7yji__A1_UNDEFINED--7yji__A2_UNDEFINED,0.9937100938775265,0.5054347826086957,True
2g38__B1_Q79FE1--2g38__A1_Q7D756,0.9145985316328732,0.5,False
2z6k__A1_P15927--2z6k__C1_P35244,0.8791396348306917,0.5,False
3p8b__B1_Q8TZK1--3p8b__A1_Q8U440,0.857912689321624,0.5,False
6z68__A1_A0A1M6Y2K1--6z68__B1_A0A1M6Y2K1,0.9131163772972148,0.5,True
5yz5__A1_Q16555--5yz5__A2_Q16555,0.9561889457112311,0.5,True
6dk9__A1_A7A1Y4--6dk9__A2_A7A1Y4,0.9647914636709272,0.5,True
6fls__A1_UNDEFINED--6fls__B1_UNDEFINED,0.9919057425558562,0.5,True
2p19__A1_Q8NTZ4--2p19__C1_Q8NTZ4,0.8967829019080509,0.5,True
8ai1__B1_Q45595--8ai1__A1_Q45595,0.910921521388599,0.5,True
7px0__B1_Q9VF53--7px0__A1_Q9VF53,0.9785796232693538,0.5,True
4cmz__B1_Q9BXM0--4cmz__A1_Q9BXM0,0.8449572105322396,0.5,True
8gyz__B1_Q93ZE2--8gyz__A1_Q93ZE2,0.9672598161228271,0.5,True
5j1l__B1_O26069--5j1l__A1_O26068,0.98017945716107,0.5,False
7ubk__B1_P03047--7ubk__A1_P03047,0.8383184314983361,0.5,True
6j26__A1_Q5JIZ3--6j26__B1_Q5JIZ3,0.9616408193305768,0.5,True
8ic1__A1_UNDEFINED--8ic1__B1_UNDEFINED,0.8651319926525605,0.5,True
6jqv__A1_Q8LC68--6jqv__B1_Q8LC68,0.9659760335298274,0.5,True
2ns9__A1_Q9Y9R3--2ns9__B1_Q9Y9R3,0.976873368177716,0.5,True
5l8s__A1_E1VFE0--5l8s__C1_E1VFE0,0.97618145869388,0.5,True
6zrw__A1_B3VS76--6zrw__B1_B3VS76,0.9459079080985021,0.5,True
5fcn__B1_Q66GS9--5fcn__A1_Q66GS9,0.9266270978305362,0.5,True
7vl1__A1_I0AIT9--7vl1__B1_I0AIT9,0.9719533632277697,0.5,True
2rek__B2_Q9ADD9--2rek__A1_Q9ADD9,0.9843506976847533,0.5,True
2zrt__A1_O75340--2zrt__B1_O75340,0.9180413135039588,0.5,True
8h3t__A1_UNDEFINED--8h3t__B1_UNDEFINED,0.9565537935018327,0.5,True
2f1m__A1_P0AE06--2f1m__B1_P0AE06,0.7328339656053231,0.5,True
3t5t__B1_Q15JG1--3t5t__A1_Q15JG1,0.9548654740765801,0.5,True
4z9r__B1_Q8EGK4--4z9r__A1_Q8EGK4,0.9675632103190152,0.5,True
2oze__A1_Q57280--2oze__A2_Q57280,0.9717109468079825,0.5,True
1x6m__A1_Q51669--1x6m__D1_Q51669,0.8534530589630964,0.5,True
4pfc__A1_P14735--4pfc__B1_P14735,0.9557656060901182,0.5,True
6byi__A1_Q8PI23--6byi__B1_Q8PI23,0.9490874372081746,0.5,True
3aaa__A1_P13127--3aaa__B1_P14315,0.965860465323939,0.5,False
1xgm__A1_P56218--1xgm__B1_P56218,0.9602388366003821,0.5,True
5mrv__A1_Q8IVL8--5mrv__C1_P86912,0.9129782263528887,0.5,False
5e4v__A1_Q89933--5e4v__A2_Q89933,0.9378504524221458,0.5,True
1vhq__A1_P0ABU5--1vhq__B1_P0ABU5,0.9811812695960901,0.5,True
2pqv__B1_A0A0H2UMZ7--2pqv__A1_A0A0H2UMZ7,0.9388847889522258,0.5,True
1zva__A1_P59594--1zva__A2_P59594,0.9292068610825388,0.5097241031465823,True
8pq4__A1_P69782--8pq4__A2_P69782,0.9132379248658319,0.5,True
8a14__A1_A0A0D1E4Q7--8a14__C2_A0A0D1E4Q7,0.8959519132946979,0.5,True
1dtd__A1_P48052--1dtd__B1_P81511,0.949963937973314,0.5,False
3c6n__B1_Q570C0--3c6n__A1_Q39255,0.897899329186378,0.5,False
3ctz__A1_Q9NQW7--3ctz__A2_Q9NQW7,0.9827653343492357,0.5,True
1wab__A1_Q29460--1wab__A2_Q29460,0.9501745615089597,0.5,True
1zl5__A1_Q00496--1zl5__B1_Q00496,0.8512886181489142,0.5,True
5dbj__A1_Q4KCZ0--5dbj__A2_Q4KCZ0,0.9840451303328024,0.5,True
7qsq__B1_Q9X053--7qsq__A1_Q9X053,0.9402764945419703,0.5,True
7duc__B1_Q2G2U4--7duc__A1_Q2G2U4,0.9181293103448276,0.5,True
2cdu__A1_Q9F1X5--2cdu__B1_Q9F1X5,0.9757587628018207,0.5,True
8g0f__A1_Q6NK15--8g0f__B1_Q6NK15,0.9363101411980017,0.5,True
8a45__B1_B7V7R4--8a45__A1_B7V7R4,0.9260361555438957,0.5,True
6no3__A1_B3FHP0--6no3__B1_B3FHP0,0.8956405509606746,0.5,True
3g7p__A1_B7JA91--3g7p__A2_B7JA91,0.975476533717764,0.5,True
8khq__A1_A0A1I5R890--8khq__C1_A0A1I5R890,0.890789314982624,0.5,True
7owz__B1_Q9JMA2--7owz__A1_B8ZXI1,0.9410734547007187,0.5,False
7xbe__A1_UNDEFINED--7xbe__A2_UNDEFINED,0.9122164040480718,0.5,True
6dk7__D1_Q9HUV7--6dk7__A1_Q9HUV7,0.9845273568700073,0.49998997011093055,True
4hsl__A1_Q1LCS4--4hsl__A2_Q1LCS4,0.9779938636603445,0.5,True
8b3s__A1_O31597--8b3s__B1_A0A164W157,0.8771888417379494,0.5,False
5euv__A1_D1LZK0--5euv__B1_D1LZK0,0.9416299109856027,0.5,True
8gz4__A1_A0A7H0DN78--8gz4__A2_A0A7H0DN78,0.9899388691419614,0.5,True
7tmg__A1_A0A0H3GLR2--7tmg__B1_A0A0H3GLR2,0.9713849896632022,0.5,True
4hsr__B1_UNDEFINED--4hsr__A1_UNDEFINED,0.9156795838554735,0.5,True
7tgn__B1_A0A1Q5L7T0--7tgn__A1_A0A1Q5L7T0,0.9783792348491561,0.5,True
4fz2__A1_C7DIA5--4fz2__B1_C7DIA5,0.9584846009685186,0.5,True
6j2l__A1_P37793--6j2l__B1_P37793,0.918176631741432,0.5,True
5grk__A1_Q89XR0--5grk__B1_Q89XR0,0.9337659961806968,0.5,True
3qxs__A1_O24872--3qxs__A2_O24872,0.957882492400242,0.5,True
8q3y__A1_E8URK0--8q3y__B1_E8URK0,0.9840599094367752,0.5,True
1pyb__A1_O66738--1pyb__B1_O66738,0.8867243786128521,0.5,True
7yto__A1_Q9RHU9--7yto__B1_Q9RHU9,0.954050780227917,0.5,True
5vae__A1_Q9AET9--5vae__B1_Q9AET7,0.8482323292238465,0.5,False
1zrs__A1_Q9HTZ1--1zrs__B1_Q9HTZ1,0.9847382555358739,0.5,True
2cg5__A1_Q9NRN7--2cg5__B1_P49327,0.9654026637087385,0.5,False
4yk8__B1_O36019--4yk8__A1_O13978,0.9138023722513465,0.5,False
2iml__A1_O28442--2iml__C1_O28442,0.9183746450031336,0.5,True
6iru__A1_Q9RVF9--6iru__A2_Q9RVF9,0.9878562097460202,0.5,True
4x36__A1_P06653--4x36__A2_P06653,0.9751191546750505,0.5,True
8iev__A1_Q0PAW2--8iev__B1_Q0PAW2,0.9469605352363961,0.5,True
3cyg__A1_A7HM60--3cyg__B1_A7HM60,0.6871002885822874,0.5,True
5kvr__A1_P0ACL9--5kvr__A2_P0ACL9,0.8815747261644693,0.5,True
1na8__A1_Q9UJY5--1na8__B1_Q9UJY5,0.9830760193471063,0.5,True
5fis__A1_H9IUR0--5fis__B1_H9IUR0,0.9348494729247956,0.5,True
5yo8__A1_A0A094YZ24--5yo8__B1_A0A094YZ24,0.9860849436202342,0.5,True
7z6m__A1_A0A0H3LM39--7z6m__A2_A0A0H3LM39,0.9321282622008668,0.5,True
7vua__A1_UNDEFINED--7vua__B1_UNDEFINED,0.9949597742080073,0.5,True
2yxd__A1_Q57836--2yxd__B1_Q57836,0.9186286057248217,0.5,True
1aua__A1_P24280--1aua__A2_P24280,0.9954239288646152,0.5,True
7zw3__A1_P27338--7zw3__B1_P27338,0.8883964902189941,0.5,True
5xjx__I1_C0LGW6--5xjx__A1_Q9SSD1,0.7413605187321154,0.5,False
7xca__A1_W5X1V8--7xca__B1_W5X1V8,0.9734758106664849,0.5,True
7xub__A1_Q96KQ7--7xub__B1_Q96KQ7,0.9365243570980557,0.5,True
5xlu__A1_Q65KZ6--5xlu__B1_A9YTT0,0.8781352161475143,0.5,False
8smq__A1_Q182N1--8smq__B1_Q182N1,0.8917573590740002,0.504283457646195,True
8eni__A1_A0A0H3JRH8--8eni__A2_A0A0H3JRH8,0.9487468072653609,0.5,True
1q77__A1_O66565--1q77__B1_O66565,0.9240873418784497,0.5,True
5xor__A1_A9YPG7--5xor__E1_A9YPG7,0.9098820452604612,0.5,True
6nbp__A1_A0A4P1LYI6--6nbp__A2_A0A4P1LYI6,0.9920214782706713,0.5,True
4wu2__A1_Q7WUJ1--4wu2__B1_Q7WUJ1,0.9750730120801806,0.5,True
2nvn__A1_Q31MH7--2nvn__A2_Q31MH7,0.9553487604328942,0.5,True
3zyh__A1_Q05097--3zyh__B1_Q05097,0.961099242825131,0.5,True
8a21__A1_A0QJI1--8a21__A2_A0QJI1,0.9814721251169345,0.4999968073558521,True
8ho2__A1_A0A191T7N6--8ho2__B1_A0A191T7N6,0.9334673612490261,0.5,True
2j8q__A1_O43809--2j8q__B1_O43809,0.8536535823434679,0.5,True
1cx8__A1_P02786--1cx8__B1_P02786,0.971138080762577,0.5,True
5zfk__A1_Q31LX1--5zfk__B1_Q31LX1,0.9764085118587813,0.5,True
2qti__A1_Q8EF26--2qti__A2_Q8EF26,0.8672163546582312,0.5161420430646546,True
5djo__B1_Q9EQW7--5djo__A1_Q9EQW7,0.9607607652720435,0.5,True
1kve__B1_P19972--1kve__A1_P19972,0.7876101418627192,0.5,True
4kjq__A1_P37019--4kjq__B1_P37019,0.9378166218482239,0.5,True
8qyw__A1_Q9NVS9--8qyw__A2_Q9NVS9,0.9065714181754773,0.5,True
4djb__A1_P04489--4djb__B1_P04489,0.9109443263379622,0.5,True
7t1e__A1_P78556--7t1e__B1_P78556,0.6860185248557022,0.5,True
2ev4__A1_P9WMU9--2ev4__B1_P9WMU9,0.9428269528863873,0.5,True
4m1j__A1_Q9I194--4m1j__B1_Q9I194,0.9503035202204619,0.5,True
8bj3__A1_A0A072U7F9--8bj3__B1_A0A072U7F9,0.9720082169418853,0.5,True
5fcl__A1_Q6D0X0--5fcl__B1_Q6D0X0,0.9710306427953637,0.5,True
2evr__A1_B2J9B4--2evr__A2_B2J9B4,0.6201147058546997,0.5,True
4ftw__A1_Q3J2V1--4ftw__A2_Q3J2V1,0.8501694945309568,0.5,True
2q6q__B1_P36094--2q6q__A1_P36094,0.9076490595839191,0.5,True
8hx8__A1_Q6L8Q5--8hx8__B1_Q6L8Q5,0.9637971327628405,0.5,True
7zgn__A1_U6RE59--7zgn__B1_U6RE59,0.9558529646194344,0.5,True
7fiw__A1_B3CP63--7fiw__B1_Q73HD5,0.8617246962244758,0.5,False
4xd9__A1_C8VMF9--4xd9__B1_Q5B6T5,0.897514701711191,0.5,False
3dme__A1_Q7VU70--3dme__B1_Q7VU70,0.8892874748453374,0.5,True
8d0m__A1_P28907--8d0m__A2_P28907,0.925608020550369,0.5,True
2w6a__A1_Q9Z272--2w6a__B1_Q9Z272,0.9100220611408762,0.5,True
6oje__B1_Q5S007--6oje__A1_Q5S007,0.9406143639925492,0.5,True
7mu0__A1_P9WQK3--7mu0__B1_P9WQK3,0.8674817066724809,0.5,True
4az3__A1_P10619--4az3__B1_P10619,0.8570194541419542,0.5,True
7ug8__B1_Q0I6F8--7ug8__A1_Q0I6F8,0.9527701051209189,0.5,True
6mxv__B1_Q5NFU2--6mxv__A1_Q5NFU2,0.7317695317275067,0.5,True
8ug3__B1_P50053--8ug3__A1_P50053,0.984112840024347,0.5,True
7veo__A1_UNDEFINED--7veo__B1_UNDEFINED,0.9512585966309346,0.5,True
4atm__A1_P49418--4atm__A2_P49418,0.9805864794914312,0.5,True
7x6f__B1_P0AD45--7x6f__A1_P0AD45,0.9794400537217831,0.5,True
1nkn__B1_Q17042--1nkn__A1_Q17042,0.9062894475331024,0.5,True
7pjo__B1_UNDEFINED--7pjo__A1_UNDEFINED,0.9097201321069412,0.5,True
5n0s__B1_A0A2R2JFI5--5n0s__A1_A0A2R2JFI5,0.8506699352129053,0.5,True
6m9g__A1_Q5D6Y4--6m9g__B2_Q5D6Y4,0.9801549828971137,0.5,True
7zvz__A1_G1UBD5--7zvz__B1_G1UBD5,0.8754653997713163,0.5,True
3b5m__B1_Q7UTD8--3b5m__A1_Q7UTD8,0.8780849565780349,0.5,True
6v0a__B1_B3E641--6v0a__A1_B3E641,0.9782208289249696,0.5,True
3bpj__C1_O75822--3bpj__A1_O75822,0.8130037878787879,0.5,True
8tn8__B1_A0A482N9T7--8tn8__A1_A0A482N9T7,0.9766173730157536,0.5,True
7y51__A1_Q8RBF4--7y51__A2_Q8RBF4,0.8444505239208857,0.5,True
6zef__A1_P62136--6zef__C1_Q9C0D0,0.8281319252115993,0.5,False
6u11__A1_A0A1L8HDP6--6u11__A2_A0A1L8HDP6,0.9774841437632136,0.5,True
8i5w__A1_Q8BZN6--8i5w__B1_P63000,0.9375008288784407,0.5,False
3rv1__B1_A7TR32--3rv1__A1_A7TR32,0.8732108746940247,0.5,True
8i59__A1_UNDEFINED--8i59__B1_UNDEFINED,0.9508627333375494,0.5,True
8g1h__A1_UNDEFINED--8g1h__A2_UNDEFINED,0.9500100659089414,0.5,True
7vwk__A1_L8PIV2--7vwk__B1_L8PIV2,0.940338904215051,0.5,True
4k3z__A1_Q8YCV0--4k3z__A2_Q8YCV0,0.9390035371933003,0.5,True
5v5t__A1_Q830T5--5v5t__D1_Q830T5,0.8764654551644403,0.5,True
6fp5__B1_Q960Q9--6fp5__A1_Q960Q9,0.8561783617556612,0.5,True
2ikb__A1_Q7DDI9--2ikb__C1_Q7DDI9,0.9768780308685163,0.5,True
7zam__A1_Q07666--7zam__B1_Q07666,0.9797396165891331,0.5,True
3o10__A1_Q9NZJ4--3o10__B1_Q9NZJ4,0.8398517753124016,0.5,True
3egv__A1_Q84BQ9--3egv__B1_Q5SLP6,0.8821534160046236,0.5,False
2g9w__A1_P9WMJ5--2g9w__B1_P9WMJ5,0.9195746449018665,0.5,True
2afv__A1_Q8EXP7--2afv__B1_Q8EXP7,0.9422701003535631,0.5,True
7w93__A1_A0A140N873--7w93__A2_A0A140N873,0.968944037792108,0.5,True
1wl3__B1_Q9X1M1--1wl3__A1_Q9X1M1,0.9710223878186204,0.5,True
4kbx__A1_P45550--4kbx__A2_P45550,0.9276060130926573,0.5,True
8brn__C1_P80366--8brn__A1_P80366,0.9024089514226414,0.5,True
8h5a__A1_P67661--8h5a__B1_P67661,0.9258981536396456,0.5,True
8b4l__B1_D5SK09--8b4l__A1_D5SK09,0.8389739002116774,0.5,True
3r24__A1_P0C6X7--3r24__B1_P0C6U8,0.8858968179012413,0.5,False
1nrj__B1_P36057--1nrj__A1_P32916,0.9109730257362569,0.5,False
4rdw__A1_Q9HU77--4rdw__A2_Q9HU77,0.9461031143979777,0.5,True
7vpr__A1_Q6FX18--7vpr__B1_Q6FX18,0.9919271954442659,0.5,True
5a6k__A1_A0A0H2US73--5a6k__B1_A0A0H2US73,0.9884902272507455,0.5,True
7ucd__B1_P17535--7ucd__A1_P53539,0.9315121155638397,0.5,False
1qc9__A1_P00642--1qc9__A2_P00642,0.8488895255337581,0.5,True
3ooc__A1_P77239--3ooc__B1_P77239,0.9386376805387454,0.5,True
8pm1__A1_B8GAY9--8pm1__B1_B8GAY9,0.9442417153996101,0.5,True
1vbg__A1_P11155--1vbg__A2_P11155,0.9881992668239639,0.5,True
4ovo__A1_P67954--4ovo__A2_P67954,0.9055486140034245,0.5,True
2qgs__A1_A0A0H2VIU2--2qgs__B1_A0A0H2VIU2,0.9705439920607976,0.5,True
8cnx__A1_Q68T42--8cnx__B1_Q68T42,0.9507865834369027,0.5,True
8bol__A1_Q04609--8bol__A2_Q04609,0.9560244033083278,0.5,True
3mii__B1_Q08914--3mii__A1_Q08914,0.8911056831371338,0.5,True
3i23__A1_Q835X4--3i23__B1_Q835X4,0.8850869526881602,0.5,True
3itf__A1_P0AE85--3itf__B1_P0AE85,0.901679933242391,0.5,True
8d05__A1_UNDEFINED--8d05__A2_UNDEFINED,0.9315849759936781,0.5070422535211268,True
6mw5__A1_K3WC47--6mw5__A2_K3WC47,0.9124818567471865,0.5,True
5vht__A1_P0A9J8--5vht__B1_P0A9J8,0.8866033139934199,0.5,True
6j6x__B1_P53611--6j6x__A1_Q7Z6K3,0.9492181211584461,0.5,False
4tvb__A1_O32323--4tvb__B1_O32323,0.9483228307973081,0.5,True
3nkh__B1_UNDEFINED--3nkh__A1_UNDEFINED,0.9651452185780174,0.5,True
3jyu__A1_P35123--3jyu__B1_P35123,0.96638382082778,0.5,True
8dtc__A1_L8GT25--8dtc__B1_L8GT25,0.906472996252965,0.5,True
7n1j__A1_P22455--7n1j__B1_UNDEFINED,0.96931205011143,0.5,False
8fny__A1_O00418--8fny__B1_P0DP23,0.856636243115726,0.5,False
7v0b__A1_A0A1E7MYN1--7v0b__B1_A0A1E7MYN1,0.9642750556673649,0.5,True
2vvo__A1_P9WKD7--2vvo__B1_P9WKD7,0.907147286180811,0.5,True
5yjh__A1_Q15063--5yjh__A2_Q15063,0.9235797802198779,0.5,True
2z5e__A1_Q9BT73--2z5e__B1_Q9BT73,0.9384601346789058,0.5134459915688815,True
1a8l__A1_Q51760--1a8l__A2_Q51760,0.9865778981852418,0.5,True
8h0r__A1_Q9WVJ5--8h0r__B1_Q9WVJ5,0.9383814306634407,0.5,True
2j7j__A1_P03001--2j7j__A2_P03001,0.8215908814737406,0.5,True
8u1v__A1_K4L8Z7--8u1v__B1_K4L8Z7,0.9556477223505226,0.5,True
7zbg__A1_Q02880--7zbg__A2_Q02880,0.9670490645392801,0.5,True
1rku__A1_Q9I2Y2--1rku__B1_Q9I2Y2,0.9665050209788115,0.5,True
2wvl__A1_Q72K30--2wvl__B1_Q72K30,0.879226482769623,0.5,True
6kfs__A1_B7FR28--6kfs__A2_B7FR28,0.8698181718995079,0.5,True
3shg__A1_E6Z0R3--3shg__B1_E6Z0R4,0.9463118288543928,0.5,False
7zal__A1_E3T5W0--7zal__E2_E3T5W0,0.9772953678415399,0.5,True
4wjm__A1_Q2YNY7--4wjm__A2_Q2YNY7,0.9798048625259855,0.5,True
8hmo__A1_A0A0H4P0S7--8hmo__B1_A0A0H4P0S7,0.9717919016027401,0.5,True
7f9g__B1_C0HM62--7f9g__A1_C0HM62,0.955574875149469,0.5,True
8dfk__A1_P39694--8dfk__B1_P39694,0.8019298461034708,0.5,True
6n91__A1_Q9KNI7--6n91__B1_Q9KNI7,0.8969265187399058,0.5,True
4oyd__A1_P0C6Z1--4oyd__B1_UNDEFINED,0.913618548033771,0.5,False
1dev__A1_Q15796--1dev__B1_O95405,0.7804394924976101,0.5,False
8c9j__B1_P15559--8c9j__A1_P15559,0.9639684161605357,0.5,True
3rd7__B1_A0A0H2ZY91--3rd7__A1_A0A0H2ZY91,0.9491124770558719,0.5,True
5x1j__A1_G2IQS7--5x1j__A2_G2IQS7,0.9652867575605525,0.5,True
3r2p__A1_P02647--3r2p__A2_P02647,0.9315053638059702,0.5,True
1pdk__A1_P15319--1pdk__B1_P62532,0.9268435688547705,0.5,False
7bjg__A1_Q8IGY1--7bjg__A2_Q8IGY1,0.8150662520539569,0.5,True
3kcp__A1_Q06851--3kcp__B1_A3DF10,0.9636124642815234,0.5,False
7bbq__A1_Q6I6B7--7bbq__A2_Q6I6B7,0.918289153953962,0.5,True
3dpj__E1_Q5LS67--3dpj__F1_Q5LS67,0.8143235955583203,0.5,True
6okh__A1_Q04QG8--6okh__B1_Q04QG8,0.9432828309106045,0.5,True
7tq1__A1_P0AC13--7tq1__A2_P0AC13,0.9698748210777123,0.5166666666666667,True
7t5y__A1_P0A7E1--7t5y__B1_P0A7E1,0.9520902187084137,0.5,True
5o47__A1_J7HDY4--5o47__A2_J7HDY4,0.994968534573439,0.5,True
1oo0__A1_P49028--1oo0__B1_Q9V535,0.9384417621903387,0.5,False
3edj__A1_Q8KKG0--3edj__B1_Q8KKG0,0.9341787378598085,0.5,True
5yr0__A1_O88597--5yr0__B1_Q8K245,0.8594368201037479,0.5,False
5c21__A1_P09986--5c21__B1_P09986,0.8548038384738045,0.5,True
2gok__A1_Q8U8Z6--2gok__B1_Q8U8Z6,0.99277790219316,0.5,True
1ww1__A1_Q9WZW8--1ww1__B1_Q9WZW8,0.9719581304734768,0.5,True
1fm0__B1_P30749--1fm0__A1_P30748,0.9336383232670363,0.5,False
4jgo__B1_O31671--4jgo__A1_O31671,0.97527379067607,0.5,True
3l2k__A1_Q8GPH0--3l2k__B1_Q8GPH0,0.8112524741676698,0.5,True
1yov__A1_Q13564--1yov__B1_Q8TBC4,0.9566876322819549,0.5,False
7zvd__A1_P11413--7zvd__A2_P11413,0.979103327148579,0.5,True
2snw__A1_P03316--2snw__B1_P03316,0.9393839025317139,0.5,True
8grh__B1_P51553--8grh__A1_P50213,0.9636765718704243,0.5,False
1lxd__A1_Q03386--1lxd__B1_Q03386,0.9519744261642563,0.515625,True
5m97__A1_Q10113--5m97__B1_Q10113,0.9146820693542355,0.49988279418659165,True
7ax1__A1_Q9ULM6--7ax1__B1_Q9UIV1,0.9709035321784725,0.5,False
8d4w__A1_A0A8B4R830--8d4w__A2_A0A8B4R830,0.9090278057750052,0.5,True
7ynw__B2_Q57834--7ynw__A1_Q57834,0.9932744648634614,0.5,True
4rgp__A1_Q8DTU7--4rgp__B1_Q8DTU7,0.9383973136783554,0.5,True
8twd__C1_P0AEV1--8twd__A1_W8SRD3,0.9432228254002478,0.5,False
3fb9__A1_A0A0H2US72--3fb9__B1_A0A0H2US72,0.864173703256936,0.5,True
8a39__A1_A0A024L404--8a39__C2_A0A024L404,0.98561055272656,0.5,True
3ps8__A1_P01034--3ps8__A2_P01034,0.8397878230496255,0.5,True
7vwp__A2_A0A136PK59--7vwp__B1_A0A136PK59,0.9974378886647352,0.5,True
3a7p__A1_Q03818--3a7p__B1_Q03818,0.9157362914798474,0.5,True
4ql6__A1_A0A0H3MDM0--4ql6__C1_A0A0H3MDM0,0.8541178012418722,0.5,True
5nck__A1_Q8RDN7--5nck__B1_Q8RDN7,0.982195508165184,0.5,True
3qt7__A1_Q9FD73--3qt7__B1_Q9FD73,0.9848484848484849,0.5,True
4aye__D1_Q9JXV4--4aye__A1_P08603,0.9387417401713662,0.5,False
7r3n__A1_P43432--7r3n__B1_P43432,0.9828444954327027,0.5,True
7a0x__B1_Q8ZRZ3--7a0x__A1_Q8ZRZ3,0.9595674014126119,0.5,True
7wjk__A1_P93836--7wjk__A2_P93836,0.928216159577555,0.5,True
7g99__B1_Q92974--7g99__A1_P61586,0.9312579176314641,0.5,False
5x8z__A1_A3QAQ5--5x8z__B1_A3QAQ5,0.9554422814529898,0.5,True
6dt3__B1_A0A1W1Q5B1--6dt3__A1_A0A1W1Q5B1,0.9727083034034248,0.5,True
2if9__A1_Q98ZP7--2if9__B1_Q98ZP7,0.748688435058917,0.5,True
7u0r__B1_M9SC49--7u0r__A1_M9SC49,0.9708124163657635,0.5,True
7wbt__A1_Q288C4--7wbt__B1_Q288C4,0.9360889678412292,0.5,True
7txe__A1_Q8I6T6--7txe__B1_Q8I6T6,0.8229819493831925,0.5,True
6pyp__A1_P21695--6pyp__B1_P21695,0.9741910723600864,0.503968253968254,True
8b2d__A1_F5SYD3--8b2d__B1_F5SYD3,0.9228395557888427,0.5,True
1vmg__A1_Q97U11--1vmg__A2_Q97U11,0.8510878539167598,0.49992040751353073,True
6b8l__B1_P0DP23--6b8l__A1_P56696,0.8994197169736738,0.5,False
8sj5__A1_A0A2I4FN75--8sj5__C1_A0A2I4FN75,0.8781905811666559,0.4999218994064355,True
3nr1__A1_Q8N4P3--3nr1__B1_Q8N4P3,0.9776229581795728,0.5,True
3h3l__A1_A6LFX0--3h3l__A2_A6LFX0,0.9480642326787048,0.5,True
7uav__A1_P0DW58--7uav__B1_P0DW58,0.810011482655347,0.5,True
6jdh__A1_A0A2K0XYW4--6jdh__B1_A0A2K0XYW4,0.9636144805636332,0.5,True
3vjz__A1_Q9K0P4--3vjz__B1_Q9K0P4,0.971385243949819,0.5,True
3et4__A1_Q4QMM5--3et4__A2_Q4QMM5,0.9404519227756367,0.5,True
5or3__A1_Q2UNF9--5or3__D1_Q2UNF9,0.9289699258300943,0.5,True
3fh3__B1_A0A6L8PES2--3fh3__A1_A0A6L8PES2,0.9549320153961782,0.5,True
1go3__A1_Q57840--1go3__B1_Q60351,0.9475504770629445,0.5,False
8fin__A1_UNDEFINED--8fin__B1_UNDEFINED,0.8500889543069244,0.5,True
3zxq__B1_P9WGK1--3zxq__A1_P9WGK1,0.7924709265002609,0.5,True
1zlh__A1_P00730--1zlh__B1_Q5EPH2,0.9490881544561593,0.5,False
4h1h__A1_Q8Y6P6--4h1h__B1_Q8Y6P6,0.9092118982386536,0.5,True
2gh1__A1_Q81E32--2gh1__B1_Q81E32,0.8299958479327783,0.5,True
7dl7__F1_B0VJ11--7dl7__A1_B0VJ11,0.98532927779249,0.5,True
7skp__B1_UNDEFINED--7skp__A1_UNDEFINED,0.9552481771040892,0.5736597277068102,True
7yu0__B1_Q79F77--7yu0__A1_Q79F77,0.9564122912899533,0.5,True
3cbu__B1_Q473P3--3cbu__A1_Q473P3,0.8819574699540083,0.5,True
8b1s__A1_B0LPL6--8b1s__A2_B0LPL6,0.9689130199827073,0.5,True
3ihk__A1_Q8DVV9--3ihk__A2_Q8DVV9,0.9709436780613916,0.5,True
4y67__A1_Q8IKG4--4y67__B1_Q8IKG4,0.9586925301279349,0.5,True
6ejp__B1_P69986--6ejp__A1_P69986,0.8057278684311963,0.5,True
1poy__A1_P0AFK9--1poy__B1_P0AFK9,0.9613987666547278,0.5,True
3a7o__A1_Q03818--3a7o__B1_Q03818,0.8996619752363152,0.5,True
4a2l__A1_Q89YR8--4a2l__B1_Q89YR8,0.9751858279802647,0.5,True
5n47__B1_P02751--5n47__A1_P80188,0.9059027143466083,0.5,False
8ejm__A1_O43143--8ejm__B1_Q8IWZ8,0.8433755832822482,0.5,False
7jl6__A1_Q9L523--7jl6__B1_Q9L523,0.8960931899641578,0.5,True
1npd__B1_P0A6D5--1npd__A1_P0A6D5,0.940269452845752,0.5,True
8h0h__A1_P9WLU7--8h0h__C1_P9WLU7,0.9377280646792991,0.5,True
3t8l__A1_Q7CUX4--3t8l__B1_Q7CUX4,0.8759730500806279,0.5,True
7ol3__B1_Q8WXF7--7ol3__A1_Q8WXF7,0.8645914226345404,0.5,True
8ewa__B1_Q9HW02--8ewa__A1_Q9HW02,0.9320557270400299,0.5,True
2ft0__A1_Q8FBQ3--2ft0__B1_Q8FBQ3,0.8998059100886107,0.5,True
2r01__A1_Q8KFI1--2r01__A2_Q8KFI1,0.9286456356058472,0.5,True
8hno__A1_B6YTS4--8hno__B1_B6YTS4,0.965987591313553,0.5,True
6x88__A1_P52731--6x88__B1_P52731,0.9738064691344018,0.5,True
2x76__A1_Q939Q9--2x76__A2_Q939Q9,0.9934694180057067,0.5,True
7x2p__A1_Q5ZWH7--7x2p__B1_Q5ZWH7,0.8552767291866368,0.5,True
2aeu__A1_Q57622--2aeu__A2_Q57622,0.9710386912901289,0.5,True
5kbg__A1_Q43965--5kbg__B1_Q43965,0.9683709506432437,0.505702040116578,True
4p9g__A1_Q9REI7--4p9g__A2_Q9REI7,0.9679245376568001,0.5110887996430165,True
7tcv__A1_Q60932--7tcv__A2_Q60932,0.8352156526085869,0.5,True
7vkb__A1_Q5ZSZ6--7vkb__B1_Q5ZSZ7,0.7769130569828538,0.5,False
7r2p__A1_Q46877--7r2p__A2_Q46877,0.9132568178238512,0.5,True
6ggl__B1_C9K1X5--6ggl__A1_C9K1X5,0.9317006322040174,0.5,True
7yi7__A1_Q9Y251--7yi7__B1_Q9Y251,0.8575313575119892,0.5,True
7yka__B1_Q9Y3D6--7yka__A1_Q9Y3D6,0.9388753407560679,0.5,True
8jea__A1_K1QRB6--8jea__D1_K1QRB6,0.8956807701369955,0.5,True
8huc__C1_A0A0H2Z790--8huc__A1_A0A0H2Z790,0.9175835886142878,0.5,True
7unh__A1_UNDEFINED--7unh__B1_UNDEFINED,0.9748985618028834,0.5,True
5mpr__A1_O15382--5mpr__A2_O15382,0.9665925808821477,0.5,True
4ooj__B1_Q5ZSK6--4ooj__A1_Q5ZSK6,0.9357412968619392,0.5,True
8a5v__A1_Q9Y617--8a5v__C1_Q9Y617,0.9577505717412467,0.5,True
3lm2__A1_A9CH74--3lm2__B1_A9CH74,0.9630465163120255,0.5,True
7zwt__A1_P41182--7zwt__A2_P41182,0.9082310964485663,0.5,True
6ket__A1_A0A0A0WDC6--6ket__B1_A0A0A0WDC6,0.9648045859165132,0.5,True
5zwl__B1_Q8DLU1--5zwl__A1_Q8DLG7,0.8951892058683273,0.5,False
6wmz__A1_P23246--6wmz__B1_Q15233,0.8732830103762657,0.5,False
1i4m__A1_P04156--1i4m__A2_P04156,0.7680984080582124,0.5,True
2gjg__A1_Q88EQ6--2gjg__A2_Q88EQ6,0.9101646981412187,0.5,True
6k62__B2_A0A0H2X6K9--6k62__A1_A0A0H2X6K9,0.7920204482215656,0.5,True
4ghm__A1_Q9KTK0--4ghm__B1_Q9KTK0,0.8932313132187518,0.5,True
1tve__A1_P31116--1tve__B1_P31116,0.973764779534295,0.5,True
6qj2__A1_G0S2G2--6qj2__B1_G0SBJ6,0.9646955311127253,0.5,False
3onx__A1_P41697--3onx__B1_P41697,0.8678152796622947,0.5,True
8cp4__A1_Q6LXV7--8cp4__A2_Q6LXV7,0.9471226890641318,0.5,True
1ob9__A1_Q97YX6--1ob9__A2_Q97YX6,0.9758814566290032,0.5,True
7zcc__B1_P46327--7zcc__A1_P46327,0.9691269077277962,0.5,True
4kwd__A1_Q9UR08--4kwd__B1_Q9UR08,0.97606390723952,0.5,True
7wuy__A1_A0A1R3S1W7--7wuy__B1_A0A1R3S1W7,0.9503118645104751,0.5,True
5gtw__A1_I3NX86--5gtw__D1_I3NX86,0.9756313161100971,0.5,True
7ekn__B1_Q5JT35--7ekn__A1_UNDEFINED,0.8592004703115814,0.5,False
8gja__B1_UNDEFINED--8gja__A1_UNDEFINED,0.9239587699673251,0.5,True
6loh__A1_O15033--6loh__A2_O15033,0.9535382140483468,0.5,True
3a9y__A1_Q68FT9--3a9y__B1_Q68FT9,0.9837906617213897,0.5,True
8ay6__B1_Q9CAJ0--8ay6__A1_A0A067E666,0.9641470011600372,0.5,False
8u5m__A1_Q8TF42--8u5m__F1_Q8TF42,0.9884786063254734,0.5,True
7twa__D1_F8JJ25--7twa__A1_F8JJ25,0.9856577391661954,0.5,True
8fju__B1_P34897--8fju__A1_P34897,0.944058974245084,0.5,True
1fjj__A1_P12994--1fjj__A2_P12994,0.9313644224267956,0.5,True
7qlr__A1_A0A1J1J928--7qlr__D2_A0A1J1J928,0.9620895786017973,0.5,True
3vf0__B1_Q8IY67--3vf0__A2_P18206,0.9432414192771563,0.5,False
8ehe__A1_A0A0A7KVG3--8ehe__B1_A0A1D3UUC0,0.9803343321393583,0.5,False
6hpc__A1_P67697--6hpc__B1_P67697,0.9352801623899882,0.5,True
2x3o__A1_Q9I585--2x3o__B1_Q9I585,0.8547704540285422,0.5,True
5y40__A1_P55892--5y40__B1_P55892,0.8384872673382568,0.5,True
1y42__A1_P12063--1y42__A2_P12063,0.9879610920310422,0.5,True
2e91__A1_Q12051--2e91__B1_Q12051,0.9256941314309017,0.5,True
8ja2__A1_A0A0A1E3Q0--8ja2__A2_A0A0A1E3Q0,0.8932278383381325,0.5,True
3iuw__B1_Q8KUB7--3iuw__A1_Q8KUB7,0.949513600630754,0.5,True
8e7y__A1_Q9RFC8--8e7y__B1_Q9RFC8,0.880769679712091,0.5,True
4kzn__A1_P15692--4kzn__A2_P15692,0.839355218954441,0.5,True
7z7o__A1_A0A1S4NYF2--7z7o__C1_A0A1S4NYF2,0.9198898296635778,0.5,True
8brp__A1_D8G6F7--8brp__B1_D8G6F7,0.9661849813598438,0.5,True
3qir__A1_Q8TC59--3qir__A2_Q8TC59,0.9612824260666639,0.5,True
8bay__A1_O75874--8bay__B1_O75874,0.9387682043388392,0.5,True
6mhm__B1_Q13510--6mhm__A1_Q13510,0.8930454119989746,0.5,True
8bj7__A1_P07598--8bj7__B1_P07603,0.9019881709006272,0.5,False
8b80__A1_W8QF82--8b80__B1_W8QF82,0.9715399319738356,0.5,True
5wxx__A1_Q9RNB4--5wxx__A2_Q9RNB4,0.9856785755942425,0.5269973322889346,True
8f7l__A1_P43490--8f7l__B1_P43490,0.9056114476344076,0.5,True
3cz1__A1_Q9U9J6--3cz1__B1_Q9U9J6,0.9697116699491056,0.5,True
8a0c__A1_Q2ERG0--8a0c__B1_Q2ERG0,0.9468964485673287,0.5,True
5mpy__A1_Q9LPZ1--5mpy__B1_Q9LPZ1,0.9192592816879375,0.5,True
1anu__A1_Q06851--1anu__A2_Q06851,0.9866471291866029,0.5,True
3vs8__A1_C1DM33--3vs8__C1_C1DM33,0.9463393605740777,0.5,True
7zi8__A1_P27707--7zi8__A2_P27707,0.9789688818565401,0.5,True
1peu__A1_Q08698--1peu__A2_Q08698,0.9886644266861238,0.5,True
5uk5__B1_Q63722--5uk5__A1_Q07008,0.7359958507253391,0.5,False
7vg5__A1_Q49135--7vg5__B1_Q49135,0.9673512624255441,0.5,True
4jkz__A1_A0R6I8--4jkz__A2_A0R6I8,0.9657985365457098,0.5,True
4aa8__A1_P00794--4aa8__A2_P00794,0.8690535760503839,0.5,True
5yew__A1_Q8IWA4--5yew__B1_Q8IWA4,0.9302427542705692,0.5,True
1hf2__B1_Q9X0D7--1hf2__A1_Q9X0D7,0.9894949776785714,0.5,True
3au0__A1_Q7A382--3au0__A2_Q7A382,0.9294334060386162,0.5,True
3gif__A1_O34757--3gif__B1_O34757,0.9355371323060726,0.5,True
8c66__A1_UNDEFINED--8c66__D1_UNDEFINED,0.9201960083025351,0.5,True
7zcl__B1_UNDEFINED--7zcl__A1_UNDEFINED,0.9756764558552593,0.5,True
4axv__A1_A7N805--4axv__A2_A7N805,0.9031040346220958,0.5,True
5c6u__A1_O69689--5c6u__A2_O69689,0.9291272556409811,0.5,True
4nv4__A1_A0A6L7HM74--4nv4__A2_A0A6L7HM74,0.9512882320876992,0.5,True
6axf__A1_Q7LDG7--6axf__B1_P61224,0.9471214037397642,0.5,False
5yf1__B1_Q8N4J0--5yf1__A1_Q8N4J0,0.9252202274329344,0.5,True
8j83__A1_C5ATT7--8j83__B1_C5ATT6,0.9576469116073418,0.5,False
3fjy__B1_A0ZZM4--3fjy__A1_A0ZZM4,0.9546200060410779,0.5,True
4rg1__A1_Q5T280--4rg1__B1_Q5T280,0.959270047790103,0.5,True
1ux4__A1_P41832--1ux4__A2_P41832,0.9585843971523862,0.5,True
6rbm__A1_P0ACT4--6rbm__A2_P0ACT4,0.9398226764290051,0.5,True
2cme__B1_P59636--2cme__A1_P59636,0.8936239854232234,0.49975153221798907,True
7wis__A1_P46881--7wis__B1_P46881,0.946533457081621,0.5,True
5a3l__A1_A0A1A9TAD0--5a3l__C1_A0A1A9TAD0,0.9488790386024759,0.5,True
3gzi__A1_A3QIY5--3gzi__A2_A3QIY5,0.9595218577588112,0.5,True
8pr6__B1_A0A1Q6BKH4--8pr6__A1_A0A1Q6BKH4,0.9414174271859281,0.49991761410446534,True
8j64__A1_Q967S9--8j64__B1_O00816,0.899521152400174,0.5,False
8ohw__A1_Q63T97--8ohw__B1_Q63T97,0.8597505291033007,0.5,True
5y4r__A1_O87131--5y4r__B1_Q9HVI1,0.9300454617406654,0.5,False
3ddh__A1_Q8A5Q8--3ddh__B1_Q8A5Q8,0.9504241377875775,0.5,True
8d3t__B1_A0A2K2AMS7--8d3t__A1_A0A2K2AMS7,0.979637819782179,0.5,True
1zk8__A1_Q815X4--1zk8__B1_Q815X4,0.9822560092420851,0.504950495049505,True
2w82__A1_Q47730--2w82__B1_Q47730,0.9846097173843562,0.5,True
6l08__A1_O65896--6l08__B1_O65896,0.938801722270364,0.5,True
4p94__B1_Q4J9K8--4p94__A1_Q4J9K8,0.9797739361702127,0.5,True
4yii__A1_O00762--4yii__B1_Q9UJX6,0.9556170076537978,0.5,False
4rus__A1_P68512--4rus__B1_P68512,0.9110607816250262,0.5,True
2o48__A1_Q9TQS6--2o48__A2_Q9TQS6,0.9428304902869158,0.5,True
7pvw__B1_P00523--7pvw__A1_P00523,0.627356598475732,0.5,True
2wcu__A1_Q8R2K1--2wcu__B1_Q8R2K1,0.9816553861133608,0.5,True
2p35__A1_Q8UH15--2p35__B1_Q8UH15,0.8723384126193724,0.5,True
6rfg__A1_Q49PR7--6rfg__D1_Q49PR7,0.9205169721279767,0.5,True
5jj8__A1_Q9HVB9--5jj8__A2_Q9HVB9,0.8323337361268388,0.5,True
6ije__A1_A0A083ZID3--6ije__B1_A0A083ZID3,0.9573259553104357,0.5,True
8avu__A1_Q8GPI4--8avu__A2_Q8GPI4,0.976186365075254,0.5,True
7xdu__B1_A0A1I1Z0X1--7xdu__A1_A0A1I1Z0X1,0.9846012263480618,0.5,True
1xr4__A1_Q8ZRY1--1xr4__B1_Q8ZRY1,0.9214071310303149,0.5,True
2fuq__A1_C6XZB6--2fuq__B1_C6XZB6,0.9752614779685612,0.5,True
5xrw__A1_O25306--5xrw__C1_O25674,0.818250026353157,0.5,False
5l0o__A1_P46940--5l0o__B1_P46940,0.992443638413632,0.5,True
8vsy__B1_UNDEFINED--8vsy__A1_UNDEFINED,0.9058815488788418,0.5,True
2zcx__A1_Q9FBX0--2zcx__A2_Q9FBX0,0.9629047710801208,0.5,True
5way__A1_Q97P44--5way__B1_Q97P44,0.9460917499506942,0.5,True
7xey__A1_Q9SU72--7xey__B1_Q9S745,0.9213516626221856,0.5,False
4xlo__C1_Q9KHK2--4xlo__A1_Q9KHK2,0.9677456339754352,0.5,True
6kd6__B1_Q9VAA9--6kd6__A1_Q9VAA9,0.8565272876562874,0.5,True
8k72__A1_Q9NWT6--8k72__A2_Q9NWT6,0.9759942551778469,0.5,True
8b5v__A1_Q4E4A3--8b5v__B1_Q4E4A3,0.9683356193704515,0.5,True
4yo3__A1_D3GUX1--4yo3__A2_D3GUX1,0.9463352928699463,0.5,True
8p8p__A1_P49773--8p8p__B1_P49773,0.9421676379787036,0.5,True
6hrx__A1_O53623--6hrx__B1_O53623,0.9781642757839741,0.5,True
3mdo__A1_A6LDR8--3mdo__B1_A6LDR8,0.9839765177283659,0.5,True
8iw0__A1_Q14678--8iw0__B1_Q14678,0.9206786100221455,0.5163934426229508,True
2rb7__A1_Q313A9--2rb7__B1_Q313A9,0.956682678033357,0.5,True
8h6s__A1_Q76KY5--8h6s__C1_Q76KY0,0.9568848338784645,0.5,False
3lsj__A1_Q9HUS3--3lsj__B1_Q9HUS3,0.9032630344983492,0.5,True
7pxq__A1_UNDEFINED--7pxq__A2_UNDEFINED,0.9069689527458671,0.5,True
8g0q__A1_P40460--8g0q__B1_P33895,0.902321640526748,0.5,False
6ms4__A1_Q9ULC4--6ms4__B1_O43583,0.8823841133485804,0.5,False
7y6b__A1_A0A411GZY8--7y6b__B1_A0A411H025,0.8892389798644437,0.49989486963835156,False
7zyt__A1_P09622--7zyt__B1_P09622,0.9461602976398439,0.5,True
7lle__A1_Q6QVT7--7lle__B1_Q6QVT7,0.9165555931483599,0.5,True
4csw__A1_D0MK34--4csw__B1_D0MK34,0.9676676657529629,0.5,True
7tev__A1_P04181--7tev__A2_P04181,0.9424431526001035,0.5,True
3zta__A1_Q2RIF4--3zta__A2_Q2RIF4,0.988348992462399,0.5,True
3abi__A1_O59312--3abi__B1_O59312,0.9977689626020583,0.5,True
5ab8__A1_P9WN25--5ab8__A2_P9WN25,0.9455056687293917,0.5,True
1guq__A1_P09148--1guq__B1_P09148,0.9418298800969322,0.5,True
6zdw__B1_A0A162MUP0--6zdw__A1_A0A162MUP0,0.8899219203599767,0.5,True
8csd__A1_Q6U8B0--8csd__A2_Q6U8B0,0.9451444105522443,0.5,True
3na2__A1_UNDEFINED--3na2__B2_UNDEFINED,0.9458772197179935,0.5,True
8bfr__A1_P30177--8bfr__A2_P30177,0.9968901900093312,0.5,True
7yk3__A1_O53604--7yk3__B1_O53605,0.9582970192122908,0.5,False
6xiv__A1_P16114--6xiv__B2_P16114,0.897610864837044,0.5,True
8ajx__A1_P17117--8ajx__A2_P17117,0.9206673337430288,0.5,True
8ayj__A1_D5EHC5--8ayj__B1_D5EHC5,0.9599141415508865,0.5,True
4tt0__B1_P10220--4tt0__A1_P10220,0.8978948211960333,0.5,True
8a6e__B2_P02699--8a6e__A1_P02699,0.9425933166321541,0.5,True
4jb7__A1_Q9KTQ6--4jb7__A2_Q9KTQ6,0.8938856434189485,0.5,True
6h3f__A1_A0A0H3JT80--6h3f__A2_A0A0H3JT80,0.9892638479586096,0.5,True
6wxw__A1_F2NWD3--6wxw__B1_F2NWD3,0.9878932961470922,0.5,True
2zw2__A1_F9VNF4--2zw2__B1_F9VNF4,0.8770170610897081,0.49950773558368494,True
2wo2__A1_P54764--2wo2__B1_P52799,0.9039840048461422,0.5,False
4u66__A1_A8MI53--4u66__A2_A8MI53,0.9800313456769582,0.5,True
1ord__A1_P43099--1ord__B1_P43099,0.9613798436246273,0.5,True
7zcm__A1_P42196--7zcm__B1_P42259,0.8381501650630626,0.5,False
8aa9__A1_Q9V1Y9--8aa9__B1_Q9V1Y9,0.6470999884645153,0.5,True
4i6y__B1_P13702--4i6y__A1_P13702,0.9276894812304011,0.5,True
1vh4__B1_P77689--1vh4__A1_P77689,0.9216834064913012,0.5,True
3ocd__A1_D7A6E5--3ocd__B1_Q7BQR5,0.9489167606934417,0.5,False
8pq7__A1_M1C5B8--8pq7__B1_D0N0Z8,0.799721687004924,0.5,False
8gic__A1_Q70AZ9--8gic__D1_Q70AZ5,0.7473016698221546,0.5,False
5abr__A1_P82802--5abr__B1_P82802,0.9851297754239204,0.5,True
2zmf__A1_Q9Y233--2zmf__B1_Q9Y233,0.967238879774745,0.5,True
2vzk__B1_P0DJQ5--2vzk__A1_P0DJQ5,0.948095226899852,0.5,True
7wm5__A1_A0A0C2W699--7wm5__A2_A0A0C2W699,0.9647239172337077,0.5,True
1zee__A1_Q8E972--1zee__B1_Q8E972,0.8920157106109966,0.5,True
1f3u__B1_P35269--1f3u__A1_P13984,0.9181278845418307,0.5,False
7tvh__B1_Q9I2Q1--7tvh__A1_Q9I2Q1,0.9868195535366918,0.5,True
5vgm__B1_Q9KL24--5vgm__A1_Q9KL24,0.9857921119891777,0.5,True
2b5l__A1_Q16531--2b5l__C1_P11207,0.9559953302352375,0.5,False
4zzh__A1_Q96EB6--4zzh__A2_Q96EB6,0.8827390123007103,0.5,True
8in9__A1_E0D202--8in9__B1_E0D202,0.9718987658623135,0.5,True
6m4v__A1_P0AEX9--6m4v__B1_P62942,0.9453168417485598,0.5,False
7y28__A1_P07814--7y28__B1_P07814,0.9786791161515599,0.5,True
2plg__A1_Q8DKM0--2plg__B1_Q8DKM0,0.8991773691532591,0.5,True
7y7u__A1_A0A222F232--7y7u__B1_A0A222F232,0.9495924832371063,0.5,True
3fgc__A1_P07740--3fgc__B1_P07739,0.9678084087722533,0.5,False
1rve__A1_P04390--1rve__B1_P04390,0.9756453781892481,0.5,True
7zy1__A1_Q9F8A8--7zy1__A2_Q9F8A8,0.9697901697955394,0.5,True
3jxo__B1_A0A0F6AN26--3jxo__A1_A0A0F6AN26,0.9491873229461757,0.5182542492917848,True
8dqb__A1_A0A0H3FX83--8dqb__A2_A0A0H3FX83,0.9628351021601973,0.5,True
5l16__A1_Q4Q0M0--5l16__A2_Q4Q0M0,0.962942892661552,0.5,True
2gz4__A1_Q7D028--2gz4__C1_Q7D028,0.8864284302615585,0.5,True
7xyv__A1_Q9C0D3--7xyv__B1_Q9C0D3,0.956210924782448,0.5,True
2f9w__A1_Q9HWC1--2f9w__B1_Q9HWC1,0.9417186449561878,0.5,True
2ox1__A1_O30011--2ox1__B1_O30011,0.9826669831595596,0.5175438596491229,True
2guh__A1_Q0S8Y3--2guh__B1_Q0S8Y3,0.939928126766607,0.5,True
7br1__A1_A0A7I6N400--7br1__B1_A0A7I6N400,0.957921678741868,0.5,True
2p04__A1_D0VWX5--2p04__B1_D0VWX5,0.9739258604815941,0.5,True
4h5b__A1_Q9RUY5--4h5b__B1_Q9RUY5,0.8696668893184537,0.5,True
4e1o__A1_P19113--4e1o__B1_P19113,0.9204580224843903,0.5,True
7pu4__B1_Q9X053--7pu4__A1_Q9X053,0.9609147396991603,0.5062111801242236,True
3m1u__A1_Q72DN3--3m1u__B1_Q72DN3,0.934955397123074,0.5,True
7qii__A1_P0C2N2--7qii__B1_P0C2N4,0.8596749138137918,0.5,False
4pww__A1_UNDEFINED--4pww__A2_UNDEFINED,0.7927467357910907,0.49916212819438627,True
6ird__A1_Q91UZ1--6ird__B1_Q8NI35,0.6741139171745838,0.5,False
6gg2__A1_Q4WD43--6gg2__A2_Q4WD43,0.9640815916471045,0.5,True
6oei__A1_Q8KG60--6oei__A2_Q8KG60,0.9636721848623876,0.5,True
8hyi__A1_P22223--8hyi__B1_P22223,0.9170926639299078,0.5,True
4b8v__A1_B3VBK9--4b8v__A2_B3VBK9,0.9834883040935672,0.5,True
4lqb__A1_D2Q399--4lqb__B1_D2Q399,0.9253794629140295,0.5,True
2vxb__A1_P87074--2vxb__B1_P87074,0.9630146610658308,0.5,True
1t72__A1_O67053--1t72__B1_O67053,0.9649547522145079,0.5,True
3soo__A1_Q5T7N2--3soo__A2_Q5T7N2,0.7586613185685323,0.5,True
5z1o__A1_D0VWU8--5z1o__B1_D0VWU8,0.8234770670701768,0.5,True
6h40__A1_K5B7F3--6h40__A2_K5B7F3,0.986666240500978,0.49998964739010704,True
2etk__A1_Q13464--2etk__B1_Q13464,0.9493342135043379,0.5,True
2p69__A1_Q96GD0--2p69__A2_Q96GD0,0.9879094065755311,0.5,True
4doy__A1_Q6WNP1--4doy__C1_Q6WNP1,0.9645930839758415,0.5,True
6zxw__A1_O29011--6zxw__B1_A0A117KMN5,0.9203424267590112,0.5,False
3lhk__A1_Q60329--3lhk__B1_Q60329,0.9640097000890825,0.5,True
1qpa__A1_P11542--1qpa__B1_P11542,0.9430577537137304,0.5,True
6e52__A1_P03069--6e52__B1_P03069,0.9373344495914904,0.5,True
2ijd__A1_Q1PHW8--2ijd__A2_Q1PHW8,0.9153168771615877,0.5,True
1fwl__A1_Q58504--1fwl__B1_Q58504,0.99422540076217,0.5,True
5nkk__A1_O62301--5nkk__B1_Q9XWJ1,0.948456844837362,0.5,False
1ygt__A1_Q94524--1ygt__A2_Q94524,0.8790102121321279,0.4999532229394705,True
7zq1__B1_Q32ZE1--7zq1__A1_Q32ZE1,0.7801716087120919,0.5,True
6p40__A1_M1GSK9--6p40__B1_M1GSK9,0.9590515405632485,0.5,True
2wyn__B1_P13482--2wyn__D1_P13482,0.9468848149827049,0.5,True
7yui__A1_P0CG48--7yui__B1_Q9BYM8,0.8418098321871255,0.5,False
8dml__B1_Q87GI3--8dml__A1_Q87GI4,0.8708014374415242,0.5,False
2oi2__A1_A0A0H2UNK6--2oi2__A2_A0A0H2UNK6,0.9659452250794672,0.5,True
4wud__A1_P0AES6--4wud__A2_P0AES6,0.9602966956980441,0.5,True
5yzj__A1_A8K0B5--5yzj__B1_A8K0B5,0.8954898322535869,0.5,True
8f61__A1_Q28943--8f61__B1_Q28943,0.911847853804765,0.5,True
7udi__B1_Q9RYE6--7udi__A1_Q9RYE6,0.9289036769866708,0.5,True
5ho3__A1_W6KHH6--5ho3__B1_W6KHH6,0.8982724322967062,0.5,True
1u5i__A1_Q07009--1u5i__B1_Q64537,0.9500828271644702,0.5,False
1cmc__A1_P0A8U6--1cmc__B1_P0A8U6,0.9446270806420479,0.4999532273152479,True
6oe2__A1_Q8A9F0--6oe2__A2_Q8A9F0,0.988417313711885,0.5,True
3ent__A1_Q2YAE2--3ent__B1_Q2YAE2,0.9745804337501611,0.5039370078740157,True
2y4g__A1_D3Y1I2--2y4g__B1_D3Y1I2,0.9726584741136606,0.5,True
7ec7__A1_A0A0H2XGN0--7ec7__A2_A0A0H2XGN0,0.9845949315194565,0.5,True
2o11__A1_P9WPY1--2o11__A2_P9WPY1,0.862057718485531,0.5,True
8abq__A1_Q13596--8abq__B1_Q9Y5X3,0.9456995067730766,0.5,False
6shw__A1_Q96724--6shw__A2_Q96724,0.7717951139114462,0.5044895016052329,True
7wn7__B1_Q99H25--7wn7__A1_Q99H25,0.8994967728088277,0.5,True
2sak__A1_P68802--2sak__A2_P68802,0.6852256932576846,0.5,True
8h5e__A1_Q5SMG8--8h5e__B1_Q5SMG8,0.8231864540532592,0.5,True
8bgm__B1_A0A5P3XKL3--8bgm__A1_A0A5P3XKM0,0.9311993307410933,0.5,False
8sua__A1_UNDEFINED--8sua__A2_UNDEFINED,0.9831056693875285,0.5,True
2ps8__A1_P13513--2ps8__B1_P13513,0.9733394473696827,0.5,True
6awl__A1_O75208--6awl__B1_O75208,0.9722291753122854,0.5,True
4qds__A1_O60462--4qds__B1_O60462,0.9697095967361667,0.5,True
6qky__B1_Q97P33--6qky__A1_Q97P33,0.8738517110996344,0.5,True
7nli__B1_P08405--7nli__A1_P08405,0.9491090494733253,0.5102040816326531,True
8p3m__A1_W0DP94--8p3m__B1_W0DP94,0.9871168110733913,0.5,True
5v7y__A1_A0A4Y1WAP5--5v7y__B1_A0A4Y1WAP5,0.8865667407848891,0.5,True
4aps__A1_Q5M4H8--4aps__B1_Q5M4H8,0.9056917784713765,0.5,True
7ucn__A1_P50120--7ucn__B1_P50120,0.7587497539380385,0.5,True
1ni5__A1_P52097--1ni5__A2_P52097,0.9805412788469698,0.5,True
8d04__B1_UNDEFINED--8d04__A1_UNDEFINED,0.8743108720534365,0.5147282413723255,True
4a5o__B1_Q9I2U6--4a5o__A1_Q9I2U6,0.9773755739174163,0.5,True
8q5k__A1_A0A0H2Z7A6--8q5k__A2_A0A0H2Z7A6,0.9186384842943278,0.5,True
1ww5__A1_Q6WY08--1ww5__D1_Q6WY08,0.9865751725452165,0.5,True
7ww2__A1_A0A4Q9D6T1--7ww2__B1_A0A4Q9D6T1,0.9580754567241929,0.5,True
2pfk__A1_P0A796--2pfk__B1_P0A796,0.8916152883782686,0.5,True
1i2m__B1_P18754--1i2m__A1_P62826,0.9226854345110537,0.5,False
8i2e__A1_O34841--8i2e__B1_P54421,0.948688035495716,0.5,False
3pfl__A1_P09373--3pfl__B1_P09373,0.9850582973628127,0.5,True
6gho__B1_Q5L1S1--6gho__A1_O31602,0.7514231350220777,0.5,False
1glj__A1_P0A6F3--1glj__B1_P0A6F3,0.9946332084320654,0.5,True
4zq8__B1_A0A0M3KL36--4zq8__A1_A0A0M3KL36,0.9411264786860105,0.5,True
5h4h__B1_O58236--5h4h__A1_O58236,0.9665221263117416,0.5,True
4iv9__A1_P06617--4iv9__B1_P06617,0.962094765919126,0.5,True
6sdk__A1_P26497--6sdk__B1_P26497,0.922947701891647,0.5,True
2fq4__A1_Q81BJ4--2fq4__A2_Q81BJ4,0.980642591247061,0.5,True
7zeq__B1_Q9WXT1--7zeq__A1_Q9WXT1,0.9437737497693989,0.5,True
5z5h__A1_Q2I2N4--5z5h__A2_Q2I2N4,0.9846461794636838,0.5,True
2fe1__A1_Q8ZZP3--2fe1__A2_Q8ZZP3,0.9730117916347,0.5,True
7wik__B1_A0R1E6--7wik__A1_A0R1E6,0.9181050560157162,0.5,True
7t8o__B1_Q8Y8Y9--7t8o__A1_Q8Y8Y9,0.9354903860610415,0.5,True
7t91__A1_P08151--7t91__B1_P08151,0.8648784654810904,0.5,True
3lg6__A1_D2YW48--3lg6__B1_D2YW48,0.9761709928060356,0.5,True
2o9a__A1_P16528--2o9a__D1_P16528,0.9813789950120682,0.5,True
1zhq__A1_Q9RHG4--1zhq__B1_Q9RHG4,0.8450858949042654,0.5,True
2e0k__B1_Q8KFD9--2e0k__A1_Q8KFD9,0.9270718567796046,0.4999914745600873,True
6izb__A1_P13693--6izb__A2_P13693,0.9247099839243762,0.5,True
3a2f__A1_P61875--3a2f__B1_O73947,0.9879888108912497,0.5,False
3isx__A1_Q9X0E0--3isx__A2_Q9X0E0,0.939126505147171,0.5,True
2vkj__A1_Q9X1W9--2vkj__B1_Q9X1W9,0.9129543373541941,0.5,True
5csr__D1_Q9HLB6--5csr__A1_Q9HLB6,0.9862338120967212,0.5,True
1iq8__A1_O58843--1iq8__B1_O58843,0.854725831460269,0.5,True
3tbm__A1_Q8XVB9--3tbm__B1_Q8XVB9,0.8978738478861834,0.4998624105668685,True
7tur__B1_P00503--7tur__A1_P00503,0.9576113064257301,0.5,True
3vol__A1_Q9I6V6--3vol__A2_Q9I6V6,0.8995470349162935,0.5,True
3jqz__A1_P02768--3jqz__B1_P02768,0.9361890946720813,0.5,True
1vkd__A1_Q9X0V2--1vkd__B1_Q9X0V2,0.9091727448621257,0.5,True
8b31__B1_A0A2W4LV58--8b31__A1_A0A2W4LV58,0.9645832854917991,0.5,True
7bzk__A1_Q9SJ89--7bzk__B1_Q6NPF9,0.9669409245570809,0.49995600140795493,False
3cgh__A1_Q8A0N7--3cgh__A2_Q8A0N7,0.9656174376865371,0.5,True
5vlb__A1_G7IKX3--5vlb__B1_G7IKX3,0.8903622346153455,0.5,True
2oer__B1_Q9I3U1--2oer__A1_Q9I3U1,0.9915783723280098,0.5,True
2ylz__A1_Q47PU3--2ylz__A2_Q47PU3,0.9003187777764124,0.5,True
8bjp__B1_A0A1W6VSR4--8bjp__A1_A0A1W6VSR4,0.8693748593628736,0.5,True
6kcx__A1_Q9WZL1--6kcx__A2_Q9WZL1,0.9799288965376689,0.5,True
4q69__A1_Q8A5I0--4q69__B1_Q8A5I0,0.9653109598826635,0.5,True
7xmj__C1_A9QSE8--7xmj__A1_A9QSE8,0.9422099657500868,0.5,True
1pix__A1_Q06700--1pix__B1_Q06700,0.9389689506999094,0.5,True
3l8i__B1_Q9BUL8--3l8i__A1_Q9BUL8,0.9506609943528834,0.5,True
6l2u__A1_Q27RN2--6l2u__B1_Q27RN2,0.9425923424031992,0.5,True
6sl2__A1_C4LWU6--6sl2__A2_C4LWU6,0.9262511561501804,0.5,True
1u6z__B1_P0AFL6--1u6z__A1_P0AFL6,0.9764651533886056,0.5,True
3pm9__A1_Q6NAV4--3pm9__B1_Q6NAV4,0.8966678775726533,0.5,True
3a5y__B1_P0A8N7--3a5y__A1_P0A8N7,0.9450923362660613,0.5,True
7xgn__A1_UNDEFINED--7xgn__B1_UNDEFINED,0.9384524851430458,0.5,True
6bn1__B1_Q9VCR6--6bn1__A1_Q8T0S6,0.7148199682265511,0.5,False
8ji6__A1_A0A861B387--8ji6__B1_A0A861B387,0.9836895420503093,0.5,True
2pjs__A1_A9CIG0--2pjs__B1_A9CIG0,0.9395161041287096,0.5,True
8ke8__A1_Q9HXS0--8ke8__B1_Q9HXS0,0.9581076995744604,0.5,True
3h7l__A1_Q87LX4--3h7l__A2_Q87LX4,0.97750396133984,0.5,True
7zs8__A1_A0A1D3HIT0--7zs8__B1_A0A1D3HIT0,0.9438122150178506,0.5,True
2vc4__A1_P02879--2vc4__A2_P02879,0.9260801045510455,0.5,True
1xe8__B1_Q03629--1xe8__A1_Q03629,0.978960933068633,0.5,True
7tn6__A1_Q84Y01--7tn6__A2_Q84Y01,0.9628463458110517,0.5,True
7yo6__A1_G8GLP2--7yo6__A2_G8GLP2,0.9682305307610463,0.5,True
8k76__A1_Q8R6D8--8k76__B1_Q8R6D8,0.9852567711496325,0.5,True
1vgx__B1_Q9RRU8--1vgx__A1_Q9RRU8,0.9289337349118227,0.5,True
3cet__B1_Q6M145--3cet__A1_Q6M145,0.942788989431639,0.5,True
4zlh__B1_P0AB60--4zlh__A1_P0AB60,0.9870224341642831,0.5,True
2y84__A1_Q7WT50--2y84__E1_Q7WT50,0.9689776787785976,0.5,True
4me9__A1_Q736B0--4me9__B1_Q736B0,0.9499118505142601,0.5,True
2z51__A1_Q93W20--2z51__A2_Q93W20,0.84558298926691,0.5,True
8ajq__A1_Q9I0C0--8ajq__B1_Q9I0C0,0.9072244497418379,0.5,True
3gdm__A1_P03962--3gdm__B1_P03962,0.9798593597988898,0.5,True
5khn__A1_UNDEFINED--5khn__B1_UNDEFINED,0.9663226181266182,0.5,True
7yfj__A2_Q15007--7yfj__B1_Q15007,0.8757507589490466,0.5,True
2rkl__F1_Q06263--2rkl__E1_Q06263,0.948486681216966,0.5873412395803203,True
8cwp__A1_Q06282--8cwp__A2_Q06282,0.9788354785488377,0.5,True
4neh__A1_P20702--4neh__B1_P05107,0.9289881802219419,0.5,False
2prv__A1_O34596--2prv__B1_O34596,0.9719531929282196,0.5,True
6kvn__A1_A0A1S4CVP6--6kvn__A2_A0A1S4CVP6,0.966352207962712,0.5,True
5tgq__A1_A0A1S4NYF7--5tgq__A2_A0A1S4NYF7,0.9833314474091173,0.5,True
6b3i__A1_P27216--6b3i__B1_P27216,0.9616160487973887,0.5,True
1rqn__A1_O31156--1rqn__B1_O31156,0.9951236509395758,0.5,True
7tcr__A1_A0A2D2D5M1--7tcr__D1_A0A2D2CY73,0.9548994924763073,0.5,False
5l7z__A1_P28750--5l7z__A2_P28750,0.9436254681076242,0.5,True
7ljh__A1_Q769D3--7ljh__B2_Q769D3,0.9893767471800599,0.5,True
5frk__A1_D4I047--5frk__B1_D4I047,0.8940629131768923,0.5,True
7xmw__B1_U2Q5N5--7xmw__A1_U2Q5N5,0.8461821513321919,0.5133819951338199,True
7w2o__A1_Q9HZP1--7w2o__B1_Q9HZP1,0.9843014390882734,0.5,True
7uay__A1_P08684--7uay__A2_P08684,0.9984263010634868,0.5,True
5czf__D1_A0A0H3JHG3--5czf__A1_Q8XAD5,0.7727890316205533,0.5,False
8p4l__A1_UNDEFINED--8p4l__B1_UNDEFINED,0.9844898925162001,0.5,True
2p6p__A1_Q9RPA7--2p6p__B1_Q9RPA7,0.9379604434190805,0.5,True
4u64__A1_Q5ZXA3--4u64__A2_Q5ZXA3,0.9482148535089711,0.5,True
7qbm__A1_P43235--7qbm__B1_P43235,0.8611069041098195,0.5,True
3nvm__A1_Q8U4M1--3nvm__B1_Q8U4M2,0.9092568383377009,0.5,False
7q86__A1_UNDEFINED--7q86__B1_UNDEFINED,0.9276255394135918,0.5,True
3wws__A1_Q13188--3wws__D1_Q13188,0.7536435272045028,0.5,True
4c87__A1_F9UMG7--4c87__B1_F9UMG7,0.9264843092549465,0.5,True
2d7e__A1_P17888--2d7e__B1_P17888,0.9110517898660592,0.49981383226286885,True
7xro__A1_Q9RQ20--7xro__B1_Q9RQ20,0.917423804672025,0.5,True
5yrj__A1_B6F0T7--5yrj__B1_A0A2Z5V8U8,0.8692448203383044,0.5,False
6yev__C1_P0A744--6yev__A1_P0AA25,0.8517280617364409,0.5,False
8glr__A1_Q8ZJX7--8glr__A2_Q8ZJX7,0.9340243053625823,0.5,True
5fwt__A1_Q96MU8--5fwt__A2_Q96MU8,0.9456969004627741,0.5,True
4e6s__A1_Q3URR7--4e6s__A2_Q3URR7,0.86172665760243,0.5,True
8enb__B1_A7DT38--8enb__A1_A0T3A2,0.7867802230931563,0.5,False
8h4p__A1_I1S104--8h4p__B1_I1S104,0.958041082400392,0.5,True
4cu5__A1_B6SBV8--4cu5__F1_B6SBV8,0.9871954479213199,0.5261766493595893,True
7yo8__A1_P60520--7yo8__A2_P60520,0.8173867786082386,0.5,True
8elf__B1_Q6DYE4--8elf__A1_Q6DYE4,0.8756930981552523,0.5,True
1ax2__A1_P16404--1ax2__A2_P16404,0.9521031962811408,0.5,True
8i33__C1_A0A6Q8PFJ0--8i33__A1_A0A6Q8PFJ0,0.9127591552024801,0.5096153846153846,True
3q9l__A1_P0AEZ3--3q9l__B1_P0AEZ3,0.939180661119134,0.5,True
8ak1__A1_UNDEFINED--8ak1__B1_O25273,0.9370754707981149,0.5,False
2yk4__A1_P72097--2yk4__A2_P72097,0.9508946439194033,0.5,True
7u5f__C1_Q9HTM2--7u5f__A1_Q9HTM2,0.9774026751827667,0.5,True
5xt3__B1_A0A0U1MUE2--5xt3__A1_A0A0U1MUE2,0.9533588233297121,0.5,True
5iws__A1_Q63GK8--5iws__A2_Q63GK8,0.9081848657187364,0.5,True
2owl__A1_P36767--2owl__B1_P36767,0.7705577496564733,0.5,True
8bca__A1_O75643--8bca__B1_Q6P2Q9,0.7377073406395595,0.5,False
4ml7__A1_P61626--4ml7__B1_UNDEFINED,0.8664887351624323,0.5,False
3mcb__B1_P20290--3mcb__A1_Q13765,0.8546921755246241,0.5223807409409448,False
8gy8__A1_Q8TZT0--8gy8__B1_Q8TZT0,0.9485255754145485,0.5,True
8dkd__A1_G7CIP4--8dkd__A2_G7CIP4,0.9677301633574105,0.5,True
7dus__A1_P08965--7dus__A2_P08965,0.9270346642828764,0.5,True
8gb1__A1_Q9Y3Z3--8gb1__B1_Q9Y3Z3,0.9809678873962101,0.5,True
7cov__A1_Q06801--7cov__A2_Q06801,0.9540241854083429,0.5,True
6ign__A1_Q61768--6ign__A2_Q61768,0.8251979677243515,0.5,True
1fzr__A1_P00641--1fzr__B1_P00641,0.9556462529781242,0.5,True
3be5__A1_Q8XBR1--3be5__B1_Q8XBR1,0.9336228364455679,0.5,True
2ecs__A1_P03040--2ecs__B1_P03040,0.8466122372372373,0.49985923423423423,True
4hn3__B1_Q8Y6D1--4hn3__A1_Q8Y6D1,0.9467178626354463,0.5,True
4o8y__A1_Q08723--4o8y__B1_P43588,0.9381599803132052,0.5,False
7uoi__A1_A0A1S8KJG1--7uoi__A2_A0A1S8KJG1,0.9624756892769184,0.5,True
7vma__A1_C5A758--7vma__A2_C5A758,0.9856766867687758,0.5,True
7d9m__A1_A0A4D6NYT7--7d9m__B2_A0A4D6NYT7,0.9532880936133648,0.5,True
2py8__C1_Q55670--2py8__B1_Q55670,0.8643433179723502,0.5,True
7ytl__A1_E1BR24--7ytl__A2_E1BR24,0.9924783467558123,0.5,True
7vxt__A1_Q63W52--7vxt__B1_Q63W52,0.8986993273558338,0.5,True
5cv3__A1_E3M3V1--5cv3__A2_E3M3V1,0.9183041102188598,0.5,True
8c9v__A1_Q1JXV1--8c9v__A2_Q1JXV1,0.9847529253698699,0.5,True
3tsn__A1_Q9PN58--3tsn__B1_Q9PN58,0.9382875749625187,0.5,True
8j51__A1_A0A0E9MUN5--8j51__B1_A0A0E9MUN5,0.9535397523429101,0.5,True
6cz9__A1_Q7WTU0--6cz9__B1_Q7WTT9,0.938520530639136,0.5,False
8pzo__A1_F9UT68--8pzo__A2_F9UT68,0.9748120838269536,0.4999668082846522,True
3tqg__B1_Q83DG4--3tqg__A1_Q83DG4,0.9407609282231073,0.5,True
7czg__C1_Q8TDY2--7czg__A1_Q8TDY2,0.9243093556928509,0.5,True
7eev__B1_A0A3D9R4E8--7eev__A1_A0A3D9R4E8,0.9031334401601014,0.5,True
8ori__A1_Q2KB35--8ori__B1_Q2KB35,0.9309528844051096,0.5,True
7o6z__A1_A0A7R8L7W4--7o6z__B1_A0A7R8L7W4,0.9852493001274041,0.5,True
8pmr__A1_Q4WL81--8pmr__B1_Q4WL81,0.7813732741846343,0.5,True
7u34__A1_Q4X1J1--7u34__A2_Q4X1J1,0.9525720521251321,0.5,True
3fmy__A1_Q46864--3fmy__A2_Q46864,0.9702874027679564,0.5174238980368387,True
7f0o__B1_A0A2I1C3W8--7f0o__A1_A0A2I1C3W8,0.9566547322340282,0.5,True
3ojm__B1_P21802--3ojm__A1_P05230,0.843358241830341,0.5,False
6xgz__A1_P63386--6xgz__B1_P64602,0.9305679948954803,0.5,False
7x2y__A1_A0A076PYH9--7x2y__B1_A0A076PYH9,0.9839356226604583,0.5,True
8i34__A1_A0AA52HX42--8i34__B1_A0AA52HX50,0.9622491803278688,0.5,False
5i4h__B1_P07711--5i4h__A1_P07711,0.867637930783938,0.5,True
4e6h__A1_Q6CII8--4e6h__A2_Q6CII8,0.9757546912600942,0.5,True
6x7p__A1_Q8GGP1--6x7p__A2_Q8GGP1,0.9815612537316584,0.5,True
3exq__A1_Q03S37--3exq__A2_Q03S37,0.8447744395442851,0.5,True
2qvc__A1_Q9WXW9--2qvc__B2_Q9WXW9,0.9878955433188596,0.5,True
6yoa__A1_O82015--6yoa__B1_O82015,0.9519508462293899,0.5,True
7qnm__A1_G0L7V6--7qnm__B1_G0L7V6,0.9873113602980169,0.5,True
3p8v__A1_Q9V228--3p8v__B1_Q9V228,0.976936295051798,0.5,True
4re1__A1_P28347--4re1__D1_P46937,0.8357195065558853,0.5,False
8iw5__A1_Q8C8U0--8iw5__B1_Q8C8U0,0.8206079523679928,0.5107416396829717,True
7sq2__B1_Q01970--7sq2__A1_P21279,0.953044129957594,0.5,False
4lqx__B1_Q97VD2--4lqx__A1_Q97VD2,0.988529469392325,0.5,True
3owf__A1_P00644--3owf__A2_P00644,0.9275951615847318,0.5,True
2dpl__A1_O59072--2dpl__B1_O59072,0.9623491529617205,0.5,True
4ap5__A1_Q9Y2G5--4ap5__B1_Q9Y2G5,0.9677271725354053,0.5,True
8evy__A1_Q9LCT6--8evy__A2_Q9LCT6,0.9931603409992588,0.5,True
5npo__A1_P62593--5npo__B1_D3INY1,0.9241668759892014,0.5,False
5uhs__A1_B0SR19--5uhs__B1_B0SR19,0.7858964294341114,0.5,True
5t3v__B1_Q9Y2C4--5t3v__A1_Q9Y2C4,0.9417295364484561,0.5,True
8f2l__A1_P9WJY9--8f2l__B1_P9WJY9,0.9430108660427379,0.5,True
8h1l__B1_A0A7U4E834--8h1l__A1_A0A7U4E834,0.8870178977626383,0.5,True
1nye__A1_P0C0L2--1nye__B1_P0C0L2,0.8347712249248156,0.5,True
2ou6__A1_Q9RVG4--2ou6__A2_Q9RVG4,0.9554034846045897,0.5,True
3k1i__D1_O25709--3k1i__A1_O25448,0.6228427227164002,0.5,False
1vbi__A1_Q53W84--1vbi__A2_Q53W84,0.9497526393316755,0.5,True
2oqb__A1_Q4AE70--2oqb__B1_Q4AE70,0.8758712925452877,0.5,True
8ajy__A1_A0AEF6--8ajy__B1_UNDEFINED,0.8871876789776636,0.5,False
6saz__B1_Q9UGM5--6saz__A1_P07584,0.9277667643993556,0.5,False
8gzy__A1_P0A9A6--8gzy__B1_UNDEFINED,0.8560091372252094,0.5,False
6l9x__A1_F6VRB7--6l9x__A2_F6VRB7,0.8621109698727769,0.5,True
3ica__B1_Q7MXR4--3ica__A1_Q7MXR4,0.9203674345784854,0.5,True
6o15__A1_P39353--6o15__B1_P39353,0.9516194429953997,0.5,True
2ohc__A1_Q9HIY5--2ohc__B1_Q9HIY5,0.9556387350542156,0.5,True
8qfo__A1_A0A840P3H4--8qfo__B1_A0A840P3H4,0.9018540474670435,0.5,True
5zmy__A1_F1LJ99--5zmy__B1_F1LJ99,0.940602166792643,0.5,True
6tx3__B1_Q9NWY4--6tx3__A1_Q9UGN5,0.9605162898048876,0.5,False
4tx5__A1_Q9NR28--4tx5__B1_Q9NR28,0.904805507869894,0.5,True
7wnk__B1_A0A1E5TT85--7wnk__A1_A0A1E5TT85,0.9894012642225032,0.5,True
2fn0__B1_Q9X9I8--2fn0__A1_Q9X9I8,0.9966876049189294,0.509090909090909,True
5x89__A1_Q8TGZ7--5x89__A2_Q8TGZ7,0.9049406729850855,0.5,True
2j0t__A1_P03956--2j0t__D1_P01033,0.9405213122364768,0.5,False
2i9i__A1_O25234--2i9i__A2_O25234,0.9190471445738752,0.5,True
3rtr__G1_Q13616--3rtr__H1_P62877,0.954459585382004,0.5,False
8bjd__A1_UNDEFINED--8bjd__A2_UNDEFINED,0.9675022096101998,0.5,True
7lq2__A1_A0A023X3Z4--7lq2__B1_A0A023X3Z4,0.8435771323676989,0.5,True
6aht__A1_A1BZ87--6aht__B1_A1BYM8,0.9362695838125406,0.5,False
8tto__A1_UNDEFINED--8tto__B1_UNDEFINED,0.8847995671190874,0.5208774856833657,True
8czp__A1_A0A0D5ZBI4--8czp__B1_A0A0D5ZBI4,0.9535021678610266,0.5,True
4ro3__A1_M1RHE3--4ro3__B1_M1RHE3,0.9426914360687024,0.5,True
1c0n__A1_P77444--1c0n__A2_P77444,0.9317165967964727,0.5,True
7tq0__A1_P00459--7tq0__A2_P00459,0.9794770156034989,0.5,True
1o4w__A1_O29664--1o4w__A2_O29664,0.991170851156854,0.4999667685763658,True
4jzp__A1_P51572--4jzp__B1_P51572,0.9072311753264796,0.5,True
2or2__A1_P08954--2or2__B1_P08954,0.9854557031124368,0.5,True
5xdf__B1_Q5SL04--5xdf__A1_Q5SL04,0.9432041785098383,0.5,True
6kr4__A1_P10586--6kr4__E1_P60469,0.9185931265350329,0.5,False
1itv__A1_P14780--1itv__B1_P14780,0.9418480264370539,0.5,True
8e51__A1_A0A5N5MKD0--8e51__B1_UNDEFINED,0.7422195594667504,0.5,False
2qgi__A1_P05449--2qgi__B1_P05449,0.9473029388327038,0.5,True
1a19__A1_P11540--1a19__B1_P11540,0.8536550248879016,0.5,True
8a9x__A1_P15752--8a9x__C1_P15752,0.9664804049971667,0.5,True
3onm__A1_UNDEFINED--3onm__B1_UNDEFINED,0.8809563969845025,0.5,True
7wrs__A1_Q5ZJ86--7wrs__B1_UNDEFINED,0.9223902959725853,0.5,False
8e9e__B1_Q02293--8e9e__A1_Q04631,0.901343844962279,0.5,False
2h4c__A1_Q7T2R1--2h4c__B1_Q7T3T5,0.88850757006634,0.5,False
2bdt__A1_Q9K6P2--2bdt__A2_Q9K6P2,0.9240916789552224,0.5,True
5vbn__A1_P56282--5vbn__B1_Q07864,0.9530510489949772,0.5,False
8gt0__A1_Q8I6U4--8gt0__B1_P01040,0.9664112367383396,0.5,False
5lrr__A1_P22262--5lrr__B1_P22262,0.9768435199684352,0.5,True
4y7i__A1_Q96EF0--4y7i__B1_Q96EF0,0.9777486536418466,0.5,True
1who__A1_P43214--1who__A2_P43214,0.9191063012155077,0.5,True
4g10__A1_Q9WXJ9--4g10__A2_Q9WXJ9,0.9470573134213098,0.5,True
8q4k__A1_O51180--8q4k__B1_O51180,0.9118255786649401,0.5,True
6hp3__A1_O31927--6hp3__B1_O31927,0.8805743599335085,0.5,True
8hs0__A1_Q9LIR4--8hs0__A2_Q9LIR4,0.9560063014673801,0.5,True
6gz1__A1_P10151--6gz1__A2_P10151,0.9580646301507674,0.5,True
8pbu__A1_P27708--8pbu__A2_P27708,0.9170281371156578,0.5,True
7zjc__A1_P0DV83--7zjc__A2_P0DV83,0.9400199710883662,0.5,True
6ecu__B1_Q8RJY3--6ecu__A1_Q8RJY3,0.9432742316285334,0.5,True
4x2d__A1_UNDEFINED--4x2d__C2_UNDEFINED,0.9831360033600718,0.5,True
7p0h__A1_O26008--7p0h__C1_O26008,0.9695725094328184,0.5,True
5b3g__B1_Q9SZF7--5b3g__A1_Q9M384,0.9513093155728384,0.5,False
7vzy__B1_Q84G19--7vzy__A1_Q84G19,0.9619436780395891,0.5,True
2q3t__A1_Q9LUJ3--2q3t__A2_Q9LUJ3,0.8533024839651926,0.5,True
8j3t__A1_A0A0G2TMR2--8j3t__B1_A0A0G2TMR2,0.9880031140977311,0.5,True
7pt0__A1_Q9KYU4--7pt0__B1_Q9KYU4,0.9757932247867837,0.5,True
6m09__B1_Q8LDU1--6m09__A1_Q8LDU1,0.9706469724546685,0.5,True
7uxs__B1_J8G6Z1--7uxs__A1_J8G6Z1,0.9570050332158406,0.5,True
2q03__A1_Q12ML0--2q03__B1_Q12ML0,0.8918052323931673,0.5,True
6kcp__B1_Q9VAA9--6kcp__A1_Q9VAA9,0.8591759636786898,0.5,True
3zn4__A1_C8CHL4--3zn4__A2_C8CHL4,0.9463303040236579,0.5,True
6sj4__B1_A0A022MQ12--6sj4__A1_A0A022MQ12,0.9313812096738905,0.5,True
5cyy__A1_P9WG63--5cyy__B1_P9WG63,0.9310807300024146,0.5,True
3tj3__A1_P52294--3tj3__B1_Q9UKX7,0.8171862254356692,0.5,False
3i32__A1_Q72GF3--3i32__A2_Q72GF3,0.9720785809217158,0.5,True
1jk9__B1_P40202--1jk9__A1_P00445,0.9754059406933797,0.5,False
4z3u__B1_G3G955--4z3u__A1_G3G8X8,0.9123616499315381,0.5,False
4e4w__A1_P38920--4e4w__B1_P14242,0.9427445456316427,0.5,False
5yw5__A1_Q5NII9--5yw5__D1_Q5NII9,0.9238607881969042,0.5104166666666666,True
3ab8__A1_Q5SLE3--3ab8__B1_Q5SLE3,0.8462820029261022,0.5,True
3mxt__A1_Q9PIK2--3mxt__A2_Q9PIK2,0.9457571647001515,0.5,True
1wr8__B1_O50129--1wr8__A1_O50129,0.9862173943088199,0.5,True
7war__B1_A0A1B6PFV1--7war__A1_A0A1B6PFV1,0.9337377041186314,0.5,True
7fn1__B1_P32357--7fn1__A1_P33334,0.937150393922341,0.5,False
7xl7__A1_A0A2J0R8J6--7xl7__B1_A0A2J0R8J6,0.7596053804994054,0.5,True
8vc5__A1_Q9XCL6--8vc5__B1_Q9XCL6,0.9850507848017512,0.5,True
5jfz__A1_P20605--5jfz__B1_P0ADX5,0.8538097009105851,0.5,False
1gkh__A1_P69543--1gkh__A2_P69543,0.9538781352235551,0.4999318429661941,True
5g37__B1_P10565--5g37__A1_P06575,0.8506223631325651,0.5,False
2gjx__A1_P06865--2gjx__B1_P07686,0.9409605881173437,0.5,False
3aqb__B1_O66129--3aqb__A1_O66127,0.9148937745892154,0.5,False
8q1a__A1_Q16790--8q1a__C2_Q16790,0.899618677879651,0.5,True
8ezt__D2_UNDEFINED--8ezt__A1_UNDEFINED,0.9152148719394999,0.5056179775280899,True
5ez1__B1_P56112--5ez1__A1_P56112,0.9369360252927204,0.5,True
3lwd__A1_Q1QTX1--3lwd__A2_Q1QTX1,0.9912877822733757,0.5304471561239331,True
4wic__A1_Q2FAE9--4wic__B1_Q2FAE9,0.831193575458447,0.5,True
8dye__A1_P31040--8dye__B1_Q5VUM1,0.8262630800800418,0.5,False
6xnr__A1_UNDEFINED--6xnr__A2_UNDEFINED,0.910875216566358,0.5,True
2ch6__A1_Q9UJ70--2ch6__D1_Q9UJ70,0.9637479122892085,0.5,True
3gpn__A1_P15873--3gpn__A2_P15873,0.9399238682339727,0.5,True
5y69__A1_A8ATW7--5y69__B1_A8ATW7,0.8264712771203155,0.5,True
7th0__A1_P31667--7th0__A2_P31667,0.8588222527671272,0.5,True
2qh0__A1_Q97H22--2qh0__A2_Q97H22,0.9040635151221679,0.5,True
7uln__A1_P09514--7uln__B1_P09514,0.9019912809201449,0.5,True
5ubb__A1_Q5VVY1--5ubb__A2_Q5VVY1,0.9947050991122661,0.5,True
5kvs__B1_O54512--5kvs__A1_O54512,0.9546294625038729,0.5,True
3frs__A1_P53990--3frs__A2_P53990,0.8794285522061844,0.5,True
3obv__A1_O08808--3obv__C1_O08808,0.9655072914451756,0.5,True
4wkz__A1_A0AEF5--4wkz__B1_W5IDC3,0.9366594532364068,0.5,False
3kt0__A1_Q12109--3kt0__A2_Q12109,0.9887249144246489,0.5,True
5i90__A1_G3XCY5--5i90__B1_G3XCY5,0.9478482705215867,0.5,True
3bat__B1_P24733--3bat__A1_P24733,0.9012371631890687,0.5,True
2ps1__A1_P13298--2ps1__B1_P13298,0.9609020506538513,0.5041916920592877,True
1fcd__A1_Q06530--1fcd__B1_Q06529,0.986666127281079,0.5,False
8hy8__A1_A0A085BE66--8hy8__A2_A0A085BE66,0.9534783158530268,0.5,True
8har__A1_Q2L6E4--8har__B1_Q2L6E4,0.9810929795656769,0.5,True
8a60__A1_P06971--8a60__B1_Q38162,0.8763105347843595,0.5,False
4je4__A1_Q06124--4je4__B1_P02751,0.8369345933319177,0.5,False
2a6c__A1_Q82UW4--2a6c__A2_Q82UW4,0.8959369990048095,0.5,True
5k9l__B1_A8MW95--5k9l__A1_A8MW95,0.8899450781580058,0.5,True
5mzg__A1_P53368--5mzg__B1_P53368,0.9093691775352675,0.5,True
6lfn__A1_UNDEFINED--6lfn__B1_UNDEFINED,0.7315109484036935,0.5,True
7ucc__B1_P17535--7ucc__A1_P53539,0.8950669018190298,0.5,False
8d0x__A1_Q9Y231--8d0x__A2_Q9Y231,0.8317291987528419,0.5,True
6ano__B1_Q9UKL3--6ano__A1_Q9UKL3,0.9213316551770168,0.5,True
6et2__A1_Q9I4X1--6et2__B1_Q9I4X2,0.9448109732855089,0.5,False
6d0a__A1_Q8N5Z0--6d0a__A2_Q8N5Z0,0.9614103995503976,0.5,True
2xga__B1_P35530--2xga__A1_P35530,0.9807798103817045,0.5,True
2i3o__A1_Q9HJH4--2i3o__B1_Q9HJH4,0.9773371672091725,0.5,True
1ijx__A1_P97401--1ijx__C1_P97401,0.9403639291465379,0.5,True
6h2u__A1_Q9NRN9--6h2u__B1_Q9UI30,0.8884170543297342,0.5,False
8h2v__A1_Q93HT8--8h2v__B1_Q93HT8,0.9701098258513818,0.5,True
1wat__B1_P02941--1wat__A1_P02941,0.9637383002669399,0.5,True
2nyh__A1_Q13JM0--2nyh__B1_Q13JM0,0.8725738176571315,0.5,True
7y9b__A1_A3EXD6--7y9b__B1_A3EXD6,0.8776326556023979,0.5,True
7yuj__B1_Q9BYM8--7yuj__A1_Q9BYM8,0.7000464178233725,0.5,True
8c5k__A1_P87252--8c5k__A2_P87252,0.8645071844494528,0.5,True
2spc__A1_P13395--2spc__B1_P13395,0.8353594563311831,0.5,True
6q2e__A1_A5UMY5--6q2e__B1_A5UMY5,0.8895716293359144,0.5,True
4p8i__A1_P40746--4p8i__B1_P40746,0.9167323481116585,0.5,True
8gp6__B1_P16710--8gp6__A1_P07611,0.8775184723196154,0.5,False
8a82__A1_K7WEY7--8a82__B1_K7XCU4,0.9257136604847092,0.5,False
3a4l__B1_Q58933--3a4l__A1_Q58933,0.9793734516663047,0.5,True
1z52__A1_P09167--1z52__B1_P09167,0.8617620315581854,0.5,True
6c0g__A1_A0A3F2YLX1--6c0g__B2_A0A3F2YLX1,0.8474544110305692,0.5,True
8owi__A1_Q02224--8owi__B1_Q02224,0.8557512953367876,0.5,True
1k3r__B1_O26109--1k3r__A1_O26109,0.9810880967814675,0.5,True
7fga__A1_Q8DIJ4--7fga__B2_Q8DIJ4,0.9711875276518538,0.5,True
5akq__A1_O52063--5akq__B1_O52063,0.9820621740920608,0.5,True
7y86__B1_A0A0K2E3A3--7y86__A1_A0A0K2E3A3,0.9427997707438225,0.5267262299146793,True
8d1u__A1_P0A6R0--8d1u__A2_P0A6R0,0.9725125405345492,0.5028248587570622,True
1vqw__A1_Q9HFE4--1vqw__B1_Q9HFE4,0.9421990929881455,0.5,True
7rzb__A1_A0A229LVN5--7rzb__A2_A0A229LVN5,0.9606212488154153,0.5,True
6qta__A1_G0SHE6--6qta__B1_G0SC29,0.8869861036261452,0.5,False
7toc__A1_A0A2H0ZMH9--7toc__B1_A0A2H0ZMH9,0.9203435703090492,0.5,True
7ula__B1_Q88ND0--7ula__A1_Q88NC7,0.9847428582071064,0.5,False
8bes__A1_A0A856TAI5--8bes__B1_A0A856TAI5,0.9582572474038779,0.5,True
7ztw__A1_Q66578--7ztw__B1_Q66578,0.9607058995668145,0.49997502746978323,True
7wjt__B1_Q8BZB3--7wjt__A1_Q8BZB3,0.8115473790029694,0.5,True
6j9n__A1_X5EPV9--6j9n__B1_A0A425B395,0.8156502662790812,0.5,False
1kll__A1_O05205--1kll__A2_O05205,0.944319700614809,0.5171444800855386,True
8uel__A1_UNDEFINED--8uel__B1_UNDEFINED,0.9789896626553202,0.5,True
7xky__A1_Q58690--7xky__B1_Q58034,0.9417809545947621,0.5,False
4p04__A1_A0A0D6H805--4p04__B1_A0A0D6H805,0.8781802357099658,0.5,True
1txz__A1_Q04299--1txz__A2_Q04299,0.9815395844782835,0.5,True
4af5__A1_Q8NQ97--4af5__A2_Q8NQ97,0.8724069628514295,0.5,True
8af9__A1_Q2YPZ9--8af9__H1_Q2YPZ9,0.9784866564714497,0.5,True
8gm9__D1_P9WPD3--8gm9__A1_P9WPD3,0.9345861631590999,0.5,True
7wsx__A1_D9PYV4--7wsx__B1_D9PYV4,0.9864896471749514,0.5,True
4g86__A1_Q79PF6--4g86__B1_Q79PF6,0.875540758095667,0.5,True
3bq3__A1_Q12395--3bq3__A2_Q12395,0.867868258488085,0.5,True
7eva__A1_P31490--7eva__A2_P31490,0.9389679271967262,0.5,True
8r7d__B1_G5EI71--8r7d__A1_Q8LJL3,0.8063024469925054,0.5,False
7pwy__A1_Q8TDX5--7pwy__B1_Q8TDX5,0.9884608177133829,0.5,True
3ut4__A1_A3DJ21--3ut4__B1_A3DJ21,0.9762919510992292,0.5,True
8eei__B1_A0A807MR40--8eei__A1_A0A807MR40,0.9940278989646807,0.5,True
8bp5__B1_A0A369SI82--8bp5__A1_A0A369SI82,0.9470812206661263,0.5,True
3l34__B1_Q9HT87--3l34__A1_Q9HT87,0.9226441838523505,0.5139509336520492,True
8god__A1_Q9UM07--8god__A2_Q9UM07,0.9385002615956795,0.5,True
1h9g__A1_P0A8V6--1h9g__A2_P0A8V6,0.9798465055776371,0.5,True
7qg6__D1_Q9HAU5--7qg6__C1_Q9H1J1,0.8100949521982427,0.5,False
8sz3__B2_Q9NY97--8sz3__A1_Q9NY97,0.9389132201041657,0.5,True
5a10__A1_G1FNI6--5a10__A2_G1FNI6,0.9408301068727477,0.5,True
7qoc__A1_Q8NQV9--7qoc__B1_Q8NQV9,0.9881234669429454,0.5,True
8a90__B1_A0A7S9SWM2--8a90__A1_A0A7S9SWM2,0.9506293594406556,0.5,True
3iaa__A1_Q8KNE0--3iaa__B1_Q8KNE0,0.9073674066088129,0.5,True
3n50__B1_Q9H4W6--3n50__A1_Q9H4W6,0.9332669557034348,0.5,True
2qg3__A1_O28220--2qg3__A2_O28220,0.9203185777101301,0.5,True
7ysk__A1_Q6D6Z8--7ysk__B1_Q6D6Z8,0.9720014525266747,0.5,True
7spz__A1_A8B3G9--7spz__A2_A8B3G9,0.9871677101958012,0.5,True
4q2e__B1_Q9X1B7--4q2e__A1_Q9X1B7,0.8597556888971631,0.5,True
8cff__A1_Q7SIF4--8cff__B1_Q7SIF3,0.9268401355302311,0.5,False
8bxl__A1_A0A075TRK9--8bxl__D1_A0A075TRK9,0.9817380758604894,0.5,True
7uqo__A1_UNDEFINED--7uqo__A2_UNDEFINED,0.7592178205057369,0.5,True
5d4v__C1_Q57913--5d4v__A1_Q57913,0.9436315807697405,0.5,True
2p23__A1_O95750--2p23__B1_O95750,0.7583026828212895,0.5,True
7u55__A1_A0A151EDA9--7u55__A2_A0A151EDA9,0.8912650786391827,0.5,True
1rkw__A1_P0A0N4--1rkw__C1_P0A0N4,0.9753706514781691,0.5,True
1ps6__A1_P19624--1ps6__B1_P19624,0.967942800625252,0.5,True
2y21__L1_O28769--2y21__K1_O28769,0.9538974145388139,0.5596546310832025,True
2z5i__A1_P58772--2z5i__B1_P58772,0.8648382710748533,0.5,True
5l7u__B1_A6L2E5--5l7u__A1_A6L2E5,0.9743984644989493,0.5,True
3egq__A1_O28458--3egq__B1_O28458,0.9642155113246396,0.5,True
7r3a__A1_Q6LYR8--7r3a__E1_Q6LYR8,0.97141392971356,0.5,True
7yq0__A1_A0A101DF63--7yq0__B1_A0A101DF63,0.9741841601481326,0.5,True
3wsc__A1_Q25C86--3wsc__B1_Q25C86,0.7467390098822577,0.5,True
4pib__B1_Q2SVW5--4pib__A1_Q2SVW5,0.91837633576764,0.5,True
7vmx__B1_P9WNN1--7vmx__A1_P9WNM1,0.900214602233538,0.5,False
1ykd__A1_P94182--1ykd__B1_P94182,0.9441619430659801,0.5,True
4ux7__A1_Q183F3--4ux7__B1_Q183F3,0.9192895484540584,0.5,True
3k3d__A1_P9WLZ7--3k3d__A2_P9WLZ7,0.9397981971642397,0.5,True
7q1d__D2_P29808--7q1d__A1_P29808,0.9060465209527229,0.5,True
1sj5__A1_Q9WY07--1sj5__B1_Q9WY07,0.9600043100786195,0.5,True
4c12__A1_Q2FZP6--4c12__A2_Q2FZP6,0.9307016452778912,0.5,True
3k9m__A1_P07858--3k9m__B1_P01040,0.9624995056513933,0.5,False
1ccd__A1_P17559--1ccd__A2_P17559,0.8976154679519777,0.5157006566583386,True
8xiz__A1_T2B4K5--8xiz__B1_T2B4K5,0.9604820742428353,0.5,True
7wz6__A1_P15806--7wz6__B1_P10085,0.9380048144147305,0.5249384489688489,False
2i00__A1_Q831Y9--2i00__B1_Q831Y9,0.9538388319481614,0.5,True
5ffi__A2_Q44501--5ffi__B1_Q44501,0.9285989373742455,0.5,True
3cnk__A1_P21333--3cnk__B1_P21333,0.9518075356415479,0.5455173899420336,True
8gt9__A1_A8MW95--8gt9__B1_A8MW95,0.8954536197191829,0.5,True
4l2w__B1_Q13464--4l2w__A1_Q13464,0.8957424610008422,0.5,True
3d0j__A1_Q97DI0--3d0j__A2_Q97DI0,0.9159680210824993,0.5,True
7qaj__F1_UNDEFINED--7qaj__A1_Q8JIV8,0.943749960403549,0.5,False
4ct0__A1_P97784--4ct0__B1_O54943,0.7473356989144916,0.5,False
3av0__A1_Q58719--3av0__B1_Q58718,0.9364560353814697,0.5,False
8bln__A1_C9QZ65--8bln__H1_C9QZ65,0.955469518916437,0.5,True
2riq__A1_P09874--2riq__A2_P09874,0.8816312341793008,0.5,True
8hd5__A1_Q99U17--8hd5__B1_Q99U17,0.8946934680568991,0.5117793543301444,True
6xrb__A1_A0A0H3NHS6--6xrb__B1_A0A0H3NHS6,0.960376967298087,0.5,True
8a1g__A1_Q13596--8a1g__C1_Q9Y5X3,0.9549476121521291,0.5,False
8tn3__A1_Q643B9--8tn3__B1_Q643B9,0.9755064617854301,0.5,True
5ghs__A1_Q5JGL0--5ghs__C1_Q5JF31,0.8670619330840229,0.5,False
5umw__A1_A0A125SA26--5umw__F1_A0A125SA26,0.9646095042122323,0.5,True
7x7j__A1_UNDEFINED--7x7j__B1_UNDEFINED,0.9585452104148002,0.5,True
7zcv__B1_A0A0E7KI02--7zcv__A1_A0A0E7KI02,0.8820315907867866,0.5,True
6scq__A1_Q8NNN6--6scq__A2_Q8NNN6,0.9583580117545218,0.5,True
4ml9__A1_D1AMR0--4ml9__B1_D1AMR0,0.9477704408480417,0.5,True
7yfu__A1_Q8CG73--7yfu__B1_Q8CG73,0.9633752129810984,0.5,True
2yn3__C1_Q8ZKG6--2yn3__A1_Q8ZKG6,0.7402906008960215,0.5,True
3ix1__A1_Q9K9G5--3ix1__B1_Q9K9G5,0.9531344776473141,0.5,True
7khs__A1_Q2CEE3--7khs__B1_Q2CEE3,0.9765420709562201,0.5,True
8k5l__A1_A0A829KK40--8k5l__B1_A0A829KK40,0.9745172777867255,0.5,True
2g0t__B1_Q9WZQ3--2g0t__A1_Q9WZQ3,0.9777270771582441,0.5,True
3lr3__A1_Q63T74--3lr3__A2_Q63T74,0.9682121395536682,0.5,True
4pxq__A1_F1QR43--4pxq__B1_F1QR43,0.9742292018720171,0.5,True
4z5y__A1_Q88QV5--4z5y__A2_Q88QV5,0.9711747110026796,0.5,True
7zhf__A1_A0A0U2WWJ1--7zhf__A2_A0A0U2WWJ1,0.9669757773422445,0.5,True
6h86__A1_B5KM66--6h86__B1_B5KM66,0.8086524714700234,0.5034013605442177,True
7saf__B1_Q6TLP8--7saf__A1_Q6TLP8,0.9182301746099429,0.5,True
7zj1__B1_P55265--7zj1__A1_P55265,0.8971178982577492,0.5,True
4g9k__A1_P32340--4g9k__B1_P32340,0.9651660565592639,0.5,True
8b35__A1_Q96562--8b35__B1_Q96562,0.9662046147357098,0.49999312180593863,True
2rdz__A1_P0ABK9--2rdz__B1_P0ABK9,0.9633839867671136,0.5,True
6bzf__B1_P53061--6bzf__A1_P17122,0.9077378412173556,0.5,False
5ydd__B1_P9WME7--5ydd__A1_P9WME7,0.9006553623183164,0.5,True
4czd__B1_B8J3A4--4czd__A1_B8J364,0.895518148114441,0.5,False
3ft7__B1_Q54323--3ft7__A1_Q54323,0.8350856488161641,0.5039454018409004,True
4pz1__A1_Q99XU0--4pz1__A2_Q99XU0,0.8420075470397684,0.5,True
2w1t__A1_P37554--2w1t__B1_P37554,0.9795191592679409,0.5,True
7qz5__A1_A2RI36--7qz5__B1_A2RI36,0.9226878406189261,0.5,True
5h31__A1_Q14790--5h31__B1_Q14790,0.9536530750845111,0.5,True
8p33__A1_O51254--8p33__A2_O51254,0.9822706018326169,0.5,True
8orv__A1_A0A7H0DNF0--8orv__A2_A0A7H0DNF0,0.9250853406617989,0.5,True
8oru__A1_O93732--8oru__B1_O93732,0.9753298832146703,0.5,True
1u7i__A1_Q9I3Y6--1u7i__B1_Q9I3Y6,0.9295068109696104,0.5,True
8slg__B1_G7CIG9--8slg__A1_G7CIG9,0.8878638629817874,0.5,True
3l2e__B1_Q6AW42--3l2e__A1_Q6AW43,0.9279172993067093,0.5,False
3b0a__A1_P0CG48--3b0a__B1_Q9WUB0,0.7456040861971877,0.5,False
6etz__A1_A0A023UGN9--6etz__A2_A0A023UGN9,0.9077208504246663,0.5,True
7sfz__B1_Q9NYP9--7sfz__A1_Q9NYP9,0.8708869928996847,0.5,True
7wwf__A1_A0R6Y0--7wwf__B1_A0R6Y0,0.9738170915653672,0.5,True
8vdw__B1_T0TAB9--8vdw__A1_T0TAB9,0.9691197332889432,0.5,True
8ri0__A1_E4THH1--8ri0__B1_E4THH1,0.9356381871182677,0.5,True
5z2i__B1_Q54LT0--5z2i__A1_Q54LT0,0.843979470983024,0.5,True
4miv__A1_P51688--4miv__B1_P51688,0.9453094590485907,0.5,True
3vh1__A1_P38862--3vh1__A2_P38862,0.9732042272952389,0.5,True
7z98__A1_E6V140--7z98__A2_E6V140,0.9655252559572701,0.5,True
2ond__A1_Q99LI7--2ond__B1_Q99LI7,0.9394986552711805,0.5,True
7vt9__A1_P21517--7vt9__B1_P21517,0.9046093841798833,0.5,True
1gju__A1_O33838--1gju__A2_O33838,0.9527024861935377,0.5,True
6hta__A1_A0A3F2YM29--6hta__B1_A0A3F2YM29,0.883270404135053,0.5,True
3h7h__A1_P63272--3h7h__B1_O00267,0.9400219337211542,0.5,False
1dek__A1_P04531--1dek__B1_P04531,0.9711862395411482,0.5,True
4z39__A1_A0A0S2E5N6--4z39__B1_A0A0S2E5N6,0.8830378703718191,0.5,True
5ca9__A1_Q9C0L9--5ca9__A2_Q9C0L9,0.9198470741961335,0.5,True
2zvx__A1_P00974--2zvx__B1_P00974,0.7791399062662732,0.5,True
6x0a__A1_F7Y4W0--6x0a__S1_F7YBW8,0.7725399406469328,0.5,False
7spq__A1_C5AMM8--7spq__A2_C5AMM8,0.9762609459305613,0.5,True
7spn__A1_A0A7C2VFT1--7spn__B1_A0A7C2VFT1,0.9874350490077911,0.5,True
1tv8__A1_P65388--1tv8__B1_P65388,0.8110812734270334,0.5,True
3mkr__B1_Q27954--3mkr__A1_Q28104,0.9637729399364388,0.5,False
1dqn__A1_Q24973--1dqn__B1_Q24973,0.9624374770894824,0.5,True
7tdq__A1_Q2HR80--7tdq__B1_Q2HR80,0.8331623264372944,0.5,True
7xoi__A1_A0A5N6DPG0--7xoi__B1_A0A5N6EXS6,0.9317120647254341,0.5,False
8h62__A1_P0DJM0--8h62__B1_P12830,0.9188898441001075,0.5,False
7dyc__A1_UNDEFINED--7dyc__A2_UNDEFINED,0.7788575391913797,0.5,True
8bbt__A1_A0A0B4VFQ3--8bbt__A2_A0A0B4VFQ3,0.9728594002968316,0.5,True
3t2l__A1_Q5LE95--3t2l__A2_Q5LE95,0.9801155745772048,0.5,True
3uet__A1_B7GNN8--3uet__B1_B7GNN8,0.9330741972076346,0.5,True
8fdb__B1_Q12KP2--8fdb__A1_Q12KP2,0.9170915456552828,0.5,True
6ok3__A1_C3X9N1--6ok3__B1_C3X9N1,0.6761693134397563,0.5,True
8hp3__A1_A0A2K0XCZ3--8hp3__B1_A0A2K0XCZ3,0.9335344718014142,0.5,True
7xkg__A1_A7NHS9--7xkg__B1_A7NHS9,0.9020021976249244,0.5,True
1l7e__A1_Q2RSB2--1l7e__B1_Q2RSB2,0.9521412025821197,0.5,True
8hn2__A1_Q9F722--8hn2__B1_Q9F722,0.9357671254611082,0.5,True
8gst__A1_Q1NEI7--8gst__B1_Q1NEI7,0.9671257218056006,0.5,True
7cq3__A1_P38324--7cq3__B1_Q12098,0.9503692354920865,0.5,False
5htf__A1_Q8Y759--5htf__B1_Q8Y759,0.9665312438865987,0.5,True
6c90__A1_P42285--6c90__B1_Q6NZY4,0.9207100450839989,0.5,False
6e1j__A1_C5J4P1--6e1j__B1_C5J4P1,0.9244765971389359,0.5,True
3ccd__A1_P0AA04--3ccd__B1_P0AA04,0.7958835758835759,0.5,True
3dzl__B1_Q396C9--3dzl__A1_Q396C9,0.9266609885355829,0.5,True
4ir7__A1_UNDEFINED--4ir7__A2_UNDEFINED,0.9656736572737379,0.5,True
7nlj__B1_UNDEFINED--7nlj__A1_K3YAU1,0.7465829637818506,0.5,False
2y1h__B1_Q17R31--2y1h__A1_Q17R31,0.8918720435261747,0.5,True
7unj__A1_UNDEFINED--7unj__B1_UNDEFINED,0.9787478562808325,0.5,True
7lfs__A1_P00533--7lfs__E1_O14944,0.9072019211403791,0.5,False
6jiw__A1_A0A0H3JU78--6jiw__A2_A0A0H3JU78,0.9343359753751443,0.5,True
8ees__A1_A0A0H3GMB7--8ees__B1_A0A0H3GMB7,0.9877099165707717,0.5,True
4a5b__B1_Q27895--4a5b__A1_Q27895,0.9349787209980726,0.5,True
3nb6__A1_O66874--3nb6__A2_O66874,0.8997430001738026,0.5,True
5f8c__A1_O53532--5f8c__A2_O53532,0.9447823231544967,0.5,True
5yet__A1_Q5UQV1--5yet__B1_Q5UQV1,0.9829096202499019,0.5,True
8jt3__A1_H8Y6N2--8jt3__C1_H8Y6N2,0.9175574449068862,0.5,True
1ije__A1_P02994--1ije__B1_P32471,0.9342137343044028,0.5,False
6on4__A1_P0A8W0--6on4__B1_P0A8W0,0.8937358870097107,0.5,True
4zvc__A1_P0AA89--4zvc__B1_P0AA89,0.9723818530103536,0.5,True
4qoa__A1_A7VAB9--4qoa__A2_A7VAB9,0.9468309328309309,0.5,True
6wmv__A1_U5WZP7--6wmv__B1_U5WZP7,0.9488396310576341,0.5,True
3e3c__A1_Q7DB61--3e3c__B1_Q7DB61,0.931741916867184,0.5,True
7zc8__B1_UNDEFINED--7zc8__A1_UNDEFINED,0.934176487496407,0.5,True
6ekk__A1_Q8TEH3--6ekk__C1_Q15286,0.9261269191606578,0.5,False
8a9w__A1_P15751--8a9w__A2_P15751,0.9905057168836696,0.5675675675675675,True
2gj9__A1_P25522--2gj9__B1_P25522,0.9598226623984716,0.5,True
3cm7__C1_P98170--3cm7__D1_P98170,0.963248881354897,0.5,True
8f5v__A1_O53728--8f5v__B1_O53728,0.9672565098546972,0.5,True
1ecj__A1_P0AG16--1ecj__B1_P0AG16,0.9100436436504197,0.5,True
3s5r__A1_Q2LS68--3s5r__B1_Q2LS68,0.9550071631841572,0.5,True
3im3__A1_P00514--3im3__A2_P00514,0.8861548983845752,0.5828447976376585,True
4mcj__B1_A6L9R1--4mcj__A1_A6L9R1,0.9723111685229678,0.5,True
7vw1__B1_V5J1S8--7vw1__A1_V5J1S8,0.9154391589405886,0.5,True
3p12__A1_Q2G1A5--3p12__D1_Q2G1A5,0.9027105831425863,0.5,True
8aq0__A1_Q6DTN4--8aq0__B1_Q6DTN4,0.9767231116149864,0.5,True
3wpm__A1_G2IKE5--3wpm__B1_G2IKE5,0.8974932318280912,0.5,True
7xof__B1_Q0DFB6--7xof__A1_Q0DFB6,0.9506397401430782,0.5,True
8a8f__A1_P32598--8a8f__B1_P42073,0.7723289940759366,0.5,False
5un7__A1_Q9NUX5--5un7__B1_Q96AP0,0.8676229626328403,0.5,False
8juk__A1_V5VGC6--8juk__B1_V5VGC6,0.9687243236175931,0.5,True
8snp__A1_O09118--8snp__A2_O09118,0.8741425945639909,0.5,True
8ic6__A1_UNDEFINED--8ic6__B1_UNDEFINED,0.9582635625051293,0.5,True
6wjc__A1_P11229--6wjc__B1_Q8QGR0,0.8793299613857617,0.5,False
8ard__A1_Q64331--8ard__A2_Q64331,0.8655800863435161,0.5,True
3mqi__A1_Q9UH73--3mqi__B1_Q9UH73,0.7961505062361036,0.5,True
3q01__A1_P04637--3q01__B1_P04637,0.9741332425991516,0.5,True
7ylq__A1_Q93CA6--7ylq__B1_Q93CA6,0.9105733648526755,0.5,True
2yvo__A1_Q5SJY9--2yvo__A2_Q5SJY9,0.9229108059147925,0.5,True
5vpa__B1_P17535--5vpa__A1_P53539,0.9114111589786698,0.5,False
3v78__B1_P95092--3v78__A1_P95092,0.9611337689456303,0.5,True
7pzh__A1_A0A174J845--7pzh__B1_A0A174J845,0.9013900673127153,0.5,True
3m0f__A1_Q4KDJ6--3m0f__B1_Q4KDJ6,0.9016444790551044,0.5,True
1y4h__A1_P0C1S6--1y4h__C1_Q9EYW6,0.9314814814814815,0.5,False
2o4c__A1_Q9I3W9--2o4c__B1_Q9I3W9,0.9837212564198693,0.5,True
1ynh__A1_P76216--1ynh__D1_P76216,0.9879617047788443,0.5,True
8ohx__A1_U4Q148--8ohx__B1_U4Q148,0.9336931265681035,0.5,True
3a6m__A1_Q56236--3a6m__B1_Q56236,0.9462012072352932,0.5,True
4bvp__A1_Q5ZUA2--4bvp__B1_Q5ZUA2,0.9393399996538276,0.5,True
7oc6__A1_A0A2U8U2L5--7oc6__A2_A0A2U8U2L5,0.9684919085351361,0.5,True
6qpq__A1_G0SGH3--6qpq__B1_Q12158,0.9843734981376907,0.5,False
3ct6__A1_Q9CIV6--3ct6__B1_Q9CIV6,0.9233572432883694,0.5,True
1qae__A1_P13717--1qae__B1_P13717,0.8704781028399611,0.5,True
3q5w__B1_P38937--3q5w__A1_P38937,0.9026706071121736,0.5,True
8gol__B1_G9I933--8gol__A1_G9I933,0.9302479049388604,0.5,True
7epj__A1_P62554--7epj__A2_P62554,0.9620121529493133,0.5,True
1ag9__A1_P61949--1ag9__B1_P61949,0.9938315613739592,0.5,True
3gwh__B1_O31691--3gwh__A1_O31691,0.8799066136558452,0.5024801901694504,True
5gw1__A1_P57768--5gw1__B1_P57768,0.8962665779636925,0.5,True
3l2o__B1_Q9UKT5--3l2o__A1_P63208,0.926268249959783,0.5,False
7y3u__A1_A0A8B9XNB5--7y3u__B1_A0A8B9XNB5,0.9559589242651843,0.5,True
3wrf__A1_E8MGH8--3wrf__A2_E8MGH8,0.9673909568237696,0.5,True
7yyl__A1_Q3AET9--7yyl__B1_Q3AET9,0.9160950080799155,0.5,True
8syb__B1_Q72KY0--8syb__A1_Q72KY0,0.9924916353639986,0.5,True
8qc3__A1_A0A1C9WRL0--8qc3__B1_A0A1C9WRL0,0.9616481292847058,0.5,True
3wtf__B1_Q9BUH6--3wtf__A1_Q9BUH6,0.9758219769102595,0.5,True
2x0e__B1_Q7BG50--2x0e__A1_Q7BG50,0.9229127820868549,0.5,True
5hwt__A1_A5W4E3--5hwt__B1_A5W4E3,0.9671414882300711,0.5,True
1ojh__A1_Q8YNP7--1ojh__B1_Q8YNP7,0.7817347670250897,0.5333333333333333,True
3eyy__A1_Q9K4F8--3eyy__B1_Q9K4F8,0.9745770970545002,0.5,True
8bwv__D2_A0A482M8M0--8bwv__A1_A0A482M8M0,0.7901103241812311,0.5,True
7cm9__A1_A0A7V8UZ53--7cm9__B1_A0A7V8UZ53,0.9329680272080503,0.5,True
4nc8__A1_P12464--4nc8__A2_P12464,0.9736706798082552,0.5,True
1zhh__A1_P54300--1zhh__B1_P54302,0.9183093002345081,0.5,False
8c0u__A1_Q9I5Q5--8c0u__B1_Q9I5Q5,0.9347708689412193,0.5,True
2fbq__A1_Q9HZJ9--2fbq__A2_Q9HZJ9,0.9378006157981786,0.5,True
7fch__A1_O95256--7fch__C2_O95256,0.9565551562529331,0.5,True
8c7t__B1_A0A1B4XP18--8c7t__A1_A0A1B4XP18,0.9457544284829627,0.5,True
4iwn__A1_P76290--4iwn__B1_P76290,0.9784072820418992,0.5,True
1sc1__A1_P29466--1sc1__B1_P29466,0.8962598311635867,0.5,True
5amt__A1_A0Q7H2--5amt__A2_A0Q7H2,0.9390532570657097,0.5,True
4ueb__C1_P48598--4ueb__D1_UNDEFINED,0.8917383684279019,0.5,False
7qfz__B1_B7L3Y3--7qfz__A1_B7L3Y3,0.9008409031927022,0.5,True
3hml__A1_A6T9H1--3hml__B1_A6T9H1,0.9523491052212324,0.5,True
1xk6__A1_P31572--1xk6__C1_P31572,0.9174765267667877,0.5,True
7r3s__A1_A0A4R2M5S2--7r3s__B1_A0A4R2M5S2,0.9412184660605891,0.5,True
2grx__A1_P06971--2grx__C1_P02929,0.8484309349058672,0.5,False
7vsf__A1_P25440--7vsf__B1_P25440,0.8247435218914883,0.5,True
3q34__A1_Q48EL2--3q34__C1_Q48EL2,0.8645608902478965,0.5,True
4r2k__A1_Q8ZP84--4r2k__A2_Q8ZP84,0.9597873826435495,0.5,True
3cgw__A1_Q8PVT6--3cgw__A2_Q8PVT6,0.975953976948716,0.5,True
7r2f__A1_P21836--7r2f__B1_P21836,0.9924640990909441,0.5,True
4g19__A1_I6ZUH3--4g19__B1_I6ZUH3,0.9917230818649246,0.5,True
3dg8__C1_P13922--3dg8__A1_P13922,0.8607597110685031,0.5,True
6m10__A1_Q9HUW0--6m10__C1_Q9HUW0,0.8977548539502898,0.5043513416924352,True
8tt2__B1_Q4K977--8tt2__A1_Q4K977,0.9507806401249024,0.5,True
1h31__A1_Q939U1--1h31__B1_Q939U4,0.9471011259829052,0.5,False
5iib__A1_P04552--5iib__B1_Q8WR62,0.9175198919081219,0.5,False
6a5g__A1_UNDEFINED--6a5g__C1_UNDEFINED,0.9742103909732092,0.5,True
7p7i__B1_R8APY9--7p7i__A1_R8APY9,0.9757772654960857,0.5,True
3hzu__A1_P9WHF7--3hzu__A2_P9WHF7,0.9579017186326071,0.5,True
5dob__A1_P16794--5dob__B1_P16791,0.9323671232006489,0.5,False
7xgs__A1_Q9FVC1--7xgs__A2_Q9FVC1,0.8080293130375759,0.5,True
6iju__A1_Q9KJN4--6iju__A2_Q9KJN4,0.9622882945653339,0.5,True
4kqd__B1_P06626--4kqd__A1_P06626,0.9212604098535537,0.5,True
2fu3__B1_Q03555--2fu3__A1_Q03555,0.8647570054006133,0.5,True
1jgt__B1_P0DJQ7--1jgt__A1_P0DJQ7,0.945726634412809,0.5,True
6l4b__A1_Q9UGV2--6l4b__C2_Q9UGV2,0.9612151057391598,0.5,True
3lzk__A1_Q92LT4--3lzk__B1_Q92LT4,0.9666213574714386,0.5,True
1ht8__A1_P05979--1ht8__B1_P05979,0.9140654775585304,0.5,True
1z8h__A1_Q8YWS4--1z8h__B1_Q8YWS4,0.9355621852790452,0.5,True
8gk6__A1_W6USS8--8gk6__E1_W6USS8,0.9768459669127956,0.5,True
4mjf__A1_A6L2I4--4mjf__A2_A6L2I4,0.9888647286790605,0.5,True
7m4s__A1_Q8YLC3--7m4s__D1_Q8YLC3,0.8950359915384302,0.5,True
6fju__A1_E6N8B9--6fju__B1_E6N8B9,0.9814446950737618,0.5,True
6lgq__A1_P21865--6lgq__B1_P21866,0.7866087973155016,0.5,False
2y27__B1_B4E7B5--2y27__A1_B4E7B5,0.9826378515875877,0.5,True
2tdx__A1_P0DJL7--2tdx__A2_P0DJL7,0.9885163511969673,0.5,True
8aim__C1_Q6GJ88--8aim__A1_A0A141HSF0,0.839352415804451,0.5,False
8fj8__A1_P02638--8fj8__A2_P02638,0.9221170753730634,0.499875249500998,True
3uv0__B1_Q9W061--3uv0__A1_Q9W061,0.9693376203464533,0.5,True
8alo__B1_P24003--8alo__A1_P15795,0.9272220460790531,0.5,False
2zb6__A1_P08362--2zb6__A2_P08362,0.9706899802020948,0.5,True
6xa0__A1_D1A230--6xa0__B1_D1A230,0.9351589798592731,0.5,True
1zbo__B1_Q7WAM7--1zbo__A1_Q7WAM7,0.8845443426668056,0.5,True
6xb5__A1_A0A7E5VPD6--6xb5__B1_A0A7E5VPD6,0.9735243055555556,0.5,True
8duy__D1_A0A0H3GVN6--8duy__A1_A0A0H3GVN6,0.9802101498530069,0.5,True
7th5__A1_Q5SLG6--7th5__B1_Q5SLG6,0.7778233407000074,0.5,True
3uws__B1_A7A9N3--3uws__A1_A7A9N3,0.9710243660157897,0.5,True
4u04__B1_Q9BVA6--4u04__A1_Q9BVA6,0.949586441306786,0.5,True
2kin__A1_P56536--2kin__B1_Q6QLM7,0.9122341893039049,0.5,False
3ulc__A1_Q08236--3ulc__A2_Q08236,0.9478988821138211,0.5,True
8b2a__A1_Q2YWJ9--8b2a__A2_Q2YWJ9,0.9884127861973868,0.5,True
8qff__A1_K9TLZ5--8qff__A2_K9TLZ5,0.9537266485424445,0.5,True
6w9q__A1_P0DTD1--6w9q__A2_P0DTD1,0.9287989454803554,0.5,True
8c8c__A1_P48426--8c8c__A2_P48426,0.9863867898124825,0.5,True
8iup__B1_A9A1Y1--8iup__A1_A9A1Y1,0.9734727147603388,0.5,True
3o7o__A1_Q9S5X8--3o7o__B1_Q9S5X8,0.9307375330740425,0.5,True
4bg8__A1_Q8TX37--4bg8__B1_Q8TX37,0.9901563346318905,0.5,True
7qxo__A1_G8UIQ1--7qxo__B1_G8UIQ1,0.9514810341578177,0.5,True
4xiz__A1_Q05776--4xiz__D1_O60200,0.8074219793247653,0.5,False
2x3l__B1_UNDEFINED--2x3l__A1_UNDEFINED,0.9583760182486942,0.5,True
7pwe__A1_Q6AL91--7pwe__B1_Q6AL91,0.8584293656091474,0.5,True
6uxu__A1_E2JB04--6uxu__B1_E2JB04,0.8620962867125788,0.5,True
3bid__A1_Q7DDI1--3bid__B1_Q7DDI1,0.8546060897934945,0.5,True
4f7w__A1_B5XYG3--4f7w__B1_B5XYG3,0.9344515026595943,0.5,True
2rae__A1_Q0S3N9--2rae__A2_Q0S3N9,0.9446675681362415,0.5046296296296297,True
7ads__A1_A0A0R8HV90--7ads__A2_A0A0R8HV90,0.8312355418831305,0.49997231604008635,True
7yn1__A1_E9JES9--7yn1__C1_E9JES9,0.9198807499123473,0.5,True
3t7y__A1_O84093--3t7y__B1_O84093,0.947741644549551,0.5,True
8hhj__B1_UNDEFINED--8hhj__A1_A0A0Y5KAW3,0.7427479796961757,0.5,False
7u6p__A1_P11926--7u6p__B1_P11926,0.8989836565817801,0.5,True
4mis__A1_Q57ES7--4mis__B1_Q57ES7,0.930063392286384,0.5,True
2blf__A1_Q9LA16--2blf__B1_Q9LA15,0.9325217406783118,0.5,False
3ke3__A1_Q4FVA8--3ke3__A2_Q4FVA8,0.9807308922216019,0.5,True
7ywc__A1_Q9L0T8--7ywc__B1_Q9L0T8,0.9742745135194304,0.5,True
4wwr__B1_P46379--4wwr__A1_P11441,0.8320235060889266,0.5,False
7r0d__B1_Q9NV35--7r0d__A1_Q9NV35,0.9598124960205697,0.5,True
8w6x__A1_P21852--8w6x__B1_P21853,0.9276263813140523,0.5,False
8hdv__A1_UNDEFINED--8hdv__B1_UNDEFINED,0.737190805398057,0.5,True
3fmf__A1_P9WPQ5--3fmf__B1_P9WPQ5,0.9038360474382843,0.5,True
2xrm__A1_D0AB41--2xrm__A2_D0AB41,0.9528423432265549,0.5,True
4xj7__A1_P66881--4xj7__B1_P66881,0.9470770772245716,0.5,True
7yrt__E1_H9L4P6--7yrt__A1_H9L4P6,0.8162979804778251,0.5,True
7tye__A1_P0A7J0--7tye__A2_P0A7J0,0.9408040361786414,0.5,True
2zvd__B1_Q9RBY1--2zvd__A1_Q9RBY1,0.9969948555582233,0.5,True
3mtw__A1_Q9A4Z9--3mtw__A2_Q9A4Z9,0.9930396640707349,0.5,True
3n2o__A1_Q7MK24--3n2o__B1_Q7MK24,0.8598881665803882,0.5,True
7ywd__A1_Q8TB36--7ywd__A2_Q8TB36,0.9900055740100483,0.5,True
5upq__A1_A0A0A0V031--5upq__B1_A0A0A0V031,0.9417656284701241,0.5,True
1vgu__A1_Q46893--1vgu__B1_Q46893,0.9427977034286228,0.5,True
7pxo__A1_F4F7G1--7pxo__C1_F4F7G1,0.9497777760172392,0.5,True
2dp9__A1_Q5SM30--2dp9__A2_Q5SM30,0.9543061797313069,0.5,True
8a7l__A1_M1JS91--8a7l__A2_M1JS91,0.9765339316027959,0.5,True
7uqv__A1_A0A0L6JSP1--7uqv__B1_A0A0L6JSP1,0.9845863820060561,0.5,True
5d1r__A1_P9WMC9--5d1r__B1_P9WMC9,0.9573327285047635,0.5,True
3f6q__A1_Q13418--3f6q__B1_P48059,0.9214927683709134,0.5,False
7xyk__A1_Q77J90--7xyk__B1_Q77J90,0.9644977269832851,0.5,True
7xxk__A1_P0DTC9--7xxk__B1_P0DTC9,0.8709937794443606,0.5,True
3qta__A1_Q5V4K4--3qta__B1_Q5V4K4,0.9897935499423179,0.5,True
8oqj__B1_P06959--8oqj__A1_P06959,0.8927739726027397,0.5,True
1tbp__A1_P13393--1tbp__B1_P13393,0.9510570194007189,0.49998453018161565,True
7qfk__C1_Q5FLN0--7qfk__A1_Q5FLN0,0.9530791981597109,0.5,True
7r3o__B1_Q460N3--7r3o__A1_Q460N3,0.9618535178608119,0.5,True
2z0l__A1_P03191--2z0l__B1_P03191,0.9110187370009333,0.5,True
1wli__A1_Q46604--1wli__B1_Q46604,0.9620873552123552,0.5,True
8b3e__A1_M4SY06--8b3e__A2_M4SY06,0.9264226731203743,0.49999668700843486,True
1d8i__A1_O13297--1d8i__A2_O13297,0.9167625228604146,0.5,True
7vo4__B2_F1CLA7--7vo4__A1_F1CLA7,0.9723314928885587,0.5,True
8eh0__B1_P50909--8eh0__A1_P50909,0.9662034658276323,0.5,True
7q39__A1_UNDEFINED--7q39__A2_UNDEFINED,0.9738925944776511,0.5,True
3seo__B1_Q87GE5--3seo__A1_Q87GE5,0.966693268770923,0.5,True
3iey__B1_Q74MS9--3iey__A1_Q74MP4,0.9673267155506364,0.5,False
4yto__B1_Q15431--4yto__A1_Q15431,0.780109808852095,0.5,True
6csm__A1_L1J207--6csm__B1_L1J207,0.9495308428915012,0.5,True
4ndt__A1_A7UNK4--4ndt__A2_A7UNK4,0.761627297235606,0.5,True
8j3p__A1_B9WHT3--8j3p__A2_B9WHT3,0.9806648553327633,0.5,True
7pv7__B1_Q7MVV4--7pv7__A1_Q7MVV4,0.9058485585734531,0.5,True
7uj6__A1_Q8RMD9--7uj6__B1_Q8RMD9,0.9509228643699098,0.5,True
3k9i__A1_Q9KFK0--3k9i__A2_Q9KFK0,0.9182552754256917,0.5282001391199488,True
7z1s__A1_A0A3Q7HTY9--7z1s__A2_A0A3Q7HTY9,0.9719452536738622,0.5,True
2e89__A1_O67728--2e89__B1_O67728,0.9827381781526967,0.5,True
2woz__A1_Q9ER30--2woz__A2_Q9ER30,0.8982966786087978,0.5,True
7xxs__A1_B2CKP3--7xxs__B1_B2CKP3,0.9413977997121118,0.5,True
8fir__A1_O83132--8fir__B1_O83132,0.9809788740159736,0.5,True
3i6s__A1_O82777--3i6s__B1_O82777,0.98969413246246,0.5,True
7yhe__B1_A6YEH4--7yhe__A1_A6YEH4,0.8778770098680497,0.5,True
1ku2__A1_Q9EZJ8--1ku2__B1_Q9EZJ8,0.8313793787225251,0.5,True
6qwo__B1_Q9S5W7--6qwo__A1_Q9S5W7,0.9702087319685809,0.5,True
1mxi__A1_P44868--1mxi__A2_P44868,0.9166652006972033,0.5,True
8fuq__A1_P22363--8fuq__B1_P22363,0.9049036685141199,0.5196041171813143,True
6hhk__B1_A8AST9--6hhk__A1_A8AST9,0.975200310193713,0.5,True
2vhl__A1_O34450--2vhl__A2_O34450,0.9912127303117426,0.5,True
8h1i__A1_W6EBY7--8h1i__B1_P0A9Y6,0.9064856150880682,0.5,False
5wan__A1_P75898--5wan__A2_P75898,0.9837866038954727,0.5,True
4x7z__B1_Q49492--4x7z__A1_Q49492,0.9825980034643085,0.5,True
5c6k__B1_P36932--5c6k__A1_P36932,0.951765866501283,0.5,True
6a1k__A1_P71018--6a1k__B1_P71018,0.9730901802318799,0.5,True
7pjh__A1_Q9Y312--7pjh__B1_Q6P2Q9,0.9337732874415687,0.5,False
4joi__A1_Q9H668--4joi__C1_Q86WV5,0.9139031121072954,0.5,False
8axz__A1_P31153--8axz__A2_P31153,0.956099264216296,0.5,True
8ogi__B1_P11678--8ogi__A1_P11678,0.842438793107304,0.5,True
8cxl__A1_A7KH32--8cxl__B1_A7KH32,0.8828666501890616,0.5,True
7win__B1_Q9UIF8--7win__A1_Q9UIF8,0.8270166803390757,0.5,True
7b80__A1_G3I8R9--7b80__B1_Q9BVA6,0.8208090639643477,0.5,False
4bwv__A1_Q8L5D0--4bwv__B1_Q8L5D0,0.9066183607142486,0.5,True
7drj__A1_P63756--7drj__B1_P63756,0.8978682966506406,0.5,True
6t2b__A1_B2UQL7--6t2b__C1_B2UQL7,0.975712494817796,0.5,True
8jh0__B1_S2D3K4--8jh0__A1_S2D3K4,0.8992839357709002,0.5,True
7t2s__A1_A0A494K842--7t2s__A2_A0A494K842,0.9383657663941769,0.5,True
3frw__B1_A5ZMD8--3frw__A1_A5ZMD8,0.8629535807991883,0.5,True
5ab5__A1_C9ZUV7--5ab5__B1_C9ZUV7,0.9815291611264697,0.5,True
8jqp__A2_UNDEFINED--8jqp__B1_UNDEFINED,0.990464336042651,0.5,True
5myd__C2_A0A2D0TC86--5myd__A1_A0A2D0TC86,0.9681795283431244,0.5,True
5cde__A1_Q8P839--5cde__B1_Q8P839,0.922434454233054,0.5,True
6pi4__A1_A0R1Z9--6pi4__A2_A0R1Z9,0.9841957638670441,0.5218092691622104,True
3ipf__A1_Q251Q8--3ipf__B1_Q251Q8,0.9504035828622028,0.5555884306246168,True
4c11__B1_Q6YMS4--4c11__A1_Q6YMS4,0.9425254293276373,0.5,True
2p3y__A1_Q87I71--2p3y__B1_Q87I71,0.9630199045223768,0.5,True
5jbr__A1_C5C6I1--5jbr__B1_C5C6I1,0.9046374343810605,0.5,True
8ttz__A1_G8E2R2--8ttz__B2_G8E2R2,0.9716376141465793,0.5,True
3vba__A1_Q58673--3vba__B1_Q58673,0.9730328144495464,0.5,True
4o6y__B1_Q9SWS1--4o6y__A1_Q9SWS1,0.889880361720105,0.5,True
4e5r__A1_Q6IRB5--4e5r__A2_Q6IRB5,0.8144489527213123,0.5,True
7ywv__A1_Q0SBK1--7ywv__C1_Q0SBK1,0.9810337858908973,0.5,True
8eer__A1_P01116--8eer__A2_P01116,0.9465725327789489,0.5,True
3f84__B1_E3PPC4--3f84__A1_E3PPC4,0.7986021354736274,0.5,True
5mu7__A1_G0S6G7--5mu7__B1_G0S6I4,0.9185376837264293,0.5,False
8hfp__B1_Q96T68--8hfp__A1_Q8N8R7,0.6884483250584945,0.5,False
4rmn__B1_Q6NC13--4rmn__A2_Q6NC13,0.9311430402727985,0.5,True
3mx1__A1_Q46944--3mx1__A2_Q46944,0.9560234593232692,0.5,True
5gl5__A1_Q06321--5gl5__B1_Q06321,0.9722508727484156,0.5,True
8e77__A1_Q1QD54--8e77__A2_Q1QD54,0.9779982534209128,0.5,True
5gl4__A1_B6YTD8--5gl4__B1_B6YTD8,0.9919349682505523,0.5,True
7wf9__A1_Q3ZT31--7wf9__B1_Q3ZT31,0.8356095056838699,0.5,True
8fw0__B1_P39897--8fw0__A1_P39897,0.8931531949634068,0.5,True
8ou8__B1_P0A8M3--8ou8__A1_P0A8M3,0.9741360910173293,0.5,True
7acm__B1_P75811--7acm__A1_P75811,0.9315925600457418,0.5,True
4trb__A1_Q97W95--4trb__B1_Q97W95,0.9501809549546685,0.5115384615384615,True
7y55__A1_A0A9E8RZN7--7y55__C2_A0A9E8RZN7,0.9808287137096823,0.5,True
2ia9__B1_P28015--2ia9__A1_P28015,0.8888260280833226,0.5,True
3sy6__A1_Q5LE92--3sy6__B1_Q5LE92,0.9668141288019736,0.5,True
6xz3__A1_Q9H1K6--6xz3__A2_Q9H1K6,0.9805559527314016,0.5,True
2h8e__A1_P0AG74--2h8e__A2_P0AG74,0.7712678152100625,0.5,True
3gyx__A1_T2G6Z9--3gyx__B1_T2G899,0.843592013597581,0.5,False
4e0u__A1_D1D8L6--4e0u__A2_D1D8L6,0.9988241264510107,0.5,True
6teu__A1_O60568--6teu__A2_O60568,0.9689367827064741,0.5,True
6xt5__B1_P49046--6xt5__A1_P49046,0.9947800838078041,0.5,True
8g1t__A1_Q07812--8g1t__B1_Q07812,0.7637551521699841,0.5,True
7xp7__B1_W9FXI8--7xp7__A1_W9FXI8,0.9424771502830167,0.5,True
8i55__A1_Q58380--8i55__B1_Q58380,0.9395376585757542,0.5037593984962406,True
1h65__A1_Q41009--1h65__A2_Q41009,0.9750520909673543,0.5,True
3ol4__A1_A0QRC4--3ol4__B1_A0QRC4,0.9633916662488091,0.5,True
8idq__A1_A0A0B8MZ29--8idq__C1_A0A0B8MZ29,0.9497233508499003,0.5,True
5hcb__A1_P83003--5hcb__B1_P83003,0.966848032711351,0.5,True
3f6g__B1_Q8F3Q1--3f6g__A1_Q8F3Q1,0.9425829808925618,0.5,True
6akj__B1_G2TRN4--6akj__A1_G2TRN4,0.9102792070217918,0.5,True
8ju7__A1_Q9I2U4--8ju7__B1_Q9I2U4,0.9415778930222979,0.5,True
3nel__A1_Q52428--3nel__B1_Q52428,0.9637402163459059,0.5,True
2dc1__A1_O28440--2dc1__B1_O28440,0.953853006651989,0.5,True
8fzk__B1_P52292--8fzk__A1_P52292,0.8735587453342111,0.5,True
3wnz__A1_P39641--3wnz__A2_P39641,0.9859098398484404,0.5,True
8e1u__A1_A0A160VN62--8e1u__F2_A0A160VN62,0.9658968562761964,0.5,True
1v7c__A1_P83823--1v7c__B1_P83823,0.955846833291311,0.5,True
7skr__A1_Q0QDZ2--7skr__A2_Q0QDZ2,0.7958862500940381,0.5,True
3egg__A1_P62136--3egg__C1_O35274,0.9309226636554304,0.5,False
8imd__A1_UNDEFINED--8imd__B1_UNDEFINED,0.9791307315903844,0.5,True
4yke__B1_G0RYR3--4yke__A1_G0RYR3,0.992887036402254,0.5,True
1tq9__A1_P00669--1tq9__B1_P00669,0.91732226581343,0.5,True
4oh3__B1_Q05085--4oh3__A1_Q05085,0.9358059937518189,0.5,True
4q62__A1_Q5ZUB7--4q62__A2_Q5ZUB7,0.9182116023396457,0.5,True
2we5__A1_P0A2X7--2we5__B1_P0A2X7,0.9585922538092997,0.5,True
5t51__A1_Q6CLK3--5t51__B1_Q6CPD1,0.894330568075424,0.49976484420928863,False
3i0z__A1_A0A0H2UN25--3i0z__B1_A0A0H2UN25,0.9105618873781942,0.5,True
3wof__A1_Q8RQE9--3wof__B1_A7XX65,0.7353181604328394,0.5,False
8p6k__A1_A0A0H2UWN1--8p6k__B1_A0A0H2UWN1,0.9374210345579771,0.5,True
7z9z__A1_P02754--7z9z__A2_P02754,0.9806329954014102,0.5,True
6d0i__A1_A0A0C5XL88--6d0i__B1_A0A0C5XKJ0,0.8892817115899452,0.5,False
3gs3__A1_Q8MSU4--3gs3__A2_Q8MSU4,0.9946207725330414,0.5,True
2f4m__A1_Q9JI78--2f4m__B1_P54728,0.9329166638236706,0.5,False
4yh8__A1_Q09176--4yh8__B1_P36629,0.8475587641896983,0.5,False
6ago__A1_Q9NR48--6ago__C1_Q9UBU8,0.9087292255792032,0.5,False
7rmx__A1_UNDEFINED--7rmx__A2_UNDEFINED,0.9669187584095023,0.5,True
1e44__B1_P00646--1e44__A1_P02984,0.9134500606358441,0.5,False
2yri__A1_Q5SLX0--2yri__B1_Q5SLX0,0.9786529596599411,0.5,True
1gcj__A1_P70168--1gcj__B1_P70168,0.9748287228272208,0.5,True
7qbp__A1_A4F7B2--7qbp__A2_A4F7B2,0.944005201213752,0.5,True
4hdd__A1_P09391--4hdd__A2_P09391,0.7753309873000247,0.5,True
3e4q__A1_P13633--3e4q__B1_P13633,0.9531839101191584,0.5,True
8ein__B1_Q6FCQ4--8ein__A1_Q6FCQ4,0.9888698599085876,0.5,True
1zmb__A1_Q97LM8--1zmb__B1_Q97LM8,0.9396831863454961,0.5,True
6ygu__A1_G0RZ64--6ygu__B1_G0S1V1,0.8891261217464426,0.5,False
2yyh__A1_O67435--2yyh__B1_O67435,0.98114020790322,0.5,True
5wk0__A1_A0A2C9TMM3--5wk0__A2_A0A2C9TMM3,0.972847807730401,0.5,True
8h4j__A1_W8UQZ7--8h4j__D1_W8UQZ7,0.8868521485480955,0.5,True
1z83__A1_P00568--1z83__B1_P00568,0.933040335456252,0.5,True
8h2c__A1_Q0P8U0--8h2c__B1_Q0P8U0,0.9337619416964522,0.5,True
2dkh__A1_Q6SSJ6--2dkh__A2_Q6SSJ6,0.8951354863911172,0.5,True
7c7e__A1_A0A0H3MRW3--7c7e__A2_A0A0H3MRW3,0.945866028708134,0.5,True
7px2__A1_UNDEFINED--7px2__B1_UNDEFINED,0.8089432056413188,0.5,True
3dpt__B1_Q8KC98--3dpt__A1_Q8KC98,0.9344843894872534,0.5,True
8u1j__A1_Q9RYE6--8u1j__A2_Q9RYE6,0.9271748521299927,0.5,True
3fgw__A1_Q3TCN2--3fgw__A2_Q3TCN2,0.9903465630880163,0.5,True
7wh0__A1_Q9U2E4--7wh0__B2_Q9U2E4,0.9979077515737678,0.5,True
8dq3__A1_A0A142G3G1--8dq3__B1_A0A142G3G1,0.9483024486451531,0.5,True
8hci__B1_A0A8T8BZJ9--8hci__A1_A0A8T8BZN3,0.9020010911588676,0.5,False
3qth__A1_Q47ZP9--3qth__B1_Q47ZP9,0.9110167374642484,0.5,True
8b28__A1_F6GSX7--8b28__A2_F6GSX7,0.9914861097096608,0.5,True
6scx__A1_Q9BQG2--6scx__B1_Q9BQG2,0.8948491218656922,0.5,True
8hpc__A1_P60327--8hpc__H1_P60327,0.9646670430599182,0.5,True
5n76__A1_P72320--5n76__B1_P72320,0.9453022574921592,0.5,True
8hpi__A1_A0A8D3X086--8hpi__B1_A0A8D3X086,0.9786220736862002,0.5,True
3cq3__A1_Q53W28--3cq3__A2_Q53W28,0.8088671257685343,0.5,True
3kbu__A1_P11277--3kbu__D1_P16157,0.8886016473519451,0.5,False
7pck__A1_P43235--7pck__C2_P43235,0.9918934176066648,0.5,True
5o4z__A1_Q9X1T1--5o4z__A2_Q9X1T1,0.9769844493556604,0.5,True
1vla__A1_Q9X021--1vla__B1_Q9X021,0.9281278027352093,0.5,True
5oed__A1_Q6EAT3--5oed__B1_Q13637,0.9258054893039838,0.5,False
8hyn__A1_UNDEFINED--8hyn__B1_UNDEFINED,0.9595898318280456,0.5,True
7yva__A1_Q9URB4--7yva__B1_Q9URB4,0.9772405458660289,0.5,True
7s6n__B1_Q5RGJ8--7s6n__A1_Q5RGJ8,0.8703100592401838,0.5,True
4cz8__A1_Q9UZ55--4cz8__B1_Q9UZ55,0.9430661234386428,0.5,True
6ebn__A1_A0A4P1LYB6--6ebn__B1_A0A4P1LYB6,0.9467433631058841,0.5,True
3lf4__B1_D1MPT3--3lf4__A1_D1MPT3,0.8884821408796515,0.5,True
3ffe__B1_Q93AT8--3ffe__A1_Q93AT8,0.9561442941972951,0.5,True
7zg6__A1_A0A2J0RDY6--7zg6__B1_A0A2J0RDY6,0.8732966057476639,0.5,True
1p65__A1_Q9YJI1--1p65__B1_Q9YJI1,0.8206898397948804,0.5091866600831663,True
8f4q__A1_Q00972--8f4q__A2_Q00972,0.8968050461046262,0.5,True
4rz3__A1_A4IMB4--4rz3__B1_A4IMB4,0.9522453159980915,0.5,True
7tjl__A1_UNDEFINED--7tjl__A2_UNDEFINED,0.9752647086155343,0.5,True
8f8k__A1_O53507--8f8k__A2_O53507,0.9654523856006936,0.5,True
3zw5__A1_A6NK44--3zw5__B1_A6NK44,0.8943071838363682,0.5,True
6l3q__B1_G0SEI5--6l3q__A1_G0SEI5,0.936919186099153,0.5,True
8ag8__A1_A0A1I5SVP7--8ag8__A2_A0A1I5SVP7,0.9247454448017149,0.49995534119328333,True
2i2w__A1_P63224--2i2w__D1_P63224,0.9675231071474196,0.5,True
2f22__B1_Q9RC77--2f22__A1_Q9RC77,0.9416885061774616,0.5,True
6yex__A1_UNDEFINED--6yex__B1_UNDEFINED,0.8033985974006348,0.5,True
3tng__A1_Q8Y7B7--3tng__A2_Q8Y7B7,0.948653127259973,0.5,True
8gr8__B1_P08679--8gr8__A1_P08679,0.9755333630534684,0.5,True
7ae8__A1_A0A0B0QJR1--7ae8__B1_A0A0B0QJR1,0.9309211856404499,0.5,True
2w54__B1_O54051--2w54__A1_O54050,0.9340592959689764,0.5,False
4cuc__A1_A0A0H2UP19--4cuc__A2_A0A0H2UP19,0.8885073796180625,0.5,True
4b0z__A1_P50524--4b0z__B1_P50524,0.9858287088049684,0.5,True
2re7__A1_Q4FV99--2re7__A2_Q4FV99,0.941484593837535,0.5,True
8h0t__A1_O34614--8h0t__A2_O34614,0.980192056994913,0.5047928783707404,True
1te2__A1_P77247--1te2__B1_P77247,0.9850004121795304,0.5,True
7xt2__A1_Q6ZMU5--7xt2__B1_Q6ZMU5,0.9172516289175259,0.5,True
1ev7__A1_P50187--1ev7__B1_P50187,0.9350602889236291,0.5,True
1ogl__A1_O15923--1ogl__A2_O15923,0.9854979235949106,0.5,True
3lrt__B1_Q97CA5--3lrt__A1_Q97CA5,0.9703574692844288,0.5,True
3rvb__A1_P26663--3rvb__A2_P26663,0.85565328059104,0.5,True
3fou__A1_Q5SGZ9--3fou__B1_Q5SGZ9,0.9612413480553723,0.5,True
5jnq__A1_R0BTE9--5jnq__A2_R0BTE9,0.9295742944355864,0.5,True
4g12__A1_A5U5K3--4g12__B1_A5U5K3,0.9678527521894215,0.5,True
3evj__B1_P01008--3evj__A1_P01008,0.9949679559533698,0.5,True
2oq2__B1_P18408--2oq2__A1_P18408,0.9856773183959864,0.5,True
8he6__A1_Q8YSS0--8he6__B1_Q8YSS0,0.975481263332441,0.5,True
2xij__A1_P22033--2xij__A2_P22033,0.9661774939704673,0.5,True
1nr5__A1_P07547--1nr5__A2_P07547,0.9631581865944838,0.5,True
1gmj__A1_P01096--1gmj__B1_P01096,0.9097098440919654,0.5,True
4yba__B1_Q93K36--4yba__A1_Q93K36,0.9765762978432663,0.5128205128205128,True
8ok7__A1_M4T0B2--8ok7__D1_M4T0B2,0.9623321288576208,0.5,True
7f76__B1_A0A223KLJ1--7f76__A1_A0A223KLJ1,0.868157421087191,0.5,True
7vp6__A1_Q9C9L2--7vp6__B1_Q9C9L2,0.8057915203684827,0.5138888888888888,True
8jmq__A1_A9CQD5--8jmq__B1_A9CQD3,0.9363789752524205,0.5,False
7zgt__A1_W8R3D8--7zgt__B1_W8R3D8,0.9919950691573743,0.5,True
7xgt__B1_Q6H8B1--7xgt__A1_Q6H8B1,0.9872547638927809,0.5,True
3i2t__A1_P04412--3i2t__A2_P04412,0.9006399574429903,0.5,True
8tjk__A1_A0A0F7G196--8tjk__B1_A0A0F7G196,0.9593013593259444,0.49999493188452804,True
7wt0__A1_Q04760--7wt0__B1_Q04760,0.8681418206179402,0.5,True
3if0__A1_Q74MS9--3if0__A2_Q74MS9,0.9874887923154776,0.5,True
3qrh__A1_Q8SSM8--3qrh__A2_Q8SSM8,0.9419172242188499,0.5,True
8q70__A1_Q8U2C1--8q70__A2_Q8U2C1,0.9608597835304941,0.5,True
7vso__A1_P02945--7vso__A2_P02945,0.9301140578973357,0.5,True
5f8b__A1_Q4WB03--5f8b__A2_Q4WB03,0.9670300928434666,0.5,True
8ax0__A1_A0A384E145--8ax0__B1_A0A384E145,0.9873146864818187,0.5,True
8ant__B1_A0A1P8CWW1--8ant__A1_A0A1P8CWW1,0.7860829081682597,0.5,True
7r5y__E2_R7PD89--7r5y__A1_R7PD89,0.9890823030540382,0.4999970458949757,True
7qow__B1_Q93P54--7qow__A1_Q93P54,0.9726632754891165,0.5,True
5il7__A1_Q8KC98--5il7__B1_Q8KC98,0.8476628198756442,0.5,True
3ct9__B1_Q8A1V9--3ct9__A1_Q8A1V9,0.977660054258447,0.5,True
8pvm__A1_P29166--8pvm__B1_P29166,0.9337044466887772,0.5,True
8ct0__F1_S4S3E3--8ct0__A1_S4S3E3,0.9183235559202991,0.5,True
3q2j__B1_P0A3Y5--3q2j__A1_P0A3Y5,0.8544332514434908,0.5,True
7xzp__B1_A0A379CIH2--7xzp__A1_A0A379CIH2,0.9760809745505892,0.5,True
7tvm__A1_UNDEFINED--7tvm__B1_UNDEFINED,0.9849094972516963,0.5,True
3qvf__A1_Q56187--3qvf__A2_Q56187,0.9657818210922285,0.5,True
6gxs__A1_Q7NZ70--6gxs__D1_Q7NZ70,0.6456451121353319,0.5,True
2hr8__A1_O58456--2hr8__B1_O58456,0.8826448325677557,0.5,True
2zyf__A1_O87198--2zyf__A2_O87198,0.9192980565162241,0.5,True
7s3v__A1_Q16719--7s3v__A2_Q16719,0.9640866006806907,0.5,True
6a29__A1_O32504--6a29__B1_O32504,0.9751854591586118,0.5,True
4ml6__C1_A6GV51--4ml6__A1_A6GV51,0.9743522487528615,0.5,True
4cht__A1_Q13472--4cht__B1_Q9H9A7,0.8905657405256935,0.5,False
1n4p__B1_P53610--1n4p__A1_Q04631,0.9604020940028297,0.5,False
1tec__A1_P04072--1tec__B1_P01051,0.9741408600921799,0.5,False
8p1h__A1_E7EX29--8p1h__B2_E7EX29,0.7351272452237861,0.5,True
6b9t__A1_A9A1T2--6b9t__B1_A9A1T2,0.8930028376396233,0.5,True
3g0k__A1_Q2G4A7--3g0k__A2_Q2G4A7,0.9049674277244248,0.5,True
7zoo__B1_A0A979GQH9--7zoo__A1_A0A979GQH9,0.6801237818114637,0.5,True
8hy5__A1_P14920--8hy5__B1_P14920,0.8794669420762793,0.5,True
8fts__A1_R9UTR3--8fts__A2_R9UTR3,0.9733742959549412,0.5,True
1jrk__A1_Q8ZTD8--1jrk__B1_Q8ZTD8,0.933759916728932,0.49997690211114704,True
7y8v__A1_UNDEFINED--7y8v__B1_UNDEFINED,0.9317179235949926,0.5,True
2ejn__A1_P30440--2ejn__B1_P30440,0.9762902047726879,0.5,True
5hs5__A1_Q2G0D1--5hs5__B1_Q2G0D1,0.9621794031546292,0.5,True
3v89__A1_Q9K0U9--3v89__B1_P02787,0.8988216396950592,0.5,False
8e3g__B1_P43026--8e3g__A1_P12643,0.7887336000827152,0.5,False
2w8b__A1_P0A855--2w8b__H1_P0A912,0.8787362188648427,0.5,False
5f7p__B1_Q8YAF1--5f7p__A1_Q8YAF1,0.9660242375137758,0.5,True
8f71__B1_Q6N5G3--8f71__A1_Q6N5G3,0.9798329708101721,0.5,True
8hwi__B1_A0A327WNX5--8hwi__A1_A0A327WNX5,0.9390794455306464,0.5,True
7r3i__B1_P54292--7r3i__A1_P54292,0.9232181119493756,0.5,True
8afj__A1_A0A179QS89--8afj__B1_A0A179QS89,0.9788706175421851,0.5,True
3pub__B1_E5EVW2--3pub__A1_E5EVW2,0.9394240268883731,0.5,True
8es5__A1_A0A0H2Z732--8es5__B1_A0A0H2Z732,0.9310164069398142,0.5,True
7txn__B1_Q8YVV6--7txn__A1_Q8YVV6,0.9779858299595142,0.5,True
3py6__A1_Q2YQ74--3py6__A2_Q2YQ74,0.9628933666634051,0.5,True
1hjr__A1_P0A814--1hjr__C1_P0A814,0.9739463370650098,0.5,True
8k3b__A1_A0A071KWR3--8k3b__A2_A0A071KWR3,0.9565294040096516,0.5,True
3w2z__A1_Q8YXY7--3w2z__A2_Q8YXY7,0.9717273097944085,0.5,True
8f78__A1_P55212--8f78__B1_P55212,0.8660016533918381,0.5,True
6wg4__A1_Q14683--6wg4__B1_Q9UQE7,0.7658083213581246,0.5,False
7zry__A1_O60341--7zry__B1_Q9UKL0,0.9015949548828565,0.5,False
1uix__A1_Q28021--1uix__B1_Q28021,0.9268817009780865,0.5,True
7vrc__A1_P38956--7vrc__B1_P22082,0.8897665585452346,0.4999033629686896,False
1oz0__A1_P31335--1oz0__B1_P31335,0.9725254636895655,0.5,True
7eft__B1_P16926--7eft__A1_P16926,0.858534157847444,0.5,True
5jsn__A1_P10415--5jsn__B1_UNDEFINED,0.9322870863002288,0.5,False
8e2b__B1_Q2FYI5--8e2b__A1_Q2FYI5,0.8886048426282787,0.5,True
7jw6__A1_Q9VIF1--7jw6__A2_Q9VIF1,0.9780734070935342,0.5,True
1jkw__A1_P51946--1jkw__A2_P51946,0.9607455711335724,0.5,True
4pfp__B1_F1RQI7--4pfp__A1_F1RQI7,0.9692842909902946,0.5,True
8h1s__A1_Q9I5U2--8h1s__B1_Q9HX32,0.8239464930011579,0.5,False
7t0y__A1_P62136--7t0y__B1_Q14684,0.7472730042437286,0.5,False
1tz9__A1_Q82ZC9--1tz9__B1_Q82ZC9,0.9325680215560662,0.5,True
2wns__B1_P11172--2wns__A1_P11172,0.9758004635377644,0.5,True
6s8v__B1_P08195--6s8v__A1_P80188,0.8378120750669192,0.5,False
6hq6__A1_UNDEFINED--6hq6__B1_UNDEFINED,0.9651728211742212,0.5,True
2gt4__A1_P32056--2gt4__B1_P32056,0.9019516986483128,0.5,True
3bof__A1_Q9WYA5--3bof__B1_Q9WYA5,0.99533695712896,0.5,True
6trj__A1_O75475--6trj__A2_O75475,0.9098661846554882,0.499788643088629,True
8h4z__A1_A0A2X5A3P4--8h4z__B1_A0A2X5A3P4,0.9971119668323367,0.5,True
2hre__A1_P22830--2hre__B1_P22830,0.9166939410228474,0.5,True
5yjc__A1_Q5HK94--5yjc__B1_Q5HK94,0.8585724027973285,0.5,True
8d6k__A1_Q9L1K2--8d6k__B1_Q9L1K2,0.9650596186911626,0.5,True
2zew__B1_Q9ZA17--2zew__A1_Q9ZA17,0.9768332554880896,0.5,True
5wpi__A1_Q58PW8--5wpi__B1_Q58PW8,0.968176768020316,0.5,True
8fk6__A1_A0A0C9S461--8fk6__B1_P80098,0.9094209968777877,0.5,False
7tm7__A1_A0A0H3GYH4--7tm7__B1_A0A0H3GYH4,0.98634931242967,0.5,True
8gy0__A1_A0A8H4VHP2--8gy0__B1_A0A8H4VHP2,0.9076949440450136,0.5,True
7x4b__A1_A0A2D0TCG3--7x4b__B1_A0A2D0TCG3,0.858177151435905,0.5,True
4aqp__B1_P54253--4aqp__A1_P54253,0.934204456178174,0.5,True
3npi__A1_Q6NFU8--3npi__B1_Q6NFU8,0.9209838297905562,0.5,True
8cok__B1_Q9NXR8--8cok__A1_Q9NXR8,0.8811022165807476,0.5,True
1wz3__A1_Q9LVK3--1wz3__B1_Q9LVK3,0.734903689727867,0.4995596007046389,True
1nw1__A1_Q22942--1nw1__B1_Q22942,0.9523266570876647,0.5,True
1hrp__B1_P0DN86--1hrp__A1_P01215,0.7785443812421458,0.5,False
3qf4__B1_Q9WYC4--3qf4__A1_Q9WYC3,0.9364366785505134,0.5,False
7y4o__B1_A0A0G2JZC4--7y4o__A1_A0A0G2JZC4,0.9726799874518275,0.5,True
8hns__A1_A0A377JKY9--8hns__A2_A0A377JKY9,0.8187684199971262,0.4999343573585401,True
3mpn__A1_O67854--3mpn__A2_O67854,0.9806564940132255,0.5,True
6vlg__A2_Q9WTS2--6vlg__C1_Q9WTS2,0.9641960838669452,0.5,True
1v71__A1_O59791--1v71__A2_O59791,0.9964754947617591,0.5,True
3fpk__A1_Q8ZKP5--3fpk__B1_Q8ZKP5,0.9026188902794912,0.5,True
8eb3__A1_K2K6A3--8eb3__B1_K2K6A3,0.9612421862971516,0.5,True
4z1i__C1_Q12931--4z1i__A1_Q12931,0.9513751221729498,0.5,True
8pz3__A1_D7SFB8--8pz3__B1_D7SFB8,0.8988298191025427,0.5,True
5vpb__B1_P17535--5vpb__A1_P53539,0.890487781596029,0.5,False
8bt3__A1_Q6F0T5--8bt3__A2_Q6F0T5,0.9499966014694239,0.5,True
1r7h__A1_O69271--1r7h__B1_O69271,0.8674814765352649,0.49990613853951565,True
4oag__A1_Q8BGV8--4oag__B1_Q8BGV8,0.8772888081464838,0.5,True
5bo9__A1_O43173--5bo9__B1_O43173,0.865001503756563,0.5,True
7kws__A1_Q0P8H3--7kws__B1_Q0P8H3,0.9884666038084499,0.49999668336041925,True
4qa0__A1_Q9BY41--4qa0__B1_Q9BY41,0.9735757713431622,0.5,True
6epi__B1_D5K9G7--6epi__A1_D5K9E3,0.9290978816168807,0.5,False
7qgs__B1_Q09472--7qgs__A1_Q16665,0.8186442794699229,0.49989939637826963,False
7tz7__A1_P42336--7tz7__B1_P27986,0.8374373332716026,0.5,False
2zl1__A1_Q9UHA4--2zl1__B1_Q9JHS3,0.9488860057265569,0.5055724568519845,False
4ija__A1_A0A0H3JS71--4ija__B1_A0A0H3JS71,0.9824748973617626,0.5,True
3ijt__B1_Q8DVN6--3ijt__A1_Q8DVN6,0.8686344274617891,0.5,True
7qgt__A1_P35520--7qgt__B1_P35520,0.9187747794198942,0.5,True
8i4q__A1_Q8NQI2--8i4q__B1_Q8NQI2,0.9720548277110974,0.5,True
5lxv__A1_G9FCX2--5lxv__B1_A0A1L1QK37,0.9409649332114366,0.5,False
8h25__A1_A0A5R8LFD3--8h25__C1_A0A5R8LFD3,0.9591446015546664,0.5,True
6kjl__A1_Q9RC94--6kjl__B1_Q9RC94,0.8283529133076992,0.5,True
5f3o__A1_C4LU64--5f3o__B1_C4LU64,0.9360622370362275,0.5,True
8arv__A1_Q9HW35--8arv__B1_Q9HW35,0.9745366947621289,0.5,True
2i1a__B1_P40087--2i1a__A1_P40087,0.9538361243531761,0.5,True
2y9x__A1_C7FF04--2y9x__E1_G1K3P4,0.9519579602116567,0.5,False
8waa__A1_P29401--8waa__B1_P29401,0.9729964537541198,0.5,True
6n2f__B1_Q94A94--6n2f__A1_Q94A94,0.9185938439173306,0.5,True
8b08__B1_P0A2K1--8b08__A1_P00929,0.9297728294778076,0.5,False
5ja2__A1_P11454--5ja2__B1_Q9I169,0.8973887965746292,0.5,False
4g3w__A1_O66591--4g3w__A2_O66591,0.9886045704522398,0.4999199102995355,True
5cm2__A1_Q6C999--5cm2__B1_Q6C4P5,0.9145749364756356,0.5,False
6g70__B1_Q8K2Z2--6g70__A1_Q8K2Z2,0.9165942245443662,0.5,True
7xac__A1_P47929--7xac__B1_P47929,0.8815851962997633,0.5,True
4d4t__A1_P0DOE7--4d4t__A2_P0DOE7,0.8951397035831269,0.5,True
2zz8__A1_O34094--2zz8__B1_O34094,0.9534560075244318,0.5,True
8b8h__A1_P9WQA9--8b8h__B1_P9WQA9,0.9079071780685557,0.5,True
7u2s__A1_A0A2W1NDJ7--7u2s__B1_A0A2W1NDJ7,0.9610989217436015,0.5,True
1d2g__A1_P13255--1d2g__B1_P13255,0.9584293088940616,0.5,True
7uld__A1_O28028--7uld__A2_O28028,0.9536540933696462,0.5020491803278688,True
4c0f__B1_Q9NZN8--4c0f__A1_Q9NZN8,0.9126062217594229,0.5,True
8co8__A1_Q9Q6P4--8co8__A2_Q9Q6P4,0.9684088297676614,0.5,True
3lcr__B1_A4KCE5--3lcr__A1_A4KCE5,0.9964684423347399,0.5,True
8b21__A1_Q9S5X0--8b21__B1_Q9S5X0,0.972096738979614,0.5,True
3swk__A1_P08670--3swk__B1_P08670,0.8705854016277933,0.5,True
8txn__B1_P08120--8txn__A1_P08120,0.9455400010368152,0.5,True
8dak__A1_F2X702--8dak__B1_F2X702,0.9451678323932312,0.5,True
2rde__B1_A0A0H3ADR8--2rde__A1_A0A0H3ADR8,0.8962507821160469,0.5,True
6sek__A1_UNDEFINED--6sek__B1_UNDEFINED,0.9797583688518778,0.5,True
2pih__A1_O31779--2pih__B1_O31779,0.9433591258034978,0.5,True
6v7v__A1_A0SML3--6v7v__B1_A0SML3,0.956836454239552,0.4998535871156662,True
7ykv__B1_Q58241--7ykv__A1_Q58241,0.9807172902805362,0.5,True
7y4g__A1_Q8A028--7y4g__A2_Q8A028,0.974894603864896,0.5,True
8cci__A1_A0R7I9--8cci__A2_A0R7I9,0.9773263592765584,0.5,True
6p35__A1_P75913--6p35__A2_P75913,0.9755255432503953,0.5,True
6p3j__A1_Q0KJL4--6p3j__B1_Q0KJL4,0.9492013106814553,0.5,True
4o6p__A1_Q8RDI4--4o6p__B1_Q8RDI4,0.818311647803226,0.5,True
8ozv__A1_A0A179UH34--8ozv__A2_A0A179UH34,0.9335412546353703,0.5,True
2cim__A1_Q46AN5--2cim__B1_Q46AN5,0.9336654595501301,0.5,True
6tpo__A1_P24474--6tpo__A2_P24474,0.9736432837735741,0.5,True
7wwo__B1_Q5SH57--7wwo__A1_Q5SH57,0.7325175386871687,0.5,True
4pmv__A1_Q8PEU1--4pmv__B1_Q8PEU1,0.9461484566273313,0.5,True
7xge__A1_UNDEFINED--7xge__B1_Q07820,0.9191566970739804,0.5,False
6rmr__B1_P19926--6rmr__A1_P19926,0.995508461727341,0.5,True
6hhb__A1_E0SCP7--6hhb__C1_E0SCP7,0.9789080499101677,0.5,True
7e5c__A1_A0A1I7CHQ2--7e5c__B1_A0A1I7CHQ2,0.984412489565649,0.5,True
2gn5__A1_P69542--2gn5__A2_P69542,0.9461729379958339,0.5,True
2wfh__A1_O94813--2wfh__B1_O94813,0.920636938818757,0.5,True
3zco__A1_P06701--3zco__A2_P06701,0.869705493623411,0.5,True
2ghy__A1_P03051--2ghy__B1_P03051,0.9069845216544163,0.5113361251063273,True
3htr__A1_Q6N0K4--3htr__B1_Q6N0K4,0.8537850272885401,0.5,True
8aeu__A1_Q00987--8aeu__A2_Q00987,0.8924466222037073,0.49993275954814415,True
1xuv__A1_Q8PZJ2--1xuv__C1_Q8PZJ2,0.9480532195931272,0.5,True
2o8p__A1_Q5CYG0--2o8p__A2_Q5CYG0,0.9799341606566608,0.5,True
4zmu__A1_Q9I072--4zmu__B1_Q9I072,0.9627110193069236,0.5,True
3dl3__G2_Q5E3X2--3dl3__C1_Q5E3X2,0.8544576055189007,0.5,True
7yvz__A1_A7LPG5--7yvz__A2_A7LPG5,0.8676619024547804,0.5,True
4ia6__A1_Q5FL96--4ia6__B1_Q5FL96,0.9832342492625533,0.5,True
8bou__A1_A0A7G5MNS2--8bou__B1_A0A7G5MNS2,0.9819382375543687,0.5,True
5gk1__A1_Q7N4Z6--5gk1__B1_Q7N4Z6,0.9721353914486214,0.5,True
5x03__B1_P94426--5x03__A1_P94426,0.9771572289815502,0.5,True
3gku__A1_D0VX24--3gku__B1_D0VX24,0.9552007373369369,0.5,True
1k3e__B1_P58233--1k3e__A1_P58233,0.8919643162951925,0.49990105377727206,True
6u18__A1_Q9EVJ6--6u18__B1_Q9EVJ6,0.9430514194957316,0.5,True
6b9p__A1_C0HJB3--6b9p__B1_C0HJB3,0.9818265643642881,0.5,True
7wpy__A1_A0A097ZPD5--7wpy__C1_A0A097ZPD5,0.9692050322637169,0.5,True
7xn2__A1_Q8YR38--7xn2__A2_Q8YR38,0.9485307465889483,0.5,True
3qhy__B1_O87916--3qhy__A1_Q93T42,0.9730197008068138,0.5,False
4j5p__B1_P97612--4j5p__A1_P97612,0.9518768457796156,0.5,True
4icq__A1_A0A0H2UN95--4icq__B1_A0A0H2UN95,0.972339868329123,0.5,True
1klf__B1_P08191--1klf__A1_P31697,0.9098574974448824,0.5,False
6y4l__A1_Q15006--6y4l__B1_Q9Y3B6,0.9306948733311825,0.5,False
6dex__B1_Q74ZQ8--6dex__A1_Q75DL0,0.9248053130465448,0.5,False
2z02__A1_Q58987--2z02__B1_Q58987,0.9887872139710498,0.5,True
4l7w__A1_Q7Z4H3--4l7w__A2_Q7Z4H3,0.9510203460965299,0.5,True
6tct__A1_Q9KL67--6tct__B1_Q9KL67,0.9216111468381565,0.5,True
6sul__A1_A8FAR5--6sul__B1_A8FAR5,0.9557023484875669,0.5,True
4qqv__A1_P26954--4qqv__B1_P26954,0.8494147369207583,0.5,True
3l8d__A1_A0RD96--3l8d__A2_A0RD96,0.9620794808668645,0.5,True
7yqa__B1_A0A1C9ZZ39--7yqa__A1_A0A1C9ZZ39,0.811265193571484,0.5,True
1b8m__B1_P34130--1b8m__A1_P23560,0.899730003250303,0.5,False
1irq__B1_Q57468--1irq__A1_Q57468,0.8458661876964527,0.5073264481365065,True
7xi6__A1_A5GXY1--7xi6__B1_A5GXY1,0.8176806324396686,0.5,True
6iik__A1_P54578--6iik__B1_P54578,0.99614428015419,0.5,True
3nau__A1_Q9Y6X8--3nau__B1_Q9Y6X8,0.799896873293236,0.5,True
3cis__B1_P9WFD7--3cis__A1_P9WFD7,0.9523263062220879,0.5,True
4jzy__B1_O77059--4jzy__A1_O77059,0.9432908528008438,0.5,True
8d03__A1_UNDEFINED--8d03__A2_UNDEFINED,0.9743281625518899,0.5427603857798309,True
7yxg__A1_Q9VU77--7yxg__B1_Q9VU77,0.9738773705338395,0.5,True
5cio__A1_A0A1A9TAI5--5cio__B1_A0A1A9TAI5,0.9644676417876327,0.5,True
8jwj__A1_Q9DAG9--8jwj__B1_P62837,0.8280050483412162,0.5,False
6ia6__A1_A0A1C7D1B7--6ia6__A2_A0A1C7D1B7,0.9981932251247712,0.5,True
8h1g__A1_O67518--8h1g__A2_O67518,0.9672687603961466,0.5,True
6x61__A1_Q79V60--6x61__B1_Q8DMT2,0.7272581657114466,0.5,False
7kqt__A1_UNDEFINED--7kqt__B1_UNDEFINED,0.9795384013664717,0.5,True
7x0d__A1_A5YW95--7x0d__B1_A5YW95,0.9761753682166805,0.5,True
1ghd__B1_O86089--1ghd__A1_O86089,0.9168061443026789,0.5,True
2x6f__A1_Q9W1M7--2x6f__B1_Q9W1M7,0.9563596471271325,0.5,True
8oik__A1_Q9UPU9--8oik__C1_Q9UPU9,0.8742007100252703,0.5,True
6nxl__A1_B4DV12--6nxl__E1_B4DV12,0.9437048557300024,0.5020296097125553,True
8wmy__A1_A0A4U7IGH6--8wmy__B2_A0A4U7IGH6,0.9683368896756296,0.5,True
3trf__A1_Q83AJ3--3trf__A2_Q83AJ3,0.8792901833385974,0.5,True
5h4s__A1_A0A090BWT0--5h4s__A2_A0A090BWT0,0.744338646227156,0.5,True
2zvb__A1_Q53WA6--2zvb__A2_Q53WA6,0.9208709586831488,0.5,True
8wa7__A1_P27302--8wa7__B1_P27302,0.9760210243264378,0.5,True
3b0z__B1_P40727--3b0z__A1_P40727,0.8471130833153576,0.5,True
4usp__A1_B3GA02--4usp__B1_B3GA02,0.8439588275160962,0.5,True
7cms__A1_P00953--7cms__B1_P00953,0.9795438949250905,0.5,True
7t8q__A1_Q7S860--7t8q__D1_Q7S860,0.9149745440344813,0.5,True
6j9k__A1_A0A425B3G2--6j9k__A2_A0A425B3G2,0.9581526229562376,0.49995986836824785,True
7xp0__A1_Q9I5E1--7xp0__A2_Q9I5E1,0.9349522146325648,0.5,True
8ih4__A1_Q8WVV5--8ih4__B1_Q8WVV5,0.8891998376605114,0.5,True
7qej__A1_P0DV33--7qej__B1_P0DV33,0.9517010893093267,0.5,True
1tfe__A1_P43895--1tfe__A2_P43895,0.9762848376767281,0.5,True
2a8f__A1_P15569--2a8f__B1_P15569,0.9788647120290122,0.5,True
4iwq__A1_Q9UHD2--4iwq__A2_Q9UHD2,0.8803055943776302,0.5,True
