system_id,auroc,bacc,is_homodimer
3c07__A1_Q9KZ96--3c07__B1_Q9KZ96,0.9630862637155848,0.5,True
3iqy__A1_P28366--3iqy__A2_P28366,0.888369816147784,0.5,True
7e76__A1_A0A3B6LNA8--7e76__B1_A0A3B6LNA8,0.6986716458005826,0.5,True
3cqc__A1_P57740--3cqc__B1_Q8WUM0,0.9668712696891051,0.5,False
7x1k__A1_Q6DL91--7x1k__B1_Q6DL91,0.8244628143054832,0.5,True
8sgd__A1_P25342--8sgd__B1_P32457,0.7263842169025557,0.5,False
3ecf__A1_Q3M5E4--3ecf__B1_Q3M5E4,0.912045335785108,0.5,True
6j94__A1_Q93VK5--6j94__B1_Q93VK5,0.8770087032754276,0.5,True
7xsh__A1_K1KV82--7xsh__B2_K1KV82,0.9639293268751908,0.5,True
8v14__A1_G5EEF9--8v14__B1_G5EEF9,0.9091281787584142,0.5,True
6r76__A1_H3ZMH8--6r76__B1_H3ZMH8,0.9424064642047456,0.5,True
8ap0__A1_A0A5S9CYM0--8ap0__A2_A0A5S9CYM0,0.9685107430713463,0.5,True
3qph__A1_Q9HGZ9--3qph__A2_Q9HGZ9,0.8527529879299462,0.5,True
3o6j__A1_O67987--3o6j__B1_O67987,0.9776612335559928,0.5,True
6o6z__A1_B6YWC3--6o6z__B1_B6YWC3,0.9672416283678429,0.5,True
3fil__A1_P19909--3fil__B1_P19909,0.5592244539586765,0.5,True
6do2__A1_P11021--6do2__B1_P11021,0.8120885073139101,0.5,True
7f4q__B1_Q22GC0--7f4q__A1_I7M8B9,0.7869446436280356,0.5,False
4hfg__A1_Q9NQG5--4hfg__B1_Q9NQG5,0.36322395650512096,0.5,True
7yh2__A1_A0A1Q9P883--7yh2__B1_A0A1Q9P883,0.987667902049951,0.5,True
3axs__A1_O67010--3axs__A2_O67010,0.9609896564352213,0.5,True
3cqr__A1_Q39249--3cqr__B1_Q39249,0.46919025665843117,0.5,True
3s8k__A1_P80691--3s8k__B1_P80691,0.8996002888562307,0.5,True
4oun__A1_O31418--4oun__A2_O31418,0.9637104469636245,0.5,True
2iab__A1_Q825J7--2iab__B1_Q825J7,0.821885707222541,0.5,True
3o3n__A1_Q5U924--3o3n__B1_Q5U923,0.959764463576249,0.5,False
6f3z__A1_P0ADC3--6f3z__B1_P61316,0.9762187550195841,0.5,False
1hr7__A1_P11914--1hr7__B1_P10507,0.8963106039503104,0.5,False
8gko__B1_P28296--8gko__A1_P28296,0.9218750141862783,0.5,True
2gkv__A1_P00777--2gkv__B1_P68390,0.8492013494311534,0.5,False
8stx__A1_Q4E4E1--8stx__B1_Q4E4E1,0.9810356852967803,0.5,True
4m36__A1_Q582G4--4m36__A2_Q582G4,0.9594381989549824,0.5,True
5wpu__A1_A0A076NBW8--5wpu__A2_A0A076NBW8,0.842784685306345,0.5,True
5yps__A1_A0A0W4ZF97--5yps__B1_A0A0W4ZF97,0.92779719911107,0.5,True
5oge__E1_P40107--5oge__A1_P40107,0.9289618424009767,0.5,True
5fey__B1_Q13049--5fey__A1_Q13049,0.9111501743219353,0.5,True
8hce__B1_Q91XB0--8hce__A1_Q91XB0,0.8089670155571075,0.5,True
1ggp__B1_Q7SIF1--1ggp__A1_Q7SIF0,0.9393321941260793,0.5,False
5z50__A1_O05926--5z50__B1_O05926,0.952351824751367,0.5,True
7t9u__A1_Q86WV6--7t9u__A2_Q86WV6,0.9522271241942003,0.5,True
6ey4__A1_Q5EGM3--6ey4__A2_Q5EGM3,0.9078816602092856,0.5,True
2hvg__A1_A5KBL5--2hvg__B1_A5KBL5,0.940068899017982,0.5,True
6wp7__A1_Q82H41--6wp7__B1_Q82H41,0.8553813113362448,0.5043859649122807,True
6kfs__A1_B7FR28--6kfs__A2_B7FR28,0.670059837206608,0.5,True
3shg__A1_E6Z0R3--3shg__B1_E6Z0R4,0.886770057549086,0.5,False
4wjm__A1_Q2YNY7--4wjm__A2_Q2YNY7,0.9856123036830154,0.5,True
8hmo__A1_A0A0H4P0S7--8hmo__B1_A0A0H4P0S7,0.9645548906816193,0.5,True
8dfk__A1_P39694--8dfk__B1_P39694,0.6818101553137623,0.5,True
6n91__A1_Q9KNI7--6n91__B1_Q9KNI7,0.9205539544136807,0.5,True
1dev__A1_Q15796--1dev__B1_O95405,0.616464203062048,0.5,False
8c9j__B1_P15559--8c9j__A1_P15559,0.9570787766468849,0.5,True
3rd7__B1_A0A0H2ZY91--3rd7__A1_A0A0H2ZY91,0.9474763384510835,0.5,True
5x1j__A1_G2IQS7--5x1j__A2_G2IQS7,0.9549281720597935,0.5,True
3r2p__A1_P02647--3r2p__A2_P02647,0.8293839169681019,0.5,True
1pdk__A1_P15319--1pdk__B1_P62532,0.7931835682743231,0.5,False
7bjg__A1_Q8IGY1--7bjg__A2_Q8IGY1,0.7599952439519455,0.5,True
3kcp__A1_Q06851--3kcp__B1_A3DF10,0.9442278822858067,0.5,False
7bbq__A1_Q6I6B7--7bbq__A2_Q6I6B7,0.9377062841326765,0.5,True
3dpj__E1_Q5LS67--3dpj__F1_Q5LS67,0.7679675690531813,0.5,True
6okh__A1_Q04QG8--6okh__B1_Q04QG8,0.9117114329760608,0.5,True
7tq1__A1_P0AC13--7tq1__A2_P0AC13,0.9716789340137024,0.5055303774202483,True
7t5y__A1_P0A7E1--7t5y__B1_P0A7E1,0.9423767567526158,0.5,True
5o47__A1_J7HDY4--5o47__A2_J7HDY4,0.9851554970937091,0.5,True
1oo0__A1_P49028--1oo0__B1_Q9V535,0.8819219740832643,0.5,False
3edj__A1_Q8KKG0--3edj__B1_Q8KKG0,0.9223099594212283,0.5,True
5yr0__A1_O88597--5yr0__B1_Q8K245,0.941205710824104,0.5,False
5c21__A1_P09986--5c21__B1_P09986,0.861214448429311,0.5,True
2gok__A1_Q8U8Z6--2gok__B1_Q8U8Z6,0.9895235018242627,0.5,True
1ww1__A1_Q9WZW8--1ww1__B1_Q9WZW8,0.9815521127679616,0.5,True
1fm0__B1_P30749--1fm0__A1_P30748,0.9258979084101776,0.5,False
4jgo__B1_O31671--4jgo__A1_O31671,0.9380901059922014,0.5,True
3l2k__A1_Q8GPH0--3l2k__B1_Q8GPH0,0.8944472954696595,0.5,True
1yov__A1_Q13564--1yov__B1_Q8TBC4,0.9368302748673902,0.5,False
7zvd__A1_P11413--7zvd__A2_P11413,0.9834260481130932,0.5,True
8grh__B1_P51553--8grh__A1_P50213,0.9146914791820691,0.5,False
1lxd__A1_Q03386--1lxd__B1_Q03386,0.3029555189620883,0.5,True
5m97__A1_Q10113--5m97__B1_Q10113,0.9794465306654732,0.5,True
7ax1__A1_Q9ULM6--7ax1__B1_Q9UIV1,0.9407214836016342,0.5,False
8d4w__A1_A0A8B4R830--8d4w__A2_A0A8B4R830,0.8153654243775739,0.5,True
7ynw__B2_Q57834--7ynw__A1_Q57834,0.9937856149459449,0.5,True
4rgp__A1_Q8DTU7--4rgp__B1_Q8DTU7,0.910532765770993,0.5,True
8twd__C1_P0AEV1--8twd__A1_W8SRD3,0.8181180548533162,0.5,False
3fb9__A1_A0A0H2US72--3fb9__B1_A0A0H2US72,0.7699486781386121,0.5,True
8a39__A1_A0A024L404--8a39__C2_A0A024L404,0.9676734470334518,0.5,True
3ps8__A1_P01034--3ps8__A2_P01034,0.522001545999649,0.5,True
7vwp__A2_A0A136PK59--7vwp__B1_A0A136PK59,0.9976194359169377,0.5,True
3a7p__A1_Q03818--3a7p__B1_Q03818,0.9396663567650472,0.5,True
4ql6__A1_A0A0H3MDM0--4ql6__C1_A0A0H3MDM0,0.9256979655272564,0.5,True
5nck__A1_Q8RDN7--5nck__B1_Q8RDN7,0.9774479017984585,0.5,True
3w8i__A1_Q9BUL8--3w8i__B1_Q9P289,0.9827489759660465,0.5,False
4oky__A1_Q52612--4oky__A2_Q52612,0.9000705903114797,0.5,True
7x20__A1_P54708--7x20__B1_P07340,0.9373701460204117,0.5,False
3hnw__A1_D0VWZ2--3hnw__B1_D0VWZ2,0.935535705691873,0.5,True
8r37__A1_A0A086IRG1--8r37__B1_A0A086IRG1,0.8764855239201494,0.5,True
1rqg__A1_Q9V011--1rqg__A2_Q9V011,0.8286708922079751,0.5,True
8brl__A1_F7J213--8brl__A2_F7J213,0.8412302476480381,0.5,True
7qiu__A1_P94538--7qiu__B1_P94538,0.985747371024104,0.5164753748848322,True
6sjs__A1_B8FUR2--6sjs__B1_B8FUR2,0.9870031458507131,0.5,True
8hlg__A1_Q9RR88--8hlg__B1_Q9RR88,0.9264519161432195,0.5,True
6mpc__A1_B3DQP5--6mpc__B1_B3DQP5,0.9938544072048939,0.5,True
7pcr__A1_P56185--7pcr__A2_P56185,0.8542445828516623,0.5,True
3bvq__B1_Q2I6W2--3bvq__A1_Q2I6W2,0.9003653672177956,0.5,True
6bsu__A1_Q9LZJ3--6bsu__B1_Q9LZJ3,0.8753212723187892,0.5,True
4e5u__B1_Q9HZN8--4e5u__A1_Q9HZN8,0.9691008851631168,0.5,True
8a52__A1_P23222--8a52__B1_P23222,0.9273168273970892,0.5,True
1d0v__A1_Q05603--1d0v__A2_Q05603,0.9667193647576859,0.5,True
3gwq__A1_Q145Q0--3gwq__B1_Q145Q0,0.9301140061586695,0.5,True
1yhc__A1_O67648--1yhc__B1_O67648,0.8228946784643496,0.5,True
7lxs__A1_Q8ZMZ2--7lxs__C1_Q8ZMZ2,0.9207400469776708,0.5,True
6w08__B1_Q9KL63--6w08__A1_Q9KL63,0.9120620955679893,0.5,True
7wrm__A1_D0IVL9--7wrm__B1_D0IVL9,0.7703488534027845,0.5,True
2yww__B1_Q58801--2yww__A1_Q58801,0.9825885964516274,0.5,True
3lm6__A1_P40869--3lm6__B1_P40869,0.9746993769571002,0.5032894736842105,True
7trw__A1_A0A380PDL3--7trw__A2_A0A380PDL3,0.6326518660649213,0.5,True
8syc__A1_Q13370--8syc__B1_Q13370,0.6028865395619015,0.5,True
1gk6__A1_P03069--1gk6__B1_P03069,0.980135930361034,0.5,True
1reo__A1_Q6STF1--1reo__A2_Q6STF1,0.9457732689182864,0.5,True
6s3b__A1_Q88JK6--6s3b__B1_Q88JK6,0.9529606828902185,0.5,True
7tl5__A1_A0A3F3B310--7tl5__B1_A0A3F3B310,0.8915322779903365,0.5,True
2asf__A1_P9WLL7--2asf__A2_P9WLL7,0.9236471631107647,0.5,True
8ilj__A1_A0A242MJ43--8ilj__B1_A0A242MJ43,0.9720620185213683,0.5,True
4usc__A1_A0A0A0Y4H8--4usc__B1_A0A0A0Y4H8,0.948767611181693,0.5,True
5yp3__A1_Q6F3I7--5yp3__B1_Q6F3I7,0.9892562176888764,0.5,True
8aid__A1_Q9HWJ8--8aid__B1_Q9HWJ8,0.8877991058548935,0.5,True
7yp6__B1_E5L4T5--7yp6__A1_E5L4T5,0.9277386776262175,0.5,True
4aql__A1_Q9Y2T3--4aql__A2_Q9Y2T3,0.9714410102790241,0.5,True
3idf__A1_O34252--3idf__B1_O34252,0.8547247416156929,0.5,True
8fjr__A1_D1A807--8fjr__B1_D1A807,0.8097510880785768,0.5,True
7z56__B1_F0NGX6--7z56__A1_F0NGX6,0.9836743730035739,0.5,True
7olf__A1_A9CEY7--7olf__B1_A9CEY7,0.9725110621017936,0.5,True
3zta__A1_Q2RIF4--3zta__A2_Q2RIF4,0.9917535581962746,0.5,True
3abi__A1_O59312--3abi__B1_O59312,0.9975874210353965,0.5,True
5ab8__A1_P9WN25--5ab8__A2_P9WN25,0.738786242242376,0.5,True
1guq__A1_P09148--1guq__B1_P09148,0.9693327562579105,0.5,True
6zdw__B1_A0A162MUP0--6zdw__A1_A0A162MUP0,0.8807141837459103,0.5,True
8csd__A1_Q6U8B0--8csd__A2_Q6U8B0,0.9326550501821488,0.5,True
8bfr__A1_P30177--8bfr__A2_P30177,0.990386082319159,0.5,True
7yk3__A1_O53604--7yk3__B1_O53605,0.9396446712421564,0.5,False
6xiv__A1_P16114--6xiv__B2_P16114,0.9549793333026457,0.5,True
8ajx__A1_P17117--8ajx__A2_P17117,0.9073030214089431,0.5,True
8ayj__A1_D5EHC5--8ayj__B1_D5EHC5,0.9668359842844263,0.5,True
8a6e__B2_P02699--8a6e__A1_P02699,0.9164218547519667,0.5,True
4jb7__A1_Q9KTQ6--4jb7__A2_Q9KTQ6,0.8627311302891525,0.5,True
6h3f__A1_A0A0H3JT80--6h3f__A2_A0A0H3JT80,0.9817943452080423,0.5,True
6wxw__A1_F2NWD3--6wxw__B1_F2NWD3,0.8939115719645404,0.5,True
2zw2__A1_F9VNF4--2zw2__B1_F9VNF4,0.8206368568213971,0.5,True
2wo2__A1_P54764--2wo2__B1_P52799,0.7441139221140878,0.5,False
1ord__A1_P43099--1ord__B1_P43099,0.9460158051972166,0.5,True
7zcm__A1_P42196--7zcm__B1_P42259,0.9816681049134064,0.5,False
8aa9__A1_Q9V1Y9--8aa9__B1_Q9V1Y9,0.46153622415691514,0.5,True
4i6y__B1_P13702--4i6y__A1_P13702,0.911720586921019,0.5,True
1vh4__B1_P77689--1vh4__A1_P77689,0.8841404549103975,0.5,True
3ocd__A1_D7A6E5--3ocd__B1_Q7BQR5,0.8866546774067836,0.5,False
8pq7__A1_M1C5B8--8pq7__B1_D0N0Z8,0.5883572413486344,0.5,False
5abr__A1_P82802--5abr__B1_P82802,0.987914335153599,0.5,True
2zmf__A1_Q9Y233--2zmf__B1_Q9Y233,0.8895367242066958,0.5,True
2vzk__B1_P0DJQ5--2vzk__A1_P0DJQ5,0.36553382701505444,0.5,True
7wm5__A1_A0A0C2W699--7wm5__A2_A0A0C2W699,0.8659961822071857,0.5,True
1zee__A1_Q8E972--1zee__B1_Q8E972,0.9283402681460934,0.5,True
1f3u__B1_P35269--1f3u__A1_P13984,0.8449410901546792,0.5,False
7tvh__B1_Q9I2Q1--7tvh__A1_Q9I2Q1,0.93329931493994,0.5,True
5vgm__B1_Q9KL24--5vgm__A1_Q9KL24,0.9917774414734393,0.5,True
4zzh__A1_Q96EB6--4zzh__A2_Q96EB6,0.5763072927864992,0.5,True
6m4v__A1_P0AEX9--6m4v__B1_P62942,0.8650304334695857,0.5,False
7y28__A1_P07814--7y28__B1_P07814,0.9481453261012563,0.5,True
2plg__A1_Q8DKM0--2plg__B1_Q8DKM0,0.9214317328356778,0.5,True
7y7u__A1_A0A222F232--7y7u__B1_A0A222F232,0.8883385168513575,0.5,True
3fgc__A1_P07740--3fgc__B1_P07739,0.9543318589278666,0.5,False
1rve__A1_P04390--1rve__B1_P04390,0.9344713699084088,0.5,True
7zy1__A1_Q9F8A8--7zy1__A2_Q9F8A8,0.9651701203227637,0.5,True
3jxo__B1_A0A0F6AN26--3jxo__A1_A0A0F6AN26,0.934966486805497,0.5,True
8dqb__A1_A0A0H3FX83--8dqb__A2_A0A0H3FX83,0.8934282306074367,0.5,True
5l16__A1_Q4Q0M0--5l16__A2_Q4Q0M0,0.9495109996406096,0.5,True
3qt7__A1_Q9FD73--3qt7__B1_Q9FD73,0.9890234773414179,0.5,True
4aye__D1_Q9JXV4--4aye__A1_P08603,0.7767937381424453,0.5,False
7r3n__A1_P43432--7r3n__B1_P43432,0.9605565705628091,0.5,True
7a0x__B1_Q8ZRZ3--7a0x__A1_Q8ZRZ3,0.934122849815,0.5,True
7wjk__A1_P93836--7wjk__A2_P93836,0.905193983614999,0.5,True
7g99__B1_Q92974--7g99__A1_P61586,0.6391326153868213,0.5,False
5x8z__A1_A3QAQ5--5x8z__B1_A3QAQ5,0.9130001948157827,0.5,True
6dt3__B1_A0A1W1Q5B1--6dt3__A1_A0A1W1Q5B1,0.9291141180167354,0.5,True
7u0r__B1_M9SC49--7u0r__A1_M9SC49,0.9701246181527887,0.5,True
7wbt__A1_Q288C4--7wbt__B1_Q288C4,0.945932758362551,0.5,True
7txe__A1_Q8I6T6--7txe__B1_Q8I6T6,0.3459412835133654,0.5,True
6pyp__A1_P21695--6pyp__B1_P21695,0.9718320010697246,0.5,True
8b2d__A1_F5SYD3--8b2d__B1_F5SYD3,0.9012024799804066,0.5,True
1vmg__A1_Q97U11--1vmg__A2_Q97U11,0.8345286102996577,0.508400731935047,True
6b8l__B1_P0DP23--6b8l__A1_P56696,0.841829109010108,0.5,False
8sj5__A1_A0A2I4FN75--8sj5__C1_A0A2I4FN75,0.3527936621944744,0.5,True
3nr1__A1_Q8N4P3--3nr1__B1_Q8N4P3,0.9538351533588294,0.5,True
3h3l__A1_A6LFX0--3h3l__A2_A6LFX0,0.936615957114207,0.5,True
6jdh__A1_A0A2K0XYW4--6jdh__B1_A0A2K0XYW4,0.962057251556928,0.5,True
3vjz__A1_Q9K0P4--3vjz__B1_Q9K0P4,0.41852808881232656,0.5,True
3et4__A1_Q4QMM5--3et4__A2_Q4QMM5,0.8852591909482682,0.5,True
5or3__A1_Q2UNF9--5or3__D1_Q2UNF9,0.7853456545301988,0.5,True
3fh3__B1_A0A6L8PES2--3fh3__A1_A0A6L8PES2,0.3401058473587622,0.5,True
1go3__A1_Q57840--1go3__B1_Q60351,0.9074087269455692,0.5,False
3zxq__B1_P9WGK1--3zxq__A1_P9WGK1,0.42387033437238936,0.5,True
1zlh__A1_P00730--1zlh__B1_Q5EPH2,0.8018212410324681,0.5,False
4h1h__A1_Q8Y6P6--4h1h__B1_Q8Y6P6,0.8164935364274509,0.5,True
2gh1__A1_Q81E32--2gh1__B1_Q81E32,0.7898030832942282,0.5,True
7dl7__F1_B0VJ11--7dl7__A1_B0VJ11,0.9846807028985949,0.5,True
7yu0__B1_Q79F77--7yu0__A1_Q79F77,0.9079529693273618,0.5,True
3cbu__B1_Q473P3--3cbu__A1_Q473P3,0.8829609739322508,0.5,True
3ihk__A1_Q8DVV9--3ihk__A2_Q8DVV9,0.9669644289515769,0.5,True
4y67__A1_Q8IKG4--4y67__B1_Q8IKG4,0.9348036610661411,0.5,True
6ejp__B1_P69986--6ejp__A1_P69986,0.37363892298635626,0.5,True
1poy__A1_P0AFK9--1poy__B1_P0AFK9,0.9084872160098078,0.5,True
3a7o__A1_Q03818--3a7o__B1_Q03818,0.943089241790767,0.5,True
5n47__B1_P02751--5n47__A1_P80188,0.6827911929404168,0.5,False
8ejm__A1_O43143--8ejm__B1_Q8IWZ8,0.7269399490949385,0.5,False
7jl6__A1_Q9L523--7jl6__B1_Q9L523,0.9176485575588507,0.5,True
1npd__B1_P0A6D5--1npd__A1_P0A6D5,0.9203020027593751,0.5,True
8h0h__A1_P9WLU7--8h0h__C1_P9WLU7,0.46273194178950655,0.5,True
3t8l__A1_Q7CUX4--3t8l__B1_Q7CUX4,0.8605852399584121,0.5,True
7ol3__B1_Q8WXF7--7ol3__A1_Q8WXF7,0.7762518135784396,0.5,True
3ent__A1_Q2YAE2--3ent__B1_Q2YAE2,0.9633075196489532,0.5,True
2y4g__A1_D3Y1I2--2y4g__B1_D3Y1I2,0.9605910172777823,0.5,True
7ec7__A1_A0A0H2XGN0--7ec7__A2_A0A0H2XGN0,0.9813273373153182,0.5,True
2o11__A1_P9WPY1--2o11__A2_P9WPY1,0.8314535876898735,0.5,True
8abq__A1_Q13596--8abq__B1_Q9Y5X3,0.9741745180582615,0.5,False
2sak__A1_P68802--2sak__A2_P68802,0.665295402342132,0.5,True
8h5e__A1_Q5SMG8--8h5e__B1_Q5SMG8,0.9543744112705546,0.5,True
8bgm__B1_A0A5P3XKL3--8bgm__A1_A0A5P3XKM0,0.9160383184684101,0.5,False
2ps8__A1_P13513--2ps8__B1_P13513,0.9599638731426609,0.5,True
6awl__A1_O75208--6awl__B1_O75208,0.9569056462927654,0.5,True
4qds__A1_O60462--4qds__B1_O60462,0.3295250707375823,0.5,True
6qky__B1_Q97P33--6qky__A1_Q97P33,0.39616611714938277,0.5,True
7nli__B1_P08405--7nli__A1_P08405,0.8266796000294812,0.5,True
8p3m__A1_W0DP94--8p3m__B1_W0DP94,0.9867628719349215,0.5,True
5v7y__A1_A0A4Y1WAP5--5v7y__B1_A0A4Y1WAP5,0.8998874856378571,0.5,True
4aps__A1_Q5M4H8--4aps__B1_Q5M4H8,0.8845011902664001,0.5,True
7ucn__A1_P50120--7ucn__B1_P50120,0.3950428076322423,0.5,True
1ni5__A1_P52097--1ni5__A2_P52097,0.9694288848622631,0.5,True
4a5o__B1_Q9I2U6--4a5o__A1_Q9I2U6,0.961552181119374,0.5,True
8q5k__A1_A0A0H2Z7A6--8q5k__A2_A0A0H2Z7A6,0.6313538900981068,0.5,True
1ww5__A1_Q6WY08--1ww5__D1_Q6WY08,0.9778592362752071,0.5,True
7ww2__A1_A0A4Q9D6T1--7ww2__B1_A0A4Q9D6T1,0.9430967073674971,0.5,True
2pfk__A1_P0A796--2pfk__B1_P0A796,0.9545111147039363,0.5,True
1i2m__B1_P18754--1i2m__A1_P62826,0.7423118958206195,0.5,False
8i2e__A1_O34841--8i2e__B1_P54421,0.775676098154835,0.5,False
3pfl__A1_P09373--3pfl__B1_P09373,0.9864911366795526,0.5,True
6gho__B1_Q5L1S1--6gho__A1_O31602,0.5997249217912318,0.5,False
1glj__A1_P0A6F3--1glj__B1_P0A6F3,0.9939932345279435,0.5,True
4zq8__B1_A0A0M3KL36--4zq8__A1_A0A0M3KL36,0.9406375442451764,0.5,True
5h4h__B1_O58236--5h4h__A1_O58236,0.9613351174546535,0.5,True
4iv9__A1_P06617--4iv9__B1_P06617,0.96441285544544,0.5,True
6sdk__A1_P26497--6sdk__B1_P26497,0.5653005953881124,0.5,True
2fq4__A1_Q81BJ4--2fq4__A2_Q81BJ4,0.9686364167023388,0.5,True
7zeq__B1_Q9WXT1--7zeq__A1_Q9WXT1,0.9561284040688084,0.5,True
5z5h__A1_Q2I2N4--5z5h__A2_Q2I2N4,0.9370282609652061,0.5,True
2fe1__A1_Q8ZZP3--2fe1__A2_Q8ZZP3,0.9810920415035113,0.5,True
7wik__B1_A0R1E6--7wik__A1_A0R1E6,0.933217642377839,0.5,True
7t8o__B1_Q8Y8Y9--7t8o__A1_Q8Y8Y9,0.911058130612493,0.5,True
7t91__A1_P08151--7t91__B1_P08151,0.03741467284031549,0.5,True
3lg6__A1_D2YW48--3lg6__B1_D2YW48,0.9698929962664457,0.5,True
2o9a__A1_P16528--2o9a__D1_P16528,0.8972665321182193,0.5,True
1zhq__A1_Q9RHG4--1zhq__B1_Q9RHG4,0.8297646140392981,0.5,True
2e0k__B1_Q8KFD9--2e0k__A1_Q8KFD9,0.9361204567466993,0.4999917163684559,True
6izb__A1_P13693--6izb__A2_P13693,0.9416253359563325,0.5,True
3a2f__A1_P61875--3a2f__B1_O73947,0.9774837033751397,0.5,False
3vf0__B1_Q8IY67--3vf0__A2_P18206,0.6143771208953692,0.5,False
8ehe__A1_A0A0A7KVG3--8ehe__B1_A0A1D3UUC0,0.9283836825209207,0.5,False
6hpc__A1_P67697--6hpc__B1_P67697,0.92229820441097,0.5,True
2x3o__A1_Q9I585--2x3o__B1_Q9I585,0.8798804987324415,0.5,True
5y40__A1_P55892--5y40__B1_P55892,0.7821229589520187,0.5,True
1y42__A1_P12063--1y42__A2_P12063,0.9824741187112791,0.5,True
2e91__A1_Q12051--2e91__B1_Q12051,0.971200970975725,0.5,True
3iuw__B1_Q8KUB7--3iuw__A1_Q8KUB7,0.9095487134920388,0.5,True
8e7y__A1_Q9RFC8--8e7y__B1_Q9RFC8,0.8405233005491682,0.5,True
4kzn__A1_P15692--4kzn__A2_P15692,0.9065418949484303,0.5,True
7z7o__A1_A0A1S4NYF2--7z7o__C1_A0A1S4NYF2,0.7882472611141087,0.5,True
8brp__A1_D8G6F7--8brp__B1_D8G6F7,0.9613723520093396,0.5,True
3qir__A1_Q8TC59--3qir__A2_Q8TC59,0.285755623849156,0.5,True
8bay__A1_O75874--8bay__B1_O75874,0.9463769725261483,0.5,True
6mhm__B1_Q13510--6mhm__A1_Q13510,0.5428090417022768,0.5,True
8bj7__A1_P07598--8bj7__B1_P07603,0.9009891319108236,0.5,False
8b80__A1_W8QF82--8b80__B1_W8QF82,0.9473586389789636,0.5,True
5wxx__A1_Q9RNB4--5wxx__A2_Q9RNB4,0.9534935157768676,0.5,True
8f7l__A1_P43490--8f7l__B1_P43490,0.8958347278497962,0.5,True
3cz1__A1_Q9U9J6--3cz1__B1_Q9U9J6,0.7937191351004983,0.5,True
8a0c__A1_Q2ERG0--8a0c__B1_Q2ERG0,0.9277021366078417,0.5,True
5mpy__A1_Q9LPZ1--5mpy__B1_Q9LPZ1,0.6820431776088558,0.5,True
1anu__A1_Q06851--1anu__A2_Q06851,0.8751376650269274,0.5,True
3vs8__A1_C1DM33--3vs8__C1_C1DM33,0.8778976514385238,0.5,True
7zi8__A1_P27707--7zi8__A2_P27707,0.9483090499881544,0.5,True
1peu__A1_Q08698--1peu__A2_Q08698,0.982763266144274,0.5,True
5uk5__B1_Q63722--5uk5__A1_Q07008,0.5554127430706731,0.5,False
7vg5__A1_Q49135--7vg5__B1_Q49135,0.9335661811379733,0.5217391304347826,True
4jkz__A1_A0R6I8--4jkz__A2_A0R6I8,0.9532633498034617,0.5,True
4aa8__A1_P00794--4aa8__A2_P00794,0.9146041019352261,0.5,True
5yew__A1_Q8IWA4--5yew__B1_Q8IWA4,0.8684739510274465,0.5,True
1hf2__B1_Q9X0D7--1hf2__A1_Q9X0D7,0.9952210938412238,0.5089172191444918,True
3au0__A1_Q7A382--3au0__A2_Q7A382,0.19235847064969763,0.5,True
3gif__A1_O34757--3gif__B1_O34757,0.9602908027077011,0.5,True
4axv__A1_A7N805--4axv__A2_A7N805,0.9054539419955738,0.5,True
5c6u__A1_O69689--5c6u__A2_O69689,0.847428625104585,0.5,True
4nv4__A1_A0A6L7HM74--4nv4__A2_A0A6L7HM74,0.42261709652376434,0.5,True
6axf__A1_Q7LDG7--6axf__B1_P61224,0.6106271008591031,0.5,False
5yf1__B1_Q8N4J0--5yf1__A1_Q8N4J0,0.8943125375716411,0.5,True
8j83__A1_C5ATT7--8j83__B1_C5ATT6,0.9367662633685134,0.5,False
3fjy__B1_A0ZZM4--3fjy__A1_A0ZZM4,0.9573910326127394,0.5,True
4rg1__A1_Q5T280--4rg1__B1_Q5T280,0.9312576589174894,0.5,True
1ux4__A1_P41832--1ux4__A2_P41832,0.6620767649030109,0.5,True
6rbm__A1_P0ACT4--6rbm__A2_P0ACT4,0.9296464278049369,0.5,True
7wis__A1_P46881--7wis__B1_P46881,0.9153048312625695,0.5,True
5a3l__A1_A0A1A9TAD0--5a3l__C1_A0A1A9TAD0,0.3759609750693704,0.5,True
2gz4__A1_Q7D028--2gz4__C1_Q7D028,0.838899892877352,0.5,True
7xyv__A1_Q9C0D3--7xyv__B1_Q9C0D3,0.5148094057669919,0.5,True
2f9w__A1_Q9HWC1--2f9w__B1_Q9HWC1,0.9392160487513803,0.5,True
2ox1__A1_O30011--2ox1__B1_O30011,0.989116211891077,0.5,True
2guh__A1_Q0S8Y3--2guh__B1_Q0S8Y3,0.9076857065446,0.5316178080367324,True
7br1__A1_A0A7I6N400--7br1__B1_A0A7I6N400,0.936628034239237,0.5,True
2p04__A1_D0VWX5--2p04__B1_D0VWX5,0.9493423730857956,0.5,True
4h5b__A1_Q9RUY5--4h5b__B1_Q9RUY5,0.8062327533356521,0.5,True
4e1o__A1_P19113--4e1o__B1_P19113,0.8182684643898919,0.5,True
7pu4__B1_Q9X053--7pu4__A1_Q9X053,0.47727700141338814,0.5,True
3m1u__A1_Q72DN3--3m1u__B1_Q72DN3,0.9503484873669129,0.5,True
7qii__A1_P0C2N2--7qii__B1_P0C2N4,0.8146120362954697,0.5,False
6ird__A1_Q91UZ1--6ird__B1_Q8NI35,0.5850964619508363,0.5,False
6gg2__A1_Q4WD43--6gg2__A2_Q4WD43,0.9625562652356829,0.5,True
6oei__A1_Q8KG60--6oei__A2_Q8KG60,0.9281943114160923,0.5,True
8hyi__A1_P22223--8hyi__B1_P22223,0.7704111517361645,0.5,True
4b8v__A1_B3VBK9--4b8v__A2_B3VBK9,0.7971261418825162,0.5,True
4lqb__A1_D2Q399--4lqb__B1_D2Q399,0.8885221526709759,0.5,True
2vxb__A1_P87074--2vxb__B1_P87074,0.21601404231791319,0.5,True
1t72__A1_O67053--1t72__B1_O67053,0.9726642208604045,0.5,True
3soo__A1_Q5T7N2--3soo__A2_Q5T7N2,0.8656340012510584,0.5,True
5z1o__A1_D0VWU8--5z1o__B1_D0VWU8,0.774226202780461,0.5,True
6h40__A1_K5B7F3--6h40__A2_K5B7F3,0.9764393023204867,0.5,True
2etk__A1_Q13464--2etk__B1_Q13464,0.8275495545124184,0.5,True
2p69__A1_Q96GD0--2p69__A2_Q96GD0,0.9792654149904716,0.5,True
4doy__A1_Q6WNP1--4doy__C1_Q6WNP1,0.9541040415742277,0.5,True
6zxw__A1_O29011--6zxw__B1_A0A117KMN5,0.7953063582472581,0.5,False
3lhk__A1_Q60329--3lhk__B1_Q60329,0.9530285625925027,0.5,True
1qpa__A1_P11542--1qpa__B1_P11542,0.7576281475831739,0.5,True
6e52__A1_P03069--6e52__B1_P03069,0.9628680974354005,0.5,True
1fwl__A1_Q58504--1fwl__B1_Q58504,0.991563262022093,0.5045045045045045,True
5nkk__A1_O62301--5nkk__B1_Q9XWJ1,0.8684699389647139,0.5,False
1ygt__A1_Q94524--1ygt__A2_Q94524,0.9125412136341741,0.5,True
6p40__A1_M1GSK9--6p40__B1_M1GSK9,0.9321762455668166,0.5,True
2wyn__B1_P13482--2wyn__D1_P13482,0.8965172662709159,0.5,True
7yui__A1_P0CG48--7yui__B1_Q9BYM8,0.7830419029761163,0.5,False
8dml__B1_Q87GI3--8dml__A1_Q87GI4,0.8040163087595011,0.5,False
2oi2__A1_A0A0H2UNK6--2oi2__A2_A0A0H2UNK6,0.9340575290094522,0.5,True
4wud__A1_P0AES6--4wud__A2_P0AES6,0.9259472173374048,0.5,True
5yzj__A1_A8K0B5--5yzj__B1_A8K0B5,0.46445247110025184,0.5,True
8f61__A1_Q28943--8f61__B1_Q28943,0.8960612773756145,0.5,True
5ho3__A1_W6KHH6--5ho3__B1_W6KHH6,0.7856746892137282,0.5,True
1u5i__A1_Q07009--1u5i__B1_Q64537,0.9218629134372127,0.5,False
1cmc__A1_P0A8U6--1cmc__B1_P0A8U6,0.8856903283685558,0.5,True
6oe2__A1_Q8A9F0--6oe2__A2_Q8A9F0,0.2783421392264759,0.5,True
3gzi__A1_A3QIY5--3gzi__A2_A3QIY5,0.9186339310724413,0.5,True
8pr6__B1_A0A1Q6BKH4--8pr6__A1_A0A1Q6BKH4,0.5982455722152036,0.5,True
8j64__A1_Q967S9--8j64__B1_O00816,0.42975508340325697,0.5,False
8ohw__A1_Q63T97--8ohw__B1_Q63T97,0.8553641344166056,0.5,True
5y4r__A1_O87131--5y4r__B1_Q9HVI1,0.8363130736015416,0.5,False
3ddh__A1_Q8A5Q8--3ddh__B1_Q8A5Q8,0.9747859597078539,0.5,True
8d3t__B1_A0A2K2AMS7--8d3t__A1_A0A2K2AMS7,0.5786983537330952,0.5,True
1zk8__A1_Q815X4--1zk8__B1_Q815X4,0.9709265912813876,0.5,True
2w82__A1_Q47730--2w82__B1_Q47730,0.9470740293175012,0.5,True
6l08__A1_O65896--6l08__B1_O65896,0.9681046206919428,0.5,True
4p94__B1_Q4J9K8--4p94__A1_Q4J9K8,0.9716664804885314,0.5,True
4yii__A1_O00762--4yii__B1_Q9UJX6,0.9814445259506219,0.5,False
4rus__A1_P68512--4rus__B1_P68512,0.927438966029855,0.5,True
2o48__A1_Q9TQS6--2o48__A2_Q9TQS6,0.8343852374012155,0.5,True
7pvw__B1_P00523--7pvw__A1_P00523,0.4323120302493121,0.5,True
2wcu__A1_Q8R2K1--2wcu__B1_Q8R2K1,0.942256741552644,0.5,True
2p35__A1_Q8UH15--2p35__B1_Q8UH15,0.8183375949522504,0.5,True
5jj8__A1_Q9HVB9--5jj8__A2_Q9HVB9,0.7858244555915437,0.5,True
6ije__A1_A0A083ZID3--6ije__B1_A0A083ZID3,0.9420743468075029,0.5,True
8avu__A1_Q8GPI4--8avu__A2_Q8GPI4,0.9527612305390083,0.5,True
7xdu__B1_A0A1I1Z0X1--7xdu__A1_A0A1I1Z0X1,0.9844436236763218,0.5,True
1xr4__A1_Q8ZRY1--1xr4__B1_Q8ZRY1,0.8823221352822822,0.5,True
2fuq__A1_C6XZB6--2fuq__B1_C6XZB6,0.988059441966305,0.5,True
5xrw__A1_O25306--5xrw__C1_O25674,0.9436335849243117,0.5,False
5l0o__A1_P46940--5l0o__B1_P46940,0.4587339610426977,0.5,True
2zcx__A1_Q9FBX0--2zcx__A2_Q9FBX0,0.9199554126347981,0.5104592600155864,True
5way__A1_Q97P44--5way__B1_Q97P44,0.9571863830059596,0.5,True
7xey__A1_Q9SU72--7xey__B1_Q9S745,0.9180209015114666,0.5,False
4xlo__C1_Q9KHK2--4xlo__A1_Q9KHK2,0.9661204993068662,0.5,True
6kd6__B1_Q9VAA9--6kd6__A1_Q9VAA9,0.29403030431373234,0.5,True
8k72__A1_Q9NWT6--8k72__A2_Q9NWT6,0.9403109471793878,0.5,True
8b5v__A1_Q4E4A3--8b5v__B1_Q4E4A3,0.9595635796836808,0.5,True
4yo3__A1_D3GUX1--4yo3__A2_D3GUX1,0.9726125824135692,0.5,True
8p8p__A1_P49773--8p8p__B1_P49773,0.932004795458994,0.5,True
6hrx__A1_O53623--6hrx__B1_O53623,0.9842082873107351,0.5,True
3mdo__A1_A6LDR8--3mdo__B1_A6LDR8,0.9634446729749964,0.5,True
8iw0__A1_Q14678--8iw0__B1_Q14678,0.5973204202115362,0.5,True
2rb7__A1_Q313A9--2rb7__B1_Q313A9,0.903514422013066,0.5,True
3lsj__A1_Q9HUS3--3lsj__B1_Q9HUS3,0.8683084385031297,0.5,True
8g0q__A1_P40460--8g0q__B1_P33895,0.8361803571233718,0.5,False
6ms4__A1_Q9ULC4--6ms4__B1_O43583,0.8963550421522812,0.5,False
7y6b__A1_A0A411GZY8--7y6b__B1_A0A411H025,0.8364963303757257,0.4999224084419615,False
7zyt__A1_P09622--7zyt__B1_P09622,0.8319192881776303,0.5,True
7lle__A1_Q6QVT7--7lle__B1_Q6QVT7,0.9197890259361294,0.5,True
4csw__A1_D0MK34--4csw__B1_D0MK34,0.9603781432500782,0.5,True
7tev__A1_P04181--7tev__A2_P04181,0.8690507508347245,0.5,True
2hsa__B1_Q9FEW9--2hsa__A1_Q9FEW9,0.8209705645447727,0.5,True
4tsd__A1_O25673--4tsd__B1_O25673,0.9181950862681381,0.5,True
7qh0__B1_P48499--7qh0__A1_P48499,0.987524825229547,0.5,True
1ayf__B1_P00257--1ayf__A1_P00257,0.560510133236354,0.5,True
3neu__A1_Q92AT3--3neu__A2_Q92AT3,0.8686245173745174,0.5,True
8f9x__A1_Q5LVE1--8f9x__B1_Q5LVE1,0.9213604301025502,0.5,True
3pui__A1_Q9L9D7--3pui__A2_Q9L9D7,0.9899009296747006,0.5,True
1rqi__A1_P22939--1rqi__B1_P22939,0.9830135992480816,0.5,True
6pya__A1_P04278--6pya__A2_P04278,0.927889674484424,0.5,True
1r27__A1_P09152--1r27__B1_P11349,0.9204221539406413,0.5,False
7zuv__A1_A0A2K3DY10--7zuv__D2_A0A2K3DY10,0.7458921396904662,0.5,True
2aho__A1_Q980A5--2aho__B1_Q97Z79,0.9223260836982737,0.5,False
6mni__A1_A0A2V0QX35--6mni__B1_A0A2V0QX35,0.9209045350424884,0.5,True
4kif__B1_Q643C8--4kif__A1_Q643C8,0.9769980632722965,0.5,True
7vyu__A1_A0A022MLV4--7vyu__B1_A0A022MLV4,0.9204226075602704,0.5,True
3g23__A1_Q2G8F3--3g23__B1_Q2G8F3,0.9789434192029083,0.5,True
3ui3__A1_O05728--3ui3__B1_O05728,0.8972739925993821,0.5,True
8ohy__A1_Q556V8--8ohy__A2_Q556V8,0.9803350640113329,0.5,True
5zgo__A1_Q5SHW6--5zgo__B1_Q5SHW6,0.8509344168985581,0.5,True
5uph__B1_Q14108--5uph__A1_Q14108,0.7853977244538222,0.5,True
6u3w__A1_P53622--6u3w__B1_P40509,0.9323199539802514,0.5,False
2gsv__B1_P71066--2gsv__A1_P71066,0.7166233484946936,0.5,True
7yh1__A1_A0A5B9DB95--7yh1__B1_A0A5B9DB95,0.9406707156954928,0.5,True
6c6r__A1_Q14534--6c6r__B1_Q14534,0.9481045870016551,0.5,True
6p4o__B1_Q970I1--6p4o__A1_Q970I2,0.9089544347359495,0.5,False
2oys__A1_A0A0H2URW2--2oys__B1_A0A0H2URW2,0.9431608475382252,0.5,True
8i85__A1_D2B3F1--8i85__B1_D2B3F1,0.7854132142220153,0.5,True
2b0a__A1_Q58193--2b0a__A2_Q58193,0.9586289426829786,0.5,True
3ayh__B1_O94285--3ayh__A1_Q9C0Z9,0.8813747733885262,0.5,False
2g38__B1_Q79FE1--2g38__A1_Q7D756,0.898816071745407,0.5,False
2z6k__A1_P15927--2z6k__C1_P35244,0.8740301296716514,0.5,False
3p8b__B1_Q8TZK1--3p8b__A1_Q8U440,0.8835850335196883,0.5,False
6z68__A1_A0A1M6Y2K1--6z68__B1_A0A1M6Y2K1,0.8590629364863946,0.5,True
5yz5__A1_Q16555--5yz5__A2_Q16555,0.8577573828900309,0.5,True
6dk9__A1_A7A1Y4--6dk9__A2_A7A1Y4,0.9536995841180163,0.5,True
2p19__A1_Q8NTZ4--2p19__C1_Q8NTZ4,0.9213149107116473,0.5,True
8ai1__B1_Q45595--8ai1__A1_Q45595,0.9232569467976958,0.5,True
7px0__B1_Q9VF53--7px0__A1_Q9VF53,0.9745038123185236,0.5,True
4cmz__B1_Q9BXM0--4cmz__A1_Q9BXM0,0.03292329909658775,0.5,True
8gyz__B1_Q93ZE2--8gyz__A1_Q93ZE2,0.9463213561599055,0.5,True
2ikb__A1_Q7DDI9--2ikb__C1_Q7DDI9,0.9734528726242165,0.5,True
7zam__A1_Q07666--7zam__B1_Q07666,0.4634194388572707,0.5,True
3egv__A1_Q84BQ9--3egv__B1_Q5SLP6,0.9036180332229997,0.5,False
2g9w__A1_P9WMJ5--2g9w__B1_P9WMJ5,0.9030416770928907,0.5,True
2afv__A1_Q8EXP7--2afv__B1_Q8EXP7,0.9545105877223151,0.5,True
7w93__A1_A0A140N873--7w93__A2_A0A140N873,0.9694503350400447,0.5,True
1wl3__B1_Q9X1M1--1wl3__A1_Q9X1M1,0.9728382884917127,0.5,True
4kbx__A1_P45550--4kbx__A2_P45550,0.9418616946701636,0.5,True
8brn__C1_P80366--8brn__A1_P80366,0.9256667117455696,0.5,True
8h5a__A1_P67661--8h5a__B1_P67661,0.8824463618041599,0.5,True
8b4l__B1_D5SK09--8b4l__A1_D5SK09,0.9216927015980113,0.5,True
1nrj__B1_P36057--1nrj__A1_P32916,0.887626065540215,0.5,False
4rdw__A1_Q9HU77--4rdw__A2_Q9HU77,0.9626214681490097,0.5,True
7vpr__A1_Q6FX18--7vpr__B1_Q6FX18,0.8728059374056252,0.5,True
5a6k__A1_A0A0H2US73--5a6k__B1_A0A0H2US73,0.9871622209925551,0.5,True
7ucd__B1_P17535--7ucd__A1_P53539,0.9442465835224269,0.5,False
1qc9__A1_P00642--1qc9__A2_P00642,0.8556200478519865,0.5,True
3ooc__A1_P77239--3ooc__B1_P77239,0.9655200161823225,0.5,True
8pm1__A1_B8GAY9--8pm1__B1_B8GAY9,0.8733394066104343,0.5,True
1vbg__A1_P11155--1vbg__A2_P11155,0.9836668288706608,0.5,True
4ovo__A1_P67954--4ovo__A2_P67954,0.8238895169340817,0.5,True
2qgs__A1_A0A0H2VIU2--2qgs__B1_A0A0H2VIU2,0.9593536785205047,0.5,True
8bol__A1_Q04609--8bol__A2_Q04609,0.9799609458166039,0.5,True
3mii__B1_Q08914--3mii__A1_Q08914,0.8766840224113684,0.5,True
3i23__A1_Q835X4--3i23__B1_Q835X4,0.8346753997494942,0.5,True
3itf__A1_P0AE85--3itf__B1_P0AE85,0.8360951505401057,0.5,True
6mw5__A1_K3WC47--6mw5__A2_K3WC47,0.9058475875176262,0.5,True
5vht__A1_P0A9J8--5vht__B1_P0A9J8,0.9859768723780787,0.5,True
6j6x__B1_P53611--6j6x__A1_Q7Z6K3,0.871901110040048,0.5,False
4tvb__A1_O32323--4tvb__B1_O32323,0.9347501134903531,0.5,True
3jyu__A1_P35123--3jyu__B1_P35123,0.616222002159758,0.5,True
8dtc__A1_L8GT25--8dtc__B1_L8GT25,0.7986724770118175,0.5,True
8fny__A1_O00418--8fny__B1_P0DP23,0.7111644679098306,0.5,False
7v0b__A1_A0A1E7MYN1--7v0b__B1_A0A1E7MYN1,0.9412403362581645,0.5,True
2vvo__A1_P9WKD7--2vvo__B1_P9WKD7,0.9027535735944434,0.5,True
5yjh__A1_Q15063--5yjh__A2_Q15063,0.8780969532550954,0.5,True
2z5e__A1_Q9BT73--2z5e__B1_Q9BT73,0.8889756738507583,0.5,True
1a8l__A1_Q51760--1a8l__A2_Q51760,0.9823039455860738,0.5,True
8h0r__A1_Q9WVJ5--8h0r__B1_Q9WVJ5,0.1943226113540265,0.5,True
2j7j__A1_P03001--2j7j__A2_P03001,0.5733343919807781,0.5,True
7zbg__A1_Q02880--7zbg__A2_Q02880,0.7530806574612556,0.5,True
1rku__A1_Q9I2Y2--1rku__B1_Q9I2Y2,0.9557102888687985,0.5,True
2wvl__A1_Q72K30--2wvl__B1_Q72K30,0.8937660416072909,0.5,True
8ewa__B1_Q9HW02--8ewa__A1_Q9HW02,0.9861429081183153,0.5,True
2ft0__A1_Q8FBQ3--2ft0__B1_Q8FBQ3,0.7892298037767487,0.5,True
2r01__A1_Q8KFI1--2r01__A2_Q8KFI1,0.904006429206466,0.5,True
8hno__A1_B6YTS4--8hno__B1_B6YTS4,0.9348037248981143,0.5,True
6x88__A1_P52731--6x88__B1_P52731,0.9788576246149746,0.5,True
2x76__A1_Q939Q9--2x76__A2_Q939Q9,0.9910437752416515,0.5,True
7x2p__A1_Q5ZWH7--7x2p__B1_Q5ZWH7,0.6175686632292737,0.5,True
2aeu__A1_Q57622--2aeu__A2_Q57622,0.9715695186783001,0.5,True
5kbg__A1_Q43965--5kbg__B1_Q43965,0.9471656605020569,0.5,True
4p9g__A1_Q9REI7--4p9g__A2_Q9REI7,0.9491830171167087,0.5,True
7tcv__A1_Q60932--7tcv__A2_Q60932,0.6552406715531517,0.5,True
7vkb__A1_Q5ZSZ6--7vkb__B1_Q5ZSZ7,0.8236129333430551,0.5,False
7r2p__A1_Q46877--7r2p__A2_Q46877,0.8647718082783017,0.5,True
6ggl__B1_C9K1X5--6ggl__A1_C9K1X5,0.9043305871791232,0.5,True
7yi7__A1_Q9Y251--7yi7__B1_Q9Y251,0.3285484748194264,0.5,True
7yka__B1_Q9Y3D6--7yka__A1_Q9Y3D6,0.55791446635956,0.5,True
8jea__A1_K1QRB6--8jea__D1_K1QRB6,0.9278348221589607,0.5,True
8huc__C1_A0A0H2Z790--8huc__A1_A0A0H2Z790,0.9543677655854045,0.5,True
5mpr__A1_O15382--5mpr__A2_O15382,0.9156946718768992,0.5,True
4ooj__B1_Q5ZSK6--4ooj__A1_Q5ZSK6,0.8087091774415348,0.5,True
8a5v__A1_Q9Y617--8a5v__C1_Q9Y617,0.9490948760652933,0.5,True
3lm2__A1_A9CH74--3lm2__B1_A9CH74,0.9481687343011412,0.5,True
7zwt__A1_P41182--7zwt__A2_P41182,0.6231296291301276,0.5,True
5zwl__B1_Q8DLU1--5zwl__A1_Q8DLG7,0.7962117862271268,0.5,False
6wmz__A1_P23246--6wmz__B1_Q15233,0.5329299374623334,0.5,False
1i4m__A1_P04156--1i4m__A2_P04156,0.355158412892505,0.5,True
2gjg__A1_Q88EQ6--2gjg__A2_Q88EQ6,0.8643548986547736,0.5,True
4ghm__A1_Q9KTK0--4ghm__B1_Q9KTK0,0.9271919633004382,0.5,True
1tve__A1_P31116--1tve__B1_P31116,0.9711034571753167,0.5,True
3onx__A1_P41697--3onx__B1_P41697,0.7589178949205326,0.5,True
8cp4__A1_Q6LXV7--8cp4__A2_Q6LXV7,0.9693390456236128,0.5,True
1ob9__A1_Q97YX6--1ob9__A2_Q97YX6,0.9535610387817061,0.5,True
7zcc__B1_P46327--7zcc__A1_P46327,0.9678679276396425,0.5,True
4kwd__A1_Q9UR08--4kwd__B1_Q9UR08,0.9619082299443583,0.5,True
7wuy__A1_A0A1R3S1W7--7wuy__B1_A0A1R3S1W7,0.9266427915524772,0.5,True
5gtw__A1_I3NX86--5gtw__D1_I3NX86,0.9546359920724217,0.5,True
6loh__A1_O15033--6loh__A2_O15033,0.9037426702445664,0.5,True
3a9y__A1_Q68FT9--3a9y__B1_Q68FT9,0.9578979128170688,0.5,True
8ay6__B1_Q9CAJ0--8ay6__A1_A0A067E666,0.8742812342328237,0.5,False
8u5m__A1_Q8TF42--8u5m__F1_Q8TF42,0.9597973018641237,0.5,True
7twa__D1_F8JJ25--7twa__A1_F8JJ25,0.9893575308663357,0.5,True
8fju__B1_P34897--8fju__A1_P34897,0.8764885115615257,0.5,True
1fjj__A1_P12994--1fjj__A2_P12994,0.9026264759646263,0.5,True
8iyi__A1_Q6CVU4--8iyi__B1_Q6CVU4,0.9675908289044799,0.5,True
1uus__A1_O00910--1uus__A2_O00910,0.7965950262198106,0.5,True
1zt2__A1_Q97Z83--1zt2__C1_Q9UWW1,0.9801104562275594,0.5,False
7uex__A1_Q9H999--7uex__A2_Q9H999,0.9406195982020293,0.5,True
6jqy__A1_P9WF13--6jqy__B1_P9WF13,0.9765355117298272,0.5,True
6l6w__A1_A0A3B6UEU3--6l6w__A2_A0A3B6UEU3,0.9721149733267693,0.5,True
8grj__B1_Q8GQE7--8grj__A1_A0A0H3KLY3,0.9153811547020381,0.5,False
2j0n__B1_P18013--2j0n__A1_P18013,0.5390717695166837,0.5,True
3rq1__A1_D1BN29--3rq1__C1_D1BN29,0.9398723464440866,0.5,True
5ae6__B1_Q92458--5ae6__A1_Q92458,0.9320936061227744,0.5,True
7qi3__A1_W7NDP8--7qi3__C1_W7NDP8,0.94290449190926,0.5,True
2yve__A1_Q8NMG3--2yve__B1_Q8NMG3,0.9090056815457519,0.5156358591994153,True
5ynx__A1_B2GM84--5ynx__B1_B2GM84,0.8639492859549326,0.5,True
2r6u__A1_Q0S814--2r6u__C1_Q0S814,0.8478050042024957,0.5,True
8b6m__A1_Q9H2K2--8b6m__B1_Q9H2K2,0.40968373865645547,0.5,True
3kc2__A1_P36151--3kc2__B1_P36151,0.9731493300157263,0.5,True
3vp5__A1_Q9CHR1--3vp5__A2_Q9CHR1,0.946582456140351,0.5,True
7pvh__A1_B2RLE7--7pvh__B1_B2RLE7,0.6831199354260151,0.5,True
4nqf__B2_Q7CW19--4nqf__A1_Q7CW19,0.9879281636309856,0.5,True
1vjh__A1_P0C0B0--1vjh__B1_P0C0B0,0.9155653987823394,0.5,True
5xw4__B1_Q00684--5xw4__A1_Q00684,0.716320521029773,0.5,True
8aai__A1_O00560--8aai__C1_O00560,0.6673813596095758,0.5,True
4xdl__A1_P57789--4xdl__B1_P57789,0.855984705522653,0.5,True
6ukl__A1_P0A901--6ukl__F1_P0A901,0.26079203748574364,0.5,True
5dot__A1_P31327--5dot__B1_P31327,0.862656918010406,0.5,True
5by4__A1_P0ABV6--5by4__A2_P0ABV6,0.8871005820788687,0.5,True
7zxs__A1_Q86TI2--7zxs__C1_Q86TI2,0.9452285632350605,0.5,True
1v6u__A1_Q7SI98--1v6u__B1_Q7SI98,0.8789992168758838,0.5,True
6e27__A1_Q9H257--6e27__B1_Q9H257,0.14898891872073905,0.5,True
7szd__A1_Q96S44--7szd__B1_Q9Y3C4,0.9391319378330207,0.5,False
1h9r__A1_P0A9G8--1h9r__B1_P0A9G8,0.8415726001126358,0.5,True
3on6__A1_A7M0J6--3on6__B1_A7M0J6,0.9249346308730577,0.5,True
8fwy__A1_Q4DGA2--8fwy__B1_Q4DGA2,0.9240155014276858,0.5,True
1yu6__A1_P00780--1yu6__C1_P68390,0.9393481996140812,0.5,False
6ek1__A1_A0A452CST7--6ek1__A2_A0A452CST7,0.9558732955292615,0.5217236992885571,True
6ckj__A1_P0A0Z8--6ckj__A2_P0A0Z8,0.97985573155535,0.5,True
1w33__A1_O50957--1w33__B1_O50957,0.4346834038802247,0.5,True
4usk__B1_H7C745--4usk__B2_H7C745,0.9229580961456478,0.5,True
6cmv__B1_Q4J9G1--6cmv__A1_Q4J9G1,0.9701043289889423,0.5,True
7y70__A1_F4KCC2--7y70__A2_F4KCC2,0.5660312000789814,0.5,True
3cwx__A1_P94837--3cwx__B1_P94837,0.8999252110251728,0.5,True
3p1y__A1_O29362--3p1y__B1_O29362,0.820918282310608,0.5,True
8a8i__A1_Q9R9V9--8a8i__B1_Q9R9V9,0.9874274287305385,0.5,True
5d1l__A1_P62837--5d1l__B1_Q96BH1,0.8224083130707358,0.5,False
8og3__A1_P38489--8og3__B1_P38489,0.9389232004728152,0.5,True
4neh__A1_P20702--4neh__B1_P05107,0.8856736141825136,0.5,False
2prv__A1_O34596--2prv__B1_O34596,0.9661784087949554,0.5,True
6kvn__A1_A0A1S4CVP6--6kvn__A2_A0A1S4CVP6,0.9424955929478347,0.5,True
5tgq__A1_A0A1S4NYF7--5tgq__A2_A0A1S4NYF7,0.9875457875457876,0.5,True
6b3i__A1_P27216--6b3i__B1_P27216,0.5685490744226787,0.5,True
1rqn__A1_O31156--1rqn__B1_O31156,0.9799342053430584,0.5,True
7tcr__A1_A0A2D2D5M1--7tcr__D1_A0A2D2CY73,0.9121335588199153,0.5,False
5l7z__A1_P28750--5l7z__A2_P28750,0.8588438091379945,0.5,True
7ljh__A1_Q769D3--7ljh__B2_Q769D3,0.9830903582427187,0.5,True
5frk__A1_D4I047--5frk__B1_D4I047,0.8926013711547774,0.5,True
7xmw__B1_U2Q5N5--7xmw__A1_U2Q5N5,0.3649078393655988,0.5,True
7w2o__A1_Q9HZP1--7w2o__B1_Q9HZP1,0.9759126035705182,0.5,True
7uay__A1_P08684--7uay__A2_P08684,0.99856184084372,0.5,True
5czf__D1_A0A0H3JHG3--5czf__A1_Q8XAD5,0.6882622416000976,0.5,False
2p6p__A1_Q9RPA7--2p6p__B1_Q9RPA7,0.8446216483010214,0.5,True
4u64__A1_Q5ZXA3--4u64__A2_Q5ZXA3,0.9804988521633681,0.5,True
7qbm__A1_P43235--7qbm__B1_P43235,0.439479939211855,0.5,True
3nvm__A1_Q8U4M1--3nvm__B1_Q8U4M2,0.8825825333735059,0.5,False
3wws__A1_Q13188--3wws__D1_Q13188,0.9373935595721702,0.5,True
4c87__A1_F9UMG7--4c87__B1_F9UMG7,0.753479429409704,0.5,True
2d7e__A1_P17888--2d7e__B1_P17888,0.457540191718513,0.5,True
7xro__A1_Q9RQ20--7xro__B1_Q9RQ20,0.8017318039631605,0.5,True
5yrj__A1_B6F0T7--5yrj__B1_A0A2Z5V8U8,0.964605308913875,0.5,False
6yev__C1_P0A744--6yev__A1_P0AA25,0.8893128483814865,0.5,False
8glr__A1_Q8ZJX7--8glr__A2_Q8ZJX7,0.9138044979434843,0.5,True
5fwt__A1_Q96MU8--5fwt__A2_Q96MU8,0.8149657101131189,0.5,True
4e6s__A1_Q3URR7--4e6s__A2_Q3URR7,0.8166653906350824,0.5,True
8enb__B1_A7DT38--8enb__A1_A0T3A2,0.8120182535733089,0.5,False
8h4p__A1_I1S104--8h4p__B1_I1S104,0.9524561371023257,0.5,True
7yo8__A1_P60520--7yo8__A2_P60520,0.6490828451970534,0.5,True
8elf__B1_Q6DYE4--8elf__A1_Q6DYE4,0.809109156418436,0.5,True
1ax2__A1_P16404--1ax2__A2_P16404,0.9298294656856532,0.5,True
8i33__C1_A0A6Q8PFJ0--8i33__A1_A0A6Q8PFJ0,0.9052621634419056,0.5,True
3q9l__A1_P0AEZ3--3q9l__B1_P0AEZ3,0.9091888163271022,0.5,True
2yk4__A1_P72097--2yk4__A2_P72097,0.5112171827547257,0.5,True
7u5f__C1_Q9HTM2--7u5f__A1_Q9HTM2,0.9663703325232242,0.5,True
5xt3__B1_A0A0U1MUE2--5xt3__A1_A0A0U1MUE2,0.931888997787062,0.5,True
5iws__A1_Q63GK8--5iws__A2_Q63GK8,0.9369338980317219,0.5,True
2owl__A1_P36767--2owl__B1_P36767,0.8847850115984307,0.5,True
8bca__A1_O75643--8bca__B1_Q6P2Q9,0.7723549482101111,0.5,False
3mcb__B1_P20290--3mcb__A1_Q13765,0.8773090613917776,0.5,False
8gy8__A1_Q8TZT0--8gy8__B1_Q8TZT0,0.9468110181806231,0.5,True
8dkd__A1_G7CIP4--8dkd__A2_G7CIP4,0.9450963565873898,0.5,True
7dus__A1_P08965--7dus__A2_P08965,0.11171300247756558,0.5,True
8gb1__A1_Q9Y3Z3--8gb1__B1_Q9Y3Z3,0.9233494030647018,0.5,True
6ikj__A1_Q9I4L6--6ikj__B1_Q9I4L6,0.7672564175294285,0.5,True
8b2q__A1_D0EM77--8b2q__B1_G8UM88,0.6371372687803581,0.5,False
5x42__A1_Q5ZYB7--5x42__B1_Q5ZYC6,0.9238039973247661,0.5,False
1vkh__A1_Q04066--1vkh__B1_Q04066,0.9377007456609558,0.5,True
5omd__A1_Q04377--5omd__A2_Q04377,0.9547938914581205,0.5,True
2vsg__A1_P26329--2vsg__B1_P26329,0.9379889647681784,0.5,True
1jql__A1_P0A988--1jql__B1_P28630,0.9879148269761066,0.5,False
1w9c__A1_O14980--1w9c__B1_O14980,0.37581210414576954,0.5,True
3upl__A1_Q2YIM3--3upl__B1_Q2YIM3,0.9599001425243046,0.5,True
3tm2__A1_Q83XN4--3tm2__B1_Q83XN4,0.8915277380920191,0.5,True
3kxa__A1_Q5F9C2--3kxa__B1_Q5F9C2,0.8415355146732993,0.5,True
7yls__B1_C5CSP6--7yls__A1_C5CSP7,0.9410331396180948,0.5,False
7psg__A1_Q6D515--7psg__B1_Q6D515,0.8908964850185249,0.5,True
8pte__A1_P00698--8pte__A2_P00698,0.7316294340748974,0.5,True
7ykc__A1_P14843--7ykc__B1_P14843,0.9636984861787321,0.5,True
3wxe__A1_E7FEV5--3wxe__B1_P0CG48,0.7021463089216644,0.5,False
2vjf__A1_Q00987--2vjf__B1_O15151,0.6738789930038998,0.5,False
7pvo__A1_P56137--7pvo__A2_P56137,0.9430226770368169,0.5,True
3kkd__A1_Q9HXU1--3kkd__A2_Q9HXU1,0.9563279383469877,0.5,True
3mph__A1_P19801--3mph__B1_P19801,0.898603878900993,0.5,True
6jc4__A1_A6TE44--6jc4__D1_A6TE44,0.9405073762163844,0.5,True
2rf4__A1_P46669--2rf4__B1_P50106,0.912973964862557,0.5,False
4huz__A1_Q9ZBB0--4huz__A2_Q9ZBB0,0.9514268160105297,0.5,True
5gtj__B1_Q9BV47--5gtj__A1_Q9BV47,0.4903706344433638,0.5,True
2xw7__A1_A0QP85--2xw7__B1_A0QP85,0.8875830442293917,0.5,True
6l6h__A1_Q5ZZ22--6l6h__B1_Q5ZZ22,0.9202205830003547,0.5,True
8p7m__A1_P0A434--8p7m__A2_P0A434,0.9289075461566709,0.5,True
6gou__A2_P97275--6gou__C1_P97275,0.8803621202631577,0.5,True
2wwo__A1_Q66ED7--2wwo__B1_Q66ED7,0.9673202614379085,0.5,True
8i3n__A1_Q12178--8i3n__C1_Q12178,0.9522732455235469,0.5,True
1s7i__A1_Q9I3Z5--1s7i__A2_Q9I3Z5,0.793381963161785,0.5,True
3szw__A1_B7JBP8--3szw__A2_B7JBP8,0.9489732131185579,0.5,True
2nys__A1_Q8U561--2nys__B1_Q8U561,0.9552816784866419,0.5,True
3gr5__A1_O52135--3gr5__A2_O52135,0.7263855713103439,0.5,True
3ded__A1_Q7P1I2--3ded__B1_Q7P1I2,0.7111757931906143,0.5,True
5b5x__A1_Q75NZ1--5b5x__A2_Q75NZ1,0.5424393100194793,0.5,True
7qga__A1_P21589--7qga__A2_P21589,0.970745459982271,0.5,True
3sd2__A1_Q8A1T7--3sd2__A2_Q8A1T7,0.6452879745074029,0.5,True
8ow9__A1_G8UQH9--8ow9__B1_G8UQH9,0.957975008132408,0.5,True
3bcw__B1_A0A0H3LK92--3bcw__A1_A0A0H3LK92,0.9076728687424312,0.5,True
6duy__A1_Q61301--6duy__B2_Q61301,0.5811003825105715,0.5,True
5zyf__A1_Q99ZW0--5zyf__B1_Q99ZW0,0.7842846265825708,0.5,True
2b7o__A1_O53512--2b7o__B1_O53512,0.9742206048290537,0.5,True
1v57__A1_P77202--1v57__A2_P77202,0.9313124986232464,0.5,True
7cov__A1_Q06801--7cov__A2_Q06801,0.8844134556976166,0.5,True
6ign__A1_Q61768--6ign__A2_Q61768,0.9306702935732528,0.5,True
3be5__A1_Q8XBR1--3be5__B1_Q8XBR1,0.8447045584663095,0.5,True
4hn3__B1_Q8Y6D1--4hn3__A1_Q8Y6D1,0.8680738429259953,0.5,True
4o8y__A1_Q08723--4o8y__B1_P43588,0.877855124766755,0.5,False
7uoi__A1_A0A1S8KJG1--7uoi__A2_A0A1S8KJG1,0.9460324966681697,0.5,True
7vma__A1_C5A758--7vma__A2_C5A758,0.9787799893229456,0.5,True
7d9m__A1_A0A4D6NYT7--7d9m__B2_A0A4D6NYT7,0.9032543881750231,0.5,True
2py8__C1_Q55670--2py8__B1_Q55670,0.845330591884575,0.5,True
7ytl__A1_E1BR24--7ytl__A2_E1BR24,0.8954391100646031,0.5,True
7vxt__A1_Q63W52--7vxt__B1_Q63W52,0.6586902380504597,0.5,True
5cv3__A1_E3M3V1--5cv3__A2_E3M3V1,0.7443227228347151,0.5,True
8c9v__A1_Q1JXV1--8c9v__A2_Q1JXV1,0.9891766226925564,0.5,True
3tsn__A1_Q9PN58--3tsn__B1_Q9PN58,0.9789702861113628,0.5,True
8j51__A1_A0A0E9MUN5--8j51__B1_A0A0E9MUN5,0.9220098607737262,0.5,True
6cz9__A1_Q7WTU0--6cz9__B1_Q7WTT9,0.9088046499762854,0.5,False
8pzo__A1_F9UT68--8pzo__A2_F9UT68,0.9071401443220662,0.5,True
3tqg__B1_Q83DG4--3tqg__A1_Q83DG4,0.9473070301055488,0.5,True
7czg__C1_Q8TDY2--7czg__A1_Q8TDY2,0.6767684842407035,0.5,True
7eev__B1_A0A3D9R4E8--7eev__A1_A0A3D9R4E8,0.8748381069725426,0.5,True
8ori__A1_Q2KB35--8ori__B1_Q2KB35,0.8762487590485022,0.5,True
7o6z__A1_A0A7R8L7W4--7o6z__B1_A0A7R8L7W4,0.9705063083359504,0.5,True
8pmr__A1_Q4WL81--8pmr__B1_Q4WL81,0.7241980686820552,0.5,True
7u34__A1_Q4X1J1--7u34__A2_Q4X1J1,0.9499409741159291,0.5,True
3fmy__A1_Q46864--3fmy__A2_Q46864,0.9551536113436069,0.5,True
7f0o__B1_A0A2I1C3W8--7f0o__A1_A0A2I1C3W8,0.9511113217490017,0.5,True
3ojm__B1_P21802--3ojm__A1_P05230,0.6232779864854083,0.5,False
6xgz__A1_P63386--6xgz__B1_P64602,0.9248018263510982,0.5,False
7x2y__A1_A0A076PYH9--7x2y__B1_A0A076PYH9,0.9813462784187128,0.5,True
5i4h__B1_P07711--5i4h__A1_P07711,0.2772884285909107,0.5,True
4e6h__A1_Q6CII8--4e6h__A2_Q6CII8,0.9426539572420586,0.5,True
6x7p__A1_Q8GGP1--6x7p__A2_Q8GGP1,0.9533317416472983,0.5,True
3exq__A1_Q03S37--3exq__A2_Q03S37,0.9128070455480315,0.5,True
2qvc__A1_Q9WXW9--2qvc__B2_Q9WXW9,0.9895006105332584,0.5,True
6yoa__A1_O82015--6yoa__B1_O82015,0.9394050343249428,0.5,True
7qnm__A1_G0L7V6--7qnm__B1_G0L7V6,0.9840132750247503,0.5,True
3p8v__A1_Q9V228--3p8v__B1_Q9V228,0.9671487882260661,0.5,True
4re1__A1_P28347--4re1__D1_P46937,0.3952350774279114,0.5,False
8iw5__A1_Q8C8U0--8iw5__B1_Q8C8U0,0.9106928074626679,0.5,True
7sq2__B1_Q01970--7sq2__A1_P21279,0.8020215279562166,0.5,False
4lqx__B1_Q97VD2--4lqx__A1_Q97VD2,0.9754106416533967,0.5,True
3owf__A1_P00644--3owf__A2_P00644,0.5536316280561169,0.5,True
2dpl__A1_O59072--2dpl__B1_O59072,0.9697657063859746,0.5,True
4ap5__A1_Q9Y2G5--4ap5__B1_Q9Y2G5,0.8539410840649833,0.5,True
8evy__A1_Q9LCT6--8evy__A2_Q9LCT6,0.996191751031655,0.5,True
5npo__A1_P62593--5npo__B1_D3INY1,0.7565431179446303,0.5,False
5uhs__A1_B0SR19--5uhs__B1_B0SR19,0.7982383009645918,0.5,True
4hsl__A1_Q1LCS4--4hsl__A2_Q1LCS4,0.9479038740611524,0.5,True
8b3s__A1_O31597--8b3s__B1_A0A164W157,0.9244611071586046,0.5,False
5euv__A1_D1LZK0--5euv__B1_D1LZK0,0.9201483693316521,0.5,True
7tmg__A1_A0A0H3GLR2--7tmg__B1_A0A0H3GLR2,0.9602431398442507,0.5,True
7tgn__B1_A0A1Q5L7T0--7tgn__A1_A0A1Q5L7T0,0.9812949323693554,0.5,True
4fz2__A1_C7DIA5--4fz2__B1_C7DIA5,0.9286945423211227,0.5,True
6j2l__A1_P37793--6j2l__B1_P37793,0.9122850426558061,0.5021834061135371,True
5grk__A1_Q89XR0--5grk__B1_Q89XR0,0.9635286144497084,0.5,True
3qxs__A1_O24872--3qxs__A2_O24872,0.9503424902605673,0.5,True
8q3y__A1_E8URK0--8q3y__B1_E8URK0,0.9896780127170306,0.5,True
1pyb__A1_O66738--1pyb__B1_O66738,0.8986468732435542,0.5,True
7yto__A1_Q9RHU9--7yto__B1_Q9RHU9,0.9608016577588758,0.5,True
5vae__A1_Q9AET9--5vae__B1_Q9AET7,0.8831804907389866,0.5,False
1zrs__A1_Q9HTZ1--1zrs__B1_Q9HTZ1,0.9667580083096042,0.5,True
2cg5__A1_Q9NRN7--2cg5__B1_P49327,0.8177543218708013,0.5,False
4yk8__B1_O36019--4yk8__A1_O13978,0.607964398218671,0.5,False
2iml__A1_O28442--2iml__C1_O28442,0.9097329061392547,0.5,True
6iru__A1_Q9RVF9--6iru__A2_Q9RVF9,0.9928066086067808,0.5,True
4x36__A1_P06653--4x36__A2_P06653,0.9862220473718093,0.5,True
8iev__A1_Q0PAW2--8iev__B1_Q0PAW2,0.9315979574804139,0.5,True
3cyg__A1_A7HM60--3cyg__B1_A7HM60,0.6459708561020037,0.5,True
5kvr__A1_P0ACL9--5kvr__A2_P0ACL9,0.9230547444317305,0.5,True
1na8__A1_Q9UJY5--1na8__B1_Q9UJY5,0.7069317090817134,0.5,True
5fis__A1_H9IUR0--5fis__B1_H9IUR0,0.8998629770716158,0.5,True
5yo8__A1_A0A094YZ24--5yo8__B1_A0A094YZ24,0.9872681036785974,0.5,True
7z6m__A1_A0A0H3LM39--7z6m__A2_A0A0H3LM39,0.9472529263508361,0.5,True
2yxd__A1_Q57836--2yxd__B1_Q57836,0.9069865358889828,0.5,True
1aua__A1_P24280--1aua__A2_P24280,0.9930497236184054,0.5,True
7zw3__A1_P27338--7zw3__B1_P27338,0.9094663299239029,0.5,True
5xjx__I1_C0LGW6--5xjx__A1_Q9SSD1,0.6200245462141479,0.5,False
7xub__A1_Q96KQ7--7xub__B1_Q96KQ7,0.6290329104125043,0.5,True
5xlu__A1_Q65KZ6--5xlu__B1_A9YTT0,0.3684286204915188,0.5,False
8smq__A1_Q182N1--8smq__B1_Q182N1,0.3893638443219295,0.5,True
8eni__A1_A0A0H3JRH8--8eni__A2_A0A0H3JRH8,0.9467056585633723,0.5,True
1q77__A1_O66565--1q77__B1_O66565,0.9464000691916372,0.5,True
6nbp__A1_A0A4P1LYI6--6nbp__A2_A0A4P1LYI6,0.9833669805232415,0.5,True
4wu2__A1_Q7WUJ1--4wu2__B1_Q7WUJ1,0.8396464203349043,0.5,True
2nvn__A1_Q31MH7--2nvn__A2_Q31MH7,0.8380595990112607,0.5,True
3zyh__A1_Q05097--3zyh__B1_Q05097,0.9528832426747547,0.5,True
8a21__A1_A0QJI1--8a21__A2_A0QJI1,0.9702871562861366,0.5,True
8ho2__A1_A0A191T7N6--8ho2__B1_A0A191T7N6,0.8186268109352006,0.5,True
2j8q__A1_O43809--2j8q__B1_O43809,0.832816067375511,0.5,True
1cx8__A1_P02786--1cx8__B1_P02786,0.9132514593729831,0.5,True
5zfk__A1_Q31LX1--5zfk__B1_Q31LX1,0.9062600275336665,0.5,True
2qti__A1_Q8EF26--2qti__A2_Q8EF26,0.8657021552225814,0.5,True
5djo__B1_Q9EQW7--5djo__A1_Q9EQW7,0.4096920555574406,0.5,True
1kve__B1_P19972--1kve__A1_P19972,0.3554106068987203,0.5,True
4kjq__A1_P37019--4kjq__B1_P37019,0.9315434127115497,0.5,True
8qyw__A1_Q9NVS9--8qyw__A2_Q9NVS9,0.7496924386584056,0.5,True
7t1e__A1_P78556--7t1e__B1_P78556,0.8338952550961649,0.5,True
2ev4__A1_P9WMU9--2ev4__B1_P9WMU9,0.9525213792018967,0.5,True
4m1j__A1_Q9I194--4m1j__B1_Q9I194,0.3441644936188494,0.5,True
8bj3__A1_A0A072U7F9--8bj3__B1_A0A072U7F9,0.9331531648167873,0.5,True
5fcl__A1_Q6D0X0--5fcl__B1_Q6D0X0,0.9392338785182222,0.5,True
2evr__A1_B2J9B4--2evr__A2_B2J9B4,0.7863444473965933,0.5,True
4ftw__A1_Q3J2V1--4ftw__A2_Q3J2V1,0.8488015446514496,0.5,True
2q6q__B1_P36094--2q6q__A1_P36094,0.9788533148115282,0.5,True
8hx8__A1_Q6L8Q5--8hx8__B1_Q6L8Q5,0.9480018249465498,0.5,True
7zgn__A1_U6RE59--7zgn__B1_U6RE59,0.9598437735886003,0.5,True
7fiw__A1_B3CP63--7fiw__B1_Q73HD5,0.7327239638895479,0.5,False
4xd9__A1_C8VMF9--4xd9__B1_Q5B6T5,0.8700460081924095,0.5,False
3dme__A1_Q7VU70--3dme__B1_Q7VU70,0.8361391065012171,0.5,True
8d0m__A1_P28907--8d0m__A2_P28907,0.543134775924067,0.5,True
2w6a__A1_Q9Z272--2w6a__B1_Q9Z272,0.9414707134166739,0.5,True
6oje__B1_Q5S007--6oje__A1_Q5S007,0.18744278712402496,0.5,True
7mu0__A1_P9WQK3--7mu0__B1_P9WQK3,0.2651671278557384,0.5,True
4az3__A1_P10619--4az3__B1_P10619,0.4025687639644608,0.5,True
7ug8__B1_Q0I6F8--7ug8__A1_Q0I6F8,0.8819157027608906,0.5,True
6mxv__B1_Q5NFU2--6mxv__A1_Q5NFU2,0.7180045974676176,0.5,True
8ug3__B1_P50053--8ug3__A1_P50053,0.9689201353481833,0.5,True
4atm__A1_P49418--4atm__A2_P49418,0.7703106232863943,0.5,True
7x6f__B1_P0AD45--7x6f__A1_P0AD45,0.9862885889152405,0.5,True
5n0s__B1_A0A2R2JFI5--5n0s__A1_A0A2R2JFI5,0.8809294495429111,0.5,True
6m9g__A1_Q5D6Y4--6m9g__B2_Q5D6Y4,0.9767560496480765,0.5,True
7zvz__A1_G1UBD5--7zvz__B1_G1UBD5,0.7680336365670494,0.5,True
3b5m__B1_Q7UTD8--3b5m__A1_Q7UTD8,0.8650723592529472,0.5,True
6v0a__B1_B3E641--6v0a__A1_B3E641,0.9578357754376446,0.5,True
3bpj__C1_O75822--3bpj__A1_O75822,0.908976304138305,0.5,True
7y51__A1_Q8RBF4--7y51__A2_Q8RBF4,0.5945232834185867,0.5,True
6zef__A1_P62136--6zef__C1_Q9C0D0,0.6472652712633471,0.5,False
6u11__A1_A0A1L8HDP6--6u11__A2_A0A1L8HDP6,0.910471337075077,0.5,True
8i5w__A1_Q8BZN6--8i5w__B1_P63000,0.816362021432659,0.5,False
3rv1__B1_A7TR32--3rv1__A1_A7TR32,0.8862174059497803,0.5,True
4k3z__A1_Q8YCV0--4k3z__A2_Q8YCV0,0.9441733352579141,0.5,True
5v5t__A1_Q830T5--5v5t__D1_Q830T5,0.8266490783339353,0.5,True
6fp5__B1_Q960Q9--6fp5__A1_Q960Q9,0.877378898126235,0.5,True
3isx__A1_Q9X0E0--3isx__A2_Q9X0E0,0.9131118034554275,0.5,True
2vkj__A1_Q9X1W9--2vkj__B1_Q9X1W9,0.9228013800337855,0.5,True
5csr__D1_Q9HLB6--5csr__A1_Q9HLB6,0.9878163325221392,0.5,True
1iq8__A1_O58843--1iq8__B1_O58843,0.7991386525943344,0.5,True
3tbm__A1_Q8XVB9--3tbm__B1_Q8XVB9,0.92021062419314,0.5,True
7tur__B1_P00503--7tur__A1_P00503,0.9440761727870118,0.5,True
3vol__A1_Q9I6V6--3vol__A2_Q9I6V6,0.7685567466963841,0.5,True
3jqz__A1_P02768--3jqz__B1_P02768,0.9195238356382777,0.5,True
1vkd__A1_Q9X0V2--1vkd__B1_Q9X0V2,0.9208686435753566,0.5,True
8b31__B1_A0A2W4LV58--8b31__A1_A0A2W4LV58,0.9563306847888728,0.5,True
7bzk__A1_Q9SJ89--7bzk__B1_Q6NPF9,0.6601096386183406,0.5,False
3cgh__A1_Q8A0N7--3cgh__A2_Q8A0N7,0.9327632899620194,0.5,True
5vlb__A1_G7IKX3--5vlb__B1_G7IKX3,0.7887329277362318,0.5,True
2oer__B1_Q9I3U1--2oer__A1_Q9I3U1,0.9911663465332619,0.5,True
2ylz__A1_Q47PU3--2ylz__A2_Q47PU3,0.6491889428435068,0.5,True
8bjp__B1_A0A1W6VSR4--8bjp__A1_A0A1W6VSR4,0.8954062307988373,0.5,True
6kcx__A1_Q9WZL1--6kcx__A2_Q9WZL1,0.9798401869944131,0.5,True
4q69__A1_Q8A5I0--4q69__B1_Q8A5I0,0.9590442021992054,0.5,True
7xmj__C1_A9QSE8--7xmj__A1_A9QSE8,0.947693092437834,0.5,True
1pix__A1_Q06700--1pix__B1_Q06700,0.9308137012764768,0.5,True
3l8i__B1_Q9BUL8--3l8i__A1_Q9BUL8,0.9079181338231591,0.5,True
6l2u__A1_Q27RN2--6l2u__B1_Q27RN2,0.19872998598320413,0.5,True
6sl2__A1_C4LWU6--6sl2__A2_C4LWU6,0.9036879569759,0.5,True
1u6z__B1_P0AFL6--1u6z__A1_P0AFL6,0.9572289776658924,0.5,True
3pm9__A1_Q6NAV4--3pm9__B1_Q6NAV4,0.8605723334361784,0.5,True
3a5y__B1_P0A8N7--3a5y__A1_P0A8N7,0.9462308141705426,0.5,True
6bn1__B1_Q9VCR6--6bn1__A1_Q8T0S6,0.5847458309525704,0.5,False
8ji6__A1_A0A861B387--8ji6__B1_A0A861B387,0.9834342212717717,0.5,True
2pjs__A1_A9CIG0--2pjs__B1_A9CIG0,0.8893738994660452,0.5,True
8ke8__A1_Q9HXS0--8ke8__B1_Q9HXS0,0.9211243201292676,0.5,True
3h7l__A1_Q87LX4--3h7l__A2_Q87LX4,0.9784289648199302,0.5,True
7zs8__A1_A0A1D3HIT0--7zs8__B1_A0A1D3HIT0,0.774284236467266,0.5,True
2vc4__A1_P02879--2vc4__A2_P02879,0.4029338232412454,0.5,True
1xe8__B1_Q03629--1xe8__A1_Q03629,0.9735925448277573,0.5,True
7tn6__A1_Q84Y01--7tn6__A2_Q84Y01,0.9264507461664842,0.5,True
7yo6__A1_G8GLP2--7yo6__A2_G8GLP2,0.9429080861670186,0.5,True
8k76__A1_Q8R6D8--8k76__B1_Q8R6D8,0.9864062151955342,0.5,True
1vgx__B1_Q9RRU8--1vgx__A1_Q9RRU8,0.8920964689777349,0.5,True
3cet__B1_Q6M145--3cet__A1_Q6M145,0.9436309313932683,0.5,True
4zlh__B1_P0AB60--4zlh__A1_P0AB60,0.7784260306520581,0.5,True
2y84__A1_Q7WT50--2y84__E1_Q7WT50,0.9325406950100328,0.5,True
4me9__A1_Q736B0--4me9__B1_Q736B0,0.9258298914167925,0.5,True
2z51__A1_Q93W20--2z51__A2_Q93W20,0.6722053137560025,0.5,True
8ajq__A1_Q9I0C0--8ajq__B1_Q9I0C0,0.8811778100098566,0.5,True
3gdm__A1_P03962--3gdm__B1_P03962,0.9873510302654229,0.5,True
7yfj__A2_Q15007--7yfj__B1_Q15007,0.8963641715990578,0.5,True
2rkl__F1_Q06263--2rkl__E1_Q06263,0.9939008869815875,0.5,True
8cwp__A1_Q06282--8cwp__A2_Q06282,0.9283835071075079,0.5,True
5j1l__B1_O26069--5j1l__A1_O26068,0.8273715772309786,0.5,False
6j26__A1_Q5JIZ3--6j26__B1_Q5JIZ3,0.9572830922835179,0.5,True
6jqv__A1_Q8LC68--6jqv__B1_Q8LC68,0.9662423956733162,0.5,True
2ns9__A1_Q9Y9R3--2ns9__B1_Q9Y9R3,0.8450406202699781,0.5,True
5l8s__A1_E1VFE0--5l8s__C1_E1VFE0,0.9845283403255471,0.5,True
6zrw__A1_B3VS76--6zrw__B1_B3VS76,0.8887232702438211,0.5,True
5fcn__B1_Q66GS9--5fcn__A1_Q66GS9,0.8996273487887378,0.5,True
7vl1__A1_I0AIT9--7vl1__B1_I0AIT9,0.972437533273968,0.5,True
2rek__B2_Q9ADD9--2rek__A1_Q9ADD9,0.9799016738387545,0.5,True
2zrt__A1_O75340--2zrt__B1_O75340,0.9167759560216432,0.5,True
2f1m__A1_P0AE06--2f1m__B1_P0AE06,0.7128589455466384,0.5,True
3t5t__B1_Q15JG1--3t5t__A1_Q15JG1,0.9413623667444929,0.5,True
4z9r__B1_Q8EGK4--4z9r__A1_Q8EGK4,0.9415413345167412,0.5,True
2oze__A1_Q57280--2oze__A2_Q57280,0.9625886175104819,0.5,True
1x6m__A1_Q51669--1x6m__D1_Q51669,0.8710334648050911,0.5,True
4pfc__A1_P14735--4pfc__B1_P14735,0.9357820748076668,0.5,True
6byi__A1_Q8PI23--6byi__B1_Q8PI23,0.8958820153302931,0.5,True
3aaa__A1_P13127--3aaa__B1_P14315,0.8904879008449839,0.5,False
1xgm__A1_P56218--1xgm__B1_P56218,0.9703218102045148,0.5,True
5mrv__A1_Q8IVL8--5mrv__C1_P86912,0.8793226598839742,0.5,False
1vhq__A1_P0ABU5--1vhq__B1_P0ABU5,0.9757497127231716,0.5,True
2pqv__B1_A0A0H2UMZ7--2pqv__A1_A0A0H2UMZ7,0.9394787308228731,0.5,True
8pq4__A1_P69782--8pq4__A2_P69782,0.9443556443556442,0.5,True
8a14__A1_A0A0D1E4Q7--8a14__C2_A0A0D1E4Q7,0.8060702915876462,0.5,True
1dtd__A1_P48052--1dtd__B1_P81511,0.7563489284213475,0.5,False
3c6n__B1_Q570C0--3c6n__A1_Q39255,0.9506297937430328,0.5,False
3ctz__A1_Q9NQW7--3ctz__A2_Q9NQW7,0.983105307190754,0.5,True
1wab__A1_Q29460--1wab__A2_Q29460,0.8843313822248506,0.5,True
1zl5__A1_Q00496--1zl5__B1_Q00496,0.7542179844861179,0.5,True
5dbj__A1_Q4KCZ0--5dbj__A2_Q4KCZ0,0.9570774322762929,0.5,True
7qsq__B1_Q9X053--7qsq__A1_Q9X053,0.49468727100545273,0.5,True
7duc__B1_Q2G2U4--7duc__A1_Q2G2U4,0.8308571696554512,0.5,True
2cdu__A1_Q9F1X5--2cdu__B1_Q9F1X5,0.9842348391286051,0.5,True
8g0f__A1_Q6NK15--8g0f__B1_Q6NK15,0.7078798571607525,0.5,True
8a45__B1_B7V7R4--8a45__A1_B7V7R4,0.8611474300598796,0.5,True
6no3__A1_B3FHP0--6no3__B1_B3FHP0,0.7926831166207876,0.5,True
3g7p__A1_B7JA91--3g7p__A2_B7JA91,0.8893068584531999,0.5,True
8khq__A1_A0A1I5R890--8khq__C1_A0A1I5R890,0.9473250994887964,0.5,True
7owz__B1_Q9JMA2--7owz__A1_B8ZXI1,0.8973646012473739,0.5,False
6dk7__D1_Q9HUV7--6dk7__A1_Q9HUV7,0.9669737548544968,0.5,True
5t3v__B1_Q9Y2C4--5t3v__A1_Q9Y2C4,0.8570690765837542,0.5,True
8f2l__A1_P9WJY9--8f2l__B1_P9WJY9,0.8983127017851152,0.5,True
8h1l__B1_A0A7U4E834--8h1l__A1_A0A7U4E834,0.8833683081111663,0.5,True
1nye__A1_P0C0L2--1nye__B1_P0C0L2,0.7793652252205239,0.5,True
2ou6__A1_Q9RVG4--2ou6__A2_Q9RVG4,0.9581704678362574,0.5,True
6hp3__A1_O31927--6hp3__B1_O31927,0.8741419868990006,0.5,True
8hs0__A1_Q9LIR4--8hs0__A2_Q9LIR4,0.9379513532749562,0.5,True
6gz1__A1_P10151--6gz1__A2_P10151,0.9221547331134425,0.5,True
8pbu__A1_P27708--8pbu__A2_P27708,0.9432564340285366,0.5,True
7p0h__A1_O26008--7p0h__C1_O26008,0.7154919538339227,0.5,True
5b3g__B1_Q9SZF7--5b3g__A1_Q9M384,0.7442648231267535,0.5,False
7vzy__B1_Q84G19--7vzy__A1_Q84G19,0.9528751080083264,0.5,True
2q3t__A1_Q9LUJ3--2q3t__A2_Q9LUJ3,0.9029187790651352,0.5,True
7pt0__A1_Q9KYU4--7pt0__B1_Q9KYU4,0.948651232016316,0.5,True
6m09__B1_Q8LDU1--6m09__A1_Q8LDU1,0.7990405360047228,0.5,True
7uxs__B1_J8G6Z1--7uxs__A1_J8G6Z1,0.9638715668999809,0.5,True
2q03__A1_Q12ML0--2q03__B1_Q12ML0,0.9046809583778254,0.5,True
6kcp__B1_Q9VAA9--6kcp__A1_Q9VAA9,0.28247201271954336,0.5,True
6sj4__B1_A0A022MQ12--6sj4__A1_A0A022MQ12,0.9163134324077442,0.5,True
5cyy__A1_P9WG63--5cyy__B1_P9WG63,0.6860425131068796,0.5,True
3tj3__A1_P52294--3tj3__B1_Q9UKX7,0.5700303104942002,0.5,False
3i32__A1_Q72GF3--3i32__A2_Q72GF3,0.9850053219661562,0.5,True
1jk9__B1_P40202--1jk9__A1_P00445,0.9310461469261723,0.5,False
4e4w__A1_P38920--4e4w__B1_P14242,0.8742939869677777,0.5,False
5yw5__A1_Q5NII9--5yw5__D1_Q5NII9,0.9397983611211198,0.5104166666666666,True
3ab8__A1_Q5SLE3--3ab8__B1_Q5SLE3,0.8417036003329393,0.5,True
3mxt__A1_Q9PIK2--3mxt__A2_Q9PIK2,0.9678632118221641,0.5,True
1wr8__B1_O50129--1wr8__A1_O50129,0.9875969093438719,0.5,True
7war__B1_A0A1B6PFV1--7war__A1_A0A1B6PFV1,0.9363110177987111,0.5,True
7fn1__B1_P32357--7fn1__A1_P33334,0.6378448391596963,0.5,False
7xl7__A1_A0A2J0R8J6--7xl7__B1_A0A2J0R8J6,0.715093720968359,0.5,True
8vc5__A1_Q9XCL6--8vc5__B1_Q9XCL6,0.9765285658669952,0.5,True
5jfz__A1_P20605--5jfz__B1_P0ADX5,0.8573266729409492,0.5,False
5g37__B1_P10565--5g37__A1_P06575,0.7902672176695609,0.5,False
2gjx__A1_P06865--2gjx__B1_P07686,0.9320935835000208,0.5,False
3aqb__B1_O66129--3aqb__A1_O66127,0.9191526213592233,0.5,False
8q1a__A1_Q16790--8q1a__C2_Q16790,0.7465293514626702,0.5,True
5ez1__B1_P56112--5ez1__A1_P56112,0.9262632686394543,0.5,True
3lwd__A1_Q1QTX1--3lwd__A2_Q1QTX1,0.9741229757033735,0.5,True
8dye__A1_P31040--8dye__B1_Q5VUM1,0.3708516663873059,0.5,False
2ch6__A1_Q9UJ70--2ch6__D1_Q9UJ70,0.9499796494418132,0.5,True
3gpn__A1_P15873--3gpn__A2_P15873,0.7583557184431315,0.5,True
7th0__A1_P31667--7th0__A2_P31667,0.8363174956913573,0.5,True
3k1i__D1_O25709--3k1i__A1_O25448,0.6095407593523171,0.5,False
1vbi__A1_Q53W84--1vbi__A2_Q53W84,0.9664206074412343,0.5,True
2oqb__A1_Q4AE70--2oqb__B1_Q4AE70,0.7379708207511211,0.5,True
6saz__B1_Q9UGM5--6saz__A1_P07584,0.5999644829949573,0.5,False
6l9x__A1_F6VRB7--6l9x__A2_F6VRB7,0.7316078286926728,0.5,True
3ica__B1_Q7MXR4--3ica__A1_Q7MXR4,0.9802917057732415,0.5,True
6o15__A1_P39353--6o15__B1_P39353,0.8976411131100015,0.5,True
2ohc__A1_Q9HIY5--2ohc__B1_Q9HIY5,0.9440187684563093,0.5,True
8qfo__A1_A0A840P3H4--8qfo__B1_A0A840P3H4,0.9339999530946569,0.5,True
5zmy__A1_F1LJ99--5zmy__B1_F1LJ99,0.9519957591038578,0.5,True
6tx3__B1_Q9NWY4--6tx3__A1_Q9UGN5,0.8806302232356563,0.5,False
4tx5__A1_Q9NR28--4tx5__B1_Q9NR28,0.9327404849072344,0.5,True
7wnk__B1_A0A1E5TT85--7wnk__A1_A0A1E5TT85,0.9886647619529216,0.5,True
2fn0__B1_Q9X9I8--2fn0__A1_Q9X9I8,0.9982163953167824,0.5,True
5x89__A1_Q8TGZ7--5x89__A2_Q8TGZ7,0.9478598792527102,0.5,True
2j0t__A1_P03956--2j0t__D1_P01033,0.34785862157815706,0.5,False
2i9i__A1_O25234--2i9i__A2_O25234,0.6892757598839816,0.5,True
3rtr__G1_Q13616--3rtr__H1_P62877,0.9334193337178668,0.5,False
7lq2__A1_A0A023X3Z4--7lq2__B1_A0A023X3Z4,0.8624269927622009,0.5,True
6aht__A1_A1BZ87--6aht__B1_A1BYM8,0.953729760529273,0.5,False
8czp__A1_A0A0D5ZBI4--8czp__B1_A0A0D5ZBI4,0.9348388040819078,0.5,True
4ro3__A1_M1RHE3--4ro3__B1_M1RHE3,0.7847244702185447,0.5,True
1c0n__A1_P77444--1c0n__A2_P77444,0.9262915717474068,0.5,True
7tq0__A1_P00459--7tq0__A2_P00459,0.9639256165326409,0.5,True
1o4w__A1_O29664--1o4w__A2_O29664,0.6561118246550307,0.5,True
4jzp__A1_P51572--4jzp__B1_P51572,0.9750832851364032,0.5,True
2or2__A1_P08954--2or2__B1_P08954,0.9842714403392177,0.5,True
5xdf__B1_Q5SL04--5xdf__A1_Q5SL04,0.9314227847326327,0.5,True
6kr4__A1_P10586--6kr4__E1_P60469,0.6563208085870791,0.5,False
1itv__A1_P14780--1itv__B1_P14780,0.9065807149578866,0.5,True
2qgi__A1_P05449--2qgi__B1_P05449,0.921935703196242,0.5,True
1a19__A1_P11540--1a19__B1_P11540,0.8036610342203794,0.5,True
8a9x__A1_P15752--8a9x__C1_P15752,0.8655893396024638,0.5,True
8e9e__B1_Q02293--8e9e__A1_Q04631,0.8179783890825201,0.5,False
2h4c__A1_Q7T2R1--2h4c__B1_Q7T3T5,0.7728565074867808,0.5,False
2bdt__A1_Q9K6P2--2bdt__A2_Q9K6P2,0.9520014952357333,0.5,True
5vbn__A1_P56282--5vbn__B1_Q07864,0.9123905295351882,0.5,False
8gt0__A1_Q8I6U4--8gt0__B1_P01040,0.5935933444010904,0.5,False
5lrr__A1_P22262--5lrr__B1_P22262,0.9724901392016341,0.5,True
4y7i__A1_Q96EF0--4y7i__B1_Q96EF0,0.9261210481197526,0.5,True
1who__A1_P43214--1who__A2_P43214,0.8452830564966259,0.5,True
4g10__A1_Q9WXJ9--4g10__A2_Q9WXJ9,0.9710212633768733,0.5,True
8q4k__A1_O51180--8q4k__B1_O51180,0.5136627133967984,0.5,True
7rzb__A1_A0A229LVN5--7rzb__A2_A0A229LVN5,0.9534493444576877,0.5,True
7toc__A1_A0A2H0ZMH9--7toc__B1_A0A2H0ZMH9,0.8737307300683405,0.5,True
7ula__B1_Q88ND0--7ula__A1_Q88NC7,0.9122590199225595,0.5,False
8bes__A1_A0A856TAI5--8bes__B1_A0A856TAI5,0.87923074639118,0.5,True
7wjt__B1_Q8BZB3--7wjt__A1_Q8BZB3,0.9002364301402497,0.5,True
6j9n__A1_X5EPV9--6j9n__B1_A0A425B395,0.684782591883343,0.5,False
1kll__A1_O05205--1kll__A2_O05205,0.9423990779901008,0.5,True
7xky__A1_Q58690--7xky__B1_Q58034,0.9268466744070896,0.5,False
4p04__A1_A0A0D6H805--4p04__B1_A0A0D6H805,0.8640588496911923,0.5,True
1txz__A1_Q04299--1txz__A2_Q04299,0.9412366600107109,0.5,True
4af5__A1_Q8NQ97--4af5__A2_Q8NQ97,0.8292968153520383,0.5,True
8af9__A1_Q2YPZ9--8af9__H1_Q2YPZ9,0.8878424151716261,0.5,True
8gm9__D1_P9WPD3--8gm9__A1_P9WPD3,0.9208789734852798,0.5,True
7wsx__A1_D9PYV4--7wsx__B1_D9PYV4,0.966586728662385,0.5,True
4g86__A1_Q79PF6--4g86__B1_Q79PF6,0.8737324469158905,0.5,True
3bq3__A1_Q12395--3bq3__A2_Q12395,0.7988800635896096,0.5,True
7eva__A1_P31490--7eva__A2_P31490,0.9415884258735558,0.5,True
8r7d__B1_G5EI71--8r7d__A1_Q8LJL3,0.5670602687129583,0.5,False
7pwy__A1_Q8TDX5--7pwy__B1_Q8TDX5,0.9803251346065143,0.5031161297189896,True
3ut4__A1_A3DJ21--3ut4__B1_A3DJ21,0.9290705856392938,0.5,True
3ucy__A1_P0DP23--3ucy__A2_P0DP23,0.7863787899265666,0.5,True
8eei__B1_A0A807MR40--8eei__A1_A0A807MR40,0.9954445648533052,0.5,True
8bp5__B1_A0A369SI82--8bp5__A1_A0A369SI82,0.6838143710593314,0.5,True
3l34__B1_Q9HT87--3l34__A1_Q9HT87,0.5066916047200436,0.5,True
8god__A1_Q9UM07--8god__A2_Q9UM07,0.9477685144925253,0.5,True
1h9g__A1_P0A8V6--1h9g__A2_P0A8V6,0.9781382671921044,0.5,True
7qg6__D1_Q9HAU5--7qg6__C1_Q9H1J1,0.5332393746402562,0.5,False
8sz3__B2_Q9NY97--8sz3__A1_Q9NY97,0.8580772225360576,0.5,True
5a10__A1_G1FNI6--5a10__A2_G1FNI6,0.9497098644176323,0.5,True
7qoc__A1_Q8NQV9--7qoc__B1_Q8NQV9,0.9769842254408498,0.5,True
8a90__B1_A0A7S9SWM2--8a90__A1_A0A7S9SWM2,0.9544243225370215,0.5,True
3iaa__A1_Q8KNE0--3iaa__B1_Q8KNE0,0.8396532631787117,0.5,True
3n50__B1_Q9H4W6--3n50__A1_Q9H4W6,0.8265288311209081,0.5,True
2qg3__A1_O28220--2qg3__A2_O28220,0.9291860091105084,0.5,True
7ysk__A1_Q6D6Z8--7ysk__B1_Q6D6Z8,0.9604073306652371,0.5,True
7spz__A1_A8B3G9--7spz__A2_A8B3G9,0.9778426660329436,0.5,True
4q2e__B1_Q9X1B7--4q2e__A1_Q9X1B7,0.8615751013397457,0.5,True
8cff__A1_Q7SIF4--8cff__B1_Q7SIF3,0.8955119005239501,0.5,False
8bxl__A1_A0A075TRK9--8bxl__D1_A0A075TRK9,0.9738977124406785,0.5,True
5d4v__C1_Q57913--5d4v__A1_Q57913,0.9344000371204823,0.5,True
2p23__A1_O95750--2p23__B1_O95750,0.4296834805350712,0.5,True
7u55__A1_A0A151EDA9--7u55__A2_A0A151EDA9,0.8438335143358031,0.5,True
1rkw__A1_P0A0N4--1rkw__C1_P0A0N4,0.9717869273340614,0.5,True
1ps6__A1_P19624--1ps6__B1_P19624,0.981110478349481,0.5,True
2y21__L1_O28769--2y21__K1_O28769,0.9828569284012041,0.5,True
2z5i__A1_P58772--2z5i__B1_P58772,0.8935498293016535,0.5,True
5l7u__B1_A6L2E5--5l7u__A1_A6L2E5,0.9248796900961777,0.5,True
3egq__A1_O28458--3egq__B1_O28458,0.9587772745846204,0.49982455524755254,True
7r3a__A1_Q6LYR8--7r3a__E1_Q6LYR8,0.9473687014574628,0.5,True
7yq0__A1_A0A101DF63--7yq0__B1_A0A101DF63,0.9549259054483151,0.5,True
3wsc__A1_Q25C86--3wsc__B1_Q25C86,0.5994518322006638,0.5,True
4pib__B1_Q2SVW5--4pib__A1_Q2SVW5,0.8998928595947256,0.5,True
7vmx__B1_P9WNN1--7vmx__A1_P9WNM1,0.8259980584836945,0.5,False
1ykd__A1_P94182--1ykd__B1_P94182,0.7890799968353575,0.5,True
4ux7__A1_Q183F3--4ux7__B1_Q183F3,0.7029000796851015,0.5,True
3k3d__A1_P9WLZ7--3k3d__A2_P9WLZ7,0.9841161544678532,0.5,True
7q1d__D2_P29808--7q1d__A1_P29808,0.8939201897129774,0.5,True
1sj5__A1_Q9WY07--1sj5__B1_Q9WY07,0.9863431706438776,0.5,True
4c12__A1_Q2FZP6--4c12__A2_Q2FZP6,0.9292594205626408,0.5,True
3k9m__A1_P07858--3k9m__B1_P01040,0.6635974649521644,0.5,False
1ccd__A1_P17559--1ccd__A2_P17559,0.8712671152551923,0.4998903869341225,True
8xiz__A1_T2B4K5--8xiz__B1_T2B4K5,0.9482795828179443,0.5,True
7wz6__A1_P15806--7wz6__B1_P10085,0.8431496011532948,0.5,False
2i00__A1_Q831Y9--2i00__B1_Q831Y9,0.9587656967004978,0.5,True
5ffi__A2_Q44501--5ffi__B1_Q44501,0.3574451327604147,0.5,True
3cnk__A1_P21333--3cnk__B1_P21333,0.817265185891273,0.5,True
8gt9__A1_A8MW95--8gt9__B1_A8MW95,0.9682861749310798,0.5,True
4l2w__B1_Q13464--4l2w__A1_Q13464,0.9766443458446641,0.5,True
3d0j__A1_Q97DI0--3d0j__A2_Q97DI0,0.8499545695709483,0.5,True
4ct0__A1_P97784--4ct0__B1_O54943,0.6052224831959254,0.5,False
3av0__A1_Q58719--3av0__B1_Q58718,0.9520715814248443,0.5,False
8bln__A1_C9QZ65--8bln__H1_C9QZ65,0.9471968472573948,0.5,True
2riq__A1_P09874--2riq__A2_P09874,0.3773260721740891,0.5,True
8hd5__A1_Q99U17--8hd5__B1_Q99U17,0.8703484738097229,0.5,True
6xrb__A1_A0A0H3NHS6--6xrb__B1_A0A0H3NHS6,0.9689742294087923,0.5,True
8a1g__A1_Q13596--8a1g__C1_Q9Y5X3,0.9752882961300559,0.5,False
8tn3__A1_Q643B9--8tn3__B1_Q643B9,0.9407362081786634,0.5,True
5ghs__A1_Q5JGL0--5ghs__C1_Q5JF31,0.930983190030353,0.5,False
5umw__A1_A0A125SA26--5umw__F1_A0A125SA26,0.9451279642864209,0.5,True
7zcv__B1_A0A0E7KI02--7zcv__A1_A0A0E7KI02,0.8850734749566257,0.5,True
6scq__A1_Q8NNN6--6scq__A2_Q8NNN6,0.9791063589863788,0.5,True
4ml9__A1_D1AMR0--4ml9__B1_D1AMR0,0.9384875364854637,0.5,True
7yfu__A1_Q8CG73--7yfu__B1_Q8CG73,0.9753008461468881,0.5,True
3ix1__A1_Q9K9G5--3ix1__B1_Q9K9G5,0.9045754150281686,0.5,True
7khs__A1_Q2CEE3--7khs__B1_Q2CEE3,0.9610221920580042,0.5,True
8k5l__A1_A0A829KK40--8k5l__B1_A0A829KK40,0.9591524437486136,0.5,True
2g0t__B1_Q9WZQ3--2g0t__A1_Q9WZQ3,0.9776613983295894,0.5,True
3lr3__A1_Q63T74--3lr3__A2_Q63T74,0.9594114923451909,0.5,True
4pxq__A1_F1QR43--4pxq__B1_F1QR43,0.9527639127693609,0.5,True
4z5y__A1_Q88QV5--4z5y__A2_Q88QV5,0.972386943038436,0.5,True
7zhf__A1_A0A0U2WWJ1--7zhf__A2_A0A0U2WWJ1,0.9683085868476309,0.504186151998573,True
6h86__A1_B5KM66--6h86__B1_B5KM66,0.7623614405614819,0.5,True
5un7__A1_Q9NUX5--5un7__B1_Q96AP0,0.5158092333172133,0.5,False
8juk__A1_V5VGC6--8juk__B1_V5VGC6,0.9762518965540078,0.5,True
8snp__A1_O09118--8snp__A2_O09118,0.8731094484396691,0.5,True
6wjc__A1_P11229--6wjc__B1_Q8QGR0,0.6988573839662446,0.5,False
8ard__A1_Q64331--8ard__A2_Q64331,0.5087318472341346,0.5,True
3mqi__A1_Q9UH73--3mqi__B1_Q9UH73,0.5544111356771346,0.5,True
3q01__A1_P04637--3q01__B1_P04637,0.8496164928316239,0.5,True
7ylq__A1_Q93CA6--7ylq__B1_Q93CA6,0.8783713523346836,0.5,True
2yvo__A1_Q5SJY9--2yvo__A2_Q5SJY9,0.8789078754196131,0.5,True
5vpa__B1_P17535--5vpa__A1_P53539,0.9569665905693648,0.5,False
3v78__B1_P95092--3v78__A1_P95092,0.9478129416967513,0.5,True
7pzh__A1_A0A174J845--7pzh__B1_A0A174J845,0.8606353077307185,0.5,True
3m0f__A1_Q4KDJ6--3m0f__B1_Q4KDJ6,0.8956807254417951,0.5,True
1y4h__A1_P0C1S6--1y4h__C1_Q9EYW6,0.9158770158726931,0.5,False
2o4c__A1_Q9I3W9--2o4c__B1_Q9I3W9,0.9626790849993876,0.5,True
1ynh__A1_P76216--1ynh__D1_P76216,0.9805230690906006,0.5,True
8ohx__A1_U4Q148--8ohx__B1_U4Q148,0.8839539898237776,0.5,True
3a6m__A1_Q56236--3a6m__B1_Q56236,0.9405295693459038,0.5,True
4bvp__A1_Q5ZUA2--4bvp__B1_Q5ZUA2,0.9360034516258329,0.5,True
7oc6__A1_A0A2U8U2L5--7oc6__A2_A0A2U8U2L5,0.938348397921628,0.5,True
6qpq__A1_G0SGH3--6qpq__B1_Q12158,0.8997368101661688,0.5,False
3ct6__A1_Q9CIV6--3ct6__B1_Q9CIV6,0.929562782290909,0.5,True
1qae__A1_P13717--1qae__B1_P13717,0.8917084854014599,0.5,True
3q5w__B1_P38937--3q5w__A1_P38937,0.8585012109679276,0.5,True
8gol__B1_G9I933--8gol__A1_G9I933,0.788793083949914,0.5,True
7epj__A1_P62554--7epj__A2_P62554,0.9029419029740143,0.5,True
1ag9__A1_P61949--1ag9__B1_P61949,0.9838176296792308,0.5,True
3gwh__B1_O31691--3gwh__A1_O31691,0.5483739985065279,0.5,True
5gw1__A1_P57768--5gw1__B1_P57768,0.8306547027877477,0.5,True
3l2o__B1_Q9UKT5--3l2o__A1_P63208,0.900019358526048,0.5,False
3wrf__A1_E8MGH8--3wrf__A2_E8MGH8,0.9811611466172763,0.5,True
7yyl__A1_Q3AET9--7yyl__B1_Q3AET9,0.915789134636628,0.5,True
8syb__B1_Q72KY0--8syb__A1_Q72KY0,0.9660405344597192,0.5,True
8qc3__A1_A0A1C9WRL0--8qc3__B1_A0A1C9WRL0,0.9156280863680729,0.5,True
3wtf__B1_Q9BUH6--3wtf__A1_Q9BUH6,0.8899138698959939,0.5,True
2x0e__B1_Q7BG50--2x0e__A1_Q7BG50,0.8545678647943975,0.5,True
5hwt__A1_A5W4E3--5hwt__B1_A5W4E3,0.8904303394924483,0.5,True
1ojh__A1_Q8YNP7--1ojh__B1_Q8YNP7,0.8197012048192771,0.5,True
3eyy__A1_Q9K4F8--3eyy__B1_Q9K4F8,0.9672647287997247,0.5,True
8bwv__D2_A0A482M8M0--8bwv__A1_A0A482M8M0,0.8446865288269896,0.5,True
7cm9__A1_A0A7V8UZ53--7cm9__B1_A0A7V8UZ53,0.941791091030778,0.5,True
4nc8__A1_P12464--4nc8__A2_P12464,0.21361930505273524,0.5,True
1zhh__A1_P54300--1zhh__B1_P54302,0.7487188802400264,0.5,False
8c0u__A1_Q9I5Q5--8c0u__B1_Q9I5Q5,0.927885639821109,0.5,True
2fbq__A1_Q9HZJ9--2fbq__A2_Q9HZJ9,0.9366823412634933,0.5,True
7fch__A1_O95256--7fch__C2_O95256,0.867954856519355,0.5,True
8c7t__B1_A0A1B4XP18--8c7t__A1_A0A1B4XP18,0.9239988916335973,0.5,True
4iwn__A1_P76290--4iwn__B1_P76290,0.9608717901184505,0.5,True
7saf__B1_Q6TLP8--7saf__A1_Q6TLP8,0.8732626106270479,0.5,True
7zj1__B1_P55265--7zj1__A1_P55265,0.6266374708468717,0.5,True
4g9k__A1_P32340--4g9k__B1_P32340,0.8841940898935284,0.5,True
8b35__A1_Q96562--8b35__B1_Q96562,0.9349856381578387,0.5,True
2rdz__A1_P0ABK9--2rdz__B1_P0ABK9,0.8356044802810649,0.5,True
6bzf__B1_P53061--6bzf__A1_P17122,0.5789255332363801,0.5,False
5ydd__B1_P9WME7--5ydd__A1_P9WME7,0.9263831846405177,0.5,True
4czd__B1_B8J3A4--4czd__A1_B8J364,0.879358549719346,0.5,False
3ft7__B1_Q54323--3ft7__A1_Q54323,0.8056503343796916,0.5,True
4pz1__A1_Q99XU0--4pz1__A2_Q99XU0,0.8136402206194315,0.5,True
2w1t__A1_P37554--2w1t__B1_P37554,0.9716378730077043,0.5,True
7qz5__A1_A2RI36--7qz5__B1_A2RI36,0.848857288962316,0.5,True
5h31__A1_Q14790--5h31__B1_Q14790,0.25681974500740756,0.5,True
8p33__A1_O51254--8p33__A2_O51254,0.7733709411076028,0.5,True
8oru__A1_O93732--8oru__B1_O93732,0.9740500566867983,0.5,True
1u7i__A1_Q9I3Y6--1u7i__B1_Q9I3Y6,0.9292692695362136,0.5,True
8slg__B1_G7CIG9--8slg__A1_G7CIG9,0.8722158935266457,0.5,True
3l2e__B1_Q6AW42--3l2e__A1_Q6AW43,0.9378837899989975,0.5,False
3b0a__A1_P0CG48--3b0a__B1_Q9WUB0,0.7638711232858774,0.5,False
6etz__A1_A0A023UGN9--6etz__A2_A0A023UGN9,0.8920760138176361,0.5,True
7sfz__B1_Q9NYP9--7sfz__A1_Q9NYP9,0.6293319422241406,0.5,True
7wwf__A1_A0R6Y0--7wwf__B1_A0R6Y0,0.9483709352085666,0.5,True
8vdw__B1_T0TAB9--8vdw__A1_T0TAB9,0.9386041894852135,0.5,True
8ri0__A1_E4THH1--8ri0__B1_E4THH1,0.9083283420219946,0.5,True
5z2i__B1_Q54LT0--5z2i__A1_Q54LT0,0.8261073214035415,0.5,True
4miv__A1_P51688--4miv__B1_P51688,0.9567638775761115,0.5,True
3vh1__A1_P38862--3vh1__A2_P38862,0.9599703820019735,0.5,True
7z98__A1_E6V140--7z98__A2_E6V140,0.9640228501978477,0.5,True
2ond__A1_Q99LI7--2ond__B1_Q99LI7,0.8330484769785474,0.5,True
7vt9__A1_P21517--7vt9__B1_P21517,0.9483456577609597,0.5,True
1gju__A1_O33838--1gju__A2_O33838,0.9514657459127589,0.5,True
6hta__A1_A0A3F2YM29--6hta__B1_A0A3F2YM29,0.904607710567006,0.5,True
3h7h__A1_P63272--3h7h__B1_O00267,0.8405561377227893,0.5,False
4z39__A1_A0A0S2E5N6--4z39__B1_A0A0S2E5N6,0.7678162098846182,0.5,True
5ca9__A1_Q9C0L9--5ca9__A2_Q9C0L9,0.8766957160777967,0.5,True
2zvx__A1_P00974--2zvx__B1_P00974,0.8126663042545277,0.5,True
6x0a__A1_F7Y4W0--6x0a__S1_F7YBW8,0.6767747358082521,0.5,False
7spq__A1_C5AMM8--7spq__A2_C5AMM8,0.9786222828075601,0.5,True
7spn__A1_A0A7C2VFT1--7spn__B1_A0A7C2VFT1,0.9878262842999406,0.5,True
1tv8__A1_P65388--1tv8__B1_P65388,0.7428172735894482,0.5,True
3mkr__B1_Q27954--3mkr__A1_Q28104,0.9370175154595484,0.5,False
1dqn__A1_Q24973--1dqn__B1_Q24973,0.9792022215196722,0.512377747285226,True
7xoi__A1_A0A5N6DPG0--7xoi__B1_A0A5N6EXS6,0.3715465799063479,0.5,False
8h62__A1_P0DJM0--8h62__B1_P12830,0.6579444951135173,0.5,False
2qh0__A1_Q97H22--2qh0__A2_Q97H22,0.9019053472649048,0.5,True
5ubb__A1_Q5VVY1--5ubb__A2_Q5VVY1,0.8346671272886477,0.5,True
5kvs__B1_O54512--5kvs__A1_O54512,0.949497382389536,0.5,True
3frs__A1_P53990--3frs__A2_P53990,0.3966651521711405,0.5,True
3obv__A1_O08808--3obv__C1_O08808,0.8405400867712192,0.5,True
4wkz__A1_A0AEF5--4wkz__B1_W5IDC3,0.8145462079342181,0.5,False
3kt0__A1_Q12109--3kt0__A2_Q12109,0.986296793235824,0.5,True
5i90__A1_G3XCY5--5i90__B1_G3XCY5,0.8687107121743267,0.5,True
3bat__B1_P24733--3bat__A1_P24733,0.9310382201373584,0.5,True
2ps1__A1_P13298--2ps1__B1_P13298,0.9648570066407944,0.5,True
1fcd__A1_Q06530--1fcd__B1_Q06529,0.9230006081195099,0.5,False
8hy8__A1_A0A085BE66--8hy8__A2_A0A085BE66,0.9027874250065634,0.5,True
8har__A1_Q2L6E4--8har__B1_Q2L6E4,0.9431640766095962,0.5,True
4je4__A1_Q06124--4je4__B1_P02751,0.6848855037233473,0.5,False
2a6c__A1_Q82UW4--2a6c__A2_Q82UW4,0.7782219379597058,0.5,True
5k9l__B1_A8MW95--5k9l__A1_A8MW95,0.9674567893586725,0.5,True
5mzg__A1_P53368--5mzg__B1_P53368,0.8878667380913137,0.5,True
7ucc__B1_P17535--7ucc__A1_P53539,0.9490143435106038,0.5,False
8d0x__A1_Q9Y231--8d0x__A2_Q9Y231,0.7598636453717267,0.5,True
6ano__B1_Q9UKL3--6ano__A1_Q9UKL3,0.789695969316594,0.5,True
6et2__A1_Q9I4X1--6et2__B1_Q9I4X2,0.9560299846415168,0.5,False
6d0a__A1_Q8N5Z0--6d0a__A2_Q8N5Z0,0.9628641460957164,0.5,True
2xga__B1_P35530--2xga__A1_P35530,0.967910927196115,0.5,True
2i3o__A1_Q9HJH4--2i3o__B1_Q9HJH4,0.9849741915211985,0.5,True
1ijx__A1_P97401--1ijx__C1_P97401,0.7852711817248558,0.5,True
6h2u__A1_Q9NRN9--6h2u__B1_Q9UI30,0.8680280116497882,0.5,False
8h2v__A1_Q93HT8--8h2v__B1_Q93HT8,0.9658721366263949,0.5,True
1wat__B1_P02941--1wat__A1_P02941,0.8759863515115793,0.5,True
2nyh__A1_Q13JM0--2nyh__B1_Q13JM0,0.8665134537710715,0.5,True
7yuj__B1_Q9BYM8--7yuj__A1_Q9BYM8,0.5860737767439506,0.5,True
8c5k__A1_P87252--8c5k__A2_P87252,0.7807620354060946,0.5,True
2spc__A1_P13395--2spc__B1_P13395,0.2582243286513539,0.5,True
6q2e__A1_A5UMY5--6q2e__B1_A5UMY5,0.8929409034897285,0.5,True
4p8i__A1_P40746--4p8i__B1_P40746,0.8783909887359199,0.5,True
8a82__A1_K7WEY7--8a82__B1_K7XCU4,0.9604671856549523,0.5,False
3a4l__B1_Q58933--3a4l__A1_Q58933,0.9583624969479938,0.5,True
1z52__A1_P09167--1z52__B1_P09167,0.8194275947341625,0.5,True
6c0g__A1_A0A3F2YLX1--6c0g__B2_A0A3F2YLX1,0.7982322925154142,0.5,True
1k3r__B1_O26109--1k3r__A1_O26109,0.9509014569650863,0.5243762970955604,True
7fga__A1_Q8DIJ4--7fga__B2_Q8DIJ4,0.95903757426245,0.5,True
5akq__A1_O52063--5akq__B1_O52063,0.9786994497897257,0.5,True
7y86__B1_A0A0K2E3A3--7y86__A1_A0A0K2E3A3,0.9362398252228762,0.5,True
8d1u__A1_P0A6R0--8d1u__A2_P0A6R0,0.9725756205610246,0.5,True
1vqw__A1_Q9HFE4--1vqw__B1_Q9HFE4,0.9380355588807074,0.5,True
7uld__A1_O28028--7uld__A2_O28028,0.9419684487880446,0.5,True
4c0f__B1_Q9NZN8--4c0f__A1_Q9NZN8,0.34785830794132966,0.5,True
8b21__A1_Q9S5X0--8b21__B1_Q9S5X0,0.9692825167085812,0.5,True
3swk__A1_P08670--3swk__B1_P08670,0.9561458955603289,0.5,True
8txn__B1_P08120--8txn__A1_P08120,0.31367242314713084,0.5,True
8dak__A1_F2X702--8dak__B1_F2X702,0.9721089474072805,0.5,True
2rde__B1_A0A0H3ADR8--2rde__A1_A0A0H3ADR8,0.8243370963464798,0.5,True
2pih__A1_O31779--2pih__B1_O31779,0.8966467921612779,0.5,True
7ykv__B1_Q58241--7ykv__A1_Q58241,0.9706121598383705,0.5,True
7y4g__A1_Q8A028--7y4g__A2_Q8A028,0.9737683530435973,0.5,True
8cci__A1_A0R7I9--8cci__A2_A0R7I9,0.9739547245819922,0.5,True
6p35__A1_P75913--6p35__A2_P75913,0.9769152488307178,0.5,True
6p3j__A1_Q0KJL4--6p3j__B1_Q0KJL4,0.9580241436456116,0.5,True
4o6p__A1_Q8RDI4--4o6p__B1_Q8RDI4,0.84782859749409,0.5,True
8ozv__A1_A0A179UH34--8ozv__A2_A0A179UH34,0.9310955228971847,0.5,True
2cim__A1_Q46AN5--2cim__B1_Q46AN5,0.9491777376838586,0.5,True
6tpo__A1_P24474--6tpo__A2_P24474,0.8817726134293785,0.5,True
7wwo__B1_Q5SH57--7wwo__A1_Q5SH57,0.542279400430378,0.5,True
4pmv__A1_Q8PEU1--4pmv__B1_Q8PEU1,0.9482510253158651,0.5,True
6rmr__B1_P19926--6rmr__A1_P19926,0.9740224067860531,0.5,True
6hhb__A1_E0SCP7--6hhb__C1_E0SCP7,0.8835267752813116,0.5,True
7e5c__A1_A0A1I7CHQ2--7e5c__B1_A0A1I7CHQ2,0.9846421905831519,0.5,True
2wfh__A1_O94813--2wfh__B1_O94813,0.7948914249048994,0.5,True
3zco__A1_P06701--3zco__A2_P06701,0.7293913054439115,0.5,True
2ghy__A1_P03051--2ghy__B1_P03051,0.9155755713075971,0.5,True
3htr__A1_Q6N0K4--3htr__B1_Q6N0K4,0.8606184353440168,0.5,True
8aeu__A1_Q00987--8aeu__A2_Q00987,0.19935997484123175,0.5,True
1xuv__A1_Q8PZJ2--1xuv__C1_Q8PZJ2,0.5269568123490577,0.5,True
2o8p__A1_Q5CYG0--2o8p__A2_Q5CYG0,0.9115099222357645,0.5,True
4zmu__A1_Q9I072--4zmu__B1_Q9I072,0.9542708894102787,0.5,True
3dl3__G2_Q5E3X2--3dl3__C1_Q5E3X2,0.8370713987543161,0.5,True
7yvz__A1_A7LPG5--7yvz__A2_A7LPG5,0.8294077922913723,0.5,True
4ia6__A1_Q5FL96--4ia6__B1_Q5FL96,0.9886810230495457,0.5,True
8bou__A1_A0A7G5MNS2--8bou__B1_A0A7G5MNS2,0.9841022393385196,0.5,True
5gk1__A1_Q7N4Z6--5gk1__B1_Q7N4Z6,0.9491717612037875,0.5,True
5x03__B1_P94426--5x03__A1_P94426,0.9447928486057945,0.5,True
3gku__A1_D0VX24--3gku__B1_D0VX24,0.9562170237331978,0.5,True
1c81__A1_P07953--1c81__A2_P07953,0.5745648832250706,0.5,True
1k3e__B1_P58233--1k3e__A1_P58233,0.972998624390664,0.5,True
6u18__A1_Q9EVJ6--6u18__B1_Q9EVJ6,0.9562871026355818,0.5,True
7wpy__A1_A0A097ZPD5--7wpy__C1_A0A097ZPD5,0.9461599687116184,0.5,True
7xn2__A1_Q8YR38--7xn2__A2_Q8YR38,0.9640100654162104,0.5,True
3uws__B1_A7A9N3--3uws__A1_A7A9N3,0.34065488287402,0.5,True
4u04__B1_Q9BVA6--4u04__A1_Q9BVA6,0.8660820777095855,0.5,True
2kin__A1_P56536--2kin__B1_Q6QLM7,0.29454033330206797,0.5,False
3ulc__A1_Q08236--3ulc__A2_Q08236,0.669115142578622,0.5,True
8b2a__A1_Q2YWJ9--8b2a__A2_Q2YWJ9,0.9865441280443172,0.5,True
8qff__A1_K9TLZ5--8qff__A2_K9TLZ5,0.9266662278204394,0.5,True
8c8c__A1_P48426--8c8c__A2_P48426,0.8886379665090647,0.5,True
8iup__B1_A9A1Y1--8iup__A1_A9A1Y1,0.9751044203035444,0.5,True
3o7o__A1_Q9S5X8--3o7o__B1_Q9S5X8,0.8516954882134647,0.5,True
4bg8__A1_Q8TX37--4bg8__B1_Q8TX37,0.959998952379465,0.5,True
7qxo__A1_G8UIQ1--7qxo__B1_G8UIQ1,0.9183743678148278,0.5,True
4xiz__A1_Q05776--4xiz__D1_O60200,0.882176116550072,0.5,False
7pwe__A1_Q6AL91--7pwe__B1_Q6AL91,0.8716682483292586,0.5,True
6uxu__A1_E2JB04--6uxu__B1_E2JB04,0.8303056090709595,0.5,True
3bid__A1_Q7DDI1--3bid__B1_Q7DDI1,0.7262038052800428,0.5,True
4f7w__A1_B5XYG3--4f7w__B1_B5XYG3,0.9123382645286219,0.5,True
2rae__A1_Q0S3N9--2rae__A2_Q0S3N9,0.9027761530042713,0.5,True
7yn1__A1_E9JES9--7yn1__C1_E9JES9,0.7036449918016632,0.5,True
3t7y__A1_O84093--3t7y__B1_O84093,0.9254507612885903,0.5,True
7u6p__A1_P11926--7u6p__B1_P11926,0.7357695286099784,0.5,True
4mis__A1_Q57ES7--4mis__B1_Q57ES7,0.8806096917108556,0.5,True
2blf__A1_Q9LA16--2blf__B1_Q9LA15,0.8924986730433028,0.5,False
3ke3__A1_Q4FVA8--3ke3__A2_Q4FVA8,0.9776759751424963,0.5,True
7ywc__A1_Q9L0T8--7ywc__B1_Q9L0T8,0.9876568005569065,0.5,True
4wwr__B1_P46379--4wwr__A1_P11441,0.7455165811539659,0.5,False
7r0d__B1_Q9NV35--7r0d__A1_Q9NV35,0.9631282945253808,0.5,True
8w6x__A1_P21852--8w6x__B1_P21853,0.8984131829185873,0.5,False
3fmf__A1_P9WPQ5--3fmf__B1_P9WPQ5,0.8073361651426454,0.5,True
2xrm__A1_D0AB41--2xrm__A2_D0AB41,0.963717113217419,0.5,True
4xj7__A1_P66881--4xj7__B1_P66881,0.9384689220345365,0.5,True
7yrt__E1_H9L4P6--7yrt__A1_H9L4P6,0.9064507637198493,0.5,True
7tye__A1_P0A7J0--7tye__A2_P0A7J0,0.9241338303033457,0.5,True
2zvd__B1_Q9RBY1--2zvd__A1_Q9RBY1,0.9949682037672075,0.5,True
3mtw__A1_Q9A4Z9--3mtw__A2_Q9A4Z9,0.973821053187637,0.5,True
3n2o__A1_Q7MK24--3n2o__B1_Q7MK24,0.7822123692058848,0.5,True
7ywd__A1_Q8TB36--7ywd__A2_Q8TB36,0.7040218685579639,0.5,True
5upq__A1_A0A0A0V031--5upq__B1_A0A0A0V031,0.9455848728972244,0.5,True
1vgu__A1_Q46893--1vgu__B1_Q46893,0.922072526794109,0.5,True
7pxo__A1_F4F7G1--7pxo__C1_F4F7G1,0.9736020536840209,0.5,True
2dp9__A1_Q5SM30--2dp9__A2_Q5SM30,0.5830474445440723,0.5,True
8a7l__A1_M1JS91--8a7l__A2_M1JS91,0.9413260487713618,0.5,True
7uqv__A1_A0A0L6JSP1--7uqv__B1_A0A0L6JSP1,0.8794073532035109,0.5,True
5d1r__A1_P9WMC9--5d1r__B1_P9WMC9,0.9156508769526546,0.5,True
3f6q__A1_Q13418--3f6q__B1_P48059,0.9085243707046674,0.5,False
8cok__B1_Q9NXR8--8cok__A1_Q9NXR8,0.7637679769878227,0.5,True
1wz3__A1_Q9LVK3--1wz3__B1_Q9LVK3,0.3087405459138505,0.5,True
1nw1__A1_Q22942--1nw1__B1_Q22942,0.9109200673410468,0.5,True
1hrp__B1_P0DN86--1hrp__A1_P01215,0.787064950781765,0.5,False
3qf4__B1_Q9WYC4--3qf4__A1_Q9WYC3,0.937707577532373,0.5,False
7y4o__B1_A0A0G2JZC4--7y4o__A1_A0A0G2JZC4,0.6258277219907907,0.5,True
8hns__A1_A0A377JKY9--8hns__A2_A0A377JKY9,0.26780853850535324,0.5,True
3mpn__A1_O67854--3mpn__A2_O67854,0.9627747021701012,0.5,True
6vlg__A2_Q9WTS2--6vlg__C1_Q9WTS2,0.9220301495794392,0.5,True
1v71__A1_O59791--1v71__A2_O59791,0.9857347467435496,0.5,True
3fpk__A1_Q8ZKP5--3fpk__B1_Q8ZKP5,0.924414807931524,0.5,True
8eb3__A1_K2K6A3--8eb3__B1_K2K6A3,0.9512809853733641,0.5,True
4z1i__C1_Q12931--4z1i__A1_Q12931,0.9023576858771538,0.5,True
8pz3__A1_D7SFB8--8pz3__B1_D7SFB8,0.23547366497402425,0.5,True
5vpb__B1_P17535--5vpb__A1_P53539,0.955378860697338,0.5,False
8bt3__A1_Q6F0T5--8bt3__A2_Q6F0T5,0.8956909968353624,0.5,True
1r7h__A1_O69271--1r7h__B1_O69271,0.4441173442624558,0.5,True
4oag__A1_Q8BGV8--4oag__B1_Q8BGV8,0.7536610592665209,0.5,True
5bo9__A1_O43173--5bo9__B1_O43173,0.9407534049318579,0.5,True
7kws__A1_Q0P8H3--7kws__B1_Q0P8H3,0.9844364849923791,0.5,True
4qa0__A1_Q9BY41--4qa0__B1_Q9BY41,0.9577667670767527,0.5,True
6epi__B1_D5K9G7--6epi__A1_D5K9E3,0.8794782411148948,0.5,False
6z2f__B1_Q16222--6z2f__A1_Q16222,0.6932911530222903,0.5,True
7qgs__B1_Q09472--7qgs__A1_Q16665,0.32864311167054183,0.5,False
7tz7__A1_P42336--7tz7__B1_P27986,0.8336356088311672,0.5,False
2zl1__A1_Q9UHA4--2zl1__B1_Q9JHS3,0.9472614314701648,0.5,False
4ija__A1_A0A0H3JS71--4ija__B1_A0A0H3JS71,0.9709311833033922,0.5,True
3ijt__B1_Q8DVN6--3ijt__A1_Q8DVN6,0.7845597235222118,0.5,True
7qgt__A1_P35520--7qgt__B1_P35520,0.8941713066529646,0.5,True
8i4q__A1_Q8NQI2--8i4q__B1_Q8NQI2,0.9594696461489064,0.5,True
5lxv__A1_G9FCX2--5lxv__B1_A0A1L1QK37,0.896997547525101,0.5,False
8h25__A1_A0A5R8LFD3--8h25__C1_A0A5R8LFD3,0.961841803073573,0.5,True
6kjl__A1_Q9RC94--6kjl__B1_Q9RC94,0.8784268489699861,0.5,True
5f3o__A1_C4LU64--5f3o__B1_C4LU64,0.8039159392564761,0.5,True
8arv__A1_Q9HW35--8arv__B1_Q9HW35,0.7968139666236039,0.5,True
2i1a__B1_P40087--2i1a__A1_P40087,0.8758779295981489,0.5,True
2y9x__A1_C7FF04--2y9x__E1_G1K3P4,0.86882208628561,0.5,False
8waa__A1_P29401--8waa__B1_P29401,0.9623473839768032,0.5,True
6n2f__B1_Q94A94--6n2f__A1_Q94A94,0.8569577461070056,0.5,True
8b08__B1_P0A2K1--8b08__A1_P00929,0.8718894196393678,0.5,False
5ja2__A1_P11454--5ja2__B1_Q9I169,0.8590573435837354,0.5,False
4g3w__A1_O66591--4g3w__A2_O66591,0.8552825044141316,0.5,True
5cm2__A1_Q6C999--5cm2__B1_Q6C4P5,0.9185622735041052,0.5,False
6g70__B1_Q8K2Z2--6g70__A1_Q8K2Z2,0.7292983342893931,0.5,True
7xac__A1_P47929--7xac__B1_P47929,0.8548732333713107,0.5,True
2zz8__A1_O34094--2zz8__B1_O34094,0.6614794937333484,0.5,True
8b8h__A1_P9WQA9--8b8h__B1_P9WQA9,0.8960318741837853,0.5,True
7u2s__A1_A0A2W1NDJ7--7u2s__B1_A0A2W1NDJ7,0.9539764711150867,0.5,True
1d2g__A1_P13255--1d2g__B1_P13255,0.5288006105591652,0.5,True
1sc1__A1_P29466--1sc1__B1_P29466,0.3184371923431697,0.5,True
5amt__A1_A0Q7H2--5amt__A2_A0Q7H2,0.9428791881604648,0.5,True
7qfz__B1_B7L3Y3--7qfz__A1_B7L3Y3,0.6438057956241215,0.5,True
3hml__A1_A6T9H1--3hml__B1_A6T9H1,0.9504838356439254,0.5,True
1xk6__A1_P31572--1xk6__C1_P31572,0.8990910329217783,0.5,True
7r3s__A1_A0A4R2M5S2--7r3s__B1_A0A4R2M5S2,0.83372313976962,0.5,True
2grx__A1_P06971--2grx__C1_P02929,0.6470518658639542,0.5,False
7vsf__A1_P25440--7vsf__B1_P25440,0.4112058610480289,0.5,True
3q34__A1_Q48EL2--3q34__C1_Q48EL2,0.5477298951774767,0.5,True
4r2k__A1_Q8ZP84--4r2k__A2_Q8ZP84,0.9618892127600942,0.5,True
3cgw__A1_Q8PVT6--3cgw__A2_Q8PVT6,0.9798734586431441,0.5,True
7r2f__A1_P21836--7r2f__B1_P21836,0.9747063955089293,0.5,True
4g19__A1_I6ZUH3--4g19__B1_I6ZUH3,0.9875834353780562,0.5,True
3dg8__C1_P13922--3dg8__A1_P13922,0.331897046082046,0.5,True
6m10__A1_Q9HUW0--6m10__C1_Q9HUW0,0.9071663910524256,0.5,True
8tt2__B1_Q4K977--8tt2__A1_Q4K977,0.9517704523500664,0.5,True
1h31__A1_Q939U1--1h31__B1_Q939U4,0.8602087214319643,0.5,False
7p7i__B1_R8APY9--7p7i__A1_R8APY9,0.9561210921579545,0.5,True
3hzu__A1_P9WHF7--3hzu__A2_P9WHF7,0.9644203383676202,0.5,True
7xgs__A1_Q9FVC1--7xgs__A2_Q9FVC1,0.862415515104094,0.5,True
6iju__A1_Q9KJN4--6iju__A2_Q9KJN4,0.2639812764979846,0.5,True
4kqd__B1_P06626--4kqd__A1_P06626,0.8158854511807816,0.5,True
2fu3__B1_Q03555--2fu3__A1_Q03555,0.6670868649058368,0.5,True
1jgt__B1_P0DJQ7--1jgt__A1_P0DJQ7,0.9747400845332632,0.5,True
6l4b__A1_Q9UGV2--6l4b__C2_Q9UGV2,0.7738216316077519,0.5,True
3lzk__A1_Q92LT4--3lzk__B1_Q92LT4,0.957884764221941,0.5,True
1ht8__A1_P05979--1ht8__B1_P05979,0.8612487545040675,0.5,True
1z8h__A1_Q8YWS4--1z8h__B1_Q8YWS4,0.9524720282195914,0.5,True
8gk6__A1_W6USS8--8gk6__E1_W6USS8,0.8708709010919746,0.5,True
4mjf__A1_A6L2I4--4mjf__A2_A6L2I4,0.9521862447201814,0.5,True
7m4s__A1_Q8YLC3--7m4s__D1_Q8YLC3,0.8973317596777634,0.5,True
6fju__A1_E6N8B9--6fju__B1_E6N8B9,0.9562036514094882,0.5,True
6lgq__A1_P21865--6lgq__B1_P21866,0.7775880927543939,0.5,False
2y27__B1_B4E7B5--2y27__A1_B4E7B5,0.9877201479289236,0.5,True
2tdx__A1_P0DJL7--2tdx__A2_P0DJL7,0.954130890770799,0.5,True
8fj8__A1_P02638--8fj8__A2_P02638,0.9000028412319581,0.5,True
3uv0__B1_Q9W061--3uv0__A1_Q9W061,0.24893082156297222,0.5,True
8alo__B1_P24003--8alo__A1_P15795,0.7328853579623062,0.5,False
6xa0__A1_D1A230--6xa0__B1_D1A230,0.9671383085445109,0.5,True
1zbo__B1_Q7WAM7--1zbo__A1_Q7WAM7,0.7999279436779436,0.5,True
6xb5__A1_A0A7E5VPD6--6xb5__B1_A0A7E5VPD6,0.884211001630329,0.5,True
8duy__D1_A0A0H3GVN6--8duy__A1_A0A0H3GVN6,0.9801865225700633,0.5,True
7th5__A1_Q5SLG6--7th5__B1_Q5SLG6,0.7402925055566727,0.5,True
3t2l__A1_Q5LE95--3t2l__A2_Q5LE95,0.36396638540037524,0.5,True
3uet__A1_B7GNN8--3uet__B1_B7GNN8,0.9395120389367871,0.5,True
8fdb__B1_Q12KP2--8fdb__A1_Q12KP2,0.9356253260316856,0.5,True
6ok3__A1_C3X9N1--6ok3__B1_C3X9N1,0.7224779160302248,0.5,True
8hp3__A1_A0A2K0XCZ3--8hp3__B1_A0A2K0XCZ3,0.8923061765453753,0.5,True
7xkg__A1_A7NHS9--7xkg__B1_A7NHS9,0.8727481128108882,0.5,True
1l7e__A1_Q2RSB2--1l7e__B1_Q2RSB2,0.9521321318409488,0.5,True
8hn2__A1_Q9F722--8hn2__B1_Q9F722,0.9016901165548066,0.5,True
8gst__A1_Q1NEI7--8gst__B1_Q1NEI7,0.978539198402229,0.5,True
7cq3__A1_P38324--7cq3__B1_Q12098,0.7332643732294306,0.5,False
5htf__A1_Q8Y759--5htf__B1_Q8Y759,0.9575306251183903,0.5,True
6c90__A1_P42285--6c90__B1_Q6NZY4,0.7903944569090334,0.5,False
6e1j__A1_C5J4P1--6e1j__B1_C5J4P1,0.7760327768380321,0.5,True
3ccd__A1_P0AA04--3ccd__B1_P0AA04,0.5528759528759528,0.5,True
3dzl__B1_Q396C9--3dzl__A1_Q396C9,0.8725872576177287,0.5,True
2y1h__B1_Q17R31--2y1h__A1_Q17R31,0.8620779706507546,0.5,True
7lfs__A1_P00533--7lfs__E1_O14944,0.7344774052116224,0.5,False
6jiw__A1_A0A0H3JU78--6jiw__A2_A0A0H3JU78,0.8018538111413955,0.5,True
8ees__A1_A0A0H3GMB7--8ees__B1_A0A0H3GMB7,0.9932438706814177,0.5,True
4a5b__B1_Q27895--4a5b__A1_Q27895,0.847336124605555,0.5,True
3nb6__A1_O66874--3nb6__A2_O66874,0.5837072812185381,0.5,True
5f8c__A1_O53532--5f8c__A2_O53532,0.9440138303030507,0.5,True
8jt3__A1_H8Y6N2--8jt3__C1_H8Y6N2,0.9063506885160891,0.5,True
1ije__A1_P02994--1ije__B1_P32471,0.7895010140557299,0.5,False
6on4__A1_P0A8W0--6on4__B1_P0A8W0,0.8827860044524491,0.5,True
4zvc__A1_P0AA89--4zvc__B1_P0AA89,0.9586694297110653,0.5,True
4qoa__A1_A7VAB9--4qoa__A2_A7VAB9,0.44072393869348,0.5,True
6wmv__A1_U5WZP7--6wmv__B1_U5WZP7,0.8367895105708198,0.5,True
3e3c__A1_Q7DB61--3e3c__B1_Q7DB61,0.9479154400666272,0.5,True
6ekk__A1_Q8TEH3--6ekk__C1_Q15286,0.6155443917409995,0.5,False
8a9w__A1_P15751--8a9w__A2_P15751,0.9756892090711637,0.5,True
2gj9__A1_P25522--2gj9__B1_P25522,0.8720209258123173,0.5,True
3cm7__C1_P98170--3cm7__D1_P98170,0.9833046746599502,0.5,True
8f5v__A1_O53728--8f5v__B1_O53728,0.963682583748275,0.5,True
1ecj__A1_P0AG16--1ecj__B1_P0AG16,0.8886568186177334,0.5,True
3s5r__A1_Q2LS68--3s5r__B1_Q2LS68,0.9005114857888533,0.5,True
3im3__A1_P00514--3im3__A2_P00514,0.9585644470992898,0.5,True
4mcj__B1_A6L9R1--4mcj__A1_A6L9R1,0.9692700079595717,0.5,True
7vw1__B1_V5J1S8--7vw1__A1_V5J1S8,0.9367520451541458,0.5,True
3p12__A1_Q2G1A5--3p12__D1_Q2G1A5,0.9021363234532954,0.5,True
8aq0__A1_Q6DTN4--8aq0__B1_Q6DTN4,0.9540697696220868,0.5,True
3wpm__A1_G2IKE5--3wpm__B1_G2IKE5,0.8774364165737042,0.5,True
7xof__B1_Q0DFB6--7xof__A1_Q0DFB6,0.8897551223432012,0.5,True
8a8f__A1_P32598--8a8f__B1_P42073,0.7442297149698083,0.5,False
3qta__A1_Q5V4K4--3qta__B1_Q5V4K4,0.9795801472275454,0.5,True
8oqj__B1_P06959--8oqj__A1_P06959,0.7877803956154719,0.5,True
1tbp__A1_P13393--1tbp__B1_P13393,0.5212779746483343,0.5,True
7qfk__C1_Q5FLN0--7qfk__A1_Q5FLN0,0.9213853667548929,0.5,True
7r3o__B1_Q460N3--7r3o__A1_Q460N3,0.7144130105448734,0.5,True
1wli__A1_Q46604--1wli__B1_Q46604,0.9213344594594595,0.5,True
8b3e__A1_M4SY06--8b3e__A2_M4SY06,0.817430653248375,0.5,True
1d8i__A1_O13297--1d8i__A2_O13297,0.7122777122970294,0.5,True
8eh0__B1_P50909--8eh0__A1_P50909,0.9687276226131969,0.5,True
3seo__B1_Q87GE5--3seo__A1_Q87GE5,0.8532943680743174,0.5,True
3iey__B1_Q74MS9--3iey__A1_Q74MP4,0.9517734641945997,0.5,False
4yto__B1_Q15431--4yto__A1_Q15431,0.7975565941259543,0.5,True
6csm__A1_L1J207--6csm__B1_L1J207,0.9424307705441187,0.5,True
4ndt__A1_A7UNK4--4ndt__A2_A7UNK4,0.5145838602811896,0.5,True
8j3p__A1_B9WHT3--8j3p__A2_B9WHT3,0.9768395853501495,0.5,True
7pv7__B1_Q7MVV4--7pv7__A1_Q7MVV4,0.9004659231856639,0.5,True
7uj6__A1_Q8RMD9--7uj6__B1_Q8RMD9,0.9571601228035092,0.5,True
3k9i__A1_Q9KFK0--3k9i__A2_Q9KFK0,0.9451850380753088,0.5,True
7z1s__A1_A0A3Q7HTY9--7z1s__A2_A0A3Q7HTY9,0.8816022088412965,0.5,True
2e89__A1_O67728--2e89__B1_O67728,0.9577697591568975,0.5,True
2woz__A1_Q9ER30--2woz__A2_Q9ER30,0.6216221300816109,0.5,True
7xxs__A1_B2CKP3--7xxs__B1_B2CKP3,0.9313756111800335,0.5,True
8fir__A1_O83132--8fir__B1_O83132,0.9833000063210833,0.5,True
3i6s__A1_O82777--3i6s__B1_O82777,0.9726059330035884,0.5,True
7yhe__B1_A6YEH4--7yhe__A1_A6YEH4,0.8835880959813913,0.5,True
1ku2__A1_Q9EZJ8--1ku2__B1_Q9EZJ8,0.667004733473453,0.5,True
6qwo__B1_Q9S5W7--6qwo__A1_Q9S5W7,0.9643543076599778,0.5,True
1mxi__A1_P44868--1mxi__A2_P44868,0.9512654502648616,0.5,True
2vhl__A1_O34450--2vhl__A2_O34450,0.984112557703049,0.5,True
5wan__A1_P75898--5wan__A2_P75898,0.9690694887901007,0.5,True
4x7z__B1_Q49492--4x7z__A1_Q49492,0.9898003200907959,0.5,True
6a1k__A1_P71018--6a1k__B1_P71018,0.9472175750858892,0.5,True
7pjh__A1_Q9Y312--7pjh__B1_Q6P2Q9,0.8965737382147827,0.5,False
4joi__A1_Q9H668--4joi__C1_Q86WV5,0.9200578825806602,0.5,False
8axz__A1_P31153--8axz__A2_P31153,0.950860808589594,0.5,True
8ogi__B1_P11678--8ogi__A1_P11678,0.31698210695246093,0.5,True
8cxl__A1_A7KH32--8cxl__B1_A7KH32,0.906819001257305,0.5,True
7win__B1_Q9UIF8--7win__A1_Q9UIF8,0.49377492138854856,0.5,True
7b80__A1_G3I8R9--7b80__B1_Q9BVA6,0.6393335714152739,0.5,False
4bwv__A1_Q8L5D0--4bwv__B1_Q8L5D0,0.704113424011893,0.5,True
7drj__A1_P63756--7drj__B1_P63756,0.922463846187668,0.5,True
3qth__A1_Q47ZP9--3qth__B1_Q47ZP9,0.9531004039390977,0.4999836151527068,True
8b28__A1_F6GSX7--8b28__A2_F6GSX7,0.8434229293039759,0.5,True
6scx__A1_Q9BQG2--6scx__B1_Q9BQG2,0.7539376048600636,0.5,True
8hpc__A1_P60327--8hpc__H1_P60327,0.9684881993907264,0.5,True
5n76__A1_P72320--5n76__B1_P72320,0.9696012536575214,0.5,True
3cq3__A1_Q53W28--3cq3__A2_Q53W28,0.43111584910676853,0.5,True
3kbu__A1_P11277--3kbu__D1_P16157,0.7151103629425137,0.5,False
7pck__A1_P43235--7pck__C2_P43235,0.9704429718764152,0.5,True
5o4z__A1_Q9X1T1--5o4z__A2_Q9X1T1,0.9677264068213328,0.5,True
1vla__A1_Q9X021--1vla__B1_Q9X021,0.8698592393031137,0.5,True
5oed__A1_Q6EAT3--5oed__B1_Q13637,0.7988096029638238,0.5,False
7yva__A1_Q9URB4--7yva__B1_Q9URB4,0.9753457335729963,0.5,True
7s6n__B1_Q5RGJ8--7s6n__A1_Q5RGJ8,0.5600449753275731,0.5,True
4cz8__A1_Q9UZ55--4cz8__B1_Q9UZ55,0.9445645730661326,0.5,True
6ebn__A1_A0A4P1LYB6--6ebn__B1_A0A4P1LYB6,0.9343474199002219,0.5,True
3lf4__B1_D1MPT3--3lf4__A1_D1MPT3,0.32580064315928214,0.5,True
3ffe__B1_Q93AT8--3ffe__A1_Q93AT8,0.9042069211018983,0.5,True
7zg6__A1_A0A2J0RDY6--7zg6__B1_A0A2J0RDY6,0.9049007042350574,0.5,True
8f4q__A1_Q00972--8f4q__A2_Q00972,0.7800509954500447,0.5,True
4rz3__A1_A4IMB4--4rz3__B1_A4IMB4,0.8472921507340145,0.5,True
8f8k__A1_O53507--8f8k__A2_O53507,0.9690915474276414,0.49999191814699273,True
3zw5__A1_A6NK44--3zw5__B1_A6NK44,0.7447187992125984,0.5,True
6l3q__B1_G0SEI5--6l3q__A1_G0SEI5,0.9481343564137221,0.5,True
8ag8__A1_A0A1I5SVP7--8ag8__A2_A0A1I5SVP7,0.9177786709539121,0.5,True
2i2w__A1_P63224--2i2w__D1_P63224,0.968457145112547,0.5,True
2f22__B1_Q9RC77--2f22__A1_Q9RC77,0.9274270282944278,0.5,True
3tng__A1_Q8Y7B7--3tng__A2_Q8Y7B7,0.9827552340995305,0.5,True
8gr8__B1_P08679--8gr8__A1_P08679,0.9616930164601396,0.5,True
7ae8__A1_A0A0B0QJR1--7ae8__B1_A0A0B0QJR1,0.960356804447819,0.5,True
2w54__B1_O54051--2w54__A1_O54050,0.9196381032558203,0.5,False
4b0z__A1_P50524--4b0z__B1_P50524,0.944452281303602,0.5,True
2re7__A1_Q4FV99--2re7__A2_Q4FV99,0.8753496075236178,0.5,True
8h0t__A1_O34614--8h0t__A2_O34614,0.986430809811525,0.5,True
1te2__A1_P77247--1te2__B1_P77247,0.9850952342270729,0.5,True
7xt2__A1_Q6ZMU5--7xt2__B1_Q6ZMU5,0.8932650876452541,0.5,True
1ev7__A1_P50187--1ev7__B1_P50187,0.8898935852363832,0.5,True
1ogl__A1_O15923--1ogl__A2_O15923,0.9467986435707084,0.5,True
3lrt__B1_Q97CA5--3lrt__A1_Q97CA5,0.9744007497813993,0.5,True
3fou__A1_Q5SGZ9--3fou__B1_Q5SGZ9,0.8618039430806613,0.5,True
5jnq__A1_R0BTE9--5jnq__A2_R0BTE9,0.9227296673686579,0.5,True
4g12__A1_A5U5K3--4g12__B1_A5U5K3,0.9585371750731804,0.5,True
3evj__B1_P01008--3evj__A1_P01008,0.8044083830131789,0.5,True
2oq2__B1_P18408--2oq2__A1_P18408,0.9920504071311601,0.5,True
8he6__A1_Q8YSS0--8he6__B1_Q8YSS0,0.9522909618514556,0.5,True
2xij__A1_P22033--2xij__A2_P22033,0.9506488467811558,0.5,True
1nr5__A1_P07547--1nr5__A2_P07547,0.9595174490014191,0.5,True
1gmj__A1_P01096--1gmj__B1_P01096,0.9161808196028729,0.5,True
4yba__B1_Q93K36--4yba__A1_Q93K36,0.9774603733413803,0.5,True
8ok7__A1_M4T0B2--8ok7__D1_M4T0B2,0.9291375954079375,0.5,True
7f76__B1_A0A223KLJ1--7f76__A1_A0A223KLJ1,0.9084973646126037,0.5,True
7vp6__A1_Q9C9L2--7vp6__B1_Q9C9L2,0.6516682058253558,0.5,True
8jmq__A1_A9CQD5--8jmq__B1_A9CQD3,0.9054765800388114,0.5,False
7zgt__A1_W8R3D8--7zgt__B1_W8R3D8,0.9253445481212498,0.5,True
7xgt__B1_Q6H8B1--7xgt__A1_Q6H8B1,0.9869453435075707,0.5,True
3i2t__A1_P04412--3i2t__A2_P04412,0.7733753687232006,0.5,True
8tjk__A1_A0A0F7G196--8tjk__B1_A0A0F7G196,0.9597909943372586,0.5,True
7wt0__A1_Q04760--7wt0__B1_Q04760,0.8616057625798402,0.5,True
3if0__A1_Q74MS9--3if0__A2_Q74MS9,0.9838971766341711,0.5,True
3qrh__A1_Q8SSM8--3qrh__A2_Q8SSM8,0.965479423198852,0.5,True
8q70__A1_Q8U2C1--8q70__A2_Q8U2C1,0.955386275148306,0.5,True
7vso__A1_P02945--7vso__A2_P02945,0.9290420706198229,0.5,True
5f8b__A1_Q4WB03--5f8b__A2_Q4WB03,0.9624605962620193,0.5,True
8ax0__A1_A0A384E145--8ax0__B1_A0A384E145,0.9731814774867005,0.5,True
7r5y__E2_R7PD89--7r5y__A1_R7PD89,0.9643364790732454,0.5,True
7qow__B1_Q93P54--7qow__A1_Q93P54,0.9451844779582613,0.5,True
5il7__A1_Q8KC98--5il7__B1_Q8KC98,0.8021324709569727,0.5,True
3ct9__B1_Q8A1V9--3ct9__A1_Q8A1V9,0.9726679901428538,0.5,True
8pvm__A1_P29166--8pvm__B1_P29166,0.9085469299487354,0.5,True
8ct0__F1_S4S3E3--8ct0__A1_S4S3E3,0.91083389104989,0.5,True
3q2j__B1_P0A3Y5--3q2j__A1_P0A3Y5,0.6550998322675621,0.5,True
7xzp__B1_A0A379CIH2--7xzp__A1_A0A379CIH2,0.9782374020808677,0.5,True
3qvf__A1_Q56187--3qvf__A2_Q56187,0.9738056326936093,0.5,True
6gxs__A1_Q7NZ70--6gxs__D1_Q7NZ70,0.679969883972229,0.5,True
2hr8__A1_O58456--2hr8__B1_O58456,0.8814495800136679,0.5,True
2zyf__A1_O87198--2zyf__A2_O87198,0.8828354618695706,0.5,True
7s3v__A1_Q16719--7s3v__A2_Q16719,0.9798343798588837,0.5,True
6a29__A1_O32504--6a29__B1_O32504,0.7049891840583253,0.5,True
4ml6__C1_A6GV51--4ml6__A1_A6GV51,0.9338704673715312,0.5,True
4cht__A1_Q13472--4cht__B1_Q9H9A7,0.6955680789322788,0.5,False
1n4p__B1_P53610--1n4p__A1_Q04631,0.8735835964058574,0.5,False
1tec__A1_P04072--1tec__B1_P01051,0.9297592735372227,0.5,False
8p1h__A1_E7EX29--8p1h__B2_E7EX29,0.9067020196207546,0.5,True
6b9t__A1_A9A1T2--6b9t__B1_A9A1T2,0.8883080121535973,0.5,True
3g0k__A1_Q2G4A7--3g0k__A2_Q2G4A7,0.9164459284952128,0.5,True
8hy5__A1_P14920--8hy5__B1_P14920,0.8523260314184699,0.5,True
8fts__A1_R9UTR3--8fts__A2_R9UTR3,0.9628040109335535,0.5,True
1jrk__A1_Q8ZTD8--1jrk__B1_Q8ZTD8,0.9331058681939449,0.5,True
2ejn__A1_P30440--2ejn__B1_P30440,0.7466279382910783,0.5,True
8ju7__A1_Q9I2U4--8ju7__B1_Q9I2U4,0.9352416122373557,0.5,True
3nel__A1_Q52428--3nel__B1_Q52428,0.9701864856972677,0.5,True
2dc1__A1_O28440--2dc1__B1_O28440,0.9521111583572869,0.5,True
8fzk__B1_P52292--8fzk__A1_P52292,0.5153234138546184,0.5,True
3wnz__A1_P39641--3wnz__A2_P39641,0.9718973957015473,0.5,True
8e1u__A1_A0A160VN62--8e1u__F2_A0A160VN62,0.9542130954382042,0.5,True
1v7c__A1_P83823--1v7c__B1_P83823,0.9119147139917527,0.5,True
3egg__A1_P62136--3egg__C1_O35274,0.7253994624436054,0.5,False
4yke__B1_G0RYR3--4yke__A1_G0RYR3,0.8951855497606415,0.5,True
1tq9__A1_P00669--1tq9__B1_P00669,0.5981660681988539,0.5,True
4oh3__B1_Q05085--4oh3__A1_Q05085,0.9637789355842499,0.5,True
4q62__A1_Q5ZUB7--4q62__A2_Q5ZUB7,0.8312086865654205,0.5,True
2we5__A1_P0A2X7--2we5__B1_P0A2X7,0.9425035787521143,0.5,True
5t51__A1_Q6CLK3--5t51__B1_Q6CPD1,0.8868527163952,0.5,False
3i0z__A1_A0A0H2UN25--3i0z__B1_A0A0H2UN25,0.9023711637311439,0.5,True
8p6k__A1_A0A0H2UWN1--8p6k__B1_A0A0H2UWN1,0.9178401278537175,0.5,True
7z9z__A1_P02754--7z9z__A2_P02754,0.9246746955192187,0.5,True
6d0i__A1_A0A0C5XL88--6d0i__B1_A0A0C5XKJ0,0.869837837491767,0.5,False
3gs3__A1_Q8MSU4--3gs3__A2_Q8MSU4,0.18236251048407967,0.5,True
2f4m__A1_Q9JI78--2f4m__B1_P54728,0.8394615658330534,0.5,False
4yh8__A1_Q09176--4yh8__B1_P36629,0.832515076355997,0.5,False
1e44__B1_P00646--1e44__A1_P02984,0.7734134981390055,0.5,False
2yri__A1_Q5SLX0--2yri__B1_Q5SLX0,0.9750353252956477,0.5,True
1gcj__A1_P70168--1gcj__B1_P70168,0.6687506966367557,0.5,True
7qbp__A1_A4F7B2--7qbp__A2_A4F7B2,0.9621179639974946,0.5,True
4hdd__A1_P09391--4hdd__A2_P09391,0.5930974688389802,0.5,True
3e4q__A1_P13633--3e4q__B1_P13633,0.8148268293362935,0.5,True
8ein__B1_Q6FCQ4--8ein__A1_Q6FCQ4,0.9882439889740999,0.5,True
1zmb__A1_Q97LM8--1zmb__B1_Q97LM8,0.9382158379514376,0.5,True
6ygu__A1_G0RZ64--6ygu__B1_G0S1V1,0.6027704460469091,0.5,False
2yyh__A1_O67435--2yyh__B1_O67435,0.970142536067345,0.5,True
5wk0__A1_A0A2C9TMM3--5wk0__A2_A0A2C9TMM3,0.9186434700738868,0.4999788243266136,True
8h4j__A1_W8UQZ7--8h4j__D1_W8UQZ7,0.8641005811031218,0.5,True
1z83__A1_P00568--1z83__B1_P00568,0.9510351639629206,0.5,True
8h2c__A1_Q0P8U0--8h2c__B1_Q0P8U0,0.9546210051599258,0.5,True
2dkh__A1_Q6SSJ6--2dkh__A2_Q6SSJ6,0.9003384345210984,0.5,True
7c7e__A1_A0A0H3MRW3--7c7e__A2_A0A0H3MRW3,0.9860809171933854,0.5,True
3dpt__B1_Q8KC98--3dpt__A1_Q8KC98,0.9182337815913557,0.5,True
3fgw__A1_Q3TCN2--3fgw__A2_Q3TCN2,0.8982306551146801,0.5,True
7wh0__A1_Q9U2E4--7wh0__B2_Q9U2E4,0.9970282482130823,0.5,True
8dq3__A1_A0A142G3G1--8dq3__B1_A0A142G3G1,0.8245281215585568,0.5,True
6t2b__A1_B2UQL7--6t2b__C1_B2UQL7,0.9455104850752759,0.5,True
8jh0__B1_S2D3K4--8jh0__A1_S2D3K4,0.916077596867505,0.5,True
7t2s__A1_A0A494K842--7t2s__A2_A0A494K842,0.9502038253508377,0.5,True
3frw__B1_A5ZMD8--3frw__A1_A5ZMD8,0.8700671451130426,0.5,True
5ab5__A1_C9ZUV7--5ab5__B1_C9ZUV7,0.9762230428055731,0.5,True
5myd__C2_A0A2D0TC86--5myd__A1_A0A2D0TC86,0.9247250962521377,0.5,True
5cde__A1_Q8P839--5cde__B1_Q8P839,0.9493080177018277,0.5,True
6pi4__A1_A0R1Z9--6pi4__A2_A0R1Z9,0.315029807165886,0.5,True
3ipf__A1_Q251Q8--3ipf__B1_Q251Q8,0.5900179079916429,0.5,True
2p3y__A1_Q87I71--2p3y__B1_Q87I71,0.9510411115717627,0.5,True
5jbr__A1_C5C6I1--5jbr__B1_C5C6I1,0.903883316222703,0.5,True
8ttz__A1_G8E2R2--8ttz__B2_G8E2R2,0.9410049458899482,0.5,True
3vba__A1_Q58673--3vba__B1_Q58673,0.9740205267386196,0.5,True
4o6y__B1_Q9SWS1--4o6y__A1_Q9SWS1,0.8597560875844574,0.5,True
4e5r__A1_Q6IRB5--4e5r__A2_Q6IRB5,0.7758594696273572,0.5,True
7ywv__A1_Q0SBK1--7ywv__C1_Q0SBK1,0.9749666967661147,0.5,True
8eer__A1_P01116--8eer__A2_P01116,0.6757623729378437,0.5,True
3f84__B1_E3PPC4--3f84__A1_E3PPC4,0.3372754767511659,0.5,True
5mu7__A1_G0S6G7--5mu7__B1_G0S6I4,0.7940820514956259,0.5,False
8hfp__B1_Q96T68--8hfp__A1_Q8N8R7,0.5898286641871583,0.5,False
4rmn__B1_Q6NC13--4rmn__A2_Q6NC13,0.8832277999239418,0.5,True
3mx1__A1_Q46944--3mx1__A2_Q46944,0.9415086380152264,0.5,True
5gl5__A1_Q06321--5gl5__B1_Q06321,0.7787384771693707,0.5,True
8e77__A1_Q1QD54--8e77__A2_Q1QD54,0.9807121507818113,0.5,True
5gl4__A1_B6YTD8--5gl4__B1_B6YTD8,0.9866701198194853,0.5,True
7wf9__A1_Q3ZT31--7wf9__B1_Q3ZT31,0.29887448904859204,0.5,True
8fw0__B1_P39897--8fw0__A1_P39897,0.8893095634419695,0.5,True
8ou8__B1_P0A8M3--8ou8__A1_P0A8M3,0.9533581438363505,0.5,True
7acm__B1_P75811--7acm__A1_P75811,0.9203888192781867,0.5,True
4trb__A1_Q97W95--4trb__B1_Q97W95,0.9320198212067669,0.5,True
2ia9__B1_P28015--2ia9__A1_P28015,0.9082970033500068,0.5,True
3sy6__A1_Q5LE92--3sy6__B1_Q5LE92,0.9144870968703633,0.5,True
6xz3__A1_Q9H1K6--6xz3__A2_Q9H1K6,0.9855624775582617,0.5,True
2h8e__A1_P0AG74--2h8e__A2_P0AG74,0.7261575388798658,0.5,True
3gyx__A1_T2G6Z9--3gyx__B1_T2G899,0.7875512481783166,0.5,False
4e0u__A1_D1D8L6--4e0u__A2_D1D8L6,0.9938283911644946,0.5,True
6teu__A1_O60568--6teu__A2_O60568,0.9529085888716126,0.5,True
6xt5__B1_P49046--6xt5__A1_P49046,0.9499466707880815,0.5,True
8g1t__A1_Q07812--8g1t__B1_Q07812,0.22480945611843361,0.5,True
7xp7__B1_W9FXI8--7xp7__A1_W9FXI8,0.9307488431891737,0.5,True
8i55__A1_Q58380--8i55__B1_Q58380,0.9497170273587099,0.5,True
1h65__A1_Q41009--1h65__A2_Q41009,0.9214314450882214,0.5,True
3ol4__A1_A0QRC4--3ol4__B1_A0QRC4,0.23658242458697262,0.5,True
8idq__A1_A0A0B8MZ29--8idq__C1_A0A0B8MZ29,0.9097985610256615,0.5,True
3f6g__B1_Q8F3Q1--3f6g__A1_Q8F3Q1,0.8953916831365711,0.5,True
6akj__B1_G2TRN4--6akj__A1_G2TRN4,0.9323021773765268,0.5,True
3qhy__B1_O87916--3qhy__A1_Q93T42,0.8802007278393568,0.5,False
4j5p__B1_P97612--4j5p__A1_P97612,0.9372936250670283,0.5,True
4icq__A1_A0A0H2UN95--4icq__B1_A0A0H2UN95,0.9772355164015769,0.5,True
1klf__B1_P08191--1klf__A1_P31697,0.8777030802623071,0.5,False
6y4l__A1_Q15006--6y4l__B1_Q9Y3B6,0.8783787455920464,0.5,False
6dex__B1_Q74ZQ8--6dex__A1_Q75DL0,0.9305799193155735,0.5,False
2z02__A1_Q58987--2z02__B1_Q58987,0.9800946574554232,0.5,True
4l7w__A1_Q7Z4H3--4l7w__A2_Q7Z4H3,0.9438741309054041,0.5,True
6tct__A1_Q9KL67--6tct__B1_Q9KL67,0.8975752589498556,0.5,True
6sul__A1_A8FAR5--6sul__B1_A8FAR5,0.9733781599714655,0.5,True
4qqv__A1_P26954--4qqv__B1_P26954,0.43939075203000244,0.5,True
3l8d__A1_A0RD96--3l8d__A2_A0RD96,0.9393400581295948,0.5,True
7yqa__B1_A0A1C9ZZ39--7yqa__A1_A0A1C9ZZ39,0.7400332352791263,0.5,True
1b8m__B1_P34130--1b8m__A1_P23560,0.7694393779878499,0.5,False
1irq__B1_Q57468--1irq__A1_Q57468,0.8668836452400326,0.5,True
7xi6__A1_A5GXY1--7xi6__B1_A5GXY1,0.7970508158761171,0.5,True
7vrx__D1_A0A6J4AG16--7vrx__B1_A0A6J4AG16,0.8486769351018576,0.5,True
6iik__A1_P54578--6iik__B1_P54578,0.9889151729311786,0.5,True
3nau__A1_Q9Y6X8--3nau__B1_Q9Y6X8,0.14724394084554238,0.5,True
3cis__B1_P9WFD7--3cis__A1_P9WFD7,0.9308657899795069,0.5,True
4jzy__B1_O77059--4jzy__A1_O77059,0.9497549604271619,0.5,True
7yxg__A1_Q9VU77--7yxg__B1_Q9VU77,0.9757042856779091,0.5,True
5cio__A1_A0A1A9TAI5--5cio__B1_A0A1A9TAI5,0.9262938659265446,0.5,True
8jwj__A1_Q9DAG9--8jwj__B1_P62837,0.9080027431129304,0.5,False
6ia6__A1_A0A1C7D1B7--6ia6__A2_A0A1C7D1B7,0.6292760479134545,0.5,True
8h1g__A1_O67518--8h1g__A2_O67518,0.991908853810753,0.5,True
6x61__A1_Q79V60--6x61__B1_Q8DMT2,0.830640256935758,0.5,False
7x0d__A1_A5YW95--7x0d__B1_A5YW95,0.9652340898270115,0.5,True
1ghd__B1_O86089--1ghd__A1_O86089,0.36364775703905344,0.5,True
2x6f__A1_Q9W1M7--2x6f__B1_Q9W1M7,0.8868699607595446,0.5,True
8oik__A1_Q9UPU9--8oik__C1_Q9UPU9,0.7842157568499769,0.5,True
6nxl__A1_B4DV12--6nxl__E1_B4DV12,0.531976530086171,0.5,True
8wmy__A1_A0A4U7IGH6--8wmy__B2_A0A4U7IGH6,0.9245669614912293,0.5,True
3trf__A1_Q83AJ3--3trf__A2_Q83AJ3,0.6675018071405994,0.5,True
5h4s__A1_A0A090BWT0--5h4s__A2_A0A090BWT0,0.7193663160151524,0.5,True
2zvb__A1_Q53WA6--2zvb__A2_Q53WA6,0.9092893529159787,0.5,True
8wa7__A1_P27302--8wa7__B1_P27302,0.9807530302139507,0.5,True
3b0z__B1_P40727--3b0z__A1_P40727,0.38361428008932463,0.5,True
4usp__A1_B3GA02--4usp__B1_B3GA02,0.7811647728360003,0.5,True
7cms__A1_P00953--7cms__B1_P00953,0.9770085111176334,0.5,True
7t8q__A1_Q7S860--7t8q__D1_Q7S860,0.8423689043790131,0.5,True
6j9k__A1_A0A425B3G2--6j9k__A2_A0A425B3G2,0.849975757386177,0.5,True
7xp0__A1_Q9I5E1--7xp0__A2_Q9I5E1,0.8929009823524298,0.5,True
8ih4__A1_Q8WVV5--8ih4__B1_Q8WVV5,0.8312813871136581,0.5,True
1tfe__A1_P43895--1tfe__A2_P43895,0.9224996658760408,0.5,True
2a8f__A1_P15569--2a8f__B1_P15569,0.980054090601758,0.5,True
4iwq__A1_Q9UHD2--4iwq__A2_Q9UHD2,0.8284432473231778,0.5,True
5hs5__A1_Q2G0D1--5hs5__B1_Q2G0D1,0.9745876238518086,0.5,True
3v89__A1_Q9K0U9--3v89__B1_P02787,0.8156845263308017,0.5,False
8e3g__B1_P43026--8e3g__A1_P12643,0.883029407267166,0.5,False
2w8b__A1_P0A855--2w8b__H1_P0A912,0.6934291161956034,0.5,False
5f7p__B1_Q8YAF1--5f7p__A1_Q8YAF1,0.9720006097069552,0.5,True
8f71__B1_Q6N5G3--8f71__A1_Q6N5G3,0.9850659302513346,0.5,True
8hwi__B1_A0A327WNX5--8hwi__A1_A0A327WNX5,0.8139447478219619,0.5,True
7r3i__B1_P54292--7r3i__A1_P54292,0.8611128108818955,0.5,True
8afj__A1_A0A179QS89--8afj__B1_A0A179QS89,0.972292409887632,0.5,True
3pub__B1_E5EVW2--3pub__A1_E5EVW2,0.8180988516600247,0.5,True
8es5__A1_A0A0H2Z732--8es5__B1_A0A0H2Z732,0.9473549022069012,0.5,True
7txn__B1_Q8YVV6--7txn__A1_Q8YVV6,0.9753565358752678,0.5,True
3py6__A1_Q2YQ74--3py6__A2_Q2YQ74,0.9710586198847251,0.5,True
1hjr__A1_P0A814--1hjr__C1_P0A814,0.9035820745553806,0.5,True
8k3b__A1_A0A071KWR3--8k3b__A2_A0A071KWR3,0.8989718344689038,0.5,True
3w2z__A1_Q8YXY7--3w2z__A2_Q8YXY7,0.8935665945823087,0.5,True
8f78__A1_P55212--8f78__B1_P55212,0.8513292866389113,0.5,True
6wg4__A1_Q14683--6wg4__B1_Q9UQE7,0.8323262212358811,0.5,False
7zry__A1_O60341--7zry__B1_Q9UKL0,0.7547722167214859,0.5,False
1uix__A1_Q28021--1uix__B1_Q28021,0.9745738284236158,0.5,True
7vrc__A1_P38956--7vrc__B1_P22082,0.8466381352762442,0.5,False
1oz0__A1_P31335--1oz0__B1_P31335,0.9709200834867522,0.5,True
7eft__B1_P16926--7eft__A1_P16926,0.6621433831589391,0.5,True
8e2b__B1_Q2FYI5--8e2b__A1_Q2FYI5,0.7570773020983939,0.5,True
7jw6__A1_Q9VIF1--7jw6__A2_Q9VIF1,0.7944945137955316,0.5,True
1jkw__A1_P51946--1jkw__A2_P51946,0.8358707832742835,0.5,True
4pfp__B1_F1RQI7--4pfp__A1_F1RQI7,0.9129595706368944,0.5,True
8h1s__A1_Q9I5U2--8h1s__B1_Q9HX32,0.7423697142759169,0.5,False
7t0y__A1_P62136--7t0y__B1_Q14684,0.7200645152502179,0.5,False
1tz9__A1_Q82ZC9--1tz9__B1_Q82ZC9,0.9625447499706299,0.5,True
2wns__B1_P11172--2wns__A1_P11172,0.9295160810080811,0.5,True
6s8v__B1_P08195--6s8v__A1_P80188,0.5845291230587997,0.5,False
2gt4__A1_P32056--2gt4__B1_P32056,0.8334543124769586,0.5,True
3bof__A1_Q9WYA5--3bof__B1_Q9WYA5,0.998017992262982,0.5,True
6trj__A1_O75475--6trj__A2_O75475,0.17275648424255266,0.5,True
8h4z__A1_A0A2X5A3P4--8h4z__B1_A0A2X5A3P4,0.9936257779261966,0.5,True
2hre__A1_P22830--2hre__B1_P22830,0.776888906231032,0.5,True
5yjc__A1_Q5HK94--5yjc__B1_Q5HK94,0.8836448736989503,0.5,True
8d6k__A1_Q9L1K2--8d6k__B1_Q9L1K2,0.9504645444566411,0.5,True
2zew__B1_Q9ZA17--2zew__A1_Q9ZA17,0.20592710002741688,0.5,True
5wpi__A1_Q58PW8--5wpi__B1_Q58PW8,0.9704825578678353,0.5,True
8fk6__A1_A0A0C9S461--8fk6__B1_P80098,0.901057546353281,0.5,False
7tm7__A1_A0A0H3GYH4--7tm7__B1_A0A0H3GYH4,0.9818864920573002,0.5,True
7x4b__A1_A0A2D0TCG3--7x4b__B1_A0A2D0TCG3,0.9242895805142084,0.5,True
4aqp__B1_P54253--4aqp__A1_P54253,0.15799376655134634,0.5,True
3npi__A1_Q6NFU8--3npi__B1_Q6NFU8,0.8348471377126012,0.5,True
